molecule_chembl_id,parent_molecule_chembl_id,canonical_smiles,pref_name,pchembl_median,pchembl_n,pchembl_min,pchembl_max,standard_types,assay_types,bao_labels,evidence_level,assay_confidence_scores,assay_relationship_types,document_years,max_phase,mw,clogp,tpsa,hbd,hba,rotb,n_rings,n_arom_rings,fsp3,qed
CHEMBL5914058,CHEMBL5914058,CC#CCn1c(N2CCC[C@@H](N)C2)nc2c1c(=O)n(Cc1nccnc1C#N)c(=O)n2C,,10.1,1,10.1,10.1,IC50,B,single protein format,single_protein,9,D,2019,,433.47600000000017,-0.4425199999999978,140.65,1,8,4,4,3,0.42857142857142855,0.5460043944711738
CHEMBL4113723,CHEMBL4113723,CC#CCn1c(N2CCC[C@@H](N)C2)nc2c1c(=O)n(Cc1nc3cc(F)ccc3s1)c(=O)n2C,,10.1,3,8.85,10.3,IC50,B,single protein format,single_protein,8;9,D;H,2016;2023,,481.5570000000002,1.6445999999999998,103.97000000000003,1,7,4,5,4,0.391304347826087,0.4447232193600213
CHEMBL98869,CHEMBL98869,N[C@@H](CCNCc1ccc(Cl)cc1)C(=O)N1CCCCC1,,10.09,1,10.09,10.09,Ki,B,single protein format,single_protein,9,D,2006,,309.8410000000001,2.1594999999999995,58.36,2,3,6,2,1,0.5625,0.7917746437474849
CHEMBL5269668,CHEMBL5269668,CC#CCN1C(N2CCC[C@@H](N)C2)=NC2C1C(=O)N(Cc1cccnc1C#N)C(=O)N2Cc1cccnc1C#N,,10.05,1,10.05,10.05,IC50,B,single protein format,single_protein,9,D,2018,,536.6000000000003,0.9970600000000036,158.83999999999997,1,10,5,5,2,0.39285714285714285,0.5500880216434924
CHEMBL186877,CHEMBL186877,COc1cc(OC)cc(-c2nc(-c3ccc(Cl)cc3Cl)c(CN(C)C)c(N(C)C)n2)c1,,10.0,1,10.0,10.0,IC50,B,single protein format,single_protein,8,H,2004,,461.3930000000002,5.262200000000005,50.720000000000006,0,6,7,3,3,0.30434782608695654,0.47848192348498964
CHEMBL34062,CHEMBL34062,COc1cc(OC)cc(-c2nc(N)c(CN)c(-c3ccc(Cl)cc3Cl)n2)c1,,10.0,1,10.0,10.0,IC50,F,assay format,other,8,H,2004,,405.285,4.175500000000001,96.28,2,6,5,3,3,0.15789473684210525,0.6613897544741111
CHEMBL4448186,CHEMBL4448186,CC#CCn1c(N2CCC[C@@H](N)C2)nc2c1c(=O)n(Cc1ccc(Cl)cc1C(=O)O)c(=O)n2C,,10.0,1,10.0,10.0,IC50,B,cell-based format,cell_based,9,D,2019,,484.9440000000002,1.2474000000000005,128.38000000000002,2,6,5,4,3,0.391304347826087,0.521263413948538
CHEMBL3806052,CHEMBL3806052,N[C@H]1C[C@@H](N2Cc3nn4nccnc4c3C2)CO[C@@H]1c1cc(F)ccc1F,,9.92,1,9.92,9.92,IC50,B,single protein format,single_protein,9,D,2016,,372.379,1.5756,81.57000000000001,1,6,2,5,3,0.3888888888888889,0.7355694449176319
CHEMBL4111229,CHEMBL4111229,CC#CCn1c(N2CCC[C@@H](N)C2)nc2c1c(=O)n(Cc1nc3ccccc3s1)c(=O)n2C,,9.91,2,9.82,10.0,IC50,B,single protein format,single_protein,8,H,2016,,463.5670000000002,1.5054999999999996,103.97000000000003,1,7,4,5,4,0.391304347826087,0.46026917399519357
CHEMBL194717,CHEMBL194717,N#Cc1ccc(N[C@@H]2CN[C@H](C(=O)N3CCC[C@H]3C#N)C2)cc1Cl,,9.89,1,9.89,9.89,IC50,B,single protein format,single_protein,9,D,2005,,343.818,1.868659999999999,91.94999999999999,2,5,3,3,1,0.47058823529411764,0.8736878198499509
CHEMBL370046,CHEMBL370046,N#Cc1ccc(N[C@@H]2CN[C@H](C(=O)N3CCC[C@H]3C#N)C2)cc1C#N,,9.89,1,9.89,9.89,IC50,B,single protein format,single_protein,9,D,2005,,334.38300000000004,1.0869399999999991,115.73999999999998,2,6,3,3,1,0.4444444444444444,0.8545205180467034
CHEMBL456420,CHEMBL456420,N#Cc1ccc(N[C@@H]2CNC(C(=O)N3CCC[C@H]3C#N)C2)cc1C#N,,9.89,1,9.89,9.89,IC50,B,single protein format,single_protein,9,D,2009,,334.38300000000004,1.0869399999999991,115.73999999999998,2,6,3,3,1,0.4444444444444444,0.8545205180467034
CHEMBL5220657,CHEMBL5220657,C=COC(=O)[C@@H]1CCCN1C(=O)[C@@H](N)CCCCN,,9.89,1,9.89,9.89,IC50,B,single protein format,single_protein,9,D,2022,,269.3449999999999,0.12040000000000128,98.64999999999999,2,5,7,1,0,0.6923076923076923,0.38841182995526236
CHEMBL5220613,CHEMBL5220613,CCOC(=O)/C=C/OC(=O)[C@@H]1CCCN1C(=O)[C@H](CCCCNC(=O)OC(C)(C)C)NC(=O)OC(C)(C)C,,9.85,1,9.85,9.85,IC50,B,single protein format,single_protein,9,D,2022,,541.6420000000003,3.1856999999999998,149.57,2,9,11,1,0,0.7307692307692307,0.13214867549269574
CHEMBL3805966,CHEMBL3805966,Cc1cc2ncc3c(n2n1)CN([C@H]1CC[C@H](c2cc(F)c(F)cc2F)[C@@H](N)C1)C3,,9.85,1,9.85,9.85,IC50,B,single protein format,single_protein,9,D,2016,,401.43600000000015,3.4342200000000016,59.45,1,4,2,5,3,0.42857142857142855,0.6687032125942505
CHEMBL445437,CHEMBL445437,N#Cc1ccc(N[C@@H]2CNC(C(=O)N3CCC[C@H]3C#N)C2)cc1Cl,,9.82,1,9.82,9.82,IC50,B,single protein format,single_protein,9,D,2009,,343.818,1.868659999999999,91.94999999999999,2,5,3,3,1,0.47058823529411764,0.8736878198499509
CHEMBL5220594,CHEMBL5220594,C=COC(=O)[C@@H]1CCCN1C(=O)[C@H](CCCCNC(=O)OC(C)(C)C)NC(=O)OC(C)(C)C,,9.8,1,9.8,9.8,IC50,B,single protein format,single_protein,9,D,2022,,469.57900000000024,3.2524000000000006,123.27000000000002,2,7,9,1,0,0.7391304347826086,0.2298891587585177
CHEMBL3644459,CHEMBL3644459,NC(=O)c1[nH]nc2c1CN([C@H]1CSC(c3cc(F)ccc3F)[C@@H](N)C1)C2,,9.77,1,9.77,9.77,IC50,B,assay format,other,9,D,2014,,379.43600000000015,1.6764999999999999,101.03,3,5,3,4,2,0.4117647058823529,0.7532279504057805
CHEMBL370540,CHEMBL370540,N#C[C@@H]1CCCN1C(=O)[C@@H]1C[C@H](Nc2ccc([N+](=O)[O-])cc2)CN1,,9.74,1,9.74,9.74,IC50,B,single protein format,single_protein,9,D,2005,,329.3600000000001,1.2517799999999994,111.30000000000001,2,6,4,3,1,0.5,0.6350797880810233
CHEMBL1203953,CHEMBL401140,N[C@@H](CC(=O)N1CCn2c(nnc2C(F)(F)F)[C@H]1Cc1ccc(F)cc1)Cc1cc(F)c(F)cc1F,,9.74,1,9.74,9.74,IC50,B,single protein format,single_protein,8,H,2008,,515.4330000000002,3.9394000000000027,77.04,1,4,6,4,3,0.34782608695652173,0.3987987552471809
CHEMBL4465482,CHEMBL4465482,CC#CCn1c(N2CCC[C@@H](N)C2)nc2c1c(=O)n(Cc1cc(Cl)ccc1C(=O)O)c(=O)n2C,,9.74,1,9.74,9.74,IC50,B,cell-based format,cell_based,9,D,2019,,484.9440000000002,1.2474000000000005,128.38000000000002,2,6,5,4,3,0.391304347826087,0.521263413948538
CHEMBL5951803,CHEMBL5951803,N#Cc1cccc(NC(=O)CN2CCn3c(nnc3C(F)(F)F)C2)c1,,9.74,1,9.74,9.74,IC50,B,assay format,other,9,D,2021,,350.304,1.62288,86.84,1,5,3,3,2,0.3333333333333333,0.9090414110159862
CHEMBL371143,CHEMBL371143,N#Cc1ccc(N[C@@H]2CN[C@H](C(=O)N3CCC[C@H]3C#N)C2)cc1,,9.72,1,9.72,9.72,IC50,B,single protein format,single_protein,9,D,2005,,309.373,1.2152599999999991,91.94999999999999,2,5,3,3,1,0.47058823529411764,0.8755096126794435
CHEMBL34842,CHEMBL34842,NCc1c(N)nc(-c2ccc(F)cc2)nc1-c1ccc(Cl)cc1Cl,,9.7,1,9.7,9.7,IC50,F,assay format,other,8,H,2004,,363.22300000000007,4.297400000000001,77.82000000000001,2,4,3,3,3,0.058823529411764705,0.7274763747870578
CHEMBL36666,CHEMBL36666,NCc1c(N)nc(-c2cccc(F)c2)nc1-c1ccc(Cl)cc1Cl,,9.7,1,9.7,9.7,IC50,F,assay format,other,8,H,2004,,363.22300000000007,4.297400000000001,77.82000000000001,2,4,3,3,3,0.058823529411764705,0.7274763747870578
CHEMBL1215018,CHEMBL1215018,Cc1nc2nc(C(=O)N3CC[C@H](NS(C)(=O)=O)C3)cn2c(-c2ccc(Cl)cc2Cl)c1CN,,9.7,1,9.7,9.7,Ki,B,single protein format,single_protein,9,D,2010,,497.4080000000003,2.2339200000000003,122.68999999999998,2,6,5,4,3,0.35,0.5576400578223863
CHEMBL2147704,CHEMBL2147704,O=C([C@@H]1C[C@H](N2CCN(c3nnnn3-c3ccccc3)CC2)CN1)N1CCSC1,,9.7,1,9.7,9.7,IC50,B,single protein format,single_protein,9,D,2012,,414.5390000000003,0.04770000000000185,82.42,1,8,4,5,2,0.5789473684210527,0.7515752146980458
CHEMBL4109453,CHEMBL4109453,CC#CCn1c(N2CCC[C@@H](N)C2)nc2c1c(=O)n(Cc1nc3cc(Cl)ccc3s1)c(=O)n2C,,9.7,1,9.7,9.7,IC50,B,single protein format,single_protein,8,H,2016,,498.01200000000017,2.158900000000001,103.97000000000003,1,7,4,5,4,0.391304347826087,0.43320973910996
CHEMBL6057823,CHEMBL6057823,CC#CCn1c(N2CCC[C@@H](N)C2)nc2c1c(=O)n(Cc1cccc(F)c1C#N)c(=O)n2C,,9.68,1,9.68,9.68,IC50,B,single protein format,single_protein,9,D,2019,,449.4900000000002,0.9065799999999997,114.87,1,6,4,4,3,0.391304347826087,0.5922931968465183
CHEMBL5870057,CHEMBL5870057,C[C@H](NC(=O)c1cccc(Cl)c1)C(=O)N1CCn2c(nnc2C(F)(F)F)C1,,9.68,1,9.68,9.68,IC50,B,assay format,other,9,D,2021,,401.776,2.111,80.12,1,4,3,3,2,0.375,0.853895520499953
CHEMBL4461587,CHEMBL4461587,CC#CCn1c(N2CCC[C@@H](N)C2)nc2c1c(=O)n(Cc1ccc(Br)cc1C(=O)O)c(=O)n2C,,9.66,1,9.66,9.66,IC50,B,cell-based format,cell_based,9,D,2019,,529.3950000000001,1.3565,128.38000000000002,2,6,5,4,3,0.391304347826087,0.47796113315938293
CHEMBL5434074,CHEMBL5434074,N#Cc1ccc(F)cc1Cn1c(N2CCC[C@@H](N)C2)nc2cc(-c3cccnc3)sc2c1=O,,9.66,1,9.66,9.66,IC50,B,single protein format,single_protein,9,D,2023,,460.5380000000002,3.5065800000000014,100.83000000000001,1,7,4,5,4,0.25,0.5002370608987348
CHEMBL3805629,CHEMBL3805629,Cc1nc2ncc3c(n2n1)CN([C@H]1CC[C@H](c2cc(F)c(F)cc2F)[C@@H](N)C1)C3,,9.64,1,9.64,9.64,IC50,B,single protein format,single_protein,9,D,2016,,402.4240000000001,2.8292200000000003,72.34,1,5,2,5,3,0.45,0.6677095426594094
CHEMBL3806041,CHEMBL3806041,N[C@H]1C[C@@H](N2Cc3cnc4nnc(C5CC5)n4c3C2)CC[C@@H]1c1cc(F)c(F)cc1F,,9.62,1,9.62,9.62,IC50,B,single protein format,single_protein,9,D,2016,,428.46200000000016,3.398200000000001,72.34,1,5,3,6,3,0.5,0.6477385992929032
CHEMBL195420,CHEMBL195420,N#Cc1ccc(N[C@@H]2CN[C@H](C(=O)N3CCC[C@H]3C#N)C2)nc1,,9.6,1,9.6,9.6,IC50,B,single protein format,single_protein,9,D,2005,,310.361,0.6102599999999991,104.83999999999999,2,6,3,3,1,0.5,0.8472880261747452
CHEMBL1910126,CHEMBL1910126,Cc1nc2c(c(-c3ccc(Cl)cc3Cl)c1CN)CN(CC(=O)NCc1cccnc1)C2=O,,9.59,1,9.59,9.59,Ki,B,single protein format,single_protein,8,H,2011,,470.36000000000024,3.489720000000003,101.21000000000001,2,5,6,4,3,0.21739130434782608,0.5746175475869509
CHEMBL5219939,CHEMBL5219939,CC(C)(C)OC(=O)NCC(=O)N1CCC[C@H]1C(=O)O/C=C/c1ccccc1,,9.59,1,9.59,9.59,IC50,B,single protein format,single_protein,9,D,2022,,374.437,2.7162000000000006,84.94000000000001,1,5,5,2,1,0.45,0.6326900420284007
CHEMBL2147703,CHEMBL2147703,O=C([C@@H]1C[C@H](N2CCN(c3nccn3-c3ccccc3)CC2)CN1)N1CCSC1,,9.59,1,9.59,9.59,IC50,B,single protein format,single_protein,9,D,2012,,412.56300000000033,1.2576999999999996,56.64000000000001,1,6,4,5,2,0.5238095238095238,0.8160681460388157
CHEMBL1910117,CHEMBL1910117,Cc1nc2c(c(-c3ccc(Cl)cc3Cl)c1CN)CN(CC(=O)N(C)C)C2=O,,9.57,1,9.57,9.57,Ki,B,single protein format,single_protein,8,H,2011,,407.3010000000002,2.8665200000000013,79.53,1,4,4,3,2,0.3157894736842105,0.8455714859080379
CHEMBL5220750,CHEMBL5220750,NCCCC[C@H](N)C(=O)N1CCC[C@H]1C(=O)O/C=C/c1ccccc1,,9.57,1,9.57,9.57,IC50,B,single protein format,single_protein,9,D,2022,,345.443,1.6478000000000013,98.64999999999999,2,5,8,2,1,0.47368421052631576,0.4239402092251625
CHEMBL5219451,CHEMBL5219451,NCC(=O)N1CCC[C@H]1C(=O)O/C=C/c1ccccc1,,9.55,1,9.55,9.55,IC50,B,single protein format,single_protein,9,D,2022,,274.32,1.1501999999999997,72.63000000000001,1,4,4,2,1,0.3333333333333333,0.6600763463936776
CHEMBL5219299,CHEMBL5219299,C=COC(=O)[C@@H]1CCCN1C(=O)CN,,9.55,1,9.55,9.55,IC50,B,single protein format,single_protein,9,D,2022,,198.22199999999995,-0.3771999999999997,72.63,1,4,3,1,0,0.5555555555555556,0.49545372629404394
CHEMBL433811,CHEMBL433811,COc1ccc(N[C@@H]2CN[C@H](C(=O)N3CCC[C@H]3C#N)C2)cc1OC,,9.55,1,9.55,9.55,IC50,B,single protein format,single_protein,9,D,2005,,344.4150000000001,1.3607799999999999,86.62,2,6,5,3,1,0.5555555555555556,0.8387223565859494
CHEMBL1910119,CHEMBL1910119,Cc1nc2c(c(-c3ccc(Cl)cc3Cl)c1CN)CN(CC(=O)N1CCC(C(N)=O)CC1)C2=O,,9.54,1,9.54,9.54,Ki,B,single protein format,single_protein,8,H,2011,,490.3910000000004,2.502220000000001,122.62,2,5,5,4,2,0.391304347826087,0.6670670164370633
CHEMBL217702,CHEMBL217702,N[C@@H](CC(=O)N1CCCNC(=O)[C@H]1Cc1cnccn1)Cc1cc(F)c(F)cc1F,,9.54,1,9.54,9.54,IC50,B,single protein format,single_protein,9,D,2007,,421.4230000000001,1.1136000000000001,101.21000000000001,2,5,6,3,2,0.4,0.6809561948201295
CHEMBL366290,CHEMBL1184747,CC(C)[C@H](Oc1ccc(CNC(=O)[C@@H]2CSCN2C(=O)CC(N)Cc2cc(F)ccc2F)cc1)C(=O)O,,9.52,1,9.52,9.52,IC50,B,single protein format,single_protein,9,D,2004,,535.6130000000003,2.9306,121.96,3,6,11,3,2,0.4230769230769231,0.40449678587149657
CHEMBL1215088,CHEMBL1215088,Cc1nc2nc(C(=O)N(C)CCS(C)(=O)=O)cn2c(-c2ccc(Cl)cc2Cl)c1CN,,9.52,1,9.52,9.52,Ki,B,single protein format,single_protein,9,D,2010,,470.38200000000023,2.5868200000000003,110.66,1,6,6,3,3,0.3157894736842105,0.59312150236443
CHEMBL1910123,CHEMBL1910123,Cc1nc2c(c(-c3ccc(Cl)cc3Cl)c1CN)CN(CC(=O)N1CCCC1)C2=O,,9.52,1,9.52,9.52,Ki,B,single protein format,single_protein,8,H,2011,,433.33900000000034,3.4007200000000024,79.53,1,4,4,4,2,0.38095238095238093,0.8018644419384423
CHEMBL305170,CHEMBL305170,CC(C)[C@@H](N)C(=O)N1CCC[C@H]1B(O)O,,9.52,1,9.52,9.52,IC50,B,single protein format,single_protein,9,D,2005,,214.07399999999998,-1.0272999999999988,86.79,3,4,3,1,0,0.8888888888888888,0.5241766151109037
CHEMBL5267798,CHEMBL5267798,CC(C)[C@H](Nc1ccc(CNC(=O)[C@@H]2CSCN2C(=O)C[C@H](N)Cc2cc(F)ccc2F)cc1)C(=O)O,,9.52,1,9.52,9.52,IC50,B,single protein format,single_protein,9,D,2022,,534.6290000000002,2.963700000000001,124.76,4,6,11,3,2,0.4230769230769231,0.34939915446350384
CHEMBL195189,CHEMBL195189,CC(C)[C@H](N)C(=O)N1CCC[C@@H]1B(O)O,,9.52,1,9.52,9.52,IC50,B,single protein format,single_protein,9,D,2005,,214.07399999999998,-1.0272999999999988,86.79,3,4,3,1,0,0.8888888888888888,0.5241766151109037
CHEMBL3736137,CHEMBL3736137,N[C@H]1C[C@@H](N2Cc3[nH]nc(NS(=O)(=O)c4c[nH]cn4)c3C2)CO[C@@H]1c1cc(F)ccc1F,,9.52,1,9.52,9.52,IC50,B,cell-based format,cell_based,9,D,2015,,465.4860000000002,1.3848999999999998,142.01999999999995,4,7,5,5,3,0.3684210526315789,0.4459766099411511
CHEMBL2063040,CHEMBL2063040,N=C(N)NCCC[C@H](N)C(=O)N1C[C@@H](O)C[C@H]1B(O)O,,9.52,1,9.52,9.52,IC50,B,cell-based format,cell_based,9,D,2012,,287.129,-3.4492299999999974,168.92,7,6,6,1,0,0.8,0.11520487712395662
CHEMBL2147712,CHEMBL2147712,Cc1cc(N2CCN([C@@H]3CN[C@H](C(=O)N4CCSC4)C3)CC2)n(-c2cccc(F)c2)n1,,9.52,1,9.52,9.52,IC50,B,single protein format,single_protein,9,D,2012,,444.5800000000002,1.70522,56.64,1,6,4,5,2,0.5454545454545454,0.775004041770359
CHEMBL2441846,CHEMBL2441846,CCN(CC)C(=O)CN1Cc2nc(C)c(CN)c(-c3ccc(Cl)cc3Cl)c2C1=O,,9.52,1,9.52,9.52,Ki,B,single protein format,single_protein,9,D,2013,,435.35500000000013,3.646720000000002,79.53,1,4,6,3,2,0.38095238095238093,0.7515343628152762
CHEMBL1910124,CHEMBL1910124,Cc1nc2c(c(-c3ccc(Cl)cc3Cl)c1CN)CN(CC(=O)N1CCOCC1)C2=O,,9.51,1,9.51,9.51,Ki,B,single protein format,single_protein,8,H,2011,,449.33800000000036,2.6371200000000012,88.75999999999999,1,5,4,4,2,0.38095238095238093,0.7756317955763361
CHEMBL2147709,CHEMBL2147709,O=C([C@@H]1C[C@H](N2CCN(c3cc(C(F)(F)F)nn3-c3ccccc3)CC2)CN1)N1CCSC1,,9.49,1,9.49,9.49,IC50,B,single protein format,single_protein,9,D,2012,,480.5600000000003,2.2765000000000004,56.64000000000001,1,6,4,5,2,0.5454545454545454,0.7249662856656378
CHEMBL195063,CHEMBL195063,COc1ccc(N[C@@H]2CN[C@H](C(=O)N3CCC[C@H]3C#N)C2)cc1,,9.48,1,9.48,9.48,IC50,B,single protein format,single_protein,9,D,2005,,314.389,1.3521799999999997,77.39,2,5,4,3,1,0.5294117647058824,0.8771052974747064
CHEMBL1651766,CHEMBL1651766,N#Cc1ccccc1Cn1c(N2CCC[C@@H](N)C2)nc2ccsc2c1=O,,9.48,1,9.48,9.48,IC50,B,single protein format,single_protein,8,H,2011,,365.46200000000005,2.30548,87.94,1,6,3,4,3,0.3157894736842105,0.7693846423902152
CHEMBL1819089,CHEMBL1852088,Cn1c(=O)c2c(cc(N3CCC[C@@H](N)C3)n2Cc2cc(F)ccc2C#N)n(C)c1=O,,9.47,1,9.47,9.47,IC50,B,single protein format,single_protein,9,D,2011,,410.4530000000001,1.0252799999999995,101.97999999999999,1,5,3,4,3,0.38095238095238093,0.6948041623212691
CHEMBL1910116,CHEMBL1910116,CNC(=O)CN1Cc2c(nc(C)c(CN)c2-c2ccc(Cl)cc2Cl)C1=O,,9.43,1,9.43,9.43,Ki,B,single protein format,single_protein,8,H,2011,,393.27400000000006,2.5243200000000012,88.32,2,4,4,3,2,0.2777777777777778,0.8357847487094694
CHEMBL2058971,CHEMBL2058971,O=C([C@@H]1C[C@H](N2CCN(c3cc(C(F)(F)F)nc4ccccc34)CC2)CN1)N1CCSC1,,9.43,1,9.43,9.43,IC50,B,single protein format,single_protein,9,D,2012,,465.5450000000003,2.6390000000000002,51.71000000000001,1,6,3,5,2,0.5454545454545454,0.7524745156787938
CHEMBL5219532,CHEMBL5219532,CC(C)=CCC/C(C)=C/OC(=O)[C@@H]1CCCN1C(=O)[C@H](CCCCNC(=O)OC(C)(C)C)NC(=O)OC(C)(C)C,,9.43,1,9.43,9.43,IC50,B,single protein format,single_protein,9,D,2022,,565.7520000000003,5.759100000000005,123.27000000000002,2,7,12,1,0,0.7333333333333333,0.10138074736808961
CHEMBL4068446,CHEMBL4117331,Cc1ccc(-c2c(CN)c(CC(C)C)nc3ccc(-c4nc(C(=O)O)cs4)cc23)cc1,,9.42,1,9.42,9.42,IC50,B,assay format,other,9,D,2017,,431.56100000000015,5.689120000000005,89.10000000000001,2,5,6,4,4,0.24,0.40933832905085193
CHEMBL564249,CHEMBL564249,CS(=O)(=O)c1cccc(C(=O)NC[C@@H]2CCCN2C(=O)C[C@H](N)Cc2cccc(Cl)c2)c1,,9.42,1,9.42,9.42,IC50,B,single protein format,single_protein,8,H,2009,,478.01400000000024,2.424400000000001,109.57000000000001,2,5,8,3,2,0.391304347826087,0.6063876800231611
CHEMBL2058762,CHEMBL2058762,N#Cc1ccc2[nH]c(N3CCN([C@@H]4CN[C@H](C(=O)N5CCSC5)C4)CC3)nc2c1,,9.41,1,9.41,9.41,IC50,B,single protein format,single_protein,9,D,2012,,411.53500000000025,0.8199799999999999,91.28999999999999,2,7,3,5,2,0.55,0.7726523820551661
CHEMBL2441953,CHEMBL2441953,CCCN(C)C(=O)CN1Cc2nc(C)c(CN)c(-c3ccc(Cl)cc3Cl)c2C1=O,,9.4,1,9.4,9.4,Ki,B,single protein format,single_protein,9,D,2013,,435.35500000000013,3.646720000000002,79.53,1,4,6,3,2,0.38095238095238093,0.7515343628152762
CHEMBL2441954,CHEMBL2441954,Cc1nc2c(c(-c3ccc(Cl)cc3Cl)c1CN)C(=O)N(CC(=O)N1CCCC1)C2,,9.4,1,9.4,9.4,Ki,B,single protein format,single_protein,9,D,2013,,433.33900000000034,3.4007200000000024,79.52999999999999,1,4,4,4,2,0.38095238095238093,0.8018644419384423
CHEMBL3697942,CHEMBL3697942,C[C@H](F)CN1C[C@H](N2Cc3cn(S(C)(=O)=O)nc3C2)C[C@H](N)C1c1cc(F)ccc1F,,9.4,1,9.4,9.4,IC50,B,assay format,other,9,D,2014,,457.5220000000002,1.7855000000000008,84.46,1,6,5,4,2,0.55,0.7371281704585843
CHEMBL2441841,CHEMBL2441841,Cc1nc2c(c(-c3ccc(Cl)cc3Cl)c1CN)C(=O)N(C[C@@H]1CCCN1S(=O)(=O)C1CC1)C2,,9.4,1,9.4,9.4,Ki,B,single protein format,single_protein,9,D,2013,,509.4590000000004,3.7349200000000033,96.6,1,5,6,5,2,0.4782608695652174,0.6403382135870105
CHEMBL3735843,CHEMBL3735843,N[C@H]1C[C@@H](N2Cc3[nH]nc(S(=O)(=O)c4ccccc4)c3C2)CO[C@@H]1c1cc(F)ccc1F,,9.4,1,9.4,9.4,IC50,B,cell-based format,cell_based,9,D,2015,,460.5060000000002,2.6938000000000004,101.30999999999999,2,6,4,5,3,0.3181818181818182,0.6209598059042085
CHEMBL3675618,CHEMBL3675618,CC#CCn1c(N2CCC[C@@H](N)C2)nc2c1C(=O)N(Cc1nc(C)c3ccccc3n1)C1=NCCN12,,9.4,2,9.38,9.42,IC50,B,single protein format,single_protein,9,D,2014;2016,,483.58000000000027,1.9175199999999994,108.77,1,8,4,6,3,0.4230769230769231,0.5648983853562718
CHEMBL1910125,CHEMBL1910125,Cc1nc2c(c(-c3ccc(Cl)cc3Cl)c1CN)CN(CC(=O)Nc1ccnn1C)C2=O,,9.4,1,9.4,9.4,Ki,B,single protein format,single_protein,8,H,2011,,459.3370000000002,3.150520000000001,106.13999999999999,2,5,5,4,3,0.23809523809523808,0.6099787531418137
CHEMBL2425893,CHEMBL2425893,CC#CCn1c(N2CCC[C@@H](N)C2)cc(=O)n(Cc2ccc3ccc(Cl)cc3n2)c1=O,,9.4,1,9.4,9.4,IC50,B,single protein format,single_protein,9,D,2013,,437.9310000000001,2.210699999999999,86.15,1,5,4,4,3,0.34782608695652173,0.6322720147719866
CHEMBL93208,CHEMBL93208,CCC(C)[C@H](N)C(=O)N1CSC[C@H]1C#N,,9.39,1,9.39,9.39,Ki,B,single protein format,single_protein,9,D,1996,,227.33299999999997,0.7848800000000001,70.12,1,4,3,1,0,0.8,0.773381463670259
CHEMBL2058758,CHEMBL2058758,N#Cc1ccc2sc(N3CCN([C@@H]4CN[C@H](C(=O)N5CCSC5)C4)CC3)nc2c1,,9.38,1,9.38,9.38,IC50,B,single protein format,single_protein,9,D,2012,,428.5870000000003,1.5533799999999998,75.5,1,8,3,5,2,0.55,0.7949992298476166
CHEMBL1910118,CHEMBL1910118,CCN(CC)C(=O)CN1Cc2c(nc(C)c(CN)c2-c2ccc(Cl)cc2Cl)C1=O,,9.37,1,9.37,9.37,Ki,B,single protein format,single_protein,8,H,2011,,435.3550000000001,3.646720000000002,79.53,1,4,6,3,2,0.38095238095238093,0.7515343628152762
CHEMBL4588692,CHEMBL4588692,CC#CCn1c(N2CCC[C@@H](N)C2)nc2c1c(=O)n(Cc1cc(OC)ccc1C(=O)O)c(=O)n2C,,9.36,1,9.36,9.36,IC50,B,cell-based format,cell_based,9,D,2019,,480.52500000000026,0.6026000000000016,137.61000000000004,2,7,6,4,3,0.4166666666666667,0.4895494777399661
CHEMBL1910121,CHEMBL1910121,Cc1nc2c(c(-c3ccc(Cl)cc3Cl)c1CN)CN(CC(=O)N1CCN(S(C)(=O)=O)CC1)C2=O,,9.34,1,9.34,9.34,Ki,B,single protein format,single_protein,8,H,2011,,526.4460000000004,1.8821200000000002,116.91,1,6,5,4,2,0.4090909090909091,0.6362429183033336
CHEMBL3644460,CHEMBL3644460,N#Cc1[nH]nc2c1CN([C@H]1CSC(c3cc(F)ccc3F)[C@@H](N)C1)C2,,9.34,1,9.34,9.34,IC50,B,assay format,other,9,D,2014,,361.4210000000001,2.449280000000001,81.73,2,5,2,4,2,0.4117647058823529,0.8586507762465769
CHEMBL5220474,CHEMBL5220474,COC(=O)[C@@H]1CCCN1C(=O)[C@H](Cc1ccccc1)NC(=O)OCc1ccccc1,,9.34,1,9.34,9.34,IC50,B,single protein format,single_protein,9,D,2022,,410.47000000000014,2.6881000000000004,84.94000000000001,1,5,7,3,2,0.34782608695652173,0.7097103238256485
CHEMBL377296,CHEMBL377296,N#C[C@@H]1CCCN1C(=O)[C@@H]1CC[C@H](COc2cc(C(=O)O)cnc2Cl)N1,,9.32,3,9.17,9.4,Ki,B,cell-free format;single protein format,mixed,9,D,2006,,378.81600000000003,1.4471799999999995,115.55000000000001,2,6,5,3,1,0.5294117647058824,0.7446259649184063
CHEMBL445949,CHEMBL1186023,CC(C)[C@H](Oc1ccc(CNC(=O)[C@@H]2CCCN2C(=O)C[C@H](N)Cc2cc(F)ccc2F)cc1)C(=O)O,,9.32,2,9.32,9.32,IC50,B,single protein format,single_protein,8;9,D;H,2009;2021,,517.5730000000002,3.0201000000000002,121.96,3,5,11,3,2,0.4444444444444444,0.4213353792221586
CHEMBL2147070,CHEMBL2220123,Cn1c(=O)c2c(nc(N3CCC[C@@H](N)C3)n2Cc2cc(F)ccc2Cl)c2ccc(C(=O)O)cc21,,9.32,1,9.32,9.32,IC50,B,single protein format,single_protein,9,D,2012,,483.9310000000001,3.354700000000001,106.38000000000001,2,5,4,5,4,0.2916666666666667,0.4607831971547618
CHEMBL364102,CHEMBL1184687,CC(C)[C@@H](Oc1ccc(CNC(=O)[C@@H]2CCCN2C(=O)CC(N)Cc2cc(F)ccc2F)cc1)C(=O)O,,9.32,1,9.32,9.32,IC50,B,single protein format,single_protein,9,D,2004,,517.5730000000002,3.0201000000000002,121.96,3,5,11,3,2,0.4444444444444444,0.4213353792221586
CHEMBL5287917,CHEMBL5287917,CC(C)[C@H](Nc1ccc(CNC(=O)[C@@H]2CCCN2C(=O)C[C@H](N)Cc2cc(F)ccc2F)cc1)C(=O)O,,9.32,1,9.32,9.32,IC50,B,single protein format,single_protein,9,D,2022,,516.5890000000003,3.0532000000000012,124.76,4,5,11,3,2,0.4444444444444444,0.36395488698340844
CHEMBL216178,CHEMBL216178,N[C@@H](CC(=O)N1CCCNC(=O)[C@H]1Cc1ccccn1)Cc1cc(F)c(F)cc1F,,9.31,1,9.31,9.31,IC50,B,single protein format,single_protein,9,D,2007,,420.4350000000001,1.7186000000000003,88.32000000000001,2,4,6,3,2,0.38095238095238093,0.6969355768559582
CHEMBL1215087,CHEMBL1215087,Cc1nc2nc(C(=O)N3CCN(S(C)(=O)=O)CC3)cn2c(-c2ccc(Cl)cc2Cl)c1CN,,9.3,1,9.3,9.3,Ki,B,single protein format,single_protein,9,D,2010,,497.4080000000003,2.1876200000000003,113.89999999999999,1,6,4,4,3,0.35,0.5913782946009075
CHEMBL93060,CHEMBL93060,N#C[C@@H]1CSCN1C(=O)C(N)C1CCCC1,,9.3,1,9.3,9.3,Ki,B,single protein format,single_protein,9,D,1996,,239.34399999999997,0.9289799999999996,70.12,1,4,2,2,0,0.8181818181818182,0.7779151256199384
CHEMBL5278252,CHEMBL5278252,CC#CCn1c(N2CCC[C@@H](N)C2)nc2c(C)c(=O)n(Cc3nc(C)c4c(F)cccc4n3)c(=O)n21,,9.3,1,9.3,9.3,IC50,B,single protein format,single_protein,9,D,2018,,490.54300000000023,1.3559399999999995,116.34,1,7,4,5,4,0.4,0.42948334100014857
CHEMBL1229820,CHEMBL1229820,COc1cc2c(cc1OC)[C@@H]1C[C@H](N)[C@@H](c3cccc(CF)c3)CN1CC2,,9.3,1,9.3,9.3,IC50,B,single protein format,single_protein,9,D,2013,,370.4680000000002,3.5873000000000026,47.720000000000006,1,4,4,4,2,0.45454545454545453,0.8935732677523504
CHEMBL3644456,CHEMBL3644456,CS(=O)(=O)n1cc2c(n1)CN([C@H]1CSC(c3cc(F)cc(F)c3F)[C@@H](N)C1)C2,,9.3,1,9.3,9.3,IC50,B,assay format,other,9,D,2014,,432.49300000000017,1.9977999999999998,81.22,1,6,3,4,2,0.47058823529411764,0.7476190999007728
CHEMBL3654424,CHEMBL3654424,Cc1c2c(nn1S(=O)(=O)C1(C)CC1)CN([C@H]1CCO[C@H](c3cc(F)ccc3F)[C@@H](N)C1)C2,,9.3,1,9.3,9.3,IC50,B,assay format,other,9,D,2015,,466.5540000000002,2.763320000000001,90.45,1,6,4,5,2,0.5909090909090909,0.7453497142434348
CHEMBL3805751,CHEMBL3805751,Cc1ccn2nc3c(c2n1)CN([C@H]1CO[C@H](c2cc(F)c(F)cc2F)[C@@H](N)C1)C3,,9.3,1,9.3,9.3,IC50,B,single protein format,single_protein,9,D,2016,,403.40800000000013,2.628120000000001,68.67999999999999,1,5,2,5,3,0.4,0.6665985925406434
CHEMBL1951598,CHEMBL1951598,COc1cccc(C(=O)Cn2c(=O)c3c(c(C#N)c(N4CCC[C@H](N)C4)n3CC=C(C)C)n(C)c2=O)c1,,9.3,1,9.3,9.3,IC50,B,single protein format,single_protein,9,D,2012,,504.59100000000035,2.158579999999999,128.28,1,7,7,4,3,0.4074074074074074,0.3856426901233386
CHEMBL2058756,CHEMBL2058756,N#Cc1ccc2oc(N3CCN([C@@H]4CN[C@H](C(=O)N5CCSC5)C4)CC3)nc2c1,,9.3,1,9.3,9.3,IC50,B,single protein format,single_protein,9,D,2012,,412.5190000000003,1.08488,88.64,1,8,3,5,2,0.55,0.8014422685888929
CHEMBL2425059,CHEMBL2425059,N[C@H]1C[C@@H](N2Cc3cnc(C(F)(F)F)nc3C2)CC[C@@H]1c1cc(F)c(F)cc1F,,9.3,1,9.3,9.3,IC50,B,single protein format,single_protein,9,D,2013,,416.3690000000001,3.8919000000000032,55.04,1,4,2,4,2,0.47368421052631576,0.5963110350618488
CHEMBL3805154,CHEMBL3805154,Cc1cc(O)n2nc3c(c2n1)CN([C@H]1CO[C@H](c2cc(F)c(F)cc2F)[C@@H](N)C1)C3,,9.3,1,9.3,9.3,IC50,B,single protein format,single_protein,9,D,2016,,419.40700000000015,2.3337200000000005,88.91,2,6,2,5,3,0.4,0.6202099666622529
CHEMBL591279,CHEMBL591279,COc1cc2c(cc1OC)[C@@H]1CC(N)[C@@H](c3cccc(CF)c3)CN1CC2,,9.3,1,9.3,9.3,IC50,B,single protein format,single_protein,8,H,2010,,370.4680000000002,3.5873000000000026,47.720000000000006,1,4,4,4,2,0.45454545454545453,0.8935732677523504
CHEMBL1951432,CHEMBL1951432,CC(C)=CCn1c(N2CCC[C@H](N)C2)c(C#N)c2ncn(Cc3nccc4ccccc34)c(=O)c21,,9.3,1,9.3,9.3,IC50,B,single protein format,single_protein,9,D,2012,,467.5770000000002,3.5598800000000024,105.76000000000002,1,6,5,5,4,0.3333333333333333,0.45003942709589634
CHEMBL2058975,CHEMBL2058975,N#Cc1cnc(N2CCN([C@@H]3CN[C@H](C(=O)N4CCSC4)C3)CC2)c2ccccc12,,9.29,1,9.29,9.29,IC50,B,single protein format,single_protein,9,D,2012,,422.5580000000003,1.4918799999999999,75.5,1,7,3,5,2,0.5,0.8032233819692582
CHEMBL195335,CHEMBL195335,N#C[C@@H]1CCCN1C(=O)[C@@H]1C[C@H](Nc2ccccc2)CN1,,9.28,1,9.28,9.28,IC50,B,single protein format,single_protein,9,D,2005,,284.36300000000006,1.3435799999999996,68.16,2,4,3,3,1,0.5,0.8787807195207838
CHEMBL4176578,CHEMBL4176578,N#Cc1ccc(F)cc1Cn1c(N2CCC[C@@H](N)C2)nc2c(-c3cccs3)c[nH]c2c1=O,,9.27,1,9.27,9.27,IC50,B,single protein format,single_protein,9,D,2017,,448.52700000000016,3.43968,103.72999999999999,2,6,4,5,4,0.2608695652173913,0.4977697101412657
CHEMBL4164470,CHEMBL4164470,N#Cc1ccc(F)cc1Cn1c(N2CCC[C@@H](N)C2)nc2c(-c3ccc(F)cc3)c[nH]c2c1=O,,9.27,1,9.27,9.27,IC50,B,single protein format,single_protein,9,D,2017,,460.48800000000017,3.5172800000000004,103.72999999999999,2,5,4,5,4,0.24,0.4850860904496949
CHEMBL2058757,CHEMBL2058757,O=C([C@@H]1C[C@H](N2CCN(c3nc4ccccc4s3)CC2)CN1)N1CCSC1,,9.26,1,9.26,9.26,IC50,B,single protein format,single_protein,9,D,2012,,403.5770000000003,1.6816999999999998,51.71000000000001,1,7,3,5,2,0.5789473684210527,0.8416946207861926
CHEMBL2147056,CHEMBL2220254,Cc1ccc(F)cc1Cn1c(N2CCC[C@@H](N)C2)nc2c3ccc(C(=O)O)cc3n(C)c(=O)c21,,9.26,1,9.26,9.26,IC50,B,single protein format,single_protein,9,D,2012,,463.5130000000002,3.0097200000000006,106.38,2,5,4,5,4,0.32,0.48198055134111806
CHEMBL1910120,CHEMBL1910120,CC(=O)N1CCN(C(=O)CN2Cc3c(nc(C)c(CN)c3-c3ccc(Cl)cc3Cl)C2=O)CC1,,9.26,1,9.26,9.26,Ki,B,single protein format,single_protein,8,H,2011,,490.39100000000036,2.4690200000000013,99.84,1,5,4,4,2,0.391304347826087,0.7101907985641592
CHEMBL3806023,CHEMBL3806023,Cc1nnc2ncc3c(n12)CN([C@H]1CC[C@H](c2cc(F)c(F)cc2F)[C@@H](N)C1)C3,,9.25,1,9.25,9.25,IC50,B,single protein format,single_protein,9,D,2016,,402.4240000000001,2.8292200000000003,72.34,1,5,2,5,3,0.45,0.6677095426594094
CHEMBL2058970,CHEMBL2058970,Cc1cc(N2CCN([C@@H]3CN[C@H](C(=O)N4CCSC4)C3)CC2)c2ccccc2n1,,9.25,1,9.25,9.25,IC50,B,single protein format,single_protein,9,D,2012,,411.5750000000002,1.92862,51.71,1,6,3,5,2,0.5454545454545454,0.8330620438794827
CHEMBL2058761,CHEMBL2058761,O=C([C@@H]1C[C@H](N2CCN(c3nc4cc(Cl)ccc4[nH]3)CC2)CN1)N1CCSC1,,9.23,1,9.23,9.23,IC50,B,single protein format,single_protein,9,D,2012,,420.9700000000003,1.6017,67.5,2,6,3,5,2,0.5789473684210527,0.785809415046182
CHEMBL379725,CHEMBL379725,N#C[C@@H]1CCCN1C(=O)[C@@H]1CC[C@H](COc2ncc(C(=O)O)cc2Cl)N1,,9.23,3,7.26,9.35,Ki,B,cell-free format;single protein format,mixed,9,D,2006,,378.81600000000003,1.4471799999999995,115.55,2,6,5,3,1,0.5294117647058824,0.7959994848455365
CHEMBL4550812,CHEMBL4550812,COc1cc2c3c(ccc2cc1C#N)O[C@H](c1cc(F)c(F)cc1F)[C@@H](N)C3,,9.225,2,8.7,9.75,IC50;Kd,B,assay format;cell-based format,cell_based,9,D,2019,,384.3570000000001,4.140880000000002,68.27,1,4,2,4,3,0.19047619047619047,0.6745453098635179
CHEMBL3806157,CHEMBL3806157,Cc1cc2ncc3c(n2n1)CN([C@H]1CC[C@H](c2cc(F)ccc2F)[C@@H](N)C1)C3,,9.22,1,9.22,9.22,IC50,B,single protein format,single_protein,9,D,2016,,383.44600000000014,3.2951200000000016,59.45,1,4,2,5,3,0.42857142857142855,0.7377587532469836
CHEMBL3806310,CHEMBL3806310,Cc1cc(O)nc2c3c(nn12)CN([C@H]1CO[C@H](c2cc(F)c(F)cc2F)[C@@H](N)C1)C3,,9.22,1,9.22,9.22,IC50,B,single protein format,single_protein,9,D,2016,,419.40700000000015,2.3337200000000005,88.91,2,6,2,5,3,0.4,0.6202099666622529
CHEMBL3806021,CHEMBL3806021,Cc1ccnc2c3c(nn12)CN([C@H]1CO[C@H](c2cc(F)c(F)cc2F)[C@@H](N)C1)C3,,9.22,1,9.22,9.22,IC50,B,single protein format,single_protein,9,D,2016,,403.40800000000013,2.628120000000001,68.67999999999999,1,5,2,5,3,0.4,0.6665985925406434
CHEMBL207068,CHEMBL207068,N#C[C@@H]1CCCN1C(=O)[C@@H]1CC[C@H](COc2cc(Br)c3c(c2)OCO3)N1,,9.22,3,8.62,9.39,Ki,B,cell-free format;single protein format,mixed,9,D,2006,,422.2790000000001,2.1917799999999996,83.82000000000001,1,6,4,4,1,0.5555555555555556,0.8012975647447564
CHEMBL3632865,CHEMBL3632865,CC[C@@H](C)[C@H](N)C(=O)N1C[C@@H](F)C[C@H]1C#N,,9.22,1,9.22,9.22,IC50,B,single protein format,single_protein,9,D,2015,,227.28299999999996,0.82238,70.12,1,3,3,1,0,0.8181818181818182,0.7756882600012734
CHEMBL1215164,CHEMBL1215164,Cc1nc2nc(C(=O)N3COCC3(C)C)cn2c(-c2ccc(Cl)cc2Cl)c1CN,,9.22,1,9.22,9.22,Ki,B,single protein format,single_protein,9,D,2010,,434.32700000000017,3.678720000000002,85.75,1,5,3,4,3,0.35,0.6799708978381015
CHEMBL165,CHEMBL165,Oc1ccc(/C=C/c2cc(O)cc(O)c2)cc1,RESVERATROL,9.22,1,9.22,9.22,IC50,B,single protein format,single_protein,9,D,2018,3,228.247,2.9738000000000016,60.69,3,3,2,2,2,0.0,0.6923408487340214
CHEMBL461117,CHEMBL461117,CC[C@H](C)[C@H](N)C(=O)N1C[C@@H](F)C[C@H]1C#N,,9.22,1,9.22,9.22,IC50,B,single protein format,single_protein,8,H,2009,,227.28299999999996,0.82238,70.12,1,3,3,1,0,0.8181818181818182,0.7756882600012734
CHEMBL209940,CHEMBL209940,N#Cc1ccc(OC[C@H]2CC[C@@H](C(=O)N3CCC[C@H]3C#N)N2)c(Cl)c1,,9.22,1,9.22,9.22,Ki,B,single protein format,single_protein,9,D,2006,,358.82899999999995,2.2256600000000004,89.15,1,5,4,3,1,0.5,0.8909706847838181
CHEMBL3644458,CHEMBL3644458,CS(=O)(=O)n1cc2c(n1)CN([C@H]1CSC(c3cc(F)ccc3F)[C@@H](N)C1)C2,,9.22,1,9.22,9.22,IC50,B,assay format,other,9,D,2014,,414.50300000000016,1.8586999999999998,81.22,1,6,3,4,2,0.47058823529411764,0.825803745242951
CHEMBL2058972,CHEMBL2058972,O=C([C@@H]1C[C@H](N2CCN(c3ccnc4cc(Cl)ccc34)CC2)CN1)N1CCSC1,,9.21,1,9.21,9.21,IC50,B,single protein format,single_protein,9,D,2012,,431.99300000000034,2.2736,51.71000000000001,1,6,3,5,2,0.5238095238095238,0.8041835698570372
CHEMBL2058973,CHEMBL2058973,O=C([C@@H]1C[C@H](N2CCN(c3nccc4ccccc34)CC2)CN1)N1CCSC1,,9.21,1,9.21,9.21,IC50,B,single protein format,single_protein,9,D,2012,,397.5480000000003,1.6202,51.71000000000001,1,6,3,5,2,0.5238095238095238,0.849565770902587
CHEMBL4169845,CHEMBL4169845,CS(=O)(=O)c1cccc(-c2c[nH]c3c(=O)n(Cc4cc(F)ccc4C#N)c(N4CCC[C@@H](N)C4)nc23)c1,,9.21,1,9.21,9.21,IC50,B,single protein format,single_protein,9,D,2017,,520.5900000000004,2.7816800000000006,137.87,2,7,5,5,4,0.2692307692307692,0.41265329645877624
CHEMBL2147773,CHEMBL2147773,Cc1cc(N2CCN([C@@H]3CN[C@H](C(=O)N4CCSC4)C3)CC2)n(-c2cccnc2)n1,,9.21,1,9.21,9.21,IC50,B,single protein format,single_protein,9,D,2012,,427.5780000000002,0.9611200000000013,69.53,1,7,4,5,2,0.5714285714285714,0.7794803091604815
CHEMBL384445,CHEMBL384445,N#C[C@@H]1CCCN1C(=O)[C@@H]1CC[C@H](COc2ccc(C(=O)O)cc2Br)N1,,9.21,3,9.18,9.4,Ki,B,cell-free format;single protein format,mixed,9,D,2006,,422.27900000000005,2.16128,102.66000000000001,2,5,5,3,1,0.5,0.7542485977409553
CHEMBL379997,CHEMBL379997,N#C[C@@H]1CCCN1C(=O)[C@@H]1CC[C@H](COc2cc([N+](=O)[O-])c(Cl)cc2Cl)N1,,9.2,3,8.85,9.46,Ki,B,cell-free format;single protein format,mixed,9,D,2006,,413.2610000000001,2.9155800000000003,108.5,1,6,5,3,1,0.5294117647058824,0.5874949121626573
CHEMBL2147771,CHEMBL2147771,Cc1cc(N2CCN([C@@H]3CN[C@H](C(=O)N4CCSC4)C3)CC2)n(-c2ccccn2)n1,,9.2,1,9.2,9.2,IC50,B,single protein format,single_protein,9,D,2012,,427.5780000000002,0.9611200000000013,69.53,1,7,4,5,2,0.5714285714285714,0.7794803091604815
CHEMBL2147777,CHEMBL2147777,Cc1cc(N2CCN([C@@H]3CN[C@H](C(=O)N4CCSC4)C3)CC2)n(-c2ccccc2)n1,TENELIGLIPTIN,9.195,4,7.92,9.43,IC50;Kd,B,single protein format,single_protein,9,D,2012;2016;2024,4,426.5900000000002,1.5661200000000006,56.64,1,6,4,5,2,0.5454545454545454,0.8010417299824586
CHEMBL512651,CHEMBL512651,COCCOc1ccc2nc(C3(NC(=O)C[C@H](N)Cc4cc(Cl)ccc4F)CCS(=O)(=O)CC3)sc2c1,,9.19,1,9.19,9.19,IC50,B,cell-based format,cell_based,9,D,2008,,570.1080000000003,3.5942000000000025,120.60999999999999,2,8,10,4,3,0.44,0.3578942834989788
CHEMBL2425061,CHEMBL2425061,N[C@H]1C[C@@H](N2Cc3cnc(C4CC4)nc3C2)CO[C@@H]1c1cc(F)c(F)cc1F,,9.18,1,9.18,9.18,IC50,B,single protein format,single_protein,9,D,2013,,390.409,2.944400000000001,64.27,1,5,3,5,2,0.5,0.816796765580797
CHEMBL380350,CHEMBL380350,N#C[C@@H]1CCCN1C(=O)[C@@H]1CC[C@H](COc2cc(NC(=O)c3cc[nH]n3)ccc2Cl)N1,,9.18,3,8.92,9.57,Ki,B,cell-free format;single protein format,mixed,9,D,2006,,442.90700000000004,2.3293799999999996,123.14,3,6,6,4,2,0.42857142857142855,0.6304690404262371
CHEMBL382899,CHEMBL382899,CS(=O)(=O)c1ccc(OC[C@H]2CC[C@@H](C(=O)N3CCC[C@H]3C#N)N2)c(Br)c1,,9.17,3,9.07,9.21,Ki,B,cell-free format;single protein format,mixed,9,D,2006,,456.36200000000014,1.8665800000000001,99.5,1,6,5,3,1,0.5555555555555556,0.7265268697618023
CHEMBL233564,CHEMBL233564,N[C@H]1C[C@@H](N2Cc3cncnc3C2)CC[C@@H]1c1cc(F)c(F)cc1F,,9.17,1,9.17,9.17,IC50,B,single protein format,single_protein,8,H,2007,,348.372,2.873100000000001,55.04,1,4,2,4,2,0.4444444444444444,0.8482186325114204
CHEMBL1910122,CHEMBL1910122,Cc1nc2c(c(-c3ccc(Cl)cc3Cl)c1CN)CN(CC(=O)N1CCN(C)CC1)C2=O,,9.17,1,9.17,9.17,Ki,B,single protein format,single_protein,8,H,2011,,462.38100000000037,2.552320000000001,82.77000000000001,1,5,4,4,2,0.4090909090909091,0.7555462629092753
CHEMBL3639433,CHEMBL3639433,N[C@H]1C[C@@H](N2Cc3cnc(C(F)(F)F)nc3C2)CSC1c1cc(F)ccc1F,,9.15,1,9.15,9.15,IC50,B,assay format,other,9,D,2014,,416.41900000000004,3.663300000000002,55.04,1,5,2,4,2,0.4444444444444444,0.7576641807483041
CHEMBL5279910,CHEMBL5279910,CS(=O)(=O)n1ncc2c1CN([C@H]1CO[C@H](c3cc(F)ccc3F)[C@@H](N)C1)C2,,9.15,1,9.15,9.15,IC50,B,single protein format,single_protein,9,D,2021,,398.4350000000001,1.1421,90.45,1,6,3,4,2,0.47058823529411764,0.8340518500891307
CHEMBL5275162,CHEMBL5275162,CCCS(=O)(=O)n1ncc2c1CN([C@H]1CO[C@H](c3cc(F)ccc3F)[C@@H](N)C1)C2,,9.15,1,9.15,9.15,IC50,B,single protein format,single_protein,9,D,2021,,426.48900000000015,1.9222999999999995,90.45,1,6,5,4,2,0.5263157894736842,0.785755670044982
CHEMBL3735865,CHEMBL3735865,CC(C)S(=O)(=O)n1cc2c(n1)CN([C@H]1CO[C@H](c3cc(F)ccc3F)[C@@H](N)C1)C2,,9.15,1,9.15,9.15,IC50,B,cell-based format,cell_based,9,D,2015,,426.48900000000015,1.9206999999999996,90.45,1,6,4,4,2,0.5263157894736842,0.8034720519129886
CHEMBL3805294,CHEMBL3805294,Cc1cc2ncc3c(n2n1)CN([C@H]1CO[C@H](c2cc(F)ccc2F)[C@@H](N)C1)C3,,9.15,1,9.15,9.15,IC50,B,single protein format,single_protein,9,D,2016,,385.4180000000001,2.48902,68.67999999999999,1,5,2,5,3,0.4,0.7341304491527895
CHEMBL5267753,CHEMBL5267753,Cn1ccnc1S(=O)(=O)n1ncc2c1CN([C@H]1CO[C@H](c3cc(F)ccc3F)[C@@H](N)C1)C2,,9.15,1,9.15,9.15,IC50,B,single protein format,single_protein,9,D,2021,,464.4980000000002,1.3049,108.27,1,7,4,5,3,0.4,0.6201522155797893
CHEMBL5273218,CHEMBL5273218,CCS(=O)(=O)n1ncc2c1CN([C@H]1CO[C@H](c3cc(F)ccc3F)[C@@H](N)C1)C2,,9.15,1,9.15,9.15,IC50,B,single protein format,single_protein,9,D,2021,,412.46200000000016,1.5322,90.45,1,6,4,4,2,0.5,0.8192421016058579
CHEMBL3644462,CHEMBL3644462,N[C@H]1C[C@@H](N2Cc3nc(-c4ccccc4)[nH]c3C2)CSC1c1cc(F)ccc1F,,9.15,1,9.15,9.15,IC50,B,assay format,other,9,D,2014,,412.50900000000007,4.244600000000004,57.94,2,4,3,5,3,0.3181818181818182,0.6755021594342056
CHEMBL3806216,CHEMBL3806216,N[C@H]1C[C@@H](N2Cc3nn4cccnc4c3C2)CO[C@@H]1c1cc(F)ccc1F,,9.15,1,9.15,9.15,IC50,B,single protein format,single_protein,9,D,2016,,371.3910000000001,2.1806,68.68,1,5,2,5,3,0.3684210526315789,0.7478842000549891
CHEMBL5268418,CHEMBL5268418,N[C@H]1C[C@@H](N2Cc3cnn(S(=O)(=O)C(F)(F)F)c3C2)CO[C@@H]1c1cc(F)ccc1F,,9.15,1,9.15,9.15,IC50,B,single protein format,single_protein,9,D,2021,,452.4050000000002,2.0321,90.45,1,6,3,4,2,0.47058823529411764,0.717289307833113
CHEMBL5283277,CHEMBL5283277,N[C@H]1C[C@@H](N2Cc3cnn(S(=O)(=O)c4ccccc4)c3C2)CO[C@@H]1c1cc(F)ccc1F,,9.15,1,9.15,9.15,IC50,B,single protein format,single_protein,9,D,2021,,460.5060000000002,2.5714000000000006,90.45,1,6,4,5,3,0.3181818181818182,0.6437663695443286
CHEMBL5277064,CHEMBL5277064,CC(C)S(=O)(=O)n1ncc2c1CN([C@H]1CO[C@H](c3cc(F)ccc3F)[C@@H](N)C1)C2,,9.15,1,9.15,9.15,IC50,B,single protein format,single_protein,9,D,2021,,426.48900000000015,1.9206999999999996,90.45,1,6,4,4,2,0.5263157894736842,0.8034720519129886
CHEMBL1215236,CHEMBL1215236,Cc1nc2nc(C(=O)N(C)CCc3ccccn3)cn2c(-c2ccc(Cl)cc2Cl)c1CN,,9.15,1,9.15,9.15,Ki,B,single protein format,single_protein,9,D,2010,,469.37600000000026,4.179920000000003,89.41,1,5,6,4,4,0.21739130434782608,0.45780086637424006
CHEMBL2425894,CHEMBL2425894,CC#CCn1c(N2CCC[C@@H](N)C2)cc(=O)n(Cc2ccc3ccc(F)cc3n2)c1=O,,9.15,1,9.15,9.15,IC50,B,single protein format,single_protein,9,D,2013,,421.4760000000001,1.6963999999999995,86.15,1,5,4,4,3,0.34782608695652173,0.6483284092741893
CHEMBL3694422,CHEMBL3694422,N[C@H]1C[C@@H](N2Cc3cn(S(=O)(=O)C4CC4)nc3C2)CNC1c1cc(F)c(F)cc1F,,9.15,1,9.15,9.15,IC50,B,assay format,other,9,D,2014,,441.4790000000001,1.3867999999999998,93.25,2,6,4,5,2,0.5263157894736842,0.696944409559086
CHEMBL3806029,CHEMBL3806029,Cc1cc2ncc3c(n2n1)CN([C@H]1CO[C@H](c2cc(F)c(F)cc2F)[C@@H](N)C1)C3,,9.15,1,9.15,9.15,IC50,B,single protein format,single_protein,9,D,2016,,403.40800000000013,2.628120000000001,68.67999999999999,1,5,2,5,3,0.4,0.6665985925406434
CHEMBL1765236,CHEMBL1765236,C[C@H](NC(=O)CCC(=O)O)C(=O)N[C@@H](C)C(=O)N1CCC[C@H]1C(=O)N[C@@H](Cc1ccccc1)C(=O)N[C@@H](C)C(=O)N1CCC[C@H]1B(O)O,,9.15,1,9.15,9.15,IC50,B,single protein format,single_protein,8,H,2011,,672.5450000000002,-1.9131999999999896,234.77999999999997,7,9,15,3,1,0.5806451612903226,0.10214671552575215
CHEMBL1214876,CHEMBL1214876,CCOC(=O)c1cn2c(-c3ccc(Cl)cc3Cl)c(CN)c(C)nc2n1,,9.15,3,7.93,9.4,Ki,B,single protein format,single_protein,9,D,2010,,379.2470000000002,3.6469200000000015,82.51,1,5,4,3,3,0.23529411764705882,0.7001006097178275
CHEMBL5276887,CHEMBL5276887,N[C@H]1C[C@@H](N2Cc3cnn(S(=O)(=O)c4ccc(C(F)(F)F)cc4)c3C2)CO[C@@H]1c1cc(F)ccc1F,,9.15,1,9.15,9.15,IC50,B,single protein format,single_protein,9,D,2021,,528.5030000000003,3.590200000000003,90.45,1,6,4,5,3,0.34782608695652173,0.5210007074865523
CHEMBL5278621,CHEMBL5278621,CC#CCn1c(N2CCC[C@@H](N)C2)nc2c(C)c(=O)n(Cc3nc(C)c4c(Cl)cccc4n3)c(=O)n21,,9.15,1,9.15,9.15,IC50,B,single protein format,single_protein,9,D,2018,,506.9980000000003,1.8702399999999997,116.34,1,7,4,5,4,0.4,0.41983859773721954
CHEMBL378010,CHEMBL378010,N#C[C@@H]1CCCN1C(=O)[C@@H]1CC[C@H](COc2cccnc2Cl)N1,,9.14,1,9.14,9.14,Ki,B,single protein format,single_protein,9,D,2006,,334.807,1.74898,78.25,1,5,4,3,1,0.5625,0.8486443572039171
CHEMBL4175111,CHEMBL4175111,CS(=O)(=O)c1ccc(-c2c[nH]c3c(=O)n(Cc4cc(F)ccc4C#N)c(N4CCC[C@@H](N)C4)nc23)cc1,,9.14,1,9.14,9.14,IC50,B,single protein format,single_protein,9,D,2017,,520.5900000000004,2.7816800000000006,137.87,2,7,5,5,4,0.2692307692307692,0.41265329645877624
CHEMBL4536341,CHEMBL4536341,CC#CCn1c(N2CCC[C@@H](N)C2)nc2c1c(=O)n(Cc1cc(Br)ccc1C(=O)O)c(=O)n2C,,9.14,1,9.14,9.14,IC50,B,cell-based format,cell_based,9,D,2019,,529.3950000000001,1.3565000000000005,128.38000000000002,2,6,5,4,3,0.391304347826087,0.47796113315938293
CHEMBL377689,CHEMBL377689,N#C[C@@H]1CCCN1C(=O)[C@@H]1CC[C@H](COc2ccc(NS(=O)(=O)c3ccccc3)cc2Br)N1,,9.14,3,8.64,9.23,Ki,B,cell-free format;single protein format,mixed,9,D,2006,,533.4480000000001,3.2638800000000012,111.53,2,6,7,4,2,0.391304347826087,0.5654817004789874
CHEMBL2058974,CHEMBL2058974,O=C([C@@H]1C[C@H](N2CCN(c3ncc(Cl)c4ccccc34)CC2)CN1)N1CCSC1,,9.14,1,9.14,9.14,IC50,B,single protein format,single_protein,9,D,2012,,431.99300000000034,2.2736,51.71000000000001,1,6,3,5,2,0.5238095238095238,0.8041835698570372
CHEMBL63860,CHEMBL63860,C[C@H](N)C(=O)N1CCC[C@H]1B(O)O,,9.135,10,6.3,10.52,IC50;Ki,B,assay format;cell-based format;single protein format,mixed,8;9,D;H,1996;2007;2008;2011;2012;2015;2021,,186.02,-1.663399999999999,86.79,3,4,2,1,0,0.8571428571428571,0.4500433464283865
CHEMBL4638480,CHEMBL4638480,O=[N+]([O-])c1cccc(/C=N/N2C(c3ccccc3)=Nc3ccc(I)cc3C2NC2NC=CS2)c1,,9.12,1,9.12,9.12,IC50,B,single protein format,single_protein,9,D,2020,,582.4270000000001,5.3068000000000035,95.16,2,8,6,5,3,0.08333333333333333,0.1772679733038348
CHEMBL4239107,CHEMBL4239107,O=[N+]([O-])c1cccc(/C=N/N2C(c3ccccc3)=Nc3ccc(I)cc3C2Nc2nccs2)c1,,9.12,1,9.12,9.12,IC50,B,single protein format,single_protein,9,D,2018,,580.4110000000002,6.194600000000003,96.02,1,8,6,5,4,0.041666666666666664,0.12698152337722207
CHEMBL5218500,CHEMBL5218500,C/C=C/OC(=O)[C@@H]1CCCN1C(=O)[C@@H](N)CCCCN,,9.12,1,9.12,9.12,IC50,B,single protein format,single_protein,9,D,2022,,283.372,0.510500000000001,98.64999999999999,2,5,7,1,0,0.7142857142857143,0.4028052976287623
CHEMBL4165967,CHEMBL4165967,N#Cc1ccc(F)cc1Cn1c(N2CCC[C@@H](N)C2)nc2c(-c3ccsc3)c[nH]c2c1=O,,9.12,1,9.12,9.12,IC50,B,single protein format,single_protein,9,D,2017,,448.52700000000016,3.43968,103.72999999999999,2,6,4,5,4,0.2608695652173913,0.4977697101412657
CHEMBL4162971,CHEMBL4162971,CS(=O)(=O)c1ccc(-c2c[nH]c3c(=O)n(Cc4cc(F)ccc4C#N)c(N4CCC[C@@H](N)C4)nc23)c(F)c1,,9.11,1,9.11,9.11,IC50,B,single protein format,single_protein,9,D,2017,,538.5800000000004,2.9207800000000006,137.87,2,7,5,5,4,0.2692307692307692,0.39848435686884454
CHEMBL4172793,CHEMBL4172793,N#Cc1ccc(F)cc1Cn1c(N2CCC[C@@H](N)C2)nc2c(F)c[nH]c2c1=O,,9.11,1,9.11,9.11,IC50,B,single protein format,single_protein,9,D,2017,,384.3900000000001,1.8502799999999995,103.72999999999999,2,5,3,4,3,0.3157894736842105,0.7172790009085149
CHEMBL4856337,CHEMBL4856337,CC#CCn1c(N2CCC[C@@H](N)C2)cc(=O)n(Cc2ccc(Br)c(C(=O)O)c2)c1=O,,9.1,1,9.1,9.1,IC50,B,single protein format,single_protein,9,D,2021,,475.34300000000013,1.4698,110.56,2,5,5,3,2,0.38095238095238093,0.634296280692574
CHEMBL196120,CHEMBL196120,C[C@@H](N)C(=O)N1CCC[C@H]1B(O)O,,9.1,1,9.1,9.1,IC50,B,single protein format,single_protein,9,D,2005,,186.02,-1.663399999999999,86.79,3,4,2,1,0,0.8571428571428571,0.4500433464283865
CHEMBL316560,CHEMBL316560,N#C[C@@H]1CSCN1C(=O)C(N)C1CCCCC1,,9.1,1,9.1,9.1,Ki,B,single protein format,single_protein,9,D,1996,,253.37099999999995,1.3190799999999996,70.12,1,4,2,2,0,0.8333333333333334,0.8054565674824166
CHEMBL3632867,CHEMBL3632867,CC[C@@H](C)[C@H](N)C(=O)N1CC(F)(F)C[C@H]1C#N,,9.1,1,9.1,9.1,IC50,B,single protein format,single_protein,9,D,2015,,245.27299999999994,1.11958,70.12,1,3,3,1,0,0.8181818181818182,0.8095716674599067
CHEMBL4169403,CHEMBL4169403,N#Cc1ccc(F)cc1Cn1c(N2CCC[C@@H](N)C2)nc2c(Br)c[nH]c2c1=O,,9.1,1,9.1,9.1,IC50,B,single protein format,single_protein,9,D,2017,,445.2960000000001,2.47368,103.72999999999999,2,5,3,4,3,0.3157894736842105,0.6449733098677514
CHEMBL504021,CHEMBL504021,N[C@@H](CC(=O)NC1(c2nc3ccc(OCCN4CCOCC4)cc3s2)CCS(=O)(=O)CC1)Cc1cc(F)c(F)cc1F,,9.1,1,9.1,9.1,IC50,B,cell-based format,cell_based,9,D,2008,,626.7230000000005,2.9048000000000016,123.85,2,9,10,5,3,0.5,0.3296434451740054
CHEMBL2058760,CHEMBL2058760,O=C([C@@H]1C[C@H](N2CCN(c3nc4ccccc4[nH]3)CC2)CN1)N1CCSC1,,9.1,1,9.1,9.1,IC50,B,single protein format,single_protein,9,D,2012,,386.52500000000026,0.9483000000000004,67.5,2,6,3,5,2,0.5789473684210527,0.818778742968967
CHEMBL2441955,CHEMBL2441955,Cc1nc2c(c(-c3ccc(Cl)cc3Cl)c1CN)C(=O)N(CC(=O)N1CCCCC1)C2,,9.1,1,9.1,9.1,Ki,B,single protein format,single_protein,9,D,2013,,447.3660000000004,3.7908200000000036,79.52999999999999,1,4,4,4,2,0.4090909090909091,0.7737415721290799
CHEMBL1230804,CHEMBL1230804,NC[C@@H]1CCCN1C(=O)[C@@H]1CC[C@H](COc2cc(C(=O)O)ccc2Cl)N1,,9.09,1,9.09,9.09,Ki,B,single protein format,single_protein,9,D,2013,,381.86,1.4872999999999996,104.89,3,5,6,3,1,0.5555555555555556,0.6891092130504094
CHEMBL378867,CHEMBL378867,N#C[C@@H]1CCCN1C(=O)[C@@H]1CC[C@H](COc2cc(C(=O)O)ccc2Cl)N1,,9.09,3,8.96,9.17,Ki,B,cell-free format;single protein format,mixed,9,D,2006,,377.8280000000001,2.05218,102.66000000000001,2,5,5,3,1,0.5,0.8136686481080531
CHEMBL364140,CHEMBL1184689,CC(C)[C@@H](Oc1ccc(CNC(=O)[C@@H]2CCCN2C(=O)CC(N)Cc2ccc(C(F)(F)F)cc2F)cc1)C(=O)O,,9.08,1,9.08,9.08,IC50,B,single protein format,single_protein,9,D,2004,,567.5800000000003,3.8998000000000017,121.96,3,5,11,3,2,0.4642857142857143,0.35436580682363805
CHEMBL2147713,CHEMBL2147713,Cc1cc(N2CCN([C@@H]3CN[C@H](C(=O)N4CCSC4)C3)CC2)n(-c2ccccc2F)n1,,9.07,1,9.07,9.07,IC50,B,single protein format,single_protein,9,D,2012,,444.5800000000002,1.7052200000000002,56.64,1,6,4,5,2,0.5454545454545454,0.775004041770359
CHEMBL377390,CHEMBL377390,N#C[C@@H]1CCCN1C(=O)[C@@H]1CC[C@H](COc2ccccc2Cl)N1,,9.07,1,9.07,9.07,Ki,B,single protein format,single_protein,9,D,2006,,333.81899999999996,2.35398,65.36,1,4,4,3,1,0.5294117647058824,0.9182409462839966
CHEMBL5269884,CHEMBL5269884,CCN(CC)S(=O)(=O)c1cc(C(=O)NC[C@@H]2CCCN2C(=O)C[C@H](N)[C@H]2CCc3cc(F)c(F)cc32)ccc1F,,9.06,1,9.06,9.06,IC50,B,cell-based format,cell_based,9,D,2021,,580.6730000000003,3.3026000000000026,112.80999999999999,2,5,10,4,2,0.5,0.448015165731222
CHEMBL1651763,CHEMBL1651763,N#Cc1ccccc1Cn1c(N2CCC[C@@H](N)C2)nc2sccc2c1=O,,9.06,1,9.06,9.06,IC50,B,single protein format,single_protein,8,H,2011,,365.46200000000005,2.30548,87.94,1,6,3,4,3,0.3157894736842105,0.7693846423902152
CHEMBL5273793,CHEMBL5273793,CCN(CC)S(=O)(=O)c1cc(C(=O)NC[C@@H]2CCCN2C(=O)C[C@H](N)[C@H]2CCc3cc(F)c(F)cc32)c(F)cc1F,,9.06,1,9.06,9.06,IC50,B,cell-based format,cell_based,9,D,2021,,598.6630000000004,3.4417000000000026,112.80999999999999,2,5,10,4,2,0.5,0.407257797319394
CHEMBL5289339,CHEMBL5289339,N[C@@H](CC(=O)N1CCC[C@H]1CNC(=O)c1cc(S(=O)(=O)N2CCOCC2)c(F)cc1F)[C@H]1CCc2cc(F)c(F)cc21,,9.06,1,9.06,9.06,IC50,B,cell-based format,cell_based,9,D,2021,,612.6460000000004,2.4321,122.03999999999999,2,6,8,5,2,0.5,0.44211190581231885
CHEMBL210805,CHEMBL210805,CS(=O)(=O)c1ccc(OC[C@H]2CC[C@@H](C(=O)N3CCC[C@H]3C#N)N2)c(Cl)c1,,9.06,3,8.85,9.08,Ki,B,cell-free format;single protein format,mixed,9,D,2006,,411.9110000000002,1.75748,99.5,1,6,5,3,1,0.5555555555555556,0.791976238190717
CHEMBL5276298,CHEMBL5276298,N[C@@H](CC(=O)N1CCC[C@H]1CNC(=O)c1cc(S(=O)(=O)N2CCCCC2)c(F)cc1F)[C@H]1CCc2cc(F)c(F)cc21,,9.06,1,9.06,9.06,IC50,B,cell-based format,cell_based,9,D,2021,,610.6740000000004,3.5858000000000017,112.80999999999999,2,5,8,5,2,0.5172413793103449,0.4441129798775832
CHEMBL5276657,CHEMBL5276657,N[C@@H](CC(=O)N1CCC[C@H]1CNC(=O)c1cccc(S(N)(=O)=O)c1)[C@H]1CCc2cc(F)c(F)cc21,,9.06,1,9.06,9.06,IC50,B,cell-based format,cell_based,9,D,2021,,506.5750000000003,1.7804000000000002,135.59,3,5,7,4,2,0.4166666666666667,0.5260945256128028
CHEMBL5265910,CHEMBL5265910,N[C@@H](CC(=O)N1CCC[C@H]1CNC(=O)c1ccc(F)c(S(N)(=O)=O)c1)[C@H]1CCc2cc(F)c(F)cc21,,9.06,1,9.06,9.06,IC50,B,cell-based format,cell_based,9,D,2021,,524.5650000000003,1.9194999999999998,135.59,3,5,7,4,2,0.4166666666666667,0.5086420531112767
CHEMBL5277828,CHEMBL5277828,CCN(CC)S(=O)(=O)c1cccc(C(=O)NC[C@@H]2CCCN2C(=O)C[C@H](N)[C@H]2CCc3cc(F)c(F)cc32)c1,,9.06,1,9.06,9.06,IC50,B,cell-based format,cell_based,9,D,2021,,562.6830000000004,3.163500000000001,112.80999999999999,2,5,10,4,2,0.5,0.4620905107855943
CHEMBL5269746,CHEMBL5269746,N[C@@H](CC(=O)N1CCC[C@H]1CNC(=O)c1cc(S(N)(=O)=O)c(F)cc1F)[C@H]1CCc2cc(F)c(F)cc21,,9.06,1,9.06,9.06,IC50,B,cell-based format,cell_based,9,D,2021,,542.5550000000003,2.0585999999999993,135.59,3,5,7,4,2,0.4166666666666667,0.4605525909566765
CHEMBL5279474,CHEMBL5279474,N[C@@H](CC(=O)N1CCC[C@H]1CNC(=O)c1cc(S(=O)(=O)N2CCC2)c(F)cc1F)[C@H]1CCc2cc(F)c(F)cc21,,9.06,1,9.06,9.06,IC50,B,cell-based format,cell_based,9,D,2021,,582.6200000000003,2.805600000000001,112.80999999999999,2,5,8,5,2,0.48148148148148145,0.4652741747002575
CHEMBL5274129,CHEMBL5274129,N[C@@H](CC(=O)N1CCC[C@H]1CNC(=O)c1cccnc1)[C@H]1CCc2cc(F)c(F)cc21,,9.06,1,9.06,9.06,IC50,B,cell-based format,cell_based,9,D,2021,,428.4830000000002,2.5280000000000005,88.32000000000001,2,4,6,4,2,0.43478260869565216,0.7402011046185338
CHEMBL3697938,CHEMBL3697938,CN1C[C@H](N2Cc3cn(S(C)(=O)=O)nc3C2)C[C@H](N)C1c1cc(F)c(F)cc1F,,9.05,1,9.05,9.05,IC50,B,assay format,other,9,D,2014,,429.4680000000001,1.1964000000000001,84.46,1,6,3,4,2,0.5,0.7384963699172437
CHEMBL1215301,CHEMBL1215301,Cc1nc2nc(C(=O)N(C)Cc3ccco3)cn2c(-c2ccc(Cl)cc2Cl)c1CN,,9.05,1,9.05,9.05,Ki,B,single protein format,single_protein,9,D,2010,,444.3220000000002,4.335420000000003,89.66,1,5,5,4,4,0.19047619047619047,0.4949167049451604
CHEMBL3350935,CHEMBL3350935,N#C[C@@H]1C[C@@H]2C[C@@H]2N1C(=O)[C@@H](N)C12CC3CC(CC(C3)C1)C2,,9.05,1,9.05,9.05,Ki,B,single protein format,single_protein,9,D,2005,,299.41800000000006,2.0430799999999993,70.12,1,3,2,6,0,0.8888888888888888,0.8480063359066757
CHEMBL1215089,CHEMBL1215089,Cc1cc(NC(=O)c2cn3c(-c4ccc(Cl)cc4Cl)c(CN)c(C)nc3n2)n(C)n1,,9.05,1,9.05,9.05,Ki,B,single protein format,single_protein,9,D,2010,,444.3260000000002,3.7644400000000013,103.13000000000001,2,5,4,4,4,0.2,0.49902864739695074
CHEMBL35116,CHEMBL35116,Cc1cccc(-c2nc(N)c(CN)c(-c3ccc(Cl)cc3Cl)n2)c1,,9.05,1,9.05,9.05,IC50,F,assay format,other,8,H,2004,,359.26000000000005,4.466720000000002,77.82,2,4,3,3,3,0.1111111111111111,0.7234426070724497
CHEMBL1779710,CHEMBL1779710,CC(C)(C)OC[C@@H]1C(=O)NCCN1C(=O)C[C@H](N)Cc1cc(F)c(F)cc1F,EVOGLIPTIN,9.05,1,9.05,9.05,IC50,B,single protein format,single_protein,9,D,2011,4,401.4290000000001,1.5058999999999998,84.66,2,4,6,2,1,0.5789473684210527,0.7080058183766962
CHEMBL386380,CHEMBL386380,N[C@@H](CC(=O)N1CCCNC(=O)[C@H]1Cc1ccccc1)Cc1cc(F)c(F)cc1F,,9.04,1,9.04,9.04,IC50,B,single protein format,single_protein,9,D,2007,,419.4470000000001,2.3236000000000008,75.43,2,3,6,3,2,0.36363636363636365,0.7060667852722536
CHEMBL399610,CHEMBL399610,O=C([C@@H]1C[C@H](N2CCN(c3ccc([N+](=O)[O-])cn3)CC2)CN1)N1CCSC1,,9.04,1,9.04,9.04,IC50,B,cell-free format,other,9,D,2007,,392.4850000000003,0.3752000000000009,94.85,1,8,4,4,1,0.6470588235294118,0.5803568890716158
CHEMBL2147707,CHEMBL2147707,O=C([C@@H]1C[C@H](N2CCN(c3ccnn3-c3ccccc3)CC2)CN1)N1CCSC1,,9.03,1,9.03,9.03,IC50,B,single protein format,single_protein,9,D,2012,,412.56300000000033,1.2576999999999996,56.64000000000001,1,6,4,5,2,0.5238095238095238,0.8160681460388157
CHEMBL2058969,CHEMBL2058969,O=C([C@@H]1C[C@H](N2CCN(c3ccnc4ccccc34)CC2)CN1)N1CCSC1,,9.02,1,9.02,9.02,IC50,B,single protein format,single_protein,9,D,2012,,397.5480000000003,1.6202,51.71000000000001,1,6,3,5,2,0.5238095238095238,0.849565770902587
CHEMBL480903,CHEMBL480903,N#Cc1c(F)cc(N2CCC(NCC(=O)N3C[C@@H](F)C[C@H]3C#N)CC2)cc1F,,9.0,1,9.0,9.0,Ki,B,cell-free format,other,9,D,2008,,391.39700000000016,1.8574599999999994,83.16,1,5,4,3,1,0.5263157894736842,0.8471853986107943
CHEMBL4865204,CHEMBL4865204,CC#CCn1c(N2CCC[C@@H](N)C2)cc(=O)n(Cc2ccc(Cl)c(C(=O)O)c2)c1=O,,9.0,1,9.0,9.0,IC50,B,single protein format,single_protein,9,D,2021,,430.89200000000017,1.3606999999999998,110.56,2,5,5,3,2,0.38095238095238093,0.6928062762534545
CHEMBL4863102,CHEMBL4863102,CC#CCn1c(N2CCC[C@@H](N)C2)cc(=O)n(Cc2ccc(F)c(C(=O)O)c2)c1=O,,9.0,1,9.0,9.0,IC50,B,single protein format,single_protein,9,D,2021,,414.4370000000001,0.8464000000000005,110.56,2,5,5,3,2,0.38095238095238093,0.7020679340922076
CHEMBL2425075,CHEMBL2425075,N[C@H]1C[C@@H](N2Cc3cn[nH]c3C2)CO[C@@H]1c1cc(F)c(F)cc1F,,9.0,1,9.0,9.0,IC50,B,single protein format,single_protein,9,D,2013,,338.333,2.0000999999999998,67.17,2,4,2,4,2,0.4375,0.8222075972999009
CHEMBL3965981,CHEMBL3965981,C/C=C/Cn1c(N2CCC[C@@H](N)C2)nc2c1c(=O)n(CC(=O)c1ccccc1OCC(=O)NC)c(=O)n2C,,9.0,1,9.0,9.0,IC50,B,single protein format,single_protein,8,H,2016,,523.5940000000003,0.4080000000000022,146.48000000000002,2,8,9,4,3,0.4230769230769231,0.30286852080150506
CHEMBL1951416,CHEMBL1951416,CC#CCn1c(N2CCCNCC2)c(C#N)c2c1c(=O)n(Cc1ncc3ccccc3c1C#N)c(=O)n2C,,9.0,1,9.0,9.0,IC50,B,single protein format,single_protein,9,D,2012,,506.5700000000003,1.664559999999999,124.66999999999999,1,7,4,5,4,0.32142857142857145,0.4175500245287229
CHEMBL403553,CHEMBL403553,CC#CCn1c(N2CCC[C@@H](N)C2)nc2cnn(Cc3nc(C)c4ccccc4n3)c(=O)c21,,9.0,1,9.0,9.0,IC50,B,cell-based format,cell_based,9,D,2008,,442.52700000000027,1.8437199999999994,107.75,1,7,4,5,4,0.375,0.4806142247120803
CHEMBL1215016,CHEMBL1215016,Cc1nc2nc(C(=O)N3CCNC(=O)C3)cn2c(-c2ccc(Cl)cc2Cl)c1CN,,9.0,1,9.0,9.0,Ki,B,single protein format,single_protein,9,D,2010,,433.29900000000015,2.0422200000000004,105.61999999999999,2,5,3,4,3,0.2631578947368421,0.6579268509987118
CHEMBL1951430,CHEMBL1951430,COc1cccc(C(=O)Cn2cnc3c(C#N)c(N4CCC[C@H](N)C4)n(CC=C(C)C)c3c2=O)c1,,9.0,1,9.0,9.0,IC50,B,single protein format,single_protein,9,D,2012,,474.5650000000004,2.8548800000000005,119.16999999999999,1,7,7,4,3,0.38461538461538464,0.41299525329209136
CHEMBL1951599,CHEMBL1951599,CC(C)=CCn1c(N2CCC[C@H](N)C2)c(C#N)c2c1c(=O)n(Cc1nccc3ccccc13)c(=O)n2C,,9.0,1,9.0,9.0,IC50,B,single protein format,single_protein,9,D,2012,,497.6030000000003,2.8635800000000007,114.87,1,6,5,5,4,0.35714285714285715,0.4241847261294672
CHEMBL2441839,CHEMBL2441839,Cc1nc2c(c(-c3ccc(Cl)cc3Cl)c1CN)C(=O)N(C[C@@H]1CCCO1)C2,,9.0,1,9.0,9.0,Ki,B,single protein format,single_protein,9,D,2013,,406.3130000000003,3.957320000000003,68.45,1,4,4,4,2,0.4,0.8348981356772728
CHEMBL67089,CHEMBL67089,NCC(=O)N1CCC[C@H]1B(O)O,,9.0,3,7.89,9.4,IC50;Ki,B,assay format;single protein format,mixed,9,D,2008;2013;2015,,171.993,-2.051899999999999,86.79,3,4,2,1,0,0.8333333333333334,0.41805520230596377
CHEMBL1951611,CHEMBL1951611,CC(C)=CCn1c(N2CCCNCC2)c(C#N)c2c1c(=O)n(Cc1ncc3ccccc3c1C#N)c(=O)n2C,,9.0,1,9.0,9.0,IC50,B,single protein format,single_protein,9,D,2012,,522.6130000000003,2.6074600000000006,124.66999999999999,1,7,5,5,4,0.3448275862068966,0.3995859729158983
CHEMBL566425,CHEMBL566425,CS(=O)(=O)N1CC(c2noc([C@@H]3CCCN3C(=O)C[C@H](N)Cc3cc(F)c(F)cc3F)n2)C1,,9.0,1,9.0,9.0,IC50,B,assay format,other,9,D,2009,,487.50400000000025,1.4692999999999996,122.63,1,7,7,4,2,0.55,0.5869873891563837
CHEMBL377151,CHEMBL377151,N#C[C@@H]1CCCN1C(=O)[C@@H]1CC[C@H](COc2cc(C(=O)O)ccc2Br)N1,,9.0,3,8.92,9.21,Ki,B,cell-free format;single protein format,mixed,9,D,2006,,422.27900000000005,2.16128,102.66000000000001,2,5,5,3,1,0.5,0.7542485977409553
CHEMBL237500,CHEMBL237500,CC#CCn1c(N2CCC[C@@H](N)C2)nc2c1c(=O)n(Cc1nc(C)c3ccccc3n1)c(=O)n2C,LINAGLIPTIN,9.0,9,8.28,10.0,EC50;IC50;Kd,B,cell-based format;single protein format,mixed,9,D,2007;2012;2013;2016;2019;2020;2022;2023,4,472.5530000000002,1.1474199999999997,116.86000000000001,1,7,4,5,4,0.4,0.44290723544937405
CHEMBL237289,CHEMBL237289,CC#CCn1c(N2CCC[C@@H](N)C2)nc2c1c(=O)n(CC(=O)c1ccccc1OCC(=O)NC)c(=O)n2C,,9.0,1,9.0,9.0,IC50,B,cell-based format,cell_based,9,D,2007,,521.5780000000003,-0.14479999999999693,146.48000000000002,2,8,8,4,3,0.4230769230769231,0.3075427700009784
CHEMBL217455,CHEMBL217455,CC1(NCC(=O)N2CCC[C@H]2C#N)CCN(c2cc(C(=O)O)ccn2)CC1,,9.0,1,9.0,9.0,Ki,B,cell-based format,cell_based,9,D,2006,,371.44100000000014,1.2428799999999989,109.56,2,6,5,3,1,0.5789473684210527,0.8012435799642142
CHEMBL3704833,CHEMBL3704833,N#CC1CCCN1C(=O)CNCC(O)COc1ccccc1,,9.0,1,9.0,9.0,IC50,B,single protein format,single_protein,9,D,2015,,303.362,0.5304799999999997,85.59,2,5,7,2,1,0.5,0.7672827559993565
CHEMBL471834,CHEMBL471834,COCCOc1ccc2nc(C3(NC(=O)C[C@H](N)Cc4cc(F)c(F)cc4F)CCS(=O)(=O)CC3)sc2c1,,9.0,1,9.0,9.0,IC50,B,cell-based format,cell_based,9,D,2008,,571.6430000000001,3.219000000000001,120.60999999999999,2,8,10,4,3,0.44,0.28324665978153757
CHEMBL2441845,CHEMBL2441845,Cc1nc2c(c(-c3ccc(Cl)cc3Cl)c1CN)C(=O)N(CCC(=O)O)C2,,9.0,1,9.0,9.0,Ki,B,single protein format,single_protein,9,D,2013,,394.2580000000002,3.253020000000002,96.52,2,4,5,3,2,0.2777777777777778,0.8117056306594934
CHEMBL257376,CHEMBL257376,CC#CCn1c(NCCN)nc2cnn(Cc3nc(C)c4ccccc4n3)c(=O)c21,,9.0,1,9.0,9.0,IC50,B,cell-based format,cell_based,9,D,2008,,402.46200000000016,1.2868199999999996,116.53999999999999,2,7,6,4,4,0.2857142857142857,0.4667907327854142
CHEMBL3675637,CHEMBL3675637,CC#CCn1c(N2CCC[C@@H](N)C2)nc2c1C(=O)N(Cc1nc(C)c3ccccc3n1)C1=N[C@@H](C)CN12,,9.0,1,9.0,9.0,IC50,B,single protein format,single_protein,9,D,2014,,497.60700000000026,2.3060199999999993,108.77,1,8,4,6,3,0.4444444444444444,0.5511478236752312
CHEMBL1683506,CHEMBL1739540,CC(C)[C@@H](Nc1ccc(CNC(=O)[C@@H]2SCCN2C(=O)C[C@H](N)Cc2cc(F)c(F)cc2F)cc1)C(=O)O,,9.0,1,9.0,9.0,IC50,B,single protein format,single_protein,9,D,2011,,552.6190000000003,3.102800000000001,124.76,4,6,11,3,2,0.4230769230769231,0.3159323589814565
CHEMBL3903787,CHEMBL3903787,CC#CCn1c(N2CCC[C@@H](N)C2)nc2c1c(=O)n(Cc1ncc(C)c3ccccc13)c(=O)n2C,,9.0,1,9.0,9.0,IC50,B,single protein format,single_protein,8,H,2016,,471.5650000000002,1.7524199999999999,103.97000000000003,1,6,4,5,4,0.38461538461538464,0.45502754639271664
CHEMBL3893759,CHEMBL3893759,C/C=C/Cn1c(N2CCC[C@H](N)C2)nc2c1c(=O)n(CC(=O)c1ccccc1OCC(=O)NC)c(=O)n2C,,9.0,1,9.0,9.0,IC50,B,single protein format,single_protein,8,H,2016,,523.5940000000003,0.4080000000000022,146.48000000000002,2,8,9,4,3,0.4230769230769231,0.30286852080150506
CHEMBL3903110,CHEMBL3903110,CC#CCn1c(N2CCC[C@@H](N)C2)nc2c1c(=O)n(Cc1ncc3ccccc3n1)c(=O)n2C,,9.0,1,9.0,9.0,IC50,B,single protein format,single_protein,8,H,2016,,458.5260000000002,0.8390000000000004,116.86000000000001,1,7,4,5,4,0.375,0.4504974184322569
CHEMBL256121,CHEMBL256121,CC#CCn1c(N2CCC[C@@H](N)C2)nc2c(C)nn(Cc3nc(C)c4ccccc4n3)c(=O)c21,,9.0,1,9.0,9.0,IC50,B,cell-based format,cell_based,9,D,2008,,456.55400000000026,2.1521399999999993,107.75,1,7,4,5,4,0.4,0.4689194322087716
CHEMBL3694424,CHEMBL3694424,N[C@H]1C[C@@H](N2Cc3cn[nH]c3C2)CN(CC(=O)N2CC[C@@H](F)C2)C1c1cc(F)ccc1F,,9.0,1,9.0,9.0,IC50,B,assay format,other,9,D,2014,,448.49300000000017,1.7167999999999997,81.49,2,5,4,5,2,0.5454545454545454,0.7446212835830204
CHEMBL3645497,CHEMBL3645497,N[C@H]1C[C@@H](N2Cc3cn(S(=O)(=O)C4CC4)nc3C2)COC1c1cc(F)ccc1F,,9.0,1,9.0,9.0,IC50,B,single protein format,single_protein,9,D,2013,,424.4730000000001,1.6746999999999996,90.45,1,6,4,5,2,0.5263157894736842,0.8032134532144835
CHEMBL386369,CHEMBL386369,C#C[C@H]1CC[C@@H](C#N)N1C(=O)CNC1(C)CCN(c2cc(C(=O)O)ccn2)CC1,,9.0,1,9.0,9.0,Ki,B,cell-based format,cell_based,9,D,2006,,395.4630000000002,1.2446799999999991,109.56,2,6,5,3,1,0.5238095238095238,0.7220998081091543
CHEMBL4544024,CHEMBL4544024,CC#CCn1c(N2CCC[C@@H](N)C2)nc2c1c(=O)n(Cc1c(Br)cccc1C(=O)O)c(=O)n2C,,8.98,1,8.98,8.98,IC50,B,cell-based format,cell_based,9,D,2019,,529.3950000000001,1.3565000000000005,128.38000000000002,2,6,5,4,3,0.391304347826087,0.47796113315938293
CHEMBL94278,CHEMBL94278,N#C[C@@H]1CCCN1C(=O)[C@@H](N)C1CCCC1,,8.98,2,8.96,9.0,Ki,B,cell-based format;single protein format,mixed,9,D,1996;2006,,221.30399999999997,1.0184799999999994,70.12,1,3,2,2,0,0.8333333333333334,0.7564165133068194
CHEMBL3735329,CHEMBL3735329,N[C@H]1C[C@@H](N2Cc3cn(S(=O)(=O)C4CC4)nc3C2)CO[C@@H]1c1cc(F)ccc1F,,8.975000000000001,2,8.8,9.15,IC50,B,cell-based format;single protein format,mixed,9,D,2015;2021,,424.4730000000001,1.6746999999999996,90.45,1,6,4,5,2,0.5263157894736842,0.8032134532144835
CHEMBL3736190,CHEMBL3736190,N[C@H]1C[C@@H](N2Cc3cnn(S(=O)(=O)C4CC4)c3C2)CO[C@@H]1c1cc(F)ccc1F,,8.975000000000001,2,8.8,9.15,IC50,B,cell-based format;single protein format,mixed,9,D,2015;2021,,424.4730000000001,1.6746999999999996,90.45,1,6,4,5,2,0.5263157894736842,0.8032134532144835
CHEMBL3736085,CHEMBL3736085,N[C@H]1C[C@@H](N2Cc3cn(S(=O)(=O)C4CCCC4)nc3C2)CO[C@@H]1c1cc(F)ccc1F,,8.975000000000001,2,8.8,9.15,IC50,B,cell-based format;single protein format,mixed,9,D,2015;2021,,452.52700000000016,2.4549000000000003,90.45,1,6,4,5,2,0.5714285714285714,0.7665471849278483
CHEMBL5272644,CHEMBL5272644,CS(=O)(=O)c1cccc(C(=O)NC[C@@H]2CCCN2C(=O)C[C@H](N)[C@H]2CCc3cc(F)c(F)cc32)c1,,8.97,1,8.97,8.97,IC50,B,cell-based format,cell_based,9,D,2021,,505.5870000000003,2.5365,109.57000000000001,2,5,7,4,2,0.44,0.6011662392558187
CHEMBL3644461,CHEMBL3644461,N[C@H]1C[C@@H](N2Cc3nc(C(F)(F)F)[nH]c3C2)CSC1c1cc(F)ccc1F,,8.96,1,8.96,8.96,IC50,B,assay format,other,9,D,2014,,404.408,3.5964000000000027,57.94,2,4,2,4,2,0.47058823529411764,0.751454076686602
CHEMBL237488,CHEMBL237488,CC(C)=CCn1c(N2CCC[C@@H](N)C2)nc2c1c(=O)n(CC(=O)c1ccccc1)c(=O)n2C,,8.96,3,8.22,9.0,IC50,B,cell-based format;single protein format,mixed,9,D,2007;2013,,450.54300000000023,1.6732999999999996,108.15,1,6,6,4,3,0.4166666666666667,0.4521510914087564
CHEMBL382700,CHEMBL382700,N#C[C@@H]1CCCN1C(=O)[C@@H]1CC[C@H](COc2cc(C(=O)O)c[n+]([O-])c2Cl)N1,,8.96,3,8.96,9.01,Ki,B,cell-free format;single protein format,mixed,9,D,2006,,394.81500000000005,0.6855799999999999,129.6,2,6,5,3,1,0.5294117647058824,0.4264654935218773
CHEMBL3805179,CHEMBL3805179,N[C@H]1C[C@@H](N2Cc3nn4c(C(F)(F)F)ccnc4c3C2)CC[C@@H]1c1cc(F)c(F)cc1F,,8.96,1,8.96,8.96,IC50,B,single protein format,single_protein,9,D,2016,,455.40600000000023,4.144600000000003,59.45,1,4,2,5,3,0.42857142857142855,0.46621681397717435
CHEMBL564105,CHEMBL564105,CN(C[C@@H]1CCCN1C(=O)C[C@H](N)Cc1cc(F)c(F)cc1F)C(=O)C1CC1,,8.96,1,8.96,8.96,IC50,B,single protein format,single_protein,8,H,2009,,397.44100000000014,2.2232000000000003,66.64,1,3,7,3,1,0.6,0.7178299739346171
CHEMBL16834,CHEMBL16834,N#C[C@@H]1CCCN1C(=O)C(N)C1CCCC1,,8.96,1,8.96,8.96,Ki,B,single protein format,single_protein,8,H,1996,,221.30399999999997,1.0184799999999994,70.12,1,3,2,2,0,0.8333333333333334,0.7564165133068194
CHEMBL5275046,CHEMBL5275046,CN1CCN(S(=O)(=O)c2cccc(C(=O)NC[C@@H]3CCCN3C(=O)C[C@H](N)[C@H]3CCc4cc(F)c(F)cc43)c2)CC1,,8.96,1,8.96,8.96,IC50,B,cell-based format,cell_based,9,D,2021,,589.7090000000003,2.0691000000000015,116.05,2,6,8,5,2,0.5172413793103449,0.4873389349475007
CHEMBL4845890,CHEMBL4845890,CC#CCn1c(N2CCC[C@@H](N)C2)cc(=O)n(Cc2ccc(Cl)c(C(=O)OC)c2)c1=O,,8.96,1,8.96,8.96,IC50,B,single protein format,single_protein,9,D,2021,,444.9190000000002,1.4490999999999998,99.56,1,6,5,3,2,0.4090909090909091,0.5531613710766072
CHEMBL3805226,CHEMBL3805226,Cc1cc2nc3c(cn2n1)CN([C@H]1CC[C@H](c2cc(F)ccc2F)[C@@H](N)C1)C3,,8.96,1,8.96,8.96,IC50,B,single protein format,single_protein,9,D,2016,,383.44600000000014,3.2951200000000016,59.45,1,4,2,5,3,0.42857142857142855,0.7377587532469836
CHEMBL399791,CHEMBL399791,Cc1cc(CN2C[C@H](N)[C@H](C(=O)C3CCC[C@H]3C#N)C2)cc(C)c1C#N,,8.96,1,8.96,8.96,IC50,B,single protein format,single_protein,9,D,2007,,350.4660000000001,2.4432,93.91,1,5,4,3,1,0.5714285714285714,0.8999126505125712
CHEMBL1744354,CHEMBL488207,N#Cc1ccc(NCCNCC(=O)N2C[C@@H](F)C[C@H]2C#N)nc1,,8.96,1,8.96,8.96,IC50,B,cell-free format,other,9,D,2008,,316.34,0.4173599999999995,104.83999999999999,2,6,6,2,1,0.4666666666666667,0.7369141165480085
CHEMBL1215233,CHEMBL1215233,CCn1nccc1NC(=O)c1cn2c(-c3ccc(Cl)cc3Cl)c(CN)c(C)nc2n1,,8.96,1,8.96,8.96,Ki,B,single protein format,single_protein,9,D,2010,,444.32600000000025,3.9389200000000013,103.13,2,5,5,4,4,0.2,0.4855319870828995
CHEMBL3734828,CHEMBL3734828,CCS(=O)(=O)Nc1n[nH]c2c1CN([C@H]1CO[C@H](c3cc(F)ccc3F)[C@@H](N)C1)C2,,8.96,1,8.96,8.96,IC50,B,cell-based format,cell_based,9,D,2015,,427.47700000000015,1.6225999999999996,113.33999999999999,3,6,5,4,2,0.5,0.6684255519603118
CHEMBL3805871,CHEMBL3805871,N[C@H]1C[C@@H](N2Cc3nn4ccc(C(F)(F)F)nc4c3C2)CC[C@@H]1c1cc(F)c(F)cc1F,,8.96,1,8.96,8.96,IC50,B,single protein format,single_protein,9,D,2016,,455.40600000000023,4.144600000000003,59.45,1,4,2,5,3,0.42857142857142855,0.46621681397717435
CHEMBL3216064,CHEMBL1739125,COC(=O)[C@@H]1CCCN1C(=O)Cc1c(C)nc(CC(C)C)c(CN)c1-c1ccc(C)cc1,,8.96,1,8.96,8.96,IC50,B,cell-based format,cell_based,9,D,2011,,437.58400000000023,3.729140000000002,85.52,1,5,7,3,2,0.5,0.6673161328352226
CHEMBL1819090,CHEMBL1819090,Cn1c(=O)c2c(cc(N3CCC[C@@](C)(N)C3)n2Cc2cc(F)ccc2C#N)n(C)c1=O,,8.96,1,8.96,8.96,IC50,B,single protein format,single_protein,9,D,2011,,424.4800000000001,1.4153799999999996,101.97999999999999,1,5,3,4,3,0.4090909090909091,0.6851184961640329
CHEMBL3216725,CHEMBL1739116,Cc1ccc(-c2c(CC(=O)N3CCC[C@H]3C(N)=O)c(C)nc(CC(C)C)c2CN)cc1,,8.96,2,8.96,8.96,IC50,B,cell-based format,cell_based,9,D,2011,,422.5730000000002,3.0414400000000006,102.30999999999999,2,4,7,3,2,0.48,0.7157475729895879
CHEMBL4247480,CHEMBL4247480,Cc1ccc2nc(CNc3nc(C)cs3)n(/N=C/c3ccc(O)cc3)c(=O)c2c1,,8.95,1,8.95,8.95,IC50,B,single protein format,single_protein,9,D,2018,,405.4830000000002,3.669740000000002,92.4,2,7,5,4,4,0.14285714285714285,0.4943929751298284
CHEMBL5288974,CHEMBL5288974,Cc1ccc2cc(CNc3nc(C)cs3)n(/N=C/c3ccc(O)cc3)c(=O)c2c1,,8.95,1,8.95,8.95,IC50,B,single protein format,single_protein,9,D,2021,,404.4950000000002,4.274740000000003,79.50999999999999,2,6,5,4,4,0.13636363636363635,0.4868741629985222
CHEMBL3736423,CHEMBL3736423,Cn1cnc(S(=O)(=O)n2cc3c(n2)CN([C@H]2CO[C@H](c4cc(F)ccc4F)[C@@H](N)C2)C3)c1,,8.935,2,8.72,9.15,IC50,B,cell-based format;single protein format,mixed,9,D,2015;2021,,464.49800000000016,1.3048999999999995,108.27,1,7,4,5,3,0.4,0.6201522155797893
CHEMBL5219735,CHEMBL5219735,CCOC(=O)/C=C/OC(=O)[C@@H]1CCCN1C(=O)CN,,8.93,1,8.93,8.93,IC50,B,single protein format,single_protein,9,D,2022,,270.2849999999999,-0.4438999999999988,98.92999999999999,1,6,5,1,0,0.5833333333333334,0.4127329220808335
CHEMBL3142227,CHEMBL1739311,Cc1ccc(-c2c(CN)c(CC(C)C)nc3ccc(N4CC(=O)NCC4=O)cc23)cc1,,8.925,2,8.89,8.96,IC50,B,cell-based format,cell_based,9,D,2011,,416.5250000000002,3.3302200000000015,88.32,2,4,5,4,3,0.32,0.6677664486924573
CHEMBL241464,CHEMBL241464,N#Cc1cccnc1N1CCN([C@@H]2CN[C@H](C(=O)N3CCSC3)C2)CC1,,8.92,1,8.92,8.92,IC50,B,cell-free format,other,9,D,2007,,372.4980000000002,0.33868000000000054,75.5,1,7,3,4,1,0.6111111111111112,0.8198752525883322
CHEMBL231396,CHEMBL1182349,N[C@H]1CN(c2ccc3nc(=O)ccn3n2)CC[C@@H]1c1cc(F)c(F)cc1F,,8.92,1,8.92,8.92,IC50,B,single protein format,single_protein,8,H,2007,,375.35400000000004,1.8279999999999996,76.52,1,5,2,4,3,0.2777777777777778,0.6918727030802464
CHEMBL2058967,CHEMBL2058967,O=C([C@@H]1C[C@H](N2CCN(c3nc4ccccc4o3)CC2)CN1)N1CCSC1,,8.92,1,8.92,8.92,IC50,B,single protein format,single_protein,9,D,2012,,387.50900000000024,1.2132,64.85000000000001,1,7,3,5,2,0.5789473684210527,0.8493113560492282
CHEMBL3686750,CHEMBL3686750,N=C(N)NCCC[C@H](N)C(=S)N1CCC[C@H]1B(O)O,,8.92,1,8.92,8.92,IC50,B,single protein format,single_protein,9,D,2015,,287.198,-1.619229999999998,131.62,6,5,6,1,0,0.8,0.11371450460291685
CHEMBL1683508,CHEMBL1683508,CC(C)[C@H](Nc1ccc(CNC(=O)[C@@H]2SCCN2C(=O)C[C@H](N)Cc2cc(F)c(F)cc2F)cc1)C(=O)O,,8.92,1,8.92,8.92,IC50,B,single protein format,single_protein,9,D,2011,,552.6190000000003,3.102800000000001,124.76,4,6,11,3,2,0.4230769230769231,0.3159323589814565
CHEMBL4632639,CHEMBL4632639,CC#CC(CC(=O)O)c1ccc(OCc2cccc(CN3CCC4N=C(C5CC5)OC4C3)c2)cc1,,8.92,1,8.92,8.92,EC50,B,single protein format,single_protein,9,D,2020,,472.5850000000003,4.6288000000000045,71.36,1,5,9,5,2,0.4482758620689655,0.5391015916796584
CHEMBL2425895,CHEMBL2425895,CC#CCn1c(N2CCC[C@@H](N)C2)cc(=O)n(Cc2cc(Cl)c3ccccc3n2)c1=O,,8.92,1,8.92,8.92,IC50,B,single protein format,single_protein,9,D,2013,,437.93100000000015,2.2107,86.15,1,5,4,4,3,0.34782608695652173,0.6322720147719866
CHEMBL598470,CHEMBL598470,COc1cc2c(cc1OC)[C@@H]1CC(N)[C@@H](c3cc(CF)ccn3)CN1CC2,,8.92,1,8.92,8.92,IC50,B,single protein format,single_protein,8,H,2010,,371.45600000000013,2.9823000000000013,60.61000000000001,1,5,4,4,2,0.47619047619047616,0.89533923787244
CHEMBL4238698,CHEMBL4238698,Cc1csc(NC2c3cc(I)ccc3N=C(c3ccccc3)N2/N=C/c2cccc([N+](=O)[O-])c2)n1,,8.91,1,8.91,8.91,IC50,B,single protein format,single_protein,9,D,2018,,594.4380000000001,6.5030200000000065,96.02,1,8,6,5,4,0.08,0.11901828286377521
CHEMBL4164893,CHEMBL4164893,N#Cc1ccc(F)cc1Cn1c(N2CCC[C@@H](N)C2)nc2c(F)c(F)[nH]c2c1=O,,8.9,1,8.9,8.9,IC50,B,single protein format,single_protein,9,D,2017,,402.3800000000001,1.9893799999999993,103.72999999999999,2,5,3,4,3,0.3157894736842105,0.6974116684326374
CHEMBL241253,CHEMBL241253,N#Cc1ccc(N2CCN([C@@H]3CN[C@H](C(=O)N4CCSC4)C3)CC2)nc1,,8.9,2,8.8,9.0,IC50,B,cell-free format;single protein format,mixed,9,D,2007;2012,,372.49800000000016,0.33868000000000054,75.5,1,7,3,4,1,0.6111111111111112,0.8198752525883322
CHEMBL3675622,CHEMBL3675622,CC#CCn1c(N2CCC[C@@H](N)C2)nc2c1C(=O)N(Cc1nc(C)c3ccccc3n1)C1=NCCCN12,,8.89,1,8.89,8.89,IC50,B,single protein format,single_protein,9,D,2014,,497.6070000000003,2.307619999999999,108.77,1,8,4,6,3,0.4444444444444444,0.5511548835672078
CHEMBL554908,CHEMBL554908,N[C@@H](CC(=O)N1CCC[C@H]1CNC(=O)C1CC1(F)F)Cc1cc(F)c(F)cc1F,,8.89,1,8.89,8.89,IC50,B,single protein format,single_protein,8,H,2009,,419.3940000000001,2.1262,75.43,2,3,7,3,1,0.5789473684210527,0.5253349460632257
CHEMBL2425060,CHEMBL2425060,N[C@H]1C[C@@H](N2Cc3cnc(C(F)(F)F)nc3C2)CO[C@@H]1c1cc(F)c(F)cc1F,,8.89,1,8.89,8.89,IC50,B,single protein format,single_protein,9,D,2013,,418.34100000000007,3.0858000000000017,64.27,1,5,2,4,2,0.4444444444444444,0.6000792448272289
CHEMBL238515,CHEMBL238515,N#Cc1ccc(N2CCN([C@@H]3CN[C@H](C(=O)N4CCSC4)C3)CC2)cc1C#N,,8.89,1,8.89,8.89,IC50,B,cell-free format,other,9,D,2007,,396.5200000000002,0.8153599999999996,86.4,1,7,3,4,1,0.55,0.8092363576286746
CHEMBL4863369,CHEMBL4863369,CC#CCn1c(N2CCC[C@@H](N)C2)cc(=O)n(Cc2cc(Br)cc(C(=O)OC)c2)c1=O,,8.89,1,8.89,8.89,IC50,B,single protein format,single_protein,9,D,2021,,489.3700000000002,1.5581999999999998,99.56,1,6,5,3,2,0.4090909090909091,0.505811950365794
CHEMBL1779714,CHEMBL1779714,CC(C)(C)SC[C@@H]1C(=O)NCCN1C(=O)C[C@H](N)Cc1cc(F)c(F)cc1F,,8.89,1,8.89,8.89,IC50,B,single protein format,single_protein,9,D,2011,,417.49700000000007,2.2225,75.43,2,4,6,2,1,0.5789473684210527,0.6963670323695652
CHEMBL216957,CHEMBL216957,C#C[C@H]1CC[C@@H](C#N)N1C(=O)CNC1(C)CCN(c2ccc(C(=O)O)cn2)CC1,,8.89,1,8.89,8.89,Ki,B,cell-based format,cell_based,9,D,2006,,395.4630000000002,1.2446799999999996,109.56,2,6,5,3,1,0.5238095238095238,0.7220998081091543
CHEMBL4851477,CHEMBL4851477,CC#CCn1c(N2CCC[C@@H](N)C2)cc(=O)n(Cc2ccc(Br)c(C(=O)OC)c2)c1=O,,8.89,1,8.89,8.89,IC50,B,single protein format,single_protein,9,D,2021,,489.3700000000002,1.5581999999999998,99.56,1,6,5,3,2,0.4090909090909091,0.505811950365794
CHEMBL3735461,CHEMBL3735461,N[C@H]1C[C@@H](N2Cc3[nH]nc(NS(=O)(=O)CC(F)(F)F)c3C2)CO[C@@H]1c1cc(F)ccc1F,,8.89,1,8.89,8.89,IC50,B,cell-based format,cell_based,9,D,2015,,481.4470000000002,2.164999999999999,113.33999999999999,3,6,5,4,2,0.5,0.5645498219594861
CHEMBL429115,CHEMBL429115,Cc1cc(CN2C[C@H](N)[C@H](C(=O)C3CCC[C@H]3C#N)C2)ccc1C#N,,8.89,1,8.89,8.89,IC50,B,single protein format,single_protein,9,D,2007,,336.4390000000001,2.1347799999999992,93.91,1,5,4,3,1,0.55,0.9088127983917983
CHEMBL1215448,CHEMBL1215448,Cc1nc2nc(C(=O)NCCc3ccncc3)cn2c(-c2ccc(Cl)cc2Cl)c1CN,,8.89,1,8.89,8.89,Ki,B,single protein format,single_protein,9,D,2010,,455.3490000000002,3.837720000000002,98.2,2,5,6,4,4,0.18181818181818182,0.46056331501967057
CHEMBL3645494,CHEMBL3645494,N[C@H]1C[C@@H](N2Cc3cn(S(=O)(=O)C4CCCC4)nc3C2)COC1c1cc(F)c(F)cc1F,,8.89,1,8.89,8.89,IC50,B,single protein format,single_protein,9,D,2013,,470.51700000000017,2.5940000000000003,90.45,1,6,4,5,2,0.5714285714285714,0.6912605448841335
CHEMBL5277490,CHEMBL5277490,C#CCn1c(N2CCC[C@H](N)C2)nc2c1c(=O)n(Cc1nc(C)c3ccccc3n1)c(=O)n2C,,8.88,1,8.88,8.88,IC50,B,single protein format,single_protein,9,D,2021,,458.52600000000024,0.7573200000000002,116.86000000000001,1,7,4,5,4,0.375,0.44879415271499395
CHEMBL4249193,CHEMBL4249193,O=[N+]([O-])c1cccc(/C=N/N2C(c3ccccc3)=Nc3ccccc3C2Nc2nccs2)c1,,8.88,1,8.88,8.88,IC50,B,single protein format,single_protein,9,D,2018,,454.5150000000001,5.590000000000003,96.02,1,8,6,5,4,0.041666666666666664,0.2327186100619288
CHEMBL1651764,CHEMBL1651764,Cc1csc2nc(N3CCC[C@@H](N)C3)n(Cc3ccccc3C#N)c(=O)c12,,8.88,1,8.88,8.88,IC50,B,single protein format,single_protein,8,H,2011,,379.4890000000001,2.613900000000001,87.94,1,6,3,4,3,0.35,0.7556849238613521
CHEMBL245585,CHEMBL245585,NC1CN(c2cc(-c3cccc(C(=O)O)c3)ncn2)CC1c1cc(F)c(F)cc1F,,8.870000000000001,2,8.74,9.0,Ki,B,cell-free format;single protein format,mixed,9,D,2007,,414.3870000000001,3.1902000000000017,92.34,2,5,4,4,3,0.19047619047619047,0.6373808910491943
CHEMBL3645492,CHEMBL3645492,N[C@H]1C[C@@H](N2Cc3cnn(S(=O)(=O)C4CCCC4)c3C2)CO[C@@H]1c1cc(F)ccc1F,,8.870000000000001,2,8.59,9.15,IC50,B,single protein format,single_protein,9,D,2013;2021,,452.5270000000002,2.4549000000000003,90.45,1,6,4,5,2,0.5714285714285714,0.766547184927848
CHEMBL3400965,CHEMBL3547174,Cc1oc(=O)oc1COC(=O)c1ccc2c3nc(N4CCC[C@@H](N)C4)n(Cc4ccccc4Cl)c3c(=O)n(C)c2c1,,8.85,1,8.85,8.85,IC50,B,single protein format,single_protein,9,D,2015,,578.0250000000002,3.729020000000002,138.73,1,9,6,6,5,0.3103448275862069,0.29898299008444795
CHEMBL3350934,CHEMBL3350934,C=CC1([C@H](N)C(=O)N2[C@H](C#N)C[C@@H]3C[C@@H]32)CCCCC1,,8.85,1,8.85,8.85,Ki,B,single protein format,single_protein,9,D,2005,,273.38,1.9631799999999993,70.12,1,3,3,3,0,0.75,0.7990913642986915
CHEMBL2425070,CHEMBL2425070,N[C@H]1C[C@@H](N2Cc3cn[nH]c3C2)CO[C@@H]1c1cc(F)ccc1F,,8.85,1,8.85,8.85,IC50,B,single protein format,single_protein,9,D,2013,,320.343,1.8609999999999998,67.17,2,4,2,4,2,0.4375,0.8862493719457855
CHEMBL1215376,CHEMBL1215376,Cc1nc2nc(C(=O)NCCc3ccccn3)cn2c(-c2ccc(Cl)cc2Cl)c1CN,,8.85,1,8.85,8.85,Ki,B,single protein format,single_protein,9,D,2010,,455.3490000000002,3.837720000000002,98.2,2,5,6,4,4,0.18181818181818182,0.46056331501967057
CHEMBL3805937,CHEMBL3805937,N[C@H]1C[C@@H](N2Cc3nn4c(C(F)(F)F)ccnc4c3C2)CO[C@@H]1c1cc(F)c(F)cc1F,,8.85,1,8.85,8.85,IC50,B,single protein format,single_protein,9,D,2016,,457.3780000000002,3.3385000000000025,68.68,1,5,2,5,3,0.4,0.4724771387062436
CHEMBL196881,CHEMBL196881,CS(=O)(=O)c1ccc(-c2nc3c(s2)CCN(C(=O)C[C@H](N)Cc2cc(F)ccc2F)C3)cc1,,8.85,1,8.85,8.85,IC50,B,single protein format,single_protein,9,D,2005,,491.58500000000026,3.3366000000000016,93.36,1,6,6,4,3,0.30434782608695654,0.5709943340729865
CHEMBL3736135,CHEMBL3736135,CCC(=O)Nc1n[nH]c2c1CN([C@H]1CO[C@H](c3cc(F)ccc3F)[C@@H](N)C1)C2,,8.85,1,8.85,8.85,IC50,B,cell-based format,cell_based,9,D,2015,,391.42200000000014,2.2095000000000002,96.27,3,5,4,4,2,0.47368421052631576,0.7426866522111508
CHEMBL379999,CHEMBL379999,N#C[C@@H]1CCCN1C(=O)[C@@H]1CC[C@H](COc2ccc(C(=O)O)cc2Cl)N1,,8.85,3,8.82,9.03,Ki,B,cell-free format;single protein format,mixed,9,D,2006,,377.8280000000001,2.05218,102.66000000000001,2,5,5,3,1,0.5,0.8136686481080531
CHEMBL437341,CHEMBL1185862,N[C@H]1CC(C(=O)N2CCn3c(nnc3C(F)(F)F)C2)=CC[C@@H]1c1cc(F)c(F)c(F)c1,,8.845,2,8.8,8.89,Ki,B,single protein format,single_protein,9,D,2006,,445.36700000000013,2.8877000000000006,77.04,1,4,2,4,2,0.42105263157894735,0.5699259663437418
CHEMBL4173673,CHEMBL4173673,CS(=O)(=O)c1ccc(-c2c[nH]c3c(=O)n(Cc4cc(F)ccc4C#N)c(N4CCC[C@@H](N)C4)nc23)cc1F,,8.84,1,8.84,8.84,IC50,B,single protein format,single_protein,9,D,2017,,538.5800000000004,2.9207800000000006,137.87,2,7,5,5,4,0.2692307692307692,0.39848435686884454
CHEMBL394837,CHEMBL394837,Cc1ccccc1C[C@@H]1C(=O)N[C@H](C)CCN1C(=O)C[C@H](N)Cc1cc(F)c(F)cc1F,,8.83,1,8.83,8.83,IC50,B,single protein format,single_protein,8,H,2007,,447.5010000000002,3.0205200000000003,75.43,2,3,6,3,2,0.4166666666666667,0.6688393763181898
CHEMBL1910115,CHEMBL1910115,Cc1nc2c(c(-c3ccc(Cl)cc3Cl)c1CN)CN(CC(N)=O)C2=O,,8.82,1,8.82,8.82,Ki,B,single protein format,single_protein,8,H,2011,,379.2470000000002,2.2636200000000004,102.31,2,4,4,3,2,0.23529411764705882,0.8507190947634343
CHEMBL558452,CHEMBL558452,CN(C[C@@H]1CCCN1C(=O)C[C@H](N)Cc1cc(F)c(F)cc1F)S(=O)(=O)C(F)(F)F,,8.82,1,8.82,8.82,IC50,B,single protein format,single_protein,8,H,2009,,461.42800000000005,2.1361999999999997,83.71000000000001,1,4,7,2,1,0.5882352941176471,0.4983446333547999
CHEMBL241252,CHEMBL241252,O=C([C@@H]1C[C@H](N2CCN(c3ccc(C(F)(F)F)cn3)CC2)CN1)N1CCSC1,,8.82,1,8.82,8.82,IC50,B,cell-free format,other,9,D,2007,,415.48500000000024,1.4858,51.71000000000001,1,6,3,4,1,0.6666666666666666,0.8074839763198625
CHEMBL1951595,CHEMBL1951595,COc1cccc(C(=O)Cn2c(=O)c3c(c(C#N)c(N4CCC[C@H](N)C4)n3Cc3ccccc3)n(C)c2=O)c1,,8.82,1,8.82,8.82,IC50,B,single protein format,single_protein,9,D,2012,,526.5970000000003,2.2406800000000002,128.28,1,7,7,5,4,0.3103448275862069,0.3658593502017842
CHEMBL1215375,CHEMBL1215375,Cc1nc2nc(C(=O)NCCc3cccnc3)cn2c(-c2ccc(Cl)cc2Cl)c1CN,,8.82,1,8.82,8.82,Ki,B,single protein format,single_protein,9,D,2010,,455.3490000000002,3.837720000000002,98.2,2,5,6,4,4,0.18181818181818182,0.46056331501967057
CHEMBL3644464,CHEMBL3644464,Cc1nc2c([nH]1)CN([C@H]1CSC(c3cc(F)ccc3F)[C@@H](N)C1)C2,,8.82,1,8.82,8.82,IC50,B,assay format,other,9,D,2014,,350.4380000000001,2.8860200000000003,57.94,2,4,2,4,2,0.47058823529411764,0.8744092481331478
CHEMBL3632864,CHEMBL3632864,CC[C@@H](C)[C@H](N)C(=O)N1CCC[C@H]1C#N,,8.82,1,8.82,8.82,IC50,B,single protein format,single_protein,9,D,2015,,209.29299999999995,0.8743799999999998,70.12,1,3,3,1,0,0.8181818181818182,0.7495477539796327
CHEMBL385517,CHEMBL385517,N#C[C@@H]1C[C@@H]2C[C@@H]2N1C(=O)[C@@H](N)C12CC3CC(CC(O)(C3)C1)C2,SAXAGLIPTIN ANHYDROUS,8.82,11,7.3,9.52,IC50;Kd;Ki,B,cell-based format;single protein format,mixed,8;9,D;H,2005;2009;2010;2011;2013;2014;2016;2022;2023;2024,4,315.4170000000001,1.157979999999999,90.35000000000001,2,4,2,6,0,0.8888888888888888,0.7998067802808753
CHEMBL380090,CHEMBL380090,N#C[C@@H]1CCCN1C(=O)[C@@H]1CC[C@H](COc2ccc(C(=O)O)c3ccccc23)N1,,8.82,3,8.8,9.02,Ki,B,cell-free format;single protein format,mixed,9,D,2006,,393.4430000000001,2.5519800000000004,102.66000000000001,2,5,5,4,2,0.4090909090909091,0.8093305390908087
CHEMBL3805400,CHEMBL3805400,Cc1ccn2nc3c(c2n1)CN([C@H]1CO[C@H](c2cc(F)ccc2F)[C@@H](N)C1)C3,,8.82,1,8.82,8.82,IC50,B,single protein format,single_protein,9,D,2016,,385.4180000000001,2.489020000000001,68.67999999999999,1,5,2,5,3,0.4,0.7341304491527895
CHEMBL3805502,CHEMBL3805502,N[C@H]1C[C@@H](N2Cc3nn4ccc(C(F)(F)F)nc4c3C2)CO[C@@H]1c1cc(F)c(F)cc1F,,8.82,1,8.82,8.82,IC50,B,single protein format,single_protein,9,D,2016,,457.3780000000002,3.3385000000000016,68.68,1,5,2,5,3,0.4,0.4724771387062436
CHEMBL487860,CHEMBL487860,CC(C)(CNC(=O)c1ccc2[nH]nnc2c1)NCC(=O)N1C[C@@H](F)C[C@H]1C#N,,8.82,1,8.82,8.82,IC50,B,cell-free format,other,9,D,2008,,387.41900000000015,0.5184800000000012,126.80000000000001,3,6,6,3,2,0.5,0.6631646616206008
CHEMBL371585,CHEMBL371585,N#C[C@@H]1CCCN1C(=O)[C@@H]1C[C@H](NC(=O)Nc2ccccc2)CN1,,8.82,1,8.82,8.82,IC50,B,single protein format,single_protein,9,D,2005,,327.3880000000001,1.05318,97.26,3,4,3,3,1,0.47058823529411764,0.7729096957382221
CHEMBL2347039,CHEMBL2347039,CC#CCn1c(N2CCC[C@@H](N)C2)nc2ccn(Cc3nc(C)c4ccccc4n3)c2c1=O,,8.81,1,8.81,8.81,IC50,B,single protein format,single_protein,9,D,2013,,441.53900000000027,2.44872,94.86000000000001,1,6,4,5,4,0.36,0.4890379257591644
CHEMBL4161924,CHEMBL4161924,CS(=O)(=O)c1ccccc1-c1c[nH]c2c(=O)n(Cc3cc(F)ccc3C#N)c(N3CCC[C@@H](N)C3)nc12,,8.8,1,8.8,8.8,IC50,B,single protein format,single_protein,9,D,2017,,520.5900000000004,2.7816800000000006,137.87,2,7,5,5,4,0.2692307692307692,0.41265329645877624
CHEMBL2408771,CHEMBL2408771,CC(C)=CCn1c(N2CC3CCCNC3C2)nc2c1c(=O)n(CC(=O)c1ccccc1)c(=O)n2C,,8.8,1,8.8,8.8,IC50,B,single protein format,single_protein,9,D,2013,,476.5810000000003,1.9339999999999995,94.16,1,6,6,5,3,0.46153846153846156,0.4317060286652109
CHEMBL209941,CHEMBL209941,N#C[C@@H]1CCCN1C(=O)[C@@H]1CC[C@H](COc2ccc(Cl)cc2Cl)N1,,8.8,1,8.8,8.8,Ki,B,single protein format,single_protein,9,D,2006,,368.264,3.0073800000000013,65.36,1,4,4,3,1,0.5294117647058824,0.8874894389694327
CHEMBL391466,CHEMBL391466,O=C([C@@H]1C[C@H](N2CCN(c3ccc([N+](=O)[O-])cc3)CC2)CN1)N1CCSC1,,8.8,1,8.8,8.8,IC50,B,cell-free format,other,9,D,2007,,391.4970000000003,0.9802000000000002,81.96,1,7,4,4,1,0.6111111111111112,0.6051677491804657
CHEMBL4846335,CHEMBL4846335,CC#CCn1c(N2CCC[C@@H](N)C2)cc(=O)n(Cc2ccc(F)c(C(=O)OC)c2)c1=O,,8.8,1,8.8,8.8,IC50,B,single protein format,single_protein,9,D,2021,,428.46400000000017,0.9347999999999999,99.56,1,6,5,3,2,0.4090909090909091,0.5620569715003841
CHEMBL434740,CHEMBL434740,N[C@H]1CN(c2cc(N3CCC(F)(F)C3)ncn2)C(=O)C[C@@H]1c1cc(F)c(F)cc1F,,8.8,1,8.8,8.8,Ki,B,single protein format,single_protein,9,D,2007,,427.37700000000007,2.5871000000000004,75.35,1,5,3,4,2,0.42105263157894735,0.6022125398664319
CHEMBL2058759,CHEMBL2058759,O=C([C@@H]1C[C@H](N2CCN(c3ccnc4cc(C(F)(F)F)ccc34)CC2)CN1)N1CCSC1,,8.8,1,8.8,8.8,IC50,B,single protein format,single_protein,9,D,2012,,465.5450000000003,2.6390000000000002,51.71000000000001,1,6,3,5,2,0.5454545454545454,0.7524745156787938
CHEMBL2147073,CHEMBL2219987,Cn1c(=O)c2c(nc(N3CCC[C@@H](N)C3)n2Cc2ccccc2Cl)c2ccc(C(=O)O)cc21,,8.8,1,8.8,8.8,IC50,B,single protein format,single_protein,9,D,2012,,465.9410000000001,3.215600000000001,106.38000000000001,2,5,4,5,4,0.2916666666666667,0.4790039698443739
CHEMBL5279728,CHEMBL5279728,CC#CCn1c(N2CCC[C@@H](N)C2)cc(=O)n(Cc2ccc(Cl)c(C(=O)N(C)C)c2)c1=O,,8.8,1,8.8,8.8,IC50,B,single protein format,single_protein,9,D,2021,,457.9620000000002,1.3643,93.57,1,5,5,3,2,0.43478260869565216,0.6841754161627209
CHEMBL3734964,CHEMBL3734964,N[C@H]1C[C@@H](N2Cc3[nH]nc(NC(=O)C4CC4)c3C2)CO[C@@H]1c1cc(F)ccc1F,,8.8,1,8.8,8.8,IC50,B,cell-based format,cell_based,9,D,2015,,403.4330000000001,2.2094999999999994,96.27,3,5,4,5,2,0.5,0.7274983161722134
CHEMBL184527,CHEMBL1181607,CC(C)[C@@H](Oc1ccc(CNC(=O)[C@@H]2CCCN2C(=O)CC(N)Cc2cc(Cl)ccc2F)cc1)C(=O)O,,8.8,1,8.8,8.8,IC50,B,single protein format,single_protein,9,D,2004,,534.0280000000002,3.5344000000000015,121.96,3,5,11,3,2,0.4444444444444444,0.40599060653484387
CHEMBL3697941,CHEMBL3697941,CS(=O)(=O)n1cc2c(n1)CN([C@@H]1C[C@H](N)C(c3cc(F)ccc3F)N(CC3CC3)C1)C2,,8.8,1,8.8,8.8,IC50,B,assay format,other,9,D,2014,,451.54300000000023,1.8374999999999995,84.46,1,6,5,5,2,0.5714285714285714,0.7469319490120877
CHEMBL402163,CHEMBL1185242,CS(=O)(=O)c1ccc(-c2noc([C@@H](CC3CC3)[C@H](N)C(F)=C3CCCC3)n2)c(Cl)c1,,8.8,2,7.92,9.68,IC50,B,assay format;single protein format,mixed,9,D,2008;2013,,453.9670000000002,4.802100000000004,99.08,1,6,7,4,2,0.5238095238095238,0.6457979678765425
CHEMBL3675624,CHEMBL3675624,CC(C)=CCn1c(N2CCC[C@@H](N)C2)nc2c1C(=O)N(Cc1nc(C)c3ccccc3n1)C1=NCCN12,,8.8,1,8.8,8.8,IC50,B,single protein format,single_protein,9,D,2014,,499.62300000000033,2.8604200000000013,108.77,1,8,5,6,3,0.4444444444444444,0.5378448254685991
CHEMBL1683560,CHEMBL1683560,N[C@H]1CN(c2cc(N3CCc4nocc4C3)ncn2)C[C@@H]1c1ccccc1,,8.8,1,8.8,8.8,IC50,B,single protein format,single_protein,9,D,2011,,362.43700000000007,1.9583999999999988,84.31,1,7,3,5,3,0.35,0.7622439093725615
CHEMBL3644457,CHEMBL3644457,CC(C)(F)Cn1cc2c(n1)CN([C@H]1CSC(c3cc(F)cc(F)c3F)[C@@H](N)C1)C2,,8.8,1,8.8,8.8,IC50,B,assay format,other,9,D,2014,,428.49900000000014,3.938200000000003,47.08,1,4,4,4,2,0.55,0.5920956289571512
CHEMBL3645493,CHEMBL3645493,N[C@H]1C[C@@H](N2Cc3cn(S(=O)(=O)C4CCCC4)nc3C2)COC1c1cc(F)ccc1F,,8.8,1,8.8,8.8,IC50,B,single protein format,single_protein,9,D,2013,,452.52700000000016,2.4549000000000003,90.45,1,6,4,5,2,0.5714285714285714,0.7665471849278483
CHEMBL364103,CHEMBL1184688,CC(C)[C@@H](Oc1ccc(CNC(=O)[C@@H]2CCCN2C(=O)CC(N)Cc2cc(F)c(F)cc2F)cc1)C(=O)O,,8.8,1,8.8,8.8,IC50,B,single protein format,single_protein,9,D,2004,,535.5630000000002,3.159200000000001,121.96,3,5,11,3,2,0.4444444444444444,0.3802720392966529
CHEMBL3645495,CHEMBL3645495,N[C@H]1C[C@@H](N2Cc3cnn(S(=O)(=O)C4CC4)c3C2)COC1c1cc(F)ccc1F,,8.8,1,8.8,8.8,IC50,B,single protein format,single_protein,9,D,2013,,424.4730000000001,1.6746999999999996,90.45,1,6,4,5,2,0.5263157894736842,0.8032134532144835
CHEMBL3686746,CHEMBL3686746,CCC[C@H](N)C(=S)N1CCC[C@H]1B(O)O,,8.8,1,8.8,8.8,IC50,B,single protein format,single_protein,9,D,2015,,230.142,-0.08239999999999986,69.72,3,4,4,1,0,0.8888888888888888,0.4651379796938997
CHEMBL2425069,CHEMBL2425069,N[C@H]1C[C@@H](N2Cc3nc(C(F)(F)F)[nH]c3C2)CO[C@@H]1c1cc(F)ccc1F,,8.8,1,8.8,8.8,IC50,B,single protein format,single_protein,9,D,2013,,388.34000000000003,2.8798000000000012,67.17,2,4,2,4,2,0.47058823529411764,0.7768574297897168
CHEMBL399405,CHEMBL399405,N#Cc1ccnc(N2CCN([C@@H]3CN[C@H](C(=O)N4CCSC4)C3)CC2)c1,,8.8,1,8.8,8.8,IC50,B,cell-free format,other,9,D,2007,,372.4980000000002,0.33868000000000054,75.5,1,7,3,4,1,0.6111111111111112,0.8198752525883322
CHEMBL4242883,CHEMBL4242883,COc1ccc(/C=N/N2C(c3ccccc3)=Nc3ccc(I)cc3C2Nc2nccs2)cc1,,8.79,1,8.79,8.79,IC50,B,single protein format,single_protein,9,D,2018,,565.44,6.295000000000004,62.11,1,7,6,5,4,0.08,0.22048945149044605
CHEMBL4173272,CHEMBL4173272,N#Cc1ccc(F)cc1Cn1c(N2CCC[C@@H](N)C2)nc2c(-c3ccc(S(N)(=O)=O)cc3)c[nH]c2c1=O,,8.79,1,8.79,8.79,IC50,B,single protein format,single_protein,9,D,2017,,521.5780000000002,2.0255799999999997,163.89,3,7,5,5,4,0.24,0.3615148455350366
CHEMBL246530,CHEMBL246530,CS(=O)(=O)c1cccc(-c2ncnc(N3CC(N)C(c4cc(F)c(F)cc4F)C3)n2)c1,,8.785,2,8.68,8.89,Ki,B,cell-free format;single protein format,mixed,9,D,2007,,449.45800000000014,2.2905000000000006,102.07000000000001,1,7,4,4,3,0.25,0.6099778198954828
CHEMBL5993878,CHEMBL5993878,N[C@H]1C[C@@H](n2ncc(N3CC[C@](O)(C(=O)NCc4cc(F)cc(Cl)c4)C3=O)n2)CO[C@@H]1c1cc(F)ccc1F,,8.78,1,8.78,8.78,IC50,B,single protein format,single_protein,9,D,2020,,564.9520000000002,2.1629999999999994,135.6,3,7,6,5,3,0.36,0.39044810838023764
CHEMBL4161474,CHEMBL4161474,N#Cc1ccc(F)cc1Cn1c(N2CCC[C@@H](N)C2)nc2c(Br)c(Br)[nH]c2c1=O,,8.78,1,8.78,8.78,IC50,B,single protein format,single_protein,9,D,2017,,524.1920000000001,3.23618,103.72999999999999,2,5,3,4,3,0.3157894736842105,0.5481418443954058
CHEMBL67279,CHEMBL67279,CC(C)[C@H](N)C(=O)N1CCC[C@H]1B(O)O,TALABOSTAT,8.77,11,6.16,10.0,IC50;Ki,B,assay format;single protein format,mixed,8;9,D;H,1996;2002;2007;2011;2012;2013;2015;2021,3,214.07399999999998,-1.0272999999999988,86.79,3,4,3,1,0,0.8888888888888888,0.5241766151109037
CHEMBL1779708,CHEMBL1779708,N[C@@H](CC(=O)N1CCNC(=O)[C@H]1COC1CCCC1)Cc1cc(F)c(F)cc1F,,8.77,1,8.77,8.77,IC50,B,single protein format,single_protein,9,D,2011,,413.4400000000001,1.6499999999999997,84.66000000000001,2,4,7,3,1,0.6,0.6661066476190212
CHEMBL3805346,CHEMBL3805346,N[C@H]1C[C@@H](N2Cc3cnc4nc(C5CC5)nn4c3C2)CC[C@@H]1c1cc(F)c(F)cc1F,,8.77,1,8.77,8.77,IC50,B,single protein format,single_protein,9,D,2016,,428.46200000000016,3.398200000000001,72.34,1,5,3,6,3,0.5,0.6477385992929032
CHEMBL210995,CHEMBL210995,N#C[C@@H]1CCCN1C(=O)[C@@H]1C[C@H](C(=O)N2Cc3ccccc3C2)CN1,,8.77,1,8.77,8.77,IC50,B,single protein format,single_protein,9,D,2006,,338.4110000000001,1.0214799999999995,76.44,1,4,2,4,1,0.5263157894736842,0.8734753349480521
CHEMBL4165359,CHEMBL4165359,CC(C)S(=O)(=O)c1ccc(-c2c[nH]c3c(=O)n(Cc4cc(F)ccc4C#N)c(N4CCC[C@@H](N)C4)nc23)cc1,,8.77,1,8.77,8.77,IC50,B,single protein format,single_protein,9,D,2017,,548.6440000000003,3.5602800000000014,137.87,2,7,6,5,4,0.32142857142857145,0.3757303145198434
CHEMBL3687984,CHEMBL3687984,CN1C(=O)Cn2c1nc1nc(N3CCC[C@@H](N)C3)n(Cc3cc(F)ccc3C#N)c1c2=O,,8.77,1,8.77,8.77,IC50,B,single protein format,single_protein,9,D,2015,,436.4510000000002,0.5559799999999995,126.07,1,7,3,5,3,0.38095238095238093,0.6355596098367948
CHEMBL3735694,CHEMBL3735694,CC(C)S(=O)(=O)c1n[nH]c2c1CN([C@H]1CO[C@H](c3cc(F)ccc3F)[C@@H](N)C1)C2,,8.77,1,8.77,8.77,IC50,B,cell-based format,cell_based,9,D,2015,,426.48900000000015,2.0431,101.31,2,6,4,4,2,0.5263157894736842,0.7760215515978747
CHEMBL3735917,CHEMBL3735917,CS(=O)(=O)c1n[nH]c2c1CN([C@H]1CO[C@H](c3cc(F)ccc3F)[C@@H](N)C1)C2,,8.77,1,8.77,8.77,IC50,B,cell-based format,cell_based,9,D,2015,,398.4350000000001,1.2644999999999997,101.31,2,6,3,4,2,0.47058823529411764,0.8074269923666436
CHEMBL3644463,CHEMBL3644463,NC(=O)Cn1cc2c(n1)CN([C@H]1CSC(c3cc(F)cc(F)c3F)[C@@H](N)C1)C2,,8.77,1,8.77,8.77,IC50,B,assay format,other,9,D,2014,,411.45300000000015,1.6754000000000002,90.17,2,5,4,4,2,0.4444444444444444,0.7474604799136537
CHEMBL327187,CHEMBL327187,CCC(C)[C@H](N)C(=O)N1CCS[C@H]1C#N,,8.77,1,8.77,8.77,Ki,B,single protein format,single_protein,9,D,1996,,227.33299999999997,0.7848800000000001,70.12,1,4,3,1,0,0.8,0.773381463670259
CHEMBL3697940,CHEMBL3697940,CS(=O)(=O)n1cc2c(n1)CN([C@@H]1C[C@H](N)C(c3cc(F)ccc3F)N(CCO)C1)C2,,8.77,1,8.77,8.77,IC50,B,assay format,other,9,D,2014,,441.5040000000002,0.41979999999999934,104.69,2,7,5,4,2,0.5263157894736842,0.6929798665415917
CHEMBL601937,CHEMBL601937,COc1cc2c(cc1OC)[C@@H]1CC(N)[C@@H](c3cc(C)ccc3C)CN1CC2,,8.77,1,8.77,8.77,IC50,B,single protein format,single_protein,8,H,2010,,366.50500000000017,3.7346400000000033,47.720000000000006,1,4,3,4,2,0.4782608695652174,0.8990440654119859
CHEMBL366048,CHEMBL1184740,CC(C)[C@@H](Oc1ccc(CNC(=O)[C@@H]2CCCN2C(=O)CC(N)Cc2ccc(F)cc2Cl)cc1)C(=O)O,,8.77,1,8.77,8.77,IC50,B,single protein format,single_protein,9,D,2004,,534.0280000000002,3.5344000000000015,121.96,3,5,11,3,2,0.4444444444444444,0.40599060653484387
CHEMBL5270313,CHEMBL5270313,CC#CCN1C(N2CCC[C@@H](NC(=O)OC(C)(C)C)C2)=NC2N=C3N(C)C(=O)CN3C(=O)C21,,8.77,1,8.77,8.77,IC50,B,single protein format,single_protein,9,D,2018,,457.53500000000025,0.035300000000001885,110.15,1,8,2,4,0,0.6818181818181818,0.5864036122555494
CHEMBL1651767,CHEMBL1651767,Cc1csc2c(=O)n(Cc3ccccc3C#N)c(N3CCC[C@@H](N)C3)nc12,,8.76,1,8.76,8.76,IC50,B,single protein format,single_protein,8,H,2011,,379.4890000000002,2.6139,87.94,1,6,3,4,3,0.35,0.755684923861352
CHEMBL3686749,CHEMBL3686749,N=C(N)NCCC[C@H](N)C(=O)N1CCC[C@H]1B(O)O,,8.74,1,8.74,8.74,IC50,B,single protein format,single_protein,9,D,2015,,271.13,-2.420029999999997,148.69,6,5,6,1,0,0.8,0.1369422761167867
CHEMBL364100,CHEMBL1184685,CC(C)[C@H](Oc1ccc(CNC(=O)[C@@H]2CCCN2C(=O)CC(N)Cc2ccccc2F)cc1)C(=O)O,,8.74,1,8.74,8.74,IC50,B,single protein format,single_protein,9,D,2004,,499.5830000000002,2.8810000000000002,121.96,3,5,11,3,2,0.4444444444444444,0.43711621174629905
CHEMBL1808468,CHEMBL1808468,Cc1ccc(-c2c(CN)c(CC(C)C)nc3ccc(/C=C/C(N)=O)cc23)cc1,,8.74,1,8.74,8.74,IC50,B,cell-based format,cell_based,9,D,2011,,373.5000000000001,4.365920000000004,82.0,2,3,6,3,3,0.25,0.629677063453723
CHEMBL3735433,CHEMBL3735433,N[C@H]1C[C@@H](N2Cc3[nH]nc(NS(=O)(=O)Cc4ccncc4)c3C2)CO[C@@H]1c1cc(F)ccc1F,,8.74,1,8.74,8.74,IC50,B,cell-based format,cell_based,9,D,2015,,490.53600000000023,2.1978999999999997,126.22999999999999,3,7,6,5,3,0.36363636363636365,0.48357817349441695
CHEMBL3734999,CHEMBL3734999,N[C@H]1C[C@@H](N2Cc3[nH]nc(NS(=O)(=O)C4CC4)c3C2)CO[C@@H]1c1cc(F)ccc1F,,8.74,1,8.74,8.74,IC50,B,cell-based format,cell_based,9,D,2015,,439.4880000000002,1.7651,113.33999999999999,3,6,5,5,2,0.5263157894736842,0.654461197834471
CHEMBL1288231,CHEMBL1618589,Cn1c(=O)[nH]c2cc(N3CCC[C@@](C)(N)C3)n(Cc3ccccc3)c2c1=O,,8.74,1,8.74,8.74,IC50,B,cell-free format,other,9,D,2010,,367.45300000000003,1.3941999999999999,89.04999999999998,2,4,3,4,3,0.4,0.732198453060037
CHEMBL3350937,CHEMBL3350937,N#C[C@@H]1C[C@@H]2C[C@@H]2N1C(=O)[C@@H](N)C12CC3CC(CC(F)(C3)C1)C2,,8.74,1,8.74,8.74,Ki,B,single protein format,single_protein,9,D,2005,,317.4080000000001,2.135179999999999,70.12,1,3,2,6,0,0.8888888888888888,0.848001991679854
CHEMBL232103,CHEMBL232103,CN(C)C(=O)[C@@H]1CN[C@H](C(=O)N2CCC[C@H]2C#N)C1,,8.74,1,8.74,8.74,IC50,B,single protein format,single_protein,9,D,2007,,264.32899999999995,-0.4327199999999989,76.44,1,4,2,2,0,0.7692307692307693,0.7338415105432362
CHEMBL3735281,CHEMBL3735281,CCS(=O)(=O)n1cc2c(n1)CN([C@H]1CO[C@H](c3cc(F)ccc3F)[C@@H](N)C1)C2,,8.74,1,8.74,8.74,IC50,B,cell-based format,cell_based,9,D,2015,,412.4620000000001,1.5322,90.45,1,6,4,4,2,0.5,0.8192421016058581
CHEMBL1929390,CHEMBL1962783,Cc1cc2ncc(C(=O)NCC(C)(C)NCC(=O)N3CCC[C@H]3C#N)c(O)n2n1,,8.74,1,8.74,8.74,IC50,B,single protein format,single_protein,9,D,2011,,399.45500000000015,0.35590000000000016,135.65,3,7,6,3,2,0.5263157894736842,0.6377941204247399
CHEMBL1215165,CHEMBL1215165,Cc1nc2nc(C(=O)Nc3ccn(C)n3)cn2c(-c2ccc(Cl)cc2Cl)c1CN,,8.74,1,8.74,8.74,Ki,B,single protein format,single_protein,9,D,2010,,430.29900000000015,3.4560200000000014,103.13,2,5,4,4,4,0.15789473684210525,0.5163442520262564
CHEMBL3215827,CHEMBL1739097,CC(=O)c1cccc(NC(=O)Cc2c(C)nc(CC(C)C)c(CN)c2-c2ccc(C)cc2)c1,,8.74,1,8.74,8.74,IC50,B,cell-based format,cell_based,9,D,2011,,443.5910000000002,5.406440000000005,85.08,2,4,8,3,3,0.32142857142857145,0.4561677036108102
CHEMBL5759838,CHEMBL5759838,O=C(CN1CCn2c(nnc2C(F)(F)F)C1)NC1CCCCC1,,8.73,1,8.73,8.73,IC50,B,assay format,other,9,D,2021,,331.34200000000016,1.5613999999999995,63.050000000000004,1,4,3,3,1,0.7857142857142857,0.9130101026286489
CHEMBL5968543,CHEMBL5968543,N[C@H]1C[C@@H](n2cc(N3CCC(O)(C(=O)NCc4cc(Cl)cc(Cl)c4F)C3=O)cn2)CO[C@@H]1c1cc(F)ccc1F,,8.73,1,8.73,8.73,IC50,B,single protein format,single_protein,9,D,2020,,598.4090000000003,3.421400000000002,122.71000000000001,3,6,6,5,3,0.34615384615384615,0.29549152179547417
CHEMBL2425892,CHEMBL2425892,CC#CCn1c(N2CCC[C@@H](N)C2)cc(=O)n(Cc2ccc3cc(OC)ccc3n2)c1=O,,8.72,1,8.72,8.72,IC50,B,single protein format,single_protein,9,D,2013,,433.51200000000017,1.5658999999999992,95.38,1,6,5,4,3,0.375,0.6139437557074007
CHEMBL469317,CHEMBL469317,COCCOc1ccc2nc(C3(NC(=O)C[C@H](N)Cc4cc(Cl)ccc4F)CCOCC3)sc2c1,,8.72,1,8.72,8.72,IC50,B,cell-based format,cell_based,9,D,2008,,522.0420000000004,4.196000000000002,95.7,2,7,10,4,3,0.44,0.3882526306509511
CHEMBL3736067,CHEMBL3736067,N[C@H]1C[C@@H](N2Cc3cn(S(=O)(=O)c4cccc(C(F)(F)F)c4)nc3C2)CO[C@@H]1c1cc(F)ccc1F,,8.72,1,8.72,8.72,IC50,B,cell-based format,cell_based,9,D,2015,,528.5030000000003,3.590200000000002,90.45,1,6,4,5,3,0.34782608695652173,0.5210007074865523
CHEMBL194993,CHEMBL194993,N#C[C@@H]1CCCN1C(=O)[C@@H]1C[C@H](NCCc2ccccc2)CN1,,8.72,1,8.72,8.72,IC50,B,single protein format,single_protein,9,D,2005,,312.41700000000003,1.063779999999999,68.16,2,4,5,3,1,0.5555555555555556,0.8530896985108362
CHEMBL3804996,CHEMBL3804996,Cc1cc(C(F)(F)F)nc2c3c(nn12)CN([C@H]1CC[C@H](c2cc(F)c(F)cc2F)[C@@H](N)C1)C3,,8.72,1,8.72,8.72,IC50,B,single protein format,single_protein,9,D,2016,,469.4330000000002,4.453020000000003,59.45,1,4,2,5,3,0.45454545454545453,0.4451386485794299
CHEMBL5859631,CHEMBL5859631,N[C@H]1C[C@@H](n2cc(N3CCC(O)(C(=O)NCc4cc(Cl)cc(Cl)c4)C3=O)cn2)CO[C@@H]1c1cc(F)ccc1F,,8.72,1,8.72,8.72,IC50,B,single protein format,single_protein,9,D,2020,,580.4190000000003,3.282300000000002,122.71000000000001,3,6,6,5,3,0.34615384615384615,0.38508457339928626
CHEMBL3645496,CHEMBL3645496,N[C@H]1C[C@@H](N2Cc3cn(S(=O)(=O)C4CC4)nc3C2)COC1c1cc(F)c(F)cc1F,,8.72,1,8.72,8.72,IC50,B,single protein format,single_protein,9,D,2013,,442.46300000000014,1.8137999999999999,90.45,1,6,4,5,2,0.5263157894736842,0.7268323427274952
CHEMBL4446618,CHEMBL4446618,CC#CCn1c(N2CCC[C@@H](N)C2)cc(=O)n(Cc2cccc(F)c2C(=O)O)c1=O,,8.715,2,8.66,8.77,IC50,B,cell-based format,cell_based,9,D,2019,,414.4370000000001,0.8463999999999996,110.56,2,5,5,3,2,0.38095238095238093,0.7020679340922076
CHEMBL1951609,CHEMBL1951609,CC(C)=CCn1c(N2CCCNCC2)c(C#N)c2c1c(=O)n(Cc1nc(C)c3ccccc3n1)c(=O)n2C,,8.7,1,8.7,8.7,IC50,B,single protein format,single_protein,9,D,2012,,512.6180000000003,2.4392000000000005,113.77000000000001,1,7,5,5,4,0.39285714285714285,0.4087023509230779
CHEMBL400068,CHEMBL400068,N[C@@H](CC(=O)N1CCn2nc(C(F)(F)F)nc2[C@H]1Cn1cncn1)Cc1cc(F)c(F)cc1F,,8.7,1,8.7,8.7,IC50,B,single protein format,single_protein,8,H,2007,,488.39600000000013,1.8492999999999995,107.75,1,6,6,4,3,0.42105263157894735,0.4193492275664787
CHEMBL493543,CHEMBL493543,N#C[C@@H]1CCCN1C(=O)[C@@H](N)CCC(=O)N1Cc2ccccc2C1,,8.7,1,8.7,8.7,IC50,B,single protein format,single_protein,8,H,2009,,326.40000000000003,1.1508799999999995,90.42999999999999,1,4,4,3,1,0.5,0.8984476272555124
CHEMBL3686747,CHEMBL3686747,N[C@@H](Cc1c[nH]c2ccccc12)C(=O)N1CCC[C@H]1B(O)O,,8.7,1,8.7,8.7,IC50,B,single protein format,single_protein,9,D,2015,,301.155,0.04070000000000007,102.58000000000001,4,4,4,3,2,0.4,0.5987482559159847
CHEMBL2425890,CHEMBL2425890,CC#CCn1c(N2CCC[C@@H](N)C2)cc(=O)n(Cc2ccc3cc(F)ccc3n2)c1=O,,8.7,1,8.7,8.7,IC50,B,single protein format,single_protein,9,D,2013,,421.4760000000001,1.6964,86.15,1,5,4,4,3,0.34782608695652173,0.6483284092741893
CHEMBL1161919,CHEMBL1161919,CN1C(=O)c2nc(N3CCCC(N)C3)n(Cc3ccccc3C#N)c2C1=O,,8.7,2,8.7,8.7,Ki,B,cell-free format;single protein format,mixed,9,D,2006,,364.4090000000001,0.9563800000000003,108.25,1,6,3,4,2,0.3684210526315789,0.8127481217974162
CHEMBL565600,CHEMBL565600,CC1(c2nc([C@@H]3CCCN3C(=O)C[C@H](N)Cc3cc(F)c(F)cc3F)no2)COC1,,8.7,1,8.7,8.7,IC50,B,assay format,other,9,D,2009,,424.4230000000001,2.3984000000000005,94.48,1,6,6,4,2,0.55,0.7160111574381752
CHEMBL3944427,CHEMBL3944427,COc1cc2c3c(ccc2cc1S(C)(=O)=O)O[C@H](c1cc(F)c(F)cc1F)[C@@H](N)C3,,8.7,3,7.96,8.72,IC50;Kd,B,cell-based format;single protein format,mixed,9,D,2016;2019,,437.43900000000014,3.6727000000000016,78.62,1,5,3,4,3,0.23809523809523808,0.6328930789506807
CHEMBL1951614,CHEMBL1951614,CC#CCn1c(N2CCCNCC2)c(C#N)c2c1c(=O)n(Cc1c(C#N)cnc3ccccc13)c(=O)n2C,,8.7,1,8.7,8.7,IC50,B,single protein format,single_protein,9,D,2012,,506.5700000000003,1.6645599999999994,124.67000000000002,1,7,4,5,4,0.32142857142857145,0.4175500245287229
CHEMBL250147,CHEMBL250147,N[C@@H](CC(=O)N1CCn2nc(C(F)(F)F)nc2C1Cn1ccnc1)Cc1cc(F)c(F)cc1F,,8.7,1,8.7,8.7,IC50,B,single protein format,single_protein,8,H,2007,,487.40800000000013,2.4543,94.86,1,5,6,4,3,0.4,0.42597912049506576
CHEMBL565633,CHEMBL565633,CC(C)(C)c1noc([C@@H]2CCCN2C(=O)C[C@H](N)Cc2cc(F)c(F)cc2F)n1,,8.7,1,8.7,8.7,IC50,B,assay format,other,9,D,2009,,410.44000000000005,3.4080000000000013,85.25,1,5,5,3,2,0.55,0.7638841182332365
CHEMBL4784434,CHEMBL4784434,Fc1ccc(CNc2cc(N3CCNCC3)nc3ccnn23)c(F)c1,,8.7,1,8.7,8.7,IC50,B,cell-based format,cell_based,9,D,2020,,344.36899999999997,2.0292,57.489999999999995,2,5,4,4,3,0.29411764705882354,0.7584740632033474
CHEMBL563849,CHEMBL563849,N#Cc1ccc(OC[C@@H]2CCCN2C(=O)C[C@H](N)Cc2cc(F)c(F)cc2F)nc1,,8.7,1,8.7,8.7,IC50,B,single protein format,single_protein,8,H,2009,,418.41900000000004,2.7004800000000007,92.24,1,5,7,3,2,0.38095238095238093,0.6983349429881118
CHEMBL3680636,CHEMBL3680636,CC#CCn1c(N2CCC[C@@H](NC(=O)OC(C)(C)C)C2)nc2c1c(=O)n(Cc1nccc(-c3ccccc3)n1)c(=O)n2C,,8.7,1,8.7,8.7,IC50,B,single protein format,single_protein,9,D,2014,,584.6810000000002,2.918800000000001,129.17000000000002,1,8,6,5,4,0.41935483870967744,0.3427660719141142
CHEMBL4747683,CHEMBL4747683,CC#CCn1c(N2CCC[C@@H](N)C2)nc2c1c(=O)n(CC1=NC3C=CC=CC3C(C)=N1)c(=O)n2C,,8.7,1,8.7,8.7,IC50,B,single protein format,single_protein,9,D,2021,,474.5690000000002,0.8313000000000024,115.80000000000001,1,7,4,5,2,0.48,0.6593289070961406
CHEMBL389804,CHEMBL1185110,Cn1c(C2CC2)nc2ccc(N3CC[C@H](c4cc(F)c(F)cc4F)[C@@H](N)C3)nc21,,8.7,1,8.7,8.7,IC50,B,single protein format,single_protein,8,H,2007,,401.43600000000015,3.584200000000002,59.97,1,4,3,5,3,0.42857142857142855,0.6818091436139482
CHEMBL565813,CHEMBL565813,N[C@@H](CC(=O)N1CCC[C@H]1c1nc(C2(C(F)(F)F)CC2)no1)Cc1cc(F)c(F)cc1F,,8.7,1,8.7,8.7,IC50,B,assay format,other,9,D,2009,,462.39400000000023,3.7044000000000024,85.25000000000001,1,5,6,4,2,0.55,0.5228350122557683
CHEMBL2364733,CHEMBL2304446,N#C[C@H]1CCCN1C(=O)[C@@H](N)CCC(=O)N1Cc2ccccc2C1,,8.7,1,8.7,8.7,IC50,B,single protein format,single_protein,8,H,2009,,326.40000000000003,1.1508799999999995,90.42999999999999,1,4,4,3,1,0.5,0.8984476272555124
CHEMBL395762,CHEMBL395762,CC(C)[C@H](Oc1ccc(CNC(=O)[C@@H]2CCCN2C(=O)C[C@H](N)Cc2cc(F)c(F)cc2F)cc1)C(=O)O,,8.7,1,8.7,8.7,IC50,B,single protein format,single_protein,8,H,2007,,535.5630000000002,3.159200000000001,121.96,3,5,11,3,2,0.4444444444444444,0.3802720392966529
CHEMBL3955534,CHEMBL3955534,CC#CCn1c(N2CCC[C@@H](N)C2)nc2c1c(=O)n(CC(=O)c1ccccc1OCC(=O)NCC)c(=O)n2C,,8.7,1,8.7,8.7,IC50,B,single protein format,single_protein,8,H,2016,,535.6050000000002,0.24530000000000274,146.48000000000002,2,8,9,4,3,0.4444444444444444,0.2927969394179856
CHEMBL566628,CHEMBL566628,N[C@@H](CC(=O)N1CCC[C@H]1c1nc(-c2cnccn2)no1)Cc1cc(F)c(F)cc1F,,8.7,1,8.7,8.7,IC50,B,assay format,other,9,D,2009,,432.4060000000002,2.5675,111.03000000000002,1,7,6,4,3,0.35,0.5961303516789399
CHEMBL2334700,CHEMBL2334700,N#C[C@@H]1C[C@@H]2C[C@@H]2N1C(=O)[C@@H](N)C1CCN(C(=O)c2ccc3cnccc3n2)CC1,,8.7,1,8.7,8.7,Ki,B,single protein format,single_protein,9,D,2013,,404.47400000000016,1.3222800000000001,116.21000000000001,1,6,3,5,2,0.5,0.8247543607995327
CHEMBL1215163,CHEMBL1215163,Cc1nc2nc(C(=O)NCc3ncco3)cn2c(-c2ccc(Cl)cc2Cl)c1CN,,8.7,1,8.7,8.7,Ki,B,single protein format,single_protein,9,D,2010,,431.2830000000002,3.3882200000000013,111.34,2,6,5,4,4,0.15789473684210525,0.5012493820518925
CHEMBL1161916,CHEMBL1161916,Cn1c(=O)c2c(nc(N3CCCC(N)C3)n2Cc2ccccc2C#N)n(C)c1=O,,8.7,2,8.7,8.7,Ki,B,cell-free format;single protein format,mixed,9,D,2006,,393.4510000000001,0.2811800000000009,114.87,1,6,3,4,3,0.4,0.6835444417311852
CHEMBL1215234,CHEMBL1215234,Cc1nc2nc(C(=O)Nc3ccnn3C)cn2c(-c2ccc(Cl)cc2Cl)c1CN,,8.7,1,8.7,8.7,Ki,B,single protein format,single_protein,9,D,2010,,430.29900000000015,3.4560200000000014,103.13000000000001,2,5,4,4,4,0.15789473684210525,0.5163442520262564
CHEMBL3680635,CHEMBL3680635,CC#CCn1c(N2CCC[C@@H](NC(=O)OC(C)(C)C)C2)nc2c1c(=O)n(Cc1nc3ccccc3c(C)c1C#N)c(=O)n2C,,8.7,1,8.7,8.7,IC50,B,single protein format,single_protein,9,D,2014,,596.6920000000001,3.190100000000001,140.07000000000002,1,8,5,5,4,0.4375,0.34666328551031955
CHEMBL96666,CHEMBL96666,CC(C)[C@H](N)C(=O)N1CCC[C@H]1C#N,,8.7,1,8.7,8.7,IC50,B,assay format,other,8,H,2003,,195.26599999999996,0.4842799999999999,70.12,1,3,2,1,0,0.8,0.6965154924673471
CHEMBL1951603,CHEMBL1951603,CC#CCn1c(N2CCC[C@H](N)C2)c(C#N)c2c1c(=O)n(CC(=O)c1cccc(OC)c1)c(=O)n2C,,8.7,1,8.7,8.7,IC50,B,single protein format,single_protein,9,D,2012,,488.5480000000003,1.2156799999999992,128.28,1,7,6,4,3,0.38461538461538464,0.40800822854174773
CHEMBL3938646,CHEMBL3938646,CC#CCn1c(N2CCC[C@@H](N)C2)nc2c1c(=O)n(Cc1cc(C)c3nccnc3c1)c(=O)n2C,,8.7,1,8.7,8.7,IC50,B,single protein format,single_protein,8,H,2016,,472.5530000000002,1.1474200000000006,116.86000000000001,1,7,4,5,4,0.4,0.44290723544937405
CHEMBL1951607,CHEMBL1951607,COc1cccc(C(=O)Cn2c(=O)c3c(c(C#N)c(N4CCCNCC4)n3CC=C(C)C)n(C)c2=O)c1,,8.7,1,8.7,8.7,IC50,B,single protein format,single_protein,9,D,2012,,504.59100000000035,2.030779999999999,114.28999999999999,1,7,7,4,3,0.4074074074074074,0.38680955580280996
CHEMBL4452518,CHEMBL4452518,CC#CCn1c(N2CCC[C@@H](N)C2)nc2c1c(=O)n(Cc1ccccc1C(=O)O)c(=O)n2C,,8.7,1,8.7,8.7,IC50,B,cell-based format,cell_based,9,D,2019,,450.4990000000002,0.5940000000000012,128.38000000000002,2,6,5,4,3,0.391304347826087,0.5446863414290364
CHEMBL1202080,CHEMBL1615561,COc1ccc(N2CCN(CCNCC(=O)N3CCC[C@@H]3C#N)C2=O)cc1OC,,8.7,1,8.7,8.7,IC50,B,single protein format,single_protein,9,D,2009,,401.4670000000002,1.0499799999999997,98.14,1,6,8,3,1,0.55,0.6541170205949555
CHEMBL391089,CHEMBL391089,CC(C)=CCn1c(N2CCC[C@H](N)C2)nc2c1c(=O)n(Cc1nccc3ccccc13)c(=O)n2C,,8.7,1,8.7,8.7,IC50,B,cell-based format,cell_based,9,D,2007,,473.58100000000024,2.3869,103.97000000000003,1,6,5,5,4,0.38461538461538464,0.4465473648110387
CHEMBL3889902,CHEMBL3889902,C/C=C/Cn1c(N2CCCC(N)C2)nc2c1c(=O)n(CC(=O)c1ccccc1NC(C)=O)c(=O)n2C,,8.7,1,8.7,8.7,IC50,B,single protein format,single_protein,8,H,2016,,493.56800000000027,1.2416000000000005,137.25,2,7,7,4,3,0.4,0.3731265434704137
CHEMBL3680631,CHEMBL3680631,CC#CCn1c(N2CCC[C@@H](NC(=O)OC(C)(C)C)C2)nc2c1c(=O)n(Cc1cc(C#N)c3ccccc3n1)c(=O)n2C,,8.7,1,8.7,8.7,IC50,B,single protein format,single_protein,9,D,2014,,582.6650000000002,2.881680000000001,140.07000000000002,1,8,5,5,4,0.41935483870967744,0.35449110332738
CHEMBL3112968,CHEMBL3112968,NC[C@]1(c2cccc(Cl)c2)CC[C@H](N2CCc3c(nc(C(F)(F)F)nc3C3CC3)C2=O)CC1,,8.7,1,8.7,8.7,IC50,B,single protein format,single_protein,9,D,2014,,478.9460000000002,4.863800000000005,72.11,1,4,4,5,2,0.5416666666666666,0.6805458606497594
CHEMBL3680633,CHEMBL3680633,CC#CCn1c(N2CCC[C@@H](NC(=O)OC(C)(C)C)C2)nc2c1c(=O)n(Cc1ccc3nc(C)c(C)nc3c1)c(=O)n2C,,8.7,1,8.7,8.7,IC50,B,single protein format,single_protein,9,D,2014,,586.6970000000002,3.021840000000001,129.17000000000002,1,8,5,5,4,0.4838709677419355,0.3535867258020898
CHEMBL403408,CHEMBL403408,CC#CCn1c(NC[C@H](C)N)nc2cnn(Cc3nc(C)c4ccccc4n3)c(=O)c21,,8.7,1,8.7,8.7,IC50,B,cell-based format,cell_based,9,D,2008,,416.48900000000015,1.6753199999999995,116.53999999999999,2,7,6,4,4,0.3181818181818182,0.4593406271569388
CHEMBL1951600,CHEMBL1951600,CC(C)=CCn1c(N2CCC[C@H](N)C2)c(C#N)c2c1c(=O)n(Cc1nc(C)c3ccccc3n1)c(=O)n2C,,8.7,1,8.7,8.7,IC50,B,single protein format,single_protein,9,D,2012,,512.6180000000003,2.567000000000001,127.75999999999999,1,7,5,5,4,0.39285714285714285,0.40713636244071444
CHEMBL402819,CHEMBL402819,CC#CCn1c(N2CCCC(N)C2)nc2c1c(=O)n(Cc1nc(C)cc3ccccc13)c(=O)n2C,,8.7,1,8.7,8.7,IC50,B,cell-based format,cell_based,9,D,2008,,471.5650000000002,1.7524199999999999,103.97000000000003,1,6,4,5,4,0.38461538461538464,0.45502754639271664
CHEMBL3680634,CHEMBL3680634,CC#CCn1c(N2CCC[C@@H](NC(=O)OC(C)(C)C)C2)nc2c1c(=O)n(CC(=O)c1ccccc1Br)c(=O)n2C,,8.7,1,8.7,8.7,IC50,B,single protein format,single_protein,9,D,2014,,613.5130000000001,3.0589000000000004,120.46000000000001,1,7,6,4,3,0.4642857142857143,0.33535841410009354
CHEMBL4068477,CHEMBL4117096,Cc1ccc(-c2c(-c3nc(C(N)=O)cs3)cnc(CC(C)C)c2CN)cc1,,8.68,1,8.68,8.68,IC50,B,assay format,other,9,D,2017,,380.5170000000002,3.936620000000003,94.89,2,5,6,3,3,0.2857142857142857,0.6770380918081782
CHEMBL2441951,CHEMBL2441951,CNC(=O)CN1Cc2nc(C)c(CN)c(-c3ccc(Cl)cc3Cl)c2C1=O,,8.68,1,8.68,8.68,Ki,B,single protein format,single_protein,9,D,2013,,393.2740000000001,2.5243200000000012,88.32,2,4,4,3,2,0.2777777777777778,0.8357847487094694
CHEMBL4649180,CHEMBL4649180,CC#CCN1C(N2CCC[C@H](N)C2)=NC2C1C(=O)N(C(C)c1nc(C)c3ccccc3n1)C(=O)N2C,,8.68,1,8.68,8.68,IC50,B,single protein format,single_protein,9,D,2020,,488.59600000000023,1.7059200000000019,111.26,1,8,3,5,2,0.5,0.6548926932674347
CHEMBL5896005,CHEMBL5896005,CC#CCn1c(N2CCC[C@@H](N)C2)nc2c1c(=O)n(Cc1cc(F)c(F)cc1C#N)c(=O)n2C,,8.68,1,8.68,8.68,IC50,B,single protein format,single_protein,9,D,2019,,467.4800000000002,1.04568,114.87,1,6,4,4,3,0.391304347826087,0.5738380455040687
CHEMBL2063026,CHEMBL2063026,C[C@H](N)C(=O)N1C[C@H](F)C[C@H]1B(O)O,,8.68,1,8.68,8.68,IC50,B,cell-based format,cell_based,9,D,2012,,204.01,-1.7153999999999994,86.79,3,4,2,1,0,0.8571428571428571,0.4669046813019195
CHEMBL199905,CHEMBL199905,N#C[C@@H]1CCCN1C(=O)[C@@H](N)Cc1ccc(-c2ccc(F)cc2F)cc1,,8.66,1,8.66,8.66,Ki,B,single protein format,single_protein,9,D,2006,,355.38800000000003,3.016180000000001,70.12,1,3,4,3,2,0.3,0.9164552022746647
CHEMBL3350819,CHEMBL3350819,CC[C@H](C)[C@H](N)C(=O)N1CCC[C@H]1C#N,,8.66,1,8.66,8.66,Ki,B,single protein format,single_protein,8,H,1996,,209.29299999999995,0.8743799999999998,70.12,1,3,3,1,0,0.8181818181818182,0.7495477539796327
CHEMBL1214943,CHEMBL1214943,Cc1nc2nc(C(=O)N3CCOCC3)cn2c(-c2ccc(Cl)cc2Cl)c1CN,,8.66,1,8.66,8.66,Ki,B,single protein format,single_protein,9,D,2010,,420.3000000000001,2.9426200000000007,85.75,1,5,3,4,3,0.3157894736842105,0.7044328864912832
CHEMBL3645491,CHEMBL3645491,CS(=O)(=O)n1cc2c(n1)CN([C@H]1COC(c3cc(F)c(F)cc3F)[C@@H](N)C1)C2,,8.66,1,8.66,8.66,IC50,B,single protein format,single_protein,9,D,2013,,416.4250000000001,1.2812,90.45,1,6,3,4,2,0.47058823529411764,0.7585687352236484
CHEMBL563901,CHEMBL563901,N[C@@H](CC(=O)N1CCC[C@H]1CNC(=O)C1CCC1)Cc1cc(F)c(F)cc1F,,8.66,1,8.66,8.66,IC50,B,single protein format,single_protein,8,H,2009,,397.4410000000001,2.2710999999999997,75.43,2,3,7,3,1,0.6,0.6934202284538448
CHEMBL1808473,CHEMBL1808473,Cc1ccc(-c2c(CN)c(CC(C)C)nc3ccc(N4CCNC(=O)C4)cc23)cc1,,8.66,1,8.66,8.66,IC50,B,cell-based format,cell_based,9,D,2011,,402.5420000000002,3.803620000000002,71.25,2,4,5,4,3,0.36,0.6808891147483217
CHEMBL191473,CHEMBL1181771,CN(C)C(=O)[C@@H](c1ccc(-c2cccc(-n3cnnn3)c2)cc1)[C@H](N)C(=O)N1CC[C@H](F)C1,,8.66,1,8.66,8.66,IC50,B,single protein format,single_protein,8,H,2005,,451.5060000000002,1.3987999999999998,110.24,1,6,6,4,3,0.34782608695652173,0.6066734244912985
CHEMBL329641,CHEMBL329641,CCC(C)[C@H](N)C(=O)N1CCC[C@H]1C#N,,8.66,1,8.66,8.66,Ki,B,single protein format,single_protein,9,D,1996,,209.29299999999995,0.8743799999999998,70.12,1,3,3,1,0,0.8181818181818182,0.7495477539796327
CHEMBL1779709,CHEMBL1779709,CC(C)OC[C@@H]1C(=O)NCCN1C(=O)C[C@H](N)Cc1cc(F)c(F)cc1F,,8.66,1,8.66,8.66,IC50,B,single protein format,single_protein,9,D,2011,,387.40200000000004,1.1158000000000001,84.66,2,4,7,2,1,0.5555555555555556,0.686942551154377
CHEMBL2058968,CHEMBL2058968,O=C([C@@H]1C[C@H](N2CCN(c3ccc4ccccc4n3)CC2)CN1)N1CCSC1,,8.66,1,8.66,8.66,IC50,B,single protein format,single_protein,9,D,2012,,397.5480000000003,1.6202,51.71000000000001,1,6,3,5,2,0.5238095238095238,0.849565770902587
CHEMBL3654419,CHEMBL3654419,N[C@H]1C[C@@H](N2Cc3cnn(-c4ncccn4)c3C2)CCO[C@@H]1c1cc(F)ccc1F,,8.66,1,8.66,8.66,IC50,B,assay format,other,9,D,2015,,412.44400000000013,2.5037000000000003,82.09,1,6,3,5,3,0.38095238095238093,0.7119560634848073
CHEMBL3941804,CHEMBL3941804,COc1cc2ccc3c(c2cc1OC)C[C@H](N)[C@@H](c1cc(F)c(F)cc1F)O3,,8.655,2,8.62,8.69,IC50;Kd,B,cell-based format;single protein format,mixed,9,D,2016,,389.37300000000005,4.277800000000003,53.71000000000001,1,4,3,4,3,0.23809523809523808,0.6797779439769389
CHEMBL5408495,CHEMBL5408495,Cc1nnc(N2CCC[C@@H](N)C2)n(Cc2cc(F)ccc2C#N)c1=O,,8.65,2,8.64,8.66,IC50,B,single protein format,single_protein,9,D,2023;2024,,342.3780000000001,0.9333000000000001,100.83000000000001,1,6,3,3,2,0.4117647058823529,0.8905194247823058
CHEMBL2441835,CHEMBL2441835,Cc1cc(CN2Cc3nc(C)c(CN)c(-c4ccc(Cl)cc4Cl)c3C2=O)no1,,8.64,1,8.64,8.64,Ki,B,single protein format,single_protein,9,D,2013,,417.2960000000001,4.2749400000000035,85.25000000000001,1,5,4,4,3,0.25,0.6852705276592708
CHEMBL3736511,CHEMBL3736511,N[C@H]1C[C@@H](N2Cc3cn(S(=O)(=O)c4ccccc4)nc3C2)CO[C@@H]1c1cc(F)ccc1F,,8.64,1,8.64,8.64,IC50,B,cell-based format,cell_based,9,D,2015,,460.5060000000002,2.5714000000000006,90.45,1,6,4,5,3,0.3181818181818182,0.6437663695443286
CHEMBL208751,CHEMBL208751,COc1cc(C(=O)O)ccc1OC[C@H]1CC[C@@H](C(=O)N2CCC[C@H]2C#N)N1,,8.64,3,8.62,8.8,Ki,B,cell-free format;single protein format,mixed,9,D,2006,,373.4090000000001,1.4073799999999999,111.89000000000001,2,6,6,3,1,0.5263157894736842,0.7751418615036924
CHEMBL3644451,CHEMBL3644451,N[C@H]1C[C@@H](N2Cc3c[nH]nc3C2)CSC1c1cc(F)ccc1F,,8.64,1,8.64,8.64,IC50,B,assay format,other,9,D,2014,,336.411,2.5776000000000012,57.94,2,4,2,4,2,0.4375,0.8849581937514902
CHEMBL2086613,CHEMBL2086613,N#Cc1ccc(C(=O)NCCCC(=O)N2CCC[C@H]2C#N)cc1,,8.64,1,8.64,8.64,IC50,B,assay format,other,9,D,2012,,310.3569999999999,1.58286,96.99000000000001,1,4,5,2,1,0.4117647058823529,0.8349292221547452
CHEMBL3736188,CHEMBL3736188,N[C@H]1C[C@@H](N2Cc3cn(S(=O)(=O)C(F)(F)F)nc3C2)CO[C@@H]1c1cc(F)ccc1F,,8.64,1,8.64,8.64,IC50,B,cell-based format,cell_based,9,D,2015,,452.4050000000002,2.0321,90.45,1,6,3,4,2,0.47058823529411764,0.717289307833113
CHEMBL224882,CHEMBL224882,N[C@H]1CN(c2cc(N3CCCC3)ncn2)C(=O)C[C@@H]1c1cc(F)c(F)cc1F,,8.64,1,8.64,8.64,Ki,B,single protein format,single_protein,9,D,2007,,391.397,2.3419,75.35,1,5,3,4,2,0.42105263157894735,0.8132897661111063
CHEMBL459807,CHEMBL459807,COc1ccccc1N1CCc2nc(C)c(CN)c(-c3ccc(Cl)cc3Cl)c2C1=O,,8.64,1,8.64,8.64,IC50,B,single protein format,single_protein,8,H,2009,,442.3460000000001,5.034020000000004,68.44999999999999,1,4,4,4,3,0.21739130434782608,0.6153193797448189
CHEMBL2063024,CHEMBL2063024,C[C@H](N)C(=O)N1C[C@@H](O)C[C@H]1B(O)O,,8.64,1,8.64,8.64,IC50,B,cell-based format,cell_based,9,D,2012,,202.019,-2.692599999999998,107.02000000000001,4,5,2,1,0,0.8571428571428571,0.3644843841716385
CHEMBL3654418,CHEMBL3654418,CS(=O)(=O)n1cc2c(n1)CN([C@H]1CCO[C@H](c3cc(F)ccc3F)[C@@H](N)C1)C2,,8.64,1,8.64,8.64,IC50,B,assay format,other,9,D,2015,,412.4620000000001,1.5321999999999996,90.45,1,6,3,4,2,0.5,0.8224320664147321
CHEMBL565101,CHEMBL565101,N#Cc1ccnc(OC[C@@H]2CCCN2C(=O)C[C@H](N)Cc2cc(F)c(F)cc2F)c1,,8.64,1,8.64,8.64,IC50,B,single protein format,single_protein,8,H,2009,,418.4190000000001,2.7004800000000007,92.24,1,5,7,3,2,0.38095238095238093,0.6983349429881118
CHEMBL238516,CHEMBL238516,O=C([C@@H]1C[C@H](N2CCC(c3ccc([N+](=O)[O-])cc3)CC2)CN1)N1CCSC1,,8.64,1,8.64,8.64,IC50,B,cell-free format,other,9,D,2007,,390.50900000000024,2.0376000000000003,78.72,1,6,4,4,1,0.631578947368421,0.6261144194796845
CHEMBL222908,CHEMBL222908,N[C@H]1CN(c2cc(N3CC[C@@H](O)C3)ncn2)C(=O)C[C@@H]1c1cc(F)c(F)cc1F,,8.64,1,8.64,8.64,Ki,B,single protein format,single_protein,9,D,2007,,407.3960000000001,1.3126999999999998,95.58000000000001,2,6,3,4,2,0.42105263157894735,0.7454179083509228
CHEMBL3350936,CHEMBL3350936,N#C[C@@H]1C[C@@H]2C[C@@H]2N1C(=O)[C@@H](N)C12CC3CC(O)(CC(O)(C3)C1)C2,,8.635,2,8.59,8.68,Ki,B,single protein format,single_protein,9,D,2005;2023,,331.41600000000017,0.272879999999999,110.58000000000001,3,5,2,6,0,0.8888888888888888,0.6726618802340836
CHEMBL2023066,CHEMBL2023066,N#Cc1ccccc1Cn1c(N2CCC[C@@H](N)C2)nc2[nH]c(-c3cccnc3)cc2c1=O,,8.63,1,8.63,8.63,IC50,B,single protein format,single_protein,9,D,2012,,425.4960000000001,2.634080000000001,116.62,2,6,4,5,4,0.25,0.5191432653530829
CHEMBL5275453,CHEMBL5275453,O=C(CNc1nc(Nc2ccc(S(=O)(=O)Nc3nccs3)cc2)nc(N2CCOCC2)n1)Nc1ccc(F)cc1,,8.63,1,8.63,8.63,IC50,B,single protein format,single_protein,9,D,2018,,585.6470000000004,2.8988000000000005,163.35999999999999,4,12,10,5,4,0.20833333333333334,0.21637332286460176
CHEMBL4528994,CHEMBL4528994,CC#CCn1c(N2CCC[C@@H](N)C2)nc2c1c(=O)n(Cc1ccc(F)cc1C(=O)O)c(=O)n2C,,8.63,1,8.63,8.63,IC50,B,cell-based format,cell_based,9,D,2019,,468.4890000000002,0.733100000000001,128.38000000000002,2,6,5,4,3,0.391304347826087,0.5285430008385932
CHEMBL5271401,CHEMBL5271401,O=C(CNc1nc(Nc2ccc(S(=O)(=O)Nc3cncs3)cc2)nc(N2CCOCC2)n1)Nc1ccc(F)cc1,,8.63,1,8.63,8.63,IC50,B,single protein format,single_protein,9,D,2021,,585.6470000000004,2.8988000000000005,163.35999999999999,4,12,10,5,4,0.20833333333333334,0.21637332286460176
CHEMBL246322,CHEMBL246322,NC1CN(c2cc(-c3cccc(S(=O)(=O)N4CCOCC4)c3)ncn2)CC1c1cc(F)c(F)cc1F,,8.629999999999999,2,8.49,8.77,Ki,B,cell-free format;single protein format,mixed,9,D,2007,,519.5490000000003,2.5129,101.65,1,7,5,5,3,0.3333333333333333,0.5171714554192837
CHEMBL239356,CHEMBL239356,O=C([C@@H]1C[C@H](N2CCCN(c3ccc([N+](=O)[O-])cc3)CC2)CN1)N1CCSC1,,8.62,1,8.62,8.62,IC50,B,cell-free format,other,9,D,2007,,405.5240000000003,1.3702999999999999,81.96,1,7,4,4,1,0.631578947368421,0.5984226012065899
CHEMBL4169618,CHEMBL4169618,N#Cc1ccc(F)cc1Cn1c(N2CCC[C@@H](N)C2)nc2[nH]ccc2c1=O,,8.62,1,8.62,8.62,IC50,B,single protein format,single_protein,9,D,2017,,366.4000000000001,1.7111799999999995,103.72999999999999,2,5,3,4,3,0.3157894736842105,0.7343847021171905
CHEMBL248599,CHEMBL248599,N#Cc1ccc(CN2C[C@H](N)[C@H](C(=O)N3CCC[C@H]3C#N)C2)cc1,,8.62,1,8.62,8.62,IC50,B,single protein format,single_protein,9,D,2007,,323.40000000000003,0.83196,97.15,1,5,3,3,1,0.5,0.8884444134800733
CHEMBL242492,CHEMBL242492,N#C[C@@H]1CCCN1C(=O)[C@@H]1C[C@H](C2CCCCC2)CN1,,8.62,1,8.62,8.62,IC50,B,single protein format,single_protein,9,D,2007,,275.39599999999996,2.05938,56.13,1,3,2,3,0,0.875,0.8389735233814057
CHEMBL1214877,CHEMBL1214877,CCN(CC)C(=O)c1cn2c(-c3ccc(Cl)cc3Cl)c(CN)c(C)nc2n1,,8.62,1,8.62,8.62,Ki,B,single protein format,single_protein,9,D,2010,,406.3170000000001,3.9522200000000023,76.52000000000001,1,4,5,3,3,0.3157894736842105,0.6962198895899729
CHEMBL521224,CHEMBL521224,N#C[C@@H]1C[C@H](F)CN1C(=O)CNCCNc1ccc(C(N)=O)cn1,,8.62,1,8.62,8.62,IC50,B,cell-free format,other,9,D,2008,,334.3550000000001,-0.35541999999999846,124.14,3,6,7,2,1,0.4666666666666667,0.5852748754549751
CHEMBL232311,CHEMBL232311,CN(C)C(=O)CC[C@@H]1CN[C@H](C(=O)N2CCC[C@H]2C#N)C1,,8.62,1,8.62,8.62,IC50,B,single protein format,single_protein,9,D,2007,,292.38300000000004,0.34748000000000046,76.44,1,4,4,2,0,0.8,0.8108265123531573
CHEMBL4464069,CHEMBL4464069,CC#CCn1c(N2CCC[C@@H](N)C2)nc2c1c(=O)n(Cc1cc(C#N)ccc1C(=O)O)c(=O)n2C,,8.61,1,8.61,8.61,IC50,B,cell-based format,cell_based,9,D,2019,,475.50900000000024,0.4656800000000009,152.17,2,7,5,4,3,0.375,0.5051715462480083
CHEMBL4558007,CHEMBL4558007,CC#CCn1c(N2CCC[C@@H](N)C2)cc(=O)n(Cc2cc(Br)ccc2C(=O)O)c1=O,,8.6,1,8.6,8.6,IC50,B,cell-based format,cell_based,9,D,2019,,475.34300000000013,1.4698,110.56,2,5,5,3,2,0.38095238095238093,0.634296280692574
CHEMBL390221,CHEMBL390221,N#C[C@@H]1CCCN1C(=O)[C@@H]1C[C@H](c2ccc(O)cc2)CN1,,8.6,1,8.6,8.6,IC50,B,single protein format,single_protein,9,D,2007,,285.34700000000004,1.3522799999999997,76.36,2,4,2,3,1,0.5,0.8597651347601739
CHEMBL5418259,CHEMBL5418259,N[C@H]1C[C@@H](N2Cc3nn4c(C(F)(F)F)cc(C(F)(F)F)nc4c3C2)CO[C@@H]1c1cc(F)ccc1F,,8.6,1,8.6,8.6,IC50,B,single protein format,single_protein,9,D,2023,,507.3850000000002,4.218200000000003,68.68,1,5,2,5,3,0.42857142857142855,0.5266742903697678
CHEMBL3216060,CHEMBL1739341,Cc1ccc(-c2c(CN)c(CC(C)(C)C)nc(Cc3ccccc3)c2C(=O)O)cc1,,8.6,1,8.6,8.6,IC50,B,cell-based format,cell_based,9,D,2011,,402.53800000000007,5.3933200000000046,76.21,2,3,6,3,3,0.3076923076923077,0.5792125804016657
CHEMBL239565,CHEMBL239565,O=C([C@@H]1C[C@H](N2CCN(c3ccc(Cl)cn3)CC2)CN1)N1CCSC1,,8.6,1,8.6,8.6,IC50,B,cell-free format,other,9,D,2007,,381.9330000000002,1.1203999999999998,51.71000000000001,1,6,3,4,1,0.6470588235294118,0.8464203110882094
CHEMBL2441848,CHEMBL2441848,CCN(CC)C(=O)[C@@H](C)N1Cc2nc(C)c(CN)c(-c3ccc(Cl)cc3Cl)c2C1=O,,8.6,1,8.6,8.6,Ki,B,single protein format,single_protein,9,D,2013,,449.3820000000002,4.035220000000003,79.53,1,4,6,3,2,0.4090909090909091,0.7222988706114256
CHEMBL3645490,CHEMBL3645490,CS(=O)(=O)n1cc2c(n1)CN([C@H]1COC(c3cc(F)ccc3F)[C@@H](N)C1)C2,,8.6,1,8.6,8.6,IC50,B,single protein format,single_protein,9,D,2013,,398.4350000000001,1.1421,90.45,1,6,3,4,2,0.47058823529411764,0.8340518500891307
CHEMBL2105762,CHEMBL2105762,CS(=O)(=O)n1cc2c(n1)CN([C@H]1CO[C@H](c3cc(F)ccc3F)[C@@H](N)C1)C2,OMARIGLIPTIN,8.6,9,8.38,9.1,EC50;IC50;Kd;Ki,B,cell-based format;single protein format,mixed,9,D,2014;2015;2016;2018;2019;2020;2023,4,398.4350000000001,1.1421,90.45,1,6,3,4,2,0.47058823529411764,0.8340518500891307
CHEMBL379812,CHEMBL379812,N#C[C@@H]1CCCN1C(=O)[C@@H]1CC[C@H](COc2ccc3ccccc3c2)N1,,8.6,1,8.6,8.6,Ki,B,single protein format,single_protein,9,D,2006,,349.434,2.8537800000000004,65.36,1,4,4,4,2,0.42857142857142855,0.9217335134237638
CHEMBL307636,CHEMBL307636,N#C[C@@H]1CCCN1C(=O)[C@@H](N)C1CCCCC1,,8.594999999999999,4,7.92,8.85,IC50;Ki,B,cell-based format;cell-free format;single protein format,mixed,8,H,1996;2002;2005,,235.33099999999996,1.408579999999999,70.12,1,3,2,2,0,0.8461538461538461,0.7863150381147455
CHEMBL2441834,CHEMBL2441834,Cc1nc2c(c(-c3ccc(Cl)cc3Cl)c1CN)C(=O)N(Cc1ncco1)C2,,8.59,1,8.59,8.59,Ki,B,single protein format,single_protein,9,D,2013,,403.2690000000002,3.9665200000000027,85.25,1,5,4,4,3,0.21052631578947367,0.7127686547562937
CHEMBL4856255,CHEMBL4856255,CC#CCn1c(N2CCC[C@@H](N)C2)cc(=O)n(Cc2cc(C(=O)OC)ccc2Br)c1=O,,8.59,1,8.59,8.59,IC50,B,single protein format,single_protein,9,D,2021,,489.3700000000002,1.5581999999999998,99.56,1,6,5,3,2,0.4090909090909091,0.505811950365794
CHEMBL3644455,CHEMBL3644455,CC(C)(O)Cn1cc2c(n1)CN([C@H]1CSC(c3cc(F)cc(F)c3F)[C@@H](N)C1)C2,,8.59,1,8.59,8.59,IC50,B,assay format,other,9,D,2014,,426.50800000000015,2.961000000000001,67.31,2,5,4,4,2,0.55,0.7362131218509004
CHEMBL470477,CHEMBL470477,N#C[C@@H]1C[C@H](F)CN1C(=O)CNC1CCCC1,,8.59,1,8.59,8.59,IC50,B,cell-free format,other,9,D,2008,,239.29399999999995,0.9811799999999995,56.13,1,3,3,2,0,0.8333333333333334,0.7984422104475399
CHEMBL591291,CHEMBL591291,COc1cc2c(cc1OC)[C@@H]1C[C@H](N)[C@@H](N3C[C@H](C)CC3=O)CN1CC2,,8.59,1,8.59,8.59,IC50,B,single protein format,single_protein,9,D,2010,,359.4700000000002,1.5710000000000002,68.03,1,5,3,4,1,0.65,0.887289897073819
CHEMBL3654422,CHEMBL3654422,NC(=O)c1n[nH]c2c1CN([C@H]1CCO[C@H](c3cc(F)ccc3F)[C@@H](N)C1)C2,,8.59,1,8.59,8.59,IC50,B,assay format,other,9,D,2015,,377.3950000000001,1.3499999999999996,110.26,3,5,3,4,2,0.4444444444444444,0.7478965895704167
CHEMBL4162340,CHEMBL4162340,N#Cc1ccc(F)cc1Cn1c(N2CCC[C@@H](N)C2)nc2cc[nH]c2c1=O,,8.59,2,8.54,8.64,IC50;Ki,B,single protein format,single_protein,9,D,2017,,366.4000000000001,1.7111799999999995,103.72999999999999,2,5,3,4,3,0.3157894736842105,0.7343847021171905
CHEMBL3935335,CHEMBL3935335,N[C@H]1C[C@@H](N2Cc3cnn(S(=O)(=O)C4CCCC4)c3C2)COC1c1cc(F)c(F)cc1F,,8.59,1,8.59,8.59,IC50,B,assay format,other,8,H,2016,,470.5170000000002,2.5940000000000003,90.45,1,6,4,5,2,0.5714285714285714,0.6912605448841335
CHEMBL497992,CHEMBL497992,N[C@H](C(=O)N1CCCC1)[C@H]1CC[C@H](NS(=O)(=O)c2ccc(NS(=O)(=O)CC(F)(F)F)cc2)CC1,,8.59,1,8.59,8.59,IC50,B,single protein format,single_protein,8,H,2004,,526.6030000000001,1.7773999999999994,138.67,3,6,8,3,1,0.65,0.4720530100391979
CHEMBL4098218,CHEMBL4117085,Cc1ccc(-c2c(CCc3nc(C(=O)O)cs3)c(C)nc(CC(C)C)c2CN)cc1,,8.59,1,8.59,8.59,IC50,B,assay format,other,9,D,2017,,423.5820000000003,4.962540000000004,89.1,2,5,8,3,3,0.375,0.5342845251412849
CHEMBL5828032,CHEMBL5828032,CS(=O)(=O)c1ccc2c(c1)CN([C@H]1CO[C@H](c3cc(F)ccc3F)[C@@H](N)C1)C2,,8.59,1,8.59,8.59,IC50,B,single protein format,single_protein,9,D,2018,,408.47000000000014,2.541400000000001,72.63,1,5,3,4,2,0.4,0.8451384412243385
CHEMBL1215299,CHEMBL1215299,Cc1nc2nc(C(=O)N(C)Cc3ccncc3)cn2c(-c2ccc(Cl)cc2Cl)c1CN,,8.59,1,8.59,8.59,Ki,B,single protein format,single_protein,9,D,2010,,455.3490000000002,4.137420000000002,89.41,1,5,5,4,4,0.18181818181818182,0.48880688725044535
CHEMBL217271,CHEMBL217271,N[C@@H](CC(=O)N1CCCNC(=O)[C@H]1CC(F)(F)F)Cc1cc(F)c(F)cc1F,,8.59,1,8.59,8.59,IC50,B,single protein format,single_protein,9,D,2007,,411.3460000000001,2.0332999999999997,75.43,2,3,5,2,1,0.5294117647058824,0.5753225883576198
CHEMBL1215167,CHEMBL1215167,Cc1nc2nc(C(=O)N(C)Cc3cccnc3)cn2c(-c2ccc(Cl)cc2Cl)c1CN,,8.59,1,8.59,8.59,Ki,B,single protein format,single_protein,9,D,2010,,455.3490000000002,4.137420000000002,89.41,1,5,5,4,4,0.18181818181818182,0.48880688725044535
CHEMBL2022467,CHEMBL2022467,N#Cc1ccccc1Cn1c(N2CCC[C@@H](N)C2)nc2[nH]c(Br)cc2c1=O,,8.58,1,8.58,8.58,IC50,B,single protein format,single_protein,9,D,2012,,427.30600000000004,2.33458,103.72999999999999,2,5,3,4,3,0.3157894736842105,0.6680146106200319
CHEMBL395854,CHEMBL395854,O=C([C@@H]1C[C@H](N2CCN(c3ccccn3)CC2)CN1)N1CCSC1,,8.57,1,8.57,8.57,IC50,B,cell-free format,other,9,D,2007,,347.4880000000001,0.4670000000000008,51.71000000000001,1,6,3,4,1,0.6470588235294118,0.8577578751459681
CHEMBL470356,CHEMBL470356,COc1ccc2nc(C3(NC(=O)C[C@H](N)Cc4cc(F)c(F)cc4F)CCS(=O)(=O)CC3)sc2c1,,8.57,1,8.57,8.57,IC50,B,cell-based format,cell_based,9,D,2008,,527.5900000000003,3.2024000000000017,111.38,2,7,7,4,3,0.391304347826087,0.45678137144725117
CHEMBL5998893,CHEMBL5998893,N[C@H]1C[C@@H](n2ncc(N3CCC(O)(C(=O)NCc4cccc(F)c4F)C3=O)n2)CO[C@@H]1c1cc(F)ccc1F,,8.57,1,8.57,8.57,IC50,B,single protein format,single_protein,9,D,2020,,548.4970000000002,1.6486999999999992,135.6,3,7,6,5,3,0.36,0.3149535129854444
CHEMBL552069,CHEMBL552069,N[C@@H](CC(=O)N1CCC[C@H]1CNC(=O)C1(C(F)(F)F)CC1)Cc1cc(F)c(F)cc1F,,8.57,1,8.57,8.57,IC50,B,single protein format,single_protein,8,H,2009,,451.4110000000002,2.8135000000000012,75.43,2,3,7,3,1,0.6,0.49471048284752944
CHEMBL2441838,CHEMBL2441838,Cc1nc2c(c(-c3ccc(Cl)cc3Cl)c1CN)C(=O)N(C[C@H]1CCCO1)C2,,8.57,1,8.57,8.57,Ki,B,single protein format,single_protein,9,D,2013,,406.3130000000003,3.957320000000003,68.45,1,4,4,4,2,0.4,0.8348981356772728
CHEMBL379368,CHEMBL379368,N#C[C@@H]1CCCN1C(=O)[C@@H]1CC[C@H](COc2ccc3c(c2)OCO3)N1,,8.57,1,8.57,8.57,Ki,B,single protein format,single_protein,9,D,2006,,343.3830000000001,1.4292799999999999,83.82000000000001,1,6,4,4,1,0.5555555555555556,0.8903086927649315
CHEMBL500008,CHEMBL500008,N#C[C@@H]1C[C@H](F)CN1C(=O)CNCCNc1ccc(Cl)cn1,,8.57,1,8.57,8.57,IC50,B,cell-free format,other,9,D,2008,,325.77500000000003,1.19908,81.05,2,5,6,2,1,0.5,0.7681204795486034
CHEMBL558647,CHEMBL558647,N[C@@H](CC(=O)N1CCC[C@H]1CN(C1CC1)S(=O)(=O)C(F)(F)F)Cc1cc(F)c(F)cc1F,,8.57,1,8.57,8.57,IC50,B,single protein format,single_protein,8,H,2009,,487.4660000000001,2.668800000000001,83.71000000000001,1,4,8,3,1,0.631578947368421,0.4516317817833989
CHEMBL1808474,CHEMBL1808474,Cc1ccc(-c2c(CN)c(CC(C)C)nc3ccc(N4CCNC(=O)C4=O)cc23)cc1,,8.57,1,8.57,8.57,IC50,B,cell-based format,cell_based,9,D,2011,,416.5250000000002,3.3302200000000015,88.32,2,4,5,4,3,0.32,0.6246690427120652
CHEMBL395798,CHEMBL395798,C[C@@H]1CCN(C(=O)C[C@H](N)Cc2cc(F)c(F)cc2F)[C@H](Cc2ccccc2F)C(=O)N1,,8.56,1,8.56,8.56,IC50,B,single protein format,single_protein,8,H,2007,,451.46400000000006,2.8512000000000013,75.42999999999999,2,3,6,3,2,0.391304347826087,0.5240501199430092
CHEMBL4632896,CHEMBL4632896,CCOC(=O)c1c(C(C)C)cc(C(C)C)c(C(=O)OCC)c1-c1cc2ccc(-c3ccc4c(C)cccc4c3)cc2[nH]1,,8.56,1,8.56,8.56,IC50,B,single protein format,single_protein,9,D,2020,,561.7220000000003,9.56372,68.39000000000001,1,4,8,5,5,0.2972972972972973,0.19156469903196457
CHEMBL2159190,CHEMBL2159190,CNc1nc2c(c(-c3cc(F)ccc3Br)c1CN)c(=O)n(C)c(=O)n2C,,8.55,1,8.55,8.55,IC50,B,single protein format,single_protein,8,H,2012,,422.2580000000002,1.7011999999999996,94.94,2,5,3,3,3,0.23529411764705882,0.6703551198806855
CHEMBL2159192,CHEMBL2159192,CCN(CC)c1nc2c(c(-c3cc(F)ccc3Br)c1CN)c(=O)n(C)c(=O)n2C,,8.55,1,8.55,8.55,IC50,B,single protein format,single_protein,8,H,2012,,464.3390000000002,2.505700000000001,86.15,1,5,5,3,3,0.35,0.6274572084439307
CHEMBL4641140,CHEMBL4641140,Cc1ccc(NS(=O)(=O)c2ccc3c(c2)CCCC3)cc1,,8.55,1,8.55,8.55,IC50,B,single protein format,single_protein,9,D,2020,,301.41100000000006,3.6746200000000027,46.17,1,2,3,3,2,0.29411764705882354,0.9398046802345997
CHEMBL487680,CHEMBL487680,N#C[C@@H]1C[C@H](F)CN1C(=O)CNCCNc1ccccn1,,8.55,1,8.55,8.55,IC50,B,cell-free format,other,9,D,2008,,291.33,0.5456799999999997,81.05,2,5,6,2,1,0.5,0.7479625126704934
CHEMBL1644844,CHEMBL1739111,Cc1ccc(-c2c(CC(=O)Nc3cccc([S+](C)[O-])c3)c(C)nc(CC(C)C)c2CN)cc1,,8.55,1,8.55,8.55,IC50,B,cell-based format,cell_based,9,D,2011,,463.64700000000033,4.941240000000004,91.07,2,4,8,3,3,0.3333333333333333,0.46294209607318715
CHEMBL4857729,CHEMBL4857729,CC#CCn1c(N2CCC[C@@H](N)C2)cc(=O)n(Cc2cc(C(=O)O)ccc2F)c1=O,,8.55,1,8.55,8.55,IC50,B,single protein format,single_protein,9,D,2021,,414.4370000000001,0.8463999999999996,110.56,2,5,5,3,2,0.38095238095238093,0.7020679340922076
CHEMBL3697947,CHEMBL3697947,N[C@H]1C[C@@H](N2Cc3cn[nH]c3C2)CN(Cc2cn[nH]c2)C1c1cc(F)ccc1F,,8.54,1,8.54,8.54,IC50,B,assay format,other,9,D,2014,,399.449,2.069699999999999,89.85999999999999,3,5,4,5,3,0.4,0.6250048424777582
CHEMBL3580790,CHEMBL3580790,CCN1C(=O)CN(C(=O)C[C@H](N)[C@H]2CCc3cc(F)c(F)cc32)Cc2ccccc21,,8.54,1,8.54,8.54,IC50,B,cell-based format,cell_based,9,D,2015,,413.46800000000013,3.1073000000000013,66.64,1,3,4,4,2,0.391304347826087,0.8377053502903402
CHEMBL242987,CHEMBL242987,CC(C)C[C@@H]1CN[C@H](C(=O)N2CCC[C@H]2C#N)C1,,8.54,1,8.54,8.54,IC50,B,single protein format,single_protein,9,D,2007,,249.35799999999995,1.5251799999999998,56.13,1,3,3,2,0,0.8571428571428571,0.824872418860292
CHEMBL512726,CHEMBL512726,CC(C)(C)NCC(=O)N1C[C@@H](F)C[C@H]1C#N,,8.54,1,8.54,8.54,IC50,B,cell-free format,other,9,D,2008,,227.28299999999996,0.8370799999999996,56.13,1,3,2,1,0,0.8181818181818182,0.7601172114785479
CHEMBL488036,CHEMBL488036,CC(C)(CNC(=O)c1ccc2c(c1)CCO2)NCC(=O)N1C[C@@H](F)C[C@H]1C#N,,8.54,1,8.54,8.54,IC50,B,cell-free format,other,9,D,2008,,388.4430000000001,1.1820800000000002,94.46000000000001,2,5,6,3,1,0.55,0.763281957180297
CHEMBL3804950,CHEMBL3804950,Cc1ccnc2c3c(nn12)CN([C@H]1CO[C@H](c2cc(F)ccc2F)[C@@H](N)C1)C3,,8.54,1,8.54,8.54,IC50,B,single protein format,single_protein,9,D,2016,,385.4180000000001,2.48902,68.67999999999999,1,5,2,5,3,0.4,0.7341304491527895
CHEMBL391211,CHEMBL391211,CC12CC3(C)CC(O)(C1)CC([C@H](N)C(=O)N1CC[C@@H]4C[C@@H]41)(C2)C3,,8.54,1,8.54,8.54,Ki,B,single protein format,single_protein,9,D,2007,,318.46100000000007,2.046,66.56,2,3,2,6,0,0.9473684210526315,0.8186845450744104
CHEMBL3216485,CHEMBL1739115,Cc1ccc(-c2c(CC(=O)N3CCC[C@H]3C(=O)O)c(C)nc(CC(C)C)c2CN)cc1,,8.54,1,8.54,8.54,IC50,B,cell-based format,cell_based,9,D,2011,,423.55700000000024,3.640740000000002,96.52,2,4,7,3,2,0.48,0.7086796194470532
CHEMBL4435383,CHEMBL4435383,CC#CCn1c(N2CCC[C@@H](N)C2)nc2c1c(=O)n(Cc1ccccc1C(=O)OC)c(=O)n2C,,8.54,1,8.54,8.54,IC50,B,cell-based format,cell_based,9,D,2019,,464.52600000000024,0.6824000000000006,117.38000000000002,1,7,5,4,3,0.4166666666666667,0.435895355781302
CHEMBL2147711,CHEMBL2147711,Cc1cc(N2CCN([C@@H]3CN[C@H](C(=O)N4CCSC4)C3)CC2)n(-c2ccc(F)cc2)n1,,8.54,1,8.54,8.54,IC50,B,single protein format,single_protein,9,D,2012,,444.5800000000002,1.7052199999999997,56.64,1,6,4,5,2,0.5454545454545454,0.775004041770359
CHEMBL1214942,CHEMBL1214942,Cc1nc2nc(C(=O)N3CCCC3)cn2c(-c2ccc(Cl)cc2Cl)c1CN,,8.54,1,8.54,8.54,Ki,B,single protein format,single_protein,9,D,2010,,404.3010000000001,3.706220000000002,76.52,1,4,3,4,3,0.3157894736842105,0.7223010960579159
CHEMBL5888255,CHEMBL5888255,N[C@H]1C[C@@H](N2Cc3ccc(N4CCC(O)(C(=O)NCc5cc(F)cc(F)c5F)C4=O)cc3C2)CO[C@@H]1c1cc(F)ccc1F,,8.53,1,8.53,8.53,IC50,B,single protein format,single_protein,9,D,2020,,616.5870000000003,3.3394000000000013,108.13000000000001,3,6,6,6,3,0.3548387096774194,0.22297381559422544
CHEMBL5818540,CHEMBL5818540,N[C@H]1C[C@@H](n2ncc(N3CCC(O)(C(=O)NCc4cc(F)cc(F)c4F)C3=O)n2)CO[C@@H]1c1cc(F)ccc1F,,8.53,1,8.53,8.53,IC50,B,single protein format,single_protein,9,D,2020,,566.4870000000002,1.787799999999999,135.6,3,7,6,5,3,0.36,0.23527429699936744
CHEMBL1910111,CHEMBL1910111,COC(=O)CN1Cc2c(nc(C)c(CN)c2-c2ccc(Cl)cc2Cl)C1=O,,8.52,3,7.12,8.57,Ki,B,single protein format,single_protein,8,H,2011,,394.2580000000001,2.951320000000001,85.52000000000001,1,5,4,3,2,0.2777777777777778,0.8064031766895637
CHEMBL1909975,CHEMBL1909975,NCc1c(N)nc(-c2cc(F)cc(F)c2)nc1-c1ccc(Cl)cc1Cl,,8.52,1,8.52,8.52,IC50,B,single protein format,single_protein,8,H,2011,,381.2130000000001,4.436500000000001,77.82000000000001,2,4,3,3,3,0.058823529411764705,0.7034616123884062
CHEMBL1650430,CHEMBL1650430,N#Cc1ccsc1Cn1c(N2CCC[C@@H](N)C2)ncc(Br)c1=O,,8.52,1,8.52,8.52,IC50,B,single protein format,single_protein,9,D,2011,,394.298,1.91478,87.94,1,6,3,3,2,0.4,0.8595355685302829
CHEMBL3697946,CHEMBL3697946,CS(=O)(=O)n1cc2c(n1)CN([C@@H]1C[C@H](N)C(c3cc(F)ccc3F)N(Cc3cncnc3)C1)C2,,8.52,1,8.52,8.52,IC50,B,assay format,other,9,D,2014,,489.5520000000002,1.4176999999999988,110.24,1,8,5,5,3,0.4090909090909091,0.5731127152796367
CHEMBL203618,CHEMBL203618,CCN(CC#N)C(=O)[C@@H](N)C12CC3CC(CC(O)(C3)C1)C2,,8.52,1,8.52,8.52,Ki,B,single protein format,single_protein,9,D,2006,,291.39500000000004,1.017079999999999,90.35000000000001,2,4,4,4,0,0.875,0.7565577604592881
CHEMBL257999,CHEMBL257999,CC#CCn1c(N2CCCNCC2)nc2cnn(Cc3nc(C)c4ccccc4n3)c(=O)c21,,8.52,1,8.52,8.52,IC50,B,cell-based format,cell_based,9,D,2008,,442.52700000000027,1.7159199999999994,93.75999999999999,1,7,4,5,4,0.375,0.4810937722294048
CHEMBL192882,CHEMBL192882,N#C[C@@H]1CCCN1C(=O)[C@@H]1C[C@H](NC2CCCCC2)CN1,,8.52,1,8.52,8.52,IC50,B,single protein format,single_protein,9,D,2005,,290.41100000000006,1.1537799999999996,68.16,2,4,3,3,0,0.875,0.8180982624186264
CHEMBL3987141,CHEMBL3987141,C/C=C/Cn1c(N2CCCC(N)C2)nc2c1c(=O)n(CC(=O)c1ccccc1NC(=O)C(C)C)c(=O)n2C,,8.52,1,8.52,8.52,IC50,B,single protein format,single_protein,8,H,2016,,521.6220000000003,1.8777000000000001,137.25,2,7,8,4,3,0.4444444444444444,0.341014867236607
CHEMBL1909991,CHEMBL1909991,COc1ccccc1N1Cc2c(nc(C)c(CN)c2-c2ccc(Cl)cc2Cl)C1=O,,8.52,3,7.44,8.52,Ki,B,single protein format,single_protein,8,H,2011,,428.31900000000013,4.991520000000004,68.44999999999999,1,4,4,4,3,0.18181818181818182,0.6358128360335762
CHEMBL3981831,CHEMBL3981831,CC#CCn1c(N2CCC[C@@H](N)C2)nc2c1c(=O)n(Cc1ccc(C#N)c3ccccc13)c(=O)n2C,,8.52,1,8.52,8.52,IC50,B,single protein format,single_protein,8,H,2016,,481.56000000000023,1.9206799999999997,114.87,1,6,4,5,4,0.3333333333333333,0.4455663086077937
CHEMBL222144,CHEMBL222144,N[C@H]1CN(c2cc(N3CCn4cc(C(F)(F)F)nc4C3)ncn2)C(=O)C[C@@H]1c1cc(F)c(F)cc1F,,8.52,1,8.52,8.52,Ki,B,single protein format,single_protein,9,D,2007,,511.4300000000002,2.9772000000000016,93.16999999999999,1,6,3,5,3,0.36363636363636365,0.4295758043827425
CHEMBL3974699,CHEMBL3974699,CC#CCn1c(N2CCC[C@@H](N)C2)nc2c1c(=O)n(CC(=O)c1cccc3c1OCCO3)c(=O)n2C,,8.52,1,8.52,8.52,IC50,B,single protein format,single_protein,8,H,2016,,492.53600000000034,0.5016000000000023,126.61000000000001,1,8,5,5,3,0.44,0.4031468898024287
CHEMBL3966199,CHEMBL3966199,CC#CCn1c(N2CCC[C@H](N)C2)nc2c1c(=O)n(Cc1ncc(C)c3ccccc13)c(=O)n2C,,8.52,1,8.52,8.52,IC50,B,single protein format,single_protein,8,H,2016,,471.5650000000002,1.7524199999999999,103.97000000000003,1,6,4,5,4,0.38461538461538464,0.45502754639271664
CHEMBL400532,CHEMBL400532,CC(c1ccc(-n2cncn2)cc1)N1C[C@H](N)[C@H](C(=O)C2CCC[C@H]2C#N)C1,,8.52,1,8.52,8.52,IC50,B,single protein format,single_protein,9,D,2007,,378.48000000000025,2.09638,100.82999999999998,1,6,5,4,2,0.5238095238095238,0.8549329680352318
CHEMBL3958450,CHEMBL3958450,C/C=C/Cn1c(N2CCC[C@@H](N)C2)nc2c1c(=O)n(CC(=O)c1ccccc1)c(=O)n2C,,8.52,1,8.52,8.52,IC50,B,single protein format,single_protein,8,H,2016,,436.5160000000002,1.2832,108.15,1,6,6,4,3,0.391304347826087,0.46073130950606406
CHEMBL566829,CHEMBL566829,N[C@@H](CC(=O)N1CCC[C@H]1c1nc(-c2ncc(F)cc2F)no1)Cc1cc(F)c(F)cc1F,,8.52,1,8.52,8.52,IC50,B,assay format,other,9,D,2009,,467.39800000000014,3.450700000000002,98.14000000000001,1,6,6,4,3,0.3333333333333333,0.4406378024352842
CHEMBL37960,CHEMBL37960,NCc1c(N)nc(-c2ccc(F)c(F)c2)nc1-c1ccc(Cl)cc1Cl,,8.52,1,8.52,8.52,IC50,F,assay format,other,8,H,2004,,381.2130000000001,4.436500000000001,77.82000000000001,2,4,3,3,3,0.058823529411764705,0.7034616123884062
CHEMBL237499,CHEMBL237499,CC#CCn1c(N2CCC[C@@H](N)C2)nc2c1c(=O)n(Cc1nc(C)cc3ccccc13)c(=O)n2C,,8.52,1,8.52,8.52,IC50,B,cell-based format,cell_based,9,D,2007,,471.5650000000002,1.7524199999999999,103.97000000000003,1,6,4,5,4,0.38461538461538464,0.45502754639271664
CHEMBL566672,CHEMBL566672,N[C@@H](CC(=O)N1CCC[C@H]1c1nc(CC2CC2)no1)Cc1cc(F)c(F)cc1F,,8.52,1,8.52,8.52,IC50,B,assay format,other,9,D,2009,,408.4240000000001,3.0630000000000006,85.25000000000001,1,5,7,4,2,0.55,0.7120428514274699
CHEMBL387297,CHEMBL387297,C#C[C@H]1CC[C@@H](C#N)N1C(=O)CNC1(C)CCN(c2ccc(C#N)cn2)CC1,,8.52,1,8.52,8.52,Ki,B,cell-based format,cell_based,9,D,2006,,376.46400000000017,1.4181599999999992,96.05,1,6,4,3,1,0.5238095238095238,0.798610667517019
CHEMBL370072,CHEMBL1184794,C[C@@H](c1ccc(-c2cccc(-c3noc(O)n3)c2)cc1)[C@H](N)C(=O)N1CC[C@H](F)C1,,8.52,1,8.52,8.52,IC50,B,single protein format,single_protein,8,H,2005,,410.4490000000002,3.110400000000001,105.48,2,6,5,4,3,0.3181818181818182,0.6695749395291938
CHEMBL63895,CHEMBL63895,O=C([C@@H]1CCCN1)N1CCC[C@H]1B(O)O,,8.52,3,7.7,8.96,IC50;Ki,B,single protein format,single_protein,8;9,D;H,1996;2015,,212.05800000000002,-1.2585999999999988,72.80000000000001,3,4,2,2,0,0.8888888888888888,0.49942651160831697
CHEMBL401502,CHEMBL401502,CC#CCn1c(N2CCC[C@@H](N)C2)nc2cnn(CC3=Nc4ccccc4Oc4ccccc43)c(=O)c21,,8.52,1,8.52,8.52,IC50,B,cell-based format,cell_based,9,D,2008,,493.5710000000003,3.470500000000002,103.56,1,7,4,6,4,0.2857142857142857,0.4368495648261403
CHEMBL3654420,CHEMBL3654420,N[C@H]1C[C@@H](N2Cc3cnn(-c4ccccc4)c3C2)CCO[C@@H]1c1cc(F)ccc1F,,8.52,1,8.52,8.52,IC50,B,assay format,other,9,D,2015,,410.46800000000013,3.713700000000002,56.31,1,4,3,5,3,0.34782608695652173,0.7152531946120441
CHEMBL1683504,CHEMBL1739354,CC(C)C(Nc1ccc(CNC(=O)C2SCCN2C(=O)C[C@H](N)Cc2cc(F)c(F)cc2F)cc1)C(=O)O,,8.52,1,8.52,8.52,IC50,B,single protein format,single_protein,9,D,2011,,552.6190000000003,3.102800000000001,124.76,4,6,11,3,2,0.4230769230769231,0.3159323589814565
CHEMBL3903674,CHEMBL3903674,CC#CCn1c(N2CCC[C@@H](N)C2)nc2c1c(=O)n(CC(=O)c1ccccc1NC(=O)C(C)C)c(=O)n2C,,8.52,1,8.52,8.52,IC50,B,single protein format,single_protein,8,H,2016,,519.6060000000002,1.3249000000000009,137.25,2,7,7,4,3,0.4444444444444444,0.35480215290031825
CHEMBL3580788,CHEMBL3580788,CN1C(=O)CN(C(=O)C[C@H](N)[C@H]2CCc3cc(F)c(F)cc32)Cc2ccccc21,,8.52,1,8.52,8.52,IC50,B,cell-based format,cell_based,9,D,2015,,399.44100000000014,2.717200000000001,66.64,1,3,3,4,2,0.36363636363636365,0.8631470527763444
CHEMBL3898310,CHEMBL3898310,CC#CCn1c(N2CCC[C@H](N)C2)nc2c1c(=O)n(Cc1nc(C)cc3ccccc13)c(=O)n2C,,8.52,1,8.52,8.52,IC50,B,single protein format,single_protein,8,H,2016,,471.5650000000002,1.7524199999999999,103.97000000000003,1,6,4,5,4,0.38461538461538464,0.45502754639271664
CHEMBL241246,CHEMBL241246,O=C([C@@H]1C[C@H](N2CCN(c3ccc(Cl)c(Cl)c3)CC2)CN1)N1CCSC1,,8.52,1,8.52,8.52,IC50,B,cell-free format,other,9,D,2007,,415.39000000000027,2.3788,38.82000000000001,1,5,3,4,1,0.6111111111111112,0.821059153974672
CHEMBL319080,CHEMBL319080,N#C[C@@H]1CCCN1C(=O)CNC12C[C@H]3C[C@@H](C1)C[C@@H](C2)C3,,8.52,1,8.52,8.52,IC50,B,assay format,other,8,H,2003,,287.40700000000004,2.059379999999999,56.13,1,3,3,5,0,0.8823529411764706,0.8641675757086114
CHEMBL5267474,CHEMBL5267474,N#C[C@@H]1C[C@H](F)CN1C(=O)[C@@H](N)Cc1ccccc1F,,8.52,1,8.52,8.52,IC50,B,single protein format,single_protein,9,D,2021,,279.29,1.15808,70.12,1,3,3,2,1,0.42857142857142855,0.9022003173858133
CHEMBL1951433,CHEMBL1951433,CC(C)=CCn1c(N2CCC[C@H](N)C2)c(C#N)c2ncn(Cc3nc(C)c4ccccc4n3)c(=O)c21,,8.52,1,8.52,8.52,IC50,B,single protein format,single_protein,9,D,2012,,482.59200000000027,3.263300000000002,118.65,1,7,5,5,4,0.37037037037037035,0.4337283531949232
CHEMBL3680637,CHEMBL3680637,CC#CCn1c(N2CCC[C@@H](NC(=O)OC(C)(C)C)C2)nc2c1c(=O)n(CC(=O)c1ccccc1[N+](=O)[O-])c(=O)n2C,,8.52,1,8.52,8.52,IC50,B,single protein format,single_protein,9,D,2014,,579.6140000000003,2.2045999999999992,163.60000000000002,1,9,7,4,3,0.4642857142857143,0.19125090714583498
CHEMBL3112959,CHEMBL3112959,NC[C@]1(c2cccc(Cl)c2)CC[C@H](n2nc(-c3ccccc3)ccc2=O)CC1,,8.52,1,8.52,8.52,IC50,B,single protein format,single_protein,9,D,2014,,393.9180000000001,4.5755000000000035,60.910000000000004,1,3,4,4,3,0.30434782608695654,0.7054720169317988
CHEMBL3939916,CHEMBL3939916,CC#CCn1c(N2CCC[C@@H](N)C2)nc2c1c(=O)n(CC(=O)c1cccc(OC)c1)c(=O)n2C,,8.52,1,8.52,8.52,IC50,B,single protein format,single_protein,8,H,2016,,464.52600000000024,0.739000000000001,117.38000000000002,1,7,6,4,3,0.4166666666666667,0.422313363957404
CHEMBL1951608,CHEMBL1951608,CC(C)=CCn1c(N2CCCNCC2)c(C#N)c2c1c(=O)n(Cc1nccc3ccccc13)c(=O)n2C,,8.52,1,8.52,8.52,IC50,B,single protein format,single_protein,9,D,2012,,497.6030000000003,2.735780000000001,100.88,1,6,5,5,4,0.35714285714285715,0.42574419153512494
CHEMBL3686738,CHEMBL3686738,NCC(=S)N1CCC[C@H]1B(O)O,,8.52,1,8.52,8.52,IC50,B,single protein format,single_protein,9,D,2015,,188.061,-1.2511000000000003,69.72,3,4,2,1,0,0.8333333333333334,0.3727933926431088
CHEMBL3084811,CHEMBL3084811,N#C[C@@H]1CCCN1C(=O)CN[C@]12C[C@@H]3C[C@@H](C[C@@](O)(C3)C1)C2,,8.515,2,8.46,8.57,IC50,B,assay format;cell-free format,other,8,H,2003,,303.4060000000001,1.1742799999999989,76.36,2,4,3,5,0,0.8823529411764706,0.8205033024916378
CHEMBL436744,CHEMBL436744,CC(C)c1cc(C(=O)O)ccc1OC[C@H]1CC[C@@H](C(=O)N2CCC[C@H]2C#N)N1,,8.51,3,8.43,8.7,Ki,B,cell-free format;single protein format,mixed,9,D,2006,,385.4640000000001,2.5221800000000005,102.66,2,5,6,3,1,0.5714285714285714,0.7800051351517815
CHEMBL469659,CHEMBL469659,N#C[C@@H]1C[C@H](F)CN1C(=O)CNC12CC3CC(CC(O)(C3)C1)C2,,8.51,1,8.51,8.51,IC50,B,cell-free format,other,9,D,2008,,321.39600000000013,1.122279999999999,76.36,2,4,3,5,0,0.8823529411764706,0.8166650770227138
CHEMBL470476,CHEMBL470476,N#C[C@@H]1C[C@H](F)CN1C(=O)CNC1CCC1,,8.51,1,8.51,8.51,IC50,B,cell-free format,other,9,D,2008,,225.26699999999997,0.5910799999999996,56.13,1,3,3,2,0,0.8181818181818182,0.7645178722709822
CHEMBL451937,CHEMBL451937,N#C[C@@H]1C[C@H](F)CN1C(=O)CNC1C2CC3CC(C2)CC1C3,,8.51,1,8.51,8.51,IC50,B,cell-free format,other,9,D,2008,,305.3970000000001,1.8632799999999994,56.13,1,3,3,5,0,0.8823529411764706,0.8657311588602287
CHEMBL2425886,CHEMBL2425886,CC#CCn1c(N2CCC[C@@H](N)C2)cc(=O)n(Cc2ccc3ccccc3n2)c1=O,,8.51,1,8.51,8.51,IC50,B,single protein format,single_protein,9,D,2013,,403.4860000000001,1.5572999999999992,86.15,1,5,4,4,3,0.34782608695652173,0.6683809184367518
CHEMBL1215017,CHEMBL1215017,COC[C@H]1CCCN1C(=O)c1cn2c(-c3ccc(Cl)cc3Cl)c(CN)c(C)nc2n1,,8.51,1,8.51,8.51,Ki,B,single protein format,single_protein,9,D,2010,,448.35400000000027,3.7212200000000015,85.75,1,5,5,4,3,0.38095238095238093,0.6432375337144269
CHEMBL239564,CHEMBL239564,O=C([C@@H]1C[C@H](N2CCN(c3ccncc3)CC2)CN1)N1CCSC1,,8.51,1,8.51,8.51,IC50,B,cell-free format,other,9,D,2007,,347.4880000000001,0.4670000000000008,51.71000000000001,1,6,3,4,1,0.6470588235294118,0.8577578751459681
CHEMBL199614,CHEMBL199614,N#C[C@@H]1CCCN1C(=O)[C@@H](N)Cc1ccc(-c2ccc(F)cc2)cc1,,8.51,1,8.51,8.51,Ki,B,single protein format,single_protein,9,D,2006,,337.398,2.877080000000001,70.12,1,3,4,3,2,0.3,0.9324456701925814
CHEMBL1214944,CHEMBL1214944,Cc1nc2nc(C(=O)NC3CCOCC3)cn2c(-c2ccc(Cl)cc2Cl)c1CN,,8.51,1,8.51,8.51,Ki,B,single protein format,single_protein,9,D,2010,,434.32700000000017,3.3790200000000006,94.53999999999999,2,5,4,4,3,0.35,0.6567852116104222
CHEMBL1215235,CHEMBL1215235,Cc1nc2nc(C(=O)NCc3cccs3)cn2c(-c2ccc(Cl)cc2Cl)c1CN,,8.49,1,8.49,8.49,Ki,B,single protein format,single_protein,9,D,2010,,446.3630000000002,4.461720000000003,85.31,2,5,5,4,4,0.15,0.4741218274324743
CHEMBL5894572,CHEMBL5894572,N[C@H]1C[C@@H](N2Cc3ccc(S(=O)(=O)C4CC4)cc3C2)CO[C@@H]1c1cc(F)ccc1F,,8.49,1,8.49,8.49,IC50,B,single protein format,single_protein,9,D,2018,,434.50800000000015,3.0740000000000016,72.63,1,5,4,5,2,0.45454545454545453,0.800839923251921
CHEMBL399525,CHEMBL399525,N#C[C@@H]1CCCN1C(=O)[C@@H]1CN(Cc2ccc(-n3cncn3)cc2)C[C@@H]1N,,8.49,1,8.49,8.49,IC50,B,single protein format,single_protein,9,D,2007,,365.4410000000001,0.5409799999999999,104.07,1,6,4,4,2,0.47368421052631576,0.8480422218356388
CHEMBL3734769,CHEMBL3734769,CS(=O)(=O)Nc1n[nH]c2c1CN([C@H]1CO[C@H](c3cc(F)ccc3F)[C@@H](N)C1)C2,,8.49,1,8.49,8.49,IC50,B,cell-based format,cell_based,9,D,2015,,413.45000000000016,1.2324999999999997,113.33999999999999,3,6,4,4,2,0.47058823529411764,0.6949876060228102
CHEMBL445674,CHEMBL1186013,CS(=O)(=O)c1ccc(-c2noc([C@@H](CCO)[C@H](N)C(F)=C3CCCC3)n2)c(Cl)c1,,8.49,1,8.49,8.49,IC50,B,assay format,other,9,D,2008,,443.9280000000002,3.384400000000002,119.31,2,7,7,3,2,0.47368421052631576,0.6724898608894754
CHEMBL538090,CHEMBL225210,N[C@H]1CN(CCc2ccc3c(c2)OCO3)C(=O)C[C@@H]1c1cc(F)c(F)cc1F,,8.49,3,8.15,8.49,Ki,B,single protein format,single_protein,9,D,2007;2013,,392.377,2.7185000000000006,64.78999999999999,1,4,4,4,2,0.35,0.8130785355737076
CHEMBL562072,CHEMBL562072,N#Cc1cccnc1NC[C@@H]1CCCN1C(=O)C[C@H](N)Cc1cc(F)c(F)cc1F,,8.49,1,8.49,8.49,IC50,B,single protein format,single_protein,8,H,2009,,417.43500000000006,2.733580000000001,95.04,2,5,7,3,2,0.38095238095238093,0.6758122811539629
CHEMBL248793,CHEMBL248793,Cn1nccc1-c1ccc(CN2C[C@H](N)[C@H](C(=O)N3CCC[C@H]3C#N)C2)cc1,,8.48,1,8.48,8.48,IC50,B,single protein format,single_protein,9,D,2007,,378.4800000000002,1.3607800000000005,91.18,1,5,4,4,2,0.47619047619047616,0.8674107887433692
CHEMBL513725,CHEMBL513725,N#C[C@@H]1C[C@H](F)CN1C(=O)CNC1(CO)CCCC1,,8.48,1,8.48,8.48,IC50,B,cell-free format,other,9,D,2008,,269.32,0.34367999999999954,76.36,2,4,4,2,0,0.8461538461538461,0.7715602582487697
CHEMBL189055,CHEMBL1181699,CN(C)C(=O)[C@@H](c1ccc(-c2ccc(F)cc2)cc1)[C@H](N)C(=O)N1CCC[C@H]1C#N,,8.48,1,8.48,8.48,IC50,B,single protein format,single_protein,8,H,2005,,408.4770000000002,2.50638,90.43,1,4,5,3,2,0.34782608695652173,0.8230823679202652
CHEMBL470681,CHEMBL470681,N#C[C@@H]1C[C@H](F)CN1C(=O)CNC1CCCCCCC1,,8.48,1,8.48,8.48,IC50,B,cell-free format,other,9,D,2008,,281.375,2.1514799999999994,56.13,1,3,3,2,0,0.8666666666666667,0.8621037519994242
CHEMBL470357,CHEMBL470357,COc1ccc2sc(C3(NC(=O)C[C@H](N)Cc4cc(F)c(F)cc4F)CCS(=O)(=O)CC3)nc2c1,,8.48,1,8.48,8.48,IC50,B,cell-based format,cell_based,9,D,2008,,527.5900000000003,3.2024000000000017,111.37999999999998,2,7,7,4,3,0.391304347826087,0.4567813714472512
CHEMBL243799,CHEMBL243799,Cc1cc(O)cc(C)c1[C@@H]1CN[C@H](C(=O)N2CCC[C@H]2C#N)C1,,8.48,1,8.48,8.48,IC50,B,single protein format,single_protein,9,D,2007,,313.40100000000007,1.96912,76.36,2,4,2,3,1,0.5555555555555556,0.8750019106195711
CHEMBL5914544,CHEMBL5914544,N[C@H]1C[C@@H](n2ccc(N3CCC(O)(C(=O)NCc4cc(Cl)cc(Cl)c4F)C3=O)n2)CO[C@@H]1c1cc(F)ccc1F,,8.48,1,8.48,8.48,IC50,B,single protein format,single_protein,9,D,2020,,598.4090000000003,3.421400000000002,122.71000000000001,3,6,6,5,3,0.34615384615384615,0.29549152179547417
CHEMBL494497,CHEMBL494497,N[C@@H](CCC(=O)O)C(=O)N1CCC[C@H]1B(O)O,,8.48,2,8.22,8.74,IC50;Ki,B,assay format;single protein format,mixed,9,D,2008;2015,,244.05599999999998,-1.818499999999998,124.09000000000002,4,5,5,1,0,0.7777777777777778,0.4219863645826803
CHEMBL2425884,CHEMBL2425884,CC#CCn1c(N2CCC[C@@H](N)C2)cc(=O)n(Cc2ncccn2)c1=O,,8.47,1,8.47,8.47,IC50,B,single protein format,single_protein,9,D,2013,,354.41400000000004,-0.20089999999999897,99.03999999999999,1,6,4,3,2,0.4444444444444444,0.7636113625345357
CHEMBL5430453,CHEMBL5430453,Cc1ccc2c(c1)CN(C(=O)CC(C)(C)NCC(=O)N1CCC[C@H]1C#N)C2,,8.47,1,8.47,8.47,IC50,B,single protein format,single_protein,9,D,2023,,368.4810000000002,2.1101,76.44,1,4,5,3,1,0.5714285714285714,0.8635688890269909
CHEMBL2147714,CHEMBL2147714,Cc1cc(N2CCN([C@@H]3CN[C@H](C(=O)N4CCSC4)C3)CC2)n(-c2ccc(Cl)cc2)n1,,8.47,1,8.47,8.47,IC50,B,single protein format,single_protein,9,D,2012,,461.03500000000025,2.21952,56.64,1,6,4,5,2,0.5454545454545454,0.7546509207870686
CHEMBL4241283,CHEMBL4241283,CC(C)(C)[C@H](N)C(=O)N1CCSCC1,,8.47,1,8.47,8.47,IC50,B,single protein format,single_protein,9,D,2018,,216.34999999999994,0.9352000000000001,46.330000000000005,1,3,1,1,0,0.9,0.7092303036618054
CHEMBL3644452,CHEMBL3644452,N[C@H]1C[C@@H](N2Cc3c[nH]nc3C2)CSC1c1cc(F)cc(F)c1F,,8.47,1,8.47,8.47,IC50,B,assay format,other,9,D,2014,,354.401,2.7167000000000012,57.94,2,4,2,4,2,0.4375,0.8145068222960495
CHEMBL3400966,CHEMBL3547122,Cc1oc(=O)oc1COC(=O)c1ccc2c3nc(N4CCC[C@@H](N)C4)n(Cc4cc(F)ccc4Cl)c3c(=O)n(C)c2c1,,8.47,1,8.47,8.47,IC50,B,single protein format,single_protein,9,D,2015,,596.0150000000001,3.868120000000002,138.73,1,9,6,6,5,0.3103448275862069,0.28980563489880384
CHEMBL3580789,CHEMBL3580789,CN1C(=O)CN(C(=O)C[C@H](N)[C@H]2CCc3cc(F)c(F)cc32)Cc2ccc(F)cc21,,8.47,1,8.47,8.47,IC50,B,cell-based format,cell_based,9,D,2015,,417.43100000000015,2.856300000000001,66.64,1,3,3,4,2,0.36363636363636365,0.8353521661938158
CHEMBL2441833,CHEMBL2441833,Cc1nc2c(c(-c3ccc(Cl)cc3Cl)c1CN)C(=O)N(Cc1ccn(C)n1)C2,,8.47,1,8.47,8.47,Ki,B,single protein format,single_protein,9,D,2013,,416.3120000000002,3.7120200000000017,77.04,1,4,4,4,3,0.25,0.7036360994774118
CHEMBL3580792,CHEMBL3580792,CCOC(=O)CN1C(=O)CN(C(=O)C[C@H](N)[C@H]2CCc3cc(F)c(F)cc32)Cc2ccccc21,,8.47,1,8.47,8.47,IC50,B,cell-based format,cell_based,9,D,2015,,471.5040000000002,2.650500000000001,92.94,1,5,6,4,2,0.4,0.6542698574855539
CHEMBL242985,CHEMBL242985,CCC[C@@H]1CN[C@H](C(=O)N2CCC[C@H]2C#N)C1,,8.47,1,8.47,8.47,IC50,B,single protein format,single_protein,9,D,2007,,235.33099999999993,1.2791799999999998,56.13,1,3,3,2,0,0.8461538461538461,0.801389296802651
CHEMBL1230909,CHEMBL1230909,O=C(NC[C@@H]1CN[C@H](C(=O)N2CCSC2)C1)c1cscn1,,8.47,1,8.47,8.47,Ki,B,single protein format,single_protein,9,D,2013,,326.44699999999995,0.38390000000000013,74.33000000000001,2,6,4,3,1,0.6153846153846154,0.8369057813968559
CHEMBL249408,CHEMBL249408,N#Cc1ccc2c(c1)CCC2N1C[C@H](N)[C@H](C(=O)C2CCC[C@H]2C#N)C1,,8.47,1,8.47,8.47,IC50,B,single protein format,single_protein,9,D,2007,,348.45000000000016,2.3136600000000005,93.91,1,5,3,4,1,0.5714285714285714,0.9044471179198351
CHEMBL428223,CHEMBL428223,CS(=O)(=O)c1cccc(-c2cc(N3CC(N)C(c4cc(F)c(F)cc4F)C3)ncn2)c1,,8.465,2,8.46,8.47,Ki,B,cell-free format;single protein format,mixed,9,D,2007,,448.47000000000014,2.895500000000001,89.18,1,6,4,4,3,0.23809523809523808,0.6177500126628551
CHEMBL245069,CHEMBL245069,C=CC[C@@H]1CN[C@H](C(=O)N2CCC[C@H]2C#N)C1,,8.46,1,8.46,8.46,IC50,B,single protein format,single_protein,9,D,2007,,233.31499999999994,1.0551799999999996,56.13,1,3,3,2,0,0.6923076923076923,0.7414060839710748
CHEMBL400533,CHEMBL400533,N#C[C@@H]1CCCC1C(=O)[C@@H]1CN(C2CCOc3ccccc32)C[C@@H]1N,,8.46,1,8.46,8.46,IC50,B,single protein format,single_protein,9,D,2007,,339.4390000000001,2.27828,79.35,1,5,3,4,1,0.6,0.9137551520148256
CHEMBL550114,CHEMBL550114,N[C@@H](CC(=O)N1CCC[C@H]1CNC(=O)CC(F)(F)F)Cc1cc(F)c(F)cc1F,,8.46,1,8.46,8.46,IC50,B,single protein format,single_protein,8,H,2009,,425.3730000000001,2.4234,75.43,2,3,7,2,1,0.5555555555555556,0.5206338193701879
CHEMBL396512,CHEMBL396512,N#C[C@@H]1CCCN1C(=O)[C@@H]1C[C@H](c2ccccc2)CN1,,8.46,1,8.46,8.46,IC50,B,single protein format,single_protein,9,D,2007,,269.348,1.6466799999999997,56.13,1,3,2,3,1,0.5,0.8878194250730265
CHEMBL2147083,CHEMBL2220049,Cn1c(=O)c2c(nc(N3CCC[C@@H](N)C3)n2Cc2ccccc2Cl)c2cc(CC(=O)O)ccc21,,8.46,1,8.46,8.46,IC50,B,single protein format,single_protein,9,D,2012,,479.96800000000013,3.1445000000000007,106.38000000000001,2,5,5,5,4,0.32,0.45516946346741716
CHEMBL391559,CHEMBL391559,CNC(=O)[C@@H]1CN[C@H](C(=O)N2CCC[C@H]2C#N)C1,,8.46,1,8.46,8.46,IC50,B,single protein format,single_protein,9,D,2007,,250.30199999999994,-0.7749199999999994,85.23,2,4,2,2,0,0.75,0.6733610564840284
CHEMBL382167,CHEMBL382167,Cc1ccccc1OC[C@H]1CC[C@@H](C(=O)N2CCC[C@H]2C#N)N1,,8.46,1,8.46,8.46,Ki,B,single protein format,single_protein,9,D,2006,,313.401,2.009,65.36,1,4,4,3,1,0.5555555555555556,0.9232655115840422
CHEMBL4516959,CHEMBL4516959,CC#CCn1c(N2CCC[C@@H](N)C2)cc(=O)n(Cc2cc(C#N)ccc2C(=O)O)c1=O,,8.46,1,8.46,8.46,IC50,B,cell-based format,cell_based,9,D,2019,,421.45700000000016,0.5789800000000005,134.35,2,6,5,3,2,0.36363636363636365,0.67443195551584
CHEMBL6054858,CHEMBL6054858,N[C@H]1C[C@@H](n2ccc(N3CC[C@](O)(C(=O)NCc4cc(F)cc(Cl)c4)C3=O)n2)CO[C@@H]1c1cc(F)ccc1F,,8.46,1,8.46,8.46,IC50,B,single protein format,single_protein,9,D,2020,,563.9640000000003,2.7680000000000007,122.71000000000001,3,6,6,5,3,0.34615384615384615,0.39650275797324486
CHEMBL563244,CHEMBL563244,N#Cc1ccc(NC[C@@H]2CCCN2C(=O)C[C@H](N)Cc2cc(F)c(F)cc2F)nc1,,8.46,1,8.46,8.46,IC50,B,single protein format,single_protein,8,H,2009,,417.43500000000006,2.733580000000001,95.04,2,5,7,3,2,0.38095238095238093,0.6758122811539629
CHEMBL3805353,CHEMBL3805353,N[C@H]1C[C@@H](N2Cc3nn4cncnc4c3C2)CO[C@@H]1c1cc(F)ccc1F,,8.46,1,8.46,8.46,IC50,B,single protein format,single_protein,9,D,2016,,372.3790000000001,1.5756,81.57000000000001,1,6,2,5,3,0.3888888888888889,0.7355694449176318
CHEMBL2441952,CHEMBL2441952,Cc1nc2c(c(-c3ccc(Cl)cc3Cl)c1CN)C(=O)N(CC(=O)N(C)C)C2,,8.459999999999999,2,7.89,9.03,Ki,B,single protein format,single_protein,9,D,2013,,407.3010000000002,2.8665200000000013,79.52999999999999,1,4,4,3,2,0.3157894736842105,0.8455714859080379
CHEMBL1929387,CHEMBL1929396,Cc1cc2ncc(C(=O)NCC(C)(C)NCC(=O)N3CCC[C@H]3C#N)cn2n1,ANAGLIPTIN HYDROCHLORIDE,8.45,2,8.42,8.48,IC50,B,assay format;single protein format,mixed,9,D,2011;2022,4,383.45600000000013,0.6503000000000008,115.42,2,6,6,3,2,0.5263157894736842,0.75673864759418
CHEMBL410514,CHEMBL1185372,NC(=O)c1cccc(OCC2=CC[C@H](c3cc(F)c(F)c(F)c3)[C@@H](N)C2)c1,,8.44,1,8.44,8.44,Ki,B,single protein format,single_protein,9,D,2006,,376.37800000000004,3.4129000000000014,78.34,2,3,5,3,2,0.25,0.620045749664236
CHEMBL591117,CHEMBL591117,COc1cc2c(cc1OC)[C@@H]1C[C@H](N)[C@@H](N3C[C@H](CF)CC3=O)CN1CC2,,8.44,1,8.44,8.44,IC50,B,single protein format,single_protein,9,D,2010,,377.4600000000002,1.5206,68.03,1,5,4,4,1,0.65,0.8617790443562634
CHEMBL5286666,CHEMBL5286666,CC#CCn1c(N2CCC[C@@H](N)C2)cc(=O)n(Cc2cccc(C(=O)NC)c2)c1=O,,8.44,1,8.44,8.44,IC50,B,single protein format,single_protein,9,D,2021,,409.4900000000001,0.36870000000000164,102.35999999999999,2,5,5,3,2,0.4090909090909091,0.6949226346893618
CHEMBL6000557,CHEMBL6000557,N[C@H]1C[C@@H](N2Cc3ccc(N4CCC(O)(C(=O)NCc5cccc(F)c5F)C4=O)cc3C2)CO[C@@H]1c1cc(F)ccc1F,,8.44,1,8.44,8.44,IC50,B,single protein format,single_protein,9,D,2020,,598.5970000000003,3.2003000000000013,108.13000000000001,3,6,6,6,3,0.3548387096774194,0.29736295352966957
CHEMBL470164,CHEMBL470164,COCCOc1ccc2nc(C3(NC(=O)C[C@H](N)Cc4cc(F)c(F)cc4F)CCOCC3)sc2c1,,8.44,1,8.44,8.44,IC50,B,cell-based format,cell_based,9,D,2008,,523.5770000000003,3.820800000000002,95.7,2,7,10,4,3,0.44,0.30997726270210035
CHEMBL438520,CHEMBL438520,N#Cc1cc(CN2C[C@H](N)[C@H](C(=O)N3CCC[C@H]3C#N)C2)ccc1F,,8.44,1,8.44,8.44,IC50,B,single protein format,single_protein,9,D,2007,,341.39000000000004,0.97106,97.15,1,5,3,3,1,0.5,0.8834413572487034
CHEMBL458744,CHEMBL458744,N#Cc1ccc(N[C@@H]2CN[C@H](C(=O)N3[C@@H]4C[C@@H]4C[C@@H]3C#N)C2)cc1Cl,,8.44,1,8.44,8.44,Ki,B,single protein format,single_protein,8,H,2009,,355.82900000000006,1.8670599999999993,91.94999999999999,2,5,3,4,1,0.5,0.8630998860472797
CHEMBL365322,CHEMBL365322,CC(C)[C@H](N)C(=O)N[C@@H](C)B(O)O,,8.435,4,8.05,9.05,IC50;Ki,B,assay format;single protein format,mixed,9,D,2005;2008;2015,,188.036,-1.5135999999999985,95.58000000000001,4,4,4,0,0,0.8571428571428571,0.4029322481492241
CHEMBL3216724,CHEMBL1739095,COC(=O)c1cccc(NC(=O)Cc2c(C)nc(CC(C)C)c(CN)c2-c2ccc(C)cc2)c1,,8.43,1,8.43,8.43,IC50,B,cell-based format,cell_based,9,D,2011,,459.59000000000026,4.990440000000004,94.30999999999999,2,5,8,3,3,0.32142857142857145,0.4629077581855042
CHEMBL3806003,CHEMBL3806003,N[C@H]1C[C@@H](N2Cc3nn4cccnc4c3C2)CC[C@@H]1c1cc(F)c(F)cc1F,,8.43,1,8.43,8.43,IC50,B,single protein format,single_protein,9,D,2016,,387.40900000000005,3.1258000000000017,59.45,1,4,2,5,3,0.4,0.6867204274272841
CHEMBL3735925,CHEMBL3735925,N[C@H]1C[C@@H](N2Cc3[nH]nc(NC(=O)c4ccncc4)c3C2)CO[C@@H]1c1cc(F)ccc1F,,8.43,1,8.43,8.43,IC50,B,cell-based format,cell_based,9,D,2015,,440.45400000000024,2.5083,109.16,3,6,4,5,3,0.3181818181818182,0.5753073499925244
CHEMBL365837,CHEMBL1198525,CC(C)C(Oc1ccc(CNC(=O)[C@@H]2CCCN2C(=O)CC(N)Cc2ccccc2F)cc1)C(=O)O,,8.43,1,8.43,8.43,IC50,B,single protein format,single_protein,9,D,2004,,499.5830000000002,2.8810000000000002,121.96,3,5,11,3,2,0.4444444444444444,0.43711621174629905
CHEMBL558322,CHEMBL558322,CC(C)(C)C(=O)NC[C@@H]1CCCN1C(=O)C[C@H](N)Cc1cc(F)c(F)cc1F,,8.43,1,8.43,8.43,IC50,B,single protein format,single_protein,8,H,2009,,399.45700000000005,2.517100000000001,75.43,2,3,6,2,1,0.6,0.7221082944258438
CHEMBL3127986,CHEMBL3127986,N#C[C@@H]1C[C@H](F)CN1C(=O)[C@@H](N)Cc1cscn1,,8.43,2,8.4,8.46,IC50;Ki,B,assay format,other,9,D,2014,,268.317,0.47548000000000046,83.01,1,5,3,2,1,0.5454545454545454,0.8637289669520589
CHEMBL590329,CHEMBL590329,COc1cc2c(cc1OC)C1CC(N)C(N3CC(C)CCC3=O)CN1CC2,,8.43,1,8.43,8.43,IC50,B,single protein format,single_protein,9,D,2010,,373.49700000000024,1.9610999999999998,68.03,1,5,3,4,1,0.6666666666666666,0.8772650375902913
CHEMBL5763347,CHEMBL5763347,N[C@H]1C[C@@H](N2Cc3ccc(S(N)(=O)=O)cc3C2)CO[C@@H]1c1cc(F)ccc1F,,8.42,1,8.42,8.42,IC50,B,single protein format,single_protein,9,D,2018,,409.4580000000001,1.7852999999999999,98.64999999999999,2,5,3,4,2,0.3684210526315789,0.8053576226242756
CHEMBL5276287,CHEMBL5276287,N#CC1CCCN1C(=O)[C@@H](N)Cc1ccc(-c2cn(Cc3ccc(F)cc3)nn2)cc1,,8.42,1,8.42,8.42,IC50,B,single protein format,single_protein,9,D,2021,,418.4760000000001,2.5168800000000005,100.83000000000001,1,5,6,4,3,0.30434782608695654,0.662913038436448
CHEMBL221402,CHEMBL221402,N[C@H]1CN(CCc2cccc(C(=O)O)c2)C(=O)C[C@@H]1c1cc(F)c(F)cc1F,,8.42,1,8.42,8.42,Ki,B,single protein format,single_protein,9,D,2007,,392.377,2.6880000000000006,83.63,2,3,5,3,2,0.3,0.76674663708063
CHEMBL2418626,CHEMBL3040916,N#C[C@@H]1CCCN1C(=O)[C@@H](N)Cc1ccc(-c2cn(Cc3ccc(F)cc3)nn2)cc1,,8.42,1,8.42,8.42,IC50,B,single protein format,single_protein,9,D,2013,,418.4760000000001,2.5168800000000005,100.83000000000001,1,5,6,4,3,0.30434782608695654,0.662913038436448
CHEMBL3580779,CHEMBL3580779,N[C@@H](CC(=O)N1CC(=O)Nc2cc(F)ccc2C1)[C@H]1CCc2cc(F)c(F)cc21,,8.42,1,8.42,8.42,IC50,B,cell-based format,cell_based,9,D,2015,,403.40400000000017,2.8320000000000007,75.43,2,3,3,4,2,0.3333333333333333,0.8277012597526734
CHEMBL2086614,CHEMBL2086614,N#C[C@@H]1CCCN1C(=O)CCCNC(=O)c1ccc(C(F)(F)F)cc1,,8.42,1,8.42,8.42,IC50,B,assay format,other,9,D,2012,,353.344,2.7299800000000003,73.2,1,3,5,2,1,0.47058823529411764,0.8274697099338165
CHEMBL2147074,CHEMBL2219988,Cn1c(=O)c2c(nc(N3CCC[C@@H](N)C3)n2Cc2ccccc2Cl)c2ccc(CC(=O)O)cc21,,8.42,1,8.42,8.42,IC50,B,single protein format,single_protein,9,D,2012,,479.96800000000013,3.1445000000000007,106.38000000000001,2,5,5,5,4,0.32,0.45516946346741716
CHEMBL1230826,CHEMBL1230826,CC(C)(C)c1cc(C(=O)O)ccc1OC[C@H]1CC[C@@H](C(=O)N2CCC[C@H]2CN)N1,,8.42,1,8.42,8.42,Ki,B,single protein format,single_protein,9,D,2013,,403.5230000000002,2.1314000000000006,104.89,3,5,6,3,1,0.6363636363636364,0.6720857848256866
CHEMBL1215166,CHEMBL1215166,Cc1nc2nc(C(=O)Nc3ccon3)cn2c(-c2ccc(Cl)cc2Cl)c1CN,,8.42,1,8.42,8.42,Ki,B,single protein format,single_protein,9,D,2010,,417.25600000000014,3.7105200000000016,111.34,2,6,4,4,4,0.1111111111111111,0.5237742536865414
CHEMBL250620,CHEMBL250620,Cc1cc(-n2cncn2)ccc1CN1C[C@H](N)[C@H](C(=O)C2CCC[C@H]2C#N)C1,,8.42,1,8.42,8.42,IC50,B,single protein format,single_protein,9,D,2007,,378.48000000000025,1.8437999999999999,100.82999999999998,1,6,5,4,2,0.5238095238095238,0.8519501200830897
CHEMBL382003,CHEMBL382003,CC(C)(C)c1cc(C(=O)O)ccc1OC[C@H]1CC[C@@H](C(=O)N2CCC[C@H]2C#N)N1,,8.42,1,8.42,8.42,Ki,B,single protein format,single_protein,9,D,2006,,399.49100000000016,2.6962800000000007,102.66,2,5,5,3,1,0.5909090909090909,0.7891540074703353
CHEMBL395919,CHEMBL395919,N#C[C@@H]1CCCN1C(=O)[C@@H]1C[C@H](CCO)CN1,,8.42,1,8.42,8.42,IC50,B,single protein format,single_protein,9,D,2007,,237.303,-0.13852000000000014,76.36,2,4,3,2,0,0.8333333333333334,0.7161402768934704
CHEMBL4641763,CHEMBL4641763,CS(=O)(=O)n1cc2c(n1)CN([C@@H]1C[C@H](N)[C@@H](c3cc(F)c(F)cc3F)O[C@@H]1C(F)(F)F)C2,,8.41,1,8.41,8.41,IC50,B,single protein format,single_protein,9,D,2020,,484.4220000000001,2.2120999999999995,90.45,1,6,3,4,2,0.5,0.5310035580265898
CHEMBL3093903,CHEMBL3093903,N#C[C@@H]1C[C@H](F)CN1C(=O)[C@@H](N)Cc1ccc(F)cc1,,8.41,2,8.3,8.52,IC50,B,assay format;single protein format,mixed,9,D,2013;2021,,279.28999999999996,1.15808,70.12,1,3,3,2,1,0.42857142857142855,0.9022003173858133
CHEMBL3697949,CHEMBL3697949,CS(=O)(=O)n1cc2c(n1)CN([C@H]1C[C@H](N)C(c3cc(F)ccc3F)N(Cc3cn[nH]c3)C1)C2,,8.41,1,8.41,8.41,IC50,B,assay format,other,9,D,2014,,477.54100000000017,1.3507999999999987,113.13999999999999,2,7,5,5,3,0.42857142857142855,0.5703858767597593
CHEMBL3350932,CHEMBL3350932,C=CC1([C@H](N)C(=O)N2[C@H](C#N)C[C@@H]3C[C@@H]32)CCCC1,,8.41,1,8.41,8.41,Ki,B,single protein format,single_protein,9,D,2005,,259.35299999999995,1.5730799999999996,70.12,1,3,3,3,0,0.7333333333333333,0.78209723850418
CHEMBL4562685,CHEMBL4562685,CC#CCn1c(N2CCC[C@@H](N)C2)cc(=O)n(Cc2ccc(Cl)cc2C(=O)O)c1=O,,8.41,1,8.41,8.41,IC50,B,cell-based format,cell_based,9,D,2019,,430.89200000000017,1.3607,110.56,2,5,5,3,2,0.38095238095238093,0.6928062762534545
CHEMBL4458949,CHEMBL4458949,CC#CCn1c(N2CCC[C@@H](N)C2)nc2c1c(=O)n(Cc1c(Cl)cccc1C(=O)O)c(=O)n2C,,8.41,1,8.41,8.41,IC50,B,cell-based format,cell_based,9,D,2019,,484.9440000000002,1.2474000000000005,128.38000000000002,2,6,5,4,3,0.391304347826087,0.521263413948538
CHEMBL243798,CHEMBL243798,N#C[C@@H]1CCCN1C(=O)[C@@H]1C[C@H](c2cccc(O)c2)CN1,,8.41,1,8.41,8.41,IC50,B,single protein format,single_protein,9,D,2007,,285.34700000000004,1.3522799999999997,76.36,2,4,2,3,1,0.5,0.8597651347601739
CHEMBL549296,CHEMBL549296,N[C@@H](CC(=O)N1CCC[C@H]1CNc1nccc(C(F)(F)F)n1)Cc1cc(F)c(F)cc1F,,8.41,1,8.41,8.41,IC50,B,single protein format,single_protein,8,H,2009,,461.41000000000014,3.2757000000000014,84.14,2,5,7,3,2,0.45,0.4886084958048567
CHEMBL2441830,CHEMBL2441830,COc1ccccc1N1Cc2nc(C)c(CN)c(-c3ccc(Cl)cc3Cl)c2C1=O,,8.41,3,7.2,8.72,Ki,B,single protein format,single_protein,9,D,2013,,428.3190000000001,4.991520000000004,68.44999999999999,1,4,4,4,3,0.18181818181818182,0.6358128360335762
CHEMBL237067,CHEMBL237067,CC(C)=CCn1c(N2CCC[C@H](N)C2)nc2c1c(=O)n(CC(=O)c1ccccc1)c(=O)n2C,,8.41,4,8.04,9.38,IC50;Kd,B,cell-based format;single protein format,mixed,9,D,2007;2016,,450.54300000000023,1.6732999999999996,108.15,1,6,6,4,3,0.4166666666666667,0.4521510914087564
CHEMBL186566,CHEMBL186566,COc1ccc2c(c1)CN[C@H](C(=O)N1CCC[C@H]1C#N)C2,,8.4,1,8.4,8.4,IC50,B,single protein format,single_protein,8,H,2004,,285.34700000000004,1.2240799999999996,65.36,1,4,2,3,1,0.5,0.887184831968329
CHEMBL216253,CHEMBL216253,CN1C(=O)C=C(N2CCC[C@@H](N)C2)C(Cc2ccccc2C#N)C1=O,,8.4,1,8.4,8.4,IC50,B,single protein format,single_protein,9,D,2006,,338.41100000000006,1.0225799999999996,90.43,1,5,3,3,1,0.42105263157894735,0.8312212293446003
CHEMBL2334688,CHEMBL2334688,CC(C)(C)CC(=O)N1CCC([C@H](N)C(=O)N2[C@H](C#N)C[C@@H]3C[C@@H]32)CC1,,8.4,1,8.4,8.4,Ki,B,single protein format,single_protein,9,D,2013,,346.4750000000002,1.5014800000000008,90.43,1,4,3,3,0,0.8421052631578947,0.8383098524124456
CHEMBL1910112,CHEMBL1910112,Cc1nc2c(c(-c3ccc(Cl)cc3Cl)c1CN)CN(CC(=O)O)C2=O,,8.4,1,8.4,8.4,Ki,B,single protein format,single_protein,8,H,2011,,380.23100000000017,2.862920000000001,96.52000000000001,2,4,4,3,2,0.23529411764705882,0.8504303149431147
CHEMBL5275487,CHEMBL5275487,N#C[C@@H]1C[C@H](c2cscn2)CN1C(=O)[C@@H](N)CF,,8.4,1,8.4,8.4,IC50,B,single protein format,single_protein,9,D,2021,,268.31699999999995,0.6479799999999999,83.01,1,5,3,2,1,0.5454545454545454,0.8720316660359007
CHEMBL5432172,CHEMBL5432172,N#C[C@@H]1CCCN1C(=O)CNC12CC3CC(CC(C3)C1)C2,,8.4,1,8.4,8.4,IC50,B,single protein format,single_protein,9,D,2023,,287.4070000000001,2.059379999999999,56.13,1,3,3,5,0,0.8823529411764706,0.8641675757086114
CHEMBL232595,CHEMBL232595,COc1cc2c(cc1OC)[C@@H]1C[C@H](N)[C@@H](c3cccc(Cl)c3)CN1CC2,,8.4,1,8.4,8.4,IC50,B,single protein format,single_protein,9,D,2007,,372.89600000000013,3.771200000000002,47.720000000000006,1,4,3,4,2,0.42857142857142855,0.8904409111469535
CHEMBL2334689,CHEMBL2334689,N#C[C@@H]1C[C@@H]2C[C@@H]2N1C(=O)[C@@H](N)C1CCN(C(=O)CC2CCCCC2)CC1,,8.4,1,8.4,8.4,Ki,B,single protein format,single_protein,9,D,2013,,372.5130000000003,2.0356799999999993,90.43,1,4,4,4,0,0.8571428571428571,0.8174486845153832
CHEMBL2334699,CHEMBL2334699,N#C[C@@H]1C[C@@H]2C[C@@H]2N1C(=O)[C@@H](N)C1CCN(C(=O)c2cnc3ccccc3n2)CC1,,8.4,1,8.4,8.4,Ki,B,single protein format,single_protein,9,D,2013,,404.47400000000016,1.3222800000000001,116.21000000000001,1,6,3,5,2,0.5,0.8247543607995327
CHEMBL3979864,CHEMBL3979864,CC#CCn1c(N2CCC[C@@H](N)C2)nc2c1c(=O)n(CC(=O)c1cccc3c1OCO3)c(=O)n2C,,8.4,1,8.4,8.4,IC50,B,single protein format,single_protein,8,H,2016,,478.5090000000003,0.45910000000000184,126.61000000000001,1,8,5,5,3,0.4166666666666667,0.414030061846009
CHEMBL234373,CHEMBL234373,N#C[C@@H]1CCCN1C(=O)[C@@H]1C[C@H](C(=O)N2CCC2)CN1,,8.4,1,8.4,8.4,IC50,B,single protein format,single_protein,9,D,2007,,276.34,-0.28861999999999916,76.44,1,4,2,3,0,0.7857142857142857,0.7518029365478955
CHEMBL1910114,CHEMBL1910114,COCCN1Cc2c(nc(C)c(CN)c2-c2ccc(Cl)cc2Cl)C1=O,,8.4,1,8.4,8.4,Ki,B,single protein format,single_protein,8,H,2011,,380.27500000000015,3.4247200000000015,68.44999999999999,1,4,5,3,2,0.3333333333333333,0.8631966459341479
CHEMBL484528,CHEMBL484528,Cc1cc2ncc(C(=O)N3CCC([C@H](N)Cc4cc(F)c(F)cc4F)CC3)c(C)n2n1,,8.4,1,8.4,8.4,IC50,B,single protein format,single_protein,9,D,2009,,431.46200000000016,3.185640000000002,76.52,1,4,4,4,3,0.4090909090909091,0.6440670955446324
CHEMBL1951423,CHEMBL1951423,COc1cccc(C(=O)Cn2cnc3c(C#N)c(N4CCC[C@H](N)C4)n(Cc4ccccc4)c3c2=O)c1,,8.4,1,8.4,8.4,IC50,B,single protein format,single_protein,9,D,2012,,496.57100000000037,2.936980000000001,119.16999999999999,1,7,7,5,4,0.2857142857142857,0.3907953811830769
CHEMBL2147705,CHEMBL2147705,O=C([C@@H]1C[C@H](N2CCC(c3nnnn3-c3ccccc3)CC2)CN1)N1CCSC1,,8.4,1,8.4,8.4,IC50,B,single protein format,single_protein,9,D,2012,,413.5510000000003,1.1051000000000002,79.17999999999999,1,7,4,5,2,0.6,0.8042082698633288
CHEMBL426896,CHEMBL426896,CS(=O)(=O)c1cccc(CCN2C[C@H](N)[C@@H](c3cc(F)c(F)cc3F)CC2=O)c1,,8.4,1,8.4,8.4,Ki,B,single protein format,single_protein,9,D,2007,,426.4600000000001,2.393300000000001,80.47,1,4,5,3,2,0.35,0.7449172286697237
CHEMBL237287,CHEMBL237287,CC#CCn1c(N2CCC[C@@H](N)C2)nc2c1c(=O)n(CC(=O)c1ccccc1)c(=O)n2C,,8.4,1,8.4,8.4,IC50,B,cell-based format,cell_based,9,D,2007,,434.50000000000017,0.7304000000000006,108.15,1,6,5,4,3,0.391304347826087,0.46856970261142705
CHEMBL1650435,CHEMBL1650435,N#Cc1ccccc1Cn1c(N2CCC[C@@H](N)C2)cc(=O)[nH]c1=O,,8.4,1,8.4,8.4,IC50,B,single protein format,single_protein,9,D,2011,,325.372,0.38408000000000037,107.91,2,5,3,3,2,0.35294117647058826,0.8482067663496808
CHEMBL429450,CHEMBL429450,CC(C)=CCn1c(N2CCC[C@@H](N)C2)nc2c1c(=O)n(Cc1nccc3ccccc13)c(=O)n2C,,8.4,1,8.4,8.4,IC50,B,cell-based format,cell_based,9,D,2007,,473.58100000000024,2.3869,103.97000000000003,1,6,5,5,4,0.38461538461538464,0.4465473648110387
CHEMBL1910108,CHEMBL1910108,Cc1nc2c(c(-c3ccc(Cl)cc3Cl)c1CN)CN(c1ccc(C#N)cc1)C2=O,,8.4,1,8.4,8.4,Ki,B,single protein format,single_protein,8,H,2011,,423.30300000000017,4.854600000000004,83.00999999999999,1,4,3,4,3,0.13636363636363635,0.6527054547212342
CHEMBL5939140,CHEMBL5939140,CC=CCn1c(N2CCC[C@H](N)C2)nc2c1c(=O)n(CC(=O)c1ccccc1NC(=O)C(C)C)c(=O)n2C,,8.4,1,8.4,8.4,IC50,B,single protein format,single_protein,9,D,2019,,521.6220000000003,1.8777000000000001,137.25,2,7,8,4,3,0.4444444444444444,0.341014867236607
CHEMBL5914704,CHEMBL5914704,COc1cc2ccc3c(c2cc1OC)C[C@H](N)C(c1cc(F)c(F)cc1F)O3,,8.4,1,8.4,8.4,IC50,B,cell-based format,cell_based,9,D,2019,,389.37300000000005,4.277800000000003,53.71000000000001,1,4,3,4,3,0.23809523809523808,0.6797779439769389
CHEMBL1951429,CHEMBL1951429,COc1cccc(C(=O)Cn2cnc3c(C#N)c(N4CCC[C@@H](N)C4)n(CC=C(C)C)c3c2=O)c1,,8.4,1,8.4,8.4,IC50,B,single protein format,single_protein,9,D,2012,,474.5650000000004,2.8548800000000005,119.16999999999999,1,7,7,4,3,0.38461538461538464,0.41299525329209136
CHEMBL1215300,CHEMBL1215300,Cc1nc2nc(C(=O)NCc3ccco3)cn2c(-c2ccc(Cl)cc2Cl)c1CN,,8.4,1,8.4,8.4,Ki,B,single protein format,single_protein,9,D,2010,,430.29500000000013,3.9932200000000018,98.45,2,5,5,4,4,0.15,0.4989911930568247
CHEMBL391070,CHEMBL391070,COc1cc2c(cc1OC)[C@@H]1C[C@H](N)[C@@H](c3cccc(C)c3)CN1CC2,,8.4,1,8.4,8.4,IC50,B,single protein format,single_protein,9,D,2007,,352.4780000000002,3.4262200000000025,47.720000000000006,1,4,3,4,2,0.45454545454545453,0.9193774654090792
CHEMBL425483,CHEMBL425483,N#Cc1ccccc1Cn1c(N2CCC[C@@H](N)C2)nc2ccc(F)cc2c1=O,,8.4,1,8.4,8.4,IC50,B,single protein format,single_protein,9,D,2007,,377.42300000000006,2.3830800000000005,87.94,1,5,3,4,3,0.2857142857142857,0.7571437788077592
CHEMBL1951431,CHEMBL1951431,CC(C)=CCn1c(N2CCC[C@H](N)C2)c(C#N)c2ncn(Cc3ccnc4ccccc34)c(=O)c21,,8.4,1,8.4,8.4,IC50,B,single protein format,single_protein,9,D,2012,,467.5770000000002,3.5598800000000024,105.76000000000002,1,6,5,5,4,0.3333333333333333,0.45003942709589634
CHEMBL4581959,CHEMBL4581959,CC#CCn1c(N2CCC[C@@H](N)C2)cc(=O)n(Cc2cc(OC)ccc2C(=O)O)c1=O,,8.4,1,8.4,8.4,IC50,B,cell-based format,cell_based,9,D,2019,,426.4730000000002,0.7159000000000011,119.79000000000002,2,6,6,3,2,0.4090909090909091,0.6531583451096473
CHEMBL1650443,CHEMBL1650443,Cn1c(=O)cc(N2CCC[C@@H](N)C2)n(Cc2cc(F)ccc2C#N)c1=O,TRELAGLIPTIN,8.4,7,8.27,8.89,IC50;Ki,B,cell-based format;single protein format,mixed,9,D,2011;2017;2023;2024,4,357.38900000000007,0.5335800000000002,97.05000000000001,1,5,3,3,2,0.3888888888888889,0.8644112830109949
CHEMBL3926493,CHEMBL3926493,C/C=C/Cn1c(N2CCC[C@@H](N)C2)nc2c1c(=O)n(CC(=O)c1ccccc1NC(=O)C(C)C)c(=O)n2C,,8.4,1,8.4,8.4,IC50,B,single protein format,single_protein,8,H,2016,,521.6220000000003,1.8777000000000001,137.25,2,7,8,4,3,0.4444444444444444,0.341014867236607
CHEMBL404220,CHEMBL404220,CC#CCn1c(N2CCCC(N)C2)nc2cnn(Cc3ccc(C#N)c4ccccc34)c(=O)c21,,8.4,1,8.4,8.4,IC50,B,cell-based format,cell_based,9,D,2008,,451.5340000000003,2.6169800000000008,105.75999999999999,1,6,4,5,4,0.3076923076923077,0.47832142989015664
CHEMBL401304,CHEMBL401304,N[C@@H](CC(=O)N1CCn2nc(C(F)(F)F)nc2[C@H]1Cc1ccc(F)cc1)Cc1cc(F)c(F)cc1F,,8.4,1,8.4,8.4,IC50,B,single protein format,single_protein,8,H,2007,,515.4330000000002,3.9394000000000027,77.04,1,4,6,4,3,0.34782608695652173,0.3987987552471809
CHEMBL566616,CHEMBL566616,N[C@@H](CC(=O)N1CCC[C@H]1c1nc(N2CCCC2)no1)Cc1cc(F)c(F)cc1F,,8.4,1,8.4,8.4,IC50,B,assay format,other,9,D,2009,,423.4390000000001,2.710700000000001,88.49000000000001,1,6,6,4,2,0.55,0.7191221259423248
CHEMBL3953094,CHEMBL3953094,CC#CCn1c(N2CCC[C@@H](N)C2)nc2c1c(=O)n(Cc1nc(-c3ccccc3)c3ccccc3n1)c(=O)n2C,,8.4,1,8.4,8.4,IC50,B,single protein format,single_protein,8,H,2016,,534.6240000000001,2.5060000000000002,116.86000000000001,1,7,5,6,5,0.3,0.34449153226807944
CHEMBL567727,CHEMBL567727,N[C@@H](CC(=O)N1CCC[C@H]1c1nc(-c2ncccn2)no1)Cc1cc(F)c(F)cc1F,,8.4,1,8.4,8.4,IC50,B,assay format,other,9,D,2009,,432.4060000000002,2.5675,111.03000000000002,1,7,6,4,3,0.35,0.5961303516789399
CHEMBL250999,CHEMBL250999,N[C@@H](CC(=O)N1CCn2nc(C(F)(F)F)nc2[C@H]1Cc1ccc(C(F)(F)F)cc1)Cc1cc(F)c(F)cc1F,,8.4,1,8.4,8.4,IC50,B,single protein format,single_protein,8,H,2007,,565.4400000000002,4.819100000000003,77.04,1,4,6,4,3,0.375,0.34376640252266866
CHEMBL222323,CHEMBL222323,CS(=O)(=O)c1cccc(-c2cc(N3C[C@H](N)[C@@H](c4cc(F)c(F)cc4F)CC3=O)ncn2)c1,,8.4,1,8.4,8.4,Ki,B,single protein format,single_protein,9,D,2007,,476.4800000000002,2.8122000000000016,106.25,1,6,4,4,3,0.22727272727272727,0.5807709750362714
CHEMBL3950914,CHEMBL3950914,C/C=C/Cn1c(N2CCC[C@H](N)C2)nc2c1c(=O)n(CC(=O)c1ccccc1NC(=O)C(C)C)c(=O)n2C,,8.4,1,8.4,8.4,IC50,B,single protein format,single_protein,8,H,2016,,521.6220000000003,1.8777000000000001,137.25,2,7,8,4,3,0.4444444444444444,0.341014867236607
CHEMBL256969,CHEMBL256969,CC#CCn1c(N2CCCC(N)C2)nc2cnn(Cc3nc4ccccc4o3)c(=O)c21,,8.4,1,8.4,8.4,IC50,B,cell-based format,cell_based,9,D,2008,,417.47300000000024,1.7332999999999996,108.0,1,7,4,5,4,0.36363636363636365,0.5039118153090818
CHEMBL5279581,CHEMBL5279581,N#C[C@@H]1C[C@H](F)CN1C(=O)[C@@H](N)Cc1cccc(F)c1,,8.4,1,8.4,8.4,IC50,B,single protein format,single_protein,9,D,2021,,279.29,1.1580800000000002,70.12,1,3,3,2,1,0.42857142857142855,0.9022003173858133
CHEMBL1650411,CHEMBL1650411,COc1cnc(N2CCC[C@@H](N)C2)n(Cc2ccccc2C#N)c1=O,,8.4,1,8.4,8.4,IC50,B,single protein format,single_protein,9,D,2011,,339.39900000000006,1.09938,97.16999999999999,1,6,4,3,2,0.3888888888888889,0.8957230884376195
CHEMBL250351,CHEMBL250351,N[C@@H](CC(=O)N1CCn2nc(C(F)(F)F)nc2C1Cn1cccn1)Cc1cc(F)c(F)cc1F,,8.4,1,8.4,8.4,IC50,B,single protein format,single_protein,8,H,2007,,487.40800000000013,2.4543,94.86,1,5,6,4,3,0.4,0.42597912049506576
CHEMBL3085037,CHEMBL3085037,N#Cc1ccc(O[C@H]2CC[C@H](NCC(=O)N3CCC[C@H]3C#N)CC2)nc1,,8.4,1,8.4,8.4,Ki,B,cell-based format,cell_based,9,D,2006,,353.4260000000001,1.7474599999999996,102.04,1,6,5,3,1,0.5789473684210527,0.865033516794322
CHEMBL3093896,CHEMBL3093896,N#C[C@@H]1CCCN1C(=O)[C@@H](N)Cc1ccc(Br)cc1,,8.4,1,8.4,8.4,IC50,B,assay format,other,9,D,2013,,322.206,1.8334799999999996,70.12,1,3,3,2,1,0.42857142857142855,0.9229023957376512
CHEMBL552127,CHEMBL552127,CN(C[C@@H]1CCCN1C(=O)C[C@H](N)Cc1cc(F)c(F)cc1F)c1ccc(C#N)cn1,,8.4,1,8.4,8.4,IC50,B,single protein format,single_protein,8,H,2009,,431.4620000000001,2.757880000000001,86.25,1,5,7,3,2,0.4090909090909091,0.6816497077093022
CHEMBL375508,CHEMBL375508,COc1cc2c(=O)n(Cc3ccccc3C#N)c(N3CCC[C@@H](N)C3)nc2cc1F,,8.4,1,8.4,8.4,IC50,B,single protein format,single_protein,9,D,2007,,407.44900000000024,2.39168,97.17,1,6,4,4,3,0.3181818181818182,0.713307396344359
CHEMBL3093925,CHEMBL3093925,N#C[C@@H]1CCCN1C(=O)[C@@H](N)Cc1ccc(Cl)cc1,,8.4,1,8.4,8.4,IC50,B,assay format,other,9,D,2013,,277.755,1.7243799999999996,70.12,1,3,3,2,1,0.42857142857142855,0.9145237335977112
CHEMBL1234200,CHEMBL1234200,CS(=O)(=O)c1cccc(-c2cc(N3CC[C@H](c4cc(F)c(F)cc4F)[C@@H](N)C3)ncn2)c1,,8.4,1,8.4,8.4,Ki,B,single protein format,single_protein,9,D,2013,,462.4970000000001,3.2856000000000014,89.18,1,6,4,4,3,0.2727272727272727,0.5989080285665718
CHEMBL3934913,CHEMBL3934913,CC(C)=CCn1c(N2CCCC(N)C2)nc2c1c(=O)n(Cc1ncnc3ccccc13)c(=O)n2C,,8.4,1,8.4,8.4,IC50,B,single protein format,single_protein,8,H,2016,,474.56900000000024,1.7818999999999998,116.86000000000001,1,7,5,5,4,0.4,0.438310073863887
CHEMBL3112960,CHEMBL3112960,NC[C@]1(c2cccc(Cl)c2)CC[C@H](n2nc(-c3cccnc3)ccc2=O)CC1,,8.4,1,8.4,8.4,IC50,B,single protein format,single_protein,9,D,2014,,394.9060000000001,3.970500000000003,73.80000000000001,1,4,4,4,3,0.3181818181818182,0.7260898485803663
CHEMBL1951604,CHEMBL1951604,CC#CCn1c(N2CCC[C@H](N)C2)c(C#N)c2c1c(=O)n(Cc1nccc3ccccc13)c(=O)n2C,,8.4,1,8.4,8.4,IC50,B,single protein format,single_protein,9,D,2012,,481.56000000000023,1.9206799999999993,114.87,1,6,4,5,4,0.3333333333333333,0.4455663086077937
CHEMBL3686737,CHEMBL3686737,N[C@H](C(=O)N1CCC[C@H]1B(O)O)C1CCCCC1,,8.4,3,6.42,9.0,IC50,B,single protein format,single_protein,9,D,2015,,254.13899999999995,-0.10300000000000042,86.79,3,4,3,2,0,0.9166666666666666,0.6135120245310105
CHEMBL585129,CHEMBL585129,N[C@@H](CC(=O)N1CCC[C@H]1c1nc(N2CCOCC2)no1)Cc1cc(F)c(F)cc1F,,8.4,1,8.4,8.4,IC50,B,assay format,other,9,D,2009,,439.43800000000016,1.9470999999999994,97.72000000000001,1,7,6,4,2,0.55,0.6873233457448455
CHEMBL1951596,CHEMBL1951596,Cn1c(=O)n(Cc2nccc3ccccc23)c(=O)c2c1c(C#N)c(N1CCC[C@H](N)C1)n2Cc1ccccc1,,8.4,1,8.4,8.4,IC50,B,single protein format,single_protein,9,D,2012,,519.6090000000004,2.9456800000000003,114.87,1,6,5,6,5,0.26666666666666666,0.38187537782580583
CHEMBL3093904,CHEMBL3093904,Cc1ccc(C[C@H](N)C(=O)N2C[C@@H](F)C[C@H]2C#N)cc1,,8.4,1,8.4,8.4,IC50,B,assay format,other,9,D,2013,,275.327,1.3273999999999995,70.12,1,3,3,2,1,0.4666666666666667,0.9042911269112498
CHEMBL511785,CHEMBL511785,N#C[C@@H]1C[C@H](F)CN1C(=O)CNC12CC3CC(CC(C3)C1)C2,,8.39,1,8.39,8.39,IC50,B,cell-free format,other,9,D,2008,,305.3970000000001,2.0073799999999995,56.13,1,3,3,5,0,0.8823529411764706,0.8675392312273162
CHEMBL391577,CHEMBL391577,O=C([C@@H]1C[C@H](N2CCN(c3cccc(Cl)c3)CC2)CN1)N1CCSC1,,8.39,1,8.39,8.39,IC50,B,cell-free format,other,9,D,2007,,380.9450000000002,1.7253999999999996,38.82000000000001,1,5,3,4,1,0.6111111111111112,0.8641100478327158
CHEMBL3654426,CHEMBL3654426,N[C@H]1C[C@@H](N2Cc3cnc(C4CC4)nc3C2)CCO[C@@H]1c1cc(F)ccc1F,,8.39,1,8.39,8.39,IC50,B,assay format,other,9,D,2015,,386.446,3.195400000000001,64.27,1,5,3,5,2,0.5238095238095238,0.8777372890287489
CHEMBL2068511,CHEMBL2068511,C[C@@H](B(O)O)N1CC[C@@H](N)C1=O,,8.38,3,8.28,8.64,IC50;Ki,B,assay format,other,9,D,2007,,171.99299999999997,-2.0534999999999988,86.78999999999999,3,4,2,1,0,0.8333333333333334,0.4179909241191639
CHEMBL4646510,CHEMBL4646510,CS(=O)(=O)n1cc2c(n1)CN([C@@H]1C[C@H](N)[C@@H](c3cc(F)ccc3F)O[C@@H]1C(F)(F)F)C2,COFROGLIPTIN,8.38,1,8.38,8.38,IC50,B,single protein format,single_protein,9,D,2020,2,466.4320000000001,2.0729999999999995,90.45,1,6,3,4,2,0.5,0.6971030669884399
CHEMBL1808464,CHEMBL1808464,Cc1ccc(-c2c(CN)c(CC(C)C)nc3ccc(OCC(N)=O)cc23)cc1,,8.38,1,8.38,8.38,IC50,B,cell-based format,cell_based,9,D,2011,,377.48800000000017,3.7315200000000024,91.22999999999999,2,4,7,3,3,0.30434782608695654,0.6561718688614542
CHEMBL5399740,CHEMBL5399740,Nc1nc(NC2=NC(c3ccccc3)=CC(c3cccc([N+](=O)[O-])c3)O2)nc(N2CCOCC2)n1,,8.38,1,8.38,8.38,IC50,B,single protein format,single_protein,9,D,2023,,474.4810000000004,2.7791000000000006,153.92000000000002,2,11,5,5,3,0.21739130434782608,0.416553751736839
CHEMBL2441950,CHEMBL2441950,Cc1nc2c(c(-c3ccc(Cl)cc3Cl)c1CN)C(=O)N(CC(N)=O)C2,,8.38,1,8.38,8.38,Ki,B,single protein format,single_protein,9,D,2013,,379.2470000000002,2.2636200000000004,102.31,2,4,4,3,2,0.23529411764705882,0.8507190947634343
CHEMBL376359,CHEMBL376359,Cn1c(=O)cc(N2CCC[C@@H](N)C2)n(Cc2ccccc2C#N)c1=O,ALOGLIPTIN,8.375,16,7.54,9.0,IC50;Kd,B,cell-based format;single protein format,mixed,8;9,D;H,2011;2012;2013;2016;2017;2019;2021;2023,4,339.39900000000006,0.3944800000000006,97.05000000000001,1,5,3,3,2,0.3888888888888889,0.8726102829759809
CHEMBL459357,CHEMBL459357,CN(C)C(=O)[C@@H](c1ccc(C2=CN3N=CNC3C=C2)cc1)[C@H](N)C(=O)N1CC[C@H](F)C1,,8.37,1,8.37,8.37,IC50,B,single protein format,single_protein,8,H,2009,,426.4960000000002,0.8414000000000007,94.27,2,6,5,4,1,0.4090909090909091,0.7278882267768274
CHEMBL3694423,CHEMBL3694423,CS(=O)(=O)n1cc2c(n1)CN([C@@H]1C[C@H](N)C(c3cc(F)ccc3F)N(CC(N)=O)C1)C2,,8.37,1,8.37,8.37,IC50,B,assay format,other,9,D,2014,,454.5030000000002,-0.08719999999999883,127.54999999999998,2,7,5,4,2,0.47368421052631576,0.6464621703984748
CHEMBL377221,CHEMBL237337,CN(C)C(=O)[C@@H](c1ccc(-c2ccc3ncnn3c2)cc1)[C@H](N)C(=O)N1CC[C@H](F)C1,,8.37,6,7.36,8.4,IC50;Ki,B,cell-based format;single protein format,mixed,8;9,D;H,2006;2007;2008;2013,,424.4800000000002,1.4658,96.83,1,5,5,4,3,0.36363636363636365,0.6690414608626287
CHEMBL415647,CHEMBL415647,N#C[C@@H]1CCCN1C(=O)[C@@H]1C[C@H](C(=O)N2CCOCC2)CN1,,8.37,1,8.37,8.37,IC50,B,single protein format,single_protein,9,D,2007,,306.3660000000001,-0.6621199999999976,85.67,1,5,2,3,0,0.8,0.7317123000623795
CHEMBL3735129,CHEMBL3735129,N[C@H]1C[C@@H](N2Cc3[nH]nc(NC(=O)c4nccs4)c3C2)CO[C@@H]1c1cc(F)ccc1F,,8.37,1,8.37,8.37,IC50,B,cell-based format,cell_based,9,D,2015,,446.48300000000023,2.5698,109.16,3,7,4,5,3,0.35,0.5684581340290751
CHEMBL558779,CHEMBL1196948,C[C@@H]1c2nnc(C(F)(F)F)n2CCN1C(=O)C[C@H](N)Cc1cc(F)c(F)cc1F,,8.37,1,8.37,8.37,IC50,B,single protein format,single_protein,8,H,2008,,421.3450000000001,2.5775000000000006,77.04,1,4,4,3,2,0.47058823529411764,0.6083371620596874
CHEMBL4876894,CHEMBL4876894,CC#CCn1c(N2CCC[C@@H](N)C2)cc(=O)n(Cc2cc(C(=O)OC)ccc2F)c1=O,,8.37,1,8.37,8.37,IC50,B,single protein format,single_protein,9,D,2021,,428.46400000000017,0.9347999999999999,99.56,1,6,5,3,2,0.4090909090909091,0.5620569715003841
CHEMBL1779707,CHEMBL1779707,CCOC[C@@H]1C(=O)NCCN1C(=O)C[C@H](N)Cc1cc(F)c(F)cc1F,,8.37,1,8.37,8.37,IC50,B,single protein format,single_protein,9,D,2011,,373.375,0.7273000000000013,84.66,2,4,7,2,1,0.5294117647058824,0.6903644965311074
CHEMBL391578,CHEMBL391578,N#Cc1ccc(N2CCN([C@@H]3CN[C@H](C(=O)N4CCSC4)C3)CC2)cc1,,8.37,1,8.37,8.37,IC50,B,cell-free format,other,9,D,2007,,371.51000000000016,0.9436799999999999,62.61000000000001,1,6,3,4,1,0.5789473684210527,0.8534430542503912
CHEMBL5266197,CHEMBL5315665,CC1c2nnc(C(F)(F)F)n2CCN1C(=O)C[C@H](N)Cc1cc(F)c(F)cc1F,,8.37,1,8.37,8.37,IC50,B,single protein format,single_protein,9,D,2021,,421.3450000000001,2.5775000000000006,77.04,1,4,4,3,2,0.47058823529411764,0.6083371620596874
CHEMBL2147706,CHEMBL2147706,O=C([C@@H]1C[C@H](N2CCN(c3nnnn3C3CCCCC3)CC2)CN1)N1CCSC1,,8.37,1,8.37,8.37,IC50,B,single protein format,single_protein,9,D,2012,,420.58700000000033,0.5637000000000016,82.42,1,8,4,5,1,0.8947368421052632,0.7569024852804673
CHEMBL2441844,CHEMBL2441844,Cc1nc2c(c(-c3ccc(Cl)cc3Cl)c1CN)C(=O)N(CC(=O)O)C2,,8.365,2,7.96,8.77,Ki,B,single protein format,single_protein,9,D,2013,,380.23100000000017,2.862920000000001,96.52,2,4,4,3,2,0.23529411764705882,0.8504303149431147
CHEMBL232316,CHEMBL232316,CCNC(=O)[C@@H]1CN[C@H](C(=O)N2CCC[C@H]2C#N)C1,,8.36,1,8.36,8.36,IC50,B,single protein format,single_protein,9,D,2007,,264.32899999999995,-0.3848199999999995,85.23,2,4,3,2,0,0.7692307692307693,0.7271040692941645
CHEMBL5891902,CHEMBL5891902,N[C@H]1C[C@@H](N2Cc3nn4c(c3C2)CCCS4(=O)=O)CO[C@@H]1c1cc(F)ccc1F,,8.36,1,8.36,8.36,IC50,B,single protein format,single_protein,9,D,2018,,424.4730000000001,1.4585,90.45,1,6,2,5,2,0.5263157894736842,0.7851206978773592
CHEMBL3215820,CHEMBL1739307,CCCc1nc(CC(C)(C)C)c(CN)c(-c2ccc(C)cc2)c1C(=O)O,,8.36,1,8.36,8.36,IC50,B,cell-based format,cell_based,9,D,2011,,354.4940000000001,4.755020000000004,76.21,2,3,6,2,2,0.45454545454545453,0.7842923422151937
CHEMBL2418631,CHEMBL3040812,COc1ccc(Cn2cc(-c3ccc(C[C@H](N)C(=O)N4CCC[C@H]4C#N)cc3)nn2)cc1,,8.36,1,8.36,8.36,IC50,B,single protein format,single_protein,9,D,2013,,430.51200000000017,2.38638,110.06,1,6,7,4,3,0.3333333333333333,0.6162512511383283
CHEMBL207650,CHEMBL207650,N#Cc1ccc(OC[C@H]2CC[C@@H](C(=O)N3CCC[C@H]3C#N)N2)cc1,,8.36,1,8.36,8.36,Ki,B,single protein format,single_protein,9,D,2006,,324.38399999999996,1.57226,89.15,1,5,4,3,1,0.5,0.9078946396572057
CHEMBL4464819,CHEMBL4464819,Cc1nc(CN2C(=O)c3c(nc(N4CCC[C@@H](N)C4)n3CC(=O)C3CC3)N3CCN=C23)nc2ccccc12,,8.36,1,8.36,8.36,IC50,B,single protein format,single_protein,9,D,2016,,513.6060000000003,1.8733200000000003,125.83999999999999,1,9,6,7,3,0.48148148148148145,0.5295676419068597
CHEMBL4852700,CHEMBL4852700,CC#CCn1c(N2CCC[C@@H](N)C2)cc(=O)n(Cc2cccc(C(=O)OC)c2Br)c1=O,,8.35,1,8.35,8.35,IC50,B,single protein format,single_protein,9,D,2021,,489.3700000000002,1.5581999999999998,99.56,1,6,5,3,2,0.4090909090909091,0.505811950365794
CHEMBL391558,CHEMBL391558,CN(C)C(=O)C[C@@H]1CN[C@H](C(=O)N2CCC[C@H]2C#N)C1,,8.35,1,8.35,8.35,IC50,B,single protein format,single_protein,9,D,2007,,278.356,-0.042619999999999214,76.44,1,4,3,2,0,0.7857142857142857,0.7855222600237263
CHEMBL488418,CHEMBL488418,CC(C)(CNC(=O)c1ccccc1)NCC(=O)N1C[C@@H](F)C[C@H]1C#N,,8.35,1,8.35,8.35,IC50,B,cell-free format,other,9,D,2008,,346.4060000000001,1.24718,85.23,2,4,6,2,1,0.5,0.8117068368240103
CHEMBL194852,CHEMBL194852,CCCC[C@H](N)C(=O)N1CCC[C@@H]1B(O)O,,8.35,1,8.35,8.35,IC50,B,single protein format,single_protein,9,D,2005,,228.10099999999997,-0.49309999999999954,86.79,3,4,5,1,0,0.9,0.5537782633846029
CHEMBL3686745,CHEMBL3686745,CCC[C@H](N)C(=O)N1CCC[C@H]1B(O)O,,8.35,1,8.35,8.35,IC50,B,single protein format,single_protein,9,D,2015,,214.07399999999998,-0.8831999999999991,86.79,3,4,4,1,0,0.8888888888888888,0.5299581758233004
CHEMBL2147702,CHEMBL2147702,O=C([C@@H]1C[C@H](N2CCN(c3nc(-c4ccccc4)cs3)CC2)CN1)N1CCSC1,,8.35,1,8.35,8.35,IC50,B,single protein format,single_protein,9,D,2012,,429.6150000000003,2.1955,51.71000000000001,1,7,4,5,2,0.5238095238095238,0.8042617561598466
CHEMBL3215606,CHEMBL1739340,Cc1ccc(-c2c(CN)c(CC(C)(C)C)nc(CC(C)C)c2C(=O)O)cc1,,8.34,1,8.34,8.34,IC50,B,cell-based format,cell_based,9,D,2011,,368.52100000000013,5.001020000000005,76.21,2,3,6,2,2,0.4782608695652174,0.7519923543149759
CHEMBL4098936,CHEMBL4117236,Cc1ccc(-c2c(CN)c(CC(C)C)nc3ccc(OCCCCC(=O)O)cc23)cc1,,8.34,1,8.34,8.34,IC50,B,assay format,other,9,D,2017,,420.5530000000003,5.501120000000005,85.44000000000001,2,4,10,3,3,0.38461538461538464,0.4229915716888499
CHEMBL2159193,CHEMBL2159193,Cn1c(=O)c2c(-c3cc(F)ccc3Br)c(CN)c(N3CCOCC3)nc2n(C)c1=O,,8.34,1,8.34,8.34,IC50,B,single protein format,single_protein,8,H,2012,,478.3220000000004,1.4960999999999998,95.38,1,6,3,4,3,0.35,0.6134332893170131
CHEMBL472096,CHEMBL472096,CC(C)(CO)NCC(=O)N1C[C@@H](F)C[C@H]1C#N,,8.34,1,8.34,8.34,IC50,B,cell-free format,other,9,D,2008,,243.28199999999998,-0.1905199999999998,76.36,2,4,4,1,0,0.8181818181818182,0.7172404864591106
CHEMBL4527363,CHEMBL4527363,CC#CCn1c(N2CCC[C@@H](N)C2)cc(=O)n(Cc2ccc(Br)cc2C(=O)O)c1=O,,8.34,1,8.34,8.34,IC50,B,cell-based format,cell_based,9,D,2019,,475.34300000000013,1.4698,110.56,2,5,5,3,2,0.38095238095238093,0.634296280692574
CHEMBL5268983,CHEMBL5268983,CC#CCn1c(N2CCC[C@@H](N)C2)cc(=O)n(Cc2cccc(C(=O)NCC)c2)c1=O,,8.34,1,8.34,8.34,IC50,B,single protein format,single_protein,9,D,2021,,423.51700000000017,0.7588000000000013,102.35999999999999,2,5,6,3,2,0.43478260869565216,0.6681282863292354
CHEMBL380707,CHEMBL380707,N#C[C@@H]1CCCN1C(=O)[C@@H]1CC[C@H](COc2ccc(Br)cc2)N1,,8.34,1,8.34,8.34,Ki,B,single protein format,single_protein,9,D,2006,,378.27,2.4630799999999997,65.36,1,4,4,3,1,0.5294117647058824,0.874422719649609
CHEMBL195804,CHEMBL195804,N#C[C@@H]1CCCN1C(=O)[C@@H]1C[C@H](NCc2ccccc2)CN1,,8.34,1,8.34,8.34,IC50,B,single protein format,single_protein,9,D,2005,,298.39000000000004,1.0212799999999995,68.16,2,4,4,3,1,0.5294117647058824,0.87073595583831
CHEMBL2347036,CHEMBL2347036,CC#CCn1c(N2CCC[C@@H](N)C2)nc2ccn(Cc3ccc4ccc(F)cc4n3)c2c1=O,,8.33,1,8.33,8.33,IC50,B,single protein format,single_protein,9,D,2013,,444.51400000000024,2.8844000000000003,81.97,1,5,4,5,4,0.32,0.48972795355431353
CHEMBL429482,CHEMBL429482,CCc1cc(CN2C[C@H](N)[C@H](C(=O)C3CCC[C@H]3C#N)C2)cc(CC)c1C#N,,8.33,1,8.33,8.33,IC50,B,single protein format,single_protein,9,D,2007,,378.52000000000015,2.9511600000000007,93.91,1,5,6,3,1,0.6086956521739131,0.821175344516992
CHEMBL3400964,CHEMBL3547173,Cc1oc(=O)oc1COC(=O)c1ccc2c(c1)c1nc(N3CCC[C@@H](N)C3)n(Cc3cc(F)ccc3Cl)c1c(=O)n2C,,8.33,1,8.33,8.33,IC50,B,single protein format,single_protein,9,D,2015,,596.0150000000002,3.868120000000002,138.73,1,9,6,6,5,0.3103448275862069,0.28980563489880384
CHEMBL217358,CHEMBL1182181,NC(=O)c1cccc(NC(=O)C2=CC[C@H](c3cc(F)c(F)c(F)c3)[C@@H](N)C2)c1,,8.33,1,8.33,8.33,Ki,B,single protein format,single_protein,9,D,2006,,389.37700000000007,2.972600000000001,98.21,3,3,4,3,2,0.2,0.7013910804105215
CHEMBL1215373,CHEMBL1215373,Cc1nc2nc(C(=O)NCCc3c[nH]cn3)cn2c(-c2ccc(Cl)cc2Cl)c1CN,,8.33,1,8.33,8.33,Ki,B,single protein format,single_protein,9,D,2010,,444.3260000000002,3.16582,113.99,3,5,6,4,4,0.2,0.4228554872565504
CHEMBL237997,CHEMBL237997,CN(C)C(=O)[C@@H]([C@H]1CC[C@H](c2cccc3ncnn32)CC1)[C@H](N)C(=O)N1CCC(F)(F)C1,,8.32,3,7.64,8.6,IC50,B,single protein format,single_protein,9,D,2007;2013,,448.5180000000003,1.9023999999999992,96.83,1,5,5,4,2,0.6363636363636364,0.7537351850049941
CHEMBL2159188,CHEMBL2159188,Cn1c(=O)c2c(-c3cc(F)ccc3Br)c(CN)c(N)nc2n(C)c1=O,,8.32,1,8.32,8.32,IC50,B,single protein format,single_protein,8,H,2012,,408.2310000000002,1.2416999999999998,108.92999999999998,2,5,2,3,3,0.1875,0.6634917869626384
CHEMBL5834108,CHEMBL5834108,CC#CCn1c(N2CCC[C@@H](N)C2)nc2c1c(=O)n(Cc1ncccc1C(=O)OC)c(=O)n2C,,8.32,1,8.32,8.32,IC50,B,single protein format,single_protein,9,D,2019,,465.51400000000024,0.07740000000000213,130.27000000000004,1,8,5,4,3,0.43478260869565216,0.41409880565758694
CHEMBL400615,CHEMBL400615,N#C[C@@H]1CCCN1C(=O)[C@@H]1C[C@H](C(=O)N2CCSCC2)CN1,,8.32,1,8.32,8.32,IC50,B,single protein format,single_protein,9,D,2007,,322.4340000000001,0.05448000000000103,76.44,1,5,2,3,0,0.8,0.7775698977904661
CHEMBL514011,CHEMBL514011,N#Cc1cccnc1N1CCN([C@@H]2CN[C@H](C(=O)N3CCC(F)(F)C3)C2)CC1,,8.32,1,8.32,8.32,IC50,B,single protein format,single_protein,9,D,2009,,390.4380000000002,0.6733799999999999,75.5,1,6,3,4,1,0.631578947368421,0.817969917727923
CHEMBL557723,CHEMBL557723,N[C@@H](CC(=O)N1CCC[C@H]1CNC(=O)C1CCCC1)Cc1cc(F)c(F)cc1F,,8.32,1,8.32,8.32,IC50,B,single protein format,single_protein,8,H,2009,,411.46800000000013,2.6612,75.43,2,3,7,3,1,0.6190476190476191,0.6776952210863852
CHEMBL388111,CHEMBL388111,COc1ccc2c(c1)CCN2[C@@H]1CN[C@H](C(=O)N2CCSC2)C1,,8.32,1,8.32,8.32,IC50,B,cell-free format,other,9,D,2007,,333.45700000000016,1.3211,44.81,1,5,3,4,1,0.5882352941176471,0.9038727059349974
CHEMBL2147069,CHEMBL2220122,Cn1c(=O)c2c(nc(N3CCC[C@@H](N)C3)n2Cc2cc(F)ccc2Cl)c2cc(C(=O)O)ccc21,,8.32,1,8.32,8.32,IC50,B,single protein format,single_protein,9,D,2012,,483.9310000000001,3.354700000000001,106.38000000000001,2,5,4,5,4,0.2916666666666667,0.4607831971547618
CHEMBL234163,CHEMBL234163,CCN(C)C(=O)[C@@H]1CN[C@H](C(=O)N2CCC[C@H]2C#N)C1,,8.31,1,8.31,8.31,IC50,B,single protein format,single_protein,9,D,2007,,278.356,-0.042619999999999214,76.44,1,4,3,2,0,0.7857142857142857,0.7855222600237263
CHEMBL5405820,CHEMBL5405820,Nc1nc(NC2=NC(c3ccccc3)=CC(c3ccc([N+](=O)[O-])cc3)O2)nc(N2CCOCC2)n1,,8.31,1,8.31,8.31,IC50,B,single protein format,single_protein,9,D,2023,,474.4810000000004,2.7791000000000006,153.92000000000002,2,11,5,5,3,0.21739130434782608,0.416553751736839
CHEMBL3580776,CHEMBL3580776,N[C@@H](CC(=O)N1CC(=O)Nc2ccccc2C1)[C@H]1CCc2cc(F)c(F)cc21,,8.31,1,8.31,8.31,IC50,B,cell-based format,cell_based,9,D,2015,,385.41400000000016,2.6929000000000007,75.43,2,3,3,4,2,0.3333333333333333,0.85310544092422
CHEMBL4860737,CHEMBL4860737,CC#CCn1c(N2CCC[C@@H](N)C2)cc(=O)n(Cc2cc(Br)cc(C(=O)O)c2)c1=O,,8.31,1,8.31,8.31,IC50,B,single protein format,single_protein,9,D,2021,,475.34300000000013,1.4698,110.56,2,5,5,3,2,0.38095238095238093,0.634296280692574
CHEMBL400613,CHEMBL400613,N#C[C@@H]1CCCN1C(=O)[C@@H]1C[C@H](C(=O)N2CCCCC2)CN1,,8.31,1,8.31,8.31,IC50,B,single protein format,single_protein,9,D,2007,,304.39400000000006,0.4915800000000002,76.44,1,4,2,3,0,0.8125,0.805410209169429
CHEMBL3735852,CHEMBL3735852,Cn1cnc(S(=O)(=O)n2ncc3c2CN([C@H]2CO[C@H](c4cc(F)ccc4F)[C@@H](N)C2)C3)c1,,8.31,1,8.31,8.31,IC50,B,cell-based format,cell_based,9,D,2015,,464.49800000000016,1.3048999999999995,108.27,1,7,4,5,3,0.4,0.6201522155797893
CHEMBL413797,CHEMBL413797,Cc1ccc(O)c(C)c1[C@@H]1CN[C@H](C(=O)N2CCC[C@H]2C#N)C1,,8.31,1,8.31,8.31,IC50,B,single protein format,single_protein,9,D,2007,,313.40100000000007,1.96912,76.36,2,4,2,3,1,0.5555555555555556,0.8750019106195711
CHEMBL3084815,CHEMBL3084815,N#Cc1ccc(N[C@H]2CC[C@H](NCC(=O)N3CCC[C@H]3C#N)CC2)nc1,,8.3,1,8.3,8.3,IC50,B,assay format,other,8,H,2003,,352.4420000000001,1.7805599999999993,104.83999999999999,2,6,5,3,1,0.5789473684210527,0.8368048145676489
CHEMBL2334698,CHEMBL2334698,N#C[C@@H]1C[C@@H]2C[C@@H]2N1C(=O)[C@@H](N)C1CCN(C(=O)c2cnc3ccccc3c2)CC1,,8.3,1,8.3,8.3,Ki,B,single protein format,single_protein,9,D,2013,,403.48600000000016,1.9272800000000003,103.32000000000001,1,5,3,5,2,0.4782608695652174,0.8433764712055111
CHEMBL1214945,CHEMBL1214945,Cc1nc2nc(C(=O)NC3CCN(C(C)C)CC3)cn2c(-c2ccc(Cl)cc2Cl)c1CN,,8.3,1,8.3,8.3,Ki,B,single protein format,single_protein,9,D,2010,,475.42400000000015,4.072820000000003,88.55,2,5,5,4,3,0.43478260869565216,0.5809622970782055
CHEMBL567279,CHEMBL567279,CC(=O)N1CC(c2noc([C@@H]3CCCN3C(=O)C[C@H](N)Cc3cc(F)c(F)cc3F)n2)C1,,8.3,1,8.3,8.3,IC50,B,assay format,other,9,D,2009,,451.4490000000001,2.0562,105.56,1,6,6,4,2,0.5238095238095238,0.6743519968175524
CHEMBL3093907,CHEMBL3093907,N#Cc1ccc(C[C@H](N)C(=O)N2C[C@@H](F)C[C@H]2C#N)cc1,,8.3,1,8.3,8.3,IC50,B,assay format,other,9,D,2013,,286.30999999999995,0.8906599999999995,93.91,1,4,3,2,1,0.4,0.8924675448149808
CHEMBL227676,CHEMBL227676,N#Cc1ccccc1Cn1c(N2CCC[C@@H](N)C2)nc2ccc(Br)cc2c1=O,,8.3,1,8.3,8.3,IC50,B,single protein format,single_protein,9,D,2007,,438.32900000000006,3.0064800000000007,87.94,1,5,3,4,3,0.2857142857142857,0.6795146714223955
CHEMBL3680632,CHEMBL3680632,CC#CCn1c(N2CCC[C@@H](NC(=O)OC(C)(C)C)C2)nc2c1c(=O)n(CC(=O)c1cccc(OC3CC3)c1)c(=O)n2C,,8.3,1,8.3,8.3,IC50,B,single protein format,single_protein,9,D,2014,,590.6810000000003,2.8376,129.69000000000003,1,8,8,5,3,0.5161290322580645,0.3133046038671105
CHEMBL227464,CHEMBL227464,N#Cc1ccccc1Cn1c(N2CCC[C@@H](N)C2)nc2cccc(F)c2c1=O,,8.3,1,8.3,8.3,IC50,B,single protein format,single_protein,9,D,2007,,377.42300000000006,2.3830800000000005,87.94,1,5,3,4,3,0.2857142857142857,0.7571437788077592
CHEMBL492733,CHEMBL1187178,N#C[C@@H]1CCCN1C(=O)[C@@H](N)CCC(=O)N1CCn2c(nnc2C(F)(F)F)C1,,8.3,1,8.3,8.3,IC50,B,single protein format,single_protein,8,H,2009,,399.37700000000007,0.26117999999999975,121.13999999999999,1,6,4,3,1,0.6875,0.7753280144368925
CHEMBL494146,CHEMBL1187221,N#C[C@@H]1CCCN1C(=O)[C@@H](N)CCC(=O)N1CCc2ccccc2C1,,8.3,1,8.3,8.3,IC50,B,single protein format,single_protein,8,H,2009,,340.4270000000001,1.1933799999999999,90.42999999999999,1,4,4,3,1,0.5263157894736842,0.8913456601646402
CHEMBL236508,CHEMBL236508,N[C@H]1CN(c2cc(-c3cccc(C(=O)O)c3)ncn2)C[C@@H]1c1cc(F)c(F)cc1F,,8.3,1,8.3,8.3,IC50,B,single protein format,single_protein,9,D,2007,,414.3870000000001,3.1902000000000017,92.34,2,5,4,4,3,0.19047619047619047,0.6373808910491943
CHEMBL1215302,CHEMBL1215302,Cc1nc2nc(C(=O)Nc3nc(-c4cccnc4)cs3)cn2c(-c2ccc(Cl)cc2Cl)c1CN,,8.3,1,8.3,8.3,Ki,B,single protein format,single_protein,9,D,2010,,510.41000000000025,5.2410200000000025,111.09,2,7,5,5,5,0.08695652173913043,0.3346081183423527
CHEMBL1650422,CHEMBL1650422,C#Cc1cnc(N2CCC[C@@H](N)C2)n(Cc2ccccc2C#N)c1=O,,8.3,1,8.3,8.3,IC50,B,single protein format,single_protein,9,D,2011,,333.3950000000001,1.0720799999999997,87.94,1,5,3,3,2,0.3157894736842105,0.8490952860328638
CHEMBL1650420,CHEMBL1650420,N#Cc1ccccc1Cn1c(N2CCC[C@@H](N)C2)ncc(-c2cc[nH]c2)c1=O,,8.3,1,8.3,8.3,IC50,B,single protein format,single_protein,9,D,2011,,374.44800000000004,2.0858799999999995,103.72999999999999,2,5,4,4,3,0.2857142857142857,0.72763945264593
CHEMBL92175,CHEMBL92175,N#C[C@@H]1CSCN1C(=O)C(CCCCN)NC(=O)OCc1ccccc1,,8.3,1,8.3,8.3,Ki,B,single protein format,single_protein,9,D,1996,,376.4820000000001,1.8354799999999993,108.45,2,6,8,2,1,0.5,0.6702585933546651
CHEMBL541664,CHEMBL541664,NC(=O)c1ccc(OCC2(NCC(=O)c3ccsc3)CCCC2)cc1,,8.3,1,8.3,8.3,IC50,B,single protein format,single_protein,9,D,2007,,358.46300000000014,3.0111000000000008,81.42000000000002,2,5,8,3,2,0.3684210526315789,0.7108965492335978
CHEMBL4590999,CHEMBL4590999,CC#CCn1c(N2CCC[C@@H](N)C2)nc2c1c(=O)n(Cc1cccc(F)c1C(=O)OC)c(=O)n2C,,8.3,1,8.3,8.3,IC50,B,cell-based format,cell_based,9,D,2019,,482.51600000000025,0.8215000000000003,117.38000000000002,1,7,5,4,3,0.4166666666666667,0.4226872076864496
CHEMBL390241,CHEMBL1185120,Cn1nc2ccc(N3CC[C@H](c4cc(F)c(F)cc4F)[C@@H](N)C3)nn2c1=O,,8.3,1,8.3,8.3,IC50,B,single protein format,single_protein,8,H,2007,,378.3580000000001,1.1664999999999996,81.44999999999999,1,5,2,4,3,0.35294117647058826,0.6772855971289776
CHEMBL389074,CHEMBL389074,N#Cc1ccccc1Cn1c(N2CCC[C@@H](N)C2)nc2ccc(Cl)cc2c1=O,,8.3,1,8.3,8.3,IC50,B,single protein format,single_protein,9,D,2007,,393.87800000000004,2.897380000000001,87.94,1,5,3,4,3,0.2857142857142857,0.7387003068093123
CHEMBL3897624,CHEMBL3897624,CNC(=O)c1cccc(C(=O)Cn2c(=O)c3c(nc(N4CCCC(N)C4)n3CC=C(C)C)n(C)c2=O)c1,,8.3,1,8.3,8.3,IC50,B,single protein format,single_protein,8,H,2016,,507.59500000000037,1.032900000000001,137.25,2,7,7,4,3,0.4230769230769231,0.35994298083663157
CHEMBL1951428,CHEMBL1951428,CC#CCn1c(N2CCC[C@H](N)C2)c(C#N)c2ncn(Cc3nccc4ccccc34)c(=O)c21,,8.3,1,8.3,8.3,IC50,B,single protein format,single_protein,9,D,2012,,451.5340000000002,2.61698,105.76000000000002,1,6,4,5,4,0.3076923076923077,0.47832142989015664
CHEMBL3911930,CHEMBL3911930,CC#CCn1c(N2CCC[C@@H](N)C2)nc2c1c(=O)n(Cc1nc(C)cc3ccccc13)c(=O)n2C1CC1,,8.3,1,8.3,8.3,IC50,B,single protein format,single_protein,8,H,2016,,497.6030000000003,2.550320000000001,103.97000000000003,1,6,5,6,4,0.42857142857142855,0.4252123126567748
CHEMBL250353,CHEMBL250353,N[C@@H](CC(=O)N1CCn2nc(C(F)(F)F)nc2C1Cn1cncn1)Cc1cc(F)c(F)cc1F,,8.3,1,8.3,8.3,IC50,B,single protein format,single_protein,8,H,2007,,488.39600000000013,1.8492999999999995,107.75,1,6,6,4,3,0.42105263157894735,0.4193492275664787
CHEMBL256521,CHEMBL256521,CC#CCn1c(N2CCCC(N)C2)nc2cnn(Cc3nc(C)cc4ccccc34)c(=O)c21,,8.3,1,8.3,8.3,IC50,B,cell-based format,cell_based,9,D,2008,,441.53900000000027,2.44872,94.86000000000001,1,6,4,5,4,0.36,0.4890379257591644
CHEMBL480716,CHEMBL480716,N#Cc1ccc(N2CCC(NCC(=O)N3C[C@@H](F)C[C@H]3C#N)CC2)c(C(F)(F)F)c1,,8.3,1,8.3,8.3,Ki,B,cell-free format,other,9,D,2008,,423.41400000000016,2.598060000000001,83.16,1,5,4,3,1,0.55,0.7531526267527273
CHEMBL226396,CHEMBL226396,Nc1nc(Cl)c2nc[nH]c2n1,6-CHLOROGUANINE,8.3,1,8.3,8.3,IC50,B,single protein format,single_protein,9,D,2013,,169.57500000000002,0.5884999999999998,80.48,2,4,0,2,2,0.0,0.5659151105400326
CHEMBL1235761,CHEMBL1235761,N#Cc1ccccc1Cn1c(N2CCC[C@@H](N)C2)ncc(Br)c1=O,,8.3,1,8.3,8.3,IC50,B,single protein format,single_protein,9,D,2011,,388.269,1.8532799999999998,87.94,1,5,3,3,2,0.35294117647058826,0.8673246060417867
CHEMBL5285902,CHEMBL5285902,N#C[C@@H]1C[C@H](c2cccs2)CN1C(=O)[C@@H](N)CF,,8.3,1,8.3,8.3,IC50,B,single protein format,single_protein,9,D,2021,,267.32899999999995,1.2529800000000002,70.12,1,4,3,2,1,0.5,0.8957444104494346
CHEMBL1951612,CHEMBL1951612,CC#CCn1c(N2CCCNCC2)c(C#N)c2c1c(=O)n(Cc1nccc3ccccc13)c(=O)n2C,,8.3,1,8.3,8.3,IC50,B,single protein format,single_protein,9,D,2012,,481.56000000000023,1.7928799999999991,100.88,1,6,4,5,4,0.3333333333333333,0.44630221558085137
CHEMBL3127984,CHEMBL3127984,N#C[C@@H]1C[C@H](F)CN1C(=O)[C@@H](N)Cc1cccs1,,8.3,1,8.3,8.3,IC50,B,assay format,other,9,D,2014,,267.329,1.08048,70.12,1,4,3,2,1,0.5,0.8905537260581923
CHEMBL1650423,CHEMBL1650423,CC#Cc1cnc(N2CCC[C@@H](N)C2)n(Cc2ccccc2C#N)c1=O,,8.3,1,8.3,8.3,IC50,B,single protein format,single_protein,9,D,2011,,347.4220000000001,1.4621799999999998,87.94,1,5,3,3,2,0.35,0.8494950019749793
CHEMBL2147772,CHEMBL2147772,Cc1cc(N2CCN([C@@H]3CN[C@H](C(=O)N4CCSC4)C3)CC2)n(-c2ccncc2)n1,,8.3,1,8.3,8.3,IC50,B,single protein format,single_protein,9,D,2012,,427.5780000000002,0.9611200000000013,69.53,1,7,4,5,2,0.5714285714285714,0.7794803091604815
CHEMBL401971,CHEMBL401971,CC#CCn1c(N2CCNCC2)nc2cnn(Cc3nc(C)c4ccccc4n3)c(=O)c21,,8.3,1,8.3,8.3,IC50,B,cell-based format,cell_based,9,D,2008,,428.50000000000017,1.3258199999999996,93.75999999999999,1,7,4,5,4,0.34782608695652173,0.49021162616082387
CHEMBL3965610,CHEMBL3965610,CC(C)=CCn1c(N2CCCC(N)C2)nc2c1c(=O)n(CC(=O)c1cccc(C(=O)O)c1)c(=O)n2C,,8.3,1,8.3,8.3,IC50,B,single protein format,single_protein,8,H,2016,,494.5520000000003,1.3715000000000006,145.45000000000002,2,7,7,4,3,0.4,0.3699947649125835
CHEMBL3644783,CHEMBL3644783,N[C@@H](CC(=O)N1CCc2c(nc(C(F)(F)F)nc2C(F)(F)F)C1)CN1C(=O)CCC(F)(F)[C@@H]1O,,8.3,1,8.3,8.3,IC50,B,single protein format,single_protein,9,D,2013,,505.3660000000002,1.6924,112.65000000000002,2,6,4,3,1,0.6666666666666666,0.6029133218870831
CHEMBL1161921,CHEMBL1161921,Cn1ncc2nc(N3CCCC(N)C3)n(Cc3ccccc3C#N)c2c1=O,,8.3,1,8.3,8.3,Ki,B,single protein format,single_protein,9,D,2006,,363.4250000000001,0.9774799999999996,105.75999999999999,1,6,3,4,3,0.3684210526315789,0.7434173474005056
CHEMBL217040,CHEMBL217040,C#C[C@H]1CC[C@@H](C#N)N1C(=O)CN[C@H]1CC[C@H](Oc2ccc(C#N)cn2)CC1,,8.3,1,8.3,8.3,Ki,B,cell-based format,cell_based,9,D,2006,,377.44800000000015,1.7492599999999991,102.04,1,6,5,3,1,0.5238095238095238,0.7845349197529589
CHEMBL231293,CHEMBL1182345,N[C@H]1CN(c2ccc3nc(C(F)(F)F)nn3n2)CC[C@@H]1c1cc(F)c(F)cc1F,,8.3,1,8.3,8.3,IC50,B,single protein format,single_protein,8,H,2007,,416.3290000000001,2.8816000000000015,72.34,1,5,2,4,3,0.35294117647058826,0.5139639416518454
CHEMBL365000,CHEMBL365000,CC(C)=CCn1c(N2CCCC(N)C2)nc2c1c(=O)n(CC(=O)c1ccccc1)c(=O)n2C,,8.3,1,8.3,8.3,IC50,B,single protein format,single_protein,8,H,2004,,450.54300000000023,1.6732999999999996,108.15,1,6,6,4,3,0.4166666666666667,0.4521510914087564
CHEMBL4454091,CHEMBL4454091,CCOC(=O)N1CCN(c2ccc3nnc(-c4cccc(C)c4)n3n2)CC1,,8.295,2,7.47,9.12,IC50;Ki,B,single protein format,single_protein,9,D,2020,,366.4250000000002,2.3782200000000007,75.86,0,6,3,4,3,0.3684210526315789,0.7083825696589939
CHEMBL365838,CHEMBL1184731,CCCCC(Oc1ccc(CNC(=O)[C@@H]2CCCN2C(=O)CC(N)Cc2ccccc2F)cc1)C(=O)O,,8.29,1,8.29,8.29,IC50,B,single protein format,single_protein,9,D,2004,,513.6100000000002,3.4152000000000013,121.96,3,5,13,3,2,0.4642857142857143,0.37737688615144105
CHEMBL5790948,CHEMBL5790948,Cc1nn(S(C)(=O)=O)c2c1CN([C@H]1CO[C@H](c3cc(F)ccc3F)[C@@H](N)C1)C2,,8.29,1,8.29,8.29,IC50,B,single protein format,single_protein,9,D,2018,,412.4620000000001,1.45052,90.45,1,6,3,4,2,0.5,0.82079604795275
CHEMBL363250,CHEMBL363250,CC(C)(C)[C@H](N)C(=O)N1CCC[C@H]1C#N,,8.285,2,8.15,8.42,IC50;Ki,B,single protein format,single_protein,8,H,1996;2004,,209.29299999999995,0.8743799999999998,70.12,1,3,1,1,0,0.8181818181818182,0.6964040359490778
CHEMBL475586,CHEMBL475586,O=C([C@@H]1C[C@H](N2CCN(c3nc4cccnc4o3)CC2)CN1)N1CCC(F)(F)C1,,8.28,1,8.28,8.28,IC50,B,single protein format,single_protein,9,D,2009,,406.43700000000024,0.9429000000000001,77.74,1,7,3,5,2,0.631578947368421,0.8130468197196505
CHEMBL389324,CHEMBL389324,Cc1cc(C)c([C@@H]2CN[C@H](C(=O)N3CCC[C@H]3C#N)C2)c(C)c1O,,8.28,1,8.28,8.28,IC50,B,single protein format,single_protein,9,D,2007,,327.42800000000005,2.2775400000000006,76.36,2,4,2,3,1,0.5789473684210527,0.8735544079646339
CHEMBL248794,CHEMBL248794,Cc1ncn(-c2ccc(CN3C[C@H](N)[C@H](C(=O)N4CCC[C@H]4C#N)C3)cc2)n1,,8.28,1,8.28,8.28,IC50,B,single protein format,single_protein,9,D,2007,,379.4680000000002,0.8494000000000002,104.07000000000001,1,6,4,4,2,0.5,0.8445066984975169
CHEMBL199615,CHEMBL199615,N#C[C@@H]1CCCN1C(=O)[C@@H](N)Cc1ccc(-c2ccccc2F)cc1,,8.28,1,8.28,8.28,Ki,B,single protein format,single_protein,9,D,2006,,337.398,2.877080000000001,70.12,1,3,4,3,2,0.3,0.9324456701925814
CHEMBL474410,CHEMBL474410,O=C([C@@H]1C[C@H](N2CCN(c3ccc(C(F)(F)F)cn3)CC2)CN1)N1CCC(F)(F)C1,,8.28,1,8.28,8.28,IC50,B,single protein format,single_protein,9,D,2009,,433.42500000000024,1.8204999999999998,51.71000000000001,1,5,3,4,1,0.6842105263157895,0.7376164199092696
CHEMBL1232261,CHEMBL1232261,CS(=O)(=O)c1cccc(-c2cc(N3C[C@H](c4cc(F)c(F)cc4F)[C@@H](N)C3)ncn2)c1,,8.28,1,8.28,8.28,Ki,B,single protein format,single_protein,9,D,2013,,448.47000000000014,2.895500000000001,89.18,1,6,4,4,3,0.23809523809523808,0.6177500126628551
CHEMBL1779713,CHEMBL1779713,N[C@@H](CC(=O)N1CCNC(=O)[C@H]1CN1CCOCC1)Cc1cc(F)c(F)cc1F,,8.28,1,8.28,8.28,IC50,B,single protein format,single_protein,9,D,2011,,414.4280000000001,0.023000000000002574,87.9,2,5,6,3,1,0.5789473684210527,0.641390617091893
CHEMBL249602,CHEMBL249602,Cc1nnc(-c2ccc(CN3C[C@H](N)[C@H](C(=O)C4[C@H](C#N)CC[C@@H]4F)C3)cc2)o1,,8.28,1,8.28,8.28,IC50,B,single protein format,single_protein,9,D,2007,,397.4540000000001,2.2611,109.04,1,7,5,4,2,0.5238095238095238,0.8240269290264906
CHEMBL469660,CHEMBL469660,N#C[C@@H]1C[C@H](F)CN1C(=O)CNC1C2CC3CC1CC(O)(C3)C2,,8.28,1,8.28,8.28,IC50,B,cell-free format,other,9,D,2008,,321.39600000000013,0.9781799999999992,76.36,2,4,3,5,0,0.8823529411764706,0.8122677459475275
CHEMBL1672127,CHEMBL1614722,CCc1nc(CC(C)(C)C)c(CN)c(-c2ccc(C)cc2)c1CC(=O)O,,8.28,1,8.28,8.28,IC50,B,cell-based format,cell_based,9,D,2011,,354.4940000000001,4.293820000000003,76.21,2,3,6,2,2,0.45454545454545453,0.8109912825814071
CHEMBL233563,CHEMBL233563,N[C@H]1C[C@@H](N2Cc3cnc(C4CC4)nc3C2)CC[C@@H]1c1cc(F)c(F)cc1F,,8.28,1,8.28,8.28,IC50,B,single protein format,single_protein,8,H,2007,,388.437,3.7505000000000024,55.04,1,4,3,5,2,0.5238095238095238,0.8140273238501442
CHEMBL3926627,CHEMBL3926627,CS(=O)(=O)n1cc2c(n1)CN([C@@H]1C[C@H](N)[C@@H](c3cc(F)ccc3F)[C@@H]3C[C@@H]31)C2,,8.27,1,8.27,8.27,IC50,B,assay format,other,8,H,2016,,408.4740000000001,1.8040999999999991,81.22,1,5,3,5,2,0.5263157894736842,0.8377798620788206
CHEMBL1215374,CHEMBL1215374,Cc1cccc(CNCC(=O)c2cn3c(-c4ccc(Cl)cc4Cl)c(CN)c(C)nc3n2)n1,,8.27,1,8.27,8.27,Ki,B,single protein format,single_protein,9,D,2010,,469.37600000000026,4.146140000000003,98.2,2,6,7,4,4,0.21739130434782608,0.3949773775393243
CHEMBL400338,CHEMBL400338,N#C[C@@H]1CCCN1C(=O)[C@@H]1CN(Cc2ccc(-n3nccn3)cc2)C[C@@H]1N,,8.27,1,8.27,8.27,IC50,B,single protein format,single_protein,9,D,2007,,365.4410000000001,0.5409799999999999,104.07,1,6,4,4,2,0.47368421052631576,0.8480422218356388
CHEMBL488419,CHEMBL488419,CC(C)(CNC(=O)c1cccs1)NCC(=O)N1C[C@@H](F)C[C@H]1C#N,,8.27,1,8.27,8.27,IC50,B,cell-free format,other,9,D,2008,,352.4350000000001,1.3086800000000003,85.23,2,5,6,2,1,0.5625,0.8083023376035954
CHEMBL564488,CHEMBL564488,N[C@@H](CC(=O)N1CCC[C@H]1CNc1ncccn1)Cc1cc(F)c(F)cc1F,,8.27,1,8.27,8.27,IC50,B,single protein format,single_protein,8,H,2009,,393.4130000000001,2.2569,84.14,2,5,7,3,2,0.42105263157894735,0.7052844831835128
CHEMBL4529301,CHEMBL4529301,Cc1cccc(-c2nnc3ccc(N4CCN(C(=O)c5ccccc5)CC4)nn23)c1,,8.265,2,7.88,8.65,IC50;Ki,B,single protein format,single_protein,9,D,2020,,398.47000000000014,3.062120000000001,66.63000000000001,0,5,3,5,4,0.21739130434782608,0.5306479324172974
CHEMBL1949693,CHEMBL1949693,CC(C)=CCn1c(N2CCCNCC2)c(C#N)c2c1c(=O)n(Cc1c(C#N)cnc3ccccc13)c(=O)n2C,,8.26,1,8.26,8.26,IC50,B,single protein format,single_protein,9,D,2012,,522.6130000000003,2.6074600000000006,124.67000000000002,1,7,5,5,4,0.3448275862068966,0.3995859729158983
CHEMBL3350924,CHEMBL3350924,CCC1([C@H](N)C(=O)N2[C@H](C#N)C[C@@H]3C[C@@H]32)CCCC1,,8.26,1,8.26,8.26,Ki,B,single protein format,single_protein,9,D,2005,,261.36899999999997,1.7970799999999998,70.12,1,3,3,3,0,0.8666666666666667,0.8417600765412652
CHEMBL5276430,CHEMBL5276430,N[C@H]1C[C@@H](N2CC3=C(C2)CS(=O)(=O)C3)CO[C@@H]1c1cc(F)ccc1F,,8.26,1,8.26,8.26,Ki,B,single protein format,single_protein,9,D,2018,,370.421,1.1627,72.63,1,5,2,4,1,0.5294117647058824,0.7913621654168725
CHEMBL539939,CHEMBL539939,N#C[C@@H]1CCCN1C(=O)[C@@H]1C[C@H](NC(=O)c2ccccc2)CN1,,8.26,1,8.26,8.26,IC50,B,single protein format,single_protein,9,D,2005,,312.37300000000005,0.6614799999999995,85.23,2,4,3,3,1,0.47058823529411764,0.8585098841763693
CHEMBL249601,CHEMBL249601,CC(c1ccc(C#N)cc1)N1C[C@H](N)[C@H](C(=O)N2CCC[C@H]2C#N)C1,,8.26,1,8.26,8.26,IC50,B,single protein format,single_protein,9,D,2007,,337.42700000000013,1.3929599999999998,97.15,1,5,3,3,1,0.5263157894736842,0.8987943290023369
CHEMBL4097306,CHEMBL4116265,Cc1ccc(-c2c(/C=C/c3nc(C(=O)O)cs3)c(C)nc(CC(C)C)c2CN)cc1,,8.26,1,8.26,8.26,IC50,B,assay format,other,9,D,2017,,421.5660000000002,5.347740000000004,89.1,2,5,7,3,3,0.2916666666666667,0.5368351978310761
CHEMBL4458152,CHEMBL4458152,CC#CCn1c(N2CCC[C@@H](N)C2)nc2c1c(=O)n(Cc1cc(Cl)ccc1C(=O)OC)c(=O)n2C,,8.25,1,8.25,8.25,IC50,B,cell-based format,cell_based,9,D,2019,,498.97100000000023,1.3358000000000008,117.38000000000002,1,7,5,4,3,0.4166666666666667,0.4163187689715104
CHEMBL3650439,CHEMBL3650439,Cn1c2nc(Cl)cc-2c(N2CCC[C@@H](N)C2)n(Cc2cc(F)ccc2C#N)c1=O,,8.25,1,8.25,8.25,IC50,B,single protein format,single_protein,9,D,2014,,414.8720000000001,2.32658,92.87,1,5,3,4,1,0.35,0.7095665639629275
CHEMBL559602,CHEMBL559602,N[C@@H](CC(=O)N1CCC[C@H]1CNS(=O)(=O)CC(F)(F)F)Cc1cc(F)c(F)cc1F,,8.25,1,8.25,8.25,IC50,B,single protein format,single_protein,8,H,2009,,461.4280000000001,1.8364999999999996,92.5,2,4,8,2,1,0.5882352941176471,0.4566106043932731
CHEMBL1208900,CHEMBL1208900,COc1ccc(-c2cn3c(-c4ccc(Cl)cc4Cl)c(CN)c(C)nc3n2)cc1,,8.25,1,8.25,8.25,Ki,B,single protein format,single_protein,9,D,2010,,413.3080000000002,5.145820000000004,65.44,1,4,4,4,4,0.14285714285714285,0.5029067594471058
CHEMBL233127,CHEMBL233127,C[C@@H]1N[C@H](C(=O)N2CCC[C@H]2C#N)C[C@@H]1C(=O)N1Cc2ccccc2C1,,8.25,1,8.25,8.25,IC50,B,single protein format,single_protein,9,D,2007,,352.43800000000016,1.4099799999999998,76.44,1,4,2,4,1,0.55,0.8730897689951419
CHEMBL2147710,CHEMBL2147710,O=C([C@@H]1C[C@H](N2CCC(c3cc(C(F)(F)F)nn3-c3ccccc3)CC2)CN1)N1CCSC1,,8.25,1,8.25,8.25,IC50,B,single protein format,single_protein,9,D,2012,,479.5720000000003,3.3339000000000016,53.400000000000006,1,5,4,5,2,0.5652173913043478,0.7293070079160551
CHEMBL474409,CHEMBL474409,O=C([C@@H]1C[C@H](N2CCN(c3cnccn3)CC2)CN1)N1CCC(F)(F)C1,,8.25,1,8.25,8.25,IC50,B,single protein format,single_protein,9,D,2009,,366.4160000000001,0.19670000000000054,64.60000000000001,1,6,3,4,1,0.7058823529411765,0.8244792330819213
CHEMBL430057,CHEMBL430057,C[C@@H]1N[C@H](C(=O)N2CCC[C@H]2C#N)C[C@@H]1CC(=O)N(C)C,,8.25,1,8.25,8.25,IC50,B,single protein format,single_protein,9,D,2008,,292.38300000000004,0.3458800000000004,76.44,1,4,3,2,0,0.8,0.8139003378863605
CHEMBL395606,CHEMBL395606,O=C([C@@H]1C[C@H](N2CCC(c3ccccc3)CC2)CN1)N1CCSC1,,8.25,1,8.25,8.25,IC50,B,cell-free format,other,9,D,2007,,345.5120000000001,2.1294000000000004,35.580000000000005,1,4,3,4,1,0.631578947368421,0.9103287075251035
CHEMBL428369,CHEMBL428369,N#C[C@@H]1CCCN1C(=O)[C@@H]1C[C@H](C(=O)N2CCCC2)CN1,,8.25,1,8.25,8.25,IC50,B,single protein format,single_protein,9,D,2007,,290.367,0.10148000000000051,76.44,1,4,2,3,0,0.8,0.78244027779929
CHEMBL475574,CHEMBL475574,O=C([C@@H]1C[C@H](N2CCN(c3nc4cnccc4o3)CC2)CN1)N1CCC(F)(F)C1,,8.24,1,8.24,8.24,IC50,B,single protein format,single_protein,9,D,2009,,406.43700000000024,0.9428999999999992,77.74,1,7,3,5,2,0.631578947368421,0.8130468197196504
CHEMBL3650433,CHEMBL3650433,Cn1c2nccc-2c(N2CCC[C@@H](N)C2)n(Cc2cc(F)ccc2C#N)c1=O,,8.24,1,8.24,8.24,IC50,B,single protein format,single_protein,9,D,2014,,380.427,1.6731799999999997,92.87,1,5,3,4,1,0.35,0.7461626375562936
CHEMBL5289102,CHEMBL5289102,CC#CCn1c(N2CCC[C@@H](N)C2)cc(=O)n(Cc2nc(C)c3cc(C)ccc3n2)c1=O,,8.24,1,8.24,8.24,IC50,B,single protein format,single_protein,9,D,2018,,432.5280000000002,1.569139999999999,99.03999999999999,1,6,4,4,3,0.4166666666666667,0.6285785991308009
CHEMBL437570,CHEMBL437570,C=C(C)C[C@@H]1CN[C@H](C(=O)N2CCC[C@H]2C#N)C1,,8.24,1,8.24,8.24,IC50,B,single protein format,single_protein,9,D,2007,,247.34199999999993,1.4452799999999995,56.13,1,3,3,2,0,0.7142857142857143,0.7678595708804208
CHEMBL434960,CHEMBL434960,CCCNC(=O)[C@@H]1CN[C@H](C(=O)N2CCC[C@H]2C#N)C1,,8.24,1,8.24,8.24,IC50,B,single protein format,single_protein,9,D,2007,,278.356,0.0052800000000006175,85.23,2,4,4,2,0,0.7857142857142857,0.7580937632036476
CHEMBL4647761,CHEMBL4647761,CC#CCn1c(N2CCC[C@H](N)C2)cc(=O)n(Cc2nc(C)c3cc(C)ccc3n2)c1=O,,8.24,1,8.24,8.24,IC50,B,single protein format,single_protein,9,D,2020,,432.5280000000002,1.569139999999999,99.03999999999999,1,6,4,4,3,0.4166666666666667,0.6285785991308009
CHEMBL3616900,CHEMBL3616900,CC#CCn1c(N2CCNCC2)nc2c1c(=O)n(Cc1ncc3ccccc3n1)c(=O)n2C,,8.24,1,8.24,8.24,IC50,B,single protein format,single_protein,9,D,2014,,444.4990000000002,0.32109999999999994,102.87,1,7,4,5,4,0.34782608695652173,0.45241921533806334
CHEMBL519585,CHEMBL519585,CC(C)(CNC(=O)c1ccc2[nH]cnc2c1)NCC(=O)N1C[C@@H](F)C[C@H]1C#N,,8.24,1,8.24,8.24,IC50,B,cell-free format,other,9,D,2008,,386.43100000000015,1.12348,113.91,3,5,6,3,2,0.47368421052631576,0.6884986679219146
CHEMBL2147082,CHEMBL2220028,Cn1c(=O)c2c(nc(N3CCC[C@@H](N)C3)n2Cc2ccccc2Cl)c2cc(C(=O)O)ccc21,,8.24,1,8.24,8.24,IC50,B,single protein format,single_protein,9,D,2012,,465.9410000000001,3.215600000000001,106.38000000000001,2,5,4,5,4,0.2916666666666667,0.4790039698443739
CHEMBL3734912,CHEMBL3734912,CCCS(=O)(=O)n1cc2c(n1)CN([C@H]1CO[C@H](c3cc(F)ccc3F)[C@@H](N)C1)C2,,8.24,1,8.24,8.24,IC50,B,cell-based format,cell_based,9,D,2015,,426.48900000000015,1.9223,90.45,1,6,5,4,2,0.5263157894736842,0.785755670044982
CHEMBL3216719,CHEMBL1739450,CCc1nc(CC(C)(C)C)c(CN)c(-c2ccc(C)cc2)c1C(=O)O,,8.24,1,8.24,8.24,IC50,B,cell-based format,cell_based,9,D,2011,,340.46700000000004,4.364920000000002,76.21,2,3,5,2,2,0.42857142857142855,0.8474074472047222
CHEMBL3654423,CHEMBL3654423,N[C@H]1C[C@@H](N2Cc3cn(S(=O)(=O)C4CC4)nc3C2)CCO[C@@H]1c1cc(F)ccc1F,,8.24,1,8.24,8.24,IC50,B,assay format,other,9,D,2015,,438.50000000000017,2.0647999999999995,90.45,1,6,4,5,2,0.55,0.7860642176213056
CHEMBL487861,CHEMBL487861,CC(C)(CNC(=O)C(C)(C)C)NCC(=O)N1C[C@@H](F)C[C@H]1C#N,,8.24,1,8.24,8.24,IC50,B,cell-free format,other,9,D,2008,,326.41600000000005,0.9794800000000012,85.23,2,4,5,1,0,0.8125,0.7885210890483771
CHEMBL223914,CHEMBL223914,O=C([C@@H]1C[C@H](N2CCc3cc(F)ccc32)CN1)N1CCSC1,,8.24,1,8.24,8.24,IC50,B,cell-free format,other,9,D,2007,,321.42100000000016,1.4515999999999998,35.580000000000005,1,4,2,4,1,0.5625,0.8943354783112897
CHEMBL2347037,CHEMBL2347037,CC#CCn1c(N2CCC[C@@H](N)C2)nc2ccn(Cc3cnc4ccccc4n3)c2c1=O,,8.23,1,8.23,8.23,IC50,B,single protein format,single_protein,9,D,2013,,427.5120000000002,2.140299999999999,94.86000000000001,1,6,4,5,4,0.3333333333333333,0.5016339039661
CHEMBL557860,CHEMBL557860,CC(F)(F)C(=O)NC[C@@H]1CCCN1C(=O)C[C@H](N)Cc1cc(F)c(F)cc1F,,8.23,1,8.23,8.23,IC50,B,single protein format,single_protein,8,H,2009,,407.3830000000001,2.1262,75.43,2,3,7,2,1,0.5555555555555556,0.5372301688240448
CHEMBL3654429,CHEMBL3654429,N[C@H]1C[C@@H](N2Cc3cnn(-c4ccc(C(F)(F)F)cn4)c3C2)CCO[C@@H]1c1cc(F)ccc1F,,8.23,1,8.23,8.23,IC50,B,assay format,other,9,D,2015,,479.45300000000026,4.127500000000004,69.2,1,5,3,5,3,0.391304347826087,0.572615444026956
CHEMBL5220415,CHEMBL5220415,CCOC(=O)/C=C/OC(=O)[C@@H]1CCCN1C(=O)CNC(=O)OC(C)(C)C,,8.23,1,8.23,8.23,IC50,B,single protein format,single_protein,9,D,2022,,370.40200000000004,1.1220999999999997,111.24,1,7,6,1,0,0.6470588235294118,0.32269538609572485
CHEMBL4460852,CHEMBL4460852,Cc1cccc(-c2nnc3ccc(N4CCN(C(c5ccccc5)c5ccccc5)CC4)nn23)c1,,8.225,2,7.69,8.76,IC50;Ki,B,single protein format,single_protein,9,D,2020,,460.58500000000015,5.011320000000005,49.56,0,5,5,6,5,0.20689655172413793,0.368986949464756
CHEMBL1650404,CHEMBL1650404,N#Cc1ccccc1Cn1c(N2CCC[C@@H](N)C2)ncc(F)c1=O,,8.22,1,8.22,8.22,IC50,B,single protein format,single_protein,9,D,2011,,327.363,1.2298799999999999,87.94,1,5,3,3,2,0.35294117647058826,0.9158910810164042
CHEMBL1209853,CHEMBL1209853,Cc1nc2nc(-c3ccccc3)cn2c(-c2ccc(Cl)cc2Cl)c1CN,,8.22,1,8.22,8.22,Ki,B,single protein format,single_protein,9,D,2010,,383.2820000000001,5.137220000000003,56.21,1,3,3,4,4,0.1,0.5331951219685267
CHEMBL1683498,CHEMBL1739535,CC(C)C(Oc1ccc(CNC(=O)C2SCCN2C(=O)C[C@H](N)Cc2cc(F)c(F)cc2F)cc1)C(=O)O,,8.22,1,8.22,8.22,IC50,B,single protein format,single_protein,9,D,2011,,553.6030000000003,3.069700000000001,121.96,3,6,11,3,2,0.4230769230769231,0.36582529375431017
CHEMBL3986470,CHEMBL3986470,CC#CCn1c(N2CCCC(N)C2)nc2c1c(=O)n(Cc1cc(=O)n(C)c3ccccc13)c(=O)n2C,,8.22,1,8.22,8.22,IC50,B,single protein format,single_protein,8,H,2016,,487.56400000000025,0.747700000000002,113.08000000000001,1,6,4,5,4,0.38461538461538464,0.4252360141601106
CHEMBL6033013,CHEMBL6033013,CC#CCn1c(N2CCCC(N)C2)nc2c1c(=O)n(Cc1nc(-c3ccccc3)c3ccccc3n1)c(=O)n2C1CC1,,8.22,1,8.22,8.22,IC50,B,single protein format,single_protein,9,D,2017,,560.662,3.3039000000000014,116.86000000000001,1,7,6,7,5,0.34375,0.31684828816971
CHEMBL3093908,CHEMBL3093908,N#C[C@@H]1C[C@H](F)CN1C(=O)[C@@H](N)Cc1ccc(C(F)(F)F)cc1,,8.22,1,8.22,8.22,IC50,B,assay format,other,9,D,2013,,329.29699999999997,2.0377800000000006,70.12,1,3,3,2,1,0.4666666666666667,0.8628867758810348
CHEMBL494340,CHEMBL1187228,N#C[C@@H]1CCCN1C(=O)[C@@H](N)CCC(=O)N1CCc2ccsc2C1,,8.22,1,8.22,8.22,IC50,B,single protein format,single_protein,8,H,2009,,346.4560000000001,1.2548799999999996,90.42999999999999,1,5,4,3,1,0.5882352941176471,0.8883409752631308
CHEMBL3093913,CHEMBL3093913,N#C[C@@H]1C[C@H](F)CN1C(=O)[C@@H](N)Cc1ccc(F)cc1F,,8.22,1,8.22,8.22,IC50,B,assay format,other,9,D,2013,,297.28,1.29718,70.12,1,3,3,2,1,0.42857142857142855,0.9138451097227513
CHEMBL3957746,CHEMBL3957746,CC(C)=CCn1c(N2CCCC(N)C2)nc2c1c(=O)n(CC(=O)c1ccccc1C(=O)N1CCOCC1)c(=O)n2C,,8.22,1,8.22,8.22,IC50,B,single protein format,single_protein,8,H,2016,,563.6590000000003,1.1457000000000017,137.69,1,8,7,5,3,0.4827586206896552,0.33384952301435217
CHEMBL1650408,CHEMBL1650408,N#Cc1ccccc1Cn1c(N2CCC[C@@H](N)C2)ncc(I)c1=O,,8.22,1,8.22,8.22,IC50,B,single protein format,single_protein,9,D,2011,,435.269,1.6953799999999999,87.94,1,5,3,3,2,0.35294117647058826,0.7421246032779173
CHEMBL474048,CHEMBL1186665,N#C[C@@H]1CCCN1C(=O)[C@@H](N)CCC(=O)N1CCn2cc(C(F)(F)F)nc2C1,,8.22,1,8.22,8.22,IC50,B,single protein format,single_protein,8,H,2009,,398.38900000000007,0.8661799999999993,108.24999999999999,1,5,4,3,1,0.6470588235294118,0.8095683666474628
CHEMBL1650434,CHEMBL1650434,N#Cc1ccc(F)cc1Cn1c(N2CCC[C@@H](N)C2)ncc(Br)c1=O,,8.22,1,8.22,8.22,IC50,B,single protein format,single_protein,9,D,2011,,406.25900000000007,1.9923799999999996,87.94,1,5,3,3,2,0.35294117647058826,0.8426625312763035
CHEMBL195378,CHEMBL1181894,C[C@@H](c1ccc(-c2cccc(-c3nn[nH]n3)c2)cc1)[C@H](N)C(=O)N1CC[C@H](F)C1,,8.22,1,8.22,8.22,IC50,B,single protein format,single_protein,8,H,2005,,394.45400000000024,2.5348999999999995,100.79,2,5,5,4,3,0.3333333333333333,0.692558420152214
CHEMBL274660,CHEMBL1182980,NC(=O)c1cccc(NCC2=CC[C@H](c3cc(F)c(F)c(F)c3)[C@@H](N)C2)c1,,8.22,1,8.22,8.22,Ki,B,single protein format,single_protein,9,D,2006,,375.39400000000006,3.4460000000000015,81.14,3,3,5,3,2,0.25,0.5530920998572139
CHEMBL3680629,CHEMBL3680629,CC#CCn1c(N2CCC[C@@H](NC(=O)OC(C)(C)C)C2)nc2c1c(=O)n(Cc1cc(C#N)cc3ccccc13)c(=O)n2C,,8.22,1,8.22,8.22,IC50,B,single protein format,single_protein,9,D,2014,,581.6770000000002,3.4866800000000024,127.18,1,7,5,5,4,0.40625,0.3576301759323733
CHEMBL1650429,CHEMBL1650429,N#Cc1ccccc1Cn1c(N2CCC[C@@H](N)C2)ncc(/C=C/c2cccnc2)c1=O,,8.22,1,8.22,8.22,IC50,B,single protein format,single_protein,9,D,2011,,412.49700000000007,2.656180000000001,100.83000000000001,1,6,5,4,3,0.25,0.6913959538492733
CHEMBL3680628,CHEMBL3680628,CC#CCn1c(N2CCCC(NC(=O)OC(C)(C)C)C2)nc2c1c(=O)n(Cc1nc(NCc3ccccc3)c3ccccc3n1)c(=O)n2C,,8.22,1,8.22,8.22,IC50,B,single protein format,single_protein,9,D,2014,,663.7830000000001,4.017100000000002,141.20000000000002,2,9,8,6,5,0.3888888888888889,0.23568288657511363
CHEMBL2011536,CHEMBL2011536,N[C@H]1CN(c2cc(-c3ccccc3)ncn2)CC[C@@H]1c1cc(F)c(F)cc1F,,8.22,1,8.22,8.22,Ki,B,single protein format,single_protein,8,H,2012,,384.40500000000003,3.882100000000003,55.04,1,4,3,4,3,0.23809523809523808,0.6965748928239323
CHEMBL2418628,CHEMBL3040917,N#C[C@@H]1CCCN1C(=O)[C@@H](N)Cc1ccc(-c2cn(Cc3ccc(Cl)cc3)nn2)cc1,,8.22,1,8.22,8.22,IC50,B,single protein format,single_protein,9,D,2013,,434.93100000000015,3.031180000000001,100.83000000000001,1,5,6,4,3,0.30434782608695654,0.6421390001165833
CHEMBL4642801,CHEMBL4642801,N[C@@H]1CN(c2ncc(Oc3c[nH]nc3C3=CCC(F)(F)CC3)cn2)C[C@@H]1c1cc(F)c(F)cc1F,,8.22,1,8.22,8.22,IC50,B,single protein format,single_protein,9,D,2020,,492.4520000000002,4.543000000000003,92.94999999999999,2,6,5,5,3,0.34782608695652173,0.40135841127697974
CHEMBL5270099,CHEMBL5270099,N#C[C@@H]1C[C@H](F)CN1C(=O)[C@@H](N)Cc1ccc(N)cc1,,8.22,1,8.22,8.22,IC50,B,single protein format,single_protein,9,D,2021,,276.315,0.6011799999999999,96.14,2,4,3,2,1,0.42857142857142855,0.7901044349313827
CHEMBL3644788,CHEMBL3644788,N[C@@H](CC(=O)N1CCc2c(nc(-c3ccco3)nc2C(F)(F)F)C1)CN1C(=O)CCC(F)(F)[C@@H]1O,,8.22,1,8.22,8.22,IC50,B,single protein format,single_protein,9,D,2013,,503.4280000000003,1.9335999999999998,125.79,2,7,5,4,2,0.5238095238095238,0.5975799028648285
CHEMBL390080,CHEMBL1185114,CCc1nnc2ccc(N3CC[C@H](c4cc(F)c(F)cc4F)[C@@H](N)C3)nn12,,8.22,1,8.22,8.22,IC50,B,single protein format,single_protein,8,H,2007,,376.386,2.4252000000000002,72.34,1,5,3,4,3,0.3888888888888889,0.7111087667237985
CHEMBL393498,CHEMBL393498,CCN(CC)C(=O)[C@@H]1CN[C@H](C(=O)N2CCC[C@H]2C#N)C1,,8.22,1,8.22,8.22,IC50,B,single protein format,single_protein,9,D,2007,,292.38300000000004,0.34748000000000046,76.44,1,4,4,2,0,0.8,0.8108265123531573
CHEMBL3917354,CHEMBL3917354,CC#CCn1c(N2CCC[C@@H](N)C2)nc2c1c(=O)n(Cc1nc(C(F)F)cc3ccccc13)c(=O)n2C,,8.22,1,8.22,8.22,IC50,B,single protein format,single_protein,8,H,2016,,507.5450000000002,2.3816000000000006,103.97000000000003,1,6,5,5,4,0.38461538461538464,0.41627068491589736
CHEMBL3948679,CHEMBL3948679,CC#CCn1c(N2CCC[C@@H](N)C2)nc2c1c(=O)n(CC(=O)c1ccccc1-c1ccccc1)c(=O)n2C,,8.22,1,8.22,8.22,IC50,B,single protein format,single_protein,8,H,2016,,510.59800000000024,2.397400000000001,108.15,1,6,6,5,4,0.3103448275862069,0.315301118016526
CHEMBL5274564,CHEMBL5274564,N#C[C@@H]1C[C@H](F)CN1C(=O)[C@@H](N)Cc1ccc(Cl)cc1,,8.22,1,8.22,8.22,IC50,B,single protein format,single_protein,9,D,2021,,295.745,1.6723800000000002,70.12,1,3,3,2,1,0.42857142857142855,0.9219805286751126
CHEMBL1951438,CHEMBL1951438,CC#CCn1c(N2CCCNCC2)c(C#N)c2ncn(Cc3nccc4ccccc34)c(=O)c21,,8.22,1,8.22,8.22,IC50,B,single protein format,single_protein,9,D,2012,,451.5340000000002,2.4891799999999993,91.76999999999998,1,6,4,5,4,0.3076923076923077,0.47956289903594274
CHEMBL3400963,CHEMBL3547172,Cc1oc(=O)oc1COC(=O)c1ccc2c(c1)c1nc(N3CCC[C@@H](N)C3)n(Cc3ccccc3Cl)c1c(=O)n2C,,8.22,1,8.22,8.22,IC50,B,single protein format,single_protein,9,D,2015,,578.0250000000002,3.729020000000002,138.73,1,9,6,6,5,0.3103448275862069,0.29898299008444795
CHEMBL4458832,CHEMBL4458832,CC#CCn1c(N2CCC[C@@H](N)C2)nc2c1c(=O)n(Cc1c(OC)cccc1C(=O)O)c(=O)n2C,,8.22,1,8.22,8.22,IC50,B,cell-based format,cell_based,9,D,2019,,480.52500000000026,0.6026000000000016,137.61000000000004,2,7,6,4,3,0.4166666666666667,0.4895494777399661
CHEMBL231497,CHEMBL1182352,Cc1nnc2ccc(N3CC[C@H](c4cc(F)c(F)cc4F)[C@@H](N)C3)nn12,,8.22,1,8.22,8.22,IC50,B,single protein format,single_protein,8,H,2007,,362.35900000000004,2.17122,72.34,1,5,2,4,3,0.35294117647058826,0.7076708603651625
CHEMBL557315,CHEMBL557315,N[C@@H](CC(=O)N1CCC[C@H]1COc1ccnc(C(F)(F)F)n1)Cc1cc(F)c(F)cc1F,,8.21,1,8.21,8.21,IC50,B,single protein format,single_protein,8,H,2009,,462.3940000000001,3.2426000000000013,81.34,1,5,7,3,2,0.45,0.5049099052268639
CHEMBL394165,CHEMBL394165,C[C@@H]1N[C@H](C(=O)N2CCC[C@H]2C#N)C[C@@H]1C(=O)N1CCSCC1,,8.21,1,8.21,8.21,IC50,B,single protein format,single_protein,9,D,2007,,336.4610000000002,0.4429800000000006,76.44,1,5,2,3,0,0.8125,0.7919212919479386
CHEMBL5961410,CHEMBL5961410,N[C@H]1C[C@@H](n2ccc(N3CCC(O)(C(=O)NCc4cc(F)cc(F)c4)C3=O)n2)CO[C@@H]1c1cc(F)ccc1F,,8.21,1,8.21,8.21,IC50,B,single protein format,single_protein,9,D,2020,,547.5090000000002,2.2536999999999994,122.71000000000001,3,6,6,5,3,0.34615384615384615,0.32158462488956957
CHEMBL2063033,CHEMBL2063033,O=C([C@@H]1CCCN1)N1C[C@@H](O)C[C@H]1B(O)O,,8.21,1,8.21,8.21,IC50,B,cell-based format,cell_based,9,D,2012,,228.05700000000004,-2.2877999999999976,93.03000000000002,4,5,2,2,0,0.8888888888888888,0.39916105619750686
CHEMBL456419,CHEMBL456419,CC1(NCC(=O)N2C[C@H](F)C[C@@H]2C#N)CCN(S(C)(=O)=O)CC1,,8.21,1,8.21,8.21,IC50,B,single protein format,single_protein,9,D,2009,,346.4280000000001,-0.14731999999999967,93.50999999999999,1,5,4,2,0,0.8571428571428571,0.7642048124605638
CHEMBL396513,CHEMBL396513,Cc1cccc(C)c1[C@@H]1CN[C@H](C(=O)N2CCC[C@H]2C#N)C1,,8.21,1,8.21,8.21,IC50,B,single protein format,single_protein,9,D,2007,,297.40200000000004,2.2635200000000006,56.13,1,3,2,3,1,0.5555555555555556,0.9107568510141897
CHEMBL471088,CHEMBL471088,CC(C)(CN(Cc1ccc(C#N)cc1)C(=O)c1ccccc1)NCC(=O)N1C[C@@H](F)C[C@H]1C#N,,8.21,1,8.21,8.21,IC50,B,cell-free format,other,9,D,2008,,461.54100000000017,3.031460000000002,100.22999999999999,1,5,8,3,2,0.38461538461538464,0.6513784140992991
CHEMBL248795,CHEMBL248795,N#C[C@@H]1CCCN1C(=O)[C@@H]1CN(Cc2cnc3ccccc3c2)C[C@@H]1N,,8.21,1,8.21,8.21,IC50,B,single protein format,single_protein,9,D,2007,,349.4380000000001,1.5084799999999996,86.25,1,5,3,4,2,0.45,0.9075909191574281
CHEMBL376862,CHEMBL376862,N[C@H]1CN(c2cc(-c3ccccc3)ncn2)C(=O)C[C@@H]1c1cc(F)c(F)cc1F,,8.21,1,8.21,8.21,Ki,B,single protein format,single_protein,9,D,2007,,398.38800000000003,3.4087000000000023,72.11,1,4,3,4,3,0.19047619047619047,0.6866653199582364
CHEMBL556708,CHEMBL556708,N[C@@H](CC(=O)N1CCC[C@H]1CNc1ccc(F)cn1)Cc1cc(F)c(F)cc1F,,8.2,1,8.2,8.2,IC50,B,single protein format,single_protein,8,H,2009,,410.41500000000013,3.0010000000000012,71.25,2,4,7,3,2,0.4,0.5439131251694928
CHEMBL2147072,CHEMBL2147072,Cn1c(=O)c2c(nc(N3CCC[C@@H](N)C3)n2Cc2ccccc2Cl)c2ccc(C#N)cc21,,8.2,1,8.2,8.2,IC50,B,single protein format,single_protein,9,D,2012,,446.94200000000006,3.3890800000000016,92.87,1,5,3,5,4,0.2916666666666667,0.5203298835476909
CHEMBL2147775,CHEMBL2147775,Cc1cc(N2CCN([C@H]3CN[C@H](C(=O)N4CCSC4)C3)CC2)n(-c2ccccc2)n1,,8.2,1,8.2,8.2,IC50,B,single protein format,single_protein,9,D,2012,,426.5900000000002,1.5661200000000006,56.64,1,6,4,5,2,0.5454545454545454,0.8010417299824586
CHEMBL234356,CHEMBL234356,N#C[C@@H]1CCCN1C(=O)[C@@H]1C[C@H](CO)CN1,,8.2,1,8.2,8.2,IC50,B,single protein format,single_protein,9,D,2007,,223.276,-0.5286199999999999,76.36,2,4,2,2,0,0.8181818181818182,0.6596480431058204
CHEMBL558323,CHEMBL558323,CC(C)(F)C(=O)NC[C@@H]1CCCN1C(=O)C[C@H](N)Cc1cc(F)c(F)cc1F,,8.2,1,8.2,8.2,IC50,B,single protein format,single_protein,8,H,2009,,403.4200000000001,2.2191,75.43,2,3,7,2,1,0.5789473684210527,0.5415860860220916
CHEMBL4250956,CHEMBL4250956,CC(C)C[C@H](N)C(=O)N1CCSCC1,,8.2,1,8.2,8.2,IC50,B,single protein format,single_protein,9,D,2018,,216.34999999999994,0.9352000000000001,46.330000000000005,1,3,3,1,0,0.9,0.7633528149208926
CHEMBL5791601,CHEMBL5791601,N[C@H]1C[C@@H](N2Cc3ccc(Br)cc3C2)CO[C@@H]1c1cc(F)ccc1F,,8.19,1,8.19,8.19,IC50,B,single protein format,single_protein,9,D,2018,,409.2740000000001,3.900400000000003,38.489999999999995,1,3,2,4,2,0.3684210526315789,0.8180523335659676
CHEMBL223916,CHEMBL223916,O=C([C@@H]1C[C@H](N2CCc3cc(Br)ccc32)CN1)N1CCSC1,,8.19,1,8.19,8.19,IC50,B,cell-free format,other,9,D,2007,,382.3270000000002,2.0749999999999993,35.580000000000005,1,4,2,4,1,0.5625,0.8498385850118902
CHEMBL5219761,CHEMBL5219761,C/C=C/OC(=O)[C@@H]1CCCN1C(=O)[C@H](CCCCNC(=O)OC(C)(C)C)NC(=O)OC(C)(C)C,,8.19,1,8.19,8.19,IC50,B,single protein format,single_protein,9,D,2022,,483.6060000000002,3.642500000000001,123.27000000000002,2,7,9,1,0,0.75,0.22204715590108834
CHEMBL393957,CHEMBL393957,C[C@@H]1N[C@H](C(=O)N2CCC[C@H]2C#N)C[C@@H]1C(=O)N1CCCC1,,8.19,1,8.19,8.19,IC50,B,single protein format,single_protein,9,D,2007,,304.3940000000002,0.4899800000000003,76.44,1,4,2,3,0,0.8125,0.805335134104102
CHEMBL228021,CHEMBL228021,N#Cc1ccc(CN(Cc2ccc(C#N)cc2)[C@@H]2CN[C@H](C(=O)N3CCSC3)C2)cc1,,8.19,1,8.19,8.19,IC50,B,cell-free format,other,9,D,2007,,431.5650000000002,2.6955600000000013,83.16,1,6,6,4,2,0.375,0.7572449671298911
CHEMBL3686751,CHEMBL3686751,OB(O)[C@@H]1CCCN1C(=S)[C@@H]1CCCN1,,8.19,1,8.19,8.19,IC50,B,single protein format,single_protein,9,D,2015,,228.126,-0.4577999999999995,55.730000000000004,3,4,2,2,0,0.8888888888888888,0.44091728478899045
CHEMBL3580791,CHEMBL3580791,CC(C)N1C(=O)CN(C(=O)C[C@H](N)[C@H]2CCc3cc(F)c(F)cc32)Cc2ccccc21,,8.19,1,8.19,8.19,IC50,B,cell-based format,cell_based,9,D,2015,,427.4950000000001,3.495800000000002,66.64,1,3,4,4,2,0.4166666666666667,0.8123316226678158
CHEMBL2063034,CHEMBL2063034,O=C([C@@H]1CCCN1)N1C[C@H](O)C[C@H]1B(O)O,,8.19,1,8.19,8.19,IC50,B,cell-based format,cell_based,9,D,2012,,228.05700000000004,-2.2877999999999976,93.03000000000002,4,5,2,2,0,0.8888888888888888,0.39916105619750686
CHEMBL237152,CHEMBL237152,C[C@@H](C1CCC(c2cccc3ncnn23)CC1)[C@H](N)C(=O)N1CCC(F)(F)C1,,8.185,2,7.55,8.82,IC50,B,single protein format,single_protein,9,D,2007,,391.4660000000002,2.8341000000000003,76.52,1,4,4,4,2,0.65,0.8695472426080953
CHEMBL385711,CHEMBL385711,C[C@@H]1C(=O)NCCCN1C(=O)C[C@H](N)Cc1cc(F)c(F)cc1F,,8.18,1,8.18,8.18,IC50,B,single protein format,single_protein,9,D,2007,,343.349,1.1008000000000004,75.43,2,3,4,2,1,0.5,0.8041895188129506
CHEMBL192165,CHEMBL192165,N#Cc1ccc(N[C@H]2CN[C@H](C(=O)N3CCC[C@H]3C#N)C2)nc1,,8.18,1,8.18,8.18,IC50,B,single protein format,single_protein,9,D,2005,,310.361,0.6102599999999991,104.83999999999999,2,6,3,3,1,0.5,0.8472880261747452
CHEMBL2425889,CHEMBL2425889,CC#CCn1c(N2CCC[C@@H](N)C2)cc(=O)n(Cc2ccc3cc(Cl)ccc3n2)c1=O,,8.18,1,8.18,8.18,IC50,B,single protein format,single_protein,9,D,2013,,437.9310000000001,2.210699999999999,86.15,1,5,4,4,3,0.34782608695652173,0.6322720147719866
CHEMBL2441847,CHEMBL2441847,CCN(CC)C(=O)CCN1Cc2nc(C)c(CN)c(-c3ccc(Cl)cc3Cl)c2C1=O,,8.18,1,8.18,8.18,Ki,B,single protein format,single_protein,9,D,2013,,449.3820000000002,4.036820000000003,79.53,1,4,7,3,2,0.4090909090909091,0.6922714193156781
CHEMBL191327,CHEMBL1181768,N[C@H](C(=O)N1CC[C@H](F)C1)[C@@H](C(=O)O)c1ccc(-c2ccc(F)cc2)cc1,,8.18,1,8.18,8.18,IC50,B,single protein format,single_protein,8,H,2005,,374.38700000000006,2.558600000000001,83.63000000000001,2,3,5,3,2,0.3,0.8425743292847429
CHEMBL3216495,CHEMBL1739310,Cc1ccc(-c2c(CN)c(CC(C)C)nc3ccc(CCCCCC(=O)O)cc23)cc1,,8.18,1,8.18,8.18,IC50,B,cell-based format,cell_based,9,D,2011,,418.5810000000003,6.054920000000005,76.21,2,3,10,3,3,0.4074074074074074,0.39268750410408243
CHEMBL392924,CHEMBL392924,N[C@H]1C[C@@H](N2Cc3ccccc3C2)CC[C@@H]1c1cc(F)c(F)cc1F,,8.18,1,8.18,8.18,IC50,B,single protein format,single_protein,8,H,2007,,346.396,4.0831000000000035,29.259999999999998,1,2,2,4,2,0.4,0.8303717453260083
CHEMBL390853,CHEMBL390853,CC1C(=O)NCCCN1C(=O)C[C@H](N)Cc1cc(F)c(F)cc1F,,8.18,1,8.18,8.18,IC50,B,single protein format,single_protein,8,H,2007,,343.349,1.1008000000000004,75.43,2,3,4,2,1,0.5,0.8041895188129506
CHEMBL1215090,CHEMBL1215090,Cc1csc(NC(=O)c2cn3c(-c4ccc(Cl)cc4Cl)c(CN)c(C)nc3n2)n1,,8.18,1,8.18,8.18,Ki,B,single protein format,single_protein,9,D,2010,,447.3510000000003,4.487440000000003,98.2,2,6,4,4,4,0.15789473684210525,0.48057865370839037
CHEMBL536536,CHEMBL1188499,N[C@@H](CC(=O)N1CCn2c(nnc2C(F)(F)F)C1C(O)c1ccc(F)cc1)Cc1cc(F)c(F)cc1F,,8.175,4,6.37,9.49,IC50,B,single protein format,single_protein,8,H,2008,,531.4320000000002,3.4303000000000017,97.27000000000001,2,5,6,4,3,0.34782608695652173,0.37550266885278577
CHEMBL193168,CHEMBL193168,N#C[C@@H]1CCCN1C(=O)[C@@H]1C[C@H](NS(=O)(=O)c2ccccc2)CN1,,8.17,1,8.17,8.17,IC50,B,single protein format,single_protein,9,D,2005,,348.42800000000005,0.2099800000000001,102.30000000000001,2,5,4,3,1,0.5,0.8097383130748536
CHEMBL3694421,CHEMBL3694421,CS(=O)(=O)n1cc2c(n1)CN([C@H]1CNC(c3cc(F)ccc3F)[C@@H](N)C1)C2,,8.17,1,8.17,8.17,IC50,B,assay format,other,9,D,2014,,397.45100000000014,0.7150999999999995,93.25,2,6,3,4,2,0.47058823529411764,0.7927319317194457
CHEMBL1230763,CHEMBL1230763,COC(=O)c1ccc(NC(=O)NC[C@H]2CC[C@@H](C(=O)N3CCC[C@H]3CN)N2)cc1,,8.17,1,8.17,8.17,Ki,B,single protein format,single_protein,9,D,2013,,403.4830000000002,0.6650000000000009,125.78999999999999,4,6,6,3,1,0.55,0.5173269331983226
CHEMBL241245,CHEMBL241245,O=C([C@@H]1C[C@H](N2CCN(c3ccc(C(F)(F)F)cc3)CC2)CN1)N1CCSC1,,8.17,1,8.17,8.17,IC50,B,cell-free format,other,9,D,2007,,414.49700000000024,2.0907999999999998,38.82000000000001,1,5,3,4,1,0.631578947368421,0.8202612461673021
CHEMBL249203,CHEMBL249203,N#C[C@@H]1CCCN1C(=O)[C@@H]1CN(Cc2ccc(-c3ccn[nH]3)cc2)C[C@@H]1N,,8.17,1,8.17,8.17,IC50,B,single protein format,single_protein,9,D,2007,,364.4530000000001,1.3503799999999997,102.04,2,5,4,4,2,0.45,0.8525575170268911
CHEMBL206573,CHEMBL206573,N#C[C@@H]1CCCN1C(=O)[C@@H]1CC[C@H](COc2ccccc2)N1,,8.17,1,8.17,8.17,Ki,B,single protein format,single_protein,9,D,2006,,299.37399999999997,1.7005799999999998,65.36,1,4,4,3,1,0.5294117647058824,0.9187952196787236
CHEMBL5884216,CHEMBL5884216,N[C@H]1C[C@@H](n2ccc(N3CCC(O)(C(=O)NCc4cccc(F)c4)C3=O)n2)CO[C@@H]1c1cc(F)ccc1F,,8.17,1,8.17,8.17,IC50,B,single protein format,single_protein,9,D,2020,,529.5190000000002,2.1145999999999994,122.71000000000001,3,6,6,5,3,0.34615384615384615,0.4207479561543202
CHEMBL591118,CHEMBL591118,COc1cc2c(cc1OC)[C@@H]1C[C@H](N)[C@@H](N3C[C@@H](CF)CC3=O)CN1CC2,CARMEGLIPTIN,8.17,1,8.17,8.17,IC50,B,single protein format,single_protein,9,D,2010,2,377.4600000000002,1.5206,68.03,1,5,4,4,1,0.65,0.8617790443562634
CHEMBL4177478,CHEMBL4177478,N#Cc1ccc(F)cc1Cn1c(N2CCC[C@@H](N)C2)nc2scnc2c1=O,,8.17,1,8.17,8.17,IC50,B,single protein format,single_protein,9,D,2017,,384.4400000000001,1.8395799999999995,100.83000000000001,1,7,3,4,3,0.3333333333333333,0.739446668982586
CHEMBL550321,CHEMBL550321,CN(C[C@@H]1CCCN1C(=O)C[C@H](N)Cc1cc(F)c(F)cc1F)C(=O)C(C)(C)C,,8.17,1,8.17,8.17,IC50,B,single protein format,single_protein,8,H,2009,,413.48400000000015,2.859300000000001,66.64,1,3,6,2,1,0.6190476190476191,0.7296381009869704
CHEMBL210193,CHEMBL210193,COC(=O)c1ccc(NC(=O)NC[C@H]2CC[C@@H](C(=O)N3CCC[C@H]3C#N)N2)cc1,,8.17,1,8.17,8.17,Ki,B,single protein format,single_protein,9,D,2006,,399.45100000000014,1.2298799999999996,123.56,3,6,5,3,1,0.5,0.6400563448688968
CHEMBL4078049,CHEMBL4117084,Cc1ccc(-c2c(CN)c(CC(C)C)nc3ccc(OCCCCCC(=O)O)cc23)cc1,,8.17,1,8.17,8.17,IC50,B,assay format,other,9,D,2017,,434.5800000000003,5.891220000000005,85.44000000000001,2,4,11,3,3,0.4074074074074074,0.36750127004136585
CHEMBL2159191,CHEMBL2159191,CCNc1nc2c(c(-c3cc(F)ccc3Br)c1CN)c(=O)n(C)c(=O)n2C,,8.16,1,8.16,8.16,IC50,B,single protein format,single_protein,8,H,2012,,436.28500000000025,2.0912999999999995,94.94,2,5,4,3,3,0.2777777777777778,0.6534692156214444
CHEMBL4241366,CHEMBL4241366,CCC(C)[C@H](N)C(=O)N1CCSCC1,,8.16,1,8.16,8.16,IC50,B,single protein format,single_protein,9,D,2018,,216.34999999999994,0.9352000000000001,46.330000000000005,1,3,3,1,0,0.9,0.7633528149208926
CHEMBL4869930,CHEMBL4869930,CC#CCn1c(N2CCC[C@@H](N)C2)cc(=O)n(Cc2cccc(C(=O)NCC(=O)O)c2)c1=O,,8.16,1,8.16,8.16,IC50,B,single protein format,single_protein,9,D,2021,,453.4990000000002,-0.17649999999999794,139.66,3,6,7,3,2,0.391304347826087,0.49439927221287155
CHEMBL537000,CHEMBL1188664,C=CCC1c2nnc(C(F)(F)F)n2CCN1C(=O)C[C@H](N)Cc1cc(F)c(F)cc1F,,8.16,2,7.5,8.82,IC50,B,single protein format,single_protein,8,H,2008,,447.38300000000015,3.133700000000001,77.04,1,4,6,3,2,0.42105263157894735,0.41950847097889626
CHEMBL4871141,CHEMBL4871141,CC#CCn1c(N2CCC[C@@H](N)C2)cc(=O)n(Cc2cccc(C(=O)OC)c2F)c1=O,,8.15,1,8.15,8.15,IC50,B,single protein format,single_protein,9,D,2021,,428.46400000000017,0.9347999999999999,99.56,1,6,5,3,2,0.4090909090909091,0.5620569715003841
CHEMBL231092,CHEMBL1182341,N[C@H]1CN(c2ccc3nccnc3n2)CC[C@@H]1c1cc(F)c(F)cc1F,,8.15,1,8.15,8.15,IC50,B,single protein format,single_protein,8,H,2007,,359.355,2.763300000000001,67.93,1,5,2,4,3,0.2777777777777778,0.7128835389192004
CHEMBL475465,CHEMBL1186728,COC[C@@H]1CCCN1C(=O)CC[C@H](N)C(=O)N1CCC[C@H]1C#N,,8.15,1,8.15,8.15,IC50,B,single protein format,single_protein,8,H,2009,,322.4090000000001,0.24588000000000165,99.66,1,5,6,2,0,0.8125,0.7552025008385819
CHEMBL3697944,CHEMBL3697944,Cn1cc(CCN2C[C@H](N3Cc4cn[nH]c4C3)C[C@H](N)C2c2cc(F)ccc2F)cn1,,8.15,1,8.15,8.15,IC50,B,assay format,other,9,D,2014,,427.5030000000001,2.1225999999999985,79.0,2,5,5,5,3,0.45454545454545453,0.6522645475206281
CHEMBL255709,CHEMBL255709,CC#CCn1c(N2CCCC(N)C2)nc2c(C)nn(Cc3nc(C)cc4ccccc34)c(=O)c21,,8.15,1,8.15,8.15,IC50,B,cell-based format,cell_based,9,D,2008,,455.56600000000026,2.7571400000000006,94.86000000000001,1,6,4,5,4,0.38461538461538464,0.47569287249226266
CHEMBL1951437,CHEMBL1951437,CC(C)=CCn1c(N2CCCNCC2)c(C#N)c2ncn(Cc3nccc4ccccc34)c(=O)c21,,8.15,1,8.15,8.15,IC50,B,single protein format,single_protein,9,D,2012,,467.5770000000002,3.432080000000002,91.76999999999998,1,6,5,5,4,0.3333333333333333,0.45233474939384494
CHEMBL1233461,CHEMBL1233461,O=C(O)c1c(Cl)ccc(Cl)c1O,,8.15,1,8.15,8.15,IC50,B,single protein format,single_protein,9,D,2013,,207.012,2.3972,57.53,2,2,1,1,1,0.0,0.7426057269933065
CHEMBL567278,CHEMBL567278,N[C@@H](CC(=O)N1CCC[C@H]1c1nc(C2CC2)no1)Cc1cc(F)c(F)cc1F,,8.15,1,8.15,8.15,IC50,B,assay format,other,9,D,2009,,394.3970000000001,2.9879000000000007,85.25000000000001,1,5,6,4,2,0.5263157894736842,0.7616652420403585
CHEMBL122206,CHEMBL122206,COc1cc2c(cc1OC)-c1nc(N)c(CN)c(-c3ccc(Cl)cc3Cl)c1C2,,8.15,1,8.15,8.15,IC50,B,single protein format,single_protein,8,H,2011,,416.30800000000016,4.684700000000003,83.39,2,5,4,4,3,0.19047619047619047,0.5046539791660665
CHEMBL3350920,CHEMBL3350920,CCC(C)(C)[C@H](N)C(=O)N1[C@H](C#N)C[C@@H]2C[C@@H]21,,8.15,1,8.15,8.15,Ki,B,single protein format,single_protein,9,D,2005,,235.331,1.2628799999999996,70.12,1,3,3,2,0,0.8461538461538461,0.8003030733542819
CHEMBL2346926,CHEMBL2346926,CC#CCn1c(N2CCC[C@@H](N)C2)nc2ccn(Cc3ccc4ccccc4n3)c2c1=O,,8.15,1,8.15,8.15,IC50,B,single protein format,single_protein,9,D,2013,,426.5240000000002,2.7453000000000003,81.97,1,5,4,5,4,0.32,0.5076500543598084
CHEMBL561793,CHEMBL1197182,CS(=O)(=O)Nc1ccc2c(c1)nc1n2C[C@H](N)[C@@H](c2cc(F)c(F)cc2F)C1,,8.15,1,8.15,8.15,IC50,B,single protein format,single_protein,9,D,2009,,410.4210000000001,2.4923,90.01,2,4,3,4,3,0.2777777777777778,0.6495089679169503
CHEMBL3084812,CHEMBL3084812,CC[C@@]12C[C@H]3C[C@@H](C1)C[C@@](NCC(=O)N1CCC[C@H]1C#N)(C3)C2,,8.15,1,8.15,8.15,IC50,B,assay format,other,8,H,2003,,315.46100000000007,2.8395800000000007,56.13,1,3,4,5,0,0.8947368421052632,0.8676809902170763
CHEMBL3084816,CHEMBL3084816,N#C[C@@H]1CCCN1C(=O)CN[C@H]1CC[C@H](Nc2ccc(C(F)(F)F)cn2)CC1,,8.15,1,8.15,8.15,IC50,B,assay format,other,8,H,2003,,395.42900000000014,2.9276800000000014,81.05,2,5,5,3,1,0.631578947368421,0.8013172322451254
CHEMBL244010,CHEMBL244010,COc1c(O)ccc(C)c1[C@@H]1CN[C@H](C(=O)N2CCC[C@H]2C#N)C1,,8.15,1,8.15,8.15,IC50,B,single protein format,single_protein,9,D,2007,,329.4000000000001,1.6693,85.59,2,5,3,3,1,0.5555555555555556,0.880895831007834
CHEMBL365010,CHEMBL1184709,CCC(Oc1ccc(CNC(=O)[C@@H]2CCCN2C(=O)CC(N)Cc2ccccc2F)cc1)C(=O)O,,8.15,1,8.15,8.15,IC50,B,single protein format,single_protein,9,D,2004,,485.5560000000002,2.635,121.96,3,5,11,3,2,0.4230769230769231,0.4498733999793177
CHEMBL3654425,CHEMBL3654425,CC1(S(=O)(=O)n2cc3c(n2)CN([C@H]2CCO[C@H](c4cc(F)c(F)cc4F)[C@@H](N)C2)C3)CC1,,8.15,2,7.9,8.4,IC50,B,assay format,other,9,D,2015,,470.5170000000002,2.594000000000001,90.45,1,6,4,5,2,0.5714285714285714,0.6912605448841335
CHEMBL231395,CHEMBL1182348,Cc1nc2ccc(N3CC[C@H](c4cc(F)c(F)cc4F)[C@@H](N)C3)nc2c(=O)[nH]1,,8.15,1,8.15,8.15,IC50,B,single protein format,single_protein,8,H,2007,,389.3810000000001,2.3650200000000003,87.9,2,5,2,4,3,0.3157894736842105,0.6573067826660741
CHEMBL3112967,CHEMBL3112967,NC[C@]1(c2cccc(Cl)c2)CC[C@H](N2CCn3c(nnc3C(F)(F)F)C2=O)CC1,,8.15,1,8.15,8.15,IC50,B,single protein format,single_protein,9,D,2014,,427.8580000000001,3.245400000000002,77.03999999999999,1,4,3,4,2,0.5263157894736842,0.8153397949444798
CHEMBL400752,CHEMBL400752,N[C@@H](CC(=O)N1CCn2nc(C(F)(F)F)nc2[C@H]1CC1CC1)Cc1cc(F)c(F)cc1F,,8.15,1,8.15,8.15,IC50,B,single protein format,single_protein,8,H,2007,,461.4100000000002,3.3577000000000012,77.04,1,4,6,4,2,0.55,0.5289105740963077
CHEMBL227800,CHEMBL227800,CC(C)N(Cc1ccc(C#N)cc1)[C@@H]1CN[C@H](C(=O)N2CCSC2)C1,,8.15,1,8.15,8.15,IC50,B,cell-free format,other,9,D,2007,,358.5110000000002,2.0320799999999997,59.370000000000005,1,5,5,3,1,0.5789473684210527,0.8727335561779911
CHEMBL492536,CHEMBL1187175,N#C[C@@H]1CCCN1C(=O)[C@@H](N)CCC(=O)N1CCn2cnnc2C1,,8.15,1,8.15,8.15,IC50,B,single protein format,single_protein,8,H,2009,,331.38000000000005,-0.7576199999999991,121.13999999999999,1,6,4,3,1,0.6666666666666666,0.7740272687284534
CHEMBL390512,CHEMBL390512,O=C([C@@H]1C[C@H](N2CCc3cc(Cl)ccc32)CN1)N1CCSC1,,8.15,1,8.15,8.15,IC50,B,cell-free format,other,9,D,2007,,337.87600000000015,1.9658999999999995,35.580000000000005,1,4,2,4,1,0.5625,0.8946729175996034
CHEMBL5398220,CHEMBL5398220,CC(C)(C)[C@H](N)C(=O)N1[C@H](C#N)C[C@@H]2C[C@@H]21,,8.15,1,8.15,8.15,Ki,B,single protein format,single_protein,9,D,2023,,221.30399999999997,0.8727799999999998,70.12,1,3,1,2,0,0.8333333333333334,0.7139927096595884
CHEMBL245781,CHEMBL245781,CN(C)C(=O)c1cccc(-c2cc(N3CC(N)C(c4cc(F)c(F)cc4F)C3)ncn2)c1,,8.15,1,8.15,8.15,Ki,B,single protein format,single_protein,9,D,2007,,441.45700000000005,3.1938000000000013,75.35000000000001,1,5,4,4,3,0.2608695652173913,0.6297488655364736
CHEMBL549581,CHEMBL549581,N[C@@H](CC(=O)N1CCC[C@H]1CNc1ncc(F)cn1)Cc1cc(F)c(F)cc1F,,8.15,1,8.15,8.15,IC50,B,single protein format,single_protein,8,H,2009,,411.40300000000013,2.396,84.14,2,5,7,3,2,0.42105263157894735,0.5400502980474055
CHEMBL1650405,CHEMBL1650405,N#Cc1ccccc1Cn1c(N2CCC[C@@H](N)C2)ncc(Cl)c1=O,,8.15,1,8.15,8.15,IC50,B,single protein format,single_protein,9,D,2011,,343.81800000000004,1.7441799999999998,87.94,1,5,3,3,2,0.35294117647058826,0.916732714018749
CHEMBL474049,CHEMBL1186666,N#C[C@@H]1CCCN1C(=O)[C@@H](N)CCC(=O)N1CCCC1,,8.15,1,8.15,8.15,IC50,B,single protein format,single_protein,8,H,2009,,278.35600000000005,0.2308800000000002,90.42999999999999,1,4,4,2,0,0.7857142857142857,0.7967378108582583
CHEMBL4644314,CHEMBL4644314,Cn1c(C(N)=O)nc2c1CN([C@@H]1C[C@H](N)[C@@H](c3cc(F)ccc3F)O[C@@H]1C(F)(F)F)C2,,8.15,1,8.15,8.15,IC50,B,single protein format,single_protein,9,D,2020,,445.3920000000001,1.9011999999999998,99.39999999999999,2,5,3,4,2,0.47368421052631576,0.703584828906417
CHEMBL470893,CHEMBL470893,CC(C)CN(CC(C)(C)NCC(=O)N1C[C@@H](F)C[C@H]1C#N)C(=O)c1ccccc1,,8.14,1,8.14,8.14,IC50,B,cell-free format,other,9,D,2008,,402.5140000000001,2.6155800000000005,76.44,1,4,8,2,1,0.5909090909090909,0.7252182827597494
CHEMBL4059815,CHEMBL4116167,Cc1ccc(-c2c(COCc3ccc(C(=O)O)cc3)c(C)nc(CC(C)C)c2CN)cc1,,8.14,1,8.14,8.14,IC50,B,assay format,other,9,D,2017,,432.56400000000025,5.4376400000000045,85.44,2,4,9,3,3,0.3333333333333333,0.47033953891700325
CHEMBL380894,CHEMBL380894,Cc1ccc(OC[C@H]2CC[C@@H](C(=O)N3CCC[C@H]3C#N)N2)cc1,,8.14,1,8.14,8.14,Ki,B,single protein format,single_protein,9,D,2006,,313.40099999999995,2.009,65.36,1,4,4,3,1,0.5555555555555556,0.9232655115840422
CHEMBL217051,CHEMBL217051,C[C@@H]1c2nnc(C(F)(F)F)n2CCN1C(=O)C[C@H](N)Cc1cc(F)ccc1F,,8.14,1,8.14,8.14,IC50,B,single protein format,single_protein,9,D,2007,,403.3550000000001,2.4384000000000006,77.04,1,4,4,3,2,0.47058823529411764,0.7960150471902886
CHEMBL557176,CHEMBL1196490,N[C@@H](CC(=O)N1CCn2c(nnc2C(F)(F)F)C1Cc1ccccn1)Cc1cc(F)c(F)cc1F,,8.14,2,6.88,9.4,IC50,B,single protein format,single_protein,8,H,2008,,498.4310000000002,3.1953000000000014,89.93,1,5,6,4,3,0.36363636363636365,0.4166625512890925
CHEMBL3806026,CHEMBL3806026,N[C@H]1C[C@@H](N2Cc3nn4cccnc4c3C2)CC[C@@H]1c1cc(F)ccc1F,,8.14,1,8.14,8.14,IC50,B,single protein format,single_protein,9,D,2016,,369.41900000000004,2.9867000000000017,59.45,1,4,2,5,3,0.4,0.7544908498754407
CHEMBL3350933,CHEMBL3350933,N#C[C@@H]1C[C@@H]2C[C@@H]2N1C(=O)[C@@H](N)C1(CO)CCCC1,,8.13,1,8.13,8.13,Ki,B,single protein format,single_protein,9,D,2005,,263.34099999999995,0.3793799999999994,90.35000000000001,2,4,3,3,0,0.8571428571428571,0.7698649657013238
CHEMBL1779704,CHEMBL1779704,COc1cc(CN2CCN(C(=O)C[C@H](N)Cc3cc(F)c(F)cc3F)CC2=O)c([N+](=O)[O-])cc1OC,,8.13,1,8.13,8.13,IC50,B,single protein format,single_protein,9,D,2011,,510.4690000000003,2.1601999999999997,128.24,1,7,9,3,2,0.391304347826087,0.3110570726117688
CHEMBL475573,CHEMBL475573,O=C([C@@H]1C[C@H](N2CCN(c3nc4ccncc4o3)CC2)CN1)N1CCC(F)(F)C1,,8.13,1,8.13,8.13,IC50,B,single protein format,single_protein,9,D,2009,,406.43700000000024,0.9428999999999992,77.74,1,7,3,5,2,0.631578947368421,0.8130468197196504
CHEMBL1779706,CHEMBL1779706,COC[C@@H]1C(=O)NCCN1C(=O)C[C@H](N)Cc1cc(F)c(F)cc1F,,8.13,1,8.13,8.13,IC50,B,single protein format,single_protein,9,D,2011,,359.348,0.3372000000000016,84.66,2,4,6,2,1,0.5,0.7175723216041161
CHEMBL3216748,CHEMBL1851814,Cc1ccc(-c2c(CN)c(CC(C)C)nc3ccc(CCC(N)=O)cc23)cc1,,8.12,1,8.12,8.12,IC50,B,cell-based format,cell_based,9,D,2011,,375.5160000000002,4.285320000000003,82.0,2,3,7,3,3,0.3333333333333333,0.6462926119372279
CHEMBL4538597,CHEMBL4538597,CC#CCn1c(N2CCC[C@@H](N)C2)cc(=O)n(Cc2ccccc2C(=O)O)c1=O,,8.12,1,8.12,8.12,IC50,B,cell-based format,cell_based,9,D,2019,,396.4470000000001,0.7072999999999998,110.56,2,5,5,3,2,0.38095238095238093,0.7203869005567896
CHEMBL2418630,CHEMBL3040815,COc1cccc(Cn2cc(-c3ccc(C[C@H](N)C(=O)N4CCC[C@H]4C#N)cc3)nn2)c1,,8.12,1,8.12,8.12,IC50,B,single protein format,single_protein,9,D,2013,,430.51200000000017,2.38638,110.06,1,6,7,4,3,0.3333333333333333,0.6162512511383283
CHEMBL1951613,CHEMBL1951613,CC#CCn1c(N2CCCNCC2)c(C#N)c2c1c(=O)n(Cc1nc(C)c3ccccc3n1)c(=O)n2C,,8.12,1,8.12,8.12,IC50,B,single protein format,single_protein,9,D,2012,,496.5750000000003,1.4962999999999995,113.77000000000001,1,7,4,5,4,0.37037037037037035,0.4260471463310052
CHEMBL3084937,CHEMBL3084937,CN(C)C(=O)Nc1ccc(S(=O)(=O)N[C@H]2CC[C@H]([C@H](N)C(=O)N3CCSC3)CC2)cc1,,8.12,1,8.12,8.12,IC50,B,single protein format,single_protein,8,H,2004,,469.6330000000003,1.477400000000001,124.83999999999999,3,6,6,3,1,0.6,0.5795557022359636
CHEMBL2418625,CHEMBL3040913,N#C[C@@H]1CCCN1C(=O)[C@@H](N)Cc1ccc(-c2cn(Cc3cccc(F)c3)nn2)cc1,,8.12,1,8.12,8.12,IC50,B,single protein format,single_protein,9,D,2013,,418.4760000000001,2.5168800000000005,100.83000000000001,1,5,6,4,3,0.30434782608695654,0.662913038436448
CHEMBL5858632,CHEMBL5858632,N[C@H]1C[C@@H](n2ccc(N3CCC(O)(C(=O)NCc4cc(F)cc(F)c4F)C3=O)n2)CO[C@@H]1c1cc(F)ccc1F,,8.12,1,8.12,8.12,IC50,B,single protein format,single_protein,9,D,2020,,565.4990000000003,2.3928000000000003,122.71000000000001,3,6,6,5,3,0.34615384615384615,0.2398229877800841
CHEMBL4438210,CHEMBL4438210,CC#CCn1c(N2CCC[C@@H](N)C2)cc(=O)n(Cc2ccc(F)cc2C(=O)O)c1=O,,8.12,1,8.12,8.12,IC50,B,cell-based format,cell_based,9,D,2019,,414.4370000000001,0.8463999999999996,110.56,2,5,5,3,2,0.38095238095238093,0.7020679340922076
CHEMBL2441840,CHEMBL2441840,Cc1nc2c(c(-c3ccc(Cl)cc3Cl)c1CN)C(=O)N(C[C@@H]1CCCN1)C2,,8.12,1,8.12,8.12,Ki,B,single protein format,single_protein,9,D,2013,,405.32900000000024,3.5303200000000023,71.25,2,4,4,4,2,0.4,0.8166653151717727
CHEMBL190466,CHEMBL1181733,CN(C)C(=O)[C@@H](c1ccc(-c2ccc(F)cc2)cc1)[C@H](N)C(=O)N1CCCC1,,8.12,1,8.12,8.12,IC50,B,single protein format,single_protein,8,H,2005,,383.4670000000002,2.6142000000000003,66.64,1,3,5,3,2,0.36363636363636365,0.8631252486799247
CHEMBL2159187,CHEMBL2159187,Cn1c(=O)c2c(-c3cc(F)ccc3Cl)c(CN)c(N)nc2n(C)c1=O,,8.12,1,8.12,8.12,IC50,B,single protein format,single_protein,8,H,2012,,363.7800000000001,1.1325999999999998,108.92999999999998,2,5,2,3,3,0.1875,0.7090789758600392
CHEMBL257023,CHEMBL1182630,CC(c1nc(-c2ccc(S(C)(=O)=O)cc2Cl)no1)[C@H](N)C(F)=C1CCCC1,,8.12,1,8.12,8.12,IC50,B,assay format,other,9,D,2008,,413.9020000000002,4.021900000000002,99.08,1,6,5,3,2,0.4444444444444444,0.7941053225861583
CHEMBL1765235,CHEMBL1765235,C[C@H](NC(=O)[C@@H]1CCCN1C(=O)[C@@H](N)Cc1ccccc1)C(=O)N1CCC[C@H]1B(O)O,,8.115,2,8.08,8.15,IC50,B,single protein format,single_protein,8,H,2011,,430.3140000000002,-0.9448999999999972,136.2,4,6,7,3,1,0.5714285714285714,0.4123328012544
CHEMBL196933,CHEMBL196933,O=C(CNC1CCCCCC1)N1CCC[C@H]1B(O)O,,8.11,1,8.11,8.11,IC50,B,single protein format,single_protein,9,D,2005,,268.16599999999994,0.3017999999999997,72.80000000000001,3,4,4,2,0,0.9230769230769231,0.506336091105903
CHEMBL232315,CHEMBL232315,N#C[C@@H]1CCCN1C(=O)[C@@H]1C[C@H](C(N)=O)CN1,,8.11,1,8.11,8.11,IC50,B,single protein format,single_protein,9,D,2007,,236.275,-1.0356199999999987,99.22,2,4,2,2,0,0.7272727272727273,0.6396209522250971
CHEMBL472102,CHEMBL472102,CC(C)NCC(=O)N1C[C@@H](F)C[C@H]1C#N,,8.11,1,8.11,8.11,IC50,B,cell-free format,other,9,D,2008,,213.25599999999997,0.4469799999999997,56.13,1,3,3,1,0,0.8,0.74006987123328
CHEMBL400841,CHEMBL400841,CN(C)C(=O)[C@@H]([C@H]1CC[C@H](c2cccc3ncnn32)CC1)[C@H](N)C(=O)N1CC[C@H](F)C1,,8.11,2,7.58,8.64,IC50,B,single protein format,single_protein,9,D,2007,,430.5280000000003,1.6051999999999995,96.83,1,5,5,4,2,0.6363636363636364,0.7773353977394419
CHEMBL540888,CHEMBL1190468,N[C@@H](CC(=O)N1CCn2c(nnc2C(F)(F)F)C1Cc1ccccc1F)Cc1cc(F)c(F)cc1F,,8.11,2,6.88,9.34,IC50,B,single protein format,single_protein,8,H,2008,,515.4330000000002,3.9394000000000027,77.04,1,4,6,4,3,0.34782608695652173,0.3987987552471809
CHEMBL3216726,CHEMBL1739144,Cc1ccc(-c2c(CC(=O)N3CCC[C@@H]3C(=O)O)c(C)nc(CC(C)C)c2CN)cc1,,8.11,1,8.11,8.11,IC50,B,cell-based format,cell_based,9,D,2011,,423.55700000000024,3.640740000000002,96.52,2,4,7,3,2,0.48,0.7086796194470532
CHEMBL559601,CHEMBL559601,CN(C[C@@H]1CCCN1C(=O)C[C@H](N)Cc1cc(F)c(F)cc1F)C(=O)C(C)(F)F,,8.11,1,8.11,8.11,IC50,B,single protein format,single_protein,8,H,2009,,421.4100000000001,2.4684,66.64,1,3,7,2,1,0.5789473684210527,0.5434845545074843
CHEMBL389138,CHEMBL389138,N#C[C@@H]1CCCN1C(=O)[C@@H]1CC(C2C3CC4CC(C3)CC2C4)CN1,,8.11,1,8.11,8.11,IC50,B,single protein format,single_protein,9,D,2007,,327.47200000000015,2.55138,56.13,1,3,2,6,0,0.9,0.8478499917396387
CHEMBL2206469,CHEMBL2206469,N[C@@H](CC(=O)NC1(c2cccc(-c3cncs3)c2)CCS(=O)(=O)CC1)Cc1cc(F)c(F)cc1F,,8.11,1,8.11,8.11,IC50,B,single protein format,single_protein,9,D,2012,,523.6020000000004,3.707600000000003,102.15,2,6,7,4,3,0.3333333333333333,0.4600118465043869
CHEMBL2023067,CHEMBL2023067,N#Cc1ccccc1Cn1c(N2CCC[C@@H](N)C2)nc2c(Br)c[nH]c2c1=O,,8.105,2,7.36,8.85,IC50,B,single protein format,single_protein,9,D,2012;2013,,427.30600000000004,2.33458,103.72999999999999,2,5,3,4,3,0.3157894736842105,0.6680146106200319
CHEMBL3932825,CHEMBL3932825,CS(=O)(=O)c1ccc2c3c(ccc2c1)O[C@H](c1cc(F)c(F)cc1F)[C@@H](N)C3,,8.105,2,7.97,8.24,IC50,B,cell-based format,cell_based,9,D,2016,,407.4130000000001,3.664100000000002,69.39,1,4,2,4,3,0.2,0.6585354080836129
CHEMBL1650406,CHEMBL1650406,Cc1nc(N2CCC[C@@H](N)C2)n(Cc2ccccc2C#N)c(=O)c1Br,,8.1,1,8.1,8.1,IC50,B,single protein format,single_protein,9,D,2011,,402.2960000000001,2.1616999999999997,87.94,1,5,3,3,2,0.3888888888888889,0.8503624245444863
CHEMBL231397,CHEMBL1182350,Cc1cc(=O)n2nc(N3CC[C@H](c4cc(F)c(F)cc4F)[C@@H](N)C3)ccc2n1,,8.1,1,8.1,8.1,IC50,B,single protein format,single_protein,8,H,2007,,389.3810000000001,2.13642,76.52000000000001,1,5,2,4,3,0.3157894736842105,0.679906628762329
CHEMBL1650426,CHEMBL1650426,C=Cc1cnc(N2CCC[C@@H](N)C2)n(Cc2ccccc2C#N)c1=O,,8.1,1,8.1,8.1,IC50,B,single protein format,single_protein,9,D,2011,,335.41100000000006,1.7337799999999999,87.94,1,5,4,3,2,0.3157894736842105,0.9191969464940556
CHEMBL231295,CHEMBL1182347,N[C@H]1CN(c2ccc3ncnc(C4CC4)c3n2)CC[C@@H]1c1cc(F)c(F)cc1F,,8.1,1,8.1,8.1,IC50,B,single protein format,single_protein,8,H,2007,,399.42,3.6407000000000025,67.93,1,5,3,5,3,0.38095238095238093,0.6813782956420061
CHEMBL217766,CHEMBL217766,C#C[C@H]1CC[C@@H](C#N)N1C(=O)[C@@H](N)CC(C)C,,8.1,1,8.1,8.1,Ki,B,cell-based format,cell_based,9,D,2006,,233.315,0.8761799999999996,70.12,1,3,3,1,0,0.6923076923076923,0.7354367777249321
CHEMBL460842,CHEMBL460842,O=C(CNC12CC3CC(CC(C3)C1)C2)N1CCC[C@H]1B(O)O,,8.1,1,8.1,8.1,IC50,B,single protein format,single_protein,8,H,2009,,306.2149999999999,0.5477999999999996,72.80000000000001,3,4,4,5,0,0.9375,0.6632857912623471
CHEMBL1082653,CHEMBL1198816,CO[C@H]1C[C@H]2C[C@@H](NCC(=O)N3CCC[C@H]3C#N)C[C@H]2C1,,8.1,1,8.1,8.1,IC50,B,single protein format,single_protein,8,H,2010,,291.39500000000004,1.2941799999999999,65.36,1,4,4,3,0,0.875,0.8475397496714797
CHEMBL230282,CHEMBL230282,C[C@@H]1C(=O)N(C2CC2)CCCN1C(=O)C[C@H](N)Cc1cc(F)c(F)cc1F,,8.1,1,8.1,8.1,IC50,B,single protein format,single_protein,8,H,2007,,383.414,1.9756,66.64,1,3,5,3,1,0.5789473684210527,0.7910012759592925
CHEMBL5273881,CHEMBL5273881,COC1C[C@@H]2C[C@H](NCC(=O)N3CCC[C@H]3C#N)C[C@@H]2C1,,8.1,1,8.1,8.1,IC50,B,single protein format,single_protein,9,D,2021,,291.39500000000004,1.2941799999999999,65.36,1,4,4,3,0,0.875,0.8475397496714797
CHEMBL3958670,CHEMBL3958670,CC#CCn1c(N2CCC[C@@H](N)C2)nc2c1c(=O)n(C/C=C/c1c(F)c(F)c(F)c(F)c1F)c(=O)n2C,,8.1,1,8.1,8.1,IC50,B,single protein format,single_protein,8,H,2016,,522.4780000000002,2.2564,91.08000000000001,1,5,5,4,3,0.375,0.2403940894714382
CHEMBL1650440,CHEMBL1650440,Cn1c(=O)cc(N2CCC[C@@H](N)C2)n(Cc2cc(F)ccc2Br)c1=O,,8.1,1,8.1,8.1,IC50,B,single protein format,single_protein,9,D,2011,,411.27500000000003,1.4244,73.26,1,4,3,3,2,0.4117647058823529,0.8296777750327222
CHEMBL1650433,CHEMBL1650433,N#Cc1ccc(F)cc1Cn1c(N2CCC[C@@H](N)C2)ncc(Cl)c1=O,,8.1,1,8.1,8.1,IC50,B,single protein format,single_protein,9,D,2011,,361.80800000000005,1.8832799999999994,87.94,1,5,3,3,2,0.35294117647058826,0.901387887850459
CHEMBL3986074,CHEMBL3986074,CC#CCn1c(N2CCC[C@@H](N)C2)nc2c1c(=O)n(Cc1ccc(OC)c3ccccc13)c(=O)n2C,,8.1,1,8.1,8.1,IC50,B,single protein format,single_protein,8,H,2016,,486.57600000000025,2.0576,100.31000000000003,1,6,5,5,4,0.37037037037037035,0.4336642253455315
CHEMBL227670,CHEMBL227670,COc1ccc2nc(N3CCC[C@@H](N)C3)n(Cc3ccccc3C#N)c(=O)c2c1,,8.1,1,8.1,8.1,IC50,B,single protein format,single_protein,9,D,2007,,389.45900000000006,2.25258,97.16999999999999,1,6,4,4,3,0.3181818181818182,0.7350561591619431
CHEMBL3675627,CHEMBL3675627,Cc1nc(CN2C(=O)c3c(nc(N4CCC[C@@H](N)C4)n3CC3CC3)N3CCN=C23)nc2ccccc12,,8.1,1,8.1,8.1,IC50,B,single protein format,single_protein,9,D,2014,,485.59600000000034,2.304220000000001,108.77,1,8,5,7,3,0.5,0.5906533442717192
CHEMBL3350926,CHEMBL3350926,N#C[C@@H]1C[C@@H]2C[C@@H]2N1C(=O)[C@@H](N)C1(CO)CCCCC1,,8.1,1,8.1,8.1,Ki,B,single protein format,single_protein,9,D,2005,,277.368,0.7694799999999994,90.35000000000001,2,4,3,3,0,0.8666666666666667,0.7969219977619701
CHEMBL563272,CHEMBL563272,N[C@@H](CC(=O)N1CCC[C@H]1CNS(=O)(=O)C1CC1)Cc1cc(F)c(F)cc1F,,8.1,1,8.1,8.1,IC50,B,single protein format,single_protein,8,H,2009,,419.4690000000002,1.4365999999999997,92.5,2,4,8,3,1,0.6111111111111112,0.6239272099441029
CHEMBL1650432,CHEMBL1650432,N#Cc1ccc(F)cc1Cn1c(N2CCC[C@@H](N)C2)ncc(F)c1=O,,8.1,1,8.1,8.1,IC50,B,single protein format,single_protein,9,D,2011,,345.35300000000007,1.3689799999999996,87.94,1,5,3,3,2,0.35294117647058826,0.9076480197782799
CHEMBL560192,CHEMBL1197125,CCS(=O)(=O)c1ccc2c(c1)nc1n2C[C@H](N)[C@@H](c2cc(F)c(F)cc2F)C1,,8.1,1,8.1,8.1,IC50,B,single protein format,single_protein,9,D,2009,,409.4330000000001,2.9144000000000014,77.98,1,4,3,4,3,0.3157894736842105,0.675065343615436
CHEMBL1909988,CHEMBL1909988,Cc1nc2c(c(-c3ccc(Cl)cc3Cl)c1CN)CN(c1ccccc1)C2=O,,8.1,1,8.1,8.1,Ki,B,single protein format,single_protein,8,H,2011,,398.2930000000001,4.9829200000000045,59.22,1,3,3,4,3,0.14285714285714285,0.6768760021859037
CHEMBL217252,CHEMBL217252,C#C[C@H]1CC[C@@H](C#N)N1C(=O)[C@@H](N)C1CCCC1,,8.1,1,8.1,8.1,Ki,B,cell-based format,cell_based,9,D,2006,,245.32599999999996,1.0202799999999996,70.12,1,3,2,2,0,0.7142857142857143,0.7383463369389988
CHEMBL397716,CHEMBL397716,CC(C)[C@H](Oc1ccc(CNC(=O)[C@@H]2CCCN2C(=O)C[C@H](N)Cc2cc(F)c(F)c(F)c2F)cc1)C(=O)O,,8.1,1,8.1,8.1,IC50,B,single protein format,single_protein,8,H,2007,,553.5530000000002,3.298300000000001,121.96,3,5,11,3,2,0.4444444444444444,0.22311397090525098
CHEMBL2334697,CHEMBL2334697,N#C[C@@H]1C[C@@H]2C[C@@H]2N1C(=O)[C@@H](N)C1CCN(C(=O)c2cnccn2)CC1,,8.1,1,8.1,8.1,Ki,B,single protein format,single_protein,9,D,2013,,354.4140000000001,0.16908000000000123,116.21000000000001,1,6,3,4,1,0.6111111111111112,0.8269156170139103
CHEMBL225493,CHEMBL225493,O=C([C@@H]1C[C@H](N2CCc3cc([N+](=O)[O-])ccc32)CN1)N1CCSC1,,8.1,1,8.1,8.1,IC50,B,cell-free format,other,9,D,2007,,348.4280000000001,1.2206999999999992,78.72,1,6,3,4,1,0.5625,0.6536206340938409
CHEMBL391307,CHEMBL391307,CC#CCn1c(N2CCC[C@@H](N)C2)nc2c1c(=O)n(Cc1ccc(OC)cc1)c(=O)n2C,,8.1,1,8.1,8.1,IC50,B,cell-based format,cell_based,9,D,2007,,436.5160000000002,0.9044000000000005,100.31000000000003,1,6,5,4,3,0.43478260869565216,0.5968945255706348
CHEMBL272114,CHEMBL272114,Cn1cnc2cc(C#N)c(-c3ccccc3Cl)c(CN)c21,,8.1,1,8.1,8.1,IC50,B,single protein format,single_protein,9,D,2008,,296.7610000000001,3.2240800000000016,67.63,1,3,2,3,3,0.125,0.7892266960976598
CHEMBL561322,CHEMBL561322,N[C@@H](CC(=O)N1CCC[C@H]1CNS(=O)(=O)c1ccccc1)Cc1cccc(Cl)c1,,8.1,1,8.1,8.1,IC50,B,single protein format,single_protein,8,H,2009,,435.9770000000001,2.569400000000001,92.5,2,4,8,3,2,0.38095238095238093,0.666034179738101
CHEMBL373269,CHEMBL373269,O=C(CNC12CC3CC(CC(C3)C1)C2)N1CCC[C@@H]1B(O)O,,8.1,1,8.1,8.1,IC50,B,single protein format,single_protein,9,D,2005,,306.2149999999999,0.5477999999999996,72.80000000000001,3,4,4,5,0,0.9375,0.6632857912623471
CHEMBL386812,CHEMBL1185071,C[C@H](c1nc(-c2ccc(NS(C)(=O)=O)cc2Cl)no1)[C@H](N)C(=O)N1CCCC1,,8.1,1,8.1,8.1,IC50,B,single protein format,single_protein,8,H,2006,,427.91400000000027,1.8147,131.42000000000002,2,7,6,3,2,0.47058823529411764,0.717953561386218
CHEMBL474808,CHEMBL1186695,N#C[C@@H]1CCCN1C(=O)[C@@H](N)CCC(=O)N1CCN(C(=O)C(F)(F)F)CC1,,8.1,1,8.1,8.1,IC50,B,single protein format,single_protein,8,H,2009,,389.3780000000001,-0.15841999999999867,110.73999999999998,1,5,4,2,0,0.75,0.7184693077948785
CHEMBL475662,CHEMBL1186740,C[C@H](CC(=O)N1CCn2c(nnc2C(F)(F)F)C1)[C@H](N)C(=O)N1CCC[C@H]1C#N,,8.1,1,8.1,8.1,IC50,B,single protein format,single_protein,8,H,2009,,413.4040000000003,0.5071800000000006,121.14000000000001,1,6,4,3,1,0.7058823529411765,0.7676500644097974
CHEMBL1951434,CHEMBL1951434,CC(C)=CCn1c(N2CCC[C@H](N)C2)c(C#N)c2ncn(Cc3ncc4ccccc4n3)c(=O)c21,,8.1,1,8.1,8.1,IC50,B,single protein format,single_protein,9,D,2012,,468.5650000000002,2.954880000000001,118.65,1,7,5,5,4,0.34615384615384615,0.4473514910539891
CHEMBL207348,CHEMBL1182027,CN(C)C(=O)[C@@H](c1ccc(-c2ccc3nncn3c2)cc1)[C@H](N)C(=O)N1CC[C@H](F)C1,,8.095,2,7.8,8.39,IC50,B,single protein format,single_protein,9,D,2006,,424.4800000000002,1.4658,96.83,1,5,5,4,3,0.36363636363636365,0.6690414608626287
CHEMBL3216270,CHEMBL1739236,Cc1ccc(-c2c(CC(=O)Nc3cccc(C(N)=O)c3)c(C)nc(CC(C)C)c2CN)cc1,,8.09,1,8.09,8.09,IC50,B,cell-based format,cell_based,9,D,2011,,444.5790000000003,4.302740000000004,111.1,3,4,8,3,3,0.2962962962962963,0.4807685291465007
CHEMBL1688426,CHEMBL1688426,CNC(=O)c1cc(-c2ccc(Cl)cc2Cl)c(CN)c(C)n1,,8.09,2,7.96,8.22,IC50,B,single protein format,single_protein,9,D,2010,,324.21100000000007,3.1821200000000003,68.01,2,3,3,2,2,0.2,0.9110213650666871
CHEMBL183289,CHEMBL1181591,CC(C)[C@@H](Oc1ccc(CNC(=O)[C@@H]2CCCN2C(=O)CC(N)Cc2c(F)c(F)c(F)c(F)c2F)cc1)C(=O)O,,8.09,1,8.09,8.09,IC50,B,single protein format,single_protein,9,D,2004,,571.5430000000002,3.4374000000000002,121.96,3,5,11,3,2,0.4444444444444444,0.2159380761242072
CHEMBL515597,CHEMBL515597,O=C([C@@H]1C[C@H](N2CCN(c3nc4ccccc4o3)CC2)CN1)N1CCC(F)(F)C1,,8.09,1,8.09,8.09,IC50,B,single protein format,single_protein,9,D,2009,,405.44900000000024,1.5478999999999998,64.85000000000001,1,6,3,5,2,0.6,0.8361167582250789
CHEMBL239984,CHEMBL239984,O=C([C@@H]1C[C@H](N2CCN(c3ccc(Br)cc3)CC2)CN1)N1CCSC1,,8.09,1,8.09,8.09,IC50,B,cell-free format,other,9,D,2007,,425.3960000000003,1.8344999999999994,38.82000000000001,1,5,3,4,1,0.6111111111111112,0.8004750713447837
CHEMBL3217158,CHEMBL1739112,Cc1ccc(-c2c(CC(=O)Nc3cccc(S(C)(=O)=O)c3)c(C)nc(CC(C)C)c2CN)cc1,,8.09,1,8.09,8.09,IC50,B,cell-based format,cell_based,9,D,2011,,479.64600000000036,4.607340000000004,102.14999999999999,2,5,8,3,3,0.3333333333333333,0.49127505771242647
CHEMBL3654430,CHEMBL3654430,CC1(S(=O)(=O)n2cc3c(n2)CN([C@H]2CCO[C@H](c4cc(F)ccc4F)[C@@H](N)C2)C3)CC1,,8.09,1,8.09,8.09,IC50,B,assay format,other,9,D,2015,,452.5270000000002,2.4549000000000003,90.45,1,6,4,5,2,0.5714285714285714,0.766547184927848
CHEMBL487681,CHEMBL487681,CC(C)(CNC(=O)c1ccccn1)NCC(=O)N1C[C@@H](F)C[C@H]1C#N,,8.09,1,8.09,8.09,IC50,B,cell-free format,other,9,D,2008,,347.3940000000001,0.6421800000000002,98.12,2,5,6,2,1,0.5294117647058824,0.7869754942901689
CHEMBL3644465,CHEMBL3644465,Cc1nc2c(o1)CN([C@H]1CSC(c3cc(F)ccc3F)[C@@H](N)C1)C2,,8.09,1,8.09,8.09,IC50,B,assay format,other,9,D,2014,,351.4220000000001,3.150920000000001,55.290000000000006,1,5,2,4,2,0.47058823529411764,0.9007367560442624
CHEMBL3686733,CHEMBL3686733,C[C@H](N)C(=S)N1CCC[C@H]1B(O)O,,8.08,2,6.7,9.46,IC50,B,single protein format,single_protein,9,D,2015;2021,,202.08800000000002,-0.8626000000000003,69.72,3,4,2,1,0,0.8571428571428571,0.4011336800380949
CHEMBL400614,CHEMBL400614,N#C[C@@H]1CCCN1C(=O)[C@@H]1C[C@H](C(=O)N2CCCCCC2)CN1,,8.08,1,8.08,8.08,IC50,B,single protein format,single_protein,9,D,2007,,318.4210000000001,0.8816799999999998,76.44,1,4,2,3,0,0.8235294117647058,0.8199060461452997
CHEMBL77539,CHEMBL77539,N#C[C@@H]1CCCN1C(=O)CNCCNc1ccc([N+](=O)[O-])cn1,,8.08,2,8.06,8.1,IC50,B,cell-based format;cell-free format,cell_based,8,H,2002,,318.33700000000005,0.5058799999999997,124.19000000000001,2,7,7,2,1,0.5,0.4260261692137021
CHEMBL243800,CHEMBL243800,COc1cc(O)cc(C)c1[C@@H]1CN[C@H](C(=O)N2CCC[C@H]2C#N)C1,,8.08,1,8.08,8.08,IC50,B,single protein format,single_protein,9,D,2007,,329.40000000000015,1.6693,85.59,2,5,3,3,1,0.5555555555555556,0.880895831007834
CHEMBL2441836,CHEMBL2441836,COCCN1Cc2nc(C)c(CN)c(-c3ccc(Cl)cc3Cl)c2C1=O,,8.08,3,6.8,8.22,Ki,B,single protein format,single_protein,9,D,2013,,380.2750000000001,3.4247200000000015,68.44999999999999,1,4,5,3,2,0.3333333333333333,0.863196645934148
CHEMBL454193,CHEMBL454193,COC12CC3CC(CC(NCC(=O)N4C[C@@H](F)C[C@H]4C#N)(C3)C1)C2,,8.08,1,8.08,8.08,IC50,B,cell-free format,other,9,D,2008,,335.4230000000001,1.7763799999999994,65.36,1,4,4,5,0,0.8888888888888888,0.8503864037605243
CHEMBL1683570,CHEMBL1683570,N[C@H]1CN(c2cc(N3CCC(F)(F)C3)ncn2)C[C@@H]1N1CC(F)(F)CCC1=O,,8.08,1,8.08,8.08,IC50,B,single protein format,single_protein,9,D,2011,,402.39600000000013,1.0955999999999995,78.59,1,6,3,4,1,0.7058823529411765,0.7632313547937489
CHEMBL5435689,CHEMBL5435689,Nc1nc(NC2=NC(c3ccccc3)=CC(c3ccccc3[N+](=O)[O-])O2)nc(N2CCOCC2)n1,,8.08,1,8.08,8.08,IC50,B,single protein format,single_protein,9,D,2023,,474.4810000000004,2.7791000000000006,153.92000000000002,2,11,5,5,3,0.21739130434782608,0.416553751736839
CHEMBL447366,CHEMBL447366,C[C@H](NC(=O)[C@@H](N)CCC(=O)O)B(O)O,,8.08,1,8.08,8.08,Ki,B,assay format,other,9,D,2008,,218.018,-2.3047999999999984,132.88,5,5,6,0,0,0.7142857142857143,0.3180571358567559
CHEMBL210869,CHEMBL210869,C[C@H]1CC[C@@H](C(=O)N2CCC[C@H]2C#N)N1,,8.08,1,8.08,8.08,Ki,B,single protein format,single_protein,9,D,2006,,207.277,0.6414799999999998,56.13,1,3,1,2,0,0.8181818181818182,0.6862404023366063
CHEMBL2418639,CHEMBL3040847,N#C[C@@H]1CCCN1C(=O)[C@@H](N)Cc1ccc(-c2cn(Cc3cccs3)nn2)cc1,,8.08,1,8.08,8.08,IC50,B,single protein format,single_protein,9,D,2013,,406.5150000000001,2.43928,100.83000000000001,1,6,6,4,3,0.3333333333333333,0.677524441275215
CHEMBL3236121,CHEMBL3236121,NC[C@H]1CN(CCc2ccc3c(c2)OCO3)C(=O)C[C@@H]1c1cc(F)ccc1F,,8.07,1,8.07,8.07,IC50,B,assay format,other,9,D,2014,,388.41400000000004,2.827000000000001,64.78999999999999,1,4,5,4,2,0.38095238095238093,0.8556076576334672
CHEMBL556494,CHEMBL1196309,CC(=O)Nc1ccc2c(c1)nc1n2C[C@H](N)[C@@H](c2cc(F)c(F)cc2F)C1,,8.07,1,8.07,8.07,IC50,B,single protein format,single_protein,9,D,2009,,374.36600000000004,3.079200000000001,72.94,2,3,2,4,3,0.2631578947368421,0.6773631511654421
CHEMBL399726,CHEMBL399726,Cc1nnc(-c2ccc(CN3C[C@H](N)[C@H](C(=O)N4CCC[C@H]4C#N)C3)cc2)o1,,8.07,1,8.07,8.07,IC50,B,single protein format,single_protein,9,D,2007,,380.45200000000017,1.3187000000000002,112.28000000000002,1,7,4,4,2,0.5,0.8509709662603594
CHEMBL3920234,CHEMBL3920234,N#Cc1ccc2c3c(ccc2c1)O[C@@H](c1cc(F)c(F)cc1F)[C@H](N)C3,,8.07,1,8.07,8.07,IC50,B,cell-based format,cell_based,9,D,2016,,354.3310000000001,4.1322800000000015,59.03999999999999,1,3,1,4,3,0.15,0.668587737840948
CHEMBL3654421,CHEMBL3654421,N#Cc1n[nH]c2c1CN([C@H]1CCO[C@H](c3cc(F)ccc3F)[C@@H](N)C1)C2,,8.07,1,8.07,8.07,IC50,B,assay format,other,9,D,2015,,359.3800000000001,2.1227799999999997,90.96,2,5,2,4,2,0.4444444444444444,0.8570992937243925
CHEMBL2418632,CHEMBL3040845,N#C[C@@H]1CCCN1C(=O)[C@@H](N)Cc1ccc(-c2cn(Cc3ccc(F)c(F)c3)nn2)cc1,,8.07,1,8.07,8.07,IC50,B,single protein format,single_protein,9,D,2013,,436.4660000000001,2.6559800000000005,100.83000000000001,1,5,6,4,3,0.30434782608695654,0.6403062495856399
CHEMBL4089615,CHEMBL4116266,Cc1ccc(-c2c(CCc3nc(C(N)=O)cs3)c(C)nc(CC(C)C)c2CN)cc1,,8.07,1,8.07,8.07,IC50,B,assay format,other,9,D,2017,,422.5980000000003,4.363240000000004,94.89,2,5,8,3,3,0.375,0.5636185511888355
CHEMBL471089,CHEMBL471089,CC(C)(NCC(=O)N1C[C@@H](F)C[C@H]1C#N)c1ccco1,,8.07,1,8.07,8.07,IC50,B,cell-free format,other,9,D,2008,,279.315,1.5668799999999998,69.27000000000001,1,4,4,2,1,0.5714285714285714,0.9079043364188838
CHEMBL3804940,CHEMBL3804940,Cc1ccn2nc3c(c2n1)CN([C@@H]1CO[C@H](c2cc(F)c(F)cc2F)[C@@H](N)C1)C3,,8.07,1,8.07,8.07,IC50,B,single protein format,single_protein,9,D,2016,,403.40800000000013,2.628120000000001,68.67999999999999,1,5,2,5,3,0.4,0.6665985925406434
CHEMBL238507,CHEMBL238507,O=C([C@@H]1C[C@H](N2CCN(c3ccc(Cl)cc3)CC2)CN1)N1CCSC1,,8.06,1,8.06,8.06,IC50,B,cell-free format,other,9,D,2007,,380.9450000000002,1.7253999999999996,38.82000000000001,1,5,3,4,1,0.6111111111111112,0.8641100478327158
CHEMBL469452,CHEMBL469452,CC(C)OCCCNCC(=O)N1C[C@@H](F)C[C@H]1C#N,,8.06,1,8.06,8.06,IC50,B,cell-free format,other,9,D,2008,,271.336,0.85368,65.36,1,4,7,1,0,0.8461538461538461,0.6973002419271896
CHEMBL1215015,CHEMBL1215015,Cc1nc2nc(C(=O)NCCN3CCCCC3)cn2c(-c2ccc(Cl)cc2Cl)c1CN,,8.06,1,8.06,8.06,Ki,B,single protein format,single_protein,9,D,2010,,461.3970000000001,3.685920000000001,88.55,2,5,6,4,3,0.4090909090909091,0.5848329462172187
CHEMBL3093905,CHEMBL3093905,COc1ccc(C[C@H](N)C(=O)N2C[C@@H](F)C[C@H]2C#N)cc1,,8.06,2,7.82,8.3,IC50,B,assay format;single protein format,mixed,9,D,2013;2021,,291.32599999999996,1.0275799999999995,79.35,1,4,4,2,1,0.4666666666666667,0.8981993762530454
CHEMBL4746458,CHEMBL4746458,N[C@H]1C[C@@H](N2Cc3cn(S(=O)(=O)NC(=O)c4ccccc4)nc3C2)CO[C@@H]1c1cc(F)ccc1F,,8.06,1,8.06,8.06,IC50,B,assay format,other,9,D,2020,,503.53100000000023,1.8573,119.55000000000001,2,7,5,5,3,0.30434782608695654,0.5454683170403967
CHEMBL4096274,CHEMBL4116212,CC(=O)c1csc(-c2cnc(CC(C)C)c(CN)c2-c2ccc(C)cc2)n1,,8.06,1,8.06,8.06,IC50,B,assay format,other,9,D,2017,,379.5290000000001,5.040320000000004,68.87,1,5,6,3,3,0.3181818181818182,0.6092228938439864
CHEMBL475246,CHEMBL475246,O=C([C@@H]1C[C@H](N2CCN(c3noc4ccccc34)CC2)CN1)N1CCC(F)(F)C1,,8.06,1,8.06,8.06,IC50,B,single protein format,single_protein,9,D,2009,,405.44900000000024,1.5478999999999994,64.85000000000001,1,6,3,5,2,0.6,0.8361167582250789
CHEMBL3970322,CHEMBL3970322,C[C@]1(N2Cc3cn(S(=O)(=O)NC(=O)OCc4ccccc4)nc3C2)CO[C@H](c2cc(F)ccc2F)[C@@H](N)C1,,8.06,1,8.06,8.06,IC50,B,single protein format,single_protein,8,H,2015,,547.5840000000001,2.7437999999999994,128.78,2,8,6,5,3,0.36,0.4822337856507505
CHEMBL3215844,CHEMBL1739308,Cc1ccc(-c2c(CN)c(CC(C)C)nc3ccc(CCCC(=O)O)cc23)cc1,,8.06,1,8.06,8.06,IC50,B,cell-based format,cell_based,9,D,2011,,390.5270000000002,5.274720000000005,76.21,2,3,8,3,3,0.36,0.5488906518541959
CHEMBL1085269,CHEMBL1085269,CN(C)C(=O)N1C[C@H]2C[C@@H](NCC(=O)N3CCC[C@H]3C#N)C[C@H]2C1,,8.05,1,8.05,8.05,IC50,B,single protein format,single_protein,8,H,2010,,333.4360000000001,0.4825800000000007,79.68,1,4,3,3,0,0.8235294117647058,0.8147334835956159
CHEMBL3942798,CHEMBL3942798,CC(C)=CCn1c(N2CCCC(N)C2)nc2c1c(=O)n(Cc1cc3ccccc3cn1)c(=O)n2C,,8.05,1,8.05,8.05,IC50,B,single protein format,single_protein,8,H,2016,,473.58100000000024,2.3869,103.97000000000003,1,6,5,5,4,0.38461538461538464,0.4465473648110387
CHEMBL1910107,CHEMBL1910107,Cc1nc2c(c(-c3ccc(Cl)cc3Cl)c1CN)CN(c1ccc(F)cc1)C2=O,,8.05,1,8.05,8.05,Ki,B,single protein format,single_protein,8,H,2011,,416.28300000000013,5.122020000000004,59.22,1,3,3,4,3,0.14285714285714285,0.6447975515190199
CHEMBL1951439,CHEMBL1951439,CC#CCn1c(N2CCCNCC2)c(C#N)c2ncn(Cc3nc(C)c4ccccc4n3)c(=O)c21,,8.05,1,8.05,8.05,IC50,B,single protein format,single_protein,9,D,2012,,466.54900000000026,2.1925999999999997,104.66,1,7,4,5,4,0.34615384615384615,0.45985112435621295
CHEMBL1910113,CHEMBL1910113,Cc1nc2c(c(-c3ccc(Cl)cc3Cl)c1CN)CN(CCO)C2=O,,8.05,1,8.05,8.05,Ki,B,single protein format,single_protein,8,H,2011,,366.24800000000016,2.7706200000000014,79.44999999999999,2,4,4,3,2,0.29411764705882354,0.8722472436667855
CHEMBL1951601,CHEMBL1951601,CC(C)=CCn1c(N2CCC[C@H](N)C2)c(C#N)c2c1c(=O)n(Cc1cnc3ccccc3n1)c(=O)n2C,,8.05,1,8.05,8.05,IC50,B,single protein format,single_protein,9,D,2012,,498.5910000000003,2.2585800000000003,127.75999999999999,1,7,5,5,4,0.37037037037037035,0.41810809108365854
CHEMBL390418,CHEMBL390418,CCc1cc(O)cc(C)c1[C@@H]1CN[C@H](C(=O)N2CCC[C@H]2C#N)C1,,8.05,1,8.05,8.05,IC50,B,single protein format,single_protein,9,D,2007,,327.4280000000001,2.2230999999999996,76.36,2,4,3,3,1,0.5789473684210527,0.8923754141667947
CHEMBL210305,CHEMBL210305,N#C[C@@H]1CCCN1C(=O)[C@@H]1CC[C@H](CNc2ccc(Br)cc2)N1,,8.05,1,8.05,8.05,Ki,B,single protein format,single_protein,9,D,2006,,377.286,2.49618,68.16,2,4,4,3,1,0.5294117647058824,0.8462613854829426
CHEMBL390885,CHEMBL390885,C[C@@H]1C(=O)N(C2CC2)CCCN1C(=O)C[C@H](N)Cc1cc(F)ccc1F,,8.05,1,8.05,8.05,IC50,B,single protein format,single_protein,8,H,2007,,365.424,1.8364999999999998,66.64,1,3,5,3,1,0.5789473684210527,0.8658259353272925
CHEMBL474047,CHEMBL1186664,N#C[C@@H]1CCCN1C(=O)[C@@H](N)CCC(=O)N1CCn2nc(C(F)(F)F)nc2C1,,8.05,1,8.05,8.05,IC50,B,single protein format,single_protein,8,H,2009,,399.37700000000007,0.26117999999999975,121.13999999999999,1,6,4,3,1,0.6875,0.7753280144368925
CHEMBL563648,CHEMBL563648,N[C@@H](CC(=O)N1CCC[C@H]1CNC(=O)C1CC1)Cc1cc(F)c(F)cc1F,,8.05,1,8.05,8.05,IC50,B,single protein format,single_protein,8,H,2009,,383.41400000000004,1.8809999999999996,75.43,2,3,7,3,1,0.5789473684210527,0.7062904980122848
CHEMBL210275,CHEMBL210275,CC(C)(C)c1ccccc1OC[C@H]1CC[C@@H](C(=O)N2CCC[C@H]2C#N)N1,,8.05,1,8.05,8.05,Ki,B,single protein format,single_protein,9,D,2006,,355.4820000000001,2.9980800000000007,65.36,1,4,4,3,1,0.6190476190476191,0.901624758263
CHEMBL1951435,CHEMBL1951435,CC(C)=CCn1c(N2CCC[C@H](N)C2)c(C#N)c2ncn(C)c(=O)c21,,8.05,1,8.05,8.05,IC50,B,single protein format,single_protein,9,D,2012,,340.4310000000001,1.5003799999999998,92.87,1,5,3,3,2,0.5,0.854851622430532
CHEMBL1161922,CHEMBL1161922,CN1C(=O)c2nc(N3CCCC(N)C3)n(Cc3ccccc3Cl)c2C1=O,,8.05,1,8.05,8.05,Ki,B,single protein format,single_protein,9,D,2006,,373.84400000000005,1.7381000000000004,84.46000000000001,1,5,3,4,2,0.3888888888888889,0.8282360553936234
CHEMBL1909993,CHEMBL1909993,Cc1ccccc1N1Cc2c(nc(C)c(CN)c2-c2ccc(Cl)cc2Cl)C1=O,,8.05,1,8.05,8.05,Ki,B,single protein format,single_protein,8,H,2011,,412.3200000000001,5.2913400000000035,59.220000000000006,1,3,3,4,3,0.18181818181818182,0.6359547295144242
CHEMBL3896302,CHEMBL3896302,CS(=O)(=O)n1cc2c(n1)CN([C@@H]1C[C@H](N)[C@@H](c3cc(F)ccc3F)[C@H]3CC13)C2,,8.05,1,8.05,8.05,IC50,B,assay format,other,8,H,2016,,408.4740000000001,1.8040999999999991,81.22,1,5,3,5,2,0.5263157894736842,0.8377798620788206
CHEMBL3985360,CHEMBL3985360,CC#CCn1c(N2CCCC(N)C2)nc2c1c(=O)n(Cc1ccnc3ccccc13)c(=O)n2C,,8.05,1,8.05,8.05,IC50,B,single protein format,single_protein,8,H,2016,,457.5380000000002,1.4440000000000002,103.97000000000003,1,6,4,5,4,0.36,0.46534849502133324
CHEMBL3675632,CHEMBL3675632,CC#CCn1c(N2CCC[C@@H](N)C2)nc2c1C(=O)N(Cc1ccccc1C#N)C1=NCCN12,,8.05,1,8.05,8.05,IC50,B,single protein format,single_protein,9,D,2014,,442.5270000000002,1.5375799999999993,106.78,1,7,4,5,2,0.4166666666666667,0.7201226962005206
CHEMBL324777,CHEMBL324777,COCCN(C)c1nc(N)c(CN)c(-c2ccc(Cl)cc2Cl)n1,,8.05,1,8.05,8.05,IC50,B,assay format,other,9,D,2008,,356.257,2.573900000000001,90.28999999999999,2,6,6,2,2,0.3333333333333333,0.8268509241973273
CHEMBL237288,CHEMBL237288,CC#CCn1c(N2CCC[C@H](N)C2)nc2c1c(=O)n(CC(=O)c1ccccc1)c(=O)n2C,,8.05,1,8.05,8.05,IC50,B,cell-based format,cell_based,9,D,2007,,434.50000000000017,0.7304000000000006,108.15,1,6,5,4,3,0.391304347826087,0.46856970261142705
CHEMBL3680630,CHEMBL3680630,CC#CCn1c(N2CCC[C@@H](NC(=O)OC(C)(C)C)C2)nc2c1c(=O)n(Cc1nc(-c3ccccc3)nc3ccccc13)c(=O)n2C,,8.05,1,8.05,8.05,IC50,B,single protein format,single_protein,9,D,2014,,634.7410000000002,4.072000000000003,129.17000000000002,1,8,6,6,5,0.37142857142857144,0.277006293736375
CHEMBL1208842,CHEMBL1208842,Cc1nc2nc(-c3ccc(Cl)cc3)cn2c(-c2ccc(Cl)cc2Cl)c1CN,,8.05,1,8.05,8.05,Ki,B,single protein format,single_protein,9,D,2010,,417.72700000000015,5.790620000000003,56.21,1,3,3,4,4,0.1,0.458743036736833
CHEMBL246529,CHEMBL246529,CS(=O)(=O)c1cc(F)cc(-c2cc(N3CC(N)C(c4cc(F)c(F)cc4F)C3)ncn2)c1,,8.05,1,8.05,8.05,Ki,B,single protein format,single_protein,9,D,2007,,466.4600000000001,3.034600000000001,89.18,1,6,4,4,3,0.23809523809523808,0.4698130078507101
CHEMBL3112971,CHEMBL3112971,NC[C@]1(c2cccc(Cl)c2)CC[C@H](N2CCc3c(nc(C(F)(F)F)nc3C3CC3)C2)CC1,,8.05,1,8.05,8.05,IC50,B,single protein format,single_protein,9,D,2014,,464.9630000000002,5.223600000000006,55.04,1,4,4,5,2,0.5833333333333334,0.6732953951050048
CHEMBL228311,CHEMBL1182300,N[C@H]1CN(c2ccc3nnc(C(F)(F)F)n3n2)CC[C@@H]1c1cc(F)c(F)cc1F,,8.05,1,8.05,8.05,IC50,B,single protein format,single_protein,8,H,2007,,416.3290000000001,2.8816000000000015,72.34,1,5,2,4,3,0.35294117647058826,0.5139639416518454
CHEMBL537586,CHEMBL537586,CC(C)N(C)C(=O)n1cnc(S(=O)(=O)C2CC3CCC2C3)n1,,8.05,1,8.05,8.05,IC50,B,single protein format,single_protein,9,D,2015,,326.4220000000001,1.5487,85.16000000000001,0,5,3,3,1,0.7857142857142857,0.8410440254206638
CHEMBL3084956,CHEMBL3084956,N[C@H](C(=O)N1CCSC1)[C@H]1CC[C@H](NC(=O)c2cnc3ccccc3c2)CC1,,8.05,1,8.05,8.05,IC50,B,single protein format,single_protein,8,H,2004,,398.53200000000015,2.3836000000000004,88.32000000000001,2,5,4,4,2,0.47619047619047616,0.8255579063949374
CHEMBL190863,CHEMBL1181747,CN(C)C(=O)[C@@H](c1ccc(-c2ccc(F)cc2)cc1)[C@H](N)C(=O)N1CCSC1,,8.04,1,8.04,8.04,IC50,B,single protein format,single_protein,8,H,2005,,401.5070000000002,2.5247,66.64,1,4,5,3,2,0.3333333333333333,0.8361622778125849
CHEMBL2425891,CHEMBL2425891,CC#CCn1c(N2CCC[C@@H](N)C2)cc(=O)n(Cc2ccc3cc(C)ccc3n2)c1=O,,8.04,1,8.04,8.04,IC50,B,single protein format,single_protein,9,D,2013,,417.51300000000015,1.8657199999999994,86.15,1,5,4,4,3,0.375,0.6552019008090735
CHEMBL4874467,CHEMBL4874467,CC#CCn1c(N2CCC[C@@H](N)C2)cc(=O)n(Cc2cccc(C(=O)NCC(=O)OC)c2)c1=O,,8.04,1,8.04,8.04,IC50,B,single protein format,single_protein,9,D,2021,,467.52600000000024,-0.08809999999999762,128.66,2,7,7,3,2,0.4166666666666667,0.4302116327165151
CHEMBL5944167,CHEMBL5944167,N#Cc1ccc2c3c(ccc2c1)O[C@H](c1cc(F)c(F)cc1F)[C@@H](N)C3,,8.04,1,8.04,8.04,IC50,B,cell-based format,cell_based,9,D,2019,,354.3310000000001,4.1322800000000015,59.03999999999999,1,3,1,4,3,0.15,0.668587737840948
CHEMBL245059,CHEMBL245059,N#C[C@@H]1CCCN1C(=O)[C@@H]1C[C@H](c2ccccc2O)CN1,,8.04,1,8.04,8.04,IC50,B,single protein format,single_protein,9,D,2007,,285.34700000000004,1.3522799999999997,76.36,2,4,2,3,1,0.5,0.8597651347601739
CHEMBL389848,CHEMBL389848,CCCCN(Cc1ccc(C#N)cc1)[C@@H]1CN[C@H](C(=O)N2CCSC2)C1,,8.04,1,8.04,8.04,IC50,B,cell-free format,other,9,D,2007,,372.5380000000002,2.42378,59.370000000000005,1,5,7,3,1,0.6,0.796523931517041
CHEMBL3215634,CHEMBL1851816,Cc1ccc(-c2c(CN)c(CC(C)C)nc3ccc(-c4nn[nH]n4)cc23)cc1,,8.04,1,8.04,8.04,IC50,B,cell-based format,cell_based,9,D,2011,,372.47600000000006,4.047520000000003,93.36999999999999,2,5,5,4,4,0.2727272727272727,0.5511724815873427
CHEMBL191258,CHEMBL1181764,N[C@H](C(=O)N1CC[C@H](F)C1)[C@@H](C(=O)N1CCCC1)c1ccc(-c2ccc(F)cc2)cc1,,8.04,1,8.04,8.04,IC50,B,single protein format,single_protein,8,H,2005,,427.49500000000006,3.096400000000001,66.64,1,3,5,4,2,0.4166666666666667,0.7975517724037868
CHEMBL4862579,CHEMBL4862579,CC#CCn1c(N2CCC[C@@H](N)C2)cc(=O)n(Cc2ccc(C(=O)OC)cc2)c1=O,,8.04,1,8.04,8.04,IC50,B,single protein format,single_protein,9,D,2021,,410.47400000000016,0.795700000000001,99.56,1,6,5,3,2,0.4090909090909091,0.5781323836283323
CHEMBL4858682,CHEMBL4858682,CC#CCn1c(N2CCC[C@@H](N)C2)cc(=O)n(Cc2cccc(C(=O)N[C@@H](C)C(=O)O)c2)c1=O,,8.04,1,8.04,8.04,IC50,B,single protein format,single_protein,9,D,2021,,467.5260000000002,0.21200000000000213,139.66,3,6,7,3,2,0.4166666666666667,0.4947841651126382
CHEMBL2418636,CHEMBL3039686,N#C[C@@H]1CCCN1C(=O)[C@@H](N)Cc1ccc(-c2cn(Cc3ccccc3)nn2)cc1,,8.03,1,8.03,8.03,IC50,B,single protein format,single_protein,9,D,2013,,400.4860000000001,2.3777800000000004,100.83000000000001,1,5,6,4,3,0.30434782608695654,0.6845684112587789
CHEMBL590812,CHEMBL590812,COc1cc2c(cc1OC)C1CC(N)C(N3CC(C)CC3=O)CN1CC2,,8.03,1,8.03,8.03,IC50,B,single protein format,single_protein,9,D,2010,,359.4700000000002,1.5710000000000002,68.03,1,5,3,4,1,0.65,0.887289897073819
CHEMBL3127992,CHEMBL3127992,N#C[C@@H]1C[C@H](F)CN1C(=O)[C@@H](N)Cc1cc2c(cc1Br)OCO2,,8.025,2,8.0,8.05,IC50;Ki,B,assay format,other,9,D,2014,,384.2050000000001,1.5101800000000003,88.58000000000001,1,5,3,3,1,0.4666666666666667,0.8537480626756424
CHEMBL5289984,CHEMBL5289984,CC#CCn1c(N2CCC[C@@H](N)C2)cc(=O)n(Cc2cn(C/C=C/C(=O)O)nn2)c1=O,,8.02,1,8.02,8.02,IC50,B,single protein format,single_protein,9,D,2021,,427.46500000000015,-0.7585999999999968,141.27,2,7,7,3,2,0.45,0.4339274905821681
CHEMBL227737,CHEMBL227737,CN(Cc1ccc(C#N)cc1)[C@@H]1CN[C@H](C(=O)N2CCSC2)C1,,8.02,1,8.02,8.02,IC50,B,cell-free format,other,9,D,2007,,330.45700000000016,1.25348,59.370000000000005,1,5,4,3,1,0.5294117647058824,0.900398379628558
CHEMBL184177,CHEMBL1181604,CC(C)[C@@H](Oc1ccc(CNC(=O)[C@@H]2CCCN2C(=O)CC(N)Cc2cc(F)c(C(F)(F)F)cc2F)cc1)C(=O)O,,8.02,1,8.02,8.02,IC50,B,single protein format,single_protein,9,D,2004,,585.5700000000003,4.038900000000003,121.96,3,5,11,3,2,0.4642857142857143,0.34253756583313916
CHEMBL3686741,CHEMBL3686741,O=C(CNCc1ccccc1)N1CCC[C@H]1B(O)O,,8.02,1,8.02,8.02,IC50,B,single protein format,single_protein,9,D,2015,,262.118,-0.2208,72.80000000000001,3,4,5,2,1,0.46153846153846156,0.6413441801185953
CHEMBL230283,CHEMBL230283,C[C@@H]1C(=O)N(C(C)(C)C)CCCN1C(=O)C[C@H](N)Cc1cc(F)c(F)cc1F,,8.02,1,8.02,8.02,IC50,B,single protein format,single_protein,8,H,2007,,399.45700000000005,2.611700000000001,66.64,1,3,4,2,1,0.6,0.7918432806655016
CHEMBL3216279,CHEMBL1739309,Cc1ccc(-c2c(CN)c(CC(C)C)nc3ccc(CCCCC(=O)O)cc23)cc1,,8.02,1,8.02,8.02,IC50,B,cell-based format,cell_based,9,D,2011,,404.55400000000026,5.664820000000005,76.21,2,3,9,3,3,0.38461538461538464,0.45089498444886594
CHEMBL539350,CHEMBL1189747,N[C@@H](CC(=O)N1CCn2c(nnc2C(F)(F)F)C1Cc1ccccc1)Cc1cc(F)c(F)cc1F,,8.015,2,6.85,9.18,IC50,B,single protein format,single_protein,8,H,2008,,497.4430000000002,3.8003000000000027,77.04,1,4,6,4,3,0.34782608695652173,0.41538134043227937
CHEMBL191699,CHEMBL191699,N#C[C@@H]1CCCN1C(=O)[C@@H]1C[C@H](N)CN1,,8.01,1,8.01,8.01,IC50,B,single protein format,single_protein,9,D,2005,,208.26500000000001,-0.8098199999999987,82.15,2,4,1,2,0,0.8,0.5902024402151657
CHEMBL230387,CHEMBL230387,C[C@H]1CNC(=O)[C@@H](C)N(C(=O)C[C@H](N)Cc2cc(F)c(F)cc2F)C1,,8.01,1,8.01,8.01,IC50,B,single protein format,single_protein,8,H,2007,,357.37600000000003,1.3468000000000004,75.43,2,3,4,2,1,0.5294117647058824,0.7989853183451789
CHEMBL2408655,CHEMBL2408655,CC(C)=CCn1c(N2CCC3CNCC32)nc2c1c(=O)n(CC(=O)c1ccccc1)c(=O)n2C,,8.005,2,7.96,8.05,IC50,B,single protein format,single_protein,9,D,2013,,462.55400000000026,1.5438999999999998,94.16,1,6,6,5,3,0.44,0.4412874032786264
CHEMBL3959221,CHEMBL3959221,CS(=O)(=O)Nc1ccc2c3c(ccc2c1)O[C@H](c1cc(F)c(F)cc1F)[C@@H](N)C3,,8.005,2,7.96,8.05,IC50,B,cell-based format,cell_based,9,D,2016,,422.42800000000017,3.632100000000001,81.42,2,4,3,4,3,0.2,0.6319034669655346
CHEMBL249407,CHEMBL249407,N#C[C@@H]1CCCN1C(=O)[C@@H]1CN(Cc2ccc(-c3csnn3)cc2)C[C@@H]1N,,8.0,1,8.0,8.0,IC50,B,single protein format,single_protein,9,D,2007,,382.4930000000001,1.4787799999999998,99.14,1,7,4,4,2,0.47368421052631576,0.8598173327261407
CHEMBL493544,CHEMBL493544,N#C[C@@H]1CCCN1C(=O)[C@@H](N)CCCC(=O)N1Cc2ccccc2C1,,8.0,1,8.0,8.0,IC50,B,single protein format,single_protein,8,H,2009,,340.4270000000001,1.540979999999999,90.42999999999999,1,4,5,3,1,0.5263157894736842,0.8801349323792736
CHEMBL3084820,CHEMBL3084820,N#C[C@@H]1CCCN1C(=O)CN[C@H]1CC[C@H](Nc2nc3ccccc3s2)CC1,,8.0,1,8.0,8.0,IC50,B,assay format,other,8,H,2003,,383.5210000000002,3.1235800000000014,81.05,2,6,5,4,2,0.55,0.8290515236529167
CHEMBL3084953,CHEMBL3084953,N[C@H](C(=O)N1CCSC1)[C@H]1CC[C@H](NC(=O)Nc2ccc(I)cc2)CC1,,8.0,1,8.0,8.0,IC50,B,single protein format,single_protein,8,H,2004,,488.3950000000001,2.8317000000000014,87.46000000000001,3,4,4,3,1,0.5555555555555556,0.5693940642077344
CHEMBL3675619,CHEMBL3675619,[C-]#[N+]c1ccc(CN2C(=O)c3c(nc(N4CCC[C@@H](N)C4)n3CC#CC)N3CCN=C23)cc1,,8.0,1,8.0,8.0,IC50,B,single protein format,single_protein,9,D,2014,,442.52700000000027,2.21669,87.35,1,6,4,5,2,0.4166666666666667,0.5795940333567103
CHEMBL2334680,CHEMBL2334680,CCC1([C@H](N)C(=O)N2[C@H](C#N)C[C@@H]3C[C@@H]32)CCN(S(=O)(=O)c2ccccc2)CC1,,8.0,1,8.0,8.0,Ki,B,single protein format,single_protein,9,D,2013,,416.54700000000014,1.70778,107.5,1,5,5,4,1,0.6190476190476191,0.786128152304692
CHEMBL232914,CHEMBL232914,C[C@@H]1N[C@H](C(=O)N2CCC[C@H]2C#N)C[C@@H]1C(=O)N(C)C,,8.0,1,8.0,8.0,IC50,B,single protein format,single_protein,9,D,2007,,278.35600000000005,-0.04421999999999926,76.44,1,4,2,2,0,0.7857142857142857,0.768484171031909
CHEMBL232571,CHEMBL232571,CC(C)(C)NCC(=O)N1CCC[C@H]1C(=O)c1nnc(C2(C)CCCCC2)o1,,8.0,1,8.0,8.0,IC50,B,single protein format,single_protein,9,D,2007,,376.50100000000026,2.8532,88.33,1,6,5,3,1,0.8,0.7951469031121934
CHEMBL4568895,CHEMBL4568895,CC#CCn1c(N2CCC[C@@H](N)C2)nc2c1C(=O)N(Cc1ccc(C#N)cc1)C1=NCCN12,,8.0,1,8.0,8.0,IC50,B,single protein format,single_protein,9,D,2016,,442.5270000000002,1.5375799999999993,106.78,1,7,4,5,2,0.4166666666666667,0.7201226962005206
CHEMBL238024,CHEMBL238024,N[C@H](C(=O)N1CC[C@@H]2C[C@@H]21)C12CC3CC(CC(O)(C3)C1)C2,,8.0,1,8.0,8.0,Ki,B,single protein format,single_protein,9,D,2007,,290.4070000000001,1.265799999999999,66.56,2,3,2,6,0,0.9411764705882353,0.8045444230212483
CHEMBL210867,CHEMBL210867,N#C[C@@H]1CCCN1C(=O)[C@@H]1CC[C@H](COc2ccc(Cl)cc2C(=O)O)N1,,8.0,1,8.0,8.0,Ki,B,single protein format,single_protein,9,D,2006,,377.82800000000003,2.05218,102.66000000000001,2,5,5,3,1,0.5,0.8136686481080532
CHEMBL584494,CHEMBL584494,N[C@@H](CC(=O)N1CCC[C@H]1c1nc(-c2ccccn2)no1)Cc1cc(F)c(F)cc1F,,8.0,1,8.0,8.0,IC50,B,assay format,other,9,D,2009,,431.4180000000002,3.172500000000001,98.14000000000001,1,6,6,4,3,0.3333333333333333,0.6023157193090771
CHEMBL249406,CHEMBL249406,Cn1cc(-c2ccc(CN3C[C@H](N)[C@H](C(=O)N4CCC[C@H]4C#N)C3)cc2)cn1,,8.0,1,8.0,8.0,IC50,B,single protein format,single_protein,9,D,2007,,378.48000000000013,1.3607799999999997,91.17999999999999,1,5,4,4,2,0.47619047619047616,0.8674107887433694
CHEMBL5269848,CHEMBL5269848,N#C[C@@H]1[C@@H]2CCC[C@@H]2CN1C(=O)[C@@H](N)Cc1cc(F)c(F)cc1F,,8.0,1,8.0,8.0,IC50,B,single protein format,single_protein,9,D,2021,,337.345,2.1243800000000004,70.12,1,3,3,3,1,0.5294117647058824,0.8591500453424197
CHEMBL2418633,CHEMBL3039685,N#C[C@@H]1CCCN1C(=O)[C@@H](N)Cc1ccc(-c2cn(Cc3ccc(Cl)c(Cl)c3)nn2)cc1,,8.0,1,8.0,8.0,IC50,B,single protein format,single_protein,9,D,2013,,469.3760000000002,3.684580000000002,100.83000000000001,1,5,6,4,3,0.30434782608695654,0.5937121575979711
CHEMBL5266321,CHEMBL5266321,N#C[C@@H]1C[C@H](c2ccc3c(c2Br)OCO3)CN1C(=O)[C@@H](N)CF,,8.0,1,8.0,8.0,IC50,B,single protein format,single_protein,9,D,2021,,384.2050000000001,1.68268,88.58,1,5,3,3,1,0.4666666666666667,0.8569610394638343
CHEMBL36020,CHEMBL36020,NCc1c(N)nc(-c2ccccc2)nc1-c1ccc(Cl)cc1Cl,,8.0,1,8.0,8.0,IC50,F,assay format,other,8,H,2004,,345.23300000000006,4.158300000000002,77.82000000000001,2,4,3,3,3,0.058823529411764705,0.7471996391267537
CHEMBL3644787,CHEMBL3644787,N[C@@H](CC(=O)N1CCc2c(nc(-c3ccncc3)nc2C(F)(F)F)C1)CN1C(=O)CCC(F)(F)[C@@H]1O,,8.0,1,8.0,8.0,IC50,B,single protein format,single_protein,9,D,2013,,514.4550000000003,1.7355999999999994,125.54,2,7,5,4,2,0.5,0.5825292312777143
CHEMBL3350927,CHEMBL3350927,C=CC1([C@H](N)C(=O)N2[C@H](C#N)C[C@@H]3C[C@@H]32)CCCCCC1,,8.0,1,8.0,8.0,Ki,B,single protein format,single_protein,9,D,2005,,287.40700000000004,2.35328,70.12,1,3,3,3,0,0.7647058823529411,0.6395969493800266
CHEMBL2159194,CHEMBL2159194,CN1CCN(c2nc3c(c(-c4cc(F)ccc4Br)c2CN)c(=O)n(C)c(=O)n3C)CC1,,8.0,1,8.0,8.0,IC50,B,single protein format,single_protein,8,H,2012,,491.3650000000003,1.4112999999999996,89.39000000000001,1,6,3,4,3,0.38095238095238093,0.5964445540339699
CHEMBL3350928,CHEMBL3350928,C=CC1([C@H](N)C(=O)N2[C@H](C#N)C[C@@H]3C[C@@H]32)CCOCC1,,8.0,1,8.0,8.0,Ki,B,single protein format,single_protein,9,D,2005,,275.35200000000003,0.8094799999999995,79.35000000000001,1,4,3,3,0,0.7333333333333333,0.7729784151442564
CHEMBL3329632,CHEMBL3329632,Cn1c(=O)n(Cc2ccccc2C#N)c2c(N3CCC[C@@H](N)C3)ncnc21,,8.0,1,8.0,8.0,IC50,B,single protein format,single_protein,9,D,2014,,363.4250000000001,0.9774799999999993,105.76,1,6,3,4,3,0.3684210526315789,0.7434173474005056
CHEMBL3644792,CHEMBL3644792,N[C@@H](CC(=O)N1CCc2c(nc(-c3cccs3)nc2C(F)(F)F)C1)CN1C(=O)CCC(F)(F)[C@@H]1O,,8.0,1,8.0,8.0,IC50,B,single protein format,single_protein,9,D,2013,,519.4960000000003,2.4021000000000012,112.65000000000002,2,7,5,4,2,0.5238095238095238,0.5871576859704997
CHEMBL3330073,CHEMBL3330073,N#C[C@@H]1C[C@@H]2CCC[C@@H]2N1C(=O)C[C@H](N)Cc1cc(F)c(F)cc1F,,8.0,1,8.0,8.0,IC50,B,assay format,other,9,D,2014,,351.372,2.656980000000001,70.12,1,3,4,3,1,0.5555555555555556,0.848071301093534
CHEMBL2147071,CHEMBL2220357,CN(C)C(=O)c1ccc2c3nc(N4CCC[C@@H](N)C4)n(Cc4ccccc4Cl)c3c(=O)n(C)c2c1,,8.0,1,8.0,8.0,IC50,B,single protein format,single_protein,9,D,2012,,493.01100000000025,3.2192000000000016,89.39000000000001,1,5,4,5,4,0.34615384615384615,0.4722017222295863
CHEMBL549992,CHEMBL549992,N[C@@H](CC(=O)N1CCC[C@H]1COCC1CC1)Cc1cc(F)c(F)cc1F,,8.0,1,8.0,8.0,IC50,B,single protein format,single_protein,8,H,2009,,370.41499999999996,2.7814000000000005,55.56,1,3,8,3,1,0.631578947368421,0.7162168230434441
CHEMBL1082462,CHEMBL1082462,CC(C)(CC(=O)N1CCCC1)NCC(=O)N1C[C@@H](F)C[C@H]1C#N,DBPR-108,8.0,3,7.82,8.3,IC50,B,single protein format,single_protein,8,H,2010,3,324.40000000000003,0.8296800000000002,76.44,1,4,5,2,0,0.8125,0.8125446789003763
CHEMBL474211,CHEMBL1186670,N#C[C@@H]1CCCN1C(=O)[C@@H](N)CCC(=O)N1CCSC1,,8.0,1,8.0,8.0,IC50,B,single protein format,single_protein,8,H,2009,,296.396,0.14138000000000028,90.42999999999999,1,5,4,2,0,0.7692307692307693,0.7967462879399078
CHEMBL1243372,CHEMBL1243372,N#C[C@@H]1CCCN1C(=O)[C@@H](N)CCCN1Cc2ccccc2C1=O,,8.0,1,8.0,8.0,IC50,B,cell-based format,cell_based,9,D,2010,,326.40000000000003,1.2644799999999994,90.43,1,4,5,3,1,0.5,0.8818565881108281
CHEMBL1614845,CHEMBL1614845,CC(C)[C@@H](Nc1ccc(CNC(=O)[C@H]2SCCN2C(=O)C[C@H](N)Cc2cc(F)c(F)cc2F)cc1)C(=O)O,,8.0,1,8.0,8.0,IC50,B,single protein format,single_protein,9,D,2011,,552.6190000000003,3.102800000000001,124.76,4,6,11,3,2,0.4230769230769231,0.3159323589814565
CHEMBL1951597,CHEMBL1951597,Cn1c(=O)c2c(c(C#N)c(N3CCC[C@H](N)C3)n2Cc2ccccc2)n(C)c1=O,,8.0,1,8.0,8.0,IC50,B,single protein format,single_protein,9,D,2012,,392.46300000000014,0.8861799999999995,101.97999999999999,1,5,3,4,3,0.38095238095238093,0.7130989163151782
CHEMBL1951420,CHEMBL1951420,COc1cccc(C(=O)Cn2cnc3c(C#N)c(N4CCNCC4)n(CC=C(C)C)c3c2=O)c1,,8.0,1,8.0,8.0,IC50,B,single protein format,single_protein,9,D,2012,,460.53800000000035,2.3369799999999996,105.17999999999998,1,7,7,4,3,0.36,0.42614925606090304
CHEMBL1951610,CHEMBL1951610,CC(C)=CCn1c(N2CCCNCC2)c(C#N)c2c1c(=O)n(Cc1cn3ccccc3n1)c(=O)n2C,,8.0,1,8.0,8.0,IC50,B,single protein format,single_protein,9,D,2012,,486.58000000000027,1.8352799999999996,105.28999999999999,1,6,5,5,4,0.38461538461538464,0.43176646584616
CHEMBL1161923,CHEMBL1161923,CN1C(=O)c2nc(N3CCCC(N)C3)n(Cc3ccccc3C(F)(F)F)c2C1=O,,8.0,1,8.0,8.0,Ki,B,single protein format,single_protein,9,D,2006,,407.3960000000001,2.1035000000000004,84.46000000000001,1,5,3,4,2,0.42105263157894735,0.7881965652811199
CHEMBL1650449,CHEMBL1650449,Cn1c(=O)cc(N2CCC[C@@](C)(N)C2)n(Cc2cc(F)ccc2C#N)c1=O,,8.0,1,8.0,8.0,IC50,B,single protein format,single_protein,9,D,2011,,371.41600000000005,0.9236800000000004,97.05000000000001,1,5,3,3,2,0.42105263157894735,0.8654781819248958
CHEMBL1951427,CHEMBL1951427,CC#CCn1c(N2CCC[C@H](N)C2)c(C#N)c2ncn(Cc3ccnc4ccccc34)c(=O)c21,,8.0,1,8.0,8.0,IC50,B,single protein format,single_protein,9,D,2012,,451.5340000000002,2.61698,105.76000000000002,1,6,4,5,4,0.3076923076923077,0.47832142989015664
CHEMBL3215607,CHEMBL1739265,Cc1ccc(-c2c(CC(=O)O)c(C)nc(CC(C)(C)C)c2CN)cc1,,8.0,1,8.0,8.0,IC50,B,cell-based format,cell_based,9,D,2011,,340.4670000000001,4.0398400000000025,76.21,2,3,5,2,2,0.42857142857142855,0.8610451743390339
CHEMBL365836,CHEMBL1184730,CCCC(Oc1ccc(CNC(=O)[C@@H]2CCCN2C(=O)CC(N)Cc2ccccc2F)cc1)C(=O)O,,8.0,1,8.0,8.0,IC50,B,single protein format,single_protein,9,D,2004,,499.5830000000002,3.025100000000001,121.96,3,5,12,3,2,0.4444444444444444,0.41273824519363256
CHEMBL1650409,CHEMBL1650409,Cc1nc(N2CCC[C@@H](N)C2)n(Cc2ccccc2C#N)c(=O)c1C,,8.0,1,8.0,8.0,IC50,B,single protein format,single_protein,9,D,2011,,337.42700000000013,1.7076199999999992,87.94,1,5,3,3,2,0.42105263157894735,0.9209536003971465
CHEMBL1688431,CHEMBL1688431,Cc1nc(C(=O)NCC#N)cc(-c2ccc(Cl)cc2Cl)c1CN,,8.0,1,8.0,8.0,IC50,B,single protein format,single_protein,9,D,2010,,349.22100000000006,3.0759000000000007,91.8,2,4,4,2,2,0.1875,0.8300494459547697
CHEMBL536086,CHEMBL395426,NC1CN(c2cc(-c3ccsc3)ncn2)CC1c1cc(F)c(F)cc1F,,7.995,2,7.77,8.22,Ki,B,single protein format,single_protein,9,D,2007,,376.40700000000004,3.5535000000000023,55.04,1,5,3,4,3,0.2222222222222222,0.7105514238178833
CHEMBL5219966,CHEMBL5219966,COC(=O)C(Cc1ccccc1)NC(=O)[C@@H]1CCCN1C(=O)[C@H](Cc1ccccc1)NC(=O)OCc1ccccc1,,7.99,1,7.99,7.99,IC50,B,single protein format,single_protein,9,D,2022,,557.6470000000004,3.4156000000000013,114.04,2,6,11,4,3,0.3125,0.3495044553525157
CHEMBL2086611,CHEMBL2086611,N#Cc1ccc(C(=O)NCCC(=O)N2CCC[C@H]2C#N)cc1,,7.99,1,7.99,7.99,IC50,B,assay format,other,9,D,2012,,296.3299999999999,1.19276,96.99000000000001,1,4,4,2,1,0.375,0.9021309137254319
CHEMBL5598215,CHEMBL3707235,N[C@@H](CC(=O)N1CCc2c(nc(C(F)(F)F)nc2C(F)(F)F)C1)CN1CC(F)(F)CCC1=O,,7.99,1,7.99,7.99,IC50,B,cell-based format,cell_based,9,D,2024,3,489.36700000000025,2.3740000000000006,92.42000000000002,1,5,4,3,1,0.6666666666666666,0.6562755468613735
CHEMBL4441220,CHEMBL4441220,CC#CCn1c(N2CCC[C@@H](N)C2)nc2c1c(=O)n(Cc1cccc(F)c1C(=O)O)c(=O)n2C,,7.99,1,7.99,7.99,IC50,B,cell-based format,cell_based,9,D,2019,,468.4890000000002,0.733100000000001,128.38000000000002,2,6,5,4,3,0.391304347826087,0.5285430008385932
CHEMBL2417563,CHEMBL3040900,N#C[C@@H]1CCCN1C(=O)[C@@H](N)Cc1ccc(-c2cn(Cc3cccc(Cl)c3)nn2)cc1,,7.98,1,7.98,7.98,IC50,B,single protein format,single_protein,9,D,2013,,434.93100000000015,3.031180000000001,100.83000000000001,1,5,6,4,3,0.30434782608695654,0.6421390001165833
CHEMBL210974,CHEMBL1182086,CN(C)C(=O)[C@@H](c1ccc(-c2ccc3ncnn3c2)cc1)[C@H](N)C(=O)N1CC(F)C1,,7.98,2,7.39,8.57,IC50,B,single protein format,single_protein,9,D,2006,,410.45300000000015,1.0756999999999999,96.83,1,5,5,4,3,0.3333333333333333,0.6789015416843286
CHEMBL395004,CHEMBL395004,C[C@@H]1C(=O)N(CCOCc2ccccc2)CCCN1C(=O)C[C@H](N)Cc1cc(F)c(F)cc1F,,7.98,1,7.98,7.98,IC50,B,single protein format,single_protein,8,H,2007,,477.5270000000002,3.0300000000000002,75.87,1,4,9,3,2,0.44,0.4451217311952651
CHEMBL239983,CHEMBL239983,O=C([C@@H]1C[C@H](N2CCN(c3ccccc3Cl)CC2)CN1)N1CCSC1,,7.97,1,7.97,7.97,IC50,B,cell-free format,other,9,D,2007,,380.9450000000002,1.7253999999999996,38.82000000000001,1,5,3,4,1,0.6111111111111112,0.8641100478327158
CHEMBL2425888,CHEMBL2425888,CC#CCn1c(N2CCC[C@@H](N)C2)cc(=O)n(Cc2ccc3cc(Br)ccc3n2)c1=O,,7.97,1,7.97,7.97,IC50,B,single protein format,single_protein,9,D,2013,,482.3820000000001,2.3198,86.15,1,5,4,4,3,0.34782608695652173,0.5773965379902692
CHEMBL3687978,CHEMBL3687978,CN1C(=O)Cn2c1nc1nc(N3CCC[C@@H](N)C3)n(Cc3ccccc3C#N)c1c2=O,,7.97,1,7.97,7.97,IC50,B,single protein format,single_protein,9,D,2015,,418.4610000000002,0.4168800000000006,126.07,1,7,3,5,3,0.38095238095238093,0.6530007843331717
CHEMBL3580775,CHEMBL3580775,N[C@@H](CC(=O)N1CCn2c(nnc2C(F)(F)F)C1)[C@H]1CCc2cc(F)c(F)cc21,,7.97,1,7.97,7.97,IC50,B,cell-based format,cell_based,9,D,2015,,415.3660000000002,2.3647,77.04,1,4,3,4,2,0.5,0.7813496805828165
CHEMBL1161915,CHEMBL1161915,Cn1c(=O)c2nc(N3CCCC(N)C3)n(Cc3ccccc3C#N)c2c(=O)n1C,,7.96,1,7.96,7.96,Ki,B,cell-free format,other,9,D,2006,,393.45100000000014,0.2811800000000009,114.87,1,6,3,4,3,0.4,0.6835444417311852
CHEMBL474983,CHEMBL1186708,N#C[C@@H]1CCCN1C(=O)[C@@H](N)CCC(=O)NC1CCCC1,,7.96,1,7.96,7.96,IC50,B,single protein format,single_protein,8,H,2009,,292.3830000000001,0.6672799999999997,99.22,2,4,5,2,0,0.8,0.7774704395358248
CHEMBL3215828,CHEMBL1739113,COC(=O)C1CCN(C(=O)Cc2c(C)nc(CC(C)C)c(CN)c2-c2ccc(C)cc2)C1,,7.96,1,7.96,7.96,IC50,B,cell-based format,cell_based,9,D,2011,,437.5840000000003,3.586640000000002,85.52,1,5,7,3,2,0.5,0.6693142889411692
CHEMBL261246,CHEMBL261246,Cn1c(-c2cccnc2)nc2ccc(-c3ccccc3Cl)c(CN)c21,,7.96,1,7.96,7.96,IC50,B,single protein format,single_protein,9,D,2008,,348.8370000000001,4.414400000000002,56.730000000000004,1,3,3,4,4,0.1,0.5961061763564524
CHEMBL497993,CHEMBL497993,N[C@H]1CCN(P(N)(N)=O)C1=O,,7.96,1,7.96,7.96,IC50,B,assay format,other,9,D,2008,,178.13199999999998,-1.4284999999999997,115.44,3,3,1,1,0,0.75,0.42558629844914325
CHEMBL438547,CHEMBL438547,CCN(CC#N)C(=O)[C@@H]1C[C@H](C(=O)N2Cc3ccccc3C2)[C@H](C)N1,,7.96,1,7.96,7.96,IC50,B,single protein format,single_protein,9,D,2008,,340.4270000000001,1.2674799999999997,76.44,1,4,4,3,1,0.5263157894736842,0.8375924572328644
CHEMBL1779712,CHEMBL1779712,CCN(CC)C[C@@H]1C(=O)NCCN1C(=O)C[C@H](N)Cc1cc(F)c(F)cc1F,,7.96,1,7.96,7.96,IC50,B,single protein format,single_protein,9,D,2011,,400.44500000000005,1.0326000000000013,78.67,2,4,8,2,1,0.5789473684210527,0.6393278454347959
CHEMBL584692,CHEMBL584692,N[C@@H](CC(=O)N1CCC[C@H]1c1noc(C2(C(F)(F)F)CC2)n1)Cc1cc(F)c(F)cc1F,,7.96,1,7.96,7.96,IC50,B,assay format,other,9,D,2009,,462.3940000000002,3.7044000000000024,85.25000000000001,1,5,6,4,2,0.55,0.5228350122557683
CHEMBL1161913,CHEMBL1161913,Cn1ncc2nc(N3CCCC(N)C3)n(Cc3cccc(CC#N)c3)c2c1=O,,7.96,1,7.96,7.96,Ki,B,single protein format,single_protein,9,D,2006,,377.45200000000017,1.17188,105.75999999999999,1,6,4,4,3,0.4,0.7316038309841053
CHEMBL426735,CHEMBL426735,N[C@H]1CN(c2cc(N3CCCCC3)ncn2)C(=O)C[C@@H]1c1cc(F)c(F)cc1F,,7.96,1,7.96,7.96,Ki,B,single protein format,single_protein,9,D,2007,,405.42400000000004,2.732,75.35,1,5,3,4,2,0.45,0.7951545469408132
CHEMBL3093918,CHEMBL3093918,N#C[C@@H]1CCCN1C(=O)[C@@H](N)Cc1ccc(F)cc1,,7.96,1,7.96,7.96,IC50,B,assay format,other,9,D,2013,,261.3,1.2100799999999994,70.12,1,3,3,2,1,0.42857142857142855,0.8886957824058177
CHEMBL559940,CHEMBL1197118,CS(=O)(=O)c1ccc2c(c1)nc1n2C[C@H](N)[C@@H](c2cc(F)c(F)cc2F)C1,,7.96,3,7.38,8.38,IC50,B,single protein format,single_protein,9,D,2009;2013,,395.4060000000001,2.524300000000001,77.98,1,4,2,4,3,0.2777777777777778,0.6767094540327532
CHEMBL377146,CHEMBL377146,COc1ccc(OC[C@H]2CC[C@@H](C(=O)N3CCC[C@H]3C#N)N2)cc1,,7.96,1,7.96,7.96,Ki,B,single protein format,single_protein,9,D,2006,,329.3999999999999,1.7091799999999997,74.59,1,5,5,3,1,0.5555555555555556,0.889981934899537
CHEMBL5882105,CHEMBL5882105,CS(=O)(=O)Nc1ccc2c3c(ccc2c1)OC(c1cc(F)c(F)cc1F)C(N)C3,,7.96,1,7.96,7.96,IC50,B,cell-based format,cell_based,9,D,2019,,422.42800000000017,3.632100000000001,81.42,2,4,3,4,3,0.2,0.6319034669655346
CHEMBL590557,CHEMBL590557,COc1cc2c(cc1OC)[C@@H]1C[C@H](N)[C@@H](c3cc(C)ccn3)CN1CC2,,7.96,1,7.96,7.96,IC50,B,single protein format,single_protein,8,H,2010,,353.4660000000001,2.821220000000001,60.61000000000001,1,5,3,4,2,0.47619047619047616,0.9193694503813395
CHEMBL3215859,CHEMBL1852260,Cc1ccc(-c2c(CN)c(CC(C)C)nc3ccc(-c4noc(=O)[nH]4)cc23)cc1,,7.96,1,7.96,7.96,IC50,B,cell-based format,cell_based,9,D,2011,,388.4710000000001,4.210720000000003,97.79999999999998,2,5,5,4,4,0.2608695652173913,0.5335858984103717
CHEMBL2147058,CHEMBL2220074,Cc1ccccc1Cn1c(N2CCC[C@@H](N)C2)nc2c3cc(C(=O)O)ccc3n(C)c(=O)c21,,7.96,1,7.96,7.96,IC50,B,single protein format,single_protein,9,D,2012,,445.5230000000002,2.8706200000000006,106.38,2,5,4,5,4,0.32,0.5003403774917619
CHEMBL3675631,CHEMBL3675631,CC#CCn1c(N2CCC[C@@H](N)C2)nc2c1C(=O)N(Cc1nccc(C#N)n1)C1=NCCN12,,7.96,1,7.96,7.96,IC50,B,single protein format,single_protein,9,D,2014,,444.5030000000002,0.3275800000000011,132.56,1,9,4,5,2,0.45454545454545453,0.6672651265175001
CHEMBL1909989,CHEMBL1909989,COc1ccc(N2Cc3c(nc(C)c(CN)c3-c3ccc(Cl)cc3Cl)C2=O)cc1,,7.96,1,7.96,7.96,Ki,B,single protein format,single_protein,8,H,2011,,428.31900000000013,4.991520000000004,68.44999999999999,1,4,4,4,3,0.18181818181818182,0.6358128360335762
CHEMBL230602,CHEMBL230602,C[C@@H]1CCN(C(=O)C[C@H](N)Cc2cc(F)c(F)cc2F)[C@H](Cc2ccccn2)C(=O)N1,,7.96,1,7.96,7.96,IC50,B,single protein format,single_protein,8,H,2007,,434.46200000000005,2.1071000000000004,88.32,2,4,6,3,2,0.4090909090909091,0.6820180367167177
CHEMBL2334693,CHEMBL2334693,N#C[C@@H]1C[C@@H]2C[C@@H]2N1C(=O)[C@@H](N)C1CCN(S(=O)(=O)c2ccc(Cl)cc2)CC1,,7.96,1,7.96,7.96,Ki,B,single protein format,single_protein,9,D,2013,,422.9380000000002,1.5809800000000003,107.5,1,5,4,4,1,0.5789473684210527,0.7920403762628723
CHEMBL1929392,CHEMBL1962453,Cc1c(C(=O)NCC(C)(C)NCC(=O)N2CCC[C@H]2C#N)cnc2cc(-c3ccccc3)nn12,,7.96,1,7.96,7.96,IC50,B,single protein format,single_protein,9,D,2011,,459.5540000000001,2.3173000000000004,115.42,2,6,7,4,3,0.4,0.5602890676868094
CHEMBL2441831,CHEMBL2441831,Cc1nc2c(c(-c3ccc(Cl)cc3Cl)c1CN)C(=O)N(c1ccn(C)n1)C2,,7.96,1,7.96,7.96,Ki,B,single protein format,single_protein,9,D,2013,,402.28500000000014,3.716420000000002,77.04,1,4,3,4,3,0.21052631578947367,0.7246786616472667
CHEMBL2425068,CHEMBL2425068,Cc1nc2c(o1)CN([C@H]1CO[C@H](c3cc(F)ccc3F)[C@@H](N)C1)C2,,7.96,1,7.96,7.96,IC50,B,single protein format,single_protein,9,D,2013,,335.3540000000001,2.4343200000000005,64.52,1,5,2,4,2,0.47058823529411764,0.9131145003854048
CHEMBL3938789,CHEMBL3938789,Cc1cc2ccccc2c(Cn2c(=O)c3c(nc(N4CCC[C@@H](N)C4)n3Cc3ccccc3Cl)n(C)c2=O)n1,,7.96,1,7.96,7.96,IC50,B,single protein format,single_protein,8,H,2016,,544.0590000000002,3.4308200000000024,103.97000000000001,1,6,5,6,5,0.3103448275862069,0.3640928665410508
CHEMBL232716,CHEMBL232716,N#C[C@@H]1CCCN1C(=O)[C@@H]1C[C@H](C(=O)N2CCCCCCC2)CN1,,7.96,1,7.96,7.96,IC50,B,single protein format,single_protein,9,D,2007,,332.44800000000015,1.2717799999999995,76.44,1,4,2,3,0,0.8333333333333334,0.8261093311099016
CHEMBL240601,CHEMBL240601,O=C([C@@H]1C[C@H](N2CCN(c3ccccc3)CC2)CN1)N1CCSC1,,7.96,1,7.96,7.96,IC50,B,cell-free format,other,9,D,2007,,346.5000000000001,1.072,38.82000000000001,1,5,3,4,1,0.6111111111111112,0.8864722803886717
CHEMBL188444,CHEMBL1181678,N[C@H](C(=O)N1CC[C@H](F)C1)[C@@H](C(=O)Nn1cnnn1)c1ccc(-c2ccc(F)cc2)cc1,,7.96,1,7.96,7.96,IC50,B,single protein format,single_protein,8,H,2005,,441.4420000000001,1.2307999999999997,119.03000000000002,2,6,6,4,3,0.2857142857142857,0.594006452599435
CHEMBL389244,CHEMBL389244,O=C([C@@H]1C[C@H](N2CCc3ccccc32)CN1)N1CCSC1,,7.96,1,7.96,7.96,IC50,B,cell-free format,other,9,D,2007,,303.4310000000001,1.3124999999999996,35.580000000000005,1,4,2,4,1,0.5625,0.8935487996821001
CHEMBL4516443,CHEMBL4516443,CC#CCn1c(N2CCC[C@@H](N)C2)nc2c1C(=O)N(Cc1cccc(C#N)c1)C1=NCCN12,,7.95,1,7.95,7.95,IC50,B,single protein format,single_protein,9,D,2016,,442.5270000000002,1.5375799999999993,106.78,1,7,4,5,2,0.4166666666666667,0.7201226962005206
CHEMBL3687983,CHEMBL3687983,CCN1C(=O)Cn2c1nc1nc(N3CCC[C@@H](N)C3)n(Cc3cc(F)ccc3C(F)(F)F)c1c2=O,,7.95,1,7.95,7.95,IC50,B,single protein format,single_protein,9,D,2015,,493.4650000000002,2.0932,102.28,1,6,4,5,3,0.45454545454545453,0.5588808488098563
CHEMBL231011,CHEMBL231011,C[C@@H]1C(=O)N(C)CCCN1C(=O)C[C@H](N)Cc1cc(F)c(F)cc1F,,7.94,1,7.94,7.94,IC50,B,single protein format,single_protein,8,H,2007,,357.376,1.4429999999999996,66.64,1,3,4,2,1,0.5294117647058824,0.8296147012269893
CHEMBL390884,CHEMBL390884,COC(=O)CN1CCCN(C(=O)C[C@H](N)Cc2cc(F)ccc2F)[C@H](C)C1=O,,7.94,1,7.94,7.94,IC50,B,single protein format,single_protein,8,H,2007,,397.4220000000001,0.8471000000000003,92.94,1,5,6,2,1,0.5263157894736842,0.718645839515144
CHEMBL427257,CHEMBL427257,CC1C(=O)NCCCN1C(=O)C[C@H](N)Cc1cc(F)ccc1F,,7.94,1,7.94,7.94,IC50,B,single protein format,single_protein,8,H,2007,,325.359,0.9617000000000006,75.43,2,3,4,2,1,0.5,0.8657695726880331
CHEMBL2347035,CHEMBL2347035,CC#CCn1c(N2CCC[C@@H](N)C2)nc2ccn(Cc3ccc4ccc(Cl)cc4n3)c2c1=O,,7.94,1,7.94,7.94,IC50,B,single protein format,single_protein,9,D,2013,,460.9690000000003,3.3987000000000016,81.97,1,5,4,5,4,0.32,0.47187750173803694
CHEMBL2086615,CHEMBL2086615,N#Cc1ccc(C(=O)Nc2ccc(C(=O)N3CCC[C@H]3C#N)cc2)cc1,,7.94,1,7.94,7.94,IC50,B,assay format,other,9,D,2012,,344.37399999999997,2.938760000000001,96.99000000000001,1,4,3,3,2,0.2,0.9254447625487966
CHEMBL536090,CHEMBL1188345,N[C@@H](CC(=O)N1CCn2c(nnc2C(F)(F)F)C1Cc1ccccc1C(F)(F)F)Cc1cc(F)c(F)cc1F,,7.9350000000000005,2,6.36,9.51,IC50,B,single protein format,single_protein,8,H,2008,,565.4400000000003,4.819100000000003,77.04,1,4,6,4,3,0.375,0.343766402522668
CHEMBL539352,CHEMBL1189749,COc1ccc(CC2c3nnc(C(F)(F)F)n3CCN2C(=O)C[C@H](N)Cc2cc(F)c(F)cc2F)cc1,,7.935,2,6.5,9.37,IC50,B,single protein format,single_protein,8,H,2008,,527.4690000000003,3.808900000000002,86.27000000000001,1,5,7,4,3,0.375,0.3732751812457296
CHEMBL4636223,CHEMBL4636223,N[C@H]1C[C@@H](N2Cc3cn(S(=O)(=O)C4CC4)nc3C2)[C@@H](C(F)(F)F)O[C@@H]1c1cc(F)ccc1F,,7.93,1,7.93,7.93,IC50,B,single protein format,single_protein,9,D,2020,,492.4700000000001,2.605600000000001,90.45,1,6,4,5,2,0.55,0.6604423845976458
CHEMBL561120,CHEMBL561120,N[C@@H](CC(=O)N1CCC[C@H]1CNC(=O)C1CC1)Cc1cccc(Cl)c1,,7.92,1,7.92,7.92,IC50,B,single protein format,single_protein,8,H,2009,,363.889,2.1170999999999998,75.43,2,3,7,3,1,0.5789473684210527,0.7786878031372819
CHEMBL4297435,CHEMBL4297435,COC(=O)c1nc(C(F)(F)F)n2c1CN(C(=O)C[C@H](N)Cc1cc(F)c(F)cc1F)CC2,RETAGLIPTIN,7.92,1,7.92,7.92,IC50,B,single protein format,single_protein,9,D,2023,3,464.3660000000002,2.4081,90.45,1,5,5,3,2,0.42105263157894735,0.4171573170579031
CHEMBL474003,CHEMBL1186662,CC(C)(CC(=O)N1CCn2c(nnc2C(F)(F)F)C1)[C@H](N)C(=O)N1CCC[C@H]1C#N,,7.92,1,7.92,7.92,IC50,B,single protein format,single_protein,8,H,2009,,427.43100000000027,0.8972800000000002,121.14000000000001,1,6,4,3,1,0.7222222222222222,0.7620474265792092
CHEMBL3217159,CHEMBL1739145,Cc1ccc(-c2c(CC(=O)N3CCC[C@@H]3C(N)=O)c(C)nc(CC(C)C)c2CN)cc1,,7.92,1,7.92,7.92,IC50,B,cell-based format,cell_based,9,D,2011,,422.5730000000002,3.0414400000000006,102.30999999999999,2,4,7,3,2,0.48,0.7157475729895879
CHEMBL2147715,CHEMBL2147715,Cc1cc(N2CCN([C@@H]3CN[C@H](C(=O)N4CCSC4)C3)CC2)n(-c2ccc(C#N)cc2)n1,,7.92,1,7.92,7.92,IC50,B,single protein format,single_protein,9,D,2012,,451.60000000000025,1.4378000000000004,80.42999999999999,1,7,4,5,2,0.5217391304347826,0.7534107267620079
CHEMBL4547171,CHEMBL4547171,Cc1cccc(-c2nnc3ccc(N4CCN(Cc5ccc(F)cc5)CC4)nn23)c1,,7.92,2,7.14,8.7,IC50;Ki,B,single protein format,single_protein,9,D,2020,,402.4770000000001,3.561020000000002,49.56,0,5,4,5,4,0.2608695652173913,0.5224531400635906
CHEMBL536311,CHEMBL1188420,C[C@@H]1c2nnc(C(F)(F)F)n2[C@H](C)CN1C(=O)C[C@H](N)Cc1cc(F)c(F)cc1F,,7.92,1,7.92,7.92,IC50,B,single protein format,single_protein,8,H,2008,,435.3720000000001,3.1385000000000005,77.04,1,4,4,3,2,0.5,0.5915248274919429
CHEMBL475863,CHEMBL1186743,CC(C)(CC(=O)N1Cc2ccccc2C1)[C@H](N)C(=O)N1CCC[C@H]1C#N,,7.92,1,7.92,7.92,IC50,B,single protein format,single_protein,8,H,2009,,354.4540000000002,1.7869799999999998,90.43,1,4,4,3,1,0.55,0.8923179402023919
CHEMBL1683562,CHEMBL1683562,N[C@H]1CN(c2cc(N3CCc4nocc4C3)ncn2)C[C@@H]1N1CCCCC1=O,,7.92,1,7.92,7.92,IC50,B,single protein format,single_protein,9,D,2011,,383.45600000000024,0.5556999999999988,104.62,1,8,3,5,2,0.5789473684210527,0.8196129345771944
CHEMBL3957200,CHEMBL3957200,CC#CCn1c(N2CCC[C@@H](N)C2)nc2c1c(=O)n(Cc1ccc(F)c3ccccc13)c(=O)n2C,,7.92,1,7.92,7.92,IC50,B,single protein format,single_protein,8,H,2016,,474.5400000000002,2.1881000000000004,91.08000000000001,1,5,4,5,4,0.34615384615384615,0.4581352939625977
CHEMBL427012,CHEMBL427012,O=C(CNC1C2CC3CC(C2)CC1C3)N1CCC[C@@H]1B(O)O,,7.92,1,7.92,7.92,IC50,B,single protein format,single_protein,9,D,2005,,306.2149999999999,0.4037,72.80000000000001,3,4,4,5,0,0.9375,0.6576835462684875
CHEMBL564283,CHEMBL564283,N[C@@H](CC(=O)N1CCC[C@H]1CNS(=O)(=O)C(F)(F)F)Cc1cc(F)c(F)cc1F,,7.92,1,7.92,7.92,IC50,B,single protein format,single_protein,8,H,2009,,447.4010000000001,1.7939999999999996,92.5,2,4,7,2,1,0.5625,0.4926238076020417
CHEMBL372110,CHEMBL372110,CC(C)(SCc1ccccn1)[C@H](N)C(=O)N1C[C@@H](F)C[C@H]1C#N,,7.92,1,7.92,7.92,Ki,B,single protein format,single_protein,9,D,2005,,336.43600000000004,1.8832799999999996,83.00999999999999,1,5,5,2,1,0.5625,0.8875387406170322
CHEMBL1288288,CHEMBL1618539,CCn1c(=O)n(C)c(=O)c2c1cc(N1CCC[C@@](C)(N)C1)n2Cc1cc(F)ccc1C#N,,7.92,1,7.92,7.92,IC50,B,cell-free format,other,9,D,2010,,438.5070000000002,1.8982799999999993,101.97999999999999,1,5,4,4,3,0.43478260869565216,0.6703750259951583
CHEMBL4638352,CHEMBL4638352,N#C[C@@H]1CCCN1C(=O)CN(C(=O)CCCCCl)C12CC3CC(CC(O)(C3)C1)C2,,7.92,1,7.92,7.92,IC50,B,single protein format,single_protein,9,D,2020,,421.9690000000003,2.8223800000000008,84.64,1,4,7,5,0,0.8636363636363636,0.5056078701592576
CHEMBL404079,CHEMBL1185272,CS(=O)(=O)c1ccc(-c2noc([C@H](CC3CC3)[C@H](N)C(F)=C3CCCC3)n2)c(Cl)c1,,7.92,1,7.92,7.92,IC50,B,assay format,other,9,D,2008,,453.9670000000002,4.802100000000004,99.08,1,6,7,4,2,0.5238095238095238,0.6457979678765425
CHEMBL519435,CHEMBL519435,N#C[C@@H]1C[C@H](F)CN1C(=O)CNC1CCN(c2ccc(C(F)(F)F)cn2)CC1,,7.92,1,7.92,7.92,Ki,B,cell-free format,other,9,D,2008,,399.3920000000001,2.1213800000000003,72.26,1,5,4,3,1,0.6111111111111112,0.785710837001489
CHEMBL222626,CHEMBL222626,CS(=O)(=O)c1ccc(CCN2C[C@H](N)[C@@H](c3cc(F)c(F)cc3F)CC2=O)cc1,,7.92,1,7.92,7.92,Ki,B,single protein format,single_protein,9,D,2007,,426.4600000000001,2.393300000000001,80.47,1,4,5,3,2,0.35,0.7449172286697237
CHEMBL515387,CHEMBL515387,O=C([C@@H]1C[C@H](N2CCN(c3ncccn3)CC2)CN1)N1CCC(F)(F)C1,GOSOGLIPTIN,7.92,2,7.89,7.95,IC50,B,cell-free format;single protein format,mixed,9,D,2009,4,366.4160000000001,0.19670000000000054,64.60000000000001,1,6,3,4,1,0.7058823529411765,0.8244792330819213
CHEMBL2147196,CHEMBL2220253,Cn1c(=O)c2c(nc(N3CCC[C@@H](N)C3)n2Cc2ccccc2Cl)c2ccc(C(N)=O)cc21,,7.92,1,7.92,7.92,IC50,B,single protein format,single_protein,9,D,2012,,464.9570000000001,2.6163,112.17000000000002,2,5,4,5,4,0.2916666666666667,0.48178706997668264
CHEMBL512890,CHEMBL512890,CC(C)(NCC(=O)N1C[C@@H](F)C[C@H]1C#N)c1cccs1,,7.92,1,7.92,7.92,IC50,B,cell-free format,other,9,D,2008,,295.383,2.03538,56.13,1,4,4,2,1,0.5714285714285714,0.9245052017412617
CHEMBL512709,CHEMBL512709,COc1ccc2nc(C3(NC(=O)C[C@H](N)Cc4ccccc4F)CCS(=O)(=O)CC3)sc2c1,,7.92,1,7.92,7.92,IC50,B,cell-based format,cell_based,9,D,2008,,491.61000000000024,2.9242000000000017,111.38,2,7,7,4,3,0.391304347826087,0.5257458475817558
CHEMBL400722,CHEMBL400722,NC(CC(=O)N1CCn2nc(C(F)(F)F)nc2[C@@H]1C(O)C1CC1)Cc1cc(F)c(F)cc1F,,7.92,1,7.92,7.92,IC50,B,single protein format,single_protein,8,H,2007,,477.40900000000016,2.3285,97.27000000000001,2,5,6,4,2,0.55,0.4919257577992058
CHEMBL1650418,CHEMBL1650418,N#Cc1ccccc1Cn1c(N2CCC[C@@H](N)C2)ncc(-c2ccoc2)c1=O,,7.92,1,7.92,7.92,IC50,B,single protein format,single_protein,9,D,2011,,375.4320000000001,2.3507800000000003,101.08000000000001,1,6,4,4,3,0.2857142857142857,0.75108981523236
CHEMBL1650439,CHEMBL1650439,Cn1c(=O)cc(N2CCC[C@@H](N)C2)n(Cc2ccccc2Br)c1=O,,7.92,1,7.92,7.92,IC50,B,single protein format,single_protein,9,D,2011,,393.285,1.2853000000000003,73.26,1,4,3,3,2,0.4117647058823529,0.8531420260713123
CHEMBL1083589,CHEMBL1198847,N#C[C@@H]1CCCN1C(=O)CN[C@H]1C[C@H]2C[C@@H](O)C[C@H]2C1,,7.92,1,7.92,7.92,IC50,B,single protein format,single_protein,8,H,2010,,277.36800000000005,0.6400799999999991,76.36,2,4,3,3,0,0.8666666666666667,0.79350628457571
CHEMBL1779705,CHEMBL1779705,N[C@@H](CC(=O)N1CCNC(=O)[C@H]1CO)Cc1cc(F)c(F)cc1F,,7.92,1,7.92,7.92,IC50,B,single protein format,single_protein,9,D,2011,,345.321,-0.31689999999999996,95.66000000000001,3,4,5,2,1,0.4666666666666667,0.6377675194397657
CHEMBL1909992,CHEMBL1909992,Cc1ccc(N2Cc3c(nc(C)c(CN)c3-c3ccc(Cl)cc3Cl)C2=O)cc1,,7.92,1,7.92,7.92,Ki,B,single protein format,single_protein,8,H,2011,,412.3200000000001,5.291340000000004,59.220000000000006,1,3,3,4,3,0.18181818181818182,0.6359547295144241
CHEMBL1910109,CHEMBL1910109,CSc1ccccc1N1Cc2c(nc(C)c(CN)c2-c2ccc(Cl)cc2Cl)C1=O,,7.92,1,7.92,7.92,Ki,B,single protein format,single_protein,8,H,2011,,444.3870000000001,5.704820000000003,59.220000000000006,1,4,4,4,3,0.18181818181818182,0.5243965243013976
CHEMBL3904065,CHEMBL3904065,CC(C)=CCn1c(N2CCCC(N)C2)nc2c1c(=O)n(Cc1ccc3ccccc3n1)c(=O)n2C,,7.92,1,7.92,7.92,IC50,B,single protein format,single_protein,8,H,2016,,473.58100000000024,2.3869000000000007,103.97000000000003,1,6,5,5,4,0.38461538461538464,0.4465473648110387
CHEMBL366286,CHEMBL1184746,C[C@H](Oc1ccc(CNC(=O)[C@@H]2CCCN2C(=O)CC(N)Cc2ccccc2F)cc1)C(=O)O,,7.92,1,7.92,7.92,IC50,B,single protein format,single_protein,9,D,2004,,471.52900000000017,2.2449,121.96,3,5,10,3,2,0.4,0.4886380905249793
CHEMBL1209852,CHEMBL1209852,Cc1nc2nccn2c(-c2ccc(Cl)cc2Cl)c1CN,,7.92,1,7.92,7.92,Ki,B,single protein format,single_protein,9,D,2010,,307.1840000000001,3.470220000000001,56.21,1,3,2,3,3,0.14285714285714285,0.788441180439041
CHEMBL5274894,CHEMBL5274894,N#C[C@@H]1CCCN1C(=O)CNC1C[C@H]2CC(O)C[C@H]2C1,,7.92,1,7.92,7.92,IC50,B,single protein format,single_protein,9,D,2021,,277.36800000000005,0.6400799999999991,76.36,2,4,3,3,0,0.8666666666666667,0.79350628457571
CHEMBL379294,CHEMBL379294,N#C[C@@H]1CCCN1C(=O)[C@@H]1CC[C@H](CNc2ccccc2)N1,,7.92,1,7.92,7.92,Ki,B,single protein format,single_protein,9,D,2006,,298.39,1.7336799999999994,68.16,2,4,4,3,1,0.5294117647058824,0.8881468303795186
CHEMBL184630,CHEMBL1181610,CC(C)[C@@H](Oc1ccc(CNC(=O)[C@@H]2CCCN2C(=O)CC(N)Cc2cc(C(F)(F)F)ccc2F)cc1)C(=O)O,,7.92,1,7.92,7.92,IC50,B,single protein format,single_protein,9,D,2004,,567.5800000000003,3.8998000000000017,121.96,3,5,11,3,2,0.4642857142857143,0.35436580682363805
CHEMBL2203319,CHEMBL2203319,N[C@@H](CC(=O)NC1(c2cccc(-n3ccnc3)c2)CCS(=O)(=O)CC1)Cc1cc(F)c(F)cc1F,,7.92,1,7.92,7.92,IC50,B,single protein format,single_protein,9,D,2012,,506.5500000000003,2.769800000000001,107.07999999999998,2,5,7,4,3,0.3333333333333333,0.4795427584649704
CHEMBL216622,CHEMBL1182169,N[C@H]1CC(CN2CCc3ccccc3C2)=CC[C@@H]1c1cc(F)c(F)c(F)c1,,7.92,1,7.92,7.92,Ki,B,single protein format,single_protein,9,D,2006,,372.434,4.293300000000003,29.259999999999998,1,2,3,4,2,0.36363636363636365,0.6432136923911661
CHEMBL3350923,CHEMBL3350923,C=CC1([C@H](N)C(=O)N2[C@H](C#N)C[C@@H]3C[C@@H]32)CCC1,,7.92,1,7.92,7.92,Ki,B,single protein format,single_protein,9,D,2005,,245.32599999999994,1.1829799999999995,70.12,1,3,3,3,0,0.7142857142857143,0.7590256416418025
CHEMBL389538,CHEMBL1185104,N[C@H]1CN(c2cnc3ccccc3n2)CC[C@@H]1c1cc(F)c(F)cc1F,,7.92,1,7.92,7.92,IC50,B,single protein format,single_protein,8,H,2007,,358.367,3.3683000000000023,55.04,1,4,2,4,3,0.2631578947368421,0.713922959111577
CHEMBL5283810,CHEMBL5283810,CC#CCn1c(N2CCC[C@@H](N)C2)cc(=O)n(Cc2cn(CCC(=O)O)nn2)c1=O,,7.91,1,7.91,7.91,IC50,B,single protein format,single_protein,9,D,2021,,415.4540000000002,-0.9246999999999967,141.27,2,7,7,3,2,0.5263157894736842,0.552969239668879
CHEMBL1683991,CHEMBL1739481,COC(=O)c1ccc(-c2nnn3c2CN(C(=O)C[C@H](N)Cc2cc(F)c(F)cc2F)CC3)cc1,,7.91,1,7.91,7.91,IC50,B,single protein format,single_protein,9,D,2011,,473.4550000000002,2.4513000000000007,103.33999999999999,1,6,6,4,3,0.30434782608695654,0.43587644901707306
CHEMBL397893,CHEMBL397893,O=C([C@@H]1C[C@H](N2CCN(c3ccc(F)cc3)CC2)CN1)N1CCSC1,,7.91,1,7.91,7.91,IC50,B,cell-free format,other,9,D,2007,,364.4900000000002,1.2111,38.82000000000001,1,5,3,4,1,0.6111111111111112,0.8729806671630369
CHEMBL1683643,CHEMBL1683643,CC(C)[C@H](Nc1ccc(CNC(=O)[C@H]2SCCN2C(=O)C[C@H](N)Cc2cc(F)c(F)cc2F)cc1)C(=O)O,,7.89,1,7.89,7.89,IC50,B,single protein format,single_protein,9,D,2011,,552.6190000000003,3.102800000000001,124.76,4,6,11,3,2,0.4230769230769231,0.3159323589814565
CHEMBL1083588,CHEMBL1083588,CN(C)C(=O)N1C[C@@H]2C[C@@](C)(NCC(=O)N3CCC[C@H]3C#N)C[C@@H]2C1,,7.89,1,7.89,7.89,IC50,B,single protein format,single_protein,8,H,2010,,347.46300000000014,0.8726800000000003,79.68,1,4,3,3,0,0.8333333333333334,0.8215832157293663
CHEMBL400624,CHEMBL400624,COc1cc2c(cc1OC)[C@@H]1CC(N)[C@@H](c3cccc(C)c3)CN1CC2,,7.89,1,7.89,7.89,IC50,B,single protein format,single_protein,9,D,2007,,352.4780000000002,3.4262200000000025,47.720000000000006,1,4,3,4,2,0.45454545454545453,0.9193774654090792
CHEMBL3931178,CHEMBL3931178,CC#CCn1c(N2CCC[C@@H](N)C2)nc2c1c(=O)n(Cc1nc(C(F)(F)F)cc3ccccc13)c(=O)n2C,,7.89,1,7.89,7.89,IC50,B,single protein format,single_protein,8,H,2016,,525.5350000000002,2.4628000000000005,103.97000000000003,1,6,4,5,4,0.38461538461538464,0.41085572536793824
CHEMBL1683502,CHEMBL1739352,CC(C)(Nc1ccc(CNC(=O)C2SCCN2C(=O)C[C@H](N)Cc2cc(F)c(F)cc2F)cc1)C(=O)O,,7.89,1,7.89,7.89,IC50,B,single protein format,single_protein,9,D,2011,,538.5920000000003,2.8568000000000007,124.76,4,6,10,3,2,0.4,0.34305978418622174
CHEMBL231196,CHEMBL1182344,N[C@H]1CN(c2cnc3nccnc3n2)CC[C@@H]1c1cc(F)c(F)cc1F,,7.89,1,7.89,7.89,IC50,B,single protein format,single_protein,8,H,2007,,360.343,2.1582999999999997,80.82000000000001,1,6,2,4,3,0.29411764705882354,0.7056433476201734
CHEMBL390529,CHEMBL390529,N#Cc1ccccc1Cn1c(N2CCC[C@@H](N)C2)nc2c(Cl)cc(Cl)cc2c1=O,,7.89,1,7.89,7.89,IC50,B,single protein format,single_protein,9,D,2007,,428.3230000000001,3.5507800000000014,87.94,1,5,3,4,3,0.2857142857142857,0.6895505273291556
CHEMBL4873862,CHEMBL4873862,CC#CCn1c(N2CCC[C@@H](N)C2)cc(=O)n(Cc2cc(C(=O)O)ccc2Br)c1=O,,7.89,1,7.89,7.89,IC50,B,single protein format,single_protein,9,D,2021,,475.34300000000013,1.4698,110.56,2,5,5,3,2,0.38095238095238093,0.634296280692574
CHEMBL1083287,CHEMBL1083287,CN(C)C(=O)N1C[C@@H]2C[C@](C)(NCC(=O)N3CCC[C@H]3C#N)C[C@@H]2C1,,7.89,1,7.89,7.89,IC50,B,single protein format,single_protein,8,H,2010,,347.46300000000014,0.8726800000000003,79.68,1,4,3,3,0,0.8333333333333334,0.8215832157293663
CHEMBL3697945,CHEMBL3697945,N[C@H]1C[C@@H](N2Cc3cn[nH]c3C2)CN(Cc2cnccn2)C1c1cc(F)ccc1F,,7.89,1,7.89,7.89,IC50,B,assay format,other,9,D,2014,,411.46000000000004,2.1365999999999996,86.96,2,6,4,5,3,0.38095238095238093,0.6841403900457248
CHEMBL591290,CHEMBL591290,COc1cc2c(cc1OC)[C@@H]1C[C@H](N)[C@@H](N3C[C@@H](C)CC3=O)CN1CC2,,7.89,1,7.89,7.89,IC50,B,single protein format,single_protein,9,D,2010,,359.4700000000002,1.5710000000000002,68.03,1,5,3,4,1,0.65,0.887289897073819
CHEMBL1929388,CHEMBL1962801,Cc1cc2ncc(C(=O)NCC(C)(C)NCC(=O)N3CCC[C@H]3C#N)c(C)n2n1,,7.89,1,7.89,7.89,IC50,B,single protein format,single_protein,9,D,2011,,397.4830000000002,0.9587200000000002,115.42,2,6,6,3,2,0.55,0.7501022822704024
CHEMBL472027,CHEMBL472027,N[C@@H](CC(=O)NC1(c2nc3ccccc3s2)CCS(=O)(=O)CC1)Cc1cc(F)c(F)cc1F,,7.89,1,7.89,7.89,IC50,B,cell-based format,cell_based,9,D,2008,,497.5640000000003,3.1938000000000013,102.15,2,6,6,4,3,0.36363636363636365,0.5095581051837186
CHEMBL219371,CHEMBL1182199,CC(C)C[C@H](c1nc(-c2ccc(S(C)(=O)=O)cc2Cl)no1)[C@H](N)C(=O)N1CC[C@H](F)C1,,7.89,1,7.89,7.89,IC50,B,single protein format,single_protein,8,H,2006,,472.97000000000025,2.820900000000001,119.39,1,7,7,3,2,0.55,0.6573681120598114
CHEMBL376498,CHEMBL1184890,CS(=O)(=O)c1ccc(-c2noc([C@@H](CC3CC3)[C@H](N)C(=O)N3CC[C@H](F)C3)n2)c(Cl)c1,,7.89,1,7.89,7.89,IC50,B,single protein format,single_protein,8,H,2006,,470.9540000000002,2.5749000000000013,119.38999999999999,1,7,7,4,2,0.55,0.6598316076015736
CHEMBL474421,CHEMBL474421,O=C([C@@H]1C[C@H](N2CCN(c3ncccn3)CC2)CN1)N1C[C@@H](F)[C@@H](F)C1,,7.89,1,7.89,7.89,IC50,B,single protein format,single_protein,9,D,2009,,366.41600000000005,-0.15249999999999853,64.60000000000001,1,6,3,4,1,0.7058823529411765,0.8026930703017295
CHEMBL3329627,CHEMBL3329627,Cn1c(=O)n(Cc2ccccc2C#N)c2c(N3CCC[C@@H](N)C3)ccnc21,,7.89,1,7.89,7.89,IC50,B,single protein format,single_protein,9,D,2014,,362.4370000000001,1.582479999999999,92.87,1,5,3,4,3,0.35,0.763562292422885
CHEMBL3912809,CHEMBL3912809,CC#CCn1c(N2CCC[C@H](N)C2)nc2c1c(=O)n(Cc1ccc(OC)c3ccccc13)c(=O)n2C,,7.89,1,7.89,7.89,IC50,B,single protein format,single_protein,8,H,2016,,486.57600000000025,2.0576,100.31000000000003,1,6,5,5,4,0.37037037037037035,0.4336642253455315
CHEMBL188096,CHEMBL1181672,CN(C)C(=O)[C@@H](c1ccc(-c2ccc(F)cc2F)cc1)[C@H](N)C(=O)N1CC[C@H](F)C1,,7.89,1,7.89,7.89,IC50,B,single protein format,single_protein,8,H,2005,,419.4470000000002,2.7013000000000007,66.64,1,3,5,3,2,0.36363636363636365,0.8105596087000421
CHEMBL227954,CHEMBL227954,N#Cc1ccccc1Cn1c(N2CCC[C@@H](N)C2)nc2ccccc2c1=O,,7.89,1,7.89,7.89,IC50,B,single protein format,single_protein,9,D,2007,,359.43300000000005,2.2439799999999996,87.94,1,5,3,4,3,0.2857142857142857,0.7747737366966673
CHEMBL1203962,CHEMBL525220,COCC(C)(C)NCC(=O)N1C[C@@H](F)C[C@H]1C#N,,7.89,1,7.89,7.89,IC50,B,cell-free format,other,9,D,2008,,257.30899999999997,0.46358000000000055,65.36,1,4,5,1,0,0.8333333333333334,0.7769800865116692
CHEMBL487862,CHEMBL487862,CC(C)(CNC(=O)C1(C)CCCCC1)NCC(=O)N1C[C@@H](F)C[C@H]1C#N,,7.89,1,7.89,7.89,IC50,B,cell-free format,other,9,D,2008,,366.481,1.90378,85.23,2,4,6,2,0,0.8421052631578947,0.7518543791052252
CHEMBL96892,CHEMBL96892,N#C[C@@H]1CCCN1C(=O)CNC1[C@H]2C[C@@H]3C[C@@H](C[C@H]1C3)C2,,7.89,1,7.89,7.89,IC50,B,assay format,other,8,H,2003,,287.4070000000001,1.9152799999999992,56.13,1,3,3,5,0,0.8823529411764706,0.8624887860594215
CHEMBL601074,CHEMBL601074,CCC1CC(=O)N(C2CN3CCc4cc(OC)c(OC)cc4C3CC2N)C1,,7.89,1,7.89,7.89,IC50,B,single protein format,single_protein,9,D,2010,,373.4970000000001,1.9610999999999998,68.03,1,5,4,4,1,0.6666666666666666,0.8738623922992731
CHEMBL514317,CHEMBL1187663,C[C@@H]1CCCN1C(=O)CC(C)(C)[C@H](N)C(=O)N1CCC[C@H]1C#N,,7.89,1,7.89,7.89,IC50,B,single protein format,single_protein,8,H,2009,,320.43700000000007,1.2554800000000008,90.43,1,4,4,2,0,0.8235294117647058,0.8439252106472032
CHEMBL232919,CHEMBL232919,C[C@@H]1N[C@H](C(=O)N2CCC[C@H]2C#N)C[C@@H]1C(=O)N1CCC1,,7.89,1,7.89,7.89,IC50,B,single protein format,single_protein,9,D,2007,,290.36700000000013,0.09988000000000041,76.44,1,4,2,3,0,0.8,0.7823479626900064
CHEMBL381665,CHEMBL381665,N[C@@H](CC(=O)N1CCc2sc(-c3ccc(C(F)(F)F)cc3)nc2C1)Cc1cc(F)ccc1F,,7.89,1,7.89,7.89,IC50,B,single protein format,single_protein,9,D,2005,,481.4900000000002,4.951900000000003,59.220000000000006,1,4,5,4,3,0.30434782608695654,0.5248570990090665
CHEMBL169204,CHEMBL169204,CS(=O)(=O)c1ccc(S(=O)(=O)N[C@@H]2CC[C@@H]([C@H](N)C(=O)N3CCCC3)C2)cc1,,7.89,1,7.89,7.89,IC50,B,single protein format,single_protein,8,H,2004,,429.5640000000003,0.48680000000000123,126.64,2,6,6,3,1,0.6111111111111112,0.6774623114703412
CHEMBL232920,CHEMBL232920,C[C@@H]1N[C@H](C(=O)N2CCC[C@H]2C#N)C[C@@H]1C(=O)N1CCCCC1,,7.89,1,7.89,7.89,IC50,B,single protein format,single_protein,9,D,2007,,318.4210000000002,0.88008,76.44,1,4,2,3,0,0.8235294117647058,0.8198491868575097
CHEMBL268359,CHEMBL268359,CS(=O)(=O)c1cccc(-c2ncnc(N3C[C@H](N)[C@@H](c4cc(F)c(F)cc4F)CC3=O)n2)c1,,7.89,1,7.89,7.89,Ki,B,single protein format,single_protein,9,D,2007,,477.4680000000002,2.2072000000000003,119.14,1,7,4,4,3,0.23809523809523808,0.5724186152222279
CHEMBL1650413,CHEMBL1650413,N#Cc1ccccc1Cn1c(N2CCC[C@@H](N)C2)nc2c(c1=O)CCCC2,,7.89,1,7.89,7.89,IC50,B,single protein format,single_protein,9,D,2011,,363.4650000000002,1.9695799999999994,87.94,1,5,3,4,2,0.47619047619047616,0.9006629842445817
CHEMBL1683572,CHEMBL1683572,Cc1nc(N2C[C@H](N)[C@@H](N3CC(F)(F)CCC3=O)C2)cc(N2CCC(F)(F)C2)n1,,7.89,1,7.89,7.89,IC50,B,single protein format,single_protein,9,D,2011,,416.4230000000002,1.4040199999999992,78.59,1,6,3,4,1,0.7222222222222222,0.7510582477098825
CHEMBL2147081,CHEMBL2220222,CN(C)C(=O)c1ccc2c(c1)c1nc(N3CCC[C@@H](N)C3)n(Cc3ccccc3Cl)c1c(=O)n2C,,7.89,1,7.89,7.89,IC50,B,single protein format,single_protein,9,D,2012,,493.0110000000002,3.2192000000000016,89.39000000000001,1,5,4,5,4,0.34615384615384615,0.4722017222295863
CHEMBL4081741,CHEMBL4081741,Cc1ccc(-c2c(CN)c(CC(C)C)nc3ccc(OCCCCC(N)=O)cc23)cc1,,7.89,1,7.89,7.89,IC50,B,assay format,other,9,D,2017,,419.5690000000003,4.901820000000004,91.22999999999999,2,4,10,3,3,0.38461538461538464,0.4572126331656851
CHEMBL401709,CHEMBL401709,CC#CCn1c(N2CCCC(N)C2)nc2cnn(Cc3cccc4ccccc34)c(=O)c21,,7.89,1,7.89,7.89,IC50,B,cell-based format,cell_based,9,D,2008,,426.5240000000002,2.7453000000000003,81.97,1,5,4,5,4,0.32,0.5076500543598084
CHEMBL1683557,CHEMBL1683557,N[C@H]1CN(c2cc(-c3cc(F)cc(F)c3F)ncn2)C[C@@H]1c1ccccc1,,7.89,1,7.89,7.89,IC50,B,single protein format,single_protein,9,D,2011,,370.37800000000004,3.4920000000000027,55.04,1,4,3,4,3,0.2,0.7173717007873053
CHEMBL563383,CHEMBL1197233,N[C@H]1Cn2c(nc3cc(C(=O)O)ccc32)C[C@@H]1c1cc(F)c(F)cc1F,,7.89,1,7.89,7.89,IC50,B,single protein format,single_protein,9,D,2009,,361.32300000000004,2.819000000000001,81.14,2,3,2,4,3,0.2222222222222222,0.6880283946247736
CHEMBL1288289,CHEMBL1618540,CN(C)C(=O)Cn1c(=O)n(C)c(=O)c2c1cc(N1CCC[C@@](C)(N)C1)n2Cc1cc(F)ccc1Cl,,7.89,1,7.89,7.89,IC50,B,cell-free format,other,9,D,2010,,504.99400000000037,1.7483000000000006,98.5,1,5,5,4,3,0.4583333333333333,0.5705369370335194
CHEMBL365231,CHEMBL1184715,CC(C)[C@@H](Oc1ccc(CNC(=O)[C@@H]2CCCN2C(=O)CC(N)Cc2ccccc2F)cc1)C(=O)O,,7.89,1,7.89,7.89,IC50,B,single protein format,single_protein,9,D,2004,,499.5830000000002,2.8810000000000002,121.96,3,5,11,3,2,0.4444444444444444,0.43711621174629905
CHEMBL2334695,CHEMBL2334695,N#C[C@@H]1C[C@@H]2C[C@@H]2N1C(=O)[C@@H](N)C1CCN(S(=O)(=O)c2cccc3ccccc23)CC1,,7.89,1,7.89,7.89,Ki,B,single protein format,single_protein,9,D,2013,,438.5530000000002,2.08078,107.5,1,5,4,5,2,0.4782608695652174,0.7863861422775986
CHEMBL2086612,CHEMBL2086612,N#C[C@@H]1CCCN1C(=O)CCNC(=O)c1ccc(C(F)(F)F)cc1,,7.88,1,7.88,7.88,IC50,B,assay format,other,9,D,2012,,339.317,2.33988,73.2,1,3,4,2,1,0.4375,0.9149887837762243
CHEMBL238506,CHEMBL238506,COc1ccc(N2CCN([C@@H]3CN[C@H](C(=O)N4CCSC4)C3)CC2)cc1,,7.87,1,7.87,7.87,IC50,B,cell-free format,other,9,D,2007,,376.52600000000024,1.0806000000000004,48.050000000000004,1,6,4,4,1,0.631578947368421,0.8487238940441266
CHEMBL389624,CHEMBL389624,CCOC(=O)CN(Cc1ccc(C#N)cc1)[C@@H]1CN[C@H](C(=O)N2CCSC2)C1,,7.87,1,7.87,7.87,IC50,B,cell-free format,other,9,D,2007,,402.5200000000002,1.1867799999999995,85.67,1,7,7,3,1,0.55,0.6857637028192474
CHEMBL3687981,CHEMBL3687981,CCN1C(=O)Cn2c1nc1nc(N3CCC[C@@H](NC(=O)OC(C)(C)C)C3)n(Cc3cc(F)ccc3C#N)c1c2=O,,7.87,1,7.87,7.87,IC50,B,single protein format,single_protein,9,D,2015,,550.5950000000004,2.51208,138.38,1,8,5,5,3,0.48148148148148145,0.511498415856592
CHEMBL3813856,CHEMBL3813856,CCN1C(=O)Cn2c1nc1nc(N3CCC[C@@H](N)C3)n(Cc3cc(F)ccc3C#N)c1c2=O,,7.87,1,7.87,7.87,IC50,B,single protein format,single_protein,9,D,2016,,450.47800000000024,0.9460799999999997,126.07,1,7,4,5,3,0.4090909090909091,0.6270006280352342
CHEMBL210999,CHEMBL1182087,CN(C)C(=O)[C@@H](c1ccc(-c2ccn3ncnc3c2)cc1)[C@H](N)C(=O)N1CC[C@H](F)C1,,7.869999999999999,2,7.46,8.28,IC50,B,single protein format,single_protein,9,D,2006,,424.4800000000002,1.4658,96.83,1,5,5,4,3,0.36363636363636365,0.6690414608626287
CHEMBL3942843,CHEMBL3942843,COc1cc2c3c(ccc2cc1NS(C)(=O)=O)O[C@H](c1cc(F)c(F)cc1F)[C@@H](N)C3,,7.865,2,7.52,8.21,IC50,B,cell-based format,cell_based,9,D,2016;2019,,452.4540000000002,3.6407000000000007,90.64999999999999,2,5,4,4,3,0.23809523809523808,0.5901968639995244
CHEMBL2022464,CHEMBL2022464,Cc1cc2c(=O)n(Cc3ccccc3C#N)c(N3CCC[C@@H](N)C3)nc2[nH]1,,7.86,1,7.86,7.86,IC50,B,single protein format,single_protein,9,D,2012,,362.4370000000002,1.8804999999999998,103.72999999999999,2,5,3,4,3,0.35,0.7402772854865385
CHEMBL228243,CHEMBL228243,N#Cc1ccc(CN(CC(N)=O)[C@@H]2CN[C@H](C(=O)N3CCSC3)C2)cc1,,7.86,1,7.86,7.86,IC50,B,cell-free format,other,9,D,2007,,373.4820000000002,0.10898000000000119,102.46,2,6,6,3,1,0.5,0.7337025565369187
CHEMBL241674,CHEMBL241674,O=C([C@@H]1C[C@H](N2CCOCC2)CN1)N1CCSC1,,7.86,1,7.86,7.86,IC50,B,cell-free format,other,9,D,2007,,271.386,-0.4179999999999984,44.81,1,5,2,3,0,0.9166666666666666,0.739099176872695
CHEMBL1779695,CHEMBL1779695,N[C@@H](CC(=O)N1CCN(Cc2ccccc2[N+](=O)[O-])C(=O)C1)Cc1cc(F)c(F)cc1F,,7.86,1,7.86,7.86,IC50,B,single protein format,single_protein,9,D,2011,,450.41700000000026,2.1430000000000007,109.78,1,5,7,3,2,0.3333333333333333,0.3949439412987129
CHEMBL1208901,CHEMBL1208901,COc1ccccc1-c1cn2c(-c3ccc(Cl)cc3Cl)c(CN)c(C)nc2n1,,7.855,4,6.62,8.05,Ki,B,single protein format,single_protein,9,D,2010,,413.3080000000002,5.145820000000003,65.44,1,4,4,4,4,0.14285714285714285,0.5029067594471059
CHEMBL249945,CHEMBL249945,N[C@@H](CC(=O)N1CCn2nc(C(F)(F)F)nc2[C@@H]1C(F)C1CC1)Cc1cc(F)c(F)cc1F,,7.855,2,7.75,7.96,IC50,B,single protein format,single_protein,8,H,2007,,479.40000000000015,3.3057000000000016,77.04,1,4,6,4,2,0.55,0.5097526775966371
CHEMBL142703,CHEMBL142703,N#C[C@@H]1CCCN1C(=O)CNC12CC3CC(CC(O)(C3)C1)C2,VILDAGLIPTIN,7.855,22,6.92,9.24,IC50;Kd;Ki,B,assay format;cell-based format;cell-free format;single protein format,mixed,8;9,D;H,2004;2005;2006;2008;2009;2010;2011;2012;2013;2014;2016;2020;2023,4,303.4060000000001,1.1742799999999989,76.36,2,4,3,5,0,0.8823529411764706,0.8205033024916378
CHEMBL1209537,CHEMBL1209537,Cc1nc2c(-c3ccccc3)cnn2c(-c2ccc(Cl)cc2Cl)c1CN,,7.85,1,7.85,7.85,Ki,B,single protein format,single_protein,9,D,2010,,383.2820000000001,5.137220000000003,56.21,1,3,3,4,4,0.1,0.5331951219685267
CHEMBL3644790,CHEMBL3644790,COCCc1nc2c(c(C(F)(F)F)n1)CCN(C(=O)C[C@H](N)CN1C(=O)CCC(F)(F)[C@@H]1O)C2,,7.85,1,7.85,7.85,IC50,B,single protein format,single_protein,9,D,2013,,495.4490000000003,0.8625,121.88000000000001,2,7,7,3,1,0.7,0.5384653348464137
CHEMBL236719,CHEMBL236719,CC(=O)Nc1cccc(-c2cc(N3C[C@H](c4cc(F)c(F)cc4F)[C@@H](N)C3)ncn2)c1,,7.85,1,7.85,7.85,IC50,B,single protein format,single_protein,9,D,2007,,427.43000000000006,3.450400000000001,84.14,2,5,4,4,3,0.22727272727272727,0.6234277034508497
CHEMBL3084821,CHEMBL3084821,N#C[C@@H]1CCCN1C(=O)CN[C@H]1CC[C@H](Oc2ccc(Cl)cc2)CC1,,7.85,1,7.85,7.85,IC50,B,assay format,other,8,H,2003,,361.87300000000016,3.1341800000000015,65.36,1,4,5,3,1,0.5789473684210527,0.8745562369994183
CHEMBL564043,CHEMBL564043,CS(=O)(=O)c1ccccc1C(=O)NC[C@@H]1CCCN1C(=O)C[C@H](N)Cc1cccc(Cl)c1,,7.85,1,7.85,7.85,IC50,B,single protein format,single_protein,8,H,2009,,478.01400000000024,2.424400000000001,109.57000000000001,2,5,8,3,2,0.391304347826087,0.6063876800231611
CHEMBL1085333,CHEMBL1085333,CC(C)(CC(=O)N1CCOCC1)NCC(=O)N1C[C@@H](F)C[C@H]1C#N,,7.85,3,7.7,7.89,IC50,B,single protein format,single_protein,8,H,2010,,340.399,0.06608000000000214,85.67,1,5,5,2,0,0.8125,0.7652098281037756
CHEMBL1650403,CHEMBL1650403,N#Cc1ccccc1Cn1c(N2CCC[C@@H](N)C2)nccc1=O,,7.85,1,7.85,7.85,IC50,B,single protein format,single_protein,9,D,2011,,309.373,1.09078,87.94,1,5,3,3,2,0.35294117647058826,0.9166958695851121
CHEMBL2021529,CHEMBL2027961,C[C@@H]1CN(C(=O)C[C@H](N)Cc2cc(F)c(F)cc2F)Cc2ccc(C(F)(F)F)n21,,7.85,1,7.85,7.85,IC50,B,single protein format,single_protein,8,H,2008,,419.3690000000001,3.7875000000000023,51.26,1,2,4,3,2,0.42105263157894735,0.6058251183218619
CHEMBL404210,CHEMBL404210,N[C@@H](CC(=O)N1CCn2nc(C(F)(F)F)nc2[C@@H]1C(O)C1CC1)Cc1cc(F)c(F)cc1F,,7.85,1,7.85,7.85,IC50,B,single protein format,single_protein,8,H,2007,,477.40900000000016,2.3285,97.27000000000001,2,5,6,4,2,0.55,0.4919257577992058
CHEMBL1650441,CHEMBL1650441,Cn1c(=O)cc(N2CCC[C@@H](N)C2)n(Cc2cc(F)ccc2Cl)c1=O,,7.85,1,7.85,7.85,IC50,B,single protein format,single_protein,9,D,2011,,366.824,1.3153000000000001,73.26,1,4,3,3,2,0.4117647058823529,0.8886736287670117
CHEMBL3962719,CHEMBL3962719,Cc1cc2ccccc2c(Cn2c(=O)c3c(nc(N4CCC[C@@H](N)C4)n3Cc3ccccc3Br)n(C)c2=O)n1,,7.85,1,7.85,7.85,IC50,B,single protein format,single_protein,8,H,2016,,588.5100000000001,3.539920000000002,103.97000000000001,1,6,5,6,5,0.3103448275862069,0.3371218841302916
CHEMBL2334691,CHEMBL2334691,N#C[C@@H]1C[C@@H]2C[C@@H]2N1C(=O)[C@@H](N)C1CCN(C(=O)c2ccccc2)CC1,,7.85,1,7.85,7.85,Ki,B,single protein format,single_protein,9,D,2013,,352.4380000000001,1.37908,90.43,1,4,3,4,1,0.55,0.889661430171825
CHEMBL475870,CHEMBL1186745,COC[C@@H]1CCCN1C(=O)CC(C)(C)[C@H](N)C(=O)N1CCC[C@H]1C#N,,7.85,1,7.85,7.85,IC50,B,single protein format,single_protein,8,H,2009,,350.46300000000014,0.8819800000000014,99.66,1,5,6,2,0,0.8333333333333334,0.7664604647279221
CHEMBL2334686,CHEMBL2334686,CC(=O)N1CCC([C@H](N)C(=O)N2[C@H](C#N)C[C@@H]3C[C@@H]32)CC1,,7.85,1,7.85,7.85,Ki,B,single protein format,single_protein,9,D,2013,,290.3670000000001,0.0851800000000007,90.43,1,4,2,3,0,0.8,0.7798053122914197
CHEMBL2147080,CHEMBL2220221,Cn1c(=O)c2c(nc(N3CCC[C@@H](N)C3)n2Cc2ccccc2Cl)c2cc(C(N)=O)ccc21,,7.85,1,7.85,7.85,IC50,B,single protein format,single_protein,9,D,2012,,464.9570000000001,2.6163,112.17000000000002,2,5,4,5,4,0.2916666666666667,0.48178706997668264
CHEMBL183207,CHEMBL183207,CS(=O)(=O)Nc1cccc(NC(=O)CN2CCN(C(=O)C[C@H](N)Cc3ccccc3F)[C@H](Cc3ccccc3)C2)c1,,7.85,1,7.85,7.85,IC50,B,single protein format,single_protein,8,H,2004,,581.7140000000003,2.851300000000003,124.83999999999999,3,6,11,4,3,0.3333333333333333,0.3199829807675165
CHEMBL3650437,CHEMBL3650437,Cn1c2nc(C#N)cc-2c(N2CCC[C@@H](N)C2)n(Cc2cc(F)ccc2C#N)c1=O,,7.85,1,7.85,7.85,IC50,B,single protein format,single_protein,9,D,2014,,405.4370000000001,1.5448599999999995,116.66,1,6,3,4,1,0.3333333333333333,0.7065290448771967
CHEMBL3675634,CHEMBL3675634,Cc1nc(CN2C(=O)c3c(nc(N4CCC[C@@H](N)C4)n3CC3CC3(F)F)N3CCN=C23)nc2ccccc12,,7.85,1,7.85,7.85,IC50,B,single protein format,single_protein,9,D,2014,,521.5760000000002,2.5494200000000005,108.77,1,8,5,7,3,0.5,0.5497383551009273
CHEMBL1909647,CHEMBL1909647,Cc1nc2c(c(-c3ccc(Cl)cc3Cl)c1CN)CNC2=O,,7.85,1,7.85,7.85,Ki,B,single protein format,single_protein,8,H,2011,,322.19500000000005,3.065920000000001,68.00999999999999,2,3,2,3,2,0.2,0.8927482609130611
CHEMBL2441842,CHEMBL2441842,Cc1nc2c(c(-c3ccc(Cl)cc3Cl)c1CN)C(=O)NC2,,7.85,1,7.85,7.85,Ki,B,single protein format,single_protein,9,D,2013,,322.19500000000005,3.065920000000001,68.00999999999999,2,3,2,3,2,0.2,0.8927482609130611
CHEMBL217016,CHEMBL217016,C[C@@H]1C(=O)NCCCN1C(=O)C[C@H](N)Cc1cc(F)ccc1F,,7.85,1,7.85,7.85,IC50,B,single protein format,single_protein,9,D,2007,,325.359,0.9617000000000006,75.43,2,3,4,2,1,0.5,0.8657695726880331
CHEMBL1083032,CHEMBL1083032,N#C[C@@H]1CCCN1C(=O)CN[C@@H]1C[C@@H]2CN(C(=O)CO)C[C@@H]2C1,,7.85,1,7.85,7.85,IC50,B,single protein format,single_protein,8,H,2010,,320.39300000000014,-0.6801199999999985,96.67,2,5,4,3,0,0.8125,0.715292613674311
CHEMBL3979508,CHEMBL3979508,N[C@H]1Cc2c(ccc3cc(Br)ccc23)O[C@@H]1c1cc(F)c(F)cc1F,,7.85,2,7.41,8.29,IC50,B,cell-based format,cell_based,9,D,2016;2019,,408.21700000000004,5.023100000000002,35.25,1,2,1,4,3,0.15789473684210525,0.5741507005051838
CHEMBL552479,CHEMBL1194356,N[C@H]1Cn2c(nc3cc(C(F)(F)F)ccc32)C[C@@H]1c1cc(F)c(F)cc1F,,7.85,1,7.85,7.85,IC50,B,single protein format,single_protein,9,D,2009,,385.31100000000004,4.139600000000002,43.84,1,2,1,4,3,0.2777777777777778,0.5055392278930573
CHEMBL230883,CHEMBL1182333,N#Cc1ccc(N2CC[C@H](c3cc(F)c(F)cc3F)[C@@H](N)C2)nc1,,7.85,1,7.85,7.85,IC50,B,single protein format,single_protein,8,H,2007,,332.32900000000006,2.6917800000000005,65.94,1,4,2,3,2,0.29411764705882354,0.8589114508069252
CHEMBL4250492,CHEMBL4250492,N[C@@H](CCn1cc(-c2ccncc2)nn1)Cc1cc(F)c(F)cc1F,,7.85,1,7.85,7.85,IC50,B,single protein format,single_protein,9,D,2018,,347.34400000000005,2.7175000000000002,69.62,1,4,6,3,3,0.23529411764705882,0.6962893354682838
CHEMBL238026,CHEMBL238026,N[C@H](C(=O)N1CC[C@@H]2C[C@@H]21)C12CC3CC(O)(CC(O)(C3)C1)C2,,7.85,1,7.85,7.85,Ki,B,single protein format,single_protein,9,D,2007,,306.40600000000006,0.3806999999999997,86.79,3,4,2,6,0,0.9411764705882353,0.6882474259892976
CHEMBL256729,CHEMBL256729,CC#CCn1c(N2CCCC(N)C2)nc2cnn(CC3=Nc4ccccc4Oc4ccccc43)c(=O)c21,,7.85,1,7.85,7.85,IC50,B,cell-based format,cell_based,9,D,2008,,493.5710000000003,3.470500000000002,103.56,1,7,4,6,4,0.2857142857142857,0.4368495648261403
CHEMBL5275234,CHEMBL5275234,Cc1c(-c2c(S(=O)(=O)c3ccccc3)cnc3nnnn23)c(=O)n(-c2ccccc2)n1C,,7.85,1,7.85,7.85,IC50,B,single protein format,single_protein,9,D,2021,,447.48000000000013,1.8169199999999994,117.04000000000002,0,7,4,5,5,0.09523809523809523,0.41238853670058334
CHEMBL5266987,CHEMBL5315589,CO[C@@H]1CCCN1C(=O)CC(C)(C)[C@H](N)C(=O)N1CCC[C@H]1C#N,,7.85,1,7.85,7.85,IC50,B,single protein format,single_protein,9,D,2021,,336.43600000000015,0.839480000000001,99.66,1,5,5,2,0,0.8235294117647058,0.8017367088074153
CHEMBL3697939,CHEMBL3697939,CS(=O)(=O)n1cc2c(n1)CN([C@@H]1C[C@H](N)C(c3cc(F)ccc3F)N(C(=O)C(F)(F)F)C1)C2,,7.84,1,7.84,7.84,IC50,B,assay format,other,9,D,2014,,493.45800000000014,1.5163999999999995,101.53,1,6,3,4,2,0.47368421052631576,0.651111276565759
CHEMBL2346929,CHEMBL2346929,CC#CCn1c(N2CCC[C@@H](N)C2)nc2ccn(Cc3ccc4cc(F)ccc4n3)c2c1=O,,7.84,1,7.84,7.84,IC50,B,single protein format,single_protein,9,D,2013,,444.51400000000024,2.8844000000000003,81.97,1,5,4,5,4,0.32,0.48972795355431353
CHEMBL3654427,CHEMBL3654427,CS(=O)(=O)n1cc2c(n1)CN([C@H]1CCS[C@H](c3cc(F)ccc3F)[C@@H](N)C1)C2,,7.84,1,7.84,7.84,IC50,B,assay format,other,9,D,2015,,428.53000000000014,2.2488,81.22,1,6,3,4,2,0.5,0.8077206896975583
CHEMBL210829,CHEMBL1182084,CN(C)C(=O)[C@@H](c1ccc(-c2ccn3ncnc3c2)cc1)[C@H](N)C(=O)N1CCC(F)(F)C1,,7.84,2,7.47,8.21,IC50,B,single protein format,single_protein,9,D,2006,,442.4700000000002,1.763,96.83,1,5,5,4,3,0.36363636363636365,0.6496511987993018
CHEMBL2086616,CHEMBL2086616,N#C[C@@H]1CCCN1C(=O)c1ccc(NC(=O)c2ccc(C(F)(F)F)cc2)cc1,,7.84,1,7.84,7.84,IC50,B,assay format,other,9,D,2012,,387.36100000000005,4.085880000000003,73.2,1,3,3,3,2,0.25,0.8623347832965068
CHEMBL3910262,CHEMBL3910262,CS(=O)(=O)c1cccc(-c2ccc3ccc4c(c3c2)C[C@@H](N)[C@H](c2cc(F)c(F)cc2F)O4)c1,,7.84,1,7.84,7.84,IC50,B,cell-based format,cell_based,9,D,2016,,483.5110000000002,5.331100000000005,69.39,1,4,3,5,4,0.15384615384615385,0.4000842640286432
CHEMBL5861052,CHEMBL5861052,N[C@H]1C[C@@H](N2CC=C(c3ncc(N4CC[C@](O)(C(=O)NCc5cc(F)cc(Cl)c5)C4=O)cn3)CC2)CO[C@@H]1c1cc(F)ccc1F,,7.83,1,7.83,7.83,IC50,B,single protein format,single_protein,9,D,2020,,657.0930000000002,3.278100000000001,133.91,3,8,7,6,3,0.375,0.3302613959331303
CHEMBL230496,CHEMBL230496,C[C@@H]1CCN(C(=O)C[C@H](N)Cc2cc(F)c(F)cc2F)[C@H](C)C(=O)N1,,7.82,1,7.82,7.82,IC50,B,single protein format,single_protein,8,H,2007,,357.376,1.4893,75.42999999999999,2,3,4,2,1,0.5294117647058824,0.801988315585404
CHEMBL404326,CHEMBL404326,CC#CCn1c(N2CCCC(N)C2)nc2c1c(=O)n(Cc1cccc3ccccc13)c(=O)n2C,,7.82,1,7.82,7.82,IC50,B,cell-based format,cell_based,9,D,2008,,456.5500000000002,2.049,91.08000000000001,1,5,4,5,4,0.34615384615384615,0.474851480771674
CHEMBL228004,CHEMBL228004,N#Cc1ccccc1Cn1c(N2CCC[C@@H](N)C2)nc2cc(Cl)ccc2c1=O,,7.82,1,7.82,7.82,IC50,B,single protein format,single_protein,9,D,2007,,393.87800000000004,2.897380000000001,87.94,1,5,3,4,3,0.2857142857142857,0.7387003068093123
CHEMBL2441837,CHEMBL2441837,COC[C@H](C)N1Cc2nc(C)c(CN)c(-c3ccc(Cl)cc3Cl)c2C1=O,,7.82,2,7.51,8.13,Ki,B,single protein format,single_protein,9,D,2013,,394.30200000000013,3.813220000000002,68.44999999999999,1,4,5,3,2,0.3684210526315789,0.837517072329311
CHEMBL2334679,CHEMBL2334679,CCC1([C@H](N)C(=O)N2[C@H](C#N)C[C@@H]3C[C@@H]32)CCN(S(=O)(=O)c2ccc(Cl)cc2)CC1,,7.82,1,7.82,7.82,Ki,B,single protein format,single_protein,9,D,2013,,450.9920000000002,2.36118,107.5,1,5,5,4,1,0.6190476190476191,0.740348217682289
CHEMBL392432,CHEMBL392432,NC1CN(c2cc(-c3ccsc3)ncn2)CC1c1ccc(Cl)cc1Cl,,7.82,1,7.82,7.82,Ki,B,single protein format,single_protein,9,D,2007,,391.3270000000001,4.443000000000003,55.04,1,5,3,4,3,0.2222222222222222,0.7172058412752564
CHEMBL1929391,CHEMBL1962784,Cc1c(C(=O)NCC(C)(C)NCC(=O)N2CCC[C@H]2C#N)cnc2cc(C(C)(C)C)nn12,,7.82,1,7.82,7.82,IC50,B,single protein format,single_protein,9,D,2011,,439.56400000000014,1.9477999999999998,115.42,2,6,6,3,2,0.6086956521739131,0.7107958390056832
CHEMBL194428,CHEMBL194428,NCC[C@H](N)C(=O)N1CCC[C@@H]1B(O)O,,7.82,1,7.82,7.82,IC50,B,single protein format,single_protein,9,D,2005,,215.06199999999998,-2.334499999999998,112.81,4,5,4,1,0,0.875,0.3925186823013975
CHEMBL231117,CHEMBL231117,C[C@@H]1C(=O)N(CCO)CCCN1C(=O)C[C@H](N)Cc1cc(F)c(F)cc1F,,7.82,1,7.82,7.82,IC50,B,single protein format,single_protein,8,H,2007,,387.40200000000004,0.8055000000000007,86.87,2,4,6,2,1,0.5555555555555556,0.7074693623276049
CHEMBL1951426,CHEMBL1951426,CC#CCn1c(N2CCC[C@H](N)C2)c(C#N)c2ncn(CC(=O)c3cccc(OC)c3)c(=O)c21,,7.82,1,7.82,7.82,IC50,B,single protein format,single_protein,9,D,2012,,458.5220000000003,1.9119799999999991,119.17000000000002,1,7,6,4,3,0.36,0.44260910110675705
CHEMBL399615,CHEMBL399615,CC(C)(C)NCC(=O)N1CCC[C@H]1C(=O)c1noc(-c2ccc(F)cc2)n1,,7.82,1,7.82,7.82,IC50,B,single protein format,single_protein,9,D,2007,,374.416,2.4375,88.33,1,6,5,3,2,0.47368421052631576,0.8089755732247903
CHEMBL394932,CHEMBL394932,CCN(C)C(=O)[C@H]1C[C@@H](C(=O)N2CCC[C@H]2C#N)N[C@H]1C,,7.82,1,7.82,7.82,IC50,B,single protein format,single_protein,9,D,2007,,292.3829999999999,0.3458800000000007,76.44,1,4,3,2,0,0.8,0.8139003378863605
CHEMBL201644,CHEMBL201644,CC(C)(CC(=O)N1Cc2ccccc2C1)NCC(=O)N1CCC[C@H]1C#N,,7.82,1,7.82,7.82,IC50,B,single protein format,single_protein,9,D,2006,,354.4540000000002,1.80168,76.44,1,4,5,3,1,0.55,0.8747371184089114
CHEMBL5220348,CHEMBL5220348,CC(C)=CCC/C(C)=C/OC(=O)[C@@H]1CCCN1C(=O)[C@@H](N)CCCCN,,7.82,1,7.82,7.82,IC50,B,single protein format,single_protein,9,D,2022,,365.5180000000002,2.6270999999999995,98.64999999999999,2,5,10,1,0,0.7,0.2682970814888867
CHEMBL517776,CHEMBL517776,CC(C)(CC(=O)N[C@H]1C[C@@H]1c1cccc(Cl)c1)NCC(=O)N1C[C@@H](F)C[C@H]1C#N,,7.82,1,7.82,7.82,IC50,B,single protein format,single_protein,9,D,2009,,420.9160000000002,2.5329800000000002,85.23,2,4,7,3,1,0.5714285714285714,0.7094067646575879
CHEMBL562467,CHEMBL562467,N[C@@H](CC(=O)N1CCC[C@H]1CNc1ccc(C(F)(F)F)nc1)Cc1cc(F)c(F)cc1F,,7.82,1,7.82,7.82,IC50,B,single protein format,single_protein,8,H,2009,,460.42200000000014,3.8807000000000027,71.25,2,4,7,3,2,0.42857142857142855,0.48615868715274635
CHEMBL2147774,CHEMBL2147774,Cc1cc(N2CCN([C@@H]3CN[C@H](C(=O)N4CCSC4)C3)CC2)n(-c2ccc(C#N)cn2)n1,,7.82,1,7.82,7.82,IC50,B,single protein format,single_protein,9,D,2012,,452.58800000000025,0.8328000000000011,93.32,1,8,4,5,2,0.5454545454545454,0.7293950644361838
CHEMBL474800,CHEMBL1186694,N#C[C@@H]1CCCN1C(=O)[C@@H](N)CCC(=O)N1CCCCC1,,7.82,1,7.82,7.82,IC50,B,single protein format,single_protein,8,H,2009,,292.3830000000001,0.6209799999999999,90.42999999999999,1,4,4,2,0,0.8,0.8221282490665898
CHEMBL4856604,CHEMBL4856604,COC(=O)c1cccc(Cn2c(=O)cc(N3CCC[C@@H](N)C3)n(Cc3ccccc3C#N)c2=O)c1,,7.82,1,7.82,7.82,IC50,B,single protein format,single_protein,9,D,2021,,473.53300000000024,1.6923799999999998,123.35,1,7,6,4,3,0.3076923076923077,0.5405338872989579
CHEMBL330373,CHEMBL330373,N#C[C@@H]1CCCN1C(=O)CNC1CC2CCC1C2,,7.82,1,7.82,7.82,IC50,B,assay format,other,8,H,2003,,247.34199999999998,1.2791799999999993,56.13,1,3,3,3,0,0.8571428571428571,0.8170450309831061
CHEMBL3084949,CHEMBL3084949,N[C@H](C(=O)N1CCSC1)[C@H]1CC[C@H](NC(=O)c2cccc3ccccc23)CC1,,7.82,1,7.82,7.82,IC50,B,single protein format,single_protein,8,H,2004,,397.54400000000015,2.9886000000000017,75.43,2,4,4,4,2,0.45454545454545453,0.8316635574968056
CHEMBL557447,CHEMBL1196578,N[C@H]1Cn2c(nc3cnc(Cl)cc32)C[C@@H]1c1cc(F)c(F)cc1F,,7.82,1,7.82,7.82,IC50,B,single protein format,single_protein,9,D,2009,,352.747,3.169200000000002,56.730000000000004,1,3,1,4,3,0.25,0.540378847903665
CHEMBL4174924,CHEMBL4174924,Cn1cnc2nc(N3CCC[C@@H](N)C3)n(Cc3cc(F)ccc3C#N)c(=O)c21,,7.82,1,7.82,7.82,IC50,B,single protein format,single_protein,9,D,2017,,381.4150000000001,1.11658,105.75999999999999,1,6,3,4,3,0.3684210526315789,0.728696781973661
CHEMBL2063037,CHEMBL2063037,O=C([C@@H]1C[C@H](O)CN1)N1C[C@@H](O)C[C@H]1B(O)O,,7.82,1,7.82,7.82,IC50,B,cell-based format,cell_based,9,D,2012,,244.056,-3.3169999999999975,113.26,5,6,2,2,0,0.8888888888888888,0.32482645777479163
CHEMBL474767,CHEMBL474767,Cc1ncsc1[C@H]1C[C@@H]1NC(=O)CC(C)(C)NCC(=O)N1C[C@@H](F)C[C@H]1C#N,,7.82,3,7.8,8.0,IC50,B,single protein format,single_protein,9,D,2009,,407.5150000000002,1.6444999999999994,98.12,2,6,7,3,1,0.6842105263157895,0.7161311364578258
CHEMBL1683980,CHEMBL1739385,COC(=O)c1nnn2c1CN(C(=O)C[C@H](N)Cc1cc(F)c(F)cc1F)CC2,,7.82,1,7.82,7.82,IC50,B,single protein format,single_protein,9,D,2011,,397.3570000000001,0.7842999999999997,103.33999999999999,1,6,5,3,2,0.4117647058823529,0.590977446214597
CHEMBL2418627,CHEMBL3039702,N#C[C@@H]1CCCN1C(=O)[C@@H](N)Cc1ccc(-c2cn(Cc3ccccc3Cl)nn2)cc1,,7.82,1,7.82,7.82,IC50,B,single protein format,single_protein,9,D,2013,,434.93100000000015,3.031180000000001,100.83000000000001,1,5,6,4,3,0.30434782608695654,0.6421390001165833
CHEMBL210278,CHEMBL210278,N#C[C@@H]1CCCN1C(=O)[C@@H]1CC[C@H](CNC(=O)Nc2ccccc2)N1,,7.82,1,7.82,7.82,Ki,B,single protein format,single_protein,9,D,2006,,341.415,1.44328,97.26,3,4,4,3,1,0.5,0.771861319993218
CHEMBL237786,CHEMBL237786,COc1ccc(-c2cc(N3C[C@H](c4cc(F)c(F)cc4F)[C@@H](N)C3)ncn2)cn1,,7.81,2,7.43,8.19,IC50,B,single protein format,single_protein,9,D,2007,,401.39200000000005,2.895600000000001,77.16000000000001,1,6,4,4,3,0.25,0.677781351341816
CHEMBL2347038,CHEMBL2347038,CC#CCn1c(N2CCC[C@@H](N)C2)nc2ccn(Cc3nc4ccccc4nc3C)c2c1=O,,7.81,1,7.81,7.81,IC50,B,single protein format,single_protein,9,D,2013,,441.53900000000027,2.44872,94.86000000000001,1,6,4,5,4,0.36,0.4890379257591644
CHEMBL3580782,CHEMBL3580782,N[C@@H](CC(=O)N1CC(=O)Nc2cc(Br)ccc2C1)[C@H]1CCc2cc(F)c(F)cc21,,7.81,1,7.81,7.81,IC50,B,cell-based format,cell_based,9,D,2015,,464.31000000000023,3.455400000000002,75.43,2,3,3,4,2,0.3333333333333333,0.731089752542672
CHEMBL260197,CHEMBL260197,CC[C@@H]1N[C@H](C(=O)N2CCC[C@H]2C#N)C[C@@H]1C(=O)N(C)C,,7.8,1,7.8,7.8,IC50,B,single protein format,single_protein,9,D,2008,,292.383,0.34588000000000063,76.44,1,4,3,2,0,0.8,0.8139003378863605
CHEMBL96459,CHEMBL96459,CC1C(NCC(=O)N2CCC[C@H]2C#N)CC2CC1C2(C)C,,7.8,1,7.8,7.8,IC50,B,assay format,other,8,H,2003,,289.42300000000006,2.1612799999999996,56.13,1,3,3,4,0,0.8823529411764706,0.8659705447639334
CHEMBL1909990,CHEMBL1909990,COc1cccc(N2Cc3c(nc(C)c(CN)c3-c3ccc(Cl)cc3Cl)C2=O)c1,,7.8,1,7.8,7.8,Ki,B,single protein format,single_protein,8,H,2011,,428.31900000000013,4.991520000000004,68.44999999999999,1,4,4,4,3,0.18181818181818182,0.6358128360335762
CHEMBL237547,CHEMBL237547,CC(=O)N[C@H]1CC[C@H]([C@H](C)[C@H](N)C(=O)N2CC[C@H](F)C2)CC1,,7.8,1,7.8,7.8,IC50,B,single protein format,single_protein,9,D,2007,,313.4170000000001,1.2151000000000003,75.42999999999999,2,3,4,2,0,0.875,0.8191097573135119
CHEMBL2206475,CHEMBL2206475,N[C@@H](CC(=O)NC1(c2nc(-c3ccccc3)cs2)CCS(=O)(=O)CC1)Cc1cc(F)c(F)cc1F,,7.8,1,7.8,7.8,IC50,B,single protein format,single_protein,9,D,2012,,523.6020000000004,3.707600000000002,102.15,2,6,7,4,3,0.3333333333333333,0.4600118465043869
CHEMBL3913618,CHEMBL3913618,C#CCn1c(=O)n(C)c(=O)c2c1nc(N1CCCC(N)C1)n2Cc1ccccc1C#N,,7.8,1,7.8,7.8,IC50,B,single protein format,single_protein,8,H,2016,,417.4730000000001,0.3773800000000014,114.87,1,6,4,4,3,0.36363636363636365,0.6138769367676077
CHEMBL218459,CHEMBL218459,CC[C@@H]1C(=O)NCCCN1C(=O)C[C@H](N)Cc1cc(F)c(F)cc1F,,7.8,1,7.8,7.8,IC50,B,single protein format,single_protein,9,D,2007,,357.376,1.4909000000000001,75.43,2,3,5,2,1,0.5294117647058824,0.7843167864559684
CHEMBL474025,CHEMBL1186663,CC(C)(CC(=O)N1CCc2ccccc2C1)[C@H](N)C(=O)N1CCC[C@H]1C#N,,7.8,1,7.8,7.8,IC50,B,single protein format,single_protein,8,H,2009,,368.4810000000002,1.8294799999999998,90.43,1,4,4,3,1,0.5714285714285714,0.8777312495193911
CHEMBL244843,CHEMBL244843,N#C[C@@H]1CCCN1C(=O)[C@@H]1C[C@@H](c2ccccc2)CN1,,7.8,1,7.8,7.8,IC50,B,single protein format,single_protein,9,D,2007,,269.348,1.6466799999999997,56.13,1,3,2,3,1,0.5,0.8878194250730265
CHEMBL567728,CHEMBL567728,CC(C)(F)c1nc([C@@H]2CCCN2C(=O)C[C@H](N)Cc2cc(F)c(F)cc2F)no1,,7.8,1,7.8,7.8,IC50,B,assay format,other,9,D,2009,,414.403,3.315100000000001,85.25,1,5,6,3,2,0.5263157894736842,0.5790899898265532
CHEMBL228312,CHEMBL1182301,N[C@H]1CN(c2ccc3nnc(-c4ccc(F)cc4)n3n2)CC[C@@H]1c1cc(F)c(F)cc1F,,7.8,1,7.8,7.8,IC50,B,single protein format,single_protein,8,H,2007,,442.42000000000013,3.6689000000000025,72.34,1,5,3,5,4,0.22727272727272727,0.38731458168872285
CHEMBL1229855,CHEMBL1229855,CC(=O)N(C)[C@H]1CC[C@H]([C@H](C)[C@H](N)C(=O)N2CC[C@H](F)C2)CC1,,7.8,1,7.8,7.8,IC50,B,single protein format,single_protein,9,D,2013,,327.4440000000001,1.5572999999999992,66.64,1,3,4,2,0,0.8823529411764706,0.851922817177938
CHEMBL260702,CHEMBL260702,CCN(CC#N)C(=O)[C@@H]1C[C@H](C(=O)N2CCCC2)[C@H](C)N1,,7.8,1,7.8,7.8,IC50,B,single protein format,single_protein,9,D,2008,,292.3829999999999,0.3474800000000005,76.44,1,4,4,2,0,0.8,0.758496061413351
CHEMBL508845,CHEMBL508845,CC(C)(/C=C/c1ccccc1)NCC(=O)N1C[C@@H](F)C[C@H]1C#N,,7.8,1,7.8,7.8,IC50,B,cell-free format,other,9,D,2008,,315.39200000000005,2.5305800000000005,56.13,1,3,5,2,1,0.4444444444444444,0.908220102452651
CHEMBL1688425,CHEMBL1688425,Cc1nc(C(N)=O)cc(-c2ccc(Cl)cc2Cl)c1CN,,7.8,1,7.8,7.8,IC50,B,single protein format,single_protein,9,D,2010,,310.1840000000001,2.9214200000000003,82.0,2,3,3,2,2,0.14285714285714285,0.9141669574695553
CHEMBL3806179,CHEMBL3806179,Cc1cc2ncc3c(n2n1)CN([C@@H]1CC[C@H](c2cc(F)ccc2F)[C@@H](N)C1)C3,,7.8,1,7.8,7.8,IC50,B,single protein format,single_protein,9,D,2016,,383.44600000000014,3.2951200000000016,59.45,1,4,2,5,3,0.42857142857142855,0.7377587532469836
CHEMBL9408,CHEMBL1177978,COC(=O)c1ccc(OP(=O)(Oc2ccc(C(=O)OC)cc2)C2CCCN2C(=O)C2CCCN2)cc1,,7.8,1,7.8,7.8,IC50,B,single protein format,single_protein,8,H,1999,,516.4870000000004,3.611200000000002,120.47,1,9,8,4,2,0.4,0.41433329913628547
CHEMBL2063038,CHEMBL2063038,O=C([C@@H]1C[C@H](O)CN1)N1C[C@H](O)C[C@H]1B(O)O,,7.8,1,7.8,7.8,IC50,B,cell-based format,cell_based,9,D,2012,,244.056,-3.3169999999999975,113.26,5,6,2,2,0,0.8888888888888888,0.32482645777479163
CHEMBL2147195,CHEMBL2220252,COC(=O)c1ccc2c3nc(N4CCC[C@@H](N)C4)n(Cc4ccccc4Cl)c3c(=O)n(C)c2c1,,7.8,1,7.8,7.8,IC50,B,single protein format,single_protein,9,D,2012,,479.96800000000013,3.304000000000001,95.38,1,6,4,5,4,0.32,0.45110440749683567
CHEMBL2153743,CHEMBL2153743,COC(=O)c1ccc(OP(=O)(Oc2ccc(C(=O)OC)cc2)C2CCCN2C(=O)[C@@H]2CCCN2)cc1,,7.8,1,7.8,7.8,IC50,B,single protein format,single_protein,8,H,2011,,516.4870000000004,3.611200000000002,120.47,1,9,8,4,2,0.4,0.41433329913628547
CHEMBL234158,CHEMBL234158,N#C[C@@H]1CCCN1C(=O)[C@@H]1C[C@H](CC(=O)O)CN1,,7.8,1,7.8,7.8,IC50,B,single protein format,single_protein,9,D,2007,,251.286,-0.04621999999999987,93.43,2,4,3,2,0,0.75,0.733402929025241
CHEMBL2418634,CHEMBL3040792,COc1ccc(Cn2cc(-c3ccc(C[C@H](N)C(=O)N4CCC[C@H]4C#N)cc3)nn2)cc1OC,,7.8,1,7.8,7.8,IC50,B,single protein format,single_protein,9,D,2013,,460.53800000000024,2.3949800000000003,119.29,1,7,8,4,3,0.36,0.5480639973225132
CHEMBL1683996,CHEMBL1739486,N[C@@H](CC(=O)N1CCn2nnc(-c3ccco3)c2C1)Cc1cc(F)c(F)cc1F,,7.8,1,7.8,7.8,IC50,B,single protein format,single_protein,9,D,2011,,405.38000000000017,2.2577000000000007,90.18,1,5,5,4,3,0.3157894736842105,0.6579490183139476
CHEMBL5881243,CHEMBL5881243,N[C@H]1C[C@@H](N2CCN(c3ncc(N4CCC(O)(C(=O)NCc5cccc(F)c5F)C4=O)cn3)CC2)CO[C@@H]1c1cc(F)ccc1F,,7.79,1,7.79,7.79,IC50,B,single protein format,single_protein,9,D,2020,,643.6420000000003,1.7967000000000009,137.15,3,9,7,6,3,0.41935483870967744,0.2601587295761558
CHEMBL552068,CHEMBL1194345,N[C@H]1Cn2c(nc3cnccc32)C[C@@H]1c1cc(F)c(F)cc1F,,7.785,6,6.95,8.17,EC50;IC50,B,single protein format,single_protein,9,D,2009;2013,,318.302,2.5158000000000005,56.730000000000004,1,3,1,4,3,0.25,0.7015293100016102
CHEMBL236705,CHEMBL236705,N[C@H]1CN(c2cc(-c3ccccc3)ncn2)C[C@@H]1c1cc(F)c(F)cc1F,,7.785,2,7.68,7.89,IC50,B,single protein format,single_protein,9,D,2007,,370.37800000000004,3.4920000000000027,55.04,1,4,3,4,3,0.2,0.7173717007873053
CHEMBL5964362,CHEMBL5964362,N[C@H]1C[C@@H](N2CCN(c3ncc(N4CCC(O)(C(=O)NCc5cc(F)cc(F)c5F)C4=O)cn3)CC2)CO[C@@H]1c1cc(F)ccc1F,,7.78,1,7.78,7.78,IC50,B,single protein format,single_protein,9,D,2020,,661.6320000000003,1.9358000000000002,137.15,3,9,7,6,3,0.41935483870967744,0.19724037607052075
CHEMBL227482,CHEMBL227482,N#Cc1ccc(CN(CC(=O)O)[C@@H]2CN[C@H](C(=O)N3CCSC3)C2)cc1,,7.78,1,7.78,7.78,IC50,B,cell-free format,other,9,D,2007,,374.4660000000002,0.7082800000000007,96.67,2,6,6,3,1,0.5,0.7567834715200615
CHEMBL559477,CHEMBL1197109,N[C@H]1Cn2c(nc3cnc(F)cc32)C[C@@H]1c1cc(F)c(F)cc1F,,7.779999999999999,2,7.64,7.92,IC50,B,single protein format,single_protein,9,D,2009,,336.29200000000003,2.6549000000000005,56.730000000000004,1,3,1,4,3,0.25,0.42223016171052363
CHEMBL566419,CHEMBL566419,N[C@@H](CC(=O)N1CCC[C@H]1c1noc(C2CC2)n1)Cc1cc(F)c(F)cc1F,,7.77,1,7.77,7.77,IC50,B,assay format,other,9,D,2009,,394.3970000000001,2.9879000000000007,85.25000000000001,1,5,6,4,2,0.5263157894736842,0.7616652420403585
CHEMBL3093902,CHEMBL3093902,N#C[C@@H]1C[C@H](F)CN1C(=O)[C@@H](N)Cc1ccccc1,,7.77,1,7.77,7.77,IC50,B,assay format,other,9,D,2013,,261.3,1.01898,70.12,1,3,3,2,1,0.42857142857142855,0.882710474508978
CHEMBL3084952,CHEMBL3084952,N[C@H](C(=O)N1CCSC1)[C@H]1CC[C@H](NC(=O)OCc2cccc3ccccc23)CC1,,7.77,1,7.77,7.77,IC50,B,single protein format,single_protein,8,H,2004,,427.5700000000002,3.485000000000002,84.66000000000001,2,5,5,4,2,0.4782608695652174,0.7631084598569291
CHEMBL4071958,CHEMBL4116738,Cc1ccc(-c2c(CN)c(CC(C)C)nc3ccc(OCCCC(=O)O)cc23)cc1,,7.77,1,7.77,7.77,IC50,B,assay format,other,9,D,2017,,406.52600000000024,5.111020000000004,85.44000000000001,2,4,9,3,3,0.36,0.4823243464925111
CHEMBL3084814,CHEMBL3084814,C[C@]12C[C@@H]3C[C@](C)(C1)C[C@](NCC(=O)N1CCC[C@H]1C#N)(C3)C2,,7.77,1,7.77,7.77,IC50,B,assay format,other,8,H,2003,,315.46100000000007,2.8395800000000007,56.13,1,3,3,5,0,0.8947368421052632,0.8710595663653188
CHEMBL584698,CHEMBL584698,N[C@@H](CC(=O)N1CCC[C@H]1c1noc(C2(O)CC2)n1)Cc1cc(F)c(F)cc1F,,7.77,1,7.77,7.77,IC50,B,assay format,other,9,D,2009,,410.3960000000001,2.091899999999999,105.48000000000002,2,6,6,4,2,0.5263157894736842,0.7068586091233401
CHEMBL475634,CHEMBL1186734,N#C[C@@H]1CCCN1C(=O)[C@@H](N)CCC(=O)N1CCOCC1,,7.77,1,7.77,7.77,IC50,B,single protein format,single_protein,8,H,2009,,294.3550000000001,-0.5327199999999994,99.66,1,5,4,2,0,0.7857142857142857,0.7508927185795259
CHEMBL216835,CHEMBL216835,C[C@H](c1nc(-c2ccc(S(C)(=O)=O)cc2Cl)no1)[C@H](N)C(=O)N1CCCC1,,7.77,2,7.77,7.77,IC50,B,assay format;single protein format,mixed,8;9,D;H,2006;2008,,412.8990000000002,1.8466999999999998,119.39,1,7,5,3,2,0.47058823529411764,0.7950011905921739
CHEMBL4100667,CHEMBL4116099,Cc1ccc(-c2c(CN)c(CC(C)C)nc(C)c2C(=O)OCc2ccc(C(=O)O)cc2)cc1,,7.77,1,7.77,7.77,IC50,B,assay format,other,9,D,2017,,446.5470000000002,5.077840000000005,102.51,2,5,8,3,3,0.2962962962962963,0.4680222634185617
CHEMBL3686743,CHEMBL3686743,N[C@@H](CC(=O)O)C(=S)N1CCC[C@H]1B(O)O,,7.77,1,7.77,7.77,IC50,B,single protein format,single_protein,9,D,2015,,246.09699999999998,-1.4077999999999997,107.02000000000001,4,5,4,1,0,0.75,0.3563972268656932
CHEMBL1779711,CHEMBL1779711,CCN(C)C[C@@H]1C(=O)NCCN1C(=O)C[C@H](N)Cc1cc(F)c(F)cc1F,,7.77,1,7.77,7.77,IC50,B,single protein format,single_protein,9,D,2011,,386.418,0.6425000000000017,78.67,2,4,7,2,1,0.5555555555555556,0.6745885158010523
CHEMBL3216942,CHEMBL1739128,COC(=O)CNC(=O)Cc1c(C)nc(CC(C)C)c(CN)c1-c1ccc(C)cc1,,7.77,1,7.77,7.77,IC50,B,cell-based format,cell_based,9,D,2011,,397.5190000000002,2.8543400000000005,94.30999999999999,2,5,8,2,2,0.43478260869565216,0.6681519249611363
CHEMBL363115,CHEMBL1184662,CN(C)C(=O)[C@@H](c1ccc(-c2ccc(F)cc2)cc1)[C@H](N)C(=O)N1CC(F)C1,,7.77,1,7.77,7.77,IC50,B,single protein format,single_protein,8,H,2005,,387.4300000000001,2.1720999999999995,66.64,1,3,5,3,2,0.3333333333333333,0.8552003405915793
CHEMBL1650410,CHEMBL1650410,CCc1cnc(N2CCC[C@@H](N)C2)n(Cc2ccccc2C#N)c1=O,,7.77,1,7.77,7.77,IC50,B,single protein format,single_protein,9,D,2011,,337.4270000000001,1.6531799999999996,87.94,1,5,4,3,2,0.42105263157894735,0.9163934458406774
CHEMBL2063030,CHEMBL2063030,N[C@@H](CCC(=O)O)C(=O)N1C[C@H](O)C[C@H]1B(O)O,,7.77,1,7.77,7.77,IC50,B,cell-based format,cell_based,9,D,2012,,260.055,-2.847699999999997,144.32000000000002,5,6,5,1,0,0.7777777777777778,0.33444130911147485
CHEMBL3644786,CHEMBL3644786,N[C@@H](CC(=O)N1CCc2c(nc(C3CCC3)nc2C(F)(F)F)C1)CN1C(=O)CCC(F)(F)C1O,,7.77,1,7.77,7.77,IC50,B,single protein format,single_protein,9,D,2013,,491.4610000000002,1.9410999999999992,112.65000000000002,2,6,5,4,1,0.7142857142857143,0.6092422727121645
CHEMBL2147085,CHEMBL2220051,Cn1c(=O)c2c(nc(N3CCC[C@@H](N)C3)n2Cc2ccccc2Cl)c2c(CC(=O)O)cccc21,,7.77,1,7.77,7.77,IC50,B,single protein format,single_protein,9,D,2012,,479.96800000000013,3.1445000000000016,106.38000000000001,2,5,5,5,4,0.32,0.45516946346741716
CHEMBL2063039,CHEMBL2063039,N[C@@H](CCCC(=O)O)C(=O)N1C[C@H](O)C[C@H]1B(O)O,,7.77,1,7.77,7.77,IC50,B,cell-based format,cell_based,9,D,2012,,274.082,-2.4575999999999976,144.32000000000002,5,6,6,1,0,0.8,0.33771940540964895
CHEMBL501506,CHEMBL501506,C[C@H](NC(=O)[C@@H](N)CCC(N)=O)B(O)O,,7.77,1,7.77,7.77,Ki,B,assay format,other,9,D,2008,,217.034,-2.904099999999999,138.67000000000002,5,5,6,0,0,0.7142857142857143,0.3034325610178088
CHEMBL2159182,CHEMBL2159182,Cn1c(=O)c2c(-c3ccccc3Br)c(CN)c(N)nc2n(C)c1=O,,7.77,1,7.77,7.77,IC50,B,single protein format,single_protein,8,H,2012,,390.2410000000002,1.1025999999999998,108.92999999999998,2,5,2,3,3,0.1875,0.6813742874863948
CHEMBL3084954,CHEMBL3084954,N[C@H](C(=O)N1CCSC1)[C@H]1CC[C@H](NC(=O)Nc2ccc(Cl)c(Cl)c2)CC1,,7.77,1,7.77,7.77,IC50,B,single protein format,single_protein,8,H,2004,,431.3890000000001,3.533900000000002,87.46000000000001,3,4,4,3,1,0.5555555555555556,0.6808202231222913
CHEMBL462839,CHEMBL462839,CCOc1cccc([C@H]2C[C@@H]2NC(=O)CC(C)(C)NCC(=O)N2C[C@@H](F)C[C@H]2C#N)c1,,7.77,1,7.77,7.77,IC50,B,single protein format,single_protein,9,D,2009,,430.5240000000001,2.2782799999999996,94.46000000000001,2,5,9,3,1,0.6086956521739131,0.626868477952854
CHEMBL260509,CHEMBL260509,CCN(CC#N)C(=O)[C@@H]1C[C@H](C(=O)N2CCCCC2)[C@H](C)N1,,7.77,1,7.77,7.77,IC50,B,single protein format,single_protein,9,D,2008,,306.40999999999997,0.7375800000000001,76.44,1,4,4,2,0,0.8125,0.7772180650184034
CHEMBL1683507,CHEMBL1739541,CCOC(=O)[C@H](Nc1ccc(CNC(=O)[C@@H]2SCCN2C(=O)C[C@H](N)Cc2cc(F)c(F)cc2F)cc1)C(C)C,,7.77,1,7.77,7.77,IC50,B,single protein format,single_protein,9,D,2011,,580.6730000000003,3.5813000000000024,113.76,3,7,12,3,2,0.4642857142857143,0.25986350678791154
CHEMBL2147194,CHEMBL2220175,COCc1ccc2c3nc(N4CCC[C@@H](N)C4)n(Cc4ccccc4Cl)c3c(=O)n(C)c2c1,,7.77,1,7.77,7.77,IC50,B,single protein format,single_protein,9,D,2012,,465.9850000000002,3.663800000000002,78.31,1,5,5,5,4,0.36,0.4862932650461792
CHEMBL373922,CHEMBL373922,N[C@H]1CN(CCc2ccccc2)C(=O)C[C@@H]1c1cc(F)c(F)cc1F,,7.77,1,7.77,7.77,Ki,B,single protein format,single_protein,9,D,2007,,348.368,2.9898000000000016,46.33,1,2,4,3,2,0.3157894736842105,0.8637296846102822
CHEMBL232570,CHEMBL232570,Cc1cc(C)c(-c2nnc(C(=O)[C@@H]3CCCN3C(=O)CNC(C)(C)C)o2)c(C)c1,,7.77,1,7.77,7.77,IC50,B,single protein format,single_protein,9,D,2007,,398.5070000000002,3.2236600000000015,88.33,1,6,5,3,2,0.5454545454545454,0.778203649285362
CHEMBL3093919,CHEMBL3093919,Cc1ccc(C[C@H](N)C(=O)N2CCC[C@H]2C#N)cc1,,7.77,1,7.77,7.77,IC50,B,assay format,other,9,D,2013,,257.337,1.3793999999999997,70.12,1,3,3,2,1,0.4666666666666667,0.8889301796314136
CHEMBL3093914,CHEMBL3093914,N#C[C@@H]1C[C@H](F)CN1C(=O)[C@@H](N)Cc1cc(F)c(F)cc1F,,7.77,1,7.77,7.77,IC50,B,assay format,other,9,D,2013,,315.27,1.4362800000000004,70.12,1,3,3,2,1,0.42857142857142855,0.6775758531786845
CHEMBL5272450,CHEMBL5272450,N#C[C@@H]1C[C@H](F)CN1C(=O)[C@@H](N)Cc1ccc(Br)cc1,,7.77,1,7.77,7.77,IC50,B,single protein format,single_protein,9,D,2021,,340.196,1.7814800000000002,70.12,1,3,3,2,1,0.42857142857142855,0.911919551133719
CHEMBL560669,CHEMBL1197139,N[C@H]1Cn2c(nc3ccc(F)cc32)C[C@@H]1c1cc(F)c(F)cc1F,,7.77,1,7.77,7.77,IC50,B,single protein format,single_protein,9,D,2009,,335.304,3.259900000000002,43.84,1,2,1,4,3,0.23529411764705882,0.5479221034600746
CHEMBL226771,CHEMBL226771,N#Cc1ccc(CN(CCO)[C@@H]2CN[C@H](C(=O)N3CCSC3)C2)cc1,,7.77,1,7.77,7.77,IC50,B,cell-free format,other,9,D,2007,,360.4830000000002,0.6159799999999995,79.60000000000001,2,6,6,3,1,0.5555555555555556,0.7740925120817406
CHEMBL1951424,CHEMBL1951424,N#Cc1c(N2CCC[C@H](N)C2)n(Cc2ccccc2)c2c(=O)n(Cc3ccnc4ccccc34)cnc12,,7.77,1,7.77,7.77,IC50,B,single protein format,single_protein,9,D,2012,,489.58300000000025,3.641980000000002,105.75999999999999,1,6,5,6,5,0.2413793103448276,0.40407585731597256
CHEMBL5903124,CHEMBL5903124,N[C@H]1C[C@@H](N2CCN(c3ccc(N4CC[C@](O)(C(=O)NCc5cc(F)cc(Cl)c5)C4=O)cn3)CC2)CO[C@@H]1c1cc(F)ccc1F,,7.76,1,7.76,7.76,IC50,B,single protein format,single_protein,9,D,2020,,659.1090000000003,2.9160000000000004,124.25999999999999,3,8,7,6,3,0.40625,0.33143959589297245
CHEMBL539077,CHEMBL1422,N[C@@H](CC(=O)N1CCn2c(nnc2C(F)(F)F)C1)Cc1cc(F)c(F)cc1F,SITAGLIPTIN,7.76,34,6.92,9.06,IC50;Kd;Ki,B,cell-based format;single protein format,mixed,8;9,D;H,2005;2007;2008;2009;2010;2011;2012;2013;2014;2015;2016;2017;2018;2019;2020;2021;2022;2023;2024,4,407.31800000000015,2.0164999999999997,77.04,1,4,4,3,2,0.4375,0.6216377742511342
CHEMBL364101,CHEMBL1184686,CC(C)[C@@H](Oc1ccc(CNC(=O)[C@@H]2CCCN2C(=O)CC(N)Cc2ccccc2)cc1)C(=O)O,,7.75,1,7.75,7.75,IC50,B,single protein format,single_protein,9,D,2004,,481.5930000000002,2.7419000000000002,121.96,3,5,11,3,2,0.4444444444444444,0.4536946477381529
CHEMBL2334685,CHEMBL2334685,CC(C)(C)NC(=S)N1CCC([C@H](N)C(=O)N2[C@H](C#N)C[C@@H]3C[C@@H]32)CC1,,7.75,1,7.75,7.75,Ki,B,single protein format,single_protein,9,D,2013,,363.5310000000002,1.211680000000001,85.39,2,4,2,3,0,0.8333333333333334,0.7175480419416592
CHEMBL1684000,CHEMBL1739489,N[C@@H](CC(=O)N1CCn2nnc(-c3cnco3)c2C1)Cc1cc(F)c(F)cc1F,,7.75,1,7.75,7.75,IC50,B,single protein format,single_protein,9,D,2011,,406.36800000000017,1.6527,103.07000000000001,1,6,5,4,3,0.3333333333333333,0.6466573584295662
CHEMBL3950517,CHEMBL3950517,N[C@H]1Cc2c(ccc3cc(C(=O)O)ccc23)O[C@@H]1c1cc(F)c(F)cc1F,,7.75,1,7.75,7.75,IC50,B,cell-based format,cell_based,9,D,2016,,373.33,3.958800000000002,72.55000000000001,2,3,2,4,3,0.15,0.6672637589450788
CHEMBL2334687,CHEMBL2334687,CC(C)(C)C(=O)N1CCC([C@H](N)C(=O)N2[C@H](C#N)C[C@@H]3C[C@@H]32)CC1,,7.75,1,7.75,7.75,Ki,B,single protein format,single_protein,9,D,2013,,332.4480000000002,1.111380000000001,90.43,1,4,2,3,0,0.8333333333333334,0.8199812988734603
CHEMBL4162532,CHEMBL4162532,CS(=O)(=O)n1ccc2nc(N3CCC[C@@H](N)C3)n(Cc3cc(F)ccc3C#N)c(=O)c21,,7.75,1,7.75,7.75,IC50,B,single protein format,single_protein,9,D,2017,,444.4920000000002,0.9922799999999999,127.00999999999999,1,7,4,4,3,0.35,0.6356960255962917
CHEMBL2334690,CHEMBL2334690,N#C[C@@H]1C[C@@H]2C[C@@H]2N1C(=O)[C@@H](N)C1CCN(C(=O)CC23CC4CC(CC(C4)C2)C3)CC1,,7.75,1,7.75,7.75,Ki,B,single protein format,single_protein,9,D,2013,,424.5890000000004,2.67178,90.43,1,4,4,7,0,0.88,0.7511658587814278
CHEMBL2418638,CHEMBL3039687,N#C[C@@H]1CCCN1C(=O)[C@@H](N)Cc1ccc(-c2cn(Cc3ccncc3)nn2)cc1,,7.75,1,7.75,7.75,IC50,B,single protein format,single_protein,9,D,2013,,401.4740000000001,1.7727799999999996,113.72000000000001,1,6,6,4,3,0.3181818181818182,0.6733410338696885
CHEMBL2334692,CHEMBL2334692,N#C[C@@H]1C[C@@H]2C[C@@H]2N1C(=O)[C@@H](N)C1CCN(C(=O)Cc2ccccc2)CC1,,7.75,1,7.75,7.75,Ki,B,single protein format,single_protein,9,D,2013,,366.46500000000015,1.3079800000000006,90.43,1,4,4,4,1,0.5714285714285714,0.8697662945281409
CHEMBL1909994,CHEMBL1909994,Cc1nc2c(c(-c3ccc(Cl)cc3Cl)c1CN)CN(c1ccc(Cl)cc1)C2=O,,7.75,1,7.75,7.75,Ki,B,single protein format,single_protein,8,H,2011,,432.7380000000001,5.636320000000004,59.22,1,3,3,4,3,0.14285714285714285,0.5827202327658395
CHEMBL2334694,CHEMBL2334694,N#C[C@@H]1C[C@@H]2C[C@@H]2N1C(=O)[C@@H](N)C1CCN(S(=O)(=O)Cc2ccccc2)CC1,,7.75,1,7.75,7.75,Ki,B,single protein format,single_protein,9,D,2013,,402.5200000000002,1.068680000000001,107.5,1,5,5,4,1,0.6,0.7925888405371987
CHEMBL1209766,CHEMBL1209766,COCCN(C)c1nc2nc(C)c(CN)c(-c3ccc(Cl)cc3Cl)n2n1,,7.75,1,7.75,7.75,Ki,B,single protein format,single_protein,9,D,2010,,395.2940000000001,2.947820000000001,81.57,1,6,6,3,3,0.35294117647058826,0.6913218887872945
CHEMBL3093916,CHEMBL3093916,N#C[C@@H]1CCCN1C(=O)[C@@H](N)Cc1ccccc1F,,7.75,1,7.75,7.75,IC50,B,assay format,other,9,D,2013,,261.3,1.2100799999999994,70.12,1,3,3,2,1,0.42857142857142855,0.8886957824058177
CHEMBL485123,CHEMBL485123,Cc1ncc(C)c(C(=O)N2CCC([C@H](N)Cc3cc(F)c(F)cc3F)CC2)n1,,7.75,1,7.75,7.75,IC50,B,single protein format,single_protein,9,D,2009,,392.42500000000007,2.932940000000001,72.11,1,4,4,3,2,0.45,0.8124475412585292
CHEMBL4776573,CHEMBL4776573,CS(=O)(=NS(=O)(=O)c1ccccc1)n1cc2c(n1)CN([C@H]1CO[C@H](c3cc(F)ccc3F)[C@@H](N)C1)C2,,7.75,1,7.75,7.75,IC50,B,assay format,other,9,D,2020,,537.6140000000001,2.584200000000001,119.88,1,7,5,5,3,0.34782608695652173,0.5312623584840832
CHEMBL191067,CHEMBL237119,CN(C)C(=O)[C@@H](c1ccc(-c2ccc(F)cc2)cc1)[C@H](N)C(=O)N1CC[C@H](F)C1,,7.75,7,6.41,7.92,IC50,B,single protein format,single_protein,8;9,D;H,2005;2007,,401.45700000000016,2.5622000000000007,66.64,1,3,5,3,2,0.36363636363636365,0.8374932994346582
CHEMBL459591,CHEMBL459591,CC(C)=CCN1C(C2CC[C@H]3NCC[C@@H]23)=NC2C1C(=O)N(CC(=O)c1ccccc1)C(=O)N2C,,7.75,1,7.75,7.75,IC50,B,single protein format,single_protein,8,H,2009,,463.5820000000003,2.5263999999999998,85.32000000000001,1,6,6,5,1,0.5384615384615384,0.5177014487296856
CHEMBL1683138,CHEMBL1683138,NOC(=O)c1cncc(N2CCC([C@H](N)Cc3cc(F)ccc3F)CC2)c1,,7.75,1,7.75,7.75,IC50,B,single protein format,single_protein,8,H,2011,,376.4070000000001,2.1766999999999994,94.47,2,6,5,3,2,0.3684210526315789,0.7770333382295218
CHEMBL3084819,CHEMBL3084819,N#C[C@@H]1CCCN1C(=O)CN[C@H]1CC[C@H](NC(=O)C2CCCCC2)CC1,,7.75,1,7.75,7.75,IC50,B,assay format,other,8,H,2003,,360.5020000000003,2.098279999999999,85.22999999999999,2,4,5,3,0,0.85,0.7861384178176225
CHEMBL562953,CHEMBL1197219,Cc1ccc2c(c1)nc1n2C[C@H](N)[C@@H](c2cc(F)c(F)cc2F)C1,,7.75,1,7.75,7.75,IC50,B,single protein format,single_protein,9,D,2009,,331.34100000000007,3.4292200000000017,43.84,1,2,1,4,3,0.2777777777777778,0.6944386893668227
CHEMBL1208840,CHEMBL1208840,Cc1nc2nc(-c3ccccc3Cl)cn2c(-c2ccc(Cl)cc2Cl)c1CN,,7.75,1,7.75,7.75,Ki,B,single protein format,single_protein,9,D,2010,,417.72700000000015,5.790620000000003,56.21,1,3,3,4,4,0.1,0.458743036736833
CHEMBL3216938,CHEMBL1739449,Cc1ccc(-c2c(CN)c(CC(C)(C)C)nc(C)c2C(=O)O)cc1,,7.75,1,7.75,7.75,IC50,B,cell-based format,cell_based,9,D,2011,,326.44000000000005,4.110940000000003,76.21,2,3,4,2,2,0.4,0.886183848126084
CHEMBL1614729,CHEMBL1614729,Cc1ccc(-c2c(CN)c(CC(C)C)nc(C)c2C(=O)O)cc1,,7.75,3,7.66,7.75,IC50,B,assay format;cell-based format,cell_based,9,D,2011;2017,,312.413,3.7208400000000026,76.21,2,3,5,2,2,0.3684210526315789,0.8818842550384185
CHEMBL3084942,CHEMBL3084942,N[C@H](C(=O)N1CCSC1)[C@H]1CC[C@H](NS(=O)(=O)c2ccc3ccccc3c2)CC1,,7.75,1,7.75,7.75,IC50,B,single protein format,single_protein,8,H,2004,,433.5990000000002,2.5371000000000006,92.5,2,5,5,4,2,0.47619047619047616,0.7559610717933497
CHEMBL1085075,CHEMBL1085075,CC(C)(CC(=O)N1CC=CCC1)NCC(=O)N1C[C@@H](F)C[C@H]1C#N,,7.75,1,7.75,7.75,IC50,B,single protein format,single_protein,8,H,2010,,336.411,0.9957800000000001,76.44,1,4,5,2,0,0.7058823529411765,0.7599632156824501
CHEMBL199734,CHEMBL199734,CC(C)(SCc1cccnc1)[C@H](N)C(=O)N1C[C@@H](F)C[C@H]1C#N,,7.75,1,7.75,7.75,Ki,B,single protein format,single_protein,9,D,2005,,336.43600000000004,1.8832799999999996,83.00999999999999,1,5,5,2,1,0.5625,0.8875387406170322
CHEMBL206111,CHEMBL206111,CN(CC#N)C(=O)[C@@H](N)C12CC3CC(CC(O)(C3)C1)C2,,7.75,1,7.75,7.75,Ki,B,single protein format,single_protein,9,D,2006,,277.36800000000005,0.6269799999999992,90.35000000000001,2,4,3,4,0,0.8666666666666667,0.7401801565696562
CHEMBL5857197,CHEMBL5857197,NC1Cc2c(ccc3cc(OC=O)ccc23)OC1c1cc(F)c(F)cc1F,,7.75,1,7.75,7.75,IC50,B,cell-based format,cell_based,9,D,2019,,373.33,3.7958000000000025,61.55,1,4,3,4,3,0.15,0.5604815633851772
CHEMBL227356,CHEMBL227356,N#Cc1ccccc1Cn1c(N2CCC[C@@H](N)C2)nc2cc(N3CCOCC3)c(F)cc2c1=O,,7.75,1,7.75,7.75,IC50,B,single protein format,single_protein,9,D,2007,,462.5290000000003,2.2196799999999994,100.41,1,7,4,5,3,0.4,0.6345478272465886
CHEMBL183736,CHEMBL1181598,CC(Oc1ccc(CNC(=O)[C@@H]2CCCN2C(=O)CC(N)Cc2ccccc2F)cc1)C(=O)O,,7.75,1,7.75,7.75,IC50,B,single protein format,single_protein,9,D,2004,,471.52900000000017,2.2449,121.96,3,5,10,3,2,0.4,0.4886380905249793
CHEMBL274829,CHEMBL235766,CCOC(=O)CNC(=O)c1ccc(OP(=O)(Oc2ccc(C(=O)NCC(=O)OCC)cc2)C2CCCN2C(=O)C2CCCN2)cc1,,7.744999999999999,2,7.64,7.85,IC50,B,single protein format,single_protein,8;9,D;H,1999;2007,,658.6450000000001,2.6238,178.67,3,11,14,4,2,0.45161290322580644,0.20076803523533202
CHEMBL6043018,CHEMBL6043018,N[C@H]1C[C@@H](N2Cc3cc(C(=O)O)sc3C2)CO[C@@H]1c1cc(F)ccc1F,,7.74,1,7.74,7.74,IC50,B,single protein format,single_protein,9,D,2018,,380.416,2.8976000000000015,75.79,2,5,3,4,2,0.3888888888888889,0.8564265019995937
CHEMBL378048,CHEMBL1184913,CN(C)C(=O)[C@@H](c1ccc(-c2ccc3ncnn3c2)cc1)[C@H](N)C(=O)N1CCCC1,,7.74,2,7.2,8.28,IC50,B,single protein format,single_protein,9,D,2006,,406.49000000000024,1.5177999999999998,96.83,1,5,5,4,3,0.36363636363636365,0.6929192950366553
CHEMBL3185489,CHEMBL3185489,NC(CC(=O)N1CCn2c(nnc2C(F)(F)F)C1)Cc1cc(F)c(F)cc1F,,7.74,2,7.73,7.75,IC50,B,single protein format,single_protein,9,D,2022,,407.31800000000015,2.0164999999999997,77.04,1,4,4,3,2,0.4375,0.6216377742511342
CHEMBL4640183,CHEMBL4640183,N[C@H]1C[C@@H](N2Cc3c[nH]nc3C2)[C@@H](C(F)(F)F)O[C@@H]1c1cc(F)ccc1F,,7.74,1,7.74,7.74,IC50,B,single protein format,single_protein,9,D,2020,,388.34000000000003,2.791900000000001,67.17,2,4,2,4,2,0.47058823529411764,0.7768834636969175
CHEMBL4853464,CHEMBL4853464,N#Cc1ccccc1Cn1c(N2CCC[C@@H](N)C2)cc(=O)n(Cc2ccccc2)c1=O,,7.74,1,7.74,7.74,IC50,B,single protein format,single_protein,9,D,2021,,415.4970000000001,1.9057799999999998,97.05000000000001,1,5,5,4,3,0.2916666666666667,0.6865536278895509
CHEMBL1683571,CHEMBL1683571,N[C@H]1CN(c2ncnc(N3CCC(F)(F)C3)n2)C[C@@H]1N1CC(F)(F)CCC1=O,,7.74,2,7.64,7.84,IC50;Ki,B,single protein format,single_protein,9,D,2011,,403.3840000000001,0.4905999999999995,91.47999999999999,1,7,3,4,1,0.75,0.7348111085625403
CHEMBL1085552,CHEMBL1085552,COc1ccc(NC(=O)CC(C)(C)NCC(=O)N2C[C@@H](F)C[C@H]2C#N)nc1,,7.734999999999999,2,7.72,7.75,IC50,B,single protein format,single_protein,8,H,2010,,377.4200000000001,1.2495799999999992,107.35000000000001,2,6,7,2,1,0.5555555555555556,0.7405171979873357
CHEMBL96937,CHEMBL96937,CC(C)(C)NCC(=O)N1CCC[C@H]1C#N,,7.73,2,7.46,8.0,IC50;Ki,B,assay format;cell-based format,cell_based,8;9,D;H,2003;2006,,209.29299999999995,0.8890799999999999,56.13,1,3,2,1,0,0.8181818181818182,0.7344810106721464
CHEMBL399216,CHEMBL399216,Cn1c(=O)c2c(nc(N3CCCC(N)C3)n2Cc2ccccc2)n(C)c1=O,,7.73,3,7.09,7.88,IC50;Kd,B,cell-based format;single protein format,mixed,9,D,2007;2016,,368.44100000000003,0.4095000000000002,91.08000000000001,1,5,3,4,3,0.42105263157894735,0.7230403079626085
CHEMBL3580783,CHEMBL3580783,N#Cc1ccc2c(c1)NC(=O)CN(C(=O)C[C@H](N)[C@H]1CCc3cc(F)c(F)cc31)C2,,7.73,1,7.73,7.73,IC50,B,cell-based format,cell_based,9,D,2015,,410.42400000000015,2.5645800000000003,99.22,2,4,3,4,2,0.3181818181818182,0.8124069735360107
CHEMBL541438,CHEMBL1199709,N[C@H]1Cn2c(nc3cnc(C(F)(F)F)cc32)C[C@@H]1c1cc(F)c(F)cc1F,,7.73,2,7.5,7.96,IC50,B,single protein format,single_protein,9,D,2009,,386.29900000000004,3.534600000000002,56.730000000000004,1,3,1,4,3,0.29411764705882354,0.5142922763147797
CHEMBL4106669,CHEMBL4106669,Cc1ccc(S(=O)(=O)N=S(C)(=O)n2cc3c(n2)CN([C@H]2CO[C@H](c4cc(F)ccc4F)[C@@H](N)C2)C3)cc1,,7.73,1,7.73,7.73,IC50,B,single protein format,single_protein,8,H,2015,,551.6410000000003,2.8926200000000017,119.88,1,7,5,5,3,0.375,0.5178328504791884
CHEMBL562388,CHEMBL1197199,N[C@H]1Cn2c(nc3ncccc32)C[C@@H]1c1cc(F)c(F)cc1F,,7.720000000000001,2,7.62,7.82,IC50,B,single protein format,single_protein,9,D,2009,,318.302,2.5158000000000005,56.730000000000004,1,3,1,4,3,0.25,0.7015293100016102
CHEMBL1085595,CHEMBL1085595,CC(C)(CC(=O)N1CCN(S(C)(=O)=O)CC1)NCC(=O)N1C[C@@H](F)C[C@H]1C#N,,7.720000000000001,2,7.62,7.82,IC50,B,single protein format,single_protein,8,H,2010,,417.5070000000002,-0.6889199999999962,113.82,1,6,6,2,0,0.8235294117647058,0.6120481403591785
CHEMBL598755,CHEMBL598755,COc1cc2c(cc1OC)[C@@H]1CC(N)[C@@H](c3cc(C)ccn3)CN1CC2,,7.72,1,7.72,7.72,IC50,B,single protein format,single_protein,8,H,2010,,353.4660000000001,2.821220000000001,60.61000000000001,1,5,3,4,2,0.47619047619047616,0.9193694503813395
CHEMBL541919,CHEMBL1190972,CN(C)C(=O)[C@@H](c1ccc(-c2cccc(-[n+]3ccccc3)c2)cc1)[C@H](N)C(=O)N1CC[C@H](F)C1,,7.72,1,7.72,7.72,IC50,B,single protein format,single_protein,8,H,2005,,461.5610000000002,2.6998000000000006,70.52,1,3,6,4,3,0.2962962962962963,0.5741418989805991
CHEMBL3236126,CHEMBL3236126,NC[C@H]1CN(CCc2ccc3c(c2)OCO3)C(=O)C[C@@H]1c1cc(F)c(F)cc1F,,7.72,1,7.72,7.72,IC50,B,assay format,other,9,D,2014,,406.40400000000005,2.966100000000001,64.78999999999999,1,4,5,4,2,0.38095238095238093,0.7758621823646884
CHEMBL387333,CHEMBL1185077,C[C@H](c1nc(-c2ccc(NS(C)(=O)=O)cc2Cl)no1)[C@H](N)C(=O)N1CC[C@H](F)C1,,7.72,1,7.72,7.72,IC50,B,single protein format,single_protein,8,H,2006,,445.9040000000002,1.7627,131.42000000000002,2,7,6,3,2,0.47058823529411764,0.6919058977742272
CHEMBL1683563,CHEMBL1683563,N[C@H]1CN(c2cc(NC3CC3)ncn2)C[C@@H]1c1ccccc1,,7.72,1,7.72,7.72,IC50,B,single protein format,single_protein,9,D,2011,,295.39,1.981999999999999,67.07,2,5,4,4,2,0.4117647058823529,0.902601788026729
CHEMBL3215608,CHEMBL1739451,Cc1ccc(-c2c(CN)c(CC(C)(C)C)nc(C(C)C)c2C(=O)O)cc1,,7.72,1,7.72,7.72,IC50,B,cell-based format,cell_based,9,D,2011,,354.4940000000001,4.925920000000004,76.21,2,3,5,2,2,0.45454545454545453,0.798314797671396
CHEMBL3216940,CHEMBL1739096,Cc1ccc(-c2c(CC(=O)Nc3cccc(C(=O)O)c3)c(C)nc(CC(C)C)c2CN)cc1,,7.72,1,7.72,7.72,IC50,B,cell-based format,cell_based,9,D,2011,,445.5630000000003,4.902040000000004,105.31,3,4,8,3,3,0.2962962962962963,0.45720500541606957
CHEMBL464092,CHEMBL464092,CC(C)(CC(=O)N[C@H]1C[C@@H]1c1ccccc1)NCC(=O)N1C[C@@H](F)C[C@H]1C#N,,7.72,1,7.72,7.72,IC50,B,single protein format,single_protein,9,D,2009,,386.4710000000002,1.8795799999999996,85.23,2,4,7,3,1,0.5714285714285714,0.7493238195024211
CHEMBL3216271,CHEMBL1739098,COC(=O)c1ccccc1NC(=O)Cc1c(C)nc(CC(C)C)c(CN)c1-c1ccc(C)cc1,,7.72,1,7.72,7.72,IC50,B,cell-based format,cell_based,9,D,2011,,459.59000000000026,4.990440000000004,94.30999999999999,2,5,8,3,3,0.32142857142857145,0.4629077581855042
CHEMBL3580781,CHEMBL3580781,N[C@@H](CC(=O)N1CC(=O)Nc2cc(C(F)(F)F)ccc2C1)[C@H]1CCc2cc(F)c(F)cc21,,7.72,1,7.72,7.72,IC50,B,cell-based format,cell_based,9,D,2015,,453.41100000000023,3.711700000000002,75.43,2,3,3,4,2,0.36363636363636365,0.6962302351181074
CHEMBL3675625,CHEMBL3675625,Cc1nc(CN2C(=O)c3c(nc(N4CCC[C@@H](N)C4)n3Cc3cccc(F)c3)N3CCN=C23)nc2ccccc12,,7.72,1,7.72,7.72,IC50,B,single protein format,single_protein,9,D,2014,,539.6190000000003,3.081620000000001,108.77,1,8,5,7,4,0.3448275862068966,0.4152395683933515
CHEMBL375745,CHEMBL1198584,CS(=O)(=O)c1ccc(-c2noc([C@@H](CC3CC3)[C@H](N)C(=O)N3CC[C@H](F)C3)n2)c(F)c1,,7.72,1,7.72,7.72,IC50,B,single protein format,single_protein,8,H,2006,,454.4990000000002,2.0606,119.38999999999999,1,7,7,4,2,0.55,0.679991840094832
CHEMBL474982,CHEMBL1186707,N#C[C@@H]1CCCN1C(=O)[C@@H](N)CCC(=O)N1CCN(c2ccncc2)CC1,,7.72,1,7.72,7.72,IC50,B,single protein format,single_protein,8,H,2009,,370.4570000000001,0.35228000000000126,106.55999999999999,1,6,5,3,1,0.5789473684210527,0.8016071912790839
CHEMBL1085306,CHEMBL1085306,CC(C)(CC(=O)Nc1ccccn1)NCC(=O)N1C[C@@H](F)C[C@H]1C#N,,7.72,3,7.62,7.72,IC50,B,single protein format,single_protein,8,H,2010,,347.3940000000001,1.2409799999999997,98.12,2,5,6,2,1,0.5294117647058824,0.8067307720103885
CHEMBL590086,CHEMBL590086,COc1cc2c(cc1OC)C1CC(N)C(N3CCC(C)CC3=O)CN1CC2,,7.72,1,7.72,7.72,IC50,B,single protein format,single_protein,9,D,2010,,373.4970000000002,1.9610999999999998,68.03,1,5,3,4,1,0.6666666666666666,0.8772650375902915
CHEMBL218776,CHEMBL1182197,C[C@H](c1nc(-c2ccc(NS(C)(=O)=O)cc2Cl)no1)[C@H](N)C(=O)N1CC[C@@H](F)C1,,7.72,1,7.72,7.72,IC50,B,single protein format,single_protein,8,H,2006,,445.9040000000002,1.7627,131.42000000000002,2,7,6,3,2,0.47058823529411764,0.6919058977742272
CHEMBL375146,CHEMBL1184868,C[C@H](c1nc(-c2ccc(NS(C)(=O)=O)cc2Cl)no1)[C@H](N)C(=O)N1CCC(F)(F)C1,,7.72,1,7.72,7.72,IC50,B,single protein format,single_protein,8,H,2006,,463.89400000000023,2.0599,131.42000000000002,2,7,6,3,2,0.47058823529411764,0.6696862118682687
CHEMBL525011,CHEMBL525011,Nc1nccnc1C(=O)N1CCC([C@H](N)Cc2cc(F)c(F)cc2F)CC1,,7.72,1,7.72,7.72,IC50,B,single protein format,single_protein,9,D,2009,,379.3860000000001,1.8982999999999997,98.13,2,5,4,3,2,0.3888888888888889,0.7909590007229872
CHEMBL1230015,CHEMBL1230015,CS(=O)(=O)c1ccc([C@H]2NO[C@H]([C@@H](CC3CC3)[C@H](N)C(=O)N3CC[C@H](F)C3)N2)c(F)c1,,7.72,1,7.72,7.72,IC50,B,single protein format,single_protein,9,D,2013,,458.5310000000002,0.9923000000000017,113.76,3,7,7,4,1,0.65,0.5584597157543418
CHEMBL184636,CHEMBL184636,N[C@@H](CC(=O)N1CCNC[C@H]1Cc1ccccc1)Cc1cc(F)c(F)cc1F,,7.72,1,7.72,7.72,IC50,B,single protein format,single_protein,8,H,2004,,391.4370000000001,2.406900000000001,58.36000000000001,2,3,6,3,2,0.38095238095238093,0.7438970257835483
CHEMBL393612,CHEMBL393612,CC(=O)c1cccc(-c2cc(N3C[C@H](c4cc(F)c(F)cc4F)[C@@H](N)C3)ncn2)c1,,7.72,1,7.72,7.72,IC50,B,single protein format,single_protein,9,D,2007,,412.4150000000001,3.694600000000002,72.11,1,5,4,4,3,0.22727272727272727,0.5227331922684563
CHEMBL255862,CHEMBL255862,CC#CCn1c(N2CCCC(N)C2)nc2c(OC)nn(Cc3nc(C)cc4ccccc34)c(=O)c21,,7.72,1,7.72,7.72,IC50,B,cell-based format,cell_based,9,D,2008,,471.5650000000002,2.45732,104.09,1,7,5,5,4,0.38461538461538464,0.4460032311753465
CHEMBL4871197,CHEMBL4871197,CC#CCn1c(N2CCC[C@@H](N)C2)cc(=O)n(Cc2cccc(C(=O)N3CCC[C@@H]3C(=O)O)c2)c1=O,,7.72,1,7.72,7.72,IC50,B,single protein format,single_protein,9,D,2021,,493.5640000000003,0.6983000000000021,130.87,2,6,6,4,2,0.46153846153846156,0.5665442128901284
CHEMBL1271270,CHEMBL1271270,COc1ccccc1-c1cn2c(-c3c(Cl)cc(Cl)cc3Cl)c(CN)c(C)nc2n1,,7.72,1,7.72,7.72,Ki,B,single protein format,single_protein,9,D,2010,,447.75300000000016,5.799220000000004,65.44,1,4,4,4,4,0.14285714285714285,0.42924550021399555
CHEMBL224346,CHEMBL224346,O=C([C@@H]1C[C@H](Nc2ccc([N+](=O)[O-])cc2)CN1)N1CCSC1,,7.72,1,7.72,7.72,IC50,B,cell-free format,other,9,D,2007,,322.3900000000001,1.2700999999999998,87.50999999999999,2,6,4,3,1,0.5,0.6410694591967778
CHEMBL227089,CHEMBL227089,COc1cc2nc(N3CCC[C@@H](N)C3)n(Cc3ccccc3C#N)c(=O)c2cc1OC,,7.72,1,7.72,7.72,IC50,B,single protein format,single_protein,9,D,2007,,419.4850000000002,2.2611799999999995,106.39999999999999,1,7,5,4,3,0.34782608695652173,0.6759581361044564
CHEMBL2086600,CHEMBL2086600,NC(=O)[C@@H]1CCCN1C(=O)CCCNC(=O)c1ccc(C(F)(F)F)cc1,,7.72,1,7.72,7.72,IC50,B,assay format,other,9,D,2012,,371.359,1.6916999999999993,92.5,2,3,6,2,1,0.47058823529411764,0.7456260408942659
CHEMBL390886,CHEMBL390886,C[C@@H]1C(=O)N(CC(F)(F)F)CCCN1C(=O)C[C@H](N)Cc1cc(F)c(F)cc1F,,7.72,1,7.72,7.72,IC50,B,single protein format,single_protein,8,H,2007,,425.37300000000005,2.3755000000000006,66.64,1,3,5,2,1,0.5555555555555556,0.5820898028258464
CHEMBL1085074,CHEMBL1085074,CC(C)(CC(=O)N1CCCCC1)NCC(=O)N1C[C@@H](F)C[C@H]1C#N,,7.71,2,7.57,7.85,IC50,B,single protein format,single_protein,8,H,2010,,338.427,1.2197799999999999,76.44,1,4,5,2,0,0.8235294117647058,0.8176479315893198
CHEMBL2418624,CHEMBL3040799,N#C[C@@H]1CCCN1C(=O)[C@@H](N)Cc1ccc(-c2cn(Cc3ccccc3F)nn2)cc1,,7.71,1,7.71,7.71,IC50,B,single protein format,single_protein,9,D,2013,,418.4760000000001,2.5168800000000005,100.83000000000001,1,5,6,4,3,0.30434782608695654,0.662913038436448
CHEMBL4246674,CHEMBL4246674,CC(C)=CCn1c(N2CCCC(N)C2)nc2c1c(=O)n(Cc1ccccc1C#N)c(=O)n2C,,7.71,1,7.71,7.71,IC50,B,single protein format,single_protein,9,D,2018,,447.54300000000023,1.7103799999999996,114.87,1,6,5,4,3,0.4166666666666667,0.5956550099279512
CHEMBL3616890,CHEMBL3616890,CC#CCn1c(N2CCNCC2)nc2c1c(=O)n(Cc1nc(C)c3ccccc3n1)c(=O)n2C,,7.71,1,7.71,7.71,IC50,B,single protein format,single_protein,9,D,2014,,458.52600000000024,0.6295200000000003,102.87,1,7,4,5,4,0.375,0.4476239239031494
CHEMBL1765234,CHEMBL1765234,CC(C)[C@H](NC(=O)[C@@H]1CCCN1C(=O)[C@@H](N)C1CCCCC1)C(=O)N1CCC[C@H]1B(O)O,,7.71,2,7.7,7.72,IC50,B,single protein format,single_protein,8,H,2011,,450.3890000000003,0.028800000000002712,136.2,4,6,7,3,0,0.8636363636363636,0.4042821512382017
CHEMBL3901191,CHEMBL3901191,COc1ccc2c3c(ccc2c1)O[C@H](c1cc(F)c(F)cc1F)[C@@H](N)C3,,7.71,1,7.71,7.71,IC50,B,cell-based format,cell_based,9,D,2016,,359.3470000000001,4.269200000000002,44.480000000000004,1,3,2,4,3,0.2,0.6952527170588442
CHEMBL463230,CHEMBL463230,CC(C)(CC(=O)N[C@H]1C[C@@H]1c1cccc(OC(F)(F)F)c1)NCC(=O)N1C[C@@H](F)C[C@H]1C#N,,7.7,1,7.7,7.7,IC50,B,single protein format,single_protein,9,D,2009,,470.4670000000002,2.7781800000000008,94.46000000000001,2,5,8,3,1,0.5909090909090909,0.5701993323574222
CHEMBL3112966,CHEMBL3112966,NC[C@]1(c2cccc(Cl)c2)CC[C@H](N2CCCCC2=O)CC1,,7.7,1,7.7,7.7,IC50,B,single protein format,single_protein,9,D,2014,,320.8640000000001,3.4916000000000027,46.33,1,2,3,3,1,0.6111111111111112,0.9262791040035333
CHEMBL4864734,CHEMBL4864734,COC(=O)c1ccc(Cn2c(=O)cc(N3CCC[C@@H](N)C3)n(Cc3ccccc3C#N)c2=O)cc1,,7.7,1,7.7,7.7,IC50,B,single protein format,single_protein,9,D,2021,,473.5330000000002,1.6923799999999993,123.35,1,7,6,4,3,0.3076923076923077,0.5405338872989582
CHEMBL246782,CHEMBL246782,NC1CN(c2cc(-c3ccccc3)ncn2)CC1c1cc(F)c(F)cc1F,,7.7,1,7.7,7.7,Ki,B,single protein format,single_protein,9,D,2007,,370.37800000000004,3.4920000000000027,55.04,1,4,3,4,3,0.2,0.7173717007873053
CHEMBL3093922,CHEMBL3093922,N#C[C@@H]1CCCN1C(=O)[C@@H](N)Cc1ccc([N+](=O)[O-])cc1,,7.7,1,7.7,7.7,IC50,B,assay format,other,9,D,2013,,288.307,0.9791799999999996,113.26000000000002,1,5,4,2,1,0.42857142857142855,0.6549498901017281
CHEMBL425558,CHEMBL1185657,CCN(C)C(=O)[C@@H](c1ccc(-c2ccc(F)cc2)cc1)[C@H](N)C(=O)N1CC[C@H](F)C1,,7.7,1,7.7,7.7,IC50,B,single protein format,single_protein,8,H,2005,,415.4840000000002,2.952300000000001,66.64,1,3,6,3,2,0.391304347826087,0.7889532051832747
CHEMBL3093912,CHEMBL3093912,N#C[C@@H]1C[C@H](F)CN1C(=O)[C@@H](N)Cc1ccccc1C(F)(F)F,,7.7,1,7.7,7.7,IC50,B,assay format,other,9,D,2013,,329.297,2.03778,70.12,1,3,3,2,1,0.4666666666666667,0.8628867758810347
CHEMBL1951421,CHEMBL1951421,Cn1cnc2c(C#N)c(N3CCC[C@H](N)C3)n(Cc3ccccc3)c2c1=O,,7.7,1,7.7,7.7,IC50,B,single protein format,single_protein,9,D,2012,,362.437,1.5824799999999994,92.87,1,5,3,4,3,0.35,0.7635622924228851
CHEMBL2159186,CHEMBL2159186,COc1ccc(F)cc1-c1c(CN)c(N)nc2c1c(=O)n(C)c(=O)n2C,,7.7,1,7.7,7.7,IC50,B,single protein format,single_protein,8,H,2012,,359.3610000000001,0.4878000000000001,118.16,2,6,3,3,3,0.23529411764705882,0.7024903731786409
CHEMBL1951605,CHEMBL1951605,CC#CCn1c(N2CCC[C@@H](N)C2)c(C#N)c2c1c(=O)n(Cc1nc(C)c3ccccc3n1)c(=O)n2C,,7.7,1,7.7,7.7,IC50,B,single protein format,single_protein,9,D,2012,,496.5750000000003,1.6240999999999997,127.75999999999999,1,7,4,5,4,0.37037037037037035,0.4253769881648921
CHEMBL507738,CHEMBL507738,C[C@@H]1C(=O)NCCCN1C(=O)C[C@H](N)CN1CCCCC1=O,,7.7,1,7.7,7.7,IC50,B,single protein format,single_protein,8,H,2008,,310.3980000000001,-0.5466999999999964,95.74000000000001,2,4,4,2,0,0.8,0.7283159876109631
CHEMBL3580780,CHEMBL3580780,COc1ccc2c(c1)NC(=O)CN(C(=O)C[C@H](N)[C@H]1CCc3cc(F)c(F)cc31)C2,,7.7,1,7.7,7.7,IC50,B,cell-based format,cell_based,9,D,2015,,415.44000000000017,2.701500000000001,84.66,2,4,4,4,2,0.36363636363636365,0.8043048275922495
CHEMBL2063035,CHEMBL2063035,O=C([C@@H]1C[C@@H](O)CN1)N1C[C@@H](O)C[C@H]1B(O)O,,7.7,1,7.7,7.7,IC50,B,cell-based format,cell_based,9,D,2012,,244.056,-3.3169999999999975,113.26,5,6,2,2,0,0.8888888888888888,0.32482645777479163
CHEMBL3644784,CHEMBL3644784,CCCc1nc2c(c(C(F)(F)F)n1)CCN(C(=O)C[C@H](N)CN1C(=O)CCC(F)(F)C1O)C2,,7.7,1,7.7,7.7,IC50,B,single protein format,single_protein,9,D,2013,,479.4500000000003,1.6260999999999999,112.64999999999999,2,6,6,3,1,0.7,0.6001372346786403
CHEMBL3580784,CHEMBL3580784,N[C@@H](CC(=O)N1CC(=O)Nc2cc(F)c(F)cc2C1)[C@H]1CCc2cc(F)c(F)cc21,,7.7,1,7.7,7.7,IC50,B,cell-based format,cell_based,9,D,2015,,421.3940000000002,2.9711000000000007,75.43,2,3,3,4,2,0.3333333333333333,0.7487069891851411
CHEMBL3216734,CHEMBL1739283,Cc1ccc(-c2c(CC(=O)O)c(C)nc(CC(C)C)c2CN)cc1,,7.7,1,7.7,7.7,IC50,B,cell-based format,cell_based,9,D,2011,,326.44000000000005,3.649740000000002,76.21,2,3,6,2,2,0.4,0.8493109010497479
CHEMBL3084951,CHEMBL3084951,N[C@H](C(=O)N1CCSC1)[C@H]1CC[C@H](NC(=O)OCc2ccc3ccccc3c2)CC1,,7.7,1,7.7,7.7,IC50,B,single protein format,single_protein,8,H,2004,,427.5700000000002,3.485000000000002,84.66000000000001,2,5,5,4,2,0.4782608695652174,0.7631084598569291
CHEMBL199568,CHEMBL199568,Cc1ccc(-c2ccc(C[C@H](N)C(=O)N3CCC[C@H]3C#N)cc2)cc1,,7.7,1,7.7,7.7,Ki,B,single protein format,single_protein,9,D,2006,,333.435,3.046400000000002,70.12,1,3,4,3,2,0.3333333333333333,0.9346722104986871
CHEMBL2441829,CHEMBL2441829,COc1ccc(N2Cc3nc(C)c(CN)c(-c4ccc(Cl)cc4Cl)c3C2=O)cc1,,7.7,1,7.7,7.7,Ki,B,single protein format,single_protein,9,D,2013,,428.3190000000001,4.991520000000004,68.44999999999999,1,4,4,4,3,0.18181818181818182,0.6358128360335762
CHEMBL429258,CHEMBL429258,C[C@@H]1N[C@H](C(=O)N2CCC[C@H]2C#N)C[C@@H]1C(=O)N1CCOCC1,,7.7,1,7.7,7.7,IC50,B,single protein format,single_protein,9,D,2007,,320.3930000000002,-0.2736199999999991,85.67,1,5,2,3,0,0.8125,0.7566337419130444
CHEMBL437884,CHEMBL437884,N#C[C@@H]1CCCN1C(=O)[C@@H]1CC[C@H](CNC(=O)c2ccccc2)N1,,7.7,1,7.7,7.7,Ki,B,single protein format,single_protein,9,D,2006,,326.4,1.0515799999999993,85.23,2,4,4,3,1,0.5,0.8659934724838528
CHEMBL549432,CHEMBL549432,N[C@@H](CC(=O)N1CCC[C@H]1CNS(=O)(=O)c1ccc(Cl)cc1)Cc1ccccc1F,,7.7,1,7.7,7.7,IC50,B,single protein format,single_protein,8,H,2009,,453.96700000000016,2.7085,92.5,2,4,8,3,2,0.38095238095238093,0.642345847120732
CHEMBL1650424,CHEMBL1650424,N#Cc1ccccc1Cn1c(N2CCC[C@@H](N)C2)ncc(C#CCO)c1=O,,7.7,1,7.7,7.7,IC50,B,single protein format,single_protein,9,D,2011,,363.4210000000001,0.4345799999999999,108.17000000000002,2,6,3,3,2,0.35,0.7660709343744827
CHEMBL399408,CHEMBL399408,CCC(C)(C)c1nnc(C(=O)[C@@H]2C[C@H](F)CN2C(=O)CNC(C)(C)C)o1,,7.7,1,7.7,7.7,IC50,B,single protein format,single_protein,9,D,2007,,368.45300000000015,2.2670000000000003,88.33,1,6,6,2,1,0.7777777777777778,0.7751142242685053
CHEMBL552503,CHEMBL1194357,CN(C)C(=O)[C@@H](c1ccc(-c2ccc(-[n+]3ccccc3)cc2)cc1)[C@H](N)C(=O)N1CC[C@H](F)C1,,7.7,1,7.7,7.7,IC50,B,single protein format,single_protein,8,H,2005,,461.5610000000002,2.6998000000000006,70.52,1,3,6,4,3,0.2962962962962963,0.5741418989805991
CHEMBL381626,CHEMBL381626,N#C[C@@H]1CCCN1C(=O)[C@@H]1CCCN1,,7.7,3,7.66,8.54,IC50;Ki,B,single protein format,single_protein,8;9,D;H,1996;2005;2007,,193.25,0.2529799999999998,56.13,1,3,1,2,0,0.8,0.649279657666832
CHEMBL1209541,CHEMBL1209541,Cc1nc2cc(-c3ccccc3Cl)nn2c(-c2ccc(Cl)cc2Cl)c1CN,,7.7,1,7.7,7.7,Ki,B,single protein format,single_protein,9,D,2010,,417.72700000000015,5.790620000000003,56.21,1,3,3,4,4,0.1,0.458743036736833
CHEMBL4634272,CHEMBL4634272,CCOC(=O)c1nc2c(n1C)CN([C@@H]1C[C@H](N)[C@@H](c3cc(F)ccc3F)O[C@@H]1C(F)(F)F)C2,,7.69,1,7.69,7.69,IC50,B,single protein format,single_protein,9,D,2020,,474.4300000000001,2.979000000000002,82.61,1,6,4,4,2,0.5238095238095238,0.5422044387728333
CHEMBL1202094,CHEMBL1616466,COc1cc(OC)cc(N2CCN(CCNCC(=O)N3CCC[C@@H]3C#N)C2=O)c1,,7.69,1,7.69,7.69,IC50,B,single protein format,single_protein,9,D,2009,,401.46700000000016,1.0499799999999997,98.14000000000001,1,6,8,3,1,0.55,0.6541170205949556
CHEMBL4567320,CHEMBL4567320,CC#CCn1c(N2CCC[C@@H](N)C2)nc2c1c(=O)n(Cc1ccc(Cl)cc1C(=O)OC)c(=O)n2C,,7.69,1,7.69,7.69,IC50,B,cell-based format,cell_based,9,D,2019,,498.97100000000023,1.3357999999999999,117.38000000000002,1,7,5,4,3,0.4166666666666667,0.4163187689715104
CHEMBL210459,CHEMBL1182081,CN(C)C(=O)[C@@H](c1ccc(-c2ccn3nccc3n2)cc1)[C@H](N)C(=O)N1CC[C@H](F)C1,,7.6899999999999995,2,7.28,8.1,IC50,B,single protein format,single_protein,9,D,2006,,424.4800000000002,1.4657999999999995,96.83,1,5,5,4,3,0.36363636363636365,0.6690414608626287
CHEMBL3093923,CHEMBL3093923,N#Cc1ccc(C[C@H](N)C(=O)N2CCC[C@H]2C#N)cc1,,7.68,1,7.68,7.68,IC50,B,assay format,other,9,D,2013,,268.31999999999994,0.9426599999999997,93.91,1,4,3,2,1,0.4,0.8823683186971917
CHEMBL209518,CHEMBL209518,C=C[C@H]1CC[C@@H](C(=O)N2CCC[C@H]2C#N)N1,,7.68,1,7.68,7.68,Ki,B,single protein format,single_protein,9,D,2006,,219.28799999999998,0.80758,56.13,1,3,2,2,0,0.6666666666666666,0.6990968141018566
CHEMBL3350925,CHEMBL3350925,CCC1([C@H](N)C(=O)N2[C@H](C#N)C[C@@H]3C[C@@H]32)CCOCC1,,7.68,1,7.68,7.68,Ki,B,single protein format,single_protein,9,D,2005,,277.368,1.0334799999999997,79.35000000000001,1,4,3,3,0,0.8666666666666667,0.8354166933312221
CHEMBL464093,CHEMBL464093,CC(C)(CC(=O)N[C@H]1C[C@@H]1c1cccc(F)c1)NCC(=O)N1C[C@@H](F)C[C@H]1C#N,,7.68,1,7.68,7.68,IC50,B,single protein format,single_protein,9,D,2009,,404.46100000000024,2.01868,85.23,2,4,7,3,1,0.5714285714285714,0.7282145354733417
CHEMBL1683145,CHEMBL1683145,NC(=O)C1CCCC(N2CCC([C@H](N)Cc3cc(F)ccc3F)CC2)C1,,7.68,1,7.68,7.68,IC50,B,single protein format,single_protein,8,H,2011,,365.46800000000013,2.5907,72.35000000000001,2,3,5,3,1,0.65,0.8423978404669566
CHEMBL240602,CHEMBL240602,O=C([C@@H]1C[C@H](N2CCN(C(c3ccccc3)c3ccccc3)CC2)CN1)N1CCSC1,,7.68,1,7.68,7.68,IC50,B,cell-free format,other,9,D,2007,,436.62500000000034,2.657000000000001,38.82000000000001,1,5,5,5,2,0.48,0.7802967689795187
CHEMBL208957,CHEMBL1182066,CN(C)C(=O)[C@@H](c1ccc(-c2ccn3nccc3n2)cc1)[C@H](N)C(=O)N1CCC(F)(F)C1,,7.68,2,7.24,8.12,IC50,B,single protein format,single_protein,9,D,2006,,442.4700000000002,1.7629999999999995,96.83,1,5,5,4,3,0.36363636363636365,0.6496511987993018
CHEMBL92760,CHEMBL92760,CCC(C)[C@H](N)C(=O)N1CS(=O)(=O)C[C@H]1C#N,,7.68,1,7.68,7.68,Ki,B,single protein format,single_protein,9,D,1996,,259.33099999999996,-0.5335199999999987,104.25999999999999,1,5,3,1,0,0.8,0.7330611552203263
CHEMBL370677,CHEMBL1184805,CN(C)C(=O)[C@@H](c1ccc(-c2cccc(S(C)(=O)=O)c2)cc1)[C@H](N)C(=O)N1CC[C@H](F)C1,,7.68,1,7.68,7.68,IC50,B,single protein format,single_protein,8,H,2005,,461.55900000000025,1.8266,100.77999999999999,1,5,6,3,2,0.391304347826087,0.7073947593386471
CHEMBL1162974,CHEMBL1200086,CC(Cc1nc(-c2ccc(S(C)(=O)=O)cc2Cl)no1)C(F)=C1CCCC1,,7.68,1,7.68,7.68,IC50,B,assay format,other,9,D,2008,,398.8870000000002,4.769700000000004,73.06,0,5,5,3,2,0.4444444444444444,0.7248022043327665
CHEMBL233360,CHEMBL233360,N[C@H]1C[C@@H](N2CCn3c(nnc3C(F)(F)F)C2)CC[C@@H]1c1cc(F)c(F)cc1F,,7.68,1,7.68,7.68,IC50,B,single protein format,single_protein,8,H,2007,,419.3730000000001,3.1934000000000013,59.97,1,4,2,4,2,0.5555555555555556,0.6001793183908667
CHEMBL3084948,CHEMBL3084948,N[C@H](C(=O)N1CCSC1)[C@H]1CC[C@H](NC(=O)c2ccc3ccccc3c2)CC1,,7.68,1,7.68,7.68,IC50,B,single protein format,single_protein,8,H,2004,,397.54400000000015,2.9886000000000017,75.43,2,4,4,4,2,0.45454545454545453,0.8316635574968056
CHEMBL2418629,CHEMBL3040918,COc1ccccc1Cn1cc(-c2ccc(C[C@H](N)C(=O)N3CCC[C@H]3C#N)cc2)nn1,,7.68,1,7.68,7.68,IC50,B,single protein format,single_protein,9,D,2013,,430.51200000000017,2.38638,110.06,1,6,7,4,3,0.3333333333333333,0.6162512511383283
CHEMBL504823,CHEMBL504823,N[C@H]1CCCN([P@@](N)(=O)NS(=O)(=O)O)C1=O,,7.68,1,7.68,7.68,IC50,B,assay format,other,9,D,2008,,272.22300000000007,-1.6046999999999993,155.81999999999996,4,5,3,1,0,0.8,0.35554937119201674
CHEMBL255492,CHEMBL255492,CC#CCn1c(N2CCCC(N)C2)nc2ccn(Cc3nc(C)cc4ccccc34)c(=O)c21,,7.68,1,7.68,7.68,IC50,B,cell-based format,cell_based,9,D,2008,,440.5510000000003,3.053720000000001,81.97,1,5,4,5,4,0.34615384615384615,0.49345015728345093
CHEMBL2147079,CHEMBL2220220,COC(=O)c1ccc2c(c1)c1nc(N3CCC[C@@H](N)C3)n(Cc3ccccc3Cl)c1c(=O)n2C,,7.68,1,7.68,7.68,IC50,B,single protein format,single_protein,9,D,2012,,479.9680000000002,3.304000000000002,95.38,1,6,4,5,4,0.32,0.45110440749683567
CHEMBL522909,CHEMBL522909,C=CCN(CC=C)C(=O)n1cnc(S(=O)(=O)C2CC3CCC2C3)n1,,7.68,1,7.68,7.68,IC50,B,assay format,other,9,D,2008,,350.4440000000002,1.8824999999999998,85.16000000000001,0,5,6,3,1,0.5625,0.7314276627260493
CHEMBL22294,CHEMBL22294,N[C@H](C(=O)N1CCC(F)(F)C1)[C@H]1CC[C@H](NS(=O)(=O)c2ccc(F)cc2F)CC1,,7.68,1,7.68,7.68,IC50,B,single protein format,single_protein,8,H,2004,,437.4590000000002,1.9967999999999995,92.5,2,4,5,3,1,0.6111111111111112,0.6895601207779749
CHEMBL2441828,CHEMBL2441828,Cc1nc2c(c(-c3ccc(Cl)cc3Cl)c1CN)C(=O)N(c1ccccc1)C2,,7.68,1,7.68,7.68,Ki,B,single protein format,single_protein,9,D,2013,,398.2930000000001,4.982920000000004,59.22,1,3,3,4,3,0.14285714285714285,0.6768760021859038
CHEMBL1650428,CHEMBL1650428,N#Cc1ccccc1Cn1c(N2CCC[C@@H](N)C2)ncc(/C=C/c2ccc(F)cc2)c1=O,,7.68,1,7.68,7.68,IC50,B,single protein format,single_protein,9,D,2011,,429.4990000000001,3.400280000000002,87.94,1,5,5,4,3,0.24,0.6716518550785948
CHEMBL190217,CHEMBL1181726,CN(C)C(=O)[C@@H](c1ccc(-c2ccc(F)c(F)c2)cc1)[C@H](N)C(=O)N1CC[C@H](F)C1,,7.68,1,7.68,7.68,IC50,B,single protein format,single_protein,8,H,2005,,419.4470000000002,2.7013000000000007,66.64,1,3,5,3,2,0.36363636363636365,0.8105596087000421
CHEMBL427261,CHEMBL427261,N[C@@H](CC(=O)N1CCn2c(nnc2C(F)(F)F)C1)Cc1cc(Cl)ccc1F,,7.68,1,7.68,7.68,IC50,B,single protein format,single_protein,9,D,2007,,405.78300000000013,2.3917,77.04,1,4,4,3,2,0.4375,0.7923282917710933
CHEMBL231009,CHEMBL231009,CCN1CCCN(C(=O)C[C@H](N)Cc2cc(F)ccc2F)[C@H](C)C1=O,,7.68,1,7.68,7.68,IC50,B,single protein format,single_protein,8,H,2007,,353.41300000000007,1.6939999999999997,66.64,1,3,5,2,1,0.5555555555555556,0.8760623289340385
CHEMBL234635,CHEMBL234635,N[C@H]1C[C@@H](N2CCn3c(C(F)(F)F)cnc3C2)CCC1c1cc(F)c(F)cc1F,,7.68,1,7.68,7.68,IC50,B,single protein format,single_protein,8,H,2007,,418.3850000000001,3.7984000000000027,47.08,1,3,2,4,2,0.5263157894736842,0.5963625430715296
CHEMBL3654428,CHEMBL3654428,CC(C)(O)Cn1cc2c(n1)CN([C@H]1CCO[C@H](c3cc(F)ccc3F)[C@@H](N)C1)C2,,7.68,1,7.68,7.68,IC50,B,assay format,other,9,D,2015,,406.4770000000001,2.495400000000001,76.53999999999999,2,5,4,4,2,0.5714285714285714,0.8160051342743676
CHEMBL474394,CHEMBL1186679,COC[C@H]1CCCN1C(=O)CC[C@H](N)C(=O)N1CCC[C@H]1C#N,,7.66,1,7.66,7.66,IC50,B,single protein format,single_protein,8,H,2009,,322.4090000000001,0.24588000000000165,99.66,1,5,6,2,0,0.8125,0.7552025008385819
CHEMBL1161910,CHEMBL1161910,CN1C(=O)c2nc(N3CCCC(N)C3)n(Cc3ccccc3OC(F)(F)F)c2C1=O,,7.66,1,7.66,7.66,Ki,B,single protein format,single_protein,9,D,2006,,423.3950000000001,1.9832999999999998,93.69000000000003,1,6,4,4,2,0.42105263157894735,0.7563477529210626
CHEMBL2147183,CHEMBL2147183,Cn1c(=O)c2c(nc(N3CCC[C@@H](N)C3)n2Cc2ccccc2Cl)c2ccc(CO)cc21,,7.66,1,7.66,7.66,IC50,B,single protein format,single_protein,9,D,2012,,451.9580000000001,3.0097000000000014,89.31000000000002,2,5,4,5,4,0.3333333333333333,0.4975472421178678
CHEMBL77538,CHEMBL77538,N#Cc1ccc(NCCNCC(=O)N2CCC[C@H]2C#N)nc1,,7.66,5,7.28,8.85,IC50;Ki,B,cell-based format;cell-free format;single protein format,mixed,8;9,D;H,2002;2005;2006,,298.34999999999997,0.46935999999999933,104.83999999999999,2,6,6,2,1,0.4666666666666667,0.7396543765309892
CHEMBL425756,CHEMBL425756,CC(C)(CC(=O)N1CCc2cc(F)cc(F)c2C1)NCC(=O)N1CCC[C@H]1C#N,,7.66,1,7.66,7.66,IC50,B,single protein format,single_protein,9,D,2006,,404.4610000000002,2.12238,76.44,1,4,5,3,1,0.5714285714285714,0.8157498520690953
CHEMBL232185,CHEMBL232185,CC(C)(CO)NCC(=O)N1C[C@@H](F)C[C@H]1C(=O)c1nnc(C(C)(C)C)o1,,7.66,1,7.66,7.66,IC50,B,single protein format,single_protein,9,D,2007,,370.4250000000001,0.8492999999999999,108.56,2,7,6,2,1,0.7647058823529411,0.7146694265183995
CHEMBL5925037,CHEMBL5925037,N[C@H](C(=O)N1CCC[C@H]1B(O)O)C1(C(F)(F)F)CC1,,7.66,1,7.66,7.66,IC50,B,single protein format,single_protein,9,D,2023,,280.05500000000006,-0.3408000000000002,86.79,3,4,3,2,0,0.9,0.6171568059921255
CHEMBL3093911,CHEMBL3093911,N#Cc1ccccc1C[C@H](N)C(=O)N1C[C@@H](F)C[C@H]1C#N,,7.66,1,7.66,7.66,IC50,B,assay format,other,9,D,2013,,286.30999999999995,0.8906600000000001,93.91,1,4,3,2,1,0.4,0.8924675448149808
CHEMBL4465374,CHEMBL4465374,CC#CCn1c(N2CCC[C@@H](N)C2)nc2c1c(=O)n(Cc1ccc(Br)cc1C(=O)OC)c(=O)n2C,,7.66,1,7.66,7.66,IC50,B,cell-based format,cell_based,9,D,2019,,543.4220000000001,1.4449000000000003,117.38000000000002,1,7,5,4,3,0.4166666666666667,0.382523656757219
CHEMBL1208843,CHEMBL1208843,Cc1ccc(-c2cn3c(-c4ccc(Cl)cc4Cl)c(CN)c(C)nc3n2)cc1,,7.66,1,7.66,7.66,Ki,B,single protein format,single_protein,9,D,2010,,397.3090000000002,5.445640000000004,56.21,1,3,3,4,4,0.14285714285714285,0.5005093624601816
CHEMBL585290,CHEMBL585290,N[C@@H](CC(=O)N1CCC[C@H]1c1noc(C2(F)CC2)n1)Cc1cc(F)c(F)cc1F,,7.66,1,7.66,7.66,IC50,B,assay format,other,9,D,2009,,412.38700000000006,3.0691000000000015,85.25000000000001,1,5,6,4,2,0.5263157894736842,0.58231860508808
CHEMBL3329641,CHEMBL3329641,Cn1c(=O)n(Cc2ccccc2C#N)c2c(N3CC[C@@H](N)C3)ccnc21,,7.66,1,7.66,7.66,IC50,B,single protein format,single_protein,9,D,2014,,348.4100000000001,1.1923799999999993,92.87,1,5,3,4,3,0.3157894736842105,0.7674358148422036
CHEMBL3084825,CHEMBL3084825,CC(C)(C)NC(=O)O[C@@]12C[C@@H]3C[C@@H](C[C@](NCC(=O)N4CCC[C@H]4C#N)(C3)C1)C2,,7.66,1,7.66,7.66,IC50,B,assay format,other,8,H,2003,,402.53900000000027,2.7066800000000013,94.46000000000001,2,5,4,5,0,0.8636363636363636,0.7539374463216416
CHEMBL1209538,CHEMBL1209538,Cc1nc2cc(-c3ccccc3)nn2c(-c2ccc(Cl)cc2Cl)c1CN,,7.66,1,7.66,7.66,Ki,B,single protein format,single_protein,9,D,2010,,383.2820000000001,5.137220000000003,56.21,1,3,3,4,4,0.1,0.5331951219685267
CHEMBL2425885,CHEMBL2425885,CC#CCn1c(N2CCC[C@@H](N)C2)cc(=O)n(Cc2nc3ccccc3[nH]2)c1=O,,7.66,1,7.66,7.66,IC50,B,single protein format,single_protein,9,D,2013,,392.4630000000001,0.8853999999999991,101.94,2,5,4,4,3,0.38095238095238093,0.6421676643519066
CHEMBL510594,CHEMBL510594,CC(C)[C@H](N)C(=O)N1CSC[C@H]1B(O)O,,7.66,1,7.66,7.66,IC50,B,single protein format,single_protein,8,H,2008,,232.114,-1.1167999999999998,86.79,3,5,3,1,0,0.875,0.5365800799505673
CHEMBL512694,CHEMBL512694,CC(C)(NCC(=O)N1C[C@@H](F)C[C@H]1C#N)c1ccccn1,,7.66,1,7.66,7.66,IC50,B,cell-free format,other,9,D,2008,,290.342,1.3688799999999997,69.02000000000001,1,4,4,2,1,0.5333333333333333,0.909018548467563
CHEMBL3974068,CHEMBL3974068,COc1cccc(C(=O)Cn2c(=O)c3c(nc(N4CCCC(N)C4)n3CC=C(C)C)n(C)c2=O)c1OC,,7.66,1,7.66,7.66,IC50,B,single protein format,single_protein,8,H,2016,,510.5950000000004,1.6905000000000003,126.61,1,8,8,4,3,0.46153846153846156,0.3583903824979271
CHEMBL25211,CHEMBL25211,N[C@H](C(=O)N1CCSC1)[C@H]1CC[C@H](NS(=O)(=O)c2ccc(OC(F)(F)F)cc2)CC1,,7.66,1,7.66,7.66,IC50,B,single protein format,single_protein,8,H,2004,,467.5350000000002,2.2824999999999998,101.73,2,6,6,3,1,0.6111111111111112,0.6657699812432549
CHEMBL5790536,CHEMBL5790536,CC[C@H](C)[C@H](N)C(=O)N1Cc2ccccc2[C@H]1B(O)O,,7.66,1,7.66,7.66,IC50,B,single protein format,single_protein,9,D,2023,,276.145,0.45529999999999987,86.79,3,4,4,2,1,0.5,0.6969896161120969
CHEMBL1229644,CHEMBL1229644,CC(C)(CO)NCC(=O)N1C[C@@H](F)C[C@H]1[C@@H](O)c1nnc(C(C)(C)C)o1,,7.66,1,7.66,7.66,IC50,B,single protein format,single_protein,9,D,2013,,372.44100000000014,0.7,111.72,3,7,6,2,1,0.8235294117647058,0.6738040810277848
CHEMBL244009,CHEMBL244009,CCOc1cc(O)cc(OCC)c1[C@@H]1CN[C@H](C(=O)N2CCC[C@H]2C#N)C1,,7.66,1,7.66,7.66,IC50,B,single protein format,single_protein,9,D,2007,,373.4530000000002,2.14968,94.82,2,6,6,3,1,0.6,0.7933822690392333
CHEMBL217654,CHEMBL217654,C#C[C@H]1CC[C@@H](C#N)N1C(=O)CNC1CCCC1,,7.66,1,7.66,7.66,Ki,B,cell-based format,cell_based,9,D,2006,,245.32599999999996,1.0349799999999996,56.13,1,3,3,2,0,0.7142857142857143,0.7556938693076772
CHEMBL485124,CHEMBL485124,Cc1nccnc1C(=O)N1CCC([C@H](N)Cc2cc(F)c(F)cc2F)CC1,,7.66,1,7.66,7.66,IC50,B,single protein format,single_protein,9,D,2009,,378.3980000000001,2.6245200000000013,72.11,1,4,4,3,2,0.42105263157894735,0.830543182064638
CHEMBL4176189,CHEMBL4176189,CC(C)[C@H](N)C(=O)N1CCCC1B(O)O,,7.66,1,7.66,7.66,IC50,B,single protein format,single_protein,9,D,2017,,214.07399999999998,-1.0272999999999988,86.79,3,4,3,1,0,0.8888888888888888,0.5241766151109037
CHEMBL4640418,CHEMBL4640418,CS(=O)(=O)n1cc2c(n1)CN([C@H]1CO[C@H](c3cc(F)ccc3F)[C@@H](N)[C@H]1F)C2,,7.66,1,7.66,7.66,IC50,B,single protein format,single_protein,9,D,2020,,416.42500000000007,1.0900999999999998,90.45,1,6,3,4,2,0.47058823529411764,0.805790570201522
CHEMBL537869,CHEMBL378981,CN(C)C(=O)[C@@H](c1ccc(-c2ccc3ncnn3c2)cc1)[C@H](N)C(=O)N1CCC(F)(F)C1,,7.66,4,7.15,8.2,IC50,B,single protein format,single_protein,9,D,2006,,442.4700000000002,1.763,96.83,1,5,5,4,3,0.36363636363636365,0.6496511987993018
CHEMBL562530,CHEMBL1197204,N[C@H]1Cn2c(nc3c(F)c(F)c(F)cc32)C[C@@H]1c1cc(F)c(F)cc1F,,7.66,1,7.66,7.66,IC50,B,single protein format,single_protein,9,D,2009,,371.284,3.538100000000002,43.84,1,2,1,4,3,0.23529411764705882,0.40406050934761306
CHEMBL463277,CHEMBL463277,COc1ccc([C@H]2C[C@@H]2NC(=O)CC(C)(C)NCC(=O)N2C[C@@H](F)C[C@H]2C#N)cc1,,7.66,1,7.66,7.66,IC50,B,single protein format,single_protein,9,D,2009,,416.4970000000001,1.8881800000000002,94.46000000000001,2,5,8,3,1,0.5909090909090909,0.6749518981112047
CHEMBL456413,CHEMBL456413,N#C[C@H]1C[C@@H](F)CN1C(=O)[C@@H](N)C(c1ccc(F)cc1)c1ccc(F)cc1,,7.66,1,7.66,7.66,IC50,B,single protein format,single_protein,8,H,2009,,373.37800000000004,2.8865800000000013,70.12,1,3,4,3,2,0.3,0.8959554905591458
CHEMBL592778,CHEMBL592778,COc1cc2c(cc1OC)[C@@H]1C[C@H](N)[C@@H](N3CCCCC3=O)CN1CC2,,7.66,1,7.66,7.66,IC50,B,single protein format,single_protein,9,D,2010,,359.4700000000002,1.7150999999999998,68.03,1,5,3,4,1,0.65,0.8899361175879442
CHEMBL1650427,CHEMBL1650427,N#Cc1ccccc1Cn1c(N2CCC[C@@H](N)C2)ncc(/C=C/c2ccccc2)c1=O,,7.66,1,7.66,7.66,IC50,B,single protein format,single_protein,9,D,2011,,411.50900000000007,3.261180000000002,87.94,1,5,5,4,3,0.24,0.6962118310285653
CHEMBL389803,CHEMBL1185109,N[C@H]1CN(c2ccc3nc(C(F)(F)F)cn3n2)CC[C@@H]1c1cc(F)c(F)cc1F,,7.66,1,7.66,7.66,IC50,B,single protein format,single_protein,8,H,2007,,415.34100000000007,3.486600000000003,59.45,1,4,2,4,3,0.3333333333333333,0.5144233799777053
CHEMBL5402568,CHEMBL5402568,Nc1nc(NC2=NC(c3ccccc3)=CC(c3cccc(O)c3)O2)nc(N2CCOCC2)n1,,7.66,1,7.66,7.66,IC50,B,single protein format,single_protein,9,D,2023,,445.48300000000035,2.5765000000000002,131.01,3,10,4,5,3,0.21739130434782608,0.5543381270847292
CHEMBL3093920,CHEMBL3093920,COc1ccc(C[C@H](N)C(=O)N2CCC[C@H]2C#N)cc1,,7.654999999999999,2,7.54,7.77,IC50,B,assay format;single protein format,mixed,9,D,2013;2021,,273.33599999999996,1.07958,79.35,1,4,4,2,1,0.4666666666666667,0.8899069934003315
CHEMBL5435542,CHEMBL5435542,Nc1nc(NC2=NC(c3ccccc3)=CC(c3ccc(O)cc3)O2)nc(N2CCOCC2)n1,,7.65,1,7.65,7.65,IC50,B,single protein format,single_protein,9,D,2023,,445.48300000000035,2.5765000000000002,131.01,3,10,4,5,3,0.21739130434782608,0.5543381270847292
CHEMBL1683978,CHEMBL1739270,N[C@@H](CC(=O)N1CCn2nnc(C(F)F)c2C1)Cc1cc(F)c(F)cc1F,,7.65,1,7.65,7.65,IC50,B,single protein format,single_protein,9,D,2011,,389.3280000000001,1.9352999999999996,77.04,1,4,5,3,2,0.4375,0.6264164533105608
CHEMBL209111,CHEMBL1182069,Cc1c(-c2ccc([C@H](C(=O)N(C)C)[C@H](N)C(=O)N3CC[C@H](F)C3)cc2)ccc2ncnn12,,7.640000000000001,2,7.21,8.07,IC50,B,single protein format,single_protein,9,D,2006,,438.5070000000001,1.7742199999999992,96.83,1,5,5,4,3,0.391304347826087,0.655004411140909
CHEMBL1951419,CHEMBL1951419,CC#CCn1c(N2CCNCC2)c(C#N)c2ncn(CC(=O)c3cccc(OC)c3)c(=O)c21,,7.64,1,7.64,7.64,IC50,B,single protein format,single_protein,9,D,2012,,444.49500000000023,1.3940799999999987,105.18,1,7,6,4,3,0.3333333333333333,0.4525071446348403
CHEMBL3091488,CHEMBL3091488,N#C[C@@H]1C[C@H](F)CN1C(=O)[C@@H](N)Cc1ccc(F)c(F)c1F,,7.64,1,7.64,7.64,IC50,B,assay format,other,9,D,2013,,315.27,1.43628,70.12,1,3,3,2,1,0.42857142857142855,0.6775758531786845
CHEMBL1287844,CHEMBL1618448,Cn1c(=O)c2c(cc(N3CCC[C@@](C)(N)C3)n2Cc2cc(F)ccc2Cl)n(CCCO)c1=O,,7.64,1,7.64,7.64,IC50,B,cell-free format,other,9,D,2010,,477.96800000000013,2.0425,98.42000000000002,2,5,6,4,3,0.4782608695652174,0.5658497639400553
CHEMBL235120,CHEMBL235120,N[C@@H](CC(=O)N1CCn2c(nnc2C(F)(F)F)C1)Cc1ccc(Cl)cc1Cl,,7.64,1,7.64,7.64,IC50,B,single protein format,single_protein,9,D,2007,,422.23800000000017,2.9060000000000006,77.04,1,4,4,3,2,0.4375,0.8224591938886927
CHEMBL1650414,CHEMBL1650414,N#Cc1ccccc1Cn1c(N2CCC[C@@H](N)C2)ncc(-c2ccccc2)c1=O,,7.64,1,7.64,7.64,IC50,B,single protein format,single_protein,9,D,2011,,385.47100000000006,2.7577800000000012,87.94,1,5,4,4,3,0.2608695652173913,0.7460460249850478
CHEMBL2021541,CHEMBL2027848,C[C@H]1CN(C(=O)C[C@H](N)Cc2cc(F)c(F)cc2F)Cc2ccc(C(F)(F)F)n21,,7.64,1,7.64,7.64,IC50,B,single protein format,single_protein,8,H,2008,,419.3690000000001,3.7875000000000023,51.26,1,2,4,3,2,0.42105263157894735,0.6058251183218619
CHEMBL3216493,CHEMBL1739438,Cc1ccc(-c2c(CN)c(CC(C)C)nc3ccc(CCC(=O)O)cc23)cc1,,7.64,1,7.64,7.64,IC50,B,cell-based format,cell_based,9,D,2011,,376.50000000000017,4.8846200000000035,76.21,2,3,7,3,3,0.3333333333333333,0.6157501203949078
CHEMBL1287901,CHEMBL1618401,Cc1ccc(F)cc1Cn1c(N2CCC[C@@](C)(N)C2)cc2ncn(C)c(=O)c21,,7.64,1,7.64,7.64,IC50,B,cell-free format,other,9,D,2010,,383.4710000000001,2.548420000000001,69.08,1,4,3,4,3,0.42857142857142855,0.7547119098585312
CHEMBL1082463,CHEMBL1082463,CC(C)(CC(=O)N1CC[C@@H](O)C1)NCC(=O)N1C[C@@H](F)C[C@H]1C#N,,7.64,3,7.52,7.68,IC50,B,single protein format,single_protein,8,H,2010,,340.39900000000006,-0.19951999999999837,96.67000000000002,2,5,5,2,0,0.8125,0.7224703535483951
CHEMBL2334684,CHEMBL2334684,CC(C)(C)NC(=O)N1CCC([C@H](N)C(=O)N2[C@H](C#N)C[C@@H]3C[C@@H]32)CC1,,7.64,1,7.64,7.64,Ki,B,single protein format,single_protein,9,D,2013,,347.46300000000014,1.046780000000001,102.46000000000001,2,4,2,3,0,0.8333333333333334,0.7790305921258837
CHEMBL3084935,CHEMBL3084935,N[C@H](C(=O)N1CCSC1)[C@H]1CC[C@H](NS(=O)(=O)c2ccc(I)cc2)CC1,,7.64,1,7.64,7.64,IC50,B,single protein format,single_protein,8,H,2004,,509.4350000000002,1.9884999999999995,92.5,2,5,5,3,1,0.5882352941176471,0.5929077563160458
CHEMBL378159,CHEMBL378159,CN(CC#N)C(=O)[C@@H](N)C12CC3CC(O)(CC(O)(C3)C1)C2,,7.64,1,7.64,7.64,Ki,B,single protein format,single_protein,9,D,2006,,293.3670000000001,-0.2581199999999999,110.58000000000001,3,5,3,4,0,0.8666666666666667,0.6209976524608111
CHEMBL2153744,CHEMBL2153744,CCOC(=O)CNC(=O)c1ccc(OP(=O)(Oc2ccc(C(=O)NCC(=O)OCC)cc2)C2CCCN2C(=O)[C@@H]2CCCN2)cc1,,7.64,1,7.64,7.64,IC50,B,single protein format,single_protein,8,H,2011,,658.6450000000001,2.6238,178.67,3,11,14,4,2,0.45161290322580644,0.20076803523533202
CHEMBL3216941,CHEMBL1739143,COC(=O)[C@H]1CCCN1C(=O)Cc1c(C)nc(CC(C)C)c(CN)c1-c1ccc(C)cc1,,7.64,1,7.64,7.64,IC50,B,cell-based format,cell_based,9,D,2011,,437.58400000000023,3.729140000000002,85.52,1,5,7,3,2,0.5,0.6673161328352226
CHEMBL557514,CHEMBL1196582,Cc1cc2c(cn1)nc1n2C[C@H](N)[C@@H](c2cc(F)c(F)cc2F)C1,,7.64,1,7.64,7.64,IC50,B,single protein format,single_protein,9,D,2009,,332.32900000000006,2.8242200000000004,56.730000000000004,1,3,1,4,3,0.29411764705882354,0.6973194058411345
CHEMBL423108,CHEMBL423108,N[C@H](C(=O)N1CCC(F)(F)C1)[C@H]1CC[C@H](NS(=O)(=O)c2ccc(OC(F)(F)F)cc2)CC1,,7.64,1,7.64,7.64,IC50,B,single protein format,single_protein,8,H,2004,,485.4750000000002,2.6172000000000004,101.73,2,5,6,3,1,0.631578947368421,0.6036220304236046
CHEMBL244008,CHEMBL244008,COc1cc(O)cc(OC)c1[C@@H]1CN[C@H](C(=O)N2CCC[C@H]2C#N)C1,,7.64,1,7.64,7.64,IC50,B,single protein format,single_protein,9,D,2007,,345.39900000000017,1.3694799999999996,94.82,2,6,4,3,1,0.5555555555555556,0.8557748076971917
CHEMBL381806,CHEMBL381806,NC(=O)[C@@H]1Cc2ccccc2CN1C(=O)C[C@H](N)Cc1ccccc1F,,7.64,1,7.64,7.64,IC50,B,single protein format,single_protein,9,D,2006,,355.41300000000007,1.5244,89.42,2,3,5,3,2,0.3,0.8521803152204891
CHEMBL1650412,CHEMBL1650412,N#Cc1ccccc1Cn1c(N2CCC[C@@H](N)C2)nc(-c2ccccc2)cc1=O,,7.64,1,7.64,7.64,IC50,B,single protein format,single_protein,9,D,2011,,385.47100000000006,2.7577800000000012,87.94,1,5,4,4,3,0.2608695652173913,0.7460460249850478
CHEMBL3216483,CHEMBL1739109,COC(=O)c1cscc1NC(=O)Cc1c(C)nc(CC(C)C)c(CN)c1-c1ccc(C)cc1,,7.64,1,7.64,7.64,IC50,B,cell-based format,cell_based,9,D,2011,,465.6190000000003,5.0519400000000045,94.30999999999999,2,6,8,3,3,0.34615384615384615,0.45400419944821085
CHEMBL222627,CHEMBL222627,CCN(CC)c1cc(N2C[C@H](N)[C@@H](c3cc(F)c(F)cc3F)CC2=O)ncn1,,7.64,1,7.64,7.64,Ki,B,single protein format,single_protein,9,D,2007,,393.4130000000001,2.5879000000000003,75.35,1,5,5,3,2,0.42105263157894735,0.7906686540287725
CHEMBL319798,CHEMBL319798,N#C[C@@H]1CCCN1C(=O)CNC1CCN(C(=O)C2CCCCC2)CC1,,7.64,1,7.64,7.64,IC50,B,assay format,other,8,H,2003,,346.4750000000003,1.6618799999999994,76.44,1,4,4,3,0,0.8421052631578947,0.8398453655628098
CHEMBL1683998,CHEMBL1739487,N[C@@H](CC(=O)N1CCn2nnc(-c3cccs3)c2C1)Cc1cc(F)c(F)cc1F,,7.64,1,7.64,7.64,IC50,B,single protein format,single_protein,9,D,2011,,421.4480000000002,2.7262000000000013,77.04,1,5,5,4,3,0.3157894736842105,0.6430127215415131
CHEMBL2298396,CHEMBL2298396,N#C[C@@H]1C[C@@H]2C[C@@H]2N1C(=O)[C@@H](N)C12C[C@H]3C[C@@H](C1)C[C@](O)(C3)C2,,7.64,1,7.64,7.64,IC50,B,single protein format,single_protein,9,D,2013,,315.4170000000001,1.157979999999999,90.35000000000001,2,4,2,6,0,0.8888888888888888,0.7998067802808753
CHEMBL2063025,CHEMBL2063025,C[C@H](N)C(=O)N1C[C@H](O)C[C@H]1B(O)O,,7.64,1,7.64,7.64,IC50,B,cell-based format,cell_based,9,D,2012,,202.019,-2.692599999999998,107.02000000000001,4,5,2,1,0,0.8571428571428571,0.3644843841716385
CHEMBL507254,CHEMBL507254,N#CC1CCCN1C(=O)C(N)C1CCCCC1,,7.63,2,7.34,7.92,IC50,B,assay format;single protein format,mixed,9,D,2008;2015,,235.33099999999996,1.408579999999999,70.12,1,3,2,2,0,0.8461538461538461,0.7863150381147455
CHEMBL556606,CHEMBL1196348,CCC1c2nnc(C(F)(F)F)n2CCN1C(=O)C[C@H](N)Cc1cc(F)c(F)cc1F,,7.625,2,6.95,8.3,IC50,B,single protein format,single_protein,8,H,2008,,435.3720000000001,2.967600000000001,77.04,1,4,5,3,2,0.5,0.5788985031449442
CHEMBL255517,CHEMBL255517,CC#CCn1c(C(=O)NCc2nc(C)cc3ccccc23)nnc1N1CCCC(N)C1,,7.62,1,7.62,7.62,IC50,B,cell-based format,cell_based,9,D,2008,,417.5170000000002,2.0155199999999995,101.96,2,6,5,4,3,0.391304347826087,0.6160234031948624
CHEMBL1083031,CHEMBL1083031,COC(=O)N1C[C@H]2C[C@@H](NCC(=O)N3CCC[C@H]3C#N)C[C@H]2C1,,7.62,1,7.62,7.62,IC50,B,single protein format,single_protein,8,H,2010,,320.39300000000003,0.56738,85.67,1,5,3,3,0,0.8125,0.8213818013517077
CHEMBL222379,CHEMBL222379,N[C@H]1CN(CCc2ccncc2)C(=O)C[C@@H]1c1cc(F)c(F)cc1F,,7.62,1,7.62,7.62,Ki,B,single protein format,single_protein,9,D,2007,,349.356,2.3848000000000003,59.22,1,3,4,3,2,0.3333333333333333,0.8625240558996577
CHEMBL96908,CHEMBL96908,CC(C)(Cc1ccccc1)NCC(=O)N1CCC[C@H]1C#N,,7.62,1,7.62,7.62,IC50,B,assay format,other,8,H,2003,,285.39099999999996,2.11188,56.13,1,3,5,2,1,0.5294117647058824,0.9012094840651425
CHEMBL5433150,CHEMBL5433150,Nc1nc(NC2=NC(c3ccccc3)=CC(c3ccccc3O)O2)nc(N2CCOCC2)n1,,7.62,1,7.62,7.62,IC50,B,single protein format,single_protein,9,D,2023,,445.48300000000035,2.5765000000000002,131.01,3,10,4,5,3,0.21739130434782608,0.5543381270847292
CHEMBL3084936,CHEMBL3084936,N#Cc1cccc(S(=O)(=O)N[C@H]2CC[C@H]([C@H](N)C(=O)N3CCSC3)CC2)c1,,7.62,1,7.62,7.62,IC50,B,single protein format,single_protein,8,H,2004,,408.54900000000026,1.2555799999999997,116.28999999999998,2,6,5,3,1,0.5555555555555556,0.7574883347119158
CHEMBL560183,CHEMBL560183,N[C@@H](CC(=O)N1CCC[C@H]1CNS(=O)(=O)c1cc(Cl)ccc1Cl)Cc1ccccc1F,,7.62,1,7.62,7.62,IC50,B,single protein format,single_protein,8,H,2009,,488.4120000000002,3.361900000000001,92.5,2,4,8,3,2,0.38095238095238093,0.5963067701810183
CHEMBL198190,CHEMBL198190,CC(C)(SCCCc1ccccc1)[C@H](N)C(=O)N1C[C@@H](F)C[C@H]1C#N,,7.62,1,7.62,7.62,Ki,B,single protein format,single_protein,9,D,2005,,363.5020000000001,2.9208800000000013,70.12,1,4,7,2,1,0.5789473684210527,0.7563606623311974
CHEMBL407296,CHEMBL407296,CCN(CC#N)C(=O)[C@@H]1C[C@H](C(=O)N(C)C)[C@H](C)N1,,7.62,1,7.62,7.62,IC50,B,single protein format,single_protein,9,D,2008,,266.34499999999997,-0.18671999999999883,76.44,1,4,4,1,0,0.7692307692307693,0.7157720484649842
CHEMBL472797,CHEMBL472797,CC(C)(CC(=O)N[C@H]1C[C@@H]1c1cccnc1)NCC(=O)N1C[C@@H](F)C[C@H]1C#N,,7.62,1,7.62,7.62,IC50,B,single protein format,single_protein,9,D,2009,,387.4590000000002,1.2745800000000003,98.12,2,5,7,3,1,0.6,0.7343463643769045
CHEMBL402466,CHEMBL402466,CCN(CC#N)C(=O)[C@@H]1C[C@H](C(=O)N2CCOCC2)[C@H](C)N1,,7.62,1,7.62,7.62,IC50,B,single protein format,single_protein,9,D,2008,,308.382,-0.41611999999999755,85.67,1,5,4,2,0,0.8,0.7132838996548169
CHEMBL1086039,CHEMBL1086039,CC(C)(CC(=O)N1CCC[C@H]1CO)NCC(=O)N1C[C@@H](F)C[C@H]1C#N,,7.62,1,7.62,7.62,IC50,B,single protein format,single_protein,8,H,2010,,354.4260000000001,0.1905800000000013,96.67000000000002,2,5,6,2,0,0.8235294117647058,0.7097923867077934
CHEMBL4858093,CHEMBL4858093,CC#CCn1c(N2CCC[C@@H](N)C2)cc(=O)n(Cc2cccc(C(=O)N[C@@H](C)C(=O)OC)c2)c1=O,,7.62,1,7.62,7.62,IC50,B,single protein format,single_protein,9,D,2021,,481.5530000000002,0.30040000000000244,128.66,2,7,7,3,2,0.44,0.42992172015270863
CHEMBL3084943,CHEMBL3084943,N[C@H](C(=O)N1CCSC1)[C@H]1CC[C@H](NS(=O)(=O)c2ccc(F)c(F)c2F)CC1,,7.62,1,7.62,7.62,IC50,B,single protein format,single_protein,8,H,2004,,437.5090000000002,1.8011999999999995,92.5,2,5,5,3,1,0.5882352941176471,0.6856974605794747
CHEMBL387232,CHEMBL387232,CC#C[C@H]1CC[C@@H](C#N)N1C(=O)[C@@H](N)C1CCCC1,,7.62,1,7.62,7.62,Ki,B,cell-based format,cell_based,9,D,2006,,259.353,1.4103799999999997,70.12,1,3,2,2,0,0.7333333333333333,0.7622006744675939
CHEMBL1208841,CHEMBL1208841,Cc1nc2nc(-c3cccc(Cl)c3)cn2c(-c2ccc(Cl)cc2Cl)c1CN,,7.62,1,7.62,7.62,Ki,B,single protein format,single_protein,9,D,2010,,417.72700000000015,5.790620000000003,56.21,1,3,3,4,4,0.1,0.458743036736833
CHEMBL2159184,CHEMBL2159184,Cn1c(=O)c2c(-c3ccc(Cl)cc3Cl)c(CN)c(N)nc2n(C)c1=O,,7.62,1,7.62,7.62,IC50,B,single protein format,single_protein,8,H,2012,,380.2350000000001,1.6468999999999996,108.92999999999998,2,5,2,3,3,0.1875,0.7027607980088931
CHEMBL2206476,CHEMBL2206476,COc1cccc(-c2csc(C3(NC(=O)C[C@H](N)Cc4ccccc4F)CCS(=O)(=O)CC3)n2)c1,,7.62,1,7.62,7.62,IC50,B,single protein format,single_protein,9,D,2012,,517.6480000000004,3.4380000000000024,111.37999999999998,2,7,8,4,3,0.36,0.47359502934104697
CHEMBL4296719,CHEMBL4296719,O=C(CN[C@@H]1CCNC1)N1CCC[C@H]1B(O)O,DUTOGLIPTIN,7.619999999999999,2,7.6,7.64,IC50,B,single protein format,single_protein,9,D,2014;2022,3,241.1,-2.0590999999999973,84.83000000000001,4,5,4,2,0,0.9,0.42529095877316003
CHEMBL269952,CHEMBL269952,Cc1nsc(N2CCN(C(=O)[C@H]3C[C@@H](C(=O)N4CCSC4)N[C@H]3C)CC2)n1,,7.619999999999999,2,7.39,7.85,IC50,B,cell-free format;single protein format,mixed,9,D,2008,,410.56900000000024,0.3946200000000011,81.67,1,8,3,4,1,0.7647058823529411,0.7721570310622877
CHEMBL95089,CHEMBL95089,N#C[C@@H]1CCCN1C(=O)CNC1CCCC1,,7.615,2,7.27,7.96,IC50;Ki,B,assay format;cell-based format,cell_based,8;9,D;H,2003;2006,,221.30399999999997,1.0331799999999993,56.13,1,3,3,2,0,0.8333333333333334,0.7741892997169927
CHEMBL230389,CHEMBL230389,C[C@H]1CNC(=O)[C@@H](CC(F)(F)F)N(C(=O)C[C@H](N)Cc2cc(F)c(F)cc2F)C1,,7.61,1,7.61,7.61,IC50,B,single protein format,single_protein,8,H,2007,,425.3730000000001,2.279300000000001,75.43,2,3,5,2,1,0.5555555555555556,0.5616392555852596
CHEMBL5220053,CHEMBL5220053,C=COC(=O)[C@@H]1CCCN1C(=O)CNC(=O)OC(C)(C)C,,7.61,1,7.61,7.61,IC50,B,single protein format,single_protein,9,D,2022,,298.339,1.1887999999999999,84.94000000000001,1,5,4,1,0,0.6428571428571429,0.6222195599237985
CHEMBL3697950,CHEMBL3697950,CS(=O)(=O)n1cc2c(n1)CN([C@H]1C[C@H](N)C(c3cc(F)ccc3F)N(Cc3cncc4cccnc34)C1)C2,,7.61,1,7.61,7.61,IC50,B,assay format,other,9,D,2014,,539.6120000000001,2.5709,110.24,1,8,5,6,4,0.34615384615384615,0.4122327577122717
CHEMBL437557,CHEMBL437557,CN(C)C(=O)[C@@H]([C@H]1CC[C@H](c2ccc3ncnn3c2)CC1)[C@H](N)C(=O)N1CCC(F)(F)C1,,7.605,2,6.89,8.32,IC50,B,single protein format,single_protein,9,D,2007,,448.5180000000003,1.9024,96.83,1,5,5,4,2,0.6363636363636364,0.7537351850049941
CHEMBL1790483,CHEMBL1790483,CC[C@H](C)[C@H](N)C(=O)N1CCC[C@H]1B(O)O,,7.6,1,7.6,7.6,IC50,B,single protein format,single_protein,8,H,1996,,228.10099999999997,-0.637199999999999,86.79,3,4,4,1,0,0.9,0.5585239568764403
CHEMBL495932,CHEMBL495932,N[C@H]1CCCCN(P(N)(=O)NS(=O)(=O)O)C1=O,,7.6,1,7.6,7.6,IC50,B,assay format,other,9,D,2008,,286.25000000000006,-1.214599999999999,155.81999999999996,4,5,3,1,0,0.8333333333333334,0.37410105534058846
CHEMBL245545,CHEMBL1182555,CC(=O)N(C)C1CCC([C@H](C)[C@H](N)C(=O)N2CC[C@H](F)C2)CC1,,7.6,2,7.4,7.8,IC50,B,cell-based format;single protein format,mixed,9,D,2007,,327.4440000000001,1.5572999999999992,66.64,1,3,4,2,0,0.8823529411764706,0.851922817177938
CHEMBL381145,CHEMBL1184970,C[C@@H](c1ccc(-c2ccc(O)nc2)cc1)[C@H](N)C(=O)N1CC[C@H](F)C1,,7.6,1,7.6,7.6,IC50,B,single protein format,single_protein,9,D,2006,,343.4020000000001,2.4554,79.45,2,4,4,3,2,0.3684210526315789,0.8936450538675579
CHEMBL3616901,CHEMBL3616901,CC#CCn1c(N2CCNCC2)nc2c1c(=O)n(Cc1nc(OC)c3ccccc3n1)c(=O)n2C,,7.6,1,7.6,7.6,IC50,B,single protein format,single_protein,9,D,2014,,474.52500000000026,0.3297000000000003,112.10000000000002,1,8,5,5,4,0.375,0.4121113768155722
CHEMBL514006,CHEMBL1187653,CC(C)(CC(=O)N1CCc2ccsc2C1)[C@H](N)C(=O)N1CCC[C@H]1C#N,,7.6,1,7.6,7.6,IC50,B,single protein format,single_protein,8,H,2009,,374.5100000000002,1.8909799999999999,90.43,1,5,4,3,1,0.631578947368421,0.871257205748317
CHEMBL385904,CHEMBL385904,C#C[C@H]1CC[C@@H](C#N)N1C(=O)CNC(C)(C)C,,7.6,1,7.6,7.6,Ki,B,cell-based format,cell_based,9,D,2006,,233.315,0.8908799999999997,56.13,1,3,2,1,0,0.6923076923076923,0.7206529937381205
CHEMBL2147068,CHEMBL2220121,Cn1c(=O)c2c(nc(N3CCC[C@@H](N)C3)n2Cc2cc(Cl)ccc2Cl)c2cc(C(=O)O)ccc21,,7.6,1,7.6,7.6,IC50,B,single protein format,single_protein,9,D,2012,,500.38600000000014,3.8690000000000015,106.38000000000001,2,5,4,5,4,0.2916666666666667,0.44088437565168287
CHEMBL515869,CHEMBL515869,O=C([C@@H]1C[C@H](N2CCN(c3ncccn3)CC2)CN1)N1CC(F)(F)C(F)(F)C1,,7.6,1,7.6,7.6,IC50,B,single protein format,single_protein,9,D,2009,,402.3960000000001,0.4418999999999998,64.60000000000001,1,6,3,4,1,0.7058823529411765,0.7408748559320655
CHEMBL396168,CHEMBL1185182,Cc1ccc(C(=O)N(C)c2ccc([C@H](C(=O)N(C)C)[C@H](N)C(=O)N3CC[C@H](F)C3)cc2)cc1,,7.6,1,7.6,7.6,IC50,B,cell-based format,cell_based,9,D,2007,,454.5460000000002,2.34112,86.95,1,4,6,3,2,0.4,0.7259775514957534
CHEMBL1683641,CHEMBL1683641,CCOC(=O)[C@@H](Nc1ccc(CNC(=O)[C@@H]2SCCN2C(=O)C[C@H](N)Cc2cc(F)c(F)cc2F)cc1)C(C)C,,7.6,1,7.6,7.6,IC50,B,single protein format,single_protein,9,D,2011,,580.6730000000003,3.5813000000000024,113.76,3,7,12,3,2,0.4642857142857143,0.25986350678791154
CHEMBL250787,CHEMBL250787,C[C@@H]1c2nc(C(F)(F)F)nn2CCN1C(=O)C[C@H](N)Cc1cc(F)c(F)cc1F,,7.6,1,7.6,7.6,IC50,B,single protein format,single_protein,8,H,2007,,421.3450000000001,2.5775000000000006,77.04,1,4,4,3,2,0.47058823529411764,0.6083371620596874
CHEMBL362922,CHEMBL362922,O=C(CNC1CC2CCCC1C2)N1CCC[C@H]1C(O)O,,7.6,1,7.6,7.6,IC50,B,single protein format,single_protein,9,D,2005,,282.38399999999996,0.45639999999999975,72.80000000000001,3,4,4,3,0,0.9333333333333333,0.6549568982895828
CHEMBL2069848,CHEMBL2069848,N[C@@H](CC(=O)N1CCN(C(=O)c2ccc3ccccc3n2)CC1)Cc1cc(F)c(F)cc1F,,7.6,1,7.6,7.6,IC50,B,single protein format,single_protein,9,D,2012,,456.46800000000025,2.896600000000002,79.53000000000002,1,4,5,4,3,0.2916666666666667,0.599161767707408
CHEMBL256929,CHEMBL256929,CC#CCn1c(N2CCC[C@H](N)C2)nc2cnn(CC3=Nc4ccccc4Oc4ccccc43)c(=O)c21,,7.6,1,7.6,7.6,IC50,B,cell-based format,cell_based,9,D,2008,,493.5710000000003,3.470500000000002,103.56,1,7,4,6,4,0.2857142857142857,0.4368495648261403
CHEMBL3350922,CHEMBL3350922,C=CC(CC)(CC)[C@H](N)C(=O)N1[C@H](C#N)C[C@@H]2C[C@@H]21,,7.6,1,7.6,7.6,Ki,B,single protein format,single_protein,9,D,2005,,261.36899999999997,1.8190799999999998,70.12,1,3,5,2,0,0.7333333333333333,0.7673526752893408
CHEMBL371429,CHEMBL371429,O=C(CNC1CCCC1)N1CCC[C@H]1B(O)O,,7.6,1,7.6,7.6,IC50,B,single protein format,single_protein,9,D,2005,,240.112,-0.4783999999999996,72.80000000000001,3,4,4,2,0,0.9090909090909091,0.5802745336407114
CHEMBL1161920,CHEMBL1161920,NC1CCCN(c2nc3c(n2Cc2ccccc2C(F)(F)F)C(=O)c2ccccc2C3=O)C1,,7.6,1,7.6,7.6,Ki,B,single protein format,single_protein,9,D,2006,,454.4520000000002,3.653100000000003,81.22,1,5,3,5,3,0.2916666666666667,0.5111895244097895
CHEMBL259198,CHEMBL259198,C[C@@H]1N[C@H](C(=O)N(C)CC#N)C[C@@H]1C(=O)N(C)C,,7.6,1,7.6,7.6,IC50,B,single protein format,single_protein,9,D,2008,,252.31799999999998,-0.5768199999999988,76.44,1,4,3,1,0,0.75,0.6820110397490077
CHEMBL393947,CHEMBL393947,CC(C)(Cc1ccc(F)cc1)NCC(=O)N1C[C@@H](F)C[C@H]1C(=O)c1nnc(C(C)(C)C)o1,,7.6,1,7.6,7.6,IC50,B,single protein format,single_protein,9,D,2007,,448.5140000000003,3.238800000000002,88.33,1,6,7,3,2,0.5652173913043478,0.6545687240224816
CHEMBL374688,CHEMBL374688,N#Cc1ccc(N[C@@H]2CN[C@H](C(=O)N3CCSC3)C2)cc1,,7.6,1,7.6,7.6,IC50,B,cell-free format,other,9,D,2007,,302.4030000000001,1.2335799999999995,68.16,2,5,3,3,1,0.4666666666666667,0.878918665305964
CHEMBL2334683,CHEMBL2334683,CC(C)(C)OC(=O)N1CCC([C@H](N)C(=O)N2[C@H](C#N)C[C@@H]3C[C@@H]32)CC1,,7.6,1,7.6,7.6,Ki,B,single protein format,single_protein,9,D,2013,,348.4470000000002,1.4737800000000003,99.66,1,5,2,3,0,0.8333333333333334,0.814480249577383
CHEMBL1951602,CHEMBL1951602,CC(C)=CCn1c(N2CCC[C@H](N)C2)c(C#N)c2c1c(=O)n(Cc1ncccc1C#N)c(=O)n2C,,7.6,1,7.6,7.6,IC50,B,single protein format,single_protein,9,D,2012,,472.5530000000003,1.5820599999999998,138.66,1,7,5,4,3,0.4,0.5562977696959404
CHEMBL23176,CHEMBL23176,N[C@H](C(=O)N1CCSC1)[C@H]1CC[C@H](NC(=O)OCc2ccccc2)CC1,,7.6,1,7.6,7.6,IC50,B,single protein format,single_protein,8,H,2004,,377.51000000000016,2.3318000000000003,84.66000000000001,2,5,5,3,1,0.5789473684210527,0.8226625247300858
CHEMBL1951422,CHEMBL1951422,COc1cccc(C(=O)Cn2cnc3c(C#N)c(N4CCC[C@@H](N)C4)n(Cc4ccccc4)c3c2=O)c1,,7.6,1,7.6,7.6,IC50,B,single protein format,single_protein,9,D,2012,,496.57100000000037,2.936980000000001,119.16999999999999,1,7,7,5,4,0.2857142857142857,0.3907953811830769
CHEMBL209162,CHEMBL1182070,CN(C)C(=O)[C@@H](c1ccc(-c2ccc(=O)n(C)c2)cc1)[C@H](N)C(=O)N1CC[C@H](F)C1,,7.6,2,7.1,8.1,IC50,B,single protein format,single_protein,9,D,2006,,414.48100000000017,1.1218,88.64,1,4,5,3,2,0.4090909090909091,0.794270537211301
CHEMBL3697943,CHEMBL3697943,N[C@H]1C[C@@H](N2Cc3cn[nH]c3C2)CN(CCN2CCC(F)(F)C2)C1c1cc(F)ccc1F,,7.59,1,7.59,7.59,IC50,B,assay format,other,9,D,2014,,452.5000000000001,2.4874,64.42,2,5,5,5,2,0.5909090909090909,0.6829607941082165
CHEMBL2418637,CHEMBL3039742,N#C[C@@H]1CCCN1C(=O)[C@@H](N)Cc1ccc(-c2cn(CCc3ccccc3)nn2)cc1,,7.59,1,7.59,7.59,IC50,B,single protein format,single_protein,9,D,2013,,414.51300000000015,2.5721800000000004,100.83000000000001,1,5,7,4,3,0.3333333333333333,0.6403179112771199
CHEMBL1202089,CHEMBL1615810,N#C[C@H]1CCCN1C(=O)CNCCN1CCN(c2ccc(Cl)cc2)C1=O,,7.59,1,7.59,7.59,IC50,B,single protein format,single_protein,9,D,2009,,375.86000000000007,1.6861799999999998,79.68,1,4,6,3,1,0.5,0.76712561215429
CHEMBL390513,CHEMBL390513,N#Cc1ccc(N[C@@H]2CN[C@H](C(=O)N3CCSC3)C2)nc1,,7.59,1,7.59,7.59,IC50,B,cell-free format,other,9,D,2007,,303.3910000000001,0.6285799999999995,81.05,2,6,3,3,1,0.5,0.8522268759282892
CHEMBL269965,CHEMBL269965,COCc1nsc(N2CCN(C(=O)[C@@H]3CN[C@H](C(=O)N4CCCC4)C3)CC2)n1,,7.585,2,7.4,7.77,IC50,B,cell-free format;single protein format,mixed,9,D,2008,,408.52800000000036,-0.0663999999999978,90.9,1,8,5,4,1,0.7777777777777778,0.7294962747731543
CHEMBL206501,CHEMBL1182017,C[C@@H](c1ccc(-c2ccc(=O)n(C)c2)cc1)[C@H](N)C(=O)N1CCC(F)(F)C1,,7.58,1,7.58,7.58,IC50,B,single protein format,single_protein,9,D,2006,,375.41900000000015,2.3507,68.33,1,3,4,3,2,0.4,0.8920019201329055
CHEMBL199922,CHEMBL199922,COc1ccc(-c2ccc(C[C@H](N)C(=O)N3CCC[C@H]3C#N)cc2)cc1OC,,7.58,1,7.58,7.58,Ki,B,single protein format,single_protein,9,D,2006,,379.4600000000001,2.755180000000001,88.58,1,5,6,3,2,0.36363636363636365,0.8336448371465941
CHEMBL3804982,CHEMBL3804982,Cc1cc2nc3c(cn2n1)CN([C@@H]1CC[C@H](c2cc(F)ccc2F)[C@@H](N)C1)C3,,7.58,1,7.58,7.58,IC50,B,single protein format,single_protein,9,D,2016,,383.44600000000014,3.2951200000000016,59.45,1,4,2,5,3,0.42857142857142855,0.7377587532469836
CHEMBL1269842,CHEMBL1269842,COc1ccccc1-c1cn2c(-c3ccccc3Cl)c(CN)c(C)nc2n1,,7.58,3,6.09,7.96,Ki,B,single protein format,single_protein,9,D,2010,,378.86300000000017,4.492420000000004,65.44,1,4,4,4,4,0.14285714285714285,0.5677401312042638
CHEMBL518831,CHEMBL518831,COc1cccc([C@H]2C[C@@H]2NC(=O)CC(C)(C)NCC(=O)N2C[C@@H](F)C[C@H]2C#N)c1,,7.58,1,7.58,7.58,IC50,B,single protein format,single_protein,9,D,2009,,416.4970000000002,1.8881800000000002,94.46000000000001,2,5,8,3,1,0.5909090909090909,0.6749518981112045
CHEMBL231294,CHEMBL1182346,N[C@H]1CN(c2ccn3cnnc3n2)CC[C@@H]1c1cc(F)c(F)cc1F,,7.58,1,7.58,7.58,IC50,B,single protein format,single_protein,8,H,2007,,348.332,1.8627999999999996,72.34,1,5,2,4,3,0.3125,0.7159782910072731
CHEMBL1085332,CHEMBL1085332,CC(C)(CC(=O)N1CCC(=O)CC1)NCC(=O)N1C[C@@H](F)C[C@H]1C#N,,7.58,1,7.58,7.58,IC50,B,single protein format,single_protein,8,H,2010,,352.4100000000001,0.3987800000000017,93.50999999999999,1,5,5,2,0,0.7647058823529411,0.7729222216349343
CHEMBL227615,CHEMBL227615,O=C([C@@H]1C[C@H](N2Cc3ccccc3C2)CN1)N1CCSC1,,7.58,1,7.58,7.58,IC50,B,cell-free format,other,9,D,2007,,303.43100000000004,1.2655999999999996,35.580000000000005,1,4,2,4,1,0.5625,0.8922945209071762
CHEMBL564670,CHEMBL1197268,N#C[C@@H]1CS[C@H]2C[C@](N)(c3ccccc3)C(=O)N12,,7.58,1,7.58,7.58,IC50,B,single protein format,single_protein,9,D,2009,,259.334,1.0379800000000001,70.11999999999999,1,4,1,3,1,0.38461538461538464,0.8177168588787037
CHEMBL1819091,CHEMBL1819091,CC[C@@]1(N)CCCN(c2cc3c(c(=O)n(C)c(=O)n3C)n2Cc2cc(F)ccc2C#N)C1,,7.58,1,7.58,7.58,IC50,B,single protein format,single_protein,9,D,2011,,438.5070000000002,1.8054799999999998,101.97999999999999,1,5,4,4,3,0.43478260869565216,0.669373032998774
CHEMBL237151,CHEMBL237151,C[C@@H](C1CCC(c2cccnc2)CC1)[C@H](N)C(=O)N1CCC(F)(F)C1,,7.58,2,6.82,8.34,IC50,B,single protein format,single_protein,9,D,2007,,351.4410000000001,3.186400000000001,59.22,1,3,4,3,1,0.6842105263157895,0.9062416876469674
CHEMBL463231,CHEMBL463231,CC(C)(CC(=O)N[C@H]1C[C@@H]1c1cccc(Cl)c1)NCC(=O)N1CC(F)(F)C[C@H]1C#N,,7.58,1,7.58,7.58,IC50,B,single protein format,single_protein,9,D,2009,,438.90600000000023,2.8301800000000013,85.23,2,4,7,3,1,0.5714285714285714,0.6851365314541908
CHEMBL498749,CHEMBL498749,N[C@H](Cc1cc(F)c(F)cc1F)C1CCN(C(=O)c2cc3ccccc3cn2)CC1,,7.58,1,7.58,7.58,IC50,B,single protein format,single_protein,9,D,2009,,413.44300000000015,4.074300000000004,59.22,1,3,4,4,3,0.30434782608695654,0.6561684076100754
CHEMBL195030,CHEMBL195030,N[C@@H](CC(=O)N1CCc2sc(-c3ccc(F)cc3)nc2C1)Cc1cc(F)ccc1F,,7.58,1,7.58,7.58,IC50,B,single protein format,single_protein,9,D,2005,,431.4830000000002,4.072200000000003,59.220000000000006,1,4,5,4,3,0.2727272727272727,0.6625795343975341
CHEMBL2086599,CHEMBL2086599,N#Cc1ccc(C(=O)NCCCC(=O)N2CCC[C@H]2C(N)=O)cc1,,7.58,1,7.58,7.58,IC50,B,assay format,other,9,D,2012,,328.37199999999996,0.54458,116.28999999999999,2,4,6,2,1,0.4117647058823529,0.7413985212783644
CHEMBL377724,CHEMBL1184907,C[C@@H](c1ccc(-c2ccc(=O)n(C)c2)cc1)[C@H](N)C(=O)N1CCSC1,,7.58,1,7.58,7.58,IC50,B,single protein format,single_protein,9,D,2006,,357.47900000000016,2.016,68.33,1,4,4,3,2,0.3684210526315789,0.9089046805847818
CHEMBL2334677,CHEMBL2334677,CC(C)[C@H](N)C(=O)N1[C@H](C#N)C[C@@H]2C[C@@H]21,,7.58,1,7.58,7.58,Ki,B,single protein format,single_protein,9,D,2013,,207.277,0.48267999999999983,70.12,1,3,2,2,0,0.8181818181818182,0.7157291928394449
CHEMBL256928,CHEMBL256928,CC#CCn1c(N2CCCC(N)C2)nc2cnn(CC(=O)c3ccccc3)c(=O)c21,,7.58,1,7.58,7.58,IC50,B,cell-based format,cell_based,9,D,2008,,404.4740000000002,1.4266999999999996,99.03999999999999,1,6,5,4,3,0.36363636363636365,0.5101634824886213
CHEMBL1808463,CHEMBL1808463,CC(C)Cc1nc2ccc(OCC(N)=O)cc2c(-c2ccc(F)cc2)c1CN,,7.58,1,7.58,7.58,IC50,B,cell-based format,cell_based,9,D,2011,,381.4510000000001,3.5622000000000007,91.23,2,4,7,3,3,0.2727272727272727,0.6545443004623376
CHEMBL95088,CHEMBL95088,N#C[C@@H]1CCCN1C(=O)CNC1(CO)CCCC1,,7.58,1,7.58,7.58,IC50,B,assay format,other,8,H,2003,,251.32999999999996,0.39567999999999937,76.36,2,4,4,2,0,0.8461538461538461,0.7578260116378797
CHEMBL4634474,CHEMBL4634474,N[C@H]1C[C@@H](N2Cc3cn(S(=O)(=O)C4CCCC4)nc3C2)[C@@H](C(F)(F)F)O[C@@H]1c1cc(F)ccc1F,,7.58,1,7.58,7.58,IC50,B,single protein format,single_protein,9,D,2020,,520.5240000000001,3.3858000000000024,90.45,1,6,4,5,2,0.5909090909090909,0.6221245828721299
CHEMBL1683997,CHEMBL1739458,N[C@@H](CC(=O)N1CCn2nnc(-c3ccoc3)c2C1)Cc1cc(F)c(F)cc1F,,7.58,1,7.58,7.58,IC50,B,single protein format,single_protein,9,D,2011,,405.38000000000017,2.2577000000000007,90.18,1,5,5,4,3,0.3157894736842105,0.6579490183139476
CHEMBL4173215,CHEMBL4173215,N#Cc1ccc(F)cc1Cn1c(N2CCC[C@@H](N)C2)nc2ccn(Cc3cc(F)ccc3C#N)c2c1=O,,7.58,1,7.58,7.58,IC50,B,single protein format,single_protein,9,D,2017,,499.52500000000026,3.243660000000001,116.66,1,6,5,5,4,0.25925925925925924,0.45065923618489523
CHEMBL3084938,CHEMBL3084938,CN(C)C(=O)Nc1ccc(S(=O)(=O)N[C@H]2CC[C@H]([C@H](N)C(=O)N3CCCC3)CC2)cc1,,7.58,1,7.58,7.58,IC50,B,single protein format,single_protein,8,H,2004,,451.59300000000036,1.5669000000000008,124.83999999999999,3,5,6,3,1,0.6190476190476191,0.6054083241666338
CHEMBL1683568,CHEMBL1683568,N[C@H]1CN(c2cc(N3CCC(F)(F)C3)ncn2)C[C@@H]1N1CCCCC1=O,,7.58,1,7.58,7.58,IC50,B,single protein format,single_protein,9,D,2011,,366.41600000000017,0.8503999999999996,78.59,1,6,3,4,1,0.7058823529411765,0.854577827592483
CHEMBL536999,CHEMBL1188663,N[C@@H](CC(=O)N1CCn2c(nnc2C(F)(F)F)C1CC(F)(F)F)Cc1cc(F)c(F)cc1F,,7.575,2,6.91,8.24,IC50,B,single protein format,single_protein,8,H,2008,,489.34200000000016,3.5100000000000025,77.04,1,4,5,3,2,0.5,0.5154905745548335
CHEMBL2425064,CHEMBL2425064,CC1(C)c2nc(C3CC3)ncc2CN1[C@H]1CO[C@H](c2cc(F)ccc2F)[C@@H](N)C1,,7.57,1,7.57,7.57,IC50,B,single protein format,single_protein,9,D,2013,,400.4730000000001,3.5404000000000018,64.27,1,5,3,5,2,0.5454545454545454,0.8538564616767741
CHEMBL5279548,CHEMBL5279548,N#C[C@@H]1C[C@H]2[C@H](CC2(F)F)N1C(=O)[C@@H](N)C12CC3CC(CC(O)(C3)C1)C2,,7.57,1,7.57,7.57,IC50,B,single protein format,single_protein,9,D,2021,,365.4240000000002,1.7932799999999993,90.35000000000001,2,4,2,6,0,0.8947368421052632,0.780637734879528
CHEMBL1650444,CHEMBL1650444,Cn1c(=O)cc(N2CCC[C@@H](N)C2)n(Cc2cc(Cl)ccc2Cl)c1=O,,7.57,1,7.57,7.57,IC50,B,single protein format,single_protein,9,D,2011,,383.27900000000005,1.8296000000000001,73.26,1,4,3,3,2,0.4117647058823529,0.8779495914661068
CHEMBL237343,CHEMBL237343,N[C@H]1CN(c2cc(-c3cccc(F)c3)ncn2)C[C@@H]1c1cc(F)c(F)cc1F,,7.57,2,7.29,7.85,IC50,B,single protein format,single_protein,9,D,2007,,388.36800000000005,3.6311000000000027,55.04,1,4,3,4,3,0.2,0.5500111805758934
CHEMBL562525,CHEMBL562525,N[C@@H](CC(=O)N1CCC[C@H]1CNC(=O)c1ccccc1)Cc1cccc(Cl)c1,,7.57,1,7.57,7.57,IC50,B,single protein format,single_protein,8,H,2009,,399.92200000000014,3.020900000000002,75.43,2,3,7,3,2,0.36363636363636365,0.750957805545953
CHEMBL537400,CHEMBL216186,N[C@@H](CC(=O)N1CCn2c(nnc2C(F)(F)F)C1)Cc1cc(F)ccc1F,,7.57,2,7.57,7.57,IC50,B,single protein format,single_protein,8;9,D;H,2005;2007,,389.32800000000015,1.8773999999999997,77.04,1,4,4,3,2,0.4375,0.8105065189922361
CHEMBL472101,CHEMBL472101,COc1ccc(CCNCC(=O)N2C[C@@H](F)C[C@H]2C#N)cc1OC,,7.57,1,7.57,7.57,IC50,B,cell-free format,other,9,D,2008,,335.3790000000001,1.2984799999999994,74.59,1,5,7,2,1,0.5294117647058824,0.7603922067629891
CHEMBL1085305,CHEMBL1085305,COc1ccc(NC(=O)CC(C)(C)NCC(=O)N2C[C@@H](F)C[C@H]2C#N)cc1OC,,7.57,1,7.57,7.57,IC50,B,single protein format,single_protein,8,H,2010,,406.45800000000014,1.8631799999999994,103.69000000000001,2,6,8,2,1,0.55,0.6830692679612297
CHEMBL1085580,CHEMBL1085580,CC(C)(CC(=O)N1CCSC1)NCC(=O)N1C[C@@H](F)C[C@H]1C#N,,7.57,1,7.57,7.57,IC50,B,single protein format,single_protein,8,H,2010,,342.44000000000005,0.7401800000000003,76.44,1,5,5,2,0,0.8,0.7974401257373466
CHEMBL250852,CHEMBL250852,N[C@H]1CN(Cc2cnc3ccccc3c2)C[C@H]1C(=O)N1CCCC1,,7.57,1,7.57,7.57,IC50,B,single protein format,single_protein,9,D,2007,,324.42800000000017,1.616299999999999,62.46,1,4,3,4,2,0.47368421052631576,0.9317522337899283
CHEMBL485125,CHEMBL485125,N[C@H](Cc1cc(F)c(F)cc1F)C1CCN(C(=O)c2cnc3ncccn23)CC1,,7.57,1,7.57,7.57,IC50,B,single protein format,single_protein,9,D,2009,,403.40800000000013,2.5688000000000004,76.52,1,4,4,4,3,0.35,0.6796663948182025
CHEMBL1683990,CHEMBL1739445,CN(C)C(=O)c1ccc(-c2nnn3c2CN(C(=O)C[C@H](N)Cc2cc(F)c(F)cc2F)CC3)cc1,,7.57,1,7.57,7.57,IC50,B,single protein format,single_protein,9,D,2011,,486.4980000000002,2.3665000000000003,97.35000000000001,1,5,6,4,3,0.3333333333333333,0.5399025681241462
CHEMBL206251,CHEMBL206251,CCN(CC#N)C(=O)[C@@H](N)C12CC3CC(CC(C3)C1)C2,,7.57,1,7.57,7.57,Ki,B,single protein format,single_protein,9,D,2006,,275.396,1.9021799999999993,70.12,1,3,4,4,0,0.875,0.7966203118391251
CHEMBL1288261,CHEMBL1618542,Cc1ccc(F)cc1Cn1c(N2CCC[C@@](C)(N)C2)cc2c1c(=O)n(C)c(=O)n2C,,7.57,1,7.57,7.57,IC50,B,cell-free format,other,9,D,2010,,413.4970000000002,1.8521199999999995,78.19,1,4,3,4,3,0.45454545454545453,0.7109602716194559
CHEMBL511125,CHEMBL511125,N#C[C@@H]1C[C@H](F)CN1C(=O)CN[C@H]1[C@@H]2CN(c3ccccn3)C[C@@H]21,,7.57,1,7.57,7.57,IC50,B,cell-free format,other,9,D,2008,,329.3790000000001,0.5683799999999997,72.26,1,5,4,4,1,0.5882352941176471,0.8742363697734318
CHEMBL191337,CHEMBL1181769,CN(C)C(=O)[C@@H](c1ccc(-c2ccc(F)cc2)cc1)[C@H](N)C(=O)N1CCC(F)(F)C1,,7.57,1,7.57,7.57,IC50,B,single protein format,single_protein,8,H,2005,,419.4470000000002,2.859400000000001,66.64,1,3,5,3,2,0.36363636363636365,0.8106287741485294
CHEMBL559543,CHEMBL559543,CS(=O)(=O)NC[C@@H]1CCCN1C(=O)C[C@H](N)Cc1cc(F)c(F)cc1F,,7.57,1,7.57,7.57,IC50,B,single protein format,single_protein,8,H,2009,,393.43100000000004,0.9040000000000002,92.5,2,4,7,2,1,0.5625,0.6736561885764221
CHEMBL1779702,CHEMBL1779702,N[C@@H](CC(=O)N1CCN(Cc2cccc(Cl)c2)C(=O)C1)Cc1cc(F)c(F)cc1F,,7.57,1,7.57,7.57,IC50,B,single protein format,single_protein,9,D,2011,,439.86500000000024,2.888200000000001,66.64000000000001,1,3,6,3,2,0.3333333333333333,0.7037414828357356
CHEMBL1082346,CHEMBL1198808,CO[C@@H]1C[C@H]2C[C@@H](NCC(=O)N3CCC[C@H]3C#N)C[C@H]2C1,,7.57,1,7.57,7.57,IC50,B,single protein format,single_protein,8,H,2010,,291.39500000000004,1.2941799999999999,65.36,1,4,4,3,0,0.875,0.8475397496714797
CHEMBL382974,CHEMBL382974,O=C(CNC1CCCCCCC1)N1CCC[C@H]1B(O)O,,7.57,1,7.57,7.57,IC50,B,single protein format,single_protein,9,D,2005,,282.1929999999999,0.6919,72.80000000000001,3,4,4,2,0,0.9285714285714286,0.6634127178891863
CHEMBL192117,CHEMBL1181801,C[C@@H](c1ccc(-c2cccc(NS(=O)(=O)C(F)(F)F)c2)cc1)[C@H](N)C(=O)N1CC[C@H](F)C1,,7.57,1,7.57,7.57,IC50,B,single protein format,single_protein,8,H,2005,,473.4920000000002,3.6163000000000016,92.49999999999999,2,4,6,3,2,0.38095238095238093,0.6272371248652373
CHEMBL565056,CHEMBL565056,N[C@@H](CC(=O)N1CCC[C@H]1CNS(=O)(=O)c1ccc(F)cc1)Cc1ccccc1F,,7.57,1,7.57,7.57,IC50,B,single protein format,single_protein,8,H,2009,,437.5120000000001,2.1942000000000004,92.5,2,4,8,3,2,0.38095238095238093,0.6622868569905805
CHEMBL563108,CHEMBL563108,CS(=O)(=O)c1ccccc1C(=O)NC[C@@H]1CCCN1C(=O)C[C@H](N)Cc1ccccc1F,,7.57,1,7.57,7.57,IC50,B,single protein format,single_protein,8,H,2009,,461.55900000000025,1.9101000000000006,109.57000000000001,2,5,8,3,2,0.391304347826087,0.6241745961354328
CHEMBL3093898,CHEMBL3093898,N#Cc1ccccc1C[C@H](N)C(=O)N1CCC[C@H]1C#N,,7.57,1,7.57,7.57,IC50,B,assay format,other,9,D,2013,,268.31999999999994,0.9426599999999997,93.91,1,4,3,2,1,0.4,0.8823683186971917
CHEMBL1082347,CHEMBL1198809,CO[C@@H]1C[C@H]2C[C@H](NCC(=O)N3CCC[C@H]3C#N)C[C@H]2C1,,7.57,1,7.57,7.57,IC50,B,single protein format,single_protein,8,H,2010,,291.39500000000004,1.2941799999999999,65.36,1,4,4,3,0,0.875,0.8475397496714797
CHEMBL447393,CHEMBL447393,CC(C)(CC(=O)N[C@@H]1C[C@H]1c1cccc(Cl)c1)NCC(=O)N1C[C@@H](F)C[C@H]1C#N,,7.57,1,7.57,7.57,IC50,B,single protein format,single_protein,9,D,2009,,420.9160000000002,2.5329800000000002,85.23,2,4,7,3,1,0.5714285714285714,0.7094067646575879
CHEMBL371130,CHEMBL371130,O=C(CNC1CCCCC1)N1CCC[C@H]1B(O)O,,7.57,1,7.57,7.57,IC50,B,single protein format,single_protein,9,D,2005,,254.13899999999998,-0.08829999999999993,72.80000000000001,3,4,4,2,0,0.9166666666666666,0.6130522940968239
CHEMBL279944,CHEMBL279944,N[C@H](C(=O)N1CCC(F)(F)C1)[C@H]1CC[C@H](NC(=O)OCc2ccccc2)CC1,,7.57,1,7.57,7.57,IC50,B,single protein format,single_protein,8,H,2004,,395.45000000000016,2.6665,84.66000000000001,2,4,5,3,1,0.6,0.8028370822163912
CHEMBL2425072,CHEMBL2425072,N[C@H]1C[C@@H](N2Cc3cn[nH]c3C2)CO[C@@H]1c1ccc(F)cc1F,,7.57,1,7.57,7.57,IC50,B,single protein format,single_protein,9,D,2013,,320.343,1.8609999999999995,67.17,2,4,2,4,2,0.4375,0.8862493719457855
CHEMBL1271171,CHEMBL1271171,COc1ccccc1-c1cn2c(-c3c(F)cc(C)cc3F)c(CN)c(C)nc2n1,,7.57,1,7.57,7.57,Ki,B,single protein format,single_protein,9,D,2010,,394.4250000000001,4.425640000000003,65.44,1,4,4,4,4,0.18181818181818182,0.5562938016315391
CHEMBL2346924,CHEMBL2346924,CC#CCn1c(N2CCC[C@@H](N)C2)nc2ccn(Cc3nc4ccccc4[nH]3)c2c1=O,,7.56,1,7.56,7.56,IC50,B,single protein format,single_protein,9,D,2013,,415.5010000000002,2.0733999999999995,97.75999999999999,2,5,4,5,4,0.34782608695652173,0.4974938402176597
CHEMBL3687977,CHEMBL3687977,CN1C(=O)Cn2c1nc1nc(N3CCC[C@@H](N)C3)n(Cc3cc(F)ccc3C(F)(F)F)c1c2=O,,7.56,1,7.56,7.56,IC50,B,single protein format,single_protein,9,D,2015,,479.43800000000016,1.7031,102.28,1,6,3,5,3,0.42857142857142855,0.5742025410209358
CHEMBL403449,CHEMBL403449,Cc1nsc(N2CCN(C(=O)[C@@H]3CN[C@H](C(=O)N4CCSC4)C3)CC2)n1,,7.555,2,7.36,7.75,IC50,B,cell-free format;single protein format,mixed,9,D,2008,,396.54200000000026,0.0061200000000012356,81.67,1,8,3,4,1,0.75,0.77049996296158
CHEMBL4063983,CHEMBL4116681,Cc1nnc2n1[C@@H]1CCN(C(=O)C[C@H](N)Cc3cc(F)c(F)cc3F)C[C@@H]1CC2,,7.555,2,7.55,7.56,IC50,B,cell-based format,cell_based,9,D,2017,,407.4400000000001,2.2997200000000007,77.04,1,4,4,4,2,0.55,0.7894199522579756
CHEMBL1929394,CHEMBL1962483,Cc1nc2cc(-c3ccccc3)nn2c(C)c1C(=O)NCC(C)(C)NCC(=O)N1CCC[C@H]1C#N,,7.55,1,7.55,7.55,IC50,B,single protein format,single_protein,9,D,2011,,473.5810000000003,2.6257200000000003,115.42000000000002,2,6,7,4,3,0.4230769230769231,0.5450912052545427
CHEMBL2086592,CHEMBL2086592,NC(=O)[C@@H]1CCCN1C(=O)CCNC(=O)c1ccc(C(F)(F)F)cc1,,7.55,1,7.55,7.55,IC50,B,assay format,other,9,D,2012,,357.332,1.3015999999999994,92.5,2,3,5,2,1,0.4375,0.8319716212890895
CHEMBL1209459,CHEMBL1209459,Cc1cc2nc(C)c(CN)c(-c3ccc(Cl)cc3Cl)n2n1,,7.55,1,7.55,7.55,Ki,B,single protein format,single_protein,9,D,2010,,321.211,3.778640000000001,56.209999999999994,1,3,2,3,3,0.2,0.7813472873894508
CHEMBL1209612,CHEMBL1209612,Cc1ccc(-c2cc3nc(C)c(CN)c(-c4ccc(Cl)cc4Cl)n3n2)cc1,,7.55,1,7.55,7.55,Ki,B,single protein format,single_protein,9,D,2010,,397.3090000000001,5.445640000000004,56.209999999999994,1,3,3,4,4,0.14285714285714285,0.5005093624601819
CHEMBL1288260,CHEMBL1618541,Cn1c(=O)c2c(cc(N3CCC[C@@](C)(N)C3)n2Cc2cc(F)ccc2Cl)n(C)c1=O,,7.55,1,7.55,7.55,IC50,B,cell-free format,other,9,D,2010,,433.915,2.1971,78.19,1,4,3,4,3,0.42857142857142855,0.6864689735721351
CHEMBL5205289,CHEMBL5205289,COc1cc(S(N)(=O)=O)cc(OC)c1OCCC(N)C1COc2ccccc2O1,,7.55,1,7.55,7.55,IC50,B,single protein format,single_protein,9,D,2022,,424.4750000000002,1.2873999999999999,132.33,2,8,8,3,2,0.3684210526315789,0.6477291711772518
CHEMBL4790735,CHEMBL4790735,N[C@@H](CCn1cc(-c2cccnc2)nn1)Cc1cc(F)c(F)cc1F,,7.55,1,7.55,7.55,IC50,B,single protein format,single_protein,9,D,2021,,347.34400000000005,2.7175000000000002,69.62,1,4,6,3,3,0.23529411764705882,0.6962893354682838
CHEMBL567270,CHEMBL567270,N[C@@H](CC(=O)N1CCC[C@H]1c1ncn(-c2ccccn2)n1)Cc1cc(F)c(F)cc1F,,7.55,1,7.55,7.55,IC50,B,assay format,other,9,D,2009,,430.43400000000014,2.7032,89.93,1,5,6,4,3,0.3333333333333333,0.607650454786767
CHEMBL4085490,CHEMBL4116519,Cc1ccc(-c2c(CN)c(CC(C)C)nc3ccc(-c4ccc(C(=O)O)o4)cc23)cc1,,7.55,1,7.55,7.55,IC50,B,assay format,other,9,D,2017,,414.50500000000017,5.825620000000005,89.35,2,4,6,4,4,0.23076923076923078,0.41451053806220567
CHEMBL550598,CHEMBL1194304,COc1ccc2c(c1)nc1n2C[C@H](N)[C@@H](c2cc(F)c(F)cc2F)C1,,7.55,1,7.55,7.55,IC50,B,single protein format,single_protein,9,D,2009,,347.3400000000001,3.1294000000000013,53.07,1,3,2,4,3,0.2777777777777778,0.724881461008561
CHEMBL1683497,CHEMBL1739534,N[C@@H](CC(=O)N1CCSC1C(=O)NCc1ccc(OC(Cc2ccccc2)C(=O)O)cc1)Cc1cc(F)c(F)cc1F,,7.55,1,7.55,7.55,IC50,B,single protein format,single_protein,9,D,2011,,601.6470000000004,3.656400000000003,121.96000000000002,3,6,12,4,3,0.3,0.27110394913017694
CHEMBL236479,CHEMBL236479,N[C@H](C(=O)N1CCSC1)C12CC3CC(CC(O)(C3)C1)C2,,7.55,1,7.55,7.55,Ki,B,single protein format,single_protein,9,D,2007,,296.4360000000001,1.177899999999999,66.56,2,4,2,5,0,0.9333333333333333,0.8028141105277149
CHEMBL2063029,CHEMBL2063029,N[C@@H](CCC(=O)O)C(=O)N1C[C@@H](O)C[C@H]1B(O)O,,7.54,1,7.54,7.54,IC50,B,cell-based format,cell_based,9,D,2012,,260.055,-2.847699999999997,144.32000000000002,5,6,5,1,0,0.7777777777777778,0.33444130911147485
CHEMBL3675635,CHEMBL3675635,Cc1nc(CN2C(=O)c3c(nc(N4CCC[C@@H](N)C4)n3CC3CCC3)N3CCN=C23)nc2ccccc12,,7.54,1,7.54,7.54,IC50,B,single protein format,single_protein,9,D,2014,,499.6230000000004,2.694320000000001,108.77,1,8,5,7,3,0.5185185185185185,0.5748958703199412
CHEMBL327166,CHEMBL327166,CC(C)(CNc1ccc(C#N)cn1)NCC(=O)N1CCC[C@H]1C#N,,7.54,1,7.54,7.54,IC50,B,assay format,other,8,H,2003,,326.4040000000001,1.2479599999999995,104.84,2,6,6,2,1,0.5294117647058824,0.8149048892837844
CHEMBL1779703,CHEMBL1779703,N[C@@H](CC(=O)N1CCN(Cc2ccccc2Cl)C(=O)C1)Cc1cc(F)c(F)cc1F,,7.54,1,7.54,7.54,IC50,B,single protein format,single_protein,9,D,2011,,439.86500000000024,2.888200000000001,66.64000000000001,1,3,6,3,2,0.3333333333333333,0.7037414828357356
CHEMBL2159185,CHEMBL2159185,Cn1c(=O)c2c(-c3cc(Cl)ccc3Cl)c(CN)c(N)nc2n(C)c1=O,,7.54,1,7.54,7.54,IC50,B,single protein format,single_protein,8,H,2012,,380.2350000000001,1.6468999999999996,108.92999999999998,2,5,2,3,3,0.1875,0.7027607980088931
CHEMBL4636081,CHEMBL4636081,CC#CCn1c(N2CCC[C@@H](N)C2)cc(=O)n(Cc2cn(CC(=O)N(C)C)nn2)c1=O,,7.54,1,7.54,7.54,IC50,B,single protein format,single_protein,9,D,2020,,428.4970000000002,-1.3111999999999964,124.28,1,7,6,3,2,0.55,0.5665445786908122
CHEMBL205872,CHEMBL1182009,C[C@@H](c1ccc(-c2ccc(=O)n(C)c2F)cc1)[C@H](N)C(=O)N1CC[C@H](F)C1,,7.54,1,7.54,7.54,IC50,B,single protein format,single_protein,9,D,2006,,375.41900000000015,2.1925999999999997,68.33,1,3,4,3,2,0.4,0.8333015253681147
CHEMBL1683994,CHEMBL1739484,N[C@@H](CC(=O)N1CCn2nnc(-c3ccncc3)c2C1)Cc1cc(F)c(F)cc1F,,7.54,1,7.54,7.54,IC50,B,single protein format,single_protein,9,D,2011,,416.4070000000002,2.0597000000000003,89.93,1,5,5,4,3,0.3,0.6433975408774296
CHEMBL3675633,CHEMBL3675633,Cc1nc(CN2C(=O)c3c(nc(N4CCC[C@@H](N)C4)n3Cc3sccc3F)N3CCN=C23)nc2ccccc12,,7.54,1,7.54,7.54,IC50,B,single protein format,single_protein,9,D,2014,,545.6480000000003,3.1431200000000015,108.77,1,9,5,7,4,0.37037037037037035,0.4104576121623193
CHEMBL3084950,CHEMBL3084950,N[C@H](C(=O)N1CCSC1)[C@H]1CC[C@H](NC(=O)OCc2ccc(Cl)c(Cl)c2)CC1,,7.54,1,7.54,7.54,IC50,B,single protein format,single_protein,8,H,2004,,446.4000000000002,3.638600000000003,84.66000000000001,2,5,5,3,1,0.5789473684210527,0.7217182200444849
CHEMBL1909986,CHEMBL1909986,Cc1nc2cn(Cc3ccccc3)cc2c(-c2ccc(Cl)cc2Cl)c1CN,,7.54,1,7.54,7.54,Ki,B,single protein format,single_protein,8,H,2011,,396.3210000000002,5.8255200000000045,43.84,1,2,4,4,4,0.13636363636363635,0.47203587618194903
CHEMBL1161917,CHEMBL1161917,N#Cc1ccccc1Cn1c(N2CCCC(N)C2)nc2c1C(=O)N(Cc1ccccc1)C2=O,,7.54,1,7.54,7.54,Ki,B,single protein format,single_protein,9,D,2006,,440.5070000000002,2.5267800000000005,108.25,1,6,5,5,3,0.28,0.6110061046099233
CHEMBL1209849,CHEMBL1209849,Cc1nc2nc(N3CCSCC3)nn2c(-c2ccc(Cl)cc2Cl)c1CN,,7.54,1,7.54,7.54,Ki,B,single protein format,single_protein,9,D,2010,,409.3460000000002,3.418420000000001,72.34,1,6,3,4,3,0.35294117647058826,0.7149240980609375
CHEMBL390240,CHEMBL390240,N[C@@H](CC(=O)N1CCn2c(nnc2C(F)F)C1)Cc1cc(F)c(F)cc1F,,7.54,1,7.54,7.54,IC50,B,single protein format,single_protein,9,D,2007,,389.3280000000001,1.9352999999999996,77.04,1,4,5,3,2,0.4375,0.6264164533105608
CHEMBL3616902,CHEMBL3616902,CC#CCn1c(N2CCNCC2)nc2c1c(=O)n(Cc1ccc3ccccc3n1)c(=O)n2C,,7.54,1,7.54,7.54,IC50,B,single protein format,single_protein,9,D,2014,,443.5110000000002,0.9261000000000001,89.98000000000002,1,6,4,5,4,0.3333333333333333,0.47216985822428914
CHEMBL364355,CHEMBL1184693,CN(C)C(=O)[C@@H](c1ccc(-c2ccc(F)cc2)cc1)[C@H](N)C(=O)N1CC(F)(F)C1,,7.54,1,7.54,7.54,IC50,B,single protein format,single_protein,8,H,2005,,405.42000000000013,2.4693000000000005,66.64,1,3,5,3,2,0.3333333333333333,0.8312396248295127
CHEMBL4075351,CHEMBL4117209,Cc1ccc(-c2c(CN)c(CC(C)C)nc3ccc(OCCC(=O)O)cc23)cc1,,7.54,1,7.54,7.54,IC50,B,assay format,other,9,D,2017,,392.4990000000002,4.720920000000004,85.44000000000001,2,4,8,3,3,0.3333333333333333,0.5792117727139284
CHEMBL2441832,CHEMBL2441832,Cc1nc2c(c(-c3ccc(Cl)cc3Cl)c1CN)C(=O)N(Cc1ccccc1)C2,,7.54,1,7.54,7.54,Ki,B,single protein format,single_protein,9,D,2013,,412.32000000000016,4.978520000000004,59.22,1,3,4,4,3,0.18181818181818182,0.6577903499074995
CHEMBL1910110,CHEMBL1910110,Cc1nc2c(c(-c3ccc(Cl)cc3Cl)c1CN)CN(C)C2=O,,7.54,1,7.54,7.54,Ki,B,single protein format,single_protein,8,H,2011,,336.2220000000001,3.408120000000002,59.22,1,3,2,3,2,0.25,0.9142696302983703
CHEMBL4081713,CHEMBL4116211,Cc1ccc(-c2c(CN)c(CC(C)C)nc(C)c2C(=O)OCc2ccccc2C(=O)O)cc1,,7.54,1,7.54,7.54,IC50,B,assay format,other,9,D,2017,,446.5470000000002,5.077840000000005,102.51,2,5,8,3,3,0.2962962962962963,0.4680222634185617
CHEMBL1084972,CHEMBL1084972,CC(C)(CC(=O)NC1CCCC1)NCC(=O)N1C[C@@H](F)C[C@H]1C#N,,7.54,1,7.54,7.54,IC50,B,single protein format,single_protein,8,H,2010,,338.427,1.2660800000000005,85.23,2,4,6,2,0,0.8235294117647058,0.7635747723314408
CHEMBL387552,CHEMBL387552,N#Cc1ccccc1Cn1c(N2CCCC(N)C2)nc2c(Cl)cccc2c1=O,,7.54,1,7.54,7.54,IC50,B,single protein format,single_protein,9,D,2007,,393.87800000000004,2.897380000000001,87.94,1,5,3,4,3,0.2857142857142857,0.7387003068093123
CHEMBL440569,CHEMBL440569,COc1ccc(CSC(C)(C)[C@H](N)C(=O)N2C[C@@H](F)C[C@H]2C#N)cc1,,7.54,1,7.54,7.54,Ki,B,single protein format,single_protein,9,D,2005,,365.47400000000005,2.496880000000001,79.35,1,5,6,2,1,0.5555555555555556,0.8378009872579542
CHEMBL4563476,CHEMBL4563476,Cc1nc(CN2C(=O)c3c(nc(N4CCC[C@@H](N)C4)n3Cc3cc(F)cs3)N3CCN=C23)nc2ccccc12,,7.54,1,7.54,7.54,IC50,B,single protein format,single_protein,9,D,2016,,545.6480000000003,3.1431200000000015,108.77,1,9,5,7,4,0.37037037037037035,0.4104576121623193
CHEMBL230601,CHEMBL230601,CC[C@@H]1CCN(C(=O)C[C@H](N)Cc2cc(F)c(F)cc2F)[C@H](C)C(=O)N1,,7.53,1,7.53,7.53,IC50,B,single protein format,single_protein,8,H,2007,,371.4030000000001,1.8794000000000002,75.42999999999999,2,3,5,2,1,0.5555555555555556,0.7763465108917723
CHEMBL1202086,CHEMBL1615542,Cc1ccc(N2CCN(CCNCC(=O)N3CCC[C@@H]3C#N)C2=O)cc1,,7.53,1,7.53,7.53,IC50,B,single protein format,single_protein,9,D,2009,,355.4420000000001,1.3411999999999993,79.68,1,4,6,3,1,0.5263157894736842,0.7812170253750492
CHEMBL3928073,CHEMBL3928073,COc1ccc2ccc3c(c2c1)C[C@H](N)[C@@H](c1cc(F)c(F)cc1F)O3,,7.525,2,7.22,7.83,IC50,B,cell-based format,cell_based,9,D,2016,,359.34700000000004,4.269200000000003,44.480000000000004,1,3,2,4,3,0.2,0.6952527170588443
CHEMBL1909985,CHEMBL1909985,Cc1nc2c(c(-c3ccc(Cl)cc3Cl)c1CN)CN(Cc1ccccc1)C2=O,,7.52,1,7.52,7.52,Ki,B,single protein format,single_protein,8,H,2011,,412.32000000000016,4.978520000000004,59.22,1,3,4,4,3,0.18181818181818182,0.6577903499074995
CHEMBL390239,CHEMBL390239,N[C@@H](CC(=O)N1CCn2c(nnc2C2CC2)C1)Cc1cc(F)c(F)cc1F,,7.52,1,7.52,7.52,IC50,B,single protein format,single_protein,9,D,2007,,379.386,1.8750999999999993,77.04,1,4,5,4,2,0.5,0.8050551667608813
CHEMBL391645,CHEMBL391645,CC(C)(C)NCC(=O)N1C[C@@H](F)C[C@H]1C(=O)c1nnc(C2CCCCC2)o1,,7.52,1,7.52,7.52,IC50,B,single protein format,single_protein,9,D,2007,,380.4640000000002,2.6270999999999995,88.33,1,6,5,3,1,0.7894736842105263,0.7902453704116195
CHEMBL1683987,CHEMBL1739425,N#Cc1ccc(-c2nnn3c2CN(C(=O)C[C@H](N)Cc2cc(F)c(F)cc2F)CC3)cc1,,7.52,1,7.52,7.52,IC50,B,single protein format,single_protein,9,D,2011,,440.4290000000001,2.536380000000001,100.83,1,5,5,4,3,0.2727272727272727,0.6148054198332148
CHEMBL380902,CHEMBL380902,CC(C)(CC(=O)N1CCc2cc(F)ccc2C1)NCC(=O)N1CCC[C@H]1C#N,,7.52,1,7.52,7.52,IC50,B,single protein format,single_protein,9,D,2006,,386.47100000000023,1.9832799999999997,76.44,1,4,5,3,1,0.5714285714285714,0.8396203814048298
CHEMBL402236,CHEMBL402236,N[C@H](C(=O)N1CC[C@H]1C(=O)c1nccs1)C1CCCCC1,,7.52,1,7.52,7.52,IC50,B,single protein format,single_protein,9,D,2008,,307.41900000000015,1.8342999999999998,76.29,1,5,4,3,1,0.6666666666666666,0.86109832213519
CHEMBL560184,CHEMBL560184,N[C@@H](CC(=O)N1CCC[C@H]1CNS(=O)(=O)C1CC1)Cc1cccc(Cl)c1,,7.52,1,7.52,7.52,IC50,B,single protein format,single_protein,8,H,2009,,399.9440000000002,1.6727,92.5,2,4,8,3,1,0.6111111111111112,0.6950110985916782
CHEMBL9295,CHEMBL1177977,CCCNC(=O)c1ccc(OP(=O)(Oc2ccc(C(=O)NCCC)cc2)C2CCCN2C(=O)C2CCCN2)cc1,,7.52,1,7.52,7.52,IC50,B,single protein format,single_protein,8,H,1999,,570.6270000000003,4.317600000000003,126.07,3,7,12,4,2,0.4827586206896552,0.32469172013126096
CHEMBL390776,CHEMBL390776,COc1cccc2c(=O)n(Cc3ccccc3C#N)c(N3CCCC(N)C3)nc12,,7.52,1,7.52,7.52,IC50,B,single protein format,single_protein,9,D,2007,,389.45900000000023,2.25258,97.17,1,6,4,4,3,0.3181818181818182,0.7350561591619429
CHEMBL379340,CHEMBL379340,N#C[C@@H]1CCCN1C(=O)[C@@H]1CC[C@H](COCc2ccccc2)N1,,7.52,1,7.52,7.52,Ki,B,single protein format,single_protein,9,D,2006,,313.40099999999995,1.8383799999999997,65.36,1,4,5,3,1,0.5555555555555556,0.9006236471925263
CHEMBL3216272,CHEMBL1739110,Cc1ccc(-c2c(CC(=O)Nc3cscc3C(=O)O)c(C)nc(CC(C)C)c2CN)cc1,,7.52,1,7.52,7.52,IC50,B,cell-based format,cell_based,9,D,2011,,451.5920000000003,4.963540000000004,105.31,3,5,8,3,3,0.32,0.4486782798304145
CHEMBL249427,CHEMBL249427,N[C@H]1CN(C(=O)c2ccc(-n3cnnn3)cc2)C[C@H]1C(=O)N1CCCC1,,7.52,1,7.52,7.52,IC50,B,single protein format,single_protein,9,D,2007,,355.4020000000002,-0.3159999999999994,110.24,1,6,3,4,2,0.47058823529411764,0.8081788745006931
CHEMBL391433,CHEMBL391433,O=C([C@@H]1C[C@H](N2CCN(Cc3ccccc3)CC2)CN1)N1CCSC1,,7.52,1,7.52,7.52,IC50,B,cell-free format,other,9,D,2007,,360.52700000000016,1.0676000000000005,38.82000000000001,1,5,4,4,1,0.631578947368421,0.8695765216366279
CHEMBL592779,CHEMBL592779,COc1cc2c(cc1OC)C1CC(N)C(N3CCCCC3=O)CN1CC2,,7.52,1,7.52,7.52,IC50,B,single protein format,single_protein,9,D,2010,,359.4700000000002,1.7150999999999998,68.03,1,5,3,4,1,0.65,0.8899361175879442
CHEMBL389599,CHEMBL389599,N[C@@H](CC(=O)N1CCn2c(nnc2-c2ccc(F)cc2F)C1)Cc1cc(F)ccc1F,,7.52,1,7.52,7.52,IC50,B,single protein format,single_protein,9,D,2007,,433.40900000000016,2.8038000000000016,77.04,1,4,5,4,3,0.2857142857142857,0.6281704075809461
CHEMBL2069858,CHEMBL2069858,N[C@@H](CC(=O)N1CCN(C(=O)c2cccc(-c3ccc(F)cc3)n2)CC1)Cc1cc(F)c(F)cc1F,,7.52,1,7.52,7.52,IC50,B,single protein format,single_protein,9,D,2012,,500.49600000000027,3.5495000000000028,79.53000000000002,1,4,6,4,3,0.2692307692307692,0.4149018718114334
CHEMBL372486,CHEMBL1184839,CN(C)C(=O)[C@@H](c1ccc(-c2ccc(F)cc2)cc1)[C@H](N)C(=O)N1CC[C@@H](F)C1,,7.52,1,7.52,7.52,IC50,B,single protein format,single_protein,8,H,2005,,401.45700000000016,2.5622000000000007,66.64,1,3,5,3,2,0.36363636363636365,0.8374932994346582
CHEMBL3127981,CHEMBL3127981,N#C[C@@H]1CCCN1C(=O)[C@@H](N)Cc1csc2ccccc12,,7.52,1,7.52,7.52,IC50,B,assay format,other,9,D,2014,,299.39900000000006,2.28568,70.12,1,4,3,3,2,0.375,0.9449608424664001
CHEMBL360425,CHEMBL360425,CS(=O)(=O)Nc1cccc(NC(=O)CN2CCN(C(=O)C[C@H](N)Cc3ccc(F)c(F)c3)[C@H](Cc3ccccc3)C2)c1,,7.52,1,7.52,7.52,IC50,B,single protein format,single_protein,8,H,2004,,599.7040000000003,2.990400000000002,124.83999999999999,3,6,11,4,3,0.3333333333333333,0.3114209246308707
CHEMBL1683981,CHEMBL1739386,NC(=O)c1nnn2c1CN(C(=O)C[C@H](N)Cc1cc(F)c(F)cc1F)CC2,,7.52,1,7.52,7.52,IC50,B,single protein format,single_protein,9,D,2011,,382.3460000000001,0.0965999999999998,120.13000000000001,2,5,5,3,2,0.375,0.7107603223651869
CHEMBL2334696,CHEMBL2334696,N#C[C@@H]1C[C@@H]2C[C@@H]2N1C(=O)[C@@H](N)C1CCN(C(=O)c2ccc(C(F)(F)F)nc2)CC1,,7.52,1,7.52,7.52,Ki,B,single protein format,single_protein,9,D,2013,,421.4230000000001,1.7928800000000003,103.32000000000001,1,5,3,4,1,0.6,0.8016288969746967
CHEMBL404030,CHEMBL404030,O=C(c1nc2ccccc2s1)[C@@H]1CCCN1C(=O)[C@@H]1C[C@@H]2CCCC[C@@H]2N1,,7.52,1,7.52,7.52,IC50,B,single protein format,single_protein,9,D,2008,,383.51700000000017,3.3907000000000016,62.300000000000004,1,5,3,5,2,0.5714285714285714,0.825534086773802
CHEMBL1209611,CHEMBL1209611,COc1ccc(-c2cc3nc(C)c(CN)c(-c4ccc(Cl)cc4Cl)n3n2)cc1,,7.52,1,7.52,7.52,Ki,B,single protein format,single_protein,9,D,2010,,413.308,5.145820000000003,65.44,1,4,4,4,4,0.14285714285714285,0.502906759447106
CHEMBL2441843,CHEMBL2441843,CCOC(=O)N1Cc2nc(C)c(CN)c(-c3ccc(Cl)cc3Cl)c2C1=O,,7.52,1,7.52,7.52,Ki,B,single protein format,single_protein,9,D,2013,,394.25800000000015,3.934820000000003,85.52000000000001,1,5,3,3,2,0.2777777777777778,0.8526394799142462
CHEMBL537962,CHEMBL1189035,N[C@H]1Cn2c(nc3c(F)cccc32)C[C@@H]1c1cc(F)c(F)cc1F,,7.52,1,7.52,7.52,IC50,B,single protein format,single_protein,9,D,2009,,335.30400000000003,3.259900000000002,43.84,1,2,1,4,3,0.23529411764705882,0.5479221034600747
CHEMBL378597,CHEMBL1184925,C[C@@H](c1ccc(-c2ccc(=O)n(C)c2)cc1)[C@H](N)C(=O)N1CC(F)C1,,7.51,1,7.51,7.51,IC50,B,single protein format,single_protein,9,D,2006,,343.4020000000001,1.6633999999999998,68.33,1,3,4,3,2,0.3684210526315789,0.9180126440784658
CHEMBL5282933,CHEMBL5282933,N[C@@H](CCNC(=O)N1CCn2c(nnc2C(F)(F)F)C1)Cc1cc(F)c(F)cc1F,,7.51,1,7.51,7.51,IC50,B,single protein format,single_protein,9,D,2021,,436.3600000000001,2.1995000000000005,89.07000000000001,2,4,5,3,2,0.47058823529411764,0.5557808593528634
CHEMBL3093924,CHEMBL3093924,N#C[C@@H]1CCCN1C(=O)[C@@H](N)Cc1ccc(C(F)(F)F)cc1,,7.51,1,7.51,7.51,IC50,B,assay format,other,9,D,2013,,311.307,2.0897799999999997,70.12,1,3,3,2,1,0.4666666666666667,0.9289684093137368
CHEMBL2086608,CHEMBL2086608,NC(=O)[C@@H]1CCCN1C(=O)c1ccc(NC(=O)c2ccc(C(F)(F)F)cc2)cc1,,7.51,1,7.51,7.51,IC50,B,assay format,other,9,D,2012,,405.37600000000003,3.047600000000001,92.5,2,3,4,3,2,0.25,0.8189929913159478
CHEMBL480530,CHEMBL480530,N#Cc1ccc(N2CCC(NCC(=O)N3C[C@@H](F)C[C@H]3C#N)CC2)nc1,,7.51,1,7.51,7.51,Ki,B,cell-free format,other,9,D,2008,,356.40500000000014,0.9742599999999995,96.05,1,6,4,3,1,0.5555555555555556,0.863700355494194
CHEMBL1779701,CHEMBL1779701,N[C@@H](CC(=O)N1CCN(Cc2ccc(I)cc2)C(=O)C1)Cc1cc(F)c(F)cc1F,,7.51,1,7.51,7.51,IC50,B,single protein format,single_protein,9,D,2011,,531.3160000000003,2.8394000000000013,66.64000000000001,1,3,6,3,2,0.3333333333333333,0.4610098896482235
CHEMBL219434,CHEMBL1182200,Cc1cc(S(C)(=O)=O)ccc1-c1noc([C@@H](CC2CC2)[C@H](N)C(=O)N2CC[C@H](F)C2)n1,,7.51,1,7.51,7.51,IC50,B,single protein format,single_protein,8,H,2006,,450.5360000000003,2.22992,119.38999999999999,1,7,7,4,2,0.5714285714285714,0.6868012752131193
CHEMBL566460,CHEMBL566460,N[C@@H](CCN1CCC[C@H]1c1nc(-c2ccccc2)no1)Cc1ccccc1F,,7.51,1,7.51,7.51,IC50,B,assay format,other,9,D,2009,,380.46700000000016,3.9727000000000032,68.18,1,5,7,4,3,0.36363636363636365,0.6716130378237541
CHEMBL1209768,CHEMBL1209768,Cc1nc2nc(N3CCOCC3)nn2c(-c2ccc(Cl)cc2Cl)c1CN,,7.51,1,7.51,7.51,Ki,B,single protein format,single_protein,9,D,2010,,393.2780000000001,2.7018200000000006,81.57,1,6,3,4,3,0.35294117647058826,0.7371072204280891
CHEMBL475169,CHEMBL1186714,CC(C)(CC(=O)N1CCn2nc(C(F)(F)F)nc2C1)[C@H](N)C(=O)N1CCC[C@H]1C#N,,7.51,1,7.51,7.51,IC50,B,single protein format,single_protein,8,H,2009,,427.43100000000027,0.8972800000000002,121.14000000000001,1,6,4,3,1,0.7222222222222222,0.7620474265792092
CHEMBL2069853,CHEMBL2069853,N[C@@H](CC(=O)N1CCN(C(=O)c2cc(O)c3cccc(O)c3n2)CC1)Cc1cc(F)c(F)cc1F,,7.51,1,7.51,7.51,IC50,B,single protein format,single_protein,9,D,2012,,488.4660000000003,2.3078000000000003,119.99000000000002,3,6,5,4,3,0.2916666666666667,0.47442679095446627
CHEMBL2086591,CHEMBL2086591,N#Cc1ccc(C(=O)NCCC(=O)N2CCC[C@H]2C(N)=O)cc1,,7.51,1,7.51,7.51,IC50,B,assay format,other,9,D,2012,,314.34499999999997,0.15448000000000028,116.28999999999999,2,4,5,2,1,0.375,0.804475417975615
CHEMBL520854,CHEMBL520854,CN(CC(C)(C)NCC(=O)N1C[C@@H](F)C[C@H]1C#N)S(=O)(=O)c1ccccc1,,7.51,1,7.51,7.51,IC50,B,cell-free format,other,9,D,2008,,396.48800000000006,1.137880000000001,93.50999999999999,1,5,7,2,1,0.5555555555555556,0.74594562367439
CHEMBL479538,CHEMBL479538,N#Cc1c(Cl)cccc1N1C[C@@H]2[C@H](C1)[C@H]2NCC(=O)N1C[C@@H](F)C[C@H]1C#N,,7.51,1,7.51,7.51,IC50,B,cell-free format,other,9,D,2008,,387.8460000000001,1.6984599999999996,83.16,1,5,4,4,1,0.5263157894736842,0.8497286036834918
CHEMBL516080,CHEMBL1187713,CCOC(=O)N1CCN(C(=O)CC[C@H](N)C(=O)N2CCC[C@H]2C#N)CC1,,7.51,1,7.51,7.51,IC50,B,single protein format,single_protein,8,H,2009,,365.4340000000002,-0.09081999999999835,119.97,1,6,5,2,0,0.7647058823529411,0.7268576324917843
CHEMBL473418,CHEMBL473418,O=C([C@@H]1C[C@H](N2CCN(c3ncccn3)CC2)CN1)N1CCCC1,,7.51,1,7.51,7.51,IC50,B,single protein format,single_protein,9,D,2009,,330.43600000000015,-0.048499999999998655,64.60000000000001,1,6,3,4,1,0.7058823529411765,0.8384511129112816
CHEMBL474002,CHEMBL1186661,CC[C@H](CC(=O)N1CCn2c(nnc2C(F)(F)F)C1)[C@H](N)C(=O)N1CCC[C@H]1C#N,,7.51,1,7.51,7.51,IC50,B,single protein format,single_protein,8,H,2009,,427.43100000000027,0.8972800000000002,121.14000000000001,1,6,5,3,1,0.7222222222222222,0.7452268792595129
CHEMBL231496,CHEMBL1182351,N[C@H]1CN(c2ccc3nncn3n2)CC[C@@H]1c1cc(F)c(F)cc1F,,7.51,1,7.51,7.51,IC50,B,single protein format,single_protein,8,H,2007,,348.332,1.8627999999999996,72.34,1,5,2,4,3,0.3125,0.7159782910072731
CHEMBL3350921,CHEMBL3350921,CCC(CC)(CC)[C@H](N)C(=O)N1[C@H](C#N)C[C@@H]2C[C@@H]21,,7.51,1,7.51,7.51,Ki,B,single protein format,single_protein,9,D,2005,,263.38499999999993,2.04308,70.12,1,3,5,2,0,0.8666666666666667,0.8248581664262375
CHEMBL514623,CHEMBL514623,O=C([C@@H]1C[C@H](N2CCN(c3ncccn3)CC2)CN1)N1CC[C@H](F)C1,,7.51,1,7.51,7.51,IC50,B,single protein format,single_protein,9,D,2009,,348.4260000000001,-0.10049999999999892,64.60000000000001,1,6,3,4,1,0.7058823529411765,0.8230454569468567
CHEMBL237785,CHEMBL237785,N[C@H]1CN(c2cc(-c3cccnc3)ncn2)C[C@@H]1c1cc(F)c(F)cc1F,,7.51,1,7.51,7.51,IC50,B,single protein format,single_protein,9,D,2007,,371.36600000000004,2.8870000000000013,67.93,1,5,3,4,3,0.21052631578947367,0.7173545750213032
CHEMBL392825,CHEMBL1185151,C[C@@H](C1CCC(N(C)C(=O)C2CC2)CC1)[C@H](N)C(=O)N1CC[C@H](F)C1,,7.505,2,7.33,7.68,IC50,B,cell-based format;single protein format,mixed,9,D,2007,,353.4820000000001,1.9473999999999998,66.64,1,3,5,3,0,0.8947368421052632,0.8214011600733429
CHEMBL269953,CHEMBL269953,Cc1nsc(N2CCN(C(=O)[C@H]3C[C@@H](C(=O)N4CCCC4)N[C@H]3C)CC2)n1,,7.5,2,7.46,7.54,IC50,B,cell-free format;single protein format,mixed,9,D,2008,,392.5290000000003,0.48412000000000105,81.67,1,7,3,4,1,0.7777777777777778,0.8060667507842558
CHEMBL3913689,CHEMBL3913689,Cn1c(=O)c2c(nc(N3CCCC(N)C3)n2Cc2ccccc2C#N)n(-c2ccccc2)c1=O,,7.5,1,7.5,7.5,IC50,B,single protein format,single_protein,8,H,2016,,455.5220000000001,1.7333799999999997,114.87,1,6,4,5,4,0.28,0.5012367769240187
CHEMBL304007,CHEMBL304007,N[C@@H](Cc1ccc(O)cc1)C(=O)N1CCC[C@H]1B(O)O,,7.5,1,7.5,7.5,IC50,B,single protein format,single_protein,8,H,1996,,278.11699999999996,-0.7350000000000002,107.02000000000001,4,5,4,2,1,0.46153846153846156,0.5428817119909211
CHEMBL1085579,CHEMBL1085579,C[C@@H]1CCCN1C(=O)CC(C)(C)NCC(=O)N1C[C@@H](F)C[C@H]1C#N,,7.5,1,7.5,7.5,IC50,B,single protein format,single_protein,8,H,2010,,338.427,1.21818,76.44,1,4,5,2,0,0.8235294117647058,0.8176060060631086
CHEMBL1929389,CHEMBL1962673,Cc1cc2ncc(C(=O)NCC(C)(C)NCC(=O)N3CCC[C@H]3C#N)c(C(F)(F)F)n2n1,,7.5,1,7.5,7.5,IC50,B,single protein format,single_protein,9,D,2011,,451.45300000000015,1.6691,115.42,2,6,6,3,2,0.55,0.6904958355656876
CHEMBL452289,CHEMBL452289,NC(=O)c1cccc(-c2ccc([C@H](N)Cc3cc(F)ccc3F)cc2)c1,,7.5,1,7.5,7.5,IC50,B,single protein format,single_protein,8,H,2008,,352.384,3.973200000000002,69.11,2,2,5,3,3,0.09523809523809523,0.7293126370852865
CHEMBL3675626,CHEMBL3675626,Cc1nc(CN2C(=O)c3c(nc(N4CCC[C@@H](N)C4)n3Cc3ccccc3)N3CCN=C23)nc2ccccc12,,7.5,1,7.5,7.5,IC50,B,single protein format,single_protein,9,D,2014,,521.6290000000002,2.94252,108.77,1,8,5,7,4,0.3448275862068966,0.4301364518677228
CHEMBL234431,CHEMBL234431,COc1cc2c(cc1OC)[C@@H]1C[C@@H](N)[C@@H](c3cccc(C)c3)CN1CC2,,7.5,1,7.5,7.5,IC50,B,single protein format,single_protein,9,D,2007,,352.4780000000002,3.4262200000000025,47.720000000000006,1,4,3,4,2,0.45454545454545453,0.9193774654090792
CHEMBL1082350,CHEMBL1198811,CC(=O)O[C@H]1C[C@H]2C[C@@H](NCC(=O)N3CCC[C@H]3C#N)C[C@H]2C1,,7.5,1,7.5,7.5,IC50,B,single protein format,single_protein,8,H,2010,,319.40500000000003,1.21088,82.43,1,5,4,3,0,0.8235294117647058,0.7876844551008301
CHEMBL273209,CHEMBL273209,Cn1cnc2cc(C(N)=O)c(-c3ccccc3Cl)c(CN)c21,,7.5,1,7.5,7.5,IC50,B,single protein format,single_protein,9,D,2008,,314.7760000000001,2.4513,86.93,2,3,3,3,3,0.125,0.7781283974626728
CHEMBL568111,CHEMBL568111,CC(C)(C)c1nc([C@@H]2CCCN2C(=O)C[C@H](N)Cc2cc(F)c(F)cc2F)no1,,7.5,1,7.5,7.5,IC50,B,assay format,other,9,D,2009,,410.44000000000005,3.4080000000000013,85.25,1,5,5,3,2,0.55,0.7638841182332365
CHEMBL2425887,CHEMBL2425887,CC#CCn1c(N2CCC[C@@H](N)C2)cc(=O)n(Cc2ccc3c(ccc4ccccc43)n2)c1=O,,7.5,1,7.5,7.5,IC50,B,single protein format,single_protein,9,D,2013,,453.54600000000016,2.7105000000000006,86.15,1,5,4,5,4,0.2962962962962963,0.37934702350848454
CHEMBL391252,CHEMBL391252,N[C@H]1CN(c2cc(-c3cccc(CO)c3)ncn2)C[C@@H]1c1cc(F)c(F)cc1F,,7.5,1,7.5,7.5,IC50,B,single protein format,single_protein,9,D,2007,,400.40400000000005,2.984300000000001,75.27,2,5,4,4,3,0.23809523809523808,0.6589198000759934
CHEMBL4085550,CHEMBL4116356,CC(C)c1nnc2n1[C@@H]1CCN(C(=O)C[C@H](N)Cc3cc(F)c(F)cc3F)C[C@@H]1CC2,,7.495,2,7.49,7.5,IC50,B,cell-based format,cell_based,9,D,2017,,435.49400000000014,3.114700000000002,77.04,1,4,5,4,2,0.5909090909090909,0.7325068495242657
CHEMBL3934008,CHEMBL3934008,COc1ccc2ccc3c(c2c1)C[C@H](N)[C@@H](c1cc(F)ccc1F)O3,,7.49,1,7.49,7.49,IC50,B,cell-based format,cell_based,9,D,2016,,341.357,4.130100000000002,44.480000000000004,1,3,2,4,3,0.2,0.7621600081262218
CHEMBL5414427,CHEMBL5414427,Nc1nc(NC2=NC(c3ccccc3)=CC(c3cccc(Cl)c3)O2)nc(N2CCOCC2)n1,,7.49,1,7.49,7.49,IC50,B,single protein format,single_protein,9,D,2023,,463.9290000000003,3.524300000000002,110.78,2,9,4,5,3,0.21739130434782608,0.6041755435599193
CHEMBL556979,CHEMBL1196441,CN(C)C(=O)CC1c2nnc(C(F)(F)F)n2CCN1C(=O)C[C@H](N)Cc1cc(F)c(F)cc1F,,7.485,2,6.42,8.55,IC50,B,single protein format,single_protein,8,H,2008,,492.4240000000002,2.0359,97.35000000000001,1,5,6,3,2,0.5,0.4919196830551192
CHEMBL3084947,CHEMBL3084947,N[C@H](C(=O)N1CCSC1)[C@H]1CC[C@H](NC(=O)c2ccc(I)cc2)CC1,,7.48,1,7.48,7.48,IC50,B,single protein format,single_protein,8,H,2004,,473.3800000000001,2.4400000000000004,75.43,2,4,4,3,1,0.5555555555555556,0.6594012692043248
CHEMBL2159181,CHEMBL2159181,Cn1c(=O)c2c(-c3ccccc3Cl)c(CN)c(N)nc2n(C)c1=O,,7.48,1,7.48,7.48,IC50,B,single protein format,single_protein,8,H,2012,,345.7900000000001,0.9935,108.92999999999998,2,5,2,3,3,0.1875,0.7196116113908778
CHEMBL1682974,CHEMBL1682974,N[C@H](C(=O)N1CCSC1)[C@H]1CC[C@H](NC(=O)c2ccc(OC(F)(F)F)cc2)CC1,,7.48,1,7.48,7.48,IC50,B,single protein format,single_protein,8,H,2004,,431.48000000000013,2.7340000000000018,84.66000000000001,2,5,5,3,1,0.5789473684210527,0.7490567697244138
CHEMBL3686748,CHEMBL3686748,N[C@@H](Cc1c[nH]c2ccccc12)C(=S)N1CCC[C@H]1B(O)O,,7.48,2,6.16,8.8,IC50,B,single protein format,single_protein,9,D,2015,,317.223,0.8415000000000001,85.51,4,4,4,3,2,0.4,0.49598806819058006
CHEMBL5198237,CHEMBL5198237,COc1cc(S(N)(=O)=O)cc(OC)c1OCCC(N=[N+]=[N-])C1COc2ccccc2O1,,7.48,1,7.48,7.48,IC50,B,single protein format,single_protein,9,D,2022,,450.4730000000002,2.6390000000000002,155.07,1,8,9,3,2,0.3684210526315789,0.34958953737982146
CHEMBL536089,CHEMBL1188344,CC1c2nnc(C(F)(F)F)n2C(C)CN1C(=O)C[C@H](N)Cc1cc(F)c(F)cc1F,,7.48,2,7.0,7.96,IC50,B,single protein format,single_protein,8,H,2008,,435.3720000000001,3.1385000000000005,77.04,1,4,4,3,2,0.5,0.5915248274919429
CHEMBL230839,CHEMBL230839,Cc1ccc(F)cc1C[C@@H](N)CC(=O)N1CCC[C@H]1C(=O)NCc1ccc(O[C@H](C(=O)O)C(C)C)cc1,,7.48,1,7.48,7.48,IC50,B,single protein format,single_protein,8,H,2007,,513.6100000000002,3.189420000000001,121.96000000000002,3,5,11,3,2,0.4642857142857143,0.42430236067580174
CHEMBL208968,CHEMBL208968,CC[C@H]1CC[C@@H](C(=O)N2CCC[C@H]2C#N)N1,,7.48,1,7.48,7.48,Ki,B,single protein format,single_protein,9,D,2006,,221.30399999999997,1.03158,56.13,1,3,2,2,0,0.8333333333333334,0.7574468913025474
CHEMBL397241,CHEMBL397241,C[C@@H]1CNC(=O)[C@@H](C)N(C(=O)C[C@H](N)Cc2cc(F)c(F)cc2F)C1,,7.48,1,7.48,7.48,IC50,B,single protein format,single_protein,8,H,2007,,357.37600000000003,1.3468000000000004,75.43,2,3,4,2,1,0.5294117647058824,0.7989853183451789
CHEMBL92711,CHEMBL92711,N#C[C@@H]1CCCN1C(=O)CNCCNc1ccccn1,,7.48,1,7.48,7.48,IC50,B,assay format,other,8,H,2003,,273.34000000000003,0.5976799999999995,81.05,2,5,6,2,1,0.5,0.7417416023880204
CHEMBL1209610,CHEMBL1209610,Cc1nc2cc(-c3ccc(Cl)cc3)nn2c(-c2ccc(Cl)cc2Cl)c1CN,,7.48,1,7.48,7.48,Ki,B,single protein format,single_protein,9,D,2010,,417.72700000000015,5.790620000000003,56.21,1,3,3,4,4,0.1,0.458743036736833
CHEMBL470330,CHEMBL470330,N#C[C@@H]1C[C@H](F)CN1C(=O)CNC1CC1,,7.48,1,7.48,7.48,IC50,B,cell-free format,other,9,D,2008,,211.23999999999998,0.20097999999999977,56.13,1,3,3,2,0,0.8,0.7252246944173186
CHEMBL200186,CHEMBL200186,CC(C)(SCc1ccncc1)[C@H](N)C(=O)N1C[C@@H](F)C[C@H]1C#N,,7.48,1,7.48,7.48,Ki,B,single protein format,single_protein,9,D,2005,,336.43600000000004,1.8832799999999998,83.00999999999999,1,5,5,2,1,0.5625,0.8875387406170322
CHEMBL1683995,CHEMBL1739485,N[C@@H](CC(=O)N1CCn2nnc(-c3ccccn3)c2C1)Cc1cc(F)c(F)cc1F,,7.48,1,7.48,7.48,IC50,B,single protein format,single_protein,9,D,2011,,416.4070000000002,2.0597000000000003,89.93,1,5,5,4,3,0.3,0.6433975408774296
CHEMBL403969,CHEMBL403969,O=C([C@@H]1CN[C@H](C(=O)N2CCCC2)C1)N1CCN(c2ncns2)CC1,,7.48,2,7.24,7.72,IC50,B,cell-free format;single protein format,mixed,9,D,2008,,364.475,-0.21279999999999943,81.67,1,7,3,4,1,0.75,0.7991437607226461
CHEMBL564854,CHEMBL1197276,CC(C)[C@@]1(N)C[C@@H]2SC[C@@H](C#N)N2C1=O,,7.48,1,7.48,7.48,IC50,B,single protein format,single_protein,9,D,2009,,225.31699999999998,0.5372800000000001,70.12,1,4,1,2,0,0.8,0.7067115676540006
CHEMBL1683993,CHEMBL1739483,CS(=O)(=O)c1ccc(-c2nnn3c2CN(C(=O)C[C@H](N)Cc2cc(F)c(F)cc2F)CC3)cc1,,7.48,1,7.48,7.48,IC50,B,single protein format,single_protein,9,D,2011,,493.51100000000025,2.0682,111.17999999999999,1,6,6,4,3,0.3181818181818182,0.5266061353645368
CHEMBL5976169,CHEMBL5976169,COc1ccc2ccc3c(c2c1)CC(N)C(c1cc(F)ccc1F)O3,,7.48,1,7.48,7.48,IC50,B,cell-based format,cell_based,9,D,2019,,341.357,4.130100000000002,44.480000000000004,1,3,2,4,3,0.2,0.7621600081262218
CHEMBL366047,CHEMBL1184739,Cc1ccc(F)cc1CC(N)CC(=O)N1CCC[C@H]1C(=O)NCc1ccc(O[C@@H](C(=O)O)C(C)C)cc1,,7.48,1,7.48,7.48,IC50,B,single protein format,single_protein,9,D,2004,,513.6100000000002,3.189420000000001,121.96000000000002,3,5,11,3,2,0.4642857142857143,0.42430236067580174
CHEMBL2086607,CHEMBL2086607,N#Cc1ccc(C(=O)Nc2ccc(C(=O)N3CCC[C@H]3C(N)=O)cc2)cc1,,7.47,1,7.47,7.47,IC50,B,assay format,other,9,D,2012,,362.389,1.90048,116.28999999999999,2,4,4,3,2,0.2,0.8637115838654289
CHEMBL539187,CHEMBL539187,N[C@@H](CC(=O)N1CCC[C@H]1CNS(=O)(=O)c1ccccc1)Cc1ccccc1F,,7.47,1,7.47,7.47,IC50,B,single protein format,single_protein,8,H,2009,,419.5220000000001,2.0551000000000004,92.5,2,4,8,3,2,0.38095238095238093,0.685035912006776
CHEMBL199881,CHEMBL199881,N#C[C@@H]1CCCN1C(=O)[C@@H](N)Cc1ccc(I)cc1,,7.47,1,7.47,7.47,Ki,B,single protein format,single_protein,9,D,2006,,369.206,1.6755799999999996,70.12,1,3,3,2,1,0.42857142857142855,0.8246306596871434
CHEMBL206383,CHEMBL1182016,C[C@@H](c1ccc(-c2ccc(=O)n(C)c2)cc1)[C@H](N)C(=O)N1CC[C@H](F)C1,,7.47,1,7.47,7.47,IC50,B,single protein format,single_protein,9,D,2006,,357.42900000000014,2.0534999999999997,68.33,1,3,4,3,2,0.4,0.9106078158054808
CHEMBL1683992,CHEMBL1739482,N[C@@H](CC(=O)N1CCn2nnc(-c3ccc(C(=O)O)cc3)c2C1)Cc1cc(F)c(F)cc1F,,7.47,1,7.47,7.47,IC50,B,single protein format,single_protein,9,D,2011,,459.42800000000017,2.3629000000000007,114.34000000000002,2,5,6,4,3,0.2727272727272727,0.5473323489153888
CHEMBL2069855,CHEMBL2069855,Cn1c(C(=O)N2CCN(C(=O)C[C@H](N)Cc3cc(F)c(F)cc3F)CC2)cc2ccccc21,,7.47,1,7.47,7.47,IC50,B,single protein format,single_protein,9,D,2012,,458.48400000000015,2.8401000000000005,71.57000000000001,1,3,5,4,3,0.3333333333333333,0.5980740653635046
CHEMBL3650440,CHEMBL3650440,Cn1c2nccc-2c(N2CCC[C@@H](N)C2)n(Cc2ccccc2C#N)c1=O,,7.47,1,7.47,7.47,IC50,B,single protein format,single_protein,9,D,2014,,362.437,1.5340799999999994,92.87,1,5,3,4,1,0.35,0.7627243397374901
CHEMBL223497,CHEMBL223497,N#Cc1ccc(CN[C@@H]2CN[C@H](C(=O)N3CCSC3)C2)cc1,,7.47,1,7.47,7.47,IC50,B,cell-free format,other,9,D,2007,,316.43000000000006,0.9112799999999996,68.16,2,5,4,3,1,0.5,0.864146466140174
CHEMBL187293,CHEMBL187293,CS(=O)(=O)Nc1cccc(NC(=O)CN2CCN(C(=O)C[C@H](N)Cc3ccccc3F)C(Cc3ccccc3)C2)c1,,7.47,1,7.47,7.47,IC50,B,single protein format,single_protein,8,H,2004,,581.7140000000003,2.851300000000003,124.83999999999999,3,6,11,4,3,0.3333333333333333,0.3199829807675165
CHEMBL1779699,CHEMBL1779699,COc1ccc(CN2CCN(C(=O)C[C@H](N)Cc3cc(F)c(F)cc3F)CC2=O)cc1,,7.47,1,7.47,7.47,IC50,B,single protein format,single_protein,9,D,2011,,435.4460000000001,2.2434000000000003,75.87,1,4,7,3,2,0.36363636363636365,0.6772749359875796
CHEMBL1779700,CHEMBL1779700,N[C@@H](CC(=O)N1CCN(Cc2ccc(F)cc2)C(=O)C1)Cc1cc(F)c(F)cc1F,,7.47,1,7.47,7.47,IC50,B,single protein format,single_protein,9,D,2011,,423.4100000000002,2.373900000000001,66.64000000000001,1,3,6,3,2,0.3333333333333333,0.5732340099928805
CHEMBL247182,CHEMBL247182,NC1CN(c2cc(-c3ccsc3)ncn2)CC1c1ccc(F)cc1Cl,,7.47,1,7.47,7.47,Ki,B,single protein format,single_protein,9,D,2007,,374.87200000000007,3.9287000000000027,55.04,1,5,3,4,3,0.2222222222222222,0.7542956468227017
CHEMBL494147,CHEMBL1187222,COc1cc2c(cc1OC)C(C(C)C)N(C(=O)CC[C@H](N)C(=O)N1CCC[C@H]1C#N)CC2,,7.46,1,7.46,7.46,IC50,B,single protein format,single_protein,8,H,2009,,442.56000000000034,2.40768,108.89000000000001,1,6,7,3,1,0.625,0.6945543669692005
CHEMBL471544,CHEMBL471544,N#C[C@@H]1CCCN1C(=O)[C@@H](N)CCCCNC(=O)OCc1ccccc1,,7.46,1,7.46,7.46,IC50,B,single protein format,single_protein,8,H,2008,,358.44200000000006,1.9249799999999995,108.45,2,5,8,2,1,0.5263157894736842,0.6902880442711387
CHEMBL3931183,CHEMBL3931183,C[C@]1(N2Cc3c[nH]nc3C2)CO[C@H](c2cc(F)ccc2F)[C@@H](N)C1,,7.46,1,7.46,7.46,IC50,B,single protein format,single_protein,8,H,2015,,334.37000000000006,2.2511,67.17,2,4,2,4,2,0.47058823529411764,0.8839382852854429
CHEMBL5424574,CHEMBL5424574,Nc1nc(NC2=NC(c3ccccc3)=CC(c3ccc(Cl)cc3)O2)nc(N2CCOCC2)n1,,7.46,1,7.46,7.46,IC50,B,single protein format,single_protein,9,D,2023,,463.9290000000003,3.524300000000002,110.78,2,9,4,5,3,0.21739130434782608,0.6041755435599193
CHEMBL469730,CHEMBL469730,N[C@@H](CC(=O)NC1(c2nc3ccc(Cl)cc3s2)CCS(=O)(=O)CC1)Cc1ccccc1F,,7.46,1,7.46,7.46,IC50,B,cell-based format,cell_based,9,D,2008,,496.02900000000034,3.5690000000000026,102.15,2,6,6,4,3,0.36363636363636365,0.5439515265391771
CHEMBL237279,CHEMBL237279,CC(C)=CCn1c(N2CCCC(N)C2)nc2c1c(=O)n(C)c(=O)n2C,,7.46,1,7.46,7.46,IC50,B,cell-based format,cell_based,9,D,2007,,346.4350000000001,0.3274000000000017,91.08000000000001,1,5,3,3,2,0.5882352941176471,0.80881454107662
CHEMBL4859630,CHEMBL4859630,CC#CCn1c(N2CCC[C@@H](N)C2)cc(=O)n(Cc2cccc(C(=O)N3CCC[C@H]3C(=O)O)c2)c1=O,,7.46,1,7.46,7.46,IC50,B,single protein format,single_protein,9,D,2021,,493.5640000000003,0.6983000000000021,130.87,2,6,6,4,2,0.46153846153846156,0.5665442128901284
CHEMBL2334701,CHEMBL2334701,CCC1([C@H](N)C(=O)N2[C@H](C#N)C[C@@H]3C[C@@H]32)CCN(C(=O)CC(C)(C)C)CC1,,7.46,1,7.46,7.46,Ki,B,single protein format,single_protein,9,D,2013,,374.5290000000002,2.2816799999999997,90.43,1,4,4,3,0,0.8571428571428571,0.8172106625882188
CHEMBL1202083,CHEMBL1615538,N#C[C@H]1CCCN1C(=O)CNCCN1CCN(c2ccccc2)C1=O,,7.46,1,7.46,7.46,IC50,B,single protein format,single_protein,9,D,2009,,341.415,1.0327800000000005,79.68,1,4,6,3,1,0.5,0.7840417709165751
CHEMBL3084939,CHEMBL3084939,N[C@H](C(=O)N1CCSC1)[C@H]1CC[C@H](NC(=O)Nc2ccc(F)c(F)c2)CC1,,7.46,1,7.46,7.46,IC50,B,single protein format,single_protein,8,H,2004,,398.4790000000001,2.5053,87.46000000000001,3,4,4,3,1,0.5555555555555556,0.7273070996127258
CHEMBL281178,CHEMBL281178,N[C@H](C(=O)N1CC[C@H](F)C1)[C@H]1CC[C@H](NS(=O)(=O)c2ccc(OC(F)(F)F)cc2)CC1,,7.46,1,7.46,7.46,IC50,B,single protein format,single_protein,8,H,2004,,467.4850000000002,2.3199999999999994,101.73,2,5,6,3,1,0.631578947368421,0.6256449206373427
CHEMBL230497,CHEMBL230497,C[C@@H]1CCN(C(=O)C[C@H](N)Cc2cc(F)c(F)cc2F)[C@H](CC(F)(F)F)C(=O)N1,,7.46,1,7.46,7.46,IC50,B,single protein format,single_protein,8,H,2007,,425.373,2.4218,75.42999999999999,2,3,5,2,1,0.5555555555555556,0.5622248491310093
CHEMBL232153,CHEMBL232153,CC(C)(Cc1ccc(F)cc1)NCC(=O)N1CCC[C@H]1C(=O)c1ncon1,,7.46,1,7.46,7.46,IC50,B,single protein format,single_protein,9,D,2007,,374.4160000000001,1.9933,88.33,1,6,7,3,2,0.47368421052631576,0.7459526974875058
CHEMBL497735,CHEMBL497735,N[C@H](Cc1cc(F)c(F)cc1F)C1CCN(C(=O)c2ccc(F)cc2F)CC1,,7.46,1,7.46,7.46,IC50,B,single protein format,single_protein,9,D,2009,,398.3750000000001,3.804300000000003,46.33,1,2,4,3,2,0.35,0.6291028692620516
CHEMBL246574,CHEMBL246574,NC1CN(c2cc(-c3ccsc3)ncn2)CC1c1cc(F)c(F)cc1Cl,,7.46,1,7.46,7.46,Ki,B,single protein format,single_protein,9,D,2007,,392.8620000000001,4.067800000000003,55.04,1,5,3,4,3,0.2222222222222222,0.6825750550856678
CHEMBL93354,CHEMBL93354,N#C[C@@H]1CCCN1C(=O)CNCCNc1ccc(Cl)cn1,,7.44,1,7.44,7.44,IC50,B,assay format,other,8,H,2003,,307.785,1.2510799999999997,81.05,2,5,6,2,1,0.5,0.7731614508215838
CHEMBL380783,CHEMBL380783,N#C[C@@H]1CCCN1C(=O)[C@@H](N)Cc1ccc(-c2ccco2)cc1,,7.44,1,7.44,7.44,Ki,B,single protein format,single_protein,9,D,2006,,309.369,2.3309800000000003,83.26,1,4,4,3,2,0.3333333333333333,0.9392333282771583
CHEMBL1650438,CHEMBL1650438,N[C@@H]1CCCN(c2cc(=O)[nH]c(=O)n2Cc2ccccc2Br)C1,,7.44,1,7.44,7.44,IC50,B,single protein format,single_protein,9,D,2011,,379.25800000000004,1.2749000000000006,84.12,2,4,3,3,2,0.375,0.8416446112990339
CHEMBL1683989,CHEMBL1739444,NC(=O)c1ccc(-c2nnn3c2CN(C(=O)C[C@H](N)Cc2cc(F)c(F)cc2F)CC3)cc1,,7.44,1,7.44,7.44,IC50,B,single protein format,single_protein,9,D,2011,,458.4440000000002,1.7635999999999994,120.13000000000001,2,5,6,4,3,0.2727272727272727,0.5457354327070235
CHEMBL3644782,CHEMBL3644782,N[C@@H](CC(=O)N1CCc2c(nc(C(F)(F)F)nc2C(F)(F)F)C1)CN1C(=O)CCC(F)(F)[C@H]1O,,7.44,1,7.44,7.44,IC50,B,single protein format,single_protein,9,D,2013,,505.3660000000002,1.6924,112.65000000000002,2,6,4,3,1,0.6666666666666666,0.6029133218870831
CHEMBL1288232,CHEMBL1618605,Cn1c(=O)c2c(cc(N3CCC[C@@](C)(N)C3)n2Cc2ccccc2C#N)n(C)c1=O,,7.44,1,7.44,7.44,IC50,B,cell-free format,other,9,D,2010,,406.49000000000007,1.276279999999999,101.97999999999999,1,5,3,4,3,0.4090909090909091,0.705884921006051
CHEMBL5630676,CHEMBL5630676,CS(=O)(=O)n1cc2c(n1)CN(CC(=O)N1C(=O)S/C(=C\c3ccc(NC(=O)c4cc(O)c(O)c(O)c4)cc3)C1=O)C2,,7.44,1,7.44,7.44,IC50,B,single protein format,single_protein,9,D,2023,,599.6030000000002,1.6385999999999992,199.43999999999997,4,12,6,5,3,0.16,0.23620957062571535
CHEMBL3402129,CHEMBL3402129,COc1ccc(Cn2c(=O)c3c(nc(N4CCC[C@@H](N)C4)n3Cc3ccccc3Cl)n(C)c2=O)cc1C(=O)O,,7.44,1,7.44,7.44,IC50,B,single protein format,single_protein,9,D,2015,,553.0190000000003,2.281,137.60999999999999,2,7,7,5,4,0.3333333333333333,0.3560509139439354
CHEMBL9238,CHEMBL1177975,COC(=O)CCNC(=O)c1ccc(OP(=O)(Oc2ccc(C(=O)NCCC(=O)OC)cc2)C2CCCN2C(=O)C2CCCN2)cc1,,7.44,1,7.44,7.44,IC50,B,single protein format,single_protein,8,H,1999,,658.6450000000001,2.6238,178.67,3,11,14,4,2,0.45161290322580644,0.20076803523533202
CHEMBL441559,CHEMBL441559,N#Cc1ccc(C(=O)N[C@@H]2CN[C@H](C(=O)N3CCSC3)C2)cc1,,7.43,1,7.43,7.43,IC50,B,cell-free format,other,9,D,2007,,330.41300000000007,0.5514799999999995,85.23,2,5,3,3,1,0.4375,0.8453944213885977
CHEMBL363584,CHEMBL1184671,C[C@@H](c1ccc(-c2ccc(F)cc2F)cc1)[C@H](N)C(=O)N1CC[C@H](F)C1,,7.43,1,7.43,7.43,IC50,B,single protein format,single_protein,8,H,2005,,362.39500000000015,3.633000000000002,46.330000000000005,1,2,4,3,2,0.35,0.9027778761267318
CHEMBL233685,CHEMBL233685,CCc1nnc2n1CCN(C(=O)C[C@H](N)Cc1cc(F)c(F)cc1F)C2,,7.43,1,7.43,7.43,IC50,B,single protein format,single_protein,9,D,2007,,367.37500000000006,1.5600999999999998,77.04,1,4,5,3,2,0.47058823529411764,0.8139932251093341
CHEMBL183060,CHEMBL1181588,NC(CC(=O)N1CSC[C@H]1C(=O)NCc1ccc(CC(=O)O)cc1)Cc1ccccc1F,,7.43,1,7.43,7.43,IC50,B,single protein format,single_protein,9,D,2004,,459.54300000000023,1.930600000000001,112.73,3,5,9,3,2,0.34782608695652173,0.5282825286096988
CHEMBL190752,CHEMBL1181743,CNC(=O)[C@@H](c1ccc(-c2ccc(F)cc2)cc1)[C@H](N)C(=O)N1CC[C@H](F)C1,,7.43,1,7.43,7.43,IC50,B,single protein format,single_protein,8,H,2005,,387.4300000000002,2.2199999999999998,75.42999999999999,2,3,5,3,2,0.3333333333333333,0.8261527276440197
CHEMBL2425063,CHEMBL2425063,N[C@H]1C[C@@H](N2CCn3c(nnc3C(F)(F)F)C2)CO[C@@H]1c1cc(F)ccc1F,,7.43,1,7.43,7.43,IC50,B,single protein format,single_protein,9,D,2013,,403.3550000000001,2.2481999999999998,69.2,1,5,2,4,2,0.5294117647058824,0.7794623786525745
CHEMBL1683983,CHEMBL1739388,N[C@@H](CC(=O)N1CCn2nnc(-c3ccccc3)c2C1)Cc1cc(F)c(F)cc1F,,7.43,1,7.43,7.43,IC50,B,single protein format,single_protein,9,D,2011,,415.4190000000002,2.6647000000000007,77.04,1,4,5,4,3,0.2857142857142857,0.6503511225152547
CHEMBL237342,CHEMBL237342,N#Cc1cccc(-c2cc(N3C[C@H](c4cc(F)c(F)cc4F)[C@@H](N)C3)ncn2)c1,,7.43,1,7.43,7.43,IC50,B,single protein format,single_protein,9,D,2007,,395.38800000000003,3.3636800000000013,78.83,1,5,3,4,3,0.19047619047619047,0.688273740472606
CHEMBL203267,CHEMBL1181975,C[C@@H](c1ccc(-c2cn(C)c(=O)c(Cl)c2F)cc1)[C@H](N)C(=O)N1CC[C@H](F)C1,,7.43,1,7.43,7.43,IC50,B,single protein format,single_protein,9,D,2006,,409.86400000000015,2.846000000000001,68.33,1,3,4,3,2,0.4,0.8438350467738678
CHEMBL2069308,CHEMBL2069308,N[C@@H](CC(=O)N1CCN(C(=O)c2ccc3cccnc3n2)CC1)Cc1cc(F)c(F)cc1F,,7.43,1,7.43,7.43,IC50,B,single protein format,single_protein,9,D,2012,,457.45600000000024,2.2916,92.42000000000002,1,5,5,4,3,0.30434782608695654,0.5938920193188832
CHEMBL230840,CHEMBL230840,N[C@@H](CC(=O)N1CSC[C@H]1C(=O)NCc1ccc(CC(=O)O)cc1)Cc1ccccc1F,,7.43,1,7.43,7.43,IC50,B,single protein format,single_protein,8,H,2007,,459.54300000000023,1.930600000000001,112.73,3,5,9,3,2,0.34782608695652173,0.5282825286096988
CHEMBL206077,CHEMBL206077,C=CCN(CC#N)C(=O)[C@@H](N)C12CC3CC(CC(C3)C1)C2,,7.43,1,7.43,7.43,Ki,B,single protein format,single_protein,9,D,2006,,287.4070000000001,2.0682799999999992,70.12,1,3,5,4,0,0.7647058823529411,0.6213520234374206
CHEMBL230388,CHEMBL230388,CC[C@@H]1C(=O)NC[C@H](C)CN1C(=O)C[C@H](N)Cc1cc(F)c(F)cc1F,,7.43,1,7.43,7.43,IC50,B,single protein format,single_protein,8,H,2007,,371.40299999999996,1.7369,75.43,2,3,5,2,1,0.5555555555555556,0.7744654393119162
CHEMBL230984,CHEMBL1182335,N[C@H]1CN(c2ccncn2)CC[C@@H]1c1cc(F)c(F)cc1F,,7.43,1,7.43,7.43,IC50,B,single protein format,single_protein,8,H,2007,,308.30699999999996,2.2150999999999996,55.04,1,4,2,3,2,0.3333333333333333,0.8644072330812665
CHEMBL3940772,CHEMBL3940772,C[C@]1(N2Cc3cn(S(C)(=O)=O)nc3C2)CO[C@H](c2cc(F)ccc2F)[C@@H](N)C1,,7.43,1,7.43,7.43,IC50,B,single protein format,single_protein,8,H,2015,,412.4620000000001,1.5322,90.45,1,6,3,4,2,0.5,0.8224320664147321
CHEMBL2425074,CHEMBL2425074,N[C@H]1C[C@@H](N2Cc3cn[nH]c3C2)CO[C@@H]1c1cc(F)ccc1Cl,,7.43,1,7.43,7.43,IC50,B,single protein format,single_protein,9,D,2013,,336.798,2.3753,67.17,2,4,2,4,2,0.4375,0.8832675880830365
CHEMBL515435,CHEMBL1187693,N#C[C@@H]1CCCN1C(=O)[C@@H](N)CCC(=O)Nc1ccccc1,,7.43,1,7.43,7.43,IC50,B,single protein format,single_protein,8,H,2009,,300.362,1.2471799999999993,99.22,2,4,5,2,1,0.4375,0.8543658430525052
CHEMBL1683569,CHEMBL1683569,N[C@H]1CN(c2ncnc(N3CCC(F)(F)C3)n2)C[C@@H]1N1CCCCC1=O,,7.43,1,7.43,7.43,IC50,B,single protein format,single_protein,9,D,2011,,367.40400000000017,0.2453999999999994,91.47999999999999,1,7,3,4,1,0.75,0.8184899961068463
CHEMBL2147059,CHEMBL2220075,COc1ccccc1Cn1c(N2CCC[C@@H](N)C2)nc2c3cc(C(=O)O)ccc3n(C)c(=O)c21,,7.42,1,7.42,7.42,IC50,B,single protein format,single_protein,9,D,2012,,461.52200000000016,2.5708,115.60999999999999,2,6,5,5,4,0.32,0.46927183565756425
CHEMBL591277,CHEMBL591277,COc1cc2c(cc1OC)[C@@H]1CC(N)[C@@H](c3cccc(C4CC4)c3)CN1CC2,,7.42,1,7.42,7.42,IC50,B,single protein format,single_protein,8,H,2010,,378.51600000000025,3.995200000000003,47.720000000000006,1,4,4,5,2,0.5,0.8737302261224997
CHEMBL1779694,CHEMBL1779694,N[C@@H](CC(=O)N1CCN(Cc2ccc([N+](=O)[O-])cc2)C(=O)C1)Cc1cc(F)c(F)cc1F,,7.42,1,7.42,7.42,IC50,B,single protein format,single_protein,9,D,2011,,450.4170000000002,2.1430000000000007,109.78,1,5,7,3,2,0.3333333333333333,0.3949439412987129
CHEMBL249620,CHEMBL249620,N[C@H]1CN(C(=O)c2ccc3ncccc3c2)C[C@H]1C(=O)N1CCCC1,,7.42,1,7.42,7.42,IC50,B,single protein format,single_protein,9,D,2007,,338.4110000000002,1.256499999999999,79.52999999999999,1,4,2,4,2,0.42105263157894735,0.8938522050525445
CHEMBL520434,CHEMBL520434,N#Cc1c(F)cc(N2C[C@@H]3[C@H](C2)[C@H]3NCC(=O)N2C[C@@H](F)C[C@H]2C#N)cc1F,,7.42,1,7.42,7.42,IC50,B,cell-free format,other,9,D,2008,,389.38100000000014,1.3232599999999997,83.16,1,5,4,4,1,0.5263157894736842,0.8400243697146011
CHEMBL3084946,CHEMBL3084946,N[C@H](C(=O)N1CCSC1)[C@H]1CC[C@H](NC(=O)c2ccc(Cl)c(Cl)c2)CC1,,7.42,1,7.42,7.42,IC50,B,single protein format,single_protein,8,H,2004,,416.37400000000014,3.1422000000000017,75.43,2,4,4,3,1,0.5555555555555556,0.7910067649434082
CHEMBL1683092,CHEMBL1683092,CCN([C@H]1CC[C@H]([C@H](N)Cc2cc(F)ccc2F)CC1)S(=O)(=O)c1c(C)noc1C,,7.42,1,7.42,7.42,IC50,B,single protein format,single_protein,8,H,2011,,441.54400000000027,3.7090400000000026,89.42999999999999,1,5,7,3,2,0.5714285714285714,0.7075367123384287
CHEMBL2334678,CHEMBL2334678,CCC1([C@H](N)C(=O)N2[C@H](C#N)C[C@@H]3C[C@@H]32)CCN(C(=O)c2ccc3cnccc3n2)CC1,,7.42,1,7.42,7.42,Ki,B,single protein format,single_protein,9,D,2013,,432.5280000000002,2.102479999999999,116.21000000000001,1,6,4,5,2,0.5416666666666666,0.7908759392547761
CHEMBL203169,CHEMBL1181972,C[C@@H](c1ccc(-c2cn(C)c(=O)cc2CO)cc1)[C@H](N)C(=O)N1CC[C@H](F)C1,,7.42,1,7.42,7.42,IC50,B,single protein format,single_protein,9,D,2006,,387.45500000000015,1.5457999999999998,88.55999999999999,2,4,5,3,2,0.42857142857142855,0.8147177156058419
CHEMBL1208844,CHEMBL1208844,COc1cccc(-c2cn3c(-c4ccc(Cl)cc4Cl)c(CN)c(C)nc3n2)c1,,7.42,1,7.42,7.42,Ki,B,single protein format,single_protein,9,D,2010,,413.30800000000016,5.145820000000004,65.44,1,4,4,4,4,0.14285714285714285,0.502906759447106
CHEMBL3644785,CHEMBL3644785,CC(C)(C)c1nc2c(c(C(F)(F)F)n1)CCN(C(=O)C[C@H](N)CN1C(=O)CCC(F)(F)C1O)C2,,7.41,1,7.41,7.41,IC50,B,single protein format,single_protein,9,D,2013,,493.4770000000003,1.9711,112.64999999999999,2,6,4,3,1,0.7142857142857143,0.6206641804215697
CHEMBL1779698,CHEMBL1779698,CCc1ccc(CN2CCN(C(=O)C[C@H](N)Cc3cc(F)c(F)cc3F)CC2=O)cc1,,7.41,1,7.41,7.41,IC50,B,single protein format,single_protein,9,D,2011,,433.4740000000001,2.797200000000001,66.64,1,3,7,3,2,0.391304347826087,0.6832542891543272
CHEMBL3216954,CHEMBL1739312,Cc1ccc(-c2c(CCC(=O)O)c(C)nc(CC(C)C)c2CN)cc1,,7.41,1,7.41,7.41,IC50,B,cell-based format,cell_based,9,D,2011,,340.4670000000001,4.0398400000000025,76.21,2,3,7,2,2,0.42857142857142855,0.7973407917910167
CHEMBL1683566,CHEMBL1683566,COc1ccc(-c2cc(N3C[C@H](N)[C@@H](N4CCCCC4=O)C3)ncn2)cn1,,7.41,1,7.41,7.41,IC50,B,single protein format,single_protein,9,D,2011,,368.4410000000001,1.0755999999999992,97.47,1,7,4,4,2,0.47368421052631576,0.862081721010572
CHEMBL3892233,CHEMBL3892233,N[C@@H]1Cc2c(ccc3cc(Br)ccc23)O[C@H]1c1cc(F)c(F)cc1F,,7.41,1,7.41,7.41,IC50,B,cell-based format,cell_based,9,D,2016,,408.21700000000004,5.023100000000002,35.25,1,2,1,4,3,0.15789473684210525,0.5741507005051838
CHEMBL2069840,CHEMBL2069840,N[C@@H](CC(=O)N1CCN(C(=O)c2ccc(O)cc2)CC1)Cc1cc(F)c(F)cc1F,,7.41,1,7.41,7.41,IC50,B,single protein format,single_protein,9,D,2012,,421.4190000000002,2.0540000000000003,86.87000000000002,2,4,5,3,2,0.3333333333333333,0.7239445244581078
CHEMBL184346,CHEMBL1181605,NC(CC(=O)N1CCC[C@H]1C(=O)NCCCCc1nn[nH]n1)Cc1ccccc1F,,7.41,1,7.41,7.41,IC50,B,single protein format,single_protein,9,D,2004,,417.48900000000003,0.7288000000000008,129.89,3,6,10,3,2,0.55,0.48875977194042985
CHEMBL3675628,CHEMBL3675628,CC#CCn1c(N2CCC[C@@H](N)C2)nc2c1C(=O)N(Cc1ccc(OC)cc1)C1=NCCCN12,,7.41,1,7.41,7.41,IC50,B,single protein format,single_protein,9,D,2014,,461.5700000000003,2.064599999999999,92.22,1,7,5,5,2,0.48,0.6856680095151617
CHEMBL485828,CHEMBL485828,CC(C)(CNCc1ccc(C#N)cc1)NCC(=O)N1C[C@@H](F)C[C@H]1C#N,,7.41,1,7.41,7.41,IC50,B,cell-free format,other,9,D,2008,,357.4330000000001,1.4786599999999999,91.94999999999999,2,5,7,2,1,0.5263157894736842,0.771112882878718
CHEMBL1082465,CHEMBL1082465,CC(C)(CC(=O)N1CC[C@@H](F)C1)NCC(=O)N1C[C@@H](F)C[C@H]1C#N,,7.41,1,7.41,7.41,IC50,B,single protein format,single_protein,8,H,2010,,342.39000000000004,0.7776800000000008,76.44,1,4,5,2,0,0.8125,0.8009424437170439
CHEMBL1082707,CHEMBL1082707,N#C[C@@H]1CCCN1C(=O)CN[C@@H]1C[C@@H]2CN(C(=O)N3CCCC3)C[C@@H]2C1,,7.41,1,7.41,7.41,IC50,B,single protein format,single_protein,8,H,2010,,359.4740000000003,1.016780000000001,79.67999999999999,1,4,3,4,0,0.8421052631578947,0.815781967413165
CHEMBL197300,CHEMBL197300,N[C@@H](CC(=O)N1CCc2c(n[nH]c2C(F)(F)F)C1)Cc1cc(F)ccc1F,,7.41,2,7.41,7.41,IC50,B,single protein format,single_protein,9,D,2005,,388.34000000000015,2.5515000000000008,75.01,2,3,4,3,2,0.4117647058823529,0.7909289320584838
CHEMBL217017,CHEMBL217017,C[C@H](CCc1ccc(C(N)=O)cc1)NCC(=O)c1ccc(F)c(F)c1,,7.41,1,7.41,7.41,IC50,B,single protein format,single_protein,9,D,2007,,346.377,2.8573000000000013,72.19,2,3,8,2,2,0.2631578947368421,0.7221278834321235
CHEMBL199379,CHEMBL199379,CC(C)([C@H](N)C(=O)N1C[C@@H](F)C[C@H]1C#N)S(=O)(=O)Cc1csc2ccc(Cl)cc12,,7.4,1,7.4,7.4,Ki,B,single protein format,single_protein,9,D,2005,,457.9800000000002,3.037980000000002,104.25999999999999,1,6,5,3,2,0.47368421052631576,0.7425295244014642
CHEMBL3112970,CHEMBL3112970,NC[C@]1(c2cccc(Cl)c2)CC[C@H](N2CCn3c(nnc3C(F)(F)F)C2)CC1,,7.4,1,7.4,7.4,IC50,B,single protein format,single_protein,9,D,2014,,413.8750000000001,3.6052000000000026,59.97,1,4,3,4,2,0.5789473684210527,0.8347219725586449
CHEMBL494339,CHEMBL1187227,N#C[C@@H]1CCCN1C(=O)[C@@H](N)CCC(=O)N1CCc2nc(-c3ccc(F)cc3)sc2C1,,7.4,1,7.4,7.4,IC50,B,single protein format,single_protein,8,H,2009,,441.53200000000015,2.4559800000000003,103.32,1,6,5,4,2,0.45454545454545453,0.7677180562364848
CHEMBL4784857,CHEMBL4784857,CC#CCn1c(N2CCC[C@@H](N)C2)nc2c1c(=O)n(CCCN1CCN(c3nc(-c4ccccc4)no3)CC1)c(=O)n2C,,7.4,1,7.4,7.4,IC50,B,single protein format,single_protein,9,D,2020,,586.7010000000001,1.1098000000000026,136.48000000000002,1,10,8,6,4,0.5,0.29911935437098613
CHEMBL435320,CHEMBL488469,C[C@H](c1nc(-c2ccc(S(C)(=O)=O)cc2Cl)no1)[C@H](N)C(=O)N1CC[C@H](F)C1,,7.4,2,7.4,7.4,IC50,B,single protein format,single_protein,8,H,2006;2008,,430.8890000000002,1.7947,119.39,1,7,5,3,2,0.47058823529411764,0.7672977369133898
CHEMBL452805,CHEMBL452805,C[C@@H]1C(=O)NCCCN1C(=O)C[C@H](N)Cc1ccccc1F,,7.4,1,7.4,7.4,IC50,B,single protein format,single_protein,8,H,2008,,307.36899999999997,0.822600000000001,75.43,2,3,4,2,1,0.5,0.8646653701257287
CHEMBL3112958,CHEMBL3112958,Cc1ccc(=O)n([C@H]2CC[C@](CN)(c3cccc(Cl)c3)CC2)n1,,7.4,1,7.4,7.4,IC50,B,single protein format,single_protein,9,D,2014,,331.8470000000001,3.216920000000002,60.91,1,3,3,3,2,0.4444444444444444,0.9389701838065891
CHEMBL5288458,CHEMBL5288458,N#C[C@@H]1C[C@H](F)CN1C(=O)[C@@H](N)Cc1ccc(Cl)cc1Cl,,7.4,1,7.4,7.4,IC50,B,single protein format,single_protein,9,D,2021,,330.19000000000005,2.325780000000001,70.12,1,3,3,2,1,0.42857142857142855,0.9246179925154427
CHEMBL401268,CHEMBL401268,N[C@H]1CN(C(=O)c2ccc(-n3cncn3)cc2)C[C@H]1C(=O)N1CCCC1,,7.4,1,7.4,7.4,IC50,B,single protein format,single_protein,9,D,2007,,354.4140000000002,0.28899999999999904,97.35000000000001,1,5,3,4,2,0.4444444444444444,0.8543296354493012
CHEMBL3127987,CHEMBL3127987,Cc1nc(C[C@H](N)C(=O)N2C[C@@H](F)C[C@H]2C#N)cs1,,7.4,1,7.4,7.4,IC50,B,assay format,other,9,D,2014,,282.34399999999994,0.7839000000000004,83.00999999999999,1,5,3,2,1,0.5833333333333334,0.8878957850477897
CHEMBL3330057,CHEMBL3330057,N#C[C@@H]1C[C@H](F)CN1C(=O)C[C@H](N)Cc1ccc(Cl)cc1Cl,,7.4,1,7.4,7.4,IC50,B,assay format,other,9,D,2014,,344.217,2.715880000000001,70.12,1,3,4,2,1,0.4666666666666667,0.913031224703285
CHEMBL256691,CHEMBL256691,Cc1nsc(N2CCN(C(=O)[C@@H]3CN[C@H](C(=O)N4CCCC4)C3)CC2)n1,,7.4,2,7.1,7.7,IC50,B,cell-free format;single protein format,mixed,9,D,2008,,378.5020000000003,0.09562000000000115,81.67,1,7,3,4,1,0.7647058823529411,0.8032255754730427
CHEMBL2206468,CHEMBL2206468,N[C@@H](CC(=O)NC1(c2cccc(-c3cncs3)c2)CCS(=O)(=O)CC1)Cc1ccccc1F,,7.39,1,7.39,7.39,IC50,B,single protein format,single_protein,9,D,2012,,487.62200000000036,3.429400000000002,102.15,2,6,7,4,3,0.3333333333333333,0.531663498404076
CHEMBL473188,CHEMBL473188,O=C([C@@H]1C[C@H](N2CCN(c3ncccn3)CC2)CN1)N1CC(F)C1,,7.39,1,7.39,7.39,IC50,B,single protein format,single_protein,9,D,2009,,334.39900000000006,-0.4905999999999986,64.60000000000001,1,6,3,4,1,0.6875,0.8047773398305048
CHEMBL1683487,CHEMBL1739390,CCOC(=O)COc1ccc(CNC(=O)C2SCCN2C(=O)C[C@H](N)Cc2cc(F)c(F)cc2F)cc1,,7.39,1,7.39,7.39,IC50,B,single protein format,single_protein,9,D,2011,,539.5760000000004,2.523600000000001,110.96,2,7,11,3,2,0.4,0.33357144261818117
CHEMBL461912,CHEMBL461912,N#C[C@@H]1CCCN1C(=O)[C@@H](N)CCCCN,,7.39,2,6.5,8.28,IC50;Ki,B,single protein format,single_protein,8,H,1996;2003,,224.30799999999996,-0.042719999999999314,96.14,2,4,5,1,0,0.8181818181818182,0.6401850791716631
CHEMBL261462,CHEMBL261462,C=CCN(CC#N)C(=O)[C@@H]1C[C@H](C(=O)N(C)C)[C@H](C)N1,,7.39,1,7.39,7.39,IC50,B,single protein format,single_protein,9,D,2008,,278.356,-0.020619999999998917,76.44,1,4,5,1,0,0.6428571428571429,0.56620974556778
CHEMBL378673,CHEMBL1184927,CN(C)C(=O)[C@@H](c1ccc(-c2ccc3nccn3c2)cc1)[C@H](N)C(=O)N1CC[C@H](F)C1,,7.385,2,6.88,7.89,IC50,B,single protein format,single_protein,9,D,2006,,423.4920000000002,2.0707999999999998,83.93999999999998,1,4,5,4,3,0.34782608695652173,0.6810465038759301
CHEMBL201268,CHEMBL201268,N#C[C@@H]1CCCN1C(=O)[C@@H](N)Cc1ccccc1,,7.385,2,7.2,7.57,IC50;Ki,B,assay format;single protein format,mixed,9,D,2006;2013,,243.31000000000003,1.0709799999999992,70.12,1,3,3,2,1,0.42857142857142855,0.8629191150977663
CHEMBL553787,CHEMBL1195063,C[C@@H]1Cn2c(nnc2C(F)(F)F)CN1C(=O)C[C@H](N)Cc1cc(F)c(F)cc1F,,7.38,1,7.38,7.38,IC50,B,single protein format,single_protein,8,H,2008,,421.3450000000001,2.4050000000000002,77.04,1,4,4,3,2,0.47058823529411764,0.6078009661054854
CHEMBL256871,CHEMBL256871,N[C@H](C(=O)N1CCC[C@H]1C(=O)c1nccs1)C1CCCCC1,,7.38,1,7.38,7.38,IC50,B,single protein format,single_protein,9,D,2008,,321.4460000000002,2.2244,76.29,1,5,4,3,1,0.6875,0.8628145716028615
CHEMBL399247,CHEMBL399247,N[C@H]1CN(C(=O)c2ccc3ncsc3c2)C[C@H]1C(=O)N1CCCC1,,7.38,1,7.38,7.38,IC50,B,single protein format,single_protein,9,D,2007,,344.44000000000017,1.3179999999999996,79.52999999999999,1,5,2,4,2,0.47058823529411764,0.8909621286569023
CHEMBL402151,CHEMBL402151,N[C@H](C(=O)N1CC[C@H]1C(=O)c1nc2ccccc2s1)C1CCCCC1,,7.38,1,7.38,7.38,IC50,B,single protein format,single_protein,9,D,2008,,357.4790000000002,2.9875000000000016,76.29,1,5,4,4,2,0.5263157894736842,0.8536233242689648
CHEMBL217245,CHEMBL217245,C[C@@H](CC(=O)NC(C)(C)c1ccccc1)NCC(=O)N1CCC[C@H]1C#N,,7.38,1,7.38,7.38,IC50,B,single protein format,single_protein,9,D,2007,,356.4700000000002,1.92068,85.23,2,4,7,2,1,0.55,0.781557967408622
CHEMBL3093897,CHEMBL3093897,Cc1ccccc1C[C@H](N)C(=O)N1CCC[C@H]1C#N,,7.38,1,7.38,7.38,IC50,B,assay format,other,9,D,2013,,257.33699999999993,1.3794000000000002,70.12,1,3,3,2,1,0.4666666666666667,0.8889301796314135
CHEMBL520266,CHEMBL520266,N#Cc1c(N2C[C@@H]3[C@H](C2)[C@H]3NCC(=O)N2C[C@@H](F)C[C@H]2C#N)cccc1C(F)(F)F,,7.38,1,7.38,7.38,IC50,B,cell-free format,other,9,D,2008,,421.3980000000001,2.06386,83.16,1,5,4,4,1,0.55,0.752994014458416
CHEMBL3350931,CHEMBL3350931,N#C[C@@H]1C[C@@H]2C[C@@H]2N1C(=O)[C@@H](N)C1(CO)CCC1,,7.38,1,7.38,7.38,Ki,B,single protein format,single_protein,9,D,2005,,249.31399999999994,-0.010720000000000285,90.35000000000001,2,4,3,3,0,0.8461538461538461,0.7357052714902219
CHEMBL2069857,CHEMBL2069857,N[C@@H](CC(=O)N1CCN(C(=O)c2cc(Cl)ccn2)CC1)Cc1cc(F)c(F)cc1F,,7.38,1,7.38,7.38,IC50,B,single protein format,single_protein,9,D,2012,,440.85300000000024,2.3968000000000007,79.53000000000002,1,4,5,3,2,0.35,0.7239996752685809
CHEMBL437592,CHEMBL437592,CCCc1nsc(N2CCN(C(=O)[C@@H]3CN[C@H](C(=O)N4CCCC4)C3)CC2)n1,,7.375,2,7.07,7.68,IC50,B,cell-free format;single protein format,mixed,9,D,2008,,406.5560000000003,0.7397000000000016,81.67,1,7,5,4,1,0.7894736842105263,0.7768190098419662
CHEMBL270163,CHEMBL270163,O=C([C@@H]1CN[C@H](C(=O)N2CCCC2)C1)N1CCN(c2nc(C(F)(F)F)ns2)CC1,,7.375,2,7.11,7.64,IC50,B,cell-free format;single protein format,mixed,9,D,2008,,432.47200000000004,0.8059999999999992,81.67,1,7,3,4,1,0.7647058823529411,0.7614118381914168
CHEMBL190269,CHEMBL1181729,CN(C)C(=O)[C@@H](c1ccc(-c2cccc(C#N)c2)cc1)[C@H](N)C(=O)N1CC[C@H](F)C1,,7.37,1,7.37,7.37,IC50,B,single protein format,single_protein,8,H,2005,,408.4770000000002,2.2947800000000003,90.42999999999999,1,4,5,3,2,0.34782608695652173,0.8219462856601554
CHEMBL3675620,CHEMBL3675620,Cc1nc(CN2C(=O)c3c(nc(N4CCC[C@@H](N)C4)n3Cc3cc(F)ccc3F)N3CCN=C23)nc2ccccc12,,7.37,1,7.37,7.37,IC50,B,single protein format,single_protein,9,D,2014,,557.6090000000003,3.220720000000002,108.77,1,8,5,7,4,0.3448275862068966,0.4014661512783707
CHEMBL496131,CHEMBL496131,Cc1nc2c(s1)CC([C@H](N)C(=O)N1CC[C@H](F)C1)CC2,,7.37,1,7.37,7.37,IC50,B,assay format,other,9,D,2008,,297.39900000000006,1.4541199999999999,59.22,1,4,2,3,1,0.7142857142857143,0.8987120845627661
CHEMBL219278,CHEMBL219278,C[C@H](c1nc(-c2ccc(S(C)(=O)=O)cc2F)no1)[C@H](N)C(=O)N1CCCC1,,7.37,1,7.37,7.37,IC50,B,single protein format,single_protein,8,H,2006,,396.44400000000024,1.3323999999999998,119.39,1,7,5,3,2,0.47058823529411764,0.8095117436570982
CHEMBL231195,CHEMBL1182343,N[C@H]1CN(c2cnc3cncnc3n2)CC[C@@H]1c1cc(F)c(F)cc1F,,7.37,1,7.37,7.37,IC50,B,single protein format,single_protein,8,H,2007,,360.343,2.1582999999999997,80.82000000000001,1,6,2,4,3,0.29411764705882354,0.7056433476201734
CHEMBL1209609,CHEMBL1209609,Cc1nc2cc(-c3ccco3)nn2c(-c2ccc(Cl)cc2Cl)c1CN,,7.37,1,7.37,7.37,Ki,B,single protein format,single_protein,9,D,2010,,373.2430000000001,4.730220000000003,69.35,1,4,3,4,4,0.1111111111111111,0.5637167296784131
CHEMBL3236131,CHEMBL3236131,NC[C@H]1CN(CCc2ccc3c(c2)OCO3)C(=O)C[C@@H]1c1ccc(Cl)cc1Cl,,7.37,1,7.37,7.37,IC50,B,assay format,other,9,D,2014,,421.32400000000007,3.8556000000000026,64.78999999999999,1,4,5,4,2,0.38095238095238093,0.7967139666604616
CHEMBL1779691,CHEMBL1779691,N[C@@H](CC(=O)N1CCN(Cn2nnc3ccccc32)C(=O)C1)Cc1cc(F)c(F)cc1F,,7.37,1,7.37,7.37,IC50,B,single protein format,single_protein,9,D,2011,,446.4330000000003,1.437,97.35000000000002,1,5,6,4,3,0.3333333333333333,0.5782407625290716
CHEMBL352520,CHEMBL352520,N[C@H](C(=O)N1CCSC1)[C@H]1CC[C@H](NC(=O)Nc2cccc3ccccc23)C1,,7.37,1,7.37,7.37,IC50,B,single protein format,single_protein,8,H,2004,,398.5320000000001,2.9902000000000006,87.46000000000001,3,4,4,4,2,0.42857142857142855,0.7388436203243501
CHEMBL200347,CHEMBL200347,N#C[C@@H]1CCCN1C(=O)[C@@H](N)Cc1ccc(-c2ccccc2)cc1,,7.365,2,6.84,7.89,IC50;Ki,B,assay format;single protein format,mixed,9,D,2006;2013,,319.408,2.7379800000000003,70.12,1,3,4,3,2,0.3,0.9417344910271521
CHEMBL302602,CHEMBL1183525,C[S+](C)Cc1ccc2cc1C(=O)NCC(=O)NCC(=O)NCC(=O)NCC(=O)NCCCC[C@H](N)C(=O)N1CCC[C@H]1C(=O)N2,,7.365,2,6.21,8.52,IC50,B,cell-based format,cell_based,8,H,1998,,647.7790000000001,-2.300199999999994,220.93,7,8,2,3,1,0.5517241379310345,0.1726702307098772
CHEMBL258288,CHEMBL258288,O=C(c1nccs1)[C@@H]1CCCN1C(=O)[C@@H]1C[C@@H]2CCCC[C@@H]2N1,,7.36,1,7.36,7.36,IC50,B,single protein format,single_protein,9,D,2008,,333.4570000000001,2.2375,62.300000000000004,1,5,3,4,1,0.7058823529411765,0.8618854564279366
CHEMBL188043,CHEMBL1181668,N[C@H](C(=O)N1CC[C@H](F)C1)[C@@H](C(=O)N1CCC1)c1ccc(-c2ccc(F)cc2)cc1,,7.36,1,7.36,7.36,IC50,B,single protein format,single_protein,8,H,2005,,413.468,2.7063000000000006,66.64,1,3,5,4,2,0.391304347826087,0.8197677208856258
CHEMBL263946,CHEMBL263946,CS(=O)(=O)Nc1cccc(NC(=O)CN2CCN(C(=O)C[C@H](N)Cc3ccc(F)c(F)c3)C(Cc3ccccc3)C2)c1,,7.36,1,7.36,7.36,IC50,B,single protein format,single_protein,8,H,2004,,599.7040000000003,2.990400000000002,124.83999999999999,3,6,11,4,3,0.3333333333333333,0.3114209246308707
CHEMBL4744389,CHEMBL4744389,CC#CCn1c(N2CCC[C@@H](N)C2)nc2c1c(=O)n(CCCN1CCC(c3nc(-c4ccccc4)c[nH]3)CC1)c(=O)n2C,,7.36,1,7.36,7.36,IC50,B,single protein format,single_protein,9,D,2020,,583.7410000000001,2.5073000000000016,123.0,2,7,8,6,4,0.5,0.3057384526337919
CHEMBL3805235,CHEMBL3805235,Cc1ccnc2c3c(nn12)CN([C@@H]1CO[C@H](c2cc(F)c(F)cc2F)[C@@H](N)C1)C3,,7.36,1,7.36,7.36,IC50,B,single protein format,single_protein,9,D,2016,,403.40800000000013,2.628120000000001,68.67999999999999,1,5,2,5,3,0.4,0.6665985925406434
CHEMBL3675630,CHEMBL3675630,CC#CCn1c(N2CCC[C@@H](N)C2)nc2c1C(=O)N(Cc1cccc3ccccc13)C1=NCCCN12,,7.36,1,7.36,7.36,IC50,B,single protein format,single_protein,9,D,2014,,481.60400000000027,3.209200000000001,82.99,1,6,4,6,3,0.39285714285714285,0.5789169145933255
CHEMBL2346923,CHEMBL2346923,CC#CCn1c(N2CCC[C@@H](N)C2)nc2ccn(Cc3c[nH]c4ccccc34)c2c1=O,,7.36,1,7.36,7.36,IC50,B,single protein format,single_protein,9,D,2013,,414.5130000000002,2.6784,84.87,2,4,4,5,4,0.3333333333333333,0.5030242287960035
CHEMBL2346922,CHEMBL2346922,CC#CCn1c(N2CCC[C@@H](N)C2)nc2ccn(Cc3ncccn3)c2c1=O,,7.36,1,7.36,7.36,IC50,B,single protein format,single_protein,9,D,2013,,377.45200000000017,0.9870999999999989,94.86000000000001,1,6,4,4,3,0.4,0.6814933723193971
CHEMBL63698,CHEMBL63698,CC(C)C[C@H](N)C(=O)N1CCC[C@H]1B(O)O,,7.36,1,7.36,7.36,IC50,B,single protein format,single_protein,8,H,1996,,228.10099999999997,-0.637199999999999,86.79,3,4,4,1,0,0.9,0.5585239568764403
CHEMBL1688428,CHEMBL1688428,Cc1nc(C(=O)N2CCCC2)cc(-c2ccc(Cl)cc2Cl)c1CN,,7.36,1,7.36,7.36,IC50,B,single protein format,single_protein,9,D,2010,,364.2760000000001,4.058520000000003,59.22,1,3,3,3,2,0.3333333333333333,0.8936610070455159
CHEMBL208855,CHEMBL208855,N#C[C@@H]1CCCN1C(=O)[C@@H]1CC[C@H](CNS(=O)(=O)c2ccccc2)N1,,7.36,1,7.36,7.36,Ki,B,single protein format,single_protein,9,D,2006,,362.45500000000004,0.6000799999999998,102.30000000000001,2,5,5,3,1,0.5294117647058824,0.7985182285084345
CHEMBL4062977,CHEMBL4116400,N[C@@H](CC(=O)N1CC[C@@H]2[C@@H](CCc3nnc(-c4ccccn4)n32)C1)Cc1cc(F)c(F)cc1F,,7.36,1,7.36,7.36,IC50,B,cell-based format,cell_based,9,D,2017,,470.49900000000014,3.053300000000001,89.93,1,5,5,5,3,0.4166666666666667,0.5792497885730344
CHEMBL463481,CHEMBL463481,CC(C)(CC(=O)N[C@H]1C[C@@H]1c1cccc(Cl)c1)NCC(=O)N1CCC[C@H]1C#N,,7.355,2,7.33,7.38,IC50,B,single protein format,single_protein,9,D,2009,,402.9260000000003,2.5849800000000007,85.23,2,4,7,3,1,0.5714285714285714,0.7335888425698254
CHEMBL3644453,CHEMBL3644453,N[C@H]1C[C@@H](N2Cc3c[nH]nc3C2)C[S+]([O-])C1c1cc(F)cc(F)c1F,,7.355,2,7.31,7.4,IC50,B,assay format,other,9,D,2014,,370.4,1.7322,81.0,2,4,2,4,2,0.4375,0.6232459787779832
CHEMBL3425747,CHEMBL3425747,N[C@@H](CC(=O)N1CC[C@@H]2[C@@H](CCc3nnc(C(F)(F)F)n32)C1)Cc1cc(F)c(F)cc1F,,7.355,2,7.16,7.55,IC50,B,single protein format,single_protein,9,D,2015,,461.41000000000014,3.0101000000000013,77.04000000000002,1,4,4,4,2,0.55,0.5612147707926325
CHEMBL250202,CHEMBL250202,CC1c2nc(C(F)(F)F)n(C)c2CCN1C(=O)C[C@H](N)Cc1cc(F)c(F)cc1F,,7.35,1,7.35,7.35,IC50,B,single protein format,single_protein,8,H,2007,,434.3840000000001,3.2620000000000013,64.15,1,3,4,3,2,0.47368421052631576,0.5936928392217578
CHEMBL370755,CHEMBL1184811,CON(C)C(=O)[C@@H](c1ccc(-c2ccc(F)cc2)cc1)[C@H](N)C(=O)N1CC[C@H](F)C1,,7.35,1,7.35,7.35,IC50,B,single protein format,single_protein,8,H,2005,,417.4560000000002,2.4938000000000002,75.86999999999999,1,4,6,3,2,0.36363636363636365,0.7331390897735717
CHEMBL1779690,CHEMBL1779690,N[C@@H](CC(=O)N1CCN(Cc2ccc(-c3ccccc3)cc2)C(=O)C1)Cc1cc(F)c(F)cc1F,,7.35,1,7.35,7.35,IC50,B,single protein format,single_protein,9,D,2011,,481.51800000000026,3.9018000000000033,66.64000000000001,1,3,7,4,3,0.25925925925925924,0.5208403021385253
CHEMBL193105,CHEMBL193105,COc1cc2c(cc1OC)C(CCO)N(C(=O)C[C@H](N)C(=O)N1CCC[C@H]1C#N)CC2,,7.35,1,7.35,7.35,IC50,B,single protein format,single_protein,8,H,2005,,430.5050000000003,0.7439800000000014,129.12,2,7,7,3,1,0.5909090909090909,0.6527130776016449
CHEMBL527015,CHEMBL527015,N#C[C@@H]1CCCN1C(=O)/C(N)=C/C(=O)N1Cc2ccccc2C1,,7.35,1,7.35,7.35,IC50,B,assay format,other,9,D,2008,,310.3570000000001,0.8859799999999997,90.42999999999999,1,4,2,3,1,0.35294117647058826,0.821239162283721
CHEMBL3329626,CHEMBL3329626,N#Cc1ccccc1Cn1c(=O)[nH]c2nccc(N3CCC[C@@H](N)C3)c21,,7.35,1,7.35,7.35,IC50,B,single protein format,single_protein,9,D,2014,,348.4100000000002,1.57208,103.72999999999999,2,5,3,4,3,0.3157894736842105,0.7476333793276684
CHEMBL387043,CHEMBL1185075,N[C@H]1CC(CN2CCC(C(=O)O)CC2)=CC[C@@H]1c1ccc(Cl)cc1Cl,,7.35,1,7.35,7.35,Ki,B,single protein format,single_protein,9,D,2006,,383.3190000000001,3.9211000000000027,66.56,2,3,4,3,1,0.5263157894736842,0.773820115771738
CHEMBL1951440,CHEMBL1951440,CC#CCn1c(N2CCCNCC2)c(C#N)c2ncn(Cc3ncc4ccccc4n3)c(=O)c21,,7.35,1,7.35,7.35,IC50,B,single protein format,single_protein,9,D,2012,,452.5220000000002,1.884179999999999,104.66,1,7,4,5,4,0.32,0.4715718889128763
CHEMBL3329633,CHEMBL3329633,Cn1c(=O)n(Cc2ccccc2C#N)c2c(N3CCC[C@@H](N)C3)cccc21,,7.35,1,7.35,7.35,IC50,B,single protein format,single_protein,9,D,2014,,361.4490000000001,2.187479999999999,79.98,1,4,3,4,3,0.3333333333333333,0.7754089082009845
CHEMBL199502,CHEMBL199502,CC(C)(SCCCc1ccc(F)cc1)[C@H](N)C(=O)N1C[C@@H](F)C[C@H]1C#N,,7.35,1,7.35,7.35,Ki,B,single protein format,single_protein,9,D,2005,,381.49200000000013,3.0599800000000013,70.12,1,4,7,2,1,0.5789473684210527,0.7371819576815134
CHEMBL245379,CHEMBL1182553,C[C@@H](C1CCC(N(C)C(=O)c2cccc(F)c2)CC1)[C@H](N)C(=O)N1CC[C@H](F)C1,,7.35,2,7.04,7.66,IC50,B,cell-based format;single protein format,mixed,9,D,2007,,407.5050000000002,2.9903000000000013,66.64,1,3,5,3,1,0.6363636363636364,0.8160622039811484
CHEMBL1202087,CHEMBL1615545,N#C[C@H]1CCCN1C(=O)CNCCN1CCN(c2ccc(F)cc2)C1=O,,7.35,1,7.35,7.35,IC50,B,single protein format,single_protein,9,D,2009,,359.40500000000003,1.1718799999999998,79.68,1,4,6,3,1,0.5,0.7735814974612677
CHEMBL280658,CHEMBL280658,N[C@H](C(=O)N1CCC(F)(F)C1)C1CCCCC1,,7.345,2,7.14,7.55,IC50;Ki,B,single protein format,single_protein,8;9,D;H,2004;2005,,246.3009999999999,1.7615999999999994,46.330000000000005,1,2,2,2,0,0.9166666666666666,0.8066862442020248
CHEMBL427193,CHEMBL427193,CC(=O)NCSC(C)(C)[C@H](N)C(=O)N1C[C@@H](F)C[C@H]1C#N,,7.34,1,7.34,7.34,Ki,B,single protein format,single_protein,9,D,2005,,316.40200000000004,0.3816800000000014,99.22,2,5,5,1,0,0.7692307692307693,0.7145067938353014
CHEMBL2069843,CHEMBL2069843,N[C@@H](CC(=O)N1CCN(C(=O)c2ccc(S(N)(=O)=O)cc2)CC1)Cc1cc(F)c(F)cc1F,,7.34,1,7.34,7.34,IC50,B,single protein format,single_protein,9,D,2012,,484.5000000000003,0.9958000000000004,126.80000000000001,2,5,6,3,2,0.3333333333333333,0.5917101219242153
CHEMBL223915,CHEMBL223915,O=C([C@@H]1C[C@H](Nc2ccc(Cl)cc2)CN1)N1CCSC1,,7.34,1,7.34,7.34,IC50,B,cell-free format,other,9,D,2007,,311.8380000000001,2.0153,44.370000000000005,2,4,3,3,1,0.5,0.8961988246431235
CHEMBL169179,CHEMBL169179,N[C@H](C(=O)N1CCCC1)[C@@H]1CC[C@@H](NS(=O)(=O)c2ccc(S(N)(=O)=O)cc2)C1,,7.34,1,7.34,7.34,IC50,B,single protein format,single_protein,8,H,2004,,430.5520000000002,-0.2692999999999979,152.66,3,6,6,3,1,0.5882352941176471,0.5646800884221196
CHEMBL2069839,CHEMBL2069839,N[C@@H](CC(=O)N1CCN(C(=O)c2ccc(F)cc2)CC1)Cc1cc(F)c(F)cc1F,,7.34,1,7.34,7.34,IC50,B,single protein format,single_protein,9,D,2012,,423.4100000000002,2.4875000000000007,66.64000000000001,1,3,5,3,2,0.3333333333333333,0.5937435471614506
CHEMBL3084944,CHEMBL3084944,N[C@H](C(=O)N1CCCC1)[C@H]1CC[C@H](NC(=O)c2cccc3ccccc23)CC1,,7.34,1,7.34,7.34,IC50,B,single protein format,single_protein,8,H,2004,,379.50400000000013,3.078100000000002,75.43,2,3,4,4,2,0.4782608695652174,0.8571669256759782
CHEMBL401378,CHEMBL401378,Cc1cc(CN2C[C@H](N)[C@H](C(=O)C3CCC[C@H]3C#N)C2)ccc1-n1cncn1,,7.34,1,7.34,7.34,IC50,B,single protein format,single_protein,9,D,2007,,378.4800000000001,1.8437999999999994,100.83000000000001,1,6,5,4,2,0.5238095238095238,0.8519501200830898
CHEMBL3093899,CHEMBL3093899,N#C[C@@H]1CCCN1C(=O)[C@@H](N)Cc1ccccc1C(F)(F)F,,7.34,1,7.34,7.34,IC50,B,assay format,other,9,D,2013,,311.307,2.0897799999999993,70.12,1,3,3,2,1,0.4666666666666667,0.9289684093137368
CHEMBL527198,CHEMBL527198,C[C@@H](c1nc(-c2ccc(S(C)(=O)=O)cc2Cl)no1)[C@H](N)Cc1cc(F)c(F)cc1F,,7.34,1,7.34,7.34,IC50,B,single protein format,single_protein,8,H,2008,,459.8770000000001,3.8843000000000023,99.08,1,6,6,3,3,0.2631578947368421,0.5614053920574968
CHEMBL1683984,CHEMBL1739389,N[C@@H](CC(=O)N1CCn2nnc(-c3ccc(F)cc3)c2C1)Cc1cc(F)c(F)cc1F,,7.34,1,7.34,7.34,IC50,B,single protein format,single_protein,9,D,2011,,433.40900000000016,2.8038000000000007,77.04,1,4,5,4,3,0.2857142857142857,0.49602051023634736
CHEMBL1082348,CHEMBL1198810,CO[C@H]1C[C@H]2C[C@H](NCC(=O)N3CCC[C@H]3C#N)C[C@H]2C1,,7.33,1,7.33,7.33,IC50,B,single protein format,single_protein,8,H,2010,,291.39500000000004,1.2941799999999999,65.36,1,4,4,3,0,0.875,0.8475397496714797
CHEMBL1683999,CHEMBL1739488,N[C@@H](CC(=O)N1CCn2nnc(-c3ccsc3)c2C1)Cc1cc(F)c(F)cc1F,,7.33,1,7.33,7.33,IC50,B,single protein format,single_protein,9,D,2011,,421.4480000000002,2.7262000000000004,77.04,1,5,5,4,3,0.3157894736842105,0.6430127215415131
CHEMBL1683559,CHEMBL1683559,N[C@H]1CN(c2cc(-c3cc(F)c(F)cc3F)ncn2)C[C@@H]1N1CCCCC1=O,,7.33,1,7.33,7.33,IC50,B,single protein format,single_protein,9,D,2011,,391.3970000000002,2.0893,75.35,1,5,3,4,2,0.42105263157894735,0.8113387714323683
CHEMBL232759,CHEMBL232759,CC(C)(CO)NCC(=O)N1CCC[C@H]1C(=O)c1nnc(C(C)(C)C)o1,,7.33,1,7.33,7.33,IC50,B,single protein format,single_protein,9,D,2007,,352.4350000000001,0.9013000000000002,108.56,2,7,6,2,1,0.7647058823529411,0.7322484921597711
CHEMBL236714,CHEMBL236714,COc1cccc(-c2cc(N3C[C@H](c4cc(F)c(F)cc4F)[C@@H](N)C3)ncn2)c1,,7.33,1,7.33,7.33,IC50,B,single protein format,single_protein,9,D,2007,,400.40400000000005,3.5006000000000013,64.27000000000001,1,5,4,4,3,0.23809523809523808,0.6794574248923666
CHEMBL1683988,CHEMBL1739443,COC(=O)c1cccc(-c2nnn3c2CN(C(=O)C[C@H](N)Cc2cc(F)c(F)cc2F)CC3)c1,,7.33,1,7.33,7.33,IC50,B,single protein format,single_protein,9,D,2011,,473.45500000000027,2.4513000000000007,103.33999999999999,1,6,6,4,3,0.30434782608695654,0.43587644901707306
CHEMBL4762199,CHEMBL4762199,CC#CCn1c(N2CCC[C@@H](N)C2)nc2c1c(=O)n(CCCN1CCC(n3cc(-c4ccccc4)nn3)CC1)c(=O)n2C,,7.33,1,7.33,7.33,IC50,B,single protein format,single_protein,9,D,2020,,584.7290000000002,1.8332000000000015,125.03,1,8,8,6,4,0.5161290322580645,0.3112569058059565
CHEMBL1683985,CHEMBL1739322,N[C@@H](CC(=O)N1CCn2nnc(-c3ccc(Cl)cc3)c2C1)Cc1cc(F)c(F)cc1F,,7.33,1,7.33,7.33,IC50,B,single protein format,single_protein,9,D,2011,,449.8640000000002,3.318100000000002,77.04,1,4,5,4,3,0.2857142857142857,0.6061410908016662
CHEMBL353840,CHEMBL353840,N[C@H](C(=O)N1CCSC1)[C@H]1CC[C@H](NC(=O)c2cccc3ccccc23)C1,,7.33,1,7.33,7.33,IC50,B,single protein format,single_protein,8,H,2004,,383.5170000000001,2.5985000000000005,75.43,2,4,4,4,2,0.42857142857142855,0.8509746342830848
CHEMBL192116,CHEMBL192116,COc1cc2c(cc1OC)C(C(C)C)N(C(=O)C[C@H](N)C(=O)N1CCC[C@H]1C#N)CC2,,7.33,1,7.33,7.33,IC50,B,single protein format,single_protein,8,H,2005,,428.5330000000003,2.0175799999999997,108.89000000000001,1,6,6,3,1,0.6086956521739131,0.7424562029213478
CHEMBL37536,CHEMBL37536,NCc1c(N)nc(-c2ccccc2F)nc1-c1ccc(Cl)cc1Cl,,7.33,1,7.33,7.33,IC50,F,assay format,other,8,H,2004,,363.22300000000007,4.297400000000001,77.82000000000001,2,4,3,3,3,0.058823529411764705,0.7274763747870578
CHEMBL560123,CHEMBL560123,N[C@@H](CC(=O)N1CCC[C@H]1CNC(=O)c1ccccn1)Cc1ccccc1F,,7.33,1,7.33,7.33,IC50,B,single protein format,single_protein,8,H,2009,,384.4550000000001,1.9016000000000006,88.32000000000001,2,4,7,3,2,0.38095238095238093,0.763197320549078
CHEMBL558253,CHEMBL1196816,N[C@H]1Cn2c(nc3c(F)cc(F)cc32)C[C@@H]1c1cc(F)c(F)cc1F,,7.33,1,7.33,7.33,IC50,B,single protein format,single_protein,9,D,2009,,353.29400000000004,3.399000000000002,43.84,1,2,1,4,3,0.23529411764705882,0.5383189319262298
CHEMBL550801,CHEMBL1194308,N[C@H]1Cn2c(nc3ccc(C(F)(F)F)cc32)C[C@@H]1c1cc(F)c(F)cc1F,,7.33,1,7.33,7.33,IC50,B,single protein format,single_protein,9,D,2009,,385.311,4.139600000000002,43.84,1,2,1,4,3,0.2777777777777778,0.5055392278930573
CHEMBL249825,CHEMBL249825,N[C@H]1CN(C(=O)c2cc3ccccc3cn2)C[C@H]1C(=O)N1CCCC1,,7.33,1,7.33,7.33,IC50,B,single protein format,single_protein,9,D,2007,,338.4110000000002,1.256499999999999,79.52999999999999,1,4,2,4,2,0.42105263157894735,0.8938522050525445
CHEMBL2346925,CHEMBL2346925,CC#CCn1c(N2CCC[C@@H](N)C2)nc2ccn(Cc3ccnc4ccccc34)c2c1=O,,7.32,1,7.32,7.32,IC50,B,single protein format,single_protein,9,D,2013,,426.5240000000002,2.7453000000000003,81.97,1,5,4,5,4,0.32,0.5076500543598084
CHEMBL395213,CHEMBL1185173,N[C@H](C(=O)N1CC[C@H](F)C1)C1CCC(NS(=O)(=O)c2ccc(F)cc2F)CC1,,7.32,1,7.32,7.32,IC50,B,cell-based format,cell_based,9,D,2007,,419.46900000000016,1.6995999999999991,92.5,2,4,5,3,1,0.6111111111111112,0.7599455018752552
CHEMBL2063036,CHEMBL2063036,O=C([C@@H]1C[C@@H](O)CN1)N1C[C@H](O)C[C@H]1B(O)O,,7.32,1,7.32,7.32,IC50,B,cell-based format,cell_based,9,D,2012,,244.056,-3.3169999999999975,113.26,5,6,2,2,0,0.8888888888888888,0.32482645777479163
CHEMBL2425073,CHEMBL2425073,N[C@H]1C[C@@H](N2Cc3cn[nH]c3C2)CO[C@@H]1c1cc(F)c(Cl)cc1F,,7.32,1,7.32,7.32,IC50,B,single protein format,single_protein,9,D,2013,,354.788,2.514400000000001,67.17,2,4,2,4,2,0.4375,0.8131921501874531
CHEMBL2069846,CHEMBL2069846,CN1CCN(c2ccc(C(=O)N3CCN(C(=O)C[C@H](N)Cc4cc(F)c(F)cc4F)CC3)cc2)CC1,,7.32,1,7.32,7.32,IC50,B,single protein format,single_protein,9,D,2012,,503.56900000000024,2.1002,73.12,1,5,6,4,2,0.46153846153846156,0.611747159750436
CHEMBL4867117,CHEMBL4867117,CC#CCn1c(N2CCC[C@@H](N)C2)cc(=O)n(Cc2cccc(C(=O)N3CCC[C@@H]3C(=O)OC)c2)c1=O,,7.32,1,7.32,7.32,IC50,B,single protein format,single_protein,9,D,2021,,507.59100000000035,0.7867000000000024,119.87,1,7,6,4,2,0.48148148148148145,0.45339213287260866
CHEMBL379702,CHEMBL1184947,CN(C)C(=O)[C@@H](c1ccc(-c2ccc3nccn3n2)cc1)[C@H](N)C(=O)N1CC[C@H](F)C1,,7.32,2,6.75,7.89,IC50,B,single protein format,single_protein,9,D,2006,,424.4800000000002,1.4658,96.83,1,5,5,4,3,0.36363636363636365,0.6690414608626287
CHEMBL1202091,CHEMBL1615543,CC(C)N1CCN(CCNCC(=O)N2CCC[C@@H]2C#N)C1=O,,7.32,1,7.32,7.32,IC50,B,single protein format,single_protein,9,D,2009,,307.398,0.23658000000000157,79.68,1,4,6,2,0,0.8,0.7128026462488926
CHEMBL22310,CHEMBL22310,N[C@H](C(=O)N1CC[C@H](F)C1)[C@H]1CC[C@H](NS(=O)(=O)c2ccc(F)cc2F)CC1,,7.32,1,7.32,7.32,IC50,B,single protein format,single_protein,8,H,2004,,419.46900000000016,1.6995999999999991,92.5,2,4,5,3,1,0.6111111111111112,0.7599455018752552
CHEMBL203379,CHEMBL1181979,C[C@@H](c1ccc(-c2ccc(=O)n(C)c2)cc1)[C@H](N)C(=O)N1CCCC1,,7.32,1,7.32,7.32,IC50,B,single protein format,single_protein,9,D,2006,,339.4390000000002,2.1054999999999997,68.33,1,3,4,3,2,0.4,0.9274454405578593
CHEMBL391331,CHEMBL391331,O=C([C@@H]1C[C@H](N2CCCCC2)CN1)N1CCSC1,,7.32,1,7.32,7.32,IC50,B,cell-free format,other,9,D,2007,,269.414,0.7357000000000002,35.580000000000005,1,4,2,3,0,0.9230769230769231,0.8017776151508849
CHEMBL471956,CHEMBL471956,N#C[C@@H]1C[C@H](F)CN1C(=O)CN[C@H]1[C@@H]2CN(c3ccc(Cl)cn3)C[C@@H]21,,7.31,1,7.31,7.31,IC50,B,cell-free format,other,9,D,2008,,363.8240000000001,1.22178,72.26,1,5,4,4,1,0.5882352941176471,0.8705206272621402
CHEMBL201424,CHEMBL201424,CC(C)(CC(=O)N1CCc2ccccc2C1)NCC(=O)N1CCC[C@H]1C#N,,7.31,1,7.31,7.31,IC50,B,single protein format,single_protein,9,D,2006,,368.4810000000002,1.84418,76.44,1,4,5,3,1,0.5714285714285714,0.8604266692684204
CHEMBL5177166,CHEMBL5177166,NC(CCOc1ccc(S(N)(=O)=O)cc1)C1COc2ccccc2O1,,7.31,1,7.31,7.31,IC50,B,single protein format,single_protein,9,D,2022,,364.4230000000001,1.2702000000000009,113.87,2,6,6,3,2,0.29411764705882354,0.7978029237595654
CHEMBL4635433,CHEMBL4635433,N[C@H]1C[C@@H](N2CCC(F)(F)C2)[C@@H](C(F)(F)F)O[C@@H]1c1cc(F)ccc1F,,7.31,1,7.31,7.31,IC50,B,single protein format,single_protein,9,D,2020,,386.31100000000004,3.394000000000002,38.489999999999995,1,3,2,3,1,0.625,0.7923742609759513
CHEMBL1779696,CHEMBL1779696,N#Cc1ccccc1CN1CCN(C(=O)C[C@H](N)Cc2cc(F)c(F)cc2F)CC1=O,,7.31,1,7.31,7.31,IC50,B,single protein format,single_protein,9,D,2011,,430.4300000000001,2.1064800000000004,90.43,1,4,6,3,2,0.3181818181818182,0.7111006360405969
CHEMBL1809263,CHEMBL1809263,CC(C)Cc1nc2ccc(OCC(N)=O)cc2c(-c2cccc(F)c2)c1CN,,7.31,1,7.31,7.31,IC50,B,cell-based format,cell_based,9,D,2011,,381.4510000000001,3.5622000000000007,91.23,2,4,7,3,3,0.2727272727272727,0.6545443004623376
CHEMBL203736,CHEMBL1181984,C[C@@H](c1ccc(-c2cc(F)c(=O)n(C)c2)cc1)[C@H](N)C(=O)N1CC[C@H](F)C1,,7.31,1,7.31,7.31,IC50,B,single protein format,single_protein,9,D,2006,,375.41900000000015,2.1925999999999997,68.33,1,3,4,3,2,0.4,0.8907929835440298
CHEMBL210407,CHEMBL210407,CN(C[C@H]1CC[C@@H](C(=O)N2CCC[C@H]2C#N)N1)c1ccccc1,,7.31,1,7.31,7.31,Ki,B,single protein format,single_protein,9,D,2006,,312.417,1.757979999999999,59.370000000000005,1,4,4,3,1,0.5555555555555556,0.920157916655915
CHEMBL550862,CHEMBL550862,N[C@@H](CC(=O)N1CCC[C@H]1CNC(=O)c1ccccc1F)Cc1ccccc1F,,7.31,1,7.31,7.31,IC50,B,single protein format,single_protein,8,H,2009,,401.4570000000001,2.6457000000000006,75.43,2,3,7,3,2,0.36363636363636365,0.7490478224379911
CHEMBL236057,CHEMBL236057,N[C@H](C(=O)N1CCCC1)C12CC3CC(CC(O)(C3)C1)C2,,7.31,1,7.31,7.31,Ki,B,single protein format,single_protein,9,D,2007,,278.396,1.2673999999999987,66.56,2,3,2,5,0,0.9375,0.7990994017547635
CHEMBL4205581,CHEMBL4205581,N#Cc1ccccc1Cc1c(Cl)nc2ccnn2c1N1CCC[C@@H](N)C1,,7.31,1,7.31,7.31,IC50,B,single protein format,single_protein,9,D,2018,,366.8560000000002,2.7726800000000003,83.24000000000001,1,5,3,4,3,0.3157894736842105,0.7204409318876472
CHEMBL249826,CHEMBL249826,N[C@H]1CN(C(=O)c2cnc3ccccc3c2)C[C@H]1C(=O)N1CCCC1,,7.31,1,7.31,7.31,IC50,B,single protein format,single_protein,9,D,2007,,338.4110000000002,1.256499999999999,79.52999999999999,1,4,2,4,2,0.42105263157894735,0.8938522050525445
CHEMBL217032,CHEMBL217032,CC(C)C[C@H](N)C(=O)N1[C@H](C)CC[C@H]1C#N,,7.31,1,7.31,7.31,Ki,B,cell-based format,cell_based,9,D,2006,,223.31999999999996,1.26288,70.12,1,3,3,1,0,0.8333333333333334,0.7827471939311708
CHEMBL271694,CHEMBL271694,N[C@H](C(=O)N1CCC[C@H]1C(=O)c1nc2ccccc2s1)C1CCCCC1,,7.3,1,7.3,7.3,IC50,B,single protein format,single_protein,9,D,2008,,371.50600000000026,3.377600000000002,76.29,1,5,4,4,2,0.55,0.8361128156104134
CHEMBL250393,CHEMBL250393,N[C@H]1CN(Cc2ccc(-n3cnnn3)cc2)C[C@H]1C(=O)N1CCCC1,,7.3,1,7.3,7.3,IC50,B,single protein format,single_protein,9,D,2007,,341.41900000000015,0.04379999999999984,93.17,1,6,4,4,2,0.5294117647058824,0.8441870848004702
CHEMBL2069854,CHEMBL2069854,N[C@@H](CC(=O)N1CCN(C(=O)c2cc3ccccc3s2)CC1)Cc1cc(F)c(F)cc1F,,7.3,1,7.3,7.3,IC50,B,single protein format,single_protein,9,D,2012,,461.50900000000024,3.563100000000003,66.64000000000001,1,4,5,4,3,0.30434782608695654,0.5911843577074232
CHEMBL429757,CHEMBL1185722,CCS(=O)(=O)c1ccc(-c2noc(C(C)[C@H](N)C(F)=C3CCCC3)n2)c(Cl)c1,,7.3,1,7.3,7.3,IC50,B,assay format,other,9,D,2008,,427.9290000000002,4.4120000000000035,99.08,1,6,6,3,2,0.47368421052631576,0.7323676784430656
CHEMBL3127985,CHEMBL3127985,N#C[C@@H]1C[C@H](F)CN1C(=O)[C@@H](N)Cc1csc2ccccc12,,7.3,1,7.3,7.3,IC50,B,assay format,other,9,D,2014,,317.389,2.2336800000000006,70.12,1,4,3,3,2,0.375,0.9435208332703524
CHEMBL208964,CHEMBL208964,O=C([C@@H]1CN[C@H](C(=O)N2CCCC2)C1)N1Cc2ccc(Cl)cc2C1,,7.3,1,7.3,7.3,IC50,B,single protein format,single_protein,9,D,2006,,347.84600000000006,1.7827,52.650000000000006,1,3,2,4,1,0.5555555555555556,0.8869605515398197
CHEMBL1082464,CHEMBL1082464,CC(C)(CC(=O)N1CC[C@H](O)C1)NCC(=O)N1C[C@@H](F)C[C@H]1C#N,,7.3,1,7.3,7.3,IC50,B,single protein format,single_protein,8,H,2010,,340.39900000000006,-0.19951999999999837,96.67000000000002,2,5,5,2,0,0.8125,0.7224703535483951
CHEMBL3330060,CHEMBL3330060,N#C[C@@H]1C[C@H](F)CN1C(=O)C[C@H](N)Cc1cc(F)c(F)cc1F,,7.3,1,7.3,7.3,IC50,B,assay format,other,9,D,2014,,329.29699999999997,1.8263800000000003,70.12,1,3,4,2,1,0.4666666666666667,0.676631360699562
CHEMBL429982,CHEMBL429982,COc1cc2c(cc1OC)[C@@H]1C[C@@H](N)[C@@H](c3cccc(Cl)c3)CN1CC2,,7.3,1,7.3,7.3,IC50,B,single protein format,single_protein,9,D,2007,,372.89600000000013,3.771200000000002,47.720000000000006,1,4,3,4,2,0.42857142857142855,0.8904409111469535
CHEMBL475654,CHEMBL1186738,N[C@@H](CC(=O)N1CCCN(C(=O)c2cccc(C(=O)O)c2)CC1)Cc1cc(F)c(F)cc1F,,7.3,1,7.3,7.3,IC50,B,single protein format,single_protein,8,H,2008,,463.45600000000024,2.4367,103.94000000000001,2,4,6,3,2,0.34782608695652173,0.6408311423360681
CHEMBL3127989,CHEMBL3127989,N#C[C@@H]1C[C@H](F)CN1C(=O)[C@@H](N)Cc1csc(-c2ccc(Cl)cc2)n1,,7.3,1,7.3,7.3,IC50,B,assay format,other,9,D,2014,,378.86000000000007,2.7958800000000013,83.01,1,5,4,3,2,0.35294117647058826,0.886237409555096
CHEMBL3127990,CHEMBL3127990,N#C[C@@H]1C[C@H](F)CN1C(=O)[C@@H](N)Cc1csc(-c2ccc(C(F)(F)F)cc2)n1,,7.3,1,7.3,7.3,IC50,B,assay format,other,9,D,2014,,412.41200000000003,3.1612800000000014,83.01,1,5,4,3,2,0.3888888888888889,0.78237483290454
CHEMBL1209767,CHEMBL1209767,Cc1nc2nc(N3CCCC3)nn2c(-c2ccc(Cl)cc2Cl)c1CN,,7.3,1,7.3,7.3,Ki,B,single protein format,single_protein,9,D,2010,,377.27900000000017,3.4654200000000017,72.34,1,5,3,4,3,0.35294117647058826,0.7568895767546119
CHEMBL4071607,CHEMBL4116956,Cc1nc(-c2nnc3n2[C@@H]2CCN(C(=O)C[C@H](N)Cc4cc(F)c(F)cc4F)C[C@@H]2CC3)cs1,,7.3,1,7.3,7.3,IC50,B,cell-based format,cell_based,9,D,2017,,490.55500000000023,3.4232200000000024,89.93,1,6,5,5,3,0.4782608695652174,0.553843139627042
CHEMBL5280469,CHEMBL5280469,N#C[C@@H]1C[C@H](F)CN1C(=O)[C@@H](N)Cc1cc(Cl)c(Cl)cc1Cl,,7.3,1,7.3,7.3,IC50,B,single protein format,single_protein,9,D,2021,,364.6350000000001,2.9791800000000013,70.12,1,3,3,2,1,0.42857142857142855,0.8382783788449011
CHEMBL2069834,CHEMBL2069834,N#Cc1ccccc1N1CCN(C(=O)C[C@H](N)Cc2cc(F)c(F)cc2F)CC1,,7.3,1,7.3,7.3,IC50,B,single protein format,single_protein,9,D,2012,,402.4200000000001,2.5842800000000006,73.36,1,4,5,3,2,0.3333333333333333,0.7806258832994217
CHEMBL2206485,CHEMBL2206485,COc1cccc(-c2nnc(C3(NC(=O)C[C@H](N)Cc4cc(F)c(F)cc4F)CCS(=O)(=O)CC3)o2)c1,,7.3,1,7.3,7.3,IC50,B,single protein format,single_protein,9,D,2012,,538.5480000000003,2.6427000000000014,137.41000000000003,2,8,8,4,3,0.375,0.41783168193116765
CHEMBL1082716,CHEMBL1082716,N#C[C@@H]1CCCN1C(=O)CN[C@@H]1C[C@@H]2CN(C(=O)N3CCOCC3)C[C@@H]2C1,,7.3,1,7.3,7.3,IC50,B,single protein format,single_protein,8,H,2010,,375.4730000000003,0.2531800000000015,88.91,1,5,3,4,0,0.8421052631578947,0.7640401961505008
CHEMBL1683505,CHEMBL1739539,CCOC(=O)C(Nc1ccc(CNC(=O)C2SCCN2C(=O)C[C@H](N)Cc2cc(F)c(F)cc2F)cc1)C(C)C,,7.3,1,7.3,7.3,IC50,B,single protein format,single_protein,9,D,2011,,580.6730000000003,3.5813000000000024,113.76,3,7,12,3,2,0.4642857142857143,0.25986350678791154
CHEMBL257653,CHEMBL257653,Cn1cnc2cc(Br)c(-c3ccccc3Cl)c(CN)c21,,7.3,1,7.3,7.3,IC50,B,single protein format,single_protein,9,D,2008,,350.64700000000016,4.114900000000002,43.84,1,2,2,3,3,0.13333333333333333,0.7554666174274963
CHEMBL1209540,CHEMBL1209540,Cc1ccccc1-c1cc2nc(C)c(CN)c(-c3ccc(Cl)cc3Cl)n2n1,,7.3,1,7.3,7.3,Ki,B,single protein format,single_protein,9,D,2010,,397.3090000000001,5.445640000000003,56.209999999999994,1,3,3,4,4,0.14285714285714285,0.5005093624601819
CHEMBL1209765,CHEMBL1209765,CCN(C)c1nc2nc(C)c(CN)c(-c3ccc(Cl)cc3Cl)n2n1,,7.3,1,7.3,7.3,Ki,B,single protein format,single_protein,9,D,2010,,365.26800000000003,3.321320000000001,72.34,1,5,4,3,3,0.3125,0.7679767937651307
CHEMBL549502,CHEMBL1194267,N[C@H]1Cn2c(nc3ccncc32)C[C@@H]1c1cc(F)c(F)cc1F,,7.29,1,7.29,7.29,IC50,B,single protein format,single_protein,9,D,2009,,318.30199999999996,2.5158000000000005,56.730000000000004,1,3,1,4,3,0.25,0.7015293100016102
CHEMBL1683488,CHEMBL1739391,N[C@@H](CC(=O)N1CCSC1C(=O)NCc1ccc(OCC(=O)O)cc1)Cc1cc(F)c(F)cc1F,,7.29,1,7.29,7.29,IC50,B,single protein format,single_protein,9,D,2011,,511.5220000000003,2.0451,121.96000000000002,3,6,10,3,2,0.34782608695652173,0.41756805068858127
CHEMBL236923,CHEMBL236923,N[C@H]1CN(c2cc(-c3ccc(F)cc3)ncn2)C[C@@H]1c1cc(F)c(F)cc1F,,7.29,1,7.29,7.29,IC50,B,single protein format,single_protein,9,D,2007,,388.36800000000005,3.6311000000000027,55.04,1,4,3,4,3,0.2,0.5500111805758934
CHEMBL406219,CHEMBL406219,CCN(CC#N)C(=O)[C@@H]1C[C@H](C(=O)NCc2ccccc2)[C@H](C)N1,,7.29,1,7.29,7.29,IC50,B,single protein format,single_protein,9,D,2008,,328.416,1.0414799999999995,85.23,2,4,6,2,1,0.5,0.7642737159838421
CHEMBL1779697,CHEMBL1779697,N[C@@H](CC(=O)N1CCN(Cc2ccccc2C(F)(F)F)C(=O)C1)Cc1cc(F)c(F)cc1F,,7.29,1,7.29,7.29,IC50,B,single protein format,single_protein,9,D,2011,,473.4170000000002,3.2536000000000023,66.64000000000001,1,3,6,3,2,0.36363636363636365,0.5176500022207372
CHEMBL473419,CHEMBL473419,O=C([C@@H]1C[C@H](N2CCN(c3ncccn3)CC2)CN1)N1CC[C@@H](F)C1,,7.29,1,7.29,7.29,IC50,B,single protein format,single_protein,9,D,2009,,348.4260000000001,-0.10049999999999892,64.60000000000001,1,6,3,4,1,0.7058823529411765,0.8230454569468567
CHEMBL1683979,CHEMBL1739384,N[C@@H](CC(=O)N1CCn2nnc(C(F)(F)F)c2C1)Cc1cc(F)c(F)cc1F,,7.29,1,7.29,7.29,IC50,B,single protein format,single_protein,9,D,2011,,407.3180000000001,2.0164999999999997,77.04,1,4,4,3,2,0.4375,0.6216377742511342
CHEMBL4465448,CHEMBL4465448,CC#CCn1c(N2CCC[C@@H](N)C2)nc2c1c(=O)n(Cc1c(Cl)cccc1C(=O)OC)c(=O)n2C,,7.29,1,7.29,7.29,IC50,B,cell-based format,cell_based,9,D,2019,,498.97100000000023,1.3357999999999999,117.38000000000002,1,7,5,4,3,0.4166666666666667,0.4163187689715104
CHEMBL369738,CHEMBL369738,N[C@@H](CC(=O)N1CCNC[C@H]1Cc1ccccc1)Cc1cc(F)ccc1F,,7.29,1,7.29,7.29,IC50,B,single protein format,single_protein,8,H,2004,,373.4470000000001,2.2678000000000003,58.36000000000001,2,3,6,3,2,0.38095238095238093,0.8167533107347881
CHEMBL411561,CHEMBL411561,COc1ccc(N[C@@H]2CN[C@H](C(=O)N3CCSC3)C2)cc1,,7.29,1,7.29,7.29,IC50,B,cell-free format,other,9,D,2007,,307.41900000000004,1.3704999999999996,53.6,2,5,4,3,1,0.5333333333333333,0.8798204666387991
CHEMBL471960,CHEMBL471960,N#Cc1ccccc1N1C[C@@H]2[C@H](C1)[C@H]2NCC(=O)N1C[C@@H](F)C[C@H]1C#N,,7.29,1,7.29,7.29,IC50,B,cell-free format,other,9,D,2008,,353.40100000000007,1.0450599999999997,83.16,1,5,4,4,1,0.5263157894736842,0.8746341373763247
CHEMBL395696,CHEMBL1185176,COc1ccc(C(=O)N(C)C2CCC([C@H](C)[C@H](N)C(=O)N3CC[C@H](F)C3)CC2)cc1,,7.29,2,7.01,7.57,IC50,B,cell-based format;single protein format,mixed,9,D,2007,,419.5410000000002,2.859800000000001,75.86999999999999,1,4,6,3,1,0.6521739130434783,0.7693539305064354
CHEMBL1909987,CHEMBL1909987,Cc1nc2c(c(-c3ccc(Cl)cc3Cl)c1CN)CN(Cc1ccccc1)C2,,7.29,1,7.29,7.29,Ki,B,single protein format,single_protein,8,H,2011,,398.33700000000016,5.338320000000004,42.15,1,3,4,4,3,0.22727272727272727,0.6453182288197951
CHEMBL1683144,CHEMBL1683144,N[C@H](Cc1cc(F)ccc1F)C1CCN(C2CCCC(C(=O)O)C2)CC1,,7.29,1,7.29,7.29,IC50,B,single protein format,single_protein,8,H,2011,,366.45200000000017,3.1900000000000013,66.56,2,3,5,3,1,0.65,0.8398976079811327
CHEMBL2147066,CHEMBL2220119,CC(C)=CCn1c(N2CCC[C@@H](N)C2)nc2c3cc(C(=O)O)ccc3n(C)c(=O)c21,,7.29,1,7.29,7.29,IC50,B,single protein format,single_protein,9,D,2012,,409.4900000000002,2.480100000000001,106.38,2,5,4,4,3,0.4090909090909091,0.6414128519698715
CHEMBL96593,CHEMBL96593,N#C[C@@H]1CCCN1C(=O)CNC1CCCCCCC1,,7.28,1,7.28,7.28,IC50,B,assay format,other,8,H,2003,,263.385,2.203479999999999,56.13,1,3,3,2,0,0.8666666666666667,0.8489932081442303
CHEMBL3215633,CHEMBL1852295,CNC(=O)COc1ccc2nc(CC(C)C)c(CN)c(-c3ccc(C)cc3)c2c1,,7.28,1,7.28,7.28,IC50,B,cell-based format,cell_based,9,D,2011,,391.5150000000001,3.9922200000000023,77.24,2,4,7,3,3,0.3333333333333333,0.6383195739847332
CHEMBL2063031,CHEMBL2063031,CC(C)(C)[C@H](N)C(=O)N1C[C@@H](O)C[C@H]1B(O)O,,7.28,1,7.28,7.28,IC50,B,cell-based format,cell_based,9,D,2012,,244.1,-1.6663999999999977,107.02000000000001,4,5,2,1,0,0.9,0.43451160448719633
CHEMBL3215611,CHEMBL1739114,Cc1ccc(-c2c(CC(=O)N3CCC(S(C)(=O)=O)C3)c(C)nc(CC(C)C)c2CN)cc1,,7.28,1,7.28,7.28,IC50,B,cell-based format,cell_based,9,D,2011,,457.6400000000003,3.2106400000000015,93.36,1,5,7,3,2,0.52,0.6890636434372972
CHEMBL563772,CHEMBL1197247,CC[C@H](C)[C@@]1(N)C[C@@H]2SC[C@@H](C#N)N2C1=O,,7.28,1,7.28,7.28,IC50,B,single protein format,single_protein,9,D,2009,,239.344,0.9273800000000002,70.12,1,4,2,2,0,0.8181818181818182,0.7778632807586257
CHEMBL1683982,CHEMBL1739387,CN(C)C(=O)c1nnn2c1CN(C(=O)C[C@H](N)Cc1cc(F)c(F)cc1F)CC2,,7.28,1,7.28,7.28,IC50,B,single protein format,single_protein,9,D,2011,,410.4000000000001,0.6994999999999995,97.35000000000001,1,5,5,3,2,0.4444444444444444,0.7322539854278953
CHEMBL5424840,CHEMBL5424840,Nc1nc(NC2=NC(c3ccccc3)=CC(c3ccccc3Cl)O2)nc(N2CCOCC2)n1,,7.28,1,7.28,7.28,IC50,B,single protein format,single_protein,9,D,2023,,463.9290000000003,3.524300000000001,110.78,2,9,4,5,3,0.21739130434782608,0.6041755435599193
CHEMBL563155,CHEMBL1197223,N[C@H]1Cn2c(nc3ccc(OC(F)(F)F)cc32)C[C@@H]1c1cc(F)c(F)cc1F,,7.28,1,7.28,7.28,IC50,B,single protein format,single_protein,9,D,2009,,401.31,4.019400000000002,53.07000000000001,1,3,2,4,3,0.2777777777777778,0.5214529848815652
CHEMBL375442,CHEMBL1184875,CS(=O)(=O)c1ccc(-c2noc([C@@H](CC3CC3)[C@H](N)C(=O)N3CC[C@H](F)C3)n2)cc1,,7.28,1,7.28,7.28,IC50,B,single protein format,single_protein,8,H,2006,,436.5090000000002,1.9214999999999998,119.38999999999999,1,7,7,4,2,0.55,0.7040505298498629
CHEMBL2346930,CHEMBL2346930,CC#CCn1c(N2CCC[C@@H](N)C2)nc2ccn(Cc3ccc4cc(C)ccc4n3)c2c1=O,,7.28,1,7.28,7.28,IC50,B,single protein format,single_protein,9,D,2013,,440.5510000000003,3.053720000000001,81.97,1,5,4,5,4,0.34615384615384615,0.49345015728345093
CHEMBL549842,CHEMBL549842,N[C@@H](CC(=O)N1CCC[C@H]1CNS(=O)(=O)c1ccccc1F)Cc1ccccc1F,,7.28,1,7.28,7.28,IC50,B,single protein format,single_protein,8,H,2009,,437.5120000000001,2.1942000000000004,92.5,2,4,8,3,2,0.38095238095238093,0.6622868569905805
CHEMBL2069838,CHEMBL2069838,N[C@@H](CC(=O)N1CCN(C(=O)c2ccccc2)CC1)Cc1cc(F)c(F)cc1F,,7.28,1,7.28,7.28,IC50,B,single protein format,single_protein,9,D,2012,,405.4200000000002,2.3484000000000007,66.64000000000001,1,3,5,3,2,0.3333333333333333,0.7769907928901326
CHEMBL372342,CHEMBL372342,COc1ccc(CS(=O)(=O)C(C)(C)[C@H](N)C(=O)N2C[C@@H](F)C[C@H]2C#N)cc1,,7.28,1,7.28,7.28,Ki,B,single protein format,single_protein,9,D,2005,,397.4720000000001,1.1784800000000002,113.49000000000001,1,6,6,2,1,0.5555555555555556,0.7710133662265455
CHEMBL233136,CHEMBL233136,Cc1nnc(C(=O)[C@@H]2C[C@H](F)CN2C(=O)CNC23CC4CC(CC(C4)C2)C3)o1,,7.28,1,7.28,7.28,IC50,B,single protein format,single_protein,9,D,2007,,390.45900000000023,2.0581199999999997,88.33,1,6,5,6,1,0.8,0.7745264377309486
CHEMBL560729,CHEMBL1197142,CN(C)C(=O)c1ccc2c(c1)nc1n2C[C@H](N)[C@@H](c2cc(F)c(F)cc2F)C1,,7.28,1,7.28,7.28,IC50,B,single protein format,single_protein,9,D,2009,,388.39300000000003,2.8226000000000004,64.15,1,3,2,4,3,0.3,0.6869705488737871
CHEMBL257852,CHEMBL257852,Cn1c(=O)[nH]c2ccc(-c3ccccc3Cl)c(CN)c21,,7.28,1,7.28,7.28,IC50,B,single protein format,single_protein,9,D,2008,,287.75000000000006,2.6456999999999997,63.81,2,2,2,3,3,0.13333333333333333,0.7609222836635865
CHEMBL22359,CHEMBL22359,N[C@H](C(=O)N1CCSC1)[C@H]1CC[C@H](NC(=O)c2ccc(F)c(F)c2)CC1,,7.28,1,7.28,7.28,IC50,B,single protein format,single_protein,8,H,2004,,383.4640000000001,2.1136,75.43,2,4,4,3,1,0.5555555555555556,0.835147370221623
CHEMBL425039,CHEMBL1185650,Cc1cc(=O)n(C)cc1-c1ccc([C@H](C)[C@H](N)C(=O)N2CC[C@H](F)C2)cc1,,7.28,1,7.28,7.28,IC50,B,single protein format,single_protein,9,D,2006,,371.45600000000013,2.3619199999999996,68.33,1,3,4,3,2,0.42857142857142855,0.8971083589895275
CHEMBL37687,CHEMBL37687,NCc1c(N)nc(-c2ccc(Cl)cc2)nc1-c1ccc(Cl)cc1Cl,,7.28,1,7.28,7.28,IC50,F,assay format,other,8,H,2004,,379.6780000000001,4.811700000000002,77.82000000000001,2,4,3,3,3,0.058823529411764705,0.6841476049598355
CHEMBL255864,CHEMBL255864,CC#CCn1c(N2CCCC(N)C2)nc2c(OC)nn(Cc3cccc4ccccc34)c(=O)c21,,7.28,1,7.28,7.28,IC50,B,cell-based format,cell_based,9,D,2008,,456.5500000000002,2.7539000000000007,91.19999999999999,1,6,5,5,4,0.34615384615384615,0.46458217723960044
CHEMBL3804994,CHEMBL3804994,Cc1ccnc2c3c(nn12)CN([C@H]1CC[C@H](c2cc(F)c(F)cc2F)[C@@H](N)C1)C3,,7.27,1,7.27,7.27,IC50,B,single protein format,single_protein,9,D,2016,,401.43600000000015,3.4342200000000016,59.45,1,4,2,5,3,0.42857142857142855,0.6687032125942505
CHEMBL2147084,CHEMBL2220050,Cn1c(=O)c2c(nc(N3CCC[C@@H](N)C3)n2Cc2ccccc2Cl)c2c(C(=O)O)cccc21,,7.27,1,7.27,7.27,IC50,B,single protein format,single_protein,9,D,2012,,465.9410000000001,3.215600000000001,106.38000000000001,2,5,4,5,4,0.2916666666666667,0.4790039698443739
CHEMBL425585,CHEMBL425585,C[C@@H](CC(=O)N1CCc2ccccc2C1)NCC(=O)N1CCC[C@H]1C#N,,7.27,1,7.27,7.27,IC50,B,single protein format,single_protein,9,D,2006,,354.4540000000002,1.4540799999999996,76.44,1,4,5,3,1,0.55,0.8683487356010573
CHEMBL514617,CHEMBL514617,CC(C)(CC(=O)N[C@H]1C[C@@H]1c1ccc(F)cc1)NCC(=O)N1CCC[C@H]1C#N,,7.27,1,7.27,7.27,IC50,B,single protein format,single_protein,9,D,2009,,386.4710000000003,2.0706799999999994,85.23,2,4,7,3,1,0.5714285714285714,0.7512924666704109
CHEMBL3697948,CHEMBL3697948,CS(=O)(=O)N1C[C@@H](N2Cc3cn(S(C)(=O)=O)nc3C2)C[C@H](N)C1c1cc(F)ccc1F,,7.27,1,7.27,7.27,IC50,B,assay format,other,9,D,2014,,475.54300000000023,0.3871000000000012,118.6,1,7,4,4,2,0.5,0.6794269094057587
CHEMBL379144,CHEMBL379144,N#C[C@@H]1CCCN1C(=O)[C@@H]1CC[C@@H](COc2ccc(Br)cc2)N1,,7.27,1,7.27,7.27,Ki,B,single protein format,single_protein,9,D,2006,,378.27,2.4630799999999997,65.36,1,4,4,3,1,0.5294117647058824,0.874422719649609
CHEMBL366049,CHEMBL1184741,NC(CC(=O)N1CCC[C@H]1C(=O)NCc1ccc(C(=O)O)cc1)Cc1ccccc1F,,7.27,1,7.27,7.27,IC50,B,single protein format,single_protein,9,D,2004,,427.47600000000017,2.0912,112.73,3,4,8,3,2,0.34782608695652173,0.597185544738285
CHEMBL1779693,CHEMBL1779693,N[C@@H](CC(=O)N1CCN(Cc2ccccc2)C(=O)C1)Cc1cc(F)c(F)cc1F,,7.27,1,7.27,7.27,IC50,B,single protein format,single_protein,9,D,2011,,405.4200000000002,2.2348,66.64000000000001,1,3,6,3,2,0.3333333333333333,0.7499639370461095
CHEMBL23660,CHEMBL23660,N[C@H](C(=O)N1CC[C@H](F)C1)[C@H]1CC[C@H](NC(=O)c2ccc(F)c(F)c2)CC1,,7.27,1,7.27,7.27,IC50,B,single protein format,single_protein,8,H,2004,,383.4140000000001,2.1510999999999996,75.43,2,3,4,3,1,0.5789473684210527,0.8366750908498328
CHEMBL389537,CHEMBL1185103,N[C@H]1CN(c2ccc3ccccc3n2)CC[C@@H]1c1cc(F)c(F)cc1F,,7.27,1,7.27,7.27,IC50,B,single protein format,single_protein,8,H,2007,,357.379,3.9733000000000027,42.15,1,3,2,4,3,0.25,0.7058235447150456
CHEMBL2069844,CHEMBL2069844,N[C@@H](CC(=O)N1CCN(C(=O)c2ccc(C(=O)O)cc2)CC1)Cc1cc(F)c(F)cc1F,,7.27,1,7.27,7.27,IC50,B,single protein format,single_protein,9,D,2012,,449.4290000000002,2.0466000000000006,103.94000000000001,2,4,6,3,2,0.3181818181818182,0.6573324344896536
CHEMBL1202082,CHEMBL1615546,CCCCN1CCN(CCNCC(=O)N2CCC[C@@H]2C#N)C1=O,,7.27,1,7.27,7.27,IC50,B,single protein format,single_protein,9,D,2009,,321.425,0.6282800000000011,79.68,1,4,8,2,0,0.8125,0.6650353781832117
CHEMBL1683143,CHEMBL1683143,COC(=O)C1CCCC(N2CCC([C@H](N)Cc3cc(F)ccc3F)CC2)C1,,7.27,1,7.27,7.27,IC50,B,single protein format,single_protein,8,H,2011,,380.4790000000001,3.278400000000002,55.56,1,4,5,3,1,0.6666666666666666,0.7968235334336942
CHEMBL23110,CHEMBL23110,N[C@H](C(=O)N1CCC(F)(F)C1)[C@H]1CC[C@H](NC(=O)c2ccc(F)c(F)c2)CC1,,7.26,1,7.26,7.26,IC50,B,single protein format,single_protein,8,H,2004,,401.4040000000001,2.4483000000000006,75.43,2,3,4,3,1,0.5789473684210527,0.7614235813205353
CHEMBL6057630,CHEMBL6057630,COc1cc2ccc3c(c2cc1OC)CC(N)C(c1ccc(Cl)cc1Cl)O3,,7.26,1,7.26,7.26,IC50,B,cell-based format,cell_based,9,D,2019,,404.2930000000001,5.167300000000004,53.71000000000001,1,4,3,4,3,0.23809523809523808,0.6547744203901937
CHEMBL3686739,CHEMBL3686739,O=C(CNC12CC3CC(CC(O)(C3)C1)C2)N1CCC[C@H]1B(O)O,,7.26,2,7.14,7.38,IC50,B,single protein format,single_protein,9,D,2015,,322.214,-0.3373000000000005,93.03,4,5,4,5,0,0.9375,0.5317141786694722
CHEMBL3084955,CHEMBL3084955,N[C@H](C(=O)N1CCSC1)[C@H]1CC[C@H](NC(=O)Nc2ccc(OC(F)(F)F)cc2)CC1,,7.26,1,7.26,7.26,IC50,B,single protein format,single_protein,8,H,2004,,446.4950000000001,3.125700000000001,96.69000000000001,3,5,5,3,1,0.5789473684210527,0.6459027158736458
CHEMBL1683091,CHEMBL1683091,Cc1noc(C)c1S(=O)(=O)N(C)[C@H]1CC[C@H]([C@H](N)Cc2cc(F)ccc2F)CC1,,7.26,1,7.26,7.26,IC50,B,single protein format,single_protein,8,H,2011,,427.51700000000017,3.3189400000000013,89.43,1,5,6,3,2,0.55,0.7639159264334143
CHEMBL507719,CHEMBL507719,Cc1noc(C(=O)C[C@H](N)Cc2cc(F)ccc2F)n1,,7.26,1,7.26,7.26,IC50,B,single protein format,single_protein,8,H,2008,,281.26199999999994,1.7990199999999998,82.01,1,5,5,2,2,0.3076923076923077,0.8449381778429113
CHEMBL2206484,CHEMBL2206484,N[C@@H](CC(=O)NC1(c2nnc(-c3cccc(F)c3)o2)CCS(=O)(=O)CC1)Cc1cc(F)c(F)cc1F,,7.26,1,7.26,7.26,IC50,B,single protein format,single_protein,9,D,2012,,526.5120000000004,2.773200000000001,128.18,2,7,7,4,3,0.34782608695652173,0.3579379826378682
CHEMBL3216749,CHEMBL1852264,Cc1ccc(-c2c(CN)c(CC(C)C)nc3ccc(C(N)=O)cc23)cc1,,7.26,1,7.26,7.26,IC50,B,cell-based format,cell_based,9,D,2011,,347.4620000000001,3.9663200000000023,82.0,2,3,5,3,3,0.2727272727272727,0.7325382516286738
CHEMBL238190,CHEMBL238190,CN(C)C(=O)[C@@H]([C@H]1CC[C@H](c2ccc(F)cc2)CC1)[C@H](N)C(=O)N1CCC(F)(F)C1,,7.25,2,6.54,7.96,IC50,B,single protein format,single_protein,9,D,2007,,425.49500000000023,2.998800000000001,66.64,1,3,5,3,1,0.6363636363636364,0.7888128791138294
CHEMBL2147077,CHEMBL2220196,Cn1c(=O)c2c(nc(N3CCC[C@@H](N)C3)n2Cc2ccccc2Cl)c2cc(F)ccc21,,7.25,1,7.25,7.25,IC50,B,single protein format,single_protein,9,D,2012,,439.922,3.656500000000002,69.08000000000001,1,4,3,5,4,0.30434782608695654,0.528652403975689
CHEMBL474768,CHEMBL474768,CC(C)(CC(=O)N[C@@H]1C[C@H]1c1cccc(Cl)c1)NCC(=O)N1CCC[C@H]1C#N,,7.25,1,7.25,7.25,IC50,B,single protein format,single_protein,9,D,2009,,402.9260000000003,2.5849800000000007,85.23,2,4,7,3,1,0.5714285714285714,0.7335888425698254
CHEMBL195755,CHEMBL1181906,C[C@@H](c1ccc(-c2cccc(C(=O)O)c2)cc1)[C@H](N)C(=O)N1CC[C@H](F)C1,,7.25,1,7.25,7.25,IC50,B,single protein format,single_protein,8,H,2005,,370.42400000000015,3.053000000000001,83.62999999999998,2,3,5,3,2,0.3333333333333333,0.8472945262253848
CHEMBL2069842,CHEMBL2069842,N[C@@H](CC(=O)N1CCN(C(=O)c2ccc(C(F)(F)F)cc2)CC1)Cc1cc(F)c(F)cc1F,,7.25,1,7.25,7.25,IC50,B,single protein format,single_protein,9,D,2012,,473.4170000000002,3.367200000000003,66.64000000000001,1,3,5,3,2,0.36363636363636365,0.5351874900019526
CHEMBL2425076,CHEMBL2425076,N[C@H]1C[C@H](N2Cc3cn[nH]c3C2)CO[C@@H]1c1cc(F)ccc1F,,7.25,1,7.25,7.25,IC50,B,single protein format,single_protein,9,D,2013,,320.343,1.8609999999999998,67.17,2,4,2,4,2,0.4375,0.8862493719457855
CHEMBL1683496,CHEMBL1739347,CC(C)(Oc1ccc(CNC(=O)C2SCCN2C(=O)C[C@H](N)Cc2cc(F)c(F)cc2F)cc1)C(=O)O,,7.25,1,7.25,7.25,IC50,B,single protein format,single_protein,9,D,2011,,539.5760000000002,2.8237000000000005,121.96,3,6,10,3,2,0.4,0.39714195096921884
CHEMBL5826806,CHEMBL5826806,COc1cc2ccc3c(c2cc1OC)CC(N)C(c1ccc(F)cc1F)O3,,7.25,1,7.25,7.25,IC50,B,cell-based format,cell_based,9,D,2019,,371.38300000000004,4.138700000000003,53.71000000000001,1,4,3,4,3,0.23809523809523808,0.7519069492722972
CHEMBL549645,CHEMBL1194269,CS(=O)(=O)c1ccc2nc3n(c2c1)C[C@H](N)[C@@H](c1cc(F)c(F)cc1F)C3,,7.25,1,7.25,7.25,IC50,B,single protein format,single_protein,9,D,2009,,395.4060000000001,2.524300000000001,77.98,1,4,2,4,3,0.2777777777777778,0.6767094540327532
CHEMBL23891,CHEMBL23891,N[C@H](C(=O)N1CC[C@H](F)C1)[C@H]1CC[C@H](NC(=O)OCc2ccccc2)CC1,,7.25,1,7.25,7.25,IC50,B,single protein format,single_protein,8,H,2004,,377.46000000000015,2.3693,84.66000000000001,2,4,5,3,1,0.6,0.8250460653840018
CHEMBL395166,CHEMBL395166,CC(C)(C)NCC(=O)N1CCC[C@H]1C(=O)c1nnc(C(C)(C)C)o1,,7.25,1,7.25,7.25,IC50,B,single protein format,single_protein,9,D,2007,,336.4360000000001,1.9288999999999996,88.33,1,6,4,2,1,0.7647058823529411,0.8453227357981073
CHEMBL237281,CHEMBL237281,CC(C)=CCn1c(N2CCCC(N)C2)nc2c1c(=O)n(CCc1ccccc1)c(=O)n2C,,7.25,1,7.25,7.25,IC50,B,cell-based format,cell_based,9,D,2007,,436.56000000000023,2.0330999999999997,91.08000000000001,1,5,6,4,3,0.4583333333333333,0.5973130420869571
CHEMBL261460,CHEMBL261460,C[C@@H]1N[C@H](C(=O)N(CC#N)C2CC2)C[C@@H]1C(=O)N(C)C,,7.25,1,7.25,7.25,IC50,B,single protein format,single_protein,9,D,2008,,278.356,-0.04421999999999926,76.44,1,4,4,2,0,0.7857142857142857,0.7318820212537924
CHEMBL191486,CHEMBL1181772,CN(C)C(=O)[C@@H](c1ccc(-c2cc(F)ccc2F)cc1)[C@H](N)C(=O)N1CC[C@H](F)C1,,7.25,1,7.25,7.25,IC50,B,single protein format,single_protein,8,H,2005,,419.4470000000002,2.7013000000000007,66.64,1,3,5,3,2,0.36363636363636365,0.8105596087000421
CHEMBL560583,CHEMBL1197137,CC[C@@]1(N)C[C@@H]2SC[C@@H](C#N)N2C1=O,,7.25,1,7.25,7.25,IC50,B,single protein format,single_protein,9,D,2009,,211.28999999999996,0.29128000000000004,70.12,1,4,1,2,0,0.7777777777777778,0.6765396131875935
CHEMBL2069845,CHEMBL2069845,N[C@@H](CC(=O)N1CCN(C(=O)c2cccc(C(=O)O)c2)CC1)Cc1cc(F)c(F)cc1F,,7.25,1,7.25,7.25,IC50,B,single protein format,single_protein,9,D,2012,,449.4290000000002,2.0466000000000006,103.94000000000001,2,4,6,3,2,0.3181818181818182,0.6573324344896536
CHEMBL198031,CHEMBL198031,CC(C)(SCCc1ccccc1)[C@H](N)C(=O)N1C[C@@H](F)C[C@H]1C#N,,7.25,1,7.25,7.25,Ki,B,single protein format,single_protein,9,D,2005,,349.47500000000014,2.53078,70.12,1,4,6,2,1,0.5555555555555556,0.8566730280363405
CHEMBL4530011,CHEMBL4530011,CC#CCn1c(N2CCC[C@@H](N)C2)cc(=O)n(Cc2ccccc2CC(=O)OC)c1=O,,7.25,1,7.25,7.25,IC50,B,cell-based format,cell_based,9,D,2019,,424.5010000000002,0.7246000000000008,99.56,1,6,6,3,2,0.43478260869565216,0.5420560015762479
CHEMBL1683119,CHEMBL1683119,NC(=O)C1CCCN([C@H]2CC[C@H]([C@H](N)Cc3cc(F)ccc3F)CC2)C1,,7.24,1,7.24,7.24,IC50,B,single protein format,single_protein,8,H,2011,,365.46800000000013,2.5907,72.35000000000001,2,3,5,3,1,0.65,0.8423978404669566
CHEMBL391048,CHEMBL391048,N[C@H]1CN(c2cc(-c3ccccc3F)ncn2)C[C@@H]1c1cc(F)c(F)cc1F,,7.24,1,7.24,7.24,IC50,B,single protein format,single_protein,9,D,2007,,388.36800000000005,3.6311000000000027,55.04,1,4,3,4,3,0.2,0.5500111805758934
CHEMBL2069850,CHEMBL2069850,N[C@@H](CC(=O)N1CCN(C(=O)c2ccccn2)CC1)Cc1cc(F)c(F)cc1F,,7.24,1,7.24,7.24,IC50,B,single protein format,single_protein,9,D,2012,,406.4080000000002,1.7434000000000005,79.53000000000002,1,4,5,3,2,0.35,0.7676183817202099
CHEMBL391332,CHEMBL391332,CN1CCN([C@@H]2CN[C@H](C(=O)N3CCSC3)C2)CC1,,7.24,1,7.24,7.24,IC50,B,cell-free format,other,9,D,2007,,284.42900000000003,-0.5027999999999981,38.82,1,5,2,3,0,0.9230769230769231,0.7398943520476259
CHEMBL3644794,CHEMBL3644794,N[C@@H](CC(=O)N1CCc2c(nc(-c3ccc(F)cc3)nc2C(F)(F)F)C1)CN1C(=O)CCC(F)(F)[C@H]1O,,7.24,1,7.24,7.24,IC50,B,single protein format,single_protein,9,D,2013,,531.4570000000003,2.4797000000000016,112.65000000000002,2,6,5,4,2,0.4782608695652174,0.573828684259103
CHEMBL2069860,CHEMBL2069860,N[C@@H](CC(=O)N1CCN(C(=O)c2ncc(F)cc2F)CC1)Cc1cc(F)c(F)cc1F,,7.24,1,7.24,7.24,IC50,B,single protein format,single_protein,9,D,2012,,442.3880000000002,2.0216000000000003,79.53000000000002,1,4,5,3,2,0.35,0.5678590683624737
CHEMBL230340,CHEMBL1182329,N[C@H]1CN(c2ccccn2)CC[C@@H]1c1cc(F)c(F)cc1F,,7.24,1,7.24,7.24,IC50,B,single protein format,single_protein,8,H,2007,,307.31899999999996,2.820100000000001,42.15,1,3,2,3,2,0.3125,0.8676135377172798
CHEMBL1650436,CHEMBL1650436,Cn1c(=O)c(Cl)c(N2CCC[C@@H](N)C2)n(Cc2ccccc2C#N)c1=O,,7.24,1,7.24,7.24,IC50,B,single protein format,single_protein,9,D,2011,,373.84400000000005,1.0478799999999997,97.05000000000001,1,5,3,3,2,0.3888888888888889,0.8667827990015166
CHEMBL1161918,CHEMBL1161918,COc1ccc2nc(N3CCCC(N)C3)n(Cc3ccccc3C(F)(F)F)c2c1F,,7.24,1,7.24,7.24,Ki,B,single protein format,single_protein,9,D,2006,,422.426,4.178600000000003,56.309999999999995,1,4,4,4,3,0.38095238095238093,0.6413154523040908
CHEMBL283309,CHEMBL283309,N[C@H](C(=O)N1CC[C@@H](F)C1)[C@H]1CC[C@H](NS(=O)(=O)c2ccc(F)cc2F)CC1,,7.24,1,7.24,7.24,IC50,B,single protein format,single_protein,8,H,2004,,419.46900000000016,1.6995999999999991,92.5,2,4,5,3,1,0.6111111111111112,0.7599455018752552
CHEMBL1809264,CHEMBL1809264,Cc1cccc(-c2c(CN)c(CC(C)C)nc3ccc(OCC(N)=O)cc23)c1,,7.24,1,7.24,7.24,IC50,B,cell-based format,cell_based,9,D,2011,,377.48800000000017,3.7315200000000024,91.22999999999999,2,4,7,3,3,0.30434782608695654,0.6561718688614542
CHEMBL3216477,CHEMBL1739448,CCCCc1nc(C)c(C(=O)O)c(-c2ccc(C)cc2)c1CN,,7.24,1,7.24,7.24,IC50,B,cell-based format,cell_based,9,D,2011,,312.41300000000007,3.8649400000000016,76.21,2,3,6,2,2,0.3684210526315789,0.8487578030080416
CHEMBL3350930,CHEMBL3350930,C=CC(C)(C)[C@H](N)C(=O)N1[C@H](C#N)C[C@@H]2C[C@@H]21,,7.24,1,7.24,7.24,Ki,B,single protein format,single_protein,9,D,2005,,233.31499999999997,1.0388799999999998,70.12,1,3,3,2,0,0.6923076923076923,0.7403157277794218
CHEMBL3216937,CHEMBL1739440,CCCc1nc(C)c(C(=O)O)c(-c2ccc(C)cc2)c1CN,,7.24,1,7.24,7.24,IC50,B,cell-based format,cell_based,9,D,2011,,298.3860000000001,3.4748400000000013,76.21,2,3,5,2,2,0.3333333333333333,0.8857660735387588
CHEMBL256172,CHEMBL1182620,CC(c1nc(-c2ccc(NS(C)(=O)=O)cc2Cl)no1)[C@H](N)C(F)=C1CCCC1,,7.24,1,7.24,7.24,IC50,B,assay format,other,9,D,2008,,428.91700000000026,3.9899000000000022,111.11,2,6,6,3,2,0.4444444444444444,0.7190444850770524
CHEMBL196267,CHEMBL196267,O=C(CNC1CCCCCCCCC1)N1CCC[C@H]1B(O)O,,7.24,1,7.24,7.24,IC50,B,single protein format,single_protein,9,D,2005,,310.2469999999999,1.4720999999999997,72.80000000000001,3,4,4,2,0,0.9375,0.6877084171098933
CHEMBL2159179,CHEMBL2159179,COc1ccccc1-c1c(CN)c(N)nc2c1c(=O)n(C)c(=O)n2C,,7.24,1,7.24,7.24,IC50,B,single protein format,single_protein,8,H,2012,,341.37100000000004,0.34869999999999984,118.16,2,6,3,3,3,0.23529411764705882,0.709466424358304
CHEMBL4086264,CHEMBL4086264,CC[C@H](N[C@@H](CCc1ccccc1)C(=O)O)C(=O)N1C[C@@H](NC(=O)C[C@H](N)Cc2cc(F)c(F)cc2F)C[C@H]1C(=O)O,,7.24,1,7.24,7.24,IC50,B,single protein format,single_protein,9,D,2017,,592.6150000000002,1.988300000000002,162.06,5,6,14,3,2,0.4482758620689655,0.20818630456325013
CHEMBL271444,CHEMBL271444,CCc1nsc(N2CCN(C(=O)[C@@H]3CN[C@H](C(=O)N4CCCC4)C3)CC2)n1,,7.234999999999999,2,7.04,7.43,IC50,B,cell-free format;single protein format,mixed,9,D,2008,,392.52900000000034,0.349600000000001,81.67,1,7,4,4,1,0.7777777777777778,0.7963559057407856
CHEMBL364939,CHEMBL1184706,CCN(CC)C(=O)[C@@H](c1ccc(-c2ccc(F)cc2)cc1)[C@H](N)C(=O)N1CC[C@H](F)C1,,7.23,1,7.23,7.23,IC50,B,single protein format,single_protein,8,H,2005,,429.5110000000002,3.3424000000000005,66.64,1,3,7,3,2,0.4166666666666667,0.7341901779932587
CHEMBL1683567,CHEMBL1683567,N[C@H]1CN(c2ncnc(-c3ccccc3)n2)C[C@@H]1N1CCCCC1=O,,7.23,1,7.23,7.23,IC50,B,single protein format,single_protein,9,D,2011,,338.41500000000025,1.0669999999999995,88.24000000000001,1,6,3,4,2,0.4444444444444444,0.9004242554167823
CHEMBL2063032,CHEMBL2063032,CC(C)(C)[C@H](N)C(=O)N1C[C@H](O)C[C@H]1B(O)O,,7.23,1,7.23,7.23,IC50,B,cell-based format,cell_based,9,D,2012,,244.1,-1.6663999999999977,107.02000000000001,4,5,2,1,0,0.9,0.43451160448719633
CHEMBL560985,CHEMBL1197150,N#C[C@@H]1CS[C@H]2C[C@](N)(C3CCCCC3)C(=O)N12,,7.23,1,7.23,7.23,IC50,B,single protein format,single_protein,9,D,2009,,265.3819999999999,1.4615800000000003,70.11999999999999,1,4,1,3,0,0.8461538461538461,0.7789912130845298
CHEMBL4740282,CHEMBL4740282,CC#CCn1c(N2CCC[C@@H](N)C2)nc2c1c(=O)n(CCCN1CCN(c3nc(-c4ccccc4)cs3)CC1)c(=O)n2C,,7.23,1,7.23,7.23,IC50,B,single protein format,single_protein,9,D,2020,,601.7810000000001,2.183300000000001,110.45000000000002,1,9,8,6,4,0.4838709677419355,0.30631916109854107
CHEMBL243230,CHEMBL243230,N[C@@H](CC(=O)N1CCn2c(nnc2C(F)(F)F)C1)Cc1cccc(Cl)c1,,7.23,1,7.23,7.23,IC50,B,single protein format,single_protein,9,D,2007,,387.7930000000001,2.2525999999999993,77.04,1,4,4,3,2,0.4375,0.8725474082150706
CHEMBL399499,CHEMBL399499,N[C@@H](CC(=O)N1CCn2nc(C(F)(F)F)nc2C1)Cc1cc(F)c(F)cc1F,,7.23,1,7.23,7.23,IC50,B,single protein format,single_protein,8,H,2007,,407.3180000000001,2.0164999999999997,77.04,1,4,4,3,2,0.4375,0.6216377742511342
CHEMBL2206478,CHEMBL2206478,COc1ccccc1-c1csc(C2(NC(=O)C[C@H](N)Cc3cc(F)c(F)cc3F)CCS(=O)(=O)CC2)n1,,7.23,1,7.23,7.23,IC50,B,single protein format,single_protein,9,D,2012,,553.628,3.7162000000000024,111.37999999999998,2,7,8,4,3,0.36,0.4116475622153601
CHEMBL481288,CHEMBL481288,N#Cc1ccc(N2C[C@@H]3[C@H](C2)[C@H]3NCC(=O)N2C[C@@H](F)C[C@H]2C#N)c(C(F)(F)F)c1,,7.23,1,7.23,7.23,IC50,B,cell-free format,other,9,D,2008,,421.3980000000001,2.06386,83.16,1,5,4,4,1,0.55,0.752994014458416
CHEMBL1082654,CHEMBL1198817,CCO[C@H]1C[C@H]2C[C@@H](NCC(=O)N3CCC[C@H]3C#N)C[C@H]2C1,,7.23,1,7.23,7.23,IC50,B,single protein format,single_protein,8,H,2010,,305.422,1.6842799999999998,65.36,1,4,5,3,0,0.8823529411764706,0.8391551477110624
CHEMBL195173,CHEMBL1181885,C[C@@H](c1ccc(-c2ccc(F)c(F)c2)cc1)[C@H](N)C(=O)N1CC[C@H](F)C1,,7.22,1,7.22,7.22,IC50,B,single protein format,single_protein,8,H,2005,,362.39500000000015,3.633000000000002,46.330000000000005,1,2,4,3,2,0.35,0.9027778761267318
CHEMBL2206474,CHEMBL2206474,N[C@@H](CC(=O)NC1(c2nc(-c3ccccc3)cs2)CCS(=O)(=O)CC1)Cc1ccccc1F,,7.22,1,7.22,7.22,IC50,B,single protein format,single_protein,9,D,2012,,487.62200000000036,3.429400000000002,102.15,2,6,7,4,3,0.3333333333333333,0.531663498404076
CHEMBL1951425,CHEMBL1951425,CC#CCn1c(N2CCC[C@@H](N)C2)c(C#N)c2ncn(CC(=O)c3cccc(OC)c3)c(=O)c21,,7.22,1,7.22,7.22,IC50,B,single protein format,single_protein,9,D,2012,,458.5220000000003,1.9119799999999991,119.17000000000002,1,7,6,4,3,0.36,0.44260910110675705
CHEMBL4524414,CHEMBL4524414,O=C(CCCCCO[N+](=O)[O-])N[C@@H](CC(=O)N1CCn2c(nnc2C(F)(F)F)C1)Cc1cc(F)c(F)cc1F,,7.22,1,7.22,7.22,IC50,B,single protein format,single_protein,9,D,2018,,566.4590000000003,2.942700000000001,132.48999999999998,1,7,12,3,2,0.5454545454545454,0.13738747027851622
CHEMBL63406,CHEMBL63406,CC(C)(C)[C@H](N)C(=O)N1CCC[C@H]1B(O)O,,7.22,1,7.22,7.22,IC50,B,single protein format,single_protein,8,H,1996,,228.10099999999997,-0.637199999999999,86.79,3,4,2,1,0,0.9,0.5486066188807968
CHEMBL2346928,CHEMBL2346928,CC#CCn1c(N2CCC[C@@H](N)C2)nc2ccn(Cc3ccc4cc(Cl)ccc4n3)c2c1=O,,7.22,1,7.22,7.22,IC50,B,single protein format,single_protein,9,D,2013,,460.9690000000003,3.3987000000000016,81.97,1,5,4,5,4,0.32,0.47187750173803694
CHEMBL3093915,CHEMBL3093915,N#C[C@@H]1C[C@H](F)CN1C(=O)[C@@H](N)Cc1cc(F)cc(F)c1F,,7.22,1,7.22,7.22,IC50,B,assay format,other,9,D,2013,,315.27,1.4362800000000002,70.12,1,3,3,2,1,0.42857142857142855,0.6775758531786845
CHEMBL4649110,CHEMBL4649110,CCS(=O)(=O)n1cc2c(n1)CN([C@@H]1C[C@H](N)[C@@H](c3cc(F)ccc3F)O[C@@H]1C(F)(F)F)C2,,7.22,1,7.22,7.22,IC50,B,single protein format,single_protein,9,D,2020,,480.4590000000001,2.4631000000000007,90.45,1,6,4,4,2,0.5263157894736842,0.6766883219684937
CHEMBL1202088,CHEMBL1616110,N#C[C@H]1CCCN1C(=O)CNCCN1CCN(c2cccc(F)c2)C1=O,,7.22,1,7.22,7.22,IC50,B,single protein format,single_protein,9,D,2009,,359.40500000000003,1.1718799999999998,79.68,1,4,6,3,1,0.5,0.7735814974612677
CHEMBL233472,CHEMBL233472,N[C@@H](CC(=O)N1CCn2c(nnc2-c2ccc(F)cc2)C1)Cc1cc(F)ccc1F,,7.22,1,7.22,7.22,IC50,B,single protein format,single_protein,9,D,2007,,415.41900000000015,2.6647000000000007,77.04,1,4,5,4,3,0.2857142857142857,0.6952203963873121
CHEMBL2147078,CHEMBL2220219,Cn1c(=O)c2c(nc(N3CCC[C@@H](N)C3)n2Cc2ccccc2Cl)c2cc(OC(F)F)ccc21,,7.22,1,7.22,7.22,IC50,B,single protein format,single_protein,9,D,2012,,487.93800000000005,4.118800000000003,78.31000000000002,1,5,5,5,4,0.3333333333333333,0.45796098373690614
CHEMBL1951436,CHEMBL1951436,N#Cc1c(N2CCCNCC2)n(Cc2ccccc2)c2c(=O)n(Cc3nccc4ccccc34)cnc12,,7.22,1,7.22,7.22,IC50,B,single protein format,single_protein,9,D,2012,,489.58300000000025,3.5141800000000014,91.77000000000001,1,6,5,6,5,0.2413793103448276,0.40627741400173406
CHEMBL4090906,CHEMBL4117677,N[C@@H](CC(=O)N1CC[C@@H]2[C@@H](CCc3nnc(-c4cnccn4)n32)C1)Cc1cc(F)c(F)cc1F,,7.22,1,7.22,7.22,IC50,B,cell-based format,cell_based,9,D,2017,,471.48700000000014,2.4482999999999997,102.82000000000002,1,6,5,5,3,0.43478260869565216,0.5737698755105746
CHEMBL260701,CHEMBL260701,C#CCN(CC#N)C(=O)[C@@H]1C[C@H](C(=O)N(C)C)[C@H](C)N1,,7.22,1,7.22,7.22,IC50,B,single protein format,single_protein,9,D,2008,,276.34,-0.5734199999999983,76.44,1,4,4,1,0,0.6428571428571429,0.5507492151818416
CHEMBL397242,CHEMBL397242,CC[C@@H]1C(=O)NC[C@@H](C)CN1C(=O)C[C@H](N)Cc1cc(F)c(F)cc1F,,7.22,1,7.22,7.22,IC50,B,single protein format,single_protein,8,H,2007,,371.40299999999996,1.7369,75.43,2,3,5,2,1,0.5555555555555556,0.7744654393119162
CHEMBL473973,CHEMBL473973,CC(C)(CC(=O)N[C@H]1C[C@@H]1c1cccc(C(F)(F)F)c1)NCC(=O)N1CCC[C@H]1C#N,,7.22,1,7.22,7.22,IC50,B,single protein format,single_protein,9,D,2009,,436.47800000000024,2.950380000000002,85.23,2,4,7,3,1,0.5909090909090909,0.6883772890293218
CHEMBL536312,CHEMBL1188421,N[C@@H](CC(=O)N1CCn2c(nnc2C(F)(F)F)C1Cc1cc(C(F)(F)F)cc(C(F)(F)F)c1)Cc1cc(F)c(F)cc1F,,7.215,2,6.23,8.2,IC50,B,single protein format,single_protein,8,H,2008,,633.4370000000002,5.837900000000003,77.04,1,4,6,4,3,0.4,0.27372231521003093
CHEMBL372180,CHEMBL372180,CCCCCC12CCC(NCC(=O)N3CCC[C@H]3B(O)O)(CC1)CC2,,7.21,1,7.21,7.21,IC50,B,single protein format,single_protein,9,D,2005,,350.3120000000001,2.2523,72.80000000000001,3,4,8,4,0,0.9473684210526315,0.46378764589170984
CHEMBL256266,CHEMBL256266,Cn1nnc2ccc(-c3ccccc3Cl)c(CN)c21,,7.21,1,7.21,7.21,IC50,B,single protein format,single_protein,9,D,2008,,272.73900000000003,2.7474,56.730000000000004,1,3,2,3,3,0.14285714285714285,0.7803489963867193
CHEMBL255552,CHEMBL255552,Cn1cnc2ccc(-c3ccc(Cl)cc3Cl)c(CN)c21,,7.21,1,7.21,7.21,IC50,B,single protein format,single_protein,9,D,2008,,306.1960000000001,4.0058000000000025,43.84,1,2,2,3,3,0.13333333333333333,0.7772739180329489
CHEMBL3084823,CHEMBL3084823,N#C[C@@H]1CCCN1C(=O)CN[C@]12C[C@H]3C[C@@H](C1)C[C@](OC(=O)Nc1ccccc1)(C3)C2,,7.21,1,7.21,7.21,IC50,B,assay format,other,8,H,2003,,422.52900000000017,3.4306800000000006,94.46000000000001,2,5,5,6,1,0.625,0.7581296489481427
CHEMBL1090,CHEMBL1090,Nc1ncnc2c1ncn2[C@@H]1O[C@H](CO)[C@@H](O)[C@@H]1O,VIDARABINE,7.21,1,7.21,7.21,IC50,B,cell-based format,cell_based,9,D,2010,4,267.245,-1.9800000000000006,139.54000000000002,4,8,2,3,2,0.5,0.49051986767922323
CHEMBL248837,CHEMBL248837,N[C@H]1CN(C(=O)c2cc3ccccc3s2)C[C@H]1C(=O)N1CCCC1,,7.21,1,7.21,7.21,IC50,B,single protein format,single_protein,9,D,2007,,343.4520000000002,1.9229999999999994,66.64,1,4,2,4,2,0.4444444444444444,0.905874871597966
CHEMBL196179,CHEMBL196179,N[C@H](C(=O)N1CC(F)C(F)C1)C1CCCCC1,,7.21,1,7.21,7.21,Ki,B,single protein format,single_protein,9,D,2005,,246.30099999999993,1.4123999999999994,46.330000000000005,1,2,2,2,0,0.9166666666666666,0.8004942734361112
CHEMBL424687,CHEMBL1185643,C[C@@H](c1ccc(-c2cn(C)c(=O)cc2F)cc1)[C@H](N)C(=O)N1CC[C@H](F)C1,,7.21,1,7.21,7.21,IC50,B,single protein format,single_protein,9,D,2006,,375.41900000000015,2.1925999999999997,68.33,1,3,4,3,2,0.4,0.8907929835440298
CHEMBL565613,CHEMBL565613,N[C@@H](CCN1CCC[C@H]1c1ncn(-c2ccccc2)n1)Cc1ccccc1F,,7.21,1,7.21,7.21,IC50,B,assay format,other,9,D,2009,,379.4830000000001,3.503400000000002,59.97,1,4,7,4,3,0.36363636363636365,0.6825190502939996
CHEMBL472977,CHEMBL472977,CC(C)(CC(=O)N[C@H]1C[C@@H]1c1ccc(F)c(F)c1)NCC(=O)N1CCC[C@H]1C#N,,7.21,1,7.21,7.21,IC50,B,single protein format,single_protein,9,D,2009,,404.46100000000024,2.2097800000000003,85.23,2,4,7,3,1,0.5714285714285714,0.7297776070315328
CHEMBL591982,CHEMBL591982,CCc1cccc([C@H]2CN3CCc4cc(OC)c(OC)cc4[C@@H]3CC2N)c1,,7.21,1,7.21,7.21,IC50,B,single protein format,single_protein,8,H,2010,,366.50500000000005,3.680200000000002,47.72,1,4,4,4,2,0.4782608695652174,0.8966732208933069
CHEMBL386654,CHEMBL386654,C#C[C@H]1CC[C@@H](C#N)N1C(=O)CNC12CC3CC(CC(O)(C3)C1)C2,,7.21,1,7.21,7.21,Ki,B,cell-based format,cell_based,9,D,2006,,327.42800000000017,1.1760799999999991,76.36,2,4,3,5,0,0.7894736842105263,0.7632484487550445
CHEMBL426106,CHEMBL426106,CC(C)(SCc1ccc(C(F)(F)F)cc1)[C@H](N)C(=O)N1C[C@@H](F)C[C@H]1C#N,,7.2,1,7.2,7.2,Ki,B,single protein format,single_protein,9,D,2005,,403.44500000000016,3.507080000000002,70.12,1,4,5,2,1,0.5555555555555556,0.764220351934881
CHEMBL561263,CHEMBL1197158,CC(C)C[C@@]1(N)C[C@@H]2SC[C@@H](C#N)N2C1=O,,7.2,1,7.2,7.2,IC50,B,single protein format,single_protein,9,D,2009,,239.344,0.9273800000000002,70.12,1,4,2,2,0,0.8181818181818182,0.7778632807586257
CHEMBL369883,CHEMBL369883,COc1cc2c(cc1OC)CN(C(=O)C[C@H](N)C(=O)N1CCC[C@H]1C#N)CC2,,7.2,1,7.2,7.2,IC50,B,single protein format,single_protein,8,H,2005,,386.4520000000002,0.8204800000000008,108.89000000000001,1,6,5,3,1,0.55,0.8024813459279093
CHEMBL1085597,CHEMBL1085597,CCOC(=O)N1CCN(C(=O)CC(C)(C)NCC(=O)N2C[C@@H](F)C[C@H]2C#N)CC1,,7.2,1,7.2,7.2,IC50,B,single protein format,single_protein,8,H,2010,,411.4780000000002,0.5079800000000019,105.97999999999999,1,6,6,2,0,0.7894736842105263,0.6826299804627122
CHEMBL3093900,CHEMBL3093900,N#Cc1cccc(C[C@H](N)C(=O)N2CCC[C@H]2C#N)c1,,7.2,1,7.2,7.2,IC50,B,assay format,other,9,D,2013,,268.31999999999994,0.9426599999999999,93.91,1,4,3,2,1,0.4,0.8823683186971917
CHEMBL323130,CHEMBL323130,N#C[C@@H]1CCCN1C(=O)CNC1CCCCCC1,,7.2,1,7.2,7.2,IC50,B,assay format,other,8,H,2003,,249.35799999999995,1.813379999999999,56.13,1,3,3,2,0,0.8571428571428571,0.7761183532206285
CHEMBL291428,CHEMBL291428,N[C@H](C(=O)N1CCC[C@H]1B(O)O)c1ccccc1,,7.2,1,7.2,7.2,IC50,B,single protein format,single_protein,8,H,1996,,248.09100000000004,-0.31059999999999977,86.79,3,4,3,2,1,0.4166666666666667,0.6401525720437748
CHEMBL481177,CHEMBL481177,N#Cc1cccc(F)c1N1C[C@@H]2[C@H](C1)[C@H]2NCC(=O)N1C[C@@H](F)C[C@H]1C#N,,7.2,1,7.2,7.2,IC50,B,cell-free format,other,9,D,2008,,371.3910000000001,1.1841599999999999,83.16,1,5,4,4,1,0.5263157894736842,0.8595331219743085
CHEMBL392552,CHEMBL392552,CC(C)(C)NCC(=O)N1C[C@@H](F)C[C@H]1C(=O)c1noc(C(C)(C)C)n1,,7.2,1,7.2,7.2,IC50,B,single protein format,single_protein,9,D,2007,,354.4260000000001,1.8768999999999991,88.33,1,6,4,2,1,0.7647058823529411,0.8307343107499376
CHEMBL3644803,CHEMBL3644803,N[C@@H](CC(=O)N1CCc2c(nc(-c3ccncc3)nc2C(F)(F)F)C1)CN1C(=O)CCC(F)(F)[C@H]1O,,7.2,1,7.2,7.2,IC50,B,single protein format,single_protein,9,D,2013,,514.4550000000003,1.7355999999999994,125.54,2,7,5,4,2,0.5,0.5825292312777143
CHEMBL270365,CHEMBL270365,Cn1cnc2ccc(-c3ccccc3Cl)c(CN)c21,,7.2,1,7.2,7.2,IC50,B,single protein format,single_protein,9,D,2008,,271.75100000000003,3.352400000000001,43.84,1,2,2,3,3,0.13333333333333333,0.7767173611360606
CHEMBL231090,CHEMBL1182339,N[C@H]1CN(c2cccnn2)CC[C@@H]1c1cc(F)c(F)cc1F,,7.2,1,7.2,7.2,IC50,B,single protein format,single_protein,8,H,2007,,308.30699999999996,2.2150999999999996,55.04,1,4,2,3,2,0.3333333333333333,0.8644072330812665
CHEMBL3686742,CHEMBL3686742,OB(O)[C@@H]1CCCN1C(=S)CNCc1ccccc1,,7.195,2,6.77,7.62,IC50,B,single protein format,single_protein,9,D,2015,,278.18600000000004,0.5799999999999994,55.730000000000004,3,4,5,2,1,0.46153846153846156,0.5432009174279107
CHEMBL238191,CHEMBL238191,CN(C)C(=O)[C@@H]([C@H]1CC[C@@H](c2ccc3ncnn3c2)CC1)[C@H](N)C(=O)N1CCC(F)(F)C1,,7.195,2,6.89,7.5,IC50,B,single protein format,single_protein,9,D,2007,,448.5180000000003,1.9024,96.83,1,5,5,4,2,0.6363636363636364,0.7537351850049941
CHEMBL3686744,CHEMBL3686744,N[C@@H](CCC(=O)O)C(=S)N1CCC[C@H]1B(O)O,,7.195,2,6.05,8.34,IC50,B,single protein format,single_protein,9,D,2015,,260.12399999999997,-1.0177,107.02000000000001,4,5,5,1,0,0.7777777777777778,0.3700537896077299
CHEMBL233474,CHEMBL233474,N[C@@H](CC(=O)N1CCn2c(nnc2-c2ccncc2)C1)Cc1cc(F)ccc1F,,7.19,1,7.19,7.19,IC50,B,single protein format,single_protein,9,D,2007,,398.4170000000002,1.9206,89.93,1,5,5,4,3,0.3,0.7092751594794532
CHEMBL1082973,CHEMBL1198826,CN(C)C(=O)O[C@H]1C[C@H]2C[C@@H](NCC(=O)N3CCC[C@H]3C#N)C[C@H]2C1,,7.19,1,7.19,7.19,IC50,B,single protein format,single_protein,8,H,2010,,348.4470000000001,1.3459799999999995,85.67,1,5,4,3,0,0.8333333333333334,0.8286613305390069
CHEMBL209191,CHEMBL209191,CCOCC1(NCC(=O)N2[C@H](C#N)CC[C@@H]2C#N)CCCC1,,7.19,1,7.19,7.19,IC50,B,single protein format,single_protein,9,D,2006,,304.3940000000002,1.33206,89.15,1,5,6,2,0,0.8125,0.7993933914488276
CHEMBL380785,CHEMBL380785,CC(C)(SCc1cccc(Oc2ccccc2)c1)[C@H](N)C(=O)N1C[C@@H](F)C[C@H]1C#N,,7.19,1,7.19,7.19,Ki,B,single protein format,single_protein,9,D,2005,,427.5450000000002,4.280580000000004,79.35,1,5,7,3,2,0.391304347826087,0.7134260376478551
CHEMBL428936,CHEMBL428936,N[C@H]1CN(C(=O)c2cnc3ccccc3n2)C(=O)[C@H]1C(=O)N1CCCC1,,7.19,1,7.19,7.19,IC50,B,single protein format,single_protein,9,D,2007,,353.38200000000023,0.1780999999999986,109.49,1,6,2,4,2,0.3888888888888889,0.6091217560002632
CHEMBL2069841,CHEMBL2069841,N[C@@H](CC(=O)N1CCN(C(=O)c2ccc(OC(F)(F)F)cc2)CC1)Cc1cc(F)c(F)cc1F,,7.19,1,7.19,7.19,IC50,B,single protein format,single_protein,9,D,2012,,489.4160000000002,3.2470000000000026,75.87000000000002,1,4,6,3,2,0.36363636363636365,0.4995945246131036
CHEMBL2425071,CHEMBL2425071,N[C@H]1C[C@@H](N2Cc3cn[nH]c3C2)CO[C@@H]1c1ccccc1Cl,,7.19,1,7.19,7.19,IC50,B,single protein format,single_protein,9,D,2013,,318.808,2.2362,67.17,2,4,2,4,2,0.4375,0.8908578751043582
CHEMBL4128052,CHEMBL4128052,COc1ccc(Cn2c(=O)cc(N3CCC[C@@H](N)C3)n(Cc3cc(F)ccc3C#N)c2=O)cc1OC,,7.19,1,7.19,7.19,IC50,B,cell-based format,cell_based,9,D,2018,,493.53900000000027,2.06208,115.50999999999998,1,7,7,4,3,0.34615384615384615,0.5356939207354217
CHEMBL1202081,CHEMBL1615566,COc1cccc(N2CCN(CCNCC(=O)N3CCC[C@@H]3C#N)C2=O)c1,,7.19,1,7.19,7.19,IC50,B,single protein format,single_protein,9,D,2009,,371.44100000000014,1.0413800000000004,88.91,1,5,7,3,1,0.5263157894736842,0.7237220376273384
CHEMBL1209681,CHEMBL1209681,Cc1nc2nc(C)c(CN)c(-c3ccc(Cl)cc3Cl)n2n1,,7.19,1,7.19,7.19,Ki,B,single protein format,single_protein,9,D,2010,,322.19899999999996,3.1736400000000016,69.1,1,4,2,3,3,0.21428571428571427,0.7866363113518232
CHEMBL1230044,CHEMBL1230044,N[C@H]1CN(C(=O)c2cnc3ccccc3n2)C[C@H]1C(=O)N1CCCC1,,7.19,1,7.19,7.19,IC50,B,single protein format,single_protein,9,D,2013,,339.39900000000017,0.6514999999999989,92.42,1,5,2,4,2,0.4444444444444444,0.8672132773717242
CHEMBL189881,CHEMBL237336,C[C@@H](c1ccc(-c2ccc(F)cc2)cc1)[C@H](N)C(=O)N1CC[C@H](F)C1,,7.19,2,7.19,7.19,IC50,B,single protein format,single_protein,8;9,D;H,2005;2007,,344.40500000000014,3.493900000000002,46.330000000000005,1,2,4,3,2,0.35,0.9227459753879913
CHEMBL1683494,CHEMBL1739533,N[C@@H](CC(=O)N1CCSC1C(=O)NCc1ccc2c(c1)OC(C(=O)O)O2)Cc1cc(F)c(F)cc1F,,7.19,1,7.19,7.19,IC50,B,single protein format,single_protein,9,D,2011,,525.5050000000003,1.7635999999999998,131.19000000000003,3,7,8,4,2,0.34782608695652173,0.44475102744381406
CHEMBL3084940,CHEMBL3084940,N[C@H](C(=O)N1CCCC1)[C@H]1CC[C@H](NC(=O)c2cncc3ccccc23)CC1,,7.19,1,7.19,7.19,IC50,B,single protein format,single_protein,8,H,2004,,380.49200000000013,2.4731000000000005,88.32000000000001,2,4,4,4,2,0.5,0.8528454617103456
CHEMBL4242416,CHEMBL4242416,CC#CCn1c(N2CCC[C@@H](N)C2)cc(=O)n(Cc2cn(CCC(=O)OC)nn2)c1=O,,7.19,1,7.19,7.19,IC50,B,single protein format,single_protein,9,D,2021,,429.4810000000002,-0.8362999999999974,130.27,1,8,7,3,2,0.55,0.4455611622292945
CHEMBL3084817,CHEMBL3084817,N#C[C@@H]1CCCN1C(=O)CN[C@]12C[C@H]3C[C@@H](C1)C[C@](OC(=O)NC1CCCCC1)(C3)C2,,7.19,1,7.19,7.19,IC50,B,assay format,other,8,H,2003,,428.57700000000034,3.2408800000000006,94.46000000000001,2,5,5,6,0,0.875,0.7010080573910421
CHEMBL473172,CHEMBL473172,CC(C)(CC(=O)N[C@H]1C[C@@H]1c1cccc(F)c1)NCC(=O)N1CCC[C@H]1C#N,,7.19,1,7.19,7.19,IC50,B,single protein format,single_protein,9,D,2009,,386.4710000000003,2.0706799999999994,85.23,2,4,7,3,1,0.5714285714285714,0.7512924666704109
CHEMBL512718,CHEMBL512718,N[C@@H](CC(=O)NC1(c2nc3ccccc3s2)CCS(=O)(=O)CC1)Cc1ccccc1F,,7.19,1,7.19,7.19,IC50,B,cell-based format,cell_based,9,D,2008,,461.5840000000003,2.9156000000000013,102.15,2,6,6,4,3,0.36363636363636365,0.587702827380302
CHEMBL2147086,CHEMBL2220052,Cn1c(=O)c2c(nc(N3CCC[C@@H](N)C3)n2Cc2ccccc2)c2cc(C(=O)O)ccc21,,7.19,1,7.19,7.19,IC50,B,single protein format,single_protein,9,D,2012,,431.4960000000001,2.5622,106.38000000000001,2,5,4,5,4,0.2916666666666667,0.5144092140677616
CHEMBL431425,CHEMBL431425,N#C[C@@H]1CCCN1C(=O)CNC1CCCCC1,,7.19,1,7.19,7.19,IC50,B,assay format,other,8,H,2003,,235.33099999999996,1.4232799999999992,56.13,1,3,3,2,0,0.8461538461538461,0.8046494859474719
CHEMBL1683493,CHEMBL1739532,CCOC(=O)C1Oc2ccc(CNC(=O)C3SCCN3C(=O)C[C@H](N)Cc3cc(F)c(F)cc3F)cc2O1,,7.19,1,7.19,7.19,IC50,B,single protein format,single_protein,9,D,2011,,553.5590000000003,2.2420999999999998,120.19,2,8,9,4,2,0.4,0.35857279263915776
CHEMBL2147193,CHEMBL2220174,COc1ccc2c3nc(N4CCC[C@@H](N)C4)n(Cc4ccccc4Cl)c3c(=O)n(C)c2c1,,7.18,1,7.18,7.18,IC50,B,single protein format,single_protein,9,D,2012,,451.95800000000014,3.5260000000000025,78.31,1,5,4,5,4,0.3333333333333333,0.5132400774429547
CHEMBL562981,CHEMBL562981,N[C@@H](CC(=O)N1CCC[C@H]1CNC(=O)c1ccncc1)Cc1ccccc1F,,7.18,1,7.18,7.18,IC50,B,single protein format,single_protein,8,H,2009,,384.4550000000001,1.9016000000000006,88.32000000000001,2,4,7,3,2,0.38095238095238093,0.763197320549078
CHEMBL263137,CHEMBL263137,COCc1nc2ccc(-c3ccccc3Cl)c(CN)c2n1C,,7.18,1,7.18,7.18,IC50,B,single protein format,single_protein,9,D,2008,,315.8040000000001,3.498800000000001,53.07,1,3,4,3,3,0.23529411764705882,0.801414191365969
CHEMBL3216718,CHEMBL1739439,Cc1ccc(-c2c(/C=C/C(=O)O)c(C)nc(CC(C)C)c2CN)cc1,,7.18,1,7.18,7.18,IC50,B,cell-based format,cell_based,9,D,2011,,338.4510000000001,4.120440000000003,76.21,2,3,6,2,2,0.3333333333333333,0.7768545795604433
CHEMBL2147190,CHEMBL2220154,Cn1c(=O)c2c(nc(N3CCC[C@@H](N)C3)n2Cc2ccccc2Cl)c2ccc(F)cc21,,7.18,1,7.18,7.18,IC50,B,single protein format,single_protein,9,D,2012,,439.922,3.656500000000002,69.08000000000001,1,4,3,5,4,0.30434782608695654,0.528652403975689
CHEMBL1084601,CHEMBL1084601,CC(C)(CC(=O)N1C2CCC1CC2)NCC(=O)N1C[C@@H](F)C[C@H]1C#N,,7.18,1,7.18,7.18,IC50,B,single protein format,single_protein,8,H,2010,,350.43800000000005,1.36068,76.44,1,4,5,3,0,0.8333333333333334,0.8122260242432677
CHEMBL257308,CHEMBL257308,CCn1cnc2ccc(-c3ccc(Cl)cc3Cl)c(CN)c21,,7.18,1,7.18,7.18,IC50,B,single protein format,single_protein,9,D,2008,,320.22300000000007,4.488700000000002,43.84,1,2,3,3,3,0.1875,0.7725934620102554
CHEMBL4128601,CHEMBL4128601,N#Cc1ccc(F)cc1Cn1c(N2CCC[C@@H](N)C2)cc(=O)n(Cc2cc(F)cc(F)c2)c1=O,,7.18,1,7.18,7.18,IC50,B,cell-based format,cell_based,9,D,2018,,469.4670000000002,2.32308,97.05000000000001,1,5,5,4,3,0.2916666666666667,0.6187939826142035
CHEMBL2069849,CHEMBL2069849,COc1cccc2cc(C(=O)N3CCN(C(=O)C[C@H](N)Cc4cc(F)c(F)cc4F)CC3)oc12,,7.18,1,7.18,7.18,IC50,B,single protein format,single_protein,9,D,2012,,475.4670000000002,3.103200000000002,89.01,1,5,6,4,3,0.3333333333333333,0.5538213320742326
CHEMBL250285,CHEMBL250285,Cn1c(C(F)(F)F)nc2c1CCN(C(=O)C[C@H](N)Cc1cc(F)c(F)cc1F)C2Cc1ccc(F)cc1,,7.175000000000001,2,6.11,8.24,IC50,B,single protein format,single_protein,8,H,2007,,528.4720000000002,4.6239000000000035,64.15,1,3,6,4,3,0.36,0.37524443330549956
CHEMBL245969,CHEMBL1182560,CN(C)C(=O)[C@@H](c1ccc(N(C)C(=O)c2ccc(F)cc2)cc1)[C@H](N)C(=O)N1CC[C@H](F)C1,,7.175,2,6.8,7.55,IC50,B,cell-based format;single protein format,mixed,9,D,2007,,458.5090000000002,2.1718,86.95,1,4,6,3,2,0.375,0.7189807561430854
CHEMBL380496,CHEMBL1184958,COc1cc(=O)n(C)cc1-c1ccc([C@H](C)[C@H](N)C(=O)N2CC[C@H](F)C2)cc1,,7.17,1,7.17,7.17,IC50,B,single protein format,single_protein,9,D,2006,,387.45500000000015,2.0620999999999996,77.55999999999999,1,4,5,3,2,0.42857142857142855,0.8519933154442088
CHEMBL274740,CHEMBL1182984,N[C@H]1CN(c2ccc(C(F)(F)F)cn2)CC[C@@H]1c1cc(F)c(F)cc1F,,7.17,1,7.17,7.17,IC50,B,single protein format,single_protein,8,H,2007,,375.316,3.8389000000000024,42.15,1,3,2,3,2,0.35294117647058826,0.6407442926082139
CHEMBL5631075,CHEMBL5631075,O=C(Nc1ccc(/C=C2\SC(=O)N(C(=O)CN3CCn4c(nnc4C(F)(F)F)C3)C2=O)cc1)c1cc(O)c(O)c(O)c1,,7.17,1,7.17,7.17,IC50,B,single protein format,single_protein,9,D,2023,,604.5230000000004,2.7447000000000017,178.18999999999997,4,11,5,5,3,0.2,0.24864667141375257
CHEMBL1650437,CHEMBL1650437,CCn1c(=O)cc(N2CCC[C@@H](N)C2)n(Cc2ccccc2C#N)c1=O,,7.17,1,7.17,7.17,IC50,B,single protein format,single_protein,9,D,2011,,353.42600000000004,0.8773799999999997,97.05000000000001,1,5,4,3,2,0.42105263157894735,0.8798597365416859
CHEMBL1202090,CHEMBL1615541,CC(C)(C)N1CCN(CCNCC(=O)N2CCC[C@@H]2C#N)C1=O,,7.17,1,7.17,7.17,IC50,B,single protein format,single_protein,9,D,2009,,321.425,0.6266800000000012,79.68,1,4,5,2,0,0.8125,0.7532046961244405
CHEMBL1209682,CHEMBL1209682,Cc1nc2nc(-c3ccccc3)nn2c(-c2ccc(Cl)cc2Cl)c1CN,,7.17,1,7.17,7.17,Ki,B,single protein format,single_protein,9,D,2010,,384.27000000000015,4.532220000000002,69.1,1,4,3,4,4,0.10526315789473684,0.5634674125470462
CHEMBL235199,CHEMBL235199,CN(C)C(=O)[C@@H]([C@H]1CC[C@H](C2CCc3ncnn3C2)CC1)[C@H](N)C(=O)N1CCC(F)(F)C1,,7.17,2,6.92,7.42,IC50,B,single protein format,single_protein,9,D,2007,,452.5500000000003,1.5462000000000002,97.35000000000001,1,5,5,4,1,0.8181818181818182,0.7311268206776895
CHEMBL202036,CHEMBL202036,CC(C)([C@H](N)C(=O)N1C[C@@H](F)C[C@H]1C#N)S(=O)(=O)Cc1ccc(C#N)cc1,,7.17,1,7.17,7.17,Ki,B,single protein format,single_protein,9,D,2005,,392.4560000000002,1.0415600000000003,128.04999999999998,1,6,5,2,1,0.5,0.7972462660002927
CHEMBL474959,CHEMBL474959,CC(C)(CC(=O)N[C@H]1C[C@@H]1c1ccc(Cl)c(Cl)c1)NCC(=O)N1CCC[C@H]1C#N,,7.17,1,7.17,7.17,IC50,B,single protein format,single_protein,9,D,2009,,437.37100000000027,3.238380000000002,85.23,2,4,7,3,1,0.5714285714285714,0.6861120155657103
CHEMBL371588,CHEMBL1184823,CN(C)NC(=O)[C@@H](c1ccc(-c2ccc(F)cc2)cc1)[C@H](N)C(=O)N1CC[C@H](F)C1,,7.17,1,7.17,7.17,IC50,B,single protein format,single_protein,8,H,2005,,416.4720000000002,2.0667999999999997,78.67,2,4,6,3,2,0.36363636363636365,0.7070322793477919
CHEMBL4078112,CHEMBL4078112,CCC[C@H](N[C@@H](CCc1ccccc1)C(=O)O)C(=O)N1C[C@@H](NC(=O)C[C@H](N)Cc2cc(F)c(F)cc2F)C[C@H]1C(=O)O,,7.17,1,7.17,7.17,IC50,B,single protein format,single_protein,9,D,2017,,606.6420000000003,2.378400000000002,162.06,5,6,15,3,2,0.4666666666666667,0.19317683070175876
CHEMBL549913,CHEMBL1194282,N[C@H]1Cn2c(nc3ccccc32)C[C@@H]1c1cc(F)c(F)cc1F,,7.17,1,7.17,7.17,IC50,B,single protein format,single_protein,9,D,2009,,317.31399999999996,3.120800000000002,43.84,1,2,1,4,3,0.23529411764705882,0.7009075669670315
CHEMBL475655,CHEMBL1186739,N[C@@H](CC(=O)N1CCCN(C(=O)c2cncc(C(=O)O)c2)CC1)Cc1cc(F)c(F)cc1F,,7.17,1,7.17,7.17,IC50,B,single protein format,single_protein,8,H,2008,,464.44400000000024,1.8317000000000005,116.83000000000003,2,5,6,3,2,0.36363636363636365,0.6304068395790012
CHEMBL2069847,CHEMBL2069847,N[C@@H](CC(=O)N1CCN(C(=O)c2ccco2)CC1)Cc1cc(F)c(F)cc1F,,7.17,1,7.17,7.17,IC50,B,single protein format,single_protein,9,D,2012,,395.3810000000001,1.9414000000000007,79.78000000000002,1,4,5,3,2,0.3684210526315789,0.7851284049347299
CHEMBL401057,CHEMBL401057,N[C@@H](CC(=O)N1CCn2nc(-c3ccccc3)nc2C1)Cc1cc(F)c(F)cc1F,,7.17,1,7.17,7.17,IC50,B,single protein format,single_protein,8,H,2007,,415.4190000000002,2.6647000000000007,77.04,1,4,5,4,3,0.2857142857142857,0.6503511225152547
CHEMBL3425751,CHEMBL3425751,N[C@@H](CC(=O)N1CC[C@@H]2[C@@H](CCc3nnc(C(F)(F)C(F)(F)F)n32)C1)Cc1cc(F)c(F)cc1F,,7.17,1,7.17,7.17,IC50,B,single protein format,single_protein,9,D,2015,,511.41700000000014,3.645400000000002,77.04000000000002,1,4,5,4,2,0.5714285714285714,0.49149442124989834
CHEMBL283368,CHEMBL283368,N[C@H](C(=O)N1CCSC1)[C@H]1CC[C@H](NC(=O)c2ccccc2C(F)(F)F)CC1,,7.17,1,7.17,7.17,IC50,B,single protein format,single_protein,8,H,2004,,415.4810000000001,2.8542000000000014,75.43,2,4,4,3,1,0.5789473684210527,0.7930975168837531
CHEMBL1683503,CHEMBL1739353,CCOC(=O)C(C)(C)Nc1ccc(CNC(=O)C2SCCN2C(=O)C[C@H](N)Cc2cc(F)c(F)cc2F)cc1,,7.17,1,7.17,7.17,IC50,B,single protein format,single_protein,9,D,2011,,566.6460000000004,3.335300000000001,113.76,3,7,11,3,2,0.4444444444444444,0.28250810821625255
CHEMBL391929,CHEMBL391929,CC(C)(CO)NCC(=O)N1C[C@@H](F)C[C@H]1C(=O)c1noc(C(C)(C)C)n1,,7.17,1,7.17,7.17,IC50,B,single protein format,single_protein,9,D,2007,,370.4250000000001,0.8492999999999991,108.56,2,7,6,2,1,0.7647058823529411,0.7146694265183994
CHEMBL217056,CHEMBL217056,CN(CC(=O)N1CCC[C@H]1B(O)O)C(=O)C1CCC(=O)N1,,7.17,1,7.17,7.17,Ki,B,single protein format,single_protein,9,D,2007,,297.12,-2.2735999999999965,110.18,3,5,4,2,0,0.75,0.506701921206286
CHEMBL557187,CHEMBL479370,N[C@@H](CC(=O)N1CCn2cnnc2C1)Cc1cc(F)c(F)cc1F,,7.17,2,7.17,7.17,IC50,B,single protein format,single_protein,8,H,2005;2008,,339.321,0.9976999999999996,77.04,1,4,4,3,2,0.4,0.8432802118958955
CHEMBL392524,CHEMBL392524,C[C@@H](C1CCC(c2ccc(F)cc2)CC1)[C@H](N)C(=O)N1CC[C@](C)(F)C1,,7.165,2,6.41,7.92,IC50,B,single protein format,single_protein,9,D,2007,,364.48000000000013,4.023400000000002,46.330000000000005,1,2,4,3,1,0.6666666666666666,0.8769322350597042
CHEMBL1202092,CHEMBL1615550,N#C[C@H]1CCCN1C(=O)CNCCN1CCN(C2CCCCC2)C1=O,,7.16,1,7.16,7.16,IC50,B,single protein format,single_protein,9,D,2009,,347.46300000000025,1.1608800000000006,79.68,1,4,6,3,0,0.8333333333333334,0.7314140166750386
CHEMBL277635,CHEMBL277635,N[C@H](C(=O)N1CCC(F)(F)C1)[C@H]1CC[C@H](NC(=O)c2ccccc2C(F)(F)F)CC1,,7.16,1,7.16,7.16,IC50,B,single protein format,single_protein,8,H,2004,,433.4210000000001,3.188900000000001,75.43,2,3,4,3,1,0.6,0.7165972766197986
CHEMBL383651,CHEMBL1185008,C[C@@H](c1ccc(-c2cc(Br)c(=O)n(C)c2)cc1)[C@H](N)C(=O)N1CC[C@H](F)C1,,7.16,1,7.16,7.16,IC50,B,single protein format,single_protein,9,D,2006,,436.32500000000016,2.8160000000000007,68.33,1,3,4,3,2,0.4,0.8018616883503659
CHEMBL260543,CHEMBL260543,C[C@H]1N[C@H](C(=O)N2CCC[C@H]2C#N)C[C@@H]1C(=O)N(C)C,,7.16,1,7.16,7.16,IC50,B,single protein format,single_protein,9,D,2008,,278.35600000000005,-0.04421999999999926,76.44,1,4,2,2,0,0.7857142857142857,0.768484171031909
CHEMBL1683121,CHEMBL1683121,NC(=O)[C@@H]1CCCN([C@H]2CC[C@H]([C@H](N)Cc3cc(F)ccc3F)CC2)C1,,7.16,1,7.16,7.16,IC50,B,single protein format,single_protein,8,H,2011,,365.46800000000013,2.5907,72.35000000000001,2,3,5,3,1,0.65,0.8423978404669566
CHEMBL63652,CHEMBL63652,N[C@@H](Cc1ccccc1)C(=O)N1CCC[C@H]1B(O)O,,7.16,1,7.16,7.16,IC50,B,single protein format,single_protein,8,H,1996,,262.11799999999994,-0.4406,86.79,3,4,4,2,1,0.46153846153846156,0.6418638170240172
CHEMBL3330070,CHEMBL3330070,N#C[C@@H]1C[C@@H]2CCC[C@@H]2N1C(=O)C[C@H](N)Cc1ccc(Cl)cc1Cl,,7.16,1,7.16,7.16,IC50,B,assay format,other,9,D,2014,,366.29200000000003,3.5464800000000016,70.12,1,3,4,3,1,0.5555555555555556,0.8860590035002812
CHEMBL220357,CHEMBL1182204,CS(=O)(=O)c1ccc(-c2noc([C@@H](CCO)[C@H](N)C(=O)N3CC[C@H](F)C3)n2)c(Cl)c1,,7.16,1,7.16,7.16,IC50,B,single protein format,single_protein,8,H,2006,,460.9150000000002,1.1572,139.62,2,8,7,3,2,0.5,0.6268074515455161
CHEMBL3330063,CHEMBL3330063,N#C[C@@H]1C[C@@H]2CCC[C@@H]2N1C(=O)C[C@H](N)Cc1ccccc1Cl,,7.16,1,7.16,7.16,IC50,B,assay format,other,9,D,2014,,331.847,2.893080000000001,70.12,1,3,4,3,1,0.5555555555555556,0.9217882672705028
CHEMBL1082708,CHEMBL1082708,N#C[C@@H]1CCCN1C(=O)CN[C@@H]1C[C@@H]2CN(C(=O)N3CCCCC3)C[C@@H]2C1,,7.16,1,7.16,7.16,IC50,B,single protein format,single_protein,8,H,2010,,373.5010000000003,1.4068800000000006,79.67999999999999,1,4,3,4,0,0.85,0.8111029768926963
CHEMBL3084822,CHEMBL3084822,CC(=O)O[C@@]12C[C@@H]3C[C@@H](C[C@](NCC(=O)N4CCC[C@H]4C#N)(C3)C1)C2,,7.16,1,7.16,7.16,IC50,B,assay format,other,8,H,2003,,345.44300000000015,1.7450799999999997,82.43,1,5,4,5,0,0.8421052631578947,0.7850160536696662
CHEMBL231010,CHEMBL231010,C[C@@H]1C(=O)N(CC(=O)O)CCCN1C(=O)C[C@H](N)Cc1cc(F)ccc1F,,7.16,1,7.16,7.16,IC50,B,single protein format,single_protein,8,H,2007,,383.3950000000001,0.7587000000000009,103.94,2,4,6,2,1,0.5,0.7548066235561841
CHEMBL249174,CHEMBL249174,N[C@H]1CN(Cc2ccc(-n3cncn3)cc2)C[C@H]1C(=O)N1CCCC1,,7.16,1,7.16,7.16,IC50,B,single protein format,single_protein,9,D,2007,,340.43100000000015,0.6487999999999992,80.27999999999999,1,5,4,4,2,0.5,0.8838241696584516
CHEMBL469522,CHEMBL469522,Cc1ccc2nc(C3(NC(=O)C[C@H](N)Cc4ccccc4F)CCS(=O)(=O)CC3)sc2c1,,7.16,1,7.16,7.16,IC50,B,cell-based format,cell_based,9,D,2008,,475.6110000000003,3.224020000000001,102.15,2,6,6,4,3,0.391304347826087,0.5699615239056389
CHEMBL539611,CHEMBL513425,N[C@@H](CC(=O)N1CCCCCN1C(=O)c1ccccc1)Cc1cc(F)c(F)cc1F,,7.16,3,6.15,7.16,IC50,B,single protein format,single_protein,8,H,2007;2008,,419.4470000000001,3.4337000000000018,66.64000000000001,1,3,5,3,2,0.36363636363636365,0.7554668812464435
CHEMBL250284,CHEMBL250284,Cn1c(C(F)(F)F)nc2c1CCN(C(=O)C[C@H](N)Cc1cc(F)c(F)cc1F)C2Cc1ccccc1,,7.16,2,6.24,8.08,IC50,B,single protein format,single_protein,8,H,2007,,510.4820000000002,4.4848000000000035,64.15,1,3,6,4,3,0.36,0.3929459154792566
CHEMBL237569,CHEMBL237569,N[C@H]1CN(c2cc(-c3cccc(O)c3)ncn2)C[C@@H]1c1cc(F)c(F)cc1F,,7.16,1,7.16,7.16,IC50,B,single protein format,single_protein,9,D,2007,,386.37700000000007,3.1976000000000013,75.27,2,5,3,4,3,0.2,0.6764866645007177
CHEMBL2159180,CHEMBL2159180,Cn1c(=O)c2c(-c3ccccc3C#N)c(CN)c(N)nc2n(C)c1=O,,7.16,1,7.16,7.16,IC50,B,single protein format,single_protein,8,H,2012,,336.3550000000001,0.21177999999999975,132.72,2,6,2,3,3,0.17647058823529413,0.6871995389882019
CHEMBL5749167,CHEMBL5749167,NC1Cc2c(ccc3cc(N4CCOCC4)ccc23)OC1c1cc(F)c(F)cc1F,,7.16,1,7.16,7.16,IC50,B,cell-based format,cell_based,9,D,2019,,414.427,4.0972000000000035,47.72,1,4,2,5,3,0.30434782608695654,0.6418681013885705
CHEMBL3216727,CHEMBL1739146,CNC(=O)Cc1c(C)nc(CC(C)C)c(CN)c1-c1ccc(C)cc1,,7.16,1,7.16,7.16,IC50,B,cell-based format,cell_based,9,D,2011,,339.48300000000006,3.311140000000001,68.01,2,3,6,2,2,0.42857142857142855,0.8482259615230298
CHEMBL195667,CHEMBL1181903,C[C@@H](c1ccc(-c2cccc(-c3nnco3)c2)cc1)[C@H](N)C(=O)N1CC[C@H](F)C1,,7.16,1,7.16,7.16,IC50,B,single protein format,single_protein,8,H,2005,,394.4500000000002,3.4048000000000016,85.24999999999999,1,5,5,4,3,0.3181818181818182,0.7168280761180339
CHEMBL233684,CHEMBL233684,N[C@@H](CC(=O)N1CCn2c(CO)nnc2C1)Cc1cc(F)ccc1F,,7.16,1,7.16,7.16,IC50,B,single protein format,single_protein,9,D,2007,,351.357,0.35089999999999977,97.27000000000001,2,5,5,3,2,0.4375,0.8102098187477013
CHEMBL3357771,CHEMBL3357771,N[C@@H](CC(=O)N1[C@H](COC(=O)C2CCC2)C[C@@H]2CCCC[C@@H]21)Cc1cc(F)c(F)cc1F,,7.16,1,7.16,7.16,IC50,B,single protein format,single_protein,9,D,2014,,452.51700000000017,3.8668000000000022,72.63,1,4,7,4,1,0.6666666666666666,0.5036853497464466
CHEMBL3357769,CHEMBL3357769,CC(=O)OC[C@@H]1C[C@@H]2CCCC[C@@H]2N1C(=O)C[C@H](N)Cc1cc(F)c(F)cc1F,,7.16,1,7.16,7.16,IC50,B,single protein format,single_protein,9,D,2014,,412.4520000000001,3.0866000000000007,72.63,1,4,6,3,1,0.6190476190476191,0.5757812916869957
CHEMBL3357767,CHEMBL3357767,CCOC(=O)[C@@H]1C[C@@H]2CCCC[C@@H]2N1C(=O)C[C@H](N)Cc1cc(F)c(F)cc1F,,7.16,1,7.16,7.16,IC50,B,single protein format,single_protein,9,D,2014,,412.45200000000006,3.0866000000000007,72.63,1,4,6,3,1,0.6190476190476191,0.5757812916869958
CHEMBL246374,CHEMBL1182569,CN(C)C(=O)[C@@H](C1CCC(N(C)C(=O)c2cccc(F)c2)CC1)[C@H](N)C(=O)N1CC[C@H](F)C1,,7.16,2,6.7,7.62,IC50,B,cell-based format;single protein format,mixed,9,D,2007,,464.5570000000003,2.0585999999999998,86.95,1,4,6,3,1,0.625,0.6983232323886618
CHEMBL451319,CHEMBL451319,Cc1cc2ccccc2n1C[C@H](C)NCC(=O)N1CCC[C@H]1C#N,,7.16,1,7.16,7.16,IC50,B,assay format,other,9,D,2008,,324.42800000000005,2.4424,61.06,1,3,5,3,2,0.47368421052631576,0.9187561757308942
CHEMBL4066703,CHEMBL4066703,N[C@@H](CC(=O)N1CC[C@H]2[C@H](CCc3nnc(C(F)(F)F)n32)C1)Cc1cc(F)c(F)cc1F,,7.16,1,7.16,7.16,IC50,B,cell-based format,cell_based,9,D,2017,,461.41000000000014,3.0101000000000013,77.04000000000002,1,4,4,4,2,0.55,0.5612147707926325
CHEMBL209710,CHEMBL1198534,Cc1nc2ccc(-c3ccc([C@H](C(=O)N(C)C)[C@H](N)C(=O)N4CC[C@H](F)C4)cc3)cn2n1,,7.155,2,6.65,7.66,IC50,B,single protein format,single_protein,9,D,2006,,438.5070000000002,1.7742199999999992,96.82999999999998,1,5,5,4,3,0.391304347826087,0.6550044111409088
CHEMBL1082997,CHEMBL1082997,CC(C)(CC(=O)N1CCCC1)NCC(=O)N1CCC[C@H]1C#N,,7.15,1,7.15,7.15,IC50,B,single protein format,single_protein,8,H,2010,,306.41,0.8816800000000007,76.44,1,4,5,2,0,0.8125,0.8178999457736018
CHEMBL236084,CHEMBL236084,N[C@H]1CN(c2cc(-c3cccc(C(F)(F)F)c3)ncn2)C[C@@H]1c1cc(F)c(F)cc1F,,7.15,1,7.15,7.15,IC50,B,single protein format,single_protein,9,D,2007,,438.37500000000006,4.510800000000002,55.04,1,4,3,4,3,0.23809523809523808,0.48308786365590795
CHEMBL558585,CHEMBL517072,N[C@@H](CC(=O)N1CCn2c(nnc2C(F)(F)C(F)(F)F)C1)Cc1cc(F)c(F)cc1F,,7.15,2,7.15,7.15,IC50,B,single protein format,single_protein,8,H,2005;2008,,457.32500000000016,2.6518000000000006,77.04,1,4,5,3,2,0.47058823529411764,0.5535598051562581
CHEMBL190788,CHEMBL1181745,N[C@H](C(=O)N1CC[C@H](F)C1)[C@@H](C(=O)NC1CC1)c1ccc(-c2ccc(F)cc2)cc1,,7.15,1,7.15,7.15,IC50,B,single protein format,single_protein,8,H,2005,,413.4680000000001,2.752600000000001,75.43,2,3,6,4,2,0.391304347826087,0.7647833658077239
CHEMBL248936,CHEMBL248936,N[C@@H](CC(=O)N1CCn2nc(C3CC3)nc2C1)Cc1cc(F)c(F)cc1F,,7.15,1,7.15,7.15,IC50,B,single protein format,single_protein,8,H,2007,,379.386,1.8750999999999993,77.04,1,4,5,4,2,0.5,0.8050551667608813
CHEMBL512895,CHEMBL512895,C[C@@H](c1ccc(-c2ccncc2Cl)cc1)[C@H](N)C(=O)N1CC[C@H](F)C1,,7.15,1,7.15,7.15,IC50,B,single protein format,single_protein,8,H,2008,,361.8480000000001,3.403200000000002,59.22,1,3,4,3,2,0.3684210526315789,0.9074559026851494
CHEMBL1683135,CHEMBL1683135,Cc1ccc(N2CCC([C@H](N)Cc3cc(F)ccc3F)CC2)c(C)n1,,7.15,1,7.15,7.15,IC50,B,single protein format,single_protein,8,H,2011,,345.4370000000001,3.763040000000003,42.15,1,3,4,3,2,0.45,0.9172729411958516
CHEMBL3890161,CHEMBL3890161,N[C@H]1Cc2c(ccc3cc(N4CCOCC4)ccc23)O[C@@H]1c1cc(F)c(F)cc1F,,7.15,1,7.15,7.15,IC50,B,cell-based format,cell_based,9,D,2016,,414.427,4.0972000000000035,47.72,1,4,2,5,3,0.30434782608695654,0.6418681013885705
CHEMBL439836,CHEMBL439836,CS(=O)(=O)NCCS(=O)(=O)N[C@@H]1CC[C@@H]([C@H](N)C(=O)N2CCCC2)C1,,7.15,1,7.15,7.15,IC50,B,single protein format,single_protein,8,H,2004,,396.5350000000003,-1.4265999999999954,138.67000000000002,3,6,8,2,0,0.9285714285714286,0.4598438927438918
CHEMBL373148,CHEMBL373148,COc1cc2c(cc1OC)C(C(C)(C)C)N(C(=O)C[C@H](N)C(=O)N1CCC[C@H]1C#N)CC2,,7.14,1,7.14,7.14,IC50,B,single protein format,single_protein,8,H,2005,,442.56000000000034,2.40768,108.89000000000001,1,6,5,3,1,0.625,0.750046519821953
CHEMBL1209539,CHEMBL1209539,CCC(=O)c1cnn2c(-c3ccc(Cl)cc3Cl)c(CN)c(C)nc12,,7.14,1,7.14,7.14,Ki,B,single protein format,single_protein,9,D,2010,,363.2480000000002,4.062920000000003,73.28,1,4,4,3,3,0.23529411764705882,0.7096635654330595
CHEMBL3217160,CHEMBL1739129,Cc1ccc(-c2c(CC(=O)NCC(=O)O)c(C)nc(CC(C)C)c2CN)cc1,,7.14,1,7.14,7.14,IC50,B,cell-based format,cell_based,9,D,2011,,383.4920000000002,2.7659400000000005,105.31,3,4,8,2,2,0.4090909090909091,0.6499581712379838
CHEMBL474559,CHEMBL474559,CC(C)(CC(=O)N[C@H]1C[C@@H]1c1cccc(OC(F)(F)F)c1)NCC(=O)N1CCC[C@H]1C#N,,7.14,1,7.14,7.14,IC50,B,single protein format,single_protein,9,D,2009,,452.47700000000026,2.8301800000000013,94.46000000000001,2,5,8,3,1,0.5909090909090909,0.6327095533837366
CHEMBL210225,CHEMBL210225,O=C([C@@H]1CN[C@H](C(=O)N2CCCC2)C1)N1Cc2ccc(F)cc2C1,,7.14,1,7.14,7.14,IC50,B,single protein format,single_protein,9,D,2006,,331.391,1.2683999999999995,52.650000000000006,1,3,2,4,1,0.5555555555555556,0.8878765500188724
CHEMBL1683142,CHEMBL1683142,N[C@H](Cc1cc(F)ccc1F)C1CCN(c2cnc(O)nc2)CC1,,7.14,1,7.14,7.14,IC50,B,single protein format,single_protein,8,H,2011,,334.37000000000006,2.2468000000000004,75.27,2,5,4,3,2,0.4117647058823529,0.8968596529606879
CHEMBL3902771,CHEMBL3902771,CC#CCn1c(N2CCC[C@@H](N)C2)nc2c1c(=O)n(CCCC1CCN(C(=O)OC(C)C)CC1)c(=O)n2C,,7.14,1,7.14,7.14,IC50,B,single protein format,single_protein,9,D,2016,,527.6700000000004,1.8847000000000012,120.62000000000003,1,7,7,4,2,0.7037037037037037,0.5460273233112853
CHEMBL210718,CHEMBL210718,O=C([C@@H]1CN[C@H](C(=O)N2CCCC2)C1)N1Cc2ccc(C(F)(F)F)cc2C1,,7.14,1,7.14,7.14,IC50,B,single protein format,single_protein,9,D,2006,,381.398,2.1481000000000003,52.650000000000006,1,3,2,4,1,0.5789473684210527,0.8542429111089807
CHEMBL2206487,CHEMBL2206487,Cc1sc(C2(NC(=O)C[C@H](N)Cc3ccccc3F)CCS(=O)(=O)CC2)nc1-c1ccccc1,,7.14,1,7.14,7.14,IC50,B,single protein format,single_protein,9,D,2012,,501.6490000000003,3.737820000000003,102.14999999999999,2,6,7,4,3,0.36,0.5135776546472536
CHEMBL1209764,CHEMBL1209764,CCN(CC)c1nc2nc(C)c(CN)c(-c3ccc(Cl)cc3Cl)n2n1,,7.14,1,7.14,7.14,Ki,B,single protein format,single_protein,9,D,2010,,379.2950000000001,3.711420000000002,72.34,1,5,5,3,3,0.35294117647058826,0.7317600756024846
CHEMBL209981,CHEMBL209981,Cc1ccc2c(c1)CN(C(=O)[C@@H]1CN[C@H](C(=O)N3CCCC3)C1)C2,,7.14,1,7.14,7.14,IC50,B,single protein format,single_protein,9,D,2006,,327.4280000000002,1.4377199999999997,52.650000000000006,1,3,2,4,1,0.5789473684210527,0.8941578762769817
CHEMBL2147189,CHEMBL2220153,Cn1c(=O)c2c(nc(N3CCC[C@@H](N)C3)n2Cc2ccccc2Cl)c2cccc(C(=O)O)c21,,7.14,1,7.14,7.14,IC50,B,single protein format,single_protein,9,D,2012,,465.9410000000001,3.215600000000001,106.38000000000001,2,5,4,5,4,0.2916666666666667,0.4790039698443739
CHEMBL193202,CHEMBL193202,COc1ccc2c(c1)CCN(C(=O)C[C@H](N)C(=O)N1CCC[C@H]1C#N)C2C(C)(C)C,,7.14,1,7.14,7.14,IC50,B,single protein format,single_protein,8,H,2005,,412.5340000000002,2.3990800000000005,99.66,1,5,4,3,1,0.6086956521739131,0.8185248727379694
CHEMBL2147191,CHEMBL2220155,Cn1c(=O)c2c(nc(N3CCC[C@@H](N)C3)n2Cc2ccccc2Cl)c2ccc(-c3ccccc3)cc21,,7.14,1,7.14,7.14,IC50,B,single protein format,single_protein,9,D,2012,,498.0300000000001,5.184400000000005,69.08000000000001,1,4,4,6,5,0.2413793103448276,0.3710180446019978
CHEMBL171437,CHEMBL171437,N[C@H](C(=O)N1CCCC1)[C@H]1CC[C@H](NS(=O)(=O)c2ccc(C(=O)O)cc2)C1,,7.14,1,7.14,7.14,IC50,B,single protein format,single_protein,8,H,2004,,395.48100000000017,0.7815000000000005,129.79999999999998,3,5,6,3,1,0.5555555555555556,0.652607823017265
CHEMBL196938,CHEMBL196938,Cn1nc(C(F)(F)F)c2c1CN(C(=O)C[C@H](N)Cc1cc(F)ccc1F)CC2,,7.14,1,7.14,7.14,IC50,B,single protein format,single_protein,9,D,2005,,402.3670000000002,2.5619000000000014,64.15,1,3,4,3,2,0.4444444444444444,0.7999849772270348
CHEMBL383488,CHEMBL383488,N#C[C@@H]1CC[C@H](C#N)N1C(=O)CNC12CC3CC(CC1C3)C2,,7.14,1,7.14,7.14,IC50,B,single protein format,single_protein,9,D,2006,,298.3900000000001,1.5614599999999992,79.92,1,4,3,5,0,0.8235294117647058,0.8572095177662931
CHEMBL5980526,CHEMBL5980526,N[C@H]1Cc2c(ccc3ccc(-c4cccc(C[SH](=O)=O)c4)cc23)O[C@@H]1c1cc(F)c(F)cc1F,,7.13,1,7.13,7.13,IC50,B,cell-based format,cell_based,9,D,2019,,483.51100000000014,5.039000000000003,69.39,2,4,4,5,4,0.15384615384615385,0.31532668798483876
CHEMBL206434,CHEMBL206434,CN(CC#N)C(=O)[C@@H](N)C12CC3CC(CC(C3)C1)C2,,7.13,1,7.13,7.13,Ki,B,single protein format,single_protein,9,D,2006,,261.36899999999997,1.512079999999999,70.12,1,3,3,4,0,0.8666666666666667,0.782859979663515
CHEMBL4468590,CHEMBL4468590,CC#CCn1c(N2CCC[C@@H](N)C2)nc2c1c(=O)n(Cc1ccc(Cl)cc1C(=O)OCC)c(=O)n2C,,7.13,1,7.13,7.13,IC50,B,cell-based format,cell_based,9,D,2019,,512.9980000000003,1.7259,117.38000000000002,1,7,6,4,3,0.44,0.3944968847089748
CHEMBL206792,CHEMBL1182023,CCn1cc(-c2ccc([C@H](C)[C@H](N)C(=O)N3CC[C@H](F)C3)cc2)ccc1=O,,7.13,1,7.13,7.13,IC50,B,single protein format,single_protein,9,D,2006,,371.4560000000001,2.5364000000000004,68.33,1,3,5,3,2,0.42857142857142855,0.8781897876270357
CHEMBL3236120,CHEMBL3236120,NC[C@H]1CN(c2ccc3nc(C(F)(F)F)nn3n2)C(=O)C[C@@H]1c1cc(F)ccc1F,,7.13,1,7.13,7.13,IC50,B,assay format,other,9,D,2014,,426.3490000000001,2.5167,89.41,1,5,3,4,3,0.3333333333333333,0.6505249417813638
CHEMBL2069851,CHEMBL2069851,N[C@@H](CC(=O)N1CCN(C(=O)c2cnccn2)CC1)Cc1cc(F)c(F)cc1F,,7.13,1,7.13,7.13,IC50,B,single protein format,single_protein,9,D,2012,,407.3960000000002,1.1384000000000003,92.42000000000002,1,5,5,3,2,0.3684210526315789,0.75077970466086
CHEMBL2086598,CHEMBL2086598,NC(=O)[C@@H]1CCCN1C(=O)CCCNC(=O)c1ccc(F)cc1,,7.13,1,7.13,7.13,IC50,B,assay format,other,9,D,2012,,321.352,0.8119999999999994,92.5,2,3,6,2,1,0.4375,0.7595402508297453
CHEMBL4436620,CHEMBL4436620,CC#CCn1c(N2CCC[C@@H](N)C2)cc(=O)n(Cc2ccccc2C(=O)OC)c1=O,,7.13,1,7.13,7.13,IC50,B,cell-based format,cell_based,9,D,2019,,410.47400000000016,0.7957000000000001,99.56,1,6,5,3,2,0.4090909090909091,0.5781323836283323
CHEMBL428747,CHEMBL1185704,CC(=O)N(C)C1CCC([C@H](C(=O)N(C)C)[C@H](N)C(=O)N2CC[C@H](F)C2)CC1,,7.13,2,6.72,7.54,IC50,B,cell-based format;single protein format,mixed,9,D,2007,,384.4960000000002,0.6256000000000017,86.95,1,4,5,2,0,0.8421052631578947,0.7530410680854155
CHEMBL1683565,CHEMBL1683565,N[C@H]1CN(c2cc(NC3CC3)ncn2)C[C@@H]1N1CCCCC1=O,,7.13,1,7.13,7.13,IC50,B,single protein format,single_protein,9,D,2011,,316.4090000000001,0.579299999999999,87.38,2,6,4,4,1,0.6875,0.8447416645310966
CHEMBL207912,CHEMBL207912,N#C[C@@H]1CC[C@H](C#N)N1C(=O)CNC12CC3CC(CC(O)(C3)C1)C2,,7.13,1,7.13,7.13,IC50,B,single protein format,single_protein,9,D,2006,,328.41600000000017,1.0664599999999989,100.15,2,5,3,5,0,0.8333333333333334,0.806880197608739
CHEMBL1209613,CHEMBL1209613,Cc1cccc(-c2cc3nc(C)c(CN)c(-c4ccc(Cl)cc4Cl)n3n2)c1,,7.12,1,7.12,7.12,Ki,B,single protein format,single_protein,9,D,2010,,397.3090000000001,5.445640000000004,56.209999999999994,1,3,3,4,4,0.14285714285714285,0.5005093624601819
CHEMBL382980,CHEMBL382980,O=C(CNC1CCC1)N1CCC[C@H]1B(O)O,,7.12,1,7.12,7.12,IC50,B,single protein format,single_protein,9,D,2005,,226.085,-0.8684999999999996,72.80000000000001,3,4,4,2,0,0.9,0.544762024651394
CHEMBL210691,CHEMBL210691,N#C[C@@H]1CCCN1C(=O)[C@@H]1CC[C@H](COc2c(Cl)cccc2Cl)N1,,7.12,1,7.12,7.12,Ki,B,single protein format,single_protein,9,D,2006,,368.264,3.0073800000000013,65.36,1,4,4,3,1,0.5294117647058824,0.8874894389694327
CHEMBL2334682,CHEMBL2334682,CC(C)(C)CCN1CCC([C@H](N)C(=O)N2[C@H](C#N)C[C@@H]3C[C@@H]32)CC1,,7.12,1,7.12,7.12,Ki,B,single protein format,single_protein,9,D,2013,,332.4920000000002,1.9748800000000004,73.36,1,4,4,3,0,0.8947368421052632,0.8541033745147977
CHEMBL2069856,CHEMBL2069856,N[C@@H](CC(=O)N1CCN(C(=O)c2cc3ccccc3o2)CC1)Cc1cc(F)c(F)cc1F,,7.12,1,7.12,7.12,IC50,B,single protein format,single_protein,9,D,2012,,445.44100000000026,3.0946000000000016,79.78000000000002,1,4,5,4,3,0.30434782608695654,0.6124686615372852
CHEMBL232845,CHEMBL232845,N[C@@H](CC(=O)N1CCn2c(nnc2C(F)(F)F)C1)Cc1cc(F)c(Cl)cc1F,,7.12,1,7.12,7.12,IC50,B,single protein format,single_protein,9,D,2007,,423.77300000000014,2.5308,77.04,1,4,4,3,2,0.4375,0.6053771802023016
CHEMBL472976,CHEMBL472976,CC(C)(CC(=O)N[C@H]1C[C@@H]1c1cc(F)cc(F)c1)NCC(=O)N1CCC[C@H]1C#N,,7.12,1,7.12,7.12,IC50,B,single protein format,single_protein,9,D,2009,,404.46100000000024,2.2097800000000003,85.23,2,4,7,3,1,0.5714285714285714,0.7297776070315328
CHEMBL1683140,CHEMBL1683140,N[C@H](Cc1cc(F)ccc1F)C1CCN(c2cncnc2)CC1,,7.12,1,7.12,7.12,IC50,B,single protein format,single_protein,8,H,2011,,318.37100000000004,2.541200000000001,55.04,1,4,4,3,2,0.4117647058823529,0.9410988358595881
CHEMBL1683986,CHEMBL1739424,N[C@@H](CC(=O)N1CCn2nnc(-c3ccc(C(F)(F)F)cc3)c2C1)Cc1cc(F)c(F)cc1F,,7.12,1,7.12,7.12,IC50,B,single protein format,single_protein,9,D,2011,,483.41600000000017,3.683500000000003,77.04,1,4,5,4,3,0.3181818181818182,0.4438741119181316
CHEMBL192425,CHEMBL1181811,CCOC(=O)c1cccc(-c2ccc([C@H](C)[C@H](N)C(=O)N3CC[C@H](F)C3)cc2)c1,,7.12,1,7.12,7.12,IC50,B,single protein format,single_protein,8,H,2005,,398.4780000000001,3.531500000000002,72.63,1,4,6,3,2,0.391304347826087,0.7558200533249146
CHEMBL370340,CHEMBL370340,CC(C)([C@H](N)C(=O)N1C[C@@H](F)C[C@H]1C#N)S(=O)(=O)Cc1ccc(S(C)(=O)=O)cc1,,7.12,1,7.12,7.12,Ki,B,single protein format,single_protein,9,D,2005,,445.53800000000024,0.5733800000000007,138.39999999999998,1,7,6,2,1,0.5555555555555556,0.6753696214206576
CHEMBL246980,CHEMBL246980,NC1CN(c2nccc(-c3ccsc3)n2)CC1c1ccc(Cl)cc1Cl,,7.12,1,7.12,7.12,Ki,B,single protein format,single_protein,9,D,2007,,391.3270000000001,4.443000000000002,55.04,1,5,3,4,3,0.2222222222222222,0.7172058412752566
CHEMBL566617,CHEMBL566617,N[C@@H](CCN1CCC[C@H]1c1nc(-c2ccccc2)co1)Cc1ccccc1F,,7.12,1,7.12,7.12,IC50,B,assay format,other,9,D,2009,,379.47900000000016,4.5777000000000045,55.29,1,4,7,4,3,0.34782608695652173,0.6529117607484053
CHEMBL485827,CHEMBL485827,CC(C)(CNS(=O)(=O)c1ccccc1)NCC(=O)N1C[C@@H](F)C[C@H]1C#N,,7.12,1,7.12,7.12,IC50,B,cell-free format,other,9,D,2008,,382.4610000000001,0.7956799999999999,102.30000000000001,2,5,7,2,1,0.5294117647058824,0.7260760116790091
CHEMBL3093921,CHEMBL3093921,N#C[C@@H]1CCCN1C(=O)[C@@H](N)Cc1ccc(N)cc1,,7.12,1,7.12,7.12,IC50,B,assay format,other,9,D,2013,,258.325,0.6531799999999993,96.14,2,4,3,2,1,0.42857142857142855,0.7780297176210887
CHEMBL4742337,CHEMBL4742337,CC#CCn1c(N2CCC[C@@H](N)C2)nc2c1c(=O)n(CCCN1CCN(c3nnc(-c4ccccc4)[nH]3)CC1)c(=O)n2C,,7.12,1,7.12,7.12,IC50,B,single protein format,single_protein,9,D,2020,,585.7170000000001,0.8449000000000031,139.13,2,9,8,6,4,0.5,0.2881717162213984
CHEMBL182223,CHEMBL1181579,NC(CC(=O)N1CCC[C@H]1C(=O)NCc1ccc(C(=O)O)cc1)Cc1ccc(F)c(F)c1,,7.12,1,7.12,7.12,IC50,B,single protein format,single_protein,9,D,2004,,445.4660000000002,2.2302999999999997,112.73,3,4,8,3,2,0.34782608695652173,0.5768960864405657
CHEMBL281561,CHEMBL281561,N[C@H](C(=O)N1CC[C@@H](F)C1)[C@H]1CC[C@H](NS(=O)(=O)c2ccc(OC(F)(F)F)cc2)CC1,,7.12,1,7.12,7.12,IC50,B,single protein format,single_protein,8,H,2004,,467.4850000000002,2.3199999999999994,101.73,2,5,6,3,1,0.631578947368421,0.6256449206373427
CHEMBL1683141,CHEMBL1683141,COc1ncc(N2CCC([C@H](N)Cc3cc(F)ccc3F)CC2)cn1,,7.11,1,7.11,7.11,IC50,B,single protein format,single_protein,8,H,2011,,348.3970000000001,2.5498000000000003,64.27,1,5,5,3,2,0.4444444444444444,0.8996039953011664
CHEMBL3236117,CHEMBL3236117,Cc1cc2ncc(N3C[C@H](CN)[C@@H](c4cc(F)ccc4F)CC3=O)c(C)n2n1,,7.11,1,7.11,7.11,IC50,B,assay format,other,9,D,2014,,385.4180000000002,2.7197400000000007,76.52000000000001,1,4,3,4,3,0.35,0.7521714492580623
CHEMBL1683499,CHEMBL1739536,CCOC(=O)C(Oc1ccc(CNC(=O)C2SCCN2C(=O)C[C@H](N)Cc2cc(F)c(F)cc2F)cc1)C(C)C,,7.11,1,7.11,7.11,IC50,B,single protein format,single_protein,9,D,2011,,581.6570000000003,3.5482000000000022,110.96,2,7,12,3,2,0.4642857142857143,0.2914459079868284
CHEMBL1683134,CHEMBL1683134,N#Cc1cncc(N2CCC([C@H](N)Cc3cc(F)ccc3F)CC2)c1,,7.11,1,7.11,7.11,IC50,B,single protein format,single_protein,8,H,2011,,342.3930000000001,3.0178800000000017,65.94,1,4,4,3,2,0.3684210526315789,0.9274623593970909
CHEMBL234911,CHEMBL234911,Cc1nc(C(=O)[C@@H]2CCCN2C(=O)CNC(C)(C)CO)no1,,7.11,1,7.11,7.11,IC50,B,single protein format,single_protein,9,D,2007,,310.35400000000004,-0.08777999999999903,108.56,2,7,6,2,1,0.7142857142857143,0.7068728602721103
CHEMBL250399,CHEMBL250399,N#Cc1cc(CN2C[C@H](N)[C@H](C(=O)N3CCCC3)C2)ccc1F,,7.11,1,7.11,7.11,IC50,B,single protein format,single_protein,9,D,2007,,316.38,1.0788799999999996,73.36,1,4,3,3,1,0.5294117647058824,0.905428312565511
CHEMBL480705,CHEMBL480705,N#C[C@@H]1C[C@H](F)CN1C(=O)CN[C@H]1[C@@H]2CN(c3ncccc3[N+](=O)[O-])C[C@@H]21,,7.11,1,7.11,7.11,IC50,B,cell-free format,other,9,D,2008,,374.37600000000015,0.4765800000000002,115.4,1,7,5,4,1,0.5882352941176471,0.5884771008958367
CHEMBL1681811,CHEMBL1739373,Cc1nnn2c1CN(C(=O)C[C@H](N)Cc1cc(F)c(F)cc1F)CC2,,7.11,1,7.11,7.11,IC50,B,single protein format,single_protein,9,D,2011,,353.34800000000007,1.3061199999999995,77.04,1,4,4,3,2,0.4375,0.8410212180333366
CHEMBL1681806,CHEMBL1739320,N[C@@H](CC(=O)N1CCSC1C(=O)NCc1ccccc1)Cc1cc(F)c(F)cc1F,,7.11,1,7.11,7.11,IC50,B,single protein format,single_protein,9,D,2011,,437.48700000000014,2.5817000000000014,75.43,2,4,7,3,2,0.3333333333333333,0.6533052371559117
CHEMBL3952691,CHEMBL3952691,COc1ccc2ccc3c(c2c1)C[C@H](N)[C@@H](c1ccc(F)cc1F)O3,,7.11,1,7.11,7.11,IC50,B,cell-based format,cell_based,9,D,2016,,341.357,4.130100000000003,44.480000000000004,1,3,2,4,3,0.2,0.7621600081262218
CHEMBL557851,CHEMBL557851,CS(=O)(=O)c1ccc(C(=O)NC[C@@H]2CCCN2C(=O)C[C@H](N)Cc2ccccc2F)cc1,,7.11,1,7.11,7.11,IC50,B,single protein format,single_protein,8,H,2009,,461.5590000000002,1.9101000000000001,109.57000000000001,2,5,8,3,2,0.391304347826087,0.6241745961354328
CHEMBL552071,CHEMBL1194346,N[C@H]1Cn2c(nc3cc(F)ccc32)C[C@@H]1c1cc(F)c(F)cc1F,,7.11,1,7.11,7.11,IC50,B,single protein format,single_protein,9,D,2009,,335.30400000000003,3.259900000000002,43.84,1,2,1,4,3,0.23529411764705882,0.5479221034600747
CHEMBL5786497,CHEMBL5786497,COc1ccc2ccc3c(c2c1)CC(N)C(c1ccc(F)cc1F)O3,,7.11,1,7.11,7.11,IC50,B,cell-based format,cell_based,9,D,2019,,341.357,4.130100000000003,44.480000000000004,1,3,2,4,3,0.2,0.7621600081262218
CHEMBL5418532,CHEMBL5418532,Cc1cccc(C2C=C(c3ccccc3)N=C(Nc3nc(N)nc(N4CCOCC4)n3)O2)c1,,7.11,1,7.11,7.11,IC50,B,single protein format,single_protein,9,D,2023,,443.5110000000003,3.1793200000000015,110.78,2,9,4,5,3,0.25,0.6325790249021163
CHEMBL1650419,CHEMBL1650419,Cc1nc(N2CCC[C@@H](N)C2)n(Cc2ccccc2C#N)c(=O)c1-c1ccoc1,,7.11,1,7.11,7.11,IC50,B,single protein format,single_protein,9,D,2011,,389.4590000000002,2.6592000000000002,101.08,1,6,4,4,3,0.3181818181818182,0.7361053914409587
CHEMBL520575,CHEMBL520575,N#Cc1ccc(N2CCC(NCC(=O)N3C[C@@H](F)C[C@H]3C#N)CC2)cc1,,7.1,1,7.1,7.1,Ki,B,cell-free format,other,9,D,2008,,355.41700000000014,1.5792599999999994,83.16,1,5,4,3,1,0.5263157894736842,0.8865481053376585
CHEMBL248838,CHEMBL248838,N[C@H]1CN(C(=O)c2ccc3ccccc3c2)C[C@H]1C(=O)N1CCCC1,,7.1,1,7.1,7.1,IC50,B,single protein format,single_protein,9,D,2007,,337.4230000000002,1.8615,66.64,1,3,2,4,2,0.4,0.9095202406479941
CHEMBL1929393,CHEMBL1962482,Cc1nc2cc(C(C)(C)C)nn2c(C)c1C(=O)NCC(C)(C)NCC(=O)N1CCC[C@H]1C#N,,7.1,1,7.1,7.1,IC50,B,single protein format,single_protein,9,D,2011,,453.59100000000035,2.25622,115.42000000000002,2,6,6,3,2,0.625,0.6931836585308941
CHEMBL4059789,CHEMBL4116158,Cc1ccc(-c2c(CN)c(CC(C)C)nc(C)c2C(=O)OC[C@H]2CC[C@H](C(=O)O)CC2)cc1,,7.1,1,7.1,7.1,IC50,B,assay format,other,9,D,2017,,452.5950000000003,5.070440000000005,102.51,2,5,8,3,2,0.5185185185185185,0.5421837690899893
CHEMBL4204176,CHEMBL4204176,N#Cc1ccccc1Cn1c(N2CCNCC2)cc(=O)n2nccc12,,7.1,1,7.1,7.1,IC50,B,single protein format,single_protein,9,D,2018,,334.383,0.8255799999999998,78.36,1,5,3,4,3,0.2777777777777778,0.7673639997347034
CHEMBL3236119,CHEMBL3236119,NC[C@H]1CN(c2ccc3nnc(C(F)(F)F)n3n2)C(=O)C[C@@H]1c1cc(F)ccc1F,,7.1,1,7.1,7.1,IC50,B,assay format,other,9,D,2014,,426.3490000000001,2.5167,89.41,1,5,3,4,3,0.3333333333333333,0.6505249417813638
CHEMBL365441,CHEMBL365441,O=C(c1nc2ccccc2s1)[C@@H]1CCN1C(=O)[C@@H]1C[C@@H]2CCCC[C@@H]2N1,,7.1,1,7.1,7.1,IC50,B,single protein format,single_protein,9,D,2008,,369.4900000000002,3.0006000000000013,62.300000000000004,1,5,3,5,2,0.55,0.8451151771587736
CHEMBL179289,CHEMBL179289,N#C[C@@H]1CCCN1C(=O)[C@@H](N)CC(=O)N1CCc2ccccc2C1,,7.1,2,7.0,7.2,IC50,B,single protein format,single_protein,8,H,2005,,326.40000000000003,0.80328,90.42999999999999,1,4,3,3,1,0.5,0.8894854686407527
CHEMBL1688415,CHEMBL1688415,Cc1nc(C(=O)NC2CC2)cc(-c2ccc(F)cc2)c1CN,,7.1,1,7.1,7.1,IC50,B,single protein format,single_protein,9,D,2010,,299.34900000000005,2.54702,68.01,2,3,4,3,2,0.29411764705882354,0.9113616534214625
CHEMBL184572,CHEMBL184572,CCC(C)[C@@H](N)C(=O)N1N=CCC1C#N,,7.1,1,7.1,7.1,IC50,F,cell-based format,cell_based,9,D,2004,,208.265,0.47007999999999994,82.48,1,4,3,1,0,0.7,0.7314283016890365
CHEMBL1082974,CHEMBL1198827,CCN(CC)C(=O)O[C@H]1C[C@H]2C[C@@H](NCC(=O)N3CCC[C@H]3C#N)C[C@H]2C1,,7.1,1,7.1,7.1,IC50,B,single protein format,single_protein,8,H,2010,,376.5010000000002,2.1261799999999997,85.67,1,5,6,3,0,0.85,0.7674181720150844
CHEMBL217155,CHEMBL217155,C#C[C@H]1CC[C@@H](C#N)N1C(=O)CNC1CCCCC1,,7.1,1,7.1,7.1,Ki,B,cell-based format,cell_based,9,D,2006,,259.353,1.4250799999999995,56.13,1,3,3,2,0,0.7333333333333333,0.7799722904694409
CHEMBL3357770,CHEMBL3357770,N[C@@H](CC(=O)N1[C@H](COC(=O)C2CC2)C[C@@H]2CCCC[C@@H]21)Cc1cc(F)c(F)cc1F,,7.1,1,7.1,7.1,IC50,B,single protein format,single_protein,9,D,2014,,438.4900000000001,3.476700000000001,72.63,1,4,7,4,1,0.6521739130434783,0.5227027066118753
CHEMBL1683500,CHEMBL1739422,CC(C)C(C(=O)O)N(C)c1ccc(CNC(=O)C2SCCN2C(=O)C[C@H](N)Cc2cc(F)c(F)cc2F)cc1,,7.1,1,7.1,7.1,IC50,B,single protein format,single_protein,9,D,2011,,566.6460000000003,3.1271000000000013,115.96999999999998,3,6,11,3,2,0.4444444444444444,0.3581515558209853
CHEMBL1683501,CHEMBL1739423,CCOC(=O)C(C(C)C)N(C)c1ccc(CNC(=O)C2SCCN2C(=O)C[C@H](N)Cc2cc(F)c(F)cc2F)cc1,,7.1,1,7.1,7.1,IC50,B,single protein format,single_protein,9,D,2011,,594.7000000000004,3.6056000000000017,104.97,2,7,12,3,2,0.4827586206896552,0.28589743023203684
CHEMBL428937,CHEMBL428937,N[C@H]1CN(Cc2ccc(F)c(F)c2)C[C@H]1C(=O)N1CCCC1,,7.1,1,7.1,7.1,IC50,B,single protein format,single_protein,9,D,2007,,309.3600000000001,1.3462999999999996,49.57,1,3,3,3,1,0.5625,0.9167116254953784
CHEMBL94312,CHEMBL94312,N#C[C@@H]1CCCN1C(=O)CNC1CCC1,,7.1,1,7.1,7.1,IC50,B,assay format,other,8,H,2003,,207.277,0.6430799999999994,56.13,1,3,3,2,0,0.8181818181818182,0.7386703268687395
CHEMBL250400,CHEMBL250400,N#Cc1ccc(CN2C[C@H](N)[C@H](C(=O)N3CCCC3)C2)cc1,,7.09,1,7.09,7.09,IC50,B,single protein format,single_protein,9,D,2007,,298.39000000000004,0.9397799999999996,73.36,1,4,3,3,1,0.5294117647058824,0.9010913931851552
CHEMBL3644797,CHEMBL3644797,N[C@@H](CC(=O)N1CCc2c(nc(-c3ccco3)nc2C(F)(F)F)C1)CN1C(=O)CCC(F)C1O,,7.09,1,7.09,7.09,IC50,B,single protein format,single_protein,9,D,2013,,485.4380000000003,1.6363999999999999,125.79,2,7,5,4,2,0.5238095238095238,0.6169433614974136
CHEMBL389151,CHEMBL389151,N[C@@H](CC(=O)N1CCn2c(nnc2C(F)(F)F)C1)Cc1ccc(F)cc1F,,7.09,1,7.09,7.09,IC50,B,single protein format,single_protein,9,D,2007,,389.32800000000015,1.8773999999999995,77.04,1,4,4,3,2,0.4375,0.810506518992236
CHEMBL187963,CHEMBL1181666,C[C@@H](Oc1ccc(CNC(=O)[C@@H]2CCCN2C(=O)CC(N)Cc2ccccc2F)cc1)C(=O)O,,7.09,1,7.09,7.09,IC50,B,single protein format,single_protein,9,D,2004,,471.52900000000017,2.2449,121.96,3,5,10,3,2,0.4,0.4886380905249793
CHEMBL3675636,CHEMBL3675636,Cc1nc(CN2C(=O)c3c(nc(N4CCC[C@@H](N)C4)n3Cc3ccccc3C#N)N3CCN=C23)nc2ccccc12,,7.09,1,7.09,7.09,IC50,B,single protein format,single_protein,9,D,2014,,546.6390000000004,2.8142000000000005,132.56,1,9,5,7,4,0.3333333333333333,0.404160154688914
CHEMBL196545,CHEMBL196545,N[C@H](C(=O)N1C(F)C(F)C(F)C1F)C1CCCCC1,,7.09,1,7.09,7.09,Ki,B,single protein format,single_protein,9,D,2005,,282.281,2.0036000000000005,46.330000000000005,1,2,2,2,0,0.9166666666666666,0.6217923278814078
CHEMBL1683137,CHEMBL1683137,CCOC(=O)c1cncc(N2CCC([C@H](N)Cc3cc(F)ccc3F)CC2)c1,,7.09,1,7.09,7.09,IC50,B,single protein format,single_protein,8,H,2011,,389.4460000000001,3.3229000000000015,68.45,1,5,6,3,2,0.42857142857142855,0.7678984929854998
CHEMBL230985,CHEMBL1182336,N[C@H]1CN(c2cnccn2)CC[C@@H]1c1cc(F)c(F)cc1F,,7.09,1,7.09,7.09,IC50,B,single protein format,single_protein,8,H,2007,,308.30699999999996,2.2150999999999996,55.04,1,4,2,3,2,0.3333333333333333,0.8644072330812665
CHEMBL171342,CHEMBL171342,N[C@H](C(=O)N1CCCC1)[C@H]1CC[C@H](NS(=O)(=O)c2ccc(S(N)(=O)=O)cc2)C1,,7.08,1,7.08,7.08,IC50,B,single protein format,single_protein,8,H,2004,,430.5520000000002,-0.2692999999999979,152.66,3,6,6,3,1,0.5882352941176471,0.5646800884221196
CHEMBL2206488,CHEMBL2206488,N[C@@H](CC(=O)NC1(c2ccccc2)CCS(=O)(=O)CC1)Cc1cc(F)c(F)cc1F,,7.08,1,7.08,7.08,IC50,B,single protein format,single_protein,9,D,2012,,440.4870000000002,2.5841000000000003,89.25999999999999,2,4,6,3,2,0.38095238095238093,0.676094893693767
CHEMBL330717,CHEMBL330717,N#C[C@@H]1CCCN1C(=O)CNCCNc1ccc(C(F)(F)F)cn1,,7.08,1,7.08,7.08,IC50,B,assay format,other,8,H,2003,,341.337,1.6164799999999997,81.05,2,5,6,2,1,0.5333333333333333,0.7686755643864919
CHEMBL223040,CHEMBL223040,C[C@H](CN1C[C@H](N)[C@@H](c2cc(F)c(F)cc2F)CC1=O)c1ccccc1,,7.08,1,7.08,7.08,Ki,B,single protein format,single_protein,9,D,2007,,362.39500000000004,3.5508000000000024,46.33,1,2,4,3,2,0.35,0.8458014473480692
CHEMBL232725,CHEMBL232725,Cc1nnc(C(=O)[C@@H]2CCCN2C(=O)CNC23CC4CC(CC(C4)C2)C3)o1,,7.08,1,7.08,7.08,IC50,B,single protein format,single_protein,9,D,2007,,372.46900000000016,2.1101199999999993,88.33,1,6,5,6,1,0.8,0.7966329010836182
CHEMBL203084,CHEMBL203084,N#C[C@@H]1CCCN1C(=O)CNCCC(=O)N1CCc2cc(F)ccc2C1,,7.08,1,7.08,7.08,IC50,B,single protein format,single_protein,9,D,2006,,358.4170000000001,1.2046799999999993,76.44,1,4,5,3,1,0.5263157894736842,0.8028551620774829
CHEMBL1202093,CHEMBL1615539,COc1ccc(N2CCN(CCNCC(=O)N3CCC[C@@H]3C#N)C2=O)cc1,,7.08,1,7.08,7.08,IC50,B,single protein format,single_protein,9,D,2009,,371.44100000000014,1.0413799999999995,88.91,1,5,7,3,1,0.5263157894736842,0.7237220376273384
CHEMBL171033,CHEMBL171033,COc1ccc(NC(=O)O[C@@H]2CCC[C@H]([C@H](N)C(=O)N3CCSC3)C2)cc1,,7.08,1,7.08,7.08,IC50,B,single protein format,single_protein,8,H,2004,,393.5090000000002,2.6627,93.89,2,6,5,3,1,0.5789473684210527,0.7987628110125178
CHEMBL210353,CHEMBL210353,O=C([C@@H]1CN[C@H](C(=O)N2CCSC2)C1)N1Cc2ccccc2C1,,7.08,1,7.08,7.08,IC50,B,single protein format,single_protein,9,D,2006,,331.44100000000003,1.0398,52.650000000000006,1,4,2,4,1,0.5294117647058824,0.8797728804597134
CHEMBL233058,CHEMBL233058,N[C@@H](CC(=O)N1CCn2c(nnc2C(F)(F)F)C1)Cc1cc(F)c(F)cc1Cl,,7.08,1,7.08,7.08,IC50,B,single protein format,single_protein,9,D,2007,,423.77300000000014,2.5308,77.04,1,4,4,3,2,0.4375,0.6053771802023016
CHEMBL4799779,CHEMBL4799779,CC#CCn1c(N2CCC[C@@H](N)C2)nc2c1c(=O)n(CCCN1CCN(c3cc(C)nn3-c3ccccc3)CC1)c(=O)n2C,,7.08,1,7.08,7.08,IC50,B,single protein format,single_protein,9,D,2020,,598.7560000000001,1.5539200000000024,115.38,1,8,8,6,4,0.5,0.3041147473447196
CHEMBL515552,CHEMBL515552,CC(C)(CC(=O)N[C@H]1C[C@@H]1c1ccc(F)cc1F)NCC(=O)N1CCC[C@H]1C#N,,7.08,1,7.08,7.08,IC50,B,single protein format,single_protein,9,D,2009,,404.46100000000024,2.2097800000000003,85.23,2,4,7,3,1,0.5714285714285714,0.7297776070315328
CHEMBL2206471,CHEMBL2206471,Cn1cncc1-c1cccc(C2(NC(=O)C[C@H](N)Cc3ccccc3F)CCS(=O)(=O)CC2)c1,,7.08,1,7.08,7.08,IC50,B,single protein format,single_protein,9,D,2012,,484.59700000000026,2.7064000000000004,107.07999999999998,2,5,7,4,3,0.36,0.5362958784007201
CHEMBL3216514,CHEMBL1852301,COC(=O)COc1ccc2nc(CC(C)C)c(CN)c(-c3ccc(C)cc3)c2c1,,7.08,1,7.08,7.08,IC50,B,cell-based format,cell_based,9,D,2011,,392.49900000000014,4.419220000000003,74.44,1,5,7,3,3,0.3333333333333333,0.6026241636856543
CHEMBL3236116,CHEMBL3236116,NC[C@H]1CN(CCc2ccncc2)C(=O)C[C@@H]1c1cc(F)ccc1F,,7.08,1,7.08,7.08,IC50,B,assay format,other,9,D,2014,,345.39300000000003,2.4933000000000005,59.22,1,3,5,3,2,0.3684210526315789,0.90571893854994
CHEMBL1682982,CHEMBL1682982,CN([C@H]1CC[C@H]([C@H](N)Cc2cc(F)ccc2F)CC1)S(=O)(=O)c1ccc(C(N)=O)cc1,,7.08,1,7.08,7.08,IC50,B,single protein format,single_protein,8,H,2011,,451.5390000000002,2.8130000000000006,106.49000000000001,2,4,7,3,2,0.4090909090909091,0.6750339439823223
CHEMBL482261,CHEMBL482261,N#C[C@@H]1C[C@H](F)CN1C(=O)CN[C@H]1[C@@H]2CN(c3ncccn3)C[C@@H]21,,7.08,1,7.08,7.08,IC50,B,cell-free format,other,9,D,2008,,330.3670000000001,-0.03661999999999899,85.15,1,6,4,4,1,0.625,0.834009112157209
CHEMBL5624847,CHEMBL5624847,O=C1c2ccccc2C(=O)N1CC(=O)N1C(=O)S/C(=C\c2ccc(OCc3ccccc3)cc2)C1=O,,7.08,1,7.08,7.08,IC50,B,single protein format,single_protein,9,D,2023,,498.5160000000002,4.124700000000003,101.06,0,7,6,5,3,0.07407407407407407,0.37214753892234825
CHEMBL399693,CHEMBL399693,CC(c1ccc([N+](=O)[O-])cc1)N1C[C@H](N)[C@H](C(=O)N2CCCC2)C1,,7.08,1,7.08,7.08,IC50,B,single protein format,single_protein,9,D,2007,,332.4040000000002,1.5372999999999997,92.71,1,5,4,3,1,0.5882352941176471,0.6666842141451936
CHEMBL379086,CHEMBL379086,COCC1(NCC(=O)N2[C@H](C#N)CC[C@@H]2C#N)CCCC1,,7.08,1,7.08,7.08,IC50,B,single protein format,single_protein,9,D,2006,,290.3670000000001,0.9419600000000006,89.15,1,5,5,2,0,0.8,0.8136976721680074
CHEMBL218289,CHEMBL218289,C[C@H](CCc1ccc(C(N)=O)cc1)NCC(=O)c1ccc(F)cc1,,7.08,1,7.08,7.08,IC50,B,single protein format,single_protein,9,D,2007,,328.387,2.7182000000000013,72.19,2,3,8,2,2,0.2631578947368421,0.7319511688770197
CHEMBL1086466,CHEMBL1086466,CN(C)C(=O)N1C[C@H]2C[C@H](NCC(=O)N3CCC[C@H]3C#N)C[C@H]2C1,,7.08,1,7.08,7.08,IC50,B,single protein format,single_protein,8,H,2010,,333.4360000000001,0.4825800000000007,79.68,1,4,3,3,0,0.8235294117647058,0.8147334835956159
CHEMBL191769,CHEMBL1198533,C[C@@H](c1ccc(-c2ccccc2Cl)cc1)[C@H](N)C(=O)N1CC[C@H](F)C1,,7.07,1,7.07,7.07,IC50,B,single protein format,single_protein,8,H,2005,,360.8600000000002,4.008200000000003,46.330000000000005,1,2,4,3,2,0.35,0.8950304259321781
CHEMBL473166,CHEMBL473166,CC(C)(CC(=O)N[C@H]1C[C@@H]1c1ccccc1)NCC(=O)N1CCC[C@H]1C#N,,7.07,1,7.07,7.07,IC50,B,single protein format,single_protein,9,D,2009,,368.4810000000002,1.9315799999999994,85.23,2,4,7,3,1,0.5714285714285714,0.7700874751166361
CHEMBL195984,CHEMBL195984,N[C@@H](CC(=O)N1CCc2c(noc2C(F)(F)F)C1)Cc1cc(F)ccc1F,,7.07,1,7.07,7.07,IC50,B,single protein format,single_protein,9,D,2005,,389.3240000000001,2.8164000000000007,72.36000000000001,1,4,4,3,2,0.4117647058823529,0.8166923582264782
CHEMBL474560,CHEMBL474560,CC(C)(CC(=O)N[C@H]1C[C@@H]1c1ccc(Cl)cc1)NCC(=O)N1CCC[C@H]1C#N,,7.07,1,7.07,7.07,IC50,B,single protein format,single_protein,9,D,2009,,402.9260000000003,2.5849800000000007,85.23,2,4,7,3,1,0.5714285714285714,0.7335888425698254
CHEMBL473176,CHEMBL473176,CC(C)(CC(=O)N[C@H]1C[C@@H]1c1ccc(C(F)(F)F)cc1)NCC(=O)N1CCC[C@H]1C#N,,7.07,1,7.07,7.07,IC50,B,single protein format,single_protein,9,D,2009,,436.47800000000024,2.950380000000001,85.23,2,4,7,3,1,0.5909090909090909,0.6883772890293218
CHEMBL401269,CHEMBL401269,N[C@H]1CN(C(=O)c2cc3cc(Cl)ccc3o2)C[C@H]1C(=O)N1CCCC1,,7.07,1,7.07,7.07,IC50,B,single protein format,single_protein,9,D,2007,,361.8290000000002,2.1079,79.77999999999999,1,4,2,4,2,0.4444444444444444,0.8879637682051786
CHEMBL479736,CHEMBL479736,N#C[C@@H]1C[C@H](F)CN1C(=O)CN[C@H]1[C@@H]2CN(c3ccc([N+](=O)[O-])cn3)C[C@@H]21,,7.07,1,7.07,7.07,IC50,B,cell-free format,other,9,D,2008,,374.37600000000015,0.47658,115.4,1,7,5,4,1,0.5882352941176471,0.5884771008958366
CHEMBL227418,CHEMBL227418,N#Cc1ccc(NC(=O)N[C@@H]2CN[C@H](C(=O)N3CCSC3)C2)cc1,,7.07,1,7.07,7.07,IC50,B,cell-free format,other,9,D,2007,,345.4280000000001,0.9431799999999995,97.26,3,5,3,3,1,0.4375,0.7575425930900546
CHEMBL2069828,CHEMBL2069828,N[C@@H](CC(=O)N1CCN(c2ccc([N+](=O)[O-])cc2)CC1)Cc1cc(F)c(F)cc1F,,7.07,1,7.07,7.07,IC50,B,single protein format,single_protein,9,D,2012,,422.4070000000002,2.620800000000001,92.71000000000001,1,5,6,3,2,0.35,0.4389612588360531
CHEMBL1682977,CHEMBL1682977,CN([C@H]1CC[C@H]([C@H](N)Cc2cc(F)ccc2F)CC1)S(=O)(=O)c1cccc(C#N)c1,,7.07,1,7.07,7.07,IC50,B,single protein format,single_protein,8,H,2011,,433.52400000000017,3.5857800000000024,87.19,1,4,6,3,2,0.4090909090909091,0.7542834545228533
CHEMBL245780,CHEMBL245780,NC1CN(c2cc(-c3ccc(C(=O)O)cc3)ncn2)CC1c1cc(F)c(F)cc1F,,7.07,1,7.07,7.07,Ki,B,single protein format,single_protein,9,D,2007,,414.3870000000001,3.1902000000000017,92.34,2,5,4,4,3,0.19047619047619047,0.6373808910491943
CHEMBL3425749,CHEMBL3425749,CCc1nnc2n1[C@@H]1CCN(C(=O)C[C@H](N)Cc3cc(F)c(F)cc3F)C[C@@H]1CC2,,7.07,1,7.07,7.07,IC50,B,single protein format,single_protein,9,D,2015,,421.4670000000001,2.553700000000001,77.04,1,4,5,4,2,0.5714285714285714,0.7531577476318191
CHEMBL452297,CHEMBL452297,N[C@@H](CC(=O)N1CCCNC(=O)[C@H]1CC(F)(F)F)Cc1ccccc1F,,7.07,1,7.07,7.07,IC50,B,single protein format,single_protein,8,H,2008,,375.3660000000001,1.7550999999999992,75.43,2,3,5,2,1,0.5294117647058824,0.7703789062403442
CHEMBL4528149,CHEMBL4528149,CC#CCn1c(N2CCC[C@@H](N)C2)nc2c1c(=O)n(Cc1ccc(Br)cc1C(=O)OCC)c(=O)n2C,,7.07,1,7.07,7.07,IC50,B,cell-based format,cell_based,9,D,2019,,557.4490000000002,1.835,117.38000000000002,1,7,6,4,3,0.44,0.3632177401802909
CHEMBL186482,CHEMBL1181635,COC(=O)Cc1ccc(CNC(=O)[C@@H]2CSCN2C(=O)CC(N)Cc2ccccc2F)cc1,,7.06,1,7.06,7.06,IC50,B,single protein format,single_protein,9,D,2004,,473.5700000000002,2.019,101.73,2,6,9,3,2,0.375,0.5406131930474812
CHEMBL25437,CHEMBL25437,N[C@H](C(=O)N1CCCC1)[C@H]1CC[C@H](NS(=O)(=O)c2ccc(F)cc2F)CC1,,7.06,1,7.06,7.06,IC50,B,single protein format,single_protein,8,H,2004,,401.47900000000016,1.7515999999999994,92.5,2,4,5,3,1,0.6111111111111112,0.7862869837545098
CHEMBL277693,CHEMBL277693,N[C@H](C(=O)N1CC[C@@H](F)C1)[C@H]1CC[C@H](NC(=O)OCc2ccccc2)CC1,,7.06,1,7.06,7.06,IC50,B,single protein format,single_protein,8,H,2004,,377.46000000000015,2.3693,84.66000000000001,2,4,5,3,1,0.6,0.8250460653840018
CHEMBL557542,CHEMBL1196586,C[C@H]1c2nnc(C(F)(F)F)n2CCN1C(=O)C[C@H](N)Cc1cc(F)c(F)cc1F,,7.06,1,7.06,7.06,IC50,B,single protein format,single_protein,8,H,2008,,421.3450000000001,2.5775000000000006,77.04,1,4,4,3,2,0.47058823529411764,0.6083371620596874
CHEMBL1287875,CHEMBL1618523,Cn1cnc2cc(N3CCC[C@@](C)(N)C3)n(Cc3cc(F)ccc3C#N)c2c1=O,,7.06,1,7.06,7.06,IC50,B,cell-free format,other,9,D,2010,,394.45400000000006,2.11168,92.87,1,5,3,4,3,0.38095238095238093,0.7344705133157773
CHEMBL472100,CHEMBL472100,CC(C)(NCC(=O)N1C[C@@H](F)C[C@H]1C#N)c1cc2ccccc2o1,,7.06,1,7.06,7.06,IC50,B,cell-free format,other,9,D,2008,,329.37500000000006,2.720080000000001,69.27000000000001,1,4,4,3,2,0.4444444444444444,0.936237112829873
CHEMBL364922,CHEMBL364922,N#Cc1ccc[n+](N2CCN(C(=O)C[C@H](N)C(=O)N3CCC[C@H]3C#N)CC2)c1,,7.06,1,7.06,7.06,IC50,B,single protein format,single_protein,8,H,2005,,382.4480000000002,-1.1420399999999968,121.34,1,6,4,3,1,0.5263157894736842,0.6570555948624139
CHEMBL1683483,CHEMBL1739319,N[C@@H](CC(=O)N1CCSC1C(=O)NCc1ccoc1)Cc1cc(F)c(F)cc1F,,7.06,1,7.06,7.06,IC50,B,single protein format,single_protein,9,D,2011,,427.44800000000015,2.1747000000000005,88.57000000000001,2,5,7,3,2,0.3684210526315789,0.6616005994553495
CHEMBL394834,CHEMBL394834,N[C@@H](CC(=O)N1CCn2c(nnc2C(F)(F)F)C1)Cc1c(F)cc(F)cc1F,,7.06,1,7.06,7.06,IC50,B,single protein format,single_protein,9,D,2007,,407.31800000000015,2.0164999999999997,77.04,1,4,4,3,2,0.4375,0.7872546516937002
CHEMBL563911,CHEMBL563911,N[C@@H](CC(=O)N1CCC[C@H]1CNC(=O)c1cccnc1)Cc1ccccc1F,,7.06,1,7.06,7.06,IC50,B,single protein format,single_protein,8,H,2009,,384.4550000000001,1.9016000000000006,88.32000000000001,2,4,7,3,2,0.38095238095238093,0.763197320549078
CHEMBL237280,CHEMBL237280,CC#CCn1c(N2CCCC(N)C2)nc2c1c(=O)n(C)c(=O)n2C,,7.06,1,7.06,7.06,IC50,B,cell-based format,cell_based,9,D,2007,,330.39200000000005,-0.6154999999999982,91.08000000000001,1,5,2,3,2,0.5625,0.7415613175150235
CHEMBL4082680,CHEMBL4116417,Cc1ccc(-c2c(CN)c(CC(C)C)nc(C)c2C(=O)OCc2cccc(C(=O)O)c2)cc1,,7.06,1,7.06,7.06,IC50,B,assay format,other,9,D,2017,,446.5470000000002,5.077840000000005,102.51,2,5,8,3,3,0.2962962962962963,0.4680222634185617
CHEMBL273206,CHEMBL273206,Cc1csc(N2CCN(C(=O)[C@@H]3CN[C@H](C(=O)N4CCCC4)C3)CC2)n1,,7.050000000000001,2,6.82,7.28,IC50,B,cell-free format;single protein format,mixed,9,D,2008,,377.5140000000003,0.7006200000000005,68.78,1,6,3,4,1,0.7222222222222222,0.839896098955896
CHEMBL402645,CHEMBL402645,CC(C)c1nsc(N2CCN(C(=O)[C@@H]3CN[C@H](C(=O)N4CCCC4)C3)CC2)n1,,7.050000000000001,2,6.82,7.28,IC50,B,cell-free format;single protein format,mixed,9,D,2008,,406.5560000000003,0.910600000000001,81.67,1,7,4,4,1,0.7894736842105263,0.8005385843236107
CHEMBL4764120,CHEMBL4764120,Clc1ccc(CCNc2cc(N3CCNCC3)nc3ccnn23)c(Cl)c1,,7.05,1,7.05,7.05,IC50,B,cell-based format,cell_based,9,D,2020,,391.30600000000004,3.1003000000000007,57.489999999999995,2,5,5,4,3,0.3333333333333333,0.7002268235917106
CHEMBL427259,CHEMBL1185676,N[C@H]1CN(c2ncccn2)CC[C@@H]1c1cc(F)c(F)cc1F,,7.05,1,7.05,7.05,IC50,B,single protein format,single_protein,8,H,2007,,308.30699999999996,2.2150999999999996,55.04,1,4,2,3,2,0.3333333333333333,0.8644072330812665
CHEMBL255491,CHEMBL255491,CC#CCn1c(N2CCCC(N)C2)nc2ccn(Cc3cccc4ccccc34)c(=O)c21,,7.05,1,7.05,7.05,IC50,B,cell-based format,cell_based,9,D,2008,,425.53600000000023,3.3503000000000016,69.08,1,4,4,5,4,0.3076923076923077,0.5093327944405402
CHEMBL2147075,CHEMBL2219989,COc1ccc2c(c1)c1nc(N3CCC[C@@H](N)C3)n(Cc3ccccc3Cl)c1c(=O)n2C,,7.05,1,7.05,7.05,IC50,B,single protein format,single_protein,9,D,2012,,451.9580000000001,3.5260000000000016,78.31,1,5,4,5,4,0.3333333333333333,0.5132400774429547
CHEMBL5624535,CHEMBL5624535,O=C(Nc1ccc(/C=C2\SC(=O)N(C(=O)CN3C(=O)c4ccccc4C3=O)C2=O)cc1)c1cc(O)c(O)c(O)c1,,7.05,1,7.05,7.05,IC50,B,single protein format,single_protein,9,D,2023,,559.5120000000003,2.9148000000000023,181.61999999999995,4,10,5,5,3,0.037037037037037035,0.2060590968258961
CHEMBL385247,CHEMBL385247,C#C[C@H]1CC[C@@H](C#N)N1C(=O)CN[C@H]1CC[C@H](O)CC1,,7.05,1,7.05,7.05,Ki,B,cell-based format,cell_based,9,D,2006,,275.3520000000001,0.3958799999999994,76.36,2,4,3,2,0,0.7333333333333333,0.7308484864784556
CHEMBL5631021,CHEMBL5631021,CS(=O)(=O)n1cc2c(n1)CN(CC(=O)N1C(=O)S/C(=C\c3ccc(OCc4ccccc4)cc3)C1=O)C2,,7.05,1,7.05,7.05,IC50,B,single protein format,single_protein,9,D,2023,,538.6070000000002,2.8485000000000005,118.88000000000002,0,9,7,5,3,0.2,0.4184276301778571
CHEMBL2147067,CHEMBL2220120,CC#CCn1c(N2CCC[C@@H](N)C2)nc2c3cc(C(=O)O)ccc3n(C)c(=O)c21,,7.05,1,7.05,7.05,IC50,B,single protein format,single_protein,9,D,2012,,393.4470000000001,1.5371999999999995,106.38,2,5,3,4,3,0.38095238095238093,0.6539846172259879
CHEMBL585663,CHEMBL585663,N[C@@H](CCN1CCC[C@H]1c1noc(-c2ccccc2)n1)Cc1ccccc1F,,7.05,1,7.05,7.05,IC50,B,assay format,other,9,D,2009,,380.4670000000001,3.9727000000000032,68.18,1,5,7,4,3,0.36363636363636365,0.6716130378237543
CHEMBL23979,CHEMBL23979,N[C@H](C(=O)N1CCCC1)[C@H]1CC[C@H](NS(=O)(=O)c2ccc(OC(F)(F)F)cc2)CC1,,7.05,1,7.05,7.05,IC50,B,single protein format,single_protein,8,H,2004,,449.4950000000002,2.372,101.73,2,5,6,3,1,0.631578947368421,0.6944363920653215
CHEMBL5283569,CHEMBL5283569,O=C(CNC(=O)C1CCCN(S(=O)(=O)c2ccccc2)C1)Nc1ccc(F)cc1,,7.05,1,7.05,7.05,IC50,B,single protein format,single_protein,9,D,2021,,419.47800000000007,1.9812999999999998,95.58000000000001,2,4,6,3,2,0.3,0.748518536884422
CHEMBL382674,CHEMBL1184996,CCOC(=O)Cn1cc(-c2ccc([C@H](C)[C@H](N)C(=O)N3CC[C@H](F)C3)cc2)ccc1=O,,7.05,1,7.05,7.05,IC50,B,single protein format,single_protein,9,D,2006,,429.4920000000002,2.0796,94.63,1,5,7,3,2,0.43478260869565216,0.6803379437123057
CHEMBL5630729,CHEMBL5630729,COc1cc(/C=C2\SC(=O)N(C(=O)CN3CCOCC3)C2=O)ccc1O,,7.05,1,7.05,7.05,IC50,B,single protein format,single_protein,9,D,2023,,378.4060000000001,1.2959,96.38000000000001,1,8,4,3,1,0.35294117647058826,0.7833988361510968
CHEMBL23223,CHEMBL23223,N[C@H](C(=O)N1CCSC1)C1CCCCC1,,7.05,1,7.05,7.05,IC50,B,single protein format,single_protein,8,H,2004,,228.36099999999993,1.4268999999999994,46.330000000000005,1,3,2,2,0,0.9090909090909091,0.7774290356197118
CHEMBL1651765,CHEMBL1651765,N#Cc1ccccc1Cn1c(N2CCC[C@@H](N)C2)nc2scc(C(F)(F)F)c2c1=O,,7.05,1,7.05,7.05,IC50,B,single protein format,single_protein,8,H,2011,,433.45900000000006,3.3242800000000017,87.94,1,6,3,4,3,0.35,0.6846971001667084
CHEMBL34972,CHEMBL34972,Cc1ccc(-c2nc(N)c(CN)c(-c3ccc(Cl)cc3Cl)n2)cc1,,7.05,1,7.05,7.05,IC50,F,assay format,other,8,H,2004,,359.26000000000005,4.466720000000001,77.82,2,4,3,3,3,0.1111111111111111,0.7234426070724497
CHEMBL4468423,CHEMBL4468423,CC#CCn1c(N2CCC[C@@H](N)C2)cc(=O)n(Cc2ccccc2CC(=O)O)c1=O,,7.05,1,7.05,7.05,IC50,B,cell-based format,cell_based,9,D,2019,,410.47400000000016,0.6362000000000005,110.56,2,5,6,3,2,0.4090909090909091,0.6763607654407353
CHEMBL425584,CHEMBL425584,N[C@@H](CC(=O)N1CCC[C@H]1CNC(=O)c1ccccc1)Cc1ccccc1F,,7.05,1,7.05,7.05,IC50,B,single protein format,single_protein,9,D,2006,,383.4670000000001,2.5066000000000006,75.43,2,3,7,3,2,0.36363636363636365,0.7714209476650218
CHEMBL567263,CHEMBL567263,N[C@@H](CCN1CCC[C@H]1CNC(=O)c1ccccc1)Cc1ccccc1F,,7.05,1,7.05,7.05,IC50,B,assay format,other,9,D,2009,,369.4840000000001,2.9800000000000013,58.36,2,3,8,3,2,0.4090909090909091,0.7520914543169013
CHEMBL257709,CHEMBL1182642,CC(c1nc(-c2ccc(S(C)(=O)=O)cc2)no1)[C@H](N)C(F)=C1CCCC1,,7.05,1,7.05,7.05,IC50,B,assay format,other,9,D,2008,,379.4570000000002,3.368500000000002,99.08,1,6,5,3,2,0.4444444444444444,0.8549902330616987
CHEMBL558956,CHEMBL1196981,N#C[C@@H]1CS[C@H]2C[C@](N)(C3CCCC3)C(=O)N12,,7.05,1,7.05,7.05,IC50,B,single protein format,single_protein,9,D,2009,,251.35499999999993,1.0714800000000002,70.11999999999999,1,4,1,3,0,0.8333333333333334,0.7565603458570185
CHEMBL3580778,CHEMBL3580778,N[C@@H](CC(=O)N1CC(=O)Nc2nccnc2C1)[C@H]1CCc2cc(F)c(F)cc21,,7.05,1,7.05,7.05,IC50,B,cell-based format,cell_based,9,D,2015,,387.39000000000016,1.4828999999999994,101.21000000000001,2,5,3,4,2,0.3684210526315789,0.8309000917081006
CHEMBL1683977,CHEMBL1739372,N[C@@H](CC(=O)N1CCn2nncc2C1)Cc1cc(F)c(F)cc1F,,7.05,1,7.05,7.05,IC50,B,single protein format,single_protein,9,D,2011,,339.321,0.9976999999999996,77.04,1,4,4,3,2,0.4,0.8432802118958955
CHEMBL217015,CHEMBL217015,C[C@@H]1C(=O)NCCN1C(=O)C[C@H](N)Cc1cc(F)ccc1F,,7.05,1,7.05,7.05,IC50,B,single protein format,single_protein,9,D,2007,,311.332,0.5716000000000007,75.43,2,3,4,2,1,0.4666666666666667,0.853548194724162
CHEMBL452998,CHEMBL452998,N#Cc1cccnc1N1C[C@@H]2[C@H](C1)[C@H]2NCC(=O)N1C[C@@H](F)C[C@H]1C#N,,7.04,1,7.04,7.04,IC50,B,cell-free format,other,9,D,2008,,354.38900000000007,0.4400600000000001,96.05000000000001,1,6,4,4,1,0.5555555555555556,0.8428716374726517
CHEMBL479794,CHEMBL479794,N#Cc1c(F)cccc1N1C[C@@H]2[C@H](C1)[C@H]2NCC(=O)N1C[C@@H](F)C[C@H]1C#N,,7.04,1,7.04,7.04,IC50,B,cell-free format,other,9,D,2008,,371.3910000000001,1.1841599999999999,83.16,1,5,4,4,1,0.5263157894736842,0.8595331219743085
CHEMBL258101,CHEMBL258101,O=C([C@@H]1CN[C@H](C(=O)N2CCCC2)C1)N1CCN(c2nc(-c3ccccc3)ns2)CC1,,7.04,2,6.38,7.7,IC50,B,cell-free format;single protein format,mixed,9,D,2008,,440.5730000000001,1.4542,81.67,1,7,4,5,2,0.5454545454545454,0.7752341676584068
CHEMBL5414816,CHEMBL5414816,Cc1ccc(C2C=C(c3ccccc3)N=C(Nc3nc(N)nc(N4CCOCC4)n3)O2)cc1,,7.04,1,7.04,7.04,IC50,B,single protein format,single_protein,9,D,2023,,443.5110000000003,3.1793200000000015,110.78,2,9,4,5,3,0.25,0.6325790249021163
CHEMBL209994,CHEMBL209994,CCCCOCC1(NCC(=O)N2[C@H](C#N)CC[C@@H]2C#N)CCCC1,,7.04,1,7.04,7.04,IC50,B,single protein format,single_protein,9,D,2006,,332.44800000000015,2.11226,89.15,1,5,8,2,0,0.8333333333333334,0.6876875916774604
CHEMBL536765,CHEMBL1188576,CC1(C)CN(C(=O)C[C@H](N)Cc2cc(F)c(F)cc2F)Cc2nnc(C(F)(F)F)n21,,7.04,1,7.04,7.04,IC50,B,single protein format,single_protein,8,H,2008,,435.372,2.7516000000000007,77.03999999999999,1,4,4,3,2,0.5,0.5920674506180109
CHEMBL438258,CHEMBL1185870,CCOC(=O)C(F)(F)n1cc(-c2ccc([C@H](C)[C@H](N)C(=O)N3CC[C@H](F)C3)cc2)ccc1=O,,7.04,1,7.04,7.04,IC50,B,single protein format,single_protein,9,D,2006,,465.47200000000026,2.6289000000000007,94.63,1,5,7,3,2,0.43478260869565216,0.6347802140432502
CHEMBL2069852,CHEMBL2069852,N[C@@H](CC(=O)N1CCN(C(=O)c2ccc(O)nc2)CC1)Cc1cc(F)c(F)cc1F,,7.04,1,7.04,7.04,IC50,B,single protein format,single_protein,9,D,2012,,422.4070000000002,1.4490000000000003,99.76000000000002,2,5,5,3,2,0.35,0.7109153610752931
CHEMBL552263,CHEMBL552263,N[C@@H](CC(=O)N1CCC[C@H]1CNC(=O)c1cccc(F)c1)Cc1ccccc1F,,7.04,1,7.04,7.04,IC50,B,single protein format,single_protein,8,H,2009,,401.4570000000001,2.6457000000000006,75.43,2,3,7,3,2,0.36363636363636365,0.7490478224379911
CHEMBL250611,CHEMBL250611,N[C@H]1CN(Cc2ccc(-c3csnn3)cc2)C[C@H]1C(=O)N1CCCC1,,7.04,1,7.04,7.04,IC50,B,single protein format,single_protein,9,D,2007,,357.48300000000023,1.5865999999999996,75.35,1,6,4,4,2,0.5,0.8992378479063088
CHEMBL557990,CHEMBL1196722,C[C@H]1Cn2c(nnc2C(F)(F)F)CN1C(=O)C[C@H](N)Cc1cc(F)c(F)cc1F,,7.04,1,7.04,7.04,IC50,B,single protein format,single_protein,8,H,2008,,421.3450000000001,2.4050000000000002,77.04,1,4,4,3,2,0.47058823529411764,0.6078009661054854
CHEMBL553936,CHEMBL553936,N[C@@H](CC(=O)N1CCC[C@H]1CNC(=O)c1ccc(F)cc1)Cc1ccccc1F,,7.04,1,7.04,7.04,IC50,B,single protein format,single_protein,8,H,2009,,401.4570000000001,2.6457000000000006,75.43,2,3,7,3,2,0.36363636363636365,0.7490478224379911
CHEMBL22679,CHEMBL22679,N[C@H](C(=O)N1CCCC1)[C@H]1CC[C@H](NC(=O)OCc2ccccc2)CC1,,7.03,1,7.03,7.03,IC50,B,single protein format,single_protein,8,H,2004,,359.4700000000001,2.4213000000000005,84.66000000000001,2,4,5,3,1,0.6,0.8454849098452953
CHEMBL255591,CHEMBL1182618,CS(=O)(=O)c1ccc(-c2noc([C@H](CCO)[C@H](N)C(F)=C3CCCC3)n2)c(Cl)c1,,7.03,1,7.03,7.03,IC50,B,assay format,other,9,D,2008,,443.9280000000002,3.384400000000002,119.31,2,7,7,3,2,0.47368421052631576,0.6724898608894754
CHEMBL1779688,CHEMBL1779688,CN1CCN(C(=O)C[C@H](N)Cc2cc(F)c(F)cc2F)CC1=O,,7.03,1,7.03,7.03,IC50,B,single protein format,single_protein,9,D,2011,,329.322,0.6644,66.64,1,3,4,2,1,0.4666666666666667,0.8256709765172344
CHEMBL3093910,CHEMBL3093910,N#C[C@@H]1C[C@H](F)CN1C(=O)[C@@H](N)Cc1ccc(OCc2ccccc2)cc1,,7.03,1,7.03,7.03,IC50,B,assay format,other,9,D,2013,,367.4240000000001,2.5979800000000006,79.35000000000001,1,4,6,3,2,0.3333333333333333,0.8511033636566379
CHEMBL1682985,CHEMBL1682985,CN([C@H]1CC[C@H]([C@H](N)Cc2cc(F)ccc2F)CC1)S(=O)(=O)c1ccc(-c2csnn2)cc1,,7.03,1,7.03,7.03,IC50,B,single protein format,single_protein,8,H,2011,,492.6170000000002,4.232600000000002,89.17999999999999,1,6,7,4,3,0.391304347826087,0.5331567654676613
CHEMBL562603,CHEMBL562603,N[C@@H](CC(=O)N1CCC[C@H]1CNS(=O)(=O)c1cccc(F)c1)Cc1ccccc1F,,7.03,1,7.03,7.03,IC50,B,single protein format,single_protein,8,H,2009,,437.5120000000001,2.1942000000000004,92.5,2,4,8,3,2,0.38095238095238093,0.6622868569905805
CHEMBL2206483,CHEMBL2206483,N[C@@H](CC(=O)NC1(c2nnc(-c3ccccc3)o2)CCS(=O)(=O)CC1)Cc1cc(F)c(F)cc1F,,7.03,1,7.03,7.03,IC50,B,single protein format,single_protein,9,D,2012,,508.52200000000033,2.634100000000001,128.18,2,7,7,4,3,0.34782608695652173,0.4697265339965263
CHEMBL4453917,CHEMBL4453917,CC#CCn1c(N2CCC[C@@H](N)C2)cc(=O)n(Cc2cccc(F)c2C(=O)OC)c1=O,,7.03,1,7.03,7.03,IC50,B,cell-based format,cell_based,9,D,2019,,428.46400000000017,0.9347999999999999,99.56,1,6,5,3,2,0.4090909090909091,0.5620569715003841
CHEMBL2147076,CHEMBL2219990,Cc1ccc2c(c1)c1nc(N3CCC[C@@H](N)C3)n(Cc3ccccc3Cl)c1c(=O)n2C,,7.03,1,7.03,7.03,IC50,B,single protein format,single_protein,9,D,2012,,435.95900000000006,3.825820000000002,69.08000000000001,1,4,3,5,4,0.3333333333333333,0.5306910363034083
CHEMBL1209684,CHEMBL1209684,Cc1nc2nc(C(=O)Nc3ccccc3)nn2c(-c2ccc(Cl)cc2Cl)c1CN,,7.03,1,7.03,7.03,Ki,B,single protein format,single_protein,9,D,2010,,427.29500000000024,4.117520000000002,98.2,2,5,4,4,4,0.1,0.5107639168076993
CHEMBL391047,CHEMBL391047,N#Cc1ccccc1-c1cc(N2C[C@H](c3cc(F)c(F)cc3F)[C@@H](N)C2)ncn1,,7.03,1,7.03,7.03,IC50,B,single protein format,single_protein,9,D,2007,,395.38800000000003,3.3636800000000013,78.83,1,5,3,4,3,0.19047619047619047,0.688273740472606
CHEMBL480712,CHEMBL480712,N#Cc1ccc(N2C[C@@H]3[C@H](C2)[C@H]3NCC(=O)N2CC(F)(F)C[C@H]2C#N)nc1,,7.03,1,7.03,7.03,IC50,B,cell-free format,other,9,D,2008,,372.3790000000001,0.7372599999999996,96.05,1,6,4,4,1,0.5555555555555556,0.8374433653624372
CHEMBL3425754,CHEMBL3547272,N[C@@H](CC(=O)N1CC[C@@H]2[C@@H](Cc3nnc(C(F)(F)F)n32)C1)Cc1cc(F)c(F)cc1F,,7.03,1,7.03,7.03,IC50,B,single protein format,single_protein,9,D,2015,,447.38300000000015,2.62,77.04000000000002,1,4,4,4,2,0.5263157894736842,0.5776975999653889
CHEMBL3644789,CHEMBL3644789,N[C@@H](CC(=O)N1CCc2c(nc(-c3ccco3)nc2C(F)(F)F)C1)CN1C(=O)CCC(F)(F)[C@H]1O,,7.03,1,7.03,7.03,IC50,B,single protein format,single_protein,9,D,2013,,503.4280000000003,1.9335999999999998,125.79,2,7,5,4,2,0.5238095238095238,0.5975799028648285
CHEMBL190593,CHEMBL1181741,N[C@H](C(=O)N1CC[C@H](F)C1)[C@@H](C(=O)NCCO)c1ccc(-c2ccc(F)cc2)cc1,,7.03,1,7.03,7.03,IC50,B,single protein format,single_protein,8,H,2005,,417.4560000000001,1.5824999999999998,95.66000000000001,3,4,7,3,2,0.36363636363636365,0.6375375818480525
CHEMBL1085596,CHEMBL1085596,CN1CCN(C(=O)CC(C)(C)NCC(=O)N2C[C@@H](F)C[C@H]2C#N)CC1,,7.03,1,7.03,7.03,IC50,B,single protein format,single_protein,8,H,2010,,353.4420000000001,-0.018719999999997183,79.68,1,5,5,2,0,0.8235294117647058,0.7515169401632473
CHEMBL355479,CHEMBL355479,N[C@H](C(=O)N1CCCC1)[C@@H]1CC[C@@H](NC(=O)Nc2cccc3ccccc23)C1,,7.03,1,7.03,7.03,IC50,B,single protein format,single_protein,8,H,2004,,380.49200000000013,3.0797000000000008,87.46000000000001,3,3,4,4,2,0.45454545454545453,0.7616597819534167
CHEMBL2086590,CHEMBL2086590,NC(=O)[C@@H]1CCCN1C(=O)CCNC(=O)c1ccc(F)cc1,,7.03,1,7.03,7.03,IC50,B,assay format,other,9,D,2012,,307.325,0.4218999999999998,92.5,2,3,5,2,1,0.4,0.8255500011096851
CHEMBL2408638,CHEMBL2408638,CC(C)=CCn1c(OCC(C)(C)CN)nc2c1c(=O)n(CC(=O)c1ccccc1)c(=O)n2C,,7.029999999999999,2,6.92,7.14,IC50,B,single protein format,single_protein,9,D,2013,,453.54300000000023,2.1094999999999993,114.13999999999999,1,6,9,3,3,0.4166666666666667,0.39205645303845815
CHEMBL63726,CHEMBL63726,NCCCC[C@H](N)C(=O)N1CCC[C@H]1B(O)O,,7.02,1,7.02,7.02,IC50,B,single protein format,single_protein,8,H,1996,,243.11599999999999,-1.5542999999999976,112.81,4,5,6,1,0,0.9,0.3328464248622037
CHEMBL1683489,CHEMBL1739392,CCOC(=O)COc1cccc(CNC(=O)C2SCCN2C(=O)C[C@H](N)Cc2cc(F)c(F)cc2F)c1,,7.02,1,7.02,7.02,IC50,B,single protein format,single_protein,9,D,2011,,539.5760000000004,2.5236,110.96,2,7,11,3,2,0.4,0.33357144261818117
CHEMBL1809262,CHEMBL1809262,CC(C)Cc1nc2ccc(OCC(N)=O)cc2c(-c2ccccc2)c1CN,,7.02,2,6.57,7.47,IC50,B,assay format;cell-based format,cell_based,9,D,2011;2017,,363.46100000000007,3.4231000000000016,91.23,2,4,7,3,3,0.2727272727272727,0.6727001835233238
CHEMBL352548,CHEMBL352548,CS(=O)(=O)NCCS(=O)(=O)N[C@H]1CC[C@H]([C@H](N)C(=O)N2CCCC2)C1,,7.02,1,7.02,7.02,IC50,B,single protein format,single_protein,8,H,2004,,396.5350000000003,-1.4265999999999954,138.67000000000002,3,6,8,2,0,0.9285714285714286,0.4598438927438918
CHEMBL386022,CHEMBL386022,C#C[C@H]1CC[C@@H](C#N)N1C(=O)[C@@H](N)C1CCCCC1,,7.02,1,7.02,7.02,Ki,B,cell-based format,cell_based,9,D,2006,,259.353,1.4103799999999993,70.12,1,3,2,2,0,0.7333333333333333,0.7622006744675939
CHEMBL4250558,CHEMBL4250558,O=C(CNC(=O)C1CCCN(S(=O)(=O)c2ccccc2)C1)Nc1ccc(Cl)cc1,,7.02,1,7.02,7.02,IC50,B,single protein format,single_protein,9,D,2018,,435.9330000000001,2.4956000000000005,95.58000000000001,2,4,6,3,2,0.3,0.7282126334356139
CHEMBL481669,CHEMBL481669,N#Cc1ccc(N2C[C@@H]3[C@H](C2)[C@H]3NCC(=O)N2C[C@@H](F)C[C@H]2C#N)c(Cl)c1,,7.02,1,7.02,7.02,IC50,B,cell-free format,other,9,D,2008,,387.8460000000001,1.69846,83.16,1,5,4,4,1,0.5263157894736842,0.8497286036834918
CHEMBL232586,CHEMBL232586,CC(C)(C)NCC(=O)N1CCC[C@H]1C(=O)c1noc(C2(C)CCCCC2)n1,,7.02,1,7.02,7.02,IC50,B,single protein format,single_protein,9,D,2007,,376.5010000000002,2.8532,88.33,1,6,5,3,1,0.8,0.7951469031121934
CHEMBL401542,CHEMBL401542,NCc1c(-c2ccccc2Cl)ccc2ncn(CCO)c12,,7.02,1,7.02,7.02,IC50,B,single protein format,single_protein,9,D,2008,,301.7770000000001,2.807700000000001,64.07,2,3,4,3,3,0.1875,0.7786293988433571
CHEMBL199787,CHEMBL199787,N[C@@H](Cc1ccc(-c2ccc(F)cc2F)cc1)C(=O)N1CCSC1,,7.02,1,7.02,7.02,Ki,B,single protein format,single_protein,9,D,2006,,348.4180000000001,3.0345000000000013,46.330000000000005,1,3,4,3,2,0.2777777777777778,0.9237972216269568
CHEMBL1270560,CHEMBL1270560,COc1ccccc1-c1cn2c(-c3ccc(Cl)cc3)c(CN)c(C)nc2n1,,7.02,1,7.02,7.02,Ki,B,single protein format,single_protein,9,D,2010,,378.86300000000017,4.492420000000004,65.44,1,4,4,4,4,0.14285714285714285,0.5677401312042638
CHEMBL480155,CHEMBL480155,N#C[C@@H]1C[C@H](F)CN1C(=O)CN[C@H]1[C@@H]2CN(c3ccc(C(N)=O)cc3)C[C@@H]21,,7.02,1,7.02,7.02,IC50,B,cell-free format,other,9,D,2008,,371.41600000000017,0.2722800000000017,102.46000000000001,2,5,5,4,1,0.5263157894736842,0.7736251891856686
CHEMBL195905,CHEMBL1181913,C[C@@H](c1ccc(-c2cccc(-c3n[nH]c(O)n3)c2)cc1)[C@H](N)C(=O)N1CC[C@H](F)C1,,7.02,1,7.02,7.02,IC50,B,single protein format,single_protein,8,H,2005,,409.4650000000002,2.8455000000000004,108.12999999999998,3,5,5,4,3,0.3181818181818182,0.6005324637989514
CHEMBL388475,CHEMBL388475,N[C@@H](CC(=O)N1CCn2c(nnc2C(F)(F)F)C1)Cc1ccccc1F,,7.01,1,7.01,7.01,IC50,B,single protein format,single_protein,9,D,2007,,371.33800000000014,1.7382999999999993,77.04,1,4,4,3,2,0.4375,0.8309335145680845
CHEMBL379522,CHEMBL379522,N#C[C@@H]1CC[C@H](C#N)N1C(=O)CNC1(CO)CCCC1,,7.01,4,6.96,7.16,IC50,B,cell-free format;single protein format,mixed,8;9,D;H,2006,,276.34000000000003,0.28785999999999934,100.15,2,5,4,2,0,0.7857142857142857,0.7682736101771089
CHEMBL190979,CHEMBL1181752,C[C@@H](c1ccc(-c2cccc(-c3nc[nH]n3)c2)cc1)[C@H](N)C(=O)N1CC[C@H](F)C1,,7.01,1,7.01,7.01,IC50,B,single protein format,single_protein,8,H,2005,,393.46600000000024,3.139900000000001,87.89999999999999,2,4,5,4,3,0.3181818181818182,0.6970727800520039
CHEMBL2334681,CHEMBL2334681,N#C[C@@H]1C[C@@H]2C[C@@H]2N1C(=O)[C@@H](N)C1CCNCC1,,7.01,1,7.01,7.01,Ki,B,single protein format,single_protein,9,D,2013,,248.32999999999996,-0.173719999999999,82.15,2,4,2,3,0,0.8461538461538461,0.7103611391990168
CHEMBL256625,CHEMBL256625,Cc1ccccc1-c1ccc2ncn(C)c2c1CN,,7.01,1,7.01,7.01,IC50,B,single protein format,single_protein,9,D,2008,,251.33299999999997,3.0074199999999998,43.84,1,2,2,3,3,0.1875,0.760539117895115
CHEMBL190183,CHEMBL190183,COc1cc2c(cc1OC)C(Cc1ccccc1)N(C(=O)C[C@H](N)C(=O)N1CCC[C@H]1C#N)CC2,,7.01,1,7.01,7.01,IC50,B,single protein format,single_protein,8,H,2005,,476.5770000000004,2.60428,108.89000000000001,1,6,7,4,2,0.4444444444444444,0.6580396318062818
CHEMBL22511,CHEMBL22511,N[C@H](C(=O)N1CC[C@H](F)C1)C1CCCCC1,,7.01,2,6.77,7.25,IC50;Ki,B,single protein format,single_protein,8;9,D;H,2004;2005,,228.31099999999992,1.4643999999999993,46.330000000000005,1,2,2,2,0,0.9166666666666666,0.777539422680301
CHEMBL263139,CHEMBL263139,CCc1nc2ccc(-c3ccccc3Cl)c(CN)c2n1C,,7.01,1,7.01,7.01,IC50,B,single protein format,single_protein,9,D,2008,,299.80500000000006,3.9148000000000023,43.839999999999996,1,2,3,3,3,0.23529411764705882,0.7965061585228085
CHEMBL3084941,CHEMBL3084941,N[C@H](C(=O)N1CCCC1)[C@H]1CC[C@H](NS(=O)(=O)c2ccc(F)c(F)c2F)CC1,,7.01,1,7.01,7.01,IC50,B,single protein format,single_protein,8,H,2004,,419.46900000000016,1.8906999999999992,92.5,2,4,5,3,1,0.6111111111111112,0.7132538207360557
CHEMBL217001,CHEMBL217001,C[C@@H]1CC[C@@H](C#N)N1C(=O)[C@@H](N)C1CCCC1,,7.01,1,7.01,7.01,Ki,B,cell-based format,cell_based,9,D,2006,,235.33099999999996,1.4069799999999997,70.12,1,3,2,2,0,0.8461538461538461,0.7862815855353261
CHEMBL66032,CHEMBL66032,CC[C@H](N)C(=O)N1CCC[C@H]1B(O)O,,7.005,2,6.05,7.96,IC50,B,single protein format,single_protein,8;9,D;H,1996;2021,,200.047,-1.2732999999999988,86.79,3,4,3,1,0,0.875,0.49531014742036583
CHEMBL1683089,CHEMBL1683089,CC(=O)Nc1nc(C)c(S(=O)(=O)N(C)[C@H]2CC[C@H]([C@H](N)Cc3cc(F)ccc3F)CC2)s1,,7.0,1,7.0,7.0,IC50,B,single protein format,single_protein,8,H,2011,,486.61000000000024,3.4374200000000013,105.38999999999999,2,6,7,3,2,0.5238095238095238,0.6238034771647845
CHEMBL3425753,CHEMBL3547271,Cc1nnc(C(F)(F)F)n1C1CCN(C(=O)C[C@H](N)Cc2cc(F)c(F)cc2F)CC1,,7.0,1,7.0,7.0,IC50,B,single protein format,single_protein,9,D,2015,,449.39900000000017,3.1462200000000013,77.04,1,4,5,3,2,0.5263157894736842,0.5622303868346602
CHEMBL188643,CHEMBL1181684,CC(C)NC(=O)[C@@H](c1ccc(-c2ccc(F)cc2)cc1)[C@H](N)C(=O)N1CC[C@H](F)C1,,7.0,1,7.0,7.0,IC50,B,single protein format,single_protein,8,H,2005,,415.4840000000002,2.9986000000000015,75.42999999999999,2,3,6,3,2,0.391304347826087,0.7616970527104183
CHEMBL2206482,CHEMBL2206482,N[C@@H](CC(=O)NC1(c2nc(-c3ccc(F)cc3)cs2)CCS(=O)(=O)CC1)Cc1ccccc1F,,7.0,1,7.0,7.0,IC50,B,single protein format,single_protein,9,D,2012,,505.6120000000003,3.568500000000002,102.15,2,6,7,4,3,0.3333333333333333,0.5112378957722259
CHEMBL1683479,CHEMBL1739397,CCOC(=O)CNC(=O)C1SCCN1C(=O)C[C@H](N)Cc1cc(F)c(F)cc1F,,7.0,1,7.0,7.0,IC50,B,single protein format,single_protein,9,D,2011,,433.45200000000017,0.9446000000000007,101.73,2,6,8,2,1,0.5,0.4675844895904985
CHEMBL192421,CHEMBL452290,C[C@@H](c1ccc(-c2cccc(C(N)=O)c2)cc1)[C@H](N)C(=O)N1CC[C@H](F)C1,,7.0,2,7.0,7.0,IC50,B,single protein format,single_protein,8,H,2005;2008,,369.44000000000017,2.4537000000000004,89.42,2,3,5,3,2,0.3333333333333333,0.8482942772420963
CHEMBL370509,CHEMBL1184804,CN(C)C(=O)[C@@H](c1ccc(-c2ccc(F)cc2)cc1)[C@H](N)C(=O)N1CCC1,,7.0,1,7.0,7.0,IC50,B,single protein format,single_protein,8,H,2005,,369.44000000000017,2.2241,66.64,1,3,5,3,2,0.3333333333333333,0.8788690898759224
CHEMBL370240,CHEMBL1184799,C[C@@H](c1ccc(-c2ccccc2F)cc1)[C@H](N)C(=O)N1CC[C@H](F)C1,,7.0,1,7.0,7.0,IC50,B,single protein format,single_protein,8,H,2005,,344.40500000000014,3.493900000000002,46.330000000000005,1,2,4,3,2,0.35,0.9227459753879913
CHEMBL474960,CHEMBL474960,COc1ccc([C@H]2C[C@@H]2NC(=O)CC(C)(C)NCC(=O)N2CCC[C@H]2C#N)cc1OC,,7.0,1,7.0,7.0,IC50,B,single protein format,single_protein,9,D,2009,,428.53300000000024,1.94878,103.69000000000001,2,6,9,3,1,0.6086956521739131,0.6231133841521803
CHEMBL2086606,CHEMBL2086606,NC(=O)[C@@H]1CCCN1C(=O)c1ccc(NC(=O)c2ccc(F)cc2)cc1,,7.0,1,7.0,7.0,IC50,B,assay format,other,9,D,2012,,355.369,2.1678999999999995,92.5,2,3,4,3,2,0.21052631578947367,0.8802262077954321
CHEMBL3215858,CHEMBL1852302,Cc1ccc(-c2c(CN)c(CC(C)C)nc3ccc(C(=O)O)cc23)cc1,,7.0,1,7.0,7.0,IC50,B,cell-based format,cell_based,9,D,2011,,348.4460000000001,4.565620000000003,76.21,2,3,5,3,3,0.2727272727272727,0.7081942065078467
CHEMBL257795,CHEMBL257795,CC#CCn1c(C(=O)NCc2nc(C)cc3ccccc23)cnc1N1CCCC(N)C1,,7.0,1,7.0,7.0,IC50,B,cell-based format,cell_based,9,D,2008,,416.5290000000002,2.62052,89.07000000000001,2,5,5,4,3,0.375,0.6243849014353882
CHEMBL2069835,CHEMBL2069835,N#Cc1ccc(N2CCN(C(=O)C[C@H](N)Cc3cc(F)c(F)cc3F)CC2)cc1,,7.0,1,7.0,7.0,IC50,B,single protein format,single_protein,9,D,2012,,402.4200000000001,2.5842800000000006,73.36,1,4,5,3,2,0.3333333333333333,0.7806258832994217
CHEMBL2408642,CHEMBL2408642,CC(C)=CCn1c(N2CCC3CNCC32)nc2c1c(=O)n(C)c(=O)n2C,,7.0,1,7.0,7.0,IC50,B,single protein format,single_protein,9,D,2013,,358.44600000000014,0.19800000000000106,77.09,1,5,3,4,2,0.6111111111111112,0.7933668229722464
CHEMBL3329624,CHEMBL3329624,N#Cc1ccccc1Cn1c(=O)oc2nccc(N3CCC[C@@H](N)C3)c21,,7.0,1,7.0,7.0,IC50,B,single protein format,single_protein,9,D,2014,,349.3940000000002,1.8369799999999998,101.07999999999998,1,6,3,4,3,0.3157894736842105,0.7740796771372923
CHEMBL2069832,CHEMBL2069832,CC(=O)c1ccc(N2CCN(C(=O)C[C@H](N)Cc3cc(F)c(F)cc3F)CC2)cc1,,7.0,1,7.0,7.0,IC50,B,single protein format,single_protein,9,D,2012,,419.44700000000006,2.9152000000000013,66.64,1,4,6,3,2,0.36363636363636365,0.5776811319275833
CHEMBL1275852,CHEMBL1615942,COc1ccccc1CN1CC2CN(C(=O)C[C@H](N)Cc3cc(F)c(F)cc3F)CCN2C1=O,,7.0,1,7.0,7.0,IC50,B,single protein format,single_protein,9,D,2010,,476.4990000000002,2.521000000000001,79.11,1,4,7,4,2,0.4166666666666667,0.6233355384908443
CHEMBL1683112,CHEMBL1683112,CC(=O)N(CCCC(F)(F)F)[C@H]1CC[C@H]([C@H](N)Cc2cc(F)ccc2F)CC1,,7.0,1,7.0,7.0,IC50,B,single protein format,single_protein,8,H,2011,,406.43900000000014,4.584400000000004,46.33,1,2,7,2,1,0.65,0.6738326380470074
CHEMBL235004,CHEMBL235004,COc1cc([C@H]2CC[C@@H]([C@H](C(=O)N(C)C)[C@H](N)C(=O)N3CCC(F)(F)C3)CC2)nc(OC)n1,,7.0,1,7.0,7.0,IC50,B,single protein format,single_protein,9,D,2007,,469.5330000000003,1.6669000000000003,110.88,1,7,7,3,1,0.7272727272727273,0.6466421880155284
CHEMBL1682981,CHEMBL1682981,CN([C@H]1CC[C@H]([C@H](N)Cc2cc(F)ccc2F)CC1)S(=O)(=O)c1cccc(C(N)=O)c1,,7.0,1,7.0,7.0,IC50,B,single protein format,single_protein,8,H,2011,,451.5390000000002,2.8130000000000006,106.49000000000001,2,4,7,3,2,0.4090909090909091,0.6750339439823223
CHEMBL3675621,CHEMBL3675621,Cc1nc(CN2C(=O)c3c(nc(N4CCC[C@@H](N)C4)n3Cc3cc(F)ccc3C#N)N3CCCN=C23)nc2ccccc12,,7.0,1,7.0,7.0,IC50,B,single protein format,single_protein,9,D,2014,,578.6560000000003,3.3434000000000017,132.56,1,9,5,7,4,0.3548387096774194,0.3814258926475038
CHEMBL248743,CHEMBL248743,N[C@@H](CC(=O)N1CCn2ncnc2C1)Cc1cc(F)c(F)cc1F,,7.0,1,7.0,7.0,IC50,B,single protein format,single_protein,8,H,2007,,339.321,0.9976999999999996,77.04,1,4,4,3,2,0.4,0.8432802118958955
CHEMBL37289,CHEMBL37289,COc1ccc(-c2nc(N)c(CN)c(-c3ccc(Cl)cc3Cl)n2)cc1,,7.0,1,7.0,7.0,IC50,F,assay format,other,8,H,2004,,375.25900000000007,4.166900000000002,87.05,2,5,4,3,3,0.1111111111111111,0.714866740006794
CHEMBL2147087,CHEMBL2220053,Cn1c(=O)c2c(nc(N3CCC[C@@H](N)C3)n2Cc2ccccc2Cl)c2ccccc21,,6.99,1,6.99,6.99,IC50,B,single protein format,single_protein,9,D,2012,,421.932,3.517400000000002,69.08000000000001,1,4,3,5,4,0.30434782608695654,0.5491808253215505
CHEMBL1287874,CHEMBL1618522,Cn1cnc2cc(N3CCC[C@@](C)(N)C3)n(Cc3cc(F)ccc3Cl)c2c1=O,,6.99,1,6.99,6.99,IC50,B,cell-free format,other,9,D,2010,,403.889,2.8934000000000015,69.08,1,4,3,4,3,0.4,0.7296632801871901
CHEMBL403156,CHEMBL403156,NCc1c(-c2ccccc2Cl)ccc2ncn(Cc3ccccc3)c12,,6.99,1,6.99,6.99,IC50,B,single protein format,single_protein,9,D,2008,,347.8490000000001,4.863700000000002,43.839999999999996,1,2,4,4,4,0.09523809523809523,0.5723610071655354
CHEMBL210364,CHEMBL210364,CC[C@@H]1CC[C@@H](C(=O)N2CCC[C@H]2C#N)N1,,6.99,1,6.99,6.99,Ki,B,single protein format,single_protein,9,D,2006,,221.30399999999997,1.03158,56.13,1,3,2,2,0,0.8333333333333334,0.7574468913025474
CHEMBL559011,CHEMBL1197019,N[C@@H](CC(=O)N1CCn2c(nnc2C(F)(F)C(F)(F)F)C1)Cc1cc(F)ccc1F,,6.99,1,6.99,6.99,IC50,B,single protein format,single_protein,8,H,2005,,439.33500000000015,2.5127000000000006,77.04,1,4,5,3,2,0.47058823529411764,0.7269395223163352
CHEMBL4090635,CHEMBL4090635,CCCC[C@H](N[C@@H](CCc1ccccc1)C(=O)O)C(=O)N1C[C@@H](NC(=O)C[C@H](N)Cc2cc(F)c(F)cc2F)C[C@H]1C(=O)O,,6.99,1,6.99,6.99,IC50,B,single protein format,single_protein,9,D,2017,,620.6690000000003,2.768500000000002,162.06,5,6,16,3,2,0.4838709677419355,0.17909662017166422
CHEMBL318775,CHEMBL318775,N#Cc1ccc(NCCCNCC(=O)N2CCC[C@H]2C#N)nc1,,6.99,1,6.99,6.99,IC50,B,assay format,other,8,H,2003,,312.37699999999995,0.8594599999999992,104.83999999999999,2,6,7,2,1,0.5,0.723523255612232
CHEMBL1683490,CHEMBL1739335,N[C@@H](CC(=O)N1CCSC1C(=O)NCc1cccc(OCC(=O)O)c1)Cc1cc(F)c(F)cc1F,,6.99,1,6.99,6.99,IC50,B,single protein format,single_protein,9,D,2011,,511.5220000000003,2.0451,121.96000000000002,3,6,10,3,2,0.34782608695652173,0.41756805068858127
CHEMBL2069836,CHEMBL2069836,COc1cc(CN2CCN(C(=O)C[C@H](N)Cc3cc(F)c(F)cc3F)CC2)cc(OC)c1,,6.99,1,6.99,6.99,IC50,B,single protein format,single_protein,9,D,2012,,451.4890000000002,2.7254000000000005,68.03,1,5,8,3,2,0.43478260869565216,0.6255222254931723
CHEMBL94908,CHEMBL94908,CCC(C)(C)NCC(=O)N1CCC[C@H]1C#N,,6.98,1,6.98,6.98,IC50,B,assay format,other,8,H,2003,,223.31999999999996,1.2791799999999998,56.13,1,3,4,1,0,0.8333333333333334,0.780769429474531
CHEMBL4572703,CHEMBL4572703,Cc1cccc(-c2nnc3ccc(N4CCN(CCN)CC4)nn23)c1,,6.98,1,6.98,6.98,Ki,B,single protein format,single_protein,9,D,2020,,337.4310000000001,1.1804199999999996,75.58,1,6,4,4,3,0.3888888888888889,0.7704376543944322
CHEMBL539691,CHEMBL1189893,N#C[C@@H]1CS[C@H]2C[C@@H](N)C(=O)N12,,6.98,1,6.98,6.98,IC50,B,single protein format,single_protein,9,D,2009,,183.23599999999996,-0.48891999999999997,70.11999999999999,1,4,0,2,0,0.7142857142857143,0.5499331545771106
CHEMBL3650438,CHEMBL3650438,Cc1nc(Cn2c3nccc-3c(N3CCCC(N)C3)n(Cc3cc(F)ccc3C#N)c2=O)nc2ccccc12,,6.98,1,6.98,6.98,IC50,B,single protein format,single_protein,9,D,2014,,522.5880000000002,3.4361000000000024,118.64999999999999,1,7,5,6,3,0.27586206896551724,0.37561702746536857
CHEMBL92028,CHEMBL92028,N#C[C@@H]1CCCN1C(=O)CNC1(CO)CCCCC1,,6.98,1,6.98,6.98,IC50,B,assay format,other,8,H,2003,,265.35699999999997,0.7857799999999994,76.36,2,4,4,2,0,0.8571428571428571,0.7875272311077287
CHEMBL2086602,CHEMBL2086602,NC(=O)[C@@H]1CCCN1C(=O)CCCNC(=O)c1ccc(-c2ccccc2)cc1,,6.98,1,6.98,6.98,IC50,B,assay format,other,9,D,2012,,379.46000000000004,2.339899999999999,92.5,2,3,7,3,2,0.3181818181818182,0.7233891395959059
CHEMBL387351,CHEMBL387351,N[C@@H]1CN(CCc2ccc3c(c2)OCO3)C(=O)C[C@H]1c1cc(F)c(F)cc1F,,6.98,1,6.98,6.98,Ki,B,single protein format,single_protein,9,D,2007,,392.377,2.7185000000000006,64.78999999999999,1,4,4,4,2,0.35,0.8130785355737076
CHEMBL1808475,CHEMBL1851820,CC(C)Cn1c(CN)c(-c2ccccc2)c2cc(OCC(N)=O)ccc2c1=O,,6.975,2,6.62,7.33,IC50,B,cell-based format,cell_based,9,D,2011,,379.4600000000002,2.6473000000000004,100.34,2,4,7,3,3,0.2727272727272727,0.6589107649303848
CHEMBL67679,CHEMBL1179286,CCCC[S+](CCCC)Cc1ccc2cc1C(=O)NCC(=O)NCC(=O)NCCCC[C@H](N)C(=O)N1CCC[C@H]1C(=O)N2,,6.970000000000001,2,6.24,7.7,IC50,B,cell-based format,cell_based,8,H,1998,,617.8370000000001,1.808000000000005,162.73000000000002,5,6,8,3,1,0.6451612903225806,0.2795630463914813
CHEMBL3650434,CHEMBL3650434,Cn1c2ncnc-2c(N2CCC[C@@H](N)C2)n(Cc2ccccc2C#N)c1=O,,6.97,1,6.97,6.97,IC50,B,single protein format,single_protein,9,D,2014,,363.42500000000007,0.9290799999999996,105.75999999999999,1,6,3,4,1,0.3684210526315789,0.7419517056367467
CHEMBL186610,CHEMBL186610,N[C@@H](CC(=O)N1CCOC[C@H]1Cc1ccccc1)Cc1ccccc1F,,6.97,1,6.97,6.97,IC50,B,single protein format,single_protein,8,H,2004,,356.4410000000001,2.5557000000000007,55.56,1,3,6,3,2,0.38095238095238093,0.865433477439286
CHEMBL207980,CHEMBL207980,N#C[C@@H]1CC[C@H](C#N)N1C(=O)CNC12CC3CC(CC(C3)C1)C2,,6.97,1,6.97,6.97,IC50,B,single protein format,single_protein,9,D,2006,,312.41700000000014,1.951559999999999,79.92,1,4,3,5,0,0.8333333333333334,0.8635269541512984
CHEMBL2425883,CHEMBL2425883,CC#CCn1c(N2CCC[C@@H](N)C2)cc(=O)n(Cc2ccccc2)c1=O,,6.97,1,6.97,6.97,IC50,B,single protein format,single_protein,9,D,2021,,352.43800000000005,1.0090999999999992,73.25999999999999,1,4,4,3,2,0.4,0.8337533776951866
CHEMBL401972,CHEMBL401972,CC#CCn1c(C(=O)NCc2cccc3ccccc23)cnc1N1CCCC(N)C1,,6.97,1,6.97,6.97,IC50,B,cell-based format,cell_based,9,D,2008,,401.51400000000024,2.9171000000000005,76.18,2,4,5,4,3,0.3333333333333333,0.6447916491891177
CHEMBL1209851,CHEMBL1209851,Cc1nc2nc(N3CCNCC3)nn2c(-c2ccc(Cl)cc2Cl)c1CN,,6.97,1,6.97,6.97,Ki,B,single protein format,single_protein,9,D,2010,,392.29400000000015,2.27482,84.37,2,6,3,4,3,0.35294117647058826,0.7116616176180686
CHEMBL2086594,CHEMBL2086594,NC(=O)[C@@H]1CCCN1C(=O)CCNC(=O)c1ccc(-c2ccccc2)cc1,,6.97,1,6.97,6.97,IC50,B,assay format,other,9,D,2012,,365.43300000000005,1.9497999999999993,92.5,2,3,6,3,2,0.2857142857142857,0.8193947047339115
CHEMBL3425750,CHEMBL3425750,CCc1nnc2n1[C@@H]1CCN(C(=O)C[C@H](N)Cc3cc(F)c(F)cc3F)C[C@H]1CC2,,6.97,1,6.97,6.97,IC50,B,single protein format,single_protein,9,D,2015,,421.4670000000001,2.553700000000001,77.04,1,4,5,4,2,0.5714285714285714,0.7531577476318191
CHEMBL472123,CHEMBL472123,N[C@H](Cc1cc(F)ccc1F)c1ccc(-c2ccncc2Cl)cc1,,6.97,1,6.97,6.97,IC50,B,single protein format,single_protein,8,H,2008,,344.79200000000003,4.9227000000000025,38.91,1,2,4,3,3,0.10526315789473684,0.7290085808541493
CHEMBL169962,CHEMBL169962,N[C@H](C(=O)N1CCCC1)[C@@H]1CC[C@@H](NS(=O)(=O)c2ccc(C(=O)O)cc2)C1,,6.96,1,6.96,6.96,IC50,B,single protein format,single_protein,8,H,2004,,395.48100000000017,0.7815000000000005,129.79999999999998,3,5,6,3,1,0.5555555555555556,0.652607823017265
CHEMBL366250,CHEMBL366250,N[C@H](C(=O)N1CC(F)C1)C1CCCCC1,,6.96,1,6.96,6.96,Ki,B,single protein format,single_protein,9,D,2005,,214.28399999999993,1.0742999999999994,46.330000000000005,1,2,2,2,0,0.9090909090909091,0.7471870096098924
CHEMBL1682976,CHEMBL1682976,CN([C@H]1CC[C@H]([C@H](N)Cc2cc(F)ccc2F)CC1)S(=O)(=O)c1ccccc1C(F)(F)F,,6.96,1,6.96,6.96,IC50,B,single protein format,single_protein,8,H,2011,,476.51100000000014,4.732900000000003,63.4,1,3,6,3,2,0.45454545454545453,0.6133445646937518
CHEMBL195205,CHEMBL1181888,C[C@@H](c1ccc(-c2cccnc2)cc1)[C@H](N)C(=O)N1CC[C@H](F)C1,,6.96,1,6.96,6.96,IC50,B,single protein format,single_protein,8,H,2005,,327.40300000000013,2.7498000000000005,59.22,1,3,4,3,2,0.3684210526315789,0.9391931242352924
CHEMBL171733,CHEMBL171733,N[C@H](C(=O)N1CCCC1)[C@H]1CCC[C@@H](OC(=O)Nc2ccc(I)cc2)C1,,6.96,1,6.96,6.96,IC50,B,single protein format,single_protein,8,H,2004,,471.33900000000006,3.348200000000001,84.66,2,4,4,3,1,0.5789473684210527,0.6602902297302077
CHEMBL191208,CHEMBL1181759,NC(=O)[C@@H](c1ccc(-c2ccc(F)cc2)cc1)[C@H](N)C(=O)N1CC[C@H](F)C1,,6.96,1,6.96,6.96,IC50,B,single protein format,single_protein,8,H,2005,,373.4030000000002,1.9592999999999996,89.42,2,3,5,3,2,0.3,0.8395943739824702
CHEMBL1929395,CHEMBL1962785,Cc1cc2nc(C)c(C(=O)NCC(C)(C)NCC(=O)N3CCC[C@H]3C#N)c(C)n2n1,,6.96,1,6.96,6.96,IC50,B,single protein format,single_protein,9,D,2011,,411.5100000000002,1.2671400000000004,115.42,2,6,6,3,2,0.5714285714285714,0.7395575246955112
CHEMBL379261,CHEMBL379261,O=C([C@@H]1CN[C@H](C(=O)N2CCCC2)C1)N1Cc2ccccc2C1,,6.96,1,6.96,6.96,IC50,B,single protein format,single_protein,9,D,2006,,313.401,1.1292999999999997,52.650000000000006,1,3,2,4,1,0.5555555555555556,0.8903793774160652
CHEMBL364057,CHEMBL1184682,C[C@@H](c1ccc(-c2cccc(-c3c[nH]c(O)n3)c2)cc1)[C@H](N)C(=O)N1CC[C@H](F)C1,,6.96,1,6.96,6.96,IC50,B,single protein format,single_protein,8,H,2005,,408.4770000000002,3.4505000000000017,95.24,3,4,5,4,3,0.30434782608695654,0.6025797058996327
CHEMBL371846,CHEMBL442673,C[C@@H](c1ccc(-c2ccncc2)cc1)[C@H](N)C(=O)N1CC[C@H](F)C1,,6.96,2,6.96,6.96,IC50,B,single protein format,single_protein,8,H,2005;2008,,327.4030000000001,2.7498000000000005,59.22,1,3,4,3,2,0.3684210526315789,0.9391931242352926
CHEMBL561462,CHEMBL1197168,N#C[C@@H]1CS[C@H]2C[C@](N)(Cc3ccccc3)C(=O)N12,,6.96,1,6.96,6.96,IC50,B,single protein format,single_protein,9,D,2009,,273.361,1.1239800000000002,70.11999999999999,1,4,2,3,1,0.42857142857142855,0.8764580079695314
CHEMBL1683136,CHEMBL1683136,N[C@H](Cc1cc(F)ccc1F)C1CCN(c2ccc(F)nc2)CC1,,6.96,1,6.96,6.96,IC50,B,single protein format,single_protein,8,H,2011,,335.37300000000005,3.285300000000002,42.15,1,3,4,3,2,0.3888888888888889,0.8720835350741909
CHEMBL1683132,CHEMBL1683132,N[C@H](Cc1cc(F)ccc1F)C1CCN(c2cccnc2)CC1,,6.96,1,6.96,6.96,IC50,B,single protein format,single_protein,8,H,2011,,317.38300000000004,3.146200000000002,42.15,1,3,4,3,2,0.3888888888888889,0.9417691781012572
CHEMBL1683090,CHEMBL1683090,CN([C@H]1CC[C@H]([C@H](N)Cc2cc(F)ccc2F)CC1)S(=O)(=O)c1cccnc1,,6.96,1,6.96,6.96,IC50,B,single protein format,single_protein,8,H,2011,,409.5020000000001,3.1091000000000015,76.28999999999999,1,4,6,3,2,0.45,0.7954274034110123
CHEMBL1683111,CHEMBL1683111,CC(=O)N(Cc1ccccc1)[C@H]1CC[C@H]([C@H](N)Cc2cc(F)ccc2F)CC1,,6.96,1,6.96,6.96,IC50,B,single protein format,single_protein,8,H,2011,,386.4860000000001,4.4421000000000035,46.33,1,2,6,3,2,0.43478260869565216,0.7976687129729423
CHEMBL1683107,CHEMBL1683107,CN(C(=O)c1c[nH]c2ccccc12)[C@H]1CC[C@H]([C@H](N)Cc2cc(F)ccc2F)CC1,,6.96,1,6.96,6.96,IC50,B,single protein format,single_protein,8,H,2011,,411.4960000000002,4.646900000000004,62.120000000000005,2,2,5,4,3,0.375,0.6421455385000023
CHEMBL554090,CHEMBL554090,C[C@H](CCc1ccc(C(N)=O)cc1)NCC(=O)c1ccsc1,,6.96,1,6.96,6.96,IC50,B,single protein format,single_protein,9,D,2007,,316.426,2.640600000000001,72.19,2,4,8,2,2,0.29411764705882354,0.7354292083833461
CHEMBL189067,CHEMBL1181700,CCNC(=O)[C@@H](c1ccc(-c2ccc(F)cc2)cc1)[C@H](N)C(=O)N1CC[C@H](F)C1,,6.96,1,6.96,6.96,IC50,B,single protein format,single_protein,8,H,2005,,401.45700000000016,2.610100000000001,75.42999999999999,2,3,6,3,2,0.36363636363636365,0.7814064572965689
CHEMBL488810,CHEMBL488810,CC(C)(CNC(=O)C(c1ccc(Cl)cc1)c1ccc(Cl)cc1)NCC(=O)N1C[C@@H](F)C[C@H]1C#N,,6.96,1,6.96,6.96,IC50,B,cell-free format,other,9,D,2008,,505.4210000000002,4.072280000000004,85.23,2,4,8,3,2,0.4,0.5667111517251338
CHEMBL2147049,CHEMBL2220156,Cn1c(=O)c2c(nc(N3CCC[C@@H](N)C3)n2Cc2cccc(Cl)c2)c2cc(C(=O)O)ccc21,,6.96,1,6.96,6.96,IC50,B,single protein format,single_protein,9,D,2012,,465.9410000000001,3.215600000000001,106.38000000000001,2,5,4,5,4,0.2916666666666667,0.4790039698443739
CHEMBL3926320,CHEMBL3926320,N[C@@H]1Cc2c(ccc3ccccc23)O[C@H]1c1cc(F)c(F)cc1F,,6.96,2,6.96,6.96,IC50,B,cell-based format;single protein format,mixed,9,D,2016,,329.32099999999997,4.260600000000002,35.25,1,2,1,4,3,0.15789473684210525,0.6771418858823948
CHEMBL5829004,CHEMBL5829004,NC1Cc2c(ccc3ccccc23)OC1c1cc(F)c(F)cc1F,,6.96,1,6.96,6.96,IC50,B,cell-based format,cell_based,9,D,2019,,329.32099999999997,4.260600000000002,35.25,1,2,1,4,3,0.15789473684210525,0.6771418858823948
CHEMBL365780,CHEMBL1184728,C[C@@H](c1ccc(-c2cccc(S(C)(=O)=O)c2)cc1)[C@H](N)C(=O)N1CC[C@H](F)C1,,6.96,1,6.96,6.96,IC50,B,single protein format,single_protein,8,H,2005,,404.5070000000002,2.7583,80.46999999999998,1,4,5,3,2,0.38095238095238093,0.8309729109949873
CHEMBL230342,CHEMBL1182331,N[C@H]1CN(c2cccc(C(F)(F)F)n2)CC[C@@H]1c1cc(F)c(F)cc1F,,6.96,1,6.96,6.96,IC50,B,single protein format,single_protein,8,H,2007,,375.316,3.8389000000000024,42.15,1,3,2,3,2,0.35294117647058826,0.6407442926082139
CHEMBL2206480,CHEMBL2206480,N[C@@H](CC(=O)NC1(c2nc(-c3ccc(C(F)(F)F)cc3)cs2)CCS(=O)(=O)CC1)Cc1cc(F)c(F)cc1F,,6.96,1,6.96,6.96,IC50,B,single protein format,single_protein,9,D,2012,,591.5990000000004,4.726400000000004,102.15,2,6,7,4,3,0.36,0.30583664936730626
CHEMBL2334676,CHEMBL2334676,CC(C)C[C@H](N)C(=O)N1[C@H](C#N)C[C@@H]2C[C@@H]21,,6.96,1,6.96,6.96,Ki,B,single protein format,single_protein,9,D,2013,,221.30399999999997,0.8727799999999998,70.12,1,3,3,2,0,0.8333333333333334,0.7684786478209167
CHEMBL23924,CHEMBL23924,N[C@H](C(=O)N1CC[C@@H](F)C1)[C@H]1CC[C@H](NC(=O)c2ccc(F)c(F)c2)CC1,,6.96,1,6.96,6.96,IC50,B,single protein format,single_protein,8,H,2004,,383.4140000000001,2.1510999999999996,75.43,2,3,4,3,1,0.5789473684210527,0.8366750908498328
CHEMBL480914,CHEMBL480914,CC(=O)c1ccc(N2C[C@@H]3[C@H](C2)[C@H]3NCC(=O)N2C[C@@H](F)C[C@H]2C#N)cc1,,6.96,1,6.96,6.96,IC50,B,cell-free format,other,9,D,2008,,370.4280000000001,1.3759799999999998,76.44,1,5,5,4,1,0.55,0.7926790210109653
CHEMBL3236125,CHEMBL3236125,NC[C@H]1CN(c2ccc3nc(C(F)(F)F)nn3n2)C(=O)C[C@@H]1c1cc(F)c(F)cc1F,,6.96,1,6.96,6.96,IC50,B,assay format,other,9,D,2014,,444.3390000000001,2.655800000000001,89.41,1,5,3,4,3,0.3333333333333333,0.4957975229013586
CHEMBL479567,CHEMBL479567,N#Cc1ccc(N2C[C@@H]3[C@H](C2)[C@H]3NCC(=O)N2C[C@@H](F)C[C@H]2C#N)cc1F,,6.96,1,6.96,6.96,IC50,B,cell-free format,other,9,D,2008,,371.3910000000001,1.1841599999999999,83.16,1,5,4,4,1,0.5263157894736842,0.8595331219743085
CHEMBL3329636,CHEMBL3329636,Cn1c(=O)n(Cc2ccccc2Cl)c2c(N3CCC[C@@H](N)C3)ccnc21,,6.96,1,6.96,6.96,IC50,B,single protein format,single_protein,9,D,2014,,371.8720000000002,2.3641999999999994,69.08,1,4,3,4,3,0.3684210526315789,0.7669811134756794
CHEMBL409010,CHEMBL409010,C[C@H]1N[C@H](C(=O)N2CCC[C@H]2C#N)C[C@H]1C(=O)N(C)C,,6.96,1,6.96,6.96,IC50,B,single protein format,single_protein,9,D,2008,,278.35600000000005,-0.04421999999999926,76.44,1,4,2,2,0,0.7857142857142857,0.768484171031909
CHEMBL1683101,CHEMBL1683101,CN(C(=O)C(C)(C)C)[C@H]1CC[C@H]([C@H](N)Cc2cc(F)ccc2F)CC1,,6.96,1,6.96,6.96,IC50,B,single protein format,single_protein,8,H,2011,,352.46900000000005,3.8979000000000026,46.33,1,2,4,2,1,0.65,0.8932645221912419
CHEMBL352402,CHEMBL352402,N[C@H](C(=O)N1CCCC1)[C@@H]1CC[C@@H](OC(=O)Nc2ccc(I)cc2)C1,,6.96,1,6.96,6.96,IC50,B,single protein format,single_protein,8,H,2004,,457.31200000000007,2.958100000000001,84.66,2,4,4,3,1,0.5555555555555556,0.6815499951915467
CHEMBL354576,CHEMBL354576,N[C@H](C(=O)N1CCCC1)[C@H]1CC[C@@H](NC(=O)Nc2cccc3ccccc23)C1,,6.96,1,6.96,6.96,IC50,B,single protein format,single_protein,8,H,2004,,380.49200000000013,3.0797000000000008,87.46000000000001,3,3,4,4,2,0.45454545454545453,0.7616597819534167
CHEMBL354936,CHEMBL354936,CN(C)S(=O)(=O)c1ccc(S(=O)(=O)N[C@H]2CC[C@H]([C@H](N)C(=O)N3CCCC3)C2)cc1,,6.96,1,6.96,6.96,IC50,B,single protein format,single_protein,8,H,2004,,458.6060000000004,0.33360000000000234,129.88000000000002,2,6,7,3,1,0.631578947368421,0.6057577243165074
CHEMBL197413,CHEMBL197413,N[C@@H](CC(=O)N1CCc2n[nH]c(C(F)(F)F)c2C1)Cc1cc(F)ccc1F,,6.96,2,6.96,6.96,IC50,B,single protein format,single_protein,9,D,2005,,388.3400000000001,2.5515000000000008,75.01,2,3,4,3,2,0.4117647058823529,0.7909289320584839
CHEMBL380860,CHEMBL380860,N[C@H](C(=O)N1CC(F)(F)C(F)(F)C1)C1CCCCC1,,6.96,1,6.96,6.96,IC50,B,assay format,other,9,D,2008,,282.281,2.0068,46.330000000000005,1,2,2,2,0,0.9166666666666666,0.7874835285764841
CHEMBL365953,CHEMBL1184734,COc1ccccc1-c1ccc([C@H](C)[C@H](N)C(=O)N2CC[C@H](F)C2)cc1,,6.96,1,6.96,6.96,IC50,B,single protein format,single_protein,8,H,2005,,356.4410000000001,3.3634000000000013,55.56,1,3,5,3,2,0.38095238095238093,0.8936666480578336
CHEMBL250006,CHEMBL250006,CC1c2nc(C(F)(F)F)n(C)c2CCN1C(=O)C[C@H](N)Cc1cc(F)ccc1F,,6.955,2,6.72,7.19,IC50,B,single protein format,single_protein,8,H,2007,,416.3940000000001,3.1229000000000013,64.15,1,3,4,3,2,0.47368421052631576,0.7794244163777257
CHEMBL199744,CHEMBL199744,COc1ccc(C[S+]([O-])C(C)(C)[C@H](N)C(=O)N2C[C@@H](F)C[C@H]2C#N)cc1,,6.95,1,6.95,6.95,Ki,B,single protein format,single_protein,9,D,2005,,381.47300000000007,1.5123799999999998,102.41,1,5,6,2,1,0.5555555555555556,0.7526910018214175
CHEMBL1271170,CHEMBL1271170,COc1ccccc1-c1cn2c(-c3c(C)cc(C)cc3C)c(CN)c(C)nc2n1,,6.95,1,6.95,6.95,Ki,B,single protein format,single_protein,9,D,2010,,386.4990000000002,4.764280000000003,65.44,1,4,4,4,4,0.25,0.548888670970857
CHEMBL5274711,CHEMBL5274711,Cc1c(-c2c(S(=O)(=O)c3ccccc3)cnc3ncnn23)c(=O)n(-c2ccccc2)n1C,,6.95,1,6.95,6.95,IC50,B,single protein format,single_protein,9,D,2021,,446.49200000000013,2.42192,104.15,0,6,4,5,5,0.09090909090909091,0.4199680822474263
CHEMBL223865,CHEMBL223865,O=C([C@@H]1C[C@H](N2CCCc3ccccc32)CN1)N1CCSC1,,6.95,1,6.95,6.95,IC50,B,cell-free format,other,9,D,2007,,317.45800000000014,1.7026,35.580000000000005,1,4,2,4,1,0.5882352941176471,0.900556137253477
CHEMBL391186,CHEMBL391186,CC(C)C(C(C)C)[C@H](N)C(=O)N1CC[C@@H]2C[C@@H]21,,6.95,1,6.95,6.95,Ki,B,single protein format,single_protein,9,D,2007,,238.37499999999994,1.8626999999999996,46.330000000000005,1,2,4,2,0,0.9285714285714286,0.8123706937846971
CHEMBL1270758,CHEMBL1270758,COc1ccccc1-c1cn2c(-c3c(Cl)cccc3Cl)c(CN)c(C)nc2n1,,6.95,1,6.95,6.95,Ki,B,single protein format,single_protein,9,D,2010,,413.3080000000002,5.145820000000004,65.44,1,4,4,4,4,0.14285714285714285,0.5029067594471058
CHEMBL1683491,CHEMBL1739336,CCOC(=O)C1COc2cc(CNC(=O)C3SCCN3C(=O)C[C@H](N)Cc3cc(F)c(F)cc3F)ccc2O1,,6.95,1,6.95,6.95,IC50,B,single protein format,single_protein,9,D,2011,,567.5860000000004,2.2846,120.19,2,8,9,4,2,0.4230769230769231,0.3500448677289538
CHEMBL559371,CHEMBL1197099,N[C@@H](CC(=O)N1CCn2c(nnc2C(F)(F)F)[C@@H]1Cc1ccc(F)cc1)Cc1cc(F)c(F)cc1F,,6.94,1,6.94,6.94,IC50,B,single protein format,single_protein,8,H,2008,,515.4330000000002,3.9394000000000027,77.04,1,4,6,4,3,0.34782608695652173,0.3987987552471809
CHEMBL2069859,CHEMBL2069859,N[C@@H](CC(=O)N1CCN(C(=O)c2cccc(F)n2)CC1)Cc1cc(F)c(F)cc1F,,6.94,1,6.94,6.94,IC50,B,single protein format,single_protein,9,D,2012,,424.3980000000002,1.8825000000000003,79.53000000000002,1,4,5,3,2,0.35,0.451735768630174
CHEMBL1779692,CHEMBL1779692,N[C@@H](CC(=O)N1CCN(CCN2CCOCC2)C(=O)C1)Cc1cc(F)c(F)cc1F,,6.94,1,6.94,6.94,IC50,B,single protein format,single_protein,9,D,2011,,428.4550000000001,0.3668000000000031,79.11000000000001,1,5,7,3,1,0.6,0.6351598993953562
CHEMBL2086610,CHEMBL2086610,NC(=O)[C@@H]1CCCN1C(=O)c1ccc(NC(=O)c2ccc(-c3ccccc3)cc2)cc1,,6.94,1,6.94,6.94,IC50,B,assay format,other,9,D,2012,,413.4770000000001,3.695800000000002,92.5,2,3,5,4,3,0.16,0.668036092194349
CHEMBL191577,CHEMBL191577,COc1ccc(CCNC(=O)C[C@H](N)C(=O)N2CCC[C@H]2C#N)cc1OC,,6.94,1,6.94,6.94,IC50,B,single protein format,single_protein,8,H,2005,,374.44100000000014,0.5944800000000017,117.67999999999999,2,6,8,2,1,0.5263157894736842,0.6877509259502198
CHEMBL217198,CHEMBL217198,COc1ccc(NC(=O)CC(C)(C)NCC(=O)N2CCC[C@H]2C#N)cc1OC,,6.94,1,6.94,6.94,IC50,B,single protein format,single_protein,9,D,2007,,388.4680000000002,1.9151799999999997,103.69000000000001,2,6,8,2,1,0.55,0.7050909021083507
CHEMBL185067,CHEMBL185067,NC(=O)CN1CCN(C(=O)C[C@H](N)Cc2ccccc2F)[C@H](Cc2ccccc2)C1,,6.94,1,6.94,6.94,IC50,B,single protein format,single_protein,8,H,2004,,412.5090000000001,1.3264000000000022,92.66000000000001,2,4,8,3,2,0.391304347826087,0.6841380402784526
CHEMBL1275854,CHEMBL1615961,COc1cc(CN2CC3CN(C(=O)C[C@H](N)Cc4cc(F)c(F)cc4F)CCN3C2=O)cc(OC)c1,,6.94,1,6.94,6.94,IC50,B,single protein format,single_protein,9,D,2010,,506.5250000000002,2.5296000000000003,88.34,1,5,8,4,2,0.44,0.556351727607764
CHEMBL200103,CHEMBL200103,N#C[C@@H]1CCCN1C(=O)CNCCC(=O)N1CCc2ccccc2C1,,6.94,1,6.94,6.94,IC50,B,single protein format,single_protein,9,D,2006,,340.4270000000001,1.06558,76.44,1,4,5,3,1,0.5263157894736842,0.8135492793817981
CHEMBL371296,CHEMBL371296,COc1ccc(CS(=O)(=O)C(C)(C)[C@H](N)C(=O)N2CCC[C@H]2C#N)cc1,,6.94,1,6.94,6.94,Ki,B,single protein format,single_protein,9,D,2005,,379.48200000000014,1.2304800000000002,113.49000000000001,1,6,6,2,1,0.5555555555555556,0.7951427756214253
CHEMBL480942,CHEMBL480942,N#Cc1cc(F)cc(N2C[C@@H]3[C@H](C2)[C@H]3NCC(=O)N2C[C@@H](F)C[C@H]2C#N)c1,,6.93,1,6.93,6.93,IC50,B,cell-free format,other,9,D,2008,,371.3910000000001,1.1841599999999997,83.16,1,5,4,4,1,0.5263157894736842,0.8595331219743085
CHEMBL186787,CHEMBL1181639,NC(CC(=O)N1CCC[C@H]1C(=O)NCc1ccc(OCC(=O)O)cc1)Cc1ccccc1F,,6.93,1,6.93,6.93,IC50,B,single protein format,single_protein,9,D,2004,,457.50200000000024,1.8564000000000003,121.96000000000002,3,5,10,3,2,0.375,0.5006728812764599
CHEMBL383323,CHEMBL1185004,C[C@@H](c1ccc(-c2ccc(=O)n(CC3CC3)c2)cc1)[C@H](N)C(=O)N1CC[C@H](F)C1,,6.93,1,6.93,6.93,IC50,B,single protein format,single_protein,9,D,2006,,397.49400000000014,2.9265000000000008,68.33,1,3,6,4,2,0.4782608695652174,0.8149361193799776
CHEMBL218026,CHEMBL218026,CC(C)(CC(=O)NCCc1ccccn1)NCC(=O)N1CCC[C@H]1C#N,,6.93,1,6.93,6.93,IC50,B,single protein format,single_protein,9,D,2007,,357.4580000000002,1.0131800000000006,98.12,2,5,8,2,1,0.5789473684210527,0.7235759249584419
CHEMBL556219,CHEMBL1196245,N#C[C@@H]1CS[C@H]2C[C@](N)(CC3CCCCC3)C(=O)N12,,6.93,1,6.93,6.93,IC50,B,single protein format,single_protein,9,D,2009,,279.40899999999993,1.85168,70.11999999999999,1,4,2,3,0,0.8571428571428571,0.837206088038167
CHEMBL5630566,CHEMBL5630566,O=C(CN1CCn2c(nnc2C(F)(F)F)C1)N1C(=O)S/C(=C\c2ccc(OCc3ccccc3)cc2)C1=O,,6.93,1,6.93,6.93,IC50,B,single protein format,single_protein,9,D,2023,,543.5270000000003,3.954600000000003,97.63000000000002,0,8,6,5,3,0.24,0.4314293871514657
CHEMBL365560,CHEMBL365560,N[C@H](C(=O)N1CC(F)(F)C1)C1CCCCC1,,6.93,1,6.93,6.93,Ki,B,single protein format,single_protein,9,D,2005,,232.27399999999992,1.3714999999999993,46.330000000000005,1,2,2,2,0,0.9090909090909091,0.7812861512528488
CHEMBL1683106,CHEMBL1683106,CN(C(=O)c1ccno1)[C@H]1CC[C@H]([C@H](N)Cc2cc(F)ccc2F)CC1,,6.92,1,6.92,6.92,IC50,B,single protein format,single_protein,8,H,2011,,363.4080000000001,3.1536000000000017,72.36,1,4,5,3,2,0.47368421052631576,0.8857045454244646
CHEMBL3892398,CHEMBL3892398,COc1ccc2ccc3c(c2c1)C[C@H](N)[C@@H](c1cccc(F)c1)O3,,6.92,1,6.92,6.92,IC50,B,cell-based format,cell_based,9,D,2016,,323.367,3.9910000000000023,44.480000000000004,1,3,2,4,3,0.2,0.7753426062843948
CHEMBL363319,CHEMBL363319,N[C@@H](CC(=O)N1CCSC1)Cc1cc(F)c(F)cc1F,,6.92,1,6.92,6.92,IC50,B,single protein format,single_protein,8,H,2004,,304.337,1.8967,46.330000000000005,1,3,4,2,1,0.46153846153846156,0.8642887631322694
CHEMBL201158,CHEMBL201158,CC(C)(NC(=O)CCNCC(=O)N1CCC[C@H]1C#N)c1ccccc1,,6.92,1,6.92,6.92,IC50,B,single protein format,single_protein,9,D,2006,,342.443,1.5321800000000005,85.23,2,4,7,2,1,0.5263157894736842,0.7360883640054747
CHEMBL3984849,CHEMBL3984849,CC#CCn1c(N2CCC[C@@H](N)C2)nc2c1c(=O)n(CCCN1CCC(C(=O)Nc3ccc(OC)cc3)CC1)c(=O)n2C,,6.92,1,6.92,6.92,IC50,B,single protein format,single_protein,9,D,2016,,590.7290000000002,1.5969000000000027,132.65000000000003,2,8,9,5,3,0.5483870967741935,0.35940760789288057
CHEMBL3236123,CHEMBL3236123,Cc1cc2ncc(N3C[C@H](CN)[C@@H](c4cc(F)c(F)cc4F)CC3=O)c(C)n2n1,,6.92,1,6.92,6.92,IC50,B,assay format,other,9,D,2014,,403.4080000000002,2.8588400000000007,76.52000000000001,1,4,3,4,3,0.35,0.6826311877193544
CHEMBL438265,CHEMBL1185871,CCOC(=O)Nc1c(-c2ccc([C@H](C)[C@H](N)C(=O)N3CC[C@H](F)C3)cc2)cn(C)c(=O)c1F,,6.92,1,6.92,6.92,IC50,B,single protein format,single_protein,9,D,2006,,462.49700000000024,2.761000000000001,106.65999999999997,2,5,6,3,2,0.43478260869565216,0.6867011596112775
CHEMBL151,CHEMBL151,O=c1cc(-c2ccc(O)c(O)c2)oc2cc(O)cc(O)c12,LUTEOLIN,6.92,1,6.92,6.92,IC50,B,single protein format,single_protein,9,D,2018,2,286.23900000000003,2.2824000000000004,111.13000000000001,4,6,1,3,3,0.0,0.5106223467843569
CHEMBL399207,CHEMBL399207,N[C@H]1CN(c2cc(-c3cccc([N+](=O)[O-])c3)ncn2)C[C@@H]1c1cc(F)c(F)cc1F,,6.92,1,6.92,6.92,IC50,B,single protein format,single_protein,9,D,2007,,415.3750000000001,3.4002000000000026,98.17999999999999,1,6,4,4,3,0.2,0.3984723179992517
CHEMBL3236115,CHEMBL3236115,NC[C@H]1CN(CCc2ccccc2)C(=O)C[C@@H]1c1cc(F)ccc1F,,6.92,1,6.92,6.92,IC50,B,assay format,other,9,D,2014,,344.40500000000003,3.098300000000001,46.33,1,2,5,3,2,0.35,0.9059218612983321
CHEMBL1082345,CHEMBL1199196,N#C[C@@H]1CCCN1C(=O)CN[C@@H]1C[C@@H]2C[C@H](OC(=O)Nc3ccccc3)C[C@@H]2C1,,6.92,1,6.92,6.92,IC50,B,single protein format,single_protein,8,H,2010,,396.49100000000016,2.8964800000000004,94.46000000000001,2,5,5,4,1,0.5909090909090909,0.7980464966513134
CHEMBL191933,CHEMBL1181792,C[C@@H](c1ccc(-c2ccccc2)cc1)[C@H](N)C(=O)N1CC[C@H](F)C1,,6.92,1,6.92,6.92,IC50,B,single protein format,single_protein,8,H,2005,,326.41500000000013,3.354800000000002,46.330000000000005,1,2,4,3,2,0.35,0.9363431587448263
CHEMBL1683105,CHEMBL1683105,CN(C(=O)c1csnn1)[C@H]1CC[C@H]([C@H](N)Cc2cc(F)ccc2F)CC1,,6.92,1,6.92,6.92,IC50,B,single protein format,single_protein,8,H,2011,,380.4640000000001,3.017100000000001,72.11,1,5,5,3,2,0.5,0.8654889956868136
CHEMBL391251,CHEMBL391251,COc1ccc(-c2cc(N3C[C@H](c4cc(F)c(F)cc4F)[C@@H](N)C3)ncn2)cc1,,6.92,1,6.92,6.92,IC50,B,single protein format,single_protein,9,D,2007,,400.40400000000005,3.500600000000002,64.27000000000001,1,5,4,4,3,0.23809523809523808,0.6794574248923666
CHEMBL1683098,CHEMBL1683098,CC(=O)N(C)[C@H]1CC[C@H]([C@H](N)Cc2cc(F)ccc2F)CC1,,6.92,1,6.92,6.92,IC50,B,single protein format,single_protein,8,H,2011,,310.3880000000001,2.8717000000000015,46.33,1,2,4,2,1,0.5882352941176471,0.929288297764276
CHEMBL584276,CHEMBL584276,N[C@@H](CCN1CCC[C@H]1c1nnc(-c2ccccc2)o1)Cc1ccccc1F,,6.92,1,6.92,6.92,IC50,B,assay format,other,9,D,2009,,380.46700000000016,3.9727000000000032,68.18,1,5,7,4,3,0.36363636363636365,0.6716130378237541
CHEMBL278393,CHEMBL278393,N[C@H](C(=O)N1CCCC1)C1CCCCC1,,6.92,3,6.5,7.19,IC50;Ki,B,single protein format,single_protein,8;9,D;H,1996;2004;2005,,210.32099999999994,1.516399999999999,46.330000000000005,1,2,2,2,0,0.9166666666666666,0.7507730453693613
CHEMBL3127991,CHEMBL3127991,N#C[C@@H]1C[C@H](F)CN1C(=O)[C@@H](N)Cc1csc(-c2cccs2)n1,,6.92,1,6.92,6.92,IC50,B,assay format,other,9,D,2014,,350.444,2.2039800000000005,83.01,1,6,4,3,2,0.4,0.9162387325125481
CHEMBL272079,CHEMBL272079,Cc1cc(N2CCN(C(=O)[C@@H]3CN[C@H](C(=O)N4CCCC4)C3)CC2)sn1,,6.92,2,6.68,7.16,IC50,B,cell-free format;single protein format,mixed,9,D,2008,,377.5140000000003,0.7006199999999996,68.78,1,6,3,4,1,0.7222222222222222,0.839896098955896
CHEMBL3644454,CHEMBL3644454,N[C@H]1C[C@@H](N2Cc3c[nH]nc3C2)CS(=O)(=O)C1c1cc(F)cc(F)c1F,,6.92,1,6.92,6.92,IC50,B,assay format,other,9,D,2014,,386.399,1.3983,92.07999999999998,2,5,2,4,2,0.4375,0.7615484343263329
CHEMBL4789426,CHEMBL4789426,CC(C)(C)c1cn(CC[C@H](N)Cc2cc(F)c(F)cc2F)nn1,,6.92,1,6.92,6.92,IC50,B,single protein format,single_protein,9,D,2021,,326.366,2.953000000000001,56.730000000000004,1,3,5,2,2,0.5,0.8596035231873727
CHEMBL4750433,CHEMBL4750433,CC#CCn1c(N2CCC[C@@H](N)C2)nc2c1c(=O)n(CCCN1CCC(c3ncc(-c4ccccc4)o3)CC1)c(=O)n2C,,6.92,1,6.92,6.92,IC50,B,single protein format,single_protein,9,D,2020,,584.7250000000001,2.7722000000000007,120.35000000000002,1,8,8,6,4,0.5,0.3141600253731083
CHEMBL488678,CHEMBL488678,N[C@@H](CC(=O)N1CCn2c(nnc2C(F)(F)F)C1)CN1CCCCC1=O,,6.92,1,6.92,6.92,IC50,B,single protein format,single_protein,8,H,2008,,374.3670000000003,0.36899999999999955,97.35,1,5,4,3,1,0.7333333333333333,0.8212637093469934
CHEMBL510073,CHEMBL510073,N[C@@H](CC(=O)N1CCCNC(=O)[C@H]1CC(F)(F)F)CN1CCCCC1=O,,6.92,1,6.92,6.92,IC50,B,single protein format,single_protein,8,H,2008,,378.39500000000027,0.38580000000000014,95.74000000000001,2,4,5,2,0,0.8125,0.7233015168706091
CHEMBL1085522,CHEMBL1085522,CC(C)NC(=O)N1C[C@H]2C[C@@H](NCC(=O)N3CCC[C@H]3C#N)C[C@H]2C1,,6.92,1,6.92,6.92,IC50,B,single protein format,single_protein,8,H,2010,,347.46300000000014,0.918980000000001,88.47,2,4,4,3,0,0.8333333333333334,0.7913969747154561
CHEMBL2115247,CHEMBL2115247,CC[C@H](C)[C@H](N)C(=O)N1C[S+]([O-])C[C@H]1C#N,,6.915,2,6.36,7.47,Ki,B,single protein format,single_protein,9,D,1996,,243.33199999999997,-0.19961999999999946,93.18,1,4,3,1,0,0.8,0.6945953143359832
CHEMBL208657,CHEMBL208657,CCCOCC1(NCC(=O)N2[C@H](C#N)CC[C@@H]2C#N)CCCC1,,6.91,1,6.91,6.91,IC50,B,single protein format,single_protein,9,D,2006,,318.42100000000016,1.72216,89.15,1,5,7,2,0,0.8235294117647058,0.7219899621854733
CHEMBL1287845,CHEMBL1618449,CCOCCCn1c(=O)n(C)c(=O)c2c1cc(N1CCC[C@@](C)(N)C1)n2Cc1cc(F)ccc1Cl,,6.91,1,6.91,6.91,IC50,B,cell-free format,other,9,D,2010,,506.0220000000004,3.0867000000000013,87.41999999999999,1,5,8,4,3,0.52,0.475298431932013
CHEMBL4077174,CHEMBL4116336,N[C@@H](CC(=O)N1CC[C@@H]2[C@@H](CCc3nnc(Cc4ccccc4)n32)C1)Cc1cc(F)c(F)cc1F,,6.91,1,6.91,6.91,IC50,B,cell-based format,cell_based,9,D,2017,,483.5380000000001,3.5821000000000014,77.04000000000002,1,4,6,5,3,0.4230769230769231,0.5440527470779789
CHEMBL1275853,CHEMBL1615960,COc1cccc(CN2CC3CN(C(=O)C[C@H](N)Cc4cc(F)c(F)cc4F)CCN3C2=O)c1,,6.91,1,6.91,6.91,IC50,B,single protein format,single_protein,9,D,2010,,476.4990000000002,2.521000000000001,79.11,1,4,7,4,2,0.4166666666666667,0.6233355384908443
CHEMBL3687980,CHEMBL3687980,CC#CCn1c(N2CCC[C@@H](N)C2)nc2nc3n(c(=O)c21)CC(=O)N3C,,6.91,1,6.91,6.91,IC50,B,single protein format,single_protein,9,D,2015,,355.40200000000016,-0.47979999999999845,102.27999999999999,1,6,2,4,2,0.5294117647058824,0.7302537681901581
CHEMBL480324,CHEMBL480324,N#C[C@@H]1C[C@H](F)CN1C(=O)CN[C@H]1[C@@H]2CN(c3ccc(C(F)(F)F)cn3)C[C@@H]21,,6.91,1,6.91,6.91,IC50,B,cell-free format,other,9,D,2008,,397.3760000000001,1.5871800000000003,72.26,1,5,4,4,1,0.6111111111111112,0.7816551339229272
CHEMBL374936,CHEMBL374936,C[C@H](c1nc(-c2ccc(S(C)(=O)=O)cc2)no1)[C@H](N)C(=O)N1CCCC1,,6.91,2,6.91,6.91,IC50,B,assay format;single protein format,mixed,8;9,D;H,2006;2008,,378.45400000000024,1.1933,119.39,1,7,5,3,2,0.47058823529411764,0.8296952811386034
CHEMBL94630,CHEMBL94630,CC(C)(C)CC(C)(C)NCC(=O)N1CCC[C@H]1C#N,,6.91,1,6.91,6.91,IC50,B,assay format,other,8,H,2003,,265.40099999999995,2.3053800000000004,56.13,1,3,4,1,0,0.8666666666666667,0.8483142173561667
CHEMBL190029,CHEMBL190029,N#C[C@@H]1CCCN1C(=O)[C@@H](N)CC(=O)N1CCN(C(=O)c2ccccc2)CC1,,6.91,1,6.91,6.91,IC50,B,single protein format,single_protein,8,H,2005,,383.45200000000017,0.20298000000000216,110.73999999999998,1,5,4,3,1,0.5,0.7986301334492079
CHEMBL3236118,CHEMBL3236118,Cc1nnc2ccc(N3C[C@H](CN)[C@@H](c4cc(F)ccc4F)CC3=O)nn12,,6.91,1,6.91,6.91,IC50,B,assay format,other,9,D,2014,,372.3790000000001,1.80632,89.41000000000001,1,5,3,4,3,0.3333333333333333,0.7573531424078642
CHEMBL245380,CHEMBL1182554,COc1ccc(C(=O)NC2CCC([C@H](C)[C@H](N)C(=O)N3CC[C@H](F)C3)CC2)cc1,,6.904999999999999,2,6.68,7.13,IC50,B,cell-based format;single protein format,mixed,9,D,2007,,405.51400000000024,2.5176000000000007,84.65999999999998,2,4,6,3,1,0.6363636363636364,0.7616837989627341
CHEMBL390194,CHEMBL1185118,N[C@H]1CN(c2ccncc2)CC[C@@H]1c1cc(F)c(F)cc1F,,6.9,1,6.9,6.9,IC50,B,single protein format,single_protein,8,H,2007,,307.31899999999996,2.820100000000001,42.15,1,3,2,3,2,0.3125,0.8676135377172798
CHEMBL241673,CHEMBL241673,O=C([C@@H]1C[C@H](N2CCCC2)CN1)N1CCSC1,,6.9,1,6.9,6.9,IC50,B,cell-free format,other,9,D,2007,,255.38699999999997,0.34560000000000063,35.580000000000005,1,4,2,3,0,0.9166666666666666,0.7720078947579659
CHEMBL439394,CHEMBL439394,C[C@@H]1C(=O)N[C@H](Cc2ccccc2F)CCN1C(=O)C[C@H](N)Cc1cc(F)c(F)cc1F,,6.9,1,6.9,6.9,IC50,B,single protein format,single_protein,8,H,2007,,451.46400000000017,2.8512000000000004,75.43,2,3,6,3,2,0.391304347826087,0.5240501199430092
CHEMBL3236124,CHEMBL3236124,NC[C@H]1CN(c2ccc3nnc(C(F)(F)F)n3n2)C(=O)C[C@@H]1c1cc(F)c(F)cc1F,,6.9,1,6.9,6.9,IC50,B,assay format,other,9,D,2014,,444.3390000000001,2.655800000000001,89.41,1,5,3,4,3,0.3333333333333333,0.4957975229013586
CHEMBL2425067,CHEMBL2425067,N[C@H]1C[C@@H](N2Cc3ccccc3O2)CO[C@@H]1c1cc(F)ccc1F,,6.9,1,6.9,6.9,IC50,B,single protein format,single_protein,9,D,2013,,332.35,2.931700000000001,47.72,1,4,2,4,2,0.3333333333333333,0.9185390296019067
CHEMBL3093909,CHEMBL3093909,CC(C)(C)c1ccc(C[C@H](N)C(=O)N2C[C@@H](F)C[C@H]2C#N)cc1,,6.9,1,6.9,6.9,IC50,B,assay format,other,9,D,2013,,317.40799999999996,2.3164800000000003,70.12,1,3,3,2,1,0.5555555555555556,0.9298112849973772
CHEMBL3686734,CHEMBL3686734,CC(C)[C@H](N)C(=S)N[C@@H](C)B(O)O,,6.9,2,6.66,7.14,IC50,B,single protein format,single_protein,9,D,2015,,204.10400000000004,-0.7128,78.51,4,4,4,0,0,0.8571428571428571,0.35906297385288183
CHEMBL217059,CHEMBL217059,COc1ccc(NC(=O)CC(C)(C)NCC(=O)N2CCC[C@H]2C#N)c(OC)c1OC,,6.9,1,6.9,6.9,IC50,B,single protein format,single_protein,9,D,2007,,418.49400000000026,1.9237799999999996,112.92000000000002,2,7,9,2,1,0.5714285714285714,0.6298651564309562
CHEMBL5624515,CHEMBL5624515,O=C(CN1CCN(S(=O)(=O)c2ccccc2)CC1)N1C(=O)S/C(=C\c2ccc(OCc3ccccc3)cc2)C1=O,,6.9,1,6.9,6.9,IC50,B,single protein format,single_protein,9,D,2023,,577.6840000000003,3.8350000000000035,104.30000000000001,0,8,8,5,3,0.20689655172413793,0.3723206142115018
CHEMBL251404,CHEMBL251404,Cn1c(C(F)(F)F)nc2c1CN(C(=O)C[C@H](N)Cc1cc(F)ccc1F)CC2,,6.89,1,6.89,6.89,IC50,B,single protein format,single_protein,8,H,2007,,402.3670000000002,2.5619000000000014,64.15,1,3,4,3,2,0.4444444444444444,0.7999849772270348
CHEMBL558196,CHEMBL242813,N[C@@H](CC(=O)N1CCn2c(nnc2C(F)(F)F)C1)Cc1ccc(F)c(F)c1,,6.89,2,6.89,6.89,IC50,B,single protein format,single_protein,8;9,D;H,2005;2007,,389.32800000000015,1.8773999999999995,77.04,1,4,4,3,2,0.4375,0.810506518992236
CHEMBL231194,CHEMBL1182342,N[C@H]1CN(c2cnc3cccnc3n2)CC[C@@H]1c1cc(F)c(F)cc1F,,6.89,1,6.89,6.89,IC50,B,single protein format,single_protein,8,H,2007,,359.355,2.763300000000001,67.93,1,5,2,4,3,0.2777777777777778,0.7128835389192004
CHEMBL37654,CHEMBL37654,NCc1c(N)nc(-c2cccc(C(F)(F)F)c2)nc1-c1ccc(Cl)cc1Cl,,6.89,1,6.89,6.89,IC50,F,assay format,other,8,H,2004,,413.23000000000013,5.177100000000002,77.82000000000001,2,4,3,3,3,0.1111111111111111,0.6206975263423402
CHEMBL469521,CHEMBL469521,N[C@@H](CC(=O)NC1(c2nc3c(Cl)cccc3s2)CCS(=O)(=O)CC1)Cc1ccccc1F,,6.89,1,6.89,6.89,IC50,B,cell-based format,cell_based,9,D,2008,,496.02900000000034,3.5690000000000026,102.15,2,6,6,4,3,0.36363636363636365,0.5439515265391771
CHEMBL195721,CHEMBL195721,Cn1nc(C(F)(F)F)c2c1CCN(C(=O)C[C@H](N)Cc1cc(F)ccc1F)C2,,6.89,1,6.89,6.89,IC50,B,single protein format,single_protein,9,D,2005,,402.36700000000013,2.5619000000000014,64.15,1,3,4,3,2,0.4444444444444444,0.7999849772270349
CHEMBL5289049,CHEMBL5289049,NCc1c(-c2ccc(Cl)cc2Cl)nc2ccccn12,,6.89,1,6.89,6.89,IC50,B,single protein format,single_protein,9,D,2021,,292.169,3.7668000000000017,43.31999999999999,1,2,2,3,3,0.07142857142857142,0.781033770661857
CHEMBL1682984,CHEMBL1682984,CN([C@H]1CC[C@H]([C@H](N)Cc2cc(F)ccc2F)CC1)S(=O)(=O)c1ccc(-c2cnco2)cc1,,6.89,1,6.89,6.89,IC50,B,single protein format,single_protein,8,H,2011,,475.5610000000002,4.369100000000003,89.42999999999999,1,5,7,4,3,0.375,0.5481886090314114
CHEMBL381200,CHEMBL381200,O=C(CNC1CC1)N1CCC[C@H]1B(O)O,,6.89,1,6.89,6.89,IC50,B,single protein format,single_protein,9,D,2005,,212.05800000000002,-1.2585999999999993,72.80000000000001,3,4,4,2,0,0.8888888888888888,0.5084548050140899
CHEMBL2159177,CHEMBL2159177,Cn1c(=O)c2c(-c3ccc(Br)cc3)c(CN)c(N)nc2n(C)c1=O,,6.89,1,6.89,6.89,IC50,B,single protein format,single_protein,8,H,2012,,390.2410000000002,1.1025999999999998,108.92999999999998,2,5,2,3,3,0.1875,0.6813742874863948
CHEMBL1683100,CHEMBL1683100,CC(C)C(=O)N(C)[C@H]1CC[C@H]([C@H](N)Cc2cc(F)ccc2F)CC1,,6.89,1,6.89,6.89,IC50,B,single protein format,single_protein,8,H,2011,,338.44200000000006,3.5078000000000022,46.33,1,2,5,2,1,0.631578947368421,0.8929313707636004
CHEMBL371521,CHEMBL371521,Cn1nc2c(c1C(F)(F)F)CCN(C(=O)C[C@H](N)Cc1cc(F)ccc1F)C2,,6.89,1,6.89,6.89,IC50,B,single protein format,single_protein,9,D,2005,,402.36700000000013,2.5619000000000014,64.15,1,3,4,3,2,0.4444444444444444,0.7999849772270349
CHEMBL566854,CHEMBL566854,N[C@@H](CCN1CCC[C@H]1c1cn(-c2ccccc2)nn1)Cc1ccccc1F,,6.89,1,6.89,6.89,IC50,B,assay format,other,9,D,2009,,379.4830000000001,3.503400000000002,59.97,1,4,7,4,3,0.36363636363636365,0.6825190502939996
CHEMBL248997,CHEMBL248997,N[C@@H](CC(=O)N1CCc2[nH]c(-c3ccccc3)nc2C1)Cc1cc(F)ccc1F,,6.89,1,6.89,6.89,IC50,B,single protein format,single_protein,8,H,2007,,396.44100000000014,3.1997000000000018,75.01,2,3,5,4,3,0.2727272727272727,0.6955257865030032
CHEMBL3330065,CHEMBL3330065,N#C[C@@H]1C[C@@H]2CCC[C@@H]2N1C(=O)C[C@H](N)Cc1cccc(F)c1,,6.89,1,6.89,6.89,IC50,B,assay format,other,9,D,2014,,315.392,2.37878,70.12,1,3,4,3,1,0.5555555555555556,0.9271219237617482
CHEMBL1683130,CHEMBL1683130,CS(=O)(=O)N1CCC([C@H](N)Cc2cc(F)ccc2F)CC1,,6.89,1,6.89,6.89,IC50,B,single protein format,single_protein,8,H,2011,,318.3890000000001,1.5062000000000002,63.400000000000006,1,3,4,2,1,0.5714285714285714,0.915044700605237
CHEMBL363606,CHEMBL363606,N[C@@H](CC(=O)N1CCc2noc(C(F)(F)F)c2C1)Cc1cc(F)ccc1F,,6.89,1,6.89,6.89,IC50,B,single protein format,single_protein,9,D,2005,,389.32400000000007,2.8164000000000016,72.36000000000001,1,4,4,3,2,0.4117647058823529,0.8166923582264785
CHEMBL372078,CHEMBL372078,CS(=O)(=O)c1ccc(-c2nc3c(s2)CN(C(=O)C[C@H](N)Cc2cc(F)ccc2F)CC3)cc1,,6.89,1,6.89,6.89,IC50,B,single protein format,single_protein,9,D,2005,,491.58500000000026,3.3366000000000025,93.36,1,6,6,4,3,0.30434782608695654,0.5709943340729865
CHEMBL427219,CHEMBL427219,O=C([C@@H]1CN[C@H](C(=O)N2CCC(F)(F)C2)C1)N1Cc2ccccc2C1,,6.89,1,6.89,6.89,IC50,B,single protein format,single_protein,9,D,2006,,349.3810000000001,1.3744999999999994,52.650000000000006,1,3,2,4,1,0.5555555555555556,0.8775879246908763
CHEMBL236922,CHEMBL236922,N#Cc1ccc(-c2cc(N3C[C@H](c4cc(F)c(F)cc4F)[C@@H](N)C3)ncn2)cc1,,6.89,1,6.89,6.89,IC50,B,single protein format,single_protein,9,D,2007,,395.38800000000003,3.3636800000000013,78.83,1,5,3,4,3,0.19047619047619047,0.688273740472606
CHEMBL195443,CHEMBL1181899,COc1ccc(-c2ccc([C@H](C)[C@H](N)C(=O)N3CC[C@H](F)C3)cc2)cc1,,6.89,1,6.89,6.89,IC50,B,single protein format,single_protein,8,H,2005,,356.44100000000003,3.363400000000002,55.56,1,3,5,3,2,0.38095238095238093,0.8936666480578337
CHEMBL168986,CHEMBL168986,CS(=O)(=O)c1ccc(S(=O)(=O)N[C@H]2CC[C@H]([C@H](N)C(=O)N3CCCC3)C2)cc1,,6.89,1,6.89,6.89,IC50,B,single protein format,single_protein,8,H,2004,,429.5640000000003,0.48680000000000123,126.64,2,6,6,3,1,0.6111111111111112,0.6774623114703412
CHEMBL425375,CHEMBL1185653,C[C@@H](c1ccc(-c2ccccc2C(F)(F)F)cc1)[C@H](N)C(=O)N1CC[C@H](F)C1,,6.89,1,6.89,6.89,IC50,B,single protein format,single_protein,8,H,2005,,394.41200000000015,4.373600000000004,46.330000000000005,1,2,4,3,2,0.38095238095238093,0.782951739392839
CHEMBL5409066,CHEMBL5409066,Cc1ccccc1C1C=C(c2ccccc2)N=C(Nc2nc(N)nc(N3CCOCC3)n2)O1,,6.88,1,6.88,6.88,IC50,B,single protein format,single_protein,9,D,2023,,443.51100000000037,3.1793200000000015,110.78,2,9,4,5,3,0.25,0.6325790249021163
CHEMBL381530,CHEMBL381530,N#C[C@@H]1CCCN1C(=O)CNCCC(=O)N1Cc2ccccc2C1,,6.88,1,6.88,6.88,IC50,B,single protein format,single_protein,9,D,2006,,326.40000000000003,1.0230799999999995,76.44,1,4,5,3,1,0.5,0.81988673176346
CHEMBL4747721,CHEMBL4747721,Cc1cn(CC[C@H](N)Cc2cc(F)c(F)cc2F)nn1,,6.88,1,6.88,6.88,IC50,B,single protein format,single_protein,9,D,2021,,284.285,1.9639199999999999,56.730000000000004,1,3,5,2,2,0.38461538461538464,0.8539450849135225
CHEMBL328994,CHEMBL328994,N#C[C@@H]1CCCN1C(=O)CNC1Cc2ccccc2C1,,6.88,1,6.88,6.88,IC50,B,assay format,other,8,H,2003,,269.34800000000007,1.2579799999999994,56.13,1,3,3,3,1,0.5,0.8984380776297392
CHEMBL1202084,CHEMBL1615548,N#C[C@H]1CCCN1C(=O)CNCCN1CCN(c2ccccc2F)C1=O,,6.87,1,6.87,6.87,IC50,B,single protein format,single_protein,9,D,2009,,359.40500000000003,1.1718799999999998,79.68,1,4,6,3,1,0.5,0.7735814974612677
CHEMBL514935,CHEMBL514935,O=C([C@@H]1C[C@H](N2CCN(c3ncccn3)CC2)CN1)N1CC(F)(F)C1,,6.87,1,6.87,6.87,IC50,B,single protein format,single_protein,9,D,2009,,352.38900000000007,-0.1933999999999989,64.60000000000001,1,6,3,4,1,0.6875,0.8134165408335233
CHEMBL184040,CHEMBL184040,CS(=O)(=O)Nc1cccc(NC(=O)CN2CCN(C(=O)C[C@H](N)Cc3ccccc3)C(Cc3ccccc3)C2)c1,,6.87,1,6.87,6.87,IC50,B,single protein format,single_protein,8,H,2004,,563.7240000000003,2.712200000000003,124.83999999999999,3,6,11,4,3,0.3333333333333333,0.32958498114667906
CHEMBL232262,CHEMBL232262,N[C@@H](CC(=O)N1CCn2c(nnc2C(F)(F)F)C1)Cc1cccc(F)c1,,6.87,1,6.87,6.87,IC50,B,single protein format,single_protein,9,D,2007,,371.33800000000014,1.7382999999999993,77.04,1,4,4,3,2,0.4375,0.8309335145680845
CHEMBL3236129,CHEMBL3236129,NC[C@H]1CN(c2ccc3nnc(C(F)(F)F)n3n2)C(=O)C[C@@H]1c1ccc(Cl)cc1Cl,,6.87,1,6.87,6.87,IC50,B,assay format,other,9,D,2014,,459.2590000000001,3.545300000000002,89.41,1,5,3,4,3,0.3333333333333333,0.6475207425585788
CHEMBL175872,CHEMBL175872,N[C@@H](CC(=O)N1CCNC[C@H]1Cc1ccccc1)Cc1ccccc1F,,6.86,1,6.86,6.86,IC50,B,single protein format,single_protein,8,H,2004,,355.4570000000001,2.1287000000000003,58.36000000000001,2,3,6,3,2,0.38095238095238093,0.8345827774409758
CHEMBL2346927,CHEMBL2346927,CC#CCn1c(N2CCC[C@@H](N)C2)nc2ccn(Cc3ccc4cc(Br)ccc4n3)c2c1=O,,6.86,1,6.86,6.86,IC50,B,single protein format,single_protein,9,D,2013,,505.42000000000024,3.5078000000000014,81.97,1,5,4,5,4,0.32,0.4297031481410874
CHEMBL4093298,CHEMBL4117219,CCOc1cccc(-c2nnc3n2[C@@H]2CCN(C(=O)C[C@H](N)Cc4cc(F)c(F)cc4F)C[C@@H]2CC3)n1,,6.86,1,6.86,6.86,IC50,B,cell-based format,cell_based,9,D,2017,,514.5520000000002,3.4520000000000017,99.16000000000001,1,6,7,5,3,0.46153846153846156,0.48520959084002935
CHEMBL1209683,CHEMBL1209683,COC(=O)c1nc2nc(C)c(CN)c(-c3ccc(Cl)cc3Cl)n2n1,,6.86,1,6.86,6.86,Ki,B,single protein format,single_protein,9,D,2010,,366.2080000000001,2.6518200000000007,95.39999999999999,1,6,3,3,3,0.2,0.716350227578951
CHEMBL230603,CHEMBL230603,C[C@@H]1C(=O)N[C@H](C(F)(F)F)CCN1C(=O)C[C@H](N)Cc1cc(F)c(F)cc1F,,6.86,1,6.86,6.86,IC50,B,single protein format,single_protein,8,H,2007,,411.34600000000006,2.0317,75.43,2,3,4,2,1,0.5294117647058824,0.5882963064512532
CHEMBL3236130,CHEMBL3236130,NC[C@H]1CN(c2ccc3nc(C(F)(F)F)nn3n2)C(=O)C[C@@H]1c1ccc(Cl)cc1Cl,,6.86,1,6.86,6.86,IC50,B,assay format,other,9,D,2014,,459.2590000000001,3.545300000000002,89.41,1,5,3,4,3,0.3333333333333333,0.6475207425585788
CHEMBL67680,CHEMBL1179287,CCCCCCCC[S+](CCCCCCCC)Cc1ccc2cc1C(=O)NCC(=O)NCC(=O)NCCCC[C@H](N)C(=O)N1CCC[C@H]1C(=O)N2,,6.859999999999999,2,6.2,7.52,IC50,B,cell-based format,cell_based,8,H,1998,,730.0529999999995,4.928800000000005,162.73000000000002,5,6,16,3,1,0.717948717948718,0.1197997336526353
CHEMBL400954,CHEMBL400954,Cn1cnc2c1CCN(C(=O)C[C@H](N)Cc1cc(F)c(F)cc1F)C2C(F)(F)F,,6.859999999999999,2,6.42,7.3,IC50,B,single protein format,single_protein,8,H,2007,,420.357,2.7856000000000005,64.15,1,3,4,3,2,0.4444444444444444,0.6113535838619548
CHEMBL216643,CHEMBL216643,N[C@@H](CC(=O)N1CCCNC(=O)C1)Cc1cc(F)c(F)cc1F,,6.85,1,6.85,6.85,IC50,B,single protein format,single_protein,9,D,2007,,329.322,0.7122999999999997,75.43,2,3,4,2,1,0.4666666666666667,0.7991831542163693
CHEMBL366031,CHEMBL1184738,C[C@@H](c1ccc(-c2cccc(S(N)(=O)=O)c2)cc1)[C@H](N)C(=O)N1CC[C@H](F)C1,,6.85,1,6.85,6.85,IC50,B,single protein format,single_protein,8,H,2005,,405.4950000000002,2.0022,106.49,2,4,5,3,2,0.35,0.7933450535116304
CHEMBL370033,CHEMBL1184793,C[C@@H](c1ccc(-c2cccc(-c3noc(C4CC4)n3)c2)cc1)[C@H](N)C(=O)N1CC[C@H](F)C1,,6.85,1,6.85,6.85,IC50,B,single protein format,single_protein,8,H,2005,,434.51500000000016,4.282200000000003,85.24999999999999,1,5,6,5,3,0.4,0.6258393356083588
CHEMBL28,CHEMBL28,O=c1cc(-c2ccc(O)cc2)oc2cc(O)cc(O)c12,APIGENIN,6.85,1,6.85,6.85,IC50,B,single protein format,single_protein,9,D,2018,,270.24,2.576800000000001,90.9,3,5,1,3,3,0.0,0.6318329361180623
CHEMBL232191,CHEMBL232191,N[C@H]1C[C@H](N2CCn3c(nnc3C(F)(F)F)C2)CCC1c1cc(F)c(F)cc1F,,6.85,1,6.85,6.85,IC50,B,single protein format,single_protein,8,H,2007,,419.3730000000001,3.1934000000000013,59.97,1,4,2,4,2,0.5555555555555556,0.6001793183908667
CHEMBL394594,CHEMBL394594,C[C@@H]1C(=O)NCC(C)(C)CN1C(=O)C[C@H](N)Cc1cc(F)c(F)cc1F,,6.85,1,6.85,6.85,IC50,B,single protein format,single_protein,8,H,2007,,371.40299999999996,1.7369,75.43,2,3,4,2,1,0.5555555555555556,0.7919459314036126
CHEMBL1682975,CHEMBL1682975,CN([C@H]1CC[C@H]([C@H](N)Cc2cc(F)ccc2F)CC1)S(=O)(=O)c1ccccc1,,6.85,1,6.85,6.85,IC50,B,single protein format,single_protein,8,H,2011,,408.5140000000001,3.714100000000003,63.4,1,3,6,3,2,0.42857142857142855,0.7925013403188386
CHEMBL4082445,CHEMBL4117969,Cc1ccc(-c2c(CN)c(CC(C)C)nc3ccc(OCC(=O)O)cc23)cc1,,6.85,1,6.85,6.85,IC50,B,assay format,other,9,D,2017,,378.47200000000015,4.330820000000004,85.44000000000001,2,4,7,3,3,0.30434782608695654,0.6390144131589774
CHEMBL1682979,CHEMBL1682979,CN([C@H]1CC[C@H]([C@H](N)Cc2cc(F)ccc2F)CC1)S(=O)(=O)c1ccc(N)cc1,,6.85,1,6.85,6.85,IC50,B,single protein format,single_protein,8,H,2011,,423.52900000000017,3.2963000000000013,89.42,2,4,6,3,2,0.42857142857142855,0.6979429378683942
CHEMBL2425062,CHEMBL2425062,N[C@H]1C[C@@H](n2cc3cnc(C4CC4)nc3c2)CO[C@@H]1c1cc(F)c(F)cc1F,,6.85,1,6.85,6.85,IC50,B,single protein format,single_protein,9,D,2013,,388.39300000000003,3.756000000000003,65.96000000000001,1,4,3,5,3,0.4,0.6942151723399261
CHEMBL3980269,CHEMBL3980269,CC#CCn1c(N2CCC[C@@H](N)C2)nc2c1c(=O)n(CCCN1CCC(C(=O)OCC)CC1)c(=O)n2C,,6.85,1,6.85,6.85,IC50,B,single protein format,single_protein,9,D,2016,,513.6430000000005,0.512700000000003,120.62000000000003,1,8,8,4,2,0.6923076923076923,0.40056669169775866
CHEMBL1683103,CHEMBL1683103,CN(C(=O)CCC(=O)O)[C@H]1CC[C@H]([C@H](N)Cc2cc(F)ccc2F)CC1,,6.85,1,6.85,6.85,IC50,B,single protein format,single_protein,8,H,2011,,368.4240000000001,2.7166000000000006,83.63,2,3,7,2,1,0.5789473684210527,0.7750998854959559
CHEMBL3892718,CHEMBL3892718,CC#CCn1c(N2CCC[C@@H](N)C2)nc2c1c(=O)n(CCCN1CCC(C(=O)OC(C)C)CC1)c(=O)n2C,,6.85,1,6.85,6.85,IC50,B,single protein format,single_protein,9,D,2016,,527.6700000000004,0.9012000000000029,120.62000000000003,1,8,8,4,2,0.7037037037037037,0.3972185128642491
CHEMBL1683109,CHEMBL1683109,Cn1ccc(C(=O)N(C)[C@H]2CC[C@H]([C@H](N)Cc3cc(F)ccc3F)CC2)n1,,6.85,1,6.85,6.85,IC50,B,single protein format,single_protein,8,H,2011,,376.4510000000001,2.8991000000000016,64.15,1,3,5,3,2,0.5,0.8727202280433699
CHEMBL1683108,CHEMBL1683108,Cc1noc(C)c1C(=O)N(C)[C@H]1CC[C@H]([C@H](N)Cc2cc(F)ccc2F)CC1,,6.85,1,6.85,6.85,IC50,B,single protein format,single_protein,8,H,2011,,391.4620000000001,3.7704400000000025,72.36,1,4,5,3,2,0.5238095238095238,0.8421348235650334
CHEMBL221557,CHEMBL221557,N[C@H]1CN(C(=O)Nc2ccccc2)C(=O)C[C@@H]1c1cc(F)c(F)cc1F,,6.85,1,6.85,6.85,Ki,B,single protein format,single_protein,9,D,2007,,363.339,2.9792000000000014,75.43,2,3,2,3,2,0.2222222222222222,0.8057818559602141
CHEMBL480781,CHEMBL480781,N#Cc1cc(C(F)(F)F)ccc1N1C[C@@H]2[C@H](C1)[C@H]2NCC(=O)N1C[C@@H](F)C[C@H]1C#N,,6.85,1,6.85,6.85,IC50,B,cell-free format,other,9,D,2008,,421.3980000000002,2.06386,83.16,1,5,4,4,1,0.55,0.7529940144584159
CHEMBL1683104,CHEMBL1683104,CN(C(=O)c1cccnc1)[C@H]1CC[C@H]([C@H](N)Cc2cc(F)ccc2F)CC1,,6.85,1,6.85,6.85,IC50,B,single protein format,single_protein,8,H,2011,,373.44700000000006,3.5606000000000018,59.22,1,3,5,3,2,0.42857142857142855,0.8717903908023326
CHEMBL402496,CHEMBL402496,N[C@@H](CC(=O)N1CCc2[nH]c(C(F)(F)F)nc2C1)Cc1cc(F)ccc1F,,6.85,1,6.85,6.85,IC50,B,single protein format,single_protein,8,H,2007,,388.3400000000001,2.5515000000000008,75.01,2,3,4,3,2,0.4117647058823529,0.7909289320584839
CHEMBL195739,CHEMBL1181905,C[C@@H](c1ccc(-c2cccc(-n3cnnn3)c2)cc1)[C@H](N)C(=O)N1CC[C@H](F)C1,,6.85,1,6.85,6.85,IC50,B,single protein format,single_protein,8,H,2005,,394.45400000000024,2.330499999999999,89.92999999999999,1,5,5,4,3,0.3333333333333333,0.7173484049063379
CHEMBL189258,CHEMBL189258,CCC(NC(=O)C[C@H](N)C(=O)N1CCC[C@H]1C#N)c1ccccc1,,6.85,1,6.85,6.85,IC50,B,single protein format,single_protein,8,H,2005,,328.416,1.4858800000000005,99.22,2,4,6,2,1,0.5,0.8260365367377597
CHEMBL3357780,CHEMBL3357780,Cc1ccc(S(=O)(=O)NC[C@@H]2C[C@@H]3CCCC[C@@H]3N2C(=O)C[C@H](N)Cc2cc(F)c(F)cc2F)cc1,,6.85,1,6.85,6.85,IC50,B,single protein format,single_protein,9,D,2014,,523.6210000000002,3.8104200000000024,92.5,2,4,8,4,2,0.5,0.5150116488683641
CHEMBL382666,CHEMBL382666,CC(C)(C)[C@H](N)C(=O)N(CC#N)C1CCC1,,6.85,1,6.85,6.85,Ki,B,single protein format,single_protein,9,D,2006,,223.31999999999994,1.2644799999999998,70.12,1,3,3,1,0,0.8333333333333334,0.7322649390466897
CHEMBL392431,CHEMBL392431,NC1CN(c2nccc(-c3ccccc3)n2)CC1c1ccc(Cl)cc1Cl,,6.85,1,6.85,6.85,Ki,B,single protein format,single_protein,9,D,2007,,385.2980000000001,4.381500000000003,55.04,1,4,3,4,3,0.2,0.7270846282307049
CHEMBL600045,CHEMBL600045,COc1cc2c(cc1OC)C1CC(N)C(N3CCCOC3=O)CN1CC2,,6.85,1,6.85,6.85,IC50,B,single protein format,single_protein,9,D,2010,,361.4420000000002,1.5448999999999997,77.26,1,6,3,4,1,0.631578947368421,0.8801136791428116
CHEMBL236507,CHEMBL236507,N[C@H]1CN(c2nc3c(cc2F)c(=O)c(C(=O)O)cn3C2CC2)C[C@H]1c1ccc(F)cc1,,6.85,1,6.85,6.85,IC50,B,single protein format,single_protein,9,D,2007,,426.4230000000002,2.6389000000000005,101.44999999999999,2,5,4,5,3,0.3181818181818182,0.6652272392288692
CHEMBL589598,CHEMBL589598,COc1cc2c(cc1OC)C1CC(N)C(N3CCCC[S+]3[O-])CN1CC2,,6.85,1,6.85,6.85,IC50,B,single protein format,single_protein,9,D,2010,,379.5260000000002,1.4621000000000002,74.02,1,6,3,4,1,0.6842105263157895,0.8018404517579683
CHEMBL479983,CHEMBL479983,N#C[C@@H]1C[C@H](F)CN1C(=O)CN[C@H]1[C@@H]2CN(c3nccs3)C[C@@H]21,,6.84,1,6.84,6.84,IC50,B,cell-free format,other,9,D,2008,,335.4080000000001,0.6298800000000002,72.26,1,6,4,4,1,0.6666666666666666,0.8737375098406309
CHEMBL4750352,CHEMBL4750352,N[C@@H](CCn1cc(-c2ccccn2)nn1)Cc1cc(F)c(F)cc1F,,6.84,1,6.84,6.84,IC50,B,single protein format,single_protein,9,D,2021,,347.34400000000005,2.7175000000000002,69.62,1,4,6,3,3,0.23529411764705882,0.6962893354682838
CHEMBL230341,CHEMBL1182330,N[C@H]1CN(c2cccnc2)CC[C@@H]1c1cc(F)c(F)cc1F,,6.84,1,6.84,6.84,IC50,B,single protein format,single_protein,8,H,2007,,307.31899999999996,2.820100000000001,42.15,1,3,2,3,2,0.3125,0.8676135377172798
CHEMBL230495,CHEMBL230495,C[C@@H]1CNC(=O)[C@@H](CC(F)(F)F)N(C(=O)C[C@H](N)Cc2cc(F)c(F)cc2F)C1,,6.84,1,6.84,6.84,IC50,B,single protein format,single_protein,8,H,2007,,425.3730000000001,2.279300000000001,75.43,2,3,5,2,1,0.5555555555555556,0.5616392555852596
CHEMBL377776,CHEMBL377776,O=C([C@@H]1CN[C@H](C(=O)N2CCCC2)C1)N1Cc2cc(Cl)c(Cl)cc2C1,,6.84,1,6.84,6.84,IC50,B,single protein format,single_protein,9,D,2006,,382.2910000000001,2.4361000000000006,52.650000000000006,1,3,2,4,1,0.5555555555555556,0.8551022564737586
CHEMBL3350929,CHEMBL3350929,N#C[C@@H]1C[C@@H]2C[C@@H]2N1C(=O)[C@@H](N)C1(C(O)CO)CCCC1,,6.84,1,6.84,6.84,Ki,B,single protein format,single_protein,9,D,2005,,293.3670000000001,-0.25971999999999973,110.58000000000001,3,5,4,3,0,0.8666666666666667,0.661175134583035
CHEMBL185482,CHEMBL185482,N[C@@H](CC(=O)N1CCNC[C@H]1Cc1cscn1)Cc1ccccc1F,,6.84,1,6.84,6.84,IC50,B,single protein format,single_protein,8,H,2004,,362.4740000000001,1.5852000000000004,71.25,2,5,6,3,2,0.4444444444444444,0.8185921043585885
CHEMBL388431,CHEMBL388431,N[C@@H](CC(=O)N1CCn2c(nnc2C(F)(F)F)C1)Cc1ccccc1Cl,,6.84,1,6.84,6.84,IC50,B,single protein format,single_protein,9,D,2007,,387.7930000000001,2.2525999999999993,77.04,1,4,4,3,2,0.4375,0.8725474082150706
CHEMBL210485,CHEMBL210485,C=C[C@@H]1CC[C@@H](C(=O)N2CCC[C@H]2C#N)N1,,6.84,1,6.84,6.84,Ki,B,single protein format,single_protein,9,D,2006,,219.28799999999998,0.80758,56.13,1,3,2,2,0,0.6666666666666666,0.6990968141018566
CHEMBL274770,CHEMBL274770,CC(C)(CC(=O)NCCc1ccccc1)NCC(=O)N1CCC[C@H]1C#N,,6.84,1,6.84,6.84,IC50,B,single protein format,single_protein,9,D,2007,,356.4700000000002,1.6181800000000002,85.23,2,4,8,2,1,0.55,0.7411200692814036
CHEMBL3084824,CHEMBL3084824,COc1ccc(NC(=O)O[C@@]23C[C@@H]4C[C@@H](C[C@](NCC(=O)N5CCC[C@H]5C#N)(C4)C2)C3)cc1,,6.83,1,6.83,6.83,IC50,B,assay format,other,8,H,2003,,452.55500000000035,3.439280000000002,103.69,2,6,6,6,1,0.64,0.685327632240892
CHEMBL3580777,CHEMBL3580777,N[C@@H](CC(=O)N1CC(=O)Nc2cccnc2C1)[C@H]1CCc2cc(F)c(F)cc21,,6.83,1,6.83,6.83,IC50,B,cell-based format,cell_based,9,D,2015,,386.40200000000016,2.0879000000000003,88.32000000000001,2,4,3,4,2,0.35,0.8455547555144864
CHEMBL519265,CHEMBL519265,N#Cc1ccc(N2C[C@@H]3[C@H](C2)[C@H]3NCC(=O)N2C[C@@H](F)C[C@H]2C#N)nc1,,6.83,1,6.83,6.83,IC50,B,cell-free format,other,9,D,2008,,354.38900000000007,0.4400599999999997,96.05,1,6,4,4,1,0.5555555555555556,0.8428716374726517
CHEMBL3236128,CHEMBL3236128,Cc1cc2ncc(N3C[C@H](CN)[C@@H](c4ccc(Cl)cc4Cl)CC3=O)c(C)n2n1,,6.83,1,6.83,6.83,IC50,B,assay format,other,9,D,2014,,418.32800000000026,3.7483400000000016,76.52000000000001,1,4,3,4,3,0.35,0.7031215543774447
CHEMBL223114,CHEMBL223114,O=C([C@@H]1C[C@H](Nc2ccccc2)CN1)N1CCSC1,,6.83,1,6.83,6.83,IC50,B,cell-free format,other,9,D,2007,,277.39300000000003,1.3618999999999999,44.370000000000005,2,4,3,3,1,0.5,0.8755210986077665
CHEMBL5277626,CHEMBL5277626,Cn1ccnc1-c1cn(CC[C@H](N)Cc2cc(F)c(F)cc2F)nn1,,6.82,1,6.82,6.82,IC50,B,single protein format,single_protein,9,D,2021,,350.34799999999996,2.0559999999999996,74.55,1,4,6,3,3,0.3125,0.6907400125520967
CHEMBL2147062,CHEMBL2220302,COc1cccc(Cn2c(N3CCC[C@@H](N)C3)nc3c4cc(C(=O)O)ccc4n(C)c(=O)c32)c1,,6.82,1,6.82,6.82,IC50,B,single protein format,single_protein,9,D,2012,,461.5220000000002,2.570800000000001,115.60999999999999,2,6,5,5,4,0.32,0.46927183565756425
CHEMBL481290,CHEMBL481290,N#Cc1ccc(N2C[C@@H]3[C@H](C2)[C@H]3NCC(=O)N2C[C@@H](F)C[C@H]2C#N)cc1Cl,,6.82,1,6.82,6.82,IC50,B,cell-free format,other,9,D,2008,,387.8460000000001,1.6984599999999996,83.16,1,5,4,4,1,0.5263157894736842,0.8497286036834918
CHEMBL194979,CHEMBL194979,N[C@@H](CC(=O)N1CCc2nn(CC(F)(F)F)c(C(F)(F)F)c2C1)Cc1cc(F)ccc1F,,6.82,1,6.82,6.82,IC50,B,single protein format,single_protein,9,D,2005,,470.3640000000001,3.587200000000002,64.15,1,3,5,3,2,0.47368421052631576,0.6799999959046666
CHEMBL191805,CHEMBL191805,Cn1nc2c(c1C(F)(F)F)CN(C(=O)C[C@H](N)Cc1cc(F)ccc1F)CC2,,6.82,1,6.82,6.82,IC50,B,single protein format,single_protein,9,D,2005,,402.36700000000013,2.5619000000000014,64.15,1,3,4,3,2,0.4444444444444444,0.7999849772270349
CHEMBL5267534,CHEMBL5267534,COc1ccc(-c2cnnn2CC[C@H](N)Cc2cc(F)c(F)cc2F)cc1,,6.82,1,6.82,6.82,IC50,B,single protein format,single_protein,9,D,2021,,376.382,3.331100000000001,65.96000000000001,1,4,7,3,3,0.2631578947368421,0.6426198502669288
CHEMBL237972,CHEMBL237972,CN(C)C(=O)[C@@H]([C@H]1CC[C@@H](c2ccc(F)cc2)CC1)[C@H](N)C(=O)N1CCC(F)(F)C1,,6.82,1,6.82,6.82,IC50,B,single protein format,single_protein,9,D,2007,,425.49500000000023,2.998800000000001,66.64,1,3,5,3,1,0.6363636363636364,0.7888128791138294
CHEMBL4451410,CHEMBL4451410,Cc1cccc(-c2nnc3ccc(N4CCN(Cc5ccccc5)CC4)nn23)c1,,6.82,1,6.82,6.82,Ki,B,single protein format,single_protein,9,D,2020,,384.4870000000001,3.421920000000002,49.56,0,5,4,5,4,0.2608695652173913,0.5395947187013899
CHEMBL238232,CHEMBL238232,CC1(C)CC([C@H](N)C(=O)N2CC[C@@H]3C[C@@H]32)CC(C)(C)C1,,6.82,1,6.82,6.82,Ki,B,single protein format,single_protein,9,D,2007,,278.44,2.787000000000001,46.330000000000005,1,2,2,3,0,0.9411764705882353,0.843999078942245
CHEMBL197301,CHEMBL197301,Cn1nc2c(c1-c1ccc(F)cc1)CN(C(=O)C[C@H](N)Cc1cc(F)ccc1F)CC2,,6.82,1,6.82,6.82,IC50,B,single protein format,single_protein,9,D,2005,,428.45800000000014,3.3492000000000015,64.15,1,3,5,4,3,0.30434782608695654,0.6780255684289621
CHEMBL5288509,CHEMBL5288509,N[C@@H](CCn1cc(C(=O)O)nn1)Cc1cc(F)c(F)cc1F,,6.82,1,6.82,6.82,IC50,B,single protein format,single_protein,9,D,2021,,314.267,1.3536999999999995,94.03,2,4,6,2,2,0.3076923076923077,0.7850804168720297
CHEMBL251205,CHEMBL251205,Cn1c(C(F)(F)F)nc2c1CCN(C(=O)C[C@H](N)Cc1cc(F)ccc1F)C2,,6.82,1,6.82,6.82,IC50,B,single protein format,single_protein,8,H,2007,,402.36700000000013,2.5619000000000014,64.15,1,3,4,3,2,0.4444444444444444,0.7999849772270349
CHEMBL479381,CHEMBL479381,N#Cc1ccc(N2C[C@@H]3[C@H](C2)[C@H]3NCC(=O)N2C[C@@H](F)C[C@H]2C#N)c(F)c1,,6.82,1,6.82,6.82,IC50,B,cell-free format,other,9,D,2008,,371.3910000000001,1.1841599999999997,83.16,1,5,4,4,1,0.5263157894736842,0.8595331219743085
CHEMBL1287902,CHEMBL1618420,Cn1cnc2cc(N3CCC[C@@](C)(N)C3)n(Cc3ccccc3C#N)c2c1=O,,6.82,1,6.82,6.82,IC50,B,cell-free format,other,9,D,2010,,376.46400000000006,1.9725799999999996,92.87,1,5,3,4,3,0.38095238095238093,0.7543625458258545
CHEMBL372472,CHEMBL1184837,Cc1ccccc1-c1ccc([C@H](C)[C@H](N)C(=O)N2CC[C@H](F)C2)cc1,,6.82,1,6.82,6.82,IC50,B,single protein format,single_protein,8,H,2005,,340.44200000000006,3.6632200000000017,46.330000000000005,1,2,4,3,2,0.38095238095238093,0.9230759649467906
CHEMBL474813,CHEMBL1186697,N[C@@H](CC(=O)N1CCCN(C(=O)c2ccc(C(=O)O)nc2)CC1)Cc1cc(F)c(F)cc1F,,6.82,1,6.82,6.82,IC50,B,single protein format,single_protein,8,H,2008,,464.4440000000002,1.8317000000000005,116.83000000000001,2,5,6,3,2,0.36363636363636365,0.6304068395790011
CHEMBL237568,CHEMBL237568,N[C@H]1CN(c2nc3c(cc2F)c(=O)c(C(=O)O)cn3C2CC2)C[C@H]1c1ccccc1,,6.82,1,6.82,6.82,IC50,B,single protein format,single_protein,9,D,2007,,408.43300000000016,2.4998000000000005,101.44999999999999,2,5,4,5,3,0.3181818181818182,0.6878978164027468
CHEMBL5267229,CHEMBL5267229,N[C@@H](CCn1cc(C2CCCCC2)nn1)Cc1cc(F)c(F)cc1F,,6.82,1,6.82,6.82,IC50,B,single protein format,single_protein,9,D,2021,,352.40399999999994,3.7032000000000025,56.730000000000004,1,3,6,3,2,0.5555555555555556,0.8066487236159193
CHEMBL355248,CHEMBL355248,CS(=O)(=O)c1ccccc1S(=O)(=O)N[C@H]1CC[C@H]([C@H](N)C(=O)N2CCCC2)C1,,6.82,1,6.82,6.82,IC50,B,single protein format,single_protein,8,H,2004,,429.5640000000004,0.48680000000000123,126.64,2,6,6,3,1,0.6111111111111112,0.677462311470341
CHEMBL263326,CHEMBL1182735,C[C@@H](c1ccc(-c2cccc(NS(C)(=O)=O)c2)cc1)[C@H](N)C(=O)N1CC[C@H](F)C1,,6.82,1,6.82,6.82,IC50,B,single protein format,single_protein,8,H,2005,,419.5220000000002,2.7263,92.49999999999999,2,4,6,3,2,0.38095238095238093,0.7530301551566411
CHEMBL246168,CHEMBL1182563,CC(=O)N(C)c1ccc([C@H](C(=O)N(C)C)[C@H](N)C(=O)N2CC[C@H](F)C2)cc1,,6.82,1,6.82,6.82,IC50,B,cell-based format,cell_based,9,D,2007,,378.44800000000015,0.7388000000000006,86.95,1,4,5,2,1,0.5263157894736842,0.8187195314171961
CHEMBL217005,CHEMBL217005,C[C@H]1C(=O)NCCCN1C(=O)C[C@H](N)Cc1cc(F)c(F)cc1F,,6.82,1,6.82,6.82,IC50,B,single protein format,single_protein,9,D,2007,,343.349,1.1008000000000004,75.43,2,3,4,2,1,0.5,0.8041895188129506
CHEMBL5285297,CHEMBL5285297,COc1ccc(-c2cn(CC[C@H](N)Cc3cc(F)c(F)cc3F)nn2)cc1,,6.82,1,6.82,6.82,IC50,B,single protein format,single_protein,9,D,2021,,376.382,3.331100000000001,65.96000000000001,1,4,7,3,3,0.2631578947368421,0.6426198502669288
CHEMBL278729,CHEMBL1183079,C[C@@H](c1ccc(-c2cc(F)ccc2F)cc1)[C@H](N)C(=O)N1CC[C@H](F)C1,,6.82,1,6.82,6.82,IC50,B,single protein format,single_protein,8,H,2005,,362.39500000000015,3.633000000000002,46.330000000000005,1,2,4,3,2,0.35,0.9027778761267318
CHEMBL4098632,CHEMBL4116669,CC(C)c1nnc2n1[C@@H]1CCN(C(=O)C[C@H](N)Cc3cc(F)c(F)cc3F)C[C@H]1CC2,,6.82,1,6.82,6.82,IC50,B,cell-based format,cell_based,9,D,2017,,435.49400000000014,3.114700000000002,77.04,1,4,5,4,2,0.5909090909090909,0.7325068495242657
CHEMBL5290009,CHEMBL5290009,N[C@@H](CCn1cc(-c2ccccc2)nn1)Cc1cc(F)c(F)cc1F,,6.82,1,6.82,6.82,IC50,B,single protein format,single_protein,9,D,2021,,346.35600000000005,3.3225000000000016,56.730000000000004,1,3,6,3,3,0.2222222222222222,0.6967808932445816
CHEMBL1683561,CHEMBL1683561,N[C@H]1CN(c2cc(N3CCc4nocc4C3)ncn2)C[C@@H]1N1CCCC1=O,,6.82,1,6.82,6.82,IC50,B,single protein format,single_protein,9,D,2011,,369.4290000000002,0.16559999999999908,104.62,1,8,3,5,2,0.5555555555555556,0.8161422961767432
CHEMBL1682983,CHEMBL1682983,CN([C@H]1CC[C@H]([C@H](N)Cc2cc(F)ccc2F)CC1)S(=O)(=O)c1ccc(F)cc1F,,6.82,1,6.82,6.82,IC50,B,single protein format,single_protein,8,H,2011,,444.49400000000014,3.992300000000002,63.4,1,3,6,3,2,0.42857142857142855,0.68560444294481
CHEMBL552403,CHEMBL1194351,N#C[C@@H]1CS[C@H]2C[C@](N)(c3ccc(F)cc3)C(=O)N12,,6.82,1,6.82,6.82,IC50,B,single protein format,single_protein,9,D,2009,,277.324,1.1770800000000001,70.11999999999999,1,4,1,3,1,0.38461538461538464,0.8364450238607948
CHEMBL394833,CHEMBL394833,N[C@@H](CC(=O)N1CCn2c(nnc2C(F)(F)F)C1)Cc1c(F)ccc(F)c1F,,6.82,1,6.82,6.82,IC50,B,single protein format,single_protein,9,D,2007,,407.31800000000015,2.0164999999999997,77.04,1,4,4,3,2,0.4375,0.6216377742511342
CHEMBL5282009,CHEMBL5282009,Cc1ccc(-c2cn(CC[C@H](N)Cc3cc(F)c(F)cc3F)nn2)cc1,,6.82,1,6.82,6.82,IC50,B,single protein format,single_protein,9,D,2021,,360.38300000000004,3.6309200000000015,56.730000000000004,1,3,6,3,3,0.2631578947368421,0.6831548799102296
CHEMBL5290055,CHEMBL5290055,N[C@@H](CCn1cc(CO)nn1)Cc1cc(F)c(F)cc1F,,6.82,1,6.82,6.82,IC50,B,single protein format,single_protein,9,D,2021,,300.284,1.1477999999999995,76.96,2,4,6,2,2,0.38461538461538464,0.7845868363965272
CHEMBL3687979,CHEMBL3687979,CN1C(=O)Cn2c1nc1nc(N3CCC[C@@H](N)C3)n(Cc3cc(F)ccc3F)c1c2=O,,6.81,1,6.81,6.81,IC50,B,single protein format,single_protein,9,D,2015,,429.43100000000015,0.8234,102.28,1,6,3,5,3,0.4,0.6616385569751684
CHEMBL376562,CHEMBL376562,O=C(Nc1ccccc1)N[C@@H]1CN[C@H](C(=O)N2CCSC2)C1,,6.81,1,6.81,6.81,IC50,B,cell-free format,other,9,D,2007,,320.41800000000006,1.0714999999999997,73.47,3,4,3,3,1,0.4666666666666667,0.7788713651978983
CHEMBL3806239,CHEMBL3806239,Cc1ccn2nc3c(c2n1)CN([C@H]1CC[C@H](c2cc(F)c(F)cc2F)[C@@H](N)C1)C3,,6.81,1,6.81,6.81,IC50,B,single protein format,single_protein,9,D,2016,,401.43600000000015,3.4342200000000016,59.45,1,4,2,5,3,0.42857142857142855,0.6687032125942505
CHEMBL199891,CHEMBL199891,CC(C)([C@H](N)C(=O)N1C[C@@H](F)C[C@H]1C#N)S(=O)(=O)O,,6.81,1,6.81,6.81,Ki,B,single protein format,single_protein,9,D,2005,,293.32000000000005,-0.5573199999999985,124.49,2,5,3,1,0,0.8,0.6721330415326351
CHEMBL184808,CHEMBL184808,N[C@@H](CC(=O)N1CCNC[C@H]1Cc1cccnc1)Cc1ccccc1F,,6.81,1,6.81,6.81,IC50,B,single protein format,single_protein,8,H,2004,,356.4450000000001,1.5237000000000007,71.25,2,4,6,3,2,0.4,0.8233462849112163
CHEMBL425905,CHEMBL425905,N[C@@H](CC(=O)N1CCc2c(C3CC3)n[nH]c2C1)Cc1cc(F)ccc1F,,6.8,2,6.8,6.8,IC50,B,single protein format,single_protein,9,D,2005,,360.408,2.4101,75.01,2,3,5,4,2,0.47368421052631576,0.8598288947718301
CHEMBL535180,CHEMBL1188111,N[C@@H](CC(=O)N1CCCCN1C(=O)c1ccccc1)Cc1cc(F)c(F)cc1F,,6.8,2,6.3,7.3,IC50,B,single protein format,single_protein,8,H,2007,,405.42000000000013,3.0436000000000014,66.64000000000001,1,3,5,3,2,0.3333333333333333,0.7779689965301346
CHEMBL2147060,CHEMBL2220286,Cn1c(=O)c2c(nc(N3CCC[C@@H](N)C3)n2Cc2ccccc2F)c2cc(C(=O)O)ccc21,,6.8,1,6.8,6.8,IC50,B,single protein format,single_protein,9,D,2012,,449.4860000000001,2.7013,106.38000000000001,2,5,4,5,4,0.2916666666666667,0.4962656709597702
CHEMBL370269,CHEMBL370269,N[C@@H](CC(=O)N1CCc2n[nH]c(C(F)(F)C(F)(F)F)c2C1)Cc1cc(F)ccc1F,,6.8,2,6.8,6.8,IC50,B,single protein format,single_protein,9,D,2005,,438.34700000000015,3.1868000000000016,75.01,2,3,5,3,2,0.4444444444444444,0.704676582412915
CHEMBL3686740,CHEMBL3686740,OB(O)[C@@H]1CCCN1C(=S)CNC12CC3CC(CC(O)(C3)C1)C2,,6.8,1,6.8,6.8,IC50,B,single protein format,single_protein,9,D,2015,,338.2820000000002,0.4634999999999992,75.96000000000001,4,5,4,5,0,0.9375,0.4409390208709966
CHEMBL3236122,CHEMBL3236122,NC[C@H]1CN(CCc2ccncc2)C(=O)C[C@@H]1c1cc(F)c(F)cc1F,,6.8,1,6.8,6.8,IC50,B,assay format,other,9,D,2014,,363.38300000000004,2.6324000000000005,59.22,1,3,5,3,2,0.3684210526315789,0.8311454565746634
CHEMBL245970,CHEMBL1182561,CC(=O)Nc1ccc([C@H](C(=O)N(C)C)[C@H](N)C(=O)N2CC[C@H](F)C2)cc1,,6.8,1,6.8,6.8,IC50,B,cell-based format,cell_based,9,D,2007,,364.4210000000001,0.7145000000000004,95.74,2,4,5,2,1,0.5,0.8044930319125441
CHEMBL391837,CHEMBL391837,CC(=O)c1ccc(-c2cc(N3C[C@H](c4cc(F)c(F)cc4F)[C@@H](N)C3)ncn2)cc1,,6.8,1,6.8,6.8,IC50,B,single protein format,single_protein,9,D,2007,,412.4150000000001,3.694600000000002,72.11,1,5,4,4,3,0.22727272727272727,0.5227331922684563
CHEMBL196114,CHEMBL196114,Cc1c2c(nn1-c1ccc(F)cc1)CCN(C(=O)C[C@H](N)Cc1cc(F)ccc1F)C2,,6.8,1,6.8,6.8,IC50,B,single protein format,single_protein,9,D,2005,,428.4580000000002,3.442820000000001,64.15,1,3,5,4,3,0.30434782608695654,0.6772394926920143
CHEMBL384816,CHEMBL384816,C[C@@H]1C(=O)NCN1C(=O)C[C@H](N)Cc1cc(F)ccc1F,,6.8,1,6.8,6.8,IC50,B,single protein format,single_protein,9,D,2007,,297.30499999999995,0.5291000000000007,75.43,2,3,4,2,1,0.42857142857142855,0.8509794161883437
CHEMBL1085598,CHEMBL1085598,CC(C)(CC(=O)N1CCCCCC1)NCC(=O)N1C[C@@H](F)C[C@H]1C#N,,6.8,1,6.8,6.8,IC50,B,single protein format,single_protein,8,H,2010,,352.45400000000006,1.6098800000000004,76.44,1,4,5,2,0,0.8333333333333334,0.8154946561724931
CHEMBL3644798,CHEMBL3644798,N[C@@H](CC(=O)N1CCc2c(nc(-c3cccs3)nc2C(F)(F)F)C1)CN1C(=O)CCC(F)C1O,,6.8,1,6.8,6.8,IC50,B,single protein format,single_protein,9,D,2013,,501.50600000000026,2.1049,112.65000000000002,2,7,5,4,2,0.5238095238095238,0.6072686593450662
CHEMBL374703,CHEMBL374703,C[C@H](c1nc(-c2ccc(Br)cc2Cl)no1)[C@H](N)C(=O)N1CCCC1,,6.8,1,6.8,6.8,IC50,B,single protein format,single_protein,8,H,2006,,413.70300000000026,3.205700000000001,85.24999999999999,1,5,4,3,2,0.4375,0.8316680002509894
CHEMBL3644791,CHEMBL3644791,COCCc1nc2c(c(C(F)(F)F)n1)CCN(C(=O)C[C@H](N)CN1C(=O)CCC(F)(F)[C@H]1O)C2,,6.8,1,6.8,6.8,IC50,B,single protein format,single_protein,9,D,2013,,495.4490000000003,0.8625,121.88000000000001,2,7,7,3,1,0.7,0.5384653348464137
CHEMBL3330051,CHEMBL3330051,Cc1ccccc1C[C@@H](N)CC(=O)N1C[C@@H](F)C[C@H]1C#N,,6.8,1,6.8,6.8,IC50,B,assay format,other,9,D,2014,,289.3539999999999,1.7175,70.12,1,3,4,2,1,0.5,0.9171315202872561
CHEMBL257636,CHEMBL257636,Cc1nc2ccc(-c3ccccc3Cl)c(CN)c2n1C,,6.8,1,6.8,6.8,IC50,B,single protein format,single_protein,9,D,2008,,285.778,3.660820000000002,43.839999999999996,1,2,2,3,3,0.1875,0.7807464234193616
CHEMBL2206486,CHEMBL2206486,Cn1cc(-c2ccccc2)nc1C1(NC(=O)C[C@H](N)Cc2cc(F)c(F)cc2F)CCS(=O)(=O)CC1,,6.8,1,6.8,6.8,IC50,B,single protein format,single_protein,9,D,2012,,520.5770000000002,2.9846000000000013,107.07999999999998,2,5,7,4,3,0.36,0.4661110192742231
CHEMBL199735,CHEMBL199735,N#Cc1ccc(-c2ccc(C[C@H](N)C(=O)N3CCSC3)cc2)cc1,,6.8,1,6.8,6.8,Ki,B,single protein format,single_protein,9,D,2006,,337.448,2.627980000000001,70.11999999999999,1,4,4,3,2,0.2631578947368421,0.9309321741171406
CHEMBL3959577,CHEMBL3959577,Cc1cc(=O)oc2c3c(ccc12)O[C@H](c1cc(F)c(F)cc1F)[C@@H](N)C3,,6.795,2,6.78,6.81,IC50,B,cell-based format;single protein format,mixed,9,D,2016,,361.3190000000001,3.5222200000000017,65.46,1,4,1,4,3,0.21052631578947367,0.5320253692459127
CHEMBL208673,CHEMBL208673,N#C[C@@H]1CC[C@H](C#N)N1C(=O)CNC1(c2ccccc2)CCC1,,6.79,1,6.79,6.79,IC50,B,single protein format,single_protein,9,D,2006,,308.38500000000016,2.0621599999999995,79.92,1,4,4,3,1,0.5,0.9230166774432469
CHEMBL1209680,CHEMBL1209680,Cc1nc2cc(-c3cccc(Cl)c3)nn2c(-c2ccc(Cl)cc2Cl)c1CN,,6.79,1,6.79,6.79,Ki,B,single protein format,single_protein,9,D,2010,,417.72700000000015,5.790620000000003,56.21,1,3,3,4,4,0.1,0.458743036736833
CHEMBL451492,CHEMBL1186140,NC(CC(=O)N1CSC[C@H]1C(=O)NCc1ccc(CC(=O)O)cc1)Cc1ccccc1,,6.79,1,6.79,6.79,IC50,B,single protein format,single_protein,9,D,2004,,441.5530000000002,1.791500000000001,112.73,3,5,9,3,2,0.34782608695652173,0.5469289320541952
CHEMBL329909,CHEMBL329909,N#C[C@@H]1CCCN1C(=O)CNCCNc1ncccn1,,6.79,1,6.79,6.79,IC50,B,assay format,other,8,H,2003,,274.32800000000003,-0.0073199999999992715,93.94,2,6,6,2,1,0.5384615384615384,0.7087561366716476
CHEMBL479380,CHEMBL479380,N#Cc1ccc(N2C[C@@H]3[C@H](C2)[C@H]3NCC(=O)N2C[C@@H](F)C[C@H]2C#N)cc1,,6.78,1,6.78,6.78,IC50,B,cell-free format,other,9,D,2008,,353.40100000000007,1.0450599999999997,83.16,1,5,4,4,1,0.5263157894736842,0.8746341373763247
CHEMBL3639856,CHEMBL3639856,C[C@H](NC(=O)[C@H](C)N)B(O)O,,6.78,2,6.36,7.2,IC50,B,single protein format,single_protein,9,D,2015,,159.982,-2.1496999999999984,95.58000000000001,4,4,3,0,0,0.8,0.3537106898548903
CHEMBL199315,CHEMBL199315,N[C@@H](Cc1ccc(-c2cccc(C(=O)O)c2)cc1)C(=O)N1CCSC1,,6.78,1,6.78,6.78,Ki,B,single protein format,single_protein,9,D,2006,,356.4470000000001,2.4545000000000003,83.63000000000001,2,4,5,3,2,0.2631578947368421,0.859703782558965
CHEMBL1202085,CHEMBL1615549,COc1cc(N2CCN(CCNCC(=O)N3CCC[C@@H]3C#N)C2=O)cc(OC)c1OC,,6.78,1,6.78,6.78,IC50,B,single protein format,single_protein,9,D,2009,,431.4930000000002,1.058580000000001,107.37,1,7,9,3,1,0.5714285714285714,0.5826872177381714
CHEMBL184902,CHEMBL184902,N[C@@H](CC(=O)N1CCNC[C@H]1Cc1ccc(F)cc1)Cc1ccccc1F,,6.78,1,6.78,6.78,IC50,B,single protein format,single_protein,8,H,2004,,373.44700000000006,2.2678000000000003,58.36000000000001,2,3,6,3,2,0.38095238095238093,0.8167533107347881
CHEMBL371757,CHEMBL371757,N[C@@H](Cc1ccc(-c2ccc(F)cc2)cc1)C(=O)N1CCSC1,,6.77,1,6.77,6.77,Ki,B,single protein format,single_protein,9,D,2006,,330.4280000000001,2.8954000000000013,46.330000000000005,1,3,4,3,2,0.2777777777777778,0.9375096952822177
CHEMBL5624476,CHEMBL5624476,O=C(Nc1ccc(/C=C2\SC(=O)N(C(=O)CN3CCN(S(=O)(=O)c4ccccc4)CC3)C2=O)cc1)c1cc(O)c(O)c(O)c1,,6.77,1,6.77,6.77,IC50,B,single protein format,single_protein,9,D,2023,,638.6800000000004,2.6251000000000015,184.85999999999996,4,11,7,5,3,0.1724137931034483,0.2203054568715735
CHEMBL5750623,CHEMBL5750623,CS(=O)(=O)c1ccc(-c2ccc3ccc4c(c3c2)CC(N)C(c2cc(F)c(F)cc2F)O4)cc1,,6.77,1,6.77,6.77,IC50,B,cell-based format,cell_based,9,D,2019,,483.5110000000002,5.331100000000005,69.39,1,4,3,5,4,0.15384615384615385,0.4000842640286432
CHEMBL168866,CHEMBL168866,N[C@H](C(=O)N1CCCC1)[C@@H]1CC[C@@H](NS(=O)(=O)c2ccc(OC(F)(F)F)cc2)C1,,6.77,1,6.77,6.77,IC50,B,single protein format,single_protein,8,H,2004,,435.46800000000013,1.9818999999999993,101.73,2,5,6,3,1,0.6111111111111112,0.7116294095404364
CHEMBL3357782,CHEMBL3357782,N[C@@H](CC(=O)N1[C@H](CNS(=O)(=O)C(F)(F)F)C[C@@H]2CCCC[C@@H]21)Cc1cc(F)c(F)cc1F,,6.77,1,6.77,6.77,IC50,B,single protein format,single_protein,9,D,2014,,501.49300000000034,2.9627000000000008,92.5,2,4,7,3,1,0.65,0.44405161452488406
CHEMBL1683088,CHEMBL1683088,Cc1oncc1S(=O)(=O)N(C)[C@H]1CC[C@H]([C@H](N)Cc2cc(F)ccc2F)CC1,,6.77,1,6.77,6.77,IC50,B,single protein format,single_protein,8,H,2011,,413.4900000000002,3.0105200000000014,89.43,1,5,6,3,2,0.5263157894736842,0.7863445210525642
CHEMBL190454,CHEMBL1181732,C[C@@H](c1ccc(Cl)cc1)[C@H](N)C(=O)N1CC[C@H](F)C1,,6.77,1,6.77,6.77,IC50,B,single protein format,single_protein,8,H,2005,,284.762,2.3412000000000006,46.330000000000005,1,2,3,2,1,0.5,0.9259817691458351
CHEMBL4092983,CHEMBL4092983,CC(C)Cc1nc2ccc(C(N)=O)cc2c(-c2ccccc2)c1CN,,6.77,1,6.77,6.77,IC50,B,assay format,other,9,D,2017,,333.43500000000006,3.6579000000000015,82.0,2,3,5,3,3,0.23809523809523808,0.7473443945073476
CHEMBL275638,CHEMBL275638,O=c1cc(-c2ccccc2)oc2ccccc12,FLAVONE,6.77,1,6.77,6.77,IC50,B,single protein format,single_protein,9,D,2018,2,222.243,3.4600000000000017,30.21,0,2,1,3,3,0.0,0.6307722261623976
CHEMBL443250,CHEMBL443250,N[C@H](C(=O)N1CCC(F)C1)C1CCCCC1,,6.77,1,6.77,6.77,IC50,B,assay format,other,9,D,2008,,228.31099999999992,1.4643999999999993,46.330000000000005,1,2,2,2,0,0.9166666666666666,0.777539422680301
CHEMBL5219996,CHEMBL5219996,CC(C)(C)OC(=O)NCCCC[C@H](NC(=O)OC(C)(C)C)C(=O)N1CCC[C@H]1C(=O)O/C=C/c1ccccc1,,6.77,1,6.77,6.77,IC50,B,single protein format,single_protein,9,D,2022,,545.6770000000004,4.779800000000004,123.27000000000002,2,7,10,2,1,0.5862068965517241,0.1876959768433233
CHEMBL230937,CHEMBL230937,COC(=O)Cc1ccc(CNC(=O)[C@@H]2CSCN2C(=O)C[C@H](N)Cc2ccccc2F)cc1,,6.77,1,6.77,6.77,IC50,B,single protein format,single_protein,8,H,2007,,473.5700000000002,2.019,101.73,2,6,9,3,2,0.375,0.5406131930474812
CHEMBL3127980,CHEMBL3127980,N#C[C@@H]1CCCN1C(=O)[C@@H](N)Cc1ccsc1,,6.77,1,6.77,6.77,IC50,B,assay format,other,9,D,2014,,249.33900000000003,1.1324799999999995,70.12,1,4,3,2,1,0.5,0.8727021132402808
CHEMBL185244,CHEMBL1181616,COC(=O)Cc1ccc(CNC(=O)[C@@H]2CCCN2C(=O)CC(N)Cc2ccccc2F)cc1,,6.77,1,6.77,6.77,IC50,B,single protein format,single_protein,9,D,2004,,455.5300000000002,2.1085000000000003,101.73,2,5,9,3,2,0.4,0.5641990061097895
CHEMBL4577865,CHEMBL4577865,O=C(CCCCO[N+](=O)[O-])N[C@@H](CC(=O)N1CCn2c(nnc2C(F)(F)F)C1)Cc1cc(F)c(F)cc1F,,6.77,1,6.77,6.77,IC50,B,single protein format,single_protein,9,D,2018,,552.4320000000002,2.552600000000001,132.48999999999998,1,7,11,3,2,0.5238095238095238,0.1490064238332034
CHEMBL536088,CHEMBL1188343,CC1(C)c2nnc(C(F)(F)F)n2CCN1C(=O)C[C@H](N)Cc1cc(F)c(F)cc1F,,6.76,1,6.76,6.76,IC50,B,single protein format,single_protein,8,H,2008,,435.3720000000001,2.7516000000000007,77.04,1,4,4,3,2,0.5,0.5920674506180108
CHEMBL385394,CHEMBL385394,Cc1ccc(NC(=O)CC(C)(C)NCC(=O)N2CCC[C@H]2C#N)cc1C,,6.76,1,6.76,6.76,IC50,B,single protein format,single_protein,9,D,2007,,356.47000000000014,2.5148200000000003,85.23,2,4,6,2,1,0.55,0.8200490578741262
CHEMBL1683642,CHEMBL1683642,CCOC(=O)[C@H](Nc1ccc(CNC(=O)[C@H]2SCCN2C(=O)C[C@H](N)Cc2cc(F)c(F)cc2F)cc1)C(C)C,,6.76,1,6.76,6.76,IC50,B,single protein format,single_protein,9,D,2011,,580.6730000000003,3.5813000000000024,113.76,3,7,12,3,2,0.4642857142857143,0.25986350678791154
CHEMBL197082,CHEMBL197082,N[C@@H](CC(=O)N1CCc2oc(C3CC3)nc2C1)Cc1cc(F)ccc1F,,6.75,1,6.75,6.75,IC50,B,single protein format,single_protein,9,D,2005,,361.392,2.6750000000000007,72.36000000000001,1,4,5,4,2,0.47368421052631576,0.88871593741868
CHEMBL3616907,CHEMBL3616907,CC#CCn1c(N2CCNCC2)nc2c1c(=O)n(Cc1nn(-c3ccccc3)nc1C)c(=O)n2C,,6.75,1,6.75,6.75,IC50,B,single protein format,single_protein,9,D,2014,,473.5410000000002,0.26702000000000203,107.80000000000001,1,7,5,5,4,0.375,0.4146477514713694
CHEMBL355203,CHEMBL355203,COc1ccc(NC(=O)O[C@@H]2CCC[C@H]([C@H](N)C(=O)N3CCCC3)C2)cc1,,6.75,1,6.75,6.75,IC50,B,single protein format,single_protein,8,H,2004,,375.4690000000002,2.7522,93.89,2,5,5,3,1,0.6,0.825248507077134
CHEMBL3616903,CHEMBL3616903,CC#CCn1c(N2CCNCC2)nc2c1c(=O)n(Cc1ccc3ccccc3c1)c(=O)n2C,,6.75,1,6.75,6.75,IC50,B,single protein format,single_protein,9,D,2014,,442.5230000000002,1.5310999999999997,77.09,1,5,4,5,4,0.32,0.48534778014740665
CHEMBL172057,CHEMBL172057,N[C@H](C(=O)N1CCCC1)[C@H]1CC[C@H](OC(=O)Nc2ccc(I)cc2)C1,,6.75,1,6.75,6.75,IC50,B,single protein format,single_protein,8,H,2004,,457.31200000000007,2.958100000000001,84.66,2,4,4,3,1,0.5555555555555556,0.6815499951915467
CHEMBL1086502,CHEMBL1086502,CC(C)(CC(=O)N1CC[C@@H](O)C1)NCC(=O)N1CCC[C@H]1C#N,,6.75,1,6.75,6.75,IC50,B,single protein format,single_protein,8,H,2010,,322.4090000000001,-0.14751999999999876,96.67000000000002,2,5,5,2,0,0.8125,0.7337783271439288
CHEMBL1682978,CHEMBL1682978,CN([C@H]1CC[C@H]([C@H](N)Cc2cc(F)ccc2F)CC1)S(=O)(=O)c1ccc(C#N)cc1,,6.75,1,6.75,6.75,IC50,B,single protein format,single_protein,8,H,2011,,433.52400000000017,3.5857800000000024,87.19,1,4,6,3,2,0.4090909090909091,0.7542834545228533
CHEMBL34764,CHEMBL34764,NCc1c(N)nc(-c2ccc(C(F)(F)F)cc2)nc1-c1ccc(Cl)cc1Cl,,6.75,1,6.75,6.75,IC50,F,assay format,other,8,H,2004,,413.23000000000013,5.177100000000002,77.82000000000001,2,4,3,3,3,0.1111111111111111,0.6206975263423402
CHEMBL474794,CHEMBL1186693,NC(=O)c1ccc(C(=O)N2CCCN(C(=O)C[C@H](N)Cc3cc(F)c(F)cc3F)CC2)cc1,,6.75,1,6.75,6.75,IC50,B,single protein format,single_protein,8,H,2008,,462.47200000000015,1.8374000000000001,109.73,2,4,6,3,2,0.34782608695652173,0.6386112692348845
CHEMBL232648,CHEMBL232648,N[C@@H](CC(=O)N1CCn2c(nnc2C(F)(F)F)C1)Cc1cc(Cl)ccc1Cl,,6.75,1,6.75,6.75,IC50,B,single protein format,single_protein,9,D,2007,,422.23800000000017,2.9060000000000006,77.04,1,4,4,3,2,0.4375,0.8224591938886927
CHEMBL3357772,CHEMBL3357772,N[C@@H](CC(=O)N1[C@H](COC(=O)C2CCCC2)C[C@@H]2CCCC[C@@H]21)Cc1cc(F)c(F)cc1F,,6.75,1,6.75,6.75,IC50,B,single protein format,single_protein,9,D,2014,,466.5440000000002,4.256900000000003,72.63,1,4,7,4,1,0.68,0.4815874373008598
CHEMBL393611,CHEMBL393611,COc1ccccc1-c1cc(N2C[C@H](c3cc(F)c(F)cc3F)[C@@H](N)C2)ncn1,,6.75,1,6.75,6.75,IC50,B,single protein format,single_protein,9,D,2007,,400.40400000000005,3.5006000000000013,64.27000000000001,1,5,4,4,3,0.23809523809523808,0.6794574248923666
CHEMBL565999,CHEMBL565999,N[C@@H](CCN1CCC[C@H]1c1ccn(-c2ccccc2)n1)Cc1ccccc1F,,6.75,1,6.75,6.75,IC50,B,assay format,other,9,D,2009,,378.4950000000001,4.108400000000003,47.08,1,3,7,4,3,0.34782608695652173,0.6730443859787966
CHEMBL196010,CHEMBL196010,N[C@@H](CC(=O)N1CCc2c(c(C(F)(F)F)nn2CC(F)(F)F)C1)Cc1cc(F)ccc1F,,6.75,1,6.75,6.75,IC50,B,single protein format,single_protein,9,D,2005,,470.36400000000015,3.587200000000003,64.15,1,3,5,3,2,0.47368421052631576,0.6799999959046666
CHEMBL251405,CHEMBL251405,CCn1c(C(F)(F)F)nc2c1CCN(C(=O)C[C@H](N)Cc1cc(F)ccc1F)C2,,6.75,1,6.75,6.75,IC50,B,single protein format,single_protein,8,H,2007,,416.3940000000001,3.0448000000000013,64.15,1,3,5,3,2,0.47368421052631576,0.76251512890689
CHEMBL223060,CHEMBL223060,O=C([C@@H]1C[C@H](NCc2ccccc2)CN1)N1CCSC1,,6.74,1,6.74,6.74,IC50,B,cell-free format,other,9,D,2007,,291.42,1.0395999999999999,44.370000000000005,2,4,4,3,1,0.5333333333333333,0.8699049677452358
CHEMBL380348,CHEMBL380348,CCN(CC#N)C(=O)[C@@H](N)C(C)(C)C,,6.74,1,6.74,6.74,Ki,B,single protein format,single_protein,9,D,2006,,197.28199999999995,0.7318799999999996,70.12,1,3,3,0,0,0.8,0.6780090888314982
CHEMBL4470557,CHEMBL4470557,Cc1cccc(-c2nnc3ccc(N4CCN(Cc5ccccc5)C(C(=O)O)C4)nn23)c1,,6.74,1,6.74,6.74,Ki,B,single protein format,single_protein,9,D,2020,,428.4960000000001,2.87512,86.86,1,6,5,5,4,0.25,0.5229995077203712
CHEMBL3084818,CHEMBL3084818,CC(C)N(C(=O)O[C@@]12C[C@@H]3C[C@@H](C[C@](NCC(=O)N4CCC[C@H]4C#N)(C3)C1)C2)C(C)C,,6.74,1,6.74,6.74,IC50,B,assay format,other,8,H,2003,,430.5930000000003,3.437380000000002,85.67,1,5,6,5,0,0.875,0.6976410757535054
CHEMBL192733,CHEMBL192733,COCC(Cc1ccccc1)NC(=O)C[C@H](N)C(=O)N1CCC[C@H]1C#N,,6.74,1,6.74,6.74,IC50,B,single protein format,single_protein,8,H,2005,,358.4420000000002,0.5922800000000016,108.44999999999999,2,5,8,2,1,0.5263157894736842,0.7070169744776854
CHEMBL218393,CHEMBL218393,CC(C)(CC(=O)NCCc1ccc(Cl)c(Cl)c1)NCC(=O)N1CCC[C@H]1C#N,,6.74,1,6.74,6.74,IC50,B,single protein format,single_protein,9,D,2007,,425.36000000000024,2.9249800000000015,85.23,2,4,8,2,1,0.55,0.6709201900755069
CHEMBL482262,CHEMBL482262,N#C[C@@H]1C[C@H](F)CN1C(=O)CN[C@H]1[C@@H]2CN(c3nccc(C(F)(F)F)n3)C[C@@H]21,,6.74,1,6.74,6.74,IC50,B,cell-free format,other,9,D,2008,,398.3640000000001,0.9821800000000005,85.15,1,6,4,4,1,0.6470588235294118,0.7616386933271531
CHEMBL482104,CHEMBL482104,N#C[C@@H]1C[C@H](F)CN1C(=O)CN[C@H]1[C@@H]2CN(c3cnc4ccccc4n3)C[C@@H]21,,6.73,1,6.73,6.73,IC50,B,cell-free format,other,9,D,2008,,380.42700000000013,1.11658,85.15,1,6,4,5,2,0.5,0.8555985700421918
CHEMBL383012,CHEMBL383012,N#CCN(C(=O)[C@@H](N)C12CC3CC(CC(C3)C1)C2)C1CC1,,6.73,1,6.73,6.73,Ki,B,single protein format,single_protein,9,D,2006,,287.407,2.0446799999999987,70.12,1,3,4,5,0,0.8823529411764706,0.8044216654776523
CHEMBL5287906,CHEMBL5287906,CC#CCn1c(N2CCC[C@@H](N)C2)cc(=O)n(Cc2cn(-c3ccccc3)nn2)c1=O,,6.73,1,6.73,6.73,IC50,B,single protein format,single_protein,9,D,2021,,419.4890000000001,0.5897999999999999,103.97,1,6,5,4,3,0.36363636363636365,0.6073069880284675
CHEMBL480536,CHEMBL480536,N#C[C@@H]1C[C@H](F)CN1C(=O)CN[C@H]1[C@@H]2CN(c3nc4ccccc4s3)C[C@@H]21,,6.73,1,6.73,6.73,IC50,B,cell-free format,other,9,D,2008,,385.46800000000013,1.78308,72.26,1,6,4,5,2,0.5263157894736842,0.8687317485368776
CHEMBL3686736,CHEMBL3686736,CC(C)[C@H](N)C(=S)N1CCC[C@H]1B(O)O,,6.73,2,6.1,7.36,IC50,B,single protein format,single_protein,9,D,2015;2021,,230.142,-0.2264999999999998,69.72,3,4,3,1,0,0.8888888888888888,0.4613852213811109
CHEMBL245747,CHEMBL245747,NC1CN(C(=O)NCc2cccc(F)c2)CC1c1ccc(Cl)cc1Cl,,6.72,1,6.72,6.72,Ki,B,single protein format,single_protein,9,D,2007,,382.2660000000001,3.7688000000000024,58.36,2,2,3,3,2,0.2777777777777778,0.8492977247324605
CHEMBL4434648,CHEMBL4434648,O=C(CO[N+](=O)[O-])N[C@@H](CC(=O)N1CCn2c(nnc2C(F)(F)F)C1)Cc1cc(F)c(F)cc1F,,6.72,1,6.72,6.72,IC50,B,single protein format,single_protein,9,D,2018,,510.35100000000017,1.3822999999999992,132.48999999999998,1,7,8,3,2,0.4444444444444444,0.24566023826565342
CHEMBL359581,CHEMBL1184622,N[C@H](C(=O)N1CC[C@H](F)C1)[C@@H](Cn1cnnn1)c1ccc(-c2ccc(F)cc2)cc1,,6.72,1,6.72,6.72,IC50,B,single protein format,single_protein,8,H,2005,,412.4440000000001,2.1606999999999994,89.93,1,5,6,4,3,0.3333333333333333,0.670199323757038
CHEMBL4783756,CHEMBL4783756,CC#CCn1c(N2CCC[C@@H](N)C2)nc2c1c(=O)n(CCCN1CCC(c3cc(-c4ccccc4)on3)CC1)c(=O)n2C,,6.72,1,6.72,6.72,IC50,B,single protein format,single_protein,9,D,2020,,584.7250000000001,2.7722000000000016,120.35000000000002,1,8,8,6,4,0.5,0.3141600253731083
CHEMBL96748,CHEMBL96748,CC(C)NCC(=O)N1CCC[C@H]1C#N,,6.72,1,6.72,6.72,IC50,B,assay format,other,8,H,2003,,195.26599999999996,0.49897999999999954,56.13,1,3,3,1,0,0.8,0.7130899665276003
CHEMBL4743350,CHEMBL4743350,CC#CCn1c(N2CCC[C@@H](N)C2)nc2c1c(=O)n(CCCN1CCC(c3nc(-c4ccccc4)cs3)CC1)c(=O)n2C,,6.72,1,6.72,6.72,IC50,B,single protein format,single_protein,9,D,2020,,600.793,3.240700000000002,107.21000000000001,1,8,8,6,4,0.5,0.30963350920163557
CHEMBL389600,CHEMBL389600,CCOC(=O)c1nnc2n1CCN(C(=O)C[C@H](N)Cc1cc(F)ccc1F)C2,,6.72,1,6.72,6.72,IC50,B,single protein format,single_protein,9,D,2007,,393.3940000000001,1.0353000000000008,103.33999999999999,1,6,6,3,2,0.4444444444444444,0.7357354315420286
CHEMBL1790478,CHEMBL1790478,C[C@@H](O)[C@H](N)C(=O)N1CCC[C@H]1B(O)O,,6.72,1,6.72,6.72,IC50,B,single protein format,single_protein,8,H,1996,,216.046,-2.302499999999998,107.02000000000001,4,5,3,1,0,0.875,0.3966030677910667
CHEMBL4129968,CHEMBL4129968,Cc1cc(C)cc(Cn2c(=O)cc(N3CCC[C@@H](N)C3)n(Cc3cc(F)ccc3C#N)c2=O)c1,,6.72,1,6.72,6.72,IC50,B,cell-based format,cell_based,9,D,2018,,461.5410000000002,2.6617200000000008,97.05000000000001,1,5,5,4,3,0.34615384615384615,0.6301632816780932
CHEMBL237341,CHEMBL237341,N[C@H]1CN(c2cc(-c3cccc(Cl)c3)ncn2)C[C@@H]1c1cc(F)c(F)cc1F,,6.72,1,6.72,6.72,IC50,B,single protein format,single_protein,9,D,2007,,404.8230000000001,4.145400000000003,55.04,1,4,3,4,3,0.2,0.6663374518946868
CHEMBL216453,CHEMBL216453,CC(C)(CC(=O)NCc1ccc(C(F)(F)F)cc1)NCC(=O)N1CCC[C@H]1C#N,,6.72,1,6.72,6.72,IC50,B,single protein format,single_protein,9,D,2007,,410.4400000000002,2.594480000000001,85.23,2,4,7,2,1,0.55,0.7237068760418308
CHEMBL219602,CHEMBL219602,C[C@H](c1nc(-c2ccc(S(N)(=O)=O)cc2)no1)[C@H](N)C(=O)N1CCCC1,,6.72,1,6.72,6.72,IC50,B,single protein format,single_protein,8,H,2006,,379.44200000000023,0.4372000000000005,145.41,2,7,5,3,2,0.4375,0.766052791157862
CHEMBL1683492,CHEMBL1739531,N[C@@H](CC(=O)N1CCSC1C(=O)NCc1ccc2c(c1)OCC(C(=O)O)O2)Cc1cc(F)c(F)cc1F,,6.72,1,6.72,6.72,IC50,B,single protein format,single_protein,9,D,2011,,539.5320000000004,1.8060999999999998,131.19000000000003,3,7,8,4,2,0.375,0.43324116832592385
CHEMBL278558,CHEMBL278558,N[C@H](C(=O)N1CCCC1)[C@H]1CC[C@H](NC(=O)c2ccc(F)c(F)c2)CC1,,6.72,1,6.72,6.72,IC50,B,single protein format,single_protein,8,H,2004,,365.4240000000001,2.2031,75.43,2,3,4,3,1,0.5789473684210527,0.8589608805030032
CHEMBL469538,CHEMBL469538,N[C@@H](CC(=O)NC1(c2nccs2)CCS(=O)(=O)CC1)Cc1ccccc1F,,6.72,1,6.72,6.72,IC50,B,cell-based format,cell_based,9,D,2008,,411.5240000000002,1.7623999999999997,102.15,2,6,6,3,2,0.4444444444444444,0.7541529603694087
CHEMBL2206481,CHEMBL2206481,N[C@@H](CC(=O)NC1(c2nc(-c3cccc(C(F)(F)F)c3)cs2)CCS(=O)(=O)CC1)Cc1cc(F)c(F)cc1F,,6.72,1,6.72,6.72,IC50,B,single protein format,single_protein,9,D,2012,,591.5990000000004,4.726400000000004,102.15,2,6,7,4,3,0.36,0.30583664936730626
CHEMBL250204,CHEMBL250204,CCC1c2nc(C(F)(F)F)n(C)c2CCN1C(=O)C[C@H](N)Cc1cc(F)c(F)cc1F,,6.715,2,6.21,7.22,IC50,B,single protein format,single_protein,8,H,2007,,448.4110000000002,3.6521000000000017,64.15,1,3,5,3,2,0.5,0.5611921786150039
CHEMBL248810,CHEMBL248810,Cn1c(C(F)(F)F)nc2c1CCN(C(=O)C[C@H](N)Cc1cc(F)c(F)cc1F)C2C1CC1,,6.715,2,6.47,6.96,IC50,B,single protein format,single_protein,8,H,2007,,460.4220000000002,3.6521000000000026,64.15,1,3,5,4,2,0.5238095238095238,0.547466363572731
CHEMBL191866,CHEMBL191866,COc1ccc2c(c1)C(C(C)(C)C)N(C(=O)C[C@H](N)C(=O)N1CCC[C@H]1C#N)CC2,,6.71,1,6.71,6.71,IC50,B,single protein format,single_protein,8,H,2005,,412.5340000000003,2.3990800000000005,99.66,1,5,4,3,1,0.6086956521739131,0.8185248727379691
CHEMBL2069829,CHEMBL2069829,N[C@@H](CC(=O)N1CCN(c2ccc([N+](=O)[O-])cc2F)CC1)Cc1cc(F)c(F)cc1F,,6.71,1,6.71,6.71,IC50,B,single protein format,single_protein,9,D,2012,,440.3970000000002,2.759900000000001,92.71000000000001,1,5,6,3,2,0.35,0.3228184134777115
CHEMBL3644793,CHEMBL3644793,N[C@@H](CC(=O)N1CCc2c(nc(-c3cccs3)nc2C(F)(F)F)C1)CN1C(=O)CCC(F)(F)[C@H]1O,,6.71,1,6.71,6.71,IC50,B,single protein format,single_protein,9,D,2013,,519.4960000000003,2.4021000000000012,112.65000000000002,2,7,5,4,2,0.5238095238095238,0.5871576859704997
CHEMBL385637,CHEMBL385637,CC(C)(CC(=O)Nc1ccc(F)cc1)NCC(=O)N1CCC[C@H]1C#N,,6.71,1,6.71,6.71,IC50,B,single protein format,single_protein,9,D,2007,,346.4060000000001,2.0370799999999996,85.23,2,4,6,2,1,0.5,0.8253356805355628
CHEMBL3644796,CHEMBL3644796,CC(C)(C)c1nc2c(c(C(F)(F)F)n1)CCN(C(=O)C[C@H](N)CN1C(=O)CCC(F)C1O)C2,,6.71,1,6.71,6.71,IC50,B,single protein format,single_protein,9,D,2013,,475.4870000000003,1.6739,112.64999999999999,2,6,4,3,1,0.7142857142857143,0.6410964352267586
CHEMBL4437841,CHEMBL4437841,O=C(CCCO[N+](=O)[O-])N[C@@H](CC(=O)N1CCn2c(nnc2C(F)(F)F)C1)Cc1cc(F)c(F)cc1F,,6.71,1,6.71,6.71,IC50,B,single protein format,single_protein,9,D,2018,,538.4050000000002,2.1624999999999996,132.48999999999998,1,7,10,3,2,0.5,0.16123070115495497
CHEMBL3236105,CHEMBL3236105,CS(=O)(=O)c1ccc(N2C[C@H](CN)[C@@H](c3cc(F)ccc3F)CC2=O)cc1,,6.71,1,6.71,6.71,IC50,B,assay format,other,9,D,2014,,394.4430000000001,2.463700000000001,80.47,1,4,4,3,2,0.3157894736842105,0.8639269264821225
CHEMBL3236127,CHEMBL3236127,NC[C@H]1CN(CCc2ccncc2)C(=O)C[C@@H]1c1ccc(Cl)cc1Cl,,6.71,1,6.71,6.71,IC50,B,assay format,other,9,D,2014,,378.3030000000001,3.5219000000000023,59.22,1,3,5,3,2,0.3684210526315789,0.8662136494871902
CHEMBL319514,CHEMBL319514,C[C@H](N)C(=O)N1CCC[C@H]1C#N,,6.7,2,6.7,6.7,IC50;Ki,B,single protein format,single_protein,8;9,D;H,2002;2003,,167.212,-0.15182000000000007,70.12,1,3,1,1,0,0.75,0.58997939742176
CHEMBL235792,CHEMBL235792,CC#CCn1c(N2CCNCC2)nc2c1c(=O)n(C)c(=O)n2C,,6.7,1,6.7,6.7,IC50,B,cell-based format,cell_based,9,D,2007,,316.36500000000007,-1.1333999999999982,77.09,1,5,2,3,2,0.5333333333333333,0.7093985256891167
CHEMBL3686752,CHEMBL3686752,N[C@@H](CC(=O)O)C(=O)N1CCC[C@H]1B(O)O,,6.7,1,6.7,6.7,IC50,B,single protein format,single_protein,9,D,2015,,230.02899999999997,-2.2085999999999983,124.09000000000002,4,5,4,1,0,0.75,0.4057309413602374
CHEMBL246981,CHEMBL246981,NC1CN(c2ccnc(-c3ccsc3)n2)CC1c1ccc(Cl)cc1Cl,,6.7,1,6.7,6.7,Ki,B,single protein format,single_protein,9,D,2007,,391.3270000000001,4.443000000000002,55.04,1,5,3,4,3,0.2222222222222222,0.7172058412752566
CHEMBL488484,CHEMBL488484,N[C@@H](CC(=O)N1CCC[C@H]1CO)Cc1cc(F)ccc1F,,6.7,1,6.7,6.7,IC50,B,single protein format,single_protein,8,H,2008,,298.33299999999997,1.2079999999999995,66.56,2,3,5,2,1,0.5333333333333333,0.8584118934996303
CHEMBL4751873,CHEMBL4751873,N#C[C@@H]1CC(F)(F)CN1C(=O)CNC(=O)c1csc(Cc2ccccc2Br)n1,,6.7,1,6.7,6.7,IC50,B,single protein format,single_protein,9,D,2021,,469.31100000000015,2.9859800000000014,86.09,1,5,5,3,2,0.3333333333333333,0.7299805256072526
CHEMBL277390,CHEMBL1183050,C[S+](C)Cc1ccc2cc1C(=O)NCC(=O)NCC(=O)NCCCC[C@H](N)C(=O)N1CCC[C@H]1C(=O)N2,,6.7,4,6.0,7.92,IC50;Ki,B,cell-based format,cell_based,8,H,1998,,533.6750000000004,-0.5325999999999931,162.73000000000002,5,6,2,3,1,0.56,0.32097367208075317
CHEMBL1650421,CHEMBL1650421,N#Cc1ccccc1Cn1c(N2CCC[C@@H](N)C2)ncc(N2CCCC2)c1=O,,6.7,1,6.7,6.7,IC50,B,single protein format,single_protein,9,D,2011,,378.4800000000002,1.69098,91.18,1,6,4,4,2,0.47619047619047616,0.8705695703635181
CHEMBL363542,CHEMBL363542,N#Cc1ccc(NCCNCC(=O)N2N=CC[C@H]2C#N)nc1,,6.7,1,6.7,6.7,IC50,F,cell-based format,cell_based,9,D,2004,,297.322,0.06505999999999945,117.2,2,7,6,2,1,0.35714285714285715,0.7172086593369954
CHEMBL1683120,CHEMBL1683120,NC(=O)[C@H]1CCCN([C@H]2CC[C@H]([C@H](N)Cc3cc(F)ccc3F)CC2)C1,,6.7,1,6.7,6.7,IC50,B,single protein format,single_protein,8,H,2011,,365.46800000000013,2.5907,72.35000000000001,2,3,5,3,1,0.65,0.8423978404669566
CHEMBL2424672,CHEMBL2424672,CC#CCn1c(N2CCC[C@@H](N)C2)cc(=O)n(C)c1=O,,6.7,1,6.7,6.7,IC50,B,single protein format,single_protein,9,D,2013,,276.34000000000003,-0.5021999999999986,73.25999999999999,1,4,2,2,1,0.5714285714285714,0.7390031685906788
CHEMBL3112957,CHEMBL3112957,NC[C@]1(c2cccc(Cl)c2)CC[C@H](n2ncccc2=O)CC1,,6.7,1,6.7,6.7,IC50,B,single protein format,single_protein,9,D,2014,,317.8200000000001,2.908500000000002,60.910000000000004,1,3,3,3,2,0.4117647058823529,0.9464987964475433
CHEMBL428894,CHEMBL428894,COc1cc2c(cc1OC)[C@@H]1C[C@H](N)[C@@H](c3ccccc3)CN1CC2,,6.7,1,6.7,6.7,IC50,B,single protein format,single_protein,9,D,2007,,338.45100000000014,3.1178000000000017,47.720000000000006,1,4,3,4,2,0.42857142857142855,0.9340503982171986
CHEMBL438309,CHEMBL438309,COc1ccccc1[C@@H]1CN(c2nc3c(cc2F)c(=O)c(C(=O)O)cn3C2CC2)C[C@@H]1N,,6.7,1,6.7,6.7,IC50,B,single protein format,single_protein,9,D,2007,,438.45900000000023,2.5084,110.67999999999999,2,6,5,5,3,0.34782608695652173,0.629695768745691
CHEMBL438992,CHEMBL1185878,C[C@H](c1nc(-c2ccc(Cl)cc2Cl)no1)[C@H](N)C(=O)N1CCCC1,,6.7,1,6.7,6.7,IC50,B,single protein format,single_protein,8,H,2006,,369.25200000000024,3.0966000000000014,85.24999999999999,1,5,4,3,2,0.4375,0.8952488522531111
CHEMBL2063027,CHEMBL2063027,C[C@H](N)C(=O)N1CC(=O)C[C@H]1B(O)O,,6.7,1,6.7,6.7,IC50,B,cell-based format,cell_based,9,D,2012,,200.00300000000001,-2.484399999999998,103.86000000000001,3,5,2,1,0,0.7142857142857143,0.4277346525608517
CHEMBL381111,CHEMBL381111,CC1(NCC(=O)N2[C@H](C#N)CC[C@@H]2C#N)CCCC1,,6.7,1,6.7,6.7,IC50,B,single protein format,single_protein,9,D,2006,,260.34099999999995,1.3154599999999992,79.92,1,4,3,2,0,0.7857142857142857,0.82945366790123
CHEMBL3929146,CHEMBL3929146,COc1ccc2c3c(ccc2c1)O[C@@H](c1cc(F)c(F)cc1F)[C@H](N)C3,,6.695,2,6.09,7.3,IC50,B,cell-based format,cell_based,9,D,2016,,359.3470000000001,4.269200000000002,44.480000000000004,1,3,2,4,3,0.2,0.6952527170588442
CHEMBL1683477,CHEMBL1739459,COC(=O)C1SCCN1C(=O)C[C@H](N)Cc1cc(F)c(F)cc1F,,6.69,1,6.69,6.69,IC50,B,single protein format,single_protein,9,D,2011,,362.373,1.4382999999999997,72.63,1,5,5,2,1,0.4666666666666667,0.6338919278680554
CHEMBL3942715,CHEMBL3942715,N#Cc1ccc2ccc3c(c2c1)C[C@@H](N)[C@H](c1cc(F)c(F)cc1F)O3,,6.69,1,6.69,6.69,IC50,B,cell-based format,cell_based,9,D,2016,,354.331,4.132280000000002,59.040000000000006,1,3,1,4,3,0.15,0.668587737840948
CHEMBL558313,CHEMBL1196819,N#C[C@@H]1CS[C@H]2C[C@](N)(CCc3ccccc3)C(=O)N12,,6.69,1,6.69,6.69,IC50,B,single protein format,single_protein,9,D,2009,,287.38800000000003,1.5140800000000003,70.11999999999999,1,4,3,3,1,0.4666666666666667,0.9146531087923402
CHEMBL6033078,CHEMBL6033078,N#Cc1ccc2ccc3c(c2c1)CC(N)C(c1cc(F)c(F)cc1F)O3,,6.69,1,6.69,6.69,IC50,B,cell-based format,cell_based,9,D,2019,,354.331,4.132280000000002,59.040000000000006,1,3,1,4,3,0.15,0.668587737840948
CHEMBL1083916,CHEMBL1198852,CC(C)NC(=O)O[C@H]1C[C@H]2C[C@@H](NCC(=O)N3CCC[C@H]3C#N)C[C@H]2C1,,6.69,1,6.69,6.69,IC50,B,single protein format,single_protein,8,H,2010,,362.47400000000016,1.7823799999999994,94.46000000000001,2,5,5,3,0,0.8421052631578947,0.777372679138771
CHEMBL3644800,CHEMBL3644800,N[C@@H](CC(=O)N1CCc2c(nc(-c3ccncc3)nc2C(F)(F)F)C1)CN1C(=O)CCC(F)C1O,,6.69,1,6.69,6.69,IC50,B,single protein format,single_protein,9,D,2013,,496.46500000000026,1.4383999999999995,125.54,2,7,5,4,2,0.5,0.600306471318424
CHEMBL233996,CHEMBL233996,Cc1nc(C(=O)[C@@H]2CCCN2C(=O)CNC23CC4CC(CC(C4)C2)C3)no1,,6.68,1,6.68,6.68,IC50,B,single protein format,single_protein,9,D,2007,,372.4690000000002,2.1101199999999993,88.33,1,6,5,6,1,0.8,0.7966329010836181
CHEMBL390193,CHEMBL1185117,N[C@H]1CN(c2ccccc2)CC[C@@H]1c1cc(F)c(F)cc1F,,6.68,1,6.68,6.68,IC50,B,single protein format,single_protein,8,H,2007,,306.33099999999996,3.4251000000000023,29.259999999999998,1,2,2,3,2,0.29411764705882354,0.8614562886987012
CHEMBL23981,CHEMBL23981,N[C@H](C(=O)N1CC[C@@H](F)C1)C1CCCCC1,,6.68,2,6.47,6.89,IC50;Ki,B,single protein format,single_protein,8;9,D;H,2004;2005,,228.31099999999992,1.4643999999999993,46.330000000000005,1,2,2,2,0,0.9166666666666666,0.777539422680301
CHEMBL23880,CHEMBL23880,N[C@H](C(=O)N1CC[C@H](F)C1)[C@H]1CC[C@H](NC(=O)c2ccccc2C(F)(F)F)CC1,,6.68,1,6.68,6.68,IC50,B,single protein format,single_protein,8,H,2004,,415.4310000000001,2.891700000000002,75.43,2,3,4,3,1,0.6,0.7429485910101694
CHEMBL3952716,CHEMBL3952716,N[C@@H]1Cc2c(ccc3ccc(=O)oc23)O[C@H]1c1cc(F)c(F)cc1F,,6.68,1,6.68,6.68,IC50,B,single protein format,single_protein,9,D,2016,,347.292,3.2138000000000018,65.46000000000001,1,4,1,4,3,0.16666666666666666,0.5422414823235117
CHEMBL276056,CHEMBL276056,NC(C(=O)N1CCCC1)C1CCCC1,,6.68,1,6.68,6.68,Ki,B,single protein format,single_protein,8,H,1996,,196.29399999999995,1.1262999999999992,46.330000000000005,1,2,2,2,0,0.9090909090909091,0.7192510347969997
CHEMBL216383,CHEMBL216383,CC(C)(CC(=O)Nc1ccccc1)NCC(=O)N1CCC[C@H]1C#N,,6.68,1,6.68,6.68,IC50,B,single protein format,single_protein,9,D,2007,,328.41600000000017,1.8979799999999996,85.23,2,4,6,2,1,0.5,0.8350092967053888
CHEMBL557219,CHEMBL1196510,C[C@H]1c2nnc(C(F)(F)F)n2[C@@H](C)CN1C(=O)C[C@H](N)Cc1cc(F)c(F)cc1F,,6.68,1,6.68,6.68,IC50,B,single protein format,single_protein,8,H,2008,,435.3720000000001,3.1385000000000005,77.04,1,4,4,3,2,0.5,0.5915248274919429
CHEMBL3093901,CHEMBL3093901,N#C[C@@H]1CCCN1C(=O)[C@@H](N)Cc1cccc(C(F)(F)F)c1,,6.68,1,6.68,6.68,IC50,B,assay format,other,9,D,2013,,311.307,2.0897799999999993,70.12,1,3,3,2,1,0.4666666666666667,0.9289684093137368
CHEMBL377320,CHEMBL377320,CC(C)(C)CC(C)(C)NCC(=O)N1[C@H](C#N)CC[C@@H]1C#N,,6.68,1,6.68,6.68,IC50,B,single protein format,single_protein,9,D,2006,,290.411,2.19756,79.92,1,4,4,1,0,0.8125,0.8603949185082186
CHEMBL4458307,CHEMBL4458307,O=C(CCCO)N[C@@H](CC(=O)N1CCn2c(nnc2C(F)(F)F)C1)Cc1cc(F)c(F)cc1F,,6.68,1,6.68,6.68,IC50,B,single protein format,single_protein,9,D,2018,,493.40800000000013,1.9465,100.35,2,5,8,3,2,0.5,0.43274658417777795
CHEMBL246169,CHEMBL1182564,CC(=O)N(C)c1ccc([C@H](C)[C@H](N)C(=O)N2CC[C@H](F)C2)cc1,,6.68,1,6.68,6.68,IC50,B,cell-based format,cell_based,9,D,2007,,321.396,1.6704999999999999,66.64,1,3,4,2,1,0.5294117647058824,0.9171730918936715
CHEMBL245355,CHEMBL245355,NC1CN(c2ncccn2)CC1c1ccc(Cl)cc1Cl,,6.68,1,6.68,6.68,Ki,B,single protein format,single_protein,9,D,2007,,309.19999999999993,2.7145,55.04,1,4,2,3,2,0.2857142857142857,0.9265442613832957
CHEMBL172631,CHEMBL172631,N[C@H](C(=O)N1CCSC1)[C@H]1CC[C@@H](OC(=O)Nc2cccc(F)c2)C1,,6.68,1,6.68,6.68,IC50,B,single protein format,single_protein,8,H,2004,,367.446,2.4031000000000002,84.66,2,5,4,3,1,0.5294117647058824,0.8536383939941725
CHEMBL6011250,CHEMBL6011250,NC1Cc2c(ccc3ccc(=O)oc23)OC1c1cc(F)c(F)cc1F,,6.68,1,6.68,6.68,IC50,B,cell-based format,cell_based,9,D,2019,,347.292,3.2138000000000018,65.46000000000001,1,4,1,4,3,0.16666666666666666,0.5422414823235117
CHEMBL1082996,CHEMBL1082996,C#C[C@@H]1C[C@H](F)CN1C(=O)CC(C)(C)CC(=O)N[C@H]1C[C@@H]1c1cccc(Cl)c1,,6.68,3,6.07,7.82,IC50,B,single protein format,single_protein,8,H,2010,,404.9130000000001,3.6907000000000023,49.410000000000004,1,2,6,3,1,0.5454545454545454,0.7349225401400944
CHEMBL206184,CHEMBL206184,C=CCN(CC#N)C(=O)[C@@H](N)C(C)(C)C,,6.67,1,6.67,6.67,Ki,B,single protein format,single_protein,9,D,2006,,209.29299999999998,0.8979799999999994,70.12,1,3,4,0,0,0.6363636363636364,0.5520791985615929
CHEMBL6013719,CHEMBL6013719,NC1Cc2c(ccc3ccc(Br)cc23)OC1c1cc(F)c(F)cc1F,,6.67,1,6.67,6.67,IC50,B,cell-based format,cell_based,9,D,2019,,408.21700000000004,5.023100000000002,35.25,1,2,1,4,3,0.15789473684210525,0.5741507005051838
CHEMBL2069837,CHEMBL2069837,N[C@@H](CC(=O)N1CCN(C(c2ccc(F)cc2)c2ccc(F)cc2)CC1)Cc1cc(F)c(F)cc1F,,6.67,1,6.67,6.67,IC50,B,single protein format,single_protein,9,D,2012,,503.51500000000027,4.5758000000000045,49.57000000000001,1,3,7,4,3,0.2962962962962963,0.3796133735639278
CHEMBL2346919,CHEMBL2346919,CC#CCn1c(N2CCC[C@@H](N)C2)nc2ccn(C)c2c1=O,,6.67,1,6.67,6.67,IC50,B,single protein format,single_protein,9,D,2013,,299.3780000000001,0.6857999999999994,69.08,1,4,2,3,2,0.5,0.8283160106567256
CHEMBL191274,CHEMBL191274,CC(C)C(NC(=O)C[C@H](N)C(=O)N1CCC[C@H]1C#N)c1ccccc1,,6.67,1,6.67,6.67,IC50,B,single protein format,single_protein,8,H,2005,,342.443,1.7318800000000005,99.22,2,4,6,2,1,0.5263157894736842,0.822160975922656
CHEMBL1683478,CHEMBL1739507,N[C@@H](CC(=O)N1CCSC1C(=O)NCC(=O)O)Cc1cc(F)c(F)cc1F,,6.67,1,6.67,6.67,IC50,B,single protein format,single_protein,9,D,2011,,405.3980000000001,0.4660999999999999,112.73,3,5,7,2,1,0.4375,0.5686390870469604
CHEMBL1683495,CHEMBL1739346,CC(Oc1ccc(CNC(=O)C2SCCN2C(=O)C[C@H](N)Cc2cc(F)c(F)cc2F)cc1)C(=O)O,,6.67,1,6.67,6.67,IC50,B,single protein format,single_protein,9,D,2011,,525.5490000000002,2.4336,121.96,3,6,10,3,2,0.375,0.4075245977463152
CHEMBL3919178,CHEMBL3919178,N[C@@H]1Cc2c(ccc3ccc(Br)cc23)O[C@H]1c1cc(F)c(F)cc1F,,6.67,1,6.67,6.67,IC50,B,cell-based format,cell_based,9,D,2016,,408.21700000000004,5.023100000000002,35.25,1,2,1,4,3,0.15789473684210525,0.5741507005051838
CHEMBL480537,CHEMBL480537,N#C[C@@H]1C[C@H](F)CN1C(=O)CN[C@H]1[C@@H]2CN(c3nc4ccccc4o3)C[C@@H]21,,6.66,1,6.66,6.66,IC50,B,cell-free format,other,9,D,2008,,369.40000000000015,1.3145799999999999,85.4,1,6,4,5,2,0.5263157894736842,0.8748218445674306
CHEMBL400278,CHEMBL400278,CC(C)Cn1c(C(F)(F)F)nc2c1CCN(C(=O)C[C@H](N)Cc1cc(F)ccc1F)C2,,6.66,1,6.66,6.66,IC50,B,single protein format,single_protein,8,H,2007,,444.4480000000002,3.680900000000002,64.15,1,3,6,3,2,0.5238095238095238,0.6917798128447182
CHEMBL4089584,CHEMBL4089584,Cc1ccc(-c2c(CN)n(CC(C)C)c(=O)c3ccc(OCC(N)=O)cc23)cc1,,6.66,1,6.66,6.66,IC50,B,assay format,other,9,D,2017,,393.4870000000002,2.9557200000000003,100.34,2,4,7,3,3,0.30434782608695654,0.6443596867516503
CHEMBL3330052,CHEMBL3330052,N#C[C@@H]1C[C@H](F)CN1C(=O)C[C@H](N)Cc1cccc(F)c1,,6.66,1,6.66,6.66,IC50,B,assay format,other,9,D,2014,,293.317,1.54818,70.12,1,3,4,2,1,0.4666666666666667,0.915291243196262
CHEMBL168281,CHEMBL168281,N[C@H](C(=O)N1CCCC1)[C@H]1CC[C@H](NS(=O)(=O)c2ccc(S(=O)(=O)C(F)(F)F)cc2)C1,,6.66,1,6.66,6.66,IC50,B,single protein format,single_protein,8,H,2004,,483.53400000000016,1.3767999999999996,126.63999999999999,2,6,6,3,1,0.6111111111111112,0.629513295104616
CHEMBL245748,CHEMBL245748,COc1cccc(CN(C)C(=O)N2CC(N)C(c3ccc(Cl)cc3Cl)C2)c1,,6.66,1,6.66,6.66,Ki,B,single protein format,single_protein,9,D,2007,,408.32900000000006,3.980500000000002,58.8,1,3,4,3,2,0.35,0.8328079640334617
CHEMBL3976778,CHEMBL3976778,CC#CCn1c(N2CCC[C@@H](N)C2)nc2c1c(=O)n(CCCN1CCC(C(=O)Nc3ccccc3)CC1)c(=O)n2C,,6.66,1,6.66,6.66,IC50,B,single protein format,single_protein,9,D,2016,,560.7030000000003,1.5883000000000027,123.42000000000002,2,7,8,5,3,0.5333333333333333,0.4012515492586061
CHEMBL233686,CHEMBL233686,CCOC(=O)c1nnc2n1CCN(C(=O)C[C@H](N)Cc1cc(F)c(F)cc1F)C2,,6.66,1,6.66,6.66,IC50,B,single protein format,single_protein,9,D,2007,,411.3840000000001,1.1744000000000006,103.33999999999999,1,6,6,3,2,0.4444444444444444,0.5655650216937319
CHEMBL234046,CHEMBL234046,COc1cc2c(cc1OC)[C@@H]1CC(N)[C@@H](c3ccccc3)CN1CC2,,6.66,1,6.66,6.66,IC50,B,single protein format,single_protein,9,D,2007,,338.45100000000014,3.1178000000000017,47.720000000000006,1,4,3,4,2,0.42857142857142855,0.9340503982171986
CHEMBL3616909,CHEMBL3616909,CC#CCn1c(N2CCNCC2)nc2c1c(=O)n(Cc1ccc(-n3cncn3)cc1)c(=O)n2C,,6.66,1,6.66,6.66,IC50,B,single protein format,single_protein,9,D,2014,,459.5140000000002,-0.04139999999999833,107.80000000000001,1,7,5,5,4,0.34782608695652173,0.41738664571661016
CHEMBL3330050,CHEMBL3330050,N#C[C@@H]1C[C@H](F)CN1C(=O)C[C@H](N)Cc1ccccc1Cl,,6.66,1,6.66,6.66,IC50,B,assay format,other,9,D,2014,,309.77200000000005,2.06248,70.12,1,3,4,2,1,0.4666666666666667,0.9252293697129915
CHEMBL4447400,CHEMBL4447400,Cc1cccc(-c2nnc3ccc(N4CCN(CCOCCO)CC4)nn23)c1,,6.66,1,6.66,6.66,Ki,B,single protein format,single_protein,9,D,2020,,382.4680000000002,1.2306199999999994,79.02000000000001,1,7,7,4,3,0.45,0.6158762937541433
CHEMBL4537702,CHEMBL4537702,O=C(CO)N[C@@H](CC(=O)N1CCn2c(nnc2C(F)(F)F)C1)Cc1cc(F)c(F)cc1F,,6.66,1,6.66,6.66,IC50,B,single protein format,single_protein,9,D,2018,,465.3540000000001,1.1662999999999994,100.35,2,5,6,3,2,0.4444444444444444,0.4930153596214998
CHEMBL1683126,CHEMBL1683126,CN(Cc1cccc(C#N)c1)[C@H]1CC[C@H]([C@H](N)Cc2cc(F)ccc2F)CC1,,6.66,1,6.66,6.66,IC50,B,single protein format,single_protein,8,H,2011,,383.48600000000005,4.397080000000003,53.05,1,3,6,3,2,0.43478260869565216,0.8045122343111751
CHEMBL372004,CHEMBL1184827,COC(=O)[C@@H](c1ccc(-c2ccc(F)cc2)cc1)[C@H](N)C(=O)N1CC[C@H](F)C1,,6.66,1,6.66,6.66,IC50,B,single protein format,single_protein,8,H,2005,,388.4140000000002,2.6470000000000002,72.63,1,4,5,3,2,0.3333333333333333,0.7996447361466436
CHEMBL5630180,CHEMBL5630180,CS(=O)(=O)N1CCN(CC(=O)N2C(=O)S/C(=C\c3ccc(OCc4ccccc4)cc3)C2=O)CC1,,6.66,1,6.66,6.66,IC50,B,single protein format,single_protein,9,D,2023,,515.6130000000003,2.4057000000000004,104.30000000000001,0,8,7,4,2,0.2916666666666667,0.5180975575418961
CHEMBL369894,CHEMBL369894,Cn1nc(C(F)(F)C(F)(F)F)c2c1CCN(C(=O)C[C@H](N)Cc1cc(F)ccc1F)C2,,6.66,1,6.66,6.66,IC50,B,single protein format,single_protein,9,D,2005,,452.3740000000002,3.1972000000000023,64.15,1,3,5,3,2,0.47368421052631576,0.7092836856549468
CHEMBL3236104,CHEMBL3236104,COc1ccc(N2C[C@H](CN)[C@@H](c3cc(F)ccc3F)CC2=O)cc1,,6.66,1,6.66,6.66,IC50,B,assay format,other,9,D,2014,,346.37700000000007,3.0688000000000013,55.56,1,3,4,3,2,0.3157894736842105,0.9256398436453689
CHEMBL323129,CHEMBL323129,CC(C)(N)C(O)NCC(=O)N1CCC[C@H]1C#N,,6.66,1,6.66,6.66,IC50,B,assay format,other,8,H,2003,,240.30699999999996,-0.8537199999999989,102.38,3,5,4,1,0,0.8181818181818182,0.5552400503164973
CHEMBL482154,CHEMBL1186902,N[C@@H](CC(=O)N1CCCN(C(=O)c2ccc(C(=O)O)cc2)CC1)Cc1cc(F)c(F)cc1F,,6.65,2,6.65,6.65,IC50,B,single protein format,single_protein,8;9,D;H,2008;2013,,463.4560000000002,2.436700000000001,103.94000000000001,2,4,6,3,2,0.34782608695652173,0.6408311423360681
CHEMBL231697,CHEMBL231697,CC(C)(CO)NCC(=O)N1CCC[C@H]1C(=O)c1noc(C(C)(C)C)n1,,6.65,1,6.65,6.65,IC50,B,single protein format,single_protein,9,D,2007,,352.4350000000001,0.9012999999999993,108.56,2,7,6,2,1,0.7647058823529411,0.7322484921597711
CHEMBL232111,CHEMBL232111,Cc1nnc(C(=O)[C@@H]2CSCN2C(=O)CNC23CC4CC(CC(C4)C2)C3)o1,,6.65,1,6.65,6.65,IC50,B,single protein format,single_protein,9,D,2007,,390.50900000000024,2.020619999999999,88.33,1,7,5,6,1,0.7894736842105263,0.7696021827805634
CHEMBL201053,CHEMBL201053,CC(=O)Nc1ccc(CS(=O)(=O)C(C)(C)[C@H](N)C(=O)N2C[C@@H](F)C[C@H]2C#N)cc1,,6.65,1,6.65,6.65,Ki,B,single protein format,single_protein,9,D,2005,,424.49800000000016,1.1282800000000008,133.36,2,6,6,2,1,0.5263157894736842,0.7031308619455948
CHEMBL184071,CHEMBL184071,CN1CCN(C(=O)C[C@H](N)Cc2ccccc2F)[C@H](Cc2ccccc2)C1,,6.65,1,6.65,6.65,IC50,B,single protein format,single_protein,8,H,2004,,369.4840000000001,2.4709000000000003,49.57,1,3,6,3,2,0.4090909090909091,0.8510462789257266
CHEMBL4464592,CHEMBL4464592,O=C(CCCCO)N[C@@H](CC(=O)N1CCn2c(nnc2C(F)(F)F)C1)Cc1cc(F)c(F)cc1F,,6.65,1,6.65,6.65,IC50,B,single protein format,single_protein,9,D,2018,,507.4350000000002,2.3366,100.35,2,5,9,3,2,0.5238095238095238,0.3084825480185121
CHEMBL4516388,CHEMBL4516388,O=C(CCCCCO)N[C@@H](CC(=O)N1CCn2c(nnc2C(F)(F)F)C1)Cc1cc(F)c(F)cc1F,,6.65,1,6.65,6.65,IC50,B,single protein format,single_protein,9,D,2018,,521.4620000000002,2.726700000000001,100.35,2,5,10,3,2,0.5454545454545454,0.2846727536936792
CHEMBL386326,CHEMBL386326,CC(C)(CC(=O)Nc1ccc(F)c(F)c1)NCC(=O)N1CCC[C@H]1C#N,,6.65,1,6.65,6.65,IC50,B,single protein format,single_protein,9,D,2007,,364.39600000000013,2.1761799999999996,85.23,2,4,6,2,1,0.5,0.8101883234887575
CHEMBL98408,CHEMBL98408,CC[C@H](C)[C@H](N)C(=O)N1CCSC1,,6.640000000000001,2,6.38,6.9,IC50;Ki,B,single protein format,single_protein,8;9,D;H,2002;2004,,202.32299999999995,0.8927000000000002,46.330000000000005,1,3,3,1,0,0.8888888888888888,0.7391559512864554
CHEMBL328794,CHEMBL328794,N#C[C@@H]1CCCN1C(=O)CNC1CCN(c2nc3ccccc3s2)CC1,,6.64,1,6.64,6.64,IC50,B,assay format,other,8,H,2003,,369.49400000000014,2.36928,72.26,1,6,4,4,2,0.5263157894736842,0.895747712439976
CHEMBL206172,CHEMBL1182012,C[C@@H](c1ccc(-c2ccc(=O)n(-c3ccc(F)cc3)c2)cc1)[C@H](N)C(=O)N1CC[C@H](F)C1,,6.64,1,6.64,6.64,IC50,B,single protein format,single_protein,9,D,2006,,437.4900000000002,3.644800000000002,68.33,1,3,5,4,3,0.28,0.6627023979977801
CHEMBL3402120,CHEMBL3402120,Cn1c(=O)n(Cc2cccc(C(=O)O)c2)c(=O)c2c1nc(N1CCC[C@@H](N)C1)n2Cc1ccccc1Cl,,6.64,1,6.64,6.64,IC50,B,single protein format,single_protein,9,D,2015,,522.9930000000004,2.2724,128.38,2,6,6,5,4,0.3076923076923077,0.3972379351369797
CHEMBL169812,CHEMBL169812,N[C@H](C(=O)N1CCCC1)[C@H]1CC[C@@H](NC(=O)c2cccc3ccccc23)C1,,6.64,1,6.64,6.64,IC50,B,single protein format,single_protein,8,H,2004,,365.4770000000001,2.6880000000000006,75.43,2,3,4,4,2,0.45454545454545453,0.8746481836794119
CHEMBL365967,CHEMBL1184735,CN(C)C(=O)[C@@H](c1ccc(-c2ccc(F)cc2)cc1)[C@H](N)C(=O)N1CCS(=O)(=O)C1,,6.64,1,6.64,6.64,IC50,B,single protein format,single_protein,8,H,2005,,433.5050000000002,1.2063,100.78,1,5,5,3,2,0.3333333333333333,0.7638810010561147
CHEMBL4761281,CHEMBL4761281,CC#CCn1c(N2CCC[C@@H](N)C2)nc2c1c(=O)n(CCCN1CCC(c3nc(-c4ccccc4)no3)CC1)c(=O)n2C,,6.64,1,6.64,6.64,IC50,B,single protein format,single_protein,9,D,2020,,585.7130000000001,2.1672000000000002,133.24,1,9,8,6,4,0.5161290322580645,0.30896075126207706
CHEMBL537844,CHEMBL1188964,CCc1nnc2n1CCN(C(=O)C[C@H](N)Cc1ccc(F)c(F)c1)C2,,6.64,1,6.64,6.64,IC50,B,single protein format,single_protein,8,H,2005,,349.38500000000005,1.421,77.04,1,4,5,3,2,0.47058823529411764,0.8856720003849397
CHEMBL236707,CHEMBL236707,CC(=O)c1ccccc1-c1cc(N2C[C@H](c3cc(F)c(F)cc3F)[C@@H](N)C2)ncn1,,6.64,1,6.64,6.64,IC50,B,single protein format,single_protein,9,D,2007,,412.4150000000001,3.694600000000002,72.11,1,5,4,4,3,0.22727272727272727,0.5227331922684563
CHEMBL480154,CHEMBL480154,CCOC(=O)c1ccc(N2C[C@@H]3[C@H](C2)[C@H]3NCC(=O)N2C[C@@H](F)C[C@H]2C#N)cc1,,6.64,1,6.64,6.64,IC50,B,cell-free format,other,9,D,2008,,400.4540000000001,1.3500800000000002,85.67,1,6,6,4,1,0.5714285714285714,0.7258848400545707
CHEMBL1683486,CHEMBL1739376,N[C@@H](CC(=O)N1CCSC1C(=O)NCc1ccc(C(=O)O)cc1)Cc1cc(F)c(F)cc1F,,6.64,1,6.64,6.64,IC50,B,single protein format,single_protein,9,D,2011,,481.4960000000002,2.2799000000000005,112.73,3,5,8,3,2,0.3181818181818182,0.49899614384379526
CHEMBL228032,CHEMBL228032,N#Cc1ccc(CN(C(=O)c2ccc(C#N)cc2)[C@@H]2CN[C@H](C(=O)N3CCSC3)C2)cc1,,6.64,1,6.64,6.64,IC50,B,cell-free format,other,9,D,2007,,445.5480000000003,2.3357600000000005,100.23,1,6,5,4,2,0.3333333333333333,0.7582819820054256
CHEMBL398492,CHEMBL398492,CCn1c(C(F)(F)F)nc2c1CN(C(=O)C[C@H](N)Cc1cc(F)ccc1F)CC2,,6.64,1,6.64,6.64,IC50,B,single protein format,single_protein,8,H,2007,,416.3940000000002,3.044800000000002,64.15,1,3,5,3,2,0.47368421052631576,0.7625151289068898
CHEMBL378086,CHEMBL378086,O=C([C@@H]1CN[C@H](C(=O)N2CC[C@@H](F)C2)C1)N1Cc2ccccc2C1,,6.64,1,6.64,6.64,IC50,B,single protein format,single_protein,9,D,2006,,331.391,1.0772999999999995,52.650000000000006,1,3,2,4,1,0.5555555555555556,0.8822100669749305
CHEMBL274103,CHEMBL274103,CC(C)(CC(=O)NCCc1ccc(C(F)(F)F)cc1)NCC(=O)N1CCC[C@H]1C#N,,6.63,1,6.63,6.63,IC50,B,single protein format,single_protein,9,D,2007,,424.4670000000002,2.636980000000001,85.23,2,4,8,2,1,0.5714285714285714,0.6719868989155146
CHEMBL4246222,CHEMBL4246222,NCc1c(-c2ccc(Cl)cc2Cl)n(C[SH](=O)=O)c2ccccc12,,6.63,1,6.63,6.63,IC50,B,single protein format,single_protein,9,D,2018,,369.2730000000001,3.6427000000000014,65.09,2,3,4,3,3,0.125,0.6904126356964875
CHEMBL217290,CHEMBL217290,COc1ccc(CCNC(=O)CC(C)(C)NCC(=O)N2CCC[C@H]2C#N)cc1OC,,6.63,1,6.63,6.63,IC50,B,single protein format,single_protein,9,D,2007,,416.5220000000002,1.6353800000000007,103.69000000000001,2,6,10,2,1,0.5909090909090909,0.6009341560385522
CHEMBL233891,CHEMBL233891,CC(C)(C)NC(=O)c1nnc2n1CCN(C(=O)C[C@H](N)Cc1cc(F)c(F)cc1F)C2,,6.63,1,6.63,6.63,IC50,B,single protein format,single_protein,9,D,2007,,438.4540000000001,1.5259999999999998,106.14,2,5,5,3,2,0.5,0.6889912366532976
CHEMBL474630,CHEMBL1186684,N[C@@H](CC(=O)N1CCCN(S(=O)(=O)c2ccc(C(=O)O)cc2)CC1)Cc1cc(F)c(F)cc1F,,6.62,1,6.62,6.62,IC50,B,single protein format,single_protein,8,H,2008,,499.51100000000025,1.9852000000000005,121.01,2,5,7,3,2,0.36363636363636365,0.5623760124147219
CHEMBL1270657,CHEMBL1270657,COc1ccccc1-c1cn2c(-c3ccccc3)c(CN)c(C)nc2n1,,6.62,1,6.62,6.62,Ki,B,single protein format,single_protein,9,D,2010,,344.4180000000001,3.8390200000000014,65.44,1,4,4,4,4,0.14285714285714285,0.6107713224891325
CHEMBL247775,CHEMBL247775,Cc1cccc(COC(=O)N2CC(N)C(c3ccc(Cl)cc3Cl)C2)n1,,6.62,1,6.62,6.62,Ki,B,single protein format,single_protein,9,D,2007,,380.27500000000015,3.7601200000000023,68.45,1,4,3,3,2,0.3333333333333333,0.8805632930280367
CHEMBL37655,CHEMBL37655,NCc1c(N)nc(-c2cccc(Cl)c2)nc1-c1ccc(Cl)cc1Cl,,6.62,1,6.62,6.62,IC50,F,assay format,other,8,H,2004,,379.6780000000001,4.811700000000002,77.82000000000001,2,4,3,3,3,0.058823529411764705,0.6841476049598355
CHEMBL9352,CHEMBL9352,O=C1C[C@@H](c2ccc(O)cc2)Oc2cc(O)cc(O)c21,NARINGENIN,6.62,1,6.62,6.62,IC50,B,single protein format,single_protein,9,D,2018,,272.25600000000003,2.5099000000000014,86.99000000000001,3,5,1,3,2,0.13333333333333333,0.7421139126791214
CHEMBL96071,CHEMBL96071,CC1(C)C2CC(CNCC(=O)N3CCC[C@H]3C#N)CC1C2,,6.62,1,6.62,6.62,IC50,B,assay format,other,8,H,2003,,289.42300000000006,2.1628799999999995,56.13,1,3,4,4,0,0.8823529411764706,0.8626260425273028
CHEMBL211024,CHEMBL211024,N#C[C@@H]1CC[C@H](C#N)N1C(=O)CN[C@H]1C[C@@H]2CC[C@H]1C2,,6.62,1,6.62,6.62,IC50,B,single protein format,single_protein,9,D,2006,,272.35200000000003,1.1713599999999993,79.92,1,4,3,3,0,0.8,0.8360380740096305
CHEMBL365113,CHEMBL365113,N#C[C@@H]1CCCN1C(=O)[C@@H](N)CC(=O)NCc1ccccc1,,6.62,1,6.62,6.62,IC50,B,single protein format,single_protein,8,H,2005,,300.362,0.5347800000000005,99.22,2,4,5,2,1,0.4375,0.828427836682106
CHEMBL191858,CHEMBL1181789,C[C@@H](c1ccc(-c2ccccn2)cc1)[C@H](N)C(=O)N1CC[C@H](F)C1,,6.62,1,6.62,6.62,IC50,B,single protein format,single_protein,8,H,2005,,327.40300000000013,2.7498000000000005,59.22,1,3,4,3,2,0.3684210526315789,0.9391931242352924
CHEMBL191812,CHEMBL1181785,C[C@@H](c1ccc(-c2cc(F)cc(F)c2)cc1)[C@H](N)C(=O)N1CC[C@H](F)C1,,6.62,1,6.62,6.62,IC50,B,single protein format,single_protein,8,H,2005,,362.39500000000015,3.6330000000000027,46.330000000000005,1,2,4,3,2,0.35,0.9027778761267317
CHEMBL216377,CHEMBL216377,CC(C)(CC(=O)NCc1ccccc1)NCC(=O)N1CCC[C@H]1C#N,,6.62,1,6.62,6.62,IC50,B,single protein format,single_protein,9,D,2007,,342.44300000000015,1.5756799999999997,85.23,2,4,7,2,1,0.5263157894736842,0.787653446660763
CHEMBL352354,CHEMBL352354,COc1ccc(NC(=O)O[C@@H]2CC[C@H]([C@H](N)C(=O)N3CCSC3)C2)cc1,,6.62,1,6.62,6.62,IC50,B,single protein format,single_protein,8,H,2004,,379.48200000000014,2.2725999999999997,93.89,2,6,5,3,1,0.5555555555555556,0.8150995853517832
CHEMBL1650416,CHEMBL1650416,N#Cc1ccccc1Cn1c(N2CCC[C@@H](N)C2)ncc(-c2ccccc2F)c1=O,,6.62,1,6.62,6.62,IC50,B,single protein format,single_protein,9,D,2011,,403.46100000000007,2.8968800000000012,87.94,1,5,4,4,3,0.2608695652173913,0.7237133929797838
CHEMBL184651,CHEMBL184651,N#Cc1ccc(NCCNCC(=O)N2N=CCC2C#N)nc1,,6.619999999999999,2,6.39,6.85,IC50,B;F,cell-based format;single protein format,mixed,9,D,2004;2009,,297.322,0.06505999999999945,117.2,2,7,6,2,1,0.35714285714285715,0.7172086593369954
CHEMBL5282739,CHEMBL5282739,N#C[C@@H]1CCCN1C(=O)C[C@@H](N)Cc1ccc(-c2cn(C3CC3)nn2)cc1,,6.61,1,6.61,6.61,IC50,B,single protein format,single_protein,9,D,2021,,364.4530000000001,2.0544799999999994,100.83000000000001,1,5,6,4,2,0.5,0.8452970469290482
CHEMBL210590,CHEMBL210590,O=C([C@@H]1CN[C@H](C(=O)N2CC[C@H](F)C2)C1)N1Cc2ccccc2C1,,6.61,1,6.61,6.61,IC50,B,single protein format,single_protein,9,D,2006,,331.391,1.0772999999999995,52.650000000000006,1,3,2,4,1,0.5555555555555556,0.8822100669749305
CHEMBL4647956,CHEMBL4650833,N#C[C@@H]1CCCN1C(=O)[C@@H](N)Cc1ccc(-c2cn(C3CC3)nn2)cc1,,6.61,1,6.61,6.61,IC50,B,single protein format,single_protein,9,D,2020,,350.4260000000001,1.6643799999999993,100.83000000000001,1,5,5,4,2,0.47368421052631576,0.8836883609343017
CHEMBL384493,CHEMBL384493,CC(C)(CC(=O)NCCc1cccc(C(F)(F)F)c1)NCC(=O)N1CCC[C@H]1C#N,,6.61,1,6.61,6.61,IC50,B,single protein format,single_protein,9,D,2007,,424.46700000000027,2.636980000000001,85.23,2,4,8,2,1,0.5714285714285714,0.6719868989155144
CHEMBL3093917,CHEMBL3093917,N#C[C@@H]1CCCN1C(=O)[C@@H](N)Cc1cccc(F)c1,,6.61,1,6.61,6.61,IC50,B,assay format,other,9,D,2013,,261.3,1.2100799999999996,70.12,1,3,3,2,1,0.42857142857142855,0.8886957824058177
CHEMBL191354,CHEMBL472124,C[C@@H](c1ccc(Br)cc1)[C@H](N)C(=O)N1CC[C@H](F)C1,,6.605,2,6.6,6.61,IC50,B,single protein format,single_protein,8,H,2005;2008,,329.2130000000001,2.4503000000000004,46.330000000000005,1,2,3,2,1,0.5,0.9259007475256827
CHEMBL248788,CHEMBL248788,N[C@@H](CC(=O)N1CCc2c(nc(C(F)(F)F)n2Cc2ccc(F)cc2)C1)Cc1cc(F)ccc1F,,6.6,1,6.6,6.6,IC50,B,single protein format,single_protein,8,H,2007,,496.4550000000002,4.2123000000000035,64.15,1,3,6,4,3,0.3333333333333333,0.5204074240339541
CHEMBL515378,CHEMBL515378,CC(C)(C)C(NC(=O)C[C@@H](N)C(=O)N1CCC[C@H]1C#N)c1ccccc1,,6.6,1,6.6,6.6,IC50,B,single protein format,single_protein,8,H,2009,,356.47,2.1219800000000006,99.22,2,4,5,2,1,0.55,0.8439014417982776
CHEMBL189220,CHEMBL189220,CC(C)(C)C(NC(=O)C[C@H](N)C(=O)N1CCC[C@H]1C#N)c1ccccc1,,6.6,1,6.6,6.6,IC50,B,single protein format,single_protein,8,H,2005,,356.47,2.1219800000000006,99.22,2,4,5,2,1,0.55,0.8439014417982776
CHEMBL511128,CHEMBL511128,CCN(CC)CC(C)(C)NCC(=O)N1C[C@@H](F)C[C@H]1C#N,,6.6,1,6.6,6.6,IC50,B,cell-free format,other,9,D,2008,,298.406,1.1589800000000006,59.370000000000005,1,4,7,1,0,0.8666666666666667,0.7660508912513337
CHEMBL498167,CHEMBL498167,CC(C)Cn1c(CN)c(-c2ccccc2)c2ccccc2c1=O,,6.6,1,6.6,6.6,IC50,B,assay format,other,9,D,2008,,306.4090000000001,3.7832000000000026,48.019999999999996,1,2,4,3,3,0.25,0.7970769419081518
CHEMBL277193,CHEMBL277193,N[C@H](C(=O)N1C[C@@H](F)[C@H](F)C1)[C@H]1CC[C@H](NS(=O)(=O)c2ccc(F)cc2F)CC1,,6.6,1,6.6,6.6,IC50,B,single protein format,single_protein,8,H,2004,,437.4590000000002,1.6475999999999997,92.5,2,4,5,3,1,0.6111111111111112,0.6855290493831473
CHEMBL292342,CHEMBL292342,O=C([C@@H]1CCN1)N1CCC[C@H]1B(O)O,,6.6,1,6.6,6.6,IC50,B,single protein format,single_protein,8,H,1996,,198.03100000000003,-1.6486999999999996,72.80000000000001,3,4,2,2,0,0.875,0.46467011551636356
CHEMBL1951606,CHEMBL1951606,CC#CCn1c(N2CCC[C@H](N)C2)c(C#N)c2c1c(=O)n(Cc1nc(C)c3ccccc3n1)c(=O)n2C,,6.6,1,6.6,6.6,IC50,B,single protein format,single_protein,9,D,2012,,496.5750000000003,1.6240999999999997,127.75999999999999,1,7,4,5,4,0.37037037037037035,0.4253769881648921
CHEMBL23879,CHEMBL23879,N[C@H](C(=O)N1CC[C@@H](F)C1)[C@H]1CC[C@H](NC(=O)c2ccccc2C(F)(F)F)CC1,,6.6,1,6.6,6.6,IC50,B,single protein format,single_protein,8,H,2004,,415.4310000000001,2.891700000000002,75.43,2,3,4,3,1,0.6,0.7429485910101694
CHEMBL3112969,CHEMBL3112969,NC[C@]1(c2cccc(Cl)c2)CC[C@H](N2CCCCC2)CC1,,6.6,1,6.6,6.6,IC50,B,single protein format,single_protein,9,D,2014,,306.8810000000001,3.9650000000000034,29.259999999999998,1,2,3,3,1,0.6666666666666666,0.9154531753309348
CHEMBL186308,CHEMBL186308,CC(=O)Nc1ccc2c(=O)n(CC(C)C)c(CN)c(-c3ccccc3)c2c1,,6.6,1,6.6,6.6,IC50,B,single protein format,single_protein,8,H,2004,,363.461,3.741600000000002,77.12,2,3,5,3,3,0.2727272727272727,0.7247921956334583
CHEMBL3901674,CHEMBL3901674,CC#CCn1c(N2CCC[C@@H](N)C2)nc2c1c(=O)n(CCCCC1CCN(C(=O)OC(C)C)CC1)c(=O)n2C,,6.6,1,6.6,6.6,IC50,B,single protein format,single_protein,9,D,2016,,541.6970000000003,2.274800000000001,120.62000000000003,1,7,8,4,2,0.7142857142857143,0.402055190597654
CHEMBL400761,CHEMBL400761,N[C@@H](CC(=O)N1CCc2nc(C(F)(F)F)n(Cc3ccc(F)cc3)c2C1)Cc1cc(F)ccc1F,,6.6,1,6.6,6.6,IC50,B,single protein format,single_protein,8,H,2007,,496.45500000000015,4.2123000000000035,64.15,1,3,6,4,3,0.3333333333333333,0.5204074240339541
CHEMBL4085958,CHEMBL4085958,CC(C)(C)Cc1nc2ccc(OCC(N)=O)cc2c(-c2ccccc2)c1CN,,6.6,1,6.6,6.6,IC50,B,assay format,other,9,D,2017,,377.4880000000001,3.813200000000001,91.23,2,4,6,3,3,0.30434782608695654,0.683161532258644
CHEMBL171290,CHEMBL171290,N[C@H](C(=O)N1CCCC1)[C@@H]1CC[C@H](NS(=O)(=O)c2ccc(S(N)(=O)=O)cc2)C1,,6.6,1,6.6,6.6,IC50,B,single protein format,single_protein,8,H,2004,,430.5520000000002,-0.2692999999999979,152.66,3,6,6,3,1,0.5882352941176471,0.5646800884221196
CHEMBL384985,CHEMBL384985,COc1ccc(NC(=O)CC(C)(C)NCC(=O)N2CCC[C@H]2C#N)cc1,,6.6,1,6.6,6.6,IC50,B,single protein format,single_protein,9,D,2007,,358.4420000000001,1.9065799999999995,94.46000000000001,2,5,7,2,1,0.5263157894736842,0.7763179510540373
CHEMBL217339,CHEMBL217339,Cc1ccc(CCNC(=O)CC(C)(C)NCC(=O)N2CCC[C@H]2C#N)cc1,,6.6,1,6.6,6.6,IC50,B,single protein format,single_protein,9,D,2007,,370.4970000000001,1.9265999999999999,85.23,2,4,8,2,1,0.5714285714285714,0.7321411086695152
CHEMBL362018,CHEMBL362018,N#C[C@@H]1CCCN1C(=O)[C@@H](N)CC(=O)N1CCN(C(c2ccc(F)cc2)c2ccc(F)cc2)CC1,,6.6,2,6.56,6.64,IC50,B,single protein format,single_protein,8,H,2005,,481.5470000000002,2.4303800000000004,93.66999999999999,1,5,6,4,2,0.4230769230769231,0.684174633443624
CHEMBL2206473,CHEMBL2206473,N[C@@H](CC(=O)NC1(c2cccc(-c3cnc(C4CCCCN4)s3)c2)CCS(=O)(=O)CC1)Cc1ccccc1F,,6.6,1,6.6,6.6,IC50,B,single protein format,single_protein,9,D,2012,,570.7560000000004,4.244000000000003,114.18,3,7,8,5,3,0.4482758620689655,0.37332665995443404
CHEMBL359759,CHEMBL359759,N#C[C@@H]1CCCN1C(=O)[C@@H](N)CC(=O)NC(Cc1ccccc1)c1ccccc1,,6.6,1,6.6,6.6,IC50,B,single protein format,single_protein,8,H,2005,,390.4870000000001,2.3185800000000008,99.22,2,4,7,3,2,0.34782608695652173,0.757749841049039
CHEMBL3912125,CHEMBL3912125,CC(C)=CCn1c(N2CCCC(N)C2)nc2c1c(=O)n(CC(=O)N1CCCCC1)c(=O)n2C,,6.6,1,6.6,6.6,IC50,B,single protein format,single_protein,8,H,2016,,457.5790000000004,0.802900000000002,111.39000000000001,1,6,5,4,2,0.6521739130434783,0.6651783705956748
CHEMBL3910158,CHEMBL3910158,CC#CCn1c(N2CCC[C@@H](N)C2)nc2c1c(=O)n(CCCN1CCC(C(=O)OC)CC1)c(=O)n2C,,6.6,1,6.6,6.6,IC50,B,single protein format,single_protein,9,D,2016,,499.61600000000044,0.12260000000000337,120.62000000000003,1,8,7,4,2,0.68,0.42144070096004704
CHEMBL471936,CHEMBL471936,N[C@H](Cc1cc(F)ccc1F)c1ccc(-c2ccncc2)cc1,,6.6,1,6.6,6.6,IC50,B,single protein format,single_protein,8,H,2008,,310.347,4.269300000000002,38.91,1,2,4,3,3,0.10526315789473684,0.7813671349485795
CHEMBL426469,CHEMBL426469,Cc1[nH]nc2c1CN(C(=O)C[C@H](N)Cc1cc(F)ccc1F)CC2,,6.6,2,6.6,6.6,IC50,B,single protein format,single_protein,9,D,2005,,334.37000000000006,1.8411199999999999,75.01,2,3,4,3,2,0.4117647058823529,0.8958191069838998
CHEMBL2159175,CHEMBL2159175,Cn1c(=O)c2c(-c3ccccc3)c(CN)c(N)nc2n(C)c1=O,,6.59,1,6.59,6.59,IC50,B,single protein format,single_protein,8,H,2012,,311.345,0.34009999999999957,108.92999999999998,2,5,2,3,3,0.1875,0.7091014736009291
CHEMBL92710,CHEMBL92710,CCC(CO)NCC(=O)N1CCC[C@H]1C#N,,6.59,1,6.59,6.59,IC50,B,assay format,other,8,H,2003,,225.29199999999997,-0.1385200000000002,76.36,2,4,5,1,0,0.8181818181818182,0.6826137209114423
CHEMBL3425752,CHEMBL3425752,N[C@@H](CC(=O)N1CC[C@@H]2[C@H](CCc3nnc(C(F)(F)C(F)(F)F)n32)C1)Cc1cc(F)c(F)cc1F,,6.59,1,6.59,6.59,IC50,B,single protein format,single_protein,9,D,2015,,511.41700000000014,3.645400000000002,77.04000000000002,1,4,5,4,2,0.5714285714285714,0.49149442124989834
CHEMBL232572,CHEMBL232572,Cc1nnc(C(=O)[C@@H]2CCCN2C(=O)CNC(C)(C)CO)o1,,6.59,1,6.59,6.59,IC50,B,single protein format,single_protein,9,D,2007,,310.35400000000004,-0.08777999999999903,108.56,2,7,6,2,1,0.7142857142857143,0.7068728602721103
CHEMBL5964811,CHEMBL5964811,COc1cc2ccc3c(c2cc1OC)CC(N)C(c1ccccc1)O3,,6.59,1,6.59,6.59,IC50,B,cell-based format,cell_based,9,D,2019,,335.403,3.860500000000002,53.71000000000001,1,4,3,4,3,0.23809523809523808,0.7895315376985939
CHEMBL4067185,CHEMBL4067185,C[C@H](N[C@@H](CCc1ccccc1)C(=O)O)C(=O)N1C[C@@H](NC(=O)C[C@H](N)Cc2cc(F)c(F)cc2F)C[C@H]1C(=O)O,,6.59,1,6.59,6.59,IC50,B,single protein format,single_protein,9,D,2017,,578.5880000000003,1.5982000000000023,162.06,5,6,13,3,2,0.42857142857142855,0.22402581732052654
CHEMBL4792546,CHEMBL4792546,N[C@@H](CCn1ccnn1)Cc1cc(F)c(F)cc1F,,6.59,1,6.59,6.59,IC50,B,single protein format,single_protein,9,D,2021,,270.258,1.6554999999999995,56.730000000000004,1,3,5,2,2,0.3333333333333333,0.8405136182609412
CHEMBL2159189,CHEMBL2159189,Cn1c(=O)c2c(-c3cc(F)ccc3Br)c(CN)c(O)nc2n(C)c1=O,,6.58,1,6.58,6.58,IC50,B,single protein format,single_protein,8,H,2012,,409.2150000000002,1.3651,103.13999999999999,2,5,2,3,3,0.1875,0.6657052095113857
CHEMBL210259,CHEMBL210259,CC(C)(NCC(=O)N1[C@H](C#N)CC[C@@H]1C#N)c1ccccc1,,6.58,1,6.58,6.58,IC50,B,single protein format,single_protein,9,D,2006,,296.37399999999997,1.9180599999999997,79.92,1,4,4,2,1,0.47058823529411764,0.9201699277105385
CHEMBL205980,CHEMBL205980,CC(C)[C@H](N)C(=O)N(C)CC#N,,6.58,1,6.58,6.58,Ki,B,single protein format,single_protein,9,D,2006,,169.22799999999998,-0.048319999999999697,70.12,1,3,3,0,0,0.75,0.6021196054058446
CHEMBL197352,CHEMBL197352,N[C@@H](CC(=O)N1CCc2nc(-c3ccc(C(F)(F)F)cc3)sc2C1)Cc1cc(F)ccc1F,,6.58,1,6.58,6.58,IC50,B,single protein format,single_protein,9,D,2005,,481.4900000000002,4.951900000000004,59.220000000000006,1,4,5,4,3,0.30434782608695654,0.5248570990090665
CHEMBL2418635,CHEMBL3039697,Cn1cc(-c2ccc(C[C@H](N)C(=O)N3CCC[C@H]3C#N)cc2)nn1,,6.58,1,6.58,6.58,IC50,B,single protein format,single_protein,9,D,2013,,324.388,0.8664799999999994,100.83,1,5,4,3,2,0.4117647058823529,0.8989178195063305
CHEMBL1161911,CHEMBL1161911,Cn1ncc2c(nc(N3CCCC(N)C3)n2Cc2ccccc2C#N)c1=O,,6.58,1,6.58,6.58,Ki,B,single protein format,single_protein,9,D,2006,,363.42500000000007,0.9774799999999998,105.75999999999999,1,6,3,4,3,0.3684210526315789,0.7434173474005058
CHEMBL1683095,CHEMBL1683095,CCN([C@H]1CC[C@H]([C@H](N)Cc2cc(F)ccc2F)CC1)S(C)(=O)=O,,6.58,1,6.58,6.58,IC50,B,single protein format,single_protein,8,H,2011,,360.47000000000014,2.674900000000001,63.4,1,3,6,2,1,0.6470588235294118,0.8482781101975712
CHEMBL1683110,CHEMBL1683110,CCN(C(C)=O)[C@H]1CC[C@H]([C@H](N)Cc2cc(F)ccc2F)CC1,,6.58,1,6.58,6.58,IC50,B,single protein format,single_protein,8,H,2011,,324.4150000000001,3.261800000000002,46.33,1,2,5,2,1,0.6111111111111112,0.9034551746287202
CHEMBL243231,CHEMBL243231,N[C@@H](CC(=O)N1CCn2c(nnc2C(F)(F)F)C1)Cc1ccc(Cl)cc1,,6.58,1,6.58,6.58,IC50,B,single protein format,single_protein,9,D,2007,,387.7930000000001,2.2526,77.04,1,4,4,3,2,0.4375,0.8725474082150706
CHEMBL317787,CHEMBL317787,CCCCNCC(=O)N1CCC[C@H]1C#N,,6.58,1,6.58,6.58,IC50,B,assay format,other,8,H,2003,,209.29299999999995,0.8906799999999997,56.13,1,3,5,1,0,0.8181818181818182,0.6841055724766575
CHEMBL3897118,CHEMBL3897118,CC#CCn1c(N2CCC[C@@H](N)C2)nc2c1c(=O)n(CCCN1CCC(C(=O)N(C)C)CC1)c(=O)n2C,,6.58,1,6.58,6.58,IC50,B,single protein format,single_protein,9,D,2016,,512.6590000000004,0.03780000000000405,114.63000000000002,1,7,7,4,2,0.6923076923076923,0.5210823106318301
CHEMBL429829,CHEMBL429829,CC(C)Cn1c(C(F)(F)F)nc2c1CN(C(=O)C[C@H](N)Cc1cc(F)ccc1F)CC2,,6.58,1,6.58,6.58,IC50,B,single protein format,single_protein,8,H,2007,,444.4480000000002,3.680900000000002,64.15,1,3,6,3,2,0.5238095238095238,0.6917798128447182
CHEMBL5430588,CHEMBL5430588,Nc1nc(NC2=NC(c3ccccc3)=CC(c3ccccc3)O2)nc(N2CCOCC2)n1,,6.58,1,6.58,6.58,IC50,B,single protein format,single_protein,9,D,2023,,429.4840000000003,2.8709000000000007,110.78,2,9,4,5,3,0.21739130434782608,0.6513742079727665
CHEMBL2069831,CHEMBL2069831,CC(O)c1ccc(N2CCN(C(=O)C[C@H](N)Cc3cc(F)c(F)cc3F)CC2)cc1,,6.58,1,6.58,6.58,IC50,B,single protein format,single_protein,9,D,2012,,421.4630000000001,2.765900000000001,69.8,2,4,6,3,2,0.4090909090909091,0.7041582923279596
CHEMBL235223,CHEMBL235223,COc1cc([C@H]2CC[C@H]([C@H](C(=O)N(C)C)[C@H](N)C(=O)N3CCC(F)(F)C3)CC2)nc(OC)n1,,6.58,1,6.58,6.58,IC50,B,single protein format,single_protein,9,D,2007,,469.5330000000003,1.6669000000000003,110.88,1,7,7,3,1,0.7272727272727273,0.6466421880155284
CHEMBL93526,CHEMBL93526,CCC(C)[C@H](N)C(=O)N1CCCC[C@H]1C#N,,6.58,1,6.58,6.58,Ki,B,single protein format,single_protein,9,D,1996,,223.31999999999994,1.2644799999999998,70.12,1,3,3,1,0,0.8333333333333334,0.7827856423398875
CHEMBL96160,CHEMBL96160,CCCCCNCC(=O)N1CCC[C@H]1C#N,,6.58,1,6.58,6.58,IC50,B,assay format,other,8,H,2003,,223.31999999999996,1.2807799999999996,56.13,1,3,6,1,0,0.8333333333333334,0.6900926060651298
CHEMBL236706,CHEMBL236706,N[C@H]1CN(c2cc(-c3ccccc3Cl)ncn2)C[C@@H]1c1cc(F)c(F)cc1F,,6.58,1,6.58,6.58,IC50,B,single protein format,single_protein,9,D,2007,,404.8230000000001,4.145400000000002,55.04,1,4,3,4,3,0.2,0.666337451894687
CHEMBL3945052,CHEMBL3945052,COCCn1c(=O)c2c(nc(N3CCCC(N)C3)n2Cc2ccccc2C#N)n(C)c1=O,,6.58,1,6.58,6.58,IC50,B,single protein format,single_protein,8,H,2016,,437.50400000000013,0.3905800000000026,124.1,1,7,6,4,3,0.45454545454545453,0.5914827832324208
CHEMBL5266542,CHEMBL5266542,Cn1cc(-c2ccc(C[C@H](N)CC(=O)N3CCC[C@H]3C#N)cc2)nn1,,6.58,1,6.58,6.58,IC50,B,single protein format,single_protein,9,D,2021,,338.41499999999996,1.25658,100.83,1,5,5,3,2,0.4444444444444444,0.8841753041558464
CHEMBL473830,CHEMBL1186656,N[C@@H](CC(=O)N1CCCN(C(=O)c2ccc(C(=O)O)o2)CC1)Cc1cc(F)c(F)cc1F,,6.58,1,6.58,6.58,IC50,B,single protein format,single_protein,8,H,2008,,453.4170000000002,2.0297,117.08000000000001,2,5,6,3,2,0.38095238095238093,0.6467802461291055
CHEMBL4745231,CHEMBL4745231,N[C@@H](Cc1cn(-c2cccc3ncccc23)nn1)Cc1cc(F)c(F)cc1F,,6.58,1,6.58,6.58,IC50,B,single protein format,single_protein,9,D,2021,,383.37700000000007,3.3453000000000026,69.62,1,4,5,4,4,0.15,0.5368534119361581
CHEMBL391037,CHEMBL391037,COc1cc2c(cc1OC)[C@@H]1C[C@@H](N)[C@@H](c3ccccc3)CN1CC2,,6.57,1,6.57,6.57,IC50,B,single protein format,single_protein,9,D,2007,,338.45100000000014,3.1178000000000017,47.720000000000006,1,4,3,4,2,0.42857142857142855,0.9340503982171986
CHEMBL513543,CHEMBL513543,COc1cccc2sc(C3(NC(=O)C[C@H](N)Cc4ccccc4F)CCS(=O)(=O)CC3)nc12,,6.57,1,6.57,6.57,IC50,B,cell-based format,cell_based,9,D,2008,,491.61000000000024,2.9242000000000017,111.37999999999998,2,7,7,4,3,0.391304347826087,0.5257458475817558
CHEMBL217060,CHEMBL217060,CC(C)(CC(=O)Nc1ccc(-c2ccccc2)cc1)NCC(=O)N1CCC[C@H]1C#N,,6.57,1,6.57,6.57,IC50,B,single protein format,single_protein,9,D,2007,,404.51400000000024,3.564980000000001,85.23,2,4,7,3,2,0.375,0.7388306108584991
CHEMBL496863,CHEMBL496863,CC(C)(C)OC(=O)N1CCC([C@H](N)Cc2cc(F)c(F)cc2F)CC1,,6.57,1,6.57,6.57,IC50,B,single protein format,single_protein,9,D,2009,,358.40400000000005,3.620800000000002,55.56,1,3,3,2,1,0.6111111111111112,0.8398894429349529
CHEMBL2147188,CHEMBL2220251,COC(=O)c1cccc2c3nc(N4CCC[C@@H](N)C4)n(Cc4ccccc4Cl)c3c(=O)n(C)c12,,6.57,1,6.57,6.57,IC50,B,single protein format,single_protein,9,D,2012,,479.96800000000025,3.304000000000002,95.38,1,6,4,5,4,0.32,0.45110440749683567
CHEMBL355716,CHEMBL355716,COc1ccc(NC(=O)O[C@H]2CC[C@H]([C@H](N)C(=O)N3CCCC3)C2)cc1,,6.57,1,6.57,6.57,IC50,B,single protein format,single_protein,8,H,2004,,361.4420000000002,2.3621,93.89,2,5,5,3,1,0.5789473684210527,0.8395929597573405
CHEMBL4796411,CHEMBL4796411,CC#CCn1c(N2CCC[C@@H](N)C2)nc2c1c(=O)n(CCCN1CCC(c3nnnn3-c3ccccc3)CC1)c(=O)n2C,,6.57,1,6.57,6.57,IC50,B,single protein format,single_protein,9,D,2020,,585.7170000000001,1.0929000000000026,137.92000000000002,1,9,8,6,4,0.5333333333333333,0.30131230503488354
CHEMBL3330066,CHEMBL3330066,N#C[C@@H]1C[C@@H]2CCC[C@@H]2N1C(=O)C[C@H](N)Cc1ccc(F)cc1,,6.57,1,6.57,6.57,IC50,B,assay format,other,9,D,2014,,315.392,2.37878,70.12,1,3,4,3,1,0.5555555555555556,0.9271219237617482
CHEMBL23051,CHEMBL23051,N[C@H](C(=O)N1C[C@@H](F)[C@H](F)C1)[C@H]1CC[C@H](NS(=O)(=O)c2ccc(OC(F)(F)F)cc2)CC1,,6.57,1,6.57,6.57,IC50,B,single protein format,single_protein,8,H,2004,,485.4750000000002,2.268,101.73,2,5,6,3,1,0.631578947368421,0.6023848265066778
CHEMBL242811,CHEMBL242811,N[C@@H](CC(=O)N1CCn2c(nnc2C(F)(F)F)C1)Cc1ccc(F)cc1,,6.57,1,6.57,6.57,IC50,B,single protein format,single_protein,9,D,2007,,371.33800000000014,1.7382999999999995,77.04,1,4,4,3,2,0.4375,0.8309335145680845
CHEMBL373268,CHEMBL373268,N[C@@H](CC(=O)N1CCc2n[nH]c(-c3ccc(F)cc3)c2C1)Cc1cc(F)ccc1F,,6.57,2,6.57,6.57,IC50,B,single protein format,single_protein,9,D,2005,,414.43100000000015,3.3388000000000018,75.01,2,3,5,4,3,0.2727272727272727,0.6725554491837819
CHEMBL1683123,CHEMBL1683123,N[C@H](Cc1cc(F)ccc1F)[C@H]1CC[C@H](N2CCC[C@@H](O)C2)CC1,,6.57,1,6.57,6.57,IC50,B,single protein format,single_protein,8,H,2011,,338.4420000000001,2.850100000000001,49.489999999999995,2,3,4,3,1,0.6842105263157895,0.8874872156874813
CHEMBL236480,CHEMBL236480,N[C@H](C(=O)N1CC2CC2C1)C12CC3CC(O)(CC(O)(C3)C1)C2,,6.57,1,6.57,6.57,Ki,B,single protein format,single_protein,9,D,2007,,306.40600000000006,0.23819999999999963,86.79,3,4,2,6,0,0.9411764705882353,0.681852958660834
CHEMBL451619,CHEMBL451619,N[C@H](Cc1cc(F)c(F)cc1F)C1CCNCC1,,6.57,1,6.57,6.57,IC50,B,single protein format,single_protein,9,D,2009,,258.287,1.9733,38.05,2,2,3,2,1,0.5384615384615384,0.8134985882974263
CHEMBL224419,CHEMBL224419,N#Cc1ccc(NCCNCC(=O)N2CCSC2)nc1,,6.57,1,6.57,6.57,IC50,B,cell-free format,other,9,D,2007,,291.38,0.48767999999999967,81.05,2,6,6,2,1,0.46153846153846156,0.7424125017962951
CHEMBL433572,CHEMBL433572,N[C@@H](CC(=O)N1CCSC1)Cc1cc(F)ccc1F,,6.57,1,6.57,6.57,IC50,B,single protein format,single_protein,8,H,2004,,286.347,1.7576,46.330000000000005,1,3,4,2,1,0.46153846153846156,0.9171369653374901
CHEMBL222909,CHEMBL222909,N[C@H]1CN(CCCc2ccccc2)C(=O)C[C@@H]1c1cc(F)c(F)cc1F,,6.57,1,6.57,6.57,Ki,B,single protein format,single_protein,9,D,2007,,362.39500000000004,3.379900000000002,46.33,1,2,5,3,2,0.35,0.8291765086304865
CHEMBL251376,CHEMBL251376,C[C@H]1c2nc(C(F)(F)F)nn2CCN1C(=O)C[C@H](N)Cc1cc(F)c(F)cc1F,,6.56,1,6.56,6.56,IC50,B,single protein format,single_protein,8,H,2007,,421.3450000000001,2.5775000000000006,77.04,1,4,4,3,2,0.47058823529411764,0.6083371620596874
CHEMBL3425748,CHEMBL3425748,N[C@@H](CC(=O)N1CC[C@@H]2[C@H](CCc3nnc(C(F)(F)F)n32)C1)Cc1cc(F)c(F)cc1F,,6.555,2,6.27,6.84,IC50,B,single protein format,single_protein,9,D,2015,,461.41000000000014,3.0101000000000013,77.04000000000002,1,4,4,4,2,0.55,0.5612147707926325
CHEMBL5756206,CHEMBL5756206,NC1Cc2cc(O)ccc2OC1c1cc(F)c(F)cc1F,,6.55,1,6.55,6.55,IC50,B,cell-based format,cell_based,9,D,2019,,295.25999999999993,2.8130000000000015,55.480000000000004,2,3,1,3,2,0.2,0.7954320008192817
CHEMBL395687,CHEMBL395687,CCNC(=O)N1CC(N)C(c2ccc(Cl)cc2Cl)C1,,6.55,1,6.55,6.55,Ki,B,single protein format,single_protein,9,D,2007,,302.20500000000004,2.4494000000000007,58.36,2,2,2,2,1,0.46153846153846156,0.8813632414154281
CHEMBL1683115,CHEMBL1683115,N[C@H](Cc1cc(F)ccc1F)[C@H]1CC[C@@H](N2CCn3c(nnc3C(F)(F)F)C2)CC1,,6.55,1,6.55,6.55,IC50,B,single protein format,single_protein,8,H,2011,,429.4370000000001,3.5195000000000025,59.97,1,4,4,4,2,0.6,0.7560338150452448
CHEMBL1683086,CHEMBL1683086,Cc1[nH]ncc1S(=O)(=O)N(C)[C@H]1CC[C@H]([C@H](N)Cc2cc(F)ccc2F)CC1,,6.55,1,6.55,6.55,IC50,B,single protein format,single_protein,8,H,2011,,412.5060000000002,2.7456200000000006,92.08,2,4,6,3,2,0.5263157894736842,0.7631334539232955
CHEMBL202035,CHEMBL202035,CC(C)([C@H](N)C(=O)N1C[C@@H](F)C[C@H]1C#N)S(=O)(=O)Cc1ccc(F)cc1,,6.55,1,6.55,6.55,Ki,B,single protein format,single_protein,9,D,2005,,385.43600000000015,1.30898,104.25999999999999,1,5,5,2,1,0.5294117647058824,0.8228790644898221
CHEMBL217388,CHEMBL217388,C[C@H](CCc1ccc(C(N)=O)cc1)NCC(=O)c1ccccc1,,6.55,1,6.55,6.55,IC50,B,single protein format,single_protein,9,D,2007,,310.397,2.5791000000000004,72.19,2,3,8,2,2,0.2631578947368421,0.7361169413580703
CHEMBL2206472,CHEMBL2206472,Cc1ncc(-c2cccc(C3(NC(=O)C[C@H](N)Cc4ccccc4F)CCS(=O)(=O)CC3)c2)s1,,6.55,1,6.55,6.55,IC50,B,single protein format,single_protein,9,D,2012,,501.6490000000002,3.737820000000003,102.15,2,6,7,4,3,0.36,0.5135776546472535
CHEMBL352343,CHEMBL352343,N[C@H](C(=O)N1CCSC1)[C@H]1CC[C@@H](OC(=O)Nc2ccc(Cl)c(Cl)c2)C1,,6.55,1,6.55,6.55,IC50,B,single protein format,single_protein,8,H,2004,,418.3460000000001,3.570800000000002,84.66,2,5,4,3,1,0.5294117647058824,0.7811701615944106
CHEMBL96491,CHEMBL96491,CCCCCCNCC(=O)N1CCC[C@H]1C#N,,6.55,1,6.55,6.55,IC50,B,assay format,other,8,H,2003,,237.34699999999998,1.67088,56.13,1,3,7,1,0,0.8461538461538461,0.6852407202669695
CHEMBL3968249,CHEMBL3968249,CC#CCn1c(N2CCC[C@@H](N)C2)nc2c1c(=O)n(CCCN1CCC(C(=O)Oc3ccccc3)CC1)c(=O)n2C,,6.55,1,6.55,6.55,IC50,B,single protein format,single_protein,9,D,2016,,561.6870000000004,1.5552000000000024,120.62000000000003,1,8,8,5,3,0.5333333333333333,0.24998226111469501
CHEMBL365575,CHEMBL1184724,C[C@@H](c1ccc(F)cc1)[C@H](N)C(=O)N1CC[C@H](F)C1,,6.55,1,6.55,6.55,IC50,B,single protein format,single_protein,8,H,2005,,268.30699999999996,1.8269,46.330000000000005,1,2,3,2,1,0.5,0.9087060410361169
CHEMBL1812910,CHEMBL1851914,CC(C)Cn1c(CN)c(-c2ccccc2)c2cc(/C=C/C(N)=O)ccc2c1=O,,6.55,1,6.55,6.55,IC50,B,cell-based format,cell_based,9,D,2011,,375.47200000000015,3.2817000000000007,91.10999999999999,2,3,6,3,3,0.21739130434782608,0.6478216463003428
CHEMBL399121,CHEMBL399121,COc1ccc([C@@H]2CC(=O)c3c(O)cc(O)cc3O2)cc1O,HESPERETIN,6.55,1,6.55,6.55,IC50,B,single protein format,single_protein,9,D,2018,0.5,302.28200000000004,2.518500000000001,96.22000000000001,3,6,2,3,2,0.1875,0.7885404127535282
CHEMBL403970,CHEMBL403970,Cc1ncc(N2CCN(C(=O)[C@@H]3CN[C@H](C(=O)N4CCCC4)C3)CC2)s1,,6.55,2,6.21,6.89,IC50,B,cell-free format;single protein format,mixed,9,D,2008,,377.5140000000003,0.7006199999999996,68.78,1,6,3,4,1,0.7222222222222222,0.839896098955896
CHEMBL398661,CHEMBL398661,Cn1c(-c2ccc(F)cc2)nc2c1CCN(C(=O)C[C@H](N)Cc1cc(F)ccc1F)C2,,6.55,1,6.55,6.55,IC50,B,single protein format,single_protein,8,H,2007,,428.45800000000014,3.3492000000000015,64.15,1,3,5,4,3,0.30434782608695654,0.6780255684289621
CHEMBL391634,CHEMBL391634,CC(C)=CCn1c(N2CCCC(N)C2)nc2c1c(=O)n(Cc1ccccc1)c(=O)n2C,,6.55,1,6.55,6.55,IC50,B,cell-based format,cell_based,9,D,2007,,422.5330000000002,1.8386999999999998,91.08000000000001,1,5,5,4,3,0.43478260869565216,0.6337857496620726
CHEMBL5265966,CHEMBL5265966,Cc1ccccc1-c1nc2ccccn2c1CN,,6.54,1,6.54,6.54,IC50,B,single protein format,single_protein,9,D,2021,,237.306,2.76842,43.32,1,2,2,3,3,0.13333333333333333,0.7444063562379145
CHEMBL3357775,CHEMBL3357775,CC(=O)NC[C@@H]1C[C@@H]2CCCC[C@@H]2N1C(=O)C[C@H](N)Cc1cc(F)c(F)cc1F,,6.54,1,6.54,6.54,IC50,B,single protein format,single_protein,9,D,2014,,411.4680000000001,2.659600000000001,75.43,2,3,6,3,1,0.6190476190476191,0.7070438265816273
CHEMBL1683125,CHEMBL1683125,CN(Cc1ccc(C#N)cc1)[C@H]1CC[C@H]([C@H](N)Cc2cc(F)ccc2F)CC1,,6.54,1,6.54,6.54,IC50,B,single protein format,single_protein,8,H,2011,,383.4860000000001,4.397080000000003,53.05,1,3,6,3,2,0.43478260869565216,0.8045122343111751
CHEMBL355051,CHEMBL355051,N[C@H](C(=O)N1CCCC1)[C@H]1CCC[C@H](O)C1,,6.54,1,6.54,6.54,IC50,B,single protein format,single_protein,8,H,2004,,226.31999999999996,0.487199999999999,66.56,2,3,2,2,0,0.9166666666666666,0.7197568874038409
CHEMBL425380,CHEMBL425380,N[C@@H](CC(=O)N1CCc2nc(C3CC3)oc2C1)Cc1cc(F)ccc1F,,6.54,1,6.54,6.54,IC50,B,single protein format,single_protein,9,D,2005,,361.392,2.6750000000000007,72.36000000000001,1,4,5,4,2,0.47368421052631576,0.88871593741868
CHEMBL474812,CHEMBL1186696,N[C@@H](CC(=O)N1CCCN(C(=O)c2ccc(S(N)(=O)=O)cc2)CC1)Cc1cc(F)c(F)cc1F,,6.54,1,6.54,6.54,IC50,B,single protein format,single_protein,8,H,2008,,498.52700000000027,1.385900000000001,126.80000000000001,2,5,6,3,2,0.36363636363636365,0.5822422181386072
CHEMBL3805696,CHEMBL3805696,Cc1ccnc2c3c(nn12)CN([C@@H]1CC[C@H](c2cc(F)c(F)cc2F)[C@@H](N)C1)C3,,6.54,1,6.54,6.54,IC50,B,single protein format,single_protein,9,D,2016,,401.43600000000015,3.4342200000000016,59.45,1,4,2,5,3,0.42857142857142855,0.6687032125942505
CHEMBL2069830,CHEMBL2069830,N[C@@H](CC(=O)N1CCN(c2ccc(F)cc2F)CC1)Cc1cc(F)c(F)cc1F,,6.54,1,6.54,6.54,IC50,B,single protein format,single_protein,9,D,2012,,413.39000000000016,2.990800000000001,49.57000000000001,1,3,5,3,2,0.35,0.6058396226608885
CHEMBL3093906,CHEMBL3093906,N#C[C@@H]1C[C@H](F)CN1C(=O)[C@@H](N)Cc1ccc([N+](=O)[O-])cc1,,6.54,1,6.54,6.54,IC50,B,assay format,other,9,D,2013,,306.297,0.9271800000000002,113.26000000000002,1,5,4,2,1,0.42857142857142855,0.6562643933557751
CHEMBL2408651,CHEMBL2408651,CC(C)=CCn1c(OC[C@@H]2CCCN2)nc2c1c(=O)n(CC(=O)c1ccccc1)c(=O)n2C,,6.54,1,6.54,6.54,IC50,B,single protein format,single_protein,9,D,2013,,451.5270000000002,1.8765999999999996,100.15,1,6,8,4,3,0.4166666666666667,0.4146631121328708
CHEMBL94147,CHEMBL94147,CCCCCCCNCC(=O)N1CCC[C@H]1C#N,,6.54,1,6.54,6.54,IC50,B,assay format,other,8,H,2003,,251.37399999999997,2.06098,56.13,1,3,8,1,0,0.8571428571428571,0.6717942705267151
CHEMBL471547,CHEMBL471547,CC[C@@H](C)[C@H](N)C(=O)N1C[C@@H](N=[N+]=[N-])C[C@H]1C#N,,6.54,1,6.54,6.54,IC50,B,single protein format,single_protein,8,H,2008,,250.30599999999998,1.1631799999999999,118.88,1,4,4,1,0,0.8181818181818182,0.45764463462948785
CHEMBL3632866,CHEMBL3632866,CC[C@@H](C)[C@H](N)C(=O)N1C[C@H](F)C[C@H]1C#N,,6.54,1,6.54,6.54,IC50,B,single protein format,single_protein,9,D,2015,,227.28299999999996,0.82238,70.12,1,3,3,1,0,0.8181818181818182,0.7756882600012734
CHEMBL522002,CHEMBL522002,N#C[C@@H]1CCCN1C(=O)[C@@H](N)CC(=O)N1Cc2ccccc2C1,,6.53,1,6.53,6.53,IC50,B,single protein format,single_protein,8,H,2009,,312.37300000000005,0.7607799999999996,90.42999999999999,1,4,3,3,1,0.47058823529411764,0.8919120003113147
CHEMBL330426,CHEMBL330426,N#C[C@@H]1CCCN1C(=O)CNC1CCN(c2ccc(C(F)(F)F)cn2)CC1,,6.53,1,6.53,6.53,IC50,B,assay format,other,8,H,2003,,381.4020000000001,2.17338,72.26,1,5,4,3,1,0.6111111111111112,0.865573634283137
CHEMBL371480,CHEMBL371480,N#C[C@@H]1CCCN1C(=O)CNCCC(=O)Nc1ccccc1,,6.53,1,6.53,6.53,IC50,B,single protein format,single_protein,9,D,2006,,300.362,1.1193799999999992,85.23,2,4,6,2,1,0.4375,0.7709699074006641
CHEMBL365280,CHEMBL1184717,CC(C)[C@@H](Oc1ccc(CNC(=O)[C@@H]2CCCN2C(=O)CC(N)Cc2cccc(OC(F)(F)F)c2)cc1)C(=O)O,,6.53,1,6.53,6.53,IC50,B,single protein format,single_protein,9,D,2004,,565.5890000000003,3.640500000000001,131.19,3,6,12,3,2,0.4642857142857143,0.3581858969961558
CHEMBL94597,CHEMBL94597,N#C[C@@H]1CCCN1C(=O)CNCCNc1ccccc1,,6.53,1,6.53,6.53,IC50,B,assay format,other,8,H,2003,,272.35200000000003,1.2026799999999997,68.16,2,4,6,2,1,0.4666666666666667,0.763657325874559
CHEMBL2086595,CHEMBL2086595,NC(=O)[C@@H]1CCCN1C(=O)CCCNC(=O)c1ccccc1,,6.53,1,6.53,6.53,IC50,B,assay format,other,9,D,2012,,303.36199999999997,0.6728999999999998,92.5,2,3,6,2,1,0.4375,0.7566181233765121
CHEMBL193106,CHEMBL193106,CC(C)C(Cc1ccccc1)NC(=O)C[C@H](N)C(=O)N1CCC[C@H]1C#N,,6.52,1,6.52,6.52,IC50,B,single protein format,single_protein,8,H,2005,,356.47000000000014,1.6018800000000004,99.22,2,4,7,2,1,0.55,0.774966315183964
CHEMBL96942,CHEMBL96942,N#C[C@@H]1CCCN1C(=O)CNCCc1ccccc1,,6.52,1,6.52,6.52,IC50,B,assay format,other,8,H,2003,,257.337,1.3332799999999996,56.13,1,3,5,2,1,0.4666666666666667,0.8096995446657135
CHEMBL1276650,CHEMBL1615996,N[C@@H](CC(=O)N1CCN2C(=O)N(Cc3ccccc3)CC2C1)Cc1cc(F)c(F)cc1F,,6.52,1,6.52,6.52,IC50,B,single protein format,single_protein,9,D,2010,,446.47300000000024,2.5124000000000013,69.88000000000001,1,3,6,4,2,0.391304347826087,0.6936939160504755
CHEMBL3898220,CHEMBL3898220,CC#CCn1c(N2CCC[C@@H](N)C2)nc2c1c(=O)n(CCCN1CCC(C(=O)Nc3ccc(C)cc3)CC1)c(=O)n2C,,6.52,1,6.52,6.52,IC50,B,single protein format,single_protein,9,D,2016,,574.7300000000002,1.8967200000000022,123.42000000000002,2,7,8,5,3,0.5483870967741935,0.39410200887719016
CHEMBL199633,CHEMBL199633,CC(C)([C@H](N)C(=O)N1C[C@@H](F)C[C@H]1C#N)S(=O)(=O)CCCc1ccccc1,,6.52,1,6.52,6.52,Ki,B,single protein format,single_protein,9,D,2005,,395.5000000000002,1.60248,104.25999999999999,1,5,7,2,1,0.5789473684210527,0.7550938075660648
CHEMBL3580785,CHEMBL3580785,N[C@@H](CC(=O)N1CCNc2ccccc2C1)[C@H]1CCc2cc(F)c(F)cc21,,6.52,1,6.52,6.52,IC50,B,cell-based format,cell_based,9,D,2015,,371.4310000000001,3.1663000000000006,58.36000000000001,2,3,3,4,2,0.38095238095238093,0.8713837393097776
CHEMBL541921,CHEMBL541921,NC1CCCN(c2nc3ccc[n+]([O-])c3n2Cc2ccccc2)C1,,6.52,1,6.52,6.52,Ki,B,single protein format,single_protein,9,D,2006,,323.4000000000001,1.6455,74.02000000000001,1,4,3,4,3,0.3333333333333333,0.5873316341029964
CHEMBL437379,CHEMBL1185863,C[C@@H](c1ccc(N(C)C(=O)c2ccc(F)cc2)cc1)[C@H](N)C(=O)N1CC[C@H](F)C1,,6.52,1,6.52,6.52,IC50,B,cell-based format,cell_based,9,D,2007,,401.4570000000002,3.1035000000000013,66.64,1,3,5,3,2,0.36363636363636365,0.8372935838648411
CHEMBL4743490,CHEMBL4743490,N[C@@H]1CCCN(c2cc(NCc3ccccc3)n3nccc3n2)C1,,6.52,1,6.52,6.52,IC50,B,cell-based format,cell_based,9,D,2020,,322.4160000000001,2.2689000000000004,71.48,2,5,4,4,3,0.3333333333333333,0.7708484207373374
CHEMBL4790799,CHEMBL4790799,N[C@@H](Cc1cn(-c2cccnc2)nn1)Cc1cc(F)c(F)cc1F,,6.52,1,6.52,6.52,IC50,B,single protein format,single_protein,9,D,2021,,333.317,2.1921,69.62,1,4,5,3,3,0.1875,0.7268536109762935
CHEMBL366166,CHEMBL366166,Cn1nc2c(c1C(F)(F)C(F)(F)F)CN(C(=O)C[C@H](N)Cc1cc(F)ccc1F)CC2,,6.52,1,6.52,6.52,IC50,B,single protein format,single_protein,9,D,2005,,452.3740000000002,3.1972000000000023,64.15,1,3,5,3,2,0.47368421052631576,0.7092836856549468
CHEMBL199630,CHEMBL199630,N[C@@H](Cc1ccc(-c2ccc(C(=O)O)cc2)cc1)C(=O)N1CCSC1,,6.51,1,6.51,6.51,Ki,B,single protein format,single_protein,9,D,2006,,356.4470000000001,2.4545000000000003,83.63000000000001,2,4,5,3,2,0.2631578947368421,0.859703782558965
CHEMBL230938,CHEMBL230938,O=C([C@@H]1Cc2ccc(-c3cccc(-c4nnn[nH]4)c3)cc2CN1)N1CC[C@H](F)C1,,6.51,1,6.51,6.51,IC50,B,single protein format,single_protein,8,H,2007,,392.4380000000002,2.1184,86.8,2,5,3,5,3,0.3333333333333333,0.7130675807522828
CHEMBL2086603,CHEMBL2086603,NC(=O)[C@@H]1CCCN1C(=O)c1ccc(NC(=O)c2ccccc2)cc1,,6.51,1,6.51,6.51,IC50,B,assay format,other,9,D,2012,,337.379,2.0287999999999995,92.5,2,3,4,3,2,0.21052631578947367,0.8938586180191141
CHEMBL1779689,CHEMBL1779689,N[C@@H](CC(=O)N1CCN(c2ccccn2)C(=O)C1)Cc1cc(F)c(F)cc1F,,6.51,1,6.51,6.51,IC50,B,single protein format,single_protein,9,D,2011,,392.38100000000014,1.6341999999999992,79.53,1,4,5,3,2,0.3157894736842105,0.7849011911417577
CHEMBL1683644,CHEMBL1683644,CCOC(=O)[C@@H](Nc1ccc(CNC(=O)[C@H]2SCCN2C(=O)C[C@H](N)Cc2cc(F)c(F)cc2F)cc1)C(C)C,,6.51,1,6.51,6.51,IC50,B,single protein format,single_protein,9,D,2011,,580.6730000000003,3.5813000000000024,113.76,3,7,12,3,2,0.4642857142857143,0.25986350678791154
CHEMBL472993,CHEMBL472993,O=C([C@@H]1C[C@H](N2CCN(c3ncccn3)CC2)CN1)N1CCC1,,6.51,1,6.51,6.51,IC50,B,single protein format,single_protein,9,D,2009,,316.4090000000001,-0.4385999999999981,64.60000000000001,1,6,3,4,1,0.6875,0.8157108237482508
CHEMBL472992,CHEMBL472992,O=C([C@@H]1C[C@H](N2CCN(c3ncccn3)CC2)CN1)N1C[C@@H](F)[C@H](F)C1,,6.51,1,6.51,6.51,IC50,B,single protein format,single_protein,9,D,2009,,366.41600000000005,-0.15249999999999853,64.60000000000001,1,6,3,4,1,0.7058823529411765,0.8026930703017295
CHEMBL1683122,CHEMBL1683122,NC(=O)O[C@@H]1CCCN([C@H]2CC[C@H]([C@H](N)Cc3cc(F)ccc3F)CC2)C1,,6.51,1,6.51,6.51,IC50,B,single protein format,single_protein,8,H,2011,,381.46700000000016,2.953100000000001,81.58000000000001,2,4,5,3,1,0.65,0.8216237847178731
CHEMBL369950,CHEMBL369950,CC(C)([C@H](N)C(=O)N1C[C@@H](F)C[C@H]1C#N)S(=O)(=O)Cc1cccc(Oc2ccccc2)c1,,6.51,1,6.51,6.51,Ki,B,single protein format,single_protein,9,D,2005,,459.54300000000023,2.962180000000002,113.49,1,6,7,3,2,0.391304347826087,0.6810139239179818
CHEMBL369977,CHEMBL369977,COc1ccccc1CS(=O)(=O)C(C)(C)[C@H](N)C(=O)N1C[C@@H](F)C[C@H]1C#N,,6.51,1,6.51,6.51,Ki,B,single protein format,single_protein,9,D,2005,,397.47200000000015,1.1784800000000002,113.49000000000001,1,6,6,2,1,0.5555555555555556,0.7710133662265454
CHEMBL426649,CHEMBL426649,N[C@@H](CC(=O)N1CCc2nc(C(F)(F)F)sc2C1)Cc1cc(F)ccc1F,,6.51,1,6.51,6.51,IC50,B,single protein format,single_protein,9,D,2005,,405.3920000000001,3.284900000000002,59.220000000000006,1,4,4,3,2,0.4117647058823529,0.794645859488327
CHEMBL210621,CHEMBL1182082,Cc1cc(-c2ccc([C@H](C(=O)N(C)C)[C@H](N)C(=O)N3CC[C@H](F)C3)cc2)cn2ncnc12,,6.505000000000001,2,6.19,6.82,IC50,B,single protein format,single_protein,9,D,2006,,438.5070000000001,1.7742199999999992,96.83,1,5,5,4,3,0.391304347826087,0.655004411140909
CHEMBL235198,CHEMBL235198,CN(C)C(=O)[C@@H]([C@H]1CC[C@@H](C2CCc3ncnn3C2)CC1)[C@H](N)C(=O)N1CCC(F)(F)C1,,6.505,2,6.35,6.66,IC50,B,single protein format,single_protein,9,D,2007,,452.5500000000003,1.5462000000000002,97.35000000000001,1,5,5,4,1,0.8181818181818182,0.7311268206776895
CHEMBL216878,CHEMBL216878,CC(C)(CC(=O)NCCc1ccccc1C(F)(F)F)NCC(=O)N1CCC[C@H]1C#N,,6.5,1,6.5,6.5,IC50,B,single protein format,single_protein,9,D,2007,,424.46700000000027,2.636980000000001,85.23,2,4,8,2,1,0.5714285714285714,0.6719868989155144
CHEMBL5270959,CHEMBL5270959,Cn1c(=O)n(CC(=O)N2CCN(c3ncccn3)CC2)c(=O)c2sc(N)nc21,,6.5,1,6.5,6.5,IC50,B,single protein format,single_protein,9,D,2021,,402.4400000000002,-1.1222999999999983,132.24,1,9,3,4,3,0.375,0.5824641543939045
CHEMBL3357773,CHEMBL3357773,N[C@@H](CC(=O)N1[C@H](COC(=O)c2ccccc2)C[C@@H]2CCCC[C@@H]21)Cc1cc(F)c(F)cc1F,,6.5,1,6.5,6.5,IC50,B,single protein format,single_protein,9,D,2014,,474.5230000000003,4.380500000000003,72.63,1,4,7,4,2,0.46153846153846156,0.47760148382657314
CHEMBL272771,CHEMBL272771,Cn1cnc2ccc(-c3cc(F)ccc3Cl)c(CN)c21,,6.5,1,6.5,6.5,IC50,B,single protein format,single_protein,9,D,2008,,289.74100000000004,3.491500000000001,43.84,1,2,2,3,3,0.13333333333333333,0.7846288147742931
CHEMBL555560,CHEMBL186406,CCOC(=O)c1cnc(CN)c2c(OC)cc(OC)cc12,,6.5,2,6.5,6.5,IC50,B,cell-based format;single protein format,mixed,8,H,2000;2004,,290.319,1.8874,83.67,1,6,5,2,2,0.3333333333333333,0.8465170742754112
CHEMBL377158,CHEMBL377158,CC(C)[C@H]1CC[C@@H](C(=O)N2CCC[C@H]2C#N)N1,,6.5,1,6.5,6.5,Ki,B,single protein format,single_protein,9,D,2006,,235.33099999999996,1.27758,56.13,1,3,2,2,0,0.8461538461538461,0.7840684408571386
CHEMBL203032,CHEMBL203032,N#C[C@@H]1CCCN1C(=O)CNCCC(=O)NCc1ccc([N+](=O)[O-])cc1,,6.5,1,6.5,6.5,IC50,B,single protein format,single_protein,9,D,2006,,359.3860000000001,0.7052800000000004,128.37,2,6,8,2,1,0.47058823529411764,0.39942707436708036
CHEMBL3330053,CHEMBL3330053,N#C[C@@H]1C[C@H](F)CN1C(=O)C[C@H](N)Cc1ccc(F)cc1,,6.5,1,6.5,6.5,IC50,B,assay format,other,9,D,2014,,293.317,1.54818,70.12,1,3,4,2,1,0.4666666666666667,0.915291243196262
CHEMBL2086587,CHEMBL2086587,NC(=O)[C@@H]1CCCN1C(=O)CCNC(=O)c1ccccc1,,6.5,1,6.5,6.5,IC50,B,assay format,other,9,D,2012,,289.335,0.2828,92.5,2,3,5,2,1,0.4,0.8152844925199279
CHEMBL199377,CHEMBL199377,COc1cccc(CS(=O)(=O)C(C)(C)[C@H](N)C(=O)N2C[C@@H](F)C[C@H]2C#N)c1,,6.5,1,6.5,6.5,Ki,B,single protein format,single_protein,9,D,2005,,397.4720000000001,1.1784800000000002,113.49000000000001,1,6,6,2,1,0.5555555555555556,0.7710133662265455
CHEMBL5274971,CHEMBL5274971,Cn1c(=O)n(CC(=O)N2CCC(N)CC2)c(=O)c2sc(N)nc21,,6.5,1,6.5,6.5,IC50,B,single protein format,single_protein,9,D,2021,,338.39300000000003,-1.3113999999999988,129.24,2,7,2,3,2,0.5384615384615384,0.6991595755611866
CHEMBL206252,CHEMBL1182013,Cc1c(-c2ccc([C@H](C)[C@H](N)C(=O)N3CC[C@H](F)C3)cc2)ccc(=O)n1C,,6.5,1,6.5,6.5,IC50,B,single protein format,single_protein,9,D,2006,,371.4560000000001,2.3619200000000005,68.33000000000001,1,3,4,3,2,0.42857142857142855,0.8971083589895276
CHEMBL199840,CHEMBL199840,CC(C)([C@H](N)C(=O)N1C[C@@H](F)C[C@H]1C#N)S(=O)(=O)Cc1ccccc1,,6.49,1,6.49,6.49,Ki,B,single protein format,single_protein,9,D,2005,,367.44600000000014,1.16988,104.25999999999999,1,5,5,2,1,0.5294117647058824,0.8411100938753349
CHEMBL1084473,CHEMBL1198869,CC(C)(C)NC(=O)O[C@H]1C[C@H]2C[C@@H](NCC(=O)N3CCC[C@H]3C#N)C[C@H]2C1,,6.49,1,6.49,6.49,IC50,B,single protein format,single_protein,8,H,2010,,376.5010000000002,2.17248,94.46000000000001,2,5,4,3,0,0.85,0.7841084248325534
CHEMBL1683117,CHEMBL1683117,N[C@H](Cc1cc(F)ccc1F)[C@H]1CC[C@H](N2CCCCC2)CC1,,6.48,1,6.48,6.48,IC50,B,single protein format,single_protein,8,H,2011,,322.44300000000015,3.8793000000000033,29.259999999999998,1,2,4,3,1,0.6842105263157895,0.9113439793851137
CHEMBL1681802,CHEMBL1681802,N[C@H](Cc1cc(F)ccc1F)[C@H]1CC[C@H](N2CCn3c(nnc3C(F)(F)F)C2)CC1,,6.48,1,6.48,6.48,IC50,B,single protein format,single_protein,8,H,2011,,429.4370000000001,3.5195000000000025,59.97,1,4,4,4,2,0.6,0.7560338150452448
CHEMBL170051,CHEMBL170051,N[C@H](C(=O)N1CCCC1)[C@H]1CCC[C@H](OC(=O)Nc2ccc(I)cc2)C1,,6.48,1,6.48,6.48,IC50,B,single protein format,single_protein,8,H,2004,,471.33900000000006,3.348200000000001,84.66,2,4,4,3,1,0.5789473684210527,0.6602902297302077
CHEMBL1683485,CHEMBL1739375,N[C@@H](CC(=O)N1CCSC1C(=O)NCc1ccc(O)cc1)Cc1cc(F)c(F)cc1F,,6.48,1,6.48,6.48,IC50,B,single protein format,single_protein,9,D,2011,,453.48600000000016,2.287300000000001,95.66000000000001,3,5,7,3,2,0.3333333333333333,0.5594492784819571
CHEMBL5268865,CHEMBL5268865,Cn1c(=O)n(CC(=O)N2CCN(c3ccccn3)CC2)c(=O)c2sc(N)nc21,,6.48,1,6.48,6.48,IC50,B,single protein format,single_protein,9,D,2021,,401.4520000000002,-0.517299999999999,119.35,1,8,3,4,3,0.35294117647058826,0.6272144074130248
CHEMBL560926,CHEMBL1197146,N[C@H]1Cn2c(nc3cccnc32)C[C@@H]1c1cc(F)c(F)cc1F,,6.48,1,6.48,6.48,IC50,B,single protein format,single_protein,9,D,2009,,318.30199999999996,2.5158000000000005,56.730000000000004,1,3,1,4,3,0.25,0.7015293100016102
CHEMBL3127982,CHEMBL3127982,N#C[C@@H]1CCCN1C(=O)[C@@H](N)Cc1cscn1,,6.48,1,6.48,6.48,IC50,B,assay format,other,9,D,2014,,250.32700000000003,0.5274799999999996,83.01,1,5,3,2,1,0.5454545454545454,0.8477542719966478
CHEMBL218882,CHEMBL218882,C[C@H](c1nc(-c2ccc(S(=O)(=O)C(F)(F)F)cc2)no1)[C@H](N)C(=O)N1CCCC1,,6.48,1,6.48,6.48,IC50,B,single protein format,single_protein,8,H,2006,,432.4240000000002,2.0833,119.39,1,7,5,3,2,0.47058823529411764,0.7681623551654071
CHEMBL3357777,CHEMBL3357777,N[C@@H](CC(=O)N1[C@H](CNC(=O)C2CCC2)C[C@@H]2CCCC[C@@H]21)Cc1cc(F)c(F)cc1F,,6.48,1,6.48,6.48,IC50,B,single protein format,single_protein,9,D,2014,,451.5330000000002,3.4398000000000017,75.43,2,3,7,4,1,0.6666666666666666,0.6239422918914023
CHEMBL2206470,CHEMBL2206470,N[C@@H](CC(=O)NC1(c2cccc(-c3cn[nH]c3)c2)CCS(=O)(=O)CC1)Cc1ccccc1F,,6.48,1,6.48,6.48,IC50,B,single protein format,single_protein,9,D,2012,,470.5700000000003,2.6960000000000006,117.94,3,5,7,4,3,0.3333333333333333,0.49073913949182346
CHEMBL37748,CHEMBL37748,COc1cccc(-c2nc(N)c(CN)c(-c3ccc(Cl)cc3Cl)n2)c1,,6.47,1,6.47,6.47,IC50,F,assay format,other,8,H,2004,,375.25900000000007,4.166900000000002,87.05,2,5,4,3,3,0.1111111111111111,0.714866740006794
CHEMBL553006,CHEMBL553006,C[C@H](COc1ccc(C(N)=O)cc1)NCC(=O)c1ccsc1,,6.47,1,6.47,6.47,IC50,B,single protein format,single_protein,9,D,2007,,318.39799999999997,2.0868,81.41999999999999,2,5,8,2,2,0.25,0.7302762008771682
CHEMBL3616905,CHEMBL3616905,CC#CCn1c(N2CCNCC2)nc2c1c(=O)n(Cc1cccc(C#N)c1)c(=O)n2C,,6.47,1,6.47,6.47,IC50,B,single protein format,single_protein,9,D,2014,,417.4730000000002,0.24958000000000058,100.88,1,6,4,4,3,0.36363636363636365,0.6110272829872556
CHEMBL2147192,CHEMBL2147192,Cc1ccc2c3nc(N4CCC[C@@H](N)C4)n(Cc4ccccc4Cl)c3c(=O)n(C)c2c1,,6.47,1,6.47,6.47,IC50,B,single protein format,single_protein,9,D,2012,,435.9590000000001,3.825820000000002,69.08000000000001,1,4,3,5,4,0.3333333333333333,0.5306910363034081
CHEMBL4578869,CHEMBL4578869,Cc1cccc(-c2nnc3ccc(N4CCN(S(C)(=O)=O)CC4)nn23)c1,,6.47,1,6.47,6.47,Ki,B,single protein format,single_protein,9,D,2020,,372.4540000000002,1.1813199999999995,83.7,0,6,3,4,3,0.35294117647058826,0.6865212753260629
CHEMBL439067,CHEMBL439067,Cc1cnc(N2CCN(C(=O)[C@@H]3CN[C@H](C(=O)N4CCCC4)C3)CC2)s1,,6.47,1,6.47,6.47,IC50,B,single protein format,single_protein,9,D,2008,,377.5140000000003,0.7006199999999996,68.78,1,6,3,4,1,0.7222222222222222,0.839896098955896
CHEMBL391269,CHEMBL391269,Cc1nnc(C(=O)[C@@H]2CCCN2C(=O)CNC23CC4CC(CC(O)(C4)C2)C3)o1,,6.47,1,6.47,6.47,IC50,B,single protein format,single_protein,9,D,2007,,388.4680000000002,1.2250199999999996,108.56,2,7,5,6,1,0.8,0.7302863462169471
CHEMBL5916381,CHEMBL5916381,COc1ccc2ccc3c(c2c1)CC(N)C(c1ccccc1Cl)O3,,6.47,1,6.47,6.47,IC50,B,cell-based format,cell_based,9,D,2019,,339.822,4.505300000000003,44.480000000000004,1,3,2,4,3,0.2,0.7469687196006007
CHEMBL472995,CHEMBL472995,O=C([C@@H]1C[C@@H](N2CCN(c3ncccn3)CC2)CN1)N1CCC(F)(F)C1,,6.47,1,6.47,6.47,IC50,B,single protein format,single_protein,9,D,2009,,366.4160000000001,0.19670000000000054,64.60000000000001,1,6,3,4,1,0.7058823529411765,0.8244792330819213
CHEMBL471546,CHEMBL471546,CC[C@H](C)[C@H](N)C(=O)N1C[C@@H](N=[N+]=[N-])C[C@H]1C#N,,6.47,1,6.47,6.47,IC50,B,single protein format,single_protein,8,H,2008,,250.30599999999998,1.1631799999999999,118.88,1,4,4,1,0,0.8181818181818182,0.45764463462948785
CHEMBL3357764,CHEMBL3357764,N[C@@H](CC(=O)N1[C@H](C(=O)NCc2ccccc2)C[C@@H]2CCCC[C@@H]21)Cc1cc(F)c(F)cc1F,,6.47,1,6.47,6.47,IC50,B,single protein format,single_protein,9,D,2014,,473.53900000000027,3.8399000000000028,75.43,2,3,7,4,2,0.46153846153846156,0.6003593526128885
CHEMBL3972474,CHEMBL3972474,COc1ccc2ccc3c(c2c1)C[C@H](N)[C@@H](c1ccccc1Cl)O3,,6.47,1,6.47,6.47,IC50,B,cell-based format,cell_based,9,D,2016,,339.822,4.505300000000003,44.480000000000004,1,3,2,4,3,0.2,0.7469687196006007
CHEMBL93847,CHEMBL93847,N#C[C@@H]1CCCN1C(=O)CNC1CCCCCCCCCCC1,,6.47,1,6.47,6.47,IC50,B,assay format,other,8,H,2003,,319.49300000000017,3.763880000000002,56.13,1,3,3,2,0,0.8947368421052632,0.8613561831882832
CHEMBL3236103,CHEMBL3236103,NC[C@H]1CN(c2ccc(C(F)(F)F)cc2)C(=O)C[C@@H]1c1cc(F)ccc1F,,6.47,1,6.47,6.47,IC50,B,assay format,other,9,D,2014,,384.34800000000007,4.079000000000003,46.33,1,2,3,3,2,0.3157894736842105,0.8110243988581967
CHEMBL2011535,CHEMBL2011535,N[C@H]1CN(c2ccc(-n3ccc(OCc4ccccc4)cc3=O)cn2)CC[C@@H]1c1cc(F)c(F)cc1F,,6.46,1,6.46,6.46,IC50,B,single protein format,single_protein,9,D,2012,,506.5280000000002,4.550000000000004,73.38,1,5,6,5,4,0.21428571428571427,0.3887077832990086
CHEMBL4749117,CHEMBL4749117,CC#CCn1c(N2CCC[C@@H](N)C2)nc2c1c(=O)n(CCCN1CCN(c3ncc(F)cn3)CC1)c(=O)n2C,,6.46,1,6.46,6.46,IC50,B,single protein format,single_protein,9,D,2020,,538.6320000000003,-0.011099999999996557,123.34,1,9,7,5,3,0.5769230769230769,0.4138552638947132
CHEMBL3580786,CHEMBL3580786,N[C@@H](CC(=O)N1CCNc2cc(F)ccc2C1)[C@H]1CCc2cc(F)c(F)cc21,,6.46,1,6.46,6.46,IC50,B,cell-based format,cell_based,9,D,2015,,389.42100000000016,3.3054000000000014,58.36000000000001,2,3,3,4,2,0.38095238095238093,0.8469554882520373
CHEMBL481897,CHEMBL1186891,Cc1ccc(S(=O)(=O)N2CCCN(C(=O)C[C@H](N)Cc3cc(F)c(F)cc3F)CC2)cc1,,6.46,1,6.46,6.46,IC50,B,single protein format,single_protein,8,H,2008,,469.52900000000017,2.5954200000000007,83.71000000000001,1,4,6,3,2,0.4090909090909091,0.6596026012212324
CHEMBL179771,CHEMBL179771,N#C[C@@H]1CCCC1C(=O)CNC12CC3CC(CC(C3)C1)C2,,6.46,1,6.46,6.46,IC50,B,single protein format,single_protein,9,D,2005,,286.4190000000001,3.0537800000000015,52.89,1,3,4,5,0,0.8888888888888888,0.8638837842898227
CHEMBL34779,CHEMBL34779,COc1ccccc1-c1nc(N)c(CN)c(-c2ccc(Cl)cc2Cl)n1,,6.46,1,6.46,6.46,IC50,F,assay format,other,8,H,2004,,375.25900000000007,4.166900000000001,87.05,2,5,4,3,3,0.1111111111111111,0.714866740006794
CHEMBL193885,CHEMBL193885,Cc1nn(-c2ccc(F)cc2)c2c1CN(C(=O)C[C@H](N)Cc1cc(F)ccc1F)CC2,,6.46,1,6.46,6.46,IC50,B,single protein format,single_protein,9,D,2005,,428.4580000000002,3.442820000000002,64.15,1,3,5,4,3,0.30434782608695654,0.6772394926920143
CHEMBL469740,CHEMBL469740,Cc1cccc2sc(C3(NC(=O)C[C@H](N)Cc4ccccc4F)CCS(=O)(=O)CC3)nc12,,6.46,1,6.46,6.46,IC50,B,cell-based format,cell_based,9,D,2008,,475.6110000000003,3.224020000000002,102.14999999999999,2,6,6,4,3,0.391304347826087,0.5699615239056389
CHEMBL96299,CHEMBL96299,N#C[C@@H]1CCCN1C(=O)CNCCCCCO,,6.46,1,6.46,6.46,IC50,B,assay format,other,8,H,2003,,239.31899999999996,0.2531799999999998,76.36,2,4,7,1,0,0.8333333333333334,0.6245143244243881
CHEMBL539610,CHEMBL1189879,N[C@@H](CC(=O)N1CCCN1C(=O)c1ccccc1)Cc1cc(F)c(F)cc1F,,6.46,1,6.46,6.46,IC50,B,single protein format,single_protein,8,H,2007,,391.39300000000014,2.653500000000001,66.64000000000001,1,3,5,3,2,0.3,0.79728235125777
CHEMBL1204389,CHEMBL400911,CC1c2nc(C3CC3)n(C)c2CCN1C(=O)C[C@H](N)Cc1cc(F)c(F)cc1F,,6.455,2,6.31,6.6,IC50,B,single protein format,single_protein,8,H,2007,,406.4520000000001,3.1206000000000005,64.15,1,3,5,4,2,0.5238095238095238,0.7763718713627105
CHEMBL238226,CHEMBL238226,CC(C)(C)[C@H](N)C(=O)N1CC[C@@H]2C[C@@H]21,,6.45,1,6.45,6.45,Ki,B,single protein format,single_protein,9,D,2007,,196.29399999999995,0.9805999999999998,46.330000000000005,1,2,1,2,0,0.9090909090909091,0.6792771112735767
CHEMBL1683484,CHEMBL1739321,N[C@@H](CC(=O)N1CCSC1C(=O)NCc1ccncc1)Cc1cc(F)c(F)cc1F,,6.45,1,6.45,6.45,IC50,B,single protein format,single_protein,9,D,2011,,438.47500000000014,1.9767000000000001,88.32000000000001,2,5,7,3,2,0.35,0.6457694873134121
CHEMBL3896047,CHEMBL3896047,CC#CCn1c(N2CCC[C@@H](N)C2)nc2c1c(=O)n(CCCN1CCC(C(=O)Nc3ccc(Cl)cc3)CC1)c(=O)n2C,,6.44,1,6.44,6.44,IC50,B,single protein format,single_protein,9,D,2016,,595.148,2.2417000000000016,123.42000000000002,2,7,8,5,3,0.5333333333333333,0.3834606964142175
CHEMBL1812901,CHEMBL1852708,CC(C)Cn1c(CN)c(-c2ccccc2)c2cc(C(N)=O)ccc2c1=O,,6.44,2,6.44,6.44,IC50,B,assay format;cell-based format,cell_based,9,D,2011;2017,,349.43400000000014,2.8821000000000003,91.10999999999999,2,3,5,3,3,0.23809523809523808,0.7418002817436001
CHEMBL243227,CHEMBL243227,N[C@@H](CC(=O)N1CCn2c(nnc2C(F)(F)F)C1)Cc1cccc(C(F)(F)F)c1,,6.44,1,6.44,6.44,IC50,B,single protein format,single_protein,9,D,2007,,421.34500000000014,2.6180000000000003,77.04,1,4,4,3,2,0.47058823529411764,0.7705183928405337
CHEMBL416008,CHEMBL416008,N[C@H](C(=O)N1C[C@@H](F)[C@H](F)C1)[C@H]1CC[C@H](NC(=O)OCc2ccccc2)CC1,,6.44,1,6.44,6.44,IC50,B,single protein format,single_protein,8,H,2004,,395.4500000000002,2.3173000000000004,84.66000000000001,2,4,5,3,1,0.6,0.8014074824322375
CHEMBL195547,CHEMBL195547,N[C@@H](CC(=O)N1CCc2nc(-c3ccc(F)cc3)sc2C1)Cc1cc(F)ccc1F,,6.44,1,6.44,6.44,IC50,B,single protein format,single_protein,9,D,2005,,431.4830000000002,4.072200000000003,59.220000000000006,1,4,5,4,3,0.2727272727272727,0.6625795343975341
CHEMBL199437,CHEMBL199437,N[C@@H](Cc1ccc(-c2ccccc2)cc1)C(=O)N1CCSC1,,6.44,1,6.44,6.44,Ki,B,single protein format,single_protein,9,D,2006,,312.43800000000005,2.7563000000000013,46.330000000000005,1,3,4,3,2,0.2777777777777778,0.9440683767184355
CHEMBL3330064,CHEMBL3330064,Cc1ccccc1C[C@@H](N)CC(=O)N1[C@H](C#N)C[C@@H]2CCC[C@@H]21,,6.44,1,6.44,6.44,IC50,B,assay format,other,9,D,2014,,311.4290000000001,2.5481000000000007,70.12,1,3,4,3,1,0.5789473684210527,0.928685948883978
CHEMBL1275851,CHEMBL1615941,COc1ccc(CN2CC3CN(C(=O)C[C@H](N)Cc4cc(F)c(F)cc4F)CCN3C2=O)cc1,,6.44,1,6.44,6.44,IC50,B,single protein format,single_protein,9,D,2010,,476.4990000000002,2.521000000000001,79.11,1,4,7,4,2,0.4166666666666667,0.6233355384908443
CHEMBL3979866,CHEMBL3979866,CC#CCn1c(N2CCC[C@@H](N)C2)nc2c1c(=O)n(CCCN1CCC(C(=O)OC3CCCCC3)CC1)c(=O)n2C,,6.44,1,6.44,6.44,IC50,B,single protein format,single_protein,9,D,2016,,567.7350000000005,1.825500000000002,120.62000000000003,1,8,8,5,2,0.7333333333333333,0.3789992459194958
CHEMBL192365,CHEMBL1181806,CSc1ccc([C@H](C)[C@H](N)C(=O)N2CC[C@H](F)C2)cc1,,6.44,1,6.44,6.44,IC50,B,single protein format,single_protein,8,H,2005,,296.411,2.409700000000001,46.330000000000005,1,3,4,2,1,0.5333333333333333,0.8679921442392197
CHEMBL4795875,CHEMBL4795875,CC#CCn1c(N2CCC[C@@H](N)C2)nc2c1c(=O)n(CCCN1CCN(c3nc(-c4ccccc4)ns3)CC1)c(=O)n2C,,6.44,1,6.44,6.44,IC50,B,single protein format,single_protein,9,D,2020,,602.769,1.5783000000000018,123.34,1,10,8,6,4,0.5,0.29958076950508167
CHEMBL200119,CHEMBL200119,N[C@@H](Cc1ccc(-c2ccccn2)cc1)C(=O)N1CCSC1,,6.44,1,6.44,6.44,Ki,B,single protein format,single_protein,9,D,2006,,313.42600000000004,2.1513,59.22,1,4,4,3,2,0.29411764705882354,0.9394412750070842
CHEMBL397854,CHEMBL1185205,CN(C)C(=O)[C@@H](C1CCC(NS(=O)(=O)c2ccc(OC(F)(F)F)cc2)CC1)[C@H](N)C(=O)N1CC[C@H](F)C1,,6.44,1,6.44,6.44,IC50,B,cell-based format,cell_based,9,D,2007,,552.5910000000003,2.024399999999999,122.04,2,6,8,3,1,0.6521739130434783,0.47628236151666264
CHEMBL234048,CHEMBL234048,COc1cc2c(cc1OC)[C@@H]1C[C@H](N)[C@@H](c3ccc(C)cc3)CN1CC2,,6.43,1,6.43,6.43,IC50,B,single protein format,single_protein,9,D,2007,,352.4780000000001,3.4262200000000025,47.720000000000006,1,4,3,4,2,0.45454545454545453,0.9193774654090793
CHEMBL96607,CHEMBL96607,CC(N)(CO)C(O)NCC(=O)N1CCC[C@H]1C#N,,6.43,1,6.43,6.43,IC50,B,assay format,other,8,H,2003,,256.3059999999999,-1.881319999999999,122.61000000000001,4,6,5,1,0,0.8181818181818182,0.42689141735337915
CHEMBL191906,CHEMBL1181791,C[C@@H](c1ccc(-c2ccc(C(=O)O)cc2)cc1)[C@H](N)C(=O)N1CC[C@H](F)C1,,6.43,1,6.43,6.43,IC50,B,single protein format,single_protein,8,H,2005,,370.42400000000015,3.053000000000001,83.62999999999998,2,3,5,3,2,0.3333333333333333,0.8472945262253848
CHEMBL2159183,CHEMBL2159183,Cn1c(=O)c2c(-c3cccc(Cl)c3Cl)c(CN)c(N)nc2n(C)c1=O,,6.43,1,6.43,6.43,IC50,B,single protein format,single_protein,8,H,2012,,380.2350000000001,1.6468999999999996,108.92999999999998,2,5,2,3,3,0.1875,0.7027607980088931
CHEMBL194249,CHEMBL194249,CCCC[C@@H](NC(=O)[C@@H](N)CCCC)B(O)O,,6.43,1,6.43,6.43,IC50,B,single protein format,single_protein,9,D,2005,,244.14399999999995,0.19089999999999996,95.58000000000001,4,4,9,0,0,0.9090909090909091,0.4352621087149653
CHEMBL382847,CHEMBL382847,N#C[C@@H]1CCCN1C(=O)CNCCC(=O)NCc1cc(F)cc(F)c1,,6.43,1,6.43,6.43,IC50,B,single protein format,single_protein,9,D,2006,,350.369,1.0752799999999998,85.23,2,4,7,2,1,0.47058823529411764,0.7207524205663128
CHEMBL525183,CHEMBL525183,NCc1c(N)nc2ccccc2c1-c1ccc(Cl)cc1Cl,,6.43,1,6.43,6.43,IC50,B,assay format,other,9,D,2008,,318.207,4.249500000000001,64.93,2,3,2,3,3,0.0625,0.7421965866071655
CHEMBL4527400,CHEMBL4527400,CC(=O)N1CCN(c2ccc3nnc(-c4cccc(C)c4)n3n2)CC1,,6.42,1,6.42,6.42,Ki,B,single protein format,single_protein,9,D,2020,,336.3990000000001,1.76822,66.63000000000001,0,5,2,4,3,0.3333333333333333,0.7134108637927492
CHEMBL3357765,CHEMBL3357765,N[C@@H](CC(=O)N1[C@H](C(=O)NC2CC2)C[C@@H]2CCCC[C@@H]21)Cc1cc(F)c(F)cc1F,,6.42,1,6.42,6.42,IC50,B,single protein format,single_protein,9,D,2014,,423.4790000000001,2.802100000000001,75.43,2,3,6,4,1,0.6363636363636364,0.6912705186986583
CHEMBL3236102,CHEMBL3236102,NC[C@H]1CN(c2ccc(F)cc2)C(=O)C[C@@H]1c1cc(F)ccc1F,,6.42,1,6.42,6.42,IC50,B,assay format,other,9,D,2014,,334.341,3.199300000000002,46.33,1,2,3,3,2,0.2777777777777778,0.9368874420997862
CHEMBL3236101,CHEMBL3236101,N#Cc1ccc(N2C[C@H](CN)[C@@H](c3cc(F)ccc3F)CC2=O)cc1,,6.42,1,6.42,6.42,IC50,B,assay format,other,9,D,2014,,341.3610000000001,2.9318800000000014,70.12,1,3,3,3,2,0.2631578947368421,0.9330340754454725
CHEMBL425200,CHEMBL425200,CSc1ccc(-c2nc3c(s2)CN(C(=O)C[C@H](N)Cc2cc(F)ccc2F)CC3)cc1,,6.42,1,6.42,6.42,IC50,B,single protein format,single_protein,9,D,2005,,459.58700000000016,4.655000000000003,59.22,1,5,6,4,3,0.30434782608695654,0.5451644577098413
CHEMBL217561,CHEMBL217561,CC(=O)NCC(=O)N1CCC[C@H]1B(O)O,,6.42,1,6.42,6.42,Ki,B,single protein format,single_protein,9,D,2007,,214.03,-1.874499999999999,89.87,3,4,3,1,0,0.75,0.479640007655769
CHEMBL327264,CHEMBL327264,N#C[C@@H]1CCCN1C(=O)CNCCC(c1ccccc1)c1ccccc1,,6.42,1,6.42,6.42,IC50,B,assay format,other,8,H,2003,,347.46200000000005,3.312780000000002,56.13,1,3,7,3,2,0.36363636363636365,0.7819235932824816
CHEMBL191514,CHEMBL1181774,Cc1ccc(-c2ccc([C@H](C)[C@H](N)C(=O)N3CC[C@H](F)C3)cc2)cc1,,6.41,1,6.41,6.41,IC50,B,single protein format,single_protein,8,H,2005,,340.442,3.6632200000000026,46.330000000000005,1,2,4,3,2,0.38095238095238093,0.9230759649467906
CHEMBL365567,CHEMBL1184723,N[C@H](C(=O)N1CC[C@H](F)C1)[C@@H](CO)c1ccc(-c2ccc(F)cc2)cc1,,6.41,1,6.41,6.41,IC50,B,single protein format,single_protein,8,H,2005,,360.404,2.4663000000000004,66.56,2,3,5,3,2,0.35,0.8608417281664381
CHEMBL3127988,CHEMBL3127988,N#C[C@@H]1C[C@H](F)CN1C(=O)[C@@H](N)Cc1csc(-c2ccccc2)n1,,6.41,1,6.41,6.41,IC50,B,assay format,other,9,D,2014,,344.415,2.142480000000001,83.01,1,5,4,3,2,0.35294117647058826,0.9210159714310957
CHEMBL2206467,CHEMBL2206467,N[C@@H](CC(=O)NC1(c2cccc(-c3nccs3)c2)CCS(=O)(=O)CC1)Cc1ccccc1F,,6.41,1,6.41,6.41,IC50,B,single protein format,single_protein,9,D,2012,,487.62200000000036,3.429400000000002,102.15,2,6,7,4,3,0.3333333333333333,0.531663498404076
CHEMBL520089,CHEMBL1187775,N[C@@H](CC(=O)N1CCCN(Cc2ccccc2)CC1)Cc1cc(F)c(F)cc1F,,6.41,1,6.41,6.41,IC50,B,single protein format,single_protein,8,H,2008,,405.46400000000017,3.098300000000002,49.57000000000001,1,3,6,3,2,0.4090909090909091,0.7517643937013889
CHEMBL5275484,CHEMBL5275484,CC#CCn1c(N2CCC[C@@H](N)C2)cc(=O)n(Cc2ccc(Br)cc2C(=O)OC)c1=O,,6.4,1,6.4,6.4,IC50,B,single protein format,single_protein,9,D,2021,,489.3700000000002,1.5581999999999998,99.56,1,6,5,3,2,0.4090909090909091,0.505811950365794
CHEMBL256252,CHEMBL256252,Cn1cnc2ccc(-c3ccccc3CO)c(CN)c21,,6.4,1,6.4,6.4,IC50,B,single protein format,single_protein,9,D,2008,,267.332,2.1912999999999996,64.07,2,3,3,3,3,0.1875,0.7642690256351259
CHEMBL1951418,CHEMBL1951418,COc1cccc(C(=O)Cn2cnc3c(C#N)c(N4CCNCC4)n(Cc4ccccc4)c3c2=O)c1,,6.4,1,6.4,6.4,IC50,B,single protein format,single_protein,9,D,2012,,482.5440000000003,2.41908,105.17999999999998,1,7,7,5,4,0.25925925925925924,0.40346638520577177
CHEMBL330326,CHEMBL330326,CCC(CC)NCC(=O)N1CCC[C@H]1C#N,,6.4,1,6.4,6.4,IC50,B,assay format,other,8,H,2003,,223.31999999999996,1.2791799999999998,56.13,1,3,5,1,0,0.8333333333333334,0.7635356344688818
CHEMBL2153742,CHEMBL2153742,CC(=O)Nc1ccc(OP(=O)(Oc2ccc(NC(C)=O)cc2)C2CCCN2C(=O)[C@@H]2CCCN2)cc1,,6.4,1,6.4,6.4,IC50,B,single protein format,single_protein,8,H,2011,,514.5190000000003,3.9548000000000023,126.07,3,7,8,4,2,0.4,0.4555017391054351
CHEMBL394836,CHEMBL394836,C[C@@H]1C(=O)N[C@@H](C)CCN1C(=O)C[C@H](N)Cc1cc(F)c(F)cc1F,,6.4,1,6.4,6.4,IC50,B,single protein format,single_protein,8,H,2007,,357.376,1.4892999999999994,75.43,2,3,4,2,1,0.5294117647058824,0.8019883155854038
CHEMBL265344,CHEMBL439382,CC(=O)Nc1ccc(OP(=O)(Oc2ccc(NC(C)=O)cc2)C2CCCN2C(=O)C2CCCN2)cc1,,6.4,1,6.4,6.4,IC50,B,single protein format,single_protein,8,H,1999,,514.5190000000003,3.9548000000000023,126.07,3,7,8,4,2,0.4,0.4555017391054351
CHEMBL9433,CHEMBL1177979,CS(=O)(=O)Nc1ccc(OP(=O)(Oc2ccc(NS(C)(=O)=O)cc2)C2CCCN2C(=O)C2CCCN2)cc1,,6.4,1,6.4,6.4,IC50,B,single protein format,single_protein,8,H,1999,,586.6290000000001,2.7810000000000006,160.21,3,9,10,4,2,0.43478260869565216,0.35578985081786035
CHEMBL2147184,CHEMBL2220247,CCn1c(=O)c2c(nc(N3CCC[C@@H](N)C3)n2Cc2ccccc2Cl)c2ccccc21,,6.4,1,6.4,6.4,IC50,B,single protein format,single_protein,9,D,2012,,435.95900000000006,4.000300000000002,69.08000000000001,1,4,4,5,4,0.3333333333333333,0.5256703590571752
CHEMBL4212894,CHEMBL4212894,Cc1ccc(Cn2c(N3CCNCC3)cc(=O)n3nccc23)cc1,,6.4,1,6.4,6.4,IC50,B,single protein format,single_protein,9,D,2018,,323.40000000000003,1.2623199999999999,54.56999999999999,1,4,3,4,3,0.3333333333333333,0.7884279330605936
CHEMBL4445783,CHEMBL4445783,CC#CCn1c(N2CCC[C@@H](N)C2)cc(=O)n(Cc2cc(Br)ccc2C(=O)OC)c1=O,,6.4,1,6.4,6.4,IC50,B,cell-based format,cell_based,9,D,2019,,489.3700000000002,1.5582000000000003,99.56,1,6,5,3,2,0.4090909090909091,0.505811950365794
CHEMBL4798418,CHEMBL4798418,Fc1ccc(Nc2cc(N3CCNCC3)nc3ccnn23)c(F)c1,,6.4,1,6.4,6.4,IC50,B,cell-based format,cell_based,9,D,2020,,330.342,2.1606999999999994,57.489999999999995,2,5,3,4,3,0.25,0.770699884109905
CHEMBL377944,CHEMBL377944,C[C@@H](C#N)NC(=O)[C@@H](N)C12CC3CC(CC(C3)C1)C2,,6.4,1,6.4,6.4,Ki,B,single protein format,single_protein,9,D,2006,,261.36899999999997,1.5583799999999992,78.91,2,3,3,4,0,0.8666666666666667,0.8088265332211474
CHEMBL1682980,CHEMBL1682980,CN([C@H]1CC[C@H]([C@H](N)Cc2cc(F)ccc2F)CC1)S(=O)(=O)c1ccc(OC(F)(F)F)cc1,,6.4,1,6.4,6.4,IC50,B,single protein format,single_protein,8,H,2011,,492.51000000000016,4.612700000000003,72.63,1,4,7,3,2,0.45454545454545453,0.5732267813213477
CHEMBL3920718,CHEMBL3920718,CC#CCn1c(N2CCC[C@@H](N)C2)nc2c1c(=O)n(CCCCN1CCC(C(=O)OC(C)C)CC1)c(=O)n2C,,6.4,1,6.4,6.4,IC50,B,single protein format,single_protein,9,D,2016,,541.6970000000003,1.2913000000000026,120.62000000000003,1,8,9,4,2,0.7142857142857143,0.28651734917435256
CHEMBL481554,CHEMBL1186878,N[C@@H](CC(=O)N1CCCN(C(=O)c2cccnc2)CC1)Cc1cc(F)c(F)cc1F,,6.39,1,6.39,6.39,IC50,B,single protein format,single_protein,8,H,2008,,420.43500000000023,2.1335000000000006,79.53000000000002,1,4,5,3,2,0.38095238095238093,0.7520441731557387
CHEMBL184380,CHEMBL184380,N[C@@H](CC(=O)N1CCN(Cc2ccccc2)C[C@H]1Cc1ccccc1)Cc1ccccc1F,,6.39,1,6.39,6.39,IC50,B,single protein format,single_protein,8,H,2004,,445.5820000000002,4.041300000000003,49.57000000000001,1,3,8,4,3,0.32142857142857145,0.5693622172929976
CHEMBL271870,CHEMBL271870,Cc1nc(N2CCN(C(=O)[C@@H]3CN[C@H](C(=O)N4CCCC4)C3)CC2)sc1C,,6.39,1,6.39,6.39,IC50,B,single protein format,single_protein,9,D,2008,,391.5410000000003,1.0090400000000008,68.78,1,6,3,4,1,0.7368421052631579,0.8329004858179031
CHEMBL3236109,CHEMBL3236109,N#Cc1ccc(N2C[C@H](CN)[C@@H](c3cc(F)ccc3F)CC2=O)cn1,,6.39,1,6.39,6.39,IC50,B,assay format,other,9,D,2014,,342.3490000000001,2.32688,83.01,1,4,3,3,2,0.2777777777777778,0.9278633489227922
CHEMBL482071,CHEMBL1186900,N[C@@H](CC(=O)N1CCCN(S(=O)(=O)c2ccc([N+](=O)[O-])cc2)CC1)Cc1cc(F)c(F)cc1F,,6.39,1,6.39,6.39,IC50,B,single protein format,single_protein,8,H,2008,,500.49900000000025,2.1952000000000007,126.85000000000002,1,6,7,3,2,0.38095238095238093,0.35284640530721906
CHEMBL3644799,CHEMBL3644799,CCCc1nc2c(c(C(F)(F)F)n1)CCN(C(=O)C[C@H](N)CN1C(=O)CCC(F)C1O)C2,,6.39,1,6.39,6.39,IC50,B,single protein format,single_protein,9,D,2013,,461.46000000000026,1.3288999999999995,112.64999999999999,2,6,6,3,1,0.7,0.61846250755149
CHEMBL503274,CHEMBL503274,CC[C@H](C)[C@H](N)C(=O)N1CCCC1,,6.39,3,6.36,6.66,Ki,B,single protein format,single_protein,8;9,D;H,1996;2002,,184.28299999999993,0.9821999999999999,46.330000000000005,1,2,3,1,0,0.9,0.7104591673565221
CHEMBL246170,CHEMBL1182565,CN(C)C(=O)[C@@H](C1CCC(NS(=O)(=O)c2ccc(F)cc2F)CC1)[C@H](N)C(=O)N1CC[C@H](F)C1,,6.385,2,6.29,6.48,IC50,B,cell-based format;single protein format,mixed,9,D,2007,,504.57500000000033,1.4040000000000001,112.80999999999999,2,5,7,3,1,0.6363636363636364,0.5831170347370707
CHEMBL194437,CHEMBL1181871,C[C@@H](c1ccc(-c2ccc(S(C)(=O)=O)cc2)cc1)[C@H](N)C(=O)N1CC[C@H](F)C1,,6.38,1,6.38,6.38,IC50,B,single protein format,single_protein,8,H,2005,,404.5070000000002,2.758300000000001,80.46999999999998,1,4,5,3,2,0.38095238095238093,0.8309729109949873
CHEMBL2147057,CHEMBL2220255,N[C@@H]1CCCN(c2nc3c4ccccc4[nH]c(=O)c3n2Cc2ccccc2Cl)C1,,6.38,1,6.38,6.38,IC50,B,single protein format,single_protein,9,D,2012,,407.9050000000002,3.5070000000000023,79.94,2,4,3,5,4,0.2727272727272727,0.5442984116052899
CHEMBL479803,CHEMBL479803,N#Cc1cc(F)ccc1N1C[C@@H]2[C@H](C1)[C@H]2NCC(=O)N1C[C@@H](F)C[C@H]1C#N,,6.38,1,6.38,6.38,IC50,B,cell-free format,other,9,D,2008,,371.3910000000001,1.1841599999999999,83.16,1,5,4,4,1,0.5263157894736842,0.8595331219743085
CHEMBL257839,CHEMBL257839,OC[C@H]1O[C@@H](Oc2cc3c(O)cc(O)cc3[o+]c2-c2ccc(O)c(O)c2)[C@H](O)[C@@H](O)[C@@H]1O,KUROMANIN,6.38,1,6.38,6.38,IC50,B,single protein format,single_protein,9,D,2018,,449.3880000000001,0.38199999999999973,191.59999999999997,8,10,4,4,3,0.2857142857142857,0.20283135255149415
CHEMBL433533,CHEMBL433533,COc1ccc(NC(=O)O[C@H]2CCC[C@H]([C@H](N)C(=O)N3CCSC3)C2)cc1,,6.38,1,6.38,6.38,IC50,B,single protein format,single_protein,8,H,2004,,393.5090000000002,2.6627,93.89,2,6,5,3,1,0.5789473684210527,0.7987628110125178
CHEMBL433732,CHEMBL433732,CS(=O)(=O)c1ccc(S(=O)(=O)N[C@H]2CC[C@@H]([C@H](N)C(=O)N3CCCC3)C2)cc1,,6.38,1,6.38,6.38,IC50,B,single protein format,single_protein,8,H,2004,,429.5640000000003,0.48680000000000123,126.64,2,6,6,3,1,0.6111111111111112,0.6774623114703412
CHEMBL4547637,CHEMBL4547637,COc1ccc(N2CCN(c3ccc4nnc(-c5cccc(C)c5)n4n3)CC2)cc1,,6.38,1,6.38,6.38,Ki,B,single protein format,single_protein,9,D,2020,,400.48600000000016,3.4349200000000017,58.790000000000006,0,6,4,5,4,0.2608695652173913,0.523101705793875
CHEMBL4591675,CHEMBL4591675,CC#CCn1c(N2CCC[C@@H](N)C2)nc2c1c(=O)nc1n2CCCN1CC(=O)c1ccccc1,,6.38,1,6.38,6.38,IC50,B,single protein format,single_protein,9,D,2016,,459.55400000000026,1.6368000000000003,102.28,1,7,5,5,3,0.44,0.45705432447421657
CHEMBL237783,CHEMBL237783,CN(C)C(=O)[C@@H]([C@H]1CC[C@@H](c2cccc3ncnn32)CC1)[C@H](N)C(=O)N1CCC(F)(F)C1,,6.375,2,6.17,6.58,IC50,B,single protein format,single_protein,9,D,2007,,448.5180000000003,1.9023999999999992,96.83,1,5,5,4,2,0.6363636363636364,0.7537351850049941
CHEMBL3357778,CHEMBL3357778,N[C@@H](CC(=O)N1[C@H](CNC(=O)C2CCCC2)C[C@@H]2CCCC[C@@H]21)Cc1cc(F)c(F)cc1F,,6.37,1,6.37,6.37,IC50,B,single protein format,single_protein,9,D,2014,,465.56000000000023,3.829900000000002,75.43,2,3,7,4,1,0.68,0.6012976810359968
CHEMBL383573,CHEMBL383573,CC(C)([C@H](N)C(=O)N1C[C@@H](F)C[C@H]1C#N)S(=O)(=O)Cc1ccc(OCc2ccccc2)cc1,,6.37,1,6.37,6.37,Ki,B,single protein format,single_protein,9,D,2005,,473.5700000000003,2.7488800000000007,113.49,1,6,8,3,2,0.4166666666666667,0.630712773132294
CHEMBL3329692,CHEMBL3329692,CN[C@@H]1CCCN(c2ccnc3c2n(Cc2ccccc2C#N)c(=O)n3C)C1,,6.37,1,6.37,6.37,IC50,B,single protein format,single_protein,9,D,2014,,376.46400000000017,1.8431799999999998,78.88,1,5,4,4,3,0.38095238095238093,0.751717881430945
CHEMBL3330054,CHEMBL3330054,N#C[C@@H]1C[C@H](F)CN1C(=O)C[C@H](N)Cc1ccc(I)cc1,,6.37,1,6.37,6.37,IC50,B,assay format,other,9,D,2014,,401.22299999999996,2.01368,70.12,1,3,4,2,1,0.4666666666666667,0.7853982530180917
CHEMBL592547,CHEMBL592547,COc1cc2c(cc1OC)C1CC(N)C(N3CCCCCC3=O)CN1CC2,,6.37,1,6.37,6.37,IC50,B,single protein format,single_protein,9,D,2010,,373.49700000000024,2.1052,68.03,1,5,3,4,1,0.6666666666666666,0.8788659475289711
CHEMBL1650431,CHEMBL1650431,N#Cc1cc(F)ccc1Cn1c(N2CCC[C@@H](N)C2)ncc(F)c1=O,,6.37,1,6.37,6.37,IC50,B,single protein format,single_protein,9,D,2011,,345.35300000000007,1.3689799999999996,87.94,1,5,3,3,2,0.35294117647058826,0.9076480197782799
CHEMBL3357781,CHEMBL3357781,CS(=O)(=O)NC[C@@H]1C[C@@H]2CCCC[C@@H]2N1C(=O)C[C@H](N)Cc1cc(F)c(F)cc1F,,6.37,1,6.37,6.37,IC50,B,single protein format,single_protein,9,D,2014,,447.52300000000014,2.0727,92.5,2,4,7,3,1,0.65,0.6262465823283206
CHEMBL429653,CHEMBL1185721,Cc1ccc(S(=O)(=O)N(C)c2ccc([C@H](C(=O)N(C)C)[C@H](N)C(=O)N3CC[C@H](F)C3)cc2)cc1,,6.37,1,6.37,6.37,IC50,B,cell-based format,cell_based,9,D,2007,,490.6010000000003,1.88962,104.02,1,5,7,3,2,0.4166666666666667,0.6384293499258347
CHEMBL4764779,CHEMBL4764779,CC#CCn1c(N2CCC[C@@H](N)C2)nc2c1c(=O)n(CCCN1CCN(c3ncc(OC)cn3)CC1)c(=O)n2C,,6.37,1,6.37,6.37,IC50,B,single protein format,single_protein,9,D,2020,,550.6680000000003,-0.14159999999999595,132.57000000000002,1,10,8,5,3,0.5925925925925926,0.37799198214888297
CHEMBL5624539,CHEMBL5624539,CS(=O)(=O)N1CCN(CC(=O)N2C(=O)S/C(=C\c3ccc(NC(=O)c4cc(O)c(O)c(O)c4)cc3)C2=O)CC1,,6.37,1,6.37,6.37,IC50,B,single protein format,single_protein,9,D,2023,,576.6090000000002,1.1957999999999995,184.85999999999999,4,11,6,4,2,0.25,0.2860316498034357
CHEMBL481158,CHEMBL1186864,N[C@@H](CC(=O)N1CCCN(c2cnccn2)CC1)Cc1cc(F)c(F)cc1F,,6.37,1,6.37,6.37,IC50,B,single protein format,single_protein,8,H,2008,,393.4130000000001,1.8926999999999996,75.35000000000001,1,5,5,3,2,0.42105263157894735,0.7856232323620662
CHEMBL1683133,CHEMBL1683133,N[C@H](Cc1cc(F)ccc1F)C1CCN(c2ccncc2)CC1,,6.37,1,6.37,6.37,IC50,B,single protein format,single_protein,8,H,2011,,317.38300000000004,3.146200000000002,42.15,1,3,4,3,2,0.3888888888888889,0.9417691781012572
CHEMBL4763110,CHEMBL4763110,N[C@@H](Cc1cn(-c2ccncc2)nn1)Cc1cc(F)c(F)cc1F,,6.37,1,6.37,6.37,IC50,B,single protein format,single_protein,9,D,2021,,333.317,2.1921,69.62,1,4,5,3,3,0.1875,0.7268536109762935
CHEMBL371057,CHEMBL371057,N#C[C@@H]1CCCN1C(=O)CNCCCC(=O)N1CCc2ccccc2C1,,6.37,1,6.37,6.37,IC50,B,single protein format,single_protein,9,D,2006,,354.4540000000001,1.4556800000000003,76.44,1,4,6,3,1,0.55,0.7848177959278838
CHEMBL245356,CHEMBL245356,COc1ccc(-c2cnc(N3CC(N)C(c4ccc(Cl)cc4Cl)C3)nc2)cc1,,6.37,1,6.37,6.37,Ki,B,single protein format,single_protein,9,D,2007,,415.3240000000001,4.390100000000003,64.27,1,5,4,4,3,0.23809523809523808,0.6849314369566739
CHEMBL363175,CHEMBL1184664,CCOC(=O)c1ccc(-c2ccc([C@H](C)[C@H](N)C(=O)N3CC[C@H](F)C3)cc2)cc1,,6.36,1,6.36,6.36,IC50,B,single protein format,single_protein,8,H,2005,,398.4780000000001,3.531500000000002,72.63,1,4,6,3,2,0.391304347826087,0.7558200533249146
CHEMBL224091,CHEMBL224091,N[C@H]1CN(Cc2ccccc2)C(=O)C[C@@H]1c1cc(F)c(F)cc1F,,6.36,1,6.36,6.36,Ki,B,single protein format,single_protein,9,D,2007,,334.341,2.9473000000000003,46.33,1,2,3,3,2,0.2777777777777778,0.8774776175605943
CHEMBL246373,CHEMBL1182568,C[C@@H](C1CCC(NS(=O)(=O)c2ccc(OC(F)(F)F)cc2)CC1)[C@H](N)C(=O)N1CC[C@H](F)C1,,6.36,1,6.36,6.36,IC50,B,cell-based format,cell_based,9,D,2007,,495.53900000000027,2.956100000000001,101.73,2,5,7,3,1,0.6666666666666666,0.5667114265532077
CHEMBL1209850,CHEMBL1209850,Cc1nc2nc(N3CCN(C(=O)OC(C)(C)C)CC3)nn2c(-c2ccc(Cl)cc2Cl)c1CN,,6.36,1,6.36,6.36,Ki,B,single protein format,single_protein,9,D,2010,,492.41100000000023,3.922320000000002,101.88,1,7,3,4,3,0.45454545454545453,0.5914117081610725
CHEMBL1270962,CHEMBL1270962,COc1ccccc1-c1cn2c(-c3ccc(C)c(F)c3)c(CN)c(C)nc2n1,,6.36,1,6.36,6.36,Ki,B,single protein format,single_protein,9,D,2010,,376.4350000000001,4.286540000000002,65.44,1,4,4,4,4,0.18181818181818182,0.5771123112763965
CHEMBL216296,CHEMBL216296,CC(C)(CC(=O)NCc1ccccn1)NCC(=O)N1CCC[C@H]1C#N,,6.36,1,6.36,6.36,IC50,B,single protein format,single_protein,9,D,2007,,343.43100000000015,0.9706800000000004,98.12,2,5,7,2,1,0.5555555555555556,0.7686374822771362
CHEMBL3330062,CHEMBL3330062,N#C[C@@H]1C[C@@H]2CCC[C@@H]2N1C(=O)C[C@H](N)Cc1ccccc1,,6.36,1,6.36,6.36,IC50,B,assay format,other,9,D,2014,,297.402,2.23968,70.12,1,3,4,3,1,0.5555555555555556,0.9262277717047568
CHEMBL5523593,CHEMBL5523593,O=C(NC12CC3CC(CC(NCC(=O)N4Cc5ccc(F)cc5C4)(C3)C1)C2)OCCOCCNc1ccc([N+](=O)[O-])c2nonc12,,6.36,1,6.36,6.36,IC50,B,single protein format,single_protein,9,D,2024,,637.6690000000003,3.648200000000001,173.99,3,11,12,8,3,0.5483870967741935,0.15025773672015455
CHEMBL96577,CHEMBL96577,N#C[C@@H]1CCCN1C(=O)CNCc1cccc2ccccc12,,6.36,1,6.36,6.36,IC50,B,assay format,other,8,H,2003,,293.37000000000006,2.44398,56.13,1,3,4,3,2,0.3333333333333333,0.9417242646026313
CHEMBL171609,CHEMBL171609,N[C@H](C(=O)N1CCCC1)[C@@H]1CC[C@H](NC(=O)Nc2cccc3ccccc23)C1,,6.36,1,6.36,6.36,IC50,B,single protein format,single_protein,8,H,2004,,380.49200000000013,3.0797000000000008,87.46000000000001,3,3,4,4,2,0.45454545454545453,0.7616597819534167
CHEMBL3236108,CHEMBL3236108,NC[C@H]1CN(c2ccc(C(F)(F)F)nc2)C(=O)C[C@@H]1c1cc(F)ccc1F,,6.35,1,6.35,6.35,IC50,B,assay format,other,9,D,2014,,385.33600000000007,3.474000000000002,59.22,1,3,3,3,2,0.3333333333333333,0.8234870675708387
CHEMBL328123,CHEMBL328123,CCC(C)[C@H](N)C(=O)N1COC[C@H]1C#N,,6.35,1,6.35,6.35,Ki,B,single protein format,single_protein,9,D,1996,,211.26499999999996,0.06828000000000012,79.35,1,4,3,1,0,0.8,0.7159752979893889
CHEMBL1683131,CHEMBL1683131,N[C@H](Cc1cc(F)ccc1F)C1CCN(c2ccccn2)CC1,,6.35,1,6.35,6.35,IC50,B,single protein format,single_protein,8,H,2011,,317.38300000000004,3.146200000000002,42.15,1,3,4,3,2,0.3888888888888889,0.9417691781012572
CHEMBL4456228,CHEMBL4456228,O=c1[nH]c(=O)c2c(nc(N3CCNCC3)n2Cc2ccccc2)[nH]1,,6.35,2,6.09,6.61,Kd,B,single protein format,single_protein,9,D,2016,,326.35999999999996,-0.12919999999999904,98.81,3,5,3,4,3,0.3125,0.6227147676384289
CHEMBL1161914,CHEMBL1161914,CNC(=O)c1nc(N2CCCC(N)C2)n(Cc2ccccc2C#N)c1C(=O)NC,,6.35,1,6.35,6.35,Ki,B,cell-free format,other,9,D,2006,,395.4670000000001,0.4497800000000017,129.07,3,6,5,3,2,0.4,0.6740842575229258
CHEMBL3330049,CHEMBL3330049,N#C[C@@H]1C[C@H](F)CN1C(=O)C[C@H](N)Cc1ccccc1,,6.35,1,6.35,6.35,IC50,B,assay format,other,9,D,2014,,275.327,1.4090799999999999,70.12,1,3,4,2,1,0.4666666666666667,0.9028229971276617
CHEMBL201695,CHEMBL201695,CCC(NC(=O)CCNCC(=O)N1CCC[C@H]1C#N)c1ccccc1,,6.35,1,6.35,6.35,IC50,B,single protein format,single_protein,9,D,2006,,342.443,1.7481800000000003,85.23,2,4,8,2,1,0.5263157894736842,0.704941982015991
CHEMBL1683129,CHEMBL1683129,CC(=O)N1CCC([C@H](N)Cc2cc(F)ccc2F)CC1,,6.35,1,6.35,6.35,IC50,B,single protein format,single_protein,8,H,2011,,282.33400000000006,2.0931,46.33,1,2,3,2,1,0.5333333333333333,0.9224788377386616
CHEMBL330670,CHEMBL330670,CCNCC(=O)N1CCC[C@H]1C#N,,6.35,1,6.35,6.35,IC50,B,assay format,other,8,H,2003,,181.23899999999998,0.11047999999999991,56.13,1,3,3,1,0,0.7777777777777778,0.6720224542014965
CHEMBL1276620,CHEMBL1615873,CCN1CC2CN(C(=O)C[C@H](N)Cc3cc(F)c(F)cc3F)CCN2C1=O,,6.34,1,6.34,6.34,IC50,B,single protein format,single_protein,9,D,2010,,384.4020000000001,1.3321,69.88,1,3,5,3,1,0.5555555555555556,0.7791221717513097
CHEMBL246372,CHEMBL1182567,C[C@@H](C1CCC(NS(=O)(=O)c2ccc(F)cc2F)CC1)[C@H](N)C(=O)N1CC[C@H](F)C1,,6.34,1,6.34,6.34,IC50,B,cell-based format,cell_based,9,D,2007,,447.5230000000003,2.3357,92.49999999999999,2,4,6,3,1,0.65,0.7002312512329278
CHEMBL382907,CHEMBL382907,N#C[C@@H]1CCCN1C(=O)CNCCC(=O)NCc1ccccc1,,6.34,1,6.34,6.34,IC50,B,single protein format,single_protein,9,D,2006,,314.389,0.7970800000000002,85.23,2,4,7,2,1,0.47058823529411764,0.7289988721233497
CHEMBL378709,CHEMBL378709,CC(C)COCC1(NCC(=O)N2[C@H](C#N)CC[C@@H]2C#N)CCCC1,,6.34,1,6.34,6.34,IC50,B,single protein format,single_protein,9,D,2006,,332.44800000000015,1.96816,89.15,1,5,7,2,0,0.8333333333333334,0.769670846807953
CHEMBL3236107,CHEMBL3236107,COc1ccc(N2C[C@H](CN)[C@@H](c3cc(F)ccc3F)CC2=O)cn1,,6.34,1,6.34,6.34,IC50,B,assay format,other,9,D,2014,,347.36500000000007,2.4638,68.45,1,4,4,3,2,0.3333333333333333,0.9224923125496033
CHEMBL2346921,CHEMBL2346921,CC#CCn1c(N2CCC[C@@H](N)C2)nc2cc[nH]c2c1=O,,6.34,1,6.34,6.34,IC50,B,single protein format,single_protein,9,D,2013,,285.35100000000006,0.6753999999999998,79.94,2,4,2,3,2,0.4666666666666667,0.7950644852936993
CHEMBL191775,CHEMBL191775,CC[C@@H](C)[C@H](N)C(=O)N1CCSC1,,6.34,1,6.34,6.34,IC50,B,single protein format,single_protein,8,H,2005,,202.32299999999995,0.8927000000000002,46.330000000000005,1,3,3,1,0,0.8888888888888888,0.7391559512864554
CHEMBL537625,CHEMBL1188879,N[C@@H](CC(=O)N1CCn2cnnc2C1)Cc1ccc(F)c(F)c1,,6.34,1,6.34,6.34,IC50,B,single protein format,single_protein,8,H,2005,,321.331,0.8585999999999996,77.04,1,4,4,3,2,0.4,0.9059148295069334
CHEMBL412585,CHEMBL412585,N[C@H]1CN(c2cc(-c3ccc(Cl)cc3)ncn2)C[C@@H]1c1cc(F)c(F)cc1F,,6.33,1,6.33,6.33,IC50,B,single protein format,single_protein,9,D,2007,,404.8230000000001,4.145400000000003,55.04,1,4,3,4,3,0.2,0.6663374518946868
CHEMBL382281,CHEMBL382281,N#C[C@@H]1CCCN1C(=O)[C@@H](N)Cc1ccc(C(=O)O)cc1,,6.33,1,6.33,6.33,Ki,B,single protein format,single_protein,9,D,2006,,287.319,0.7691799999999995,107.42,2,4,4,2,1,0.4,0.85005570941206
CHEMBL389602,CHEMBL1185106,N[C@H]1CN(c2cc(C(F)(F)F)ccn2)CC[C@@H]1c1cc(F)c(F)cc1F,,6.33,1,6.33,6.33,IC50,B,single protein format,single_protein,8,H,2007,,375.31600000000003,3.8389000000000024,42.15,1,3,2,3,2,0.35294117647058826,0.6407442926082138
CHEMBL5791516,CHEMBL5791516,NC1(C(=O)N2Cc3ccc(F)cc3C2)CCNCC1,,6.33,1,6.33,6.33,IC50,B,single protein format,single_protein,9,D,2023,,263.316,0.7487999999999995,58.36000000000001,2,3,1,3,1,0.5,0.7858001424610117
CHEMBL383705,CHEMBL383705,CC(C)[C@H](N)C(=O)N1CCCC1,,6.33,1,6.33,6.33,Ki,B,single protein format,single_protein,8,H,1996,,170.25599999999994,0.5920999999999998,46.330000000000005,1,2,2,1,0,0.8888888888888888,0.6590717803254353
CHEMBL469325,CHEMBL469325,N[C@@H](CC(=O)NC1(c2ccccn2)CCS(=O)(=O)CC1)Cc1ccccc1F,,6.33,1,6.33,6.33,IC50,B,cell-based format,cell_based,9,D,2008,,405.4950000000002,1.7009,102.15,2,5,6,3,2,0.4,0.7616242886009099
CHEMBL4071166,CHEMBL4116891,Cc1ccc(-c2c(CN)c(CC(C)C)nc(C)c2C(=O)OCCCC(=O)O)cc1,,6.33,1,6.33,6.33,IC50,B,assay format,other,9,D,2017,,398.5030000000002,4.044240000000003,102.51,2,5,9,2,2,0.43478260869565216,0.4880024537709498
CHEMBL4765147,CHEMBL4765147,Clc1ccc(Nc2cc(N3CCNCC3)nc3ccnn23)c(Cl)c1,,6.33,1,6.33,6.33,IC50,B,cell-based format,cell_based,9,D,2020,,363.25199999999995,3.189300000000001,57.489999999999995,2,5,3,4,3,0.25,0.748654129027403
CHEMBL2068512,CHEMBL2068512,C[C@@H](B(O)O)N1CC[C@H](N)C1=O,,6.33,2,6.32,6.34,IC50,B,assay format,other,9,D,2007,,171.99299999999997,-2.0534999999999988,86.78999999999999,3,4,2,1,0,0.8333333333333334,0.4179909241191639
CHEMBL94647,CHEMBL94647,CC(C)(C)CCNCC(=O)N1CCC[C@H]1C#N,,6.33,1,6.33,6.33,IC50,B,assay format,other,8,H,2003,,237.34699999999998,1.5267799999999996,56.13,1,3,4,1,0,0.8461538461538461,0.7543273116868302
CHEMBL4105034,CHEMBL4117502,CC(C)Cn1c(CN)c(-c2ccccc2)c2cc(C(N)=O)cnc2c1=O,,6.33,1,6.33,6.33,IC50,B,assay format,other,9,D,2017,,350.42200000000014,2.2771,104.0,2,4,5,3,3,0.25,0.7363323866552385
CHEMBL44,CHEMBL44,O=c1c(-c2ccc(O)cc2)coc2cc(O)cc(O)c12,GENISTEIN,6.32,1,6.32,6.32,IC50,B,single protein format,single_protein,9,D,2018,2,270.24,2.576800000000001,90.9,3,5,1,3,3,0.0,0.6318329361180623
CHEMBL4537708,CHEMBL4537708,CC#CCn1c(N2CCC[C@@H](N)C2)nc2c1c(=O)nc1n2CCCN1Cc1cccc2ccccc12,,6.32,1,6.32,6.32,IC50,B,single protein format,single_protein,9,D,2016,,481.60400000000027,3.1073000000000013,85.21,1,6,4,6,4,0.39285714285714285,0.45109174823299186
CHEMBL3329628,CHEMBL3329628,CC(C)n1c(=O)n(Cc2ccccc2C#N)c2c(N3CCC[C@@H](N)C3)ccnc21,,6.32,1,6.32,6.32,IC50,B,single protein format,single_protein,9,D,2014,,390.49100000000027,2.626380000000001,92.87,1,5,4,4,3,0.4090909090909091,0.739152768693319
CHEMBL370734,CHEMBL1184810,C[C@@H](c1ccc(Cl)cc1F)[C@H](N)C(=O)N1CC[C@H](F)C1,,6.32,1,6.32,6.32,IC50,B,single protein format,single_protein,8,H,2005,,302.752,2.4803000000000006,46.330000000000005,1,2,3,2,1,0.5,0.9321976660677292
CHEMBL352737,CHEMBL352737,COc1ccc(NC(=O)O[C@H]2CCC[C@H]([C@H](N)C(=O)N3CCCC3)C2)cc1,,6.32,1,6.32,6.32,IC50,B,single protein format,single_protein,8,H,2004,,375.4690000000002,2.7522,93.89,2,5,5,3,1,0.6,0.825248507077134
CHEMBL196333,CHEMBL196333,Cc1nc2c(s1)CN(C(=O)C[C@H](N)Cc1cc(F)ccc1F)CC2,,6.32,1,6.32,6.32,IC50,B,single protein format,single_protein,9,D,2005,,351.4220000000001,2.5745200000000006,59.22,1,4,4,3,2,0.4117647058823529,0.9210051219684294
CHEMBL320143,CHEMBL320143,CCCNCC(=O)N1CCC[C@H]1C#N,,6.32,1,6.32,6.32,IC50,B,assay format,other,8,H,2003,,195.26599999999996,0.5005799999999998,56.13,1,3,4,1,0,0.8,0.6645416085521155
CHEMBL250283,CHEMBL250283,CC1c2nc(C(C)(C)C)n(C)c2CCN1C(=O)C[C@H](N)Cc1cc(F)c(F)cc1F,,6.3149999999999995,2,6.2,6.43,IC50,B,single protein format,single_protein,8,H,2007,,422.49500000000006,3.540700000000002,64.15,1,3,4,3,2,0.5454545454545454,0.766915346101809
CHEMBL397744,CHEMBL397744,N[C@@H](CC(=O)N1CCn2c(nnc2C(F)(F)F)C1)Cc1ccccc1C(F)(F)F,,6.31,1,6.31,6.31,IC50,B,single protein format,single_protein,9,D,2007,,421.34500000000014,2.6180000000000003,77.04,1,4,4,3,2,0.47058823529411764,0.7705183928405337
CHEMBL96890,CHEMBL96890,N#C[C@@H]1CCCN1C(=O)CNCCCc1ccccc1,,6.31,1,6.31,6.31,IC50,B,assay format,other,8,H,2003,,271.364,1.7233799999999997,56.13,1,3,6,2,1,0.5,0.8015720417538661
CHEMBL5270627,CHEMBL5270627,Cn1c(=O)n(CC(=O)N2CCN(c3ccc(Cl)cc3)CC2)c(=O)c2sc(N)nc21,,6.31,1,6.31,6.31,IC50,B,single protein format,single_protein,9,D,2021,,434.9090000000002,0.7411000000000001,106.46000000000001,1,7,3,4,3,0.3333333333333333,0.6512864416474097
CHEMBL247774,CHEMBL247774,CCOC(=O)N1CC(N)C(c2ccc(Cl)cc2Cl)C1,,6.31,1,6.31,6.31,Ki,B,single protein format,single_protein,9,D,2007,,303.1890000000001,2.876400000000001,55.56,1,3,2,2,1,0.46153846153846156,0.9137221446432704
CHEMBL481714,CHEMBL1186883,N[C@@H](CC(=O)N1CCCN(C(=O)OCc2ccccc2)CC1)Cc1cc(F)c(F)cc1F,,6.31,1,6.31,6.31,IC50,B,single protein format,single_protein,8,H,2008,,449.4730000000002,3.2349000000000023,75.87000000000002,1,4,6,3,2,0.391304347826087,0.6874524859930649
CHEMBL480550,CHEMBL1186847,N[C@@H](CC(=O)N1CCCN(C(=O)c2ccc3c(c2)OCO3)CC1)Cc1cc(F)c(F)cc1F,,6.31,1,6.31,6.31,IC50,B,single protein format,single_protein,8,H,2008,,463.4560000000003,2.467200000000001,85.10000000000002,1,5,5,4,2,0.391304347826087,0.6891062338576776
CHEMBL1683558,CHEMBL1683558,N[C@H]1CN(c2cc(-c3cc(F)c(F)cc3F)ncn2)C[C@@H]1N1CCCC1=O,,6.31,1,6.31,6.31,IC50,B,single protein format,single_protein,9,D,2011,,377.3700000000002,1.6992,75.35,1,5,3,4,2,0.3888888888888889,0.8244472719707004
CHEMBL2206466,CHEMBL2206466,N[C@@H](CC(=O)NC1(c2cccc(-c3ccncc3)c2)CCS(=O)(=O)CC1)Cc1ccccc1F,,6.31,1,6.31,6.31,IC50,B,single protein format,single_protein,9,D,2012,,481.59300000000036,3.3679000000000023,102.15,2,5,7,4,3,0.3076923076923077,0.5387802959337781
CHEMBL150,CHEMBL150,O=c1c(O)c(-c2ccc(O)cc2)oc2cc(O)cc(O)c12,KAEMPFEROL,6.31,1,6.31,6.31,IC50,B,single protein format,single_protein,9,D,2018,1,286.23900000000003,2.2824000000000004,111.13000000000001,4,6,1,3,3,0.0,0.5458513994143424
CHEMBL382531,CHEMBL382531,N[C@H](C(=O)N1C[C@@H](F)[C@H](F)C1)C1CCCCC1,,6.3,1,6.3,6.3,Ki,B,single protein format,single_protein,9,D,2005,,246.30099999999993,1.4123999999999994,46.330000000000005,1,2,2,2,0,0.9166666666666666,0.8004942734361112
CHEMBL1683087,CHEMBL1683087,Cn1cnc(S(=O)(=O)N(C)[C@H]2CC[C@H]([C@H](N)Cc3cc(F)ccc3F)CC2)c1,,6.3,1,6.3,6.3,IC50,B,single protein format,single_protein,8,H,2011,,412.50600000000014,2.4475999999999996,81.22,1,4,6,3,2,0.5263157894736842,0.790272543425315
CHEMBL3402118,CHEMBL3402118,Cn1c(=O)n(Cc2cc(C(=O)O)cc(C(=O)O)c2)c(=O)c2c1nc(N1CCC[C@@H](N)C1)n2Cc1ccccc1Cl,,6.3,1,6.3,6.3,IC50,B,single protein format,single_protein,9,D,2015,,567.0020000000004,1.9705999999999997,165.68000000000004,3,7,7,5,4,0.2962962962962963,0.3029361898828231
CHEMBL5848496,CHEMBL5848496,CC1(C)CN[C@@H]1C(=O)N1CCC[C@H]1B(O)O,,6.3,1,6.3,6.3,IC50,B,single protein format,single_protein,9,D,2021,,226.08499999999998,-1.0125999999999997,72.80000000000001,3,4,2,2,0,0.9,0.5272130852744797
CHEMBL1270961,CHEMBL1270961,COc1ccccc1-c1cn2c(-c3ccc(Cl)c(F)c3)c(CN)c(C)nc2n1,,6.3,1,6.3,6.3,Ki,B,single protein format,single_protein,9,D,2010,,396.8530000000002,4.631520000000003,65.44,1,4,4,4,4,0.14285714285714285,0.5457666489477216
CHEMBL237566,CHEMBL237566,CN(C)C(=O)[C@@H]([C@H]1CC[C@@H](c2cccc3ncnn32)CC1)[C@H](N)C(=O)N1CC[C@H](F)C1,,6.3,2,6.09,6.51,IC50,B,single protein format,single_protein,9,D,2007,,430.5280000000003,1.6051999999999995,96.83,1,5,5,4,2,0.6363636363636364,0.7773353977394419
CHEMBL534960,CHEMBL1188062,Cc1ccc(S(=O)(=O)N2CCCN2C(=O)C[C@H](N)Cc2cc(F)c(F)cc2F)cc1,,6.3,1,6.3,6.3,IC50,B,single protein format,single_protein,8,H,2007,,441.4750000000001,2.5104200000000008,83.71000000000001,1,4,6,3,2,0.35,0.6986151537863986
CHEMBL3933623,CHEMBL3933623,CC#CCn1c(N2CCC[C@@H](N)C2)nc2c1c(=O)n(CCCN1CCC(C(=O)OCCC)CC1)c(=O)n2C,,6.3,1,6.3,6.3,IC50,B,single protein format,single_protein,9,D,2016,,527.6700000000004,0.9028000000000027,120.62000000000003,1,8,9,4,2,0.7037037037037037,0.37735023611395613
CHEMBL9512,CHEMBL1177982,NCC(=O)Nc1ccc(OP(=O)(Oc2ccc(NC(=O)CN)cc2)C2CCCN2C(=O)C2CCCN2)cc1,,6.3,1,6.3,6.3,IC50,B,single protein format,single_protein,8,H,1999,,544.5490000000004,1.832399999999999,178.11000000000004,5,9,10,4,2,0.4,0.27914698217354483
CHEMBL4101425,CHEMBL4101425,CCCc1nc2ccc(OCC(N)=O)cc2c(-c2ccccc2)c1CN,,6.29,1,6.29,6.29,IC50,B,assay format,other,9,D,2017,,349.434,3.177100000000001,91.23,2,4,7,3,3,0.23809523809523808,0.6851871490775375
CHEMBL482338,CHEMBL1186912,N[C@@H](CC(=O)N1CCCN(C(=O)c2ccccc2)CC1)Cc1cc(F)c(F)cc1F,,6.29,1,6.29,6.29,IC50,B,single protein format,single_protein,8,H,2008,,419.44700000000023,2.738500000000002,66.64000000000001,1,3,5,3,2,0.36363636363636365,0.7582895252324505
CHEMBL245181,CHEMBL245181,N[C@@H](CC(=O)N1CCn2c(nnc2C(F)(F)F)C1)Cc1ccc(C(F)(F)F)cc1,,6.29,1,6.29,6.29,IC50,B,single protein format,single_protein,9,D,2007,,421.34500000000014,2.6180000000000003,77.04,1,4,4,3,2,0.47058823529411764,0.7705183928405337
CHEMBL590326,CHEMBL590326,COc1cc2c(cc1OC)C1CC(N)C(N3CCCC3=O)CN1CC2,,6.29,1,6.29,6.29,IC50,B,single protein format,single_protein,9,D,2010,,345.44300000000015,1.3250000000000002,68.03,1,5,3,4,1,0.631578947368421,0.8949797227391898
CHEMBL192980,CHEMBL1181828,C[C@@H](c1ccc(-c2ccc(C(F)(F)F)cc2)cc1)[C@H](N)C(=O)N1CC[C@H](F)C1,,6.29,1,6.29,6.29,IC50,B,single protein format,single_protein,8,H,2005,,394.41200000000015,4.373600000000004,46.330000000000005,1,2,4,3,2,0.38095238095238093,0.782951739392839
CHEMBL488022,CHEMBL1187043,N[C@@H](CC(=O)N1N=CCC1C(=O)Nc1ccc(OCC(=O)O)cc1)Cc1cc(F)c(F)cc1F,,6.29,1,6.29,6.29,IC50,B,cell-based format,cell_based,9,D,2008,,478.42700000000025,2.0526,134.32,3,6,9,3,2,0.2727272727272727,0.4725499140034001
CHEMBL3915044,CHEMBL3915044,CC#CCn1c(N2CCC[C@@H](N)C2)nc2c1c(=O)n(CCCN1CCC(C(=O)Nc3ccc(F)cc3)CC1)c(=O)n2C,,6.29,1,6.29,6.29,IC50,B,single protein format,single_protein,9,D,2016,,578.6930000000002,1.7274000000000016,123.42000000000002,2,7,8,5,3,0.5333333333333333,0.3904652818368477
CHEMBL3357774,CHEMBL3357774,N[C@@H](CC(=O)N1[C@H](CO)C[C@@H]2CCCC[C@@H]21)Cc1cc(F)c(F)cc1F,,6.29,1,6.29,6.29,IC50,B,single protein format,single_protein,9,D,2014,,370.41499999999996,2.5158000000000005,66.56,2,3,5,3,1,0.631578947368421,0.783020804616996
CHEMBL205253,CHEMBL205253,CN(CC#N)C(=O)[C@@H](N)C(C)(C)C,,6.29,1,6.29,6.29,Ki,B,single protein format,single_protein,9,D,2006,,183.255,0.3417799999999993,70.12,1,3,2,0,0,0.7777777777777778,0.6275304361429037
CHEMBL3343903,CHEMBL3343903,CCOCc1ccc(-c2ccc(-c3cccs3)s2)s1,,6.29,1,6.29,6.29,IC50,B,single protein format,single_protein,9,D,2014,,306.47700000000003,5.741600000000003,9.23,0,4,5,3,3,0.2,0.5836360988554449
CHEMBL203134,CHEMBL203134,C[C@@H](C#N)N(C)C(=O)[C@@H](N)C(C)(C)C,,6.29,1,6.29,6.29,Ki,B,single protein format,single_protein,9,D,2006,,197.28199999999995,0.7302799999999994,70.12,1,3,2,0,0,0.8,0.7091002163364487
CHEMBL425347,CHEMBL1185652,NC(CC(=O)N1CCC[C@H]1C(=O)NCc1ccc(C(=O)O)cc1)Cc1ccccc1,,6.29,1,6.29,6.29,IC50,B,single protein format,single_protein,9,D,2004,,409.48600000000016,1.9521,112.73,3,4,8,3,2,0.34782608695652173,0.6168499734855202
CHEMBL255351,CHEMBL1182614,CC(c1nc(-c2ccc(C(F)(F)F)cc2Cl)no1)[C@H](N)C(F)=C1CCCC1,,6.28,1,6.28,6.28,IC50,B,assay format,other,9,D,2008,,403.8070000000002,5.637200000000003,64.94,1,4,4,3,2,0.4444444444444444,0.6710081304276588
CHEMBL369952,CHEMBL369952,Cc1ccc(CS(=O)(=O)C(C)(C)[C@H](N)C(=O)N2C[C@@H](F)C[C@H]2C#N)cc1,,6.28,1,6.28,6.28,Ki,B,single protein format,single_protein,9,D,2005,,381.4730000000001,1.4783000000000002,104.25999999999999,1,5,5,2,1,0.5555555555555556,0.8317722084157653
CHEMBL471747,CHEMBL471747,N#C[C@@H]1C[C@H](N=[N+]=[N-])CN1C(=O)[C@@H](N)CCCCNC(=O)OCc1ccccc1,,6.28,1,6.28,6.28,IC50,B,single protein format,single_protein,8,H,2008,,399.4550000000001,2.21378,157.20999999999995,2,6,9,2,1,0.5263157894736842,0.2814998082058365
CHEMBL3127983,CHEMBL3127983,N#C[C@@H]1CCCN1C(=O)[C@@H](N)Cc1ccccn1,,6.28,1,6.28,6.28,IC50,B,assay format,other,9,D,2014,,244.29800000000003,0.4659799999999993,83.01,1,4,3,2,1,0.46153846153846156,0.8372129961415337
CHEMBL383841,CHEMBL383841,N#C[C@@H]1CCCN1C(=O)CNCCC(=O)N1CCN(c2nc3ccccc3s2)CC1,,6.28,1,6.28,6.28,IC50,B,single protein format,single_protein,9,D,2006,,426.54600000000016,1.4391799999999997,92.57,1,7,6,4,2,0.5238095238095238,0.702972592885907
CHEMBL238014,CHEMBL238014,CC[C@H](C)[C@H](N)C(=O)N1CC[C@@H]2C[C@@H]21,,6.28,1,6.28,6.28,Ki,B,single protein format,single_protein,9,D,2007,,196.29399999999995,0.9805999999999998,46.330000000000005,1,2,3,2,0,0.9090909090909091,0.7311138459888424
CHEMBL218911,CHEMBL218911,C[C@H](c1nc(-c2ccc(NS(C)(=O)=O)cc2)no1)[C@H](N)C(=O)N1CCCC1,,6.28,1,6.28,6.28,IC50,B,single protein format,single_protein,8,H,2006,,393.4690000000003,1.1613,131.42000000000002,2,7,6,3,2,0.47058823529411764,0.7525457254505762
CHEMBL3350816,CHEMBL3350816,NCCCC[C@H](NC(=O)OCc1ccccc1)C(=O)N1CCCC1,,6.28,1,6.28,6.28,Ki,B,single protein format,single_protein,8,H,1996,,333.4320000000002,2.0327999999999995,84.65999999999998,2,4,8,2,1,0.5555555555555556,0.7130189937515138
CHEMBL371347,CHEMBL388900,CN(C)C(=O)[C@@H](c1ccc(-c2ccc(F)cc2)cc1)[C@H](N)C(=O)N1CCOCC1,,6.28,2,6.28,6.28,IC50,B,single protein format,single_protein,8,H,2005;2007,,399.46600000000024,1.8505999999999996,75.87,1,4,5,3,2,0.36363636363636365,0.8326881277709453
CHEMBL3329688,CHEMBL3329688,Cn1c(=O)n(Cc2ccccc2C#N)c2c(N3CCCCC(N)C3)ccnc21,,6.28,1,6.28,6.28,IC50,B,single protein format,single_protein,9,D,2014,,376.46400000000017,1.9725799999999993,92.87,1,5,3,4,3,0.38095238095238093,0.7543625458258543
CHEMBL3330058,CHEMBL3330058,N#C[C@@H]1C[C@H](F)CN1C(=O)C[C@H](N)Cc1ccc(Cl)c(Cl)c1,,6.28,1,6.28,6.28,IC50,B,assay format,other,9,D,2014,,344.217,2.715880000000001,70.12,1,3,4,2,1,0.4666666666666667,0.913031224703285
CHEMBL3675623,CHEMBL3675623,Cc1nc(CN2C(=O)c3c(nc(N4CCC[C@@H](N)C4)n3C)N3CCN=C23)nc2ccccc12,,6.27,1,6.27,6.27,IC50,B,single protein format,single_protein,9,D,2014,,445.53100000000023,1.4312200000000013,108.77,1,8,3,6,3,0.43478260869565216,0.6495788958657308
CHEMBL231551,CHEMBL231551,N[C@@H](CC(=O)N1CCC[C@H]1C(=O)NCc1ccccc1)Cc1ccccc1F,,6.27,1,6.27,6.27,IC50,B,single protein format,single_protein,8,H,2007,,383.4670000000001,2.393,75.43,2,3,7,3,2,0.36363636363636365,0.7709167410127393
CHEMBL4443070,CHEMBL4443070,Cc1nc(CN2C(=O)c3c(nc(N4CCC[C@@H](N)C4)n3CC#N)N3CCN=C23)nc2ccccc12,,6.27,1,6.27,6.27,IC50,B,single protein format,single_protein,9,D,2016,,470.5410000000003,1.4178000000000008,132.56,1,9,4,6,3,0.4166666666666667,0.6053403674064436
CHEMBL186596,CHEMBL1181638,NC(CC(=O)N1CCC[C@H]1C(=O)NCc1ccccc1)Cc1ccccc1F,,6.27,1,6.27,6.27,IC50,B,single protein format,single_protein,9,D,2004,,383.4670000000001,2.393,75.43,2,3,7,3,2,0.36363636363636365,0.7709167410127393
CHEMBL4077696,CHEMBL4077696,N[C@@H](CC(=O)N1CC[C@H]2[C@@H](CCc3nnc(C(F)(F)F)n32)C1)Cc1cc(F)c(F)cc1F,,6.27,1,6.27,6.27,IC50,B,cell-based format,cell_based,9,D,2017,,461.41000000000014,3.0101000000000013,77.04000000000002,1,4,4,4,2,0.55,0.5612147707926325
CHEMBL3357776,CHEMBL3357776,N[C@@H](CC(=O)N1[C@H](CNC(=O)C2CC2)C[C@@H]2CCCC[C@@H]21)Cc1cc(F)c(F)cc1F,,6.27,1,6.27,6.27,IC50,B,single protein format,single_protein,9,D,2014,,437.50600000000014,3.0497000000000014,75.43,2,3,7,4,1,0.6521739130434783,0.6441653206404422
CHEMBL4072939,CHEMBL4072939,CCCCCc1nc2ccc(OCC(N)=O)cc2c(-c2ccccc2)c1CN,,6.27,1,6.27,6.27,IC50,B,assay format,other,9,D,2017,,377.4880000000001,3.957300000000002,91.23,2,4,9,3,3,0.30434782608695654,0.5522930630154217
CHEMBL1650415,CHEMBL1650415,Cc1nc(N2CCC[C@@H](N)C2)n(Cc2ccccc2C#N)c(=O)c1-c1ccccc1,,6.27,1,6.27,6.27,IC50,B,single protein format,single_protein,9,D,2011,,399.49800000000016,3.066200000000001,87.94,1,5,4,4,3,0.2916666666666667,0.7284168190700355
CHEMBL16709,CHEMBL16709,CC(C)C(N)C(=O)N1CCCC1,,6.26,1,6.26,6.26,IC50,B,single protein format,single_protein,9,D,2015,,170.25599999999994,0.5920999999999998,46.330000000000005,1,2,2,1,0,0.8888888888888888,0.6590717803254353
CHEMBL1270860,CHEMBL1270860,COc1ccccc1-c1cn2c(-c3cccc(F)c3)c(CN)c(C)nc2n1,,6.26,1,6.26,6.26,Ki,B,single protein format,single_protein,9,D,2010,,362.40800000000013,3.9781200000000023,65.44,1,4,4,4,4,0.14285714285714285,0.5963582118701494
CHEMBL366751,CHEMBL366751,N[C@H](C(=O)N1CCCC1)[C@H]1CC[C@@H](NS(=O)(=O)c2ccc(OC(F)(F)F)cc2)C1,,6.26,1,6.26,6.26,IC50,B,single protein format,single_protein,8,H,2004,,435.46800000000013,1.9818999999999993,101.73,2,5,6,3,1,0.6111111111111112,0.7116294095404364
CHEMBL190923,CHEMBL1181751,CN(C)C(=O)[C@@H](c1ccc(-c2ccc(F)cc2)cc1)[C@H](N)C(=O)N1CCCCC1,,6.26,1,6.26,6.26,IC50,B,single protein format,single_protein,8,H,2005,,397.49400000000026,3.0043000000000015,66.64,1,3,5,3,2,0.391304347826087,0.8434583933097238
CHEMBL257742,CHEMBL257742,Cc1nsc(N2CCCN(C(=O)[C@@H]3CN[C@H](C(=O)N4CCCC4)C3)CC2)n1,,6.26,2,6.01,6.51,IC50,B,cell-free format;single protein format,mixed,9,D,2008,,392.52900000000034,0.4857200000000008,81.67,1,7,3,4,1,0.7777777777777778,0.8061421947484717
CHEMBL2069833,CHEMBL2069833,N[C@@H](CC(=O)N1CCN(c2ccccc2-c2ccccc2)CC1)Cc1cc(F)c(F)cc1F,,6.25,1,6.25,6.25,IC50,B,single protein format,single_protein,9,D,2012,,453.50800000000027,4.3796000000000035,49.57000000000001,1,3,6,4,3,0.2692307692307692,0.5638948921028943
CHEMBL402111,CHEMBL402111,CC#CCn1c(N2CCCC(N)C2)nc(Br)c1C(=O)NCc1cccc2ccccc12,,6.25,1,6.25,6.25,IC50,B,cell-based format,cell_based,9,D,2008,,480.4100000000002,3.6796000000000015,76.18,2,4,5,4,3,0.3333333333333333,0.5467762059627167
CHEMBL220402,CHEMBL1182206,C[C@H](c1nnc(-c2ccc(Cl)cc2Cl)o1)[C@H](N)C(=O)N1CCCC1,,6.25,1,6.25,6.25,IC50,B,single protein format,single_protein,8,H,2006,,369.25200000000024,3.0966000000000014,85.24999999999999,1,5,4,3,2,0.4375,0.8952488522531111
CHEMBL381444,CHEMBL381444,CC12CC3(C)CC(C)(C1)CC(NCC(=O)N1CCC[C@@H]1B(O)O)(C2)C3,,6.25,1,6.25,6.25,IC50,B,single protein format,single_protein,9,D,2005,,348.2960000000001,1.7180999999999997,72.80000000000001,3,4,4,5,0,0.9473684210526315,0.6767158977263321
CHEMBL5958101,CHEMBL5958101,COc1ccc2ccc3c(c2c1)CC(N)C(c1ccccc1F)O3,,6.25,1,6.25,6.25,IC50,B,cell-based format,cell_based,9,D,2019,,323.367,3.9910000000000023,44.480000000000004,1,3,2,4,3,0.2,0.7753426062843948
CHEMBL224435,CHEMBL224435,O=C([C@@H]1CCCN1)N1CCSC1,,6.25,1,6.25,6.25,IC50,B,cell-free format,other,9,D,2007,,186.28,0.27129999999999993,32.34,1,3,1,2,0,0.875,0.6378264088785724
CHEMBL3981442,CHEMBL3981442,COc1ccc2ccc3c(c2c1)C[C@H](N)[C@@H](c1ccccc1F)O3,,6.25,1,6.25,6.25,IC50,B,cell-based format,cell_based,9,D,2016,,323.367,3.9910000000000023,44.480000000000004,1,3,2,4,3,0.2,0.7753426062843948
CHEMBL472128,CHEMBL472128,N#C[C@@H]1C[C@H](N=[N+]=[N-])CN1C(=O)[C@@H](N)CCCCNc1ccc2ccccc2c1,,6.25,1,6.25,6.25,IC50,B,single protein format,single_protein,8,H,2008,,391.47900000000004,3.5526800000000014,130.90999999999997,2,5,8,3,2,0.42857142857142855,0.308131371958735
CHEMBL201544,CHEMBL201544,N#C[C@@H]1CCCN1C(=O)CNCCC(=O)NCCc1ccccc1,,6.25,1,6.25,6.25,IC50,B,single protein format,single_protein,9,D,2006,,328.416,0.8395800000000007,85.23,2,4,8,2,1,0.5,0.6926210943841254
CHEMBL235352,CHEMBL235352,CC(C)=CCn1c(N2CCNCC2)nc2c1c(=O)n(C)c(=O)n2C,,6.24,1,6.24,6.24,IC50,B,cell-based format,cell_based,9,D,2007,,332.4080000000001,-0.19049999999999856,77.09,1,5,3,3,2,0.5625,0.7885663819898325
CHEMBL512145,CHEMBL512145,N[C@@H](CC(=O)NC1(c2ccccc2)CCS(=O)(=O)CC1)Cc1ccccc1F,,6.24,1,6.24,6.24,IC50,B,cell-based format,cell_based,9,D,2008,,404.5070000000002,2.3058999999999994,89.25999999999999,2,4,6,3,2,0.38095238095238093,0.7732076999676166
CHEMBL248615,CHEMBL248615,Cn1c(C(F)(F)F)nc2c1CCN(C(=O)C[C@H](N)Cc1cc(F)c(F)cc1F)C2(C)C,,6.24,1,6.24,6.24,IC50,B,single protein format,single_protein,8,H,2007,,448.4110000000002,3.4361000000000024,64.15,1,3,4,3,2,0.5,0.5759671766999176
CHEMBL402573,CHEMBL402573,CC#CCn1c(N2CCCC(N)C2)nc(C#N)c1C(=O)NCc1cccc2ccccc12,,6.24,1,6.24,6.24,IC50,B,cell-based format,cell_based,9,D,2008,,426.5240000000001,2.788780000000001,99.97,2,5,5,4,3,0.32,0.6113251306092421
CHEMBL203323,CHEMBL1181977,Cc1c(-c2ccc([C@H](C)[C@H](N)C(=O)N3CC[C@H](F)C3)cc2)cc(Br)c(=O)n1C,,6.24,1,6.24,6.24,IC50,B,single protein format,single_protein,9,D,2006,,450.3520000000001,3.1244200000000015,68.33000000000001,1,3,4,3,2,0.42857142857142855,0.7786791564916876
CHEMBL1650425,CHEMBL1650425,CC(C)(C)C#Cc1cnc(N2CCC[C@@H](N)C2)n(Cc2ccccc2C#N)c1=O,,6.24,1,6.24,6.24,IC50,B,single protein format,single_protein,9,D,2011,,389.5030000000001,2.4883800000000003,87.94,1,5,3,3,2,0.43478260869565216,0.8150697446266407
CHEMBL1243184,CHEMBL1243184,O=C1N[C@H](C(=O)N2CCC[C@H]2B(O)O)C[C@H]1CC(=O)N1Cc2ccccc2C1,,6.24,1,6.24,6.24,IC50,B,cell-based format,cell_based,9,D,2010,,385.22900000000016,-0.5733999999999986,110.17999999999999,3,5,4,4,1,0.5263157894736842,0.6015327595691092
CHEMBL192449,CHEMBL1181813,C[C@@H](c1ccc(-c2cncnc2)cc1)[C@H](N)C(=O)N1CC[C@H](F)C1,,6.24,1,6.24,6.24,IC50,B,single protein format,single_protein,8,H,2005,,328.39100000000013,2.144799999999999,72.11,1,4,4,3,2,0.3888888888888889,0.9332397461592427
CHEMBL199450,CHEMBL199450,CC(C)([C@H](N)C(=O)N1C[C@@H](F)C[C@H]1C#N)S(=O)(=O)Cc1ccc(-c2ccccc2)cc1,,6.24,1,6.24,6.24,Ki,B,single protein format,single_protein,9,D,2005,,443.5440000000002,2.8368800000000016,104.25999999999999,1,5,6,3,2,0.391304347826087,0.7392706338785433
CHEMBL1683094,CHEMBL1683094,Cc1noc(C)c1S(=O)(=O)N(CCCC(F)(F)F)[C@H]1CC[C@H]([C@H](N)Cc2cc(F)ccc2F)CC1,,6.24,1,6.24,6.24,IC50,B,single protein format,single_protein,8,H,2011,,523.5680000000002,5.031640000000005,89.43,1,5,9,3,2,0.6086956521739131,0.4658843451141347
CHEMBL404159,CHEMBL404159,Cc1nsc(C2CCN(C(=O)[C@@H]3CN[C@H](C(=O)N4CCCC4)C3)CC2)n1,,6.234999999999999,2,6.01,6.46,IC50,B,cell-free format;single protein format,mixed,9,D,2008,,377.5140000000003,1.1530199999999997,78.43,1,6,3,4,1,0.7777777777777778,0.8550173358510958
CHEMBL375437,CHEMBL375437,N[C@H]1CN(CCN2CCOCC2)C(=O)C[C@@H]1c1cc(F)c(F)cc1F,,6.23,1,6.23,6.23,Ki,B,single protein format,single_protein,9,D,2007,,357.376,1.0793,58.800000000000004,1,4,4,3,1,0.5882352941176471,0.8196385510040664
CHEMBL364461,CHEMBL364461,N[C@@H](CC(=O)N1CCCc2n[nH]c(C(F)(F)F)c21)Cc1cc(F)ccc1F,,6.23,1,6.23,6.23,IC50,B,single protein format,single_protein,9,D,2005,,388.3400000000001,2.9460000000000006,75.01,2,3,4,3,2,0.4117647058823529,0.7912477014871926
CHEMBL4776485,CHEMBL4776485,CC#CCn1c(N2CCC[C@@H](N)C2)nc2c1c(=O)n(CCCN1CCN(c3ncc(CCC)cn3)CC1)c(=O)n2C,,6.23,1,6.23,6.23,IC50,B,single protein format,single_protein,9,D,2020,,562.7230000000004,0.8023000000000027,123.34,1,9,9,5,3,0.6206896551724138,0.3773898434839129
CHEMBL184912,CHEMBL184912,N[C@@H](CC(=O)N1CCSC1)Cc1ccc(F)cc1F,,6.23,1,6.23,6.23,IC50,B,single protein format,single_protein,8,H,2004,,286.347,1.7575999999999998,46.330000000000005,1,3,4,2,1,0.46153846153846156,0.9171369653374901
CHEMBL1650447,CHEMBL1650447,Cn1c(=O)cc(NC2CCCCNC2)n(Cc2ccccc2C#N)c1=O,,6.23,1,6.23,6.23,IC50,B,single protein format,single_protein,9,D,2011,,353.42600000000004,1.0209799999999998,91.85,2,5,4,3,2,0.42105263157894735,0.8562436801269014
CHEMBL519773,CHEMBL1187766,N[C@@H](CC(=O)N1CCCN(c2ncccn2)CC1)Cc1cc(F)c(F)cc1F,,6.22,1,6.22,6.22,IC50,B,single protein format,single_protein,8,H,2008,,393.4130000000001,1.8926999999999996,75.35000000000001,1,5,5,3,2,0.42105263157894735,0.7856232323620662
CHEMBL316832,CHEMBL316832,N#C[C@@H]1CCCN1C(=O)CNCC12C[C@H]3C[C@@H](C1)C[C@@H](C2)C3,,6.22,1,6.22,6.22,IC50,B,assay format,other,8,H,2003,,301.4340000000001,2.3069799999999994,56.13,1,3,4,5,0,0.8888888888888888,0.8666614180513377
CHEMBL231994,CHEMBL231994,COc1ccc(N2CCC(N)C(c3cccc(C)c3)C2)cc1OC,,6.22,1,6.22,6.22,IC50,B,single protein format,single_protein,9,D,2007,,326.4400000000001,3.333420000000002,47.72,1,4,4,3,2,0.4,0.9360417284209862
CHEMBL1683476,CHEMBL1739506,N[C@@H](CC(=O)N1CCSC1C(=O)O)Cc1cc(F)c(F)cc1F,,6.22,1,6.22,6.22,IC50,B,single protein format,single_protein,9,D,2011,,348.346,1.3498999999999999,83.63000000000001,2,4,5,2,1,0.42857142857142855,0.7850701614650389
CHEMBL194489,CHEMBL1181872,C[C@@H](c1ccc(C(F)(F)F)cc1)[C@H](N)C(=O)N1CC[C@H](F)C1,,6.22,1,6.22,6.22,IC50,B,single protein format,single_protein,8,H,2005,,318.3140000000001,2.706600000000001,46.330000000000005,1,2,3,2,1,0.5333333333333333,0.8711758058543654
CHEMBL270395,CHEMBL270395,Cc1nc(N2CCN(C(=O)[C@@H]3CN[C@H](C(=O)N4CCCC4)C3)CC2)no1,,6.22,1,6.22,6.22,IC50,B,single protein format,single_protein,9,D,2008,,362.43400000000025,-0.3728799999999981,94.81,1,7,3,4,1,0.7647058823529411,0.7836144914962297
CHEMBL261463,CHEMBL261463,CCCN(CC#N)C(=O)[C@@H]1C[C@H](C(=O)N(C)C)[C@H](C)N1,,6.22,1,6.22,6.22,IC50,B,single protein format,single_protein,9,D,2008,,280.37199999999996,0.20338000000000084,76.44,1,4,5,1,0,0.7857142857142857,0.7300901452628286
CHEMBL519591,CHEMBL519591,C[C@@H](c1nc(-c2ccc(Cl)cc2Cl)no1)[C@H](N)Cc1cc(F)c(F)cc1F,,6.22,1,6.22,6.22,IC50,B,single protein format,single_protein,8,H,2008,,416.23000000000013,5.1342000000000025,64.94,1,4,5,3,3,0.2222222222222222,0.585803501046951
CHEMBL236481,CHEMBL236481,CC12CC3(C)CC(O)(C1)CC([C@H](N)C(=O)N1CCCCC1)(C2)C3,,6.22,1,6.22,6.22,Ki,B,single protein format,single_protein,9,D,2007,,320.47700000000015,2.4377000000000004,66.56,2,3,2,5,0,0.9473684210526315,0.8210449475228266
CHEMBL245971,CHEMBL1182562,CC(=O)Nc1ccc([C@H](C)[C@H](N)C(=O)N2CC[C@H](F)C2)cc1,,6.22,1,6.22,6.22,IC50,B,cell-based format,cell_based,9,D,2007,,307.369,1.6461999999999997,75.42999999999999,2,3,4,2,1,0.5,0.8878054465338423
CHEMBL269209,CHEMBL1182840,C[C@H](N)C(=O)Nc1ccc(OP(=O)(Oc2ccc(NC(=O)[C@@H](C)N)cc2)C2CCCN2C(=O)C2CCCN2)cc1,,6.22,1,6.22,6.22,IC50,B,single protein format,single_protein,8,H,1999,,572.6030000000002,2.6094,178.11000000000004,5,9,10,4,2,0.4444444444444444,0.26771593148073536
CHEMBL234412,CHEMBL234412,CCCC[C@H]1CN2CCc3cc(OC)c(OC)cc3[C@@H]2C[C@@H]1N,,6.215,2,6.15,6.28,IC50,B,assay format;single protein format,mixed,9,D,2007;2008,,318.46100000000007,3.1404000000000005,47.72,1,4,5,3,1,0.6842105263157895,0.9058718690501134
CHEMBL3357779,CHEMBL3357779,N[C@@H](CC(=O)N1[C@H](CNC(=O)c2ccccc2)C[C@@H]2CCCC[C@@H]21)Cc1cc(F)c(F)cc1F,,6.21,1,6.21,6.21,IC50,B,single protein format,single_protein,9,D,2014,,473.53900000000027,3.9535000000000036,75.43,2,3,7,4,2,0.46153846153846156,0.5982247903952826
CHEMBL5285764,CHEMBL5285764,O=C([C@H]1CC[C@@H](n2cc(-c3ccccc3O)nn2)C1)N1CCC(F)(F)C1,,6.21,1,6.21,6.21,IC50,B,single protein format,single_protein,9,D,2021,,362.38000000000017,2.8595000000000015,71.25,1,4,3,4,2,0.5,0.9114326325487533
CHEMBL1270859,CHEMBL1270859,COc1ccccc1-c1cn2c(-c3ccc(Cl)c(Cl)c3)c(CN)c(C)nc2n1,,6.21,1,6.21,6.21,Ki,B,single protein format,single_protein,9,D,2010,,413.30800000000016,5.145820000000003,65.44,1,4,4,4,4,0.14285714285714285,0.502906759447106
CHEMBL96080,CHEMBL96080,N#C[C@@H]1CCCN1C(=O)CNC1CC1,,6.21,1,6.21,6.21,IC50,B,assay format,other,8,H,2003,,193.25,0.2529799999999996,56.13,1,3,3,2,0,0.8,0.6988272381931234
CHEMBL4745258,CHEMBL4745258,CC#CCn1c(N2CCC[C@@H](N)C2)nc2c1c(=O)n(CCCN1CCN(c3ncc(CC)cn3)CC1)c(=O)n2C,,6.21,1,6.21,6.21,IC50,B,single protein format,single_protein,9,D,2020,,548.6960000000004,0.412200000000003,123.34,1,9,8,5,3,0.6071428571428571,0.39887233051976934
CHEMBL3972227,CHEMBL3972227,CC#CCn1c(N2CCC[C@@H](N)C2)nc2c1c(=O)n(CCCN1CCC(C(=O)OC3CCC3)CC1)c(=O)n2C,,6.21,1,6.21,6.21,IC50,B,single protein format,single_protein,9,D,2016,,539.6810000000005,1.0453000000000026,120.62000000000003,1,8,8,5,2,0.7142857142857143,0.39042954518967743
CHEMBL487630,CHEMBL487630,C[C@H](c1nc(-c2ccc(Cl)cc2Cl)no1)[C@H](N)C(=O)N1CC[C@H](F)C1,,6.21,1,6.21,6.21,IC50,B,single protein format,single_protein,8,H,2008,,387.2420000000002,3.0446000000000017,85.24999999999999,1,5,4,3,2,0.4375,0.871835382783415
CHEMBL4083433,CHEMBL4083433,CCCCc1nc2ccc(OCC(N)=O)cc2c(-c2ccccc2)c1CN,,6.21,1,6.21,6.21,IC50,B,assay format,other,9,D,2017,,363.46100000000007,3.5672000000000015,91.23,2,4,8,3,3,0.2727272727272727,0.6399376772500808
CHEMBL395688,CHEMBL395688,CCN(C)C(=O)N1CC(N)C(c2ccc(Cl)cc2Cl)C1,,6.21,1,6.21,6.21,Ki,B,single protein format,single_protein,9,D,2007,,316.2320000000001,2.7916000000000007,49.57000000000001,1,2,2,2,1,0.5,0.9119494482067692
CHEMBL182861,CHEMBL182861,N[C@@H](CC(=O)N1CCNC[C@H]1c1ccc(F)cc1)Cc1ccccc1F,,6.21,1,6.21,6.21,IC50,B,single protein format,single_protein,8,H,2004,,359.4200000000001,2.3978,58.36000000000001,2,3,5,3,2,0.35,0.861918390747336
CHEMBL4072218,CHEMBL4072218,CC(C)Cc1nc2ccc(Br)cc2c(-c2ccccc2)c1CN,,6.2,1,6.2,6.2,IC50,B,assay format,other,9,D,2017,,369.3060000000001,5.321500000000005,38.91,1,2,4,3,3,0.25,0.6758931975544711
CHEMBL3687982,CHEMBL3687982,CCN1C(=O)Cn2c1nc1nc(N3CCC[C@@H](N)C3)n(Cc3cc(F)ccc3F)c1c2=O,,6.2,1,6.2,6.2,IC50,B,single protein format,single_protein,9,D,2015,,443.4580000000002,1.2135000000000005,102.28,1,6,4,5,3,0.42857142857142855,0.650546118016959
CHEMBL404544,CHEMBL404544,NCc1c(-c2ccc(Cl)cc2Cl)ccc2nc[nH]c12,,6.2,1,6.2,6.2,IC50,B,single protein format,single_protein,9,D,2008,,292.169,3.995400000000002,54.699999999999996,2,2,2,3,3,0.07142857142857142,0.7498515165390419
CHEMBL321509,CHEMBL321509,N#C[C@@H]1CCCN1C(=O)CNCCOc1ccccc1,,6.2,1,6.2,6.2,IC50,B,assay format,other,8,H,2003,,273.336,1.1695799999999996,65.36,1,4,6,2,1,0.4666666666666667,0.7901723386135224
CHEMBL520921,CHEMBL520921,N#Cc1c(F)cc(F)cc1N1C[C@@H]2[C@H](C1)[C@H]2NCC(=O)N1C[C@@H](F)C[C@H]1C#N,,6.2,1,6.2,6.2,IC50,B,cell-free format,other,9,D,2008,,389.38100000000014,1.3232599999999997,83.16,1,5,4,4,1,0.5263157894736842,0.8400243697146011
CHEMBL3330055,CHEMBL3330055,N#C[C@@H]1C[C@H](F)CN1C(=O)C[C@H](N)Cc1ccc(C(F)(F)F)cc1,,6.19,1,6.19,6.19,IC50,B,assay format,other,9,D,2014,,343.32399999999996,2.427880000000001,70.12,1,3,4,2,1,0.5,0.8538368691618903
CHEMBL424854,CHEMBL424854,COc1cc2c(cc1OC)CN(C(=O)CCNCC(=O)N1CCC[C@H]1C#N)CC2,,6.19,1,6.19,6.19,IC50,B,single protein format,single_protein,9,D,2006,,400.4790000000002,1.0827800000000005,94.9,1,6,7,3,1,0.5714285714285714,0.6885856384469482
CHEMBL230449,CHEMBL1182332,N[C@H]1CN(c2ncccc2C(F)(F)F)CC[C@@H]1c1cc(F)c(F)cc1F,,6.19,1,6.19,6.19,IC50,B,single protein format,single_protein,8,H,2007,,375.316,3.8389000000000024,42.15,1,3,2,3,2,0.35294117647058826,0.6407442926082139
CHEMBL3616888,CHEMBL3616888,CC#CCn1c(N2CCNCC2)nc2c1c(=O)n(Cc1csc(CO)n1)c(=O)n2C,,6.19,1,6.19,6.19,IC50,B,single protein format,single_protein,9,D,2014,,429.5060000000002,-0.6732999999999989,110.21000000000001,2,8,5,4,3,0.47368421052631576,0.5176248313449668
CHEMBL256603,CHEMBL1182622,CC(c1nc(-c2ccc(Br)cc2Cl)no1)[C@H](N)C(F)=C1CCCC1,,6.19,1,6.19,6.19,IC50,B,assay format,other,9,D,2008,,414.70600000000024,5.380900000000003,64.94,1,4,4,3,2,0.4117647058823529,0.7291003119407183
CHEMBL209058,CHEMBL209058,CC(C)(Cc1ccc(F)cc1)NCC(=O)N1[C@H](C#N)CC[C@@H]1C#N,,6.19,1,6.19,6.19,IC50,B,single protein format,single_protein,9,D,2006,,328.39100000000013,2.14316,79.92,1,4,5,2,1,0.5,0.8978750837171731
CHEMBL2408774,CHEMBL2408774,CC(C)=CCn1c(N2CC3CCNC3C2)nc2c1c(=O)n(CC(=O)c1ccccc1)c(=O)n2C,,6.19,1,6.19,6.19,IC50,B,single protein format,single_protein,9,D,2013,,462.55400000000026,1.5438999999999998,94.16,1,6,6,5,3,0.44,0.4412874032786264
CHEMBL234430,CHEMBL234430,COc1cccc([C@H]2CN3CCc4cc(OC)c(OC)cc4[C@@H]3C[C@H]2N)c1,,6.19,1,6.19,6.19,IC50,B,single protein format,single_protein,9,D,2007,,368.4770000000001,3.1264000000000003,56.95,1,5,4,4,2,0.45454545454545453,0.8985535074981408
CHEMBL3402125,CHEMBL3402125,Cn1c(=O)n(Cc2ccc(F)c(C(=O)O)c2)c(=O)c2c1nc(N1CCC[C@@H](N)C1)n2Cc1ccccc1Cl,,6.19,1,6.19,6.19,IC50,B,single protein format,single_protein,9,D,2015,,540.9830000000004,2.411500000000001,128.38,2,6,6,5,4,0.3076923076923077,0.3841167972456809
CHEMBL169758,CHEMBL169758,N[C@H](C(=O)N1CCCC1)[C@H]1CC[C@@H](OC(=O)Nc2ccc(I)cc2)C1,,6.18,1,6.18,6.18,IC50,B,single protein format,single_protein,8,H,2004,,457.31200000000007,2.958100000000001,84.66,2,4,4,3,1,0.5555555555555556,0.6815499951915467
CHEMBL4249750,CHEMBL4249750,O=C([C@@H]1C[C@H](n2cc(-c3ccccc3)nn2)CN1)N1CCC(F)(F)C1,,6.18,1,6.18,6.18,IC50,B,assay format,other,9,D,2018,,347.36900000000014,1.7156999999999996,63.050000000000004,1,4,3,4,2,0.47058823529411764,0.9182845714152724
CHEMBL208902,CHEMBL208902,CC(C)(C)NCC(=O)N1[C@H](C#N)CC[C@@H]1C#N,,6.18,1,6.18,6.18,IC50,B,single protein format,single_protein,9,D,2006,,234.30299999999997,0.7812599999999998,79.92,1,4,2,1,0,0.75,0.7653455587396375
CHEMBL5278390,CHEMBL5278390,O=C([C@H]1CC[C@@H](n2cc(-c3ccc(-c4ccccc4)cc3)nn2)C1)N1CCC(F)(F)C1,,6.18,1,6.18,6.18,IC50,B,single protein format,single_protein,9,D,2021,,422.4790000000002,4.820900000000004,51.02,0,3,4,5,3,0.375,0.6057207516027927
CHEMBL4785060,CHEMBL4785060,CC#CCn1c(N2CCC[C@@H](N)C2)nc2c1c(=O)n(CCCN1CCN(c3ncc(C)cn3)CC1)c(=O)n2C,,6.18,1,6.18,6.18,IC50,B,single protein format,single_protein,9,D,2020,,534.6690000000003,0.15822000000000314,123.34,1,9,7,5,3,0.5925925925925926,0.42229657966070117
CHEMBL2147187,CHEMBL2220250,COc1cccc2c3nc(N4CCC[C@@H](N)C4)n(Cc4ccccc4Cl)c3c(=O)n(C)c12,,6.18,1,6.18,6.18,IC50,B,single protein format,single_protein,9,D,2012,,451.95800000000014,3.5260000000000016,78.31,1,5,4,5,4,0.3333333333333333,0.5132400774429547
CHEMBL3797842,CHEMBL3800720,C=C1C[C@@H](C#N)N(C(=O)[C@@H](N)CC(=O)N2CCN(C(c3ccc(F)cc3)c3ccc(F)cc3)CC2)C1,,6.17,1,6.17,6.17,IC50,B,cell-free format,other,9,D,2016,,493.5580000000002,2.5964800000000006,93.66999999999999,1,5,6,4,2,0.37037037037037035,0.62476214336092
CHEMBL5902002,CHEMBL5902002,COc1ccc2ccc3c(c2c1)CC(N)C(c1ccc(Cl)cc1Cl)O3,,6.17,1,6.17,6.17,IC50,B,cell-based format,cell_based,9,D,2019,,374.26700000000005,5.158700000000003,44.480000000000004,1,3,2,4,3,0.2,0.6740680351120967
CHEMBL204458,CHEMBL204458,CCCN(CC#N)C(=O)[C@@H](N)C12CC3CC(CC(C3)C1)C2,,6.17,1,6.17,6.17,Ki,B,single protein format,single_protein,9,D,2006,,289.42300000000006,2.29228,70.12,1,3,5,4,0,0.8823529411764706,0.789411864279674
CHEMBL372746,CHEMBL372746,N#C[C@@H]1CCCN1C(=O)CNCCC(=O)N1CCN(C(=O)c2cc(F)cc(F)c2)CC1,,6.17,1,6.17,6.17,IC50,B,single protein format,single_protein,9,D,2006,,433.4590000000002,0.7434800000000006,96.75,1,5,6,3,1,0.5238095238095238,0.6680069446480628
CHEMBL2206477,CHEMBL2206477,COc1ccc(-c2csc(C3(NC(=O)C[C@H](N)Cc4ccccc4F)CCS(=O)(=O)CC3)n2)cc1,,6.17,1,6.17,6.17,IC50,B,single protein format,single_protein,9,D,2012,,517.6480000000004,3.4380000000000024,111.37999999999998,2,7,8,4,3,0.36,0.47359502934104697
CHEMBL1683093,CHEMBL1683093,Cc1noc(C)c1S(=O)(=O)N(Cc1ccccc1)[C@H]1CC[C@H]([C@H](N)Cc2cc(F)ccc2F)CC1,,6.17,1,6.17,6.17,IC50,B,single protein format,single_protein,8,H,2011,,503.6150000000003,4.889340000000004,89.43,1,5,8,4,3,0.4230769230769231,0.4728448253411263
CHEMBL1688419,CHEMBL1688419,Cc1nc(C(=O)NC2CC2)cc(-c2ccc(F)cc2F)c1CN,,6.17,1,6.17,6.17,IC50,B,single protein format,single_protein,9,D,2010,,317.33900000000006,2.6861200000000007,68.01,2,3,4,3,2,0.29411764705882354,0.9108093890401573
CHEMBL4782382,CHEMBL4782382,CC#CCn1c(N2CCC[C@@H](N)C2)nc2c1c(=O)n(CCCN1CCN(c3noc(-c4ccccc4)n3)CC1)c(=O)n2C,,6.17,1,6.17,6.17,IC50,B,single protein format,single_protein,9,D,2020,,586.7010000000001,1.1098000000000026,136.48000000000002,1,10,8,6,4,0.5,0.29911935437098613
CHEMBL271062,CHEMBL271062,CN(C)C(=O)[C@@H]1CN[C@H](C(=O)N2CCCC2)C1,,6.17,1,6.17,6.17,IC50,B,single protein format,single_protein,9,D,2008,,239.3189999999999,-0.32489999999999863,52.650000000000006,1,3,2,2,0,0.8333333333333334,0.7180364020321663
CHEMBL1683482,CHEMBL1739318,N[C@@H](CC(=O)N1CCSC1C(=O)N1CCNCC1)Cc1cc(F)c(F)cc1F,,6.17,1,6.17,6.17,IC50,B,single protein format,single_protein,9,D,2011,,416.46900000000016,0.6971000000000003,78.67,2,5,5,3,1,0.5555555555555556,0.691232901751926
CHEMBL172276,CHEMBL172276,N[C@H](C(=O)N1CCCC1)[C@@H]1CC[C@H](OC(=O)Nc2ccc(I)cc2)C1,,6.17,1,6.17,6.17,IC50,B,single protein format,single_protein,8,H,2004,,457.31200000000007,2.958100000000001,84.66,2,4,4,3,1,0.5555555555555556,0.6815499951915467
CHEMBL1688423,CHEMBL1688423,Cc1cc(NC(=O)c2cc(-c3ccc(F)cc3F)c(CN)c(C)n2)no1,,6.17,1,6.17,6.17,IC50,B,single protein format,single_protein,9,D,2010,,358.3480000000001,3.342640000000001,94.04,2,5,4,3,3,0.16666666666666666,0.7458962094907307
CHEMBL1683139,CHEMBL1683139,N[C@H](Cc1cc(F)ccc1F)C1CCN(c2ncccn2)CC1,,6.17,1,6.17,6.17,IC50,B,single protein format,single_protein,8,H,2011,,318.37100000000004,2.541200000000001,55.04,1,4,4,3,2,0.4117647058823529,0.9410988358595881
CHEMBL233337,CHEMBL233337,Cc1nnc(C(=O)[C@@H]2CC(F)(F)CN2C(=O)CNC23CC4CC(CC(C4)C2)C3)o1,,6.17,1,6.17,6.17,IC50,B,single protein format,single_protein,9,D,2007,,408.44900000000024,2.35532,88.33,1,6,5,6,1,0.8,0.752820888151811
CHEMBL2086601,CHEMBL2086601,Cc1ccc(C(=O)NCCCC(=O)N2CCC[C@H]2C(N)=O)cc1,,6.16,1,6.16,6.16,IC50,B,assay format,other,9,D,2012,,317.389,0.9813199999999997,92.5,2,3,6,2,1,0.47058823529411764,0.7660865559947996
CHEMBL3425745,CHEMBL3425745,N[C@@H](CC(=O)N1CC[C@@H]2[C@@H](CCc3nnc(C(F)(F)F)n32)C1)Cc1ccccc1,,6.16,1,6.16,6.16,IC50,B,single protein format,single_protein,9,D,2015,,407.4400000000001,2.5928000000000004,77.04000000000002,1,4,4,4,2,0.55,0.845323504643057
CHEMBL1683128,CHEMBL1683128,N[C@H](Cc1cc(F)ccc1F)[C@H]1CC[C@H](N(CCCC(F)(F)F)Cc2ccccc2)CC1,,6.16,1,6.16,6.16,IC50,B,single protein format,single_protein,8,H,2011,,454.52700000000016,6.2381000000000055,29.259999999999998,1,2,9,3,2,0.52,0.4547709559905749
CHEMBL269757,CHEMBL1182852,O=C(CNC(=O)c1ccccc1)Nc1ccc(OP(=O)(Oc2ccc(NC(=O)CNC(=O)c3ccccc3)cc2)C2CCCN2C(=O)C2CCCN2)cc1,,6.16,1,6.16,6.16,IC50,B,single protein format,single_protein,8,H,1999,,752.7649999999999,4.775000000000004,184.27,5,9,14,6,4,0.2564102564102564,0.1132717293660756
CHEMBL208952,CHEMBL208952,N#C[C@@H]1CC[C@H](C#N)N1C(=O)CNC1(CO)CCCCC1,,6.16,1,6.16,6.16,IC50,B,single protein format,single_protein,9,D,2006,,290.3670000000001,0.6779599999999992,100.15,2,5,4,2,0,0.8,0.7926470450145768
CHEMBL1688416,CHEMBL1688416,Cc1nc(C(=O)N2CCCC2)cc(-c2ccc(F)cc2)c1CN,,6.16,1,6.16,6.16,IC50,B,single protein format,single_protein,9,D,2010,,313.37600000000003,2.8908200000000006,59.22,1,3,3,3,2,0.3333333333333333,0.9476216445996608
CHEMBL2334675,CHEMBL2334675,N#C[C@@H]1C[C@@H]2C[C@@H]2N1C(=O)[C@@H](N)c1ccccc1,,6.16,1,6.16,6.16,Ki,B,single protein format,single_protein,9,D,2013,,241.294,1.19938,70.12,1,3,2,3,1,0.42857142857142855,0.8453606100323867
CHEMBL364385,CHEMBL364385,CS(=O)(=O)Nc1cccc(NC(=O)CN2CCN(C(=O)C[C@H](N)Cc3ccccc3F)[C@@H](Cc3ccccc3)C2)c1,,6.16,1,6.16,6.16,IC50,B,single protein format,single_protein,8,H,2004,,581.7140000000003,2.851300000000003,124.83999999999999,3,6,11,4,3,0.3333333333333333,0.3199829807675165
CHEMBL377058,CHEMBL377058,CC1(NCC(=O)N2[C@H](C#N)CC[C@@H]2C#N)CCCCC1,,6.16,1,6.16,6.16,IC50,B,single protein format,single_protein,9,D,2006,,274.368,1.705559999999999,79.92,1,4,3,2,0,0.8,0.8491825429114306
CHEMBL472199,CHEMBL1186602,CCOC(=O)COc1ccc(NC(=O)C2CC=NN2C(=O)C[C@H](N)Cc2cc(F)c(F)cc2F)cc1,,6.16,1,6.16,6.16,IC50,B,cell-based format,cell_based,9,D,2008,,506.4810000000002,2.5311000000000003,123.31999999999998,2,7,10,3,2,0.3333333333333333,0.3772001730263724
CHEMBL3804854,CHEMBL3804854,Cc1ccn2nc3c(c2n1)CN([C@@H]1CC[C@H](c2cc(F)c(F)cc2F)[C@@H](N)C1)C3,,6.16,1,6.16,6.16,IC50,B,single protein format,single_protein,9,D,2016,,401.43600000000015,3.4342200000000016,59.45,1,4,2,5,3,0.42857142857142855,0.6687032125942505
CHEMBL377749,CHEMBL377749,N#C[C@@H]1CC[C@H](C#N)N1C(=O)CNC1(COC2CCCCC2)CCCC1,,6.15,1,6.15,6.15,IC50,B,single protein format,single_protein,9,D,2006,,358.48600000000033,2.6448599999999995,89.15,1,5,6,3,0,0.85,0.7882679713567318
CHEMBL2086593,CHEMBL2086593,Cc1ccc(C(=O)NCCC(=O)N2CCC[C@H]2C(N)=O)cc1,,6.15,1,6.15,6.15,IC50,B,assay format,other,9,D,2012,,303.362,0.5912200000000009,92.5,2,3,5,2,1,0.4375,0.8335856812279312
CHEMBL193887,CHEMBL1181858,C[C@@H](c1ccc(-c2ccc(NS(C)(=O)=O)cc2)cc1)[C@H](N)C(=O)N1CC[C@H](F)C1,,6.15,1,6.15,6.15,IC50,B,single protein format,single_protein,8,H,2005,,419.5220000000002,2.7263,92.49999999999999,2,4,6,3,2,0.38095238095238093,0.7530301551566411
CHEMBL510797,CHEMBL1187594,N[C@@H](CC(=O)N1N=CCC1C(=O)OCc1ccccc1)Cc1cc(F)c(F)cc1F,,6.15,1,6.15,6.15,IC50,B,cell-based format,cell_based,9,D,2008,,419.40300000000013,2.6939,84.99000000000001,1,5,7,3,2,0.2857142857142857,0.552498047232756
CHEMBL2408644,CHEMBL2408644,CC(C)=CCn1c(O[C@H]2CCNC2)nc2c1c(=O)n(CC(=O)c1ccccc1)c(=O)n2C,,6.15,1,6.15,6.15,IC50,B,single protein format,single_protein,9,D,2013,,437.50000000000017,1.4864999999999993,100.15,1,6,7,4,3,0.391304347826087,0.44406153866388776
CHEMBL1683127,CHEMBL1683127,CCN(Cc1ccccc1)[C@H]1CC[C@H]([C@H](N)Cc2cc(F)ccc2F)CC1,,6.15,1,6.15,6.15,IC50,B,single protein format,single_protein,8,H,2011,,372.50300000000004,4.915500000000004,29.259999999999998,1,2,7,3,2,0.4782608695652174,0.7477428790135975
CHEMBL435882,CHEMBL1185838,NC(CC(=O)N1CCC[C@H]1C(=O)NCc1ccc(C(F)(F)F)cc1)Cc1ccccc1F,,6.14,1,6.14,6.14,IC50,B,single protein format,single_protein,9,D,2004,,451.4640000000001,3.411800000000002,75.43,2,3,7,3,2,0.391304347826087,0.6339098718920969
CHEMBL2086609,CHEMBL2086609,Cc1ccc(C(=O)Nc2ccc(C(=O)N3CCC[C@H]3C(N)=O)cc2)cc1,,6.14,1,6.14,6.14,IC50,B,assay format,other,9,D,2012,,351.40600000000006,2.3372200000000003,92.5,2,3,4,3,2,0.25,0.8853417734515993
CHEMBL238225,CHEMBL238225,CC[C@@H](C)[C@H](N)C(=O)N1CC[C@@H]2C[C@@H]21,,6.14,1,6.14,6.14,Ki,B,single protein format,single_protein,9,D,2007,,196.29399999999995,0.9805999999999998,46.330000000000005,1,2,3,2,0,0.9090909090909091,0.7311138459888424
CHEMBL3310986,CHEMBL3310986,Cn1c(=O)c(C(C)(NN)Nc2ccccc2)c(O)c2ccccc21,,6.14,1,6.14,6.14,IC50,B,single protein format,single_protein,9,D,2014,,324.38400000000007,1.9922000000000004,92.31,4,5,4,3,3,0.16666666666666666,0.3345763018099037
CHEMBL210844,CHEMBL210844,N#C[C@@H]1CCCN1C(=O)[C@@H]1CC[C@H](c2ccccc2)N1,,6.14,1,6.14,6.14,Ki,B,single protein format,single_protein,9,D,2006,,269.348,1.9942799999999998,56.13,1,3,2,3,1,0.5,0.8930268964851553
CHEMBL2425066,CHEMBL2425066,N[C@H]1C[C@@H](N2Cc3ccccc3C2=O)CO[C@@H]1c1cc(F)ccc1F,,6.14,1,6.14,6.14,IC50,B,single protein format,single_protein,9,D,2013,,344.361,2.778100000000001,55.56,1,3,2,4,2,0.3157894736842105,0.9114160973100319
CHEMBL5274068,CHEMBL5274068,COC(=O)c1cn([C@@H]2CC[C@H](C(=O)N3CCC(F)(F)C3)C2)nn1,,6.14,1,6.14,6.14,IC50,B,single protein format,single_protein,9,D,2021,,328.3190000000001,1.2735,77.32000000000001,0,5,3,3,1,0.7142857142857143,0.7811395371001375
CHEMBL4064424,CHEMBL4064424,NCc1c(Cc2ccccc2)nc2ccc(OCC(N)=O)cc2c1-c1ccccc1,,6.14,1,6.14,6.14,IC50,B,assay format,other,9,D,2017,,397.4780000000001,3.815400000000002,91.22999999999999,2,4,7,4,4,0.12,0.4959646212084465
CHEMBL231552,CHEMBL231552,N[C@@H](CC(=O)N1CCC[C@H]1C(=O)NCc1ccc(C(F)(F)F)cc1)Cc1ccccc1F,,6.14,1,6.14,6.14,IC50,B,single protein format,single_protein,8,H,2007,,451.4640000000001,3.411800000000002,75.43,2,3,7,3,2,0.391304347826087,0.6339098718920969
CHEMBL4241199,CHEMBL4241199,COC(=O)c1cn([C@@H]2CN[C@H](C(=O)N3CCC(F)(F)C3)C2)nn1,,6.14,1,6.14,6.14,IC50,B,assay format,other,9,D,2018,,329.3070000000001,-0.1647000000000003,89.35000000000001,1,6,3,3,1,0.6923076923076923,0.7750331846239088
CHEMBL1683102,CHEMBL1683102,CN(C(=O)CCN)[C@H]1CC[C@H]([C@H](N)Cc2cc(F)ccc2F)CC1,,6.14,1,6.14,6.14,IC50,B,single protein format,single_protein,8,H,2011,,339.43000000000006,2.2006000000000006,72.35,2,3,6,2,1,0.6111111111111112,0.8344609895931986
CHEMBL4751384,CHEMBL4751384,CC#CCn1c(N2CCC[C@@H](N)C2)nc2c1c(=O)n(CCCN1CCN(c3ncc(C(F)(F)F)cn3)CC1)c(=O)n2C,,6.13,1,6.13,6.13,IC50,B,single protein format,single_protein,9,D,2020,,588.639,0.8686000000000023,123.34,1,9,7,5,3,0.5925925925925926,0.40074017394555095
CHEMBL376947,CHEMBL376947,N#C[C@@H]1CCCN1C(=O)[C@@H]1CC[C@H](CO)N1,,6.12,1,6.12,6.12,Ki,B,single protein format,single_protein,9,D,2006,,223.276,-0.38611999999999996,76.36,2,4,2,2,0,0.8181818181818182,0.6684300744015202
CHEMBL3929627,CHEMBL3929627,CC#CCn1c(N2CCC[C@@H](N)C2)nc2c1c(=O)n(CCN1CCC(C(=O)OC(C)C)CC1)c(=O)n2C,,6.12,1,6.12,6.12,IC50,B,single protein format,single_protein,9,D,2016,,513.6430000000004,0.5111000000000032,120.62000000000003,1,8,7,4,2,0.6923076923076923,0.42010513515674386
CHEMBL3343901,CHEMBL3343901,CC(C)CC(=O)OCCC#Cc1ccc(-c2ccc(COC(=O)CC(C)C)s2)s1,,6.12,1,6.12,6.12,IC50,B,single protein format,single_protein,9,D,2014,,432.6070000000002,5.896800000000005,52.6,0,6,9,2,2,0.4782608695652174,0.28130291343271047
CHEMBL3357766,CHEMBL3357766,N[C@@H](CC(=O)N1[C@H](C(=O)NCC2CC2)C[C@@H]2CCCC[C@@H]21)Cc1cc(F)c(F)cc1F,,6.12,1,6.12,6.12,IC50,B,single protein format,single_protein,9,D,2014,,437.50600000000014,3.0497000000000014,75.43,2,3,7,4,1,0.6521739130434783,0.6441653206404422
CHEMBL397010,CHEMBL397010,CC1CCNC(=O)CN1C(=O)C[C@H](N)Cc1cc(F)c(F)cc1F,,6.12,1,6.12,6.12,IC50,B,single protein format,single_protein,8,H,2007,,343.349,1.1008000000000004,75.43,2,3,4,2,1,0.5,0.8041895188129506
CHEMBL372391,CHEMBL372391,CC(C)C(NC(=O)CCNCC(=O)N1CCC[C@H]1C#N)c1ccccc1,,6.11,1,6.11,6.11,IC50,B,single protein format,single_protein,9,D,2006,,356.47,1.9941800000000005,85.23,2,4,8,2,1,0.55,0.6977694930707162
CHEMBL193802,CHEMBL193802,Cn1nc(-c2ccc(F)cc2)c2c1CCN(C(=O)C[C@H](N)Cc1cc(F)ccc1F)C2,,6.11,1,6.11,6.11,IC50,B,single protein format,single_protein,9,D,2005,,428.4580000000002,3.3492000000000015,64.15,1,3,5,4,3,0.30434782608695654,0.6780255684289621
CHEMBL231653,CHEMBL231653,CSc1cc(F)c(C[C@@H](N)CC(=O)N2CCn3c(nnc3C(F)(F)F)C2)cc1F,,6.11,1,6.11,6.11,IC50,B,single protein format,single_protein,8,H,2007,,435.422,2.5993000000000013,77.04,1,5,5,3,2,0.47058823529411764,0.5772729162497802
CHEMBL460951,CHEMBL1186387,CCOC(=O)c1ccc(NC(=O)C2CC=NN2C(=O)C[C@H](N)Cc2cc(F)c(F)cc2F)cc1,,6.11,1,6.11,6.11,IC50,B,cell-based format,cell_based,9,D,2008,,476.4550000000002,2.765900000000001,114.08999999999999,2,6,8,3,2,0.30434782608695654,0.4493370647405934
CHEMBL4798357,CHEMBL4798357,N[C@@H](Cc1cn(-c2ccc3ncccc3c2)nn1)Cc1cc(F)c(F)cc1F,,6.11,1,6.11,6.11,IC50,B,single protein format,single_protein,9,D,2021,,383.37700000000007,3.3453000000000026,69.62,1,4,5,4,4,0.15,0.5368534119361581
CHEMBL3924059,CHEMBL3924059,CC#CCn1c(N2CCC[C@@H](N)C2)nc2c1c(=O)n(CCCN1CCC(C(=O)Nc3ccc(Br)cc3)CC1)c(=O)n2C,,6.11,1,6.11,6.11,IC50,B,single protein format,single_protein,9,D,2016,,639.599,2.3508000000000013,123.42000000000002,2,7,8,5,3,0.5333333333333333,0.36313704274941117
CHEMBL207620,CHEMBL207620,CC1CCC(C)(NCC(=O)N2[C@H](C#N)CC[C@@H]2C#N)C1,,6.11,1,6.11,6.11,IC50,B,single protein format,single_protein,9,D,2006,,274.368,1.5614599999999996,79.92,1,4,3,2,0,0.8,0.8466302864741702
CHEMBL369888,CHEMBL1184791,COc1ccc([C@H](C)[C@H](N)C(=O)N2CC[C@H](F)C2)cc1,,6.11,1,6.11,6.11,IC50,B,single protein format,single_protein,8,H,2005,,280.3429999999999,1.6964,55.56,1,3,4,2,1,0.5333333333333333,0.9129585563665256
CHEMBL3330056,CHEMBL3330056,COc1ccc(C[C@@H](N)CC(=O)N2C[C@@H](F)C[C@H]2C#N)cc1,,6.11,1,6.11,6.11,IC50,B,assay format,other,9,D,2014,,305.353,1.4176799999999996,79.35,1,4,5,2,1,0.5,0.8919458230965858
CHEMBL474631,CHEMBL1186685,N[C@@H](CC(=O)N1CCCN(C(=O)Nc2ccc(C(=O)O)cc2)CC1)Cc1cc(F)c(F)cc1F,,6.1,1,6.1,6.1,IC50,B,single protein format,single_protein,8,H,2008,,478.47100000000023,2.828400000000001,115.97000000000001,3,4,6,3,2,0.34782608695652173,0.5525102634205812
CHEMBL5814595,CHEMBL5814595,COc1ccc2ccc3c(c2c1)CC(N)C(c1ccc(F)cc1)O3,,6.1,1,6.1,6.1,IC50,B,cell-based format,cell_based,9,D,2019,,323.367,3.9910000000000023,44.480000000000004,1,3,2,4,3,0.2,0.7753426062843948
CHEMBL9263,CHEMBL1177976,CC(=O)Nc1cccc(OP(=O)(Oc2cccc(NC(C)=O)c2)C2CCCN2C(=O)C2CCCN2)c1,,6.1,1,6.1,6.1,IC50,B,single protein format,single_protein,8,H,1999,,514.5190000000003,3.9548000000000014,126.07,3,7,8,4,2,0.4,0.4555017391054351
CHEMBL4764894,CHEMBL4764894,Cc1ccc(Nc2cc(N3CCNCC3)nc3ccnn23)c(N)c1,,6.1,1,6.1,6.1,IC50,B,cell-based format,cell_based,9,D,2020,,323.404,1.7731199999999996,83.50999999999999,3,6,3,4,3,0.29411764705882354,0.6373009535607733
CHEMBL4465057,CHEMBL4465057,CC#CCn1c(N2CCC[C@@H](N)C2)nc2c1c(=O)nc1n2CCCN1Cc1ccc(OC)cc1,,6.1,1,6.1,6.1,IC50,B,single protein format,single_protein,9,D,2016,,461.5700000000003,1.9626999999999997,94.44,1,7,5,5,3,0.48,0.5806644624996226
CHEMBL245354,CHEMBL245354,NC1CN(c2ccccn2)CC1c1ccc(Cl)cc1Cl,,6.1,1,6.1,6.1,Ki,B,single protein format,single_protein,9,D,2007,,308.212,3.3195000000000023,42.15,1,3,2,3,2,0.26666666666666666,0.925192872299823
CHEMBL237758,CHEMBL237758,N[C@H]1CN(c2cc(-c3ccccc3)ncn2)C[C@@H]1c1ccccc1,,6.1,1,6.1,6.1,IC50,B,single protein format,single_protein,9,D,2007,,316.408,3.0747000000000018,55.04,1,4,3,4,3,0.2,0.8066308886544716
CHEMBL406201,CHEMBL406201,Cn1cnc2ccc(-c3ccc(F)cc3F)c(CN)c21,,6.1,1,6.1,6.1,IC50,B,single protein format,single_protein,9,D,2008,,273.286,2.9772000000000007,43.84,1,2,2,3,3,0.13333333333333333,0.7797466114416519
CHEMBL3797299,CHEMBL3800731,N#C[C@@H]1[C@@H]2C[C@@H]2CN1C(=O)[C@@H](N)CC(=O)N1CCN(C(c2ccc(F)cc2)c2ccc(F)cc2)CC1,,6.1,1,6.1,6.1,IC50,B,cell-free format,other,9,D,2016,,493.55800000000016,2.2862800000000005,93.66999999999999,1,5,6,5,2,0.4444444444444444,0.6666462685776854
CHEMBL3945617,CHEMBL3945617,CC#CCn1c(N2CCC[C@@H](N)C2)nc2c1c(=O)n(CCCN1CCC(C(=O)Nc3ccc(C#N)cc3)CC1)c(=O)n2C,,6.1,1,6.1,6.1,IC50,B,single protein format,single_protein,9,D,2016,,585.7130000000001,1.4599800000000025,147.21,2,8,8,5,3,0.5161290322580645,0.37790551446922765
CHEMBL1812906,CHEMBL1851979,CC(C)Cn1c(CN)c(-c2ccccc2)c2cc(O)ccc2c1=O,,6.1,1,6.1,6.1,IC50,B,cell-based format,cell_based,9,D,2011,,322.4080000000001,3.4888000000000012,68.25,2,3,4,3,3,0.25,0.7723850037958245
CHEMBL216578,CHEMBL216578,N[C@H]1CC=CC[C@@H]1c1ccccc1Cl,,6.09,1,6.09,6.09,Ki,B,single protein format,single_protein,9,D,2006,,207.704,3.100900000000001,26.02,1,1,1,2,1,0.3333333333333333,0.7041149830920617
CHEMBL243872,CHEMBL243872,N[C@@H](CC(=O)N1CCn2c(nnc2C(F)(F)F)C1)Cc1cc(F)cc(F)c1F,,6.09,1,6.09,6.09,IC50,B,single protein format,single_protein,9,D,2007,,407.31800000000015,2.0164999999999997,77.04,1,4,4,3,2,0.4375,0.6216377742511342
CHEMBL385483,CHEMBL385483,C[C@H]1CC[C@@H](C#N)N1C(=O)CNC1CCCC1,,6.09,1,6.09,6.09,Ki,B,cell-based format,cell_based,9,D,2006,,235.33099999999996,1.4216799999999994,56.13,1,3,3,2,0,0.8461538461538461,0.8046157665529187
CHEMBL201398,CHEMBL201398,CC(C)[C@@H](CC(=O)N1CCc2ccccc2C1)NCC(=O)N1CCC[C@H]1C#N,,6.09,1,6.09,6.09,IC50,B,single protein format,single_protein,9,D,2006,,382.50800000000027,2.09018,76.44,1,4,6,3,1,0.5909090909090909,0.8173437945985823
CHEMBL1683481,CHEMBL1739508,N[C@@H](CC(=O)N1CCSC1C(=O)N1CCOCC1)Cc1cc(F)c(F)cc1F,,6.09,1,6.09,6.09,IC50,B,single protein format,single_protein,9,D,2011,,417.45300000000015,1.1240999999999999,75.87,1,5,5,3,1,0.5555555555555556,0.7272118089135245
CHEMBL217801,CHEMBL217801,C[C@H](CCc1ccc(C(N)=O)cc1)NCC(=O)c1ccc(Cl)cc1,,6.09,1,6.09,6.09,IC50,B,single protein format,single_protein,9,D,2007,,344.842,3.2325000000000017,72.19,2,3,8,2,2,0.2631578947368421,0.7220025581336851
CHEMBL196180,CHEMBL196180,CCCC[C@@H](NC(=O)[C@@H](N)CCC)B(O)O,,6.09,1,6.09,6.09,IC50,B,single protein format,single_protein,9,D,2005,,230.11699999999996,-0.1991999999999997,95.58000000000001,4,4,8,0,0,0.9,0.4340853351815923
CHEMBL368156,CHEMBL368156,N[C@H](C(=O)N1CCCC1)[C@H]1CC[C@H](O)C1,,6.08,1,6.08,6.08,IC50,B,single protein format,single_protein,8,H,2004,,212.29299999999998,0.09709999999999958,66.56,2,3,2,2,0,0.9090909090909091,0.6818261706473911
CHEMBL1650445,CHEMBL1650445,Cn1c(=O)cc(N2CCC[C@@H](N)C2)n(Cc2c(F)ccc(F)c2Cl)c1=O,,6.08,1,6.08,6.08,IC50,B,single protein format,single_protein,9,D,2011,,384.814,1.4544,73.26,1,4,3,3,2,0.4117647058823529,0.8129546559099095
CHEMBL22545,CHEMBL22545,N[C@H](C(=O)N1C[C@H](F)[C@@H](F)C1)[C@H]1CC[C@H](NC(=O)OCc2ccccc2)CC1,,6.08,1,6.08,6.08,IC50,B,single protein format,single_protein,8,H,2004,,395.4500000000002,2.3173000000000004,84.66000000000001,2,4,5,3,1,0.6,0.8014074824322375
CHEMBL216855,CHEMBL216855,C[C@H](c1nc(-c2ccc(F)cc2Cl)no1)[C@H](N)C(=O)N1CCCC1,,6.08,1,6.08,6.08,IC50,B,single protein format,single_protein,8,H,2006,,352.7970000000002,2.5823,85.24999999999999,1,5,4,3,2,0.4375,0.913632547298944
CHEMBL2086597,CHEMBL2086597,NC(=O)[C@@H]1CCCN1C(=O)CCCNC(=O)c1ccc(O)cc1,,6.07,1,6.07,6.07,IC50,B,assay format,other,9,D,2012,,319.361,0.3784999999999997,112.73,3,4,6,2,1,0.4375,0.6577737252265125
CHEMBL1683114,CHEMBL1683114,N[C@H](Cc1cc(F)ccc1F)[C@H]1CC[C@H](N2CCC(F)(F)C2)CC1,,6.07,1,6.07,6.07,IC50,B,single protein format,single_protein,8,H,2011,,344.3960000000001,3.7344000000000035,29.259999999999998,1,2,4,3,1,0.6666666666666666,0.84347312646885
CHEMBL2346920,CHEMBL2346920,CC#CCn1c(N2CCC[C@@H](N)C2)nc2c(Br)c[nH]c2c1=O,,6.07,1,6.07,6.07,IC50,B,single protein format,single_protein,9,D,2013,,364.24700000000007,1.4378999999999995,79.94,2,4,2,3,2,0.4666666666666667,0.7907167403855295
CHEMBL2086596,CHEMBL2086596,COc1ccc(C(=O)NCCCC(=O)N2CCC[C@H]2C(N)=O)cc1,,6.06,1,6.06,6.06,IC50,B,assay format,other,9,D,2012,,333.388,0.6815000000000005,101.72999999999999,2,4,7,2,1,0.47058823529411764,0.7164545927334209
CHEMBL2086605,CHEMBL2086605,NC(=O)[C@@H]1CCCN1C(=O)c1ccc(NC(=O)c2ccc(O)cc2)cc1,,6.06,1,6.06,6.06,IC50,B,assay format,other,9,D,2012,,353.37800000000004,1.7343999999999995,112.73,3,4,4,3,2,0.21052631578947367,0.7767438493587944
CHEMBL2086604,CHEMBL2086604,COc1ccc(C(=O)Nc2ccc(C(=O)N3CCC[C@H]3C(N)=O)cc2)cc1,,6.06,1,6.06,6.06,IC50,B,assay format,other,9,D,2012,,367.4050000000001,2.0374,101.72999999999999,2,4,5,3,2,0.25,0.8441123839972828
CHEMBL5268023,CHEMBL5268023,N#C[C@@H]1CCCN1C(=O)C[C@@H](N)Cc1ccc(-c2cn(C3CCCCC3)nn2)cc1,,6.06,1,6.06,6.06,IC50,B,single protein format,single_protein,9,D,2021,,406.5340000000002,3.2247800000000018,100.83000000000001,1,5,6,4,2,0.5652173913043478,0.7936201713852007
CHEMBL210665,CHEMBL210665,N#C[C@@H]1CCCN1C(=O)[C@@H]1CC[C@@H](CO)N1,,6.06,1,6.06,6.06,Ki,B,single protein format,single_protein,9,D,2006,,223.276,-0.38611999999999996,76.36,2,4,2,2,0,0.8181818181818182,0.6684300744015202
CHEMBL396195,CHEMBL396195,COc1cc(CNC(=O)[C@@H]2CCCN2C(=O)C[C@H](N)Cc2ccccc2F)ccc1O,,6.06,1,6.06,6.06,IC50,B,single protein format,single_protein,8,H,2007,,429.49200000000013,2.107200000000001,104.89,3,5,8,3,2,0.391304347826087,0.5961887729113037
CHEMBL382045,CHEMBL382045,N#C[C@@H]1CC[C@H](C#N)N1C(=O)CNC1(CO)Cc2ccccc2C1,,6.06,1,6.06,6.06,IC50,B,single protein format,single_protein,9,D,2006,,324.38400000000007,0.51266,100.15,2,5,4,3,1,0.5,0.8404964563555537
CHEMBL431885,CHEMBL431885,N[C@H](C(=O)N1C[C@H](F)[C@@H](F)C1)[C@H]1CC[C@H](NS(=O)(=O)c2ccc(OC(F)(F)F)cc2)CC1,,6.06,1,6.06,6.06,IC50,B,single protein format,single_protein,8,H,2004,,485.4750000000002,2.268,101.73,2,5,6,3,1,0.631578947368421,0.6023848265066778
CHEMBL1812907,CHEMBL1812907,COc1ccc2c(=O)n(CC(C)C)c(CN)c(-c3ccccc3)c2c1,,6.06,1,6.06,6.06,IC50,B,cell-based format,cell_based,9,D,2011,,336.435,3.791800000000002,57.25,1,3,5,3,3,0.2857142857142857,0.7709997261665873
CHEMBL2086589,CHEMBL2086589,NC(=O)[C@@H]1CCCN1C(=O)CCNC(=O)c1ccc(O)cc1,,6.06,1,6.06,6.06,IC50,B,assay format,other,9,D,2012,,305.334,-0.011600000000000166,112.73,3,4,5,2,1,0.4,0.7096764891486113
CHEMBL3350814,CHEMBL3350814,CC(C)(C)[C@H](N)C(=O)N1CCCC1,,6.06,1,6.06,6.06,Ki,B,single protein format,single_protein,8,H,1996,,184.28299999999993,0.9821999999999999,46.330000000000005,1,2,1,1,0,0.9,0.6600868709127605
CHEMBL471842,CHEMBL471842,CN1CCC(NC(=O)C[C@H](N)Cc2ccccc2F)(c2ccccc2)CC1,,6.06,1,6.06,6.06,IC50,B,cell-based format,cell_based,9,D,2008,,369.48400000000015,2.8229000000000015,58.36,2,3,6,3,2,0.4090909090909091,0.8232109844746651
CHEMBL238221,CHEMBL238221,N[C@@H](Cc1ccc(Cl)cc1)C(=O)N1CC[C@@H]2C[C@@H]21,,6.06,1,6.06,6.06,Ki,B,single protein format,single_protein,9,D,2007,,264.756,1.8306000000000002,46.330000000000005,1,2,3,3,1,0.5,0.9054436919473893
CHEMBL352632,CHEMBL352632,CO[C@@H]1CCC[C@H]([C@H](N)C(=O)N2CCCC2)C1,,6.06,1,6.06,6.06,IC50,B,single protein format,single_protein,8,H,2004,,240.34699999999992,1.1413,55.56,1,3,3,2,0,0.9230769230769231,0.8046001462791176
CHEMBL245772,CHEMBL1182557,CN(C)C(=O)[C@@H](c1ccc(NS(=O)(=O)c2ccccc2)cc1)[C@H](N)C(=O)N1CC[C@H](F)C1,,6.06,1,6.06,6.06,IC50,B,cell-based format,cell_based,9,D,2007,,462.5470000000002,1.5568999999999997,112.80999999999999,2,5,7,3,2,0.36363636363636365,0.6484544770243756
CHEMBL5804725,CHEMBL5804725,CN(CB(O)O)C(=O)[C@@H](N)CCC(=O)O,,6.05,1,6.05,6.05,IC50,B,single protein format,single_protein,9,D,2021,,218.01799999999994,-2.351099999999998,124.09000000000002,4,5,6,0,0,0.7142857142857143,0.3697390692182102
CHEMBL3899590,CHEMBL3899590,CC#CCn1c(N2CCC[C@@H](N)C2)nc2c1c(=O)n(CCCN1CCC(C(=O)OC3CCCC3)CC1)c(=O)n2C,,6.05,1,6.05,6.05,IC50,B,single protein format,single_protein,9,D,2016,,553.7080000000004,1.4354000000000022,120.62000000000003,1,8,8,5,2,0.7241379310344828,0.3851945233653937
CHEMBL3350818,CHEMBL3350818,CNC(C(=O)N1CCCC1)[C@H](C)O,,6.05,1,6.05,6.05,Ki,B,single protein format,single_protein,8,H,1996,,186.255,-0.4223999999999996,52.57000000000001,2,3,3,1,0,0.8888888888888888,0.6290560092915429
CHEMBL2086588,CHEMBL2086588,COc1ccc(C(=O)NCCC(=O)N2CCC[C@H]2C(N)=O)cc1,,6.05,1,6.05,6.05,IC50,B,assay format,other,9,D,2012,,319.361,0.2914000000000009,101.72999999999999,2,4,6,2,1,0.4375,0.7865911884601546
CHEMBL91933,CHEMBL91933,O=Cc1ccc(-c2ccc(-c3cccs3)s2)s1,,6.05,1,6.05,6.05,IC50,B,single protein format,single_protein,9,D,2014,,276.407,5.017600000000002,17.07,0,4,3,3,3,0.0,0.6139731611809727
CHEMBL3236110,CHEMBL3236110,NC[C@H]1CN(Cc2ccccc2)C(=O)C[C@@H]1c1cc(F)ccc1F,,6.05,1,6.05,6.05,IC50,B,assay format,other,9,D,2014,,330.378,3.0558000000000014,46.33,1,2,4,3,2,0.3157894736842105,0.9364293521347117
CHEMBL1650442,CHEMBL1650442,Cn1c(=O)cc(N2CCC[C@@H](N)C2)n(Cc2ccc(F)cc2Cl)c1=O,,6.05,1,6.05,6.05,IC50,B,single protein format,single_protein,9,D,2011,,366.824,1.3153000000000001,73.26,1,4,3,3,2,0.4117647058823529,0.8886736287670117
CHEMBL2408646,CHEMBL2408646,CC(C)=CCn1c(O[C@@H]2CCNC2)nc2c1c(=O)n(CC(=O)c1ccccc1)c(=O)n2C,,6.04,1,6.04,6.04,IC50,B,single protein format,single_protein,9,D,2013,,437.50000000000017,1.4864999999999993,100.15,1,6,7,4,3,0.391304347826087,0.44406153866388776
CHEMBL216203,CHEMBL216203,C[C@H](CC(=O)NC(C)(C)c1ccccc1)NCC(=O)N1CCC[C@H]1C#N,,6.04,1,6.04,6.04,IC50,B,single protein format,single_protein,9,D,2007,,356.4700000000002,1.92068,85.23,2,4,7,2,1,0.55,0.781557967408622
CHEMBL331950,CHEMBL331950,NCc1c(-c2ccc(Cl)cc2Cl)cc(-c2ccccc2)nc1N,,6.04,1,6.04,6.04,IC50,B,single protein format,single_protein,8,H,2011,,344.24500000000006,4.763300000000003,64.92999999999999,2,3,3,3,3,0.05555555555555555,0.7196838437053316
CHEMBL3236111,CHEMBL3236111,NC[C@H]1CN(Cc2ccc(C(F)(F)F)cc2)C(=O)C[C@@H]1c1cc(F)ccc1F,,6.04,1,6.04,6.04,IC50,B,assay format,other,9,D,2014,,398.37500000000006,4.074600000000004,46.33,1,2,4,3,2,0.35,0.7894962175637016
CHEMBL360488,CHEMBL360488,CC(C)[C@@H]1CNCCN1C(=O)C[C@H](N)Cc1ccccc1F,,6.04,1,6.04,6.04,IC50,B,single protein format,single_protein,8,H,2004,,307.413,1.5420000000000011,58.36,2,3,5,2,1,0.5882352941176471,0.8674236280826371
CHEMBL3350817,CHEMBL3350817,NCCC[C@H](NC(=O)OCc1ccccc1)C(=O)N1CCCC1,,6.04,1,6.04,6.04,Ki,B,single protein format,single_protein,8,H,1996,,319.40500000000014,1.6426999999999992,84.65999999999998,2,4,7,2,1,0.5294117647058824,0.7999964406675764
CHEMBL1683124,CHEMBL1683124,N[C@H](Cc1cc(F)ccc1F)[C@H]1CC[C@H](NCCCC(F)(F)F)CC1,,6.04,1,6.04,6.04,IC50,B,single protein format,single_protein,8,H,2011,,364.40200000000004,4.3255000000000035,38.05,2,2,7,2,1,0.6666666666666666,0.5584084431800483
CHEMBL187118,CHEMBL187118,N[C@@H](CC(=O)N1CCSC1)Cc1ccccc1F,,6.03,1,6.03,6.03,IC50,B,single protein format,single_protein,8,H,2004,,268.35699999999997,1.6184999999999996,46.330000000000005,1,3,4,2,1,0.46153846153846156,0.9023255007463783
CHEMBL375494,CHEMBL375494,N[C@H]1CN(CC2CCCCC2)C(=O)C[C@@H]1c1ccccc1Cl,,6.03,1,6.03,6.03,Ki,B,single protein format,single_protein,9,D,2007,,320.86400000000003,3.563500000000002,46.33,1,2,3,3,1,0.6111111111111112,0.9251897636283416
CHEMBL1688418,CHEMBL1688418,CCOC(=O)C1CCN(C(=O)c2cc(-c3ccc(F)cc3)c(CN)c(C)n2)CC1,,6.03,1,6.03,6.03,IC50,B,single protein format,single_protein,9,D,2010,,399.46600000000024,3.070120000000001,85.52,1,5,5,3,2,0.4090909090909091,0.7812636451009874
CHEMBL4552003,CHEMBL4552003,Cc1cccc(-c2nnc3ccc(N4CCN(C(=O)OC(C)(C)C)C(Cc5ccccc5)C4)nn23)c1,,6.03,1,6.03,6.03,Ki,B,single protein format,single_protein,9,D,2020,,484.60400000000027,4.768120000000004,75.86,0,6,4,5,4,0.35714285714285715,0.415452582617069
CHEMBL217138,CHEMBL217138,CC#C[C@H]1CC[C@@H](C#N)N1C(=O)CNC1CCCC1,,6.02,1,6.02,6.02,Ki,B,cell-based format,cell_based,9,D,2006,,259.353,1.4250799999999995,56.13,1,3,3,2,0,0.7333333333333333,0.7799722904694409
CHEMBL5407794,CHEMBL5407794,COc1cc(O)c(Cl)cc1/C=C/C(=O)c1ccc(O)c([N+](=O)[O-])c1,,6.02,1,6.02,6.02,Ki,B,single protein format,single_protein,9,D,2023,,349.7260000000001,3.5641000000000016,109.9,2,6,5,2,2,0.0625,0.3693673976772377
CHEMBL208756,CHEMBL208756,COCCC1(NCC(=O)N2[C@H](C#N)CC[C@@H]2C#N)CCCC1,,6.02,1,6.02,6.02,IC50,B,single protein format,single_protein,9,D,2006,,304.3940000000002,1.33206,89.15,1,5,6,2,0,0.8125,0.7993933914488276
CHEMBL3973741,CHEMBL3973741,CC#CCn1c(N2CCC[C@@H](N)C2)nc2c1c(=O)n(CCC1CCN(C(=O)OC(C)C)CC1)c(=O)n2C,,6.02,1,6.02,6.02,IC50,B,single protein format,single_protein,9,D,2016,,513.6430000000004,1.4946000000000017,120.62000000000003,1,7,6,4,2,0.6923076923076923,0.5812383026491411
CHEMBL189645,CHEMBL1181711,N[C@@H](Cc1ccc(-c2ccc(F)cc2)cc1)C(=O)N1CC[C@H](F)C1,,6.01,1,6.01,6.01,IC50,B,single protein format,single_protein,8,H,2005,,330.3780000000001,2.932900000000002,46.330000000000005,1,2,4,3,2,0.3157894736842105,0.9367986600238508
CHEMBL1812900,CHEMBL1851630,CC(C)Cn1c(CN)c(-c2ccccc2)c2cc(C(=O)O)ccc2c1=O,,6.01,1,6.01,6.01,IC50,B,cell-based format,cell_based,9,D,2011,,350.4180000000001,3.4814000000000016,85.32,2,3,5,3,3,0.23809523809523808,0.7375584483170178
CHEMBL210522,CHEMBL210522,CC1(C)N[C@H](C(=O)N2CCC[C@H]2C#N)C[C@@H]1C(=O)N1Cc2ccccc2C1,,6.01,1,6.01,6.01,IC50,B,single protein format,single_protein,9,D,2006,,366.4650000000001,1.8000799999999992,76.44,1,4,2,4,1,0.5714285714285714,0.8659025574564655
CHEMBL3616913,CHEMBL3616913,CC#CCn1c(N2CCC[C@@H](N)C2)nc2c1c(=O)n(C(C)C)c(=O)n2C,,6.01,1,6.01,6.01,IC50,B,single protein format,single_protein,9,D,2014,,358.4460000000001,0.42840000000000056,91.08000000000001,1,5,3,3,2,0.6111111111111112,0.8036278643661627
CHEMBL192983,CHEMBL192983,C[C@@H](c1ccccc1)[C@H](N)C(=O)N1CCSC1,,6.01,1,6.01,6.01,IC50,B,single protein format,single_protein,8,H,2005,,250.3669999999999,1.6502999999999999,46.330000000000005,1,3,3,2,1,0.46153846153846156,0.8870189059089529
CHEMBL185351,CHEMBL185351,Cc1ccccc1C[C@@H](N)CC(=O)N1CCSC1,,6.01,1,6.01,6.01,IC50,B,single protein format,single_protein,8,H,2004,,264.39399999999995,1.7878200000000002,46.330000000000005,1,3,4,2,1,0.5,0.9015766922058207
CHEMBL381420,CHEMBL381420,N[C@@H](Cc1ccc(I)cc1)C(=O)N1CCSC1,,6.01,1,6.01,6.01,Ki,B,single protein format,single_protein,9,D,2006,,362.23600000000016,1.6939,46.330000000000005,1,3,3,2,1,0.4166666666666667,0.8330176871752628
CHEMBL96453,CHEMBL96453,N#C[C@@H]1CCCN1C(=O)CNCc1ccccc1,,6.0,1,6.0,6.0,IC50,B,assay format,other,8,H,2003,,243.31000000000003,1.2907799999999994,56.13,1,3,4,2,1,0.42857142857142855,0.8666237554982001
CHEMBL399409,CHEMBL399409,N[C@H]1CN(c2nc3c(cc2F)c(=O)c(C(=O)O)cn3C2CC2)C[C@H]1c1ccc(Cl)c(Cl)c1,,6.0,1,6.0,6.0,IC50,B,single protein format,single_protein,9,D,2007,,477.3230000000002,3.806600000000002,101.44999999999999,2,5,4,5,3,0.3181818181818182,0.5930037412418936
CHEMBL1650417,CHEMBL1650417,COc1ccccc1-c1cnc(N2CCC[C@@H](N)C2)n(Cc2ccccc2C#N)c1=O,,6.0,1,6.0,6.0,IC50,B,single protein format,single_protein,9,D,2011,,415.4970000000001,2.7663800000000007,97.16999999999999,1,6,5,4,3,0.2916666666666667,0.6882194762214934
CHEMBL38165,CHEMBL38165,Cc1ccc(-c2nc(-c3ccccc3)nc(N)c2CN)cc1,,6.0,1,6.0,6.0,IC50,F,assay format,other,8,H,2004,,290.37,3.1599200000000005,77.82,2,4,3,3,3,0.1111111111111111,0.7763806493041168
CHEMBL1683099,CHEMBL1683099,CC(=O)N(C)[C@H]1CC[C@@H]([C@H](N)Cc2cc(F)ccc2F)CC1,,6.0,1,6.0,6.0,IC50,B,single protein format,single_protein,8,H,2011,,310.3880000000001,2.8717000000000015,46.33,1,2,4,2,1,0.5882352941176471,0.929288297764276
CHEMBL1683113,CHEMBL1683113,N[C@H](Cc1cc(F)ccc1F)[C@H]1CC[C@@H](N2CCC(F)(F)C2)CC1,,6.0,1,6.0,6.0,IC50,B,single protein format,single_protein,8,H,2011,,344.3960000000001,3.7344000000000035,29.259999999999998,1,2,4,3,1,0.6666666666666666,0.84347312646885
CHEMBL375414,CHEMBL375414,C[C@H](c1nc(-c2ccccc2Cl)no1)[C@H](N)C(=O)N1CCCC1,,6.0,1,6.0,6.0,IC50,B,single protein format,single_protein,8,H,2006,,334.8070000000002,2.4432,85.24999999999999,1,5,4,3,2,0.4375,0.9277723918179611
CHEMBL392083,CHEMBL392083,COc1cc2c(cc1OC)[C@@H]1C[C@@H](N)[C@@H](c3ccccn3)CN1CC2,,6.0,1,6.0,6.0,IC50,B,single protein format,single_protein,9,D,2007,,339.43900000000014,2.5128000000000004,60.61000000000001,1,5,3,4,2,0.45,0.9309701007866545
CHEMBL255769,CHEMBL255769,Cn1cnc2ccc(-c3ccccc3)c(CN)c21,,6.0,1,6.0,6.0,IC50,B,single protein format,single_protein,9,D,2008,,237.30599999999998,2.699,43.84,1,2,2,3,3,0.13333333333333333,0.7443742366962104
CHEMBL231654,CHEMBL231654,N[C@H](C(=O)N1CCC(F)(F)C1)[C@@H]1CCN(S(=O)(=O)c2ccc(OC(F)(F)F)cc2)C1,,6.0,1,6.0,6.0,IC50,B,single protein format,single_protein,8,H,2007,,457.4210000000001,1.7907000000000002,92.94000000000001,1,5,5,3,1,0.5882352941176471,0.6810574524715444
CHEMBL557776,CHEMBL1196653,N[C@@H](CC(=O)N1CCCN1C(=O)Nc1ccccc1)Cc1cc(F)c(F)cc1F,,6.0,1,6.0,6.0,IC50,B,single protein format,single_protein,8,H,2007,,406.40800000000013,3.0452000000000012,78.67000000000002,2,3,5,3,2,0.3,0.7495407273071542
CHEMBL329282,CHEMBL329282,N#C[C@@H]1CCCN1C(=O)CNCCNc1ncccc1C(F)(F)F,,6.0,1,6.0,6.0,IC50,B,assay format,other,8,H,2003,,341.33700000000005,1.6164800000000004,81.05,2,5,6,2,1,0.5333333333333333,0.7686755643864919
CHEMBL395184,CHEMBL395184,CC(C)(C)C[C@H](N)C(=O)N1CC[C@@H]2C[C@@H]21,,6.0,1,6.0,6.0,Ki,B,single protein format,single_protein,9,D,2007,,210.32099999999997,1.3706999999999996,46.330000000000005,1,2,2,2,0,0.9166666666666666,0.7479733483940556
CHEMBL3236114,CHEMBL3236114,Cc1cc(=O)n2nc(N3C[C@H](CN)[C@@H](c4cc(F)ccc4F)CC3=O)ccc2n1,,6.0,1,6.0,6.0,IC50,B,assay format,other,9,D,2014,,399.4010000000001,1.7715199999999998,93.59000000000002,1,5,3,4,3,0.3,0.724598994831846
CHEMBL471633,CHEMBL471633,N[C@@H](CC(=O)NC1(c2ccccc2)CCN(Cc2ccccc2)CC1)Cc1ccccc1F,,6.0,1,6.0,6.0,IC50,B,cell-based format,cell_based,9,D,2008,,445.58200000000016,4.3933000000000035,58.36000000000001,2,3,8,4,3,0.32142857142857145,0.54059844301756
