molecule_chembl_id,parent_molecule_chembl_id,canonical_smiles,pref_name,pchembl_median,pchembl_n,pchembl_min,pchembl_max,standard_types,assay_types,bao_labels,evidence_level,assay_confidence_scores,assay_relationship_types,document_years,max_phase
CHEMBL101311,CHEMBL101311,CN(C)CC(O)COc1ccc(Nc2nccc(Nc3cc(Cl)ccc3Cl)n2)cc1,,6.7,1,6.7,6.7,Ki,F,assay format,other,8,H,,
CHEMBL103667,CHEMBL103667,Cc1ccc(-n2nc(C(C)(C)C)cc2NC(=O)Nc2ccc(OCCN3CCOCC3)c3ccccc23)cc1,DORAMAPIMOD,6.26,5,6.08,7.39,Kd,B,single protein format,single_protein,8;9,D;H,2005;2011,2
CHEMBL1077317,CHEMBL1077317,Cc1cn(-c2cc(NC(=O)c3ccc(C)c(/C=C/N4CNc5c(NC6CC6)ncnc54)c3)cc(C(F)(F)F)c2)cn1,,6.96,2,6.32,7.6,IC50,B,assay format;single protein format,mixed,8;9,D;H,2010,
CHEMBL1081312,CHEMBL1081312,Nc1ncnc2c1c(-c1cnc3[nH]ccc3c1)nn2C1CCCC1,,7.8,3,7.75,8.7,IC50;Ki,B;F,assay format;single protein format,mixed,8,H,2008,
CHEMBL1084268,CHEMBL1084268,CCn1cnc2c(Nc3ccc(P(=O)(O)CP(=O)(O)O)cc3)nc([C@H]3CC[C@H](N)CC3)nc21,,7.17,1,7.17,7.17,IC50,B,single protein format,single_protein,8,H,2010,
CHEMBL1085511,CHEMBL1085511,CC(C)COC(=O)Nc1ccc(-c2cnc3c(-c4ccc(N5CCN(C)CC5)cc4)cnn3c2N)cc1,,7.4,1,7.4,7.4,IC50,B,single protein format,single_protein,8,H,2010,
CHEMBL1087650,CHEMBL1087650,CN1C[C@@H]2C[C@H]1CN2c1ccc(-c2ccnc3c(-c4cccc(O)c4)c(-c4ccncc4)nn23)cc1,,6.25,1,6.25,6.25,IC50,B,single protein format,single_protein,8,H,2009,
CHEMBL1088240,CHEMBL1088240,COc1cc(Nc2c(C#N)cnc3cc(/C=C/CCN4CCN(C)CC4)c(OC)cc23)c(Cl)cc1Cl,,9.4,1,9.4,9.4,IC50,B,single protein format,single_protein,8,H,2010,
CHEMBL1090672,CHEMBL1090672,COc1ccccc1/C=C/c1nc2ccccc2c(=O)[nH]1,,6.32,1,6.32,6.32,IC50,B,single protein format,single_protein,9,D,2019,
CHEMBL1092754,CHEMBL1092754,Cn1cc(/C=C2\Oc3cccc(O)c3C2=O)c2c(-c3ccc(C(=O)NCCO)cc3)ccnc21,,8.01,1,8.01,8.01,IC50,B,single protein format,single_protein,8,H,2010,
CHEMBL1092926,CHEMBL1092926,Fc1cc(-c2cccc3ncc(-c4cnn(C5CCNCC5)c4)nc23)cc(F)c1CN1CCOCC1,,7.1,1,7.1,7.1,IC50,B,single protein format,single_protein,8,H,2010,
CHEMBL1097700,CHEMBL1097700,CNc1cc(O)c2c(c1)/C=C/C[C@H](O)[C@H](O)C(=O)/C=C\[C@@H](C)[C@H](C)OC2=O,,6.67,1,6.67,6.67,IC50,B,single protein format,single_protein,9,D,2009,
CHEMBL111339,CHEMBL111339,Cc1ccc(Nc2ncc3cc(-c4c(Cl)cccc4Cl)c(=O)n(C)c3n2)cc1,,7.52,1,7.52,7.52,IC50,B,single protein format,single_protein,9,D,2009,
CHEMBL1163016,CHEMBL1163016,CC1(C)CC(NC(=O)c2cccc(-c3cc4nccc(Nc5cccc(O)c5)n4n3)c2)CC(C)(C)N1[O],,8.3,1,8.3,8.3,IC50,B,single protein format,single_protein,8,H,2010,
CHEMBL1164180,CHEMBL1164180,CN1CCN(c2ccc(-c3cnc4c(c3)N(Cc3cc(Cl)ccc3C(F)(F)F)CCN4)cn2)CC1,,6.1,1,6.1,6.1,Ki,F,assay format,other,8,H,,
CHEMBL1164265,CHEMBL1164265,CN1CCN(c2ccc(-c3cnc4c(c3)N(Cc3c(F)ccc(F)c3Cl)CCN4)cn2)CC1,,7.0,1,7.0,7.0,Ki,F,assay format,other,8,H,,
CHEMBL1165511,CHEMBL1165511,Fc1ccc(C(Cl)Cn2ncc3c(Nc4cccc(F)c4)ncnc32)cc1,,6.140000000000001,2,6.12,6.16,Ki,B,assay format,other,9,D,2010,
CHEMBL1169705,CHEMBL1169705,Cc1ccc(C(=O)Nc2ccc(CN3CCCN(C)CC3)c(C(F)(F)F)c2)cc1C#Cc1cnc2ccccn12,,7.43,2,6.97,7.89,IC50,B,protein format;single protein format,mixed,9,D,2010,
CHEMBL1169875,CHEMBL1169875,Cc1ccc(C(=O)Nc2cc(C(F)(F)F)ccn2)cc1C#Cn1cnc2c(NC3CC3)ncnc21,,6.9,2,6.28,7.52,IC50,B,protein format;single protein format,mixed,9,D,2010,
CHEMBL1169876,CHEMBL1169876,Cc1ccc(C(=O)Nc2cc(C(F)(F)F)on2)cc1/C=C/n1cnc2c(NC3CC3)ncnc21,,7.64,1,7.64,7.64,IC50,B,single protein format,single_protein,9,D,2010,
CHEMBL1169881,CHEMBL1169881,Cc1ccc(C(=O)Nc2ccc(OC3CCN(C)CC3)c(C(F)(F)F)c2)cc1C#Cc1cnc2ccccn12,,7.56,2,7.08,8.04,IC50,B,protein format;single protein format,mixed,9,D,2010,
CHEMBL1169882,CHEMBL1169882,CCN1CCN(Cc2ccc(NC(=O)c3ccc(C)c(C#Cc4cnc5ccccn45)c3)cc2C(F)(F)F)CC1,,7.22,2,6.8,7.64,IC50,B,protein format;single protein format,mixed,9,D,2010,
CHEMBL1170077,CHEMBL1170077,Cc1ccc(C(=O)Nc2ccc(CN3CCNCC3)c(C(F)(F)F)c2)cc1C#Cc1cnc2ccccn12,,7.58,2,7.31,7.85,IC50,B,protein format;single protein format,mixed,9,D,2010,
CHEMBL1170078,CHEMBL1170078,Cc1ccc(C(=O)Nc2ccc(CN3CCNC(C)C3)c(C(F)(F)F)c2)cc1C#Cc1cnc2ccccn12,,7.220000000000001,2,6.78,7.66,IC50,B,protein format;single protein format,mixed,9,D,2010,
CHEMBL1170747,CHEMBL1170747,NCc1ccc(-c2cn3c(-c4cn[nH]c4)cnc3cn2)cc1,,6.62,1,6.62,6.62,IC50,B,single protein format,single_protein,8,H,2010,
CHEMBL1170749,CHEMBL1170749,OCc1ccc(-c2cn3c(-c4cn[nH]c4)cnc3cn2)cc1,,6.52,1,6.52,6.52,IC50,B,single protein format,single_protein,8,H,2010,
CHEMBL1171038,CHEMBL1171038,Cc1ccc(C(=O)Nc2cc(-n3cnc(CN4CCCC4)c3)cc(C(F)(F)F)c2)cc1C#Cc1cnc2ccccn12,,7.155,2,6.73,7.58,IC50,B,protein format;single protein format,mixed,9,D,2010,
CHEMBL1171043,CHEMBL1171043,Cc1ccc(C(=O)Nc2ccc(CN3CCN(C(C)C)CC3)c(C(F)(F)F)c2)cc1C#Cc1cnc2ccccn12,,6.955,2,6.66,7.25,IC50,B,protein format;single protein format,mixed,9,D,2010,
CHEMBL1171044,CHEMBL1171044,Cc1ccc(C(=O)Nc2ccc(CN3CCN(CCO)CC3)c(C(F)(F)F)c2)cc1C#Cc1cnc2ccccn12,,7.4350000000000005,2,7.15,7.72,IC50,B,protein format;single protein format,mixed,9,D,2010,
CHEMBL1171045,CHEMBL1171045,Cc1ccc(C(=O)Nc2ccc(CN3CCN(CCF)CC3)c(C(F)(F)F)c2)cc1C#Cc1cnc2ccccn12,,6.955,2,6.6,7.31,IC50,B,protein format;single protein format,mixed,9,D,2010,
CHEMBL1171085,CHEMBL1171085,Cc1ccc(C(=O)Nc2cc(-n3ccnc3CN(C)C)cc(C(F)(F)F)c2)cc1C#Cc1cnc2ccccn12,,7.0649999999999995,2,6.78,7.35,IC50,B,protein format;single protein format,mixed,9,D,2010,
CHEMBL1171086,CHEMBL1171086,Cc1ccc(C(=O)Nc2ccc(CN3CCN(C)CC3)c(C(F)(F)F)c2)cc1C#Cc1cnc2ccccn12,,8.425,4,7.25,8.85,IC50,B,protein format;single protein format,mixed,9,D,2010;2015,
CHEMBL1171247,CHEMBL1171247,Cc1ccc(C(=O)Nc2ccc(CN3CCN(C)CC3)c(C(F)(F)F)c2)cc1C#Cc1cnc2c(c1)OCC(=O)N2,,7.165,2,6.95,7.38,IC50,B,protein format;single protein format,mixed,9,D,2010,
CHEMBL1171280,CHEMBL1171280,Cc1ccc(C(=O)Nc2cc(C(F)(F)F)on2)cc1C#Cn1cnc2c(NC3CC3)cccc21,,7.0,2,6.45,7.55,IC50,B,protein format;single protein format,mixed,9,D,2010,
CHEMBL1171281,CHEMBL1171281,Cc1ccc(NC(=O)c2ccc(CN3CCN(C)CC3)c(C(F)(F)F)c2)cc1C#Cc1cnc2ccccn12,,7.550000000000001,2,7.05,8.05,IC50,B,protein format;single protein format,mixed,9,D,2010,
CHEMBL1171282,CHEMBL1171282,Cc1ccc(C(=O)Nc2cc(CN3CCN(C)CC3)cc(C(F)(F)F)c2)cc1C#Cc1cnc2ccccn12,,7.155,2,6.69,7.62,IC50,B,protein format;single protein format,mixed,9,D,2010,
CHEMBL1171283,CHEMBL1171283,Cc1ccc(C(=O)Nc2ccc(CN3CCOCC3)c(C(F)(F)F)c2)cc1C#Cc1cnc2ccccn12,,6.640000000000001,2,6.17,7.11,IC50,B,protein format;single protein format,mixed,9,D,2010,
CHEMBL1171432,CHEMBL1171432,Cc1ccc(C(=O)Nc2ccc(CN3CCN(CCO)CC3)c(C(F)(F)F)c2)cc1C#Cc1cnc2cccnn12,,7.635,2,7.35,7.92,IC50,B,protein format;single protein format,mixed,9,D,2010,
CHEMBL1171473,CHEMBL1171473,Cc1ccc(C(=O)Nc2ccc(CN3CC[C@H](N(C)C)C3)c(C(F)(F)F)c2)cc1C#Cc1cnc2ccccn12,,7.43,2,7.04,7.82,IC50,B,protein format;single protein format,mixed,9,D,2010,
CHEMBL1171479,CHEMBL1171479,Cc1ccc(C(=O)Nc2ccc(CN3CCN(C)CC3)c(C(F)(F)F)c2)cc1C#Cc1cnc2[nH]ccc2c1,,7.255,2,6.79,7.72,IC50,B,protein format;single protein format,mixed,9,D,2010,
CHEMBL1171532,CHEMBL1171532,c1n[nH]cc1-c1cnc2ncc(-c3cn[nH]c3)n2c1,,6.36,1,6.36,6.36,IC50,B,single protein format,single_protein,8,H,2010,
CHEMBL1171657,CHEMBL1171657,Cc1ccc(C(=O)Nc2ccc(CN3CCN(C)CC3)c(C(F)(F)F)c2)cc1C#Cc1cnc2[nH]cnc2c1,,7.175,2,6.6,7.75,IC50,B,protein format;single protein format,mixed,9,D,2010,
CHEMBL1171658,CHEMBL1171658,Cc1ccc(C(=O)Nc2ccc(CN3CCN(C)CC3)c(C(F)(F)F)c2)cc1C#Cc1cnc2[nH]c(=O)[nH]c2c1,,7.5649999999999995,2,6.97,8.16,IC50,B,protein format;single protein format,mixed,9,D,2010,
CHEMBL1171679,CHEMBL1171679,Cc1cn(-c2cc(NC(=O)c3ccc(C)c(/C=C/n4cnc5c(N)ncnc54)c3)cc(C(F)(F)F)c2)cn1,,7.605,2,6.41,8.8,IC50,B,protein format;single protein format,mixed,9,D,2010,
CHEMBL1171835,CHEMBL1171835,Cc1ccc(C(=O)Nc2ccc(CN3CCN(C)CC3)c(C(F)(F)F)c2)cc1C#Cc1cnc2ncccn12,,6.675000000000001,2,6.19,7.16,IC50,B,protein format;single protein format,mixed,9,D,2010,
CHEMBL1171836,CHEMBL1171836,Cc1ccc(C(=O)Nc2ccc(CN3CCN(C)CC3)c(C(F)(F)F)c2)cc1C#Cc1cnc2cnccn12,,8.345,2,8.05,8.64,IC50,B,protein format;single protein format,mixed,9,D,2010,
CHEMBL1171837,CHEMBL1171837,Cc1ccc(C(=O)Nc2ccc(CN3CCN(C)CC3)c(C(F)(F)F)c2)cc1C#Cc1cnc2cccnn12,PONATINIB,9.0,23,7.4,9.52,IC50;Kd,B,assay format;cell-based format;protein format;single protein format;subcellular format,mixed,8;9,D;H,2010;2013;2017;2020;2022,4
CHEMBL1171960,CHEMBL1171960,N#Cc1c(N)nc(SCC(=O)c2ccccc2)c(C#N)c1-c1ccsc1,,6.54,1,6.54,6.54,IC50,B,cell-based format,cell_based,9,D,2010,
CHEMBL1172004,CHEMBL1172004,CCN1CCN(Cc2ccc(NC(=O)c3ccc(C)c(C#Cc4cnc5cccnn45)c3)cc2C(F)(F)F)CC1,,7.595,2,7.34,7.85,IC50,B,protein format;single protein format,mixed,9,D,2010,
CHEMBL1172397,CHEMBL1172397,Cc1ccc(C(=O)Nc2cc(-n3ccnc3)cc(C(F)(F)F)c2)cc1C#Cc1cnc2c(N)cccn12,,8.64,1,8.64,8.64,IC50,B,single protein format,single_protein,9,D,2010,
CHEMBL1172585,CHEMBL1172585,CC(=O)Nc1cccn2c(C#Cc3cc(C(=O)Nc4cc(-n5ccnc5)cc(C(F)(F)F)c4)ccc3C)cnc12,,8.19,1,8.19,8.19,IC50,B,single protein format,single_protein,9,D,2010,
CHEMBL1172586,CHEMBL1172586,Cc1ccc(C(=O)Nc2cc(-n3ccnc3)cc(C(F)(F)F)c2)cc1C#Cc1cnc2ccccn12,,7.285,2,6.99,7.58,IC50,B,protein format;single protein format,mixed,9,D,2010,
CHEMBL1172718,CHEMBL1172718,Cc1ccc(C(=O)Nc2ccc(CN3CCN(C)CC3)c(Cl)c2)cc1C#Cc1cnc2cccnn12,,7.8549999999999995,2,7.09,8.62,IC50,B,protein format;single protein format,mixed,9,D,2010,
CHEMBL1172719,CHEMBL1172719,Cc1ccc(C(=O)Nc2ccc(CN3CCN(C)CC3)c(C3CC3)c2)cc1C#Cc1cnc2cccnn12,,7.715,2,7.15,8.28,IC50,B,protein format;single protein format,mixed,9,D,2010,
CHEMBL1172720,CHEMBL1172720,Cc1ccc(C(=O)Nc2cccc(C(F)(F)F)c2)cc1C#Cc1cnc2cccnn12,,6.859999999999999,2,6.0,7.72,IC50,B,protein format;single protein format,mixed,9,D,2010,
CHEMBL1173200,CHEMBL1173200,Cc1ccc(C(=O)Nc2ccc(CN3CCN(C)CC3)c(C(F)(F)F)c2)cc1CCc1cnc2cccnn12,,7.109999999999999,2,6.5,7.72,IC50,B,protein format;single protein format,mixed,9,D,2010,
CHEMBL1173201,CHEMBL1173201,Cc1ccc(C(=O)Nc2ccc(CN3CCN(C)CC3)c(C(F)(F)F)c2)cc1/C=C/c1cnc2cccnn12,,6.77,2,6.27,7.27,IC50,B,protein format;single protein format,mixed,9,D,2010,
CHEMBL1173352,CHEMBL1173352,Cc1ccc(C(=O)Nc2ccc(CN3CCNCC3)c(C(F)(F)F)c2)cc1C#Cc1cnc2cccnn12,,8.195,2,7.75,8.64,IC50,B,protein format;single protein format,mixed,9,D,2010,
CHEMBL1173423,CHEMBL1173423,CN1CCN(Cc2ccc(NC(=O)c3cccc(C#Cc4cnc5cccnn45)c3)cc2C(F)(F)F)CC1,,7.475,2,7.44,7.51,IC50,B,protein format;single protein format,mixed,9,D,2010,
CHEMBL1173424,CHEMBL1173424,CN1CCN(Cc2ccc(NC(=O)c3ccc(Cl)c(C#Cc4cnc5cccnn45)c3)cc2C(F)(F)F)CC1,,7.205,2,7.02,7.39,IC50,B,protein format;single protein format,mixed,9,D,2010,
CHEMBL1173498,CHEMBL1173498,CN1CCN(Cc2ccc(NC(=O)c3ccc(F)c(C#Cc4cnc5cccnn45)c3)cc2C(F)(F)F)CC1,,7.295,2,7.21,7.38,IC50,B,protein format;single protein format,mixed,9,D,2010,
CHEMBL1173655,CHEMBL1173655,CN(C)C/C=C/C(=O)Nc1cc2c(Nc3ccc(F)c(Cl)c3)ncnc2cc1O[C@H]1CCOC1,AFATINIB,6.24,21,6.06,6.64,Kd,B,single protein format,single_protein,8;9,D;H,2011;2023,4
CHEMBL118130,CHEMBL118130,Oc1ccc(-c2[nH]nc3ncnc(Nc4cccc(Cl)c4)c23)cc1,,6.62,1,6.62,6.62,IC50,B,single protein format,single_protein,8,H,1997,
CHEMBL536983,CHEMBL1188651,Cc1ccc(NC(O)c2ccc(CN3CC(N(C)C)C3)c(C(F)(F)F)c2)cc1Nc1nccc(-c2cncnc2)n1,,6.85,1,6.85,6.85,IC50,B,cell-based format,cell_based,9,D,2007,
CHEMBL538337,CHEMBL1189267,Cc1ccc(NC(O)c2ccc(CN3CC[C@@H](CN(C)C)C3)c(C(F)(F)F)c2)cc1Nc1nccc(-c2cncnc2)n1,,7.5,1,7.5,7.5,IC50,B,cell-based format,cell_based,9,D,2007,
CHEMBL119385,CHEMBL119385,O=c1ncn2nc(Sc3ccc(F)cc3F)ccc2c1-c1c(Cl)cccc1Cl,NEFLAMAPIMOD,6.105,2,6.06,6.15,Kd,B,single protein format,single_protein,9,D,2005,2
CHEMBL120077,CHEMBL120077,COc1cc2c(cc1OC)-c1n[nH]c(Nc3cccc(F)c3)c1C2,,7.66,1,7.66,7.66,IC50,B,single protein format,single_protein,9,D,2005,
CHEMBL121190,CHEMBL121190,Nc1[nH]cnc2nnc(Nc3cccc(Cl)c3)c1-2,,6.39,1,6.39,6.39,IC50,B,single protein format,single_protein,8,H,1997,
CHEMBL1213120,CHEMBL1213120,CC(C)n1nc(C#Cc2cccc(O)c2)c2c(N)ncnc21,,8.1,2,8.1,8.1,IC50,B,single protein format,single_protein,9,D,2015,
CHEMBL1214141,CHEMBL1214141,Cc1ccc(Nc2ncc3c(n2)N(C)C(=O)N(c2cc(NC(=O)c4cccc(C(F)(F)F)c4)ccc2C)C3)cn1,,7.0600000000000005,6,6.87,9.01,IC50,B,assay format;single protein format,mixed,8;9,D;H,2010;2012,
CHEMBL1214142,CHEMBL1214142,Cc1ccc(NC(=O)c2cccc(C(F)(F)F)c2)cc1N1Cc2cnc(Nc3ccccc3)nc2N(C)C1=O,,6.87,3,6.69,6.89,IC50,B,assay format;single protein format,mixed,8;9,D;H,2010,
CHEMBL1214200,CHEMBL1214200,Cc1nc(Nc2ncc(/C=C/c3ccc(O)cc3)s2)cc(N2CCN(CCO)CC2)n1,,7.18,1,7.18,7.18,IC50,B,assay format,other,9,D,2010,
CHEMBL1214254,CHEMBL1214254,COc1ccc(Nc2ncnc(-c3cccnc3Nc3cc(NC(=O)c4ccc(CN5CCN(C)CC5)cc4)ccc3C)n2)cc1,,7.48,2,7.48,7.48,IC50,B,assay format,other,9,D,2010,
CHEMBL121954,CHEMBL121954,Oc1cccc(Nc2[nH]nc3ncnc(Nc4cccc(Cl)c4)c23)c1,,6.58,1,6.58,6.58,IC50,B,single protein format,single_protein,8,H,1997,
CHEMBL122068,CHEMBL122068,Nc1nc(N)c2c(Nc3cccc(Cl)c3)[nH]nc2n1,,6.39,1,6.39,6.39,IC50,B,single protein format,single_protein,8,H,1997,
CHEMBL1221411,CHEMBL1221411,Cn1c(=O)c(-c2c(Cl)cccc2Cl)cc2cnc(Nc3cccc(NC(=O)CN)c3)nc21,,10.7,1,10.7,10.7,Ki,B,single protein format,single_protein,8,H,2010,
CHEMBL122182,CHEMBL122182,Oc1ccc(Nc2[nH]nc3ncnc(Nc4cccc(Cl)c4)c23)cc1,,6.82,1,6.82,6.82,IC50,B,single protein format,single_protein,8,H,1997,
CHEMBL1223343,CHEMBL1223343,Cn1c(=O)c(-c2c(Cl)cccc2Cl)cc2cnc(NCc3cccc(N)c3)nc21,,8.1,1,8.1,8.1,Ki,B,single protein format,single_protein,8,H,2010,
CHEMBL1223344,CHEMBL1223344,Cn1c(=O)c(-c2ccccc2Cl)cc2cnc(NCc3cccc(N)c3)nc21,,7.22,1,7.22,7.22,Ki,B,single protein format,single_protein,8,H,2010,
CHEMBL1223411,CHEMBL1223411,Cn1c(=O)c(-c2c(F)cccc2F)cc2cnc(NCc3cccc(N)c3)nc21,,7.4,1,7.4,7.4,Ki,B,single protein format,single_protein,8,H,2010,
CHEMBL1223412,CHEMBL1223412,Cn1c(=O)c(-c2ccccc2Br)cc2cnc(NCc3cccc(N)c3)nc21,,7.4,1,7.4,7.4,Ki,B,single protein format,single_protein,8,H,2010,
CHEMBL1223413,CHEMBL1223413,CSc1cccc(CNc2ncc3cc(-c4c(Cl)cccc4Cl)c(=O)n(C)c3n2)c1,,7.16,1,7.16,7.16,Ki,B,single protein format,single_protein,8,H,2010,
CHEMBL1223481,CHEMBL1223481,CCCCCCNc1cccc(CNc2ncc3cc(-c4c(Cl)cccc4Cl)c(=O)n(C)c3n2)c1,,6.05,1,6.05,6.05,Ki,B,single protein format,single_protein,8,H,2010,
CHEMBL1223482,CHEMBL1223482,Cn1c(=O)c(-c2c(Cl)cccc2Cl)cc2cnc(NCc3cccc(NC(=O)CN)c3)nc21,,7.7,1,7.7,7.7,Ki,B,single protein format,single_protein,8,H,2010,
CHEMBL1223483,CHEMBL1223483,Cn1c(=O)c(-c2c(Cl)cccc2Cl)cc2cnc(NCc3cccc(C(=O)CCCC[C@@H]4SC[C@@H]5NC(=O)N[C@@H]54)c3)nc21,,7.7,1,7.7,7.7,Ki,B,single protein format,single_protein,8,H,2010,
CHEMBL1230020,CHEMBL1230020,CCCS(=O)(=O)Nc1ccc(F)c(C(=O)c2c[nH]c3ncc(Cl)cc23)c1F,PLX-4720,6.3149999999999995,4,6.03,6.7,Kd,B,single protein format,single_protein,8,H,2011,
CHEMBL1230609,CHEMBL1230609,COc1cc2c(Oc3ccc(NC(=O)C4(C(=O)Nc5ccc(F)cc5)CC4)cc3F)ccnc2cc1OCCCN1CCOCC1,FORETINIB,7.325,16,6.51,8.4,Kd,B,single protein format;subcellular format,mixed,8;9,D;H,2011;2017,2
CHEMBL1230790,CHEMBL1230790,CC(C)n1nc(-c2cccc(O)c2)c2c(N)ncnc21,,7.16,1,7.16,7.16,IC50,B,single protein format,single_protein,8,H,2008,
CHEMBL1233881,CHEMBL1233881,COc1ccc(-c2nn(C3CCC3)c3ncnc(N)c23)cc1OC,,6.619999999999999,2,6.47,6.77,IC50,B,single protein format,single_protein,8,H,2008,
CHEMBL1233882,CHEMBL1233882,CC(C)n1nc(-c2ccc3ncccc3c2)c2c(N)ncnc21,,7.115,2,6.85,7.38,IC50,B,single protein format,single_protein,8,H,2008,
CHEMBL1235103,CHEMBL1235103,COc1ccccc1-c1c[nH]c2ncc(-c3cncc(C(=O)N(C)C)c3)cc12,,7.7,1,7.7,7.7,Ki,B,single protein format,single_protein,9,D,2019,
CHEMBL1236871,CHEMBL1236871,Cc1ccc(C(=O)Nc2ccc(CN3CCN(CCO)CC3)c(C(F)(F)F)c2)cc1C#Cc1cnc(C(N)=O)n1C,,7.9399999999999995,2,7.44,8.44,IC50,B,protein format;single protein format,mixed,9,D,2011,
CHEMBL1240544,CHEMBL1240544,C[C@@H](CN)n1nc(-c2ccc(Cl)c(O)c2)c2c(N)ncnc21,,6.16,1,6.16,6.16,IC50,B,single protein format,single_protein,8,H,2008,
CHEMBL1240553,CHEMBL1240553,COc1ccc(-c2nn(C3CCCC3)c3ncnc(N)c23)cc1OC,,6.0,1,6.0,6.0,IC50,B,single protein format,single_protein,8,H,2008,
CHEMBL1240554,CHEMBL1240554,CCOc1ccc(-c2nn(C3CCCC3)c3ncnc(N)c23)cc1OC,,6.07,1,6.07,6.07,IC50,B,single protein format,single_protein,8,H,2008,
CHEMBL1240565,CHEMBL1240565,Cn1nc(-c2cnc3[nH]ccc3c2)c2c(N)ncnc21,,6.51,1,6.51,6.51,IC50,B,single protein format,single_protein,8,H,2008,
CHEMBL1241270,CHEMBL1241270,Cc1ccc(-c2n[nH]c3ncnc(N)c23)cc1O,,6.25,1,6.25,6.25,IC50,B,single protein format,single_protein,8,H,2008,
CHEMBL1241271,CHEMBL1241271,Cc1ccc(-c2nn(C)c3ncnc(N)c23)cc1O,,6.63,1,6.63,6.63,IC50,B,single protein format,single_protein,8,H,2008,
CHEMBL1241299,CHEMBL1241299,Cn1nc(-c2ccc(Br)c(O)c2)c2c(N)ncnc21,,6.96,1,6.96,6.96,IC50,B,single protein format,single_protein,8,H,2008,
CHEMBL1241300,CHEMBL1241300,COc1ccc(-c2n[nH]c3ncnc(N)c23)cc1O,,6.11,1,6.11,6.11,IC50,B,single protein format,single_protein,8,H,2008,
CHEMBL1241301,CHEMBL1241301,COc1ccc(-c2nn(C)c3ncnc(N)c23)cc1O,,6.28,1,6.28,6.28,IC50,B,single protein format,single_protein,8,H,2008,
CHEMBL1241473,CHEMBL1241473,COc1cc(Nc2ncc([N+](=O)[O-])c(Nc3ccccc3C(N)=O)n2)cc(OC)c1OC,,6.9,1,6.9,6.9,Ki,F,assay format,other,8,H,,
CHEMBL1241481,CHEMBL1241481,COc1cc(-c2nn(C(C)C)c3ncnc(N)c23)ccc1NC(=O)OC(C)(C)C,,7.0,1,7.0,7.0,IC50,B,single protein format,single_protein,8,H,2008,
CHEMBL1241482,CHEMBL1241482,Nc1ncnc2c1c(-c1ccc(F)c(O)c1)nn2Cc1ocnc1-c1ccccc1,,6.25,1,6.25,6.25,IC50,B,single protein format,single_protein,8,H,2008,
CHEMBL1241483,CHEMBL1241483,COc1cc(-c2nn(C(C)C)c3ncnc(N)c23)ccc1F,,6.25,1,6.25,6.25,IC50,B,single protein format,single_protein,8,H,2008,
CHEMBL1241484,CHEMBL1241484,CC(C)n1nc(-c2ccc(Cl)c(O)c2)c2c(N)ncnc21,,8.26,1,8.26,8.26,IC50,B,single protein format,single_protein,8,H,2008,
CHEMBL1241485,CHEMBL1241485,COc1cc(-c2nn(C(C)C)c3ncnc(N)c23)ccc1N,,6.58,1,6.58,6.58,IC50,B,single protein format,single_protein,8,H,2008,
CHEMBL1241487,CHEMBL1241487,Nc1ccc(-c2nn(C3CCCC3)c3ncnc(N)c23)cc1O,,6.95,1,6.95,6.95,IC50,B,single protein format,single_protein,8,H,2008,
CHEMBL1241489,CHEMBL1241489,CC(C)n1nc(-c2ccc3ccccc3c2)c2c(N)ncnc21,,7.140000000000001,2,7.12,7.16,IC50;Ki,B,single protein format,single_protein,9,D,2012;2017,
CHEMBL1241490,CHEMBL1241490,CC(C)n1nc(-c2ccc3occc3c2)c2c(N)ncnc21,,6.27,1,6.27,6.27,IC50,B,single protein format,single_protein,8,H,2008,
CHEMBL1241491,CHEMBL1241491,Nc1ncnc2c1c(-c1ccc3occc3c1)nn2C1CCCC1,,6.05,1,6.05,6.05,IC50,B,single protein format,single_protein,8,H,2008,
CHEMBL1241578,CHEMBL1241578,CC(C)n1nc(-c2ccc(Br)c(O)c2)c2c(N)ncnc21,,8.34,2,7.68,9.0,IC50,B,single protein format,single_protein,8,H,2008,
CHEMBL1241579,CHEMBL1241579,C[C@H](CN)n1nc(-c2ccc(Cl)c(O)c2)c2c(N)ncnc21,,6.89,1,6.89,6.89,IC50,B,single protein format,single_protein,8,H,2008,
CHEMBL1241580,CHEMBL1241580,Nc1ncnc2c1c(-c1ccc(Cl)c(O)c1)nn2C1CCC1,,7.5,1,7.5,7.5,IC50,B,single protein format,single_protein,8,H,2008,
CHEMBL1241581,CHEMBL1241581,COc1cc(-c2nn(C3CCCC3)c3ncnc(N)c23)ccc1N,,7.58,1,7.58,7.58,IC50,B,single protein format,single_protein,8,H,2008,
CHEMBL1241674,CHEMBL1241674,CC(C)n1nc(-c2cc3cc(O)ccc3[nH]2)c2c(N)ncnc21,,6.92,13,6.0,7.31,IC50;Kd,B,single protein format,single_protein,8,H,2008;2011,
CHEMBL1241676,CHEMBL1241676,Nc1ncnc2c1c(-c1ccc(Cl)c(O)c1)nn2C1CCCC1,,8.92,1,8.92,8.92,IC50,B,single protein format,single_protein,8,H,2008,
CHEMBL1241677,CHEMBL1241677,Nc1ncnc2c1c(-c1ccc(Cl)c(O)c1)nn2[C@@H]1CCNC1,,6.3,1,6.3,6.3,IC50,B,single protein format,single_protein,8,H,2008,
CHEMBL1241678,CHEMBL1241678,Nc1ncnc2c1c(-c1ccc(Cl)c(O)c1)nn2[C@H]1CCOC1,,7.68,1,7.68,7.68,IC50,B,single protein format,single_protein,8,H,2008,
CHEMBL1241768,CHEMBL1241768,Nc1ncnc2c1c(-c1ccc(Cl)c(O)c1)nn2[C@@H]1CCOC1,,7.77,1,7.77,7.77,IC50,B,single protein format,single_protein,8,H,2008,
CHEMBL1241770,CHEMBL1241770,Nc1ncnc2c1c(-c1ccc(Cl)c(O)c1)nn2CC1CCNC1,,7.09,1,7.09,7.09,IC50,B,single protein format,single_protein,8,H,2008,
CHEMBL1241776,CHEMBL1241776,CC(C)n1nc(-c2ccc3nc[nH]c(=O)c3c2)c2c(N)ncnc21,,6.48,1,6.48,6.48,IC50,B,single protein format,single_protein,8,H,2008,
CHEMBL1241860,CHEMBL1241860,CC(C)n1nc(-c2ccc(C=O)c(F)c2)c2c(N)ncnc21,,6.16,1,6.16,6.16,IC50,B,single protein format,single_protein,8,H,2008,
CHEMBL1241945,CHEMBL1241945,CC(C)n1nc(-c2ccc(O)c(F)c2)c2c(N)ncnc21,,6.18,1,6.18,6.18,IC50,B,single protein format,single_protein,8,H,2008,
CHEMBL1242024,CHEMBL1242024,Cc1cc(O)ccc1-c1nn(C(C)C)c2ncnc(N)c12,,7.16,1,7.16,7.16,IC50,B,single protein format,single_protein,8,H,2008,
CHEMBL1242026,CHEMBL1242026,Cc1ccc(-c2nn(C(C)C)c3ncnc(N)c23)cc1O,,7.51,1,7.51,7.51,IC50,B,single protein format,single_protein,8,H,2008,
CHEMBL1242109,CHEMBL1242109,CCC(C)n1nc(-c2ccc(C)c(O)c2)c2c(N)ncnc21,,6.8,1,6.8,6.8,IC50,B,single protein format,single_protein,8,H,2008,
CHEMBL1242110,CHEMBL1242110,CC(C)n1nc(-c2cccc(O)c2F)c2c(N)ncnc21,,7.12,1,7.12,7.12,IC50,B,single protein format,single_protein,8,H,2008,
CHEMBL1242111,CHEMBL1242111,Nc1ncnc2c1c(-c1cccc(O)c1F)nn2C1CCCC1,,7.2,1,7.2,7.2,IC50,B,single protein format,single_protein,8,H,2008,
CHEMBL1242113,CHEMBL1242113,CCn1nc(-c2ccc(OC)c(O)c2)c2c(N)ncnc21,,6.75,1,6.75,6.75,IC50,B,single protein format,single_protein,8,H,2008,
CHEMBL1242114,CHEMBL1242114,COc1ccc(-c2nn(C(C)C)c3ncnc(N)c23)cc1O,,7.05,1,7.05,7.05,IC50,B,single protein format,single_protein,8,H,2008,
CHEMBL1242198,CHEMBL1242198,CC(C)n1nc(-c2cc(O)cc(F)c2)c2c(N)ncnc21,,7.28,1,7.28,7.28,IC50,B,single protein format,single_protein,8,H,2008,
CHEMBL1242199,CHEMBL1242199,Nc1ncnc2c1c(-c1cc(O)cc(F)c1)nn2C1CCCC1,,7.62,1,7.62,7.62,IC50,B,single protein format,single_protein,8,H,2008,
CHEMBL1242201,CHEMBL1242201,COc1ccc(-c2nn(C3CCCC3)c3ncnc(N)c23)cc1O,,7.25,1,7.25,7.25,IC50,B,single protein format,single_protein,8,H,2008,
CHEMBL1242202,CHEMBL1242202,COc1ccc(-c2nn(C3CCC(C)C3)c3ncnc(N)c23)cc1O,,7.17,1,7.17,7.17,IC50,B,single protein format,single_protein,8,H,2008,
CHEMBL1242285,CHEMBL1242285,CC(C)n1nc(-c2cc(O)cc(Br)c2)c2c(N)ncnc21,,7.58,1,7.58,7.58,IC50,B,single protein format,single_protein,8,H,2008,
CHEMBL1242286,CHEMBL1242286,COCOc1cc(-c2nn(C(C)C)c3ncnc(N)c23)ccc1Br,,6.5,1,6.5,6.5,IC50,B,single protein format,single_protein,8,H,2008,
CHEMBL1242287,CHEMBL1242287,Nc1ncnc2c1c(-c1ccc(Br)c(O)c1)nn2C1CCC1,,7.64,1,7.64,7.64,IC50,B,single protein format,single_protein,8,H,2008,
CHEMBL1242289,CHEMBL1242289,CCOc1ccc(-c2nn(C3CCCC3)c3ncnc(N)c23)cc1O,,6.22,1,6.22,6.22,IC50,B,single protein format,single_protein,8,H,2008,
CHEMBL1242293,CHEMBL1242293,CC(C)n1nc(-c2cnc3[nH]ccc3c2)c2c(N)ncnc21,,7.66,1,7.66,7.66,IC50,B,single protein format,single_protein,8,H,2008,
CHEMBL1242294,CHEMBL1242294,CC(C)n1nc(-c2ccc3[nH]ccc3c2)c2c(N)ncnc21,,6.53,1,6.53,6.53,IC50,B,single protein format,single_protein,8,H,2008,
CHEMBL1242295,CHEMBL1242295,Nc1ncnc2c1c(-c1ccc3[nH]ccc3c1)nn2C1CCCC1,,6.63,1,6.63,6.63,IC50,B,single protein format,single_protein,8,H,2008,
CHEMBL1242376,CHEMBL1242376,Nc1ncnc2c1c(-c1ccc(Br)c(O)c1)nn2C1CCCC1,,7.35,1,7.35,7.35,IC50,B,single protein format,single_protein,8,H,2008,
CHEMBL1242377,CHEMBL1242377,CC(C)n1nc(-c2ccc(F)c(O)c2)c2c(N)ncnc21,,7.85,1,7.85,7.85,IC50,B,single protein format,single_protein,8,H,2008,
CHEMBL1242378,CHEMBL1242378,C[C@H](CN)n1nc(-c2ccc(F)c(O)c2)c2c(N)ncnc21,,6.7,1,6.7,6.7,IC50,B,single protein format,single_protein,8,H,2008,
CHEMBL1242384,CHEMBL1242384,CC(C)n1nc(-c2ccc3c(ccn3C)c2)c2c(N)ncnc21,,6.390000000000001,2,6.16,6.62,IC50,B,single protein format,single_protein,8;9,D;H,2008;2020,
CHEMBL1242385,CHEMBL1242385,Cn1ccc2cc(-c3nn(C4CCCC4)c4ncnc(N)c34)ccc21,,6.09,1,6.09,6.09,IC50,B,single protein format,single_protein,8,H,2008,
CHEMBL1242386,CHEMBL1242386,CC(C)n1nc(-c2ccc3[nH]ncc3c2)c2c(N)ncnc21,,6.3,1,6.3,6.3,IC50,B,single protein format,single_protein,8,H,2008,
CHEMBL1242468,CHEMBL1242468,C[C@@H](CN)n1nc(-c2ccc(F)c(O)c2)c2c(N)ncnc21,,6.14,1,6.14,6.14,IC50,B,single protein format,single_protein,8,H,2008,
CHEMBL1242469,CHEMBL1242469,N#CCCCn1nc(-c2ccc(F)c(O)c2)c2c(N)ncnc21,,6.02,1,6.02,6.02,IC50,B,single protein format,single_protein,8,H,2008,
CHEMBL1242470,CHEMBL1242470,N#CCCCCn1nc(-c2ccc(F)c(O)c2)c2c(N)ncnc21,,6.36,1,6.36,6.36,IC50,B,single protein format,single_protein,8,H,2008,
CHEMBL1242475,CHEMBL1242475,Nc1ncnc2c1c(-c1ccc3[nH]ncc3c1)nn2C1CCCC1,,6.33,1,6.33,6.33,IC50,B,single protein format,single_protein,8,H,2008,
CHEMBL1242476,CHEMBL1242476,CC(C)n1nc(-c2ccc3c(N)n[nH]c3c2)c2c(N)ncnc21,,6.49,1,6.49,6.49,IC50,B,single protein format,single_protein,8,H,2008,
CHEMBL1242477,CHEMBL1242477,CC(C)n1nc(-c2ccc3cn[nH]c3c2)c2c(N)ncnc21,,6.96,1,6.96,6.96,IC50,B,single protein format,single_protein,8,H,2008,
CHEMBL1242566,CHEMBL1242566,Nc1ncnc2c1c(-c1ccc(F)c(O)c1)nn2C1CCC1,,7.26,1,7.26,7.26,IC50,B,single protein format,single_protein,8,H,2008,
CHEMBL1242567,CHEMBL1242567,Nc1ncnc2c1c(-c1ccc(F)c(O)c1)nn2C1CNC1,,6.53,1,6.53,6.53,IC50,B,single protein format,single_protein,8,H,2008,
CHEMBL1242568,CHEMBL1242568,Nc1ncnc2c1c(-c1ccc(F)c(O)c1)nn2C1CCCC1,,8.37,1,8.37,8.37,IC50,B,single protein format,single_protein,8,H,2008,
CHEMBL1242572,CHEMBL1242572,Nc1ncnc2c1c(-c1ccc3cn[nH]c3c1)nn2C1CCCC1,,6.85,1,6.85,6.85,IC50,B,single protein format,single_protein,8,H,2008,
CHEMBL1242573,CHEMBL1242573,CC(C)n1nc(-c2cc(F)c3cn[nH]c3c2)c2c(N)ncnc21,,7.06,1,7.06,7.06,IC50,B,single protein format,single_protein,8,H,2008,
CHEMBL1242574,CHEMBL1242574,CC(C)n1nc(-c2ccc3cc[nH]c3c2)c2c(N)ncnc21,,6.7,1,6.7,6.7,IC50,B,single protein format,single_protein,8,H,2008,
CHEMBL1242656,CHEMBL1242656,CC1CCC(n2nc(-c3ccc(F)c(O)c3)c3c(N)ncnc32)C1,,8.19,1,8.19,8.19,IC50,B,single protein format,single_protein,8,H,2008,
CHEMBL1242657,CHEMBL1242657,Nc1ncnc2c1c(-c1ccc(F)c(O)c1)nn2[C@H]1CCNC1,,7.14,1,7.14,7.14,IC50,B,single protein format,single_protein,8,H,2008,
CHEMBL1242658,CHEMBL1242658,Nc1ncnc2c1c(-c1ccc(F)c(O)c1)nn2[C@@H]1CCNC1,,6.32,1,6.32,6.32,IC50,B,single protein format,single_protein,8,H,2008,
CHEMBL1242660,CHEMBL1242660,COc1cc(-c2nn(C(C)C)c3ncnc(N)c23)cc(OC)c1OC,,6.08,1,6.08,6.08,IC50,B,single protein format,single_protein,8,H,2008,
CHEMBL1242662,CHEMBL1242662,CC(C)n1nc(-c2ccc3cc(O)ccc3c2)c2c(N)ncnc21,,7.24,1,7.24,7.24,IC50,B,single protein format,single_protein,8,H,2008,
CHEMBL1242664,CHEMBL1242664,Nc1ncnc2c1c(-c1ccc3cc[nH]c3c1)nn2C1CCCC1,,6.78,1,6.78,6.78,IC50,B,single protein format,single_protein,8,H,2008,
CHEMBL1242748,CHEMBL1242748,Nc1ncnc2c1c(-c1ccc(F)c(O)c1)nn2[C@H]1CCOC1,,7.68,1,7.68,7.68,IC50,B,single protein format,single_protein,8,H,2008,
CHEMBL1242749,CHEMBL1242749,Nc1ncnc2c1c(-c1ccc(F)c(O)c1)nn2[C@@H]1CCOC1,,7.68,1,7.68,7.68,IC50,B,single protein format,single_protein,8,H,2008,
CHEMBL1242750,CHEMBL1242750,Nc1ncnc2c1c(-c1ccc(F)c(O)c1)nn2C1CCCCCC1,,7.17,1,7.17,7.17,IC50,B,single protein format,single_protein,8,H,2008,
CHEMBL1242754,CHEMBL1242754,CC(C)n1nc(-c2cnc3ccccc3c2)c2c(N)ncnc21,,6.035,2,6.0,6.07,IC50,B,single protein format,single_protein,8;9,D;H,2008;2022,
CHEMBL1242755,CHEMBL1242755,Nc1ncnc2c1c(-c1cnc3ccccc3c1)nn2C1CCCC1,,6.12,1,6.12,6.12,IC50,B,single protein format,single_protein,8,H,2008,
CHEMBL1242845,CHEMBL1242845,Cc1nn(-c2ccccc2)nc1Cn1nc(-c2ccc(F)c(O)c2)c2c(N)ncnc21,,6.41,1,6.41,6.41,IC50,B,single protein format,single_protein,8,H,2008,
CHEMBL1242848,CHEMBL1242848,CC(C)n1nc(-c2ccc(N)c(O)c2)c2c(N)ncnc21,,6.68,1,6.68,6.68,IC50,B,single protein format,single_protein,8,H,2008,
CHEMBL1242852,CHEMBL1242852,CC(C)n1nc(-c2ccc3c(ccn3C(=O)OC(C)(C)C)c2)c2c(N)ncnc21,,6.28,1,6.28,6.28,IC50,B,single protein format,single_protein,8,H,2008,
CHEMBL1242853,CHEMBL1242853,CC(C)(C)OC(=O)n1ccc2cc(-c3nn(C4CCCC4)c4ncnc(N)c34)ccc21,,6.04,1,6.04,6.04,IC50,B,single protein format,single_protein,8,H,2008,
CHEMBL1242977,CHEMBL1242977,CNc1nccc(-c2cccnc2Oc2ccc(NC(=O)c3cccc(C(F)(F)F)c3)cc2C)n1,,6.3,1,6.3,6.3,IC50,B,single protein format,single_protein,8,H,2010,
CHEMBL1257423,CHEMBL1257423,O=C(NCCO)c1cccc(-c2cc(Nc3ccc(OC(F)(F)F)cc3)ncn2)c1,,6.9,2,6.03,7.77,IC50,B,assay format;single protein format,mixed,9,D,2018;2023,
CHEMBL1276179,CHEMBL1276179,CN1C[C@@H]2C[C@H]1CN2c1cc(F)c(-c2ccnc3c(-c4cccc5[nH]ncc45)c(-c4ccncc4)nn23)c(F)c1,,6.54,1,6.54,6.54,IC50,B,single protein format,single_protein,8,H,2010,
CHEMBL1287853,CHEMBL1287853,Cc1cnc(Nc2ccc(OCCN3CCCC3)cc2)nc1Nc1cccc(S(=O)(=O)NC(C)(C)C)c1,FEDRATINIB,7.2,14,6.25,7.4,Kd,B,single protein format,single_protein,8,H,2011,4
CHEMBL1289494,CHEMBL1289494,COc1cc2nccc(Oc3ccc(NC(=O)Nc4cc(C)on4)c(Cl)c3)c2cc1OC,TIVOZANIB,6.46,2,6.21,6.71,IC50;Kd,B,single protein format;subcellular format,mixed,9,D,2006;2017,4
CHEMBL1289926,CHEMBL1289926,CNC(=O)c1ccccc1Sc1ccc2c(/C=C/c3ccccn3)n[nH]c2c1,AXITINIB,7.44,23,6.04,9.7,IC50;Kd,B,cell-based format;single protein format;subcellular format,mixed,8;9,D;H,2011;2015;2017;2018,4
CHEMBL1311135,CHEMBL1311135,O=C1NC(=O)C(c2cn(-c3ccccc3)nc2-c2ccc(F)cc2)N1,,6.4,3,6.1,6.6,EC50;IC50,B,assay format;single protein format;subcellular format,mixed,9,D,2019,
CHEMBL1336,CHEMBL1336,CNC(=O)c1cc(Oc2ccc(NC(=O)Nc3ccc(Cl)c(C(F)(F)F)c3)cc2)ccn1,SORAFENIB,6.44,17,6.11,7.1,IC50;Kd;Ki,B;F,assay format;single protein format,mixed,8;9,D;H,2005;2008;2009;2011,4
CHEMBL5416410,CHEMBL1421,Cc1nc(Nc2ncc(C(=O)Nc3c(C)cccc3Cl)s2)cc(N2CCN(CCO)CC2)n1,DASATINIB,9.075,74,6.05,10.8,IC50;Kd;Ki,B,assay format;cell-based format;single protein format;subcellular format,mixed,8;9,D;H,2005;2007;2008;2010;2011;2013;2016;2017;2018;2019;2020;2022,4
CHEMBL1629808,CHEMBL1629808,CSc1nc(NCc2cccc(Br)c2)c2cnn(CC(Cl)c3ccccc3)c2n1,,7.19,1,7.19,7.19,Ki,B,single protein format,single_protein,9,D,2011,
CHEMBL1688860,CHEMBL1688860,CN(C)Cc1cc(C(=O)N[C@@H]2CCc3ccc(Oc4ccnc5c4CCC(=O)N5)cc3C2)cc(C(F)(F)F)c1,,8.92,1,8.92,8.92,IC50,B,single protein format,single_protein,8,H,2011,
CHEMBL170250,CHEMBL170250,O=C(NCCO)Nc1nc2cc(C(=O)c3ccccc3)ccc2[nH]1,,7.03,1,7.03,7.03,IC50,B,single protein format,single_protein,9,D,2012,
CHEMBL1721885,CHEMBL1721885,Cc1[nH]c(/C=C2\C(=O)Nc3ccc(F)cc32)c(C)c1C(=O)NC[C@H](O)CN1CCOCC1,SU-014813,6.3,13,6.01,6.8,Kd,B,single protein format,single_protein,8;9,D;H,2008;2011,2
CHEMBL1738757,CHEMBL1738757,CNC(=O)c1cc(Oc2ccc(NC(=O)Nc3cc(C(C)(C)C)nn3-c3ccc4ncccc4c3)c(F)c2)ccn1,REBASTINIB,8.55,12,6.5,9.12,IC50;Kd,B,cell-based format;single protein format;subcellular format,mixed,9,D,2011;2017,2
CHEMBL1738759,CHEMBL1738759,CC(C)(C)c1cc(NC(=O)Nc2cccc(Cl)c2Cl)n(-c2ccc3c(c2)C[C@@H](C(=O)O)NC3)n1,,6.675000000000001,2,6.11,7.24,IC50,B,cell-based format;single protein format,mixed,9,D,2011,
CHEMBL1775035,CHEMBL1775035,ClC(Cn1ncc2c(Nc3ccccc3)nc(SCCN3CCOCC3)nc21)c1ccccc1,,6.74,2,6.66,6.82,Ki,B,single protein format,single_protein,9,D,2011;2015,
CHEMBL1775036,CHEMBL1775036,Clc1cccc(Nc2nc(SCCN3CCOCC3)nc3c2cnn3CC(Cl)c2ccccc2)c1,,6.835,2,6.75,6.92,Ki,B,single protein format,single_protein,9,D,2011;2015,
CHEMBL1775037,CHEMBL1775037,ClC(Cn1ncc2c(NCCc3ccccc3)nc(SCCN3CCOCC3)nc21)c1ccccc1,,6.57,1,6.57,6.57,Ki,B,single protein format,single_protein,9,D,2011,
CHEMBL1775038,CHEMBL1775038,Fc1ccc(CNc2nc(SCCN3CCOCC3)nc3c2cnn3CC(Cl)c2ccccc2)cc1,,6.24,1,6.24,6.24,Ki,B,single protein format,single_protein,9,D,2011,
CHEMBL1775039,CHEMBL1775039,ClC(Cn1ncc2c(NCc3ccccc3)nc(SCCN3CCOCC3)nc21)c1ccccc1,,7.05,1,7.05,7.05,Ki,B,single protein format,single_protein,9,D,2011,
CHEMBL1775040,CHEMBL1775040,CCCNc1nc(SCCN2CCOCC2)nc2c1cnn2CC(Cl)c1ccccc1,,6.47,1,6.47,6.47,Ki,B,single protein format,single_protein,9,D,2011,
CHEMBL1775041,CHEMBL1775041,Clc1cccc(Nc2nc(N3CCOCC3)nc3c2cnn3CC(Cl)c2ccccc2)c1,,6.41,1,6.41,6.41,Ki,B,single protein format,single_protein,9,D,2011,
CHEMBL1775042,CHEMBL1775042,OCCNc1nc(NCCc2ccccc2)c2cnn(/C=C\c3ccccc3)c2n1,,6.66,1,6.66,6.66,Ki,B,single protein format,single_protein,9,D,2011,
CHEMBL1775044,CHEMBL1775044,CCCNc1nc(S(C)(=O)=O)nc2c1cnn2/C=C\c1ccccc1,,6.14,1,6.14,6.14,Ki,B,single protein format,single_protein,9,D,2011,
CHEMBL1775046,CHEMBL1775046,Clc1ccc(C(Cl)Cn2ncc3c(NCc4ccncc4)ncnc32)cc1,,6.18,1,6.18,6.18,Ki,B,single protein format,single_protein,9,D,2011,
CHEMBL1779202,CHEMBL1779202,CC1(C)c2cc(C3CCN(C4COC4)CC3)ccc2C(=O)c2c1[nH]c1cc(C#N)ccc21,,6.43,1,6.43,6.43,IC50,B,single protein format,single_protein,8,H,2011,
CHEMBL1784625,CHEMBL1784625,Cc1ccc(C(=O)Nc2ccc(CN3CCN(C)CC3)c(C(F)(F)F)c2)cc1C#Cc1cccnc1,,7.15,2,6.91,7.39,IC50,B,protein format;single protein format,mixed,9,D,2011,
CHEMBL1784626,CHEMBL1784626,Cc1ccc(C(=O)Nc2ccc(CN3CCN(C)CC3)c(C(F)(F)F)c2)cc1C#Cc1cncnc1,,6.78,2,6.36,7.2,IC50,B,protein format;single protein format,mixed,9,D,2011,
CHEMBL1784627,CHEMBL1784627,CC(=O)Nc1ccc(C#Cc2cc(C(=O)Nc3ccc(CN4CCN(C)CC4)c(C(F)(F)F)c3)ccc2C)cn1,,7.335,2,6.92,7.75,IC50,B,protein format;single protein format,mixed,9,D,2011,
CHEMBL1784628,CHEMBL1784628,CCC(=O)Nc1ccc(C#Cc2cc(C(=O)Nc3ccc(CN4CCN(C)CC4)c(C(F)(F)F)c3)ccc2C)cn1,,7.26,2,6.98,7.54,IC50,B,protein format;single protein format,mixed,9,D,2011,
CHEMBL1784629,CHEMBL1784629,Cc1ccc(C(=O)Nc2ccc(CN3CCN(C)CC3)c(C(F)(F)F)c2)cc1C#Cc1ccc(C(N)=O)nc1,,6.9,2,6.49,7.31,IC50,B,protein format;single protein format,mixed,9,D,2011,
CHEMBL1784630,CHEMBL1784630,Cc1ccc(C(=O)Nc2ccc(CN3CCN(C)CC3)c(C(F)(F)F)c2)cc1C#Cc1cnc(NC2CC2)nc1,,6.82,2,6.34,7.3,IC50,B,protein format;single protein format,mixed,9,D,2011,
CHEMBL1784631,CHEMBL1784631,Cc1ccc(C(=O)Nc2ccc(CN3CCN(C)CC3)c(C(F)(F)F)c2)cc1C#Cc1cnc[nH]1,,6.0,1,6.0,6.0,IC50,B,single protein format,single_protein,9,D,2011,
CHEMBL1784632,CHEMBL1784632,Cc1ccc(C(=O)Nc2ccc(CN3CCN(C)CC3)c(C(F)(F)F)c2)cc1C#Cc1cncn1C,,6.574999999999999,2,6.26,6.89,IC50,B,protein format;single protein format,mixed,9,D,2011,
CHEMBL1784633,CHEMBL1784633,Cc1ccc(C(=O)Nc2ccc(CN3CCN(C)CC3)c(C(F)(F)F)c2)cc1C#Cc1cnc(C)n1C,,6.79,2,6.44,7.14,IC50,B,protein format;single protein format,mixed,9,D,2011,
CHEMBL1784634,CHEMBL1784634,Cc1ccc(C(=O)Nc2ccc(CN3CCN(C)CC3)c(C(F)(F)F)c2)cc1C#Cc1cnc(C(N)=O)n1C,,8.02,2,7.6,8.44,IC50,B,protein format;single protein format,mixed,9,D,2011,
CHEMBL1784635,CHEMBL1784635,CNC(=O)c1ncc(C#Cc2cc(C(=O)Nc3ccc(CN4CCN(C)CC4)c(C(F)(F)F)c3)ccc2C)n1C,,7.755,2,7.75,7.76,IC50,B,protein format;single protein format,mixed,9,D,2011,
CHEMBL1784636,CHEMBL1784636,Cc1ccc(C(=O)Nc2ccc(CN3CCN(C)CC3)c(C(F)(F)F)c2)cc1C#Cc1cnc(C(=O)NCCO)n1C,,6.89,2,6.52,7.26,IC50,B,protein format;single protein format,mixed,9,D,2011,
CHEMBL1784637,CHEMBL1784637,CNC(=O)c1ncc(C#Cc2cc(C(=O)Nc3ccc(CN4CCN(CCO)CC4)c(C(F)(F)F)c3)ccc2C)n1C,,8.58,4,7.22,9.7,IC50,B,protein format;single protein format,mixed,9,D,2011,
CHEMBL1784638,CHEMBL1784638,COCCN1CCN(Cc2ccc(NC(=O)c3ccc(C)c(C#Cc4cnc(C(N)=O)n4C)c3)cc2C(F)(F)F)CC1,,7.585,2,6.85,8.32,IC50,B,protein format;single protein format,mixed,9,D,2011,
CHEMBL1784639,CHEMBL1784639,Cc1ccc(C(=O)Nc2ccc(CN3CCN(CC(=O)O)CC3)c(C(F)(F)F)c2)cc1C#Cc1cnc(C(N)=O)n1C,,7.67,2,6.97,8.37,IC50,B,protein format;single protein format,mixed,9,D,2011,
CHEMBL1784640,CHEMBL1784640,Cc1ccc(C(=O)Nc2ccc(CN3CCN(C)CC3)c(C(F)(F)F)c2)cc1C#Cc1cnc(N)s1,,7.2,2,6.86,7.54,IC50,B,protein format;single protein format,mixed,9,D,2011,
CHEMBL1784641,CHEMBL1784641,CC(=O)Nc1ncc(C#Cc2cc(C(=O)Nc3ccc(CN4CCN(C)CC4)c(C(F)(F)F)c3)ccc2C)s1,,7.745,2,7.57,7.92,IC50,B,protein format;single protein format,mixed,9,D,2011,
CHEMBL1784969,CHEMBL1784969,CCN1CCC(n2nc(Cc3cccc4ccccc34)c3c(N)ncnc32)CC1,,6.44,1,6.44,6.44,IC50,B,single protein format,single_protein,9,D,2017,
CHEMBL1784972,CHEMBL1784972,CS(=O)(=O)N1CCC(n2nc(Cc3cccc4ccccc34)c3c(N)ncnc32)CC1,,7.05,1,7.05,7.05,IC50,B,single protein format,single_protein,9,D,2017,
CHEMBL1785012,CHEMBL1785012,CC(C)n1nc(-c2ccc(Cl)c(Cl)c2)c2c(N)ncnc21,,7.16,1,7.16,7.16,IC50,B,single protein format,single_protein,9,D,2017,
CHEMBL1785014,CHEMBL1785014,CC(C)c1cccc(-c2nn(C(C)C)c3ncnc(N)c23)c1,,6.7,1,6.7,6.7,IC50,B,single protein format,single_protein,9,D,2017,
CHEMBL1785020,CHEMBL1785020,COc1ccc2cc(-c3nn(C(C)C)c4ncnc(N)c34)ccc2c1,,6.09,3,6.09,6.12,IC50;Ki,B,single protein format,single_protein,9,D,2012;2017,
CHEMBL1825138,CHEMBL1825138,CC(Oc1cc(-c2cnn(C3CCNCC3)c2)cnc1N)c1c(Cl)ccc(F)c1Cl,,7.1,1,7.1,7.1,Ki,F,assay format,other,8,H,,
CHEMBL1835870,CHEMBL1835870,Nc1nc(Nc2ccc([C@H]3CC[C@H](N4CCOCC4)CC3)cc2)nn1-c1ccccn1,,6.4,1,6.4,6.4,Ki,B,single protein format,single_protein,8,H,2012,
CHEMBL1836675,CHEMBL1836675,CSc1nc(NCc2ccccc2F)c2cnn(CC(C)c3ccccc3)c2n1,,6.0,1,6.0,6.0,Ki,B,single protein format,single_protein,9,D,2011,
CHEMBL1836677,CHEMBL1836677,CSc1nc(NCc2ccccc2Cl)c2cnn(CC(C)c3ccccc3)c2n1,,6.11,1,6.11,6.11,Ki,B,single protein format,single_protein,9,D,2011,
CHEMBL184742,CHEMBL184742,Cc1ccc(NC(=O)Nc2cccc(N3CCCC3)c2)cc1Nc1nccc(-c2cccnc2)n1,,7.28,1,7.28,7.28,IC50,B,single protein format,single_protein,8,H,2004,
CHEMBL185775,CHEMBL185775,Cc1ccc(NC(=O)N2CCCCC2)cc1Nc1nccc(-c2cccnc2)n1,,6.03,1,6.03,6.03,IC50,B,single protein format,single_protein,8,H,2004,
CHEMBL186652,CHEMBL186652,Cc1ccc(NC(=O)Nc2cccc(Cl)c2)cc1Nc1nccc(-c2cccnc2)n1,,6.76,1,6.76,6.76,IC50,B,single protein format,single_protein,8,H,2004,
CHEMBL187080,CHEMBL187080,Cc1ccc(NC(=O)Nc2cccnc2)cc1Nc1nccc(-c2cccnc2)n1,,6.0,1,6.0,6.0,IC50,B,single protein format,single_protein,8,H,2004,
CHEMBL1873475,CHEMBL1873475,C=CC(=O)N1CCC[C@@H](n2nc(-c3ccc(Oc4ccccc4)cc3)c3c(N)ncnc32)C1,IBRUTINIB,7.07,1,7.07,7.07,IC50,B,single protein format,single_protein,8,H,2015,4
CHEMBL1908391,CHEMBL1908391,Cc1ccc(NC(=O)c2ccc(CN3CCN(C)CC3)cc2)cc1Nc1nc(-c2cccnc2)cs1,MASITINIB,7.43,14,6.23,8.68,Kd,B,single protein format;subcellular format,mixed,8;9,D;H,2011;2017,3
CHEMBL1908396,CHEMBL1908396,COc1cc(Oc2ccnc3cc(OC)c(OC)cc23)ccc1NC(=O)NC(C)c1nccs1,,6.42,10,6.0,7.19,Kd,B,single protein format,single_protein,8,H,2011,
CHEMBL1908397,CHEMBL1908397,O=C(c1ccc(/C=C/c2n[nH]c3ccccc23)cc1)N1CCNCC1,KW-2449,7.53,16,6.28,8.4,IC50;Kd,B,single protein format,single_protein,8;9,D;H,2011;2022,1
CHEMBL1908395,CHEMBL1908842,CN(C)CC(=O)N1CCC(c2ccc(NC(=O)c3nc(C#N)c[nH]3)c(C3=CCCCC3)c2)CC1,,6.46,11,6.03,6.75,Kd,B,single protein format,single_protein,8,H,2011,
CHEMBL191003,CHEMBL191003,Nc1nc(Nc2ccc(S(N)(=O)=O)cc2)nn1C(=O)c1c(F)cccc1F,JNJ-7706621,6.4,3,6.09,7.17,Kd;Ki,B;F,assay format;single protein format,mixed,8;9,D;H,2008,
CHEMBL1916891,CHEMBL1916891,Cc1ccccc1Nc1nc2cc(F)c(N(C)C(=O)/C=C/CN(C)C)cc2n2cncc12,,6.96,1,6.96,6.96,IC50,B,single protein format,single_protein,8,H,2011,
CHEMBL1922094,CHEMBL1922094,Cc1c(CN2CCN(C(=O)[C@H](C)O)CC2)sc2c(N3CCOCC3)nc(-c3cnc(N)nc3)nc12,APITOLISIB,6.09,1,6.09,6.09,Kd,B,subcellular format,other,9,D,2017,2
CHEMBL1946170,CHEMBL1946170,CNC(=O)c1cc(Oc2ccc(NC(=O)Nc3ccc(Cl)c(C(F)(F)F)c3)c(F)c2)ccn1,REGORAFENIB,6.12,1,6.12,6.12,Kd,B,subcellular format,other,9,D,2017,4
CHEMBL195029,CHEMBL195029,COc1cc(Nc2c(C#N)cnc3cc4cc(OCCN5CCOCC5)c(OC)cc4cc23)c(Cl)cc1Cl,,6.31,1,6.31,6.31,IC50,F,cell-based format,cell_based,8,H,2005,
CHEMBL196363,CHEMBL196363,Cc1cccc(NC(=O)Nc2ccc(-c3csc4ncnc(N)c34)cc2)c1,,6.8,1,6.8,6.8,Ki,F,assay format,other,8,H,,
CHEMBL1964441,CHEMBL1964441,CNCC#Cc1cnc(N)c2c(-c3ccc(NC(=O)Nc4cccc(C)c4)cc3)csc12,,6.8,1,6.8,6.8,Ki,F,assay format,other,8,H,,
CHEMBL1965169,CHEMBL1965169,Cc1ccc(-c2cc3nc(Br)cnc3[nH]2)cc1,,6.1,1,6.1,6.1,Ki,F,assay format,other,8,H,,
CHEMBL1965170,CHEMBL1965170,COc1ccc(NC(=O)Nc2ccc(-c3csc4c(-c5cnn(CC(O)CO)c5)cnc(N)c34)cc2)cc1,,8.7,1,8.7,8.7,Ki,F,assay format,other,8,H,,
CHEMBL1965570,CHEMBL1965570,Nc1ncc(-c2ccoc2)c2scc(-c3ccc(NC(=O)Nc4ccccc4F)cc3)c12,,7.0,1,7.0,7.0,Ki,F,assay format,other,8,H,,
CHEMBL1965988,CHEMBL1965988,Cc1cccc(NC(=O)Nc2ccc(-c3csc4c(C#CCN)cnc(N)c34)cc2)c1,,6.6,1,6.6,6.6,Ki,F,assay format,other,8,H,,
CHEMBL1966514,CHEMBL1966514,Nc1ncc(-c2ccoc2)c2scc(-c3ccc(NC(=O)Nc4cccc(F)c4)cc3)c12,,7.5,1,7.5,7.5,Ki,F,assay format,other,8,H,,
CHEMBL1966836,CHEMBL1966836,Cn1nc(N)c2c(-c3ccc(NC(=O)Nc4ccc(F)c(C(F)(F)F)c4)cc3)ccnc21,,6.7,1,6.7,6.7,Ki,F,assay format,other,8,H,,
CHEMBL1967116,CHEMBL1967116,Cc1cccc(NC(=O)Nc2ccc(-c3csc4c(-c5cnn(C)c5)cnc(N)c34)cc2)c1,,8.8,1,8.8,8.8,Ki,F,assay format,other,8,H,,
CHEMBL1967531,CHEMBL1967531,Nc1ncnc2scc(-c3ccc(NC(=O)Nc4ccccc4)cc3)c12,,6.6,1,6.6,6.6,Ki,F,assay format,other,8,H,,
CHEMBL1967878,CHEMBL1967878,Cc1cc(Nc2ncc(F)c(NC3C4C=CC(C4)C3C(N)=O)n2)ccc1N1CCN(C)CC1,CENISERTIB,7.4,1,7.4,7.4,Ki,F,assay format,other,8,H,,2
CHEMBL1968590,CHEMBL1968590,CNC(=O)C=Cc1cnc(N)c2c(-c3ccc4sc(C)nc4c3)csc12,,7.3,1,7.3,7.3,Ki,F,assay format,other,8,H,,
CHEMBL1969102,CHEMBL1969102,Cc1cccc(NC(=O)Nc2ccc(-c3csc4c(-c5cn[nH]c5)cnc(N)c34)cc2)c1,,8.8,1,8.8,8.8,Ki,F,assay format,other,8,H,,
CHEMBL1969190,CHEMBL1969190,COc1ccc(-c2ccc(NC(=O)Nc3cc(F)cc(F)c3)cc2)c2c(N)noc12,,6.3,1,6.3,6.3,Ki,F,assay format,other,8,H,,
CHEMBL1969502,CHEMBL1969502,O=C1NN=Cc2c[nH]c3cc(NC(=O)C4CC4c4ccccc4)cc1c23,,7.0,1,7.0,7.0,Ki,F,assay format,other,8,H,,
CHEMBL1969537,CHEMBL1969537,S=c1[nH]nc2c3c4c(sc3n3c(=S)[nH]nc3n12)CCC4,,7.1,1,7.1,7.1,Ki,F,assay format,other,8,H,,
CHEMBL1969588,CHEMBL1969588,Clc1cc(-c2c[nH]c3ncccc23)cc(NCc2ccccc2)n1,,6.3,1,6.3,6.3,Ki,F,assay format,other,8,H,,
CHEMBL1970083,CHEMBL1970083,Nc1ncc(-c2ccncc2)c2scc(-c3ccc(NC(=O)Nc4cc(C(F)(F)F)ccc4F)cc3)c12,,8.0,1,8.0,8.0,Ki,F,assay format,other,8,H,,
CHEMBL1970104,CHEMBL1970104,CC(C)(C)c1ccc2nc(-c3n[nH]c4ccccc34)[nH]c2c1,,6.8,2,6.8,6.8,Ki,F,assay format,other,8,H,,
CHEMBL1970142,CHEMBL1970142,CNC(=O)C(C)n1cc(-c2cnc(N)c3c(-c4ccc(NC(=O)Nc5ccc(C)cc5)cc4)csc23)cn1,,8.4,1,8.4,8.4,Ki,F,assay format,other,8,H,,
CHEMBL1970317,CHEMBL1970317,Cn1cc(-c2cnc(N)c3c(-c4ccc(NC(=O)Nc5cccc(F)c5)cc4)csc23)cn1,,8.7,1,8.7,8.7,Ki,F,assay format,other,8,H,,
CHEMBL1970879,CHEMBL1970879,COc1cc(-c2nn(C3CCC(N4CCN(C(C)=O)CC4)CC3)c3ncnc(N)c23)ccc1NC(=O)c1cc2ccccc2n1C,,6.8,1,6.8,6.8,Ki,F,assay format,other,8,H,,
CHEMBL1971947,CHEMBL1971947,Cc1cccc(NC(=O)Nc2ccc(-c3csc4c(C#Cc5cccnc5)cnc(N)c34)cc2)c1,,7.2,1,7.2,7.2,Ki,F,assay format,other,8,H,,
CHEMBL1972220,CHEMBL1972220,Nc1ncc(-c2cnn(CCO)c2)c2scc(-c3ccc(NC(=O)Nc4ccc(OC(F)F)cc4)cc3)c12,,8.8,1,8.8,8.8,Ki,F,assay format,other,8,H,,
CHEMBL1972355,CHEMBL1972355,COc1c(-c2nc3ccccc3[nH]2)c(O)cc2oc(C)cc(=O)c12,,6.1,1,6.1,6.1,Ki,F,assay format,other,8,H,,
CHEMBL1973178,CHEMBL1973178,COc1ccc(-c2ccc(NC(=O)Nc3ccc(OC(F)(F)F)cc3)cc2)c2c(N)noc12,,6.7,1,6.7,6.7,Ki,F,assay format,other,8,H,,
CHEMBL1973211,CHEMBL1973211,Cc1cccc(NC(=O)Nc2ccc(-c3csc4c(C#CCN5CCCC5)cnc(N)c34)cc2)c1,,6.6,1,6.6,6.6,Ki,F,assay format,other,8,H,,
CHEMBL1973359,CHEMBL1973359,NC(=O)c1ccc2nc(-c3ccc([N+](=O)[O-])o3)cn2c1,,6.4,1,6.4,6.4,Ki,F,assay format,other,8,H,,
CHEMBL1974254,CHEMBL1974254,CCOc1ccc(NC(=O)Nc2ccc(-c3csc4c(-c5cnn(C)c5)cnc(N)c34)cc2)cc1,,9.2,1,9.2,9.2,Ki,F,assay format,other,8,H,,
CHEMBL1974328,CHEMBL1974328,Cc1cccc(Nc2nc(NC3CCCCC3N)cnc2C(N)=O)c1,,6.6,1,6.6,6.6,Ki,F,assay format,other,8,H,,
CHEMBL1974416,CHEMBL1974416,O=C(Nc1cnc2[nH]cc(-c3ccccc3)c2c1)c1cccc(F)c1F,,6.6,1,6.6,6.6,Ki,F,assay format,other,8,H,,
CHEMBL1974664,CHEMBL1974664,COc1ccc(C=NNc2ncnc3c2[nH]c2ccccc23)cc1OC,,7.2,1,7.2,7.2,Ki,F,assay format,other,8,H,,
CHEMBL1975903,CHEMBL1975903,COc1ccccc1-c1ccnc(Nc2cccc(S(C)(=O)=O)c2)n1,,6.3,1,6.3,6.3,Ki,F,assay format,other,8,H,,
CHEMBL1975927,CHEMBL1975927,COc1ccc(-n2ccc3cnc(Nc4cc(OC)c(OC)c(OC)c4)nc32)cc1,,6.3,1,6.3,6.3,Ki,F,assay format,other,8,H,,
CHEMBL1976040,CHEMBL1976040,C=CCn1c(=O)c2cnc(Nc3ccc(N4CCN(C)CC4)cc3)nc2n1-c1cccc(C(C)(C)O)n1,ADAVOSERTIB,6.95,2,6.5,7.4,Kd;Ki,B;F,assay format,other,8;9,D;H,2017,2
CHEMBL1976134,CHEMBL1976134,c1cc2cc(-c3ccc4cn[nH]c4c3)cnc2[nH]1,,7.3,1,7.3,7.3,Ki,F,assay format,other,8,H,,
CHEMBL1977041,CHEMBL1977041,COC(=O)c1c(-c2ccc(NC(=O)Nc3ccccc3)cc2)c2c(N)ncnn2c1C,,6.9,1,6.9,6.9,Ki,F,assay format,other,8,H,,
CHEMBL1977134,CHEMBL1977134,Nc1c(-c2ccc(NC(=O)Nc3cccc(C(F)(F)F)c3)cc2)cnc2c(-c3ccc4c(c3)OCO4)cnn12,,6.7,1,6.7,6.7,Ki,F,assay format,other,8,H,,
CHEMBL1977138,CHEMBL1977138,CC(Nc1cncc(-n2cnc3ccc(C#N)cc32)n1)c1ccccc1F,,6.2,1,6.2,6.2,Ki,F,assay format,other,8,H,,
CHEMBL1977148,CHEMBL1977148,COc1ccc(NC(=O)Nc2ccc(-c3csc4c(-c5cnn(CCO)c5)cnc(N)c34)cc2)cc1,,9.6,1,9.6,9.6,Ki,F,assay format,other,8,H,,
CHEMBL1978166,CHEMBL1978166,Cc1cccc(NC(=O)Nc2ccc(-c3csc4c(C#CCCCCCCCCN)cnc(N)c34)cc2)c1,,6.9,2,6.9,6.9,Ki,F,assay format,other,8,H,,
CHEMBL1978562,CHEMBL1978562,Cn1cc(-c2cc3nc(Br)cnc3[nH]2)c2cc(C#N)ccc21,,6.1,1,6.1,6.1,Ki,F,assay format,other,8,H,,
CHEMBL1979252,CHEMBL1979252,O=c1c(NCc2cccc(C(F)(F)F)c2)c(Nc2ccncc2)c1=O,,6.4,1,6.4,6.4,Ki,F,assay format,other,8,H,,
CHEMBL1979577,CHEMBL1979577,Cc1cccc(NC(=O)Nc2ccc(-c3csc4c(C#CC(C)(C)N)cnc(N)c34)cc2)c1,,6.5,1,6.5,6.5,Ki,F,assay format,other,8,H,,
CHEMBL1979690,CHEMBL1979690,CN1CCN(c2ccc(Nc3ncc(Cl)c(Nc4ccc5[nH]ncc5c4)n3)cc2)CC1,,7.0,1,7.0,7.0,Ki,F,assay format,other,8,H,,
CHEMBL1979883,CHEMBL1979883,Cc1cccc(NC(=O)Nc2ccc(-c3csc4c(C#CCN(C)C)cnc(N)c34)cc2)c1,,6.8,1,6.8,6.8,Ki,F,assay format,other,8,H,,
CHEMBL1980297,CHEMBL1980297,Nc1ncc(-c2cnn(CCO)c2)c2scc(-c3ccc(NC(=O)Nc4cccc(F)c4)cc3)c12,ILORASERTIB,8.21,2,7.92,8.5,IC50;Ki,B;F,assay format;single protein format,mixed,8,H,2012,2
CHEMBL1980329,CHEMBL1980329,O=C1Nc2cc(-c3ccc(O)cc3)ccc2C1=Cc1ccc[nH]1,,7.3,1,7.3,7.3,Ki,F,assay format,other,8,H,,
CHEMBL1980407,CHEMBL1980407,NC(COc1cncc(-c2ccc3c(c2)C(=Cc2ccc[nH]2)C(=O)N3)c1)Cc1ccccc1,,7.2,1,7.2,7.2,Ki,F,assay format,other,8,H,,
CHEMBL1980904,CHEMBL1980904,Nc1n[nH]c2cccc(-c3ccc(NC(=O)Nc4cccc(C(F)(F)F)c4)c(F)c3)c12,,6.5,1,6.5,6.5,Ki,F,assay format,other,8,H,,
CHEMBL1980995,CHEMBL1980995,CNC1CC2OC(C)(C1OC)n1c3ccccc3c3c4c(c5c6ccccc6n2c5c31)C(=O)NC4,,7.0,1,7.0,7.0,Ki,F,assay format,other,8,H,,
CHEMBL1981047,CHEMBL1981047,COC(C(=O)N1Cc2[nH]nc(NC(=O)c3ccc(N4CCN(C)CC4)cc3)c2C1)c1ccccc1,,8.6,1,8.6,8.6,Ki,F,assay format,other,8,H,,
CHEMBL1982465,CHEMBL1982465,Cc1cccc(NC(=O)Nc2ccc(-c3csc4c(C#CCN5CCOCC5)cnc(N)c34)cc2)c1,,7.4,1,7.4,7.4,Ki,F,assay format,other,8,H,,
CHEMBL1982466,CHEMBL1982466,Cc1ccc(NC(=O)Nc2ccc(-c3csc4c(-c5cnn(C)c5)cnc(N)c34)cc2)cc1,,8.6,1,8.6,8.6,Ki,F,assay format,other,8,H,,
CHEMBL1982476,CHEMBL1982476,CNC(=O)c1cnc(N)c2c(-c3ccc(NC(=O)Nc4cccc(Cl)c4)cc3)csc12,,9.3,1,9.3,9.3,Ki,F,assay format,other,8,H,,
CHEMBL1982711,CHEMBL1982711,NC(=O)c1ccc(-c2c[nH]c3nccc(Cl)c23)cc1,,6.0,1,6.0,6.0,Ki,F,assay format,other,8,H,,
CHEMBL1982957,CHEMBL1982957,NC(=O)c1cccc(-c2cnc3[nH]cc(-c4ccccc4)c3c2)c1,,7.3,1,7.3,7.3,Ki,F,assay format,other,8,H,,
CHEMBL1983025,CHEMBL1983025,CCC(N)(C#Cc1cnc(N)c2c(-c3ccc(NC(=O)Nc4cccc(C)c4)cc3)csc12)CC,,6.3,1,6.3,6.3,Ki,F,assay format,other,8,H,,
CHEMBL1983111,CHEMBL1983111,CC(=O)NCC(=O)N1C2CCC1c1cc(Nc3ncc(C(F)(F)F)c(NC4CCC4)n3)ccc12,,6.6,1,6.6,6.6,Ki,F,assay format,other,8,H,,
CHEMBL1983268,CHEMBL1983268,CN1CCN(c2ccc(C(=O)Nc3n[nH]c4ccc(Cc5cc(F)cc(F)c5)cc34)c(NC3CCOCC3)c2)CC1,ENTRECTINIB,6.5,1,6.5,6.5,Ki,F,assay format,other,8,H,,4
CHEMBL1983575,CHEMBL1983575,O=C(NN=Cc1cc(Br)c(O)c(Br)c1)Nc1ccccc1,,6.2,1,6.2,6.2,Ki,F,assay format,other,8,H,,
CHEMBL1983640,CHEMBL1983640,Cc1ccc(F)c(NC(=O)Nc2ccc(-c3coc4c(C#CCN5CCOCC5)cnc(N)c34)cc2)c1,,6.4,1,6.4,6.4,Ki,F,assay format,other,8,H,,
CHEMBL1983715,CHEMBL1983715,CCNc1nc(C)c(-c2ccnc(Nc3ccc(N4CCN(C(C)=O)CC4)cc3)n2)s1,,6.6,1,6.6,6.6,Ki,F,assay format,other,8,H,,
CHEMBL1983923,CHEMBL1983923,Cc1cc(Nc2cc(N3CCN(C)CC3)nc(C=Cc3ccccc3)n2)n[nH]1,,6.7,1,6.7,6.7,Ki,F,assay format,other,8,H,,
CHEMBL1983963,CHEMBL1983963,Cc1cccc(NC(=O)Nc2ccc(-c3coc4ncnc(N)c34)cc2)c1,,6.7,1,6.7,6.7,Ki,F,assay format,other,8,H,,
CHEMBL1984162,CHEMBL1984162,COCCOC1CCC(n2nc(-c3ccc(Nc4nc5cc(C)cc(C)c5o4)cc3)c3c(N)ncnc32)CC1,,6.4,1,6.4,6.4,Ki,F,assay format,other,8,H,,
CHEMBL1985367,CHEMBL1985367,Cc1ccnc(Nc2cc(C)nc(-c3ccccc3)n2)c1,,6.0,1,6.0,6.0,Ki,F,assay format,other,8,H,,
CHEMBL1985888,CHEMBL1985888,Cn1nc(N)c2c(-c3ccc(NC(=O)Nc4cccc(C(F)(F)F)c4)cc3)ccnc21,,6.7,1,6.7,6.7,Ki,F,assay format,other,8,H,,
CHEMBL1986943,CHEMBL1986943,OC1CCC(Nc2nc(Cl)cc(-c3c[nH]c4ncccc34)n2)CC1,,6.2,2,6.2,6.2,Ki,F,assay format,other,8,H,,
CHEMBL1987034,CHEMBL1987034,N#CCOc1ccc(Nc2nc(Nc3cccc(S(N)(=O)=O)c3)ncc2Br)cc1,,7.0,1,7.0,7.0,Ki,F,assay format,other,8,H,,
CHEMBL1987054,CHEMBL1987054,COCCOC1CCC(n2nc(-c3ccc(Nc4nc5cc(C)cc(Cl)c5o4)cc3)c3c(N)ncnc32)CC1,,6.3,1,6.3,6.3,Ki,F,assay format,other,8,H,,
CHEMBL1988075,CHEMBL1988075,Cc1ccc(-c2cnc(N)c3c(-c4ccc(NC(=O)Nc5cccc(F)c5)cc4)csc23)cn1,,7.4,1,7.4,7.4,Ki,F,assay format,other,8,H,,
CHEMBL1988141,CHEMBL1988141,CCC(=O)Nc1ccc(C(=O)N2CCNCC2)c(O)c1,,6.0,1,6.0,6.0,Ki,F,assay format,other,8,H,,
CHEMBL1988300,CHEMBL1988300,Nc1ccc(-c2csc3c(C=Cc4nc5ccccc5[nH]4)cnc(N)c23)cc1,,7.3,1,7.3,7.3,Ki,F,assay format,other,8,H,,
CHEMBL1988387,CHEMBL1988387,Cn1cc(-c2cnc(N)c3c(-c4ccc(NC(=O)Nc5ccc(OC(F)F)cc5)cc4)csc23)cn1,,8.6,1,8.6,8.6,Ki,F,assay format,other,8,H,,
CHEMBL1988437,CHEMBL1988437,CNC(=O)c1ccccc1Sc1ccc2c(C=Cc3ccccn3)n[nH]c2c1,,8.5,1,8.5,8.5,Ki,F,assay format,other,8,H,,
CHEMBL1988581,CHEMBL1988581,Cc1cc(=O)n2ccc(CN(C)C)c(O)c2n1,,7.1,1,7.1,7.1,Ki,F,assay format,other,8,H,,
CHEMBL1988692,CHEMBL1988692,CC(C)NC1=NNC(=O)C1=Cc1cc2ccccc2[nH]1,,6.6,1,6.6,6.6,Ki,F,assay format,other,8,H,,
CHEMBL1988717,CHEMBL1988717,Cn1cc(-c2cnn3c(N)c(-c4ccc(NC(=O)Nc5cccc(C(F)(F)F)c5)cc4)cnc23)cn1,,7.8,1,7.8,7.8,Ki,F,assay format,other,8,H,,
CHEMBL1988838,CHEMBL1988838,Cc1cnc(Nc2cccc(S(N)(=O)=O)c2)nc1Nc1ccc(OCC(N)=O)cc1,,6.7,1,6.7,6.7,Ki,F,assay format,other,8,H,,
CHEMBL1989267,CHEMBL1989267,COc1cc(-c2csc3c(C=CC(=O)NCCN(C)C)cnc(N)c23)ccc1NC(=O)c1cc2ccccc2n1C,,7.9,1,7.9,7.9,Ki,F,assay format,other,8,H,,
CHEMBL1989471,CHEMBL1989471,Cc1ccnc2[nH]c3cc(C(C)C)ccc3c(=O)c12,,6.6,1,6.6,6.6,Ki,F,assay format,other,8,H,,
CHEMBL1990884,CHEMBL1990884,Cc1cc(C)c2oc(Nc3ccc(-c4cccc(C(N)=O)c4N)cc3F)nc2c1,,7.0,1,7.0,7.0,Ki,F,assay format,other,8,H,,
CHEMBL1991734,CHEMBL1991734,CN1c2ccc(N)cc2C(c2ccccc2)c2cc(N)ccc21,,6.2,1,6.2,6.2,Ki,F,assay format,other,8,H,,
CHEMBL1992306,CHEMBL1992306,CNC(=O)c1cc(Oc2ccc(NC(=O)Nc3cccc(C(F)(F)F)c3)cc2)ccn1,,6.2,1,6.2,6.2,Ki,F,assay format,other,8,H,,
CHEMBL1992473,CHEMBL1992473,CN(C)c1c(NC(=O)c2c(F)cccc2F)cccc1-c1nc2sccn2c1-c1ccnc(Nc2cccc(N3CCOCC3)c2)n1,,6.3,1,6.3,6.3,Ki,F,assay format,other,8,H,,
CHEMBL1992581,CHEMBL1992581,O=C(Cc1ccc(-c2cccnc2)cc1)Nc1ccc(SC(F)F)cc1,,6.7,1,6.7,6.7,Ki,F,assay format,other,8,H,,
CHEMBL1992937,CHEMBL1992937,Cc1ccc(Nc2nc3ccc([N+](=O)[O-])cc3[nH]2)nc1,,6.1,1,6.1,6.1,Ki,F,assay format,other,8,H,,
CHEMBL1993335,CHEMBL1993335,Cn1cc(-c2cc3nc(Br)cnc3[nH]2)c2cc(F)ccc21,,6.8,1,6.8,6.8,Ki,F,assay format,other,8,H,,
CHEMBL1993661,CHEMBL1993661,CNS(=O)(=O)c1ccccc1Nc1nc(Nc2cc(OC)c(OC)c(OC)c2)ncc1Cl,,8.1,1,8.1,8.1,Ki,F,assay format,other,8,H,,
CHEMBL1993877,CHEMBL1993877,C#Cc1cn(C2CCCC2)c2ncnc(N)c12,,6.0,1,6.0,6.0,Ki,F,assay format,other,8,H,,
CHEMBL1993941,CHEMBL1993941,CCCn1cc(-c2cnc(N)c3c(-c4ccc(NC(=O)Nc5cccc(F)c5)cc4)csc23)cn1,,8.9,1,8.9,8.9,Ki,F,assay format,other,8,H,,
CHEMBL1994321,CHEMBL1994321,Cc1cccc(NC(=O)Nc2ccc(-c3csc4c(C#CCNS(C)(=O)=O)cnc(N)c34)cc2)c1,,7.1,1,7.1,7.1,Ki,F,assay format,other,8,H,,
CHEMBL1996066,CHEMBL1996066,N#Cc1ccc2nc(N)n(-c3nc(-c4ccccc4)cs3)c2c1,,8.0,1,8.0,8.0,Ki,F,assay format,other,8,H,,
CHEMBL1996255,CHEMBL1996255,Cc1ccc(F)c(NC(=O)Nc2ccc(-c3c(F)ccc4[nH]nc(N)c34)cc2)c1,,6.3,1,6.3,6.3,Ki,F,assay format,other,8,H,,
CHEMBL1996646,CHEMBL1996646,COc1cccc(OC)c1CNc1nc(NC2CCCCC2)nc2ccc(Cl)cc12,,6.4,1,6.4,6.4,Ki,F,assay format,other,8,H,,
CHEMBL1996649,CHEMBL1996649,CCN(CC)CCCNC(=O)c1cnc(N)c2c(-c3ccc(NC(=O)Nc4cccc(F)c4)cc3)csc12,,8.1,1,8.1,8.1,Ki,F,assay format,other,8,H,,
CHEMBL1996702,CHEMBL1996702,COc1cc(-c2ccc3c(c2)Nc2ccc(C(=O)NCCCN(C)C)cc2NC3=O)ccc1O,,6.6,1,6.6,6.6,Ki,F,assay format,other,8,H,,
CHEMBL1996979,CHEMBL1996979,O=C(Nc1cnc2[nH]cc(-c3ccccc3)c2c1)c1c(F)cccc1F,,8.0,1,8.0,8.0,Ki,F,assay format,other,8,H,,
CHEMBL1997129,CHEMBL1997129,O=C1NCCc2[nH]c(-c3ccnc(C=Cc4ccccc4)c3)cc21,,6.3,1,6.3,6.3,Ki,F,assay format,other,8,H,,
CHEMBL1997617,CHEMBL1997617,CN1CCN(C2CCC(n3cc(-c4ccc(Oc5ccccc5)cc4)c4c(N)ncnc43)CC2)CC1,,8.4,1,8.4,8.4,Ki,F,assay format,other,8,H,,
CHEMBL1997822,CHEMBL1997822,Cc1cc2cc(-c3csc4c(-c5cccc(S(C)(=O)=O)c5)cnc(N)c34)ccc2[nH]1,,8.4,1,8.4,8.4,Ki,F,assay format,other,8,H,,
CHEMBL1997924,CHEMBL1997924,c1ccc(CNc2nc(Nc3cc(C4CC4)[nH]n3)c3sccc3n2)cc1,,8.0,1,8.0,8.0,Ki,F,assay format,other,8,H,,
CHEMBL1998585,CHEMBL1998585,Nc1ncnc2scc(-c3ccc(NC(=O)Nc4cc(C(F)(F)F)ccc4F)cc3)c12,,7.5,1,7.5,7.5,Ki,F,assay format,other,8,H,,
CHEMBL1999112,CHEMBL1999112,CCOC(=O)C1=c2sc(=Cc3ccco3)c(=O)n2C(N)=C(C#N)C1c1ccco1,,7.1,1,7.1,7.1,Ki,F,assay format,other,8,H,,
CHEMBL1999414,CHEMBL1999414,CCN(CC)CCCNC(=O)c1cnc(N)c2c(-c3ccc(NC(=O)Nc4cccc(C)c4)cc3)csc12,,8.1,1,8.1,8.1,Ki,F,assay format,other,8,H,,
CHEMBL1999484,CHEMBL1999484,CNc1nc(C)c(-c2ccnc(Nc3ccc(N4CCNCC4)cc3)n2)s1,,7.1,1,7.1,7.1,Ki,F,assay format,other,8,H,,
CHEMBL1999590,CHEMBL1999590,Cc1cc(-c2ccccc2)n(-c2cc(NN=Cc3ccco3)ncn2)n1,,6.3,1,6.3,6.3,Ki,F,assay format,other,8,H,,
CHEMBL1999811,CHEMBL1999811,O=C(NN=Cc1ccc(O)cc1O)Nc1cccc2nsnc12,,6.4,1,6.4,6.4,Ki,F,assay format,other,8,H,,
CHEMBL2000335,CHEMBL2000335,Cc1ccc(NC(=O)Nc2ccc(-c3csc4ncnc(N)c34)cc2)cc1C,,6.5,1,6.5,6.5,Ki,F,assay format,other,8,H,,
CHEMBL2000652,CHEMBL2000652,Nc1n[nH]c2cccc(-c3ccc(NC(=O)Nc4cccc(Cl)c4)c(F)c3)c12,,6.3,2,6.3,6.3,Ki,F,assay format,other,8,H,,
CHEMBL2001257,CHEMBL2001257,CCN(CC)CC#Cc1cnc(N)c2c(-c3ccc(NC(=O)Nc4cccc(C)c4)cc3)csc12,,6.3,1,6.3,6.3,Ki,F,assay format,other,8,H,,
CHEMBL2001485,CHEMBL2001485,Cc1ccc(NC(=O)Nc2ccc(-c3csc4c(-c5cnn(C(C)C(=O)N(C)C)c5)cnc(N)c34)cc2)cc1,,7.6,1,7.6,7.6,Ki,F,assay format,other,8,H,,
CHEMBL2002165,CHEMBL2002165,CC(O)Cn1cc(-c2cnc(N)c3c(-c4ccc(NC(=O)Nc5cccc(F)c5)cc4)csc23)cn1,,9.1,1,9.1,9.1,Ki,F,assay format,other,8,H,,
CHEMBL2002432,CHEMBL2002432,CC(C)Nc1nccc(Nc2ncc(-c3ccccc3)s2)n1,,7.1,1,7.1,7.1,Ki,F,assay format,other,8,H,,
CHEMBL2003657,CHEMBL2003657,CC(C)S(=O)(=O)n1c(N)nc2ccc(-c3c(-c4ccc(F)cc4)nc4sccn34)cc21,,6.3,1,6.3,6.3,Ki,F,assay format,other,8,H,,
CHEMBL2004290,CHEMBL2004290,COc1ccc(NC(=O)Nc2ccc(-c3csc4c(-c5cnn(CC(C)(C)O)c5)cnc(N)c34)cc2)cc1,,8.5,1,8.5,8.5,Ki,F,assay format,other,8,H,,
CHEMBL2004311,CHEMBL2004311,Cc1cc(C)cc(NC(=O)Nc2ccc(-c3cccc4c3CNC4=O)c(C)c2)c1,,6.2,1,6.2,6.2,Ki,F,assay format,other,8,H,,
CHEMBL2004716,CHEMBL2004716,CCN(CC)CCNC(=O)C=Cc1cnc(N)c2c(-c3ccc(NC(=O)Nc4cccc(C)c4)cc3)csc12,,8.6,1,8.6,8.6,Ki,F,assay format,other,8,H,,
CHEMBL2005449,CHEMBL2005449,Cc1cc(Nc2nc(Cl)cc(NCc3ccccc3)n2)n[nH]1,,6.1,1,6.1,6.1,Ki,F,assay format,other,8,H,,
CHEMBL2005478,CHEMBL2005478,COc1ccc2c(c1)c(-c1cc3nc(Br)cnc3[nH]1)cn2C,,6.7,1,6.7,6.7,Ki,F,assay format,other,8,H,,
CHEMBL2005631,CHEMBL2005631,CNC(=O)c1cnc(N)c2c(-c3ccc(NC(=O)Nc4cc(C)ccc4F)cc3)csc12,,8.7,1,8.7,8.7,Ki,F,assay format,other,8,H,,
CHEMBL2005886,CHEMBL2005886,Cc1cc(N2CCOCC2)cc2[nH]c(-c3c(NCC(O)c4cccc(Cl)c4)cc[nH]c3=O)nc12,,6.6,1,6.6,6.6,Ki,F,assay format,other,8,H,,
CHEMBL2006564,CHEMBL2006564,CCN(C(C)=O)c1ccc(Nc2nc(NC3CC3)c3nc[nH]c3n2)cc1,,7.0,1,7.0,7.0,Ki,F,assay format,other,8,H,,
CHEMBL2006765,CHEMBL2006765,CCCNC(=O)c1ccc(Nc2nc(NCC(F)(F)F)c3cc[nH]c3n2)cc1,,6.3,1,6.3,6.3,Ki,F,assay format,other,8,H,,
CHEMBL2006778,CHEMBL2006778,CNC(=O)C=Cc1cnc(N)c2c(-c3cc(F)c4[nH]c(C)cc4c3)csc12,,8.7,1,8.7,8.7,Ki,F,assay format,other,8,H,,
CHEMBL2022856,CHEMBL2022856,C[C@@H](O)Cn1cc(-c2cnc(N)c3c(-c4ccc(NC(=O)Nc5cccc(F)c5)cc4)csc23)cn1,,9.1,1,9.1,9.1,Ki,B,single protein format,single_protein,9,D,2012,
CHEMBL20252,CHEMBL20252,Cc1ccc(NC(=O)c2ccc3ccccc3c2)cc1Nc1nccc(-c2cccnc2)n1,,6.7,1,6.7,6.7,IC50,B,single protein format,single_protein,8,H,1997,
CHEMBL2029988,CHEMBL2029988,COc1cc2ncnc(Oc3cccc(NC(=O)Nc4cc(C(C)(C)C(F)(F)F)on4)c3)c2cc1OC,CEP-32496,8.370000000000001,4,7.3,8.55,IC50;Kd,B,cell-based format;single protein format;subcellular format,mixed,9,D,2012;2017;2021,2
CHEMBL2030556,CHEMBL2030556,CC(C)n1nc(-c2cc3c(Cl)cccc3[nH]2)c2c(N)ncnc21,,6.535,2,6.52,6.55,IC50;Ki,B,single protein format,single_protein,9,D,2012;2020,
CHEMBL2031893,CHEMBL2031893,COc1cc2nccc(Oc3ccc(NC(=O)c4c(C)n(C)n(-c5ccccc5)c4=O)cc3F)c2cc1OC,,8.0,1,8.0,8.0,IC50,B,single protein format,single_protein,8,H,2012,
CHEMBL203343,CHEMBL203343,Cc1ccc(NC(=O)c2ccc(CN3CCN(C)CC3)c(C(F)(F)F)c2)cc1Nc1nccc(-c2cccnc2)n1,,8.29,1,8.29,8.29,IC50,B,cell-based format,cell_based,9,D,2007,
CHEMBL2041933,CHEMBL2041933,NC(=O)Nc1cc(-c2cccc(F)c2)sc1C(=O)N[C@H]1CCCNC1,AZD-7762,6.21,1,6.21,6.21,Kd,B,subcellular format,other,9,D,2017,1
CHEMBL205409,CHEMBL205409,Cc1ccc(NC(=O)c2ccc(CN3CCN(C)CC3)c(F)c2)cc1Nc1nccc(-c2cccnc2)n1,,6.92,1,6.92,6.92,IC50,B,cell-based format,cell_based,9,D,2007,
CHEMBL205723,CHEMBL205723,Cc1ccc(NC(=O)c2ccc(CN3CCN(C)CC3)c(C(F)(F)F)c2)cc1Nc1nccc(-c2cncnc2)n1,,8.06,1,8.06,8.06,IC50,B,cell-based format,cell_based,9,D,2007,
CHEMBL2058538,CHEMBL2058538,CC(C)n1nc(C#Cc2ccccc2)c2c(N)ncnc21,,6.245,2,6.21,6.28,IC50,B,single protein format,single_protein,9,D,2015,
CHEMBL2058540,CHEMBL2058540,CC(C)n1nc(C#Cc2cccc(N)c2)c2c(N)ncnc21,,6.34,2,6.27,6.41,IC50,B,single protein format,single_protein,9,D,2015,
CHEMBL2059164,CHEMBL2059164,O=C(NCCC1CCNCC1)Nc1nc2ccc(C(=O)c3ccccc3)cc2[nH]1,,7.0,1,7.0,7.0,IC50,B,single protein format,single_protein,9,D,2012,
CHEMBL2059165,CHEMBL2059165,O=C(NCCC1CCCNC1)Nc1nc2ccc(C(=O)c3ccccc3)cc2[nH]1,,8.0,1,8.0,8.0,IC50,B,single protein format,single_protein,9,D,2012,
CHEMBL2059166,CHEMBL2059166,NCCC(=O)Nc1nc2ccc(C(=O)c3ccccc3)cc2[nH]1,,6.26,1,6.26,6.26,IC50,B,single protein format,single_protein,9,D,2012,
CHEMBL536073,CHEMBL206034,Cc1ccc(NC(=O)c2ccc(CN3CC[C@@H](N(C)C)C3)c(C(F)(F)F)c2)cc1Nc1nccc(-c2cncnc2)n1,,7.92,1,7.92,7.92,IC50,B,cell-based format,cell_based,9,D,2007,
CHEMBL206046,CHEMBL206046,O=C(Nc1nnc(CCc2ccccc2)s1)c1ccc(I)cc1,,6.4,1,6.4,6.4,Ki,B,single protein format,single_protein,9,D,2006,
CHEMBL206834,CHEMBL206834,Cc1ccc(NC(=O)c2ccc(CN3CC[C@H](N(C)C)C3)c(C(F)(F)F)c2)cc1Nc1nccc(-c2cncnc2)n1,BAFETINIB,7.58,2,7.58,7.58,IC50;Kd,B,cell-based format;subcellular format,cell_based,9,D,2007;2017,2
CHEMBL207360,CHEMBL207360,O=C1NN(c2ccc(Cl)c(Cl)c2)C(=O)/C1=C\c1cccc(OCc2ccccc2)c1,,6.0,1,6.0,6.0,Ki,B,single protein format,single_protein,9,D,2006,
CHEMBL207471,CHEMBL207471,Nc1[nH]cnc2nnc(-c3ccc(Cl)cc3)c1-2,,6.3,1,6.3,6.3,Ki,B,single protein format,single_protein,9,D,2006,
CHEMBL2078794,CHEMBL2078794,CC(C)(C)n1nc(-c2ccccc2)c2c(N)ncnc21,,6.2,1,6.2,6.2,IC50,B,single protein format,single_protein,9,D,2017,
CHEMBL2078865,CHEMBL2078865,CC(C)n1nc(-c2ccc3cc(OCc4ccccc4)ccc3c2)c2c(N)ncnc21,,6.5,1,6.5,6.5,IC50,B,single protein format,single_protein,9,D,2017,
CHEMBL2079136,CHEMBL2079136,CC(C)n1nc(-c2cc3ccccc3[nH]2)c2c(N)ncnc21,,6.45,1,6.45,6.45,IC50,B,single protein format,single_protein,9,D,2020,
CHEMBL2079167,CHEMBL2079167,C=CCOc1ccc2cc(-c3nn(C(C)C)c4ncnc(N)c34)ccc2c1,,6.17,1,6.17,6.17,IC50,B,single protein format,single_protein,9,D,2017,
CHEMBL2079214,CHEMBL2079214,CCCOc1ccc2cc(-c3nn(C(C)C)c4ncnc(N)c34)ccc2c1,,6.08,1,6.08,6.08,IC50,B,single protein format,single_protein,9,D,2017,
CHEMBL2079317,CHEMBL2079317,Nc1ncnc2c1c(-c1ccc3cc(OCc4cccc(Cl)c4)ccc3c1)nn2CC1CCNCC1,,6.3,1,6.3,6.3,IC50,B,single protein format,single_protein,9,D,2017,
CHEMBL20867,CHEMBL20867,Cc1ccc(C(=O)Nc2ccc(C)c(Nc3nccc(-c4cccnc4)n3)c2)cc1,,7.2,2,6.7,7.7,IC50,B,single protein format,single_protein,8;9,D;H,1997;2005,
CHEMBL20926,CHEMBL20926,Cc1ccc(NC(=O)c2ccccc2)cc1Nc1nccc(-c2cccnc2)n1,,6.4,1,6.4,6.4,IC50,B,single protein format,single_protein,8,H,1997,
CHEMBL209266,CHEMBL209266,COc1ccc(Oc2ccc3[nH]nc(-c4nc5cc(N6CCC(N7CCCCC7)CC6)ccc5[nH]4)c3c2)cc1,,6.66,1,6.66,6.66,IC50,B,single protein format,single_protein,9,D,2006,
CHEMBL209305,CHEMBL209305,COc1ccc2[nH]nc(-c3nc4cc(N5CCC(N6CCCCC6)CC5)ccc4[nH]3)c2c1,,6.64,1,6.64,6.64,IC50,B,single protein format,single_protein,9,D,2006,
CHEMBL209617,CHEMBL209617,O=C1NN(c2ccc(I)cc2)C(=O)/C1=C\c1ccccc1,,6.22,1,6.22,6.22,Ki,B,single protein format,single_protein,9,D,2006,
CHEMBL209704,CHEMBL209704,c1ccc(COc2ccc3c(-c4nc5cc(N6CCC(N7CCCCC7)CC6)ccc5[nH]4)[nH]nc3c2)cc1,,6.7,1,6.7,6.7,IC50,B,single protein format,single_protein,9,D,2006,
CHEMBL209753,CHEMBL209753,c1ccc(CN2CCC(Nc3ccc4[nH]nc(-c5nc6cc(N7CCC(N8CCCCC8)CC7)ccc6[nH]5)c4c3)CC2)cc1,,8.15,1,8.15,8.15,IC50,B,single protein format,single_protein,9,D,2006,
CHEMBL210766,CHEMBL210766,O=C1NN(c2ccc(I)cc2)C(=O)/C1=C\c1ccc(I)cc1,,6.1,1,6.1,6.1,Ki,B,single protein format,single_protein,9,D,2006,
CHEMBL210827,CHEMBL210827,COc1cc2[nH]nc(-c3nc4cc(N5CCC(N6CCCCC6)CC5)ccc4[nH]3)c2cc1OCc1ccccc1,,8.52,1,8.52,8.52,IC50,B,single protein format,single_protein,9,D,2006,
CHEMBL211154,CHEMBL211154,c1coc(CNc2ccc3[nH]nc(-c4nc5cc(N6CCC(N7CCCCC7)CC6)ccc5[nH]4)c3c2)c1,,7.22,1,7.22,7.22,IC50,B,single protein format,single_protein,9,D,2006,
CHEMBL211508,CHEMBL211508,COc1ccccc1Oc1ccc2[nH]nc(-c3nc4cc(N5CCC(N6CCCCC6)CC5)ccc4[nH]3)c2c1,,7.7,1,7.7,7.7,IC50,B,single protein format,single_protein,9,D,2006,
CHEMBL21162,CHEMBL21162,Cc1ccc(NC(=O)c2ccc(Cl)cc2)cc1Nc1nccc(-c2cccnc2)n1,,6.1,1,6.1,6.1,IC50,B,single protein format,single_protein,8,H,1997,
CHEMBL211662,CHEMBL211662,c1ccc(Oc2ccc3n[nH]c(-c4nc5cc(N6CCC(N7CCCCC7)CC6)ccc5[nH]4)c3c2)cc1,,7.52,1,7.52,7.52,IC50,B,single protein format,single_protein,9,D,2006,
CHEMBL212673,CHEMBL212673,c1ccc(COc2cc3[nH]nc(-c4nc5cc(N6CCC(N7CCCCC7)CC6)ccc5[nH]4)c3cc2OCc2ccccc2)cc1,,6.05,1,6.05,6.05,IC50,B,single protein format,single_protein,9,D,2006,
CHEMBL2148124,CHEMBL2148124,CCN1CCN(Cc2ccc(NC(=O)c3cccc(-c4ccc5nc(NC(=O)C6CC6)sc5n4)c3)cc2C(F)(F)F)CC1,,8.92,3,8.48,8.92,Kd,B,single protein format,single_protein,8;9,D;H,2014,
CHEMBL2151321,CHEMBL2151321,CC(C)Oc1cc(-n2cnc3ccc(N[C@@H](C)c4ccc(F)cn4)nc32)n[nH]1,,8.92,1,8.92,8.92,IC50,B,single protein format,single_protein,8,H,2012,
CHEMBL215152,CHEMBL215152,CCN(CCO)CCCOc1ccc2c(Nc3cc(CC(=O)Nc4cccc(F)c4)[nH]n3)ncnc2c1,DEFOSBARASERTIB,6.07,1,6.07,6.07,Kd,B,single protein format,single_protein,8,H,2011,2
CHEMBL2152704,CHEMBL2152704,Cc1ccc(O)cc1-n1c(=O)c2c(c3c(N)ncnc31)CCCC2,,6.06,1,6.06,6.06,IC50,B,single protein format,single_protein,8,H,2012,
CHEMBL217092,CHEMBL217092,CN1CCN(CCOc2cc(OC3CCOCC3)c3c(Nc4c(Cl)ccc5c4OCO5)ncnc3c2)CC1,SARACATINIB,7.4,2,7.28,7.52,IC50;Kd,B,single protein format;subcellular format,mixed,8;9,D;H,2006;2017,3
CHEMBL2177629,CHEMBL2177629,Cc1ccc(C(=O)Nc2ccc(CN3CCN(C)CC3)c(C(F)(F)F)c2)cc1-n1cc(-c2cnc3cccnn23)nn1,,7.04,1,7.04,7.04,IC50,B,assay format,other,9,D,2012,
CHEMBL2177630,CHEMBL2177630,Cc1ccc(C(=O)Nc2ccc(CN3CCN(C)CC3)c(C(F)(F)F)c2)cc1-n1cc(-c2cnc3ncccn23)nn1,,7.02,1,7.02,7.02,IC50,B,assay format,other,9,D,2012,
CHEMBL2177631,CHEMBL2177631,Cc1ccc(C(=O)Nc2ccc(CN3CCN(C)CC3)c(C(F)(F)F)c2)cc1-n1cc(-c2cnn3cccnc23)nn1,,6.91,1,6.91,6.91,IC50,B,assay format,other,9,D,2012,
CHEMBL2177632,CHEMBL2177632,Cc1ccc(C(=O)Nc2ccc(CN3CCN(C)CC3)c(C(F)(F)F)c2)cc1-n1cc(-c2cnc3ccccn23)nn1,,7.84,1,7.84,7.84,IC50,B,assay format,other,9,D,2012,
CHEMBL2177633,CHEMBL2177633,Cc1ccc(C(=O)Nc2ccc(CN3CCN(C)CC3)c(C(F)(F)F)c2)cc1-n1cc(-c2cnc(N)nc2)nn1,,7.97,1,7.97,7.97,IC50,B,assay format,other,9,D,2012,
CHEMBL2177634,CHEMBL2177634,CNc1ncc(-c2cn(-c3cc(C(=O)Nc4ccc(CN5CCN(C)CC5)c(C(F)(F)F)c4)ccc3C)nn2)cn1,,7.6,1,7.6,7.6,IC50,B,assay format,other,9,D,2012,
CHEMBL2177635,CHEMBL2177635,CCNc1ncc(-c2cn(-c3cc(C(=O)Nc4ccc(CN5CCN(C)CC5)c(C(F)(F)F)c4)ccc3C)nn2)cn1,,7.53,1,7.53,7.53,IC50,B,assay format,other,9,D,2012,
CHEMBL2177636,CHEMBL2177636,Cc1ccc(C(=O)Nc2ccc(CN3CCN(C)CC3)c(C(F)(F)F)c2)cc1-n1cc(-c2cnc(NC3CC3)nc2)nn1,,7.05,1,7.05,7.05,IC50,B,assay format,other,9,D,2012,
CHEMBL2177637,CHEMBL2177637,Cc1ccc(C(=O)Nc2ccc(CN3CCN(C)CC3)c(C(F)(F)F)c2)cc1-n1cc(-c2cnc(NC(C)C)nc2)nn1,,6.47,1,6.47,6.47,IC50,B,assay format,other,9,D,2012,
CHEMBL2177638,CHEMBL2177638,Cc1ccc(C(=O)Nc2ccc(CN3CCN(C)CC3)c(C(F)(F)F)c2)cc1-n1cc(-c2cnc(NC3CCCCC3)nc2)nn1,,6.47,1,6.47,6.47,IC50,B,assay format,other,9,D,2012,
CHEMBL2177639,CHEMBL2177639,Cc1ccc(C(=O)Nc2ccc(CN3CCN(C)CC3)c(C(F)(F)F)c2)cc1-n1cc(-c2cnc(NCc3ccccc3)nc2)nn1,,6.31,1,6.31,6.31,IC50,B,assay format,other,9,D,2012,
CHEMBL2177641,CHEMBL2177641,Cc1ccc(C(=O)Nc2ccc(CN3CCN(C)CC3)c(C(F)(F)F)c2)cc1-n1cc(-c2cnc3ncnn3c2)nn1,,6.69,1,6.69,6.69,IC50,B,assay format,other,9,D,2012,
CHEMBL2177642,CHEMBL2177642,Cc1ccc(C(=O)Nc2ccc(CN3CCN(C)CC3)c(C(F)(F)F)c2)cc1-n1cc(-c2cnc3[nH]ccc3c2)nn1,,8.91,1,8.91,8.91,IC50,B,assay format,other,9,D,2012,
CHEMBL2177643,CHEMBL2177643,Cc1ccc(C(=O)Nc2ccc(CN3CCN(C)CC3)c(C(F)(F)F)c2)cc1-n1cc(-c2ccc3[nH]ccc3c2)nn1,,6.48,1,6.48,6.48,IC50,B,assay format,other,9,D,2012,
CHEMBL2177644,CHEMBL2177644,Cc1ccc(C(=O)Nc2ccc(CN3CCN(C)CC3)c(C(F)(F)F)c2)cc1-n1cc(-c2ccc3[nH]ncc3c2)nn1,,6.6,1,6.6,6.6,IC50,B,assay format,other,9,D,2012,
CHEMBL2177645,CHEMBL2177645,Cc1ccc(C(=O)Nc2ccc(CN3CCN(C)CC3)c(C(F)(F)F)c2)cc1-n1cc(-c2cnc3[nH]ncc3c2)nn1,,8.95,1,8.95,8.95,IC50,B,assay format,other,9,D,2012,
CHEMBL2177646,CHEMBL2177646,Cc1ccc(C(=O)Nc2ccc(CN3CCN(C)CC3)c(C(F)(F)F)c2)cc1-n1cc(-c2cnc3[nH]nc(C)c3c2)nn1,,8.66,1,8.66,8.66,IC50,B,assay format,other,9,D,2012,
CHEMBL2177647,CHEMBL2177647,Cc1ccc(C(=O)Nc2ccc(CN3CCCC3)c(C(F)(F)F)c2)cc1-n1cc(-c2cnc3[nH]ncc3c2)nn1,,7.5,1,7.5,7.5,IC50,B,assay format,other,9,D,2012,
CHEMBL2177648,CHEMBL2177648,Cc1ccc(C(=O)Nc2ccc(CN3CC[C@H](N(C)C)C3)c(C(F)(F)F)c2)cc1-n1cc(-c2cnc3[nH]ncc3c2)nn1,,8.29,1,8.29,8.29,IC50,B,assay format,other,9,D,2012,
CHEMBL2177649,CHEMBL2177649,Cc1ccc(C(=O)Nc2ccc(CN3CC[C@@H](N(C)C)C3)c(C(F)(F)F)c2)cc1-n1cc(-c2cnc3[nH]ncc3c2)nn1,,7.85,1,7.85,7.85,IC50,B,assay format,other,9,D,2012,
CHEMBL2177650,CHEMBL2177650,Cc1ccc(C(=O)Nc2ccc(CN3CCCCC3)c(C(F)(F)F)c2)cc1-n1cc(-c2cnc3[nH]ncc3c2)nn1,,6.57,1,6.57,6.57,IC50,B,assay format,other,9,D,2012,
CHEMBL2178267,CHEMBL2178267,Cc1ccc(C(=O)Nc2ccc(CN3CCOCC3)c(C(F)(F)F)c2)cc1-n1cc(-c2cnc3[nH]ncc3c2)nn1,,7.48,1,7.48,7.48,IC50,B,assay format,other,9,D,2012,
CHEMBL2178268,CHEMBL2178268,Cc1ccc(C(=O)Nc2ccc(CN3CCCN(C)CC3)c(C(F)(F)F)c2)cc1-n1cc(-c2cnc3[nH]ncc3c2)nn1,,9.03,1,9.03,9.03,IC50,B,assay format,other,9,D,2012,
CHEMBL2178269,CHEMBL2178269,Cc1ccc(C(=O)Nc2ccc(CN3CCC(N4CCN(C)CC4)CC3)c(C(F)(F)F)c2)cc1-n1cc(-c2cnc3[nH]ncc3c2)nn1,,7.75,1,7.75,7.75,IC50,B,assay format,other,9,D,2012,
CHEMBL2178270,CHEMBL2178270,Cc1ccc(C(=O)Nc2ccc(CN3CCC(N(C)C)CC3)c(C(F)(F)F)c2)cc1-n1cc(-c2cnc3[nH]ncc3c2)nn1,,7.94,1,7.94,7.94,IC50,B,assay format,other,9,D,2012,
CHEMBL2178271,CHEMBL2178271,Cc1ccc(C(=O)Nc2ccc(CN3C[C@H]4CN(C)C[C@H]4C3)c(C(F)(F)F)c2)cc1-n1cc(-c2cnc3[nH]ncc3c2)nn1,,7.73,1,7.73,7.73,IC50,B,assay format,other,9,D,2012,
CHEMBL2178272,CHEMBL2178272,Cc1cn(-c2cc(NC(=O)c3ccc(C)c(-n4cc(-c5cnc6[nH]ncc6c5)nn4)c3)cc(C(F)(F)F)c2)cn1,,7.9,1,7.9,7.9,IC50,B,assay format,other,9,D,2012,
CHEMBL2178273,CHEMBL2178273,Cc1ccc(C(=O)Nc2cc(-n3cncn3)cc(C(F)(F)F)c2)cc1-n1cc(-c2cnc3[nH]ncc3c2)nn1,,7.97,1,7.97,7.97,IC50,B,assay format,other,9,D,2012,
CHEMBL2178274,CHEMBL2178274,Cc1ncn(-c2cc(NC(=O)c3ccc(C)c(-n4cc(-c5cnc6[nH]ncc6c5)nn4)c3)cc(C(F)(F)F)c2)n1,,8.1,1,8.1,8.1,IC50,B,assay format,other,9,D,2012,
CHEMBL2178275,CHEMBL2178275,CN1CCN(Cc2ccc(NC(=O)c3cccc(-n4cc(-c5cnc6[nH]ncc6c5)nn4)c3)cc2C(F)(F)F)CC1,,7.41,1,7.41,7.41,IC50,B,assay format,other,9,D,2012,
CHEMBL2178276,CHEMBL2178276,CN1CCN(Cc2ccc(NC(=O)c3ccc(F)c(-n4cc(-c5cnc6[nH]ncc6c5)nn4)c3)cc2C(F)(F)F)CC1,,8.01,1,8.01,8.01,IC50,B,assay format,other,9,D,2012,
CHEMBL2178277,CHEMBL2178277,CN1CCN(Cc2ccc(NC(=O)c3ccc(Cl)c(-n4cc(-c5cnc6[nH]ncc6c5)nn4)c3)cc2C(F)(F)F)CC1,,9.01,1,9.01,9.01,IC50,B,assay format,other,9,D,2012,
CHEMBL2178278,CHEMBL2178278,CN1CCN(Cc2ccc(NC(=O)c3ccc(Br)c(-n4cc(-c5cnc6[nH]ncc6c5)nn4)c3)cc2C(F)(F)F)CC1,,8.71,1,8.71,8.71,IC50,B,assay format,other,9,D,2012,
CHEMBL2178279,CHEMBL2178279,CCc1ccc(C(=O)Nc2ccc(CN3CCN(C)CC3)c(C(F)(F)F)c2)cc1-n1cc(-c2cnc3[nH]ncc3c2)nn1,,7.42,1,7.42,7.42,IC50,B,assay format,other,9,D,2012,
CHEMBL2178280,CHEMBL2178280,CN1CCN(Cc2ccc(NC(=O)c3ccc(C4CC4)c(-n4cc(-c5cnc6[nH]ncc6c5)nn4)c3)cc2C(F)(F)F)CC1,,6.18,1,6.18,6.18,IC50,B,assay format,other,9,D,2012,
CHEMBL2178281,CHEMBL2178281,CC(C)c1ccc(C(=O)Nc2ccc(CN3CCN(C)CC3)c(C(F)(F)F)c2)cc1-n1cc(-c2cnc3[nH]ncc3c2)nn1,,6.89,1,6.89,6.89,IC50,B,assay format,other,9,D,2012,
CHEMBL2180604,CHEMBL2180604,Cc1cc(C(=O)Nc2cc(Oc3ccc4nc(NC(=O)C5CC5)cn4n3)ccc2C)n(C)n1,TAK-593,6.04,1,6.04,6.04,Kd,B,subcellular format,other,9,D,2017,1
CHEMBL219260,CHEMBL219260,COc1cc(Nc2c(C#N)cnc3cc(-c4coc(CN5CCN(C)CC5)c4)ccc23)c(Cl)cc1Cl,,9.37,1,9.37,9.37,IC50,B,single protein format,single_protein,9,D,2006,
CHEMBL219557,CHEMBL219557,COc1cc(Nc2c(C#N)cnc3cc(-c4coc(CN5CCN(C)CC5)c4)c(OC)cc23)c(Cl)cc1Cl,,9.4,1,9.4,9.4,IC50,B,single protein format,single_protein,9,D,2006,
CHEMBL219964,CHEMBL219964,COc1cc(Nc2c(C#N)cnc3cc(-c4coc(CN(C)C)c4)c(OC)cc23)c(Cl)cc1Cl,,9.37,1,9.37,9.37,IC50,B,single protein format,single_protein,9,D,2006,
CHEMBL230011,CHEMBL230011,Nc1nc(N)c2nc(-c3cccc(O)c3)c(-c3cccc(O)c3)nc2n1,TG100-115,6.05,1,6.05,6.05,Kd,B,single protein format,single_protein,8,H,2011,2
CHEMBL230064,CHEMBL230064,Cc1ccc(NC(=O)c2ccc(N)c(C(F)(F)F)c2)cc1Nc1nccc(-c2cccnc2)n1,,6.81,1,6.81,6.81,IC50,B,single protein format,single_protein,9,D,2007,
CHEMBL230065,CHEMBL230065,CNN=Nc1ccc(C(=O)Nc2ccc(C)c(Nc3nccc(-c4cccnc4)n3)c2)cc1C(F)(F)F,,7.55,1,7.55,7.55,IC50,B,single protein format,single_protein,9,D,2007,
CHEMBL230178,CHEMBL230178,Cc1ccc(NC(=O)c2ccc(N=NN(C)C)c(C(F)(F)F)c2)cc1Nc1nccc(-c2cccnc2)n1,,7.75,1,7.75,7.75,IC50,B,single protein format,single_protein,9,D,2007,
CHEMBL230285,CHEMBL230285,Cc1ccc(NC(=O)c2ccc(N=NN(C)CO)c(C(F)(F)F)c2)cc1Nc1nccc(-c2cccnc2)n1,,7.48,1,7.48,7.48,IC50,B,single protein format,single_protein,9,D,2007,
CHEMBL230686,CHEMBL230686,Cc1cc(-c2c(Cl)cccc2Cl)cc2nnc(Nc3ccc(OCCN4CCCC4)cc3)nc12,,7.7,1,7.7,7.7,Ki,B,single protein format,single_protein,8,H,2007,
CHEMBL2311806,CHEMBL2311806,Cc1cc(NC(=O)c2ccc(C)c(Nc3nccc(-c4cccnc4)n3)c2)cc(-n2cnc(C)c2)c1,,7.67,2,6.87,8.47,IC50;Kd,B,single protein format,single_protein,9,D,2013,
CHEMBL2311807,CHEMBL2311807,Cc1cn(-c2cc(F)cc(NC(=O)c3ccc(C)c(Nc4nccc(-c5cccnc5)n4)c3)c2)cn1,,7.074999999999999,2,6.12,8.03,IC50;Kd,B,single protein format,single_protein,9,D,2013,
CHEMBL2311808,CHEMBL2311808,Cc1cn(-c2cccc(NC(=O)c3ccc(C)c(Nc4nccc(-c5cccnc5)n4)c3)c2)cn1,,7.54,1,7.54,7.54,Kd,B,single protein format,single_protein,9,D,2013,
CHEMBL231220,CHEMBL231220,Cc1cc(-c2c(O)cccc2Cl)cc2nnc(Nc3ccc(S(=O)(=O)NCCN4CCCC4)cc3)nc12,,8.3,1,8.3,8.3,Ki,B,single protein format,single_protein,8,H,2007,
CHEMBL2312290,CHEMBL2312290,COc1ccc(CCNc2ncc(C(=O)NCCCN3CCCC3=O)c(NC3CCCC3)n2)cc1OC,,6.04,1,6.04,6.04,IC50,B,single protein format,single_protein,9,D,2013,
CHEMBL2312304,CHEMBL2312304,O=C(NCCCN1CCOC1=O)c1cnc(NCc2cc(Cl)ccc2Cl)nc1NC1CCCC1,,6.13,1,6.13,6.13,Kd,B,single protein format,single_protein,9,D,2021,
CHEMBL2312654,CHEMBL2312654,Cc1cc(-c2cnc(Nc3cc(Cl)cc(Cl)c3)nc2NC2CCC(N(C)C)CC2)on1,,6.09,1,6.09,6.09,IC50,B,single protein format,single_protein,9,D,2013,
CHEMBL231524,CHEMBL231524,Cc1cc(-c2cc(N)ccc2Cl)cc2nnc(Nc3ccc(S(=O)(=O)NCCN4CCCC4)cc3)nc12,,7.8,1,7.8,7.8,Ki,B,single protein format,single_protein,8,H,2007,
CHEMBL231632,CHEMBL231632,Cc1ccc(NC(=O)c2ccc(N(CCCl)CCCl)cc2)cc1Nc1nccc(-c2cccnc2)n1,,6.66,1,6.66,6.66,IC50,B,single protein format,single_protein,9,D,2007,
CHEMBL2316579,CHEMBL2316579,Cc1ccc(C(=O)Nc2ccc(CN3CCN(C)CC3)c(C(F)(F)F)c2)cc1C#Cc1ccc2[nH]ncc2c1,,7.5,8,7.08,7.9,IC50,B,cell-based format,cell_based,9,D,2013,
CHEMBL2316580,CHEMBL2316580,Cc1ccc(C(=O)Nc2ccc(CN3CCN(C)CC3)c(C(F)(F)F)c2)cc1C#Cc1cnc2c(cnn2C)c1,,8.9,8,8.27,9.15,IC50,B,cell-based format,cell_based,9,D,2013,
CHEMBL2316581,CHEMBL2316581,Cc1ccc(C(=O)Nc2ccc(CN3CCN(C)CC3)c(C(F)(F)F)c2)cc1C#Cc1cnc2ncnn2c1,,8.49,8,7.74,8.88,IC50,B,cell-based format,cell_based,9,D,2013,
CHEMBL2316582,CHEMBL2316582,Cc1ccc(C(=O)Nc2ccc(CN3CCN(C)CC3)c(C(F)(F)F)c2)cc1C#Cc1cnc2[nH]ncc2c1,OLVEREMBATINIB,9.47,17,8.49,9.82,IC50;Kd,B,cell-based format;single protein format,mixed,9,D,2013,3
CHEMBL2316583,CHEMBL2316583,CN1CCN(Cc2ccc(NC(=O)c3cccc(C#Cc4cnc5[nH]ncc5c4)c3)cc2C(F)(F)F)CC1,,9.29,8,9.0,9.77,IC50,B,cell-based format,cell_based,9,D,2013,
CHEMBL2316584,CHEMBL2316584,CCc1ccc(C(=O)Nc2ccc(CN3CCN(C)CC3)c(C(F)(F)F)c2)cc1C#Cc1cnc2[nH]ncc2c1,,8.675,8,8.03,9.03,IC50,B,cell-based format,cell_based,9,D,2013,
CHEMBL2316585,CHEMBL2316585,CN1CCN(Cc2ccc(NC(=O)c3ccc(C4CC4)c(C#Cc4cnc5[nH]ncc5c4)c3)cc2C(F)(F)F)CC1,,8.25,8,7.27,8.67,IC50,B,cell-based format,cell_based,9,D,2013,
CHEMBL2316586,CHEMBL2316586,CN1CCN(Cc2ccc(NC(=O)c3ccc(Cl)c(C#Cc4cnc5[nH]ncc5c4)c3)cc2C(F)(F)F)CC1,,9.094999999999999,8,8.46,9.24,IC50,B,cell-based format,cell_based,9,D,2013,
CHEMBL2316869,CHEMBL2316869,Cc1ccc(C(=O)Nc2ccc(CN3CCN(C)CC3)c(C(F)(F)F)c2)cc1C#Cc1cnc2[nH]nc(C)c2c1,,9.16,8,8.82,9.28,IC50,B,cell-based format,cell_based,9,D,2013,
CHEMBL2316870,CHEMBL2316870,Cc1ccc(C(=O)Nc2ccc(CN3CCN(C)CC3)c(C(F)(F)F)c2)cc1C#Cc1cnc2[nH]nc(C3CC3)c2c1,,8.985,8,8.39,9.37,IC50,B,cell-based format,cell_based,9,D,2013,
CHEMBL2316871,CHEMBL2316871,Cc1ccc(C(=O)Nc2ccc(CN3CCN(C)CC3)c(C(F)(F)F)c2)cc1C#Cc1cnc2[nH]nc(-c3ccccc3)c2c1,,8.440000000000001,8,7.98,8.69,IC50,B,cell-based format,cell_based,9,D,2013,
CHEMBL2316872,CHEMBL2316872,COc1n[nH]c2ncc(C#Cc3cc(C(=O)Nc4ccc(CN5CCN(C)CC5)c(C(F)(F)F)c4)ccc3C)cc12,,8.195,8,7.44,8.56,IC50,B,cell-based format,cell_based,9,D,2013,
CHEMBL2321908,CHEMBL2321908,Cc1ccc(NC(=O)c2ccc(Cn3ccnc3)c(C(F)(F)F)c2)cc1C#Cc1ncc(Nc2ccccc2)cn1,,6.57,2,6.51,6.63,IC50,B,single protein format,single_protein,9,D,2013,
CHEMBL2324923,CHEMBL2324923,CN1CCN(Cc2ccc(NC(=O)Nc3cc(C#Cc4cncc5nccn45)n(C)n3)cc2C(F)(F)F)CC1,,8.8,8,7.92,9.15,IC50,B,assay format;single protein format,mixed,9,D,2013,
CHEMBL2324924,CHEMBL2324924,Cc1ccc(C(=O)Nc2ccc(CN3CCN(C)CC3)c(C(F)(F)F)c2)cc1C#Cc1cncc2nccn12,,9.46,8,9.0,9.7,IC50,B,assay format;single protein format,mixed,9,D,2013,
CHEMBL2324925,CHEMBL2324925,CN1CCN(Cc2ccc(NC(=O)Nc3cc(C#Cc4cnc5cnccn45)n(C)n3)cc2C(F)(F)F)CC1,,9.2,8,8.15,9.52,IC50,B,assay format;single protein format,mixed,9,D,2013,
CHEMBL2324926,CHEMBL2324926,CN1CCN(Cc2ccc(NC(=O)Nc3cc(C#Cc4cnc5cccnn45)n(C)n3)cc2C(F)(F)F)CC1,,9.275,8,7.57,9.7,IC50,B,assay format;single protein format,mixed,9,D,2013,
CHEMBL2324927,CHEMBL2324927,CN1CCN(Cc2ccc(NC(=O)Nc3cc(C#Cc4cnc5ccccn45)n(C)n3)cc2C(F)(F)F)CC1,,7.52,1,7.52,7.52,IC50,B,single protein format,single_protein,9,D,2013,
CHEMBL2324928,CHEMBL2324928,CN1CCN(Cc2ccc(NC(=O)Nc3cc(C#Cc4cccnc4)n(C)n3)cc2C(F)(F)F)CC1,,7.495,2,7.48,7.51,IC50,B,single protein format,single_protein,9,D,2013,
CHEMBL2324929,CHEMBL2324929,CN1CCN(Cc2ccc(NC(=O)Nc3cc(C#Cc4ccc(N)nc4)n(C)n3)cc2C(F)(F)F)CC1,,7.52,2,7.38,7.66,IC50,B,single protein format,single_protein,9,D,2013,
CHEMBL2324930,CHEMBL2324930,Cc1ccc(NC(=O)c2ccc(CN3CCN(C)CC3)c(C(F)(F)F)c2)cc1C#Cc1cnc2cccnn12,,7.585,2,7.35,7.82,IC50,B,single protein format,single_protein,9,D,2013,
CHEMBL2324931,CHEMBL2324931,Cc1ccc(NC(=O)c2ccc(CN3CCN(CCO)CC3)c(C(F)(F)F)c2)cc1C#Cc1cnc2ccccn12,,7.73,2,7.57,7.89,IC50,B,single protein format,single_protein,9,D,2013,
CHEMBL2324932,CHEMBL2324932,Cc1ccc(NC(=O)c2ccc(Cn3ccnc3)c(C(F)(F)F)c2)cc1C#Cc1cncnc1,,7.02,2,6.64,7.4,IC50,B,single protein format,single_protein,9,D,2013,
CHEMBL2333602,CHEMBL2333602,CCCCn1c(-c2cc(-c3cccc4[nH]ncc34)ccc2C)cn2c3c(=O)[nH]c(=O)n(C)c3nc12,,6.69,1,6.69,6.69,IC50,B,single protein format,single_protein,9,D,2013,
CHEMBL2333603,CHEMBL2333603,CCCCn1c(-c2ccccc2C)cn2c3c(=O)[nH]c(=O)n(C)c3nc12,,6.24,1,6.24,6.24,IC50,B,single protein format,single_protein,9,D,2013,
CHEMBL2336015,CHEMBL2336015,CCc1ccc(C(=O)Nc2cc(CN3CCN(C)CC3)cc(C(F)(F)F)c2)cc1C#Cc1cnc2ccnn2c1,,6.48,2,6.45,6.51,IC50,B,single protein format,single_protein,9,D,2018;2024,
CHEMBL2347053,CHEMBL2347053,O=C1Nc2ccccc2/C1=C/c1c[nH]nc1-c1ccccc1[N+](=O)[O-],,6.57,1,6.57,6.57,IC50,B,single protein format,single_protein,9,D,2013,
CHEMBL2347706,CHEMBL2347706,CCNC(=O)Nc1nc2ccc(Oc3cccc(OC)c3)cc2[nH]1,,6.74,1,6.74,6.74,IC50,B,assay format,other,9,D,2013,
CHEMBL2347709,CHEMBL2347709,CCNC(=O)Nc1nc2ccc(-c3ccccc3OC)cc2o1,,8.21,1,8.21,8.21,IC50,B,assay format,other,9,D,2013,
CHEMBL2347710,CHEMBL2347710,CCNC(=O)Nc1nc2ccc(-c3ccccc3OC)cc2s1,,10.09,2,9.96,10.22,IC50,B,assay format;single protein format,mixed,9,D,2013;2020,
CHEMBL2347711,CHEMBL2347711,CCNC(=O)Nc1nc2ccc(-c3ccccc3OCC)cc2s1,,10.355,2,10.19,10.52,IC50,B,assay format;single protein format,mixed,9,D,2013;2020,
CHEMBL2347712,CHEMBL2347712,CCNC(=O)Nc1nc2ccc(-c3ccccc3OC(F)(F)F)cc2s1,,8.44,1,8.44,8.44,IC50,B,assay format,other,9,D,2013,
CHEMBL2347713,CHEMBL2347713,CCCOc1ccccc1-c1ccc2nc(NC(=O)NCC)sc2c1,,8.55,1,8.55,8.55,IC50,B,assay format,other,9,D,2013,
CHEMBL2347714,CHEMBL2347714,CCNC(=O)Nc1nc2cc(OC)c(-c3ccccc3OC)cc2s1,,7.82,1,7.82,7.82,IC50,B,assay format,other,9,D,2013,
CHEMBL2347715,CHEMBL2347715,CCNC(=O)Nc1nc2ccc(-c3ccccc3OC)nc2s1,,7.84,1,7.84,7.84,IC50,B,assay format,other,9,D,2013,
CHEMBL2347716,CHEMBL2347716,CCNC(=O)Nc1nc2ccc(-c3ccccc3)cc2s1,,9.51,1,9.51,9.51,IC50,B,assay format,other,9,D,2013,
CHEMBL2347717,CHEMBL2347717,CCNC(=O)Nc1nc2ccc(-c3ccncc3)cc2s1,,8.7,1,8.7,8.7,IC50,B,assay format,other,9,D,2013,
CHEMBL2347718,CHEMBL2347718,CCNC(=O)Nc1nc2ccc(-c3ccc(OC)cc3)cc2s1,,8.25,1,8.25,8.25,IC50,B,assay format,other,9,D,2013,
CHEMBL2347719,CHEMBL2347719,CCNC(=O)Nc1nc2ccc(-c3ccc(N)cc3OC)cc2s1,,9.96,1,9.96,9.96,IC50,B,assay format,other,9,D,2013,
CHEMBL2347720,CHEMBL2347720,CCNC(=O)Nc1nc2ccc(-c3ccc(OC)cc3OC)cc2s1,,8.92,1,8.92,8.92,IC50,B,assay format,other,9,D,2013,
CHEMBL2347721,CHEMBL2347721,CCNC(=O)Nc1nc2ccc(-c3ccncc3OC)cc2s1,,9.29,1,9.29,9.29,IC50,B,assay format,other,9,D,2013,
CHEMBL2347722,CHEMBL2347722,COc1ccccc1-c1ccc2nc(NC(=O)NCCN3CCOCC3)sc2c1,,10.68,1,10.68,10.68,IC50,B,assay format,other,9,D,2013,
CHEMBL2347723,CHEMBL2347723,COc1ccccc1-c1ccc2nc(NC(=O)NCCO)sc2c1,,10.19,1,10.19,10.19,IC50,B,assay format,other,9,D,2013,
CHEMBL2347724,CHEMBL2347724,COc1ccccc1-c1ccc2nc(NC(=O)NCCCO)sc2c1,,9.8,1,9.8,9.8,IC50,B,assay format,other,9,D,2013,
CHEMBL2347725,CHEMBL2347725,COc1ccccc1-c1ccc2nc(NC(=O)NCCN3CCN(C)CC3)sc2c1,,10.82,1,10.82,10.82,IC50,B,assay format,other,9,D,2013,
CHEMBL2347726,CHEMBL2347726,CCOc1ccccc1-c1ccc2nc(NC(=O)NCCN3CCOCC3)sc2c1,,9.64,1,9.64,9.64,IC50,B,assay format,other,9,D,2013,
CHEMBL2347727,CHEMBL2347727,CCOc1ccccc1-c1ccc2nc(NC(=O)NCCO)sc2c1,,9.74,1,9.74,9.74,IC50,B,assay format,other,9,D,2013,
CHEMBL2347728,CHEMBL2347728,CCOc1ccccc1-c1ccc2nc(NC(=O)NCCCO)sc2c1,,9.89,1,9.89,9.89,IC50,B,assay format,other,9,D,2013,
CHEMBL2347729,CHEMBL2347729,CCOc1ccccc1-c1ccc2nc(NC(=O)NCCN3CCNCC3)sc2c1,,9.92,1,9.92,9.92,IC50,B,assay format,other,9,D,2013,
CHEMBL2347730,CHEMBL2347730,CCc1ccccc1-c1ccc2nc(NC(=O)NCCN3CCOCC3)sc2c1,,9.05,1,9.05,9.05,IC50,B,assay format,other,9,D,2013,
CHEMBL2347731,CHEMBL2347731,CCc1ccccc1-c1ccc2nc(NC(=O)NCCN(C)C)sc2c1,,9.11,1,9.11,9.11,IC50,B,assay format,other,9,D,2013,
CHEMBL2347732,CHEMBL2347732,CCNC(=O)Nc1nc2ccc(-c3ccc(C)cc3)cc2[nH]1,,6.16,1,6.16,6.16,IC50,B,assay format,other,9,D,2013,
CHEMBL2347733,CHEMBL2347733,CCNC(=O)Nc1nc2ccc(-c3cccc(F)c3)cc2[nH]1,,7.09,1,7.09,7.09,IC50,B,assay format,other,9,D,2013,
CHEMBL2347734,CHEMBL2347734,CCNC(=O)Nc1nc2ccc(-c3cccc(C)c3)cc2[nH]1,,6.86,1,6.86,6.86,IC50,B,assay format,other,9,D,2013,
CHEMBL2347735,CHEMBL2347735,CCNC(=O)Nc1nc2ccc(-c3cccc(C#N)c3)cc2[nH]1,,6.02,1,6.02,6.02,IC50,B,assay format,other,9,D,2013,
CHEMBL2347736,CHEMBL2347736,CCNC(=O)Nc1nc2ccc(-c3ccccc3C)cc2[nH]1,,7.77,1,7.77,7.77,IC50,B,assay format,other,9,D,2013,
CHEMBL2347737,CHEMBL2347737,CCNC(=O)Nc1nc2ccc(-c3ccccc3Cl)cc2[nH]1,,7.67,1,7.67,7.67,IC50,B,assay format,other,9,D,2013,
CHEMBL2347738,CHEMBL2347738,CCNC(=O)Nc1nc2ccc(-c3ccccc3CC)cc2[nH]1,,7.35,1,7.35,7.35,IC50,B,assay format,other,9,D,2013,
CHEMBL2347739,CHEMBL2347739,CCNC(=O)Nc1nc2ccc(-c3ccccc3OC)cc2[nH]1,,8.21,1,8.21,8.21,IC50,B,assay format,other,9,D,2013,
CHEMBL2347740,CHEMBL2347740,CCNC(=O)Nc1nc2ccc(-c3ccccc3OC(F)(F)F)cc2[nH]1,,6.77,1,6.77,6.77,IC50,B,assay format,other,9,D,2013,
CHEMBL2347741,CHEMBL2347741,CCNC(=O)Nc1nc2ccc(-c3ccccc3OCC)cc2[nH]1,,8.64,1,8.64,8.64,IC50,B,assay format,other,9,D,2013,
CHEMBL2347742,CHEMBL2347742,CCNC(=O)Nc1nc2ccc(-c3ccccc3OC(C)C)cc2[nH]1,,7.33,1,7.33,7.33,IC50,B,assay format,other,9,D,2013,
CHEMBL2347744,CHEMBL2347744,CCNC(=O)Nc1nc2ccc(-c3c(C)cccc3C)cc2[nH]1,,7.34,1,7.34,7.34,IC50,B,assay format,other,9,D,2013,
CHEMBL2347745,CHEMBL2347745,CCNC(=O)Nc1nc2ccc(-c3c(C)cccc3Cl)cc2[nH]1,,7.63,1,7.63,7.63,IC50,B,assay format,other,9,D,2013,
CHEMBL2347746,CHEMBL2347746,CCNC(=O)Nc1nc2ccc(-c3c(Cl)cccc3Cl)cc2[nH]1,,7.37,1,7.37,7.37,IC50,B,assay format,other,9,D,2013,
CHEMBL2347747,CHEMBL2347747,CCNC(=O)Nc1nc2ccc(-c3c(OC)cccc3OC)cc2[nH]1,,7.95,1,7.95,7.95,IC50,B,assay format,other,9,D,2013,
CHEMBL2347748,CHEMBL2347748,CCNC(=O)Nc1nc2ccc(-c3ccncc3)cc2[nH]1,,6.7,1,6.7,6.7,IC50,B,assay format,other,9,D,2013,
CHEMBL2347749,CHEMBL2347749,CCNC(=O)Nc1nc2ccc(-c3ccnc(C)c3)cc2[nH]1,,7.41,1,7.41,7.41,IC50,B,assay format,other,9,D,2013,
CHEMBL2347750,CHEMBL2347750,CCNC(=O)Nc1nc2ccc(-c3ccncc3C)cc2[nH]1,,6.75,1,6.75,6.75,IC50,B,assay format,other,9,D,2013,
CHEMBL2347751,CHEMBL2347751,CCNC(=O)Nc1nc2ccc(-c3ccnn3CC)cc2[nH]1,,6.77,1,6.77,6.77,IC50,B,assay format,other,9,D,2013,
CHEMBL2347752,CHEMBL2347752,CCNC(=O)Nc1nc2ccc(Oc3ccccc3Cl)cc2[nH]1,,6.62,1,6.62,6.62,IC50,B,assay format,other,9,D,2013,
CHEMBL2347753,CHEMBL2347753,CCNC(=O)Nc1nc2ccc(C(=O)c3cccs3)cc2[nH]1,,7.64,1,7.64,7.64,IC50,B,assay format,other,9,D,2013,
CHEMBL2348263,CHEMBL2348263,O=C(Nc1ccc(Oc2ncnc3[nH]cnc23)c(F)c1)c1cccn(-c2cccc(F)c2)c1=O,,6.5,1,6.5,6.5,Kd,B,single protein format,single_protein,9,D,2013,
CHEMBL235756,CHEMBL235756,CSc1nc(NCCc2cccc(F)c2)c2cnn(CC(Cl)c3ccccc3)c2n1,,6.64,1,6.64,6.64,Ki,B,single protein format,single_protein,9,D,2009,
CHEMBL235757,CHEMBL235757,CSc1nc(NCCc2ccccc2Cl)c2cnn(CC(Cl)c3ccccc3)c2n1,,6.5,1,6.5,6.5,Ki,B,single protein format,single_protein,9,D,2009,
CHEMBL235758,CHEMBL235758,CSc1nc(NCCc2cccc(Cl)c2)c2cnn(CC(Cl)c3ccccc3)c2n1,,6.7,1,6.7,6.7,Ki,B,single protein format,single_protein,9,D,2009,
CHEMBL236375,CHEMBL236375,CSc1nc(NCc2ccccc2Cl)c2cnn(CC(Cl)c3ccccc3)c2n1,,7.05,1,7.05,7.05,Ki,B,single protein format,single_protein,9,D,2009,
CHEMBL2376650,CHEMBL2376650,C[C@@H](Oc1c[nH]c(=O)c(C(=O)Nc2ccc(N3CCN(C)CC3)cc2)c1)c1c(Cl)ccc(F)c1Cl,,6.55,1,6.55,6.55,IC50,B,single protein format,single_protein,9,D,2013,
CHEMBL238304,CHEMBL238304,CSc1nc(NCCc2ccccc2)c2cnn(CC(Cl)c3ccc(Cl)cc3)c2n1,,6.96,1,6.96,6.96,Ki,B,single protein format,single_protein,9,D,2009,
CHEMBL238559,CHEMBL238559,CSc1nc(Nc2cccc(F)c2)c2cnn(CC(Cl)c3ccccc3)c2n1,,6.4,1,6.4,6.4,Ki,B,single protein format,single_protein,9,D,2008,
CHEMBL238561,CHEMBL238561,CSc1nc(Nc2cccc(Br)c2)c2cnn(CC(Cl)c3ccccc3)c2n1,,7.22,1,7.22,7.22,Ki,B,single protein format,single_protein,9,D,2009,
CHEMBL238774,CHEMBL238774,Clc1cccc(Nc2ncnc3c2cnn3CC(Cl)c2ccccc2)c1,,6.62,1,6.62,6.62,Ki,B,single protein format,single_protein,9,D,2011,
CHEMBL2397796,CHEMBL2397796,Fc1cccc(CNc2ncnc3c2cnn3CC(Cl)c2ccc(Br)cc2)c1,,7.35,2,7.26,7.44,Ki,B,assay format;single protein format,mixed,9,D,2013,
CHEMBL2397797,CHEMBL2397797,Fc1ccc(C(Cl)Cn2ncc3c(Nc4cccc(Cl)c4)ncnc32)cc1,,6.75,1,6.75,6.75,Ki,B,single protein format,single_protein,9,D,2013,
CHEMBL2397798,CHEMBL2397798,Fc1ccc(C(Cl)Cn2ncc3c(Nc4cccc(Br)c4)ncnc32)cc1,,6.18,1,6.18,6.18,Ki,B,single protein format,single_protein,9,D,2013,
CHEMBL2397799,CHEMBL2397799,ClC(Cn1ncc2c(Nc3cccc(Br)c3)ncnc21)c1ccccc1,,6.58,1,6.58,6.58,Ki,B,single protein format,single_protein,9,D,2013,
CHEMBL2397801,CHEMBL2397801,ClC(Cn1ncc2c(Nc3ccccc3)ncnc21)c1ccccc1,,6.05,1,6.05,6.05,Ki,B,single protein format,single_protein,9,D,2013,
CHEMBL2397802,CHEMBL2397802,ClC(Cn1ncc2c(Nc3ccccc3)ncnc21)c1ccc(Br)cc1,,6.63,2,6.21,7.05,Ki,B,assay format;single protein format,mixed,9,D,2013,
CHEMBL2397803,CHEMBL2397803,ClC(Cn1ncc2c(NCc3ccccc3)ncnc21)c1ccc(Br)cc1,,6.24,1,6.24,6.24,Ki,B,assay format,other,9,D,2013,
CHEMBL2397804,CHEMBL2397804,Clc1cccc(CNc2ncnc3c2cnn3CC(Cl)c2ccc(Br)cc2)c1,,6.845,2,6.01,7.68,Ki,B,assay format;single protein format,mixed,9,D,2013,
CHEMBL2397805,CHEMBL2397805,Clc1ccccc1CNc1ncnc2c1cnn2CC(Cl)c1ccc(Br)cc1,,8.5,2,8.3,8.7,Ki,B,assay format;single protein format,mixed,9,D,2013,
CHEMBL2397806,CHEMBL2397806,Clc1ccc(CNc2ncnc3c2cnn3CC(Cl)c2ccc(Br)cc2)cc1,,7.195,2,6.85,7.54,Ki,B,assay format;single protein format,mixed,9,D,2013,
CHEMBL2397808,CHEMBL2397808,Clc1ccc(CNc2ncnc3c2cnn3CC(Cl)c2ccc(Br)cc2)cc1Cl,,6.3,1,6.3,6.3,Ki,B,assay format,other,9,D,2013,
CHEMBL2397809,CHEMBL2397809,Fc1ccc(CNc2ncnc3c2cnn3CC(Cl)c2ccc(Br)cc2)cc1,,8.22,1,8.22,8.22,Ki,B,assay format,other,9,D,2013,
CHEMBL2397812,CHEMBL2397812,ClC(Cn1ncc2c(NCc3ccc(Br)cc3)ncnc21)c1ccc(Br)cc1,,7.0,1,7.0,7.0,Ki,B,assay format,other,9,D,2013,
CHEMBL2397814,CHEMBL2397814,ClC(Cn1ncc2c(NCc3cccc(Br)c3)ncnc21)c1ccc(Br)cc1,,6.17,1,6.17,6.17,Ki,B,assay format,other,9,D,2013,
CHEMBL2397817,CHEMBL2397817,Cc1ccc(C(Cl)Cn2ncc3c(Nc4ccccc4)ncnc32)cc1,,7.22,1,7.22,7.22,Ki,B,single protein format,single_protein,9,D,2013,
CHEMBL2397818,CHEMBL2397818,ClC(Cn1ncc2c(Nc3ccccc3)ncnc21)c1ccc(I)cc1,,6.77,2,6.24,7.3,Ki,B,assay format;single protein format,mixed,9,D,2013,
CHEMBL240158,CHEMBL240158,Cc1nc(Nc2ncc(C(=O)Nc3c(C)cccc3Cl)s2)cc(N2CCN(CCF)CC2)n1,,8.04,1,8.04,8.04,IC50,B,single protein format,single_protein,8,H,2007,
CHEMBL2403813,CHEMBL2403813,CC(C)(C)c1cc(NC(=O)Nc2ccc(Nc3ncnc4ccc([N+](=O)[O-])cc34)cc2)n(-c2cccc([N+](=O)[O-])c2)n1,,6.525,2,6.25,6.8,IC50,B,assay format,other,9,D,2013,
CHEMBL2403814,CHEMBL2403814,CC(C)(C)c1cc(NC(=O)Nc2ccc(Nc3ncnc4ccccc34)cc2)n(-c2cccc([N+](=O)[O-])c2)n1,,6.915,2,6.45,7.38,IC50,B,assay format,other,9,D,2013,
CHEMBL2403815,CHEMBL2403815,CC(C)(C)c1cc(NC(=O)Nc2ccc(Nc3ncnc4ccc(N)cc34)cc2)n(-c2cccc(N)c2)n1,,7.115,2,7.09,7.14,IC50,B,assay format,other,9,D,2013,
CHEMBL2403816,CHEMBL2403816,CC(C)(C)c1cc(NC(=O)Nc2ccc(Nc3ncnc4ccccc34)cc2)n(-c2cccc(N)c2)n1,,7.16,2,6.92,7.4,IC50,B,assay format,other,9,D,2013,
CHEMBL2403818,CHEMBL2403818,CCC(=O)Nc1ccc2ncnc(Nc3ccc(NC(=O)Nc4cc(C(C)(C)C)nn4-c4cccc(N)c4)cc3)c2c1,,6.655,2,6.36,6.95,IC50,B,assay format,other,9,D,2013,
CHEMBL2403819,CHEMBL2403819,CN(C)CCCC(=O)Nc1ccc2ncnc(Nc3ccc(NC(=O)Nc4cc(C(C)(C)C)nn4-c4cccc(N)c4)cc3)c2c1,,6.91,1,6.91,6.91,IC50,B,assay format,other,9,D,2013,
CHEMBL2403820,CHEMBL2403820,CN1CCN(CCC(=O)Nc2ccc3ncnc(Nc4ccc(NC(=O)Nc5cc(C(C)(C)C)nn5-c5cccc(N)c5)cc4)c3c2)CC1,,6.98,2,6.75,7.21,IC50,B,assay format,other,9,D,2013,
CHEMBL2403821,CHEMBL2403821,CC(C)(C)c1cc(NC(=O)Nc2ccc(Nc3ncnc4ccc(NC(=O)CCN5CCOCC5)cc34)cc2)n(-c2cccc(N)c2)n1,,6.255,2,6.09,6.42,IC50,B,assay format,other,9,D,2013,
CHEMBL2403874,CHEMBL2403874,CC(C)(C)c1cc(NC(=O)Nc2cccc(Nc3ncnc4ccccc34)c2)n(-c2cccc([N+](=O)[O-])c2)n1,,8.05,1,8.05,8.05,IC50,B,assay format,other,9,D,2013,
CHEMBL2403875,CHEMBL2403875,CC(C)(C)c1cc(NC(=O)Nc2cccc(Nc3ncnc4ccccc34)c2)n(-c2cccc(N)c2)n1,,7.64,1,7.64,7.64,IC50,B,assay format,other,9,D,2013,
CHEMBL2408495,CHEMBL2408495,O=C(COc1cc(O)c2c(=O)cc(-c3ccccc3)oc2c1)Nc1cc(Br)ccn1,,6.04,1,6.04,6.04,IC50,B,protein format,other,9,D,2013,
CHEMBL2408500,CHEMBL2408500,Cc1ccc(NC(=O)COc2cc(O)c3c(=O)cc(-c4ccccc4)oc3c2)cc1,,6.38,2,6.25,6.51,IC50,B,protein format;single protein format,mixed,9,D,2013,
CHEMBL2408501,CHEMBL2408501,O=C(COc1cc(O)c2c(=O)cc(-c3ccccc3)oc2c1)Nc1ccc(Br)cc1,,6.425,2,6.31,6.54,IC50,B,protein format;single protein format,mixed,9,D,2013,
CHEMBL2408504,CHEMBL2408504,COc1cccc(NC(=O)COc2cc(O)c3c(=O)cc(-c4ccccc4)oc3c2)c1,,6.13,2,6.09,6.17,IC50,B,protein format;single protein format,mixed,9,D,2013,
CHEMBL2408509,CHEMBL2408509,Cc1ccc(NC(=O)COc2cc(O)c3c(=O)cc(-c4ccccc4)oc3c2)nc1,,6.095,2,6.06,6.13,IC50,B,protein format;single protein format,mixed,9,D,2013,
CHEMBL2408510,CHEMBL2408510,Cc1ccnc(NC(=O)COc2cc(O)c3c(=O)cc(-c4ccccc4)oc3c2)c1,,6.385,2,6.19,6.58,IC50,B,protein format;single protein format,mixed,9,D,2013,
CHEMBL2408511,CHEMBL2408511,O=C(COc1cc(O)c2c(=O)cc(-c3ccccc3)oc2c1)Nc1ccc(Br)cn1,,6.845,2,6.77,6.92,IC50,B,protein format;single protein format,mixed,9,D,2013,
CHEMBL241539,CHEMBL241539,CSc1nc(NCc2cccc(F)c2)c2cnn(CC(Cl)c3ccccc3)c2n1,,6.5,1,6.5,6.5,Ki,B,single protein format,single_protein,9,D,2009,
CHEMBL241540,CHEMBL241540,CSc1nc(NCc2ccc(F)cc2)c2cnn(CC(Cl)c3ccccc3)c2n1,,7.0,1,7.0,7.0,Ki,B,single protein format,single_protein,9,D,2009,
CHEMBL241749,CHEMBL241749,CSc1nc(NCc2ccccc2)c2cnn(CC(Cl)c3ccc(Cl)cc3)c2n1,,6.96,1,6.96,6.96,Ki,B,single protein format,single_protein,9,D,2009,
CHEMBL241750,CHEMBL241750,CSc1nc(NCc2ccccc2)c2cnn(CC(Cl)c3ccc(F)cc3)c2n1,,6.6,1,6.6,6.6,Ki,B,single protein format,single_protein,9,D,2009,
CHEMBL242865,CHEMBL242865,O=C(O)c1ccccc1Nc1ccnc(Nc2ccc([N+](=O)[O-])cc2)n1,,6.1,1,6.1,6.1,Ki,F,assay format,other,8,H,,
CHEMBL243088,CHEMBL243088,O=C(O)c1ccccc1Nc1ccnc(Nc2cccc(O)c2)n1,,6.5,1,6.5,6.5,Ki,F,assay format,other,8,H,,
CHEMBL2436977,CHEMBL2436977,CN1CCN(Cc2ccc(-c3cnc4[nH]cc(-c5cnc6[nH]ccc6c5)c4c3)cc2)CC1,,6.54,1,6.54,6.54,IC50,B,single protein format,single_protein,9,D,2013,
CHEMBL2436978,CHEMBL2436978,CN1CCN(Cc2ccc(-c3cnc4[nH]cc(-c5ccc6[nH]ccc6c5)c4c3)cc2)CC1,,8.344999999999999,2,8.17,8.52,IC50,B,single protein format,single_protein,9,D,2013,
CHEMBL245800,CHEMBL245800,N#Cc1cnc2ccc(-c3ccc(CN)cc3)cc2c1N[C@@H]1C[C@H]1c1ccccc1,,6.11,1,6.11,6.11,Ki,B,single protein format,single_protein,8,H,2007,
CHEMBL247070,CHEMBL247070,c1ccc(-c2oc3ncnc(NC[C@@H]4CCCO4)c3c2-c2ccccc2)cc1,,6.15,2,6.15,6.15,IC50,B,single protein format,single_protein,9,D,2012;2024,
CHEMBL248044,CHEMBL248044,COc1cc2ncc(C#N)c(N[C@@H]3C[C@H]3c3ccccc3)c2cc1OC,,6.02,1,6.02,6.02,Ki,B,single protein format,single_protein,8,H,2007,
CHEMBL24828,CHEMBL24828,COc1cc2/c(=N/c3ccc(Br)cc3F)nc[nH]c2cc1OCC1CCN(C)CC1,VANDETANIB,7.09,29,6.11,8.05,IC50;Kd;Ki,B;F,assay format;single protein format,mixed,8;9,D;H,2002;2005;2008;2011;2014,4
CHEMBL248391,CHEMBL248391,COc1cc2c(N[C@@H]3C[C@H]3c3ccccc3)c(C#N)cnc2cc1OCCCc1cccnc1,,6.52,1,6.52,6.52,Ki,B,single protein format,single_protein,8,H,2007,
CHEMBL248392,CHEMBL248392,COc1cc2c(N[C@@H]3C[C@H]3c3ccccc3)c(C#N)cnc2cc1OCCCN1CCOCC1,,6.7,1,6.7,6.7,Ki,B,single protein format,single_protein,8,H,2007,
CHEMBL248393,CHEMBL248393,COc1cc2c(N[C@@H]3C[C@H]3c3ccccc3)c(C#N)cnc2cc1OCCCN1CCN(C)CC1,,7.36,1,7.36,7.36,Ki,B,single protein format,single_protein,8,H,2007,
CHEMBL249819,CHEMBL249819,Cc1cc(-c2cc(O)ccc2Cl)cc2nnc(Nc3ccc(C(=O)N4CCS(=O)(=O)CC4)cc3)nc12,,7.235,2,6.09,8.38,Ki,B,assay format;single protein format,mixed,8;9,D;H,2007,
CHEMBL249820,CHEMBL249820,Cc1cc(-c2cc(O)ccc2Cl)cc2nnc(Nc3ccc(S(N)(=O)=O)cc3)nc12,,7.135,2,6.16,8.11,Ki,B,assay format;single protein format,mixed,8;9,D;H,2007,
CHEMBL249821,CHEMBL249821,Cc1cc(-c2cc(O)ccc2Cl)cc2nnc(Nc3ccc(S(=O)(=O)NCCN4CCCC4)cc3)nc12,,8.495000000000001,2,8.47,8.52,Ki,B,assay format;single protein format,mixed,8;9,D;H,2007,
CHEMBL250019,CHEMBL250019,Cc1cc(-c2cc(O)ccc2Cl)cc2nnc(Nc3ccc(S(=O)(=O)N(C)CCN4CCCC4)cc3)nc12,,9.219999999999999,2,8.92,9.52,Ki,B,assay format;single protein format,mixed,8;9,D;H,2007,
CHEMBL250021,CHEMBL250021,CCN(CCN1CCCC1)S(=O)(=O)c1ccc(Nc2nnc3cc(-c4cc(O)ccc4Cl)cc(C)c3n2)cc1,,8.29,2,7.18,9.4,Ki,B,assay format;single protein format,mixed,8;9,D;H,2007,
CHEMBL250213,CHEMBL250213,Cc1cc(-c2cc(O)ccc2Cl)cc2nnc(Nc3ccc(CCCN4CCCC4)cc3)nc12,,8.895,2,7.58,10.21,Ki,B,assay format;single protein format,mixed,8;9,D;H,2007,
CHEMBL250214,CHEMBL250214,Cc1cc(-c2cc(O)ccc2Cl)cc2nnc(Nc3ccc(C(=O)N4CCNCC4)cc3)nc12,,8.295,2,7.82,8.77,Ki,B,assay format;single protein format,mixed,8;9,D;H,2007,
CHEMBL250218,CHEMBL250218,Cc1cc(-c2cc(O)ccc2Cl)cc2nnc(Nc3ccc(S(=O)(=O)N(CCN4CCCC4)C(C)C)cc3)nc12,,7.279999999999999,2,6.02,8.54,Ki,B,assay format;single protein format,mixed,8;9,D;H,2007,
CHEMBL250423,CHEMBL250423,Cc1cc(-c2cc(O)ccc2Cl)cc2nnc(Nc3ccc(S(=O)(=O)N(C)CCN4CCOCC4)cc3)nc12,,7.555,2,6.82,8.29,Ki,B,assay format;single protein format,mixed,8;9,D;H,2007,
CHEMBL250623,CHEMBL250623,Cc1cc(-c2cc(O)ccc2Cl)cc2nnc(Nc3ccc(S(=O)(=O)N4CCNCC4)cc3)nc12,,7.6049999999999995,2,6.85,8.36,Ki,B,assay format;single protein format,mixed,8;9,D;H,2007,
CHEMBL250625,CHEMBL250625,Cc1cc(-c2cc(O)ccc2Cl)cc2nnc(Nc3ccc(S(=O)(=O)C4CCNCC4)cc3)nc12,,8.395,2,8.33,8.46,Ki,B,assay format;single protein format,mixed,8;9,D;H,2007,
CHEMBL250821,CHEMBL250821,Cc1cc(-c2c(Cl)ccc(O)c2F)cc2nnc(Nc3ccc(S(=O)(=O)NCCN4CCCC4)cc3)nc12,,7.565,2,6.24,8.89,Ki,B,assay format;single protein format,mixed,8;9,D;H,2007,
CHEMBL251015,CHEMBL251015,Cc1cc(-c2cccc3[nH]ccc23)cc2nnc(Nc3ccc(S(=O)(=O)NCCN4CCCC4)cc3)nc12,,7.62,1,7.62,7.62,Ki,B,single protein format,single_protein,8,H,2007,
CHEMBL253292,CHEMBL253292,CCN(CC)CCOc1ccc(Nc2cc(NC(=O)Nc3c(Cl)cccc3Cl)ncn2)cc1,,6.6,1,6.6,6.6,IC50,B,single protein format,single_protein,8,H,2008,
CHEMBL253969,CHEMBL253969,NC(=O)c1c(OCc2c(F)cc(Br)cc2F)nsc1NC(=O)NCCCCN1CCCC1,OSI-632,7.1,1,7.1,7.1,Ki,F,assay format,other,8,H,,2
CHEMBL255164,CHEMBL255164,O=C(Nc1nnc(SCc2ccc(Br)cc2)s1)c1ccccc1Cl,,6.65,1,6.65,6.65,Ki,B,single protein format,single_protein,9,D,2008,
CHEMBL255165,CHEMBL255165,O=C(Nc1nnc(SCc2ccc([N+](=O)[O-])cc2)s1)c1ccc(F)cc1,,6.68,1,6.68,6.68,Ki,B,single protein format,single_protein,9,D,2008,
CHEMBL255225,CHEMBL255225,O=C(Nc1nnc(SCc2ccc(F)cc2)s1)c1ccc(Cl)cc1,,6.98,1,6.98,6.98,Ki,B,single protein format,single_protein,9,D,2008,
CHEMBL255324,CHEMBL255324,O=C(Nc1nnc(SCc2ccc(Br)cc2)s1)c1ccc(F)cc1,,7.05,1,7.05,7.05,Ki,B,single protein format,single_protein,9,D,2008,
CHEMBL255368,CHEMBL255368,O=C(Nc1nnc(SCc2cccc(F)c2)s1)c1ccc(Cl)cc1,,6.66,1,6.66,6.66,Ki,B,single protein format,single_protein,9,D,2008,
CHEMBL255522,CHEMBL255522,O=C(Nc1nnc(SCc2ccc([N+](=O)[O-])cc2)s1)c1ccccc1Cl,,7.08,1,7.08,7.08,Ki,B,single protein format,single_protein,9,D,2008,
CHEMBL255738,CHEMBL255738,O=C(Nc1nnc(SCc2ccc(F)cc2)s1)c1ccc(F)cc1,,6.66,6,6.33,7.36,Ki,B,assay format;single protein format,mixed,9,D,2008;2010,
CHEMBL255863,CHEMBL255863,Cc1cn(-c2cc(NC(=O)c3ccc(C)c(Nc4nccc(-c5cccnc5)n4)c3)cc(C(F)(F)F)c2)cn1,NILOTINIB,7.62,57,6.15,9.06,IC50;Kd,B,cell-based format;single protein format;subcellular format,mixed,8;9,D;H,2005;2010;2011;2013;2017;2020;2023,4
CHEMBL256101,CHEMBL256101,Cc1cc(-c2c(Cl)cccc2Cl)cc2nnc(Nc3ccc(OCC[N+]4([O-])CCCC4)cc3)nc12,,8.69,1,8.69,8.69,Ki,B,single protein format,single_protein,8,H,2007,
CHEMBL259084,CHEMBL259084,O=C(O)c1ccc(Nc2ncc3c(n2)-c2ccc(Cl)cc2C(c2c(F)cccc2F)=NC3)cc1,MLN-8054,6.155,12,6.0,6.8,Kd;Ki,B;F,assay format;single protein format,mixed,8;9,D;H,2008;2011,1
CHEMBL259247,CHEMBL259247,Cc1ccc(NC(=O)c2cccc(C(F)(F)F)c2)cc1C(=O)Nc1cncnc1,,6.62,1,6.62,6.62,IC50,B,single protein format,single_protein,8,H,2008,
CHEMBL260092,CHEMBL260092,Nc1ncnc2c1N=C(c1ccc(NC(=O)Nc3cccc(C(F)(F)F)c3)cc1)CCN2,,7.1,1,7.1,7.1,Ki,F,assay format,other,8,H,,
CHEMBL261827,CHEMBL261827,Fc1ccc(C(Cl)Cn2ncc3c(NCc4cccc(F)c4)ncnc32)cc1,,7.0,1,7.0,7.0,Ki,B,single protein format,single_protein,9,D,2008,
CHEMBL264406,CHEMBL264406,CC(C)(C)n1nc(-c2cccc3ccccc23)c2c(N)ncnc21,,7.1850000000000005,2,6.22,8.15,IC50,B,assay format;single protein format,mixed,8;9,D;H,2005,
CHEMBL268825,CHEMBL268825,Cc1cc(-c2ccccc2Cl)cc2nnc(Nc3ccc(OCCN4CCCC4)cc3)nc12,,7.38,1,7.38,7.38,Ki,B,single protein format,single_protein,8,H,2007,
CHEMBL270286,CHEMBL270286,Fc1ccc(CNc2ncnc3c2cnn3CC(Cl)c2ccc(F)cc2)cc1,,6.7,1,6.7,6.7,Ki,B,single protein format,single_protein,9,D,2008,
CHEMBL270454,CHEMBL270454,O=C(Nc1nnc(SCc2ccccc2)s1)c1ccccc1Cl,,6.04,1,6.04,6.04,Ki,B,single protein format,single_protein,9,D,2008,
CHEMBL270492,CHEMBL270492,Fc1ccc(C(Cl)Cn2ncc3c(NCc4ccccc4F)ncnc32)cc1,,7.7,1,7.7,7.7,Ki,B,single protein format,single_protein,9,D,2008,
CHEMBL270958,CHEMBL270958,Fc1ccccc1CNc1ncnc2c1cnn2CC(Cl)c1ccccc1,,6.14,1,6.14,6.14,Ki,B,single protein format,single_protein,9,D,2008,
CHEMBL271008,CHEMBL271008,O=C(Nc1nnc(SCc2cccc(Cl)c2)s1)c1ccc(F)cc1,,6.43,1,6.43,6.43,Ki,B,single protein format,single_protein,9,D,2008,
CHEMBL271009,CHEMBL271009,O=C(Nc1nnc(SCc2ccccc2)s1)c1ccc(Cl)cc1,,6.4,1,6.4,6.4,Ki,B,single protein format,single_protein,9,D,2008,
CHEMBL271010,CHEMBL271010,O=C(Nc1nnc(SCc2ccc(F)cc2)s1)c1ccccc1Cl,,6.39,1,6.39,6.39,Ki,B,single protein format,single_protein,9,D,2008,
CHEMBL271984,CHEMBL271984,COc1cc2nccc(Oc3ccc4c(C(N)=O)cccc4c3)c2cc1OC,,6.96,1,6.96,6.96,IC50,B,single protein format,single_protein,8,H,2008,
CHEMBL272198,CHEMBL272198,COc1cc2nccc(Oc3ccc4c(C(=O)NC5CC5)cccc4c3)c2cc1OC,,6.33,1,6.33,6.33,IC50,B,single protein format,single_protein,8,H,2008,
CHEMBL272288,CHEMBL272288,O=C(Nc1nnc(SCc2cccc(F)c2)s1)c1ccc(F)cc1,,6.78,1,6.78,6.78,Ki,B,single protein format,single_protein,9,D,2008,
CHEMBL272888,CHEMBL272888,Cc1ccc(NC(=O)c2cccc(C(F)(F)F)c2)cc1C(=O)Nc1cnc(Nc2ccc(N3CCN(C)CC3)cc2)nc1,,8.7,1,8.7,8.7,IC50,B,single protein format,single_protein,8,H,2008,
CHEMBL272938,CHEMBL272938,Cc1cccc(NC(=O)Nc2ccc(-c3cncc4[nH]nc(N)c34)cc2)c1,,6.2,1,6.2,6.2,Ki,F,assay format,other,8,H,,
CHEMBL272947,CHEMBL272947,COc1ccc(CSc2nnc(NC(=O)c3ccc(Cl)cc3)s2)cc1,,6.72,1,6.72,6.72,Ki,B,single protein format,single_protein,9,D,2008,
CHEMBL272999,CHEMBL272999,O=C(Nc1nnc(SCc2cccc(Cl)c2)s1)c1ccc(Cl)cc1,,7.14,1,7.14,7.14,Ki,B,single protein format,single_protein,9,D,2008,
CHEMBL273090,CHEMBL273090,Fc1ccc(C(Cl)Cn2ncc3c(NCc4ccccc4Cl)ncnc32)cc1,,6.7,1,6.7,6.7,Ki,B,single protein format,single_protein,9,D,2008,
CHEMBL277931,CHEMBL277931,O=C(Nc1cccc(Nc2nccc(-c3cccnc3)n2)c1)c1ccccc1,,6.4,1,6.4,6.4,IC50,B,single protein format,single_protein,8,H,1997,
CHEMBL278495,CHEMBL278495,COc1cc(Nc2c(C#N)cnc3cc(-c4coc(CN5CCN(c6ccccc6)CC5)c4)c(OC)cc23)c(Cl)cc1Cl,,9.37,1,9.37,9.37,IC50,B,single protein format,single_protein,9,D,2006,
CHEMBL288280,CHEMBL288280,CSc1nc(NCc2ccccc2)c2cnn(CC(Cl)c3ccccc3)c2n1,,6.55,2,6.52,6.58,Ki,B,single protein format,single_protein,9,D,2008;2009,
CHEMBL288441,CHEMBL288441,COc1cc(Nc2c(C#N)cnc3cc(OCCCN4CCN(C)CC4)c(OC)cc23)c(Cl)cc1Cl,BOSUTINIB,9.940000000000001,22,6.31,10.54,IC50;Kd,B;F,assay format;cell-based format;single protein format;subcellular format,mixed,8;9,D;H,2005;2009;2011;2016;2017,4
CHEMBL29197,CHEMBL29197,COc1cc2ncnc(Nc3cccc(Br)c3)c2cc1OC,,7.52,1,7.52,7.52,IC50,B,single protein format,single_protein,8,H,1997,
CHEMBL293991,CHEMBL293991,NCCCn1ccc2c(-c3ccnc(Nc4cccc(OC(F)(F)C(F)F)c4)n3)cccc21,,6.46,1,6.46,6.46,IC50,B,single protein format,single_protein,8,H,1997,
CHEMBL296586,CHEMBL296586,O=C1Cc2c([nH]c3ccc(Br)cc23)-c2ccccc2N1,KENPAULLONE,6.8,1,6.8,6.8,Ki,F,assay format,other,8,H,,
CHEMBL298445,CHEMBL298445,Cc1nc(N)sc1-c1ccnc(Nc2cccc([N+](=O)[O-])c2)n1,,6.8,1,6.8,6.8,Ki,B,single protein format,single_protein,8,H,2007,
CHEMBL3039513,CHEMBL3039513,CC[C@@](C)(Nc1ccnc(-c2c[nH]c3ncccc23)n1)C(=O)NCC(F)(F)F,DECERNOTINIB,6.08,1,6.08,6.08,Kd,B,subcellular format,other,9,D,2017,2
CHEMBL3039525,CHEMBL3039525,CN1CCN(C2CCN(C(=O)Nc3cc(Oc4ccc(NC(=O)C5(C(=O)Nc6ccc(F)cc6)CC5)c(F)c4)ccn3)CC2)CC1,GOLVATINIB,6.2,1,6.2,6.2,Kd,B,subcellular format,other,9,D,2017,2
CHEMBL2419761,CHEMBL3040806,c1ccc(-c2cccc(Nc3ncnc4cc5c(cc34)OCCO5)c2)cc1,,7.62,2,7.62,7.62,IC50,B,single protein format,single_protein,9,D,2013;2014,
CHEMBL2419760,CHEMBL3040861,c1ccc(-c2cccc(Nc3ncnc4cc5c(cc34)OCO5)c2)cc1,,7.29,2,7.29,7.29,IC50,B,single protein format,single_protein,9,D,2013;2014,
CHEMBL2419762,CHEMBL3040910,c1ccc(-c2cccc(Nc3ncnc4cc5c(cc34)OCCCO5)c2)cc1,,7.25,2,7.25,7.25,IC50,B,single protein format,single_protein,9,D,2013;2014,
CHEMBL306380,CHEMBL306380,Cc1ccc(-c2nn(C(C)(C)C)c3ncnc(N)c23)cc1,,6.715,2,6.6,6.83,IC50;Ki,B;F,assay format;single protein format,mixed,8;9,D;H,2016,
CHEMBL3092314,CHEMBL3092314,CCN(CC)CCCNC(=O)Nc1cc2c(Nc3ccc(F)c(Cl)c3)ncnc2cc1O[C@H]1CCOC1,,6.25,1,6.25,6.25,IC50,B,single protein format,single_protein,9,D,2013,
CHEMBL3115681,CHEMBL3115681,CN1CCN(c2ccc(Nc3ncc4cc(C#N)c(=O)n(C5CCCC5)c4n3)cc2)CC1,NARAZACICLIB,7.27,1,7.27,7.27,IC50,B,single protein format,single_protein,9,D,2014,2
CHEMBL3116050,CHEMBL3116050,C[C@H](Nc1nc(Nc2cn(C)cn2)c2cc[nH]c2n1)c1ncc(F)cn1,,7.6,1,7.6,7.6,IC50,B,single protein format,single_protein,9,D,2014,
CHEMBL311959,CHEMBL311959,COc1cc2nccc(Nc3cc(OC)c(OC)c(OC)c3)c2cc1OC,,6.904999999999999,2,6.77,7.04,Kd,B,assay format,other,9,D,2019,
CHEMBL31965,CHEMBL31965,C=CC(=O)Nc1cc2c(Nc3ccc(F)c(Cl)c3)ncnc2cc1OCCCN1CCOCC1,CANERTINIB,6.68,23,6.0,7.66,Kd,B,single protein format,single_protein,8;9,D;H,2005;2008;2011,3
CHEMBL321193,CHEMBL321193,Cn1c(=O)c(-c2c(Cl)cccc2Cl)cc2cnc(Nc3cccc(O)c3)nc21,,8.59,1,8.59,8.59,IC50,B,single protein format,single_protein,9,D,2009,
CHEMBL323405,CHEMBL323405,Cn1c(=O)c(-c2c(Cl)cccc2Cl)cc2cnc(Nc3ccc(O)cc3)nc21,,8.28,1,8.28,8.28,IC50,B,single protein format,single_protein,9,D,2009,
CHEMBL327127,CHEMBL327127,Cn1c(=O)c(-c2c(Cl)cccc2Cl)cc2cnc(Nc3cccc(CO)c3)nc21,,8.325,2,8.1,8.55,IC50,B,single protein format,single_protein,9,D,2009;2022,
CHEMBL3288854,CHEMBL3288854,Cc1[nH]c(/C=C2\C(=O)Nc3ccc(F)cc32)c(C)c1NC(=O)CCN1CCN(C)CC1,,6.92,1,6.92,6.92,Ki,B,single protein format,single_protein,9,D,2014,
CHEMBL331906,CHEMBL331906,Oc1cccc(-c2[nH]nc3ncnc(Nc4cccc(Cl)c4)c23)c1,,6.75,1,6.75,6.75,IC50,B,single protein format,single_protein,8,H,1997,
CHEMBL3347388,CHEMBL3347388,COC(=O)c1cc2cc(NCc3c(C)cccc3Cl)cnc2[nH]1,,8.85,1,8.85,8.85,IC50,B,single protein format,single_protein,9,D,2012,
CHEMBL3347389,CHEMBL3347389,COC(=O)c1cc2cc(NCc3cccs3)cnc2[nH]1,,6.83,1,6.83,6.83,IC50,B,single protein format,single_protein,9,D,2012,
CHEMBL3347390,CHEMBL3347390,COC(=O)c1cc2cc(NCc3cc[nH]n3)cnc2[nH]1,,6.23,1,6.23,6.23,IC50,B,single protein format,single_protein,9,D,2012,
CHEMBL3347418,CHEMBL3347418,CCn1nccc1CNc1cnc2[nH]c(C(=O)OC)cc2c1,,6.12,1,6.12,6.12,IC50,B,single protein format,single_protein,9,D,2012,
CHEMBL3347419,CHEMBL3347419,COC(=O)c1cc2cc(NCc3ccc4[nH]ccc4c3)cnc2[nH]1,,7.41,1,7.41,7.41,IC50,B,single protein format,single_protein,9,D,2012,
CHEMBL3347424,CHEMBL3347424,COC(=O)c1cc2cc(NCc3ccc4[nH]cnc4c3)cnc2[nH]1,,6.34,1,6.34,6.34,IC50,B,single protein format,single_protein,9,D,2012,
CHEMBL3347425,CHEMBL3347425,COC(=O)c1cc2cc(NCc3cc4nc[nH]c4cc3C)cnc2[nH]1,,6.78,1,6.78,6.78,IC50,B,single protein format,single_protein,9,D,2012,
CHEMBL3347426,CHEMBL3347426,COC(=O)c1cc2cc(NCc3cnc4[nH]ccc4c3)cnc2[nH]1,,6.87,1,6.87,6.87,IC50,B,single protein format,single_protein,9,D,2012,
CHEMBL3347440,CHEMBL3347440,COC(=O)c1cc2cc(NC(=O)c3cc(C)n[nH]3)cnc2[nH]1,,6.09,1,6.09,6.09,IC50,B,single protein format,single_protein,9,D,2012,
CHEMBL3347451,CHEMBL3347451,COC(=O)c1cc2cc(NCc3ccccc3Br)cnc2[nH]1,,6.88,1,6.88,6.88,IC50,B,single protein format,single_protein,9,D,2012,
CHEMBL3347452,CHEMBL3347452,COC(=O)c1cc2cc(NCc3ccccc3C)cnc2[nH]1,,7.72,1,7.72,7.72,IC50,B,single protein format,single_protein,9,D,2012,
CHEMBL3347453,CHEMBL3347453,COC(=O)c1cc2cc(NCc3ccccc3C(F)(F)F)cnc2[nH]1,,6.78,1,6.78,6.78,IC50,B,single protein format,single_protein,9,D,2012,
CHEMBL3347466,CHEMBL3347466,COC(=O)c1cc2cc(NCc3ccccc3OC)cnc2[nH]1,,6.29,1,6.29,6.29,IC50,B,single protein format,single_protein,9,D,2012,
CHEMBL3347468,CHEMBL3347468,COC(=O)c1cc2cc(NCc3c(Cl)cccc3Cl)cnc2[nH]1,,8.28,1,8.28,8.28,IC50,B,single protein format,single_protein,9,D,2012,
CHEMBL3347601,CHEMBL3347601,COC(=O)c1cc2cc(NC(=O)c3ccccc3C)cnc2[nH]1,,7.52,1,7.52,7.52,IC50,B,single protein format,single_protein,9,D,2012,
CHEMBL3347602,CHEMBL3347602,COC(=O)c1cc2cc(NC(=O)c3ccccc3C(F)(F)F)cnc2[nH]1,,6.36,1,6.36,6.36,IC50,B,single protein format,single_protein,9,D,2012,
CHEMBL3347621,CHEMBL3347621,O=C(Nc1cnc2[nH]c(Cc3ccc[nH]3)cc2c1)c1ccccc1Br,,7.07,3,6.18,7.17,IC50,B,single protein format,single_protein,9,D,2012;2013,
CHEMBL3347624,CHEMBL3347624,COC(=O)c1cc2cc(NC(=O)c3c(F)cccc3OC)cnc2[nH]1,,7.235,4,6.42,7.74,IC50,B,single protein format,single_protein,9,D,2012;2013,
CHEMBL3347636,CHEMBL3347636,COC(=O)c1cc2cc(NC(=O)c3ccccc3Br)cnc2[nH]1,,6.845,2,6.34,7.35,IC50,B,single protein format,single_protein,9,D,2012;2013,
CHEMBL3347637,CHEMBL3347637,COC(=O)c1cc2cc(NC(=O)c3c(Cl)cccc3Cl)cnc2[nH]1,,7.43,1,7.43,7.43,IC50,B,single protein format,single_protein,9,D,2012,
CHEMBL3347638,CHEMBL3347638,COC(=O)c1cc2cc(NC(=O)c3c(C)cccc3Cl)cnc2[nH]1,,7.55,1,7.55,7.55,IC50,B,single protein format,single_protein,9,D,2012,
CHEMBL3347647,CHEMBL3347647,CN(C)CCCNC(=O)c1cc2cc(NC(=O)c3ccccc3Br)cnc2[nH]1,,7.55,3,6.15,7.66,IC50,B,single protein format,single_protein,9,D,2012;2013,
CHEMBL3348923,CHEMBL3348923,C[C@@H](NC(=O)c1ncnc(N)c1Cl)c1ncc(C(=O)Nc2cc(C(F)(F)F)c(Cl)cn2)s1,TOVORAFENIB,6.3,1,6.3,6.3,Kd,B,subcellular format,other,9,D,2017,4
CHEMBL336961,CHEMBL336961,O=C1Cc2c([nH]c3ccc(Br)cc23)-c2ncccc2N1,AZAKENPAULLONE,6.2,1,6.2,6.2,Ki,F,assay format,other,8,H,,
CHEMBL3393071,CHEMBL3393071,CC(C)Sc1nc(Nc2cccc(O)c2)c2cnn(CC(Cl)c3ccccc3)c2n1,,6.92,1,6.92,6.92,Ki,B,single protein format,single_protein,9,D,2015,
CHEMBL3394083,CHEMBL3394083,CSc1nc(Nc2cccc(O)c2)c2cnn(CC(Cl)c3ccccc3)c2n1,,6.82,1,6.82,6.82,Ki,B,single protein format,single_protein,9,D,2015,
CHEMBL3394091,CHEMBL3394091,Oc1cccc(Nc2nc(SC3CCCC3)nc3c2cnn3CC(Cl)c2ccccc2)c1,,6.82,1,6.82,6.82,Ki,B,single protein format,single_protein,9,D,2015,
CHEMBL3394092,CHEMBL3394092,ClC(Cn1ncc2c(Nc3cccc(Br)c3)nc(SCCN3CCOCC3)nc21)c1ccccc1,,6.92,1,6.92,6.92,Ki,B,single protein format,single_protein,9,D,2015,
CHEMBL3426233,CHEMBL3426233,C=CC(=O)N1CCC(n2nc(C#Cc3cc(C(=O)Nc4ccc(CN5CCN(C)CC5)c(C(F)(F)F)c4)ccc3C)c3c(N)ncnc32)CC1,,6.88,1,6.88,6.88,IC50,B,assay format,other,8,H,2019,
CHEMBL3426891,CHEMBL3426891,CN1CCN(c2ccc(Nc3ncc(Cl)c(NC[C@H]4CCCO4)n3)cc2)CC1,,6.69,1,6.69,6.69,IC50,B,single protein format,single_protein,9,D,2015,
CHEMBL3544932,CHEMBL3544932,CCS(=O)(=O)c1cccc(-c2cc(C(=O)NC3CCN(C)CC3)c(C)c3[nH]c4ncc(C)cc4c23)c1,TAK-901,6.51,1,6.51,6.51,Kd,B,subcellular format,other,9,D,2017,1
CHEMBL3544983,CHEMBL3544983,COc1cc2c(Nc3ccc(Cl)c(Cl)c3F)ncnc2cc1OC[C@@H]1C[C@@H]2CN(C)C[C@@H]2C1,TESEVATINIB,6.04,1,6.04,6.04,Kd,B,subcellular format,other,9,D,2017,3
CHEMBL3545085,CHEMBL3545085,CC(C)c1cc(CNc2nc(Nc3cc(C4CC4)[nH]n3)cc(N3CCN(C)CC3)n2)on1,XL-228,7.85,3,7.12,8.3,IC50;Kd,B,single protein format;subcellular format,mixed,9,D,2017;2022,1
CHEMBL3545137,CHEMBL3545137,Cn1cc(C2=Nc3cc(NC(=O)C(N)C4CCCCC4)cc4c3C2=CNNC4=O)cn1,PF-00477736,6.23,1,6.23,6.23,Kd,B,subcellular format,other,9,D,2017,1
CHEMBL3545311,CHEMBL3545311,COc1cc(N2CCC(N3CCN(C)CC3)CC2)ccc1Nc1ncc(Cl)c(Nc2ccccc2P(C)(C)=O)n1,BRIGATINIB,6.62,3,6.3,6.77,IC50,B,single protein format,single_protein,9,D,2016,4
CHEMBL3545396,CHEMBL3545396,COc1cccc(Nc2ncnn3ccc(CN4CC[C@@H](N)[C@H](O)C4)c23)c1,BMS-690514,6.89,1,6.89,6.89,Kd,B,subcellular format,other,9,D,2017,2
CHEMBL3393986,CHEMBL3547030,Oc1cccc(Nc2nc(SCCN3CCOCC3)nc3c2cnn3CCc2ccccc2)c1,,6.89,1,6.89,6.89,Ki,B,single protein format,single_protein,9,D,2015,
CHEMBL3394082,CHEMBL3547140,CC(Cn1ncc2c(Nc3cccc(O)c3)nc(SCCN3CCOCC3)nc21)c1ccccc1,,6.37,1,6.37,6.37,Ki,B,single protein format,single_protein,9,D,2015,
CHEMBL3577124,CHEMBL3577124,CNc1ncc2cc(-c3cc(NC(=O)NCCC(C)(C)C)c(F)cc3C)c(C)nc2n1,LY-3009120,6.42,1,6.42,6.42,IC50,B,cell-based format,cell_based,9,D,2015,1
CHEMBL3600873,CHEMBL3600873,O=C(O)[C@]1(Cc2cccc(Nc3nccs3)n2)CC[C@@H](Oc2cccc(Cl)c2F)CC1,MK-5108,7.21,1,7.21,7.21,Kd,B,subcellular format,other,9,D,2017,1
CHEMBL3617732,CHEMBL3617732,CCCC(=O)Nc1cccc(Nc2nccc(Nc3cc(C4CC4)[nH]n3)n2)c1,,6.01,1,6.01,6.01,Ki,B,single protein format,single_protein,9,D,2015,
CHEMBL3617738,CHEMBL3617738,O=C(CCCCCC(=O)N1CCC[C@@H]1c1ccco1)Nc1cccc(Nc2nccc(Nc3cc(C4CC4)[nH]n3)n2)c1,,6.14,1,6.14,6.14,Ki,B,single protein format,single_protein,9,D,2015,
CHEMBL3639839,CHEMBL3639839,Cc1ccc(F)cc1-c1ccc2cc(NC(=O)c3cccc(F)c3)ncc2c1,,7.24,1,7.24,7.24,Ki,B,single protein format,single_protein,9,D,2014,
CHEMBL3639840,CHEMBL3639840,Cc1c(F)cncc1-c1ccc2cc(NC(=O)C3CC3)ncc2c1,,10.7,1,10.7,10.7,Ki,B,single protein format,single_protein,9,D,2014,
CHEMBL3639884,CHEMBL3639884,Cc1cnc(CO)cc1-c1ccc2cc(NC(=O)C3CC3)ncc2c1,,8.4,1,8.4,8.4,Ki,B,single protein format,single_protein,9,D,2014,
CHEMBL3639885,CHEMBL3639885,Cc1cccc(C)c1-c1ccc2cc(NC(=O)C3CC3)ncc2c1,,9.69,1,9.69,9.69,Ki,B,single protein format,single_protein,9,D,2014,
CHEMBL3647967,CHEMBL3647967,C=CC(=O)N[C@H]1CC[C@@H](n2nc(-c3ccc(Oc4ccccc4)cc3)c3c(N)ncnc32)CC1,,7.49,1,7.49,7.49,IC50,B,single protein format,single_protein,8,H,2015,
CHEMBL365277,CHEMBL365277,Cc1ccc(NC(=O)Nc2ccccc2CN(C)C2CCCCC2)cc1Nc1nccc(-c2cccnc2)n1,,6.06,1,6.06,6.06,IC50,B,single protein format,single_protein,8,H,2004,
CHEMBL365673,CHEMBL365673,CCN(CC)c1cccc(NC(=O)Nc2ccc(C)c(Nc3nccc(-c4cccnc4)n3)c2)c1,,6.55,1,6.55,6.55,IC50,B,single protein format,single_protein,8,H,2004,
CHEMBL3683258,CHEMBL3683258,CN[C@@H]1CC2OC([C@@H]1OC)n1c3ccccc3c3c4c(c5c6ccccc6n2c5c31)C(=O)NC4,,6.795,6,6.36,7.43,IC50,B,single protein format,single_protein,9,D,2014,
CHEMBL3684995,CHEMBL3684995,O=C(Nc1cc2ccc(N3CCCCC3)cc2cn1)C1CC1,,8.22,1,8.22,8.22,Ki,B,single protein format,single_protein,9,D,2014,
CHEMBL3684996,CHEMBL3684996,Clc1ccccc1-c1ccc2cc(Nc3ncccn3)ncc2c1,,6.86,1,6.86,6.86,Ki,B,single protein format,single_protein,9,D,2014,
CHEMBL3684997,CHEMBL3684997,Clc1ccccc1-c1ccc2cc(Nc3ccccn3)ncc2c1,,8.15,1,8.15,8.15,Ki,B,single protein format,single_protein,9,D,2014,
CHEMBL3684998,CHEMBL3684998,CSCNc1cc2ccc(-c3cc(F)ccc3Cl)cc2cn1,,7.14,1,7.14,7.14,Ki,B,single protein format,single_protein,9,D,2014,
CHEMBL3684999,CHEMBL3684999,CNc1cc2ccc(-c3cc(F)ccc3Cl)cc2cn1,,6.38,1,6.38,6.38,Ki,B,single protein format,single_protein,9,D,2014,
CHEMBL3685000,CHEMBL3685000,COc1ccc(Cl)cc1-c1ccc2cc(NC(=O)C3CC3)ncc2c1,,8.7,1,8.7,8.7,Ki,B,single protein format,single_protein,9,D,2014,
CHEMBL3685001,CHEMBL3685001,Cc1ccc(F)cc1-c1ccc2cc(N)ncc2c1,,6.36,1,6.36,6.36,Ki,B,single protein format,single_protein,9,D,2014,
CHEMBL3685002,CHEMBL3685002,Cc1ccc(F)cc1-c1ccc2cc(NC(=O)C3CCC3)ncc2c1,,9.0,1,9.0,9.0,Ki,B,single protein format,single_protein,9,D,2014,
CHEMBL3685003,CHEMBL3685003,Cc1ccc(F)cc1-c1ccc2cc(NC(=O)C3CCCC3)ncc2c1,,7.92,1,7.92,7.92,Ki,B,single protein format,single_protein,9,D,2014,
CHEMBL3685004,CHEMBL3685004,Cc1ccc(F)cc1-c1ccc2cc(NC(=O)C3CCCCC3)ncc2c1,,7.41,1,7.41,7.41,Ki,B,single protein format,single_protein,9,D,2014,
CHEMBL3685005,CHEMBL3685005,Cc1ccc(F)cc1-c1ccc2cc(NC(=O)c3ccccc3)ncc2c1,,7.39,1,7.39,7.39,Ki,B,single protein format,single_protein,9,D,2014,
CHEMBL3685006,CHEMBL3685006,Cc1ccc(F)cc1-c1ccc2cc(NC(=O)c3ccc(F)cc3)ncc2c1,,7.58,1,7.58,7.58,Ki,B,single protein format,single_protein,9,D,2014,
CHEMBL3685007,CHEMBL3685007,Cc1ccc(F)cc1-c1ccc2cc(NC(=O)C3(F)CC3)ncc2c1,,7.82,1,7.82,7.82,Ki,B,single protein format,single_protein,9,D,2014,
CHEMBL3685008,CHEMBL3685008,Cc1ccc(F)cc1-c1ccc2cc(NC(=O)C3(C)CC3)ncc2c1,,7.3,1,7.3,7.3,Ki,B,single protein format,single_protein,9,D,2014,
CHEMBL3685009,CHEMBL3685009,Cc1ccc(F)cc1-c1ccc2cc(NC(=O)C3CC3F)ncc2c1,,9.76,2,9.52,10.0,Ki,B,single protein format,single_protein,9,D,2014,
CHEMBL3685010,CHEMBL3685010,Cc1ccc(F)cc1-c1ccc2cc(NC(=O)C3CC3(F)F)ncc2c1,,9.4,1,9.4,9.4,Ki,B,single protein format,single_protein,9,D,2014,
CHEMBL3685011,CHEMBL3685011,Cc1cnc(C)c(-c2ccc3cc(NC(=O)C4CC4)ncc3c2)c1,,8.52,1,8.52,8.52,Ki,B,single protein format,single_protein,9,D,2014,
CHEMBL3685012,CHEMBL3685012,Nc1ccc(-c2ccc3cc(NC(=O)C4CC4)ncc3c2)cn1,,9.0,1,9.0,9.0,Ki,B,single protein format,single_protein,9,D,2014,
CHEMBL3685013,CHEMBL3685013,N#Cc1ccncc1-c1ccc2cc(NC(=O)C3CC3)ncc2c1,,9.0,1,9.0,9.0,Ki,B,single protein format,single_protein,9,D,2014,
CHEMBL3685014,CHEMBL3685014,N#Cc1ncc(F)cc1-c1ccc2cc(NC(=O)C3CC3)ncc2c1,,9.05,1,9.05,9.05,Ki,B,single protein format,single_protein,9,D,2014,
CHEMBL3685015,CHEMBL3685015,Cc1c(Cl)cccc1-c1ccc2cc(NC(=O)C3CC3)ncc2c1,,9.0,1,9.0,9.0,Ki,B,single protein format,single_protein,9,D,2014,
CHEMBL3685016,CHEMBL3685016,Cc1cc(F)ccc1-c1ccc2cc(NC(=O)C3CC3)ncc2c1,,9.52,1,9.52,9.52,Ki,B,single protein format,single_protein,9,D,2014,
CHEMBL3685017,CHEMBL3685017,Cc1cc(Cl)ccc1-c1ccc2cc(NC(=O)C3CC3)ncc2c1,,9.0,1,9.0,9.0,Ki,B,single protein format,single_protein,9,D,2014,
CHEMBL3685018,CHEMBL3685018,COc1ccc(F)cc1-c1ccc2cc(NC(=O)C3CC3)ncc2c1,,9.22,1,9.22,9.22,Ki,B,single protein format,single_protein,9,D,2014,
CHEMBL3685019,CHEMBL3685019,CC(C)Oc1ccc(F)cc1-c1ccc2cc(NC(=O)C3CC3)ncc2c1,,9.4,1,9.4,9.4,Ki,B,single protein format,single_protein,9,D,2014,
CHEMBL3685020,CHEMBL3685020,Cc1ccncc1-c1ccc2cc(NC(=O)C3CC3)ncc2c1,,10.52,1,10.52,10.52,Ki,B,single protein format,single_protein,9,D,2014,
CHEMBL3685021,CHEMBL3685021,Cn1cc(-c2ccc3cc(NC(=O)C4CC4)ncc3c2)cn1,,8.52,1,8.52,8.52,Ki,B,single protein format,single_protein,9,D,2014,
CHEMBL3685022,CHEMBL3685022,Cc1n[nH]c(C)c1-c1ccc2cc(NC(=O)C3CC3)ncc2c1,,8.52,1,8.52,8.52,Ki,B,single protein format,single_protein,9,D,2014,
CHEMBL3685023,CHEMBL3685023,O=C(Nc1cc2ccc(-c3cc(O)ccc3Cl)cc2cn1)C1CC1,,10.4,1,10.4,10.4,Ki,B,single protein format,single_protein,9,D,2014,
CHEMBL3685024,CHEMBL3685024,Cc1cc(F)c(F)cc1-c1ccc2cc(NC(=O)C3CC3)ncc2c1,,9.3,1,9.3,9.3,Ki,B,single protein format,single_protein,9,D,2014,
CHEMBL3685025,CHEMBL3685025,Cc1ccc(F)cc1-c1ccc2cc(/N=C3/NC(C)(C)CO3)ncc2c1,,6.67,1,6.67,6.67,Ki,B,single protein format,single_protein,9,D,2014,
CHEMBL3685026,CHEMBL3685026,O=C(Nc1cc2ccc(N3CCCC3)cc2cn1)C1CC1,,7.77,1,7.77,7.77,Ki,B,single protein format,single_protein,9,D,2014,
CHEMBL3685027,CHEMBL3685027,O=C(Nc1cc2ccc(C3CCCCC3)cc2cn1)C1CC1,,8.7,1,8.7,8.7,Ki,B,single protein format,single_protein,9,D,2014,
CHEMBL3685028,CHEMBL3685028,CN1CCN(c2ccc3cc(NC(=O)C4CC4)ncc3c2)CC1,,6.39,1,6.39,6.39,Ki,B,single protein format,single_protein,9,D,2014,
CHEMBL3685029,CHEMBL3685029,O=C(Nc1cc2ccc(C3CCCC3)cc2cn1)C1CC1,,8.7,1,8.7,8.7,Ki,B,single protein format,single_protein,9,D,2014,
CHEMBL3685030,CHEMBL3685030,Cc1ccc(F)cc1-c1ccc2cc(NC(=O)C3CCOCC3)ncc2c1,,8.52,1,8.52,8.52,Ki,B,single protein format,single_protein,9,D,2014,
CHEMBL3685031,CHEMBL3685031,Cc1ccc(F)cc1-c1ccc2cc(NC(=O)C3CCN(C)CC3)ncc2c1,,9.0,1,9.0,9.0,Ki,B,single protein format,single_protein,9,D,2014,
CHEMBL3685032,CHEMBL3685032,Cc1ccc(F)cc1-c1ccc2cc(NC(=O)c3ccncc3)ncc2c1,,8.15,1,8.15,8.15,Ki,B,single protein format,single_protein,9,D,2014,
CHEMBL3685033,CHEMBL3685033,Cc1ccc(F)cc1-c1ccc2cc(NC(=O)c3ccccc3F)ncc2c1,,7.07,1,7.07,7.07,Ki,B,single protein format,single_protein,9,D,2014,
CHEMBL3685034,CHEMBL3685034,COc1ccc(C(=O)Nc2cc3ccc(-c4cc(F)ccc4C)cc3cn2)cc1,,7.28,1,7.28,7.28,Ki,B,single protein format,single_protein,9,D,2014,
CHEMBL3685035,CHEMBL3685035,Cc1cccnc1-c1ccc2cc(NC(=O)C3CC3)ncc2c1,,10.0,1,10.0,10.0,Ki,B,single protein format,single_protein,9,D,2014,
CHEMBL3685036,CHEMBL3685036,Cc1ncccc1-c1ccc2cc(NC(=O)C3CC3)ncc2c1,,9.0,1,9.0,9.0,Ki,B,single protein format,single_protein,9,D,2014,
CHEMBL3685037,CHEMBL3685037,O=C(Nc1cc2ccc(-c3ccc4[nH]ccc4c3)cc2cn1)C1CC1,,9.0,1,9.0,9.0,Ki,B,single protein format,single_protein,9,D,2014,
CHEMBL3685038,CHEMBL3685038,O=C(Nc1cc2ccc(N3CCC(O)CC3)cc2cn1)C1CC1,,8.52,1,8.52,8.52,Ki,B,single protein format,single_protein,9,D,2014,
CHEMBL3685039,CHEMBL3685039,O=C(Nc1cc2ccc(N3CCNCC3)cc2cn1)C1CC1,,6.62,1,6.62,6.62,Ki,B,single protein format,single_protein,9,D,2014,
CHEMBL3685040,CHEMBL3685040,Cn1c(-c2ccc3cc(NC(=O)C4CC4)ncc3c2)cccc1=O,,7.8,1,7.8,7.8,Ki,B,single protein format,single_protein,9,D,2014,
CHEMBL3685041,CHEMBL3685041,CC(=O)Nc1cc2ccc(-c3cc(F)ccc3C)cc2cn1,,9.52,1,9.52,9.52,Ki,B,single protein format,single_protein,9,D,2014,
CHEMBL3685042,CHEMBL3685042,Cc1ccc(F)cc1-c1ccc2cc(NC(=O)CC(F)(F)F)ncc2c1,,8.52,1,8.52,8.52,Ki,B,single protein format,single_protein,9,D,2014,
CHEMBL3685043,CHEMBL3685043,Cc1ccc(F)cc1-c1ccc2cc(NC(=O)C(C)(C)C)ncc2c1,,8.7,1,8.7,8.7,Ki,B,single protein format,single_protein,9,D,2014,
CHEMBL3685044,CHEMBL3685044,COCC(=O)Nc1cc2ccc(-c3cc(F)ccc3C)cc2cn1,,9.52,1,9.52,9.52,Ki,B,single protein format,single_protein,9,D,2014,
CHEMBL3685045,CHEMBL3685045,Cc1ccc(C#N)cc1-c1ccc2cc(NC(=O)C3CC3)ncc2c1,,9.7,1,9.7,9.7,Ki,B,single protein format,single_protein,9,D,2014,
CHEMBL3685046,CHEMBL3685046,COc1cccc(C#N)c1-c1ccc2cc(NC(=O)C3CC3)ncc2c1,,8.52,1,8.52,8.52,Ki,B,single protein format,single_protein,9,D,2014,
CHEMBL3685047,CHEMBL3685047,O=C(Nc1cc2ccc(-c3ccccn3)cc2cn1)C1CC1,,8.7,1,8.7,8.7,Ki,B,single protein format,single_protein,9,D,2014,
CHEMBL3685048,CHEMBL3685048,Cc1ccc(F)cc1-c1ccc2cc(NC(=O)C3C[C@@H]3F)ncc2c1,,10.025,2,10.0,10.05,Ki,B,single protein format,single_protein,9,D,2014,
CHEMBL3685049,CHEMBL3685049,Cc1ccc(F)cc1-c1ccc2cc(NC(=O)C3C[C@H]3F)ncc2c1,,10.025,2,10.0,10.05,Ki,B,single protein format,single_protein,9,D,2014,
CHEMBL3685050,CHEMBL3685050,Cc1ccc(F)cc1-c1ccc2cc(NC(=O)CN(C)C)ncc2c1,,9.0,1,9.0,9.0,Ki,B,single protein format,single_protein,9,D,2014,
CHEMBL3685051,CHEMBL3685051,CCn1nccc1C(=O)Nc1cc2ccc(-c3cc(F)ccc3C)cc2cn1,,7.47,1,7.47,7.47,Ki,B,single protein format,single_protein,9,D,2014,
CHEMBL3685052,CHEMBL3685052,COc1ccccc1C(=O)Nc1cc2ccc(-c3cc(F)ccc3C)cc2cn1,,6.88,1,6.88,6.88,Ki,B,single protein format,single_protein,9,D,2014,
CHEMBL3685053,CHEMBL3685053,COc1cccc(C(=O)Nc2cc3ccc(-c4cc(F)ccc4C)cc3cn2)c1,,6.44,1,6.44,6.44,Ki,B,single protein format,single_protein,9,D,2014,
CHEMBL3685054,CHEMBL3685054,O=C(Nc1cc2ccc(-c3cccc4[nH]ccc34)cc2cn1)C1CC1,,9.52,1,9.52,9.52,Ki,B,single protein format,single_protein,9,D,2014,
CHEMBL3685055,CHEMBL3685055,N#Cc1cc(F)c(F)cc1-c1ccc2cc(NC(=O)C3CC3)ncc2c1,,10.15,1,10.15,10.15,Ki,B,single protein format,single_protein,9,D,2014,
CHEMBL3685056,CHEMBL3685056,Cc1ccc(O)cc1-c1ccc2cc(NC(=O)C3CC3)ncc2c1,,10.7,1,10.7,10.7,Ki,B,single protein format,single_protein,9,D,2014,
CHEMBL3685057,CHEMBL3685057,CCC(=O)Nc1cc2ccc(-c3cc(F)ccc3C)cc2cn1,,9.3,1,9.3,9.3,Ki,B,single protein format,single_protein,9,D,2014,
CHEMBL3685058,CHEMBL3685058,Cc1ccc(F)cc1-c1ccc2cc(NC(=O)C(C)C)ncc2c1,,8.05,1,8.05,8.05,Ki,B,single protein format,single_protein,9,D,2014,
CHEMBL3685059,CHEMBL3685059,O=C(Nc1cc2ccc(-c3cncnc3)cc2cn1)C1CC1,,8.4,1,8.4,8.4,Ki,B,single protein format,single_protein,9,D,2014,
CHEMBL3685060,CHEMBL3685060,Cc1cc(C)c(-c2ccc3cc(NC(=O)C4CC4)ncc3c2)cn1,,9.15,1,9.15,9.15,Ki,B,single protein format,single_protein,9,D,2014,
CHEMBL3685061,CHEMBL3685061,Cc1nc(-c2ccc3cc(NC(=O)C4CC4)ncc3c2)cs1,,7.89,1,7.89,7.89,Ki,B,single protein format,single_protein,9,D,2014,
CHEMBL3685062,CHEMBL3685062,O=C(Nc1cc2ccc(-c3cc[nH]n3)cc2cn1)C1CC1,,9.3,1,9.3,9.3,Ki,B,single protein format,single_protein,9,D,2014,
CHEMBL3685063,CHEMBL3685063,Cc1ncc(F)cc1-c1ccc2cc(NC(=O)C3CC3)ncc2c1,,9.15,1,9.15,9.15,Ki,B,single protein format,single_protein,9,D,2014,
CHEMBL3685064,CHEMBL3685064,Cn1ccc(=O)c(-c2ccc3cc(NC(=O)C4CC4)ncc3c2)c1,,7.38,1,7.38,7.38,Ki,B,single protein format,single_protein,9,D,2014,
CHEMBL3685065,CHEMBL3685065,Cc1ccc(F)cc1-c1ccc2cc(NC(=O)C(F)(F)F)ncc2c1,,7.48,1,7.48,7.48,Ki,B,single protein format,single_protein,9,D,2014,
CHEMBL3685066,CHEMBL3685066,N#Cc1ccc(F)cc1-c1ccc2cc(NC(=O)C3CC3)ncc2c1,,9.7,1,9.7,9.7,Ki,B,single protein format,single_protein,9,D,2014,
CHEMBL3685067,CHEMBL3685067,N#Cc1ccc(Cl)cc1-c1ccc2cc(NC(=O)C3CC3)ncc2c1,,9.05,1,9.05,9.05,Ki,B,single protein format,single_protein,9,D,2014,
CHEMBL3685068,CHEMBL3685068,N#Cc1cc(F)ccc1-c1ccc2cc(NC(=O)C3CC3)ncc2c1,,10.22,1,10.22,10.22,Ki,B,single protein format,single_protein,9,D,2014,
CHEMBL3685069,CHEMBL3685069,Cc1ccc(F)cc1-c1ccc2cc(NC(=O)C(F)F)ncc2c1,,9.0,1,9.0,9.0,Ki,B,single protein format,single_protein,9,D,2014,
CHEMBL3685070,CHEMBL3685070,Cc1ccc(F)cc1-c1ccc2cc(NS(C)(=O)=O)ncc2c1,,7.57,1,7.57,7.57,Ki,B,single protein format,single_protein,9,D,2014,
CHEMBL3685071,CHEMBL3685071,Cc1ccc(F)cc1-c1ccc2cc(NS(=O)(=O)C3CC3)ncc2c1,,7.38,1,7.38,7.38,Ki,B,single protein format,single_protein,9,D,2014,
CHEMBL3685072,CHEMBL3685072,CNC(=O)Nc1cc2ccc(-c3cc(F)ccc3C)cc2cn1,,10.0,1,10.0,10.0,Ki,B,single protein format,single_protein,9,D,2014,
CHEMBL3685073,CHEMBL3685073,O=C(Nc1cc2ccc(Nc3ccccc3)cc2cn1)C1CC1,,9.0,1,9.0,9.0,Ki,B,single protein format,single_protein,9,D,2014,
CHEMBL3685074,CHEMBL3685074,Cc1ncncc1-c1ccc2cc(NC(=O)C3CC3)ncc2c1,,9.3,1,9.3,9.3,Ki,B,single protein format,single_protein,9,D,2014,
CHEMBL3685075,CHEMBL3685075,COc1ccc(C)c(-c2ccc3cc(NC(=O)C4CC4)ncc3c2)c1,,9.22,1,9.22,9.22,Ki,B,single protein format,single_protein,9,D,2014,
CHEMBL3685076,CHEMBL3685076,Cc1ccc(C(F)(F)F)cc1-c1ccc2cc(NC(=O)C3CC3)ncc2c1,,7.7,1,7.7,7.7,Ki,B,single protein format,single_protein,9,D,2014,
CHEMBL3685077,CHEMBL3685077,Cc1ccc(N(C)C)cc1-c1ccc2cc(NC(=O)C3CC3)ncc2c1,,9.0,1,9.0,9.0,Ki,B,single protein format,single_protein,9,D,2014,
CHEMBL3685078,CHEMBL3685078,Cc1cnccc1-c1ccc2cc(NC(=O)C3CC3)ncc2c1,,8.7,1,8.7,8.7,Ki,B,single protein format,single_protein,9,D,2014,
CHEMBL3685079,CHEMBL3685079,Cc1ccc(F)cc1-c1ccc2cc(NC(=O)N(C)C)ncc2c1,,8.52,1,8.52,8.52,Ki,B,single protein format,single_protein,9,D,2014,
CHEMBL3685080,CHEMBL3685080,Cc1ccnc(C)c1-c1ccc2cc(NC(=O)C3CC3)ncc2c1,,9.52,1,9.52,9.52,Ki,B,single protein format,single_protein,9,D,2014,
CHEMBL3685081,CHEMBL3685081,Cc1ncnc(C)c1-c1ccc2cc(NC(=O)C3CC3)ncc2c1,,8.7,1,8.7,8.7,Ki,B,single protein format,single_protein,9,D,2014,
CHEMBL3685082,CHEMBL3685082,O=C(Nc1cc2ccc(OC3CCCCC3)cc2cn1)C1CC1,,7.57,1,7.57,7.57,Ki,B,single protein format,single_protein,9,D,2014,
CHEMBL3685083,CHEMBL3685083,O=C(Nc1cc2ccc(Sc3ccccc3)cc2cn1)C1CC1,,7.89,1,7.89,7.89,Ki,B,single protein format,single_protein,9,D,2014,
CHEMBL3685084,CHEMBL3685084,Cn1nccc1-c1ccc2cc(NC(=O)C3CC3)ncc2c1,,8.7,1,8.7,8.7,Ki,B,single protein format,single_protein,9,D,2014,
CHEMBL3685085,CHEMBL3685085,O=C(Nc1cc2ccc(-c3cncc(F)c3)cc2cn1)C1CC1,,9.3,1,9.3,9.3,Ki,B,single protein format,single_protein,9,D,2014,
CHEMBL3685086,CHEMBL3685086,Cc1ccc(F)cc1-c1ccc2cc(NC(=O)C3(O)CC3)ncc2c1,,7.38,1,7.38,7.38,Ki,B,single protein format,single_protein,9,D,2014,
CHEMBL3685087,CHEMBL3685087,O=C(Nc1cc2ccc(-c3ccc[nH]3)cc2cn1)C1CC1,,9.15,1,9.15,9.15,Ki,B,single protein format,single_protein,9,D,2014,
CHEMBL3685088,CHEMBL3685088,N#Cc1ccc(O)cc1-c1ccc2cc(NC(=O)C3CC3)ncc2c1,,9.7,1,9.7,9.7,Ki,B,single protein format,single_protein,9,D,2014,
CHEMBL3685089,CHEMBL3685089,Cc1c(O)cccc1-c1ccc2cc(NC(=O)C3CC3)ncc2c1,,10.52,1,10.52,10.52,Ki,B,single protein format,single_protein,9,D,2014,
CHEMBL3685090,CHEMBL3685090,Cc1ccc(F)cc1-c1ccc2cc(NC(C)C(F)(F)F)ncc2c1,,7.38,1,7.38,7.38,Ki,B,single protein format,single_protein,9,D,2014,
CHEMBL3685091,CHEMBL3685091,Cc1ccc(F)cc1-c1ccc2cc(NCC3CC3)ncc2c1,,7.38,1,7.38,7.38,Ki,B,single protein format,single_protein,9,D,2014,
CHEMBL3685092,CHEMBL3685092,CC(C)Oc1ccc2cc(NC(=O)C3CC3)ncc2c1,,9.1,1,9.1,9.1,Ki,B,single protein format,single_protein,9,D,2014,
CHEMBL3685093,CHEMBL3685093,O=C(Nc1cc2ccc(OC(F)F)cc2cn1)C1CC1,,8.4,1,8.4,8.4,Ki,B,single protein format,single_protein,9,D,2014,
CHEMBL3685094,CHEMBL3685094,Cc1ccc(F)cc1-c1ccc2c(Cl)c(N)ncc2c1,,7.82,1,7.82,7.82,Ki,B,single protein format,single_protein,9,D,2014,
CHEMBL3685095,CHEMBL3685095,Cc1cc(F)c(O)cc1-c1ccc2cc(NC(=O)C3CC3)ncc2c1,,10.52,1,10.52,10.52,Ki,B,single protein format,single_protein,9,D,2014,
CHEMBL3685096,CHEMBL3685096,Cc1ccc(CO)cc1-c1ccc2cc(NC(=O)C3CC3)ncc2c1,,10.52,1,10.52,10.52,Ki,B,single protein format,single_protein,9,D,2014,
CHEMBL3685097,CHEMBL3685097,O=C(Nc1cc2ccc(-c3ccc(F)c(O)c3)cc2cn1)C1CC1,,10.05,1,10.05,10.05,Ki,B,single protein format,single_protein,9,D,2014,
CHEMBL3685098,CHEMBL3685098,Cc1ccc(C(N)=O)cc1-c1ccc2cc(NC(=O)C3CC3)ncc2c1,,9.05,1,9.05,9.05,Ki,B,single protein format,single_protein,9,D,2014,
CHEMBL3685099,CHEMBL3685099,CCNC(=O)Nc1cc2ccc(-c3cc(F)ccc3C)cc2cn1,,9.7,1,9.7,9.7,Ki,B,single protein format,single_protein,9,D,2014,
CHEMBL3685100,CHEMBL3685100,Cc1ccc(F)cc1-c1ccc2c(Cl)c(NC(=O)C3CC3)ncc2c1,,8.7,1,8.7,8.7,Ki,B,single protein format,single_protein,9,D,2014,
CHEMBL3685101,CHEMBL3685101,Cc1ccncc1-c1ccc2cc(NC(=O)C3CC3F)ncc2c1,,10.7,1,10.7,10.7,Ki,B,single protein format,single_protein,9,D,2014,
CHEMBL3685102,CHEMBL3685102,Cc1c[nH]nc1-c1ccc2cc(NC(=O)C3CC3)ncc2c1,,10.0,1,10.0,10.0,Ki,B,single protein format,single_protein,9,D,2014,
CHEMBL3685103,CHEMBL3685103,Cc1ccc(F)cc1-c1ccc2c(Br)c(NC(=O)C3CC3)ncc2c1,,9.05,1,9.05,9.05,Ki,B,single protein format,single_protein,9,D,2014,
CHEMBL3685104,CHEMBL3685104,O=C(Nc1cc2ccc(Oc3ccccc3)cc2cn1)C1CC1,,8.52,1,8.52,8.52,Ki,B,single protein format,single_protein,9,D,2014,
CHEMBL3685105,CHEMBL3685105,O=C(Nc1cc2ccc(Oc3ccccc3Cl)cc2cn1)C1CC1,,8.3,1,8.3,8.3,Ki,B,single protein format,single_protein,9,D,2014,
CHEMBL3685106,CHEMBL3685106,O=C(Nc1cc2ccc(Oc3cccc(F)c3)cc2cn1)C1CC1,,8.3,1,8.3,8.3,Ki,B,single protein format,single_protein,9,D,2014,
CHEMBL3685107,CHEMBL3685107,O=C(Nc1cc2ccc(Oc3cccc(Cl)c3)cc2cn1)C1CC1,,8.1,1,8.1,8.1,Ki,B,single protein format,single_protein,9,D,2014,
CHEMBL3685108,CHEMBL3685108,O=C(Nc1cc2ccc(Oc3ccc(F)cc3)cc2cn1)C1CC1,,7.7,1,7.7,7.7,Ki,B,single protein format,single_protein,9,D,2014,
CHEMBL3685109,CHEMBL3685109,O=C(Nc1cc2ccc(Oc3cccnc3)cc2cn1)C1CC1,,8.22,1,8.22,8.22,Ki,B,single protein format,single_protein,9,D,2014,
CHEMBL3685110,CHEMBL3685110,COCCNC(=O)Nc1cc2ccc(-c3cc(F)ccc3C)cc2cn1,,9.7,1,9.7,9.7,Ki,B,single protein format,single_protein,9,D,2014,
CHEMBL3685111,CHEMBL3685111,Cc1ccc(F)cc1-c1ccc2cc(NC(=O)C3CCNCC3)ncc2c1,,8.7,1,8.7,8.7,Ki,B,single protein format,single_protein,9,D,2014,
CHEMBL3685112,CHEMBL3685112,Cc1ccc(F)cc1-c1ccc2cc(NC(=O)C3CCN(C)C3)ncc2c1,,8.52,1,8.52,8.52,Ki,B,single protein format,single_protein,9,D,2014,
CHEMBL3685113,CHEMBL3685113,CCN1CCC(C(=O)Nc2cc3ccc(-c4cc(F)ccc4C)cc3cn2)CC1,,8.7,1,8.7,8.7,Ki,B,single protein format,single_protein,9,D,2014,
CHEMBL3685114,CHEMBL3685114,Cc1ccncc1-c1ccc2cc(NC(=O)C3CCN(C)CC3)ncc2c1,,8.7,1,8.7,8.7,Ki,B,single protein format,single_protein,9,D,2014,
CHEMBL3685115,CHEMBL3685115,Cc1ccc(F)cc1-c1ccc2c(F)c(NC(=O)C3CC3)ncc2c1,,9.15,1,9.15,9.15,Ki,B,single protein format,single_protein,9,D,2014,
CHEMBL3685116,CHEMBL3685116,CCNC(=O)Nc1ncc2cc(-c3cc(F)ccc3C)ccc2c1Cl,,7.43,1,7.43,7.43,Ki,B,single protein format,single_protein,9,D,2014,
CHEMBL3685117,CHEMBL3685117,CCNC(=O)Nc1ncc2cc(-c3cc(F)ccc3C)ccc2c1F,,8.4,1,8.4,8.4,Ki,B,single protein format,single_protein,9,D,2014,
CHEMBL3685118,CHEMBL3685118,Cc1ccc(F)cc1-c1ccc2cc(NC(=O)CC3CC3)ncc2c1,,9.05,1,9.05,9.05,Ki,B,single protein format,single_protein,9,D,2014,
CHEMBL3685119,CHEMBL3685119,Cc1ccc(F)cc1-c1ccc2cc(Nc3cc(CO)ccn3)ncc2c1,,9.22,1,9.22,9.22,Ki,B,single protein format,single_protein,9,D,2014,
CHEMBL3685120,CHEMBL3685120,O=C(Nc1cc2ccc(-c3cnccn3)cc2cn1)C1CC1,,7.75,1,7.75,7.75,Ki,B,single protein format,single_protein,9,D,2014,
CHEMBL3685121,CHEMBL3685121,Cc1cnc(-c2ccc3cc(NC(=O)C4CC4)ncc3c2)cn1,,7.38,1,7.38,7.38,Ki,B,single protein format,single_protein,9,D,2014,
CHEMBL3685122,CHEMBL3685122,O=C(Nc1cc2ccc(Oc3cncnc3)cc2cn1)C1CC1,,7.38,1,7.38,7.38,Ki,B,single protein format,single_protein,9,D,2014,
CHEMBL3685123,CHEMBL3685123,Cc1ccc(F)cc1-c1ccc2cc(NC(=O)NC(C)C)ncc2c1,,9.0,1,9.0,9.0,Ki,B,single protein format,single_protein,9,D,2014,
CHEMBL3685124,CHEMBL3685124,Cc1ccc(F)cc1-c1ccc2cc(NC(=O)NC3COC3)ncc2c1,,9.7,1,9.7,9.7,Ki,B,single protein format,single_protein,9,D,2014,
CHEMBL3685125,CHEMBL3685125,Cc1ccc(F)cc1-c1ccc2cc(Nc3cccc(=O)[nH]3)ncc2c1,,7.68,1,7.68,7.68,Ki,B,single protein format,single_protein,9,D,2014,
CHEMBL3685126,CHEMBL3685126,Cc1ncc(-c2ccc3cc(NC(=O)C4CC4)ncc3c2)cc1F,,8.4,1,8.4,8.4,Ki,B,single protein format,single_protein,9,D,2014,
CHEMBL3685127,CHEMBL3685127,Cc1ccc(C(C)(C)O)cc1-c1ccc2cc(NC(=O)C3CC3)ncc2c1,,7.66,1,7.66,7.66,Ki,B,single protein format,single_protein,9,D,2014,
CHEMBL3685128,CHEMBL3685128,COc1cccc(Nc2cc3ccc(-c4cc(F)ccc4C)cc3cn2)n1,,8.4,1,8.4,8.4,Ki,B,single protein format,single_protein,9,D,2014,
CHEMBL3685129,CHEMBL3685129,Cc1ccc(F)cc1-c1ccc2cc(NC(=O)N3CCN(C)CC3)ncc2c1,,8.4,1,8.4,8.4,Ki,B,single protein format,single_protein,9,D,2014,
CHEMBL3685130,CHEMBL3685130,Cc1ccc(C)c(-c2ccc3cc(NC(=O)C4CC4)ncc3c2)c1,,8.7,1,8.7,8.7,Ki,B,single protein format,single_protein,9,D,2014,
CHEMBL3685131,CHEMBL3685131,Cc1cc(-c2ccc3cc(NC(=O)C4CC4)ncc3c2)ccn1,,7.38,1,7.38,7.38,Ki,B,single protein format,single_protein,9,D,2014,
CHEMBL3685132,CHEMBL3685132,Cn1ccc(Oc2ccc3cc(NC(=O)C4CC4)ncc3c2)n1,,8.15,1,8.15,8.15,Ki,B,single protein format,single_protein,9,D,2014,
CHEMBL3685133,CHEMBL3685133,Cc1ccc(F)cc1-c1ccc2cc(NC(=O)NC3CCOCC3)ncc2c1,,9.22,1,9.22,9.22,Ki,B,single protein format,single_protein,9,D,2014,
CHEMBL3685134,CHEMBL3685134,O=C(Nc1cc2ccc(-c3cccc4[nH]ncc34)cc2cn1)C1CC1,,10.4,1,10.4,10.4,Ki,B,single protein format,single_protein,9,D,2014,
CHEMBL3685135,CHEMBL3685135,O=C(Nc1cc2ccc(-c3ccc4cn[nH]c4c3)cc2cn1)C1CC1,,7.96,1,7.96,7.96,Ki,B,single protein format,single_protein,9,D,2014,
CHEMBL3685136,CHEMBL3685136,O=C(Nc1cc2ccc(-c3ccnnc3)cc2cn1)C1CC1,,7.47,1,7.47,7.47,Ki,B,single protein format,single_protein,9,D,2014,
CHEMBL3685137,CHEMBL3685137,Cc1nccnc1-c1ccc2cc(NC(=O)C3CC3)ncc2c1,,9.0,1,9.0,9.0,Ki,B,single protein format,single_protein,9,D,2014,
CHEMBL3685138,CHEMBL3685138,CC(C)Nc1ccc2cc(NC(=O)C3CC3)ncc2c1,,9.15,1,9.15,9.15,Ki,B,single protein format,single_protein,9,D,2014,
CHEMBL3685139,CHEMBL3685139,Cc1ccc(NC(=O)c2ccc(CN3CCN(C)CC3)cc2)cc1-c1ccc2cc(NC(=O)C3CC3)ncc2c1,,9.52,1,9.52,9.52,Ki,B,single protein format,single_protein,9,D,2014,
CHEMBL3685140,CHEMBL3685140,Cc1ccc(NC(=O)c2ccc(CN3CCN(C)CC3)c(Cl)c2)cc1-c1ccc2cc(NC(=O)C3CC3)ncc2c1,,9.15,1,9.15,9.15,Ki,B,single protein format,single_protein,9,D,2014,
CHEMBL3685141,CHEMBL3685141,CC(C)COc1ccc2cc(NC(=O)C3CC3)ncc2c1,,7.92,1,7.92,7.92,Ki,B,single protein format,single_protein,9,D,2014,
CHEMBL3685142,CHEMBL3685142,Cc1ccc(F)cc1-c1ccc2cc(NC(=O)OC(C)C)ncc2c1,,8.3,1,8.3,8.3,Ki,B,single protein format,single_protein,9,D,2014,
CHEMBL3685143,CHEMBL3685143,Nc1cncc(-c2ccc3cc(NC(=O)C4CC4)ncc3c2)c1,,8.4,1,8.4,8.4,Ki,B,single protein format,single_protein,9,D,2014,
CHEMBL3685144,CHEMBL3685144,Nc1cc(-c2ccc3cc(NC(=O)C4CC4)ncc3c2)ccn1,,8.15,1,8.15,8.15,Ki,B,single protein format,single_protein,9,D,2014,
CHEMBL3685145,CHEMBL3685145,CC(C)=Cc1ccc2cc(NC(=O)C3CC3)ncc2c1,,8.52,1,8.52,8.52,Ki,B,single protein format,single_protein,9,D,2014,
CHEMBL3685146,CHEMBL3685146,Cc1cc(Cl)ncc1-c1ccc2cc(NC(=O)C3CC3)ncc2c1,,10.0,1,10.0,10.0,Ki,B,single protein format,single_protein,9,D,2014,
CHEMBL3685147,CHEMBL3685147,O=C(Nc1cc2ccc(-c3cnccc3Cl)cc2cn1)C1CC1,,10.15,1,10.15,10.15,Ki,B,single protein format,single_protein,9,D,2014,
CHEMBL3685148,CHEMBL3685148,CC(C)Cc1ccc2cc(NC(=O)C3CC3)ncc2c1,,9.0,1,9.0,9.0,Ki,B,single protein format,single_protein,9,D,2014,
CHEMBL3685149,CHEMBL3685149,Cn1ncc2c(-c3ccc4cc(NC(=O)C5CC5)ncc4c3)cccc21,,8.05,1,8.05,8.05,Ki,B,single protein format,single_protein,9,D,2014,
CHEMBL3685150,CHEMBL3685150,O=C1Cc2c(cccc2-c2ccc3cc(NC(=O)C4CC4)ncc3c2)N1,,9.22,1,9.22,9.22,Ki,B,single protein format,single_protein,9,D,2014,
CHEMBL3685151,CHEMBL3685151,Cc1ccc(F)cc1-c1ccc2cc(NC(=O)C3CC3c3ccccc3)ncc2c1,,8.15,1,8.15,8.15,Ki,B,single protein format,single_protein,9,D,2014,
CHEMBL3685152,CHEMBL3685152,Cc1cc(CO)cc(Nc2cc3ccc(-c4cc(F)ccc4C)cc3cn2)n1,,8.3,1,8.3,8.3,Ki,B,single protein format,single_protein,9,D,2014,
CHEMBL3685153,CHEMBL3685153,Cc1cc(C(C)(C)O)cc(Nc2cc3ccc(-c4cc(F)ccc4C)cc3cn2)n1,,8.3,1,8.3,8.3,Ki,B,single protein format,single_protein,9,D,2014,
CHEMBL3685154,CHEMBL3685154,Cc1cc(N)ncc1-c1ccc2cc(NC(=O)C3CC3)ncc2c1,,9.05,1,9.05,9.05,Ki,B,single protein format,single_protein,9,D,2014,
CHEMBL3685155,CHEMBL3685155,Cc1ccncc1-c1ccc2cc(Nc3cc(CO)ccn3)ncc2c1,,10.0,1,10.0,10.0,Ki,B,single protein format,single_protein,9,D,2014,
CHEMBL3685156,CHEMBL3685156,Cc1ncc(CO)cc1-c1ccc2cc(NC(=O)C3CC3)ncc2c1,,8.52,1,8.52,8.52,Ki,B,single protein format,single_protein,9,D,2014,
CHEMBL3685157,CHEMBL3685157,COc1ccc2cc(NC(=O)C3CC3)ncc2c1,,7.52,1,7.52,7.52,Ki,B,single protein format,single_protein,9,D,2014,
CHEMBL3685158,CHEMBL3685158,C[C@@H](CO)Oc1ccc2cc(NC(=O)C3CC3)ncc2c1,,8.7,1,8.7,8.7,Ki,B,single protein format,single_protein,9,D,2014,
CHEMBL3685159,CHEMBL3685159,CC(C)(CO)Oc1ccc2cc(NC(=O)C3CC3)ncc2c1,,7.96,1,7.96,7.96,Ki,B,single protein format,single_protein,9,D,2014,
CHEMBL3685160,CHEMBL3685160,Cc1ccc(C(C)O)cc1-c1ccc2cc(NC(=O)C3CC3)ncc2c1,,9.0,1,9.0,9.0,Ki,B,single protein format,single_protein,9,D,2014,
CHEMBL3685161,CHEMBL3685161,O=C(Nc1cc2ccc(-c3cccc(CO)c3)cc2cn1)C1CC1,,8.7,1,8.7,8.7,Ki,B,single protein format,single_protein,9,D,2014,
CHEMBL3685162,CHEMBL3685162,O=C(Nc1cc2ccc(-c3cc(CO)ccc3Cl)cc2cn1)C1CC1,,9.7,1,9.7,9.7,Ki,B,single protein format,single_protein,9,D,2014,
CHEMBL3685163,CHEMBL3685163,O=C(Nc1cc2ccc(-c3cc(CO)ccc3F)cc2cn1)C1CC1,,9.1,1,9.1,9.1,Ki,B,single protein format,single_protein,9,D,2014,
CHEMBL3685164,CHEMBL3685164,CCOc1ccc2cc(NC(=O)C3CC3)ncc2c1,,8.15,1,8.15,8.15,Ki,B,single protein format,single_protein,9,D,2014,
CHEMBL3685165,CHEMBL3685165,O=C(Nc1cc2ccc(OCCO)cc2cn1)C1CC1,,8.22,1,8.22,8.22,Ki,B,single protein format,single_protein,9,D,2014,
CHEMBL3685166,CHEMBL3685166,CC(CO)Cc1ccc2cc(NC(=O)C3CC3)ncc2c1,,9.1,1,9.1,9.1,Ki,B,single protein format,single_protein,9,D,2014,
CHEMBL3685167,CHEMBL3685167,C[C@H](CO)Oc1ccc2cc(NC(=O)C3CC3)ncc2c1,,7.96,1,7.96,7.96,Ki,B,single protein format,single_protein,9,D,2014,
CHEMBL3685168,CHEMBL3685168,COC[C@H](C)Oc1ccc2cc(NC(=O)C3CC3)ncc2c1,,8.1,1,8.1,8.1,Ki,B,single protein format,single_protein,9,D,2014,
CHEMBL3685169,CHEMBL3685169,Cc1ccc(F)cc1-c1ccc2cc(NC(=O)C3C[C@@H]3C)ncc2c1,,9.2,4,8.4,9.7,Ki,B,single protein format,single_protein,9,D,2014,
CHEMBL3685170,CHEMBL3685170,Cc1ccc(F)cc1-c1ccc2cc(NC(=O)C3C[C@H]3C)ncc2c1,,9.2,4,8.4,9.7,Ki,B,single protein format,single_protein,9,D,2014,
CHEMBL3685171,CHEMBL3685171,Cc1ccc(NC(=O)c2cnn(C)c2)cc1-c1ccc2cc(NC(=O)C3CC3)ncc2c1,,9.0,1,9.0,9.0,Ki,B,single protein format,single_protein,9,D,2014,
CHEMBL3685172,CHEMBL3685172,O=C(Nc1cc2ccc(-c3cccnc3CO)cc2cn1)C1CC1,,10.0,1,10.0,10.0,Ki,B,single protein format,single_protein,9,D,2014,
CHEMBL3685173,CHEMBL3685173,Cc1cc(C(=O)Nc2ccc(C)c(-c3ccc4cc(NC(=O)C5CC5)ncc4c3)c2)ccn1,,9.1,1,9.1,9.1,Ki,B,single protein format,single_protein,9,D,2014,
CHEMBL3685174,CHEMBL3685174,Cc1ccc(NC(=O)C2CCOCC2)cc1-c1ccc2cc(NC(=O)C3CC3)ncc2c1,,9.7,1,9.7,9.7,Ki,B,single protein format,single_protein,9,D,2014,
CHEMBL3685175,CHEMBL3685175,Cc1ccc(NC(=O)c2cccc(C(F)(F)F)c2)cc1-c1ccc2cc(NC(=O)C3CC3)ncc2c1,,8.7,1,8.7,8.7,Ki,B,single protein format,single_protein,9,D,2014,
CHEMBL3685176,CHEMBL3685176,Cc1ccc(NC(=O)C2CCN(C)CC2)cc1-c1ccc2cc(NC(=O)C3CC3)ncc2c1,,8.15,1,8.15,8.15,Ki,B,single protein format,single_protein,9,D,2014,
CHEMBL3685177,CHEMBL3685177,Cc1ccc(NC(=O)c2ccc(CN(C)C)cc2)cc1-c1ccc2cc(NC(=O)C3CC3)ncc2c1,,10.0,1,10.0,10.0,Ki,B,single protein format,single_protein,9,D,2014,
CHEMBL3685178,CHEMBL3685178,Cc1c(N)cncc1-c1ccc2cc(NC(=O)C3CC3)ncc2c1,,10.05,1,10.05,10.05,Ki,B,single protein format,single_protein,9,D,2014,
CHEMBL3685179,CHEMBL3685179,Cc1c(O)cncc1-c1ccc2cc(NC(=O)C3CC3)ncc2c1,,10.4,1,10.4,10.4,Ki,B,single protein format,single_protein,9,D,2014,
CHEMBL3685180,CHEMBL3685180,Cc1cc(CO)ncc1-c1ccc2cc(NC(=O)C3CC3)ncc2c1,,10.7,1,10.7,10.7,Ki,B,single protein format,single_protein,9,D,2014,
CHEMBL3685181,CHEMBL3685181,Cc1ccnc(CO)c1-c1ccc2cc(NC(=O)C3CC3)ncc2c1,,10.15,1,10.15,10.15,Ki,B,single protein format,single_protein,9,D,2014,
CHEMBL3685182,CHEMBL3685182,O=C(Nc1cc2ccc(N3CCC(O)C3)cc2cn1)C1CC1,,9.0,1,9.0,9.0,Ki,B,single protein format,single_protein,9,D,2014,
CHEMBL3685183,CHEMBL3685183,NCc1cccc(-c2ccc3cc(NC(=O)C4CC4)ncc3c2)c1,,7.39,1,7.39,7.39,Ki,B,single protein format,single_protein,9,D,2014,
CHEMBL3685184,CHEMBL3685184,Cc1c(CO)cncc1-c1ccc2cc(NC(=O)C3CC3)ncc2c1,,9.7,1,9.7,9.7,Ki,B,single protein format,single_protein,9,D,2014,
CHEMBL3685185,CHEMBL3685185,CC(C)(C)Oc1ccc2cc(NC(=O)C3CC3)ncc2c1,,7.89,1,7.89,7.89,Ki,B,single protein format,single_protein,9,D,2014,
CHEMBL3685186,CHEMBL3685186,Cc1ccc(NC(=O)c2ccc(C(C)N(C)C)cc2)cc1-c1ccc2cc(NC(=O)C3CC3)ncc2c1,,9.52,1,9.52,9.52,Ki,B,single protein format,single_protein,9,D,2014,
CHEMBL3685187,CHEMBL3685187,Cc1ccncc1-c1ccc2cc(Nc3cccc(CO)n3)ncc2c1,,9.7,1,9.7,9.7,Ki,B,single protein format,single_protein,9,D,2014,
CHEMBL3685188,CHEMBL3685188,COC[C@@H](C)Oc1ccc2cc(NC(=O)C3CC3)ncc2c1,,7.57,1,7.57,7.57,Ki,B,single protein format,single_protein,9,D,2014,
CHEMBL3685189,CHEMBL3685189,C[C@H](CCO)Oc1ccc2cc(NC(=O)C3CC3)ncc2c1,,7.64,1,7.64,7.64,Ki,B,single protein format,single_protein,9,D,2014,
CHEMBL3685190,CHEMBL3685190,O=C(Nc1cc2ccc(OC3CCC3)cc2cn1)C1CC1,,8.15,1,8.15,8.15,Ki,B,single protein format,single_protein,9,D,2014,
CHEMBL3685191,CHEMBL3685191,O=C(Nc1cc2ccc(-c3cnccc3CO)cc2cn1)C1CC1,,9.4,1,9.4,9.4,Ki,B,single protein format,single_protein,9,D,2014,
CHEMBL3685192,CHEMBL3685192,C[C@H](CNC(=O)c1ccc(CN2CCN(C)CC2)cc1)Cc1ccc2cc(NC(=O)C3CC3)ncc2c1,,7.84,2,7.38,8.3,Ki,B,single protein format,single_protein,9,D,2014,
CHEMBL3685193,CHEMBL3685193,C[C@@H](CNC(=O)c1ccc(CN2CCN(C)CC2)cc1)Cc1ccc2cc(NC(=O)C3CC3)ncc2c1,,7.84,2,7.38,8.3,Ki,B,single protein format,single_protein,9,D,2014,
CHEMBL3685194,CHEMBL3685194,C[C@@H](CCO)Oc1ccc2cc(NC(=O)C3CC3)ncc2c1,,8.7,1,8.7,8.7,Ki,B,single protein format,single_protein,9,D,2014,
CHEMBL3685195,CHEMBL3685195,O=C(Nc1ccc(Cl)c(-c2ccc3cc(NC(=O)C4CC4)ncc3c2)c1)C1CCOCC1,,8.7,1,8.7,8.7,Ki,B,single protein format,single_protein,9,D,2014,
CHEMBL3685196,CHEMBL3685196,O=C(Nc1ccc(F)c(-c2ccc3cc(NC(=O)C4CC4)ncc3c2)c1)C1CCOCC1,,7.57,1,7.57,7.57,Ki,B,single protein format,single_protein,9,D,2014,
CHEMBL3685197,CHEMBL3685197,Cc1ccccc1-c1ccc2cnc(NC(=O)C3CC3)cc2c1,,8.4,1,8.4,8.4,Ki,B,single protein format,single_protein,9,D,2014,
CHEMBL3685198,CHEMBL3685198,Cc1ccc(NC(=O)[C@H]2CCCO2)cc1-c1ccc2cc(NC(=O)C3CC3)ncc2c1,,9.22,1,9.22,9.22,Ki,B,single protein format,single_protein,9,D,2014,
CHEMBL3685199,CHEMBL3685199,Cc1ccc(NC(=O)[C@@H]2CCCO2)cc1-c1ccc2cc(NC(=O)C3CC3)ncc2c1,,9.4,1,9.4,9.4,Ki,B,single protein format,single_protein,9,D,2014,
CHEMBL3688339,CHEMBL3688339,CC(=O)c1cnc2ccc(-c3cc(Cl)c(O)c(Cl)c3)nc2c1N[C@H]1CC[C@H](CN(C)C)CC1,,6.55,1,6.55,6.55,Kd,B,subcellular format,other,9,D,2017,
CHEMBL3689538,CHEMBL3689538,CN1CCN(Cc2ccc(C(=O)Nc3ccc(F)c(-c4ccc5cc(NC(=O)C6CC6)ncc5c4)c3)cc2)CC1,,9.3,1,9.3,9.3,Ki,B,single protein format,single_protein,9,D,2014,
CHEMBL3689539,CHEMBL3689539,CN1CCN(Cc2ccc(C(=O)Nc3ccc(Cl)c(-c4ccc5cc(NC(=O)C6CC6)ncc5c4)c3)cc2)CC1,,9.4,1,9.4,9.4,Ki,B,single protein format,single_protein,9,D,2014,
CHEMBL3689540,CHEMBL3689540,Cc1ccc(NC(=O)C2CCC2)cc1-c1ccc2cc(NC(=O)C3CC3)ncc2c1,,9.52,1,9.52,9.52,Ki,B,single protein format,single_protein,9,D,2014,
CHEMBL3689541,CHEMBL3689541,C[C@H](CO)Cc1ccc2cc(NC(=O)C3CC3)ncc2c1,,9.15,2,9.0,9.3,Ki,B,single protein format,single_protein,9,D,2014,
CHEMBL3689542,CHEMBL3689542,C[C@@H](CO)Cc1ccc2cc(NC(=O)C3CC3)ncc2c1,,9.15,2,9.0,9.3,Ki,B,single protein format,single_protein,9,D,2014,
CHEMBL3689543,CHEMBL3689543,Cc1ccc(NC(=O)C2CCOC2)cc1-c1ccc2cc(NC(=O)C3CC3)ncc2c1,,9.16,4,9.1,9.22,Ki,B,single protein format,single_protein,9,D,2014,
CHEMBL3689544,CHEMBL3689544,Cc1cc(C(C)(C)O)ncc1-c1ccc2cc(NC(=O)C3CC3)ncc2c1,,10.0,1,10.0,10.0,Ki,B,single protein format,single_protein,9,D,2014,
CHEMBL3689545,CHEMBL3689545,CNC(=O)c1cc(C)c(-c2ccc3cc(NC(=O)C4CC4)ncc3c2)cn1,,8.0,1,8.0,8.0,Ki,B,single protein format,single_protein,9,D,2014,
CHEMBL3689546,CHEMBL3689546,Cc1ccc(NC(=O)N2CCOCC2)cc1-c1ccc2cc(NC(=O)C3CC3)ncc2c1,,9.4,1,9.4,9.4,Ki,B,single protein format,single_protein,9,D,2014,
CHEMBL3689547,CHEMBL3689547,Cc1ccc(NC(=O)C2CN(C)CCO2)cc1-c1ccc2cc(NC(=O)C3CC3)ncc2c1,,9.7,1,9.7,9.7,Ki,B,single protein format,single_protein,9,D,2014,
CHEMBL3689548,CHEMBL3689548,Cc1ccc(NC(=O)N2CCCC2)cc1-c1ccc2cc(NC(=O)C3CC3)ncc2c1,,10.05,1,10.05,10.05,Ki,B,single protein format,single_protein,9,D,2014,
CHEMBL3689549,CHEMBL3689549,Cc1ccc(NC(=O)N2CCOC(CO)C2)cc1-c1ccc2cc(NC(=O)C3CC3)ncc2c1,,9.3,1,9.3,9.3,Ki,B,single protein format,single_protein,9,D,2014,
CHEMBL3689550,CHEMBL3689550,CC(C)Sc1ccc2cc(NC(=O)C3CC3)ncc2c1,,9.0,1,9.0,9.0,Ki,B,single protein format,single_protein,9,D,2014,
CHEMBL3689551,CHEMBL3689551,CC(C)[S+]([O-])c1ccc2cc(NC(=O)C3CC3)ncc2c1,,9.0,1,9.0,9.0,Ki,B,single protein format,single_protein,9,D,2014,
CHEMBL3689552,CHEMBL3689552,CC(C)S(=O)(=O)c1ccc2cc(NC(=O)C3CC3)ncc2c1,,9.0,1,9.0,9.0,Ki,B,single protein format,single_protein,9,D,2014,
CHEMBL3689553,CHEMBL3689553,O=C(Nc1cc2ccc(-c3cnccc3C(F)(F)F)cc2cn1)C1CC1,,9.52,1,9.52,9.52,Ki,B,single protein format,single_protein,9,D,2014,
CHEMBL3689554,CHEMBL3689554,Cc1c(-c2ccc3cc(NC(=O)C4CC4)ncc3c2)cnc(CO)c1F,,10.7,1,10.7,10.7,Ki,B,single protein format,single_protein,9,D,2014,
CHEMBL3689555,CHEMBL3689555,COc1cc(C)c(-c2ccc3cc(NC(=O)C4CC4)ncc3c2)cn1,,8.7,1,8.7,8.7,Ki,B,single protein format,single_protein,9,D,2014,
CHEMBL3689556,CHEMBL3689556,O=C(Nc1cc2ccc(OC3COC[C@@H]3O)cc2cn1)C1CC1,,7.98,2,7.66,8.3,Ki,B,single protein format,single_protein,9,D,2014,
CHEMBL3689557,CHEMBL3689557,O=C(Nc1cc2ccc(OC3COC[C@H]3O)cc2cn1)C1CC1,,7.98,2,7.66,8.3,Ki,B,single protein format,single_protein,9,D,2014,
CHEMBL3689558,CHEMBL3689558,Cc1ccc(NC(=O)c2ccc(C3CCCN3C)cc2)cc1-c1ccc2cc(NC(=O)C3CC3)ncc2c1,,9.52,1,9.52,9.52,Ki,B,single protein format,single_protein,9,D,2014,
CHEMBL3689559,CHEMBL3689559,Cc1ccc(NC(=O)c2ccc(C3CCN(C)C3)cc2)cc1-c1ccc2cc(NC(=O)C3CC3)ncc2c1,,9.15,1,9.15,9.15,Ki,B,single protein format,single_protein,9,D,2014,
CHEMBL3689560,CHEMBL3689560,Cc1nc(N)ncc1-c1ccc2cc(NC(=O)C3CC3)ncc2c1,,8.7,1,8.7,8.7,Ki,B,single protein format,single_protein,9,D,2014,
CHEMBL3689561,CHEMBL3689561,Cc1c(NC(=O)C2CCOCC2)cncc1-c1ccc2cc(NC(=O)C3CC3)ncc2c1,,7.38,1,7.38,7.38,Ki,B,single protein format,single_protein,9,D,2014,
CHEMBL3689562,CHEMBL3689562,Cc1ccncc1-c1ccc2cc(N)ncc2c1,,7.44,1,7.44,7.44,Ki,B,single protein format,single_protein,9,D,2014,
CHEMBL3689563,CHEMBL3689563,CC[C@@H](O)c1cc(C)c(-c2ccc3cc(NC(=O)C4CC4)ncc3c2)cn1,,9.5,2,9.0,10.0,Ki,B,single protein format,single_protein,9,D,2014,
CHEMBL3689564,CHEMBL3689564,CC[C@H](O)c1cc(C)c(-c2ccc3cc(NC(=O)C4CC4)ncc3c2)cn1,,9.5,2,9.0,10.0,Ki,B,single protein format,single_protein,9,D,2014,
CHEMBL3689565,CHEMBL3689565,Cc1ccc(NC(=O)C2COCCO2)cc1-c1ccc2cc(NC(=O)C3CC3)ncc2c1,,9.375,4,9.05,9.7,Ki,B,single protein format,single_protein,9,D,2014,
CHEMBL3689566,CHEMBL3689566,Cc1ncc(N)cc1-c1ccc2cc(NC(=O)C3CC3)ncc2c1,,8.4,1,8.4,8.4,Ki,B,single protein format,single_protein,9,D,2014,
CHEMBL3689567,CHEMBL3689567,Cc1cc([C@@H](C)O)ncc1-c1ccc2cc(NC(=O)C3CC3)ncc2c1,,10.175,2,10.05,10.3,Ki,B,single protein format,single_protein,9,D,2014,
CHEMBL3689568,CHEMBL3689568,Cc1cc([C@H](C)O)ncc1-c1ccc2cc(NC(=O)C3CC3)ncc2c1,,10.175,2,10.05,10.3,Ki,B,single protein format,single_protein,9,D,2014,
CHEMBL3689569,CHEMBL3689569,O=C(Nc1cc2ccc(OC3CCC[C@@H]3O)cc2cn1)C1CC1,,8.4,3,7.4,8.7,Ki,B,single protein format,single_protein,9,D,2014,
CHEMBL3689570,CHEMBL3689570,O=C(Nc1cc2ccc(OC3CCCC[C@H]3O)cc2cn1)C1CC1,,7.715,2,7.38,8.05,Ki,B,single protein format,single_protein,9,D,2014,
CHEMBL3689571,CHEMBL3689571,O=C(Nc1cc2ccc(OC3CCCC[C@@H]3O)cc2cn1)C1CC1,,7.715,2,7.38,8.05,Ki,B,single protein format,single_protein,9,D,2014,
CHEMBL3689572,CHEMBL3689572,Cc1ncc(NC(=O)C2CCOCC2)cc1-c1ccc2cc(NC(=O)C3CC3)ncc2c1,,8.05,1,8.05,8.05,Ki,B,single protein format,single_protein,9,D,2014,
CHEMBL3689573,CHEMBL3689573,O=C(Nc1cc2ccc(NCCO)cc2cn1)C1CC1,,7.77,1,7.77,7.77,Ki,B,single protein format,single_protein,9,D,2014,
CHEMBL3689574,CHEMBL3689574,Cc1ccc2[nH]ncc2c1-c1ccc2cc(NC(=O)C3CC3)ncc2c1,,10.52,1,10.52,10.52,Ki,B,single protein format,single_protein,9,D,2014,
CHEMBL3689575,CHEMBL3689575,Cc1ncc2[nH]ncc2c1-c1ccc2cc(NC(=O)C3CC3)ncc2c1,,10.4,1,10.4,10.4,Ki,B,single protein format,single_protein,9,D,2014,
CHEMBL3689576,CHEMBL3689576,Cc1ccc(NC(=O)c2ccc(CN3CCN(C)CC3)cc2)cc1-c1ccc2cc(N)ncc2c1,,9.4,1,9.4,9.4,Ki,B,single protein format,single_protein,9,D,2014,
CHEMBL3689577,CHEMBL3689577,Cc1ccncc1-c1ccc2cc(NC(=O)[C@H]3C[C@H]3F)ncc2c1,,10.22,1,10.22,10.22,Ki,B,single protein format,single_protein,9,D,2014,
CHEMBL3689578,CHEMBL3689578,Cc1ccncc1-c1ccc2cc(NC(=O)[C@@H]3C[C@@H]3F)ncc2c1,,10.3,1,10.3,10.3,Ki,B,single protein format,single_protein,9,D,2014,
CHEMBL3689579,CHEMBL3689579,Cc1ccncc1-c1ccc2cc(NC(=O)C3C4COCC43)ncc2c1,,9.4,1,9.4,9.4,Ki,B,single protein format,single_protein,9,D,2014,
CHEMBL3689580,CHEMBL3689580,Cc1cnc(F)cc1-c1ccc2cc(NC(=O)C3CC3)ncc2c1,,8.7,1,8.7,8.7,Ki,B,single protein format,single_protein,9,D,2014,
CHEMBL3689581,CHEMBL3689581,Cc1cc(-c2ccc3cc(NC(=O)C4CC4)ncc3c2)c(C)cn1,,7.7,1,7.7,7.7,Ki,B,single protein format,single_protein,9,D,2014,
CHEMBL3689582,CHEMBL3689582,Cc1ccc(C(=O)NC2CCOCC2)cc1-c1ccc2cc(NC(=O)C3CC3)ncc2c1,,9.1,1,9.1,9.1,Ki,B,single protein format,single_protein,9,D,2014,
CHEMBL3689583,CHEMBL3689583,O=C(Nc1cc2ccc(-c3cncc4[nH]ncc34)cc2cn1)C1CC1,,9.0,1,9.0,9.0,Ki,B,single protein format,single_protein,9,D,2014,
CHEMBL3689584,CHEMBL3689584,Cc1ccc(F)cc1-c1ccc2cc(NC(=O)C3CC3c3ccc(CN(C)C)cc3)ncc2c1,,9.7,1,9.7,9.7,Ki,B,single protein format,single_protein,9,D,2014,
CHEMBL3689585,CHEMBL3689585,COCC(=O)Nc1ccc(C)c(-c2ccc3cc(NC(=O)C4CC4)ncc3c2)c1,,8.7,1,8.7,8.7,Ki,B,single protein format,single_protein,9,D,2014,
CHEMBL3689586,CHEMBL3689586,CO[C@H](C)C(=O)Nc1ccc(C)c(-c2ccc3cc(NC(=O)C4CC4)ncc3c2)c1,,8.4,1,8.4,8.4,Ki,B,single protein format,single_protein,9,D,2014,
CHEMBL3689587,CHEMBL3689587,CO[C@@H](C)C(=O)Nc1ccc(C)c(-c2ccc3cc(NC(=O)C4CC4)ncc3c2)c1,,8.7,1,8.7,8.7,Ki,B,single protein format,single_protein,9,D,2014,
CHEMBL3689588,CHEMBL3689588,O=C(Nc1cc2ccc(OC3CCC[C@H]3O)cc2cn1)C1CC1,,8.145,4,7.4,9.7,Ki,B,single protein format,single_protein,9,D,2014,
CHEMBL3689589,CHEMBL3689589,O=C(Nc1cc2ccc(-c3cccc4[nH]cnc34)cc2cn1)C1CC1,,9.0,1,9.0,9.0,Ki,B,single protein format,single_protein,9,D,2014,
CHEMBL3689590,CHEMBL3689590,COC(C)(C)C(=O)Nc1ccc(C)c(-c2ccc3cc(NC(=O)C4CC4)ncc3c2)c1,,8.52,1,8.52,8.52,Ki,B,single protein format,single_protein,9,D,2014,
CHEMBL3689591,CHEMBL3689591,Cc1ccc(C(=O)NC2COC2)cc1-c1ccc2cc(NC(=O)C3CC3)ncc2c1,,9.0,1,9.0,9.0,Ki,B,single protein format,single_protein,9,D,2014,
CHEMBL3689592,CHEMBL3689592,Cc1ncc(NC(=O)c2ccc(CN3CCN(C)CC3)c(C(F)(F)F)c2)cc1-c1ccc2cc(NC(=O)C3CC3)ncc2c1,,9.7,1,9.7,9.7,Ki,B,single protein format,single_protein,9,D,2014,
CHEMBL3689593,CHEMBL3689593,CCS(=O)(=O)Nc1ccc(C)c(-c2ccc3cc(NC(=O)C4CC4)ncc3c2)c1,,8.52,1,8.52,8.52,Ki,B,single protein format,single_protein,9,D,2014,
CHEMBL3689594,CHEMBL3689594,Cc1ccc(NC(=O)C2(O)CCC2)cc1-c1ccc2cc(NC(=O)C3CC3)ncc2c1,,9.52,1,9.52,9.52,Ki,B,single protein format,single_protein,9,D,2014,
CHEMBL3689595,CHEMBL3689595,Cc1ccc(F)cc1-c1ccc2cc(C(=O)NC3CC3)ncc2c1,,7.38,1,7.38,7.38,Ki,B,single protein format,single_protein,9,D,2014,
CHEMBL3689596,CHEMBL3689596,Cc1cc([C@H](O)C(F)(F)F)ncc1-c1ccc2cc(NC(=O)C3CC3)ncc2c1,,10.11,2,9.7,10.52,Ki,B,single protein format,single_protein,9,D,2014,
CHEMBL3689597,CHEMBL3689597,Cc1cc([C@@H](O)C(F)(F)F)ncc1-c1ccc2cc(NC(=O)C3CC3)ncc2c1,,10.11,2,9.7,10.52,Ki,B,single protein format,single_protein,9,D,2014,
CHEMBL3689598,CHEMBL3689598,COc1ccncc1-c1ccc2cc(NC(=O)C3CC3)ncc2c1,,8.7,1,8.7,8.7,Ki,B,single protein format,single_protein,9,D,2014,
CHEMBL3689599,CHEMBL3689599,Cc1ccc(NS(=O)(=O)C2CCCC2)cc1-c1ccc2cc(NC(=O)C3CC3)ncc2c1,,8.0,1,8.0,8.0,Ki,B,single protein format,single_protein,9,D,2014,
CHEMBL3689600,CHEMBL3689600,Cc1ccc(NC(=O)N2CCC2)cc1-c1ccc2cc(NC(=O)C3CC3)ncc2c1,,9.52,1,9.52,9.52,Ki,B,single protein format,single_protein,9,D,2014,
CHEMBL3689601,CHEMBL3689601,Cc1ccc(NC(=O)N2CCS(=O)(=O)CC2)cc1-c1ccc2cc(NC(=O)C3CC3)ncc2c1,,8.7,1,8.7,8.7,Ki,B,single protein format,single_protein,9,D,2014,
CHEMBL3689602,CHEMBL3689602,Cc1ccc(NC(=O)N2CCC[C@@H]2CO)cc1-c1ccc2cc(NC(=O)C3CC3)ncc2c1,,9.7,1,9.7,9.7,Ki,B,single protein format,single_protein,9,D,2014,
CHEMBL3689603,CHEMBL3689603,Cc1ccc(NC(=O)N2CCC[C@H]2CO)cc1-c1ccc2cc(NC(=O)C3CC3)ncc2c1,,9.7,1,9.7,9.7,Ki,B,single protein format,single_protein,9,D,2014,
CHEMBL3689604,CHEMBL3689604,Cc1ccc(NC(=O)N2CC[C@@H](O)C2)cc1-c1ccc2cc(NC(=O)C3CC3)ncc2c1,,9.4,1,9.4,9.4,Ki,B,single protein format,single_protein,9,D,2014,
CHEMBL3689605,CHEMBL3689605,Cc1ccc(NC(=O)N2CC[C@H](O)C2)cc1-c1ccc2cc(NC(=O)C3CC3)ncc2c1,,9.22,1,9.22,9.22,Ki,B,single protein format,single_protein,9,D,2014,
CHEMBL3689606,CHEMBL3689606,Cc1ncc(O)cc1-c1ccc2cc(NC(=O)C3CC3)ncc2c1,,10.0,1,10.0,10.0,Ki,B,single protein format,single_protein,9,D,2014,
CHEMBL3689607,CHEMBL3689607,Cc1ccncc1-c1ccc2cc(NC(=O)C3CC3(F)F)ncc2c1,,9.7,4,9.4,10.0,Ki,B,single protein format,single_protein,9,D,2014,
CHEMBL3689608,CHEMBL3689608,Cc1ccncc1-c1ccc2cc(NC(=O)C3C[C@H]3F)ncc2c1,,10.335,2,10.15,10.52,Ki,B,single protein format,single_protein,9,D,2014,
CHEMBL3689609,CHEMBL3689609,Cc1ccncc1-c1ccc2cc(NC(=O)C3C[C@@H]3F)ncc2c1,,10.335,2,10.15,10.52,Ki,B,single protein format,single_protein,9,D,2014,
CHEMBL3689610,CHEMBL3689610,Cc1ccc(C(=O)NC2(C)CCC2)cc1-c1ccc2cc(NC(=O)C3CC3)ncc2c1,,9.52,1,9.52,9.52,Ki,B,single protein format,single_protein,9,D,2014,
CHEMBL3689611,CHEMBL3689611,Cc1ccc(C(=O)NC2(C)CCS(=O)(=O)C2)cc1-c1ccc2cc(NC(=O)C3CC3)ncc2c1,,9.0,1,9.0,9.0,Ki,B,single protein format,single_protein,9,D,2014,
CHEMBL3689612,CHEMBL3689612,Cc1ccc(C(=O)NC2CCCC2)cc1-c1ccc2cc(NC(=O)C3CC3)ncc2c1,,9.3,1,9.3,9.3,Ki,B,single protein format,single_protein,9,D,2014,
CHEMBL3689613,CHEMBL3689613,Cc1ccc(C(=O)NC2CCOC2)cc1-c1ccc2cc(NC(=O)C3CC3)ncc2c1,,8.785,4,8.52,9.05,Ki,B,single protein format,single_protein,9,D,2014,
CHEMBL3689614,CHEMBL3689614,COCCNC(=O)c1ccc(C)c(-c2ccc3cc(NC(=O)C4CC4)ncc3c2)c1,,9.0,1,9.0,9.0,Ki,B,single protein format,single_protein,9,D,2014,
CHEMBL3689615,CHEMBL3689615,Cc1ccc(C(=O)NC(C)(C)CO)cc1-c1ccc2cc(NC(=O)C3CC3)ncc2c1,,7.96,1,7.96,7.96,Ki,B,single protein format,single_protein,9,D,2014,
CHEMBL3689616,CHEMBL3689616,Cc1ccc(C(=O)Nc2cnn(C)c2)cc1-c1ccc2cc(NC(=O)C3CC3)ncc2c1,,9.22,1,9.22,9.22,Ki,B,single protein format,single_protein,9,D,2014,
CHEMBL3689617,CHEMBL3689617,Cc1ccc(C(=O)N2CCOCC2)cc1-c1ccc2cc(NC(=O)C3CC3)ncc2c1,,7.4,1,7.4,7.4,Ki,B,single protein format,single_protein,9,D,2014,
CHEMBL3689618,CHEMBL3689618,Cc1cncc(C)c1-c1ccc2cc(NC(=O)C3CC3)ncc2c1,,9.0,1,9.0,9.0,Ki,B,single protein format,single_protein,9,D,2014,
CHEMBL3689619,CHEMBL3689619,Cc1ccncc1-c1ccc2c(C#N)c(N)ncc2c1,,8.3,1,8.3,8.3,Ki,B,single protein format,single_protein,9,D,2014,
CHEMBL3689620,CHEMBL3689620,Cc1ccncc1-c1ccc2c(C#N)c(NC(=O)C3CC3)ncc2c1,,9.15,1,9.15,9.15,Ki,B,single protein format,single_protein,9,D,2014,
CHEMBL3689621,CHEMBL3689621,Cc1cc(C(=O)O)ncc1-c1ccc2cc(NC(=O)C3CC3)ncc2c1,,8.52,1,8.52,8.52,Ki,B,single protein format,single_protein,9,D,2014,
CHEMBL3689622,CHEMBL3689622,Cc1ccc(F)cc1-c1ccc2cc(C(=O)NC3CCC3)ncc2c1,,7.38,1,7.38,7.38,Ki,B,single protein format,single_protein,9,D,2014,
CHEMBL3689623,CHEMBL3689623,Cc1c(F)cc(C(=O)NC2COC2)cc1-c1ccc2cc(NC(=O)C3CC3)ncc2c1,,9.0,1,9.0,9.0,Ki,B,single protein format,single_protein,9,D,2014,
CHEMBL3689624,CHEMBL3689624,Cc1ccc(C(=O)NC2COC2)c(F)c1-c1ccc2cc(NC(=O)C3CC3)ncc2c1,,9.0,1,9.0,9.0,Ki,B,single protein format,single_protein,9,D,2014,
CHEMBL3689625,CHEMBL3689625,Cc1ccc(C(=O)NC2CCOCC2)c(F)c1-c1ccc2cc(NC(=O)C3CC3)ncc2c1,,9.0,1,9.0,9.0,Ki,B,single protein format,single_protein,9,D,2014,
CHEMBL3689626,CHEMBL3689626,Cc1c(F)cc(NC(=O)C2CCC2)cc1-c1ccc2cc(NC(=O)C3CC3)ncc2c1,,8.7,1,8.7,8.7,Ki,B,single protein format,single_protein,9,D,2014,
CHEMBL3689627,CHEMBL3689627,Cc1cc(C(C)(C)O)ccc1-c1ccc2cc(NC(=O)C3CC3)ncc2c1,,8.15,1,8.15,8.15,Ki,B,single protein format,single_protein,9,D,2014,
CHEMBL3689628,CHEMBL3689628,Cc1ccc(NC(=O)C2CCC2)c(F)c1-c1ccc2cc(NC(=O)C3CC3)ncc2c1,,9.7,1,9.7,9.7,Ki,B,single protein format,single_protein,9,D,2014,
CHEMBL3689629,CHEMBL3689629,Cc1ccc(C(=O)NC2(C)COC2)cc1-c1ccc2cc(NC(=O)C3CC3)ncc2c1,,8.7,1,8.7,8.7,Ki,B,single protein format,single_protein,9,D,2014,
CHEMBL3689630,CHEMBL3689630,Cc1ccc(C(=O)NC2(C)COC2)cc1-c1ccc2cc(NC(=O)[C@@H]3C[C@@H]3F)ncc2c1,,8.0,1,8.0,8.0,Ki,B,single protein format,single_protein,9,D,2014,
CHEMBL3689631,CHEMBL3689631,Cc1cc([C@H](O)C(F)(F)F)ncc1-c1ccc2cc(NC(=O)C3C[C@@H]3F)ncc2c1,,10.7,1,10.7,10.7,Ki,B,single protein format,single_protein,9,D,2014,
CHEMBL3689632,CHEMBL3689632,Cc1cc([C@@H](O)C(F)(F)F)ncc1-c1ccc2cc(NC(=O)C3C[C@@H]3F)ncc2c1,,10.0,1,10.0,10.0,Ki,B,single protein format,single_protein,9,D,2014,
CHEMBL3689633,CHEMBL3689633,CNC(=O)Nc1cc2ccc(-c3cnccc3C)cc2cn1,,10.0,1,10.0,10.0,Ki,B,single protein format,single_protein,9,D,2014,
CHEMBL3689634,CHEMBL3689634,O=C(Nc1cc2cnc(-c3cc(F)ccc3Cl)cc2cn1)C1CC1,,9.4,1,9.4,9.4,Ki,B,single protein format,single_protein,9,D,2014,
CHEMBL3689635,CHEMBL3689635,O=C(Nc1cc2c(Cl)nc(-c3ccccc3Cl)cc2cn1)C1CC1,,9.1,1,9.1,9.1,Ki,B,single protein format,single_protein,9,D,2014,
CHEMBL3689636,CHEMBL3689636,Cc1nc(-c2ccccc2Cl)cc2cnc(NC(=O)C3CC3)cc12,,10.0,1,10.0,10.0,Ki,B,single protein format,single_protein,9,D,2014,
CHEMBL3689637,CHEMBL3689637,O=C(Nc1cc2cnc(-c3ccccc3Cl)cc2cn1)C1CC1,,9.52,1,9.52,9.52,Ki,B,single protein format,single_protein,9,D,2014,
CHEMBL3689638,CHEMBL3689638,O=C(Nc1cc2cnc(-c3ccccc3Cl)c(O)c2cn1)C1CC1,,7.7,1,7.7,7.7,Ki,B,single protein format,single_protein,9,D,2014,
CHEMBL3689639,CHEMBL3689639,O=C(Nc1cc2c(=O)[nH]c(-c3ccccc3Cl)cc2cn1)C1CC1,,8.3,1,8.3,8.3,Ki,B,single protein format,single_protein,9,D,2014,
CHEMBL3689640,CHEMBL3689640,O=C(Nc1cc2c[n+]([O-])c(-c3ccccc3Cl)cc2cn1)C1CC1,,9.1,1,9.1,9.1,Ki,B,single protein format,single_protein,9,D,2014,
CHEMBL3689641,CHEMBL3689641,COc1nc(-c2ccccc2Cl)cc2cnc(NC(=O)C3CC3)cc12,,8.7,1,8.7,8.7,Ki,B,single protein format,single_protein,9,D,2014,
CHEMBL3689642,CHEMBL3689642,CCc1nc(-c2ccccc2Cl)cc2cnc(NC(=O)C3CC3)cc12,,9.52,1,9.52,9.52,Ki,B,single protein format,single_protein,9,D,2014,
CHEMBL3689643,CHEMBL3689643,O=C(Nc1cc2c(C3CC3)nc(-c3ccccc3Cl)cc2cn1)C1CC1,,8.7,1,8.7,8.7,Ki,B,single protein format,single_protein,9,D,2014,
CHEMBL3689644,CHEMBL3689644,O=C(Nc1cc2cnc(C3CCCCC3)cc2cn1)C1CC1,,8.7,1,8.7,8.7,Ki,B,single protein format,single_protein,9,D,2014,
CHEMBL3689645,CHEMBL3689645,Cc1ccncc1-c1cc2cnc(NC(=O)C3CC3)cc2cn1,,9.52,1,9.52,9.52,Ki,B,single protein format,single_protein,9,D,2014,
CHEMBL3689646,CHEMBL3689646,Cc1ccc(F)cc1-c1cc2cnc(NC(=O)C3CC3)cc2cn1,,10.0,1,10.0,10.0,Ki,B,single protein format,single_protein,9,D,2014,
CHEMBL3689647,CHEMBL3689647,Cc1ccc(F)cc1-c1cc2cnc(NC(=O)C3CC3)cc2c(C)[n+]1[O-],,9.52,1,9.52,9.52,Ki,B,single protein format,single_protein,9,D,2014,
CHEMBL3689648,CHEMBL3689648,Cc1ccc(F)cc1-c1cc2cnc(NC(=O)C3CC3)cc2c[n+]1[O-],,9.4,1,9.4,9.4,Ki,B,single protein format,single_protein,9,D,2014,
CHEMBL3689649,CHEMBL3689649,Cc1ccc(F)cc1-c1cc2cnc(NC(=O)C3CC3)cc2c(C)n1,,10.1,1,10.1,10.1,Ki,B,single protein format,single_protein,9,D,2014,
CHEMBL3689650,CHEMBL3689650,Cc1ccc(F)cc1-c1cc2cnc(NC(=O)C3CC3)cc2c(C#N)n1,,9.0,1,9.0,9.0,Ki,B,single protein format,single_protein,9,D,2014,
CHEMBL3689651,CHEMBL3689651,Cc1ccc(F)cc1-c1cc2cnc(NC(=O)C3CC3)cc2c(N2CCCCC2)n1,,8.52,1,8.52,8.52,Ki,B,single protein format,single_protein,9,D,2014,
CHEMBL3689652,CHEMBL3689652,Cc1ccc(F)cc1-c1cc2cnc(NC(=O)C3CC3)cc2c(OC2CCCC2)n1,,8.4,1,8.4,8.4,Ki,B,single protein format,single_protein,9,D,2014,
CHEMBL3689653,CHEMBL3689653,Cc1ccc(F)cc1-c1cc2cnc(NC(=O)C3CC3)cc2c(CO)n1,,9.7,1,9.7,9.7,Ki,B,single protein format,single_protein,9,D,2014,
CHEMBL3689654,CHEMBL3689654,Cc1ccc(F)cc1-c1cc2cnc(NC(=O)C3CC3)cc2c(Oc2ccccc2)n1,,7.92,1,7.92,7.92,Ki,B,single protein format,single_protein,9,D,2014,
CHEMBL3689655,CHEMBL3689655,Cc1ccc(F)cc1-c1cc2cnc(NC(=O)C3CC3)cc2c(-c2cccnc2)n1,,9.7,1,9.7,9.7,Ki,B,single protein format,single_protein,9,D,2014,
CHEMBL3689656,CHEMBL3689656,Cc1ccc(F)cc1-c1cc2cnc(NC(=O)C3CC3)cc2c(Nc2ccccc2)n1,,7.96,1,7.96,7.96,Ki,B,single protein format,single_protein,9,D,2014,
CHEMBL3689657,CHEMBL3689657,Cc1ccc(F)cc1-c1cc2cnc(NC(=O)C3CC3)cc2c(NC2CCCC2)n1,,8.3,1,8.3,8.3,Ki,B,single protein format,single_protein,9,D,2014,
CHEMBL3689658,CHEMBL3689658,Cc1ccc(F)cc1-c1cc2cnc(NC(=O)C3CC3)cc2c(CF)n1,,9.7,1,9.7,9.7,Ki,B,single protein format,single_protein,9,D,2014,
CHEMBL3689659,CHEMBL3689659,Cc1ccc(F)cc1-c1cc2cnc(NC(=O)C3CC3)cc2c(-c2ccnn2C)n1,,9.52,1,9.52,9.52,Ki,B,single protein format,single_protein,9,D,2014,
CHEMBL3689660,CHEMBL3689660,Cc1ccc(F)cc1-c1cc2cnc(NC(=O)C3CC3)cc2c(S(C)(=O)=O)n1,,9.52,1,9.52,9.52,Ki,B,single protein format,single_protein,9,D,2014,
CHEMBL3689661,CHEMBL3689661,Cc1ccc(F)cc1-c1cc2cnc(NC(=O)C3CC3)cc2c(-c2ccccc2)n1,,9.4,1,9.4,9.4,Ki,B,single protein format,single_protein,9,D,2014,
CHEMBL3689662,CHEMBL3689662,Cc1nc(C)c(-c2nc(-c3cc(F)ccc3C)cc3cnc(NC(=O)C4CC4)cc23)s1,,9.52,1,9.52,9.52,Ki,B,single protein format,single_protein,9,D,2014,
CHEMBL3689663,CHEMBL3689663,Cc1ccc(F)cc1-c1cc2cnc(NC(=O)C3CC3)cc2c(-c2cnccc2C)n1,,9.0,1,9.0,9.0,Ki,B,single protein format,single_protein,9,D,2014,
CHEMBL3689664,CHEMBL3689664,Cc1ccc(F)cc1-c1cc2cnc(NC(=O)C3CC3)cc2c(-c2ccncc2)n1,,8.795,2,7.89,9.7,Ki,B,single protein format,single_protein,9,D,2014,
CHEMBL3689665,CHEMBL3689665,Cc1ccc(F)cc1-c1cc2cnc(NC(=O)C3CC3)cc2c(-c2cc[nH]n2)n1,,9.7,1,9.7,9.7,Ki,B,single protein format,single_protein,9,D,2014,
CHEMBL3689666,CHEMBL3689666,Cc1ccc(F)cc1-c1cc2cnc(NC(=O)C3CC3)cc2c(-c2cnn(C)c2)n1,,10.0,1,10.0,10.0,Ki,B,single protein format,single_protein,9,D,2014,
CHEMBL3689667,CHEMBL3689667,Cc1ccc(F)cc1-c1cc2cnc(NC(=O)C3CC3)cc2c(-c2cn[nH]c2)n1,,10.0,1,10.0,10.0,Ki,B,single protein format,single_protein,9,D,2014,
CHEMBL3689668,CHEMBL3689668,Cc1ccc(F)cc1-c1cc2cnc(NC(=O)C3CC3)cc2c(C(C)(C)O)n1,,9.7,1,9.7,9.7,Ki,B,single protein format,single_protein,9,D,2014,
CHEMBL3689669,CHEMBL3689669,Cc1c2cc(NC(=O)C3CC3)ncc2cc(-c2ccccc2Cl)[n+]1[O-],,9.0,1,9.0,9.0,Ki,B,single protein format,single_protein,9,D,2014,
CHEMBL3689670,CHEMBL3689670,Cc1ccc(CO)cc1-c1cc2cnc(NC(=O)C3CC3)cc2cn1,,10.0,1,10.0,10.0,Ki,B,single protein format,single_protein,9,D,2014,
CHEMBL3689671,CHEMBL3689671,Cc1ccc(F)cc1-c1cc2cnc(NC(=O)C3CC3)cc2c(OC2CCNCC2)n1,,9.15,1,9.15,9.15,Ki,B,single protein format,single_protein,9,D,2014,
CHEMBL3689672,CHEMBL3689672,Cc1ccc(F)cc1-c1cc2cnc(NC(=O)C3CC3)cc2c(CN(C)C)n1,,8.0,1,8.0,8.0,Ki,B,single protein format,single_protein,9,D,2014,
CHEMBL3689673,CHEMBL3689673,Cc1ccc(F)cc1-c1cc2cnc(NC(=O)C3CC3)cc2c(N2CCNCC2)n1,,9.0,1,9.0,9.0,Ki,B,single protein format,single_protein,9,D,2014,
CHEMBL3689674,CHEMBL3689674,CNCc1nc(-c2cc(F)ccc2C)cc2cnc(NC(=O)C3CC3)cc12,,8.3,1,8.3,8.3,Ki,B,single protein format,single_protein,9,D,2014,
CHEMBL3689675,CHEMBL3689675,Cc1ccc(F)cc1-c1cc2cnc(NC(=O)C3CC3)cc2c(OC2CCNC2)n1,,8.7,1,8.7,8.7,Ki,B,single protein format,single_protein,9,D,2014,
CHEMBL3689676,CHEMBL3689676,Cc1ccc(F)cc1-c1cc2cnc(NC(=O)C3CC3)cc2c(C2CCOC2)n1,,9.4,1,9.4,9.4,Ki,B,single protein format,single_protein,9,D,2014,
CHEMBL3689677,CHEMBL3689677,Cc1ccncc1-c1cc2cnc(NC(=O)[C@@H]3C[C@@H]3F)cc2cn1,,9.4,1,9.4,9.4,Ki,B,single protein format,single_protein,9,D,2014,
CHEMBL3689678,CHEMBL3689678,Cc1ccc2[nH]ncc2c1-c1cc2cnc(NC(=O)[C@@H]3C[C@@H]3F)cc2cn1,,10.7,1,10.7,10.7,Ki,B,single protein format,single_protein,9,D,2014,
CHEMBL3689679,CHEMBL3689679,Cc1ccc(C(=O)NC2(C)COC2)cc1-c1cc2cnc(NC(=O)[C@@H]3C[C@@H]3F)cc2cn1,,7.38,1,7.38,7.38,Ki,B,single protein format,single_protein,9,D,2014,
CHEMBL3689680,CHEMBL3689680,O=C(Nc1cc2ncc(-c3cc(F)ccc3Cl)cc2cn1)C1CC1,,9.52,1,9.52,9.52,Ki,B,single protein format,single_protein,9,D,2014,
CHEMBL3689681,CHEMBL3689681,CCc1nc2cc(NC(=O)C3CC3)ncc2cc1-c1ccccc1Cl,,7.96,1,7.96,7.96,Ki,B,single protein format,single_protein,9,D,2014,
CHEMBL3689682,CHEMBL3689682,O=C(Nc1cc2ccc(-c3c(Cl)cccc3Cl)nc2cn1)C1CC1,,7.82,1,7.82,7.82,Ki,B,single protein format,single_protein,9,D,2014,
CHEMBL3689683,CHEMBL3689683,OCc1cccc(Nc2cc3ccc(-c4ccccc4Cl)nc3cn2)c1,,6.67,1,6.67,6.67,Ki,B,single protein format,single_protein,9,D,2014,
CHEMBL3689684,CHEMBL3689684,O=C(Nc1cc2ccc(-c3ccccc3Cl)nc2cn1)C1CC1,,8.52,1,8.52,8.52,Ki,B,single protein format,single_protein,9,D,2014,
CHEMBL3689685,CHEMBL3689685,Cc1cc2cc(NC(=O)C3CC3)ncc2nc1-c1cc(F)ccc1Cl,,7.77,1,7.77,7.77,Ki,B,single protein format,single_protein,9,D,2014,
CHEMBL3689686,CHEMBL3689686,Cc1ccc(F)cc1-c1cc(C)c2cc(NC(=O)C3CC3)ncc2n1,,7.72,1,7.72,7.72,Ki,B,single protein format,single_protein,9,D,2014,
CHEMBL3689687,CHEMBL3689687,Cc1ccc(F)cc1-c1cc(O)c2cc(NC(=O)C3CC3)ncc2n1,,8.1,1,8.1,8.1,Ki,B,single protein format,single_protein,9,D,2014,
CHEMBL3689688,CHEMBL3689688,O=C(Nc1cc2ccc(C3(O)CCCCC3)nc2cn1)C1CC1,,7.89,1,7.89,7.89,Ki,B,single protein format,single_protein,9,D,2014,
CHEMBL3689689,CHEMBL3689689,O=C(Nc1cc2c(O)cc(-c3ccccc3Cl)nc2cn1)C1CC1,,8.22,1,8.22,8.22,Ki,B,single protein format,single_protein,9,D,2014,
CHEMBL3689690,CHEMBL3689690,O=C(Nc1cc2ccc(C3(O)CCCC3)nc2cn1)C1CC1,,8.15,1,8.15,8.15,Ki,B,single protein format,single_protein,9,D,2014,
CHEMBL3689691,CHEMBL3689691,Cc1nc(Cl)ncc1-c1ccc2cc(NC(=O)C3CC3)ncc2c1,,9.1,1,9.1,9.1,Ki,B,single protein format,single_protein,9,D,2014,
CHEMBL3689692,CHEMBL3689692,Cc1ccncc1-c1ccc2cc(NC(=O)C3CCO3)ncc2c1,,8.715,4,8.51,8.92,Ki,B,single protein format,single_protein,9,D,2014,
CHEMBL3689693,CHEMBL3689693,O=C(Nc1cc2ccc(Br)cc2cn1)C1CC1,,7.6,1,7.6,7.6,Ki,B,single protein format,single_protein,9,D,2014,
CHEMBL3689694,CHEMBL3689694,O=C(Nc1cc2ccc(-c3c(F)cc(F)cc3Cl)cc2cn1)C1CC1,,9.63,1,9.63,9.63,Ki,B,single protein format,single_protein,9,D,2014,
CHEMBL3689695,CHEMBL3689695,O=C(Nc1cc2ccc(-c3c(F)ccc(F)c3Cl)cc2cn1)C1CC1,,9.79,1,9.79,9.79,Ki,B,single protein format,single_protein,9,D,2014,
CHEMBL3689696,CHEMBL3689696,Cc1cccc(F)c1-c1ccc2cc(NC(=O)C3CC3)ncc2c1,,10.15,1,10.15,10.15,Ki,B,single protein format,single_protein,9,D,2014,
CHEMBL3689697,CHEMBL3689697,Cc1cccc(Cl)c1-c1ccc2cc(NC(=O)C3CC3)ncc2c1,,9.8,1,9.8,9.8,Ki,B,single protein format,single_protein,9,D,2014,
CHEMBL3689698,CHEMBL3689698,O=C(Nc1cc2ccc(-c3cc(F)ccc3F)cc2cn1)C1CC1,,9.46,1,9.46,9.46,Ki,B,single protein format,single_protein,9,D,2014,
CHEMBL3689699,CHEMBL3689699,O=C(Nc1cc2ccc(-c3c(F)cccc3F)cc2cn1)C1CC1,,9.76,1,9.76,9.76,Ki,B,single protein format,single_protein,9,D,2014,
CHEMBL3689700,CHEMBL3689700,Cc1ccc(F)cc1-c1ccc2cc(NC(=O)C3CC3)ncc2c1,,9.94,1,9.94,9.94,Ki,B,single protein format,single_protein,9,D,2014,
CHEMBL3689701,CHEMBL3689701,Cc1ccc(Cl)cc1-c1ccc2cc(NC(=O)C3CC3)ncc2c1,,9.17,1,9.17,9.17,Ki,B,single protein format,single_protein,9,D,2014,
CHEMBL3689702,CHEMBL3689702,O=C(Nc1cc2ccc(-c3ccncc3Cl)cc2cn1)C1CC1,,8.86,1,8.86,8.86,Ki,B,single protein format,single_protein,9,D,2014,
CHEMBL3689703,CHEMBL3689703,O=C(Nc1cc2ccc(-c3ccncc3)cc2cn1)C1CC1,,8.25,1,8.25,8.25,Ki,B,single protein format,single_protein,9,D,2014,
CHEMBL3689704,CHEMBL3689704,O=C(Nc1cc2ccc(-c3cccnc3)cc2cn1)C1CC1,,9.15,1,9.15,9.15,Ki,B,single protein format,single_protein,9,D,2014,
CHEMBL3689705,CHEMBL3689705,O=C(Nc1cc2ccc(-c3c(Cl)cccc3C(F)(F)F)cc2cn1)C1CC1,,7.71,1,7.71,7.71,Ki,B,single protein format,single_protein,9,D,2014,
CHEMBL3689706,CHEMBL3689706,N#Cc1ccccc1-c1ccc2cc(NC(=O)C3CC3)ncc2c1,,9.76,1,9.76,9.76,Ki,B,single protein format,single_protein,9,D,2014,
CHEMBL3689707,CHEMBL3689707,O=C(Nc1cc2ccc(-c3ccccc3Cl)cc2cn1)C1CC1,,9.51,1,9.51,9.51,Ki,B,single protein format,single_protein,9,D,2014,
CHEMBL3689708,CHEMBL3689708,O=C(Nc1cc2ccc(-c3ccccc3F)cc2cn1)C1CC1,,9.26,1,9.26,9.26,Ki,B,single protein format,single_protein,9,D,2014,
CHEMBL3689709,CHEMBL3689709,CN1CCN(c2nccc(Nc3cc4ccc(-c5c(Cl)cccc5Cl)cc4cn3)n2)CC1,,8.62,1,8.62,8.62,Ki,B,single protein format,single_protein,9,D,2014,
CHEMBL3689710,CHEMBL3689710,Clc1cccc(Cl)c1-c1ccc2cc(Nc3ccnc(N4CCOCC4)n3)ncc2c1,,8.99,1,8.99,8.99,Ki,B,single protein format,single_protein,9,D,2014,
CHEMBL3689711,CHEMBL3689711,CCc1cc(Nc2cc3ccc(-c4c(Cl)cccc4Cl)cc3cn2)nc(N2CCOCC2)n1,,8.3,1,8.3,8.3,Ki,B,single protein format,single_protein,9,D,2014,
CHEMBL3689712,CHEMBL3689712,CCCS(=O)(=O)Nc1ccc(F)c(-c2ccc3cc(NC(C)=O)ncc3c2)c1F,,7.66,1,7.66,7.66,Ki,B,single protein format,single_protein,9,D,2014,
CHEMBL3689713,CHEMBL3689713,Cc1c(-c2ccc3cc(NC(=O)C4C[C@@H]4F)ncc3c2)cnc([C@@H](O)C(F)(F)F)c1Cl,,9.39,2,8.7,10.08,Ki,B,single protein format,single_protein,9,D,2014,
CHEMBL3689714,CHEMBL3689714,Cc1c(-c2ccc3cc(NC(=O)C4C[C@@H]4F)ncc3c2)cnc([C@H](O)C(F)(F)F)c1Cl,,9.39,2,8.7,10.08,Ki,B,single protein format,single_protein,9,D,2014,
CHEMBL3689715,CHEMBL3689715,Cc1ccncc1-c1cc2cnc(NC(=O)C3CC3F)cc2cn1,,9.28,4,9.2,9.36,Ki,B,single protein format,single_protein,9,D,2014,
CHEMBL3689716,CHEMBL3689716,CC1CC(C)N1c1ccc2cc(NC(=O)C3CC3F)ncc2c1,,7.38,1,7.38,7.38,Ki,B,single protein format,single_protein,9,D,2014,
CHEMBL3689717,CHEMBL3689717,Cc1c(F)cncc1-c1cc2cnc(NC(=O)C3CC3F)cc2c[n+]1[O-],,8.98,1,8.98,8.98,Ki,B,single protein format,single_protein,9,D,2014,
CHEMBL3689718,CHEMBL3689718,Cc1c(F)cncc1-c1cc2cnc(NC(=O)[C@@H]3C[C@@H]3F)cc2cn1,,9.78,1,9.78,9.78,Ki,B,single protein format,single_protein,9,D,2014,
CHEMBL3689719,CHEMBL3689719,O=C(Nc1cc2ccc(-c3cccc4[nH]nnc34)cc2cn1)C1CC1,,10.14,1,10.14,10.14,Ki,B,single protein format,single_protein,9,D,2014,
CHEMBL3689720,CHEMBL3689720,O=C(Nc1cc2ccc(-c3cc(F)cc4[nH]ncc34)cc2cn1)C1CC1,,9.8,1,9.8,9.8,Ki,B,single protein format,single_protein,9,D,2014,
CHEMBL3689721,CHEMBL3689721,Cc1c(-c2ccc3cc(NC(=O)[C@@H]4C[C@@H]4F)ncc3c2)cnc(C(C)(C)O)c1F,,9.57,1,9.57,9.57,Ki,B,single protein format,single_protein,9,D,2014,
CHEMBL3689722,CHEMBL3689722,Cc1c(F)cncc1-c1ccc2cc(NC(=O)[C@@H]3C[C@@H]3F)ncc2c1,,10.73,1,10.73,10.73,Ki,B,single protein format,single_protein,9,D,2014,
CHEMBL3689723,CHEMBL3689723,Cc1ccc[n+]([O-])c1-c1ccc2cc(NC(=O)C3CC3)ncc2c1,,10.05,1,10.05,10.05,Ki,B,single protein format,single_protein,9,D,2014,
CHEMBL3689724,CHEMBL3689724,Cc1cc([S+](C)[O-])ncc1-c1ccc2cc(NC(=O)C3CC3F)ncc2c1,,7.6,1,7.6,7.6,Ki,B,single protein format,single_protein,9,D,2014,
CHEMBL3689725,CHEMBL3689725,Cc1cc([C@@H](N)C(F)(F)F)ncc1-c1ccc2cc(NC(=O)C3C[C@@H]3F)ncc2c1,,8.379999999999999,2,8.0,8.76,Ki,B,single protein format,single_protein,9,D,2014,
CHEMBL3689726,CHEMBL3689726,Cc1cc([C@H](N)C(F)(F)F)ncc1-c1ccc2cc(NC(=O)C3C[C@@H]3F)ncc2c1,,8.379999999999999,2,8.0,8.76,Ki,B,single protein format,single_protein,9,D,2014,
CHEMBL3689727,CHEMBL3689727,CCO[C@@H]1CC1C(=O)Nc1cc2ccc(-c3cnccc3C)cc2cn1,,9.35,2,9.35,9.35,Ki,B,single protein format,single_protein,9,D,2014,
CHEMBL3689728,CHEMBL3689728,CCO[C@H]1CC1C(=O)Nc1cc2ccc(-c3cnccc3C)cc2cn1,,9.35,2,9.35,9.35,Ki,B,single protein format,single_protein,9,D,2014,
CHEMBL3689729,CHEMBL3689729,Cc1ccnc([C@@H](C)O)c1-c1ccc2cc(NC(=O)C3C[C@@H]3F)ncc2c1,,9.355,2,9.1,9.61,Ki,B,single protein format,single_protein,9,D,2014,
CHEMBL3689730,CHEMBL3689730,Cc1ccnc([C@@H](O)C(F)(F)F)c1-c1ccc2cc(NC(=O)C3C[C@@H]3F)ncc2c1,,9.49,2,9.4,9.58,Ki,B,single protein format,single_protein,9,D,2014,
CHEMBL3689731,CHEMBL3689731,Cc1ccnc([C@H](O)C(F)(F)F)c1-c1ccc2cc(NC(=O)C3C[C@@H]3F)ncc2c1,,9.49,2,9.4,9.58,Ki,B,single protein format,single_protein,9,D,2014,
CHEMBL3689732,CHEMBL3689732,Cc1ccnc([C@H](C)O)c1-c1ccc2cc(NC(=O)C3C[C@@H]3F)ncc2c1,,9.355,2,9.1,9.61,Ki,B,single protein format,single_protein,9,D,2014,
CHEMBL3689733,CHEMBL3689733,Cc1cc([C@H](O)C(F)(F)F)ncc1-c1ccc2cc(NC(=O)C(C)C)ncc2c1,,7.92,2,7.38,8.46,Ki,B,single protein format,single_protein,9,D,2014,
CHEMBL3689734,CHEMBL3689734,Cc1cc([C@@H](O)C(F)(F)F)ncc1-c1ccc2cc(NC(=O)C(C)C)ncc2c1,,7.92,2,7.38,8.46,Ki,B,single protein format,single_protein,9,D,2014,
CHEMBL3689735,CHEMBL3689735,Cc1cc(C(O)C(F)F)ncc1-c1ccc2cc(NC(=O)C3C[C@@H]3F)ncc2c1,,7.47,1,7.47,7.47,Ki,B,single protein format,single_protein,9,D,2014,
CHEMBL3689736,CHEMBL3689736,C[C@@H]1CCC(=O)N1c1ccc2cc(NC(=O)C3C[C@@H]3F)ncc2c1,,9.285,2,8.47,10.1,Ki,B,single protein format,single_protein,9,D,2014,
CHEMBL3689737,CHEMBL3689737,C[C@H]1CCC(=O)N1c1ccc2cc(NC(=O)C3C[C@@H]3F)ncc2c1,,9.285,2,8.47,10.1,Ki,B,single protein format,single_protein,9,D,2014,
CHEMBL3689738,CHEMBL3689738,Cc1ccc(C(=O)NC2CC(F)(F)C2)cc1-c1ccc2cc(NC(=O)C3CC3)ncc2c1,,9.15,1,9.15,9.15,Ki,B,single protein format,single_protein,9,D,2014,
CHEMBL3689739,CHEMBL3689739,Cc1cc(C(C)(C)O)ncc1-c1ccc2cc(NC(=O)[C@@H]3C[C@@H]3F)ncc2c1,,8.68,1,8.68,8.68,Ki,B,single protein format,single_protein,9,D,2014,
CHEMBL3689740,CHEMBL3689740,Cc1cc(C(C)(C)O)ncc1-c1cc2cnc(NC(=O)[C@@H]3C[C@@H]3F)cc2cn1,,9.66,1,9.66,9.66,Ki,B,single protein format,single_protein,9,D,2014,
CHEMBL3689741,CHEMBL3689741,Cc1cc([C@H](O)C(F)(F)F)ncc1-c1cc2cnc(NC(=O)C3C[C@@H]3F)cc2cn1,,8.59,1,8.59,8.59,Ki,B,single protein format,single_protein,9,D,2014,
CHEMBL3689742,CHEMBL3689742,Cc1cc([C@@H](O)C(F)(F)F)ncc1-c1cc2cnc(NC(=O)C3C[C@@H]3F)cc2cn1,,8.77,1,8.77,8.77,Ki,B,single protein format,single_protein,9,D,2014,
CHEMBL3689743,CHEMBL3689743,Cc1cc[n+]([O-])cc1-c1ccc2cc(NC(=O)C3CC3)ncc2c1,,9.78,1,9.78,9.78,Ki,B,single protein format,single_protein,9,D,2014,
CHEMBL3689744,CHEMBL3689744,Cc1ccncc1-c1cc2c[n+]([O-])c(NC(=O)[C@@H]3C[C@@H]3F)cc2cn1,,7.38,1,7.38,7.38,Ki,B,single protein format,single_protein,9,D,2014,
CHEMBL3689745,CHEMBL3689745,Cc1ccc(C(=O)NC2(CO)CCC2)cc1-c1ccc2cc(NC(=O)C3CC3)ncc2c1,,9.23,1,9.23,9.23,Ki,B,single protein format,single_protein,9,D,2014,
CHEMBL3689746,CHEMBL3689746,Cc1ccnc(CO)c1-c1ccc2cc(NC(=O)[C@@H]3C[C@@H]3F)ncc2c1,,9.71,1,9.71,9.71,Ki,B,single protein format,single_protein,9,D,2014,
CHEMBL3689747,CHEMBL3689747,O=C(Nc1cc2cnc(-c3ccccc3OC(F)(F)F)cc2cn1)[C@@H]1C[C@@H]1F,,7.66,1,7.66,7.66,Ki,B,single protein format,single_protein,9,D,2014,
CHEMBL3689748,CHEMBL3689748,Cc1ccc2[nH]ncc2c1-c1ccc2cc(NC(=O)[C@@H]3C[C@@H]3F)ncc2c1,,8.3,1,8.3,8.3,Ki,B,single protein format,single_protein,9,D,2014,
CHEMBL3689749,CHEMBL3689749,Cc1ccc(C(=O)NC2CCC2)cc1-c1ccc2cc(NC(=O)C3CC3)ncc2c1,,9.38,1,9.38,9.38,Ki,B,single protein format,single_protein,9,D,2014,
CHEMBL3689750,CHEMBL3689750,Cc1ccc(C(=O)NC2(C)CCC2)cc1-c1ccc2cc(N)ncc2c1,,8.11,1,8.11,8.11,Ki,B,single protein format,single_protein,9,D,2014,
CHEMBL3689751,CHEMBL3689751,Cc1ccc(C(=O)NC2(C)COC2)cc1-c1ccc2cc(N)ncc2c1,,7.38,1,7.38,7.38,Ki,B,single protein format,single_protein,9,D,2014,
CHEMBL3689752,CHEMBL3689752,Cc1ncc(C(=O)NC2CCC2)cc1-c1ccc2cc(N)ncc2c1,,7.62,1,7.62,7.62,Ki,B,single protein format,single_protein,9,D,2014,
CHEMBL3689753,CHEMBL3689753,Cc1ncc(C(=O)NC2(C)CCC2)cc1-c1ccc2cc(N)ncc2c1,,7.38,1,7.38,7.38,Ki,B,single protein format,single_protein,9,D,2014,
CHEMBL3689754,CHEMBL3689754,Cc1ccc(C(=O)NC2(C)COC2)c(F)c1-c1ccc2cc(N)ncc2c1,,7.38,1,7.38,7.38,Ki,B,single protein format,single_protein,9,D,2014,
CHEMBL3689755,CHEMBL3689755,Cc1ccc(C(=O)NC2(C)CCC2)cc1-c1ccc2c(Cl)c(N)ncc2c1,,7.47,1,7.47,7.47,Ki,B,single protein format,single_protein,9,D,2014,
CHEMBL3690072,CHEMBL3690072,Cc1ccc(NC(=O)c2ccc3c(c2)CCC3N2CCN(C)CC2)cc1Nc1nccc(-c2cccnc2)n1,,7.415,2,6.59,8.24,IC50,B,single protein format,single_protein,9,D,2014,
CHEMBL3690074,CHEMBL3690074,Cc1ccc(NC(=O)c2ccc3c(c2)CCC3N2CCNCC2)cc1Nc1nccc(-c2cccnc2)n1,,8.21,1,8.21,8.21,IC50,B,single protein format,single_protein,9,D,2014,
CHEMBL3690075,CHEMBL3690075,CCN1CCN(C2CCc3cc(C(=O)Nc4ccc(C)c(Nc5nccc(-c6cccnc6)n5)c4)ccc32)CC1,,8.2,1,8.2,8.2,IC50,B,single protein format,single_protein,9,D,2014,
CHEMBL3690076,CHEMBL3690076,Cc1ccc(NC(=O)c2ccc3c(c2)CCC3N2CCN(C(C)C)CC2)cc1Nc1nccc(-c2cccnc2)n1,,8.27,1,8.27,8.27,IC50,B,single protein format,single_protein,9,D,2014,
CHEMBL3690077,CHEMBL3690077,Cc1ccc(NC(=O)c2ccc3c(c2)CCC3N2CCN(CCO)CC2)cc1Nc1nccc(-c2cccnc2)n1,,7.92,1,7.92,7.92,IC50,B,single protein format,single_protein,9,D,2014,
CHEMBL3690078,CHEMBL3690078,CC(=O)N1CCN(C2CCc3cc(C(=O)Nc4ccc(C)c(Nc5nccc(-c6cccnc6)n5)c4)ccc32)CC1,,6.39,1,6.39,6.39,IC50,B,single protein format,single_protein,9,D,2014,
CHEMBL3690079,CHEMBL3690079,Cc1ccc(NC(=O)c2ccc3c(c2)CCC3N2CCN(C)CC2)cc1Nc1nccc(-c2cncnc2)n1,,8.28,3,6.58,8.62,IC50,B,single protein format,single_protein,9,D,2014,
CHEMBL3690080,CHEMBL3690080,Cc1ccc(NC(=O)c2ccc3c(c2)CCC3N2CCC(N(C)C)C2)cc1Nc1nccc(-c2cccnc2)n1,,6.92,1,6.92,6.92,IC50,B,single protein format,single_protein,9,D,2014,
CHEMBL3690081,CHEMBL3690081,Cc1ccc(NC(=O)c2ccc3c(c2)CCC3N2CC[C@@H](N(C)C)C2)cc1Nc1nccc(-c2cccnc2)n1,,7.16,1,7.16,7.16,IC50,B,single protein format,single_protein,9,D,2014,
CHEMBL3690082,CHEMBL3690082,Cc1ccc(NC(=O)c2ccc3c(c2)CC[C@@H]3N2CCN(C)CC2)cc1Nc1nccc(-c2cccnc2)n1,,8.66,1,8.66,8.66,IC50,B,single protein format,single_protein,9,D,2014,
CHEMBL3690083,CHEMBL3690083,Cc1ccc(NC(=O)c2ccc3c(c2)CCC3N2CCN(C)CC2)cc1Nc1nccc(-c2ccncc2)n1,,7.64,1,7.64,7.64,IC50,B,single protein format,single_protein,9,D,2014,
CHEMBL371206,CHEMBL371206,Cc1cc(C)cc(NC(=O)Nc2ccc(-c3c(C)sc4ncnc(N)c34)cc2)c1,,6.7,1,6.7,6.7,Ki,F,assay format,other,8,H,,
CHEMBL3734907,CHEMBL3734907,COc1ccc(C#Cc2nn(C(C)C)c3ncnc(N)c23)cc1,,6.01,1,6.01,6.01,IC50,B,single protein format,single_protein,9,D,2015,
CHEMBL3735207,CHEMBL3735207,CC(C)n1nc(C#Cc2cccc(C(=O)Nc3cccc(C(F)(F)F)c3)c2)c2c(N)ncnc21,,8.925,2,8.89,8.96,IC50,B,single protein format,single_protein,9,D,2015,
CHEMBL3735312,CHEMBL3735312,CC(C)n1nc(/C=C/c2cccc(O)c2)c2c(N)ncnc21,,8.145,2,7.77,8.52,IC50,B,single protein format,single_protein,9,D,2015,
CHEMBL3735576,CHEMBL3735576,COc1ccccc1C#Cc1nn(C(C)C)c2ncnc(N)c12,,6.57,1,6.57,6.57,IC50,B,single protein format,single_protein,9,D,2015,
CHEMBL3736026,CHEMBL3736026,Cc1cccc(C#Cc2nn(C(C)C)c3ncnc(N)c23)c1,,6.05,1,6.05,6.05,IC50,B,single protein format,single_protein,9,D,2015,
CHEMBL3736306,CHEMBL3736306,CC(C)n1nc(C#Cc2ccccc2O)c2c(N)ncnc21,,6.140000000000001,2,6.04,6.24,IC50,B,single protein format,single_protein,9,D,2015,
CHEMBL3736320,CHEMBL3736320,CC(C)n1nc(C#Cc2cccc(NC(=O)c3cccc(C(F)(F)F)c3)c2)c2c(N)ncnc21,,9.16,2,9.1,9.22,IC50,B,single protein format,single_protein,9,D,2015,
CHEMBL3736466,CHEMBL3736466,CC(C)n1nc(C#Cc2ccc(O)cc2)c2c(N)ncnc21,,7.470000000000001,2,7.24,7.7,IC50,B,single protein format,single_protein,9,D,2015,
CHEMBL373798,CHEMBL373798,Nc1n[nH]c2cccc(-c3ccc(NC(=O)Nc4cccc(F)c4)cc3)c12,,6.5,1,6.5,6.5,Ki,F,assay format,other,8,H,,
CHEMBL3752910,CHEMBL3752910,Cc1ccc(C(=O)Nc2cccc(C(F)(F)F)c2)cc1Nc1nc(-c2cccnc2)nc2c1cnn2C,,6.04,2,6.04,6.04,Kd,B,single protein format,single_protein,9,D,2018,
CHEMBL376945,CHEMBL376945,c1csc(CNc2ccc3[nH]nc(-c4nc5cc(N6CCC(N7CCCCC7)CC6)ccc5[nH]4)c3c2)n1,,8.0,1,8.0,8.0,IC50,B,single protein format,single_protein,9,D,2006,
CHEMBL377300,CHEMBL377300,Cc1cc2c(F)c(Oc3ncnn4cc(OC[C@@H](C)O)c(C)c34)ccc2[nH]1,BRIVANIB,6.295,6,6.19,6.41,Kd,B,single protein format,single_protein,8,H,2011,3
CHEMBL377346,CHEMBL377346,c1ccc(COc2ccc3[nH]nc(-c4nc5cc(N6CCC(N7CCCCC7)CC6)ccc5[nH]4)c3c2)cc1,,7.22,1,7.22,7.22,IC50,B,single protein format,single_protein,9,D,2006,
CHEMBL377463,CHEMBL377463,O=C(Nc1ccc2[nH]nc(-c3nc4cc(N5CCC(N6CCCCC6)CC5)ccc4[nH]3)c2c1)c1ccco1,,6.82,1,6.82,6.82,IC50,B,single protein format,single_protein,9,D,2006,
CHEMBL3780219,CHEMBL3780219,CNc1nc(Nc2ccc(C)c(N)c2)ncc1C(=O)Nc1cc(NC(=O)c2cccc(C(F)(F)F)c2)ccc1C,,7.16,1,7.16,7.16,IC50,B,assay format,other,9,D,2016,
CHEMBL378024,CHEMBL378024,CC(C)(C)NC(=O)Nc1ccc2[nH]nc(-c3nc4cc(N5CCC(N6CCCCC6)CC5)ccc4[nH]3)c2c1,,7.52,1,7.52,7.52,IC50,B,single protein format,single_protein,9,D,2006,
CHEMBL378299,CHEMBL378299,c1ccc2c(-c3nc4cc(N5CCC(N6CCCCC6)CC5)ccc4[nH]3)[nH]nc2c1,,6.22,1,6.22,6.22,IC50,B,single protein format,single_protein,9,D,2006,
CHEMBL379975,CHEMBL379975,O=C1NC(=O)c2c1c(-c1ccccc1Cl)cc1[nH]c3ccc(O)cc3c21,,6.8,1,6.8,6.8,Ki,F,assay format,other,8,H,,
CHEMBL379987,CHEMBL379987,COc1cccc(Oc2ccc3[nH]nc(-c4nc5cc(N6CCC(N7CCCCC7)CC6)ccc5[nH]4)c3c2)c1,,7.22,1,7.22,7.22,IC50,B,single protein format,single_protein,9,D,2006,
CHEMBL3804921,CHEMBL3804921,CC(=O)Nc1ccc(-c2ccc(NCC(=O)Nc3ccc(CN4CCNCC4)c(C(F)(F)F)c3)cc2)cn1,,6.62,1,6.62,6.62,IC50,B,assay format,other,9,D,2016,
CHEMBL3805330,CHEMBL3805330,O=C(CNc1ccc(-c2ccc(NC(=O)C3CC3)nc2)cc1)Nc1ccc(CN2CCNCC2)c(C(F)(F)F)c1,,7.0,1,7.0,7.0,IC50,B,assay format,other,9,D,2016,
CHEMBL3805771,CHEMBL3805771,CCN1CCN(Cc2ccc(NC(=O)CNc3ccc(-c4ccc(NC(=O)C5CC5)nc4)cc3)cc2C(F)(F)F)CC1,,7.175,2,7.05,7.3,IC50,B,assay format;single protein format,mixed,9,D,2016;2023,
CHEMBL3805865,CHEMBL3805865,CCN1CCN(Cc2ccc(NC(=O)COc3ccc(-c4ccc(NC(C)=O)nc4)cc3)cc2C(F)(F)F)CC1,,6.77,1,6.77,6.77,IC50,B,assay format,other,9,D,2016,
CHEMBL3805891,CHEMBL3805891,CCN1CCN(Cc2ccc(NC(=O)CNc3ccc(-c4ccc(NC(C)=O)nc4)cc3)cc2C(F)(F)F)CC1,,6.734999999999999,2,6.42,7.05,IC50,B,assay format;single protein format,mixed,9,D,2016;2023,
CHEMBL3806189,CHEMBL3806189,CN1CCN(Cc2ccc(NC(=O)CNc3ccc(-c4ccc(NC(=O)C5CC5)nc4)cc3F)cc2C(F)(F)F)CC1,,8.0,3,7.7,8.0,IC50,B,assay format;cell-based format;single protein format,mixed,9,D,2016;2023,
CHEMBL3808844,CHEMBL3808844,CCOc1cn(-c2ccc(F)cc2C)nc1C(=O)Nc1ccc(Oc2ccnc3cc(OC)c(OC)cc23)c(F)c1,,6.81,2,6.81,6.81,Kd,B,cell-based format,cell_based,9,D,2014;2023,
CHEMBL3808884,CHEMBL3808884,COC(=O)c1cc2cc(NCc3cc(NC(=O)c4cc(-n5cnc(C)c5)cc(C(F)(F)F)c4)ccc3C)cnc2[nH]1,,7.3149999999999995,4,7.14,8.22,IC50,B,assay format,other,9,D,2016,
CHEMBL381743,CHEMBL381743,Cc1ccc(-n2nc(C(C)(C)C)cc2NC(=O)Nc2ccc(-c3ccc(CN4CCOCC4)nc3)c3ccccc23)cc1,,6.0,1,6.0,6.0,IC50,B,single protein format,single_protein,8,H,2007,
CHEMBL3823104,CHEMBL3823104,COc1cc(-c2nn(CCN3CCC(N4CCCCC4)CC3)c3ncnc(N)c23)ccc1NC(=O)OC(C)(C)C,,6.26,3,6.09,6.26,IC50,B,single protein format,single_protein,9,D,2016;2019,
CHEMBL3823556,CHEMBL3823556,COc1cc(-c2nn(CCN3CCC(CN(C)C)CC3)c3ncnc(N)c23)ccc1NC(=O)OC(C)(C)C,,6.26,1,6.26,6.26,IC50,B,single protein format,single_protein,9,D,2019,
CHEMBL3823861,CHEMBL3823861,CN(C)CC1CCN(CCn2nc(-c3cnc4[nH]ccc4c3)c3c(N)ncnc32)CC1,,6.6,2,6.26,6.94,IC50,B,single protein format,single_protein,9,D,2016;2019,
CHEMBL3824089,CHEMBL3824089,COc1cc(-c2nn(CCN3CCC(N(C)C)CC3)c3ncnc(N)c23)ccc1NC(=O)OC(C)(C)C,,6.26,3,6.26,6.32,IC50,B,single protein format,single_protein,9,D,2016;2019,
CHEMBL3824116,CHEMBL3824116,COc1cc(-c2nn(CCN3CCC(N(C)C)CC3)c3ncnc(N)c23)ccc1CC(=O)OC(C)(C)C,,6.345,2,6.26,6.43,IC50,B,single protein format,single_protein,9,D,2016;2019,
CHEMBL3824233,CHEMBL3824233,COc1cc(-c2nn(CCN3CCC(N4CCCC4)CC3)c3ncnc(N)c23)ccc1NC(=O)OC(C)(C)C,,6.26,3,6.26,6.39,IC50,B,single protein format,single_protein,9,D,2016;2019,
CHEMBL3824279,CHEMBL3824279,COc1cc(-c2nn(CCN3CCC(OC)CC3)c3ncnc(N)c23)ccc1NC(=O)OC(C)(C)C,,6.26,1,6.26,6.26,IC50,B,single protein format,single_protein,9,D,2019,
CHEMBL383010,CHEMBL383010,Cc1ccc(NC(=O)c2ccc(CN3CCN(C)CC3)c(Br)c2)cc1Nc1nccc(-c2cccnc2)n1,,7.92,1,7.92,7.92,IC50,B,cell-based format,cell_based,9,D,2007,
CHEMBL384213,CHEMBL384213,c1ccc(CNc2ccc3[nH]nc(-c4nc5cc(N6CCC(N7CCCCC7)CC6)ccc5[nH]4)c3c2)cc1,,6.89,1,6.89,6.89,IC50,B,single protein format,single_protein,9,D,2006,
CHEMBL384575,CHEMBL384575,CO[C@H](C(=O)N1Cc2[nH]nc(NC(=O)c3ccc(N4CCN(C)CC4)cc3)c2C1)c1ccccc1,,7.6,1,7.6,7.6,IC50,B,single protein format,single_protein,9,D,2022,
CHEMBL386051,CHEMBL386051,CSc1cccc(Nc2ncc3cc(-c4c(Cl)cccc4Cl)c(=O)n(C)c3n2)c1,,8.89,15,6.32,9.7,Kd;Ki,B,single protein format,single_protein,8,H,2010;2011,
CHEMBL388934,CHEMBL388934,CNN=Nc1ccc(C(=O)Nc2ccc(C)c(Nc3nccc(-c4cccnc4)n3)c2)cc1Cl,,6.75,1,6.75,6.75,IC50,B,single protein format,single_protein,9,D,2007,
CHEMBL3889746,CHEMBL3889746,O=C(Nc1ccc(OC(F)(F)F)cc1)c1cncc(-c2cccnc2)c1,,8.06,3,7.48,8.06,IC50,B,assay format;single protein format,mixed,8;9,D;H,2016;2022,
CHEMBL388978,CHEMBL388978,CN[C@@H]1C[C@H]2O[C@@](C)([C@@H]1OC)n1c3ccccc3c3c4c(c5c6ccccc6n2c5c31)C(=O)NC4,STAUROSPORINE,7.08,38,6.0,8.54,IC50;Kd,B,cell-based format;single protein format,mixed,8;9,D;H,2004;2005;2008;2009;2011;2014;2016;2017;2018;2019,
CHEMBL3890053,CHEMBL3890053,O=C(Nc1ccc(OC(F)(F)F)cc1)c1ccc(F)c(-c2cncnc2)c1,,8.49,2,8.49,8.49,IC50,B,single protein format,single_protein,8,H,2016,
CHEMBL3890279,CHEMBL3890279,N[C@H]1CCN(c2ncc(C(=O)Nc3ccc(OC(F)(F)F)cc3)cc2-c2cncnc2)C1,,8.55,2,8.55,8.55,IC50,B,single protein format,single_protein,8,H,2016,
CHEMBL3890327,CHEMBL3890327,O=C(Nc1ccc(OC(F)(F)F)cc1)c1cnc(N2C[C@@H](O)[C@@H](O)C2)c(-c2cncc(F)c2)c1,,8.719999999999999,4,8.7,8.74,IC50,B,single protein format,single_protein,8,H,2016,
CHEMBL3890630,CHEMBL3890630,CCN(CCO)c1ncc(C(=O)Nc2ccc(OC(F)(F)F)cc2)cc1-c1cncnc1,,8.535,4,8.3,8.77,IC50,B,single protein format,single_protein,8,H,2016,
CHEMBL3890658,CHEMBL3890658,CN(CCO)c1ccc(C(=O)Nc2ccc(OC(F)(F)F)cc2)cc1-c1cncs1,,8.3,2,8.3,8.3,IC50,B,single protein format,single_protein,8,H,2016,
CHEMBL3891044,CHEMBL3891044,NC12CC1CN(c1ncc(C(=O)Nc3ccc(OC(F)(F)F)cc3)cc1-c1cncnc1)C2,,8.72,2,8.72,8.72,IC50,B,single protein format,single_protein,8,H,2016,
CHEMBL3891720,CHEMBL3891720,CN(CCO)c1ncc(C(=O)Nc2ccc(OC(F)(F)F)cc2)cc1-c1cncc(C#N)c1,,8.13,4,7.96,8.3,IC50,B,single protein format,single_protein,8,H,2016,
CHEMBL3891752,CHEMBL3891752,O=C(Nc1ccc(OC(F)(F)F)cc1)c1cnc(N2C[C@H](O)[C@@H](O)C2)c(-c2cccnc2)c1,,9.4,2,9.4,9.4,IC50,B,single protein format,single_protein,8,H,2016,
CHEMBL3892152,CHEMBL3892152,CC1(O)CN(c2ncc(C(=O)Nc3ccc(OC(F)(F)Cl)cc3)cc2-c2ccn[nH]2)C1,,8.96,4,8.82,9.1,IC50,B,single protein format,single_protein,8,H,2016,
CHEMBL3892160,CHEMBL3892160,CN(C)[C@H]1CN(c2ncc(C(=O)Nc3ccc(OC(F)(F)F)cc3)cc2-c2cncnc2)C[C@@H]1O,,8.385,4,8.07,8.7,IC50,B,single protein format,single_protein,8,H,2016,
CHEMBL3892443,CHEMBL3892443,O=C(Nc1ccc(OC(F)(F)F)cc1)c1cnc(N2CC3CN(CCO)CC3C2)c(-c2cncnc2)c1,,7.96,2,7.96,7.96,IC50,B,single protein format,single_protein,8,H,2016,
CHEMBL3892952,CHEMBL3892952,O=C(Nc1ccc(OC(F)(F)F)cc1)c1cnc(NCCCO)c(-c2cncnc2)c1,,7.92,3,7.75,7.92,IC50,B,assay format;single protein format,mixed,8;9,D;H,2016;2018,
CHEMBL3893615,CHEMBL3893615,COc1ncc(-c2cc(C(=O)Nc3ccc(OC(F)(F)F)cc3)ccc2C)cn1,,8.52,2,8.52,8.52,IC50,B,single protein format,single_protein,8,H,2016,
CHEMBL3893732,CHEMBL3893732,O=C(Nc1ccc(OC(F)(F)Cl)cc1)c1cnc(NC[C@@H](O)CCO)c(-c2ccn[nH]2)c1,,8.24,2,8.24,8.24,IC50,B,single protein format,single_protein,8,H,2016,
CHEMBL3893954,CHEMBL3893954,CC1(O)CCN(c2ccc(C(=O)Nc3ccc(OC(F)(F)F)cc3)cc2-c2cncs2)C1,,8.46,2,8.46,8.46,IC50,B,single protein format,single_protein,8,H,2016,
CHEMBL3893997,CHEMBL3893997,Cc1ccc(-c2cc(C(=O)Nc3ccc(OC(F)(F)F)cc3)cnc2N2CC[C@H](O)C2)cn1,,9.1,2,9.1,9.1,IC50,B,single protein format,single_protein,8,H,2016,
CHEMBL3894450,CHEMBL3894450,Cc1ccc(NC(=O)c2ccc(CN3CCN(C)CC3)c(C(F)(F)F)c2)cc1OC1CCN(C(=O)c2ccncc2)CC1,,8.15,1,8.15,8.15,IC50,B,cell-based format,cell_based,9,D,2017,
CHEMBL3894547,CHEMBL3894547,O=C(Nc1ccc(OC(F)(F)F)cc1)c1cnc(N2CCNC3(CC3)C2)c(-c2cncnc2)c1,,8.809999999999999,4,8.62,9.0,IC50,B,single protein format,single_protein,8,H,2016,
CHEMBL3894811,CHEMBL3894811,O=C(Nc1ccc(OC(F)(F)F)cc1)c1cnc(N2CC[C@H](CO)C2)c(-c2ccc(Cl)nc2)c1,,8.4,2,8.4,8.4,IC50,B,single protein format,single_protein,8,H,2016,
CHEMBL3895420,CHEMBL3895420,Cc1cc(-c2cc(C(=O)Nc3ccc(OC(F)(F)Cl)cc3)cnc2N2CC(C)(O)C2)[nH]n1,,8.85,2,8.85,8.85,IC50,B,single protein format,single_protein,8,H,2016,
CHEMBL3896096,CHEMBL3896096,O=C(Nc1ccc(OC(F)(F)F)cc1)c1cnc(N2CC(CO)C2)c(-c2cccnc2)c1,,8.7,6,8.22,9.22,IC50,B,single protein format,single_protein,8,H,2016,
CHEMBL3896105,CHEMBL3896105,CN[C@H]1CCN(c2ncc(C(=O)Nc3ccc(OC(F)(F)F)cc3)cc2-c2ccc(C)nc2)C1,,8.52,2,8.52,8.52,IC50,B,single protein format,single_protein,8,H,2016,
CHEMBL3896221,CHEMBL3896221,CN(CCCO)c1ncc(C(=O)Nc2ccc(OC(F)(F)F)cc2)cc1-c1cccnc1,,7.38,2,7.38,7.38,IC50,B,single protein format,single_protein,8,H,2016,
CHEMBL3896423,CHEMBL3896423,CN[C@H]1CCN(c2ncc(C(=O)Nc3ccc(OC(F)(F)F)cc3)cc2-c2cncnc2)C1,,8.64,2,8.64,8.64,IC50,B,single protein format,single_protein,8,H,2016,
CHEMBL3896686,CHEMBL3896686,CCN(CCO)c1ncc(C(=O)Nc2ccc(SC(F)(F)F)cc2)cc1-c1cncc(C#N)c1,,8.27,4,7.8,8.74,IC50,B,single protein format,single_protein,8,H,2016,
CHEMBL3897019,CHEMBL3897019,Cc1ncc(-c2cc(C(=O)Nc3ccc(OC(F)(F)F)cc3)cnc2N2CC[C@H](CO)C2)s1,,8.96,2,8.96,8.96,IC50,B,single protein format,single_protein,8,H,2016,
CHEMBL3897453,CHEMBL3897453,Cc1ccc(-c2cc(C(=O)Nc3ccc(OC(F)(F)F)cc3)cnc2N2CCC[C@H](O)C2)cn1,,8.52,2,8.52,8.52,IC50,B,single protein format,single_protein,8,H,2016,
CHEMBL3897561,CHEMBL3897561,O=C(Nc1ccc(OC(F)(F)Cl)cc1)c1cnc(N2CC3(CNC3)C2)c(-c2ccn[nH]2)c1,,8.7,2,8.7,8.7,IC50,B,single protein format,single_protein,8,H,2016,
CHEMBL3897706,CHEMBL3897706,Cc1ncncc1-c1cc(C(=O)Nc2ccc(OC(F)(F)Cl)cc2)cnc1N1C[C@H](O)[C@@H](O)C1,,7.05,2,6.43,7.67,IC50,B,assay format,other,8,H,2016,
CHEMBL3897748,CHEMBL3897748,CN(CCO)c1ncc(C(=O)Nc2ccc(SC(F)(F)F)cc2)cc1-c1cncc(C#N)c1,,8.575,4,8.3,8.85,IC50,B,single protein format,single_protein,8,H,2016,
CHEMBL3897818,CHEMBL3897818,O=C(O)CCNc1ncc(C(=O)Nc2ccc(OC(F)(F)F)cc2)cc1-c1ccn[nH]1,,7.33,2,7.33,7.33,IC50,B,single protein format,single_protein,8,H,2016,
CHEMBL3898136,CHEMBL3898136,O=C(Nc1ccc(OC(F)(F)F)cc1)c1ccc(Cl)c(-c2ccncc2)c1,,7.51,2,7.51,7.51,IC50,B,single protein format,single_protein,8,H,2016,
CHEMBL3898258,CHEMBL3898258,O=C(Nc1ccc(OC(F)(F)Cl)cc1)c1cnc(N2C[C@H](O)[C@@H](O)C2)c(-c2cncnc2)c1,,9.0,5,6.67,9.3,IC50,B,assay format;single protein format,mixed,8;9,D;H,2016;2018,
CHEMBL3898364,CHEMBL3898364,O=C(Nc1ccc(OC(F)(F)Cl)cc1)c1cnc(N2CC(O)C2)c(-c2cncnc2)c1,,8.765,4,8.57,8.96,IC50,B,single protein format,single_protein,8,H,2016,
CHEMBL3898824,CHEMBL3898824,CNc1nc2cc(C#Cc3cc(C(=O)Nc4ccc(CN5CCN(C)CC5)c(C(F)(F)F)c4)ccc3C)ccn2n1,,8.64,2,8.64,8.64,IC50,B,single protein format,single_protein,8,H,2016,
CHEMBL3899209,CHEMBL3899209,CN(CCO)c1ncc(C(=O)Nc2ccc(SC(F)(F)F)cc2)cc1-c1ccn[nH]1,,8.48,4,7.96,9.0,IC50,B,single protein format,single_protein,8,H,2016,
CHEMBL3899379,CHEMBL3899379,NC[C@H]1CN(c2ncc(C(=O)Nc3ccc(OC(F)(F)Cl)cc3)cc2-c2ccn[nH]2)C[C@H]1O,,9.4,2,9.4,9.4,IC50,B,single protein format,single_protein,8,H,2016,
CHEMBL3899632,CHEMBL3899632,O=C(Nc1ccc(OC(F)(F)F)cc1)c1cnc(N2CCOCC2)c(-c2ccn[nH]2)c1,,8.245000000000001,4,8.19,8.3,IC50,B,single protein format,single_protein,8,H,2016,
CHEMBL3900003,CHEMBL3900003,CCN(CCO)c1ncc(C(=O)Nc2ccc(SC(F)(F)F)cc2)cc1-c1ccn[nH]1,,8.675,4,8.35,9.0,IC50,B,single protein format,single_protein,8,H,2016,
CHEMBL3900154,CHEMBL3900154,Cc1ccc(-c2cc(C(=O)Nc3ccc(OC(F)(F)F)cc3)cnc2N(C)CCCO)cn1,,7.52,2,7.52,7.52,IC50,B,single protein format,single_protein,8,H,2016,
CHEMBL3900366,CHEMBL3900366,N#Cc1ccc(-c2cc(C(=O)Nc3ccc(OC(F)(F)F)cc3)ccc2N2C[C@H](O)[C@@H](O)C2)[nH]1,,9.3,2,9.3,9.3,IC50,B,single protein format,single_protein,8,H,2016,
CHEMBL3900626,CHEMBL3900626,C[C@]1(O)CCN(c2ncc(C(=O)Nc3ccc(OC(F)(F)Cl)cc3)cc2-c2ccn[nH]2)C1,,9.0,2,9.0,9.0,IC50,B,single protein format,single_protein,8,H,2016,
CHEMBL3900732,CHEMBL3900732,O=C(Nc1ccc(OC(F)(F)Cl)cc1)c1cnc(N2CC[C@H](O)C2)c(-c2cncnc2)c1,,9.030000000000001,4,8.96,9.1,IC50,B,single protein format,single_protein,8,H,2016,
CHEMBL3900938,CHEMBL3900938,N[C@@H]1[C@H]2CN(c3ncc(C(=O)Nc4ccc(OC(F)(F)Cl)cc4)cc3-c3cncnc3)C[C@@H]12,,9.0,4,8.7,9.3,IC50,B,single protein format,single_protein,8,H,2016,
CHEMBL3901009,CHEMBL3901009,O=C(Nc1ccc(OC(F)(F)F)cc1)c1cnc(Cl)c(-c2cncc(F)c2)c1,,8.31,2,8.31,8.31,IC50,B,single protein format,single_protein,8,H,2016,
CHEMBL3901163,CHEMBL3901163,NC[C@@H]1CCN(c2ncc(C(=O)Nc3ccc(OC(F)(F)F)cc3)cc2-c2cncnc2)C1,,9.52,2,9.52,9.52,IC50,B,single protein format,single_protein,8,H,2016,
CHEMBL3901311,CHEMBL3901311,CN(CCO)c1ncc(C(=O)Nc2ccc(OC(F)(F)F)cc2)cc1-c1ccn[nH]1,,8.155000000000001,4,8.15,8.16,IC50,B,single protein format,single_protein,8,H,2016,
CHEMBL3901390,CHEMBL3901390,COc1ccc(-c2cc(C(=O)Nc3ccc(OC(F)(F)F)cc3)cnc2NCCCO)cn1,,7.92,2,7.92,7.92,IC50,B,single protein format,single_protein,8,H,2016,
CHEMBL3901435,CHEMBL3901435,N#Cc1cncc(-c2cc(C(=O)Nc3ccc(OC(F)(F)Cl)cc3)cnc2N2C[C@@H](O)[C@@H](O)C2)c1,,9.3,6,7.03,9.4,IC50,B,assay format;single protein format,mixed,8,H,2016,
CHEMBL3901511,CHEMBL3901511,Cc1ccc(C(=O)Nc2ccc(CN3CCN(C)CC3)c(C(F)(F)F)c2)cc1C#Cc1ccn2nc(N(C)C)nc2c1,,7.41,2,7.41,7.41,IC50,B,single protein format,single_protein,8,H,2016,
CHEMBL3902058,CHEMBL3902058,Cc1ccc(-c2cc(C(=O)Nc3ccc(OC(F)(F)F)cc3)cnc2N2CC[C@H](CO)C2)cn1,,9.22,2,9.22,9.22,IC50,B,single protein format,single_protein,8,H,2016,
CHEMBL3902696,CHEMBL3902696,O=C(Nc1ccc(OC(F)(F)Cl)cc1)c1cnc(NCCC(O)C(=O)O)c(-c2ccn[nH]2)c1,,8.28,2,8.28,8.28,IC50,B,single protein format,single_protein,8,H,2016,
CHEMBL3902822,CHEMBL3902822,CC(C)(O)C1CCN(c2ncc(C(=O)Nc3ccc(OC(F)(F)F)cc3)cc2-c2cncnc2)C1,,8.82,2,8.82,8.82,IC50,B,single protein format,single_protein,8,H,2016,
CHEMBL3902824,CHEMBL3902824,Cc1ccc(-c2cc(C(=O)Nc3ccc(OC(F)(F)F)cc3)cnc2N2CC[C@H](N)C2)cn1,,8.15,2,8.15,8.15,IC50,B,single protein format,single_protein,8,H,2016,
CHEMBL3902865,CHEMBL3902865,O=C(Nc1ccc(OC(F)(F)F)cc1)c1cnc(N2CCCOCC2)c(-c2cncnc2)c1,,8.51,4,8.4,8.62,IC50,B,single protein format,single_protein,8,H,2016,
CHEMBL3903055,CHEMBL3903055,Nc1cnc(-c2cccc(C(=O)Nc3ccc(OC(F)(F)F)cc3)c2)cn1,,8.15,2,8.15,8.15,IC50,B,single protein format,single_protein,8,H,2016,
CHEMBL3903302,CHEMBL3903302,CC(C)(O)C1CN(c2ncc(C(=O)Nc3ccc(OC(F)(F)F)cc3)cc2-c2cncnc2)C1,,8.135000000000002,4,6.07,8.22,IC50,B,assay format;single protein format,mixed,8,H,2016,
CHEMBL3903657,CHEMBL3903657,O=C(Nc1ccc(OC(F)(F)Cl)cc1)c1cnc(N2CCC(F)(F)C2)c(-c2cncnc2)c1,,8.72,2,8.72,8.72,IC50,B,single protein format,single_protein,8,H,2016,
CHEMBL3903802,CHEMBL3903802,O=C(Nc1ccc(OC(F)(F)Cl)cc1)c1cnc(N2CC(O)C2)c(-c2[nH]ncc2F)c1,,9.35,4,9.0,9.7,IC50,B,single protein format,single_protein,8,H,2016,
CHEMBL3904036,CHEMBL3904036,CN(C)C1CN(c2ncc(C(=O)Nc3ccc(OC(F)(F)F)cc3)cc2-c2cncc(F)c2)C1,,8.495000000000001,4,8.4,8.59,IC50,B,single protein format,single_protein,8,H,2016,
CHEMBL3904200,CHEMBL3904200,O=C(Nc1ccc(OC(F)(F)Cl)cc1)c1ccc(N2C[C@H](O)[C@@H](O)C2)c(-c2cncnc2)c1,,9.11,4,9.0,9.22,IC50,B,single protein format,single_protein,8,H,2016,
CHEMBL3905198,CHEMBL3905198,Cc1ccc(-c2cc(C(=O)Nc3ccc(OC(F)(F)F)cc3)cnc2N2CC(C)(O)C2)cn1,,8.485,4,8.08,8.89,IC50,B,single protein format,single_protein,8,H,2016,
CHEMBL3905223,CHEMBL3905223,N[C@@H]1[C@H]2CN(c3ncc(C(=O)Nc4ccc(OC(F)(F)F)cc4)cc3-c3ccn[nH]3)C[C@@H]12,,8.795,4,8.77,8.82,IC50,B,single protein format,single_protein,8,H,2016,
CHEMBL3905480,CHEMBL3905480,NC1CN(c2ncc(C(=O)Nc3ccc(OC(F)(F)F)cc3)cc2-c2cncnc2)C1,,8.615,4,8.23,9.0,IC50,B,single protein format,single_protein,8,H,2016,
CHEMBL3906333,CHEMBL3906333,O=C(Nc1ccc(OC(F)(F)F)cc1)c1cnc(N2CC(CO)C2)c(-c2cnc(Cl)c(F)c2)c1,,8.22,2,8.22,8.22,IC50,B,single protein format,single_protein,8,H,2016,
CHEMBL3906709,CHEMBL3906709,N[C@H]1CN(c2ccc(C(=O)Nc3ccc(OC(F)(F)Cl)cc3)cc2-c2cncc(F)c2)C[C@@H]1O,,9.0,6,6.78,9.22,IC50,B,assay format;single protein format,mixed,8,H,2016,
CHEMBL3906751,CHEMBL3906751,CN(CCO)c1ncc(C(=O)Nc2ccc(SC(F)(F)F)cc2)cc1-c1cncnc1,,8.795,4,8.7,8.89,IC50,B,single protein format,single_protein,8,H,2016,
CHEMBL3906897,CHEMBL3906897,N[C@H]1CN(c2ncc(C(=O)Nc3ccc(OC(F)(F)Cl)cc3)cc2-c2cncc(F)c2)C[C@@H]1O,,8.385,4,8.15,8.62,IC50,B,single protein format,single_protein,8,H,2016,
CHEMBL3907237,CHEMBL3907237,O=C(Nc1ccc(OC(F)(F)F)cc1)c1cnc(NCCCO)c(-c2cccnc2)c1,,7.92,2,7.92,7.92,IC50,B,single protein format,single_protein,8,H,2016,
CHEMBL3907269,CHEMBL3907269,O=C(Nc1ccc(OC(F)(F)F)cc1)c1ccc(N2C[C@@H](O)[C@@H](O)C2)c(-c2cncnc2)c1,,8.59,4,8.52,8.66,IC50,B,single protein format,single_protein,8,H,2016,
CHEMBL3907285,CHEMBL3907285,O=C(Nc1ccc(OC(F)(F)F)cc1)c1cnc(N2CCCC2)c(-c2ccc(CO)nc2)c1,,9.3,2,9.3,9.3,IC50,B,single protein format,single_protein,8,H,2016,
CHEMBL3907286,CHEMBL3907286,O=C(Nc1ccc(OC(F)(F)F)cc1)c1cnc(N2CC[C@H](CO)C2)c(-c2cncc(F)c2)c1,,8.71,4,8.2,9.22,IC50,B,single protein format,single_protein,8,H,2016,
CHEMBL3907859,CHEMBL3907859,N#Cc1ncc(-c2cc(C(=O)Nc3ccc(OC(F)(F)F)cc3)cnc2N2CC[C@H](CO)C2)cn1,,8.3,2,8.3,8.3,IC50,B,single protein format,single_protein,8,H,2016,
CHEMBL3908038,CHEMBL3908038,O=C(Nc1ccc(OC(F)(F)F)c(F)c1)c1cccc(-c2cncnc2)c1,,7.66,2,7.66,7.66,IC50,B,single protein format,single_protein,8,H,2016,
CHEMBL3908439,CHEMBL3908439,O=C(Nc1ccc(OC(F)(F)F)cc1)c1cnc(N2C[C@H](O)[C@@H](F)C2)c(-c2ccn[nH]2)c1,,8.43,2,8.43,8.43,IC50,B,single protein format,single_protein,8,H,2016,
CHEMBL3908507,CHEMBL3908507,O=C(Nc1ccc(OC(F)(F)F)cc1)c1ccc(N2C[C@H](O)[C@@H](O)C2)c(-c2cccnc2)c1,,8.22,4,7.89,8.55,IC50,B,single protein format,single_protein,8,H,2016,
CHEMBL3908521,CHEMBL3908521,O=C(Nc1ccc(OC(F)(F)F)cc1)c1ccc(OCCN2CCCC2)c(-c2cncnc2)c1,,7.72,1,7.72,7.72,IC50,B,assay format,other,9,D,2018,
CHEMBL3908533,CHEMBL3908533,O=C(Nc1ccc(OC(F)(F)F)cc1)c1cnc(N2CC[C@H](CO)C2)c(-c2ccc(CF)nc2)c1,,8.74,4,8.52,8.96,IC50,B,single protein format,single_protein,8,H,2016,
CHEMBL3908712,CHEMBL3908712,O=C(Nc1ccc(OC(F)(F)F)cc1)c1cnc(N2CC(CO)C2)c(-c2cncc(F)c2)c1,,8.760000000000002,4,8.3,9.22,IC50,B,single protein format,single_protein,8,H,2016,
CHEMBL3908742,CHEMBL3908742,O=C(Nc1ccc(OC(F)(F)Cl)cc1)c1cnc(N(CCO)CCO)c(-c2cncnc2)c1,,8.575,4,8.41,8.74,IC50,B,single protein format,single_protein,8,H,2016,
CHEMBL3908795,CHEMBL3908795,O=C(Nc1ccc(OC(F)(F)F)cc1)c1cnc(N2CCOCC2)c(-c2cnccn2)c1,,8.559999999999999,4,8.52,8.6,IC50,B,single protein format,single_protein,8,H,2016,
CHEMBL3908797,CHEMBL3908797,O=C(Nc1ccc(OC(F)(F)Cl)cc1)c1cnc(N2CC[C@H](CO)C2)c(-c2cncc(F)c2)c1,,9.5,4,9.3,9.7,IC50,B,single protein format,single_protein,8,H,2016,
CHEMBL3909037,CHEMBL3909037,O=C(Nc1ccc(OC(F)(F)Cl)cc1)c1cnc(N2CCC[C@H](O)C2)c(-c2ccn[nH]2)c1,,8.61,4,8.4,8.82,IC50,B,single protein format,single_protein,8,H,2016,
CHEMBL3909587,CHEMBL3909587,NCC1CN(c2ncc(C(=O)Nc3ccc(OC(F)(F)F)cc3)cc2-c2cncc(F)c2)CC1O,,9.07,4,8.92,9.22,IC50,B,single protein format,single_protein,8,H,2016,
CHEMBL3909590,CHEMBL3909590,CN(CCO)c1ncc(C(=O)Nc2ccc(OC(F)(F)Cl)cc2)cc1-c1cncc(F)c1,,9.2,4,9.0,9.4,IC50,B,single protein format,single_protein,8,H,2016,
CHEMBL3909640,CHEMBL3909640,N#Cc1ccc(-c2cc(C(=O)Nc3ccc(OC(F)(F)F)cc3)cnc2N2CC[C@H](CO)C2)cn1,,8.3,2,8.3,8.3,IC50,B,single protein format,single_protein,8,H,2016,
CHEMBL3909820,CHEMBL3909820,C[C@]1(O)CCN(c2ncc(C(=O)Nc3ccc(OC(F)(F)F)cc3)cc2-c2cncnc2)C1,,8.46,2,8.46,8.46,IC50,B,single protein format,single_protein,8,H,2016,
CHEMBL3910054,CHEMBL3910054,O=C(Nc1ccc(OC(F)(F)F)cc1)c1cnc(N2CCC[C@H](O)C2)c(-c2cccnc2)c1,,8.92,2,8.92,8.92,IC50,B,single protein format,single_protein,8,H,2016,
CHEMBL3910059,CHEMBL3910059,O=C(Nc1ccc(OC(F)(F)F)cc1)c1cnc(Cl)c(-c2cccnc2)c1,,8.0,2,8.0,8.0,IC50,B,single protein format,single_protein,8,H,2016,
CHEMBL3910619,CHEMBL3910619,O=C(Nc1ccc(OC(F)(F)F)cc1)c1cnc(N2CCC[C@H](O)C2)c(-c2cncnc2)c1,,9.22,2,9.22,9.22,IC50,B,single protein format,single_protein,8,H,2016,
CHEMBL3910722,CHEMBL3910722,N[C@@H]1[C@H]2CN(c3ncc(C(=O)Nc4ccc(OC(F)(F)Cl)cc4)cc3-c3ccn[nH]3)C[C@@H]12,,9.35,4,9.0,9.7,IC50,B,single protein format,single_protein,8,H,2016,
CHEMBL3910823,CHEMBL3910823,CN1CCN(c2ncc(C(=O)Nc3ccc(OC(F)(F)F)cc3)cc2-c2cncnc2)CC1,,8.15,1,8.15,8.15,IC50,B,assay format,other,9,D,2018,
CHEMBL3911270,CHEMBL3911270,O=C(Nc1ccc(SC(F)(F)F)cc1)c1cnc(N2CC[C@H](CO)C2)c(-c2cncnc2)c1,,8.76,4,8.52,9.0,IC50,B,single protein format,single_protein,8,H,2016,
CHEMBL3911446,CHEMBL3911446,O=C(Nc1ccc(SC(F)(F)F)cc1)c1cnc(N2CC[C@H](O)C2)c(-c2cncnc2)c1,,9.16,4,8.62,9.7,IC50,B,single protein format,single_protein,8,H,2016,
CHEMBL3911557,CHEMBL3911557,O=C(Nc1ccc(OC(F)(F)Cl)cc1)c1cnc(N2CC(CO)C2)c(-c2ccn[nH]2)c1,,9.0,4,8.7,9.3,IC50,B,single protein format,single_protein,8,H,2016,
CHEMBL3912888,CHEMBL3912888,COc1ncc(-c2cc(C(=O)Nc3ccc(OC(F)(F)F)cc3)ccc2Cl)cn1,,8.09,2,8.09,8.09,IC50,B,single protein format,single_protein,8,H,2016,
CHEMBL3912930,CHEMBL3912930,CN(C)[C@H]1CN(c2ncc(C(=O)Nc3ccc(OC(F)(F)F)cc3)cc2-c2cncc(F)c2)C[C@@H]1O,,8.684999999999999,4,8.52,8.85,IC50,B,single protein format,single_protein,8,H,2016,
CHEMBL3913939,CHEMBL3913939,O=C(Nc1ccc(OC(F)(F)F)cc1)c1cncc(-c2cncnc2)c1,,8.17,3,7.62,8.17,IC50,B,assay format;single protein format,mixed,8;9,D;H,2016;2018,
CHEMBL3914500,CHEMBL3914500,Cc1ncc(-c2cc(C(=O)Nc3ccc(OC(F)(F)F)cc3)cnc2N2CC[C@H](CO)C2)cn1,,8.7,4,8.4,9.0,IC50,B,single protein format,single_protein,8,H,2016,
CHEMBL3915069,CHEMBL3915069,CCN(CCO)c1ncc(C(=O)Nc2ccc(OC(F)(F)Cl)cc2)cc1-c1cncc(F)c1,,9.0,4,8.7,9.3,IC50,B,single protein format,single_protein,8,H,2016,
CHEMBL3915104,CHEMBL3915104,CCN(CCO)c1ncc(C(=O)Nc2ccc(OC(F)(F)F)cc2)cc1-c1cncc(F)c1,,8.7,2,8.7,8.7,IC50,B,single protein format,single_protein,8,H,2016,
CHEMBL3915131,CHEMBL3915131,O=C(O)CCNc1ncc(C(=O)Nc2ccc(OC(F)(F)Cl)cc2)cc1-c1ccn[nH]1,,7.64,2,7.64,7.64,IC50,B,single protein format,single_protein,8,H,2016,
CHEMBL3915183,CHEMBL3915183,COc1ccc(C(=O)Nc2ccc(OC(F)(F)F)cc2)cc1-c1cncnc1,,7.96,1,7.96,7.96,IC50,B,assay format,other,9,D,2018,
CHEMBL3915545,CHEMBL3915545,N[C@@H]1[C@H]2CN(c3ncc(C(=O)Nc4ccc(OC(F)(F)F)cc4)cc3-c3cncnc3)C[C@@H]12,,8.925,4,8.8,9.05,IC50,B,single protein format,single_protein,8,H,2016,
CHEMBL3915619,CHEMBL3915619,Cc1ccc(-c2cc(C(=O)Nc3ccc(OC(F)(F)F)cc3)cnc2N2CCC(C(C)(C)O)C2)cn1,,7.8,2,7.8,7.8,IC50,B,single protein format,single_protein,8,H,2016,
CHEMBL3915759,CHEMBL3915759,CO[C@H]1CN(c2ncc(C(=O)Nc3ccc(OC(F)(F)F)cc3)cc2-c2cncnc2)C[C@@H]1O,,8.4,6,8.22,8.96,IC50,B,single protein format,single_protein,8,H,2016,
CHEMBL3915875,CHEMBL3915875,O=C(Nc1ccc(OC(F)(F)Cl)cc1)c1cnc(N2C[C@@H](O)[C@@H](O)C2)c(-c2cncc(F)c2)c1,,9.11,4,9.0,9.22,IC50,B,single protein format,single_protein,8,H,2016,
CHEMBL3916467,CHEMBL3916467,CO[C@H]1CN(c2ncc(C(=O)Nc3ccc(OC(F)(F)F)cc3)cc2-c2ccn[nH]2)C[C@@H]1N,,8.42,4,8.4,8.44,IC50,B,single protein format,single_protein,8,H,2016,
CHEMBL3916724,CHEMBL3916724,NC12CC1CN(c1ncc(C(=O)Nc3ccc(OC(F)(F)Cl)cc3)cc1-c1ccn[nH]1)C2,,9.2,4,9.0,9.4,IC50,B,single protein format,single_protein,8,H,2016,
CHEMBL391724,CHEMBL391724,CSc1nc(NCc2ccccc2F)c2cnn(CC(Cl)c3ccccc3)c2n1,,7.1,1,7.1,7.1,Ki,B,single protein format,single_protein,9,D,2009,
CHEMBL3917328,CHEMBL3917328,O=C(Nc1ccc(OC(F)(F)F)cc1)c1ccc(N2C[C@H](O)[C@@H](O)C2)c(-c2cncnc2)c1,,8.92,2,8.92,8.92,IC50,B,single protein format,single_protein,8,H,2016,
CHEMBL3917349,CHEMBL3917349,CCc1ccc(-c2cc(C(=O)Nc3ccc(OC(F)(F)F)cc3)cnc2N2CC[C@H](CO)C2)cn1,,7.96,2,7.96,7.96,IC50,B,single protein format,single_protein,8,H,2016,
CHEMBL3917389,CHEMBL3917389,O=C(Nc1ccc(OC(F)(F)F)cc1)c1cnc(C2CCOCC2)c(-c2cncnc2)c1,,8.52,2,8.52,8.52,IC50,B,single protein format,single_protein,8,H,2016,
CHEMBL3917548,CHEMBL3917548,NC1CN(c2ncc(C(=O)Nc3ccc(OC(F)(F)Cl)cc3)cc2-c2cncnc2)C1,,8.29,2,8.29,8.29,IC50,B,single protein format,single_protein,8,H,2016,
CHEMBL3918260,CHEMBL3918260,O=C(Nc1ccc(OC(F)(F)Cl)cc1)c1cnc(NCC[C@H](O)CO)c(-c2ccn[nH]2)c1,,8.11,2,8.11,8.11,IC50,B,single protein format,single_protein,8,H,2016,
CHEMBL3918681,CHEMBL3918681,Cc1ccc(-c2cc(C(=O)Nc3ccc(OC(F)(F)F)cc3)cnc2N2CC(C(C)(C)O)C2)cn1,,8.3,2,8.3,8.3,IC50,B,single protein format,single_protein,8,H,2016,
CHEMBL3918804,CHEMBL3918804,O=C(Nc1ccc(OC(F)(F)Cl)cc1)c1cnc(N2CCOCC2)c(-c2ccn[nH]2)c1,,8.825,4,8.8,8.85,IC50,B,single protein format,single_protein,8,H,2016,
CHEMBL3918819,CHEMBL3918819,COCCOc1ncc(C(=O)Nc2ccc(OC(F)(F)F)cc2)cc1-c1ccn[nH]1,,7.345000000000001,4,7.29,7.4,IC50,B,single protein format,single_protein,8,H,2016,
CHEMBL3918845,CHEMBL3918845,O=C(Nc1ccc(OC(F)(F)F)cc1)c1cnc(N2CCOC(CO)C2)c(-c2cncnc2)c1,,8.31,4,8.21,8.41,IC50,B,single protein format,single_protein,8,H,2016,
CHEMBL3919206,CHEMBL3919206,O=C(Nc1ccc(OC(F)(F)F)cc1)c1cnc(N2C3COCC2COC3)c(-c2cncnc2)c1,,8.295,4,8.19,8.4,IC50,B,single protein format,single_protein,8,H,2016,
CHEMBL3919275,CHEMBL3919275,CCN(CCO)c1ncc(C(=O)Nc2ccc(OC(F)(F)F)cc2)cc1-c1cncc(C#N)c1,,7.99,4,7.43,8.55,IC50,B,single protein format,single_protein,8,H,2016,
CHEMBL3919620,CHEMBL3919620,Cc1ccc(C(=O)Nc2ccc(CN3CCN(C)CC3)c(C(F)(F)F)c2)cc1C#Cc1ccc(-c2ncc[nH]2)nc1,,8.17,2,8.17,8.17,IC50,B,single protein format,single_protein,8,H,2016,
CHEMBL3919800,CHEMBL3919800,O=C(Nc1ccc(OC(F)(F)F)cc1)c1cnc(N2C[C@@H](O)[C@@H](O)C2)c(-c2cncnc2)c1,,8.585,4,8.47,8.7,IC50,B,single protein format,single_protein,8,H,2016,
CHEMBL3920051,CHEMBL3920051,CC1(O)CN(c2ncc(C(=O)Nc3ccc(OC(F)(F)F)cc3)cc2-c2cncnc2)C1,,8.64,2,8.64,8.64,IC50,B,single protein format,single_protein,8,H,2016,
CHEMBL3920904,CHEMBL3920904,N[C@H]1CN(c2ccc(C(=O)Nc3ccc(OC(F)(F)Cl)cc3)cc2-c2ccn[nH]2)C[C@@H]1O,,8.684999999999999,4,8.52,8.85,IC50,B,single protein format,single_protein,8,H,2016,
CHEMBL3921051,CHEMBL3921051,O=C(Nc1ccc(OC(F)(F)F)cc1)c1cnc(OC2CCOCC2)c(-c2cncnc2)c1,,7.855,4,7.66,8.05,IC50,B,single protein format,single_protein,8,H,2016,
CHEMBL3921088,CHEMBL3921088,O=C(Nc1ccc(OC(F)(F)Cl)cc1)c1cnc(N2CCNC3(CC3)C2)c(-c2ccn[nH]2)c1,,8.77,4,8.54,9.0,IC50,B,single protein format,single_protein,8,H,2016,
CHEMBL3921113,CHEMBL3921113,NC(=O)C1CCN(c2ncc(C(=O)Nc3ccc(OC(F)(F)F)cc3)cc2-c2cncnc2)CC1,,7.89,2,7.89,7.89,IC50,B,single protein format,single_protein,8,H,2016,
CHEMBL3921200,CHEMBL3921200,CCN(CCO)c1ncc(C(=O)Nc2ccc(SC(F)(F)F)cc2)cc1-c1cncc(F)c1,,8.719999999999999,4,8.29,9.15,IC50,B,single protein format,single_protein,8,H,2016,
CHEMBL3921587,CHEMBL3921587,C[C@]1(O)CCN(c2ncc(C(=O)Nc3ccc(OC(F)(F)F)cc3)cc2-c2ccn[nH]2)C1,,8.690000000000001,4,8.38,9.0,IC50,B,single protein format,single_protein,8,H,2016,
CHEMBL3922003,CHEMBL3922003,CO[C@H]1CN(c2ncc(C(=O)Nc3ccc(OC(F)(F)Cl)cc3)cc2-c2ccn[nH]2)C[C@@H]1N,,9.075,4,9.0,9.15,IC50,B,single protein format,single_protein,8,H,2016,
CHEMBL3922356,CHEMBL3922356,Cc1cc(-c2cc(C(=O)Nc3ccc(OC(F)(F)Cl)cc3)cnc2N2CC(CO)C2)[nH]n1,,8.92,2,8.92,8.92,IC50,B,single protein format,single_protein,8,H,2016,
CHEMBL3922791,CHEMBL3922791,O=C(Nc1ccc(OC(F)(F)F)cc1)c1cnc(N2CC[C@H](CO)C2)c(-c2cnc(Cl)c(F)c2)c1,,9.52,2,9.52,9.52,IC50,B,single protein format,single_protein,8,H,2016,
CHEMBL3922918,CHEMBL3922918,COc1ccc(C(=O)Nc2ccc(OC(F)(F)F)cc2)cc1-c1ccc(C(C)=O)s1,,8.47,2,8.47,8.47,IC50,B,single protein format,single_protein,8,H,2016,
CHEMBL392301,CHEMBL392301,CCSc1nc(NCCc2ccccc2)c2cnn(CC(Cl)c3ccccc3)c2n1,,6.89,1,6.89,6.89,Ki,B,single protein format,single_protein,9,D,2009,
CHEMBL3923154,CHEMBL3923154,O=C(Nc1ccc(OC(F)(F)F)cc1)c1cnc(N2CCCC2)c(-c2ccn[nH]2)c1,,9.1,2,9.1,9.1,IC50,B,single protein format,single_protein,8,H,2016,
CHEMBL3923412,CHEMBL3923412,O=C(Nc1ccc(OC(F)(F)Cl)cc1)c1cnc(OC2CCOCC2)c(-c2cncnc2)c1,,8.67,4,8.42,8.92,IC50,B,single protein format,single_protein,8,H,2016,
CHEMBL3923589,CHEMBL3923589,CO[C@H]1CN(c2ccc(C(=O)Nc3ccc(OC(F)(F)F)cc3)cc2-c2cncs2)C[C@@H]1O,,8.39,4,8.38,8.4,IC50,B,single protein format,single_protein,8,H,2016,
CHEMBL3923720,CHEMBL3923720,O=C(Nc1ccc(OC(F)(F)Cl)cc1)c1cnc(N2CCC3(CNC3)C2)c(-c2ccn[nH]2)c1,,8.89,2,8.89,8.89,IC50,B,single protein format,single_protein,8,H,2016,
CHEMBL3924434,CHEMBL3924434,O=C(Nc1ccc(OC(F)(F)F)c(F)c1)c1cnc(N2CC[C@H](CO)C2)c(-c2cncc(F)c2)c1,,8.81,4,8.47,9.15,IC50,B,single protein format,single_protein,8,H,2016,
CHEMBL3925052,CHEMBL3925052,CN(CCO)c1ncc(C(=O)Nc2ccc(OC(F)(F)Cl)cc2)cc1-c1cncnc1,,8.899999999999999,4,8.7,9.1,IC50,B,single protein format,single_protein,8,H,2016,
CHEMBL3925769,CHEMBL3925769,O=C(Nc1ccc(OC(F)(F)Cl)cc1)c1cnc(N2CC(CO)C2)c(-c2[nH]ncc2F)c1,,9.1,2,9.1,9.1,IC50,B,single protein format,single_protein,8,H,2016,
CHEMBL3926537,CHEMBL3926537,CC1(O)CCN(c2ncc(C(=O)Nc3ccc(OC(F)(F)Cl)cc3)cc2-c2ccn[nH]2)C1,,9.1,2,9.1,9.1,IC50,B,single protein format,single_protein,8,H,2016,
CHEMBL3926555,CHEMBL3926555,Cn1cc(-c2cc(C(=O)Nc3ccc(OC(F)(F)F)cc3)ccc2Cl)cn1,,7.57,2,7.57,7.57,IC50,B,single protein format,single_protein,8,H,2016,
CHEMBL3926819,CHEMBL3926819,CCOc1ncc(C(=O)Nc2ccc(OC(F)(F)F)cc2)cc1-c1cncnc1,,7.67,4,7.31,8.03,IC50,B,single protein format,single_protein,8,H,2016,
CHEMBL3927318,CHEMBL3927318,CN(C)C1CN(c2ncc(C(=O)Nc3ccc(OC(F)(F)F)cc3)cc2-c2cncnc2)C1,,8.25,4,8.22,8.28,IC50,B,single protein format,single_protein,8,H,2016,
CHEMBL3927811,CHEMBL3927811,N[C@H]1CN(c2ccc(C(=O)Nc3ccc(OC(F)(F)Cl)cc3)cc2-c2cncnc2)C[C@@H]1O,,8.65,4,8.3,9.0,IC50,B,single protein format,single_protein,8,H,2016,
CHEMBL3928323,CHEMBL3928323,Cc1ncc(-c2cc(C(=O)Nc3ccc(OC(F)(F)Cl)cc3)cnc2N2C[C@H](O)[C@@H](O)C2)cn1,,8.925,4,8.7,9.15,IC50,B,single protein format,single_protein,8,H,2016,
CHEMBL3928824,CHEMBL3928824,CC1(O)CCN(c2ncc(C(=O)Nc3ccc(OC(F)(F)F)cc3)cc2-c2cncnc2)C1,,8.48,2,8.48,8.48,IC50,B,single protein format,single_protein,8,H,2016,
CHEMBL3929135,CHEMBL3929135,O=C(Nc1ccc(OC(F)(F)Cl)cc1)c1cnc(N2CCC(F)(F)C2)c(-c2ccn[nH]2)c1,,8.26,2,8.26,8.26,IC50,B,single protein format,single_protein,8,H,2016,
CHEMBL3929270,CHEMBL3929270,NCC1(O)CCN(c2ncc(C(=O)Nc3ccc(OC(F)(F)Cl)cc3)cc2-c2ccn[nH]2)C1,,9.4,2,9.4,9.4,IC50,B,single protein format,single_protein,8,H,2016,
CHEMBL3930248,CHEMBL3930248,O=C(Nc1ccc(OC(F)(F)F)cc1)c1cnc(Cl)c(-c2ncc[nH]2)c1,,8.3,2,8.3,8.3,IC50,B,single protein format,single_protein,8,H,2016,
CHEMBL3930961,CHEMBL3930961,O=C(Nc1ccc(OC(F)(F)F)cc1)c1cnc(N2CC(CO)C2)c(-c2ccn[nH]2)c1,,8.434999999999999,4,8.35,8.52,IC50,B,single protein format,single_protein,8,H,2016,
CHEMBL3931127,CHEMBL3931127,NC12CC1CN(c1ncc(C(=O)Nc3ccc(OC(F)(F)Cl)cc3)cc1-c1cncnc1)C2,,8.690000000000001,4,8.08,9.3,IC50,B,single protein format,single_protein,8,H,2016,
CHEMBL3931751,CHEMBL3931751,Cc1ncc(-c2cc(C(=O)Nc3ccc(OC(F)(F)F)cc3)cnc2N2CC[C@H](CO)C2)cc1F,,8.685,4,8.22,9.15,IC50,B,single protein format,single_protein,8,H,2016,
CHEMBL3932037,CHEMBL3932037,NC1CN(c2ncc(C(=O)Nc3ccc(OC(F)(F)F)cc3)cc2-c2cncc(F)c2)C1,,8.645,4,8.59,8.7,IC50,B,single protein format,single_protein,8,H,2016,
CHEMBL3932245,CHEMBL3932245,O=C(Nc1ccc(OC(F)(F)F)cc1)c1cnc(Cl)c(-c2cncnc2)c1,,8.0,4,8.0,8.0,IC50,B,single protein format,single_protein,8,H,2016,
CHEMBL3933211,CHEMBL3933211,CC1(O)CN(c2ncc(C(=O)Nc3ccc(OC(F)(F)F)cc3)cc2-c2cccnc2)C1,,8.719999999999999,4,8.52,8.92,IC50,B,single protein format,single_protein,8,H,2016,
CHEMBL3933477,CHEMBL3933477,COCCOc1ncc(C(=O)Nc2ccc(OC(F)(F)F)cc2)cc1-c1cncnc1,,7.245,4,7.2,7.29,IC50,B,single protein format,single_protein,8,H,2016,
CHEMBL3933733,CHEMBL3933733,N#Cc1ccncc1-c1cc(C(=O)Nc2ccc(OC(F)(F)Cl)cc2)cnc1N1C[C@H](O)[C@@H](O)C1,,8.899999999999999,4,8.7,9.1,IC50,B,single protein format,single_protein,8,H,2016,
CHEMBL3933980,CHEMBL3933980,O=C(Nc1ccc(OC(F)(F)F)cc1)c1cnc(N2CC(O)C2)c(-c2cncnc2)c1,,8.72,2,8.72,8.72,IC50,B,single protein format,single_protein,8,H,2016,
CHEMBL3934436,CHEMBL3934436,CCN(CCO)c1ncc(C(=O)Nc2ccc(OC(F)(F)Cl)cc2)cc1-c1cncnc1,,8.81,4,8.4,9.22,IC50,B,single protein format,single_protein,8,H,2016,
CHEMBL3935043,CHEMBL3935043,Cc1ccc(C(=O)Nc2ccc(OC(F)(F)F)cc2)cc1-c1cncnc1,,8.265,4,8.07,8.46,IC50,B,single protein format,single_protein,8,H,2016,
CHEMBL3935476,CHEMBL3935476,O=C(Nc1ccc(OC(F)(F)Cl)cc1)c1cnc(N2CCN(CC(F)(F)F)CC2)c(-c2ccn[nH]2)c1,,9.0,2,9.0,9.0,IC50,B,single protein format,single_protein,8,H,2016,
CHEMBL3935589,CHEMBL3935589,O=C(Nc1ccc(OC(F)(F)F)cc1)c1ccc(Cl)c(-c2cccnc2)c1,,7.89,2,7.89,7.89,IC50,B,single protein format,single_protein,8,H,2016,
CHEMBL3935947,CHEMBL3935947,Cc1ccc(C(=O)Nc2ccc(CN3CCN(C)CC3)c(C(F)(F)F)c2)cc1C#Cc1cn(C)c(-c2ncc(C(F)(F)F)[nH]2)n1,,8.19,2,8.19,8.19,IC50,B,single protein format,single_protein,8,H,2016,
CHEMBL3936180,CHEMBL3936180,O=C(Nc1ccc(OC(F)(F)F)cc1)c1ccc(F)c(-c2ccncc2)c1,,7.36,2,7.36,7.36,IC50,B,single protein format,single_protein,8,H,2016,
CHEMBL3936374,CHEMBL3936374,O=C(Nc1ccc(OC(F)(F)Cl)cc1)c1cnc(N2C[C@H](O)[C@@H](F)C2)c(-c2ccn[nH]2)c1,,8.91,4,8.52,9.3,IC50,B,single protein format,single_protein,8,H,2016,
CHEMBL3936417,CHEMBL3936417,Cc1cc(-c2cc(C(=O)Nc3ccc(OC(F)(F)F)cc3)cnc2N2CC(O)C2)[nH]n1,,8.120000000000001,4,8.09,8.15,IC50,B,single protein format,single_protein,8,H,2016,
CHEMBL3936455,CHEMBL3936455,Cc1ccc(-c2cc(C(=O)Nc3ccc(OC(F)(F)F)cc3)ccc2N2C[C@H](O)[C@@H](O)C2)cn1,,8.254999999999999,4,7.77,8.74,IC50,B,single protein format,single_protein,8,H,2016,
CHEMBL3936467,CHEMBL3936467,O=C(Nc1ccc(OC(F)(F)F)cc1)c1ccc(O)c(-c2cncnc2)c1,,7.89,2,7.89,7.89,IC50,B,single protein format,single_protein,8,H,2016,
CHEMBL3936479,CHEMBL3936479,O=C(Nc1ccc(OC(F)(F)F)cc1)c1cnc(N2CC[C@H](CO)C2)c(-c2ccc(C3CC3)nc2)c1,,7.58,2,7.58,7.58,IC50,B,single protein format,single_protein,8,H,2016,
CHEMBL3936682,CHEMBL3936682,O=C(Nc1ccc(OC(F)(F)Cl)cc1)c1cnc(N2CC(CO)C2)c(-c2cncnc2)c1,,8.645,4,8.29,9.0,IC50,B,single protein format,single_protein,8,H,2016,
CHEMBL3937265,CHEMBL3937265,Cc1ccc(-c2cc(C(=O)Nc3ccc(OC(F)(F)F)cc3)cnc2N2CC(CO)C2)cn1,,8.625,4,8.15,9.1,IC50,B,single protein format,single_protein,8,H,2016,
CHEMBL3937525,CHEMBL3937525,CN(CCO)c1ncc(C(=O)Nc2ccc(OC(F)(F)Cl)cc2)cc1-c1cncc(C#N)c1,,8.625,6,7.42,9.7,IC50,B,assay format;single protein format,mixed,8,H,2016,
CHEMBL3937661,CHEMBL3937661,O=C(Nc1ccc(OC(F)(F)Cl)cc1)c1cnc(N2CC[C@H](CO)C2)c(-c2cncnc2)c1,,8.785,4,8.52,9.05,IC50,B,single protein format,single_protein,8,H,2016,
CHEMBL3937862,CHEMBL3937862,O=C(Nc1ccc(OC(F)(F)F)cc1)c1cncc(-c2cncnc2)n1,,6.18,2,6.18,6.18,IC50,B,single protein format,single_protein,8,H,2016,
CHEMBL3938427,CHEMBL3938427,NCC1CN(c2ncc(C(=O)Nc3ccc(OC(F)(F)Cl)cc3)cc2-c2cncc(F)c2)CC1O,,9.055,4,8.89,9.22,IC50,B,single protein format,single_protein,8,H,2016,
CHEMBL3939040,CHEMBL3939040,O=C(Nc1ccc(OC(F)(F)F)cc1)c1cnc(N2CC[C@H](CO)C2)c(-c2cncnc2)c1,,9.7,2,9.7,9.7,IC50,B,single protein format,single_protein,8,H,2016,
CHEMBL3939150,CHEMBL3939150,Cc1ccc(C(=O)N2CCC(Oc3cc(NC(=O)c4ccc(CN5CCN(C)CC5)c(C(F)(F)F)c4)ccc3C)CC2)cn1,,7.34,1,7.34,7.34,IC50,B,cell-based format,cell_based,9,D,2017,
CHEMBL3939263,CHEMBL3939263,COc1ccc(C(=O)Nc2ccc(OC(F)(F)F)cc2)cc1-c1cc[nH]n1,,7.89,2,7.89,7.89,IC50,B,single protein format,single_protein,8,H,2016,
CHEMBL3939643,CHEMBL3939643,N#Cc1ccc(-c2cc(C(=O)Nc3ccc(OC(F)(F)Cl)cc3)cnc2N2C[C@H](O)[C@@H](O)C2)[nH]1,,9.2,4,9.0,9.4,IC50,B,single protein format,single_protein,8,H,2016,
CHEMBL3939723,CHEMBL3939723,Cc1nc(N)cc(N(CC(=O)NO)c2ncc(C(=O)Nc3c(C)cccc3Cl)s2)n1,,7.0,1,7.0,7.0,IC50,B,assay format,other,9,D,2008,
CHEMBL3939870,CHEMBL3939870,Cc1ncc(-c2cc(C(=O)Nc3ccc(OC(F)(F)F)cc3)cnc2N2CC(C)(O)C2)cc1F,,8.85,2,8.85,8.85,IC50,B,single protein format,single_protein,8,H,2016,
CHEMBL3941239,CHEMBL3941239,COc1ncccc1-c1cncc(C(=O)Nc2ccc(OC(F)(F)F)cc2)c1,,7.16,2,7.16,7.16,IC50,B,single protein format,single_protein,8,H,2016,
CHEMBL3941486,CHEMBL3941486,CN(C)[C@H]1CN(c2ncc(C(=O)Nc3ccc(OC(F)(F)Cl)cc3)cc2-c2cncnc2)C[C@@H]1O,,9.15,2,9.15,9.15,IC50,B,single protein format,single_protein,8,H,2016,
CHEMBL3941523,CHEMBL3941523,COc1ccc(C(=O)Nc2ccc(OC(F)(F)F)cc2)cc1-c1cccnc1,,8.49,2,8.49,8.49,IC50,B,single protein format,single_protein,8,H,2016,
CHEMBL3941562,CHEMBL3941562,O=C(Nc1ccc(OC(F)(F)Cl)cc1)c1cnc(NCC(O)CCO)c(-c2ccn[nH]2)c1,,8.24,2,8.24,8.24,IC50,B,single protein format,single_protein,8,H,2016,
CHEMBL3941662,CHEMBL3941662,O=C(Nc1ccc(OC(F)(F)F)cc1)c1ccc(F)c(-c2cc[nH]n2)c1,,7.51,2,7.51,7.51,IC50,B,single protein format,single_protein,8,H,2016,
CHEMBL3942117,CHEMBL3942117,O=C(Nc1ccc(OC(F)(F)Cl)cc1)c1cnc(N2CCNC3(CC3)C2)c(-c2cncnc2)c1,,9.05,4,8.7,9.4,IC50,B,single protein format,single_protein,8,H,2016,
CHEMBL3942231,CHEMBL3942231,O=C(Nc1ccc(OC(F)(F)Cl)cc1)c1cnc(N2C[C@@H](O)[C@@H](O)C2)c(-c2cncnc2)c1,,9.0,6,6.89,9.15,IC50,B,assay format;single protein format,mixed,8,H,2016,
CHEMBL3942251,CHEMBL3942251,CC1(O)CN(c2ncc(C(=O)Nc3ccc(OC(F)(F)Cl)cc3)cc2-c2[nH]ncc2F)C1,,9.15,2,9.15,9.15,IC50,B,single protein format,single_protein,8,H,2016,
CHEMBL3943529,CHEMBL3943529,N#CC1(c2ncc(C(=O)Nc3ccc(OC(F)(F)F)cc3)cc2-c2cncnc2)CCOCC1,,8.18,2,8.18,8.18,IC50,B,single protein format,single_protein,8,H,2016,
CHEMBL3943799,CHEMBL3943799,O=C(Nc1ccc(OC(F)(F)Cl)cc1)c1cnc(N2CC[C@@H](CO)[C@@H](O)C2)c(-c2cncnc2)c1,,8.74,6,7.42,9.22,IC50,B,assay format;single protein format,mixed,8,H,2016,
CHEMBL3943826,CHEMBL3943826,O=C(Nc1ccc(OC(F)(F)Cl)cc1)c1cnc(N2C[C@H](O)[C@@H](O)C2)c(-c2cncc(F)c2)c1,,8.52,2,8.52,8.52,IC50,B,single protein format,single_protein,8,H,2016,
CHEMBL3944135,CHEMBL3944135,NC[C@@H]1CCN(c2ncc(C(=O)Nc3ccc(OC(F)(F)Cl)cc3)cc2-c2cncnc2)C1,,9.26,4,9.0,9.52,IC50,B,single protein format,single_protein,8,H,2016,
CHEMBL3944291,CHEMBL3944291,CC1(O)CN(c2ncc(C(=O)Nc3ccc(OC(F)(F)F)cc3)cc2-c2cnc(Cl)c(F)c2)C1,,8.0,2,8.0,8.0,IC50,B,single protein format,single_protein,8,H,2016,
CHEMBL3944484,CHEMBL3944484,N#Cc1cncc(-c2cccc(C(=O)Nc3ccc(OC(F)(F)F)cc3)c2)c1,,8.41,2,8.41,8.41,IC50,B,single protein format,single_protein,8,H,2016,
CHEMBL3944685,CHEMBL3944685,COc1ccc(C(=O)Nc2ccc(OC(F)(F)F)cc2)cc1-c1ccc2c(c1)OCO2,,8.0,2,8.0,8.0,IC50,B,single protein format,single_protein,8,H,2016,
CHEMBL3945273,CHEMBL3945273,O=C(Nc1ccc(OC(F)(F)Cl)cc1)c1ccc(N2C[C@H](O)[C@@H](O)C2)c(-c2ccn[nH]2)c1,,9.15,2,9.15,9.15,IC50,B,single protein format,single_protein,8,H,2016,
CHEMBL3945312,CHEMBL3945312,O=C(Nc1ccc(OC(F)(F)F)cc1)c1cnc(N2CCNC3(CC3)C2)c(-c2ccn[nH]2)c1,,8.065000000000001,4,8.05,8.08,IC50,B,single protein format,single_protein,8,H,2016,
CHEMBL3945358,CHEMBL3945358,Cc1ncc(C(=O)Nc2ccc(OC(F)(F)F)cc2)cc1-c1cncnc1,,8.58,4,8.52,8.64,IC50,B,single protein format,single_protein,8,H,2016,
CHEMBL3945503,CHEMBL3945503,O=C(Nc1ccc(OC(F)(F)F)cc1)c1cnc(OCCO)c(-c2ccn[nH]2)c1,,6.275,4,6.14,6.41,IC50,B,single protein format,single_protein,8,H,2016,
CHEMBL3945801,CHEMBL3945801,N#Cc1cncc(-c2cc(C(=O)Nc3ccc(SC(F)(F)F)cc3)cnc2N2CC[C@H](CO)C2)c1,,8.575,4,8.1,9.05,IC50,B,single protein format,single_protein,8,H,2016,
CHEMBL394619,CHEMBL394619,Cc1cccc(NC(=O)Nc2ccc(-c3csc4ccnc(N)c34)cc2)c1,,6.4,1,6.4,6.4,Ki,F,assay format,other,8,H,,
CHEMBL3946836,CHEMBL3946836,O=C(Nc1ccc(OC(F)(F)F)cc1)c1ccc(Cl)c(-c2cc[nH]n2)c1,,8.31,2,8.31,8.31,IC50,B,single protein format,single_protein,8,H,2016,
CHEMBL3947817,CHEMBL3947817,O=C(Nc1ccc(OC(F)(F)Cl)cc1)c1cnc(N2CCN(CCF)CC2)c(-c2ccn[nH]2)c1,,8.43,4,8.24,8.62,IC50,B,single protein format,single_protein,8,H,2016,
CHEMBL3948857,CHEMBL3948857,O=C(Nc1ccc(OC(F)(F)F)cc1)c1cnc(OCCO)c(-c2cncnc2)c1,,7.64,4,7.64,7.64,IC50,B,single protein format,single_protein,8,H,2016,
CHEMBL3949052,CHEMBL3949052,Cc1ccc(F)cc1-c1cc(C(=O)Nc2ccc(OC(F)(F)Cl)cc2)cnc1N1C[C@H](O)[C@@H](O)C1,,9.0,2,9.0,9.0,IC50,B,single protein format,single_protein,8,H,2016,
CHEMBL3950047,CHEMBL3950047,O=C(Nc1ccc(OC(F)(F)Cl)cc1)c1cnc(N2CC(O)C2)c(-c2ccn[nH]2)c1,,9.3,2,9.3,9.3,IC50,B,single protein format,single_protein,8,H,2016,
CHEMBL3950095,CHEMBL3950095,O=C(Nc1ccc(OC(F)(F)F)cc1)c1cccc(-c2cncnc2)n1,,6.22,4,6.17,6.27,IC50,B,single protein format,single_protein,8,H,2016,
CHEMBL3950377,CHEMBL3950377,Cc1ccc(C(=O)Nc2ccc(OC(F)(F)F)cc2)cc1-c1cncs1,,8.52,2,8.52,8.52,IC50,B,single protein format,single_protein,8,H,2016,
CHEMBL3950645,CHEMBL3950645,O=C(Nc1ccc(OC(F)(F)F)cc1)c1ccc(OCCN2CCOCC2)c(-c2cncnc2)c1,,8.44,2,8.44,8.44,IC50,B,single protein format,single_protein,8,H,2016,
CHEMBL3951132,CHEMBL3951132,CC(C)(O)c1ncc(C(=O)Nc2ccc(OC(F)(F)F)cc2)cc1-c1cncnc1,,8.03,2,8.03,8.03,IC50,B,single protein format,single_protein,8,H,2016,
CHEMBL3951215,CHEMBL3951215,Cc1ccc(C(=O)Nc2ccc(CN3CCN(C)CC3)c(C(F)(F)F)c2)cc1C#Cc1ccc(-c2ncc(C(F)(F)F)[nH]2)nc1,,7.24,2,7.24,7.24,IC50,B,single protein format,single_protein,8,H,2016,
CHEMBL3951432,CHEMBL3951432,NCC1(F)CCN(c2ncc(C(=O)Nc3ccc(OC(F)(F)Cl)cc3)cc2-c2ccn[nH]2)C1,,8.635000000000002,4,8.31,8.96,IC50,B,single protein format,single_protein,8,H,2016,
CHEMBL3951459,CHEMBL3951459,O=C(Nc1ccc(OC(F)(F)F)c(F)c1)c1cnc(N2CC[C@H](CO)C2)c(-c2cncnc2)c1,,8.4,6,6.56,8.72,IC50,B,assay format;single protein format,mixed,8,H,2016,
CHEMBL3951572,CHEMBL3951572,Cc1cc(-c2cc(C(=O)Nc3ccc(OC(F)(F)F)cc3)cnc2N2CC(CO)C2)[nH]n1,,8.225,4,7.75,8.7,IC50,B,single protein format,single_protein,8,H,2016,
CHEMBL3951931,CHEMBL3951931,N#Cc1cncc(-c2cc(C(=O)Nc3ccc(OC(F)(F)Cl)cc3)cnc2N2CC[C@H](CO)C2)c1,,8.59,4,7.96,9.22,IC50,B,single protein format,single_protein,8,H,2016,
CHEMBL3952440,CHEMBL3952440,CN(C)C1CN(c2ncc(C(=O)Nc3ccc(OC(F)(F)Cl)cc3)cc2-c2ccn[nH]2)C1,,8.65,4,8.25,9.05,IC50,B,single protein format,single_protein,8,H,2016,
CHEMBL3952608,CHEMBL3952608,CO[C@H]1CN(c2ncc(C(=O)Nc3ccc(OC(F)(F)F)cc3)cc2-c2cncc(F)c2)C[C@@H]1N,,8.735,4,8.7,8.77,IC50,B,single protein format,single_protein,8,H,2016,
CHEMBL3952623,CHEMBL3952623,COc1ccc(C(=O)Nc2ccc(OC(F)(F)F)cc2)cc1-c1ccncc1,,8.06,2,8.06,8.06,IC50,B,single protein format,single_protein,8,H,2016,
CHEMBL3952900,CHEMBL3952900,O=C(Nc1ccc(OC(F)(F)F)cc1)c1cnc(N2CCCC2)c(-c2cc(CO)n[nH]2)c1,,8.48,2,8.48,8.48,IC50,B,single protein format,single_protein,8,H,2016,
CHEMBL3953095,CHEMBL3953095,Cc1ncncc1-c1cc(C(=O)Nc2ccc(OC(F)(F)Cl)cc2)ccc1N1C[C@H](O)[C@@H](O)C1,,8.85,4,7.46,8.89,IC50,B,assay format;single protein format,mixed,8,H,2016,
CHEMBL3953321,CHEMBL3953321,CCN(CCO)c1ncc(C(=O)Nc2ccc(OC(F)(F)Cl)cc2)cc1-c1cncc(C#N)c1,,8.66,4,8.22,9.1,IC50,B,single protein format,single_protein,8,H,2016,
CHEMBL3953423,CHEMBL3953423,O=C(Nc1ccc(OC(F)(F)F)cc1)c1cccc(-c2cncnc2)c1F,,7.44,2,7.44,7.44,IC50,B,single protein format,single_protein,8,H,2016,
CHEMBL3953864,CHEMBL3953864,O=C(Nc1ccc(OC(F)(F)Cl)cc1)c1cccc(-c2cncnc2)c1,,8.02,2,8.02,8.02,IC50,B,single protein format,single_protein,8,H,2016,
CHEMBL3954059,CHEMBL3954059,O=C(Nc1ccc(OC(F)(F)Cl)cc1)c1cnc(N2CCN(C3CC3)CC2)c(-c2ccn[nH]2)c1,,8.355,4,8.24,8.47,IC50,B,single protein format,single_protein,8,H,2016,
CHEMBL3954083,CHEMBL3954083,O=C(Nc1ccc(OC(F)(F)F)cc1)c1cnc(N2CCC3(COC3)C2)c(-c2cncnc2)c1,,8.46,2,8.46,8.46,IC50,B,single protein format,single_protein,8,H,2016,
CHEMBL3954214,CHEMBL3954214,O=C(Nc1ccc(OC(F)(F)F)cc1)c1cnc(N2CC[C@H](O)C2)c(-c2cncnc2)c1,,8.32,6,8.05,8.64,IC50,B,assay format;single protein format,mixed,8;9,D;H,2016;2018;2022,
CHEMBL3956542,CHEMBL3956542,O=C(Nc1ccc(OC(F)(F)F)cc1)c1cccc(-c2cncnc2)c1,,8.25,5,7.75,8.47,IC50,B,assay format;single protein format,mixed,8;9,D;H,2016;2018,
CHEMBL3957410,CHEMBL3957410,O=C(Nc1ccc(OC(F)(F)F)cc1)c1cnc(N2CC(O)C2)c(-c2ccn[nH]2)c1,,8.71,4,8.7,8.72,IC50,B,single protein format,single_protein,8,H,2016,
CHEMBL3957513,CHEMBL3957513,O=C(Nc1ccc(OC(F)(F)F)cc1)c1cnc(OCCNCCO)c(-c2cncnc2)c1,,8.38,2,8.38,8.38,IC50,B,single protein format,single_protein,8,H,2016,
CHEMBL3957831,CHEMBL3957831,Cc1cncc(C(=O)N2CCC(Oc3cc(NC(=O)c4ccc(CN5CCN(C)CC5)c(C(F)(F)F)c4)ccc3C)CC2)c1,,8.22,1,8.22,8.22,IC50,B,cell-based format,cell_based,9,D,2017,
CHEMBL3958479,CHEMBL3958479,CN(C)C1CN(c2ncc(C(=O)Nc3ccc(OC(F)(F)F)cc3)cc2-c2ccn[nH]2)C1,,8.46,4,8.1,8.82,IC50,B,single protein format,single_protein,8,H,2016,
CHEMBL3958784,CHEMBL3958784,O=C(Nc1ccc(OC(F)(F)F)cc1)c1cncc(-c2cncc(F)c2)c1,,7.58,2,7.58,7.58,IC50,B,single protein format,single_protein,8,H,2016,
CHEMBL3959105,CHEMBL3959105,O=C(Nc1ccc(CC(F)(F)F)cc1)c1cccc(-c2cncnc2)c1,,6.63,2,6.63,6.63,IC50,B,single protein format,single_protein,8,H,2016,
CHEMBL3959733,CHEMBL3959733,CCN(CCO)c1ncc(C(=O)Nc2ccc(OC(F)(F)F)cc2)cc1-c1ccn[nH]1,,8.895,4,8.74,9.05,IC50,B,single protein format,single_protein,8,H,2016,
CHEMBL3959851,CHEMBL3959851,O=C(Nc1ccc(OC(F)(F)F)cc1)c1cnc(N2CCC(O)C2)c(-c2cncnc2)c1,,8.0,2,8.0,8.0,IC50,B,single protein format,single_protein,8,H,2016,
CHEMBL3959861,CHEMBL3959861,COC(=O)c1ccc(C(=O)Nc2ccc(OC(F)(F)F)cc2)cc1-c1cncnc1,,8.8,2,8.8,8.8,IC50,B,single protein format,single_protein,8,H,2016,
CHEMBL3960404,CHEMBL3960404,O=C(Nc1ccc(OC(F)(F)F)cc1)c1cnc(N2CCC(O)C2)c(-c2ccncc2)c1,,8.15,2,8.15,8.15,IC50,B,single protein format,single_protein,8,H,2016,
CHEMBL3960726,CHEMBL3960726,CN(CCO)c1ncc(C(=O)Nc2ccc(OC(F)(F)F)cc2)cc1-c1cncc(F)c1,,9.0,2,9.0,9.0,IC50,B,single protein format,single_protein,8,H,2016,
CHEMBL3961140,CHEMBL3961140,O=C(Nc1ccc(OC(F)(F)F)cc1)c1cnc(N2CCC(F)(F)C2)c(-c2cncnc2)c1,,8.565000000000001,4,8.33,8.8,IC50,B,single protein format,single_protein,8,H,2016,
CHEMBL3962285,CHEMBL3962285,Cc1cc(-c2cc(C(=O)Nc3ccc(OC(F)(F)Cl)cc3)ccc2N2C[C@H](N)[C@@H](O)C2)[nH]n1,,8.899999999999999,4,8.7,9.1,IC50,B,single protein format,single_protein,8,H,2016,
CHEMBL3962532,CHEMBL3962532,Cc1ccc(C(=O)Nc2ccc(OC(F)(F)F)cc2)cc1-c1cccnc1,,8.4,2,8.4,8.4,IC50,B,single protein format,single_protein,8,H,2016,
CHEMBL3962584,CHEMBL3962584,COc1ncc(-c2cc(C(=O)Nc3ccc(OC(F)(F)F)cc3)ccc2F)cn1,,7.92,2,7.92,7.92,IC50,B,single protein format,single_protein,8,H,2016,
CHEMBL3962651,CHEMBL3962651,Cc1ccc(NC(=O)c2ccc(CN3CCN(C)CC3)c(C(F)(F)F)c2)cc1OC1CCN(C(=O)c2ccccn2)CC1,,7.52,1,7.52,7.52,IC50,B,cell-based format,cell_based,9,D,2017,
CHEMBL3962815,CHEMBL3962815,CC(C)(O)C1CCN(c2ncc(C(=O)Nc3ccc(OC(F)(F)F)cc3)cc2-c2cccnc2)C1,,8.22,2,8.22,8.22,IC50,B,single protein format,single_protein,8,H,2016,
CHEMBL3962900,CHEMBL3962900,O=C(Nc1ccc(OC(F)(F)F)cc1)c1ccc(N2C[C@H](O)[C@@H](O)C2)c(-c2cncs2)c1,,8.504999999999999,4,8.49,8.52,IC50,B,single protein format,single_protein,8,H,2016,
CHEMBL3962922,CHEMBL3962922,O=C(Nc1ccc(OC(F)(F)Cl)cc1)c1cnc(N2CCCC3(CCN3)C2)c(-c2ccn[nH]2)c1,,8.434999999999999,4,8.35,8.52,IC50,B,single protein format,single_protein,8,H,2016,
CHEMBL3963812,CHEMBL3963812,N#Cc1cc(-c2cc(C(=O)Nc3ccc(OC(F)(F)F)cc3)cnc2N2CCCC2)[nH]n1,,7.9350000000000005,4,7.72,8.15,IC50,B,single protein format,single_protein,8,H,2016,
CHEMBL3964661,CHEMBL3964661,COc1ccc(C(=O)Nc2ccc(OC(F)(F)F)cc2)cc1-c1ccc(F)nc1,,8.47,2,8.47,8.47,IC50,B,single protein format,single_protein,8,H,2016,
CHEMBL3964879,CHEMBL3964879,Cc1ncc(-c2cc(C(=O)Nc3ccc(OC(F)(F)Cl)cc3)ccc2N2C[C@H](O)[C@@H](O)C2)cn1,,8.83,4,8.66,9.0,IC50,B,single protein format,single_protein,8,H,2016,
CHEMBL3965050,CHEMBL3965050,O=C(Nc1ccc(OC(F)(F)F)cc1)c1cc(-c2cncnc2)ccc1F,,7.365,4,7.03,7.7,IC50,B,single protein format,single_protein,8,H,2016,
CHEMBL3965179,CHEMBL3965179,Cc1cc(-c2cc(C(=O)Nc3ccc(OC(F)(F)Cl)cc3)cnc2N2CC(O)C2)[nH]n1,,9.35,4,9.0,9.7,IC50,B,single protein format,single_protein,8,H,2016,
CHEMBL396523,CHEMBL396523,O=C(O)c1ccccc1Nc1ccnc(Nc2ccc3[nH]ncc3c2)n1,,6.3,1,6.3,6.3,Ki,F,assay format,other,8,H,,
CHEMBL3965671,CHEMBL3965671,O=C(Nc1ccc(OC(F)(F)F)cc1)c1cnc(C(F)(F)F)c(-c2cncnc2)c1,,7.66,2,7.66,7.66,IC50,B,single protein format,single_protein,8,H,2016,
CHEMBL3965771,CHEMBL3965771,O=C(Nc1ccc(OC(F)(F)F)cc1)c1cnc(N2CCCNCC2)c(-c2cccnc2)c1,,8.4,2,8.4,8.4,IC50,B,single protein format,single_protein,8,H,2016,
CHEMBL3966024,CHEMBL3966024,O=C(Nc1ccc(OC(F)(F)F)cc1)c1ccc(F)c(-c2cccnc2)c1,,7.89,2,7.89,7.89,IC50,B,single protein format,single_protein,8,H,2016,
CHEMBL3967070,CHEMBL3967070,CC1(O)CN(c2ncc(C(=O)Nc3ccc(OC(F)(F)F)cc3)cc2-c2ncc[nH]2)C1,,9.7,4,9.7,9.7,IC50,B,single protein format,single_protein,8,H,2016,
CHEMBL3967484,CHEMBL3967484,O=C(Nc1ccc(OC(F)(F)F)cc1)c1ccnc(-c2cncnc2)c1,,7.89,2,7.89,7.89,IC50,B,single protein format,single_protein,8,H,2016,
CHEMBL3968302,CHEMBL3968302,CN(CCO)c1ncc(C(=O)Nc2ccc(OC(F)(F)F)cc2)cc1-c1cccnc1,,8.27,2,8.27,8.27,IC50,B,single protein format,single_protein,8,H,2016,
CHEMBL3968914,CHEMBL3968914,CCN(CCO)c1ncc(C(=O)Nc2ccc(SC(F)(F)F)cc2)cc1-c1cncnc1,,8.52,2,8.52,8.52,IC50,B,single protein format,single_protein,8,H,2016,
CHEMBL3969546,CHEMBL3969546,CC1(O)CN(c2ncc(C(=O)Nc3ccc(OC(F)(F)F)cc3)cc2-c2ccn[nH]2)C1,,8.34,4,8.28,8.4,IC50,B,single protein format,single_protein,8,H,2016,
CHEMBL3969764,CHEMBL3969764,O=C(Nc1ccc(OC(F)(F)F)cc1)c1cncc(-c2cnn(CCO)c2)c1,,6.82,4,6.7,6.94,IC50,B,single protein format,single_protein,8,H,2016,
CHEMBL3970195,CHEMBL3970195,COC(=O)c1cc(-c2cccc(C(=O)Nc3ccc(OC(F)(F)F)cc3)c2)cs1,,8.48,2,8.48,8.48,IC50,B,single protein format,single_protein,8,H,2016,
CHEMBL3970802,CHEMBL3970802,O=C(Nc1ccc(OC(F)(F)F)cc1)c1cncc(-c2cccnc2O)c1,,7.11,2,7.11,7.11,IC50,B,single protein format,single_protein,8,H,2016,
CHEMBL3970905,CHEMBL3970905,CC(C)(O)C1CN(c2ncc(C(=O)Nc3ccc(OC(F)(F)F)cc3)cc2-c2cccnc2)C1,,8.68,4,8.4,8.96,IC50,B,single protein format,single_protein,8,H,2016,
CHEMBL3971478,CHEMBL3971478,O=C(Nc1ccc(OC(F)(F)F)cc1)c1ccc(N2C[C@H](O)[C@@H](O)C2)c(-c2ccc[nH]2)c1,,8.45,4,8.38,8.52,IC50,B,single protein format,single_protein,8,H,2016,
CHEMBL3971948,CHEMBL3971948,O=C(Nc1ccc(SC(F)(F)F)cc1)c1cnc(N2CC[C@H](CO)C2)c(-c2cncc(F)c2)c1,,8.765,4,8.23,9.3,IC50,B,single protein format,single_protein,8,H,2016,
CHEMBL3972135,CHEMBL3972135,O=C(Nc1ccc(OC(F)(F)Cl)cc1)c1cnc(Cl)c(-c2cncnc2)c1,,8.54,2,8.54,8.54,IC50,B,single protein format,single_protein,8,H,2016,
CHEMBL3973518,CHEMBL3973518,N#Cc1cncc(-c2cc(C(=O)Nc3ccc(OC(F)(F)F)c(F)c3)cnc2N2CC[C@H](CO)C2)c1,,9.025,4,9.0,9.05,IC50,B,single protein format,single_protein,8,H,2016,
CHEMBL3973884,CHEMBL3973884,O=C(Nc1ccc(OC(F)(F)Cl)cc1)c1cnc(N2CCN(CC(F)F)CC2)c(-c2ccn[nH]2)c1,,8.030000000000001,4,7.58,8.48,IC50,B,single protein format,single_protein,8,H,2016,
CHEMBL3973934,CHEMBL3973934,O=C(Nc1ccc(OC(F)(F)F)cc1)c1cccc(-c2cnc(OCCO)nc2)c1,,8.19,2,8.19,8.19,IC50,B,single protein format,single_protein,8,H,2016,
CHEMBL3974180,CHEMBL3974180,CN(CCO)c1ncc(C(=O)Nc2ccc(SC(F)(F)F)cc2)cc1-c1cncc(F)c1,,9.02,4,8.64,9.4,IC50,B,single protein format,single_protein,8,H,2016,
CHEMBL3974327,CHEMBL3974327,Cc1ccc(C(=O)Nc2ccc(CN3CCN(C)CC3)c(C(F)(F)F)c2)cc1C#Cc1cnc2[nH]ccc2n1,,8.67,2,8.67,8.67,IC50,B,single protein format,single_protein,8,H,2016,
CHEMBL3974522,CHEMBL3974522,Cn1cc(-c2cc(C(=O)Nc3ccc(OC(F)(F)F)cc3)ccc2F)cn1,,7.46,2,7.46,7.46,IC50,B,single protein format,single_protein,8,H,2016,
CHEMBL3975996,CHEMBL3975996,O=C(Nc1ccc(OC(F)(F)F)cc1)c1cc(-c2cncnc2)ccn1,,6.19,2,6.19,6.19,IC50,B,single protein format,single_protein,8,H,2016,
CHEMBL3976713,CHEMBL3976713,N#Cc1cncc(-c2cc(C(=O)Nc3ccc(OC(F)(F)F)cc3)cnc2N2CC[C@H](CO)C2)c1,,9.15,2,9.15,9.15,IC50,B,single protein format,single_protein,8,H,2016,
CHEMBL3977018,CHEMBL3977018,Cc1ncc(-c2cc(C(=O)Nc3ccc(OC(F)(F)F)cc3)cnc2N2CC(CO)C2)cc1F,,8.9,4,8.4,9.4,IC50,B,single protein format,single_protein,8,H,2016,
CHEMBL3977120,CHEMBL3977120,O=C(Nc1ccc(OC(F)(F)Cl)cc1)c1cnc(Cl)c(-c2cncc(F)c2)c1,,8.41,2,8.41,8.41,IC50,B,single protein format,single_protein,8,H,2016,
CHEMBL3977220,CHEMBL3977220,O=C(Nc1ccc(OC(F)(F)F)cc1)c1cnc(N2Cc3cn[nH]c3C2)c(-c2cncnc2)c1,,8.98,4,8.96,9.0,IC50,B,single protein format,single_protein,8,H,2016,
CHEMBL3977260,CHEMBL3977260,Cc1ccc(-c2cc(C(=O)Nc3ccc(OC(F)(F)F)cc3)cnc2N2CC[C@@H](CN)C2)cn1,,8.3,2,8.3,8.3,IC50,B,single protein format,single_protein,8,H,2016,
CHEMBL3977958,CHEMBL3977958,O=C(Nc1ccc(OC(F)(F)F)cc1)c1cnc(N2CCCC(O)C2)c(-c2cccnc2)c1,,8.4,2,8.4,8.4,IC50,B,single protein format,single_protein,8,H,2016,
CHEMBL3978018,CHEMBL3978018,O=C(Nc1ccc(OC(F)(F)F)cc1)c1cccc(-c2cnccn2)c1,,8.51,2,8.51,8.51,IC50,B,single protein format,single_protein,8,H,2016,
CHEMBL3979039,CHEMBL3979039,Nc1ncc(-c2cncc(C(=O)Nc3ccc(OC(F)(F)F)cc3)c2)cn1,,7.98,4,7.5,8.46,IC50,B,single protein format,single_protein,8,H,2016,
CHEMBL3979129,CHEMBL3979129,O=C(Nc1ccc(OC(F)(F)F)cc1)c1cnc(N2CCOCC2)c(-c2ccc(CO)nc2)c1,,8.555,4,8.52,8.59,IC50,B,single protein format,single_protein,8,H,2016,
CHEMBL3979404,CHEMBL3979404,Cc1ccc(C(=O)Nc2ccc(OC(F)(F)F)cc2)cc1-n1ccnc1,,8.4,2,8.4,8.4,IC50,B,single protein format,single_protein,8,H,2016,
CHEMBL3979517,CHEMBL3979517,NC12CC1CN(c1ncc(C(=O)Nc3ccc(OC(F)(F)F)cc3)cc1-c1ccn[nH]1)C2,,8.41,4,8.3,8.52,IC50,B,single protein format,single_protein,8,H,2016,
CHEMBL3980432,CHEMBL3980432,CO[C@H]1CN(c2ncc(C(=O)Nc3ccc(OC(F)(F)Cl)cc3)cc2-c2cncc(F)c2)C[C@@H]1N,,9.05,4,9.0,9.1,IC50,B,single protein format,single_protein,8,H,2016,
CHEMBL3980913,CHEMBL3980913,Nc1ncc(-c2cc(C(=O)Nc3ccc(OC(F)(F)F)cc3)cnc2N2CCCC2)cn1,,9.05,2,9.05,9.05,IC50,B,single protein format,single_protein,8,H,2016,
CHEMBL3981125,CHEMBL3981125,Cc1ccc(-c2cc(C(=O)Nc3ccc(OC(F)(F)F)cc3)cnc2N2CC(O)C2)cn1,,8.68,4,8.4,8.96,IC50,B,single protein format,single_protein,8,H,2016,
CHEMBL3981232,CHEMBL3981232,NC1CN(c2ncc(C(=O)Nc3ccc(OC(F)(F)Cl)cc3)cc2-c2ccn[nH]2)C1,,9.05,4,8.4,9.7,IC50,B,single protein format,single_protein,8,H,2016,
CHEMBL3981592,CHEMBL3981592,O=C(Nc1ccc(OC(F)(F)F)cc1)c1cccc(-n2ccnc2)c1,,8.72,2,8.72,8.72,IC50,B,single protein format,single_protein,8,H,2016,
CHEMBL3981919,CHEMBL3981919,CC(C)(C#N)c1ncc(C(=O)Nc2ccc(OC(F)(F)F)cc2)cc1-c1cncnc1,,8.26,4,7.52,9.0,IC50,B,single protein format,single_protein,8,H,2016,
CHEMBL3982715,CHEMBL3982715,O=C(Nc1ccc(OC(F)(F)F)cc1)c1cnc(N2CCOC(CO)C2)c(-c2ccn[nH]2)c1,,8.195,4,8.09,8.3,IC50,B,single protein format,single_protein,8,H,2016,
CHEMBL398279,CHEMBL398279,Cc1cc(-c2cc(O)ccc2Br)cc2nnc(Nc3ccc(S(=O)(=O)NCCN4CCCC4)cc3)nc12,,8.06,2,7.12,9.0,Ki,B,assay format;single protein format,mixed,8;9,D;H,2007,
CHEMBL3983162,CHEMBL3983162,CN(C)[C@H]1CN(c2ncc(C(=O)Nc3ccc(OC(F)(F)Cl)cc3)cc2-c2ccn[nH]2)C[C@@H]1O,,8.85,2,8.85,8.85,IC50,B,single protein format,single_protein,8,H,2016,
CHEMBL3983928,CHEMBL3983928,CC1(O)CN(c2ncc(C(=O)Nc3ccc(OC(F)(F)F)cc3)cc2-c2cncc(F)c2)C1,,8.82,2,8.82,8.82,IC50,B,single protein format,single_protein,8,H,2016,
CHEMBL3984212,CHEMBL3984212,O=C(Nc1ccc(OC(F)(F)Cl)cc1)c1cnc(N2CCC(O)CC2)c(-c2ccn[nH]2)c1,,8.76,6,8.4,9.15,IC50,B,single protein format,single_protein,8,H,2016;2018,
CHEMBL3984547,CHEMBL3984547,CCN(CCO)c1ncc(C(=O)Nc2ccc(OC(F)(F)Cl)cc2)cc1-c1ccn[nH]1,,8.945,4,8.89,9.0,IC50,B,single protein format,single_protein,8,H,2016,
CHEMBL3985022,CHEMBL3985022,CN(CCO)c1ncc(C(=O)Nc2ccc(OC(F)(F)Cl)cc2)cc1-c1ccn[nH]1,,8.52,4,8.47,8.57,IC50,B,single protein format,single_protein,8,H,2016,
CHEMBL3985189,CHEMBL3985189,O=C(Nc1ccc(OC(F)(F)F)cc1)c1cnc(Cl)c(-c2ccn[nH]2)c1,,7.26,2,7.26,7.26,IC50,B,single protein format,single_protein,8,H,2016,
CHEMBL3986023,CHEMBL3986023,O=C(Nc1ccc(OC(F)(F)Cl)cc1)c1cnc(NCCC(O)CO)c(-c2ccn[nH]2)c1,,8.18,2,8.18,8.18,IC50,B,single protein format,single_protein,8,H,2016,
CHEMBL3986132,CHEMBL3986132,O=C(Nc1ccc(OC(F)(F)F)cc1)c1ccc(N2CCOC2=O)c(-c2cncnc2)c1,,8.83,4,8.26,9.4,IC50,B,single protein format,single_protein,8,H,2016,
CHEMBL3986284,CHEMBL3986284,Cc1ncc(-c2cc(C(=O)Nc3ccc(OC(F)(F)F)cc3)cnc2N2CC(C)(O)C2)cn1,,8.1,6,6.29,8.27,IC50,B,assay format;single protein format,mixed,8,H,2016,
CHEMBL3986873,CHEMBL3986873,O=C(Nc1ccc(OC(F)(F)Cl)cc1)c1cnc(N2Cc3cn[nH]c3C2)c(-c2cncnc2)c1,,9.22,2,9.22,9.22,IC50,B,single protein format,single_protein,8,H,2016,
CHEMBL3987130,CHEMBL3987130,O=C(Nc1ccc(OC(F)(F)F)cc1)c1cnc(C2=CCOCC2)c(-c2cncnc2)c1,,8.22,2,8.22,8.22,IC50,B,single protein format,single_protein,8,H,2016,
CHEMBL398845,CHEMBL398845,CCN(CC)CCN1CCC(S(=O)(=O)c2ccc(Nc3nnc4cc(-c5cc(O)ccc5Cl)cc(C)c4n3)cc2)CC1,,7.625,2,6.79,8.46,Ki,B,assay format;single protein format,mixed,8;9,D;H,2007,
CHEMBL3989870,CHEMBL3989870,CNCc1ccc(-c2cc(-c3nc(-c4ccc(S(=O)(=O)C(C)C)cc4)cnc3N)on2)cc1,BERZOSERTIB,7.23,1,7.23,7.23,Ki,B,single protein format,single_protein,9,D,2019,2
CHEMBL3989914,CHEMBL3989914,COCCNCc1ccc(-c2cc3nccc(Oc4ccc(NC(=S)NC(=O)Cc5ccc(F)cc5)cc4F)c3s2)nc1,GLESATINIB,6.62,1,6.62,6.62,Kd,B,subcellular format,other,9,D,2017,2
CHEMBL3991932,CHEMBL3991932,Cc1ccc(-n2nc(C(C)(C)C)cc2NC(=O)NCc2cc(F)ccc2Oc2ccc3c(cnn3CCO)c2)cc1,PEXMETINIB,6.68,1,6.68,6.68,Kd,B,subcellular format,other,9,D,2017,2
CHEMBL399246,CHEMBL399246,Cc1cc(-c2cc(O)ccc2Cl)cc2nnc(Nc3ccc(C(=O)N4CCN(C)CC4)cc3)nc12,,8.49,2,7.68,9.3,Ki,B,assay format;single protein format,mixed,8;9,D;H,2007,
CHEMBL399268,CHEMBL399268,Cc1cc(-c2cc(O)ccc2Cl)cc2nnc(Nc3ccc(S(=O)(=O)CCCN4CCCC4)cc3)nc12,,8.285,2,7.8,8.77,Ki,B,assay format;single protein format,mixed,8;9,D;H,2007,
CHEMBL399438,CHEMBL399438,N#Cc1cnc2cc(-c3ccc(CN4CCOCC4)cc3)ccc2c1N[C@@H]1C[C@H]1c1ccccc1,,6.52,1,6.52,6.52,Ki,B,single protein format,single_protein,8,H,2007,
CHEMBL399627,CHEMBL399627,CSc1nc(Nc2cccc(Br)c2)c2cnn(CC(Cl)c3ccc(F)cc3)c2n1,,6.82,1,6.82,6.82,Ki,B,single protein format,single_protein,9,D,2009,
CHEMBL400211,CHEMBL400211,CSc1nc(Nc2cccc(Cl)c2)c2cnn(CC(Cl)c3ccccc3)c2n1,,6.22,1,6.22,6.22,Ki,B,single protein format,single_protein,9,D,2009,
CHEMBL400303,CHEMBL400303,Cc1cc(-c2c(Cl)ccc(O)c2Cl)cc2nnc(Nc3ccc(S(=O)(=O)NCCN4CCCC4)cc3)nc12,,7.4350000000000005,2,7.3,7.57,Ki,B,assay format;single protein format,mixed,8;9,D;H,2007,
CHEMBL400402,CHEMBL400402,Cc1cc(-c2cc(O)ccc2Cl)cc2nnc(Nc3ccc(OCCN4CCCC4)cc3)nc12,,8.7,3,7.26,8.89,Kd;Ki,B,assay format;single protein format;subcellular format,mixed,8;9,D;H,2007;2017,
CHEMBL400403,CHEMBL400403,Cc1cc(-c2cc(O)ccc2Cl)cc2nnc(Nc3ccc(C(=O)NCCN4CCCC4)cc3)nc12,,7.955,2,7.32,8.59,Ki,B,assay format;single protein format,mixed,8;9,D;H,2007,
CHEMBL401238,CHEMBL401238,CSc1nc(Nc2ccccc2)c2cnn(CC(Cl)c3ccccc3)c2n1,,6.4,1,6.4,6.4,Ki,B,single protein format,single_protein,9,D,2008,
CHEMBL401251,CHEMBL401251,COCCOc1cc2ncc(C#N)c(N[C@@H]3C[C@H]3c3ccccc3)c2cc1OC,,6.41,1,6.41,6.41,Ki,B,single protein format,single_protein,8,H,2007,
CHEMBL401447,CHEMBL401447,CCCSc1nc(Nc2cccc(Cl)c2)c2cnn(CC(Cl)c3ccccc3)c2n1,,6.82,1,6.82,6.82,Ki,B,single protein format,single_protein,9,D,2009,
CHEMBL402288,CHEMBL402288,O=C(Nc1nnc(SCc2cccc(F)c2)s1)c1ccccc1Cl,,6.57,1,6.57,6.57,Ki,B,single protein format,single_protein,9,D,2008,
CHEMBL402548,CHEMBL402548,CO[C@@H](C(=O)N1Cc2[nH]nc(NC(=O)c3ccc(N4CCN(C)CC4)cc3)c2C1)c1ccccc1,DANUSERTIB,7.859999999999999,4,7.6,8.3,IC50;Kd,B,assay format;single protein format;subcellular format,mixed,9,D,2006;2010;2013;2017,2
CHEMBL402568,CHEMBL402568,O=C(Nc1nnc(SCc2ccc([N+](=O)[O-])cc2)s1)c1ccc(Cl)cc1,,7.04,1,7.04,7.04,Ki,B,single protein format,single_protein,9,D,2008,
CHEMBL402891,CHEMBL402891,COc1ccc(CSc2nnc(NC(=O)c3ccc(F)cc3)s2)cc1,,6.71,1,6.71,6.71,Ki,B,single protein format,single_protein,9,D,2008,
CHEMBL403402,CHEMBL403402,Nc1n[nH]c2nccc(-c3ccc(NC(=O)Nc4cc(C(F)(F)F)ccc4F)cc3)c12,,7.1,1,7.1,7.1,Ki,F,assay format,other,8,H,,
CHEMBL403731,CHEMBL403731,O=C(Nc1nnc(SCc2ccc(Br)cc2)s1)c1ccc(Cl)cc1,,7.33,1,7.33,7.33,Ki,B,single protein format,single_protein,9,D,2008,
CHEMBL404366,CHEMBL404366,Cn1nc(N)c2c(-c3ccc(NC(=O)Nc4cccc(Cl)c4)cc3)cncc21,,6.5,1,6.5,6.5,Ki,F,assay format,other,8,H,,
CHEMBL404666,CHEMBL404666,CC(C)(C)N1CN(c2ccc(Cl)cc2)C(N)=C2C=NN=C21,,6.28,1,6.28,6.28,Ki,B,single protein format,single_protein,9,D,2008,
CHEMBL4062453,CHEMBL4062453,CN(C)CCn1cc(-c2ccn3c(-c4ccc(C(N)=O)c(OCc5cccc(F)c5)c4)cnc3c2)cn1,,7.7,1,7.7,7.7,IC50,B,single protein format,single_protein,9,D,2017,
CHEMBL4062877,CHEMBL4062877,Cc1n[nH]c2ccc(-c3cc(N[C@@H](CO)c4ccccc4)cnc3-c3cc(F)ccc3O)cc12,,8.54,1,8.54,8.54,IC50,B,single protein format,single_protein,9,D,2017,
CHEMBL406658,CHEMBL406658,Fc1ccc(CNc2ncnc3c2cnn3CC(Cl)c2ccc(Cl)cc2)cc1,,6.949999999999999,2,6.8,7.1,Ki,B,assay format;single protein format,mixed,9,D,2008;2013,
CHEMBL4067871,CHEMBL4067871,OC[C@H](Nc1cnc(-c2cc(Cl)ccc2O)c(-c2ccc3cnccc3c2)c1)c1ccccc1,,8.37,1,8.37,8.37,IC50,B,single protein format,single_protein,9,D,2017,
CHEMBL406845,CHEMBL406845,CC(C)(C)n1nc(-c2ccc(Cl)cc2)c2c(N)ncnc21,,6.76,3,6.3,7.1,IC50;Ki,B;F,assay format;single protein format,mixed,8;9,D;H,2008;2017,
CHEMBL4069365,CHEMBL4069365,CC1(C)OCC(=O)Nc2cc(Nc3nc(NCC(F)(F)F)c4occc4n3)ccc21,,6.39,1,6.39,6.39,IC50,B,single protein format,single_protein,9,D,2016,
CHEMBL4075917,CHEMBL4075917,Cc1n[nH]c2ccc(-c3cc(N[C@@H](CO)c4ccccc4)cnc3-c3ccc(F)cc3O)cc12,,8.21,1,8.21,8.21,IC50,B,single protein format,single_protein,9,D,2017,
CHEMBL408291,CHEMBL408291,O=C(Nc1nnc(SCc2cccc(Cl)c2)s1)c1ccccc1Cl,,6.12,1,6.12,6.12,Ki,B,single protein format,single_protein,9,D,2008,
CHEMBL4088216,CHEMBL4088216,CN1C(=O)[C@@H](N2CCc3cn(Cc4ccccc4)nc3C2=O)COc2ccccc21,TP-030-1,6.0,1,6.0,6.0,IC50,B,single protein format,single_protein,9,D,2021,
CHEMBL408966,CHEMBL408966,Clc1ccc(C(Cl)Cn2ncc3c(NCc4cccc(Cl)c4)ncnc32)cc1,,7.1,1,7.1,7.1,Ki,B,single protein format,single_protein,9,D,2008,
CHEMBL409082,CHEMBL409082,O=C(Nc1nnc(SCc2ccccc2)s1)c1ccc(F)cc1,,7.16,1,7.16,7.16,Ki,B,single protein format,single_protein,9,D,2008,
CHEMBL4091628,CHEMBL4091628,CN1CCN(Cc2ccc(NC(=O)c3ccc(Cl)c(C#Cc4cncc(N5CCOCC5)c4)c3)cc2C(F)(F)F)CC1,,7.63,1,7.63,7.63,IC50,B,single protein format,single_protein,9,D,2017,
CHEMBL409349,CHEMBL409349,Cc1cc(C)cc(NC(=O)Nc2ccc(-c3cccc4onc(N)c34)cc2)c1,,6.3,1,6.3,6.3,Ki,F,assay format,other,8,H,,
CHEMBL4095253,CHEMBL4095253,C=CS(=O)(=O)N1CCC[C@@H]1Cn1cc(-c2ccc3c(c2)OCO3)c2c(N)ncnc21,,6.1,1,6.1,6.1,IC50,B,cell-based format,cell_based,9,D,2017,
CHEMBL4097778,CHEMBL4097778,CN1C(=O)[C@@H](N2CCc3cn(CC4CCS(=O)(=O)CC4)nc3C2=O)COc2ccccc21,TP-030n,6.0,1,6.0,6.0,IC50,B,single protein format,single_protein,9,D,2021,
CHEMBL4105329,CHEMBL4105329,Cc1n[nH]c2ccc(-c3cc(N[C@@H](CO)c4ccccc4)cnc3-c3cc(Cl)ccc3O)cc12,,8.18,1,8.18,8.18,IC50,B,single protein format,single_protein,9,D,2017,
CHEMBL4106446,CHEMBL4106446,O=C(Nc1ccc(S(=O)(=O)C(F)(F)F)cc1)c1cnc(N2CC[C@@H](O)C2)c(-c2cncnc2)c1,,8.094999999999999,4,8.09,8.1,IC50,B,single protein format,single_protein,8,H,2016,
CHEMBL4106490,CHEMBL4106490,O=C(Nc1ccc(SC(F)(F)F)cc1)c1cnc(N2CC[C@@H](O)C2)c(-c2ccc[nH]2)c1,,8.51,4,8.43,8.59,IC50,B,single protein format,single_protein,8,H,2016,
CHEMBL4106560,CHEMBL4106560,O=C(Nc1ccc(OC(F)(F)F)cc1)c1ccc(N2C[C@H](CO)[C@@H](O)C2)c(-c2cncs2)c1,,9.09,4,8.96,9.22,IC50,B,single protein format,single_protein,8,H,2016,
CHEMBL4106602,CHEMBL4106602,O=C(Nc1ccc(SC(F)(F)Cl)cc1)c1cnc(N2CC[C@@H](O)C2)c(-c2cncc(F)c2)c1,,8.785,6,8.0,9.22,IC50,B,assay format;single protein format,mixed,8,H,2016,
CHEMBL4106732,CHEMBL4106732,O=C(Nc1ccc(SC(F)(F)F)cc1)c1cnc(N2CC[C@@H](O)C2)c(-c2cncnc2)c1,,9.15,7,7.72,9.7,IC50,B,assay format;single protein format,mixed,8;9,D;H,2016;2018,
CHEMBL4106838,CHEMBL4106838,O=C(Nc1ccc(OC(F)(F)Cl)cc1)c1cnc(N2CC[C@@H](O)C2)c(-c2cncc(F)c2)c1,,8.4,4,7.92,9.3,IC50,B,assay format;single protein format,mixed,8,H,2016,
CHEMBL4107033,CHEMBL4107033,COc1ncc(-c2cc(C(=O)Nc3ccc(OC(F)(F)Cl)cc3)cnc2N2CC[C@@H](O)C2)c(OC)n1,,8.68,4,7.44,8.7,IC50,B,assay format;single protein format,mixed,8,H,2016,
CHEMBL4107045,CHEMBL4107045,O=C(Nc1ccc(OC(F)(F)Cl)cc1)c1ccc(N2CC[C@@H](O)C2)c(-c2cncnc2)c1,,9.095,4,8.89,9.3,IC50,B,single protein format,single_protein,8,H,2016,
CHEMBL4107050,CHEMBL4107050,N#Cc1cncc(-c2cc(C(=O)Nc3ccc(SC(F)(F)F)cc3)cnc2N2CC[C@@H](O)C2)c1,,9.05,4,8.4,9.7,IC50,B,single protein format,single_protein,8,H,2016,
CHEMBL4107083,CHEMBL4107083,C[C@@]1(O)CCN(c2ncc(C(=O)Nc3ccc(OC(F)(F)F)cc3)cc2-c2cncnc2)C1,,9.4,2,9.4,9.4,IC50,B,single protein format,single_protein,8,H,2016,
CHEMBL4107125,CHEMBL4107125,O=C(Nc1ccc(SC(F)F)cc1)c1cnc(N2CC[C@@H](O)C2)c(-c2cncnc2)c1,,8.22,4,7.96,8.48,IC50,B,single protein format,single_protein,8,H,2016,
CHEMBL4107241,CHEMBL4107241,N#Cc1ccncc1-c1cc(C(=O)Nc2ccc(OC(F)(F)F)cc2)cnc1N1CC[C@@H](O)C1,,8.774999999999999,4,8.7,8.85,IC50,B,single protein format,single_protein,8,H,2016,
CHEMBL4107355,CHEMBL4107355,N[C@@H]1CCN(c2ncc(C(=O)Nc3ccc(OC(F)(F)F)cc3)cc2-c2cncnc2)C1,,8.535,4,8.22,8.85,IC50,B,single protein format,single_protein,8,H,2016,
CHEMBL4107401,CHEMBL4107401,O=C(Nc1ccc(C(F)(F)C(F)(F)F)cc1)c1cnc(N2CC[C@@H](O)C2)c(-c2cncnc2)c1,,8.815000000000001,4,6.89,9.22,IC50,B,assay format;single protein format,mixed,8,H,2016,
CHEMBL4107476,CHEMBL4107476,O=C(Nc1ccc(SC(F)(F)F)c(F)c1)c1cnc(N2CC[C@@H](O)C2)c(-c2cncc(F)c2)c1,,8.760000000000002,4,8.22,9.3,IC50,B,single protein format,single_protein,8,H,2016,
CHEMBL4107478,CHEMBL4107478,O=C(Nc1ccc(OC(F)(F)F)cc1)c1cnc(N2CC[C@@H](O)C2)c(-c2ccccn2)c1,,9.18,4,8.66,9.7,IC50,B,single protein format,single_protein,8,H,2016,
CHEMBL4107521,CHEMBL4107521,O=C(Nc1ccc(C(F)(F)C(F)(F)F)cc1)c1cnc(N2CC[C@@H](O)C2)c(-c2cncc(F)c2)c1,,9.3,2,9.3,9.3,IC50,B,single protein format,single_protein,8,H,2016,
CHEMBL4107596,CHEMBL4107596,N[C@]1(C(F)(F)F)CCN(c2ncc(C(=O)Nc3ccc(OC(F)(F)F)cc3)cc2-c2ccn[nH]2)C1,,8.39,2,8.39,8.39,IC50,B,single protein format,single_protein,8,H,2016,
CHEMBL4107599,CHEMBL4107599,N#Cc1cncc(-c2cc(C(=O)Nc3ccc(OC(F)(F)Cl)cc3)cnc2N2CC[C@@H](O)C2)c1,,8.52,2,8.52,8.52,IC50,B,single protein format,single_protein,8,H,2016,
CHEMBL4107740,CHEMBL4107740,N#Cc1ccncc1-c1cc(C(=O)Nc2ccc(OC(F)(F)Cl)cc2)cnc1N1CC[C@@H](O)C1,,9.4,2,9.4,9.4,IC50,B,single protein format,single_protein,8,H,2016,
CHEMBL4107812,CHEMBL4107812,Cc1ncc(-c2cc(C(=O)Nc3ccc(OC(F)(F)F)cc3)cnc2N2CC[C@@H](O)C2)cc1F,,9.22,2,9.22,9.22,IC50,B,single protein format,single_protein,8,H,2016,
CHEMBL4108244,CHEMBL4108244,N#Cc1cncc(-c2cc(C(=O)Nc3ccc(SC(F)(F)F)c(F)c3)cnc2N2CC[C@@H](O)C2)c1,,8.74,4,8.52,8.96,IC50,B,single protein format,single_protein,8,H,2016,
CHEMBL4108263,CHEMBL4108263,O=C(Nc1ccc(OC(F)(F)Cl)cc1)c1cnc(N2CC[C@@H](O)C2)c(-c2cc(F)cnc2F)c1,,8.68,4,8.4,8.96,IC50,B,single protein format,single_protein,8,H,2016,
CHEMBL4108311,CHEMBL4108311,N#Cc1ccc(F)cc1-c1cc(C(=O)Nc2ccc(OC(F)(F)Cl)cc2)cnc1N1CC[C@@H](O)C1,,8.82,2,8.82,8.82,IC50,B,single protein format,single_protein,8,H,2016,
CHEMBL4108373,CHEMBL4108373,O=C(Nc1ccc(SC(F)(F)Cl)cc1)c1cnc(N2CC[C@@H](O)C2)c(-c2cncnc2)c1,,9.05,4,8.7,9.4,IC50,B,single protein format,single_protein,8,H,2016,
CHEMBL4108403,CHEMBL4108403,O=C(Nc1ccc(OC(F)(F)Cl)cc1)c1cnc(N2CC[C@@H](O)C2)c(-c2cc(F)nc(F)c2)c1,,8.809999999999999,4,8.7,8.92,IC50,B,single protein format,single_protein,8,H,2016,
CHEMBL4108461,CHEMBL4108461,CC(C)(O)c1cc(F)cc(-c2cc(C(=O)Nc3ccc(OC(F)(F)F)cc3)cnc2N2CC[C@@H](O)C2)c1,,8.31,4,8.22,8.4,IC50,B,single protein format,single_protein,8,H,2016,
CHEMBL4108470,CHEMBL4108470,O=C(Nc1ccc(SC(F)(F)F)nc1)c1cnc(N2CC[C@@H](O)C2)c(-c2cncnc2)c1,,8.309999999999999,4,8.1,8.52,IC50,B,single protein format,single_protein,8,H,2016,
CHEMBL4108473,CHEMBL4108473,O=C(Nc1ccc(OC(F)(F)F)cc1)c1cnc(N2CC[C@@H](O)C2)c(-c2cnoc2)c1,,8.05,2,8.05,8.05,IC50,B,single protein format,single_protein,8,H,2016,
CHEMBL4108599,CHEMBL4108599,Cc1ccc(-c2cc(C(=O)Nc3ccc(OC(F)(F)C(F)F)cc3)cnc2N2CC[C@@H](O)C2)cn1,,7.975,4,7.8,8.15,IC50,B,single protein format,single_protein,8,H,2016,
CHEMBL4108652,CHEMBL4108652,O=C(Nc1ccc(C(F)(F)C(F)(F)Cl)cc1)c1cnc(N2CC[C@@H](O)C2)c(-c2cncnc2)c1,,9.025,6,7.62,9.3,IC50,B,assay format;single protein format,mixed,8,H,2016,
CHEMBL4108670,CHEMBL4108670,O=C(Nc1ccc(OC(F)(F)F)cc1)c1cnc(N2C[C@H](CO)[C@@H](O)C2)c(-c2cncs2)c1,,8.425,4,8.0,8.85,IC50,B,single protein format,single_protein,8,H,2016,
CHEMBL4108718,CHEMBL4108718,N#Cc1ncc(F)cc1-c1cc(C(=O)Nc2ccc(OC(F)(F)Cl)cc2)cnc1N1CC[C@@H](O)C1,,9.3,2,9.3,9.3,IC50,B,single protein format,single_protein,8,H,2016,
CHEMBL4108721,CHEMBL4108721,O=C(Nc1ccc(OC(F)(F)F)cc1)c1cnc(N2CC[C@@H](O)C2)c(-c2cncc(F)c2)c1,,8.96,2,8.96,8.96,IC50,B,single protein format,single_protein,8,H,2016,
CHEMBL4108749,CHEMBL4108749,COc1cncc(-c2cc(C(=O)Nc3ccc(OC(F)(F)F)cc3)cnc2N2CC[C@@H](O)C2)c1,,8.52,2,8.52,8.52,IC50,B,single protein format,single_protein,8,H,2016,
CHEMBL4108852,CHEMBL4108852,O=C(Nc1ccc(OC(F)(F)Cl)cc1)c1cnc(N2CC[C@@H](O)C2)c(-c2cc(F)cnc2Cl)c1,,9.0,2,9.0,9.0,IC50,B,single protein format,single_protein,8,H,2016,
CHEMBL4108880,CHEMBL4108880,O=C(Nc1ccc(OC(F)(F)F)cc1)c1cnc(N2CC[C@@H](O)C2)c(-c2ccc[nH]2)c1,,8.47,4,8.05,8.89,IC50,B,single protein format,single_protein,8,H,2016,
CHEMBL4108925,CHEMBL4108925,CC(F)(F)Oc1ccc(NC(=O)c2cnc(N3CC[C@@H](O)C3)c(-c3cncnc3)c2)cc1,,8.1,6,6.26,8.92,IC50,B,assay format;single protein format,mixed,8,H,2016,
CHEMBL4108934,CHEMBL4108934,O=C(Nc1ccc(OC(F)(F)Cl)cc1)c1cnc(N2CC[C@@H](O)C2)c(-c2cccnc2F)c1,,9.52,2,9.52,9.52,IC50,B,single protein format,single_protein,8,H,2016,
CHEMBL4108980,CHEMBL4108980,N#Cc1ccc(-c2cc(C(=O)Nc3ccc(OC(F)(F)F)cc3)cnc2N2CC[C@@H](O)C2)[nH]1,,8.685,4,8.22,9.15,IC50,B,single protein format,single_protein,8,H,2016,
CHEMBL4108985,CHEMBL4108985,O=C(Nc1ccc(OC(F)(F)F)cc1)c1cnc(N2CC[C@@H](O)C2)c(-c2ccc(C(F)(F)F)nc2)c1,,8.54,2,8.54,8.54,IC50,B,single protein format,single_protein,8,H,2016,
CHEMBL4108992,CHEMBL4108992,O=C(Nc1ccc(OC(F)(F)F)cc1)c1cnc(N2CC[C@@H](O)C2)c(-c2cccc(CO)c2)c1,,8.22,2,8.22,8.22,IC50,B,single protein format,single_protein,8,H,2016,
CHEMBL4109082,CHEMBL4109082,N[C@]1(C(F)(F)F)CCN(c2ncc(C(=O)Nc3ccc(OC(F)(F)F)cc3)cc2-c2cncnc2)C1,,8.85,4,8.0,9.7,IC50,B,single protein format,single_protein,8,H,2016,
CHEMBL4109149,CHEMBL4109149,COc1ncc(-c2cc(C(=O)Nc3ccc(OC(F)(F)F)cc3)ccc2N2CC[C@@H](O)C2)cn1,,8.15,4,6.2,8.25,IC50,B,assay format;single protein format,mixed,8,H,2016,
CHEMBL410931,CHEMBL410931,Fc1ccc(C(Cl)Cn2ncc3c(NCc4ccccc4)ncnc32)cc1,,6.36,1,6.36,6.36,Ki,B,single protein format,single_protein,9,D,2008,
CHEMBL4109332,CHEMBL4109332,O=C(Nc1ccc(OC(F)(F)F)cc1)c1cnc(N2CC[C@@H](O)C2)c(-c2cc(F)cnc2F)c1,,8.38,4,8.3,8.46,IC50,B,single protein format,single_protein,8,H,2016,
CHEMBL4109606,CHEMBL4109606,Cc1ccc(-c2cc(C(=O)Nc3ccc(OC(F)(F)F)cc3)cnc2N2CC[C@@H](CO)C2)cn1,,8.785,4,8.52,9.05,IC50,B,single protein format,single_protein,8,H,2016,
CHEMBL4109626,CHEMBL4109626,CO[C@@H]1CN(c2ncc(C(=O)Nc3ccc(OC(F)(F)F)cc3)cc2-c2cncnc2)C[C@H]1O,,7.835,4,7.82,7.85,IC50,B,single protein format,single_protein,8,H,2016,
CHEMBL4109691,CHEMBL4109691,O=C(Nc1ccc(OC(F)(F)F)cc1)c1ccc(N2CC[C@@H](O)C2)c(-c2cccnc2)c1,,8.57,2,8.57,8.57,IC50,B,single protein format,single_protein,8,H,2016,
CHEMBL4109719,CHEMBL4109719,CC(F)(F)Oc1ccc(NC(=O)c2cnc(N3CC[C@@H](O)C3)c(-c3cncc(C#N)c3)c2)cc1,,8.344999999999999,4,8.17,8.52,IC50,B,single protein format,single_protein,8,H,2016,
CHEMBL4109872,CHEMBL4109872,NC[C@H]1CCN(c2ncc(C(=O)Nc3ccc(OC(F)(F)F)cc3)cc2-c2cncnc2)C1,,8.56,4,6.1,9.22,IC50,B,assay format;single protein format,mixed,8,H,2016,
CHEMBL4109873,CHEMBL4109873,Cc1ccc(-c2cc(C(=O)Nc3ccc(OC(F)(F)F)cc3)cnc2N2CCC[C@@H](O)C2)cn1,,7.77,2,7.77,7.77,IC50,B,single protein format,single_protein,8,H,2016,
CHEMBL4109885,CHEMBL4109885,O=C(Nc1ccc(OC(F)(F)F)cc1)c1cnc(N2CC[C@@H](O)C2)c(-c2ncc[nH]2)c1,,8.19,2,8.19,8.19,IC50,B,single protein format,single_protein,8,H,2016,
CHEMBL4110085,CHEMBL4110085,Cc1cnc(-c2cc(C(=O)Nc3ccc(OC(F)(F)F)cc3)cnc2N2CC[C@@H](O)C2)[nH]1,,8.38,2,8.38,8.38,IC50,B,single protein format,single_protein,8,H,2016,
CHEMBL4110370,CHEMBL4110370,O=C(Nc1ccc(OC(F)(F)Cl)cc1)c1cnc(N2CCC[C@@H](O)C2)c(-c2ccn[nH]2)c1,,8.705,4,8.52,8.89,IC50,B,single protein format,single_protein,8,H,2016,
CHEMBL4110425,CHEMBL4110425,N#Cc1cncc(-c2cc(C(=O)Nc3ccc(C(F)(F)C(F)(F)F)cc3)cnc2N2CC[C@@H](O)C2)c1,,8.75,4,8.4,9.1,IC50,B,single protein format,single_protein,8,H,2016,
CHEMBL411043,CHEMBL411043,ClC(Cn1ncc2c(NCc3ccccc3)ncnc21)c1ccccc1,,6.415,2,6.4,6.43,Ki,B,single protein format,single_protein,9,D,2008;2011,
CHEMBL4110478,CHEMBL4110478,O=C(Nc1ccc([S+]([O-])C(F)(F)F)cc1)c1cnc(N2CC[C@@H](O)C2)c(-c2cncc(F)c2)c1,,7.82,6,6.24,7.96,IC50,B,assay format;single protein format,mixed,8,H,2016,
CHEMBL4110559,CHEMBL4110559,N#CC1(c2ncc(C(=O)Nc3ccc(OC(F)(F)F)cc3)cc2-c2cncnc2)CCC1,,8.13,4,8.05,8.21,IC50,B,single protein format,single_protein,8,H,2016,
CHEMBL4110566,CHEMBL4110566,O=C(Nc1ccc(OC(F)(F)F)cc1)c1ccc(N2CC[C@@H](O)C2)c(-c2cncnc2)c1,,7.765,2,6.91,8.62,IC50,B,assay format,other,8,H,2016,
CHEMBL4110570,CHEMBL4110570,O=C(Nc1ccc(OC(F)(F)Cl)cc1)c1cnc(N2CC[C@@H](O)C2)c(-c2cncnc2)c1,,8.595,2,7.89,9.3,IC50,B,assay format,other,8,H,2016,
CHEMBL4110588,CHEMBL4110588,O=C(Nc1ccc(OC(F)(F)Cl)cc1)c1cnc(N2CC[C@@H](O)C2)c(-c2ccc[nH]2)c1,,8.62,2,8.62,8.62,IC50,B,single protein format,single_protein,8,H,2016,
CHEMBL4110615,CHEMBL4110615,N#Cc1cncc(-c2cc(C(=O)Nc3ccc(OC(F)(F)F)cc3)cnc2N2CC[C@@H](O)C2)c1,,8.675,4,8.3,9.05,IC50,B,single protein format,single_protein,8,H,2016,
CHEMBL4110627,CHEMBL4110627,N[C@@H]1CN(c2ncc(C(=O)Nc3ccc(OC(F)(F)Cl)cc3)cc2-c2ccn[nH]2)C[C@H]1F,,8.495000000000001,4,8.47,8.52,IC50,B,single protein format,single_protein,8,H,2016,
CHEMBL4110628,CHEMBL4110628,O=C(Nc1ccc(OC(F)(F)F)c(F)c1)c1cnc(N2CC[C@@H](O)C2)c(-c2cncc(F)c2)c1,,8.719999999999999,4,8.52,8.92,IC50,B,single protein format,single_protein,8,H,2016,
CHEMBL4110752,CHEMBL4110752,COc1ncc(-c2cc(C(=O)Nc3ccc(OC(F)(F)F)cc3)cnc2N2CC[C@@H](O)C2)cn1,,8.52,2,8.52,8.52,IC50,B,single protein format,single_protein,8,H,2016,
CHEMBL4110855,CHEMBL4110855,Cc1ncncc1-c1cc(C(=O)Nc2ccc(OC(F)(F)Cl)cc2)cnc1N1C[C@@H](O)[C@H](O)C1,,9.05,2,9.05,9.05,IC50,B,single protein format,single_protein,8,H,2016,
CHEMBL4110930,CHEMBL4110930,O=C(Nc1ccc(OC(F)(F)Cl)cc1)c1cnc(NCC[C@@H](O)CO)c(-c2ccn[nH]2)c1,,7.89,2,7.89,7.89,IC50,B,single protein format,single_protein,8,H,2016,
CHEMBL4110946,CHEMBL4110946,O=C(Nc1ccc(OC(F)(F)F)cc1)c1cnc(N2CC[C@@H](O)C2)c(-c2cncc(Cl)c2)c1,,8.74,4,8.52,8.96,IC50,B,single protein format,single_protein,8,H,2016,
CHEMBL4110991,CHEMBL4110991,O=C(Nc1ccc(OC(F)(F)F)cc1)c1cnc(N2CC[C@@H](O)C2)c(-c2cncs2)c1,,8.79,4,8.28,9.3,IC50,B,single protein format,single_protein,8,H,2016,
CHEMBL4111003,CHEMBL4111003,N#Cc1cncc(-c2cc(C(=O)Nc3ccc(OC(F)(F)F)c(F)c3)cnc2N2CC[C@@H](O)C2)c1,,8.66,4,8.4,8.92,IC50,B,single protein format,single_protein,8,H,2016,
CHEMBL4111085,CHEMBL4111085,COc1ncc(-c2cc(C(=O)Nc3ccc(OC(F)(F)Cl)cc3)cnc2N2CC[C@@H](O)C2)cc1C#N,,9.52,2,9.52,9.52,IC50,B,single protein format,single_protein,8,H,2016,
CHEMBL4111156,CHEMBL4111156,N#Cc1ccc(F)c(-c2cc(C(=O)Nc3ccc(OC(F)(F)Cl)cc3)cnc2N2CC[C@@H](O)C2)c1,,9.15,2,9.15,9.15,IC50,B,single protein format,single_protein,8,H,2016,
CHEMBL4111163,CHEMBL4111163,Nc1ncc(-c2cc(C(=O)Nc3ccc(OC(F)(F)F)cc3)cnc2N2CC[C@@H](O)C2)cn1,,8.625,4,8.4,8.85,IC50,B,single protein format,single_protein,8,H,2016,
CHEMBL4111182,CHEMBL4111182,CC(C)(C)Oc1ccc(NC(=O)c2cnc(N3CC[C@@H](O)C3)c(-c3cncnc3)c2)cc1,,7.8,4,7.8,7.8,IC50,B,single protein format,single_protein,8,H,2016,
CHEMBL4111319,CHEMBL4111319,N#Cc1cc(F)cc(-c2cc(C(=O)Nc3ccc(OC(F)(F)Cl)cc3)cnc2C2CC[C@@H](O)N2)c1,,9.15,2,9.15,9.15,IC50,B,single protein format,single_protein,8,H,2016,
CHEMBL4111355,CHEMBL4111355,O=C(Nc1ccc(OC(F)(F)F)cc1)c1cnc(N2CC[C@@H](O)C2)c(-c2cccnc2)c1,,9.22,2,9.22,9.22,IC50,B,single protein format,single_protein,8,H,2016,
CHEMBL4111359,CHEMBL4111359,O=C(Nc1ccc(OC(F)(F)Cl)cc1)c1cnc(N2CC[C@@H](O)C2)c(-c2cnccc2F)c1,,9.11,4,8.7,9.52,IC50,B,single protein format,single_protein,8,H,2016,
CHEMBL4111391,CHEMBL4111391,COc1ccc(-c2cc(C(=O)Nc3ccc(OC(F)(F)F)cc3)cnc2N2CC[C@@H](O)C2)cn1,,8.4,2,8.4,8.4,IC50,B,single protein format,single_protein,8,H,2016,
CHEMBL4111760,CHEMBL4111760,O=C(Nc1ccc(OC(F)(F)F)cc1)c1cnc(N2CC[C@@H](O)C2)c(-c2cncc(C(F)(F)F)c2)c1,,7.72,2,7.72,7.72,IC50,B,single protein format,single_protein,8,H,2016,
CHEMBL4111774,CHEMBL4111774,O=C(Nc1ccc(OC(F)(F)F)cc1)c1ccc(N2CC[C@@H](O)C2)c(-c2cncs2)c1,,8.75,4,8.4,9.1,IC50,B,single protein format,single_protein,8,H,2016,
CHEMBL4112036,CHEMBL4112036,O=C(Nc1ccc(OC(F)(F)F)cc1)c1cnc(N2CC[C@@H](O)C2)c(-c2ccc(F)nc2)c1,,8.719999999999999,4,8.52,8.92,IC50,B,single protein format,single_protein,8,H,2016,
CHEMBL4112072,CHEMBL4112072,Cc1ccncc1-c1cc(C(=O)Nc2ccc(OC(F)(F)Cl)cc2)cnc1N1CC[C@@H](O)C1,,9.7,2,9.7,9.7,IC50,B,single protein format,single_protein,8,H,2016,
CHEMBL4112160,CHEMBL4112160,O=C(Nc1ccc(OC(F)(F)F)cc1)c1cnc(N2CC[C@@H](O)C2)c(-c2ccc(CO)nc2)c1,,9.1,2,9.1,9.1,IC50,B,single protein format,single_protein,8,H,2016,
CHEMBL4112258,CHEMBL4112258,O=C(Nc1ccc(OC(F)(F)F)cc1)c1cnc(N2CC[C@@H](O)C2)c(-c2cnccc2F)c1,,8.74,4,8.38,9.1,IC50,B,single protein format,single_protein,8,H,2016,
CHEMBL4112690,CHEMBL4112690,O=C(Nc1ccc(OC(F)(F)F)cc1)c1cnc(N2CC[C@@H](O)C2)c(-c2nccs2)c1,,8.0,2,8.0,8.0,IC50,B,single protein format,single_protein,8,H,2016,
CHEMBL4112697,CHEMBL4112697,Nc1ncc(-c2cc(C(=O)Nc3ccc(OC(F)(F)Cl)cc3)cnc2N2CC[C@@H](O)C2)cc1F,,9.225000000000001,4,9.15,9.3,IC50,B,single protein format,single_protein,8,H,2016,
CHEMBL4112901,CHEMBL4112901,Cn1c(C#N)ccc1-c1cc(C(=O)Nc2ccc(OC(F)(F)Cl)cc2)cnc1N1CC[C@@H](O)C1,,8.925,4,8.8,9.05,IC50,B,single protein format,single_protein,8,H,2016,
CHEMBL4113008,CHEMBL4113008,CC(=O)NC[C@H]1CCN(c2ncc(C(=O)Nc3ccc(OC(F)(F)Cl)cc3)cc2-c2cncnc2)C1,,8.645,4,7.89,9.4,IC50,B,single protein format,single_protein,8,H,2016,
CHEMBL4113011,CHEMBL4113011,COC(=O)c1cc(F)cc(-c2cc(C(=O)Nc3ccc(OC(F)(F)F)cc3)cnc2N2CC[C@@H](O)C2)c1,,8.54,4,8.4,8.68,IC50,B,single protein format,single_protein,8,H,2016,
CHEMBL4113112,CHEMBL4113112,O=C(Nc1ccc(OC(F)(F)Cl)cc1)c1cnc(N2C[C@H](CO)[C@@H](O)C2)c(-c2cncnc2)c1,,8.945,4,8.89,9.0,IC50,B,single protein format,single_protein,8,H,2016,
CHEMBL4113119,CHEMBL4113119,O=C(Nc1ccc(OC(F)(F)F)cc1)c1cnc(N2CCC[C@@H](O)C2)c(-c2cncnc2)c1,,8.96,2,8.96,8.96,IC50,B,single protein format,single_protein,8,H,2016,
CHEMBL4113196,CHEMBL4113196,O=C(Nc1ccc(OC(F)(F)C(F)F)cc1)c1cnc(N2CC[C@@H](O)C2)c(-c2cncc(F)c2)c1,,7.96,6,6.36,8.15,IC50,B,assay format;single protein format,mixed,8,H,2016,
CHEMBL4113224,CHEMBL4113224,O=C(Nc1ccc(SC(F)(F)F)cc1)c1cnc(N2CC[C@@H](O)C2)c(-c2cncc(F)c2)c1,,8.75,6,7.62,9.7,IC50,B,assay format;single protein format,mixed,8,H,2016,
CHEMBL4113279,CHEMBL4113279,CC(F)(F)Oc1ccc(NC(=O)c2cnc(N3CC[C@@H](O)C3)c(-c3cncc(F)c3)c2)cc1,,8.425,4,8.3,8.55,IC50,B,single protein format,single_protein,8,H,2016,
CHEMBL4113303,CHEMBL4113303,Cc1ncccc1-c1cc(C(=O)Nc2ccc(OC(F)(F)Cl)cc2)cnc1N1CC[C@@H](O)C1,,8.96,4,8.7,9.22,IC50,B,single protein format,single_protein,8,H,2016,
CHEMBL4113344,CHEMBL4113344,N[C@]1(C(F)(F)F)CCN(c2ncc(C(=O)Nc3ccc(OC(F)(F)Cl)cc3)cc2-c2cncnc2)C1,,8.835,4,8.52,9.15,IC50,B,single protein format,single_protein,8,H,2016,
CHEMBL4113400,CHEMBL4113400,O=C(Nc1ccc(OC(F)(F)F)cc1)c1cnc(N2CC[C@@H](O)C2)c(-c2ccc3ccncc3c2)c1,,8.4,2,8.4,8.4,IC50,B,single protein format,single_protein,8,H,2016,
CHEMBL4113417,CHEMBL4113417,O=C(Nc1ccc(OC(F)(F)F)c(Cl)c1)c1cnc(N2CC[C@@H](O)C2)c(-c2cncnc2)c1,,8.37,2,8.37,8.37,IC50,B,single protein format,single_protein,8,H,2016,
CHEMBL4113492,CHEMBL4113492,O=C(Nc1ccc(OC(F)(F)F)cc1)c1cnc(N2CC[C@@H](O)C2)c(-c2cnc(Cl)c(F)c2)c1,,9.4,2,9.4,9.4,IC50,B,single protein format,single_protein,8,H,2016,
CHEMBL4113536,CHEMBL4113536,O=C(Nc1ccc(OC(F)(F)F)cc1)c1cnc(N2CC[C@@H](CO)C2)c(-c2cncnc2)c1,,9.22,2,9.22,9.22,IC50,B,single protein format,single_protein,8,H,2016,
CHEMBL4113537,CHEMBL4113537,N[C@@H]1CCCN(c2ncc(C(=O)Nc3ccc(OC(F)(F)Cl)cc3)cc2-c2cncnc2)C1,,8.82,4,8.68,8.96,IC50,B,single protein format,single_protein,8,H,2016,
CHEMBL4113562,CHEMBL4113562,O=C(Nc1ccc(OC(F)(F)F)cc1)c1cnc(N2CCC[C@@H](O)C2)c(-c2cccnc2)c1,,8.3,2,8.3,8.3,IC50,B,single protein format,single_protein,8,H,2016,
CHEMBL4113564,CHEMBL4113564,Cc1ncccc1-c1cc(C(=O)Nc2ccc(OC(F)(F)F)cc2)cnc1N1CC[C@@H](O)C1,,8.3,2,8.3,8.3,IC50,B,single protein format,single_protein,8,H,2016,
CHEMBL4113707,CHEMBL4113707,C[C@@]1(O)CCN(c2ncc(C(=O)Nc3ccc(OC(F)(F)Cl)cc3)cc2-c2ccn[nH]2)C1,,9.4,2,9.4,9.4,IC50,B,single protein format,single_protein,8,H,2016,
CHEMBL4114004,CHEMBL4114004,Cc1ccc(-c2cc(C(=O)Nc3ccc(OC(F)(F)F)cc3)cnc2N2CC[C@@H](O)C2)cn1,,9.1,2,9.1,9.1,IC50,B,single protein format,single_protein,8,H,2016,
CHEMBL4114005,CHEMBL4114005,O=C(Nc1ccc(OC(F)(F)F)cc1)c1cnc(N2CC[C@@H](O)C2)c(-c2cccc(F)c2)c1,,8.81,4,8.4,9.22,IC50,B,single protein format,single_protein,8,H,2016,
CHEMBL4114006,CHEMBL4114006,Nc1ncc(-c2cc(C(=O)Nc3ccc(OC(F)(F)F)cc3)cnc2N2CC[C@@H](O)C2)cc1F,,8.83,4,8.77,8.89,IC50,B,single protein format,single_protein,8,H,2016,
CHEMBL4114156,CHEMBL4114156,O=C(Nc1ccc(OC(F)(F)C(F)(F)F)cc1)c1cnc(N2CC[C@@H](O)C2)c(-c2cncnc2)c1,,8.43,4,8.22,8.64,IC50,B,single protein format,single_protein,8,H,2016,
CHEMBL4114324,CHEMBL4114324,O=C(Nc1ccc(OC(F)(F)F)cc1)c1cnc(N2CC[C@@H](O)C2)c(-c2ccccc2)c1,,8.15,3,8.15,8.18,IC50,B,assay format;single protein format,mixed,8,H,2016,
CHEMBL4114540,CHEMBL4114540,O=C(Nc1ccc(OC(F)(F)F)cc1)c1cnc(N2CC[C@@H](O)C2)c(-c2cc(F)nc(F)c2)c1,,8.285,4,8.22,8.35,IC50,B,single protein format,single_protein,8,H,2016,
CHEMBL4114621,CHEMBL4114621,Cc1ncncc1-c1cc(C(=O)Nc2ccc(OC(F)(F)Cl)cc2)cnc1N1CC[C@@H](O)C1,,8.52,2,8.52,8.52,IC50,B,single protein format,single_protein,8,H,2016,
CHEMBL4114635,CHEMBL4114635,Cc1ccc(F)cc1-c1cc(C(=O)Nc2ccc(OC(F)(F)Cl)cc2)cnc1N1CC[C@@H](O)C1,,8.52,2,8.52,8.52,IC50,B,single protein format,single_protein,8,H,2016,
CHEMBL4114855,CHEMBL4114855,N#Cc1ccc(-c2cc(C(=O)Nc3ccc(OC(F)(F)Cl)cc3)cnc2N2CC[C@@H](O)C2)[nH]1,,8.775,4,8.4,9.15,IC50,B,single protein format,single_protein,8,H,2016,
CHEMBL4114922,CHEMBL4114922,C[C@@]1(O)CCN(c2ncc(C(=O)Nc3ccc(OC(F)(F)F)cc3)cc2-c2ccn[nH]2)C1,,8.6,5,8.55,8.8,IC50,B,assay format;single protein format,mixed,8;9,D;H,2016;2018,
CHEMBL4114966,CHEMBL4114966,O=C(Nc1ccc(OC(F)(F)Cl)cc1)c1cnc(N2CC[C@@H](O)C2)c(-c2ncc[nH]2)c1,,9.4,2,9.4,9.4,IC50,B,single protein format,single_protein,8,H,2016,
CHEMBL4115097,CHEMBL4115097,O=C(Nc1ccc(OC(F)(F)C(F)(F)F)cc1)c1cnc(N2CC[C@@H](O)C2)c(-c2cncc(F)c2)c1,,8.445,4,8.0,8.89,IC50,B,single protein format,single_protein,8,H,2016,
CHEMBL4115148,CHEMBL4115148,O=C(Nc1ccc(OC(F)(F)F)c(F)c1)c1cnc(N2CC[C@@H](O)C2)c(-c2cncnc2)c1,,9.4,2,9.4,9.4,IC50,B,single protein format,single_protein,8,H,2016,
CHEMBL4115154,CHEMBL4115154,O=C(Nc1ccc(OC(F)(F)F)cc1)c1cnc(N2CC[C@@H](O)C2)c(-c2cncnc2)c1,,8.59,6,7.06,8.92,IC50,B,assay format;single protein format,mixed,8;9,D;H,2016;2018;2022,
CHEMBL4115304,CHEMBL4115304,CN(C)C(=O)c1ccc(-c2cc(C(=O)Nc3ccc(OC(F)(F)Cl)cc3)cnc2N2CC[C@@H](O)C2)[nH]1,,8.96,2,8.96,8.96,IC50,B,single protein format,single_protein,8,H,2016,
CHEMBL4115349,CHEMBL4115349,O=C(Nc1ccc(OC(F)(F)Cl)cc1)c1cnc(NC[C@H](O)CCO)c(-c2ccn[nH]2)c1,,8.29,2,8.29,8.29,IC50,B,single protein format,single_protein,8,H,2016,
CHEMBL4115522,CHEMBL4115522,O=C(Nc1ccc(OC(F)(F)F)cc1)c1cnc(N2C[C@H](CO)[C@@H](O)C2)c(-c2cncc(F)c2)c1,,8.685,4,8.22,9.15,IC50,B,single protein format,single_protein,8,H,2016,
CHEMBL4115607,CHEMBL4115607,O=C(Nc1ccc(OC(F)(F)F)cc1)c1cnc(N2CC[C@@H](O)C2)c(-c2cc(F)cc(F)c2)c1,,8.850000000000001,4,8.4,9.3,IC50,B,single protein format,single_protein,8,H,2016,
CHEMBL4115674,CHEMBL4115674,O=C(Nc1ccc(OC(F)(F)F)cc1)c1cnc(N2CC[C@@H](O)C2)c(-c2cccnc2F)c1,,8.46,4,8.4,8.52,IC50,B,single protein format,single_protein,8,H,2016,
CHEMBL412298,CHEMBL412298,Fc1cccc(CNc2ncnc3c2cnn3CC(Cl)c2ccccc2)c1,,7.4,1,7.4,7.4,Ki,B,single protein format,single_protein,9,D,2008,
CHEMBL4125960,CHEMBL4125960,CCN1CCN(Cc2ccc(NC(=O)c3ccc(C)c(Oc4ccnc5[nH]ccc45)c3)cc2C(F)(F)F)CC1,,7.12,1,7.12,7.12,IC50,B,single protein format,single_protein,9,D,2015,
CHEMBL415264,CHEMBL415264,CSc1nc(NCCc2ccc(C)cc2)c2cnn(CC(Cl)c3ccccc3)c2n1,,6.43,1,6.43,6.43,Ki,B,single protein format,single_protein,9,D,2009,
CHEMBL4159558,CHEMBL4159558,CCc1ccc(C(=O)Nc2cc(CN3CCN(C)CC3)cc(C(F)(F)F)c2)cc1C#Cc1cncnc1,,6.55,1,6.55,6.55,IC50,B,single protein format,single_protein,9,D,2018,
CHEMBL4159956,CHEMBL4159956,CCc1ccc(C(=O)Nc2cc(CN3CCN(C)CC3)cc(C(F)(F)F)c2)cc1C#Cc1cncn1C,,6.46,1,6.46,6.46,IC50,B,single protein format,single_protein,9,D,2018,
CHEMBL4160980,CHEMBL4160980,CN[C@@H](C)C(=O)N[C@H](C(=O)N1CCC[C@H]1c1nc(C(=O)c2cccc(OCCOCCOCCNC(=O)C3CCN(c4ncc(C(=O)Nc5ccc(OC(F)(F)Cl)cc5)cc4-c4ccn[nH]4)C3)c2)cs1)C1CCCCC1,,6.44,1,6.44,6.44,IC50,B,assay format,other,9,D,2017,
CHEMBL4161036,CHEMBL4161036,Cc1ccc(C(=O)Nc2cc(CN3CCN(C)CC3)cc(C(F)(F)F)c2)cc1C#Cc1cnc2cnccn12,,9.4,1,9.4,9.4,IC50,B,single protein format,single_protein,9,D,2018,
CHEMBL4162041,CHEMBL4162041,COC(=O)C1CCN(c2ncc(C(=O)Nc3ccc(OC(F)(F)Cl)cc3)cc2-c2ccn[nH]2)C1,,7.46,1,7.46,7.46,IC50,B,assay format,other,9,D,2017,
CHEMBL4164030,CHEMBL4164030,CCc1ccc(C(=O)Nc2cc(CN3CCN(C)CC3)cc(C(F)(F)F)c2)cc1C#Cc1cnc(N)nc1,,7.68,1,7.68,7.68,IC50,B,single protein format,single_protein,9,D,2018,
CHEMBL4164448,CHEMBL4164448,CCc1ccc(C(=O)Nc2cc(CN3CCN(C)CC3)cc(C(F)(F)F)c2)cc1C#Cc1cnc2cccnn12,,7.92,1,7.92,7.92,IC50,B,single protein format,single_protein,9,D,2018,
CHEMBL4167237,CHEMBL4167237,CC(C)c1ccc(C(=O)Nc2cc(CN3CCN(C)CC3)cc(C(F)(F)F)c2)cc1C#Cc1cnc2ccccn12,,6.03,1,6.03,6.03,IC50,B,single protein format,single_protein,9,D,2018,
CHEMBL4167877,CHEMBL4167877,CCc1ccc(C(=O)Nc2cc(CN3CCN(C)CC3)cc(C(F)(F)F)c2)cc1C#Cc1cnc(C)n1C,,7.01,1,7.01,7.01,IC50,B,single protein format,single_protein,9,D,2018,
CHEMBL4168305,CHEMBL4168305,CC(C)c1ccc(C(=O)Nc2cc(CN3CCN(C)CC3)cc(C(F)(F)F)c2)cc1C#Cc1cnc2cnccn12,,6.31,1,6.31,6.31,IC50,B,single protein format,single_protein,9,D,2018,
CHEMBL4168907,CHEMBL4168907,CN[C@@H](C)C(=O)N(C)[C@H](C(=O)N1CCC[C@H]1c1nc(C(=O)c2cccc(OCCOCCOCCNC(=O)C3CCN(c4ncc(C(=O)Nc5ccc(OC(F)(F)Cl)cc5)cc4-c4ccn[nH]4)C3)c2)cs1)C1CCCCC1,,6.47,1,6.47,6.47,IC50,B,assay format,other,9,D,2017,
CHEMBL4171640,CHEMBL4171640,CCc1ccc(C(=O)Nc2cc(CN3CCN(C)CC3)cc(C(F)(F)F)c2)cc1C#Cc1cnc2ccccn12,,7.68,1,7.68,7.68,IC50,B,single protein format,single_protein,9,D,2018,
CHEMBL4172767,CHEMBL4172767,CC(C)c1ccc(C(=O)Nc2cc(CN3CCN(C)CC3)cc(C(F)(F)F)c2)cc1C#Cc1cnc2cccnn12,,6.25,1,6.25,6.25,IC50,B,single protein format,single_protein,9,D,2018,
CHEMBL4174682,CHEMBL4174682,CCc1ccc(C(=O)Nc2cc(CN3CCN(C)CC3)cc(C(F)(F)F)c2)cc1C#Cc1cnc(NC)nc1,,7.52,1,7.52,7.52,IC50,B,single protein format,single_protein,9,D,2018,
CHEMBL4175086,CHEMBL4175086,CCc1ccc(C(=O)Nc2cc(CN3CCN(C)CC3)cc(C(F)(F)F)c2)cc1C#Cc1cnc2cnccn12,,8.03,1,8.03,8.03,IC50,B,single protein format,single_protein,9,D,2018,
CHEMBL4176145,CHEMBL4176145,CN1CCN(Cc2cc(NC(=O)c3ccc(C4CC4)c(C#Cc4cnc5cnccn45)c3)cc(C(F)(F)F)c2)CC1,,6.7,1,6.7,6.7,IC50,B,single protein format,single_protein,9,D,2018,
CHEMBL418010,CHEMBL418010,COc1ccccc1C(=O)Nc1ccc(C)c(Nc2nccc(-c3cccnc3)n2)c1,,6.1,1,6.1,6.1,IC50,B,single protein format,single_protein,8,H,1997,
CHEMBL418270,CHEMBL418270,O=C(Nc1cccc(Nc2nccc(-c3cccnc3)n2)c1)c1cccnc1,,6.82,1,6.82,6.82,IC50,B,single protein format,single_protein,8,H,1997,
CHEMBL418279,CHEMBL418279,O=C(Nc1cccc(Nc2nccc(-c3cccnc3)n2)c1)c1ccc(F)cc1,,6.7,1,6.7,6.7,IC50,B,single protein format,single_protein,8,H,1997,
CHEMBL41910,CHEMBL41910,CCCCNc1nc(SCC)nc2c1cnn2CC(Cl)c1ccccc1,,6.5,1,6.5,6.5,Ki,B,single protein format,single_protein,9,D,2013,
CHEMBL4208229,CHEMBL4208229,O=C(Nc1ccc(OC(F)(F)Cl)cc1)c1cnc(N2CC[C@@H](O)C2)c(-c2cc[nH]n2)c1,ASCIMINIB,9.3,3,7.8,9.3,IC50;Kd,B,assay format;single protein format,mixed,9,D,2018;2023,4
CHEMBL4213152,CHEMBL4213152,O=C(Nc1ccc(OC(F)(F)Cl)cc1)c1cnc(N2CC[C@@H](O)C2)c(-c2[nH]ncc2F)c1,,9.15,1,9.15,9.15,IC50,B,assay format,other,9,D,2018,
CHEMBL4217428,CHEMBL4217428,O=C(Nc1ccc(OC(F)(F)F)cc1)c1cccc(CN2CCOCC2)c1,,6.26,1,6.26,6.26,IC50,B,assay format,other,9,D,2018,
CHEMBL4217559,CHEMBL4217559,O=C(Nc1ccc(OC(F)(F)F)cc1)c1cnc(N2CC[C@@H](O)C2)c(-c2ccn[nH]2)c1,,8.96,1,8.96,8.96,IC50,B,assay format,other,9,D,2018,
CHEMBL4237900,CHEMBL4237900,CC(C)n1nc(C#Cc2cccc3cc(-c4ccc(CN5CCN(C)CC5)cc4)ncc23)c2c(N)ncnc21,,8.15,1,8.15,8.15,IC50,B,single protein format,single_protein,9,D,2018,
CHEMBL4242050,CHEMBL4242050,Cc1ccc2cc(-c3cccc(C(F)(F)F)c3)ncc2c1C#Cc1nn(C(C)C)c2ncnc(N)c12,,8.0,1,8.0,8.0,IC50,B,single protein format,single_protein,9,D,2018,
CHEMBL4247506,CHEMBL4247506,CC(C)n1nc(C#Cc2cccc3cc(-c4cccc(C(F)(F)F)c4)ncc23)c2c(N)ncnc21,,8.52,1,8.52,8.52,IC50,B,single protein format,single_protein,9,D,2018,
CHEMBL4248365,CHEMBL4248365,CCn1nc(C#Cc2cccc3cc(-c4cccc(C(F)(F)F)c4)ncc23)c2c(N)ncnc21,,8.46,1,8.46,8.46,IC50,B,single protein format,single_protein,9,D,2018,
CHEMBL4250674,CHEMBL4250674,CC(C)n1nc(C#Cc2cccc3cc(-c4ccc(Cl)c(C(F)(F)F)c4)ncc23)c2c(N)ncnc21,,7.66,1,7.66,7.66,IC50,B,single protein format,single_protein,9,D,2018,
CHEMBL428029,CHEMBL428029,CCSc1nc(Nc2cccc(Cl)c2)c2cnn(CC(Cl)c3ccccc3)c2n1,,7.4,1,7.4,7.4,Ki,B,single protein format,single_protein,9,D,2009,
CHEMBL4281823,CHEMBL4281823,CCn1cc(-c2ccc3c(c2)CCN3C(=O)Cc2cccc(OC(F)(F)F)c2)c2c(N)ncnc21,,6.47,1,6.47,6.47,IC50,B,single protein format,single_protein,9,D,2018,
CHEMBL428441,CHEMBL428441,COc1cc(C=C(C(=O)/C=C/c2ccc(O)c(OC)c2)C(=O)/C=C/c2ccc(O)c(OC)c2)ccc1O,,7.09,4,6.73,7.17,IC50,B,single protein format,single_protein,9,D,2019,
CHEMBL428690,CHEMBL428690,CN1CC[C@H](c2c(O)cc(O)c3c(=O)cc(-c4ccccc4Cl)oc23)[C@H](O)C1,ALVOCIDIB,6.05,1,6.05,6.05,Kd,B,single protein format,single_protein,8,H,2011,3
CHEMBL429600,CHEMBL429600,Fc1ccc(C(Cl)Cn2ncc3c(NCc4cccc(Cl)c4)ncnc32)cc1,,6.92,1,6.92,6.92,Ki,B,single protein format,single_protein,9,D,2008,
CHEMBL434335,CHEMBL434335,Cc1ccc(NC(=O)Nc2cccc(N(C)C)c2)cc1Nc1nccc(-c2cccnc2)n1,,7.25,1,7.25,7.25,IC50,B,single protein format,single_protein,8,H,2004,
CHEMBL436137,CHEMBL436137,Cc1cccc(C)c1-c1cc(C)c2nc(Nc3ccc(OCCN4CCCC4)cc3)nnc2c1,,7.83,2,7.7,7.96,IC50;Ki,B,single protein format,single_protein,8;9,D;H,2006;2007,
CHEMBL440963,CHEMBL440963,Cc1cc(-c2c(F)ccc(O)c2F)cc2nnc(Nc3ccc(S(=O)(=O)NCCN4CCCC4)cc3)nc12,,7.880000000000001,2,7.29,8.47,Ki,B,assay format;single protein format,mixed,8;9,D;H,2007,
CHEMBL4436403,CHEMBL4436403,N#CCCC(=O)NC1=NN(c2ccc(Cl)c(Cl)c2)CC1,,6.5,3,6.1,6.6,EC50;IC50,B,assay format;single protein format;subcellular format,mixed,9,D,2019,
CHEMBL4439020,CHEMBL4439020,Cc1nc(Nc2ncc(C(=O)Nc3c(C)cccc3Cl)s2)cc(N2CCN(CCOCCOCCNC(=O)CS(=O)(=O)O)CC2)n1,,9.31,1,9.31,9.31,Ki,B,single protein format,single_protein,9,D,2019,
CHEMBL443929,CHEMBL443929,CCCNc1nc(SC)nc2c1cnn2CC(Cl)c1ccc(F)cc1,,6.24,1,6.24,6.24,Ki,B,single protein format,single_protein,9,D,2008,
CHEMBL4439424,CHEMBL4439424,CN1CCN(Cc2ccc(NC(=O)CCSc3ccc4c(/C=C/c5ccccn5)n[nH]c4c3)cc2C(F)(F)F)CC1,,9.2,4,7.77,9.7,IC50,B,cell-based format,cell_based,9,D,2018,
CHEMBL4441687,CHEMBL4441687,CC(=O)NC1=NN(c2ccc(Cl)c(Cl)c2)CC1C,,6.3,3,6.1,6.6,EC50;IC50,B,assay format;single protein format;subcellular format,mixed,9,D,2019,
CHEMBL4444358,CHEMBL4444358,N#CCC(=O)NC1=NN(c2ccc(Cl)c(Cl)c2)CC1,,6.4,3,6.0,6.6,EC50;IC50,B,assay format;single protein format;subcellular format,mixed,9,D,2019,
CHEMBL4444514,CHEMBL4444514,Cc1ncncc1C(=O)NC1=NN(c2ccc(Cl)c(Cl)c2)CC1,,6.8,3,6.5,7.4,EC50;IC50,B,assay format;single protein format;subcellular format,mixed,9,D,2019,
CHEMBL4445989,CHEMBL4445989,C[C@H]1CN(c2ccc(Cl)c(Cl)c2)N=C1NC(=O)c1cncnc1,,7.0,3,6.5,7.7,EC50;IC50,B,assay format;single protein format;subcellular format,mixed,9,D,2019,
CHEMBL4446830,CHEMBL4446830,O=C(Nc1nc(-c2ccc(Cl)c(Cl)c2)cs1)c1c(F)cccc1F,,6.55,2,6.5,6.6,IC50,B,assay format;single protein format,mixed,9,D,2019,
CHEMBL4448349,CHEMBL4448349,O=C(NC1=NN(c2ccc(Cl)c(Cl)c2)CC1)c1ccncc1F,,6.800000000000001,2,6.7,6.9,IC50,B,assay format;single protein format,mixed,9,D,2019,
CHEMBL4450810,CHEMBL4450810,COc1n[nH]c2ncc(-c3cn(-c4c(F)ccc(NS(=O)(=O)c5cccc(-c6ccccc6)c5)c4F)nn3)cc12,,7.3149999999999995,2,6.81,7.82,IC50;Kd,B,single protein format,single_protein,9,D,2020,
CHEMBL4450951,CHEMBL4450951,O=C(NC1=NN(c2ccc(Cl)c(Cl)c2)CC1)c1cccnn1,,6.1,1,6.1,6.1,IC50,B,single protein format,single_protein,9,D,2019,
CHEMBL4451230,CHEMBL4451230,Cc1nc(Nc2ncc(C(=O)Nc3c(C)cccc3Cl)s2)cc(N2CCN(CCOCCOCCNC(=O)C3C(C(=O)O)C(C(=O)O)C3C(=O)O)CC2)n1,,9.29,1,9.29,9.29,Ki,B,single protein format,single_protein,9,D,2019,
CHEMBL4452082,CHEMBL4452082,O=C1CCCC(C(=O)NC2=NN(c3ccc(Cl)c(Cl)c3)CC2)N1,,6.35,2,6.3,6.4,IC50,B,assay format;single protein format,mixed,9,D,2019,
CHEMBL4452321,CHEMBL4452321,Cn1cnnc1SCC(=O)Nc1nc(-c2ccc(Cl)c(Cl)c2)cs1,,6.1,1,6.1,6.1,IC50,B,single protein format,single_protein,9,D,2019,
CHEMBL4453927,CHEMBL4453927,Cn1ncc([N+](=O)[O-])c1C(=O)Nc1nc(-c2ccc(Cl)c(Cl)c2)cs1,,7.1,2,6.7,7.5,IC50,B,assay format;single protein format,mixed,9,D,2019,
CHEMBL4456576,CHEMBL4456576,O=C(NC1=NN(c2ccc(Cl)c(Cl)c2)CC1CCO)c1cccnc1,,6.75,2,6.6,6.9,IC50,B,assay format;single protein format,mixed,9,D,2019,
CHEMBL4460292,CHEMBL4460292,Cc1nc(Nc2ncc(C(=O)Nc3c(C)cccc3Cl)s2)cc(N2CCN(CCOCCOCCNC(=O)CCCCCC3(C)C(/C=C/C=C/C=C4/N(CCCS(=O)(=O)O)c5ccc(S(=O)(=O)O)cc5C4(C)C)=[N+](CCCS(=O)(=O)[O-])c4ccc(S(=O)(=O)O)cc43)CC2)n1,,9.46,1,9.46,9.46,Ki,B,single protein format,single_protein,9,D,2019,
CHEMBL4465459,CHEMBL4465459,CC(=O)NC1=NN(c2ccc(Cl)c(Cl)c2)[C@@H](C)C1,,6.35,2,6.3,6.4,IC50,B,assay format;single protein format,mixed,9,D,2019,
CHEMBL4465866,CHEMBL4465866,CO[C@@H]1[C@H](NCCOCCOCCOCCNC(=O)CCC2=[N+]3C(=Cc4c(C)cc(C)n4[B-]3(F)F)C=C2)C[C@H]2O[C@]1(C)n1c3ccccc3c3c4c(c5c6ccccc6n2c5c31)C(=O)NC4,,6.04,1,6.04,6.04,Kd,B,assay format,other,9,D,2019,
CHEMBL4466568,CHEMBL4466568,O=C(Nc1nc(-c2ccc(Cl)c(Cl)c2)cs1)C1CC1,,6.699999999999999,2,6.6,6.8,IC50,B,assay format;single protein format,mixed,9,D,2019,
CHEMBL4466716,CHEMBL4466716,O=C(NC1=NN(c2ccc(Cl)c(Cl)c2)CC1)c1c(F)cccc1F,,6.300000000000001,2,6.2,6.4,IC50,B,assay format;single protein format,mixed,9,D,2019,
CHEMBL4467948,CHEMBL4467948,Cc1ccc(C(=O)Nc2ccc(Cl)cc2Cl)cc1C#Cc1cc(-c2cnn(C)c2)cnc1N,,8.15,1,8.15,8.15,IC50,B,single protein format,single_protein,9,D,2021,
CHEMBL4469856,CHEMBL4469856,Cc1nc(Nc2ncc(C(=O)Nc3c(C)cccc3Cl)s2)cc(N2CCN(CCOCCOCCNC(=O)OC(C)(C)C)CC2)n1,,9.38,1,9.38,9.38,Ki,B,single protein format,single_protein,9,D,2019,
CHEMBL4470463,CHEMBL4470463,CC(=O)Nc1nc(-c2ccc(Cl)c(Cl)c2)cs1,,6.5,1,6.5,6.5,IC50,B,single protein format,single_protein,9,D,2019,
CHEMBL4471351,CHEMBL4471351,CC(=O)NC1=NN(c2ccc(Cl)c(Cl)c2)CC1,,6.4,3,6.1,6.5,EC50;IC50,B,assay format;single protein format;subcellular format,mixed,9,D,2019,
CHEMBL4473820,CHEMBL4473820,CN1CCC(Nc2ccc(C(=O)Nc3cc(-c4cc(C#N)cs4)n[nH]3)cc2)CC1,,6.34,11,6.0,6.55,IC50;Kd,B,assay format;single protein format,mixed,9,D,2019,
CHEMBL4474070,CHEMBL4474070,Cc1nc(Nc2ncc(C(=O)Nc3c(C)cccc3Cl)s2)cc(N2CCN(CCOCCOCCN)CC2)n1,,9.99,1,9.99,9.99,Ki,B,single protein format,single_protein,9,D,2019,
CHEMBL4475966,CHEMBL4475966,O=C(NC1=NN(c2ccc(Cl)c(Cl)c2)CC1)c1ccncc1,,6.6,2,6.5,6.7,IC50,B,assay format;single protein format,mixed,9,D,2019,
CHEMBL4476482,CHEMBL4476482,COc1ccccc1/C=C/c1nc(Nc2ccc3c(c2)OCO3)c2ccccc2n1,,6.74,1,6.74,6.74,IC50,B,single protein format,single_protein,9,D,2019,
CHEMBL450786,CHEMBL450786,Cc1[nH]c(/C=C2\C(=O)Nc3ccc(S(=O)(=O)Cc4c(Cl)cccc4Cl)cc32)c(C)c1C(=O)N1CCC[C@@H]1CN1CCCC1,PHA-665752,6.11,1,6.11,6.11,Kd,B,single protein format,single_protein,8,H,2011,
CHEMBL451523,CHEMBL451523,COc1c(NC(=O)Nc2ccc(-c3ccc(CN4CCOCC4)nc3)c3ccccc23)cc(C(C)(C)C)cc1NS(C)(=O)=O,,6.32,1,6.32,6.32,IC50,B,single protein format,single_protein,8,H,2009,
CHEMBL4517408,CHEMBL4517408,COc1cc(-c2cncc(-c3ccc(N4CCNCC4)cc3)c2C)cc(OC)c1OC,,6.47,1,6.47,6.47,IC50,B,single protein format,single_protein,9,D,2020,
CHEMBL451790,CHEMBL451790,Cc1cccc(C)c1/C=C/n1cnc2c(Nc3ccc(P(C)(C)=O)cc3)nc(N3CCCC3)nc21,,7.71,1,7.71,7.71,IC50,B,single protein format,single_protein,8,H,2008,
CHEMBL4519289,CHEMBL4519289,Cc1ccc(C(=O)Nc2ccc(CN3CCN(C)CC3)c(C(F)(F)F)c2)cc1C#Cc1ncc2cccnn12,,9.05,4,7.82,9.7,IC50,B,cell-based format,cell_based,9,D,2018,
CHEMBL452563,CHEMBL452563,CP(C)(=O)c1ccc(Nc2ncnc3c2ncn3/C=C/c2cccc3[nH]ncc23)cc1,,8.63,1,8.63,8.63,IC50,B,single protein format,single_protein,8,H,2008,
CHEMBL4529307,CHEMBL4529307,O=C(NC1=NN(c2ccc(Cl)c(Cl)c2)CC1)c1cccnc1F,,6.65,2,6.4,6.9,IC50,B,assay format;single protein format,mixed,9,D,2019,
CHEMBL4533001,CHEMBL4533001,CC(=O)Nc1nc(-c2ccc(Cl)c(F)c2)cs1,,6.1,1,6.1,6.1,IC50,B,single protein format,single_protein,9,D,2019,
CHEMBL4533277,CHEMBL4533277,O=C(Nc1nc(-c2ccc(Cl)c(Cl)c2)cs1)c1cccnc1,,6.550000000000001,2,6.4,6.7,IC50,B,assay format;single protein format,mixed,9,D,2019,
CHEMBL453358,CHEMBL453358,CSc1nc(NCCc2ccccc2F)c2cnn(CC(Cl)c3ccccc3)c2n1,,6.4,1,6.4,6.4,Ki,B,single protein format,single_protein,9,D,2008,
CHEMBL4536009,CHEMBL4536009,O=C(Nc1nc(-c2ccc(Cl)c(Cl)c2)cs1)c1cncs1,,6.5,2,6.3,6.7,IC50,B,assay format;single protein format,mixed,9,D,2019,
CHEMBL4537164,CHEMBL4537164,N#CCC(=O)Nc1nc(-c2ccc(Cl)c(Cl)c2)c[nH]1,,6.2,1,6.2,6.2,IC50,B,single protein format,single_protein,9,D,2019,
CHEMBL4538000,CHEMBL4538000,Cc1nc(Nc2ncc(C(=O)Nc3c(C)cccc3Cl)s2)cc(N2CCNCC2)n1,,8.48,1,8.48,8.48,Ki,B,single protein format,single_protein,9,D,2019,
CHEMBL4538256,CHEMBL4538256,O=C(NC1=NN(c2ccc(Cl)c(Cl)c2)CC1)c1cccnc1,,6.6,3,6.2,6.8,EC50;IC50,B,assay format;single protein format;subcellular format,mixed,9,D,2019,
CHEMBL4538292,CHEMBL4538292,O=C(NC1=NN(c2ccc(Cl)c(Cl)c2)CC1CCO)c1ccncc1,,6.9,2,6.8,7.0,IC50,B,assay format;single protein format,mixed,9,D,2019,
CHEMBL454119,CHEMBL454119,CCCCNc1nc(SC)nc2c1cnn2CC(Cl)c1ccc(F)cc1,,6.96,1,6.96,6.96,Ki,B,single protein format,single_protein,9,D,2008,
CHEMBL454120,CHEMBL454120,CCSc1nc(N(CC)CC)c2cnn(CC(Cl)c3ccccc3)c2n1,,6.48,1,6.48,6.48,Ki,B,single protein format,single_protein,9,D,2008,
CHEMBL454144,CHEMBL454144,CCCNc1nc(SC)nc2c1cnn2CC(Br)c1ccccc1,,6.06,1,6.06,6.06,Ki,B,single protein format,single_protein,9,D,2008,
CHEMBL454358,CHEMBL454358,Cc1cccc(C)c1/C=C/n1cnc2c(Nc3ccc(P(C)(C)=O)cc3)nc(N3CCOCC3)nc21,,8.52,1,8.52,8.52,IC50,B,single protein format,single_protein,8,H,2008,
CHEMBL4545184,CHEMBL4545184,CC(=O)NC1=NN(c2ccc(Cl)c(Cl)c2)C[C@@H]1C,,6.4,3,6.2,6.9,EC50;IC50,B,assay format;single protein format;subcellular format,mixed,9,D,2019,
CHEMBL454611,CHEMBL454611,Cc1cccc(Cl)c1/C=C/n1cnc2c(Nc3ccc(P(C)(C)=O)cc3)ncnc21,,8.56,1,8.56,8.56,IC50,B,single protein format,single_protein,8,H,2008,
CHEMBL454868,CHEMBL454868,CP(C)(=O)c1ccc(Nc2ncnc3c2ncn3/C=C/c2cccc3[nH]ccc23)cc1,,7.78,1,7.78,7.78,IC50,B,single protein format,single_protein,8,H,2008,
CHEMBL454872,CHEMBL454872,CCCP(=O)(CCC)c1ccc(Nc2ncnc3c2ncn3/C=C/c2c(C)cccc2C)cc1,,7.76,1,7.76,7.76,IC50,B,single protein format,single_protein,8,H,2008,
CHEMBL454873,CHEMBL454873,Cc1cccc(C)c1/C=C/n1cnc2c(Nc3ccc(P(C)(C)=O)cc3)nc(N(C)C)nc21,,7.75,1,7.75,7.75,IC50,B,single protein format,single_protein,8,H,2008,
CHEMBL454922,CHEMBL454922,CCCCNc1nc(SCCC)nc2c1cnn2CC(Cl)c1ccccc1,,6.28,1,6.28,6.28,Ki,B,single protein format,single_protein,9,D,2008,
CHEMBL454923,CHEMBL454923,CCCSc1nc(NCc2ccccc2)c2cnn(CC(Cl)c3ccccc3)c2n1,,7.0,1,7.0,7.0,Ki,B,single protein format,single_protein,9,D,2008,
CHEMBL4549667,CHEMBL4549667,CN1C(=O)[C@@H](N2CCc3c(nn(Cc4ccccc4)c3Br)C2=O)COc2ccccc21,TP-030-2,6.0,1,6.0,6.0,IC50,B,single protein format,single_protein,9,D,2021,
CHEMBL455163,CHEMBL455163,CCOCCNc1nc(SC)nc2c1cnn2CC(Br)c1ccccc1,,6.26,1,6.26,6.26,Ki,B,single protein format,single_protein,9,D,2008,
CHEMBL455164,CHEMBL455164,CSc1nc(N2CCCCC2)c2cnn(CC(Br)c3ccccc3)c2n1,,6.06,1,6.06,6.06,Ki,B,single protein format,single_protein,9,D,2008,
CHEMBL455384,CHEMBL455384,Cc1cccc(C)c1/C=C/n1cnc2c(Nc3ccc(P(C)(C)=O)cc3)nc(-n3ccnc3)nc21,,8.79,1,8.79,8.79,IC50,B,single protein format,single_protein,8,H,2008,
CHEMBL455404,CHEMBL455404,CN(C)CCNC(=O)/C=C/c1ccc(/C=C2\Oc3ccccc3N(C)C2=O)s1,,6.09,1,6.09,6.09,IC50,B,assay format,other,8,H,2009,
CHEMBL4554938,CHEMBL4554938,CN1C(=O)c2sccc2N(C)c2nc(Nc3ccc(S(N)(=O)=O)cc3)ncc21,,7.75,10,7.38,7.94,IC50;Kd,B,single protein format,single_protein,9,D,2016;2023,
CHEMBL4558049,CHEMBL4558049,CC(=O)Nc1nc(-c2ccc(Cl)c(C)c2)cs1,,6.1,1,6.1,6.1,IC50,B,single protein format,single_protein,9,D,2019,
CHEMBL4559739,CHEMBL4559739,N#CCC(=O)Nc1csc(-c2ccc(Cl)c(Cl)c2)n1,,6.9,1,6.9,6.9,IC50,B,single protein format,single_protein,9,D,2019,
CHEMBL4562851,CHEMBL4562851,N#CCC(=O)Nc1nc(-c2ccc(Cl)c(Cl)c2)cs1,,6.3,1,6.3,6.3,IC50,B,single protein format,single_protein,9,D,2019,
CHEMBL4568087,CHEMBL4568087,Cn1cc(-c2cnc3c(-c4csc(C(=O)N[C@@H]5CCCC[C@@H]5N)c4)cnn3c2)cn1,,8.89,1,8.89,8.89,IC50,B,assay format,other,9,D,2016,
CHEMBL4568519,CHEMBL4568519,O=C(NC1=NN(c2ccc(Cl)c(Cl)c2)CC1)c1cncnc1,,6.3,3,6.2,6.6,EC50;IC50,B,assay format;single protein format;subcellular format,mixed,9,D,2019,
CHEMBL4568860,CHEMBL4568860,N#CCC(=O)Nc1nc(-c2ccc(Cl)c(Cl)c2)ns1,,6.0,1,6.0,6.0,IC50,B,single protein format,single_protein,9,D,2019,
CHEMBL4581176,CHEMBL4581176,O=C(NC1=NN(c2ccc(Cl)c(Cl)c2)CC1)c1ccncn1,,6.0,1,6.0,6.0,IC50,B,single protein format,single_protein,9,D,2019,
CHEMBL4586018,CHEMBL4586018,O=C(NC1=NN(c2ccc(Cl)c(Cl)c2)CC1)c1ccnnc1,,6.3,3,6.3,6.6,EC50;IC50,B,assay format;single protein format;subcellular format,mixed,9,D,2019,
CHEMBL4589373,CHEMBL4589373,CCN1CCN(Cc2ccc(NC(=O)Nc3nc4ccc(Oc5ccnc(C(=O)NC)c5)cc4s3)cc2C(F)(F)F)CC1,,7.28,1,7.28,7.28,IC50,B,single protein format,single_protein,9,D,2020,
CHEMBL459877,CHEMBL459877,Cc1cccc(C)c1/C=C/n1cnc2c(Nc3ccc(P(C)(C)=O)cc3)nc(C(C)C)nc21,,7.8,1,7.8,7.8,IC50,B,single protein format,single_protein,8,H,2008,
CHEMBL460074,CHEMBL460074,Cc1cccc(C)c1/C=C/n1cnc2c(Nc3ccc(P(C)(C)=O)cc3)nc(C3CCCC3)nc21,,7.49,1,7.49,7.49,IC50,B,single protein format,single_protein,8,H,2008,
CHEMBL460472,CHEMBL460472,COc1ccc2c(Oc3ccc(NC(=O)c4c(C)n(CC(C)(C)O)n(-c5ccccc5)c4=O)nc3)ccnc2c1,,6.0,1,6.0,6.0,IC50,B,single protein format,single_protein,8,H,2012,
CHEMBL460702,CHEMBL460702,CCOc1ccn(-c2ccc(F)cc2)c(=O)c1C(=O)Nc1ccc(Oc2ccnc(N)c2Cl)c(F)c1,BMS-777607,6.28,1,6.28,6.28,Kd,B,subcellular format,other,9,D,2017,2
CHEMBL461767,CHEMBL461767,COCCOc1nc(Nc2ccc(P(C)(C)=O)cc2)c2ncn(/C=C/c3c(C)cccc3C)c2n1,,8.8,1,8.8,8.8,IC50,B,single protein format,single_protein,8,H,2008,
CHEMBL4632471,CHEMBL4632471,Cc1ccc(C(=O)Nc2ccc(CN3CCN(CCO)CC3)c(C3CC3)c2)cc1C#Cc1cnc2cccnn12,,9.52,1,9.52,9.52,IC50,B,single protein format,single_protein,9,D,2020,
CHEMBL4637502,CHEMBL4637502,COCCN1CCN(Cc2ccc(NC(=O)c3ccc(C)c(C#Cc4cnc5cccnn45)c3)cc2C2CC2)CC1,,9.19,1,9.19,9.19,IC50,B,single protein format,single_protein,9,D,2020,
CHEMBL4638981,CHEMBL4638981,Cc1ccc(C(=O)Nc2ccc(CN3Cc4cn[nH]c4C3)c(Cl)c2)cc1C#Cc1cnc2cccnn12,,8.485,2,8.08,8.89,IC50,B,single protein format,single_protein,9,D,2020,
CHEMBL4640297,CHEMBL4640297,Cc1ccc(C(=O)Nc2ccc(CN3CCC4C=NNC4C3)c(Cl)c2)cc1C#Cc1cnc2cccnn12,,8.254999999999999,2,8.0,8.51,IC50,B,single protein format,single_protein,9,D,2020,
CHEMBL4642144,CHEMBL4642144,Cc1ccc(C(=O)Nc2ccc(CN3CCN(CCO)CC3)c(Cl)c2)cc1C#Cc1cnc2cccnn12,,9.41,1,9.41,9.41,IC50,B,single protein format,single_protein,9,D,2020,
CHEMBL472525,CHEMBL472525,CCNC(=O)Nc1nc2cc(-c3ccccc3)ccc2[nH]1,,7.36,1,7.36,7.36,IC50,B,assay format,other,9,D,2013,
CHEMBL473102,CHEMBL473102,CSc1nc(NCCc2ccccc2)c2cnn(CC(Cl)c3ccc(F)cc3)c2n1,,6.7,1,6.7,6.7,Ki,B,single protein format,single_protein,9,D,2008,
CHEMBL473103,CHEMBL473103,CSc1nc(N2CCOCC2)c2cnn(CC(Br)c3ccccc3)c2n1,,6.01,1,6.01,6.01,Ki,B,single protein format,single_protein,9,D,2008,
CHEMBL473516,CHEMBL473516,CSc1nc(NCc2ccccc2)c2cnn(CC(Br)c3ccccc3)c2n1,,6.72,1,6.72,6.72,Ki,B,single protein format,single_protein,9,D,2008,
CHEMBL473517,CHEMBL473517,CSc1nc(NCCc2ccccc2)c2cnn(CC(Br)c3ccccc3)c2n1,,6.57,1,6.57,6.57,Ki,B,single protein format,single_protein,9,D,2008,
CHEMBL473726,CHEMBL473726,CN(C)c1nc(NCc2ccccc2)c2cnn(CC(Cl)c3ccccc3)c2n1,,6.8,1,6.8,6.8,Ki,B,single protein format,single_protein,9,D,2008,
CHEMBL473727,CHEMBL473727,CCCNc1nc(N(C)C)nc2c1cnn2CC(Cl)c1ccccc1,,6.5,1,6.5,6.5,Ki,B,single protein format,single_protein,9,D,2008,
CHEMBL473923,CHEMBL473923,CN(C)c1nc(N2CCOCC2)c2cnn(CC(Cl)c3ccccc3)c2n1,,6.55,1,6.55,6.55,Ki,B,single protein format,single_protein,9,D,2008,
CHEMBL475251,CHEMBL475251,COc1cc(Nc2ncc(F)c(Nc3ccc4c(n3)NC(=O)C(C)(C)O4)n2)cc(OC)c1OC,R-406,6.41,10,6.17,6.77,Kd,B,single protein format,single_protein,8,H,2011,2
CHEMBL475336,CHEMBL475336,CCCNc1nc(SC)nc2c1cnn2CC(Cl)c1ccc(Cl)cc1,,6.4,1,6.4,6.4,Ki,B,single protein format,single_protein,9,D,2008,
CHEMBL475337,CHEMBL475337,CCCCNc1nc(SC)nc2c1cnn2CC(Cl)c1ccc(Cl)cc1,,6.41,1,6.41,6.41,Ki,B,single protein format,single_protein,9,D,2008,
CHEMBL4756586,CHEMBL4756586,CCNC(=O)[C@H](CCC1CCCCC1)NC(=O)c1ccc(CNC(=O)c2cnn(-c3ccccc3)c2N)cc1,,6.89,1,6.89,6.89,Kd,B,assay format,other,9,D,2020,
CHEMBL475739,CHEMBL475739,CSc1nc(N2CCOCC2)c2cnn(CC(Cl)c3ccc(F)cc3)c2n1,,6.01,1,6.01,6.01,Ki,B,single protein format,single_protein,9,D,2008,
CHEMBL475740,CHEMBL475740,CSc1nc(NCc2ccc(F)cc2)c2cnn(CC(Cl)c3ccc(F)cc3)c2n1,,6.66,1,6.66,6.66,Ki,B,single protein format,single_protein,9,D,2008,
CHEMBL476304,CHEMBL476304,COc1ccc(Cc2cnc(NC(=O)c3cccs3)s2)cc1,,7.8,1,7.8,7.8,Ki,B,single protein format,single_protein,8,H,2008,
CHEMBL476513,CHEMBL476513,Cc1ccc(Cc2cnc(NC(=O)c3cccs3)s2)cc1,,6.6,1,6.6,6.6,Ki,B,single protein format,single_protein,8,H,2008,
CHEMBL476515,CHEMBL476515,O=C(Nc1ncc(-c2ccc(Cl)cc2)s1)c1cccs1,,6.1,1,6.1,6.1,Ki,B,single protein format,single_protein,8,H,2008,
CHEMBL477139,CHEMBL477139,COc1ccc2c(c1)Cc1sc(NC(=O)c3cccs3)nc1-2,,7.17,1,7.17,7.17,Ki,B,single protein format,single_protein,8,H,2008,
CHEMBL477342,CHEMBL477342,O=C(Nc1nnc(COc2ccccc2)s1)c1cccs1,,6.56,1,6.56,6.56,Ki,B,single protein format,single_protein,8,H,2008,
CHEMBL477343,CHEMBL477343,O=C(Nc1ncc(Cc2cccc(C(F)(F)F)c2)s1)c1cccs1,,6.87,1,6.87,6.87,Ki,B,single protein format,single_protein,8,H,2008,
CHEMBL477344,CHEMBL477344,O=C(Nc1ncc(Cc2ccccc2F)s1)c1cccs1,,6.77,1,6.77,6.77,Ki,B,single protein format,single_protein,8,H,2008,
CHEMBL477554,CHEMBL477554,O=C(Nc1ncc(Cc2ccc(Cl)cc2)s1)c1cccs1,,6.21,1,6.21,6.21,Ki,B,single protein format,single_protein,8,H,2008,
CHEMBL477555,CHEMBL477555,O=C(Nc1ncc(Cc2cc(C(F)(F)F)ccc2Cl)s1)c1cccs1,,6.07,1,6.07,6.07,Ki,B,single protein format,single_protein,8,H,2008,
CHEMBL477772,CHEMBL477772,Cc1ccc(Nc2nccc(N(C)c3ccc4c(C)n(C)nc4c3)n2)cc1S(N)(=O)=O,PAZOPANIB,6.265000000000001,10,6.1,6.5,Kd;Ki,B;F,assay format;single protein format,mixed,8,H,2011,4
CHEMBL478181,CHEMBL478181,O=C(Nc1ncc(Cc2ccc(F)cc2)s1)c1cccs1,,6.89,1,6.89,6.89,Ki,B,single protein format,single_protein,8,H,2008,
CHEMBL478825,CHEMBL478825,O=C(Nc1nnc(Cc2ccccc2)s1)c1cccs1,,6.44,1,6.44,6.44,Ki,B,single protein format,single_protein,8,H,2008,
CHEMBL4793906,CHEMBL4793906,Nc1n[nH]c2cccc(C#Cc3cccc(NC(=O)c4ccc(N5CCOCC5)c(C(F)(F)F)c4)c3)c12,,7.84,1,7.84,7.84,EC50,B,cell-based format,cell_based,9,D,2020,
CHEMBL4794404,CHEMBL4794404,Cc1nc(NC(=O)CN2CCN(C)CC2)sc1-c1ccc2c(/C=C/c3ccccn3)n[nH]c2c1,,7.08,1,7.08,7.08,IC50,B,single protein format,single_protein,9,D,2020,
CHEMBL4798527,CHEMBL4798527,Cc1ccc(NC(=O)c2ccc(C)c(C(F)(F)F)c2)cc1C#Cc1nn([C@H]2CC[C@H](O)CC2)c2ncnc(N)c12,,8.61,2,8.52,8.7,IC50,B,single protein format,single_protein,9,D,2016,
CHEMBL481968,CHEMBL481968,O=C(N/N=C/c1cc(C(=O)O)c(Nc2ccc(I)cc2F)c(F)c1F)c1ccc(CO)o1,,6.52,1,6.52,6.52,IC50,B,single protein format,single_protein,8,H,2009,
CHEMBL482967,CHEMBL482967,Cc1nc(N)sc1-c1ccnc(Nc2ccc(N3CCOCC3)cc2)n1,CYC-116,6.2,1,6.2,6.2,Ki,F,assay format,other,8,H,,1
CHEMBL482968,CHEMBL482968,Cc1cc(Nc2cc(N3CCN(C)CC3)nc(/C=C/c3ccccc3)n2)n[nH]1,ENMD-2076,6.8100000000000005,2,6.53,7.09,IC50,B,single protein format,single_protein,8;9,D;H,2009,2
CHEMBL483158,CHEMBL483158,COc1cc(Nc2ncc3c(n2)-c2ccc(Cl)cc2C(c2c(F)cccc2OC)=NC3)ccc1C(=O)O,ALISERTIB,6.3,1,6.3,6.3,Ki,F,assay format,other,8,H,,3
CHEMBL483847,CHEMBL483847,NC(=O)c1cccc(-c2cc(Nc3ccc(OC(F)(F)F)cc3)ncn2)c1,,6.56,3,6.03,8.05,IC50,B,cell-based format;single protein format,mixed,9,D,2018;2022;2023,
CHEMBL4847077,CHEMBL4847077,Cc1cccnc1-c1ccc2nc(NC(=O)[C@@H]3C[C@@H]3F)sc2c1,,7.14,1,7.14,7.14,IC50,B,single protein format,single_protein,9,D,2021,
CHEMBL4849256,CHEMBL4849256,Cc1scnc1-c1ccc2nc(NC(=O)[C@@H]3C[C@@H]3F)sc2c1,,7.359999999999999,2,7.33,7.39,IC50,B,single protein format,single_protein,9,D,2020;2021,
CHEMBL4849907,CHEMBL4849907,CC(=O)Nc1nc2ccc(-c3cnccc3C)cc2s1,,7.09,1,7.09,7.09,IC50,B,single protein format,single_protein,9,D,2021,
CHEMBL4850262,CHEMBL4850262,COc1ccncc1-c1ccc2nc(NC(=O)[C@@H]3C[C@@H]3F)sc2c1,,8.23,1,8.23,8.23,IC50,B,single protein format,single_protein,9,D,2020,
CHEMBL4850733,CHEMBL4850733,Cc1nc(Nc2ncc(C(=O)Nc3c(C)noc3C)s2)cc(N2CCN(CCO)CC2)n1,,7.56,1,7.56,7.56,IC50,B,single protein format,single_protein,9,D,2020,
CHEMBL4851470,CHEMBL4851470,Cc1ncccc1-c1ccc2nc(NC(=O)[C@@H]3C[C@@H]3F)sc2c1,,8.13,1,8.13,8.13,IC50,B,single protein format,single_protein,9,D,2021,
CHEMBL4851636,CHEMBL4851636,O=C(Nc1nc2ccc(-c3cnccc3Cl)cc2s1)[C@@H]1C[C@@H]1F,,8.095,2,8.06,8.13,IC50,B,single protein format,single_protein,9,D,2020;2021,
CHEMBL4851745,CHEMBL4851745,Cc1nc(Nc2ncc(C(=O)Nc3c(Cl)ccnc3C)s2)cc(N2CCN(C)CC2)n1,,8.37,1,8.37,8.37,IC50,B,single protein format,single_protein,9,D,2020,
CHEMBL4854140,CHEMBL4854140,O=C(Nc1nc2ccc(-c3cncnc3C(F)(F)F)cc2s1)[C@@H]1C[C@@H]1F,,6.91,2,6.9,6.92,IC50,B,single protein format,single_protein,9,D,2020;2021,
CHEMBL4855726,CHEMBL4855726,Cc1nc(Nc2ncc(C(=O)Nc3c(Cl)ccnc3C)s2)cc(NN2CCN(CCO)CC2)n1,,9.0,1,9.0,9.0,IC50,B,single protein format,single_protein,9,D,2020,
CHEMBL4856384,CHEMBL4856384,Cc1nc(Nc2ncc(C(=O)NC3CN4CCC3CC4)s2)cc(NN2CCN(CCO)CC2)n1,,6.41,1,6.41,6.41,IC50,B,single protein format,single_protein,9,D,2020,
CHEMBL4857318,CHEMBL4857318,Cc1nc(NCCO)cc(Nc2ncc(C(=O)Nc3c(Cl)ccnc3C)s2)n1,,8.35,1,8.35,8.35,IC50,B,single protein format,single_protein,9,D,2020,
CHEMBL4857583,CHEMBL4857583,Cc1nc(Nc2ncc(C(=O)Nc3c(C)cncc3C)s2)cc(N2CCN(CCO)CC2)n1,,7.55,1,7.55,7.55,IC50,B,single protein format,single_protein,9,D,2020,
CHEMBL4857973,CHEMBL4857973,Cc1ccncc1-c1ccc2nc(NC(=O)C3CCC3)sc2c1,,7.23,2,7.21,7.25,IC50,B,single protein format,single_protein,9,D,2020;2021,
CHEMBL485854,CHEMBL485854,CNc1ncc2c(n1)N(C)C(=O)N(c1cc(NC(=O)c3cc(-n4cnc(C)c4)cc(C(F)(F)F)c3)ccc1C)C2,,6.14,1,6.14,6.14,IC50,B,assay format,other,9,D,2010,
CHEMBL4859689,CHEMBL4859689,Cc1nc(Nc2ncc(C(=O)Nc3c(C)nn(C)c3C)s2)cc(N2CCN(CCO)CC2)n1,,6.53,1,6.53,6.53,IC50,B,single protein format,single_protein,9,D,2020,
CHEMBL4860004,CHEMBL4860004,Cc1ccncc1-c1ccc2nc(NC(=O)C3CC3(F)F)sc2c1,,7.94,3,7.92,7.94,IC50,B,single protein format,single_protein,9,D,2020;2021,
CHEMBL4862702,CHEMBL4862702,Cc1c(F)cncc1-c1ccc2nc(NC(=O)[C@@H]3C[C@@H]3F)sc2c1,,8.57,2,8.57,8.57,IC50,B,single protein format,single_protein,9,D,2020,
CHEMBL4862792,CHEMBL4862792,O=C(Nc1nc2ccc(-c3ccccc3)cc2s1)[C@@H]1C[C@@H]1F,,8.36,1,8.36,8.36,IC50,B,single protein format,single_protein,9,D,2021,
CHEMBL4862806,CHEMBL4862806,Cc1ccc(C(=O)Nc2cc(C(F)(F)F)cc(C(F)(F)F)c2)cc1C#Cc1cc(-c2cnn(C)c2)cnc1N,,7.66,1,7.66,7.66,IC50,B,single protein format,single_protein,9,D,2021,
CHEMBL4865214,CHEMBL4865214,Cc1nc(Nc2ncc(C(=O)Nc3ncccc3C)s2)cc(N2CCN(CCO)CC2)n1,,7.84,1,7.84,7.84,IC50,B,single protein format,single_protein,9,D,2020,
CHEMBL4865345,CHEMBL4865345,Cc1nc(Nc2ncc(C(=O)Nc3c(Br)ccnc3C)s2)cc(N2CCN(CCO)CC2)n1,,7.4,1,7.4,7.4,IC50,B,single protein format,single_protein,9,D,2020,
CHEMBL4867416,CHEMBL4867416,Cc1ccccc1-c1ccc2nc(NC(=O)[C@@H]3C[C@@H]3F)sc2c1,,8.43,1,8.43,8.43,IC50,B,single protein format,single_protein,9,D,2021,
CHEMBL4867502,CHEMBL4867502,Cc1c[nH]nc1-c1ccc2nc(NC(=O)[C@@H]3C[C@@H]3F)sc2c1,,7.68,1,7.68,7.68,IC50,B,single protein format,single_protein,9,D,2020,
CHEMBL4867844,CHEMBL4867844,Cc1nc(Nc2ncc(C(=O)Nc3c(C)csc3Cl)s2)cc(N2CCN(CCO)CC2)n1,,8.3,1,8.3,8.3,IC50,B,single protein format,single_protein,9,D,2020,
CHEMBL4868752,CHEMBL4868752,O=C(Nc1nc2ccc(-c3cc[nH]n3)cc2s1)[C@@H]1C[C@@H]1F,,7.24,1,7.24,7.24,IC50,B,single protein format,single_protein,9,D,2020,
CHEMBL4868871,CHEMBL4868871,Cc1cnccc1-c1ccc2nc(NC(=O)[C@@H]3C[C@@H]3F)sc2c1,,8.26,1,8.26,8.26,IC50,B,single protein format,single_protein,9,D,2021,
CHEMBL4869199,CHEMBL4869199,Cc1nc(Nc2ncc(C(=O)Nc3c(C)cncc3Cl)s2)cc(N2CCN(CCO)CC2)n1,,7.75,1,7.75,7.75,IC50,B,single protein format,single_protein,9,D,2020,
CHEMBL4869280,CHEMBL4869280,Cc1ccncc1-c1ccc2nc(NC(=O)C3CC3)sc2c1,,8.05,2,8.05,8.05,IC50,B,single protein format,single_protein,9,D,2020,
CHEMBL4872654,CHEMBL4872654,Cc1nc(Nc2ncc(C(=O)Nc3cccnc3C)s2)cc(N2CCN(CCO)CC2)n1,,7.83,1,7.83,7.83,IC50,B,single protein format,single_protein,9,D,2020,
CHEMBL4875711,CHEMBL4875711,Cc1ccnc(C)c1-c1ccc2nc(NC(=O)[C@@H]3C[C@@H]3F)sc2c1,,7.49,2,7.49,7.49,IC50,B,single protein format,single_protein,9,D,2020,
CHEMBL4877273,CHEMBL4877273,Cc1ccncc1-c1ccc2nc(NC(=O)[C@@H]3C[C@@H]3F)sc2n1,,6.3,1,6.3,6.3,IC50,B,single protein format,single_protein,9,D,2021,
CHEMBL4877718,CHEMBL4877718,Cc1cccc(F)c1-c1ccc2nc(NC(=O)[C@@H]3C[C@@H]3F)sc2c1,,7.74,3,7.74,7.76,IC50,B,single protein format,single_protein,9,D,2020;2021,
CHEMBL4878274,CHEMBL4878274,Cc1nc(Nc2ncc(C(=O)Nc3c(C)ccnc3C)s2)cc(N2CCN(CCO)CC2)n1,,7.89,1,7.89,7.89,IC50,B,single protein format,single_protein,9,D,2020,
CHEMBL4878902,CHEMBL4878902,O=C(Nc1nc2ccc(-c3cccnc3)cc2s1)[C@@H]1C[C@@H]1F,,7.62,1,7.62,7.62,IC50,B,single protein format,single_protein,9,D,2021,
CHEMBL488658,CHEMBL488658,CCCP(=O)(CCC)c1ccc(Nc2nc(C(C)C)nc3c2ncn3/C=C/c2ccccc2)cc1,,7.13,1,7.13,7.13,IC50,B,single protein format,single_protein,8,H,2008,
CHEMBL488659,CHEMBL488659,CCCP(=O)(CCC)c1ccc(Nc2nc(C(C)C)nc3c2ncn3/C=C\c2ccccc2)cc1,,6.2,1,6.2,6.2,IC50,B,single protein format,single_protein,8,H,2008,
CHEMBL488840,CHEMBL488840,Cc1cccc(C)c1/C=C/n1cnc2c(Nc3ccc(P(C)(C)=O)cc3)ncnc21,,8.45,1,8.45,8.45,IC50,B,single protein format,single_protein,8,H,2008,
CHEMBL49120,CHEMBL49120,CCN(CC)CCOc1ccc(Nc2ncc3cc(-c4c(Cl)cccc4Cl)c(=O)n(C)c3n2)cc1,PD-0166285,9.3,1,9.3,9.3,Ki,F,assay format,other,8,H,,1
CHEMBL491473,CHEMBL491473,COc1cc2c(Oc3ccc4[nH]c(C)cc4c3F)ncnc2cc1OCCCN1CCCC1,CEDIRANIB,7.11,14,6.41,7.7,Kd;Ki,B;F,assay format;single protein format,mixed,8,H,2011,3
CHEMBL493656,CHEMBL493656,COCCN1CCN(CCO/N=C2C(=C3/C(=O)Nc4cc(Br)ccc43)/Nc3ccccc3/2)CC1,,6.33,1,6.33,6.33,IC50,B,single protein format,single_protein,9,D,2016,
CHEMBL493657,CHEMBL493657,O=C1Nc2cc(Br)ccc2/C1=C1/Nc2ccccc2/C1=N\OCCN1CCN(CCOCCO)CC1,,7.47,1,7.47,7.47,IC50,B,single protein format,single_protein,9,D,2016,
CHEMBL494685,CHEMBL494685,O=C1Nc2cc(Br)ccc2/C1=C1/Nc2ccccc2/C1=N\OCCN1CCCC1,,7.07,2,6.97,7.17,IC50,B,single protein format,single_protein,9,D,2016,
CHEMBL494867,CHEMBL494867,CN(CCO/N=C1C(=C2/C(=O)Nc3cc(Br)ccc32)/Nc2ccccc2/1)CC(O)CO,,7.37,4,6.71,8.14,IC50,B,assay format;single protein format,mixed,9,D,2016,
CHEMBL495727,CHEMBL495727,O=C(Nc1c[nH]nc1-c1nc2ccc(CN3CCOCC3)cc2[nH]1)NC1CC1,AT-9283,8.0,3,6.5,8.4,IC50;Kd,B,assay format;subcellular format,other,9,D,2009;2017,2
CHEMBL4854065,CHEMBL5028003,Cc1ccncc1-c1ccc2nc(NC(=O)[C@@H]3C[C@@H]3CO)sc2c1,,7.46,3,7.46,7.5,IC50,B,single protein format,single_protein,9,D,2020;2021,
CHEMBL4848867,CHEMBL5028023,O=C(Nc1nc2ccc(-c3cnccc3C(F)(F)F)cc2s1)[C@@H]1C[C@@H]1F,,7.205,2,7.2,7.21,IC50,B,single protein format,single_protein,9,D,2020;2021,
CHEMBL4853083,CHEMBL5028032,Cc1ccncc1-c1cc2sc(NC(=O)[C@@H]3C[C@@H]3F)nc2cc1F,,7.86,1,7.86,7.86,IC50,B,single protein format,single_protein,9,D,2021,
CHEMBL4858104,CHEMBL5028111,Cc1cccc(Cl)c1-c1ccc2nc(NC(=O)[C@@H]3C[C@@H]3F)sc2c1,,7.53,3,7.53,7.53,IC50,B,single protein format,single_protein,9,D,2020;2021,
CHEMBL4849019,CHEMBL5028321,Cc1csc(-c2ccc3nc(NC(=O)[C@@H]4C[C@@H]4F)sc3c2)c1,,7.96,1,7.96,7.96,IC50,B,single protein format,single_protein,9,D,2021,
CHEMBL502835,CHEMBL502835,COC(=O)c1ccc2c(c1)NC(=O)/C2=C(\Nc1ccc(N(C)C(=O)CN2CCN(C)CC2)cc1)c1ccccc1,NINTEDANIB,7.2,13,6.19,8.0,Kd,B,single protein format;subcellular format,mixed,8;9,D;H,2011;2017,4
CHEMBL4868998,CHEMBL5028390,Cc1ccncc1-c1ccc2nc(NC(=O)[C@@H]3C[C@@H]3F)sc2c1,,8.39,3,8.29,8.39,IC50,B,single protein format,single_protein,9,D,2020;2021,
CHEMBL4864169,CHEMBL5028518,Cc1ccncc1-c1cc(F)c2nc(NC(=O)[C@@H]3C[C@@H]3F)sc2c1,,7.395,2,7.38,7.41,IC50,B,single protein format,single_protein,9,D,2020;2021,
CHEMBL4862973,CHEMBL5028534,Cc1ccncc1-c1ccc2nc(NC(=O)[C@H]3C[C@H]3F)sc2c1,,7.91,2,7.9,7.92,IC50,B,single protein format,single_protein,9,D,2020;2021,
CHEMBL4872437,CHEMBL5028704,N#Cc1ccncc1-c1ccc2nc(NC(=O)[C@@H]3C[C@@H]3F)sc2c1,,7.295,2,7.29,7.3,IC50,B,single protein format,single_protein,9,D,2020;2021,
CHEMBL4862019,CHEMBL5028705,Cc1ncnc(C)c1-c1ccc2nc(NC(=O)[C@@H]3C[C@@H]3F)sc2c1,,7.04,2,7.04,7.04,IC50,B,single protein format,single_protein,9,D,2020;2021,
CHEMBL4863574,CHEMBL5028824,Cc1ccncc1-c1ccc2nc(NC(=O)[C@@H]3C[C@H]3F)sc2c1,,7.59,2,7.56,7.62,IC50,B,single protein format,single_protein,9,D,2020;2021,
CHEMBL4868256,CHEMBL5028859,Cc1cc(C)c(-c2ccc3nc(NC(=O)[C@@H]4C[C@@H]4F)sc3c2)cn1,,7.65,2,7.63,7.67,IC50,B,single protein format,single_protein,9,D,2020;2021,
CHEMBL4874323,CHEMBL5028912,Cc1cccc(C)c1-c1ccc2nc(NC(=O)[C@@H]3C[C@@H]3F)sc2c1,,7.92,3,7.92,7.93,IC50,B,single protein format,single_protein,9,D,2020;2021,
CHEMBL4879160,CHEMBL5029002,Cc1ccsc1-c1ccc2nc(NC(=O)[C@@H]3C[C@@H]3F)sc2c1,,8.11,2,8.1,8.12,IC50,B,single protein format,single_protein,9,D,2020;2021,
CHEMBL4874824,CHEMBL5029009,Cc1ccncc1-c1ccc2nc(NC(=O)[C@H]3C[C@@H]3F)sc2c1,,8.02,1,8.02,8.02,IC50,B,single protein format,single_protein,9,D,2021,
CHEMBL504598,CHEMBL504598,O=C(Nc1ncc(Cc2ccccc2)s1)c1cccs1,,7.05,1,7.05,7.05,Ki,B,single protein format,single_protein,8,H,2008,
CHEMBL508027,CHEMBL508027,CCCCNc1nc(SC)nc2c1cnn2CC(Br)c1ccccc1,,6.5,1,6.5,6.5,Ki,B,single protein format,single_protein,9,D,2008,
CHEMBL5088939,CHEMBL5088939,CCc1c[nH]c2ncc(-c3ccc(N)c(C(=O)N(C)C)c3)cc12,,7.66,1,7.66,7.66,IC50,B,single protein format,single_protein,9,D,2022,
CHEMBL508928,CHEMBL508928,Cc1cccc(NC(=O)Nc2ccc(-c3cnc4c(-c5cnn(C)c5)cnn4c3N)cc2)c1,,7.6,1,7.6,7.6,Ki,F,assay format,other,8,H,,
CHEMBL508986,CHEMBL508986,CCCSc1nc(N(CC)CC)c2cnn(CC(Cl)c3ccccc3)c2n1,,6.55,1,6.55,6.55,Ki,B,single protein format,single_protein,9,D,2008,
CHEMBL509002,CHEMBL509002,COc1nc(Nc2ccc(P(C)(C)=O)cc2)c2ncn(/C=C/c3c(C)cccc3C)c2n1,,8.74,1,8.74,8.74,IC50,B,single protein format,single_protein,8,H,2008,
CHEMBL509032,CHEMBL509032,COc1cc(N2CCC(N3CCN(C)CC3)CC2)ccc1Nc1ncc(Cl)c(Nc2ccccc2S(=O)(=O)C(C)C)n1,TAE-684,7.085,16,6.6,8.27,Kd;Ki,B;F,assay format;single protein format,mixed,8,H,2011,
CHEMBL509941,CHEMBL509941,Cc1cccc(C)c1/C=C/n1cnc2c(Nc3ccc(P(C)(C)=O)cc3)nc(N3CCN(C)CC3)nc21,,8.17,1,8.17,8.17,IC50,B,single protein format,single_protein,8,H,2008,
CHEMBL510516,CHEMBL510516,CCC(=O)Nc1ccc2ncnc(Nc3ccc(NC(=O)Nc4cc(C(C)(C)C)nn4-c4cccc(C)c4)cc3)c2c1,,6.63,2,6.41,6.85,IC50,B,assay format,other,9,D,2013,
CHEMBL510861,CHEMBL510861,CCCNc1nc(SCCC)nc2c1cnn2CC(Cl)c1ccccc1,,6.6,1,6.6,6.6,Ki,B,single protein format,single_protein,9,D,2008,
CHEMBL510891,CHEMBL510891,CP(C)(=O)c1ccc(Nc2ncnc3c2ncn3/C=C/c2ccccc2Cl)cc1,,7.16,1,7.16,7.16,IC50,B,single protein format,single_protein,8,H,2008,
CHEMBL514140,CHEMBL514140,CSc1nc(NCc2ccccc2F)c2cnn(CC(Cl)c3ccc(F)cc3)c2n1,,6.47,1,6.47,6.47,Ki,B,single protein format,single_protein,9,D,2008,
CHEMBL515135,CHEMBL515135,CCN(CC)c1nc(SC)nc2c1cnn2CC(Cl)c1ccc(Cl)cc1,,6.52,1,6.52,6.52,Ki,B,single protein format,single_protein,9,D,2008,
CHEMBL515885,CHEMBL515885,CSc1nc(N2CCOCC2)c2cnn(CC(Cl)c3ccc(Cl)cc3)c2n1,,6.3,1,6.3,6.3,Ki,B,single protein format,single_protein,9,D,2008,
CHEMBL516070,CHEMBL516070,CSc1nc(Nc2cccc(F)c2)c2cnn(CC(Cl)c3ccc(F)cc3)c2n1,,6.66,1,6.66,6.66,Ki,B,single protein format,single_protein,9,D,2008,
CHEMBL516498,CHEMBL516498,Cc1cccc(C)c1/C=C/n1cnc2c(Nc3ccc(P(C)(C)=O)cc3)nc(OC(C)C)nc21,,8.13,1,8.13,8.13,IC50,B,single protein format,single_protein,8,H,2008,
CHEMBL517047,CHEMBL517047,Cc1cccc(Cc2cnc(NC(=O)c3cccs3)s2)c1,,7.23,1,7.23,7.23,Ki,B,single protein format,single_protein,8,H,2008,
CHEMBL5171402,CHEMBL5171402,COc1ccc(C(=O)Nc2ccc(CN3CCN(C)CC3)c(C(F)(F)F)c2)cc1C#Cc1cnc2cccnn12,,7.91,2,7.79,8.03,IC50,B,assay format;cell-based format,cell_based,9,D,2022,
CHEMBL5171892,CHEMBL5171892,Cc1ccc(C(=O)Nc2cc(-n3cnc(C(C)C)c3)cc(C(F)(F)F)c2)cc1C#Cc1cnc2cccnn12,,6.755,2,6.59,6.92,IC50,B,assay format;cell-based format,cell_based,9,D,2022,
CHEMBL517204,CHEMBL517204,O=C(Nc1ncc(Cc2ccccc2Cl)s1)c1cccs1,,6.61,1,6.61,6.61,Ki,B,single protein format,single_protein,8,H,2008,
CHEMBL5172294,CHEMBL5172294,Cc1ccc(NC(=O)c2ccc(CN3CCN(C)CC3)cc2)cc1C#Cc1cnc2cccnn12,,7.605,2,6.41,8.8,IC50,B,assay format;cell-based format,cell_based,9,D,2022,
CHEMBL5175948,CHEMBL5175948,Cc1ccc(C(=O)Nc2cc(-n3cnc(-c4ccccc4)c3)cc(C(F)(F)F)c2)cc1C#Cc1cnc2cccnn12,,6.18,2,6.14,6.22,IC50,B,assay format;cell-based format,cell_based,9,D,2022,
CHEMBL5176837,CHEMBL5176837,COc1cc2ncc(-c3cccc(NC4CCNC4)n3)n2cc1-c1cnn(C)c1,,9.22,1,9.22,9.22,IC50,B,single protein format,single_protein,9,D,2021,
CHEMBL5177673,CHEMBL5177673,CC(C)(C)c1cc(NC(=O)Nc2ccc(Oc3ccc4ncccc4c3)cc2)n(-c2ccc3ncccc3c2)n1,,6.46,1,6.46,6.46,IC50,B,cell-based format,cell_based,9,D,2022,
CHEMBL517822,CHEMBL517822,O=C(Nc1ncc(Cc2cc(Cl)ccc2Cl)s1)c1cccs1,,7.3,1,7.3,7.3,Ki,B,single protein format,single_protein,8,H,2008,
CHEMBL5178286,CHEMBL5178286,Cc1ccc(C(=O)Nc2ccc(CN3CCN(C)CC3)c(C(F)(F)F)c2)cc1C#Cc1cn(C)cn1,,7.075,2,6.92,7.23,IC50,B,assay format;cell-based format,cell_based,9,D,2022,
CHEMBL5178368,CHEMBL5178368,CCCNc1ccc2ncc(-c3ccc4[nH]ncc4c3)n2n1,,6.79,1,6.79,6.79,IC50,B,cell-based format,cell_based,9,D,2022,
CHEMBL518031,CHEMBL518031,O=C(/C=C/c1ccc(/C=C2\Oc3ccccc3NC2=O)s1)Nc1ccc(N2CCOCC2)cc1,,6.54,1,6.54,6.54,IC50,B,assay format,other,8,H,2009,
CHEMBL5181260,CHEMBL5181260,CN1CCN(Cc2ccc(NC(=O)Nc3ccc(Oc4ccc5ncccc5c4)cc3)cc2C(F)(F)F)CC1,,7.42,1,7.42,7.42,IC50,B,cell-based format,cell_based,9,D,2022,
CHEMBL518166,CHEMBL518166,Cc1cccc(C)c1/C=C/n1cnc2c(Nc3ccc(P(C)(C)=O)cc3)nc(Oc3cccnc3)nc21,,9.3,1,9.3,9.3,IC50,B,single protein format,single_protein,8,H,2008,
CHEMBL5182618,CHEMBL5182618,CN[C@@H](C)C(=O)N[C@H](C(=O)N1CCC[C@H]1c1nc(C(=O)c2cccc(OCCCOCC(=O)N3CCN(c4cc(Nc5ncc(C(=O)Nc6c(C)cccc6Cl)s5)nc(C)n4)CC3)c2)cs1)C1CCCCC1,,9.27,1,9.27,9.27,IC50,B,assay format,other,9,D,2022,
CHEMBL5182661,CHEMBL5182661,CC(=O)c1cccc(-c2cc(Nc3ccc(OC(F)(F)F)cc3)ncn2)c1,,6.86,1,6.86,6.86,IC50,B,single protein format,single_protein,9,D,2022,
CHEMBL5182704,CHEMBL5182704,Cc1cn(-c2cc(NC(=O)c3ccc(C)c(C#Cc4cnc5cccnn45)c3)cc(C(F)(F)F)c2)cn1,,7.4350000000000005,2,7.29,7.58,IC50,B,assay format;cell-based format,cell_based,9,D,2022,
CHEMBL5182716,CHEMBL5182716,Cc1ccc(C(=O)Nc2cc(-n3cnc(C4CC4)c3)cc(C(F)(F)F)c2)cc1C#Cc1cnc2cccnn12,,6.92,2,6.79,7.05,IC50,B,assay format;cell-based format,cell_based,9,D,2022,
CHEMBL5183663,CHEMBL5183663,CC(C)(C)c1cc(NC(=O)Nc2ccc(Oc3ccc4ncncc4c3)cc2)n(-c2ccc3ncccc3c2)n1,,8.47,3,7.19,9.02,IC50;Ki,B,cell-based format,cell_based,8;9,D;H,2019;2022,
CHEMBL518430,CHEMBL518430,O=C(Nc1ncc(Cc2cccc(Cl)c2)s1)c1cccs1,,7.01,1,7.01,7.01,Ki,B,single protein format,single_protein,8,H,2008,
CHEMBL5186950,CHEMBL5186950,O=C(Nc1cc(-n2cnc(C3CC3)c2)cc(C(F)(F)F)c1)c1cccc(C#Cc2cnc3cccnn23)c1,,6.95,2,6.87,7.03,IC50,B,assay format;cell-based format,cell_based,9,D,2022,
CHEMBL5187134,CHEMBL5187134,COc1ccc(C(=O)Nc2cc(-n3cnc(C4CC4)c3)cc(C(F)(F)F)c2)cc1C#Cc1cnc2cccnn12,,6.545,2,6.15,6.94,IC50,B,assay format;cell-based format,cell_based,9,D,2022,
CHEMBL5188231,CHEMBL5188231,CN1CCN(Cc2ccc(C(=O)Nc3ccc(CC(=O)Nc4ccc(NC(=O)C5CC5)nc4)cc3)cc2C(F)(F)F)CC1,,7.824999999999999,2,7.55,8.1,IC50,B,assay format,other,9,D,2022,
CHEMBL5188987,CHEMBL5188987,Cc1nc(NC(=O)c2ccc(C)c(C#Cc3cnc4cccnn34)c2)cc(N2CCN(CCO)CC2)n1,,6.0,1,6.0,6.0,IC50,B,assay format,other,9,D,2022,
CHEMBL5190052,CHEMBL5190052,Cc1cccc(Cl)c1NC(=O)c1cnc(NC(=O)c2ccc(CN3CCN(C)CC3)cc2)s1,,9.3,1,9.3,9.3,IC50,B,assay format,other,9,D,2022,
CHEMBL5193141,CHEMBL5193141,Cc1cn(-c2cc(NC(=O)c3cccc(C#Cc4cnc5cccnn45)c3)cc(C(F)(F)F)c2)cn1,,7.390000000000001,2,7.25,7.53,IC50,B,assay format;cell-based format,cell_based,9,D,2022,
CHEMBL5193775,CHEMBL5193775,O=C(Nc1cc(-n2ccnc2)cc(C(F)(F)F)c1)c1cccc(C#Cc2cnc3cccnn23)c1,,7.275,2,6.96,7.59,IC50,B,assay format;cell-based format,cell_based,9,D,2022,
CHEMBL5193786,CHEMBL5193786,Cn1cc(NC(=O)c2cc(C(=O)c3c(Cl)ccc(Cl)c3F)c[nH]2)cn1,,8.92,1,8.92,8.92,Kd,B,single protein format,single_protein,9,D,2022,
CHEMBL5194163,CHEMBL5194163,Cc1ccn(-c2cc(NC(=O)c3ccc(C)c(C#Cc4cnc5cccnn45)c3)cc(C(F)(F)F)c2)c1,,6.470000000000001,2,6.2,6.74,IC50,B,assay format;cell-based format,cell_based,9,D,2022,
CHEMBL5195864,CHEMBL5195864,Cc1ccc(C(=O)Nc2cc(Br)cc(C(F)(F)F)c2)cc1C#Cc1cnc2cccnn12,,6.630000000000001,2,6.44,6.82,IC50,B,assay format;cell-based format,cell_based,9,D,2022,
CHEMBL5196705,CHEMBL5196705,COc1ccc(C(=O)Nc2cc(-n3cnc(C)c3)cc(C(F)(F)F)c2)cc1C#Cc1cnc2cccnn12,,6.6899999999999995,2,6.35,7.03,IC50,B,assay format;cell-based format,cell_based,9,D,2022,
CHEMBL5199397,CHEMBL5199397,CN1CCN(Cc2ccc(NC(=O)Nc3ccc(Oc4ccc5ncncc5c4)cc3)cc2C(F)(F)F)CC1,,7.8,1,7.8,7.8,IC50,B,cell-based format,cell_based,9,D,2022,
CHEMBL5200198,CHEMBL5200198,Cc1ccc(C(=O)Nc2cc(-n3cnc4ccccc43)cc(C(F)(F)F)c2)cc1C#Cc1cnc2cccnn12,,6.640000000000001,2,6.44,6.84,IC50,B,assay format;cell-based format,cell_based,9,D,2022,
CHEMBL5201102,CHEMBL5201102,COC(=O)c1ccc2c(C(Nc3ccc(N(C)C(=O)CN4CCN(C)CC4)cc3)c3ccccc3)c(O)[nH]c2c1,,7.92,1,7.92,7.92,IC50,B,single protein format,single_protein,9,D,2021,
CHEMBL5201123,CHEMBL5201123,Cc1ccc(C(=O)Nc2cc(N3CCN(C)CC3)cc(C(F)(F)F)c2)cc1C#Cc1cnc2cccnn12,,7.355,2,6.96,7.75,IC50,B,assay format;cell-based format,cell_based,9,D,2022,
CHEMBL5202391,CHEMBL5202391,Cc1ccc(C(=O)Nc2ccc(CN3CCN(C)CC3)cc2)cc1C#Cc1cnc2cccnn12,,7.33,2,6.26,8.4,IC50,B,assay format;cell-based format,cell_based,9,D,2022,
CHEMBL5202721,CHEMBL5202721,CCc1cn(-c2cc(NC(=O)c3ccc(C)c(C#Cc4cnc5cccnn45)c3)cc(C(F)(F)F)c2)cn1,,7.005,2,6.83,7.18,IC50,B,assay format;cell-based format,cell_based,9,D,2022,
CHEMBL5203405,CHEMBL5203405,CN1CCN(Cc2ccc(NC(=O)Nc3ccc(Oc4ccc5cccnc5c4)cc3)cc2C(F)(F)F)CC1,,8.4,5,6.2,8.7,IC50;Ki,B,cell-based format,cell_based,8;9,D;H,2019;2022,
CHEMBL520540,CHEMBL520540,CCCP(=O)(CCC)c1ccc(Nc2nc(C(C)C)nc3c2ncn3/C=C\c2c(C)cccc2C)cc1,,7.26,1,7.26,7.26,IC50,B,single protein format,single_protein,8,H,2008,
CHEMBL5206706,CHEMBL5206706,CC(C)(C)c1cc(NC(=O)Nc2ccc(Oc3ccc4cccnc4c3)cc2)n(-c2ccc3ncccc3c2)n1,,8.48,5,6.14,9.19,IC50;Ki,B,cell-based format,cell_based,8;9,D;H,2019;2022,
CHEMBL5207077,CHEMBL5207077,Cc1ccc(C(=O)Nc2ccc(CN3CCN(C)CC3)c(C(F)(F)F)c2)cc1Nc1nccc(-c2cccnc2)n1,,7.1049999999999995,2,6.17,8.04,IC50,B,assay format;cell-based format,cell_based,9,D,2022,
CHEMBL5207909,CHEMBL5207909,Cc1ccc(C(=O)Nc2cc(-n3ccnc3)cc(C(F)(F)F)c2)cc1C#Cc1cnc2cccnn12,,7.53,2,7.36,7.7,IC50,B,assay format;cell-based format,cell_based,9,D,2022,
CHEMBL5208448,CHEMBL5208448,Cc1ccc(C(=O)Nc2ncc(C(=O)Nc3c(C)cccc3Cl)s2)cc1Nc1nccc(-c2cccnc2)n1,,8.3,1,8.3,8.3,IC50,B,assay format,other,9,D,2022,
CHEMBL5218470,CHEMBL5218470,COc1ccc(-c2ccnc(Nc3cc(C(=O)Nc4ccc(CN5CCN(C)CC5)c(C(F)(F)F)c4)ccc3C)c2)cn1,,6.66,1,6.66,6.66,IC50,B,assay format,other,9,D,2022,
CHEMBL5218558,CHEMBL5218558,Cc1cn(-c2cc(NC(=O)c3ccc(C)c(Nc4cc(-c5cccnc5)ccn4)c3)cc(C(F)(F)F)c2)cn1,,7.0,1,7.0,7.0,IC50,B,assay format,other,9,D,2022,
CHEMBL5218915,CHEMBL5218915,Cc1ccc(C(=O)Nc2ccc(CN3CCN(C)CC3)c(C(F)(F)F)c2)cc1Nc1cc(-c2cccnc2)ccn1,,8.15,1,8.15,8.15,IC50,B,assay format,other,9,D,2022,
CHEMBL5219315,CHEMBL5219315,Cc1ccc(C(=O)Nc2cc(N(C)CCN(C)C)cc(C(F)(F)F)c2)cc1Nc1cc(-c2cccnc2)ccn1,,6.72,1,6.72,6.72,IC50,B,assay format,other,9,D,2022,
CHEMBL5219468,CHEMBL5219468,Cc1ccc(C(=O)Nc2cc(-c3cnn(C)c3)cc(C(F)(F)F)c2)cc1Nc1cc(-c2cccnc2)ccn1,,7.3,1,7.3,7.3,IC50,B,assay format,other,9,D,2022,
CHEMBL5219553,CHEMBL5219553,Cc1ccc(C(=O)Nc2ccc(CN3CCN(C)CC3)c(C(F)(F)F)c2)cc1Nc1cc(-c2cncnc2)ccn1,,8.0,1,8.0,8.0,IC50,B,assay format,other,9,D,2022,
CHEMBL5220767,CHEMBL5220767,Cc1ccc(C(=O)Nc2cc(-c3ccnn3C)cc(C(F)(F)F)c2)cc1Nc1cc(-c2cccnc2)ccn1,,6.57,1,6.57,6.57,IC50,B,assay format,other,9,D,2022,
CHEMBL5220862,CHEMBL5220862,Cc1ccc(C(=O)Nc2cc(-c3cnn(C)c3)cc(C(F)(F)F)c2)cc1Nc1cc(-c2cncnc2)ccn1,,7.02,1,7.02,7.02,IC50,B,assay format,other,9,D,2022,
CHEMBL5220882,CHEMBL5220882,COc1ccc(-c2cc(NC(=O)c3ccc(C)c(Nc4cc(-c5cccnc5)ccn4)c3)cc(C(F)(F)F)c2)cc1,,6.63,1,6.63,6.63,IC50,B,assay format,other,9,D,2022,
CHEMBL5220995,CHEMBL5220995,Cc1ccc(C(=O)Nc2ccc(CN3CCN(C)CC3)c(C(F)(F)F)c2)cc1Nc1cc(-c2ccc(F)nc2)ccn1,,6.82,1,6.82,6.82,IC50,B,assay format,other,9,D,2022,
CHEMBL5221049,CHEMBL5221049,Cc1ccc(C(=O)Nc2cc(N3CCN(C)CC3)cc(C(F)(F)F)c2)cc1Nc1cc(-c2cccnc2)ccn1,,6.62,1,6.62,6.62,IC50,B,assay format,other,9,D,2022,
CHEMBL522892,CHEMBL522892,CN1CCN(c2ccc3nc(-c4c(N)c5c(F)cccc5[nH]c4=O)[nH]c3c2)CC1,DOVITINIB,7.0600000000000005,18,6.04,7.51,IC50;Kd;Ki,B;F,assay format;single protein format,mixed,8;9,D;H,2008;2011;2013,3
CHEMBL3216659,CHEMBL523714,O=C1Nc2cc(Br)ccc2/C1=C1/Nc2ccccc2/C1=N\OCCN1CCNCC1,,8.545,2,8.03,9.06,IC50,B,assay format;single protein format,mixed,9,D,2016,
CHEMBL5266023,CHEMBL5266023,Cc1cc(-c2cc(Cl)ccc2O)cc2nnc(Nc3ccc(S(=O)(=O)CCCN4CCCC4)cc3)nc12,,8.285,2,7.8,8.77,Ki,B,single protein format,single_protein,9,D,2017,
CHEMBL5267335,CHEMBL5267335,Cc1cc(-c2cc(Cl)ccc2O)cc2nnc(Nc3ccc(C(=O)N4CCS(=O)(=O)CC4)cc3)nc12,,7.235,2,6.09,8.38,Ki,B,single protein format,single_protein,9,D,2017,
CHEMBL5268244,CHEMBL5268244,C#CCO[C@@H]1[C@H](C)[C@@H](COC(=O)c2ccc(S(=O)(=O)F)cc2)O[C@H]1n1nc(-c2ccc(C)cc2)c2c(N)ncnc21,,6.74,1,6.74,6.74,IC50,B,single protein format,single_protein,9,D,2022,
CHEMBL5269803,CHEMBL5269803,Cc1cc(-c2cc(Cl)ccc2O)cc2nnc(Nc3ccc(C(=O)NCCN4CCCC4)cc3)nc12,,7.955,2,7.32,8.59,Ki,B,single protein format,single_protein,9,D,2017,
CHEMBL5270006,CHEMBL5270006,CN1CCN(c2ccc(Nc3nc(Nc4cccc(F)c4)c4ncn(CC5CC5)c4n3)cc2)CC1,,7.4,1,7.4,7.4,IC50,B,single protein format,single_protein,9,D,2021,
CHEMBL5270142,CHEMBL5270142,CCN(CC)CCN1CCC(S(=O)(=O)c2ccc(Nc3nnc4cc(-c5cc(Cl)ccc5O)cc(C)c4n3)cc2)CC1,,7.625,2,6.79,8.46,Ki,B,single protein format,single_protein,9,D,2017,
CHEMBL5270516,CHEMBL5270516,CCN(CCN1CCCC1)S(=O)(=O)c1ccc(Nc2nnc3cc(-c4cc(Cl)ccc4O)cc(C)c3n2)cc1,,8.29,2,7.18,9.4,Ki,B,single protein format,single_protein,9,D,2017,
CHEMBL5272285,CHEMBL5272285,Cc1cc(-c2cc(Cl)ccc2O)cc2nnc(Nc3ccc(S(=O)(=O)N(CCN4CCCC4)C(C)C)cc3)nc12,,7.279999999999999,2,6.02,8.54,Ki,B,single protein format,single_protein,9,D,2017,
CHEMBL5274378,CHEMBL5274378,Cc1cc(-c2cc(Cl)ccc2O)cc2nnc(Nc3ccc(S(=O)(=O)C4CCNCC4)cc3)nc12,,8.395,2,8.33,8.46,Ki,B,single protein format,single_protein,9,D,2017,
CHEMBL5274913,CHEMBL5274913,CN1CCN(c2ccc(Nc3nc(Nc4ccc(F)cc4)c4ncn(CC5CC5)c4n3)cc2)CC1,,6.96,1,6.96,6.96,IC50,B,single protein format,single_protein,9,D,2021,
CHEMBL5275366,CHEMBL5275366,Cc1cc(-c2cc(Cl)ccc2O)cc2nnc(Nc3ccc(S(=O)(=O)N(C)CCN4CCOCC4)cc3)nc12,,7.555,2,6.82,8.29,Ki,B,single protein format,single_protein,9,D,2017,
CHEMBL5277744,CHEMBL5277744,Cc1cc(-c2cc(Cl)ccc2O)cc2nnc(Nc3ccc(S(=O)(=O)N(C)CCN4CCCC4)cc3)nc12,,9.219999999999999,2,8.92,9.52,Ki,B,single protein format,single_protein,9,D,2017,
CHEMBL5280331,CHEMBL5280331,Cc1cc(-c2cc(Cl)ccc2O)cc2nnc(Nc3ccc(S(=O)(=O)NCCN4CCCC4)cc3)nc12,,8.495000000000001,2,8.47,8.52,Ki,B,single protein format,single_protein,9,D,2017,
CHEMBL5280361,CHEMBL5280361,C#CCO[C@@H]1[C@H](C)[C@@H](COS(=O)(=O)C=C)O[C@H]1n1nc(-c2ccc(C)cc2)c2c(N)ncnc21,,7.46,1,7.46,7.46,IC50,B,single protein format,single_protein,9,D,2022,
CHEMBL5282076,CHEMBL5282076,Cc1cc(-c2cc(Cl)ccc2O)cc2nnc(Nc3ccc(OCCCN4CCCC4)cc3)nc12,,8.895,2,7.58,10.21,Ki,B,single protein format,single_protein,9,D,2017,
CHEMBL5282277,CHEMBL5282277,Cc1cc(-c2cc(Cl)ccc2O)cc2nnc(Nc3ccc(C(=O)N4CCN(C)CC4)cc3)nc12,,8.49,2,7.68,9.3,Ki,B,single protein format,single_protein,9,D,2017,
CHEMBL5282737,CHEMBL5282737,Cc1cc(-c2cc(Cl)ccc2O)cc2nnc(Nc3ccc(OCCN4CCCC4)cc3)nc12,,8.075,2,7.26,8.89,Ki,B,single protein format,single_protein,9,D,2017,
CHEMBL528330,CHEMBL528330,CCCP(=O)(CCC)c1ccc(Nc2nc(C(C)C)nc3c2ncn3/C=C/c2c(C)cccc2C)cc1,,8.23,1,8.23,8.23,IC50,B,single protein format,single_protein,8,H,2008,
CHEMBL5285367,CHEMBL5285367,CN1CCN(c2ccc(Nc3nc(Nc4cccc(F)c4)c4ncn(CC5CC5)c4n3)cc2F)CC1,,6.22,1,6.22,6.22,IC50,B,single protein format,single_protein,9,D,2021,
CHEMBL5285787,CHEMBL5285787,Cc1cc(-c2cc(Cl)ccc2O)cc2nnc(Nc3ccc(S(N)(=O)=O)cc3)nc12,,7.135,2,6.16,8.11,Ki,B,single protein format,single_protein,9,D,2017,
CHEMBL5286051,CHEMBL5286051,Cc1cc(-c2cc(Cl)ccc2O)cc2nnc(Nc3ccc(C(=O)N4CCNCC4)cc3)nc12,,8.295,2,7.82,8.77,Ki,B,single protein format,single_protein,9,D,2017,
CHEMBL5286481,CHEMBL5286481,Cc1cc(-c2cc(Cl)ccc2O)cc2nnc(Nc3ccc(S(=O)(=O)N4CCNCC4)cc3)nc12,,7.6049999999999995,2,6.85,8.36,Ki,B,single protein format,single_protein,9,D,2017,
CHEMBL5289797,CHEMBL5289797,CN1CCN(c2ccc(Nc3nc(Nc4ccccc4)c4ncn(CC5CC5)c4n3)cc2)CC1,,7.05,1,7.05,7.05,IC50,B,single protein format,single_protein,9,D,2021,
CHEMBL5314481,CHEMBL5314481,Cc1ccc(NC(=O)c2ccc(CN3CCN(C)CC3)cc2)cc1Nc1nccc(-c2cncc(-c3oncc3C)c2)n1,RISVODETINIB,7.33,1,7.33,7.33,IC50,B,single protein format,single_protein,9,D,2021,2
CHEMBL535,CHEMBL535,CCN(CC)CCNC(=O)c1c(C)[nH]c(/C=C2\C(=O)Nc3ccc(F)cc32)c1C,SUNITINIB,6.595000000000001,20,6.0,7.26,IC50;Kd,B,assay format;single protein format,mixed,8;9,D;H,2005;2008;2011;2013,4
CHEMBL539433,CHEMBL539433,Cc1cn(-c2cc(NC(=O)c3ccc(C)c(/C=C/n4cnc5c(NC6CC6)ncnc54)c3)cc(C(F)(F)F)c2)cn1,,6.36,2,6.32,6.4,IC50,B,assay format,other,9,D,2009;2010,
CHEMBL5395308,CHEMBL5395308,Cc1cnc(Nc2cnn(C)c2)nc1-c1cnn([C@H](CC#N)C2CCCC2)c1,,6.46,1,6.46,6.46,IC50,B,single protein format,single_protein,9,D,2023,
CHEMBL5395705,CHEMBL5395705,CCNC(=O)c1c(OC)cc(-n2cnc3cc(-c4cnn(CCOC)c4)ccc32)cc1OC,,6.89,1,6.89,6.89,IC50,B,single protein format,single_protein,9,D,2024,
CHEMBL5396179,CHEMBL5396179,CCNC(=O)c1c(OC)cc(-n2cnc3cc(-c4cnn(C5CCOCC5)c4)ccc32)cc1OC,,6.51,1,6.51,6.51,IC50,B,single protein format,single_protein,9,D,2024,
CHEMBL5397288,CHEMBL5397288,CCNC(=O)c1c(OC)cc(-n2cnc3cc(-c4cnn(CC#N)c4)ccc32)cc1OC,,6.35,1,6.35,6.35,IC50,B,single protein format,single_protein,9,D,2024,
CHEMBL5397973,CHEMBL5397973,Cc1ccc(C(=O)Nc2ccc(CN3CCN(C)CC3)c(C(F)(F)F)c2)cc1Nc1cccc2c1C(=O)C(=O)N2C,,7.55,1,7.55,7.55,IC50,B,cell-based format,cell_based,9,D,2023,
CHEMBL5398622,CHEMBL5398622,Cc1cn(-c2cc(NC(=O)c3ccc(C)c(Nc4cccc(-c5cccnc5)c4)c3)cc(C(F)(F)F)c2)cn1,,6.47,1,6.47,6.47,IC50,B,cell-based format,cell_based,9,D,2023,
CHEMBL5400152,CHEMBL5400152,Cc1cc(F)ncc1-c1ccc2nc(NC(=O)[C@@H]3C[C@@H]3F)sc2c1,,7.859999999999999,2,7.84,7.88,IC50,B,single protein format,single_protein,9,D,2020;2023,
CHEMBL5401167,CHEMBL5401167,CCNC(=O)c1c(OC)cc(-n2cnc3cc(-c4cnn(CC)c4)ccc32)cc1OC,,7.28,1,7.28,7.28,IC50,B,single protein format,single_protein,9,D,2024,
CHEMBL5402554,CHEMBL5402554,Cc1cc(Nc2ncc(C)c(N3CCN(CC#N)CC3)n2)sn1,,6.33,1,6.33,6.33,IC50,B,single protein format,single_protein,9,D,2023,
CHEMBL5403288,CHEMBL5403288,Cc1cc(Nc2ncc(C)c(N3CC(C4CC4)C3)n2)sn1,,7.48,1,7.48,7.48,IC50,B,single protein format,single_protein,9,D,2023,
CHEMBL5403558,CHEMBL5403558,CCNC(=O)c1c(OC)cc(-n2cnc3cc(-c4cnn(C)c4)ccc32)cc1OC,,7.13,1,7.13,7.13,IC50,B,single protein format,single_protein,9,D,2024,
CHEMBL5404502,CHEMBL5404502,CCn1cc(-c2ccc3c(c2)ncn3-c2cc(OC)c(C(=O)NCC(F)(F)F)c(OC)c2)cn1,,6.62,1,6.62,6.62,IC50,B,single protein format,single_protein,9,D,2024,
CHEMBL5404765,CHEMBL5404765,Cc1cc(Nc2ncc(C)c(N3CC4CCCC(C3)N4CCC#N)n2)sn1,,6.27,1,6.27,6.27,IC50,B,single protein format,single_protein,9,D,2023,
CHEMBL5405344,CHEMBL5405344,Cc1cc(Nc2ncc(C)c(N3CC4CCC(C3)N4CCC#N)n2)sn1,,6.07,1,6.07,6.07,IC50,B,single protein format,single_protein,9,D,2023,
CHEMBL5407103,CHEMBL5407103,CCc1nnc(-c2c(OC)cc(-c3cnc4cc(-c5cnn(C)c5)ccn34)cc2OC)o1,,7.14,1,7.14,7.14,IC50,B,single protein format,single_protein,9,D,2024,
CHEMBL5407620,CHEMBL5407620,Cc1ccc(C(=O)Nc2cc(-c3cnn(C)c3)cc(C(F)(F)F)c2)cc1NC(=O)c1cnc2[nH]ccc2c1,,7.78,1,7.78,7.78,IC50,B,cell-based format,cell_based,9,D,2023,
CHEMBL5409449,CHEMBL5409449,CCN1CCN(CCCOc2cc3nccc(Oc4c(F)cc(NC(=O)NN5C(=O)CSC5c5ccc(F)cc5F)cc4F)c3cc2OC)CC1,,6.84,1,6.84,6.84,IC50,B,single protein format,single_protein,9,D,2022,
CHEMBL5412961,CHEMBL5412961,CCn1cc(-c2ccc3c(c2)ncn3-c2cc(OC)c(C(=O)NC3CC3)c(OC)c2)cn1,,6.88,1,6.88,6.88,IC50,B,single protein format,single_protein,9,D,2024,
CHEMBL5415481,CHEMBL5415481,Cc1cc(Nc2ncc(C)c(N3CCN(CC#N)[C@@H](C)C3)n2)sn1,,6.64,1,6.64,6.64,IC50,B,single protein format,single_protein,9,D,2023,
CHEMBL5415699,CHEMBL5415699,CCn1cc(-c2ccc3c(c2)ncn3-c2cc(OC)c(C(=O)NC)c(OC)c2)cn1,,7.44,1,7.44,7.44,IC50,B,single protein format,single_protein,9,D,2024,
CHEMBL5417435,CHEMBL5417435,Cc1cc(Nc2ncc(C)c(N3CC(CC#N)C3)n2)sn1,,6.18,1,6.18,6.18,IC50,B,single protein format,single_protein,9,D,2023,
CHEMBL5417444,CHEMBL5417444,COc1cc(-n2cnc3cc(-c4cnn(C)c4)ccc32)cc(OC(F)F)c1C(=O)NC1CC1,,6.49,1,6.49,6.49,IC50,B,single protein format,single_protein,9,D,2024,
CHEMBL5419476,CHEMBL5419476,CCNC(=O)c1c(OC)cc(-n2cnc3cc(-c4cnn(CC(N)=O)c4)ccc32)cc1OC,,6.34,1,6.34,6.34,IC50,B,single protein format,single_protein,9,D,2024,
CHEMBL5420455,CHEMBL5420455,CCNC(=O)c1c(OC)cc(-n2cnc3cc(-c4cnn(CCO)c4)ccc32)cc1OC,,6.23,1,6.23,6.23,IC50,B,single protein format,single_protein,9,D,2024,
CHEMBL5423027,CHEMBL5423027,Cc1cc(Nc2ncc(C)c(-c3cnn(CCC#N)c3)n2)sn1,,6.68,1,6.68,6.68,IC50,B,single protein format,single_protein,9,D,2023,
CHEMBL5427025,CHEMBL5427025,CCn1cc(-c2ccc3c(c2)ncn3-c2cc(OC)c(CO)c(OC)c2)cn1,,7.62,1,7.62,7.62,IC50,B,single protein format,single_protein,9,D,2024,
CHEMBL5427375,CHEMBL5427375,Cc1ccc(C(=O)Nc2cc(-c3c(C)noc3C)cc(C(F)(F)F)c2)cc1NC(=O)c1cnc2[nH]ccc2c1,,6.61,1,6.61,6.61,IC50,B,cell-based format,cell_based,9,D,2023,
CHEMBL5428068,CHEMBL5428068,O=C(Nc1cn2cc(-c3ccccc3CCF)ccc2n1)[C@@H]1C[C@@H]1F,,8.31,1,8.31,8.31,IC50,B,single protein format,single_protein,9,D,2023,
CHEMBL5428147,CHEMBL5428147,CCn1cc(-c2ccc3c(c2)ncn3-c2cc(OC)c(C(=O)O)c(OC)c2)cn1,,6.32,1,6.32,6.32,IC50,B,single protein format,single_protein,9,D,2024,
CHEMBL5430774,CHEMBL5430774,CCn1cc(-c2ccc3c(c2)ncn3-c2cc(OC)c(C(=O)OC)c(OC)c2)cn1,,7.02,1,7.02,7.02,IC50,B,single protein format,single_protein,9,D,2024,
CHEMBL5431938,CHEMBL5431938,CCNC(=O)c1c(OC)cc(-n2cnc3cc(-c4cnn(CC)c4)ccc32)cc1OC(F)F,,6.76,1,6.76,6.76,IC50,B,single protein format,single_protein,9,D,2024,
CHEMBL5432284,CHEMBL5432284,Cc1cc(Nc2ncc(C)c(N3CC(CCC#N)C3)n2)sn1,,6.25,1,6.25,6.25,IC50,B,single protein format,single_protein,9,D,2023,
CHEMBL5434489,CHEMBL5434489,Cc1cc(Nc2ncc(C)c(N3CC(O)(C4CC4)C3)n2)sn1,,7.1,1,7.1,7.1,IC50,B,single protein format,single_protein,9,D,2023,
CHEMBL5434965,CHEMBL5434965,Cc1cc(Nc2ncc(C)c(N3CCC(CC#N)CC3)n2)sn1,,6.8,1,6.8,6.8,IC50,B,single protein format,single_protein,9,D,2023,
CHEMBL5437157,CHEMBL5437157,O=C(Nc1cn2cc(-c3cccc(F)c3OCCF)ccc2n1)[C@@H]1C[C@@H]1F,,8.33,1,8.33,8.33,IC50,B,single protein format,single_protein,9,D,2023,
CHEMBL5438171,CHEMBL5438171,CCn1cc(-c2ccc3c(c2)ncn3-c2cc(OC)c(C(N)=O)c(OC)c2)cn1,,8.23,1,8.23,8.23,IC50,B,single protein format,single_protein,9,D,2024,
CHEMBL5439856,CHEMBL5439856,Cc1ccc(C(=O)Nc2cc(-c3cnn(C)c3)cc(C(F)(F)F)c2)cc1Nc1cccc2c1C(=O)C(=O)N2C,,7.02,1,7.02,7.02,IC50,B,cell-based format,cell_based,9,D,2023,
CHEMBL550281,CHEMBL550281,Cc1ccc(C(=O)Nc2cc(C(F)(F)F)ccn2)cc1/C=C/n1cnc2cncnc21,,7.42,1,7.42,7.42,IC50,B,single protein format,single_protein,9,D,2009,
CHEMBL550418,CHEMBL550418,COc1cc(-c2ccc3c(c2)Nc2c(O)cccc2NC3=O)ccc1O,,6.1,1,6.1,6.1,Ki,F,assay format,other,8,H,,
CHEMBL551542,CHEMBL551542,COc1ccc(CNc2nc(SC)nc3c2cnn3CC(Cl)c2ccccc2)cc1,,6.52,1,6.52,6.52,Ki,B,single protein format,single_protein,9,D,2009,
CHEMBL553,CHEMBL553,C#Cc1cccc(Nc2ncnc3cc(OCCOC)c(OCCOC)cc23)c1,ERLOTINIB,6.68,24,6.11,7.24,Kd;Ki,B;F,assay format;single protein format,mixed,8;9,D;H,2005;2008;2011,4
CHEMBL55379,CHEMBL55379,FC(F)C(F)(F)Oc1cccc(Nc2nccc(-c3c[nH]c4ccccc34)n2)c1,,6.43,1,6.43,6.43,IC50,B,single protein format,single_protein,8,H,1997,
CHEMBL5555423,CHEMBL5555423,C#CCN(C)C(=O)c1cncc(-c2cnc3[nH]cc(-c4cc(C=O)c(C#C)cc4OC)c3c2)c1,,8.55,1,8.55,8.55,IC50,B,single protein format,single_protein,9,D,2024,
CHEMBL55592,CHEMBL55592,O=C(Nc1cccc(Nc2nccc(-c3cccnc3)n2)c1)c1ccncc1,,6.3,1,6.3,6.3,IC50,B,single protein format,single_protein,8,H,1997,
CHEMBL5560052,CHEMBL5560052,Cc1ccc(NC(=O)c2cn(CCNS(=O)(=O)c3ccccc3)nn2)cc1Nc1nccc(-c2cccnc2)n1,,6.16,1,6.16,6.16,IC50,B,single protein format,single_protein,9,D,2024,
CHEMBL5560252,CHEMBL5560252,Cc1cccc(Cl)c1NC(=O)c1cnc(Nc2cc(N3CCN(C(=O)OCCN4CCOCC4)CC3)ncn2)s1,,9.75,1,9.75,9.75,IC50,B,single protein format,single_protein,9,D,2024,
CHEMBL5561816,CHEMBL5561816,C#Cc1cc(OC)c(-c2ccc3nc(NC(=O)NCO)sc3c2)cc1C=O,,7.89,1,7.89,7.89,Ki,B,single protein format,single_protein,9,D,2024,
CHEMBL5564993,CHEMBL5564993,COc1cc(S(=O)(=O)F)ccc1-c1c[nH]c2ncc(-c3cncc(C(=O)N(C)C)c3)cc12,,7.14,1,7.14,7.14,IC50,B,single protein format,single_protein,9,D,2024,
CHEMBL5570514,CHEMBL5570514,CN1CCN([C@H]2CC(F)(F)c3cc(NC(=O)c4ccc(F)c(C#Cc5cncc(N6CCC6)c5)c4)ccc32)CC1,,7.68,1,7.68,7.68,IC50,B,single protein format,single_protein,9,D,2024,
CHEMBL5571836,CHEMBL5571836,CN1CCN([C@H]2CC(F)(F)c3cc(NC(=O)c4ccc(F)c(C#Cc5cncc(N6CCOCC6)c5)c4)ccc32)CC1,,7.75,1,7.75,7.75,IC50,B,single protein format,single_protein,9,D,2024,
CHEMBL558752,CHEMBL558752,Cn1c(Nc2ccc(C(F)(F)F)cc2)nc2cc(Oc3ccnc(-c4ncc(C(F)(F)F)[nH]4)c3)ccc21,RAF-265,6.36,7,6.01,6.68,Kd,B,single protein format,single_protein,8;9,D;H,2008;2011,2
CHEMBL559826,CHEMBL559826,Cc1ccc(C(=O)Nc2cc(-n3ccnc3)cc(C(F)(F)F)c2)cc1/C=C/n1cnc2c(NC3CC3)ncnc21,,6.27,1,6.27,6.27,IC50,B,assay format,other,9,D,2009,
CHEMBL559838,CHEMBL559838,Cc1cn(-c2cc(NC(=O)c3ccc(C)c(/C=C/n4cnc5cncnc54)c3)cc(C(F)(F)F)c2)cn1,,7.32,1,7.32,7.32,IC50,B,single protein format,single_protein,9,D,2009,
CHEMBL5631407,CHEMBL5631407,COc1cc(-c2n[nH]c3ncc(-c4cccc(N)c4)cc23)cc(OC)c1OC,,7.15,1,7.15,7.15,IC50,B,single protein format,single_protein,9,D,2023,
CHEMBL5631455,CHEMBL5631455,COc1cc(-c2n[nH]c3ncc(-c4ccc(C)c(N)c4)cc23)cc(OC)c1OC,,6.64,1,6.64,6.64,IC50,B,single protein format,single_protein,9,D,2023,
CHEMBL5631922,CHEMBL5631922,COc1cc(-c2n[nH]c3ncc(-c4cccc5[nH]ncc45)cc23)cc(OC)c1OC,,6.91,1,6.91,6.91,IC50,B,single protein format,single_protein,9,D,2023,
CHEMBL5632248,CHEMBL5632248,COc1cc(-c2n[nH]c3ncc(-c4cccc(O)c4)cc23)cc(OC)c1OC,,7.61,1,7.61,7.61,IC50,B,single protein format,single_protein,9,D,2023,
CHEMBL5632969,CHEMBL5632969,COc1cc(-c2n[nH]c3ncc(-c4ccc(N)nc4)cc23)cc(OC)c1OC,,7.42,1,7.42,7.42,IC50,B,single protein format,single_protein,9,D,2023,
CHEMBL5633837,CHEMBL5633837,COc1cc(-c2n[nH]c3ncc(-c4ccc(C)c(NCCO)c4)cc23)cc(OC)c1OC,,7.449999999999999,2,7.05,7.85,IC50;Kd,B,single protein format,single_protein,9,D,2023,
CHEMBL56359,CHEMBL56359,O=C(Nc1cccc(Nc2nccc(-c3cccnc3)n2)c1)c1cccs1,,6.52,1,6.52,6.52,IC50,B,single protein format,single_protein,8,H,1997,
CHEMBL564746,CHEMBL564746,CSc1nc(NCCc2ccc(Cl)cc2)c2cnn(CC(Cl)c3ccccc3)c2n1,,6.46,1,6.46,6.46,Ki,B,single protein format,single_protein,9,D,2009,
CHEMBL564829,CHEMBL564829,CNC(=O)c1nn(C)c2c1C(C)(C)Cc1cnc(Nc3ccc(N4CCN(C)CC4)cc3)nc1-2,MILCICLIB,6.32,1,6.32,6.32,IC50,B,single protein format,single_protein,8,H,2009,2
CHEMBL5653589,CHEMBL5653589,Cc1ccc(C(=O)Nc2cccc(C(F)(F)F)c2)cc1Nc1nc(-c2cccnc2)nc2nn(C)cc12,,6.14,2,6.14,6.14,Kd,B,single protein format,single_protein,9,D,2018,
CHEMBL565366,CHEMBL565366,CN1CCN(C(=O)c2ccc(Nc3ncc4cc(-c5c(Cl)cccc5Cl)c(=O)n(C)c4n3)cc2)CC1,,8.44,1,8.44,8.44,IC50,B,single protein format,single_protein,9,D,2009,
CHEMBL565372,CHEMBL565372,CCc1cccc(Nc2ncc3cc(-c4c(Cl)cccc4Cl)c(=O)n(C)c3n2)c1,,7.66,1,7.66,7.66,IC50,B,single protein format,single_protein,9,D,2009,
CHEMBL565587,CHEMBL565587,Cn1c(=O)c(-c2c(Cl)cccc2Cl)cc2cnc(Nc3ccc(NC(=O)CCl)cc3)nc21,,8.12,1,8.12,8.12,IC50,B,single protein format,single_protein,9,D,2009,
CHEMBL565609,CHEMBL565609,Cn1c(=O)c(-c2c(Cl)cccc2Cl)cc2cnc(Nc3ccc(NC(=O)CCNC(=O)OC(C)(C)C)cc3)nc21,,7.92,1,7.92,7.92,IC50,B,single protein format,single_protein,9,D,2009,
CHEMBL565801,CHEMBL565801,CC(=O)Nc1cccc(Nc2ncc3cc(-c4c(Cl)cccc4Cl)c(=O)n(C)c3n2)c1,,8.3,1,8.3,8.3,IC50,B,single protein format,single_protein,9,D,2009,
CHEMBL566515,CHEMBL566515,COc1ccccc1-n1c(-c2cc(O)ccc2C)cn2c3c(=O)[nH]c(=O)n(C)c3nc12,,9.04,1,9.04,9.04,IC50,B,single protein format,single_protein,9,D,2013,
CHEMBL566635,CHEMBL566635,Cn1c(=O)c(-c2c(Cl)cccc2Cl)cc2cnc(Nc3ccc(NC(=O)CCN)cc3)nc21,,8.33,1,8.33,8.33,IC50,B,single protein format,single_protein,9,D,2009,
CHEMBL566636,CHEMBL566636,Cn1c(=O)c(-c2c(Cl)cccc2Cl)cc2cnc(Nc3ccc(N)cc3)nc21,,8.64,1,8.64,8.64,IC50,B,single protein format,single_protein,9,D,2009,
CHEMBL56669,CHEMBL56669,CCCCCC(=O)Nc1cccc(Nc2nccc(-c3cccnc3)n2)c1,,6.7,1,6.7,6.7,IC50,B,single protein format,single_protein,8,H,1997,
CHEMBL566834,CHEMBL566834,Cn1c(=O)c(-c2c(Cl)cccc2Cl)cc2cnc(Nc3cccc(COCC(O)CO)c3)nc21,,8.31,1,8.31,8.31,IC50,B,single protein format,single_protein,9,D,2009,
CHEMBL566850,CHEMBL566850,CC(=O)Nc1ccc(Nc2ncc3cc(-c4c(Cl)cccc4Cl)c(=O)n(C)c3n2)cc1,,8.32,1,8.32,8.32,IC50,B,single protein format,single_protein,9,D,2009,
CHEMBL567068,CHEMBL567068,Cn1c(=O)c(-c2c(Cl)cccc2Cl)cc2cnc(Nc3ccc(NCC(O)CO)cc3)nc21,,8.64,1,8.64,8.64,IC50,B,single protein format,single_protein,9,D,2009,
CHEMBL5686996,CHEMBL5686996,CNC(=O)c1cc(Oc2ccc(NC(=O)Nc3cc(C(C)(C)C)nn3C)c(F)c2)ccn1,,7.08,2,7.06,7.1,IC50,B,cell-based format;single protein format,mixed,9,D,2011,
CHEMBL5687006,CHEMBL5687006,CNC(=O)c1cc(Oc2ccc(NC(=O)Nc3cc(C(C)(C)C)nn3-c3ccc4c(c3)CCNC4)c(F)c2)ccn1,,7.91,2,7.77,8.05,IC50,B,cell-based format;single protein format,mixed,9,D,2011,
CHEMBL5687009,CHEMBL5687009,CC(C)(C)c1cc(NC(=O)Nc2cccc(Cl)c2Cl)n(-c2ccc3ncccc3c2)n1,,6.5,2,6.15,6.85,IC50,B,cell-based format;single protein format,mixed,9,D,2011,
CHEMBL56904,CHEMBL56904,CN1CCN(Cc2ccc(C(=O)Nc3cccc(Nc4nccc(-c5cccnc5)n4)c3)cc2)CC1,,7.0,1,7.0,7.0,IC50,B,single protein format,single_protein,8,H,1997,
CHEMBL570175,CHEMBL570175,Cn1c(=O)c(-c2c(Cl)cccc2Cl)cc2cnc(Nc3ccc(I)cc3)nc21,,7.89,1,7.89,7.89,IC50,B,single protein format,single_protein,9,D,2009,
CHEMBL5705847,CHEMBL5705847,CCN1CCN(Cc2ccc(NC(=O)c3ccc(C)c(/C=C/c4cnc5[nH]ccc5c4OC)c3)cc2C(F)(F)F)CC1,,7.29,1,7.29,7.29,IC50,B,single protein format,single_protein,9,D,2015,
CHEMBL571040,CHEMBL571040,C=CC(=O)N1CCC[C@H]1C(=O)Nc1cc2c(Nc3cccc(Cl)c3F)ncnc2cc1OCCOC,,6.3,1,6.3,6.3,IC50,B,single protein format,single_protein,8,H,2009,
CHEMBL572878,CHEMBL572878,Cc1cc(Nc2cc(N3CCN(C)CC3)nc(Sc3ccc(NC(=O)C4CC4)cc3)n2)n[nH]1,TOZASERTIB,8.03,19,6.32,8.52,Kd;Ki,B;F,assay format;single protein format,mixed,8;9,D;H,2008;2009;2011,2
CHEMBL572881,CHEMBL572881,CC1(C)CNc2cc(NC(=O)c3cccnc3NCc3ccncc3)ccc21,MOTESANIB,6.17,3,6.04,6.17,Kd,B,single protein format,single_protein,8,H,2011,3
CHEMBL573578,CHEMBL573578,CC(C)(C)n1nc(Cc2cccc3ccccc23)c2c(N)ncnc21,,6.92,1,6.92,6.92,IC50,B,assay format,other,9,D,2005,
CHEMBL5740022,CHEMBL5740022,C[C@@H]1CCOc2nc3cc(C(=O)Nc4ccc(OC(F)(F)Cl)cc4)cc(-c4ccn[nH]4)c3n21,,9.47,1,9.47,9.47,IC50,B,cell-based format,cell_based,8,H,2021,
CHEMBL5740165,CHEMBL5740165,Cc1ccc(NC(=O)c2ccc(CN3CCN(C)CC3)cc2)cc1Nc1nccc(-c2cncc(C3=NN=C(C(=O)Nc4nc(C(N)=O)co4)C3)c2)n1,,6.6,1,6.6,6.6,IC50,B,single protein format,single_protein,9,D,2021,
CHEMBL574059,CHEMBL574059,Cn1c(=O)c(-c2c(Cl)cccc2Cl)cc2cnc(Nc3ccc(F)cc3)nc21,,7.68,1,7.68,7.68,IC50,B,single protein format,single_protein,9,D,2009,
CHEMBL5741416,CHEMBL5741416,Nc1cccc(Nc2ncc3cc(-c4c(Cl)cccc4Cl)c(=O)oc3n2)c1,,9.035,2,8.67,9.4,IC50;Kd,B,single protein format,single_protein,9,D,2021,
CHEMBL5741637,CHEMBL5741637,CC(C)(C)n1cnc2cc(C(=O)Nc3ccc(OC(F)(F)Cl)cc3)cc(-c3cncnc3)c21,,9.3,1,9.3,9.3,IC50,B,cell-based format,cell_based,8,H,2021,
CHEMBL5741685,CHEMBL5741685,Cc1cccc(F)c1-c1cnc2nc(NC(=O)[C@@H]3C[C@@H]3F)sc2c1,,6.14,1,6.14,6.14,IC50,B,single protein format,single_protein,9,D,2020,
CHEMBL5741882,CHEMBL5741882,O=C(Nc1ccc(OC(F)(F)Cl)cc1)c1cc(-c2cccnn2)c2c(c1)nc1n2C[C@@H](O)CO1,,7.55,1,7.55,7.55,IC50,B,cell-based format,cell_based,8,H,2021,
CHEMBL5742003,CHEMBL5742003,COC[C@H](C)n1cnc2cc(C(=O)Nc3ccc(OC(F)(F)Cl)cc3)cc(-c3cncnc3)c21,,9.11,1,9.11,9.11,IC50,B,cell-based format,cell_based,8,H,2021,
CHEMBL5743987,CHEMBL5743987,CS(=O)(=O)Nc1cccc(-c2ccc3c(c2)C(=O)Nc2cc(OC(F)(F)F)ccc2N3)c1,,6.73,1,6.73,6.73,IC50,B,single protein format,single_protein,9,D,2023,
CHEMBL57443,CHEMBL57443,Nc1cccc(Nc2nccc(-c3ccncc3)n2)c1,,6.22,1,6.22,6.22,IC50,B,single protein format,single_protein,8,H,1997,
CHEMBL5744631,CHEMBL5744631,O=C(Nc1nc2ccc(-c3cnc4[nH]ccc4c3)cc2s1)C1CC1,,8.8,1,8.8,8.8,IC50,B,single protein format,single_protein,9,D,2020,
CHEMBL5745384,CHEMBL5745384,O=C(Nc1nc2ccc(-c3cnc4[nH]ccc4c3)cc2s1)C1C[C@@H]1F,,8.49,1,8.49,8.49,IC50,B,single protein format,single_protein,9,D,2020,
CHEMBL5746276,CHEMBL5746276,CC(C)(C)c1nc(-c2ccc3ccccc3c2)c2c(N)nccn12,,7.06,1,7.06,7.06,IC50,B,single protein format,single_protein,9,D,2020,
CHEMBL5746802,CHEMBL5746802,CCn1c([C@@H](C)O)nc2cc(C(=O)Nc3ccc(OC(F)(F)Cl)cc3)cc(-c3ccn[nH]3)c21,,9.32,1,9.32,9.32,IC50,B,cell-based format,cell_based,8,H,2021,
CHEMBL5746944,CHEMBL5746944,Cc1c(F)cncc1-c1ccc2nc(NC(=O)C3CC3(F)F)sc2c1,,8.1,1,8.1,8.1,IC50,B,single protein format,single_protein,9,D,2020,
CHEMBL5747259,CHEMBL5747259,O=C(Nc1cn2cc(-c3cnccc3C(F)(F)F)ccc2n1)[C@@H]1C[C@@H]1F,,6.26,1,6.26,6.26,IC50,B,single protein format,single_protein,9,D,2021,
CHEMBL574738,CHEMBL574738,CCN1CCN(Cc2ccc(NC(=O)Nc3ccc(Oc4cc(NC)ncn4)cc3)cc2C(F)(F)F)CC1,AST-487,8.04,22,7.12,9.17,Kd;Ki,B;F,assay format;single protein format,mixed,8;9,D;H,2008;2011,1
CHEMBL5747833,CHEMBL5747833,O=C1Nc2cc(OC(F)(F)F)ccc2Oc2ccc(-c3ccnc(N4CC[C@@H](O)C4)c3)cc21,,7.08,1,7.08,7.08,IC50,B,single protein format,single_protein,9,D,2023,
CHEMBL5747886,CHEMBL5747886,N#Cc1ccncc1-c1ccc2nc(NC(=O)[C@@H]3C[C@@H]3F)cn2c1,,6.26,1,6.26,6.26,IC50,B,single protein format,single_protein,9,D,2021,
CHEMBL5749342,CHEMBL5749342,Cc1ccc(-n2cccn2)cc1-c1ccc2nc(NC(=O)[C@@H]3C[C@@H]3F)sc2c1,,8.08,1,8.08,8.08,IC50,B,single protein format,single_protein,9,D,2020,
CHEMBL5749802,CHEMBL5749802,O=C(Nc1ccc(OC(F)(F)Cl)cc1)c1cc(-c2cncnc2)c2c(c1)ncn2[C@H]1CCOC1,,9.39,1,9.39,9.39,IC50,B,cell-based format,cell_based,8,H,2021,
CHEMBL5750274,CHEMBL5750274,O=C(Nc1nc2ccc(-c3cnc4[nH]ncc4c3)cc2s1)C1CC1,,8.29,1,8.29,8.29,IC50,B,single protein format,single_protein,9,D,2020,
CHEMBL5750859,CHEMBL5750859,O=C(Nc1ccc(OC(F)(F)Cl)cc1)c1cc(-c2cncnc2)c2c(c1)nc1n2C[C@@H](O)CC1,,9.42,1,9.42,9.42,IC50,B,cell-based format,cell_based,8,H,2021,
CHEMBL5752325,CHEMBL5752325,O=C(Nc1ccc(OC(F)(F)Cl)cc1)c1cc(-c2cncnc2)c2c(c1)nc1n2CC[C@@H](O)C1,,9.35,1,9.35,9.35,IC50,B,cell-based format,cell_based,8,H,2021,
CHEMBL5752352,CHEMBL5752352,COc1ccc(Cn2ncc(F)c2-c2cc(C(=O)Nc3ccc(OC(F)(F)Cl)cc3)cc3ncn(C(C)C)c23)cc1,,9.47,1,9.47,9.47,IC50,B,cell-based format,cell_based,8,H,2021,
CHEMBL5754207,CHEMBL5754207,Cc1ccnc(C)c1-c1ccc2nc(NC(=O)C3C[C@@H]3F)sc2c1,,7.49,2,7.49,7.49,IC50,B,single protein format,single_protein,9,D,2021,
CHEMBL57553,CHEMBL57553,Nc1cccc(Nc2nccc(-c3cccnc3)n2)c1,,6.16,1,6.16,6.16,IC50,B,single protein format,single_protein,8,H,1997,
CHEMBL5756470,CHEMBL5756470,Cc1cc(-c2cncc(-c3ccnc(Nc4cc(NC(=O)c5ccc(CN6CCNCC6)cc5)ccc4C)n3)c2)on1,,7.08,1,7.08,7.08,IC50,B,single protein format,single_protein,9,D,2021,
CHEMBL5757470,CHEMBL5757470,Cc1cn(C2CCCCO2)nc1-c1ccc2nc(NC(=O)[C@@H]3C[C@@H]3F)sc2c1,,6.12,1,6.12,6.12,IC50,B,single protein format,single_protein,9,D,2020,
CHEMBL5757611,CHEMBL5757611,C[C@@H]1COCc2nc3cc(C(=O)Nc4ccc(OC(F)(F)Cl)cc4)cc(-c4cncc(C#N)c4)c3n21,,9.55,1,9.55,9.55,IC50,B,cell-based format,cell_based,8,H,2021,
CHEMBL5757809,CHEMBL5757809,O=c1oc2nc(Nc3cccc(CO)c3)ncc2cc1-c1c(Cl)cccc1Cl,,8.305,2,7.79,8.82,IC50;Kd,B,single protein format,single_protein,9,D,2021,
CHEMBL5757881,CHEMBL5757881,O=C(Nc1ccc(OC(F)(F)Cl)cc1)c1cc(-c2cccnn2)c2c(c1)nc1n2[C@H](CO)CCO1,,9.39,1,9.39,9.39,IC50,B,cell-based format,cell_based,8,H,2021,
CHEMBL5758439,CHEMBL5758439,CC(C)c1nc2c(-c3cncnc3)cc(C(=O)Nc3ccc(OC(F)(F)Cl)cc3)cc2n1C,,9.11,1,9.11,9.11,IC50,B,cell-based format,cell_based,8,H,2021,
CHEMBL5758744,CHEMBL5758744,Cc1nsc(-c2ccc3nc(NC(=O)[C@@H]4C[C@@H]4F)sc3c2)c1Cl,,6.94,1,6.94,6.94,IC50,B,single protein format,single_protein,9,D,2020,
CHEMBL5758996,CHEMBL5758996,CC(C)n1c(C2CCOCC2)nc2cc(C(=O)Nc3ccc(OC(F)(F)Cl)cc3)cc(-c3cncnc3)c21,,9.6,1,9.6,9.6,IC50,B,cell-based format,cell_based,8,H,2021,
CHEMBL5759247,CHEMBL5759247,C[C@H]1COCc2nc3cc(C(=O)Nc4ccc(OC(F)(F)Cl)cc4)cc(-c4cncnc4)c3n21,,8.87,1,8.87,8.87,IC50,B,cell-based format,cell_based,8,H,2021,
CHEMBL5760904,CHEMBL5760904,CNc1ccc(C)c(-c2ccc3nc(NC(=O)[C@@H]4C[C@@H]4F)sc3c2)c1F,,7.78,1,7.78,7.78,IC50,B,single protein format,single_protein,9,D,2020,
CHEMBL5760906,CHEMBL5760906,Cc1cc(N(C)C)ncc1-c1ccc2nc(NC(=O)[C@@H]3C[C@@H]3F)cn2c1,,6.26,1,6.26,6.26,IC50,B,single protein format,single_protein,9,D,2021,
CHEMBL5761636,CHEMBL5761636,Cc1ccc(NC(=O)c2ccc(CN3CCN(C)CC3)cc2)cc1Nc1nccc(-c2cncc(C3=NN=C(C(=O)Nc4ccccc4)C3)c2)n1,,6.76,1,6.76,6.76,IC50,B,single protein format,single_protein,9,D,2021,
CHEMBL576218,CHEMBL576218,Cn1c(=O)c(-c2c(Cl)cccc2Cl)cc2cnc(Nc3ccc(CCO)cc3)nc21,,8.09,1,8.09,8.09,IC50,B,single protein format,single_protein,9,D,2009,
CHEMBL5762190,CHEMBL5762190,C[C@@H]1CCOc2nc3cc(C(=O)Nc4ccc(OC(F)(F)Cl)cc4)cc(-c4cnoc4)c3n21,,9.03,1,9.03,9.03,IC50,B,cell-based format,cell_based,8,H,2021,
CHEMBL5762572,CHEMBL5762572,CCOc1nc2cc(C(=O)Nc3ccc(OC(F)(F)Cl)cc3)cc(-c3cncnc3)c2n1C(C)C,,9.32,1,9.32,9.32,IC50,B,cell-based format,cell_based,8,H,2021,
CHEMBL5763154,CHEMBL5763154,CC(C)(O)c1cccc(-c2ccc3c(c2)C(=O)Nc2cc(OC(F)(F)F)ccc2O3)c1,,6.08,1,6.08,6.08,IC50,B,single protein format,single_protein,9,D,2023,
CHEMBL5765043,CHEMBL5765043,Cc1ccncc1-c1ccc2nc(NC(=O)[C@H]3C[C@H](F)C3)sc2c1,,6.99,1,6.99,6.99,IC50,B,single protein format,single_protein,9,D,2021,
CHEMBL5765181,CHEMBL5765181,CC(C)n1cnc2cc(C(=O)Nc3ccc(OC(F)(F)Cl)cc3)nc(-c3cncnc3)c21,,8.32,1,8.32,8.32,IC50,B,cell-based format,cell_based,8,H,2021,
CHEMBL5766092,CHEMBL5766092,O=C(Nc1nc2ccc(-c3cnc4c(c3)CCN4)cc2s1)C1CC1,,7.68,1,7.68,7.68,IC50,B,single protein format,single_protein,9,D,2020,
CHEMBL5766940,CHEMBL5766940,CN1CCN(Cc2ccc(NC(=O)Nc3ccc(Nc4ccc5ncccc5c4)cc3)cc2C(F)(F)F)CC1,,8.725,4,7.3,8.77,Ki,B,cell-based format,cell_based,8;9,D;H,2019,
CHEMBL5767231,CHEMBL5767231,O=C(Nc1ccc(S(F)(F)(F)(F)F)cc1)c1cnc(N2CC[C@@H](O)C2)c(-c2cncnc2)c1,,8.52,6,6.77,9.15,IC50,B,assay format;single protein format,mixed,8,H,2016,
CHEMBL5767266,CHEMBL5767266,CC(C)n1cnc2cc(C(=O)Nc3ccc(OC(F)(F)Cl)cc3)cc(-c3cnsc3)c21,,9.44,1,9.44,9.44,IC50,B,cell-based format,cell_based,8,H,2021,
CHEMBL5768316,CHEMBL5768316,Cc1c(F)cccc1-c1ccc2nc(NC(=O)C3CC(F)(F)C3)cn2c1,,7.26,1,7.26,7.26,IC50,B,single protein format,single_protein,9,D,2021,
CHEMBL576982,CHEMBL576982,CC(C)(C)c1cc(NC(=O)Nc2ccc(-c3cn4c(n3)sc3cc(OCCN5CCOCC5)ccc34)cc2)no1,QUIZARTINIB,6.5,2,6.5,6.5,Kd,B,assay format;single protein format,mixed,9,D,2009;2024,4
CHEMBL5770425,CHEMBL5770425,CC(C)n1cnc2cc(C(=O)Nc3ccc(OC(F)(F)Cl)cc3)cc(-c3cncs3)c21,,9.23,1,9.23,9.23,IC50,B,cell-based format,cell_based,8,H,2021,
CHEMBL5771178,CHEMBL5771178,CC[C@@H]1COCc2nc3cc(C(=O)Nc4ccc(OC(F)(F)Cl)cc4)cc(-c4ccn[nH]4)c3n21,,9.28,1,9.28,9.28,IC50,B,cell-based format,cell_based,8,H,2021,
CHEMBL5772282,CHEMBL5772282,O=C(Nc1ccc(OC(F)(F)Cl)cc1)c1cc(-c2cccnn2)c2c(c1)nc1n2CC[C@H](O)C1,,9.29,1,9.29,9.29,IC50,B,cell-based format,cell_based,8,H,2021,
CHEMBL577269,CHEMBL577269,Cn1c(=O)c(-c2c(Cl)cccc2Cl)cc2cnc(Nc3cccc(N)c3)nc21,,9.649999999999999,2,8.6,10.7,IC50;Ki,B,single protein format,single_protein,8;9,D;H,2009;2010,
CHEMBL5772742,CHEMBL5772742,O=C(Nc1ccc(OC(F)(F)Cl)cc1)c1cc(-c2cncnc2)c2c(c1)ncn2C1CC1,,9.59,1,9.59,9.59,IC50,B,cell-based format,cell_based,8,H,2021,
CHEMBL5773635,CHEMBL5773635,C[C@@H]1CCOc2nc3cc(C(=O)Nc4ccc(OC(F)(F)Cl)cc4)cc(-c4cscn4)c3n21,,9.46,1,9.46,9.46,IC50,B,cell-based format,cell_based,8,H,2021,
CHEMBL5774425,CHEMBL5774425,CC(C)n1nc(-c2ccc3cc(OC(=O)c4cccc(Cl)c4)ccc3c2)c2c(N)ncnc21,,6.39,1,6.39,6.39,IC50,B,single protein format,single_protein,9,D,2020,
CHEMBL5776418,CHEMBL5776418,C[C@@H]1COCc2nc3cc(C(=O)Nc4ccc(OC(F)(F)Cl)cc4)cc(-c4ncco4)c3n21,,8.82,1,8.82,8.82,IC50,B,cell-based format,cell_based,8,H,2021,
CHEMBL5776426,CHEMBL5776426,O=C(Nc1ccc(OC(F)(F)Cl)cc1)c1cc(Br)c2c(c1)nc1n2[C@H](CF)COC1,,9.49,1,9.49,9.49,IC50,B,cell-based format,cell_based,8,H,2021,
CHEMBL5776712,CHEMBL5776712,O=C(Nc1ccc(OC(F)(F)Cl)cc1)c1cc(Br)c2c(c1)nc1n2CCCC1,,9.27,1,9.27,9.27,IC50,B,cell-based format,cell_based,8,H,2021,
CHEMBL5782401,CHEMBL5782401,Cc1ccc(NC(=O)c2ccc(CN3CCN(C)CC3)cc2)cc1Nc1nccc(-c2cncc(C3=NN=C(C(=O)Nc4cc(C(=O)O)n[nH]4)C3)c2)n1,,6.99,1,6.99,6.99,IC50,B,single protein format,single_protein,9,D,2021,
CHEMBL5783192,CHEMBL5783192,O=C(Nc1ccc(OC(F)(F)Cl)cc1)c1cc(-c2ccn[nH]2)c2c(c1)nc1n2[C@@H](CCO)CO1,,8.59,1,8.59,8.59,IC50,B,cell-based format,cell_based,8,H,2021,
CHEMBL5783976,CHEMBL5783976,C[C@@H]1COCc2nc3cc(C(=O)Nc4ccc(OC(F)(F)Cl)cc4)cc(-c4cc(C5CC5)n[nH]4)c3n21,,9.11,1,9.11,9.11,IC50,B,cell-based format,cell_based,8,H,2021,
CHEMBL5784849,CHEMBL5784849,Cn1c(CO)nc2cc(C(=O)Nc3ccc(OC(F)(F)Cl)cc3)cc(-c3cncnc3)c21,,9.32,1,9.32,9.32,IC50,B,cell-based format,cell_based,8,H,2021,
CHEMBL5784931,CHEMBL5784931,Cc1ccccc1COc1ccc2cc(-c3nn(C(C)C)c4ncnc(N)c34)ccc2c1,,7.48,1,7.48,7.48,IC50,B,single protein format,single_protein,9,D,2020,
CHEMBL5784932,CHEMBL5784932,Cc1cc(NC(=O)C2=NN=C(c3cncc(-c4ccnc(Nc5cc(NC(=O)c6ccc(CN7CCN(C)CC7)cc6)ccc5C)n4)c3)C2)ccn1,,6.7,1,6.7,6.7,IC50,B,single protein format,single_protein,9,D,2021,
CHEMBL5785474,CHEMBL5785474,Cc1ccnc(F)c1-c1ccc2nc(NC(=O)[C@@H]3C[C@@H]3F)cn2c1,,7.26,1,7.26,7.26,IC50,B,single protein format,single_protein,9,D,2021,
CHEMBL5785622,CHEMBL5785622,CCn1c(C(F)F)nc2cc(C(=O)Nc3ccc(OC(F)(F)Cl)cc3)cc(-c3cccnn3)c21,,9.24,1,9.24,9.24,IC50,B,cell-based format,cell_based,8,H,2021,
CHEMBL5785803,CHEMBL5785803,Cn1c(C(F)F)nc2cc(C(=O)Nc3ccc(OC(F)(F)Cl)cc3)cc(-c3cncnc3)c21,,9.47,1,9.47,9.47,IC50,B,cell-based format,cell_based,8,H,2021,
CHEMBL5786882,CHEMBL5786882,C[C@@H]1COCc2nc3cc(C(=O)Nc4ccc(OC(F)(F)Cl)cc4)cc(-c4cncnc4)c3n21,,9.6,1,9.6,9.6,IC50,B,cell-based format,cell_based,8,H,2021,
CHEMBL5786998,CHEMBL5786998,CSc1nc2cc(C(=O)Nc3ccc(OC(F)(F)Cl)cc3)cc(Br)c2n1[C@@H](C)[C@H](O)CO,,8.5,1,8.5,8.5,IC50,B,cell-based format,cell_based,8,H,2021,
CHEMBL5787578,CHEMBL5787578,COc1nc2cc(C(=O)Nc3ccc(OC(F)(F)Cl)cc3)cc(-c3cncnc3)c2n1C(C)C,,9.48,1,9.48,9.48,IC50,B,cell-based format,cell_based,8,H,2021,
CHEMBL5789134,CHEMBL5789134,O=C1Nc2cc(OC(F)(F)F)ccc2Oc2ccc(-c3cccc(N4CC[C@H](O)C4)n3)cc21,,6.4,1,6.4,6.4,IC50,B,single protein format,single_protein,9,D,2023,
CHEMBL5789179,CHEMBL5789179,Cc1ccc(-c2ccc[nH]2)cc1-c1ccc2nc(NC(=O)[C@@H]3C[C@@H]3F)sc2c1,,8.0,1,8.0,8.0,IC50,B,single protein format,single_protein,9,D,2020,
CHEMBL5791020,CHEMBL5791020,Cc1ccncc1-c1ccc2nc(NC(=O)C3CC(F)C3)sc2c1,,7.055,2,6.99,7.12,IC50,B,single protein format,single_protein,9,D,2020,
CHEMBL5792464,CHEMBL5792464,COc1nc2cc(C(=O)Nc3ccc(OC(F)(F)Cl)cc3)cc(-c3ccn[nH]3)c2n1C(C)C,,9.44,1,9.44,9.44,IC50,B,cell-based format,cell_based,8,H,2021,
CHEMBL5792859,CHEMBL5792859,CC1(n2cnc3cc(C(=O)Nc4ccc(OC(F)(F)Cl)cc4)cc(-c4cncnc4)c32)CC1,,9.28,1,9.28,9.28,IC50,B,cell-based format,cell_based,8,H,2021,
CHEMBL5792986,CHEMBL5792986,C[C@@H](CO)n1cnc2cc(C(=O)Nc3ccc(OC(F)(F)Cl)cc3)cc(-c3cncnc3)c21,,9.33,1,9.33,9.33,IC50,B,cell-based format,cell_based,8,H,2021,
CHEMBL5793176,CHEMBL5793176,CC(C)n1c([C@H](C)O)nc2cc(C(=O)Nc3ccc(OC(F)(F)Cl)cc3)cc(-c3cccnn3)c21,,9.33,1,9.33,9.33,IC50,B,cell-based format,cell_based,8,H,2021,
CHEMBL5793570,CHEMBL5793570,C[C@H](C(F)F)n1cnc2cc(C(=O)Nc3ccc(OC(F)(F)Cl)cc3)cc(-c3cccnn3)c21,,9.21,1,9.21,9.21,IC50,B,cell-based format,cell_based,8,H,2021,
CHEMBL5794010,CHEMBL5794010,O=C(Nc1ccc(OC(F)(F)Cl)cc1)c1cc(-c2ccn[nH]2)c2c(c1)nc1n2CCOC1,,9.38,1,9.38,9.38,IC50,B,cell-based format,cell_based,8,H,2021,
CHEMBL5794181,CHEMBL5794181,COc1ccc(NC(=O)C2=NN=C(c3cncc(-c4ccnc(Nc5cc(NC(=O)c6ccc(CN7CCN(C)CC7)cc6)ccc5C)n4)c3)C2)cc1,,6.97,1,6.97,6.97,IC50,B,single protein format,single_protein,9,D,2021,
CHEMBL5794320,CHEMBL5794320,Cc1ccncc1-c1ccc2nc(NC(=O)[C@@H]3C[C@@H]3F)c(C)n2c1,,6.26,1,6.26,6.26,IC50,B,single protein format,single_protein,9,D,2021,
CHEMBL5796191,CHEMBL5796191,O=C(Nc1ccc(OC(F)(F)Cl)cc1)c1cc(-c2cncnc2)c2c(c1)ncn2[C@H]1C[C@H](O)C1,,9.24,1,9.24,9.24,IC50,B,cell-based format,cell_based,8,H,2021,
CHEMBL5796687,CHEMBL5796687,CC(=O)Nc1ccc(C)c(-c2ccc3nc(NC(=O)C4CC4)sc3c2)c1,,7.65,2,7.65,7.65,IC50,B,single protein format,single_protein,9,D,2020,
CHEMBL5798717,CHEMBL5798717,C[C@H](CO)n1cnc2cc(C(=O)Nc3ccc(OC(F)(F)Cl)cc3)cc(-c3ccn[nH]3)c21,,9.49,1,9.49,9.49,IC50,B,cell-based format,cell_based,8,H,2021,
CHEMBL5800590,CHEMBL5800590,C[C@@H]1COCc2nc3cc(C(=O)Nc4ccc(OC(F)(F)Cl)cc4)cc(-c4cscn4)c3n21,,9.27,1,9.27,9.27,IC50,B,cell-based format,cell_based,8,H,2021,
CHEMBL5802235,CHEMBL5802235,Cc1ccc(O)cc1-c1ccc2nc(NC(=O)[C@@H]3C[C@@H]3F)sc2c1,,8.815000000000001,2,8.74,8.89,IC50,B,single protein format,single_protein,9,D,2020,
CHEMBL5802281,CHEMBL5802281,C[C@@H]1COCc2nc3cc(C(=O)Nc4ccc(OC(F)(F)Cl)cc4)cc(-c4cnoc4)c3n21,,9.28,1,9.28,9.28,IC50,B,cell-based format,cell_based,8,H,2021,
CHEMBL5802302,CHEMBL5802302,O=C(Nc1cn2cc(-c3cccc(F)c3-c3ccco3)ccc2n1)[C@@H]1C[C@@H]1F,,7.26,1,7.26,7.26,IC50,B,single protein format,single_protein,9,D,2021,
CHEMBL5802630,CHEMBL5802630,Cc1cc[n+]([O-])cc1-c1ccc2nc(NC(=O)[C@@H]3C[C@@H]3F)sc2c1,,7.13,1,7.13,7.13,IC50,B,single protein format,single_protein,9,D,2021,
CHEMBL5803161,CHEMBL5803161,Cc1c(F)cncc1-c1ccc2nc(NC(=O)C3CCC3)sc2c1,,7.94,1,7.94,7.94,IC50,B,single protein format,single_protein,9,D,2020,
CHEMBL5804233,CHEMBL5804233,C[C@@H]1COCc2nc3cc(C(=O)Nc4ccc(OC(F)(F)Cl)cc4)cc(-c4[nH]ncc4F)c3n21,,9.09,1,9.09,9.09,IC50,B,cell-based format,cell_based,8,H,2021,
CHEMBL5804919,CHEMBL5804919,C[C@H]1OCC[C@H]1n1cnc2cc(C(=O)Nc3ccc(OC(F)(F)Cl)cc3)cc(-c3cncnc3)c21,,9.26,1,9.26,9.26,IC50,B,cell-based format,cell_based,8,H,2021,
CHEMBL5805472,CHEMBL5805472,Cc1coc(NC(=O)C2=NN=C(c3cncc(-c4ccnc(Nc5cc(NC(=O)c6ccc(CN7CCN(C)CC7)cc6)ccc5C)n4)c3)C2)n1,,6.39,1,6.39,6.39,IC50,B,single protein format,single_protein,9,D,2021,
CHEMBL5805508,CHEMBL5805508,Cc1c(-c2ccc3nc(NC(=O)[C@@H]4C[C@@H]4F)sc3c2)ccc2sc(=O)[nH]c12,,6.99,1,6.99,6.99,IC50,B,single protein format,single_protein,9,D,2020,
CHEMBL5805786,CHEMBL5805786,Cn1c(C2CCC2)nc2cc(C(=O)Nc3ccc(OC(F)(F)Cl)cc3)cc(-c3cncnc3)c21,,9.32,1,9.32,9.32,IC50,B,cell-based format,cell_based,8,H,2021,
CHEMBL5805831,CHEMBL5805831,O=C1Nc2cc(OC(F)(F)F)ccc2Nc2ccc(-c3cccc(C(=O)N4CCOCC4)c3)cc21,,6.13,1,6.13,6.13,IC50,B,single protein format,single_protein,9,D,2023,
CHEMBL5806005,CHEMBL5806005,C[C@@H]1COCc2nc3cc(C(=O)Nc4ccc(OC(F)(F)Cl)cc4)cc(-c4cnsc4)c3n21,,9.46,1,9.46,9.46,IC50,B,cell-based format,cell_based,8,H,2021,
CHEMBL5806101,CHEMBL5806101,C#Cc1ccc(C)c(-c2ccc3nc(NC(=O)[C@@H]4C[C@@H]4F)sc3c2)c1,,8.44,1,8.44,8.44,IC50,B,single protein format,single_protein,9,D,2020,
CHEMBL5807597,CHEMBL5807597,O=C(Nc1ccc(OC(F)(F)Cl)cc1)c1cc(-c2cncnc2)c2c(c1)ncn2C1CC[C@H]1O,,9.21,1,9.21,9.21,IC50,B,cell-based format,cell_based,8,H,2021,
CHEMBL5809133,CHEMBL5809133,C[C@@H]1CCOc2nc3cc(C(=O)Nc4ccc(OC(F)(F)Cl)cc4)cc(-c4cccnn4)c3n21,,9.51,1,9.51,9.51,IC50,B,cell-based format,cell_based,8,H,2021,
CHEMBL5809741,CHEMBL5809741,CC(C)n1cnc2cc(C(=O)Nc3ccc(OC(F)(F)Cl)cc3)c(F)c(Br)c21,,9.3,1,9.3,9.3,IC50,B,cell-based format,cell_based,8,H,2021,
CHEMBL5811808,CHEMBL5811808,O=C(Nc1ccc(OC(F)(F)Cl)cc1)c1cc(-c2cncnc2)c2c(c1)ncn2C[C@@H]1CCCO1,,9.08,1,9.08,9.08,IC50,B,cell-based format,cell_based,8,H,2021,
CHEMBL5812173,CHEMBL5812173,O=c1oc2nc(Nc3cccc(CS)c3)ncc2cc1-c1c(Cl)cccc1Cl,,8.105,2,7.73,8.48,IC50;Kd,B,single protein format,single_protein,9,D,2021,
CHEMBL5813056,CHEMBL5813056,O=C(Nc1ccc(OC(F)(F)Cl)cc1)c1cc(-c2cncnc2)c2c(c1)ncn2[C@H]1C[C@H](F)C1,,9.35,1,9.35,9.35,IC50,B,cell-based format,cell_based,8,H,2021,
CHEMBL5813241,CHEMBL5813241,CC(C)n1cnc2cc(C(=O)Nc3ccc(OC(F)(F)Cl)cc3)cc(C(N)=O)c21,,8.64,1,8.64,8.64,IC50,B,cell-based format,cell_based,8,H,2021,
CHEMBL5813980,CHEMBL5813980,C[C@@H]1CCOc2nc3cc(C(=O)Nc4ccc(OC(F)(F)Cl)cc4)cc(-c4ccnnc4)c3n21,,9.29,1,9.29,9.29,IC50,B,cell-based format,cell_based,8,H,2021,
CHEMBL58142,CHEMBL58142,O=C(Nc1cccc(Nc2nccc(-c3cccnc3)n2)c1)C1CCCCC1,,6.35,1,6.35,6.35,IC50,B,single protein format,single_protein,8,H,1997,
CHEMBL5814725,CHEMBL5814725,Cc1nc2cc(C(=O)Nc3ccc(OC(F)(F)Cl)cc3)cc(-c3cncnc3)c2n1C,,9.48,1,9.48,9.48,IC50,B,cell-based format,cell_based,8,H,2021,
CHEMBL5814814,CHEMBL5814814,O=C(Nc1ccc(OC(F)(F)Cl)cc1)c1cc(-c2ccn[nH]2)c2c(c1)nc1n2C[C@H](O)CC1,,9.21,1,9.21,9.21,IC50,B,cell-based format,cell_based,8,H,2021,
CHEMBL5816346,CHEMBL5816346,Cc1ccc(NC(=O)c2ccc(CN3CCN(C)CC3)cc2)cc1Nc1nccc(-c2cncc(-c3nccs3)c2)n1,,7.28,1,7.28,7.28,IC50,B,single protein format,single_protein,9,D,2021,
CHEMBL5816954,CHEMBL5816954,Cc1c[nH]nc1-c1ccc2nc(NC(=O)[C@@H]3C[C@@H]3F)cn2c1,,7.26,1,7.26,7.26,IC50,B,single protein format,single_protein,9,D,2021,
CHEMBL5817206,CHEMBL5817206,O=C(Nc1ccc(OC(F)(F)Cl)cc1)c1cc(-c2cccnn2)c2c(c1)nc1n2C[C@@H](O)CC1,,9.39,1,9.39,9.39,IC50,B,cell-based format,cell_based,8,H,2021,
CHEMBL5818095,CHEMBL5818095,O=C(Nc1nc2ccc(B(O)O)cc2s1)[C@@H]1C[C@@H]1F,,6.88,1,6.88,6.88,IC50,B,single protein format,single_protein,9,D,2020,
CHEMBL5818318,CHEMBL5818318,C[C@@H]1CCOc2nc3cc(C(=O)Nc4ccc(OC(F)(F)Cl)cc4)cc(-c4[nH]ncc4F)c3n21,,9.42,1,9.42,9.42,IC50,B,cell-based format,cell_based,8,H,2021,
CHEMBL5819164,CHEMBL5819164,O=C(Nc1ccc(OC(F)(F)Cl)cc1)c1cc(Br)c2c(c1)nc(C(F)F)n2C1CC1,,9.39,1,9.39,9.39,IC50,B,cell-based format,cell_based,8,H,2021,
CHEMBL5820049,CHEMBL5820049,Cc1cc(F)ncc1-c1ccc2nc(NC(=O)[C@@H]3C[C@@H]3F)cn2c1,,7.26,1,7.26,7.26,IC50,B,single protein format,single_protein,9,D,2021,
CHEMBL5820246,CHEMBL5820246,CC(C1COC1)n1cnc2cc(C(=O)Nc3ccc(OC(F)(F)Cl)cc3)cc(-c3cncnc3)c21,,9.15,1,9.15,9.15,IC50,B,cell-based format,cell_based,8,H,2021,
CHEMBL5822426,CHEMBL5822426,CC(C)n1c([C@H](C)O)nc2cc(C(=O)Nc3ccc(OC(F)(F)Cl)cc3)cc(-c3ccn[nH]3)c21,,9.32,1,9.32,9.32,IC50,B,cell-based format,cell_based,8,H,2021,
CHEMBL5823360,CHEMBL5823360,Cc1nnc(-c2cncc(-c3ccnc(Nc4cc(NC(=O)c5ccc(CN6CCN(C)CC6)cc5)ccc4C)n3)c2)o1,,6.49,1,6.49,6.49,IC50,B,single protein format,single_protein,9,D,2021,
CHEMBL5823377,CHEMBL5823377,Cc1cccc(F)c1-c1ccc2nc(NC(=O)C3CC3(F)F)sc2c1,,7.56,1,7.56,7.56,IC50,B,single protein format,single_protein,9,D,2020,
CHEMBL5824497,CHEMBL5824497,C[C@@H](CF)n1cnc2cc(C(=O)Nc3ccc(OC(F)(F)Cl)cc3)cc(-c3cncnc3)c21,,9.31,1,9.31,9.31,IC50,B,cell-based format,cell_based,8,H,2021,
CHEMBL5826926,CHEMBL5826926,Cc1ccc(NC(=O)c2ccc(CN3CCN(C)CC3)cc2)cc1Nc1nccc(-c2cncc(C3=NN=C(C(=O)N4CCCC4)C3)c2)n1,,6.4,1,6.4,6.4,IC50,B,single protein format,single_protein,9,D,2021,
CHEMBL5826999,CHEMBL5826999,C[C@@H]1CCSc2nc3cc(C(=O)Nc4ccc(OC(F)(F)Cl)cc4)cc(-c4cncnc4)c3n21,,9.44,1,9.44,9.44,IC50,B,cell-based format,cell_based,8,H,2021,
CHEMBL5827619,CHEMBL5827619,O=C(Nc1ccc(OC(F)(F)Cl)cc1)c1cc(-c2cncnc2)c2[nH]cnc2c1,,9.1,1,9.1,9.1,IC50,B,cell-based format,cell_based,8,H,2021,
CHEMBL5828554,CHEMBL5828554,CCn1c(OC)nc2cc(C(=O)Nc3ccc(OC(F)(F)Cl)cc3)cc(-c3ccn[nH]3)c21,,9.36,1,9.36,9.36,IC50,B,cell-based format,cell_based,8,H,2021,
CHEMBL5832508,CHEMBL5832508,Cc1cccc(C)c1-c1cc2cnc(Nc3cccc(N)c3)nc2oc1=O,,9.16,2,8.9,9.42,IC50;Kd,B,single protein format,single_protein,9,D,2021,
CHEMBL5834707,CHEMBL5834707,CNc1c(Br)cc(C(=O)Nc2ccc(OC(F)(F)Cl)cc2)cc1NC(=O)CC(=O)OC,,9.42,1,9.42,9.42,IC50,B,cell-based format,cell_based,8,H,2021,
CHEMBL5835345,CHEMBL5835345,O=C1Cc2cc(-c3ccc4nc(NC(=O)C5CC5)sc4c3)cnc2N1,,7.69,1,7.69,7.69,IC50,B,single protein format,single_protein,9,D,2020,
CHEMBL5836493,CHEMBL5836493,Cc1ccc2[nH]ccc2c1-c1ccc2nc(NC(=O)[C@@H]3C[C@@H]3F)sc2c1,,8.8,1,8.8,8.8,IC50,B,single protein format,single_protein,9,D,2020,
CHEMBL5836865,CHEMBL5836865,CC(C)n1cnc2cc(C(=O)Nc3ccc(OC(F)(F)Cl)cc3)cc(-c3cncnc3)c21,,9.57,1,9.57,9.57,IC50,B,cell-based format,cell_based,8,H,2021,
CHEMBL5838310,CHEMBL5838310,Cc1ccc(NC(=O)c2ccc(CN3CCN(C)CC3)cc2)cc1Nc1nccc(-c2cncc(C3=NN=C(C(=O)Nc4[nH]ncc4C)C3)c2)n1,,7.39,1,7.39,7.39,IC50,B,single protein format,single_protein,9,D,2021,
CHEMBL5838571,CHEMBL5838571,O=C(Nc1ccc(OC(F)(F)Cl)cc1)c1cc(-c2cncnc2)c2c(c1)ncn2C1CCCC1,,9.29,1,9.29,9.29,IC50,B,cell-based format,cell_based,8,H,2021,
CHEMBL5838579,CHEMBL5838579,Cc1cccc(F)c1-c1ccc2nc(NC(=O)C3CC3)sc2c1,,8.38,1,8.38,8.38,IC50,B,single protein format,single_protein,9,D,2020,
CHEMBL5838810,CHEMBL5838810,Cc1ccnc(F)c1-c1ccc2nc(NC(=O)[C@@H]3C[C@@H]3F)sc2c1,,8.29,1,8.29,8.29,IC50,B,single protein format,single_protein,9,D,2020,
CHEMBL5839218,CHEMBL5839218,CC(=O)c1cc(C)c(-c2ccc3nc(NC(=O)[C@@H]4C[C@@H]4F)sc3c2)cn1,,7.7,1,7.7,7.7,IC50,B,single protein format,single_protein,9,D,2020,
CHEMBL5839799,CHEMBL5839799,C[C@@H]1CSc2nc3cc(C(=O)Nc4ccc(OC(F)(F)Cl)cc4)cc(-c4ccn[nH]4)c3n21,,9.25,1,9.25,9.25,IC50,B,cell-based format,cell_based,8,H,2021,
CHEMBL5841002,CHEMBL5841002,C[C@@H]1Cn2c(nc3cc(C(=O)Nc4ccc(OC(F)(F)Cl)cc4)cc(-c4cncnc4)c32)CO1,,9.24,1,9.24,9.24,IC50,B,cell-based format,cell_based,8,H,2021,
CHEMBL5841403,CHEMBL5841403,Cc1ccc(NC(=O)c2ccc(CN3CCN(C)CC3)cc2)cc1Nc1nccc(-c2cncc(-c3sncc3C)c2)n1,,6.43,1,6.43,6.43,IC50,B,single protein format,single_protein,9,D,2021,
CHEMBL5842001,CHEMBL5842001,O=C(Nc1ccc(OC(F)(F)Cl)cc1)c1cc(-c2cncnc2)c2c(c1)nc1n2[C@H](CO)CCO1,,9.25,1,9.25,9.25,IC50,B,cell-based format,cell_based,8,H,2021,
CHEMBL5843460,CHEMBL5843460,N#Cc1c(F)cccc1-c1ccc2nc(NC(=O)[C@@H]3C[C@@H]3F)cn2c1,,7.26,1,7.26,7.26,IC50,B,single protein format,single_protein,9,D,2021,
CHEMBL58436,CHEMBL58436,c1cc(Nc2nccc(-c3cccnc3)n2)cc(OCCn2ccnc2)c1,,6.0,1,6.0,6.0,IC50,B,single protein format,single_protein,8,H,1997,
CHEMBL5844505,CHEMBL5844505,Cc1c(-c2ccc3nc(NC(=O)[C@@H]4C[C@@H]4F)sc3c2)ccc2c1NC(=O)C2,,7.73,1,7.73,7.73,IC50,B,single protein format,single_protein,9,D,2020,
CHEMBL5844916,CHEMBL5844916,C[C@H](C(F)F)n1cnc2cc(C(=O)Nc3ccc(OC(F)(F)Cl)cc3)cc(-c3cncnc3)c21,,9.38,1,9.38,9.38,IC50,B,cell-based format,cell_based,8,H,2021,
CHEMBL5845667,CHEMBL5845667,Cc1cccc(F)c1-c1ccc2nc(NC(=O)[C@@H]3C[C@@H]3F)c(Cl)n2c1,,7.26,1,7.26,7.26,IC50,B,single protein format,single_protein,9,D,2021,
CHEMBL5848607,CHEMBL5848607,Cc1ccncc1-c1ccc2nc(NC(=O)[C@@H]3C[C@@H]3F)c(Cl)n2c1,,6.26,1,6.26,6.26,IC50,B,single protein format,single_protein,9,D,2021,
CHEMBL5851027,CHEMBL5851027,O=C1C[C@H](n2cnc3cc(C(=O)Nc4ccc(OC(F)(F)Cl)cc4)cc(-c4cncnc4)c32)CN1,,9.4,1,9.4,9.4,IC50,B,cell-based format,cell_based,8,H,2021,
CHEMBL5851445,CHEMBL5851445,Cc1cc(CF)ncc1-c1ccc2nc(NC(=O)[C@@H]3C[C@@H]3F)sc2c1,,7.67,1,7.67,7.67,IC50,B,single protein format,single_protein,9,D,2020,
CHEMBL5851890,CHEMBL5851890,CN1CCN(Cc2ccc(NC(=O)Nc3ccc(Oc4ccc5ccccc5c4)cc3)cc2C(F)(F)F)CC1,,6.81,3,6.81,6.92,Ki,B,cell-based format,cell_based,8;9,D;H,2019,
CHEMBL5852417,CHEMBL5852417,C[C@@H]1CCOc2nc3cc(C(=O)Nc4ccc(OC(F)(F)Cl)cc4)cc(-c4cncc(C#N)c4)c3n21,,9.47,1,9.47,9.47,IC50,B,cell-based format,cell_based,8,H,2021,
CHEMBL5853972,CHEMBL5853972,Cc1c(F)cccc1-c1ccc2nc(NC(=O)C3CCC3)cn2c1,,7.26,1,7.26,7.26,IC50,B,single protein format,single_protein,9,D,2021,
CHEMBL5854167,CHEMBL5854167,CC(C)n1cnc2cc(C(=O)Nc3ccc(OC(F)(F)Cl)cc3)cc(-c3cscn3)c21,,9.51,1,9.51,9.51,IC50,B,cell-based format,cell_based,8,H,2021,
CHEMBL5856554,CHEMBL5856554,O=C(Nc1ccc(OC(F)(F)Cl)cc1)c1cc(-c2cccnn2)c2c(c1)nc1n2[C@H](CO)CO1,,8.85,1,8.85,8.85,IC50,B,cell-based format,cell_based,8,H,2021,
CHEMBL585666,CHEMBL585666,Cn1c(=O)c(-c2c(Cl)cccc2Cl)cc2cnc(Nc3ccc(OC4OC(CO)C(O)C(O)C4O)cc3)nc21,,8.85,1,8.85,8.85,IC50,B,single protein format,single_protein,9,D,2009,
CHEMBL5858162,CHEMBL5858162,Cc1ccc(NC(=O)c2ccc(CN3CCNCC3)cc2)cc1Nc1nccc(-c2cncc(-c3ccccn3)c2)n1,,6.69,1,6.69,6.69,IC50,B,single protein format,single_protein,9,D,2021,
CHEMBL5859067,CHEMBL5859067,CCn1c(C(F)F)nc2cc(C(=O)Nc3ccc(OC(F)(F)Cl)cc3)cc(-c3ccnnc3)c21,,9.35,1,9.35,9.35,IC50,B,cell-based format,cell_based,8,H,2021,
CHEMBL5860130,CHEMBL5860130,Cc1ncncc1-c1ccc2nc(NC(=O)[C@@H]3C[C@@H]3F)sc2c1,,7.3,1,7.3,7.3,IC50,B,single protein format,single_protein,9,D,2020,
CHEMBL5860607,CHEMBL5860607,CC(C)(O)Cn1cnc2cc(C(=O)Nc3ccc(OC(F)(F)Cl)cc3)cc(-c3cncnc3)c21,,8.92,1,8.92,8.92,IC50,B,cell-based format,cell_based,8,H,2021,
CHEMBL5860627,CHEMBL5860627,CC(C)n1nc(-c2ccc3cc(OCc4ccc(C(C)(C)C)cc4)ccc3c2)c2c(N)ncnc21,,6.71,1,6.71,6.71,IC50,B,single protein format,single_protein,9,D,2020,
CHEMBL5861480,CHEMBL5861480,C[C@@H]1COCc2nc3cc(C(=O)Nc4ccc(OC(F)(F)Cl)cc4)cc(Br)c3n21,,8.38,3,6.55,9.43,IC50,B,cell-based format,cell_based,8,H,2021,
CHEMBL5864554,CHEMBL5864554,O=C1Nc2cc(OC(F)(F)F)ccc2[S+]([O-])c2ccc(-c3ccnc(N4CCOCC4)c3)cc21,,6.58,1,6.58,6.58,IC50,B,single protein format,single_protein,9,D,2023,
CHEMBL5865297,CHEMBL5865297,C=CC(=O)Nc1cccc(CNc2nc(Nc3ccc(N4CCN(CCCCNC(=O)CC5[C@H]6C[C@@H]7C[C@@H](C[C@H]5C7)C6)CC4)cc3)ncc2Cl)c1,,6.21,1,6.21,6.21,IC50,B,single protein format,single_protein,9,D,2018,
CHEMBL5865654,CHEMBL5865654,Cc1cc(C(F)(F)F)ncc1-c1ccc2nc(NC(=O)[C@@H]3C[C@@H]3F)sc2c1,,6.34,1,6.34,6.34,IC50,B,single protein format,single_protein,9,D,2020,
CHEMBL5865726,CHEMBL5865726,Cc1ccc2c(c1-c1ccc3nc(NC(=O)[C@@H]4C[C@@H]4F)sc3c1)CCN2,,8.64,2,8.64,8.64,IC50,B,single protein format,single_protein,9,D,2020,
CHEMBL5865971,CHEMBL5865971,C[C@@H]1COCc2nc3cc(C(=O)Nc4ccc(OC(F)(F)Cl)cc4)cc(-c4ccnnc4)c3n21,,9.46,1,9.46,9.46,IC50,B,cell-based format,cell_based,8,H,2021,
CHEMBL5870330,CHEMBL5870330,CC(C)n1cnc2cc(C(=O)Nc3ccc(OC(F)(F)Cl)cc3)cc(-c3n[nH]cc3O)c21,,9.19,1,9.19,9.19,IC50,B,cell-based format,cell_based,8,H,2021,
CHEMBL5870516,CHEMBL5870516,CCn1c([C@H](C)O)nc2cc(C(=O)Nc3ccc(OC(F)(F)Cl)cc3)cc(-c3ccn[nH]3)c21,,9.48,1,9.48,9.48,IC50,B,cell-based format,cell_based,8,H,2021,
CHEMBL5871636,CHEMBL5871636,O=C(Cn1cnc2cc(C(=O)Nc3ccc(OC(F)(F)Cl)cc3)cc(Br)c21)NC1CC1,,9.19,1,9.19,9.19,IC50,B,cell-based format,cell_based,8,H,2021,
CHEMBL5871986,CHEMBL5871986,O=C(Nc1ccc(OC(F)(F)Cl)cc1)c1cc(-c2ccn[nH]2)c2c(c1)ncn2C1CC1,,9.51,1,9.51,9.51,IC50,B,cell-based format,cell_based,8,H,2021,
CHEMBL5872245,CHEMBL5872245,C[C@@H]1COCc2nc3cc(C(=O)Nc4ccc(OC(F)(F)Cl)cc4)cc(-c4csc(C#N)n4)c3n21,,9.2,1,9.2,9.2,IC50,B,cell-based format,cell_based,8,H,2021,
CHEMBL5872414,CHEMBL5872414,Cc1c(F)cncc1-c1ccc2nc(NC(=O)C3CC3)sc2c1,,8.6,1,8.6,8.6,IC50,B,single protein format,single_protein,9,D,2020,
CHEMBL5873023,CHEMBL5873023,C[C@H](CO)n1c(C(F)F)nc2cc(C(=O)Nc3ccc(OC(F)(F)Cl)cc3)cc(-c3cncnc3)c21,,9.42,1,9.42,9.42,IC50,B,cell-based format,cell_based,8,H,2021,
CHEMBL5873756,CHEMBL5873756,CC(=O)Nc1ccc(C)c(-c2ccc3nc(NC(=O)[C@@H]4C[C@@H]4F)cn3c2)c1,,7.26,1,7.26,7.26,IC50,B,single protein format,single_protein,9,D,2021,
CHEMBL5875315,CHEMBL5875315,Cc1ccc(-c2ncc[nH]2)cc1-c1ccc2nc(NC(=O)[C@@H]3C[C@@H]3F)sc2c1,,8.11,1,8.11,8.11,IC50,B,single protein format,single_protein,9,D,2020,
CHEMBL5878237,CHEMBL5878237,C[C@@H](O)Cn1cnc2cc(C(=O)Nc3ccc(OC(F)(F)Cl)cc3)cc(-c3cncnc3)c21,,9.2,1,9.2,9.2,IC50,B,cell-based format,cell_based,8,H,2021,
CHEMBL5878397,CHEMBL5878397,Cc1c(F)cncc1-c1ccc2nc(NC(=O)[C@@H]3C[C@@H]3F)c(Cl)n2c1,,6.26,1,6.26,6.26,IC50,B,single protein format,single_protein,9,D,2021,
CHEMBL5878555,CHEMBL5878555,O=C(Nc1ccc(OC(F)(F)Cl)cc1)c1cc(-c2cncnc2)c2c(c1)ncn2[C@@H]1COC[C@@H]1O,,8.99,1,8.99,8.99,IC50,B,cell-based format,cell_based,8,H,2021,
CHEMBL5878653,CHEMBL5878653,Cc1cccc(F)c1-c1ccc2nc(NC(=O)[C@@H]3C[C@@H]3CO)sc2c1,,7.41,1,7.41,7.41,IC50,B,single protein format,single_protein,9,D,2020,
CHEMBL5880185,CHEMBL5880185,C[C@H](n1cnc2cc(C(=O)Nc3ccc(OC(F)(F)Cl)cc3)cc(-c3cncnc3)c21)C(C)(C)O,,9.25,1,9.25,9.25,IC50,B,cell-based format,cell_based,8,H,2021,
CHEMBL5884242,CHEMBL5884242,Cc1nnc(-c2cncc(-c3ccnc(Nc4cc(NC(=O)c5ccc(CN6CCN(C)CC6)cc5)ccc4C)n3)c2)s1,,7.39,1,7.39,7.39,IC50,B,single protein format,single_protein,9,D,2021,
CHEMBL5885010,CHEMBL5885010,C[C@@H](CF)n1c(C(F)F)nc2cc(C(=O)Nc3ccc(OC(F)(F)Cl)cc3)cc(-c3cncnc3)c21,,9.44,1,9.44,9.44,IC50,B,cell-based format,cell_based,8,H,2021,
CHEMBL5885975,CHEMBL5885975,CC(C)n1c([C@H](C)O)nc2cc(C(=O)Nc3ccc(OC(F)(F)Cl)cc3)cc(-c3cncnc3)c21,,9.33,1,9.33,9.33,IC50,B,cell-based format,cell_based,8,H,2021,
CHEMBL5886277,CHEMBL5886277,C[C@@H]1CCc2nc3cc(C(=O)Nc4ccc(OC(F)(F)Cl)cc4)cc(-c4ccn[nH]4)c3n21,,9.01,1,9.01,9.01,IC50,B,cell-based format,cell_based,8,H,2021,
CHEMBL5887188,CHEMBL5887188,C[C@@H](CF)n1cnc2cc(C(=O)Nc3ccc(OC(F)(F)Cl)cc3)cc(-c3ccn[nH]3)c21,,9.25,1,9.25,9.25,IC50,B,cell-based format,cell_based,8,H,2021,
CHEMBL5888408,CHEMBL5888408,Cn1c(C(C)(C)O)nc2cc(C(=O)Nc3ccc(OC(F)(F)Cl)cc3)cc(-c3cncnc3)c21,,9.37,1,9.37,9.37,IC50,B,cell-based format,cell_based,8,H,2021,
CHEMBL5890855,CHEMBL5890855,Cc1cc(NC(=O)C2=NN=C(c3cncc(-c4ccnc(Nc5cc(NC(=O)c6ccc(CN7CCN(C)CC7)cc6)ccc5C)n4)c3)C2)[nH]n1,,7.46,1,7.46,7.46,IC50,B,single protein format,single_protein,9,D,2021,
CHEMBL5891024,CHEMBL5891024,Cc1ccc(NC(=O)c2ccc(CN3CCN(C)CC3)cc2)cc1Nc1nccc(-c2cncc(C3=NN=C(C(=O)Nc4ncco4)C3)c2)n1,,6.71,1,6.71,6.71,IC50,B,single protein format,single_protein,9,D,2021,
CHEMBL5891328,CHEMBL5891328,Cc1c(-c2ccc3nc(NC(=O)[C@@H]4C[C@@H]4F)sc3c2)ccc2cn[nH]c12,,8.42,1,8.42,8.42,IC50,B,single protein format,single_protein,9,D,2020,
CHEMBL5891431,CHEMBL5891431,Cc1ccc(C(C)(C)O)cc1-c1ccc2nc(NC(=O)[C@@H]3C[C@@H]3F)sc2c1,,6.94,1,6.94,6.94,IC50,B,single protein format,single_protein,9,D,2020,
CHEMBL5891531,CHEMBL5891531,O=C(Nc1ccc(OC(F)(F)Cl)cc1)c1cc(-c2ccn[nH]2)c2c(c1)nc1n2CCC[C@@H]1O,,9.12,1,9.12,9.12,IC50,B,cell-based format,cell_based,8,H,2021,
CHEMBL5893045,CHEMBL5893045,CN(C)S(=O)(=O)c1cccc(-c2ccc3c(c2)C(=O)Nc2cc(OC(F)(F)F)ccc2O3)c1,,6.03,1,6.03,6.03,IC50,B,single protein format,single_protein,9,D,2023,
CHEMBL5896371,CHEMBL5896371,Cc1ccc2c(c1-c1ccc3nc(NC(=O)[C@@H]4C[C@@H]4F)sc3c1)CC(=O)N2,,8.68,1,8.68,8.68,IC50,B,single protein format,single_protein,9,D,2020,
CHEMBL5896441,CHEMBL5896441,CC(C)n1nc(-c2ccc3cc(OCc4ccncc4)ccc3c2)c2c(N)ncnc21,,6.19,1,6.19,6.19,IC50,B,single protein format,single_protein,9,D,2020,
CHEMBL5898041,CHEMBL5898041,Cc1nsc(-c2ccc3nc(NC(=O)[C@@H]4C[C@@H]4F)sc3c2)c1C,,7.86,1,7.86,7.86,IC50,B,single protein format,single_protein,9,D,2020,
CHEMBL5899627,CHEMBL5899627,CC(C)n1cnc2cc(C(=O)Nc3ccc(OC(F)(F)Cl)cc3)cc(C(=O)NC3CC3)c21,,9.15,1,9.15,9.15,IC50,B,cell-based format,cell_based,8,H,2021,
CHEMBL5900011,CHEMBL5900011,Nc1ccc(-c2ccc3nc(NC(=O)[C@@H]4C[C@@H]4F)cn3c2)cn1,,7.26,1,7.26,7.26,IC50,B,single protein format,single_protein,9,D,2021,
CHEMBL5900286,CHEMBL5900286,O=C(Nc1nc2ccc(-c3cnccc3CO)cc2s1)[C@@H]1C[C@@H]1F,,7.75,1,7.75,7.75,IC50,B,single protein format,single_protein,9,D,2020,
CHEMBL5901058,CHEMBL5901058,CC(C)n1cnc2cc(C(=O)Nc3ccc(OC(F)(F)Cl)cc3)cc(-c3cccnn3)c21,,9.24,1,9.24,9.24,IC50,B,cell-based format,cell_based,8,H,2021,
CHEMBL5901761,CHEMBL5901761,Cc1ccc(-c2cc[nH]n2)cc1-c1ccc2nc(NC(=O)[C@@H]3C[C@@H]3F)sc2c1,,8.92,1,8.92,8.92,IC50,B,single protein format,single_protein,9,D,2020,
CHEMBL5902013,CHEMBL5902013,Cc1cc(NC(=O)C2=NN=C(c3cncc(-c4ccnc(Nc5cc(NC(=O)c6ccc(CN7CCN(C)CC7)cc6)ccc5C)n4)c3)C2)on1,,7.52,1,7.52,7.52,IC50,B,single protein format,single_protein,9,D,2021,
CHEMBL5902082,CHEMBL5902082,Nc1ccc(-c2ccc3nc(NC(=O)C4CC4)sc3c2)cn1,,8.13,1,8.13,8.13,IC50,B,single protein format,single_protein,9,D,2020,
CHEMBL5902703,CHEMBL5902703,C[C@@H]1CCOc2nc3cc(C(=O)Nc4ccc(OC(F)(F)Cl)cc4)cc(-c4cnsc4)c3n21,,9.37,1,9.37,9.37,IC50,B,cell-based format,cell_based,8,H,2021,
CHEMBL5902948,CHEMBL5902948,N#Cc1ccc2c(c1)NC(=O)c1cc(-c3ccnc(N4CCOCC4)c3)ccc1O2,,6.28,1,6.28,6.28,IC50,B,single protein format,single_protein,9,D,2023,
CHEMBL5903035,CHEMBL5903035,O=C(Nc1ccc(OC(F)(F)Cl)cc1)c1cc(-c2cncnc2)c2c(c1)ncn2CC1COC1,,9.34,1,9.34,9.34,IC50,B,cell-based format,cell_based,8,H,2021,
CHEMBL5903057,CHEMBL5903057,CC(=O)c1c(F)cccc1-c1ccc2nc(NC(=O)[C@@H]3C[C@@H]3F)cn2c1,,7.26,1,7.26,7.26,IC50,B,single protein format,single_protein,9,D,2021,
CHEMBL59036,CHEMBL59036,Cc1ccc(C(=O)Nc2cccc(Nc3nccc(-c4cccnc4)n3)c2)cc1,,6.0,1,6.0,6.0,IC50,B,single protein format,single_protein,8,H,1997,
CHEMBL5903717,CHEMBL5903717,COCCOCc1c(F)cccc1-c1ccc2nc(NC(=O)[C@@H]3C[C@@H]3F)cn2c1,,7.26,1,7.26,7.26,IC50,B,single protein format,single_protein,9,D,2021,
CHEMBL5906823,CHEMBL5906823,O=C(Nc1ccc(OC(F)(F)Cl)cc1)c1cc(-c2ccn[nH]2)c2c(c1)nc1n2C[C@H](O)CO1,,9.19,1,9.19,9.19,IC50,B,cell-based format,cell_based,8,H,2021,
CHEMBL5907060,CHEMBL5907060,C[C@@H]1[C@H](O)COc2nc3cc(C(=O)Nc4ccc(OC(F)(F)Cl)cc4)cc(-c4ccn[nH]4)c3n21,,9.0,1,9.0,9.0,IC50,B,cell-based format,cell_based,8,H,2021,
CHEMBL5908611,CHEMBL5908611,[C-]#[N+]c1cccc(Nc2ncc3cc(-c4c(Cl)cccc4Cl)c(=O)oc3n2)c1,,7.98,2,7.37,8.59,IC50;Kd,B,single protein format,single_protein,9,D,2021,
CHEMBL5909389,CHEMBL5909389,O=C(Nc1ccc(OC(F)(F)Cl)cc1)c1cc(-c2cncnc2)c2c(c1)ncn2C1CC(F)(F)C1,,9.4,1,9.4,9.4,IC50,B,cell-based format,cell_based,8,H,2021,
CHEMBL59099,CHEMBL59099,NCCCNC(=O)c1cccc(Nc2nccc(-c3cccnc3)n2)c1,,6.4,1,6.4,6.4,IC50,B,single protein format,single_protein,8,H,1997,
CHEMBL5909927,CHEMBL5909927,CC(C)n1cnc2cc(C(=O)Nc3ccc(OC(F)(F)Cl)cc3)cc(-c3ccn(C)n3)c21,,8.9,1,8.9,8.9,IC50,B,cell-based format,cell_based,8,H,2021,
CHEMBL5910064,CHEMBL5910064,O=C(Nc1ccc(OC(F)(F)Cl)cc1)c1cc(-c2ccn[nH]2)c2c(c1)nc1n2C[C@@H](O)CO1,,8.06,1,8.06,8.06,IC50,B,cell-based format,cell_based,8,H,2021,
CHEMBL5912843,CHEMBL5912843,Cc1ccc(NC(=O)c2ccc(CN3CCN(C)CC3)cc2)cc1Nc1nccc(-c2cncc(-c3nnco3)c2)n1,,6.32,1,6.32,6.32,IC50,B,single protein format,single_protein,9,D,2021,
CHEMBL5914584,CHEMBL5914584,COc1nc2cc(C(=O)Nc3ccc(OC(F)(F)Cl)cc3)cc(-c3cncnc3)c2n1[C@H](C)CO,,9.55,1,9.55,9.55,IC50,B,cell-based format,cell_based,8,H,2021,
CHEMBL5914813,CHEMBL5914813,O=C1Nc2cc(OC(F)(F)F)ccc2Oc2ccc(-c3cccc(N4CC[C@@H](O)C4)n3)cc21,,6.93,1,6.93,6.93,IC50,B,single protein format,single_protein,9,D,2023,
CHEMBL5914830,CHEMBL5914830,Cc1ccc(NC(=O)c2ccc(CN3CCN(C)CC3)cc2)cc1Nc1nccc(-c2cncc(C3=NN=C(C(=O)Nc4cc(C(N)=O)n[nH]4)C3)c2)n1,,6.97,1,6.97,6.97,IC50,B,single protein format,single_protein,9,D,2021,
CHEMBL5915572,CHEMBL5915572,C[C@H]1Cn2c(nc3cc(C(=O)Nc4ccc(OC(F)(F)Cl)cc4)cc(-c4cncnc4)c32)CO1,,9.08,1,9.08,9.08,IC50,B,cell-based format,cell_based,8,H,2021,
CHEMBL5916037,CHEMBL5916037,CCn1c(CO)nc2cc(C(=O)Nc3ccc(OC(F)(F)Cl)cc3)cc(-c3ccn[nH]3)c21,,9.06,1,9.06,9.06,IC50,B,cell-based format,cell_based,8,H,2021,
CHEMBL5916453,CHEMBL5916453,C[C@@H]1COCc2nc3cc(C(=O)Nc4ccc(OC(F)(F)Cl)cc4)cc(-c4cc(C#N)n[nH]4)c3n21,,9.23,1,9.23,9.23,IC50,B,cell-based format,cell_based,8,H,2021,
CHEMBL5917841,CHEMBL5917841,Cc1c(O)cccc1-c1ccc2nc(NC(=O)[C@@H]3C[C@@H]3F)sc2c1,,9.22,2,9.22,9.22,IC50,B,single protein format,single_protein,9,D,2020,
CHEMBL5917882,CHEMBL5917882,Cc1ccncc1-c1ccc2nc(NC(=O)[C@@H]3C[C@@H]3F)cn2c1,,7.26,1,7.26,7.26,IC50,B,single protein format,single_protein,9,D,2021,
CHEMBL5919079,CHEMBL5919079,O=C1Nc2cc(OC(F)(F)F)ccc2S(=O)(=O)c2ccc(-c3ccnc(N4CCOCC4)c3)cc21,,6.98,1,6.98,6.98,IC50,B,single protein format,single_protein,9,D,2023,
CHEMBL5920082,CHEMBL5920082,C[C@H](CO)n1cnc2cc(C(=O)Nc3ccc(OC(F)(F)Cl)cc3)cc(-c3cncnc3)c21,,9.44,1,9.44,9.44,IC50,B,cell-based format,cell_based,8,H,2021,
CHEMBL5921329,CHEMBL5921329,CC(C)n1c(C(F)F)nc2cc(C(=O)Nc3ccc(OC(F)(F)Cl)cc3)cc(-c3cncnc3)c21,,9.22,1,9.22,9.22,IC50,B,cell-based format,cell_based,8,H,2021,
CHEMBL5923569,CHEMBL5923569,Cc1ccnc(Cl)c1-c1ccc2nc(NC(=O)[C@@H]3C[C@@H]3F)sc2c1,,8.08,2,8.08,8.08,IC50,B,single protein format,single_protein,9,D,2020,
CHEMBL5925407,CHEMBL5925407,COc1ccc(CNc2cc(C(=O)Nc3ccc(OC(F)(F)Cl)cc3)cc3ncn(C(C)C)c23)cc1,,9.14,1,9.14,9.14,IC50,B,cell-based format,cell_based,8,H,2021,
CHEMBL5925822,CHEMBL5925822,CC(C)n1c(C(F)F)nc2cc(C(=O)Nc3ccc(OC(F)(F)Cl)cc3)cc(-c3cnsc3)c21,,9.41,1,9.41,9.41,IC50,B,cell-based format,cell_based,8,H,2021,
CHEMBL5925830,CHEMBL5925830,Cc1ccnc(-c2cncc(-c3ccnc(Nc4cc(NC(=O)c5ccc(CN6CCN(C)CC6)cc5)ccc4C)n3)c2)c1,,7.47,1,7.47,7.47,IC50,B,single protein format,single_protein,9,D,2021,
CHEMBL5926374,CHEMBL5926374,Cc1cc(Nc2ncc3cc(-c4c(Cl)cccc4Cl)c(=O)oc3n2)ccc1F,,8.11,2,7.76,8.46,IC50;Kd,B,single protein format,single_protein,9,D,2021,
CHEMBL5927204,CHEMBL5927204,CC(=O)N1CCc2c1ccc(C)c2-c1ccc2nc(NC(=O)[C@@H]3C[C@@H]3F)sc2c1,,7.33,1,7.33,7.33,IC50,B,single protein format,single_protein,9,D,2020,
CHEMBL5927334,CHEMBL5927334,C[C@H](C(F)F)n1cnc2cc(C(=O)Nc3ccc(OC(F)(F)Cl)cc3)cc(-c3ccn[nH]3)c21,,9.54,1,9.54,9.54,IC50,B,cell-based format,cell_based,8,H,2021,
CHEMBL5928041,CHEMBL5928041,Cc1ccc(NC(=O)c2ccc(CN3CCN(C)CC3)cc2)cc1Nc1nccc(-c2cncc(C3=NN=C(C(=O)Nc4ccccn4)C3)c2)n1,,7.02,1,7.02,7.02,IC50,B,single protein format,single_protein,9,D,2021,
CHEMBL5930540,CHEMBL5930540,O=C(Nc1ccc(OC(F)(F)Cl)cc1)c1cc(-c2cccnn2)c2c(c1)nc1n2[C@H](CO)COC1,,9.34,1,9.34,9.34,IC50,B,cell-based format,cell_based,8,H,2021,
CHEMBL5931947,CHEMBL5931947,Cc1c(F)cccc1-c1ccc2nc(NC(=O)C3CC(F)C3)cn2c1,,7.26,1,7.26,7.26,IC50,B,single protein format,single_protein,9,D,2021,
CHEMBL5932426,CHEMBL5932426,Cc1cccc2[nH]c(-c3nn(C(C)C)c4ncnc(N)c34)cc12,,6.01,1,6.01,6.01,IC50,B,single protein format,single_protein,9,D,2020,
CHEMBL5932454,CHEMBL5932454,O=C(Nc1ccc(OC(F)(F)Cl)cc1)c1cc(-c2cncnc2)c2c(c1)ncn2[C@@H]1CCOC1,,9.49,1,9.49,9.49,IC50,B,cell-based format,cell_based,8,H,2021,
CHEMBL5932588,CHEMBL5932588,C[C@H](CF)n1c(C(F)F)nc2cc(C(=O)Nc3ccc(OC(F)(F)Cl)cc3)cc(-c3ccn[nH]3)c21,,9.24,1,9.24,9.24,IC50,B,cell-based format,cell_based,8,H,2021,
CHEMBL5933148,CHEMBL5933148,O=C(Nc1ccc(OC(F)(F)Cl)cc1)c1cc(-c2cncc(F)c2)c2c(c1)ncn2C1CC1,,9.4,1,9.4,9.4,IC50,B,cell-based format,cell_based,8,H,2021,
CHEMBL5934662,CHEMBL5934662,Cc1nc2c(-c3cncnc3)cc(C(=O)Nc3ccc(OC(F)(F)Cl)cc3)cc2n1C,,9.57,1,9.57,9.57,IC50,B,cell-based format,cell_based,8,H,2021,
CHEMBL5934999,CHEMBL5934999,Cc1cc(-c2cncc(-c3ccnc(Nc4cc(NC(=O)c5ccc(CN6CCN(C)CC6)cc5)ccc4C)n3)c2)sn1,,7.01,1,7.01,7.01,IC50,B,single protein format,single_protein,9,D,2021,
CHEMBL5936577,CHEMBL5936577,CN(C)c1ccc(Nc2ncc3cc(-c4c(Cl)cccc4Cl)c(=O)oc3n2)cc1,,8.31,2,7.8,8.82,IC50;Kd,B,single protein format,single_protein,9,D,2021,
CHEMBL5937667,CHEMBL5937667,Cc1ccc(-c2cncc(-c3ccnc(Nc4cc(NC(=O)c5ccc(CN6CCN(C)CC6)cc5)ccc4C)n3)c2)nc1,,7.08,1,7.08,7.08,IC50,B,single protein format,single_protein,9,D,2021,
CHEMBL5938399,CHEMBL5938399,O=C(Nc1ccc(OC(F)(F)Cl)cc1)c1cc(-c2cnoc2)c2c(c1)nc1n2C[C@@H](O)CC1,,8.99,1,8.99,8.99,IC50,B,cell-based format,cell_based,8,H,2021,
CHEMBL5938459,CHEMBL5938459,C[C@@H]1COc2nc3cc(C(=O)Nc4ccc(OC(F)(F)Cl)cc4)cc(-c4cccnn4)c3n21,,9.25,1,9.25,9.25,IC50,B,cell-based format,cell_based,8,H,2021,
CHEMBL5939199,CHEMBL5939199,O=C(Nc1cn2cc(-c3ccccc3C(F)(F)F)ccc2n1)[C@@H]1C[C@@H]1F,,7.26,1,7.26,7.26,IC50,B,single protein format,single_protein,9,D,2021,
CHEMBL5939318,CHEMBL5939318,C[C@H](C1CC1)n1cnc2cc(C(=O)Nc3ccc(OC(F)(F)Cl)cc3)cc(-c3cncnc3)c21,,9.36,1,9.36,9.36,IC50,B,cell-based format,cell_based,8,H,2021,
CHEMBL5940515,CHEMBL5940515,Cc1c(F)cncc1-c1ccc2nc(NC(=O)[C@@H]3C[C@@H]3F)c(C)n2c1,,6.26,1,6.26,6.26,IC50,B,single protein format,single_protein,9,D,2021,
CHEMBL5940697,CHEMBL5940697,C[C@@H]1COCc2nc3cc(C(=O)Nc4ccc(OC(F)(F)Cl)cc4)cc(-c4cnn[nH]4)c3n21,,9.48,1,9.48,9.48,IC50,B,cell-based format,cell_based,8,H,2021,
CHEMBL5941479,CHEMBL5941479,Cc1c[nH]c2ncc(-c3ccc4nc(NC(=O)C5CC5)sc4c3)cc12,,8.6,1,8.6,8.6,IC50,B,single protein format,single_protein,9,D,2020,
CHEMBL5941886,CHEMBL5941886,Cc1c(F)cncc1-c1ccc2nc(NC(=O)C3CC(F)C3)sc2c1,,7.61,1,7.61,7.61,IC50,B,single protein format,single_protein,9,D,2020,
CHEMBL5942322,CHEMBL5942322,O=C(Nc1ccc(OC(F)(F)Cl)cc1)c1cc(-c2cncnc2)c2c(c1)ncn2CC1CC1,,9.23,1,9.23,9.23,IC50,B,cell-based format,cell_based,8,H,2021,
CHEMBL5942411,CHEMBL5942411,C[C@@H]1COCc2nc3cc(C(=O)Nc4ccc(OC(F)(F)Cl)cc4)cc(-c4cncs4)c3n21,,9.55,1,9.55,9.55,IC50,B,cell-based format,cell_based,8,H,2021,
CHEMBL5942715,CHEMBL5942715,Cc1ccncc1-c1ccc2nc(NC(=O)C3CC(F)(F)C3)sc2c1,,6.79,1,6.79,6.79,IC50,B,single protein format,single_protein,9,D,2020,
CHEMBL5944812,CHEMBL5944812,O=C(Nc1ccc(OC(F)(F)Cl)cc1)c1cc(-c2cncnc2)c2c(c1)nc1n2[C@H](CO)COC1,,9.48,1,9.48,9.48,IC50,B,cell-based format,cell_based,8,H,2021,
CHEMBL5945348,CHEMBL5945348,Cc1ccc2[nH]cnc2c1-c1ccc2nc(NC(=O)[C@@H]3C[C@@H]3F)cn2c1,,7.26,1,7.26,7.26,IC50,B,single protein format,single_protein,9,D,2021,
CHEMBL5946082,CHEMBL5946082,Cc1nc2cc(C(=O)Nc3ccc(OC(F)(F)Cl)cc3)cc(-c3cncnc3)c2n1C(C)C,,9.4,1,9.4,9.4,IC50,B,cell-based format,cell_based,8,H,2021,
CHEMBL5947712,CHEMBL5947712,Cc1cccc(F)c1-c1ccc2nc(NC(=O)C3CC(F)(F)C3)sc2c1,,6.06,1,6.06,6.06,IC50,B,single protein format,single_protein,9,D,2020,
CHEMBL5949279,CHEMBL5949279,CC(C)n1cnc2cc(C(=O)Nc3ccc(OC(F)(F)Cl)cc3)cc(-c3noc(=O)[nH]3)c21,,7.68,1,7.68,7.68,IC50,B,cell-based format,cell_based,8,H,2021,
CHEMBL5949326,CHEMBL5949326,COc1nc2cc(C(=O)Nc3ccc(OC(F)(F)Cl)cc3)cc(-c3ccn[nH]3)c2n1[C@H](C)CO,,9.59,1,9.59,9.59,IC50,B,cell-based format,cell_based,8,H,2021,
CHEMBL5949927,CHEMBL5949927,COc1ncc(-c2cc(C(=O)Nc3ccc(OC(F)(F)Cl)cc3)cc3ncn(C4CC4)c23)cn1,,9.28,1,9.28,9.28,IC50,B,cell-based format,cell_based,8,H,2021,
CHEMBL5950660,CHEMBL5950660,CN(CCO)c1cccc(-c2ccc3c(c2)C(=O)Nc2cc(OC(F)(F)F)ccc2O3)n1,,6.95,1,6.95,6.95,IC50,B,single protein format,single_protein,9,D,2023,
CHEMBL5951027,CHEMBL5951027,O=C(Nc1ccc(OC(F)(F)Cl)cc1)c1cc(-c2cncnc2)c2c(c1)nc1n2CC[C@H](O)C1,,9.43,1,9.43,9.43,IC50,B,cell-based format,cell_based,8,H,2021,
CHEMBL5951797,CHEMBL5951797,C[C@H](CF)n1cnc2cc(C(=O)Nc3ccc(OC(F)(F)Cl)cc3)cc(-c3cncnc3)c21,,9.37,1,9.37,9.37,IC50,B,cell-based format,cell_based,8,H,2021,
CHEMBL5953174,CHEMBL5953174,O=C(Nc1ccc(OC(F)(F)Cl)cc1)c1cc(-c2cncnc2)c2c(c1)ncn2[C@H]1C[C@@H](F)C1,,9.33,1,9.33,9.33,IC50,B,cell-based format,cell_based,8,H,2021,
CHEMBL5953248,CHEMBL5953248,Cc1ccc(NC(=O)c2ccc(CN3CCN(C)CC3)cc2)cc1Nc1nccc(-c2cncc(C3=NN=C(C(=O)Nc4ccn[nH]4)C3)c2)n1,,7.34,1,7.34,7.34,IC50,B,single protein format,single_protein,9,D,2021,
CHEMBL5953875,CHEMBL5953875,O=C(Nc1ccc(OC(F)(F)Cl)cc1)c1cc(-c2cncnc2)c2c(c1)ncn2C1CCOC1,,9.27,1,9.27,9.27,IC50,B,cell-based format,cell_based,8,H,2021,
CHEMBL5955773,CHEMBL5955773,O=C1Nc2cc(CO)ccc2Nc2ccc(-c3ccnc(N4CCOCC4)c3)cc21,,6.93,1,6.93,6.93,IC50,B,single protein format,single_protein,9,D,2023,
CHEMBL5956365,CHEMBL5956365,C[C@@H](CF)n1c(C(F)F)nc2cc(C(=O)Nc3ccc(OC(F)(F)Cl)cc3)cc(-c3ccn[nH]3)c21,,9.28,1,9.28,9.28,IC50,B,cell-based format,cell_based,8,H,2021,
CHEMBL5957068,CHEMBL5957068,O=C(Nc1ccc(OC(F)(F)Cl)cc1)c1cc(-c2ccn[nH]2)c2c(c1)nc1n2[C@H](CO)COC1,,9.13,1,9.13,9.13,IC50,B,cell-based format,cell_based,8,H,2021,
CHEMBL5957155,CHEMBL5957155,CC(C)n1cnc2cc(C(=O)Nc3ccc(OC(F)(F)Cl)cc3)cc(-c3n[nH]cc3C#N)c21,,9.18,1,9.18,9.18,IC50,B,cell-based format,cell_based,8,H,2021,
CHEMBL5957681,CHEMBL5957681,O=C(Nc1ccc(OC(F)(F)Cl)cc1)c1cc(-c2ccnnc2)c2c(c1)nc1n2[C@H](CO)COC1,,9.15,1,9.15,9.15,IC50,B,cell-based format,cell_based,8,H,2021,
CHEMBL5959851,CHEMBL5959851,Cc1nc(-c2cc(C(=O)Nc3ccc(OC(F)(F)Cl)cc3)cc3nc4n(c23)[C@H](C)COC4)cs1,,9.14,1,9.14,9.14,IC50,B,cell-based format,cell_based,8,H,2021,
CHEMBL5960415,CHEMBL5960415,CC(=O)Nc1cccc(Nc2ncc3cc(-c4c(Cl)cccc4Cl)c(=O)oc3n2)c1,,8.75,2,8.46,9.04,IC50;Kd,B,single protein format,single_protein,9,D,2021,
CHEMBL5960689,CHEMBL5960689,COC[C@@H](C)n1cnc2cc(C(=O)Nc3ccc(OC(F)(F)Cl)cc3)cc(-c3cncnc3)c21,,9.32,1,9.32,9.32,IC50,B,cell-based format,cell_based,8,H,2021,
CHEMBL5960791,CHEMBL5960791,C[C@@H]1COCc2nc3cc(C(=O)Nc4ccc(OC(F)(F)Cl)cc4)cc(-c4cccnn4)c3n21,,8.6,1,8.6,8.6,IC50,B,cell-based format,cell_based,8,H,2021,
CHEMBL5962277,CHEMBL5962277,Cc1c(CO)cncc1-c1ccc2nc(NC(=O)[C@@H]3C[C@@H]3F)sc2c1,,7.7,1,7.7,7.7,IC50,B,single protein format,single_protein,9,D,2020,
CHEMBL5962484,CHEMBL5962484,Cc1cccc(F)c1-c1ccc2nc(NC(=O)C3C[C@H]3CO)sc2c1,,7.24,1,7.24,7.24,IC50,B,single protein format,single_protein,9,D,2020,
CHEMBL5964426,CHEMBL5964426,Cc1c(F)cccc1-c1ccc2nc(NC(=O)[C@@H]3C[C@@H]3F)c(Cl)n2c1,,7.26,1,7.26,7.26,IC50,B,single protein format,single_protein,9,D,2021,
CHEMBL5964893,CHEMBL5964893,Cc1cnc(-c2cncc(-c3ccnc(Nc4cc(NC(=O)c5ccc(CN6CCN(C)CC6)cc5)ccc4C)n3)c2)s1,,7.24,1,7.24,7.24,IC50,B,single protein format,single_protein,9,D,2021,
CHEMBL5965665,CHEMBL5965665,COC(=O)c1cc(-c2cncnc2)c2c(c1)ncn2C(C)(C)COC(OC)OC,,9.24,1,9.24,9.24,IC50,B,cell-based format,cell_based,8,H,2021,
CHEMBL5967260,CHEMBL5967260,CNC(=O)c1cc(NC(=O)C2=NN=C(c3cncc(-c4ccnc(Nc5cc(NC(=O)c6ccc(CN7CCN(C)CC7)cc6)ccc5C)n4)c3)C2)[nH]n1,,7.04,1,7.04,7.04,IC50,B,single protein format,single_protein,9,D,2021,
CHEMBL5968076,CHEMBL5968076,Cc1ccc(C#N)cc1-c1ccc2nc(NC(=O)[C@@H]3C[C@@H]3F)sc2c1,,8.15,1,8.15,8.15,IC50,B,single protein format,single_protein,9,D,2020,
CHEMBL5968106,CHEMBL5968106,O=C(Nc1ccc(OC(F)(F)Cl)cc1)c1cc(-c2cncnc2)c2c(c1)ncn2C1CC(O)C1,,9.43,1,9.43,9.43,IC50,B,cell-based format,cell_based,8,H,2021,
CHEMBL5970078,CHEMBL5970078,O=C(Nc1ccc(OC(F)(F)Cl)cc1)c1cc(-c2cncnc2)c2c(c1)ncn2CC(F)F,,9.3,1,9.3,9.3,IC50,B,cell-based format,cell_based,8,H,2021,
CHEMBL5970225,CHEMBL5970225,CCn1c([C@H](C)O)nc2cc(C(=O)Nc3ccc(OC(F)(F)Cl)cc3)cc(-c3cnoc3)c21,,9.35,1,9.35,9.35,IC50,B,cell-based format,cell_based,8,H,2021,
CHEMBL5970516,CHEMBL5970516,CCn1c(OC)nc2cc(C(=O)Nc3ccc(OC(F)(F)Cl)cc3)cc(-c3cncnc3)c21,,9.47,1,9.47,9.47,IC50,B,cell-based format,cell_based,8,H,2021,
CHEMBL5971475,CHEMBL5971475,CCn1c([C@H](C)O)nc2cc(C(=O)Nc3ccc(OC(F)(F)Cl)cc3)cc(-c3cncnc3)c21,,9.27,1,9.27,9.27,IC50,B,cell-based format,cell_based,8,H,2021,
CHEMBL5972118,CHEMBL5972118,Cc1ccc(-c2nccs2)cc1-c1ccc2nc(NC(=O)[C@@H]3C[C@@H]3F)sc2c1,,8.03,1,8.03,8.03,IC50,B,single protein format,single_protein,9,D,2020,
CHEMBL5972945,CHEMBL5972945,COc1ccc(Cn2ncc(F)c2-c2cc(C(=O)Nc3ccc(OC(F)(F)Cl)cc3)cc3ncn(C4CC4)c23)cc1,,9.29,1,9.29,9.29,IC50,B,cell-based format,cell_based,8,H,2021,
CHEMBL5973988,CHEMBL5973988,Cc1cc(N)nc(C)c1-c1ccc2nc(NC(=O)[C@@H]3C[C@@H]3F)sc2c1,,8.4,1,8.4,8.4,IC50,B,single protein format,single_protein,9,D,2020,
CHEMBL5974298,CHEMBL5974298,CNS(=O)(=O)c1cccc(-c2ccc3c(c2)C(=O)Nc2cc(OC(F)(F)F)ccc2O3)c1,,6.08,1,6.08,6.08,IC50,B,single protein format,single_protein,9,D,2023,
CHEMBL5975001,CHEMBL5975001,O=C(Nc1ccc(OC(F)(F)Cl)cc1)c1cc(-c2cncnc2)c2c(c1)nc1n2CCC[C@H]1O,,9.18,1,9.18,9.18,IC50,B,cell-based format,cell_based,8,H,2021,
CHEMBL5975178,CHEMBL5975178,Cn1c(C2CC2)nc2cc(C(=O)Nc3ccc(OC(F)(F)Cl)cc3)cc(-c3cncnc3)c21,,9.34,1,9.34,9.34,IC50,B,cell-based format,cell_based,8,H,2021,
CHEMBL5975201,CHEMBL5975201,Cc1cc(Cl)ncc1-c1ccc2nc(NC(=O)[C@@H]3C[C@@H]3F)sc2c1,,7.69,1,7.69,7.69,IC50,B,single protein format,single_protein,9,D,2020,
CHEMBL5975212,CHEMBL5975212,CCn1c([C@H](C)O)nc2cc(C(=O)Nc3ccc(OC(F)(F)Cl)cc3)cc(-c3cccnn3)c21,,9.36,1,9.36,9.36,IC50,B,cell-based format,cell_based,8,H,2021,
CHEMBL5975506,CHEMBL5975506,O=C(Nc1ccc(OC(F)(F)Cl)cc1)c1cc(-c2cncnc2)c2c(c1)nc1n2C[C@@H](O)CO1,,8.02,1,8.02,8.02,IC50,B,cell-based format,cell_based,8,H,2021,
CHEMBL5981986,CHEMBL5981986,O=C(Nc1ccc(OC(F)(F)Cl)cc1)c1cc(-c2cncnc2)c2c(c1)ncn2C1CS(=O)(=O)C1,,8.99,1,8.99,8.99,IC50,B,cell-based format,cell_based,8,H,2021,
CHEMBL5982552,CHEMBL5982552,Cc1ccc(C#Cc2ccccn2)cc1-c1ccc2nc(NC(=O)[C@@H]3C[C@@H]3F)sc2c1,,6.76,1,6.76,6.76,IC50,B,single protein format,single_protein,9,D,2020,
CHEMBL5983598,CHEMBL5983598,Cc1ccc(NC(=O)c2ccc(CN3CCN(C)CC3)cc2)cc1Nc1nccc(-c2cncc(C3=NN=C(C(=O)Nc4cn[nH]c4C)C3)c2)n1,,6.93,1,6.93,6.93,IC50,B,single protein format,single_protein,9,D,2021,
CHEMBL5983795,CHEMBL5983795,O=C(Nc1ccc(OC(F)(F)Cl)cc1)c1cc(-c2ccn[nH]2)c2c(c1)nc1n2CCC[C@H]1O,,9.2,1,9.2,9.2,IC50,B,cell-based format,cell_based,8,H,2021,
CHEMBL5983799,CHEMBL5983799,O=C(Nc1ccc(OC(F)(F)Cl)cc1)c1cc(-c2cncnc2)c2c(c1)ncn2C1(CO)CC1,,9.28,1,9.28,9.28,IC50,B,cell-based format,cell_based,8,H,2021,
CHEMBL5983846,CHEMBL5983846,O=C(Nc1ccc(OC(F)(F)Cl)cc1)c1cc(-c2cccnn2)c2c(c1)ncn2CC(F)F,,9.31,1,9.31,9.31,IC50,B,cell-based format,cell_based,8,H,2021,
CHEMBL5984043,CHEMBL5984043,Cc1ccc2ncsc2c1-c1ccc2nc(NC(=O)[C@@H]3C[C@@H]3F)sc2c1,,8.52,1,8.52,8.52,IC50,B,single protein format,single_protein,9,D,2020,
CHEMBL5985207,CHEMBL5985207,O=C(Nc1ccc(OC(F)(F)Cl)cc1)c1cc(-c2cncnc2)c2c(c1)nc1n2[C@H](CO)CO1,,9.32,1,9.32,9.32,IC50,B,cell-based format,cell_based,8,H,2021,
CHEMBL5985992,CHEMBL5985992,C[C@@H]1COCc2nc3cc(C(=O)Nc4ccc(OC(F)(F)F)cc4)cc(-c4ccn[nH]4)c3n21,,9.34,1,9.34,9.34,IC50,B,cell-based format,cell_based,8,H,2021,
CHEMBL5986777,CHEMBL5986777,O=C(Nc1cn2cc(-c3ccc4sc(=O)[nH]c4c3)ccc2n1)[C@@H]1C[C@@H]1F,,7.26,1,7.26,7.26,IC50,B,single protein format,single_protein,9,D,2021,
CHEMBL5987518,CHEMBL5987518,Cc1cn[nH]c1-c1cc(C(=O)Nc2ccc(OC(F)(F)Cl)cc2)cc2nc3n(c12)[C@H](C)COC3,,9.35,1,9.35,9.35,IC50,B,cell-based format,cell_based,8,H,2021,
CHEMBL5987655,CHEMBL5987655,C[C@@H]1COCc2nc3cc(C(=O)Nc4ccc(OC(F)(F)Cl)cc4)cc(-c4nccs4)c3n21,,9.26,1,9.26,9.26,IC50,B,cell-based format,cell_based,8,H,2021,
CHEMBL5988563,CHEMBL5988563,COc1cccc(NC(=O)C2=NN=C(c3cncc(-c4ccnc(Nc5cc(NC(=O)c6ccc(CN7CCN(C)CC7)cc6)ccc5C)n4)c3)C2)c1,,7.0,1,7.0,7.0,IC50,B,single protein format,single_protein,9,D,2021,
CHEMBL5994060,CHEMBL5994060,Cc1ccc(NC(=O)c2ccc(CN3CCN(C)CC3)cc2)cc1Nc1nccc(-c2cncc(-c3ccns3)c2)n1,,6.89,1,6.89,6.89,IC50,B,single protein format,single_protein,9,D,2021,
CHEMBL5994365,CHEMBL5994365,C[C@@H](C1CC1)n1cnc2cc(C(=O)Nc3ccc(OC(F)(F)Cl)cc3)cc(-c3cncnc3)c21,,9.21,1,9.21,9.21,IC50,B,cell-based format,cell_based,8,H,2021,
CHEMBL5994391,CHEMBL5994391,Cc1ccc(NC(=O)c2ccc(CN3CCN(C)CC3)cc2)cc1Nc1nccc(-c2cncc(C3=NN=C(C(=O)Nc4cn[nH]c4)C3)c2)n1,,7.43,1,7.43,7.43,IC50,B,single protein format,single_protein,9,D,2021,
CHEMBL5994401,CHEMBL5994401,C[C@@H]1COCc2nc3cc(C(=O)Nc4ccc(OC(F)(F)Cl)cc4)cc(-c4[nH]ncc4C#N)c3n21,,9.12,1,9.12,9.12,IC50,B,cell-based format,cell_based,8,H,2021,
CHEMBL5994971,CHEMBL5994971,Cc1cc(C(C)O)ncc1-c1ccc2nc(NC(=O)[C@@H]3C[C@@H]3F)sc2c1,,7.61,1,7.61,7.61,IC50,B,single protein format,single_protein,9,D,2020,
CHEMBL5995081,CHEMBL5995081,Cc1ccc(NC(=O)c2ccc(CN3CCN(C)CC3)cc2)cc1Nc1nccc(-c2cncc(-c3ccn(C)n3)c2)n1,,7.34,2,7.28,7.4,IC50,B,single protein format,single_protein,9,D,2021,
CHEMBL5996204,CHEMBL5996204,CC(C)n1c(C(F)F)nc2cc(C(=O)Nc3ccc(OC(F)(F)Cl)cc3)cc(-c3cccnn3)c21,,9.28,1,9.28,9.28,IC50,B,cell-based format,cell_based,8,H,2021,
CHEMBL5996276,CHEMBL5996276,C[C@@H]1COCc2nc3cc(C(=O)Nc4ccc(OC(F)(F)F)cc4)cc(-c4cncnc4)c3n21,,9.33,1,9.33,9.33,IC50,B,cell-based format,cell_based,8,H,2021,
CHEMBL5996615,CHEMBL5996615,C[C@@H]1COCc2nc3cc(C(=O)Nc4ccc(OC(F)(F)Cl)cc4)cc(N4CCC4)c3n21,,8.62,1,8.62,8.62,IC50,B,cell-based format,cell_based,8,H,2021,
CHEMBL5997882,CHEMBL5997882,C[C@@H](C(F)F)n1cnc2cc(C(=O)Nc3ccc(OC(F)(F)Cl)cc3)cc(-c3ccn[nH]3)c21,,9.07,1,9.07,9.07,IC50,B,cell-based format,cell_based,8,H,2021,
CHEMBL5997973,CHEMBL5997973,C[C@@H]1COCc2nc3cc(C(=O)Nc4ccc(OC(F)(F)Cl)cc4)cc(-c4ccn[nH]4)c3n21,,9.51,1,9.51,9.51,IC50,B,cell-based format,cell_based,8,H,2021,
CHEMBL5998409,CHEMBL5998409,O=C(Nc1ccc(OC(F)(F)Cl)cc1)c1cc(-c2cncnc2)c2c(c1)ncn2[C@H]1COC[C@@H]1O,,9.39,1,9.39,9.39,IC50,B,cell-based format,cell_based,8,H,2021,
CHEMBL6000166,CHEMBL6000166,Cc1cccc(F)c1-c1ccc2nc(NC(=O)[C@@H]3C[C@@H]3F)c(C)n2c1,,7.26,1,7.26,7.26,IC50,B,single protein format,single_protein,9,D,2021,
CHEMBL6001350,CHEMBL6001350,Cc1csc(-c2cncc(-c3ccnc(Nc4cc(NC(=O)c5ccc(CN6CCN(C)CC6)cc5)ccc4C)n3)c2)n1,,7.29,1,7.29,7.29,IC50,B,single protein format,single_protein,9,D,2021,
CHEMBL6002787,CHEMBL6002787,C[C@@H]1CCSc2nc3cc(C(=O)Nc4ccc(OC(F)(F)Cl)cc4)cc(-c4ccn[nH]4)c3n21,,9.44,1,9.44,9.44,IC50,B,cell-based format,cell_based,8,H,2021,
CHEMBL6003233,CHEMBL6003233,CC(=O)NCc1c(F)cccc1-c1ccc2nc(NC(=O)[C@@H]3C[C@@H]3F)cn2c1,,6.26,1,6.26,6.26,IC50,B,single protein format,single_protein,9,D,2021,
CHEMBL6003639,CHEMBL6003639,COC(=O)c1cc(Br)c(NCC2(O[Si](c3ccccc3)(c3ccccc3)C(C)(C)C)CC2)c([N+](=O)[O-])c1,,9.07,1,9.07,9.07,IC50,B,cell-based format,cell_based,8,H,2021,
CHEMBL6004963,CHEMBL6004963,Cc1ccc(NC(=O)c2ccc(CN3CCN(C)CC3)cc2)cc1Nc1nccc(-c2cncc(C3=NN=C(C(=O)Nc4cccnc4)C3)c2)n1,,6.63,1,6.63,6.63,IC50,B,single protein format,single_protein,9,D,2021,
CHEMBL6005206,CHEMBL6005206,CC(C)c1c(F)cccc1-c1ccc2nc(NC(=O)[C@@H]3C[C@@H]3F)cn2c1,,6.26,1,6.26,6.26,IC50,B,single protein format,single_protein,9,D,2021,
CHEMBL6005484,CHEMBL6005484,COc1ncc(-c2cc(C(=O)Nc3ccc(OC(F)(F)Cl)cc3)cc3ncn(C(C)C)c23)cn1,,9.21,1,9.21,9.21,IC50,B,cell-based format,cell_based,8,H,2021,
CHEMBL6005559,CHEMBL6005559,Cc1cccc(F)c1-c1ccc2nc(NC(=O)[C@H]3C[C@H]3CO)sc2c1,,6.89,1,6.89,6.89,IC50,B,single protein format,single_protein,9,D,2020,
CHEMBL6006110,CHEMBL6006110,Cc1cccc(NC(=O)C2=NN=C(c3cncc(-c4ccnc(Nc5cc(NC(=O)c6ccc(CN7CCN(C)CC7)cc6)ccc5C)n4)c3)C2)c1,,6.78,1,6.78,6.78,IC50,B,single protein format,single_protein,9,D,2021,
CHEMBL6006609,CHEMBL6006609,CC(C)n1cnc2cc(C(=O)Nc3ccc(OC(F)(F)Cl)cc3)cc(-c3ccnn3C)c21,,8.6,1,8.6,8.6,IC50,B,cell-based format,cell_based,8,H,2021,
CHEMBL6006899,CHEMBL6006899,O=C(Nc1ccc(OC(F)(F)Cl)cc1)c1cc(-c2ccn[nH]2)c2c(c1)nc(C(F)F)n2C1CC1,,9.35,1,9.35,9.35,IC50,B,cell-based format,cell_based,8,H,2021,
CHEMBL6007167,CHEMBL6007167,C=CC(=O)Nc1cccc(CNc2nc(Nc3cnn(C4CCN(C(=O)CC5[C@H]6CC7C[C@H](C6)C[C@H]5C7)CC4)c3)ncc2Cl)c1,,8.41,1,8.41,8.41,IC50,B,single protein format,single_protein,9,D,2018,
CHEMBL6007885,CHEMBL6007885,Cc1nc2c(-c3cncc(F)c3)cc(C(=O)Nc3ccc(OC(F)(F)Cl)cc3)cc2n1C,,9.14,1,9.14,9.14,IC50,B,cell-based format,cell_based,8,H,2021,
CHEMBL6008259,CHEMBL6008259,Cc1ccc(NC(=O)c2ccc(CN3CCN(C)CC3)cc2)cc1Nc1nccc(-c2cncc(-c3cnsc3)c2)n1,,7.02,1,7.02,7.02,IC50,B,single protein format,single_protein,9,D,2021,
CHEMBL6008289,CHEMBL6008289,CC(C)n1cnc2cc(C(=O)Nc3ccc(OC(F)(F)Cl)cc3)cc(-c3cnn[nH]3)c21,,9.1,1,9.1,9.1,IC50,B,cell-based format,cell_based,8,H,2021,
CHEMBL6008361,CHEMBL6008361,Cc1ccc(-c2ccc3nc(NC(=O)[C@@H]4C[C@@H]4F)sc3c2)c2cn[nH]c12,,7.83,1,7.83,7.83,IC50,B,single protein format,single_protein,9,D,2020,
CHEMBL6008570,CHEMBL6008570,O=C1Cc2ccc(-c3ccc4nc(NC(=O)[C@@H]5C[C@@H]5F)cn4c3)cc2N1,,7.26,1,7.26,7.26,IC50,B,single protein format,single_protein,9,D,2021,
CHEMBL6009512,CHEMBL6009512,CC(C)n1c([C@@H](C)O)nc2cc(C(=O)Nc3ccc(OC(F)(F)Cl)cc3)cc(-c3ccn[nH]3)c21,,8.95,1,8.95,8.95,IC50,B,cell-based format,cell_based,8,H,2021,
CHEMBL6010910,CHEMBL6010910,O=C(Nc1ccc(S(F)(F)(F)(F)F)cc1)c1cnc(N2CC[C@@H](O)C2)c(-c2cncc(F)c2)c1,,8.735,4,8.7,8.77,IC50,B,single protein format,single_protein,8,H,2016,
CHEMBL6011357,CHEMBL6011357,Cn1c(C(F)F)nc2c(-c3cncnc3)cc(C(=O)Nc3ccc(OC(F)(F)Cl)cc3)cc21,,8.97,1,8.97,8.97,IC50,B,cell-based format,cell_based,8,H,2021,
CHEMBL6011433,CHEMBL6011433,C=C(C)c1ccc(C)c(-c2ccc3nc(NC(=O)[C@@H]4C[C@@H]4F)sc3c2)c1,,8.11,2,8.11,8.11,IC50,B,single protein format,single_protein,9,D,2020,
CHEMBL6011619,CHEMBL6011619,Cc1cccc(F)c1-c1ccc2nc(NC(=O)[C@H]3C[C@@H](F)C3)sc2c1,,6.67,1,6.67,6.67,IC50,B,single protein format,single_protein,9,D,2020,
CHEMBL6012556,CHEMBL6012556,C[C@H](C(F)F)n1cnc2cc(C(=O)Nc3ccc(OC(F)(F)Cl)cc3)cc(-c3ccnnc3)c21,,9.31,1,9.31,9.31,IC50,B,cell-based format,cell_based,8,H,2021,
CHEMBL6013920,CHEMBL6013920,CC(C)n1c(C(F)F)nc2cc(C(=O)Nc3ccc(OC(F)(F)Cl)cc3)cc(-c3cscn3)c21,,9.11,1,9.11,9.11,IC50,B,cell-based format,cell_based,8,H,2021,
CHEMBL6014093,CHEMBL6014093,C[C@H](CF)n1c(C(F)F)nc2cc(C(=O)Nc3ccc(OC(F)(F)Cl)cc3)cc(-c3cncnc3)c21,,9.27,1,9.27,9.27,IC50,B,cell-based format,cell_based,8,H,2021,
CHEMBL6014687,CHEMBL6014687,CC(C)n1c(C(F)F)nc2cc(C(=O)Nc3ccc(OC(F)(F)Cl)cc3)cc(-c3ccnnc3)c21,,9.23,1,9.23,9.23,IC50,B,cell-based format,cell_based,8,H,2021,
CHEMBL6014810,CHEMBL6014810,O=C(Nc1cn2cc(-c3cccc(F)c3COCCO)ccc2n1)[C@@H]1C[C@@H]1F,,6.26,1,6.26,6.26,IC50,B,single protein format,single_protein,9,D,2021,
CHEMBL6015174,CHEMBL6015174,C[C@@H](C(F)F)n1cnc2cc(C(=O)Nc3ccc(OC(F)(F)Cl)cc3)cc(-c3cncnc3)c21,,9.33,1,9.33,9.33,IC50,B,cell-based format,cell_based,8,H,2021,
CHEMBL6015719,CHEMBL6015719,Cc1c(F)cncc1-c1ccc2nc(NC(=O)C3C[C@H]3CO)sc2c1,,7.77,1,7.77,7.77,IC50,B,single protein format,single_protein,9,D,2020,
CHEMBL601719,CHEMBL601719,C[C@@H](Oc1cc(-c2cnn(C3CCNCC3)c2)cnc1N)c1c(Cl)ccc(F)c1Cl,CRIZOTINIB,7.01,15,6.09,8.0,IC50;Kd,B,single protein format;subcellular format,mixed,8;9,D;H,2011;2017,4
CHEMBL6018215,CHEMBL6018215,C[C@]1(O)CCCN(c2c(Br)cc(C(=O)Nc3ccc(OC(F)(F)Cl)cc3)cc2[N+](=O)[O-])C1,,8.89,1,8.89,8.89,IC50,B,cell-based format,cell_based,8,H,2021,
CHEMBL6018546,CHEMBL6018546,CN(C)C1CCN(CCn2nc(-c3cnc4[nH]ccc4c3)c3c(N)ncnc32)CC1,,6.26,1,6.26,6.26,IC50,B,single protein format,single_protein,9,D,2019,
CHEMBL6018936,CHEMBL6018936,Cc1c(F)cncc1-c1ccc2nc(NC(=O)C3CC(F)(F)C3)sc2c1,,7.45,1,7.45,7.45,IC50,B,single protein format,single_protein,9,D,2020,
CHEMBL6019188,CHEMBL6019188,Cc1cccc(F)c1-c1ccc2nc(NC(=O)C3CCC3)sc2c1,,6.44,1,6.44,6.44,IC50,B,single protein format,single_protein,9,D,2020,
CHEMBL6019354,CHEMBL6019354,Cc1nc2cc(C(=O)Nc3ccc(OC(F)(F)Cl)cc3)cc(-c3cccnn3)c2n1[C@H](C)CO,,9.17,1,9.17,9.17,IC50,B,cell-based format,cell_based,8,H,2021,
CHEMBL6019840,CHEMBL6019840,CC(=O)Nc1cccc(Nc2ncc3cc(-c4c(C)cccc4C)c(=O)oc3n2)c1,,8.93,2,8.68,9.18,IC50;Kd,B,single protein format,single_protein,9,D,2021,
CHEMBL6020115,CHEMBL6020115,O=C1Nc2cc(OCC(F)(F)F)ccc2Oc2ccc(-c3ccnc(N4CCOCC4)c3)cc21,,6.63,1,6.63,6.63,IC50,B,single protein format,single_protein,9,D,2023,
CHEMBL6021500,CHEMBL6021500,CC(C)n1c(C(F)F)nc2cc(C(=O)Nc3ccc(OC(F)(F)Cl)cc3)cc(-c3ccn[nH]3)c21,,9.27,1,9.27,9.27,IC50,B,cell-based format,cell_based,8,H,2021,
CHEMBL6022103,CHEMBL6022103,C[C@H](O)Cn1cnc2cc(C(=O)Nc3ccc(OC(F)(F)Cl)cc3)cc(-c3cncnc3)c21,,9.39,1,9.39,9.39,IC50,B,cell-based format,cell_based,8,H,2021,
CHEMBL6023048,CHEMBL6023048,O=C(Nc1ccc(OC(F)(F)Cl)cc1)c1cc(-c2cncnc2)c2c(c1)ncn2[C@H]1COC[C@H]1O,,9.15,1,9.15,9.15,IC50,B,cell-based format,cell_based,8,H,2021,
CHEMBL6023916,CHEMBL6023916,O=C(Nc1cn2cc(-c3cnccc3Cl)ccc2n1)[C@@H]1C[C@@H]1F,,7.26,1,7.26,7.26,IC50,B,single protein format,single_protein,9,D,2021,
CHEMBL6024074,CHEMBL6024074,CN(CCO)c1cc(-c2ccc3c(c2)C(=O)Nc2cc(OC(F)(F)F)ccc2O3)ccn1,,6.98,1,6.98,6.98,IC50,B,single protein format,single_protein,9,D,2023,
CHEMBL6025517,CHEMBL6025517,CCn1cnc2cc(C(=O)Nc3ccc(OC(F)(F)Cl)cc3)cc(-c3ccn[nH]3)c21,,9.31,1,9.31,9.31,IC50,B,cell-based format,cell_based,8,H,2021,
CHEMBL6025738,CHEMBL6025738,C[C@H](CO)n1cnc2cc(C(=O)Nc3ccc(OC(F)(F)Cl)cc3)cc(-c3cccnn3)c21,,9.26,1,9.26,9.26,IC50,B,cell-based format,cell_based,8,H,2021,
CHEMBL6028270,CHEMBL6028270,O=C(Nc1cn2cc(-c3cc[nH]n3)ccc2n1)[C@@H]1C[C@@H]1F,,6.26,1,6.26,6.26,IC50,B,single protein format,single_protein,9,D,2021,
CHEMBL6030053,CHEMBL6030053,C[C@@H](CC#N)n1cnc2cc(C(=O)Nc3ccc(OC(F)(F)Cl)cc3)cc(-c3cncnc3)c21,,9.21,1,9.21,9.21,IC50,B,cell-based format,cell_based,8,H,2021,
CHEMBL6030257,CHEMBL6030257,Cc1c(F)cccc1-c1ccc2nc(NC(=O)[C@@H]3C[C@@H]3F)c(Br)n2c1,,7.26,1,7.26,7.26,IC50,B,single protein format,single_protein,9,D,2021,
CHEMBL6030749,CHEMBL6030749,C[C@@H]1COc2nc3cc(C(=O)Nc4ccc(OC(F)(F)Cl)cc4)cc(-c4ccn[nH]4)c3n21,,9.22,1,9.22,9.22,IC50,B,cell-based format,cell_based,8,H,2021,
CHEMBL6030812,CHEMBL6030812,CN(C)c1c(F)cccc1-c1ccc2nc(NC(=O)[C@@H]3C[C@@H]3F)cn2c1,,7.26,1,7.26,7.26,IC50,B,single protein format,single_protein,9,D,2021,
CHEMBL6030952,CHEMBL6030952,O=C(Nc1ccc(OC(F)(F)Cl)cc1)c1cc(-c2cncnc2)c2c(c1)ncn2C[C@H]1CCCO1,,9.11,1,9.11,9.11,IC50,B,cell-based format,cell_based,8,H,2021,
CHEMBL6033775,CHEMBL6033775,C[C@@H]1CCOc2nc3cc(C(=O)Nc4ccc(OC(F)(F)Cl)cc4)cc(-c4cncnc4)c3n21,,9.52,1,9.52,9.52,IC50,B,cell-based format,cell_based,8,H,2021,
CHEMBL603469,CHEMBL603469,C[C@]12O[C@H](C[C@]1(O)CO)n1c3ccccc3c3c4c(c5c6ccccc6n2c5c31)CNC4=O,LESTAURTINIB,6.07,10,6.0,6.8,Kd,B,assay format;single protein format,mixed,8;9,D;H,2009;2011,3
CHEMBL6036681,CHEMBL6036681,Cc1nc2cc(C(=O)Nc3ccc(OC(F)(F)Cl)cc3)cc(-c3cncnc3)c2n1C1CC1,,9.52,1,9.52,9.52,IC50,B,cell-based format,cell_based,8,H,2021,
CHEMBL6036907,CHEMBL6036907,O=C(Nc1ccc(OC(F)(F)Cl)cc1)c1cc(-c2ccn[nH]2)c2c(c1)nc1n2C[C@@H](O)CC1,,9.42,1,9.42,9.42,IC50,B,cell-based format,cell_based,8,H,2021,
CHEMBL6036939,CHEMBL6036939,CS(=O)(=O)Nc1cccc(-c2ccc3c(c2)C(=O)Nc2cc(OC(F)(F)F)ccc2O3)c1,,6.53,1,6.53,6.53,IC50,B,single protein format,single_protein,9,D,2023,
CHEMBL6037248,CHEMBL6037248,O=C(Nc1ccc(OC(F)(F)Cl)cc1)c1cc(-c2cncnc2)c2c(c1)ncn2C1CCC1,,9.43,1,9.43,9.43,IC50,B,cell-based format,cell_based,8,H,2021,
CHEMBL6038246,CHEMBL6038246,O=C(Nc1ccc(OC(F)(F)Cl)cc1)c1cc(Br)c2c(c1)nc1n2CCS(=O)(=O)C1,,9.21,1,9.21,9.21,IC50,B,cell-based format,cell_based,8,H,2021,
CHEMBL6040814,CHEMBL6040814,CS(=O)(=O)Nc1ccc(-c2ccc3c(c2)C(=O)Nc2cc(OC(F)(F)F)ccc2O3)cc1,,6.03,1,6.03,6.03,IC50,B,single protein format,single_protein,9,D,2023,
CHEMBL6040866,CHEMBL6040866,Cc1nc2cc(C(=O)Nc3ccc(OC(F)(F)Cl)cc3)cc(-c3cncnc3)c2n1[C@H](C)CO,,9.29,1,9.29,9.29,IC50,B,cell-based format,cell_based,8,H,2021,
CHEMBL6040906,CHEMBL6040906,Cc1cccc(F)c1-c1cc2sc(NC(=O)[C@@H]3C[C@@H]3F)nc2cn1,,6.37,1,6.37,6.37,IC50,B,single protein format,single_protein,9,D,2020,
CHEMBL6043487,CHEMBL6043487,C[C@H](CC#N)n1cnc2cc(C(=O)Nc3ccc(OC(F)(F)Cl)cc3)cc(-c3cncnc3)c21,,9.34,1,9.34,9.34,IC50,B,cell-based format,cell_based,8,H,2021,
CHEMBL6043940,CHEMBL6043940,O=C1Nc2cc(CO)ccc2Oc2ccc(-c3ccnc(N4CCOCC4)c3)cc21,,6.78,1,6.78,6.78,IC50,B,single protein format,single_protein,9,D,2023,
CHEMBL6044961,CHEMBL6044961,COc1nc2cc(C(=O)Nc3ccc(OC(F)(F)Cl)cc3)cc(-c3cccnn3)c2n1[C@H](C)CO,,9.0,1,9.0,9.0,IC50,B,cell-based format,cell_based,8,H,2021,
CHEMBL6045530,CHEMBL6045530,CCn1c(OC)nc2cc(C(=O)Nc3ccc(OC(F)(F)Cl)cc3)cc(-c3cccnn3)c21,,9.14,1,9.14,9.14,IC50,B,cell-based format,cell_based,8,H,2021,
CHEMBL6045901,CHEMBL6045901,CC(C)n1cnc2cc(C(=O)Nc3ccc(OC(F)(F)Cl)cc3)cc(-n3cnc(C4CC4)c3)c21,,9.2,1,9.2,9.2,IC50,B,cell-based format,cell_based,8,H,2021,
CHEMBL6050823,CHEMBL6050823,C[C@H](CF)n1cnc2cc(C(=O)Nc3ccc(OC(F)(F)Cl)cc3)cc(-c3ccn[nH]3)c21,,9.44,1,9.44,9.44,IC50,B,cell-based format,cell_based,8,H,2021,
CHEMBL6052249,CHEMBL6052249,O=C1C[C@@H](n2cnc3cc(C(=O)Nc4ccc(OC(F)(F)Cl)cc4)cc(-c4cncnc4)c32)CN1,,8.97,1,8.97,8.97,IC50,B,cell-based format,cell_based,8,H,2021,
CHEMBL6052865,CHEMBL6052865,C[C@@H]1C[C@H]1n1cnc2cc(C(=O)Nc3ccc(OC(F)(F)Cl)cc3)cc(-c3cncnc3)c21,,9.41,1,9.41,9.41,IC50,B,cell-based format,cell_based,8,H,2021,
CHEMBL6053095,CHEMBL6053095,Cc1cc(CO)ncc1-c1ccc2nc(NC(=O)[C@@H]3C[C@@H]3F)sc2c1,,7.59,1,7.59,7.59,IC50,B,single protein format,single_protein,9,D,2020,
CHEMBL6053162,CHEMBL6053162,Cc1c(F)cccc1-c1ccc2nc(NC(=O)[C@@H]3C[C@@H]3F)c(C)n2c1,,7.26,1,7.26,7.26,IC50,B,single protein format,single_protein,9,D,2021,
CHEMBL6055861,CHEMBL6055861,CC(C)n1cnc2cc(C(=O)Nc3ccc(OC(F)(F)Cl)cc3)cc(Br)c21,,9.8,1,9.8,9.8,IC50,B,cell-based format,cell_based,8,H,2021,
CHEMBL6056243,CHEMBL6056243,C[C@@H]1COCc2nc3cc(C(=O)Nc4ccc(OC(F)(F)Cl)cc4)cc(-c4cc(O)ccn4)c3n21,,8.96,1,8.96,8.96,IC50,B,cell-based format,cell_based,8,H,2021,
CHEMBL6057436,CHEMBL6057436,CC(C)n1cnc2cc(C(=O)Nc3ccc(OC(F)(F)Cl)cc3)cc(-c3cncc(F)c3)c21,,9.29,1,9.29,9.29,IC50,B,cell-based format,cell_based,8,H,2021,
CHEMBL6057982,CHEMBL6057982,O=C1Nc2cc(OC(F)(F)F)ccc2Oc2ccc(-c3ccnc(N4CC[C@H](O)C4)c3)cc21,,7.32,1,7.32,7.32,IC50,B,single protein format,single_protein,9,D,2023,
CHEMBL6058150,CHEMBL6058150,Cc1cc(-c2ccc3nc(NC(=O)[C@@H]4C[C@@H]4F)sc3c2)sn1,,7.94,1,7.94,7.94,IC50,B,single protein format,single_protein,9,D,2020,
CHEMBL6058323,CHEMBL6058323,Cc1ccc(NC(=O)c2ccc(CN3CCN(C)CC3)cc2)cc1Nc1nccc(-c2cncc(C3=NN=C(C(=O)Nc4cc(C(=O)N(C)C)n[nH]4)C3)c2)n1,,7.54,1,7.54,7.54,IC50,B,single protein format,single_protein,9,D,2021,
CHEMBL6058826,CHEMBL6058826,Cc1ccc(-c2cc[nH]c2)cc1-c1ccc2nc(NC(=O)[C@@H]3C[C@@H]3F)sc2c1,,8.0,1,8.0,8.0,IC50,B,single protein format,single_protein,9,D,2020,
CHEMBL6059579,CHEMBL6059579,C[C@H](CF)n1c(C(F)F)nc2cc(C(=O)Nc3ccc(OC(F)(F)Cl)cc3)cc(-c3cccnn3)c21,,9.01,1,9.01,9.01,IC50,B,cell-based format,cell_based,8,H,2021,
CHEMBL6059739,CHEMBL6059739,Cc1cccc(F)c1-c1ccc2nc(NC(=O)C3CC(F)C3)sc2c1,,6.47,1,6.47,6.47,IC50,B,single protein format,single_protein,9,D,2020,
CHEMBL6060645,CHEMBL6060645,Cc1ccc(NC(=O)C2=NN=C(c3cncc(-c4ccnc(Nc5cc(NC(=O)c6ccc(CN7CCN(C)CC7)cc6)ccc5C)n4)c3)C2)cc1,,6.74,1,6.74,6.74,IC50,B,single protein format,single_protein,9,D,2021,
CHEMBL6060828,CHEMBL6060828,O=C(Nc1ccc(OC(F)(F)Cl)cc1)c1cc(-c2cccnn2)c2c(c1)nc1n2CC[C@@H](O)C1,,9.26,1,9.26,9.26,IC50,B,cell-based format,cell_based,8,H,2021,
CHEMBL6060934,CHEMBL6060934,Cc1ccc(NC(=O)c2ccc(CN3CCN(C)CC3)cc2)cc1Nc1nccc(-c2cncc(-c3nncs3)c2)n1,,7.15,1,7.15,7.15,IC50,B,single protein format,single_protein,9,D,2021,
CHEMBL6062622,CHEMBL6062622,C[C@@H](CO)n1cnc2cc(C(=O)Nc3ccc(OC(F)(F)Cl)cc3)cc(-c3ccn[nH]3)c21,,9.48,1,9.48,9.48,IC50,B,cell-based format,cell_based,8,H,2021,
CHEMBL6063431,CHEMBL6063431,CC(C)c1nc2cc(C(=O)Nc3ccc(OC(F)(F)Cl)cc3)cc(-c3cncnc3)c2n1C,,9.2,1,9.2,9.2,IC50,B,cell-based format,cell_based,8,H,2021,
CHEMBL6063478,CHEMBL6063478,Cc1cccc(F)c1-c1cc(F)c2nc(NC(=O)[C@@H]3C[C@@H]3F)sc2c1,,6.85,1,6.85,6.85,IC50,B,single protein format,single_protein,9,D,2020,
CHEMBL6065458,CHEMBL6065458,CC(C)n1cnc2cc(C(=O)Nc3ccc(OC(F)(F)Cl)cc3)cc(-c3ccn[nH]3)c21,,9.28,1,9.28,9.28,IC50,B,cell-based format,cell_based,8,H,2021,
CHEMBL5853093,CHEMBL6070936,O=C(Nc1ccc(OC(F)(F)Cl)cc1)c1cc(-c2cccnn2)c2c(c1)nc1n2CCC[C@H]1O,,9.17,1,9.17,9.17,IC50,B,cell-based format,cell_based,8,H,2021,
CHEMBL607707,CHEMBL607707,CCOc1cc2ncc(C#N)c(Nc3ccc(F)c(Cl)c3)c2cc1NC(=O)/C=C/CN(C)C,PELITINIB,6.6899999999999995,12,6.07,6.96,Kd,B,single protein format,single_protein,9,D,2005;2008,2
CHEMBL608533,CHEMBL608533,CO[C@@H]1[C@H](N(C)C(=O)c2ccccc2)C[C@H]2O[C@]1(C)n1c3ccccc3c3c4c(c5c6ccccc6n2c5c31)C(=O)NC4,MIDOSTAURIN,6.1,1,6.1,6.1,Kd,B,single protein format,single_protein,8,H,2011,4
CHEMBL83847,CHEMBL83847,CCN(CC)c1nc(SC)nc2c1cnn2CC(Cl)c1ccccc1,,6.4,1,6.4,6.4,Ki,B,single protein format,single_protein,9,D,2008,
CHEMBL939,CHEMBL939,COc1cc2ncnc(Nc3ccc(F)c(Cl)c3)c2cc1OCCCN1CCOCC1,GEFITINIB,6.33,8,6.11,6.64,Kd,B,single protein format,single_protein,8,H,2011,4
CHEMBL941,CHEMBL941,Cc1ccc(NC(=O)c2ccc(CN3CCN(C)CC3)cc2)cc1Nc1nccc(-c2cccnc2)n1,IMATINIB,6.915,62,6.0,9.0,IC50;Kd;Ki,B;F,assay format;cell-based format;single protein format,mixed,8;9,D;H,1997;2005;2006;2007;2008;2010;2011;2012;2013;2015;2018;2019;2022;2023,4
CHEMBL9514,CHEMBL9514,COC(=O)Nc1nc2cc(C(=O)c3cccs3)ccc2[nH]1,NOCODAZOLE,6.19,1,6.19,6.19,IC50,B,assay format,other,9,D,2013,2
