molecule_chembl_id,parent_molecule_chembl_id,canonical_smiles,pref_name,pchembl_median,pchembl_n,pchembl_min,pchembl_max,standard_types,assay_types,bao_labels,evidence_level,assay_confidence_scores,assay_relationship_types,document_years,max_phase
CHEMBL100057,CHEMBL100057,O=C(NCc1cc(F)ccc1F)Nc1ccc(S(=O)(=O)N2CCC(CNC[C@H](O)COc3ccc(O)cc3)CC2)cc1,,6.0,1,6.0,6.0,EC50,F,cell-based format,cell_based,8,H,2002,
CHEMBL100351,CHEMBL100351,CS(=O)(=O)Nc1cc([C@@H](O)CNCC2CCN(S(=O)(=O)c3ccc(-n4ccc5c(C(=O)O)cccc54)cc3)CC2)ccc1O,,7.3,1,7.3,7.3,EC50,F,cell-based format,cell_based,9,D,2002,
CHEMBL100970,CHEMBL100970,O=C(Nc1ccccc1)Nc1ccc(S(=O)(=O)N2CCC(CNC[C@H](O)COc3ccc(O)cc3)CC2)cc1,,6.31,1,6.31,6.31,EC50,F,cell-based format,cell_based,8,H,2002,
CHEMBL101521,CHEMBL101521,CS(=O)(=O)Nc1cc([C@@H](O)CNCC2CCN(c3ccc(C(=O)N[C@@H](CC(=O)O)C(=O)O)cc3)CC2)ccc1O,,6.24,1,6.24,6.24,EC50,F,cell-based format,cell_based,9,D,2002,
CHEMBL101606,CHEMBL101606,CS(=O)(=O)Nc1cc([C@@H](O)CNCC2CCN(S(=O)(=O)c3ccc(-n4cc(C(=O)O)cn4)cc3)CC2)ccc1O,,6.0,1,6.0,6.0,EC50,F,cell-based format,cell_based,9,D,2002,
CHEMBL101674,CHEMBL101674,CS(=O)(=O)Nc1cc([C@@H](O)CNCC2CCN(S(=O)(=O)c3ccc(NC(=O)N[C@@H](Cc4ccccc4)C(=O)O)cc3)CC2)ccc1O,,6.28,1,6.28,6.28,EC50,F,cell-based format,cell_based,9,D,2002,
CHEMBL102194,CHEMBL102194,CCCCCCCCNC(=O)Nc1ccc(S(=O)(=O)N2CCC(CNC[C@H](O)COc3ccc(O)cc3)CC2)cc1,,6.8100000000000005,2,6.05,7.57,EC50;IC50,F,assay format;cell-based format,cell_based,8,H,2002,
CHEMBL103137,CHEMBL103137,O[C@@H](CNCC1CCN(CCC(F)(F)F)CC1)COc1cccc2[nH]c3ccccc3c12,,6.38,1,6.38,6.38,EC50,F,cell-based format,cell_based,8,H,2002,
CHEMBL104193,CHEMBL104193,O=C(NCCc1ccccc1)Nc1ccc(S(=O)(=O)Nc2ccc(CCNC[C@H](O)c3cccnc3)cc2)cc1,,6.8,1,6.8,6.8,IC50,B,cell-based format,cell_based,8,H,1998,
CHEMBL104481,CHEMBL104481,O=C(NC1CCCCC1)N1CCC(Nc2ccc(CCNC[C@H](O)COc3ccc(O)cc3)cc2)CC1,,7.07,1,7.07,7.07,EC50,F,cell-based format,cell_based,8,H,2001,
CHEMBL106022,CHEMBL106022,CCCCCCCCNC(=O)N1CCC(Nc2ccc(CCNC[C@H](O)COc3ccc(O)cc3)cc2)CC1,,6.21,1,6.21,6.21,EC50,F,cell-based format,cell_based,8,H,2001,
CHEMBL106511,CHEMBL106511,CS(=O)(=O)Nc1cc(OC[C@@H](O)CNCCc2ccc(NC3CCN(C(=O)NCc4cc(F)ccc4F)CC3)cc2)ccc1O,,6.37,1,6.37,6.37,EC50,F,cell-based format,cell_based,8,H,2001,
CHEMBL106884,CHEMBL106884,O=C(NCc1c(F)cccc1F)N1CCC(Nc2ccc(CCNC[C@H](O)COc3ccc(O)cc3)cc2)CC1,,6.12,1,6.12,6.12,EC50,F,cell-based format,cell_based,8,H,2001,
CHEMBL107012,CHEMBL107012,CNC(=O)N1CCC(Nc2ccc(CCNC[C@H](O)COc3ccc(O)cc3)cc2)CC1,,6.46,1,6.46,6.46,EC50,F,cell-based format,cell_based,8,H,2001,
CHEMBL107129,CHEMBL107129,CCCCCCCCNC(=O)N1CCC(Nc2ccc(CCNC[C@H](O)COc3ccc(O)c4c3CCC(=O)N4)cc2)CC1,,7.06,1,7.06,7.06,EC50,F,cell-based format,cell_based,8,H,2001,
CHEMBL107382,CHEMBL107382,O=C(NCc1cc(F)ccc1F)N1CCC(Nc2ccc(CCNC[C@H](O)COc3ccc(O)cc3)cc2)CC1,,6.28,1,6.28,6.28,EC50,F,cell-based format,cell_based,8,H,2001,
CHEMBL107633,CHEMBL107633,CC(C)NC(=O)N1CCC(Nc2ccc(CCNC[C@H](O)COc3ccc(O)cc3)cc2)CC1,,6.03,1,6.03,6.03,EC50,F,cell-based format,cell_based,8,H,2001,
CHEMBL108061,CHEMBL108061,CCN(CC)C(=O)N1CCC(Nc2ccc(CCNC[C@H](O)COc3ccc(O)cc3)cc2)CC1,,6.79,1,6.79,6.79,EC50,F,cell-based format,cell_based,8,H,2001,
CHEMBL1082500,CHEMBL1082500,COc1ccc(CC2CCN(CC(O)COc3cccc4[nH]c5ccccc5c34)CC2)cc1,,8.47,1,8.47,8.47,Ki,B,cell-based format,cell_based,9,D,2010,
CHEMBL1082501,CHEMBL1082501,OC(COc1cccc2[nH]c3ccccc3c12)CN1CCC(Cc2cccnc2)CC1,,9.0,1,9.0,9.0,Ki,B,cell-based format,cell_based,9,D,2010,
CHEMBL108263,CHEMBL108263,O=C(NCc1ccc(F)cc1F)N1CCC(Nc2ccc(CCNC[C@H](O)COc3ccc(O)cc3)cc2)CC1,,6.34,1,6.34,6.34,EC50,F,cell-based format,cell_based,8,H,2001,
CHEMBL1082827,CHEMBL1082827,O=C(c1ccccc1)C1CCN(CC(O)COc2cccc3[nH]c4ccccc4c23)CC1,,7.8,1,7.8,7.8,Ki,B,cell-based format,cell_based,9,D,2010,
CHEMBL1082828,CHEMBL1082828,COc1ccc(C(=O)C2CCN(CC(O)COc3cccc4[nH]c5ccccc5c34)CC2)cc1,,7.89,1,7.89,7.89,Ki,B,cell-based format,cell_based,9,D,2010,
CHEMBL1083053,CHEMBL1083053,CC(C)c1ccccc1OCC(O)CN1CCN(CCN2C(=O)c3cccc4cccc(c34)C2=O)CC1,,6.13,1,6.13,6.13,Ki,B,cell-based format,cell_based,9,D,2010,
CHEMBL1083363,CHEMBL1083363,O=C1c2cccc3cccc(c23)C(=O)N1C1CCN(CC(O)COc2cccc3[nH]c4ccccc4c23)CC1,,7.12,1,7.12,7.12,Ki,B,cell-based format,cell_based,9,D,2010,
CHEMBL1083366,CHEMBL1083366,C=CCc1ccccc1OCC(O)CN1CCC(CN2C(=O)c3cccc4cc(OC)cc(c34)C2=O)CC1,,6.52,1,6.52,6.52,Ki,B,cell-based format,cell_based,9,D,2010,
CHEMBL1083368,CHEMBL1083368,O=C1c2cccc3cccc(c23)C(=O)N1CC1CCN(CC(O)COc2cccc3[nH]ccc23)CC1,,7.57,1,7.57,7.57,Ki,B,cell-based format,cell_based,9,D,2010,
CHEMBL1083666,CHEMBL1083666,COc1cc2c3c(cccc3c1)C(=O)N(CC1CCN(CC(O)COc3ccccc3C(C)C)CC1)C2=O,,6.68,1,6.68,6.68,Ki,B,cell-based format,cell_based,9,D,2010,
CHEMBL1083667,CHEMBL1083667,C=CCc1ccccc1OCC(O)CN1CCOCC1,,6.94,1,6.94,6.94,Ki,B,cell-based format,cell_based,9,D,2010,
CHEMBL1083668,CHEMBL1083668,CC(C)c1ccccc1OCC(O)CN1CCOCC1,,7.92,1,7.92,7.92,Ki,B,cell-based format,cell_based,9,D,2010,
CHEMBL1083669,CHEMBL1083669,C=CCc1ccccc1OCC(O)CNC1CCN(C)CC1,,6.58,1,6.58,6.58,Ki,B,cell-based format,cell_based,9,D,2010,
CHEMBL1083670,CHEMBL1083670,CC(C)c1ccccc1OCC(O)CNC1CCN(C)CC1,,7.05,1,7.05,7.05,Ki,B,cell-based format,cell_based,9,D,2010,
CHEMBL1083672,CHEMBL1083672,C=CCc1ccccc1OCC(O)CN1CCN(CCN2C(=O)c3cccc4cccc(c34)C2=O)CC1,,6.53,1,6.53,6.53,Ki,B,cell-based format,cell_based,9,D,2010,
CHEMBL1083994,CHEMBL1083994,Cc1ccc(C(C)C)c(OCC(O)CN2CCC(CN3C(=O)c4cccc5cccc(c45)C3=O)CC2)c1,,6.21,2,6.0,6.42,IC50;Ki,B;F,cell-based format,cell_based,9,D,2010,
CHEMBL1083996,CHEMBL1083996,CC(C)c1ccccc1OCC(O)CN1CCC(CN2C(=O)c3cccc4cccc(c34)C2=O)CC1,,6.6,1,6.6,6.6,Ki,B,cell-based format,cell_based,9,D,2010,
CHEMBL1084526,CHEMBL1084526,COc1ccc(OCC(O)CN2CCC(CN3C(=O)c4cccc5cccc(c45)C3=O)CC2)c(C(C)(C)C)c1,,6.28,1,6.28,6.28,Ki,B,cell-based format,cell_based,9,D,2010,
CHEMBL1084655,CHEMBL1084655,NS(=O)(=O)c1ccc(COCCOCCCCCCNC[C@H](O)c2ccc(O)c(CO)c2)cc1,,7.0,1,7.0,7.0,EC50,F,cell-based format,cell_based,9,D,2010,
CHEMBL1084706,CHEMBL1084706,O=C1c2cccc3cc(O)cc(c23)C(=O)N1CC1CCN(CC(O)COc2cccc3[nH]c4ccccc4c23)CC1,,6.85,2,6.6,7.1,EC50;Ki,B;F,cell-based format,cell_based,9,D,2010,
CHEMBL1084707,CHEMBL1084707,COc1cc2c3c(cccc3c1)C(=O)N(CC1CCN(CC(O)COc3cccc4[nH]c5ccccc5c34)CC1)C2=O,,10.0,1,10.0,10.0,Ki,B,cell-based format,cell_based,9,D,2010,
CHEMBL1084772,CHEMBL1084772,O=C1c2cccc3cccc(c23)C(=O)N1CC1CCN(CC(O)COc2cccc3[nH]c4ccccc4c23)CC1,,8.15,1,8.15,8.15,Ki,B,cell-based format,cell_based,9,D,2010,
CHEMBL1085009,CHEMBL1085009,C=CCc1ccccc1OCC(O)CN1CCC(CN2C(=O)CCCC2=O)CC1,,6.36,1,6.36,6.36,Ki,B,cell-based format,cell_based,9,D,2010,
CHEMBL1085010,CHEMBL1085010,CC(C)c1ccccc1OCC(O)CN1CCC(CN2C(=O)CCCC2=O)CC1,,6.61,1,6.61,6.61,Ki,B,cell-based format,cell_based,9,D,2010,
CHEMBL1085013,CHEMBL1085013,CC(C)c1ccccc1OCC(O)CN1CCC(N2C(=O)c3cccc4cccc(c34)C2=O)CC1,,6.62,1,6.62,6.62,Ki,B,cell-based format,cell_based,9,D,2010,
CHEMBL1085014,CHEMBL1085014,C=CCc1ccccc1OCC(O)CN1CCC(CN2C(=O)c3cccc4cc(O)cc(c34)C2=O)CC1,,6.77,1,6.77,6.77,Ki,B,cell-based format,cell_based,9,D,2010,
CHEMBL1085016,CHEMBL1085016,C=CCc1ccccc1OCC(O)CN1CCC(CN2C(=O)c3ccccc3C2=O)CC1,,6.72,1,6.72,6.72,Ki,B,cell-based format,cell_based,9,D,2010,
CHEMBL1085270,CHEMBL1085270,CC(C)c1ccccc1OCC(O)CN1CCC(CN2C(=O)c3ccccc3C2=O)CC1,,6.14,1,6.14,6.14,Ki,B,cell-based format,cell_based,9,D,2010,
CHEMBL1085928,CHEMBL1085928,O=C(Nc1ccc(CCNC[C@H](O)c2cccnc2)cc1)OCc1nc2ccccc2[nH]1,,6.08,1,6.08,6.08,IC50,B,cell-based format,cell_based,9,D,2010,
CHEMBL1086005,CHEMBL1086005,C=CCc1ccccc1OCC(O)CN1CCC(CN2C(=O)c3cccc4cccc(c34)C2=O)CC1,,7.1,1,7.1,7.1,Ki,B,cell-based format,cell_based,9,D,2010,
CHEMBL1086077,CHEMBL1086077,O=C(c1ccc(F)cc1)C1CCN(CC(O)COc2cccc3[nH]c4ccccc4c23)CC1,,7.005,2,6.51,7.5,EC50;Ki,B;F,cell-based format,cell_based,9,D,2010,
CHEMBL1086535,CHEMBL1086535,OCc1cc([C@@H](O)CNCCCCCCOCCOCc2ccc(O)cc2)ccc1O,,7.1,1,7.1,7.1,EC50,F,cell-based format,cell_based,9,D,2010,
CHEMBL1086542,CHEMBL1086542,OC(COc1cccc2[nH]c3ccccc3c12)CN1CCC(Cc2ccccc2)CC1,,7.85,1,7.85,7.85,Ki,B,cell-based format,cell_based,9,D,2010,
CHEMBL1089052,CHEMBL1089052,CNc1nc(CC(=O)Nc2ccc(CCNC[C@H](O)c3cccnc3)cc2)cs1,,6.16,1,6.16,6.16,IC50,B,cell-based format,cell_based,9,D,2010,
CHEMBL1089725,CHEMBL1089725,O=C(Cc1nc2ccccc2o1)Nc1ccc(CCNC[C@H](O)c2cccnc2)cc1,,6.22,1,6.22,6.22,IC50,B,cell-based format,cell_based,9,D,2010,
CHEMBL1095777,CHEMBL1095777,CCc1cc2c(cc1CC)CC(NC[C@H](O)c1ccc(O)c3[nH]c(=O)ccc13)C2,INDACATEROL,6.77,2,6.5,7.04,IC50;Ki,B,single protein format,single_protein,8;9,D;H,2010;2012,4
CHEMBL1112,CHEMBL1112,O=C1CCc2ccc(OCCCCN3CCN(c4cccc(Cl)c4Cl)CC3)cc2N1,ARIPIPRAZOLE,6.14,1,6.14,6.14,AC50,F,assay format,other,8,H,2023,4
CHEMBL111201,CHEMBL111201,O=S(=O)(Nc1ccc(CCNC[C@H](O)c2cccnc2)cc1)c1ccc(-c2nc(-c3ccc(C(F)(F)F)cc3)cs2)cc1,,6.0,1,6.0,6.0,IC50,B,single protein format,single_protein,9,D,2016,
CHEMBL3392321,CHEMBL11268,N#Cc1ccccc1OCC(O)CNCCNC(=O)Nc1ccccc1,,9.09,3,8.75,9.48,EC50;Kd,B;F,cell-based format,cell_based,9,D,2013,
CHEMBL1160694,CHEMBL1160694,CC(C)NC[C@H](O)COc1ccc(O)c(O)c1,,6.2,4,6.0,6.5,EC50,B,cell-based format,cell_based,9,D,2019,
CHEMBL1160723,CHEMBL1160723,CC(C)NC[C@H](O)c1ccc(O)c(O)c1,LEVISOPRENALINE,7.36,5,7.28,8.1,EC50,B,cell-based format,cell_based,9,D,2014;2019,2
CHEMBL117405,CHEMBL117405,CC(C)NC[C@H](O)COc1cccc2[nH]ccc12,,9.239999999999998,2,9.12,9.36,IC50;Ki,B,cell membrane format,other,8,H,,
CHEMBL443435,CHEMBL1185969,NS(=O)(=O)c1cccc(CCCCOCCCCCCNC[C@H](O)c2ccc(O)c(NC=O)c2)c1,,7.6,1,7.6,7.6,EC50,F,cell-based format,cell_based,9,D,2009,
CHEMBL445481,CHEMBL1186009,CS(=O)(=O)NC(=O)c1ccc(-c2ccc(CCNC[C@H](O)c3cccnc3)cc2)cc1OC1CCCCC1,,6.1,1,6.1,6.1,EC50,F,cell-based format,cell_based,9,D,2009,
CHEMBL446806,CHEMBL1186040,CS(=O)(=O)NC(=O)c1ccc(-c2ccc(CCNC[C@H](O)c3cnccc3N)cc2)cc1OC1CCCCC1,,6.85,1,6.85,6.85,EC50,F,cell-based format,cell_based,9,D,2009,
CHEMBL455773,CHEMBL1186241,CS(=O)(=O)NC(=O)c1ccc(-c2ccc(CCNC[C@H](O)c3ccccc3)cc2)cc1NC1CCCCC1,,6.05,1,6.05,6.05,EC50,F,cell-based format,cell_based,9,D,2009,
CHEMBL456485,CHEMBL1186265,O=S(=O)(c1cccc(CCCCOCCCCCCNC[C@H](O)c2ccc(O)c(CO)c2)c1)N1CCOCC1,,6.2,1,6.2,6.2,EC50,F,cell-based format,cell_based,9,D,2009,
CHEMBL469610,CHEMBL1186557,CC(C)Oc1cc(-c2ccc(CCNC[C@H](O)c3cccnc3)cc2)ccc1C(=O)NS(C)(=O)=O,,6.89,1,6.89,6.89,EC50,F,cell-based format,cell_based,9,D,2009,
CHEMBL470858,CHEMBL1186584,COc1cc(-c2ccc(CCNC[C@H](O)c3ccccc3)cc2)ccc1C(=O)NS(C)(=O)=O,,6.14,1,6.14,6.14,EC50,F,cell-based format,cell_based,9,D,2009,
CHEMBL471060,CHEMBL1186589,CC(C)Nc1cc(-c2ccc(CCNC[C@H](O)c3ccccc3)cc2)ccc1C(=O)NS(C)(=O)=O,,6.58,1,6.58,6.58,EC50,F,cell-based format,cell_based,9,D,2009,
CHEMBL472089,CHEMBL1186600,CCCCCOc1cc(-c2ccc(CCNC[C@H](O)c3ccccc3)cc2)ccc1C(=O)NS(C)(=O)=O,,6.8,1,6.8,6.8,EC50,F,cell-based format,cell_based,9,D,2009,
CHEMBL472090,CHEMBL1186601,CS(=O)(=O)NC(=O)c1ccc(-c2ccc(CCNC[C@H](O)c3ccccc3)cc2)cc1OC1CCCC1,,6.12,1,6.12,6.12,EC50,F,cell-based format,cell_based,9,D,2009,
CHEMBL474393,CHEMBL1186678,CN(C)S(=O)(=O)c1cccc(CCCCOCCCCCCNC[C@H](O)c2ccc(O)c(CO)c2)c1,,6.2,1,6.2,6.2,EC50,F,cell-based format,cell_based,9,D,2009,
CHEMBL475389,CHEMBL1186722,NS(=O)(=O)c1ccc(CCCCOCCCCCCNC[C@H](O)c2ccc(O)c(CO)c2)cc1,,6.3,1,6.3,6.3,EC50,F,cell-based format,cell_based,9,D,2009,
CHEMBL479341,CHEMBL1186804,CS(=O)(=O)NC(=O)c1ccc(-c2ccc(CCNC[C@H](O)c3ccccc3)cc2)cc1OC1CCCCCC1,,6.66,1,6.66,6.66,EC50,F,cell-based format,cell_based,9,D,2009,
CHEMBL479342,CHEMBL1186805,CS(=O)(=O)NC(=O)c1ccc(-c2ccc(CCNC[C@H](O)c3ccccc3)cc2)cc1SC1CCCCC1,,6.08,1,6.08,6.08,EC50,F,cell-based format,cell_based,9,D,2009,
CHEMBL479530,CHEMBL1186809,CC(C)Nc1cc(-c2ccc(CCNC[C@H](O)c3cccnc3)cc2)ccc1C(=O)NS(C)(=O)=O,,6.5,1,6.5,6.5,EC50,F,cell-based format,cell_based,9,D,2009,
CHEMBL491891,CHEMBL1187156,CC(C)Sc1cc(-c2ccc(CCNC[C@H](O)c3cccnc3)cc2)ccc1C(=O)NS(C)(=O)=O,,6.62,1,6.62,6.62,EC50,F,cell-based format,cell_based,9,D,2009,
CHEMBL500782,CHEMBL1187371,O=S(=O)(NC1CCCCC1)c1cccc(CCCCOCCCCCCNC[C@H](O)c2ccc(O)c(CO)c2)c1,,7.0,1,7.0,7.0,EC50,F,cell-based format,cell_based,9,D,2009,
CHEMBL506518,CHEMBL1187520,O=S(=O)(c1cccc(CCCCOCCCCCCNC[C@H](O)c2ccc(O)c(CO)c2)c1)N1CCCCC1,,6.9,1,6.9,6.9,EC50,F,cell-based format,cell_based,9,D,2009,
CHEMBL513419,CHEMBL1187643,CS(=O)(=O)NC(=O)c1ccc(-c2ccc(CCNC[C@H](O)c3ccccc3)cc2)cc1CC1CCCCC1,,6.43,1,6.43,6.43,EC50,F,cell-based format,cell_based,9,D,2009,
CHEMBL514032,CHEMBL1187654,CC(C)NS(=O)(=O)c1cccc(CCCCOCCCCCCNC[C@H](O)c2ccc(O)c(CO)c2)c1,,6.0,1,6.0,6.0,EC50,F,cell-based format,cell_based,9,D,2009,
CHEMBL516056,CHEMBL1187711,CNS(=O)(=O)c1cccc(CCCCOCCCCCCNC[C@H](O)c2ccc(O)c(CO)c2)c1,,6.3,1,6.3,6.3,EC50,F,cell-based format,cell_based,9,D,2009,
CHEMBL516209,CHEMBL1187716,CC(C)Cc1cc(-c2ccc(CCNC[C@H](O)c3cccnc3)cc2)ccc1C(=O)NS(C)(=O)=O,,6.31,1,6.31,6.31,EC50,F,cell-based format,cell_based,9,D,2009,
CHEMBL520313,CHEMBL1187778,NS(=O)(=O)c1ccccc1CCCCOCCCCCCNC[C@H](O)c1ccc(O)c(CO)c1,,6.6,1,6.6,6.6,EC50,F,cell-based format,cell_based,9,D,2009,
CHEMBL536108,CHEMBL1188359,CN(c1ccc(CCNC[C@H](O)c2cccc(Cl)c2)cc1)c1ccc(OCC(=O)O)cc1,,7.2,1,7.2,7.2,EC50,F,cell-based format,cell_based,9,D,2008,
CHEMBL536330,CHEMBL1188436,O=C(O)COc1ccc(Nc2ccc(CCNC[C@H](O)c3cccc(Cl)c3)cc2)cc1,,8.04,1,8.04,8.04,EC50,F,cell-based format,cell_based,9,D,2008,
CHEMBL537693,CHEMBL1188934,O=C(O)COc1ccc(Oc2ccc(CCNC[C@H](O)c3cccc(Cl)c3)cc2)cc1,,7.43,1,7.43,7.43,EC50,F,cell-based format,cell_based,9,D,2008,
CHEMBL585382,CHEMBL1197779,CC(C)(Cc1ccc(NC(=O)CCCNC(=O)C[N+](C)(C)C)cc1)NCC(O)c1cc(O)cc2c1OCC(=O)N2,,7.55,1,7.55,7.55,EC50,F,cell-based format,cell_based,9,D,2009,
CHEMBL587197,CHEMBL1197807,CC(C)(Cc1ccc(NC(=O)CCCNC(=O)C[N+](C)(C)C)cc1)NCC(O)c1ccc(O)c2c1OCC(=O)N2,,8.46,1,8.46,8.46,EC50,F,cell-based format,cell_based,9,D,2009,
CHEMBL1084647,CHEMBL1198857,OCc1cc([C@@H](O)CNCCCCCCOCCOCc2c(Cl)cccc2Cl)ccc1O,VILANTEROL ACETATE,6.4,1,6.4,6.4,EC50,F,cell-based format,cell_based,9,D,2010,4
CHEMBL1084648,CHEMBL1198879,OCc1cc([C@@H](O)CNCCCCCCOCCOCc2cc(Cl)ccc2Cl)ccc1O,,7.9,1,7.9,7.9,EC50,F,cell-based format,cell_based,9,D,2010,
CHEMBL1084656,CHEMBL1198882,NS(=O)(=O)c1cccc(COCCOCCCCCCNC[C@H](O)c2ccc(O)c(CO)c2)c1,,7.3,1,7.3,7.3,EC50,F,cell-based format,cell_based,9,D,2010,
CHEMBL1084891,CHEMBL1198889,Cc1cc(C)cc(COCCOCCCCCCNC[C@H](O)c2ccc(O)c(CO)c2)c1,,8.1,1,8.1,8.1,EC50,F,cell-based format,cell_based,9,D,2010,
CHEMBL1085399,CHEMBL1198908,CS(=O)(=O)Nc1cccc(COCCOCCCCCCNC[C@H](O)c2ccc(O)c(CO)c2)c1,,7.9,1,7.9,7.9,EC50,F,cell-based format,cell_based,9,D,2010,
CHEMBL1085638,CHEMBL1198915,NC(=O)Nc1cccc(COCCOCCCCCCNC[C@H](O)c2ccc(O)c(CO)c2)c1,,7.7,1,7.7,7.7,EC50,F,cell-based format,cell_based,9,D,2010,
CHEMBL1085837,CHEMBL1198923,OCc1cc([C@@H](O)CNCCCCCCOCCOCc2cccc3ccccc23)ccc1O,,7.9,1,7.9,7.9,EC50,F,cell-based format,cell_based,9,D,2010,
CHEMBL1085395,CHEMBL1199261,OCc1cc([C@@H](O)CNCCCCCCOCCOCc2ccccc2)ccc1O,,7.5,1,7.5,7.5,EC50,F,cell-based format,cell_based,9,D,2010,
CHEMBL1086536,CHEMBL1199300,OCc1cc([C@@H](O)CNCCCCCCOCCOCc2cccc(O)c2)ccc1O,,7.7,1,7.7,7.7,EC50,F,cell-based format,cell_based,9,D,2010,
CHEMBL1201237,CHEMBL1201237,CC(C)(C)NC[C@H](O)COc1cccc2c1CCCC2=O,LEVOBUNOLOL,8.280000000000001,2,8.16,8.4,IC50;Ki,B,cell membrane format,other,8,H,,4
CHEMBL12188,CHEMBL12188,CS(=O)(=O)Nc1ccc(CCNC[C@H](O)COc2ccc(O)cc2)cc1,,6.08,1,6.08,6.08,IC50,B,cell-based format,cell_based,8,H,1998,
CHEMBL1221540,CHEMBL1221540,CCC(CC)CNC[C@H](O)c1ccc(O)c2[nH]c(=O)sc12,,6.77,1,6.77,6.77,Ki,B,single protein format,single_protein,9,D,2010,
CHEMBL1221541,CHEMBL1221541,C[C@@H](NC[C@H](O)c1ccc(O)c2[nH]c(=O)sc12)C1CCCCC1,,8.82,1,8.82,8.82,Ki,B,single protein format,single_protein,9,D,2010,
CHEMBL1221542,CHEMBL1221542,C[C@H](NC[C@H](O)c1ccc(O)c2[nH]c(=O)sc12)C1CCCCC1,,7.41,1,7.41,7.41,Ki,B,single protein format,single_protein,9,D,2010,
CHEMBL1221543,CHEMBL1221543,CC(C)(C)CC(C)(C)NC[C@H](O)c1ccc(O)c2[nH]c(=O)sc12,,8.04,1,8.04,8.04,Ki,B,single protein format,single_protein,9,D,2010,
CHEMBL1221586,CHEMBL1221586,O=c1[nH]c2c(O)ccc([C@@H](O)CNCC34CC5CC(CC(C5)C3)C4)c2s1,,7.45,1,7.45,7.45,Ki,B,single protein format,single_protein,9,D,2010,
CHEMBL1221587,CHEMBL1221587,O=c1[nH]c2c(O)ccc([C@@H](O)CNCCc3ccccc3)c2s1,,8.42,1,8.42,8.42,Ki,B,single protein format,single_protein,9,D,2010,
CHEMBL1221588,CHEMBL1221588,Cc1onc(-c2ccccc2)c1CNC[C@H](O)c1ccc(O)c2[nH]c(=O)sc12,,6.04,1,6.04,6.04,Ki,B,single protein format,single_protein,9,D,2010,
CHEMBL1221589,CHEMBL1221589,O=c1[nH]c2c(O)ccc([C@@H](O)CNCCCc3ccccc3)c2s1,,8.7,1,8.7,8.7,Ki,B,single protein format,single_protein,9,D,2010,
CHEMBL1221590,CHEMBL1221590,CC(C)(Cc1ccccc1)NC[C@H](O)c1ccc(O)c2[nH]c(=O)sc12,,8.74,1,8.74,8.74,Ki,B,single protein format,single_protein,9,D,2010,
CHEMBL1221634,CHEMBL1221634,O=c1[nH]c2c(O)ccc([C@@H](O)CN[C@@H]3CCCc4ccccc43)c2s1,,6.95,1,6.95,6.95,Ki,B,single protein format,single_protein,9,D,2010,
CHEMBL1221635,CHEMBL1221635,O=c1[nH]c2c(O)ccc([C@@H](O)CN[C@H]3CCCc4ccccc43)c2s1,,7.24,1,7.24,7.24,Ki,B,single protein format,single_protein,9,D,2010,
CHEMBL1221636,CHEMBL1221636,O=c1[nH]c2c(O)ccc([C@@H](O)CNCCCCc3ccccc3)c2s1,,7.82,1,7.82,7.82,Ki,B,single protein format,single_protein,9,D,2010,
CHEMBL1221637,CHEMBL1221637,C[C@@H](NC[C@H](O)c1ccc(O)c2[nH]c(=O)sc12)c1ccc2ccccc2c1,,8.85,1,8.85,8.85,Ki,B,single protein format,single_protein,9,D,2010,
CHEMBL1221638,CHEMBL1221638,C[C@H](NC[C@H](O)c1ccc(O)c2[nH]c(=O)sc12)c1ccc2ccccc2c1,,7.47,1,7.47,7.47,Ki,B,single protein format,single_protein,9,D,2010,
CHEMBL1221679,CHEMBL1221679,O=c1[nH]c2c(O)ccc([C@@H](O)CNC3CCCCCC3)c2s1,,7.1,1,7.1,7.1,Ki,B,single protein format,single_protein,9,D,2010,
CHEMBL1221680,CHEMBL1221680,O=c1[nH]c2c(O)ccc([C@@H](O)CN[C@@H]3CCC[C@H]3OCc3ccccc3)c2s1,,9.05,1,9.05,9.05,Ki,B,single protein format,single_protein,9,D,2010,
CHEMBL1221681,CHEMBL1221681,O=c1[nH]c2c(O)ccc([C@@H](O)CN[C@H]3CCC[C@@H]3OCc3ccccc3)c2s1,,7.0649999999999995,2,6.97,7.16,Ki,B,cell-based format;single protein format,mixed,9,D,2010;2014,
CHEMBL1221682,CHEMBL1221682,O=c1[nH]c2c(O)ccc([C@@H](O)CN[C@@H]3CCC[C@@H]3C3CCCC3)c2s1,,7.76,2,7.75,7.77,Ki,B,cell-based format;single protein format,mixed,9,D,2010;2014,
CHEMBL1221683,CHEMBL1221683,O=c1[nH]c2c(O)ccc([C@@H](O)CN[C@@H]3CCC[C@H]3C3CCCC3)c2s1,,8.16,1,8.16,8.16,Ki,B,single protein format,single_protein,9,D,2010,
CHEMBL1221732,CHEMBL1221732,O=c1[nH]c2c(O)ccc([C@@H](O)CN[C@@H]3CCCC[C@H]3OCc3ccccc3)c2s1,,7.39,1,7.39,7.39,Ki,B,single protein format,single_protein,9,D,2010,
CHEMBL1221735,CHEMBL1221735,CC1(C)[C@@H]2CC[C@@]1(C)[C@@H](NC[C@H](O)c1ccc(O)c3[nH]c(=O)sc13)C2,,6.35,1,6.35,6.35,Ki,B,single protein format,single_protein,9,D,2010,
CHEMBL1221736,CHEMBL1221736,O=c1[nH]c2c(O)ccc([C@@H](O)CNC3CCCC3C3CCCCC3)c2s1,,6.91,1,6.91,6.91,Ki,B,single protein format,single_protein,9,D,2010,
CHEMBL1221801,CHEMBL1221801,O=c1[nH]c2c(O)ccc([C@@H](O)CNC3CCCCC3C3CCCCC3)c2s1,,6.18,1,6.18,6.18,Ki,B,single protein format,single_protein,9,D,2010,
CHEMBL1221802,CHEMBL1221802,O=c1[nH]c2c(O)ccc([C@@H](O)CNC3CCN(CCN4CCCCCC4)CC3)c2s1,,6.73,1,6.73,6.73,Ki,B,single protein format,single_protein,9,D,2010,
CHEMBL1221803,CHEMBL1221803,O=c1[nH]c2c(O)ccc([C@@H](O)CNCCOc3ccccc3)c2s1,,7.75,1,7.75,7.75,Ki,B,single protein format,single_protein,9,D,2010,
CHEMBL1221804,CHEMBL1221804,CN(CCCNC[C@H](O)c1ccc(O)c2[nH]c(=O)sc12)c1ccccc1,,8.08,1,8.08,8.08,Ki,B,single protein format,single_protein,9,D,2010,
CHEMBL1221861,CHEMBL1221861,O=c1[nH]c2c(O)ccc([C@@H](O)CNCCSc3ccc(Cl)cc3)c2s1,,8.77,1,8.77,8.77,Ki,B,single protein format,single_protein,9,D,2010,
CHEMBL1221862,CHEMBL1221862,CCCCN(CCCC)CCNC[C@H](O)c1ccc(O)c2[nH]c(=O)sc12,,7.5,1,7.5,7.5,Ki,B,single protein format,single_protein,9,D,2010,
CHEMBL122757,CHEMBL122757,Oc1cc2c(cc1O)C(Cc1cc(I)cc(I)c1)NCC2,,6.74,1,6.74,6.74,Ki,B,cell-based format,cell_based,9,D,1996,
CHEMBL123745,CHEMBL123745,CCCCCCCCc1csc(N2CCc3cc(N/C(=N/c4ccc(CCNC[C@H](O)c5cccnc5)cc4)NC#N)ccc32)n1,,7.8,1,7.8,7.8,IC50,B,cell-based format,cell_based,8,H,2001,
CHEMBL12450,CHEMBL12450,O=S(=O)(Nc1ccc(CCNC[C@H](O)COc2ccc(O)cc2)cc1)c1ccc(Cl)cc1,,6.175,2,6.0,6.35,EC50;IC50,B;F,assay format;cell-based format,cell_based,8,H,1998,
CHEMBL124668,CHEMBL124668,N#CN/C(=N\c1cccc(F)c1)Nc1ccc(CCNC[C@H](O)c2cccnc2)cc1,,6.23,1,6.23,6.23,IC50,B,cell-based format,cell_based,8,H,2001,
CHEMBL124863,CHEMBL124863,N#CN/C(=N\c1cccc(Oc2ccccc2)c1)Nc1ccc(CCNC[C@H](O)c2cccnc2)cc1,,6.62,1,6.62,6.62,IC50,B,cell-based format,cell_based,8,H,2001,
CHEMBL124929,CHEMBL124929,CCCCCCCCc1csc(N2CCc3ccc(N/C(=N/c4ccc(CCNC[C@H](O)c5cccnc5)cc4)NC#N)cc32)n1,,7.13,1,7.13,7.13,IC50,B,cell-based format,cell_based,8,H,2001,
CHEMBL12498,CHEMBL12498,CCCCCS(=O)(=O)Nc1ccc(CCNC[C@H](O)COc2ccc(O)cc2)cc1,,6.0,1,6.0,6.0,IC50,B,cell-based format,cell_based,8,H,1998,
CHEMBL125168,CHEMBL125168,N#CN/C(=N\c1cccc(I)c1)Nc1ccc(CCNC[C@H](O)c2cccnc2)cc1,,6.64,1,6.64,6.64,IC50,B,cell-based format,cell_based,8,H,2001,
CHEMBL1255596,CHEMBL1255596,OC(CNC1CCN(c2ncnc3scc(-c4ccccc4)c23)CC1)COc1ccccc1,,6.8,1,6.8,6.8,Ki,B,cell-based format,cell_based,9,D,2010,
CHEMBL1256786,CHEMBL1256786,COc1ccc(CC(C)NCC(O)c2ccc(O)c(NC=O)c2)cc1,FORMOTEROL,7.07,5,6.5,7.9,EC50;Ki,B;F,cell-based format;single protein format,mixed,9,D,2009;2010;2014,4
CHEMBL1257555,CHEMBL1257555,OCc1cc(OCC(O)CNC2CCN(c3ncnc4scc(-c5ccccc5)c34)CC2)ccc1O,,7.33,2,6.2,8.46,EC50;Ki,B;F,cell-based format,cell_based,9,D,2010,
CHEMBL1257675,CHEMBL1257675,COCc1cc(OCC(O)CNC2CCN(c3ncnc4scc(-c5ccccc5)c34)CC2)ccc1O,,6.32,1,6.32,6.32,Ki,B,cell-based format,cell_based,9,D,2010,
CHEMBL1257676,CHEMBL1257676,CCc1cc(O)ccc1OCC(O)CNC1CCN(c2ncnc3scc(-c4ccccc4)c23)CC1,,6.63,1,6.63,6.63,Ki,B,cell-based format,cell_based,9,D,2010,
CHEMBL1257797,CHEMBL1257797,CCc1cc(OCC(O)CNC2CCN(c3ncnc4scc(-c5ccccc5)c34)CC2)ccc1O,,6.54,1,6.54,6.54,Ki,B,cell-based format,cell_based,9,D,2010,
CHEMBL1257913,CHEMBL1257913,Oc1cccc(OCC(O)CNC2CCN(c3ncnc4scc(-c5ccccc5)c34)CC2)c1,,8.23,2,7.22,9.24,EC50;Ki,B;F,cell-based format,cell_based,9,D,2010,
CHEMBL1257914,CHEMBL1257914,Oc1ccc(OCC(O)CNC2CCN(c3ncnc4scc(-c5ccccc5)c34)CC2)cc1,,6.01,1,6.01,6.01,Ki,B,cell-based format,cell_based,9,D,2010,
CHEMBL1257915,CHEMBL1257915,OC(CNC1CCN(c2ncnc3scc(-c4ccc(F)cc4)c23)CC1)COc1ccccc1,,7.5600000000000005,2,6.94,8.18,EC50;Ki,B;F,cell-based format,cell_based,9,D,2010,
CHEMBL1257916,CHEMBL1257916,Oc1ccc(OCC(O)CNC2CCN(c3ncnc4scc(-c5ccc(F)cc5)c34)CC2)cc1,,7.209999999999999,2,6.22,8.2,EC50;Ki,B;F,cell-based format,cell_based,9,D,2010,
CHEMBL1258023,CHEMBL1258023,COc1ccccc1OCC(O)CNC1CCN(c2ncnc3scc(-c4ccccc4)c23)CC1,,7.345,2,6.67,8.02,EC50;Ki,B;F,cell-based format,cell_based,9,D,2010,
CHEMBL1258024,CHEMBL1258024,COc1cccc(OCC(O)CNC2CCN(c3ncnc4scc(-c5ccccc5)c34)CC2)c1,,6.1899999999999995,2,6.03,6.35,EC50;Ki,B;F,cell-based format,cell_based,9,D,2010,
CHEMBL1258025,CHEMBL1258025,OC(CNC1CCN(c2ncnc3scc(-c4cccs4)c23)CC1)COc1ccccc1,,7.48,1,7.48,7.48,Ki,B,cell-based format,cell_based,9,D,2010,
CHEMBL1258026,CHEMBL1258026,Oc1ccc(OCC(O)CNC2CCN(c3ncnc4scc(-c5cccs5)c34)CC2)cc1,,7.8149999999999995,2,6.89,8.74,EC50;Ki,B;F,cell-based format,cell_based,9,D,2010,
CHEMBL1258142,CHEMBL1258142,OC(CNC1CCN(c2ncnc3scc(-c4ccccc4)c23)CC1)COc1cccc(OC(F)(F)F)c1,,6.0,1,6.0,6.0,Ki,B,cell-based format,cell_based,9,D,2010,
CHEMBL1258144,CHEMBL1258144,Cc1c(-c2ccccc2)sc2ncnc(N3CCC(NCC(O)COc4ccccc4)CC3)c12,,6.64,1,6.64,6.64,Ki,B,cell-based format,cell_based,9,D,2010,
CHEMBL1258257,CHEMBL1258257,OC(CNC1CCN(c2ncnc3scc(-c4ccccc4)c23)CC1)COc1ccccc1F,,6.29,2,6.22,6.36,EC50;Ki,B;F,cell-based format,cell_based,9,D,2010,
CHEMBL1258258,CHEMBL1258258,OC(CNC1CCN(c2ncnc3scc(-c4ccccc4)c23)CC1)COc1cccc(F)c1,,6.53,1,6.53,6.53,Ki,B,cell-based format,cell_based,9,D,2010,
CHEMBL1258259,CHEMBL1258259,Cc1c(-c2ccccc2)sc2ncnc(N3CCC(NCC(O)COc4ccc(O)cc4)CC3)c12,,6.25,1,6.25,6.25,Ki,B,cell-based format,cell_based,9,D,2010,
CHEMBL1258370,CHEMBL1258370,OC(CNC1CCN(c2ncnc3scc(-c4ccccc4)c23)CC1)COc1ccc(F)cc1,,6.57,1,6.57,6.57,Ki,B,cell-based format,cell_based,9,D,2010,
CHEMBL1258371,CHEMBL1258371,OCc1cccc(OCC(O)CNC2CCN(c3ncnc4scc(-c5ccccc5)c34)CC2)c1,,7.16,1,7.16,7.16,EC50,F,cell-based format,cell_based,9,D,2010,
CHEMBL1258372,CHEMBL1258372,Cc1csc2ncnc(N3CCC(NCC(O)COc4ccccc4)CC3)c12,,6.35,1,6.35,6.35,Ki,B,cell-based format,cell_based,9,D,2010,
CHEMBL1258373,CHEMBL1258373,Cc1csc2ncnc(N3CCC(NCC(O)COc4ccc(O)cc4)CC3)c12,,7.19,1,7.19,7.19,EC50,F,cell-based format,cell_based,9,D,2010,
CHEMBL1258484,CHEMBL1258484,CCc1cccc(OCC(O)CNC2CCN(c3ncnc4scc(-c5ccccc5)c34)CC2)c1,,6.54,1,6.54,6.54,Ki,B,cell-based format,cell_based,9,D,2010,
CHEMBL1258486,CHEMBL1258486,OC(CNC1CCN(c2ncnc3sccc23)CC1)COc1ccccc1,,7.720000000000001,2,7.14,8.3,EC50;Ki,B;F,cell-based format,cell_based,9,D,2010,
CHEMBL1258596,CHEMBL1258596,CCc1ccc(OCC(O)CNC2CCN(c3ncnc4scc(-c5ccccc5)c34)CC2)cc1,,6.33,1,6.33,6.33,Ki,B,cell-based format,cell_based,9,D,2010,
CHEMBL1258597,CHEMBL1258597,C=CCc1ccccc1OCC(O)CNC1CCN(c2ncnc3scc(-c4ccccc4)c23)CC1,,6.82,1,6.82,6.82,Ki,B,cell-based format,cell_based,9,D,2010,
CHEMBL1258599,CHEMBL1258599,OC(CNC1CCN(c2ncnc3ccsc23)CC1)COc1ccccc1,,7.52,1,7.52,7.52,Ki,B,cell-based format,cell_based,9,D,2010,
CHEMBL1258704,CHEMBL1258704,CC(C)c1ccccc1OCC(O)CNC1CCN(c2ncnc3scc(-c4ccccc4)c23)CC1,,7.0,1,7.0,7.0,Ki,B,cell-based format,cell_based,9,D,2010,
CHEMBL1258705,CHEMBL1258705,N#Cc1cccc(OCC(O)CNC2CCN(c3ncnc4scc(-c5ccccc5)c34)CC2)c1,,6.16,1,6.16,6.16,Ki,B,cell-based format,cell_based,9,D,2010,
CHEMBL1258824,CHEMBL1258824,NC(=O)Nc1cccc(OCC(O)CNC2CCN(c3ncnc4scc(-c5ccccc5)c34)CC2)c1,,6.96,1,6.96,6.96,EC50,F,cell-based format,cell_based,9,D,2010,
CHEMBL126055,CHEMBL126055,N#CN/C(=N\c1ccc(I)cc1)Nc1ccc(CCNC[C@H](O)c2cccnc2)cc1,,6.14,1,6.14,6.14,IC50,B,cell-based format,cell_based,8,H,2001,
CHEMBL1263,CHEMBL1263,OCc1cc(C(O)CNCCCCCCOCCCCc2ccccc2)ccc1O,SALMETEROL,6.43,9,6.1,7.53,EC50;IC50;Ki,B;F,cell-based format;single protein format,mixed,8;9,D;H,2009;2010;2011;2012;2019;2020;2021;2024,4
CHEMBL12633,CHEMBL12633,C[C@@H](Cc1ccc(O)cc1)NC[C@H](O)COc1ccc(O)cc1,,7.09,1,7.09,7.09,IC50,B,cell-based format,cell_based,8,H,1998,
CHEMBL12674,CHEMBL12674,O=S(=O)(CCc1ccccc1)Nc1ccc(CCNC[C@H](O)COc2ccc(O)cc2)cc1,,6.96,1,6.96,6.96,IC50,B,cell-based format,cell_based,8,H,1998,
CHEMBL12686,CHEMBL12686,COc1ccc(S(=O)(=O)Nc2ccc(CCNC[C@H](O)COc3ccc(O)cc3)cc2)cc1,,6.85,1,6.85,6.85,IC50,B,cell-based format,cell_based,8,H,1998,
CHEMBL12718,CHEMBL12718,Cc1ccc(S(=O)(=O)Nc2ccc(CCNC[C@H](O)COc3ccc(O)cc3)cc2)cc1,,6.82,1,6.82,6.82,IC50,B,cell-based format,cell_based,8,H,1998,
CHEMBL127422,CHEMBL127422,N#CN/C(=N\c1ccc2ccccc2c1)Nc1ccc(CCNC[C@H](O)c2cccnc2)cc1,,6.13,1,6.13,6.13,IC50,B,cell-based format,cell_based,8,H,2001,
CHEMBL127451,CHEMBL127451,NC(=O)c1cccc(N/C(=C/[N+](=O)[O-])Nc2ccc(CCNC[C@H](O)c3cccnc3)cc2)c1,,6.1,1,6.1,6.1,IC50,B,cell-based format,cell_based,8,H,2001,
CHEMBL12762,CHEMBL12762,COc1ccc(CCCNC[C@H](O)COc2ccc(O)cc2)cc1,,7.82,1,7.82,7.82,IC50,F,assay format,other,8,H,1998,
CHEMBL12769,CHEMBL12769,O=S(=O)(Nc1ccc(CCNC[C@H](O)COc2ccc(O)cc2)cc1)c1cnc2ccccc2c1,,6.41,2,6.3,6.52,EC50;IC50,B;F,assay format;cell-based format,cell_based,8,H,1998,
CHEMBL12813,CHEMBL12813,O=S(=O)(Nc1ccc(CCNC[C@H](O)COc2ccc(O)cc2)cc1)c1cccc(Cl)c1,,6.0,1,6.0,6.0,IC50,B,cell-based format,cell_based,8,H,1998,
CHEMBL12876,CHEMBL12876,Oc1ccc(CCNC[C@H](O)COc2ccc(O)cc2)cc1,,6.05,1,6.05,6.05,IC50,B,cell-based format,cell_based,8,H,1998,
CHEMBL12911,CHEMBL12911,CCOC(=O)Nc1ccc(S(=O)(=O)Nc2ccc(CCNC[C@H](O)COc3ccc(O)cc3)cc2)cc1,,6.66,1,6.66,6.66,IC50,B,single protein format,single_protein,8,H,1998,
CHEMBL12939,CHEMBL12939,CCCCCCOC(=O)Nc1ccc(S(=O)(=O)Nc2ccc(CCNC[C@H](O)COc3ccc(O)cc3)cc2)cc1,,6.72,1,6.72,6.72,IC50,B,single protein format,single_protein,8,H,1998,
CHEMBL12943,CHEMBL12943,CCC(=O)Nc1ccc(S(=O)(=O)Nc2ccc(CCNC[C@H](O)COc3ccc(O)cc3)cc2)cc1,,6.06,1,6.06,6.06,IC50,B,single protein format,single_protein,8,H,1998,
CHEMBL12994,CHEMBL12994,C[C@@H](CCc1ccc(O)cc1)NC[C@H](O)COc1ccc(O)cc1,,7.82,1,7.82,7.82,IC50,B,cell-based format,cell_based,8,H,1998,
CHEMBL12998,CHEMBL12998,CCCCCCNC(=O)Nc1ccc(S(=O)(=O)Nc2ccc(CCNC[C@H](O)COc3ccc(O)cc3)cc2)cc1,L-755507,6.48,3,6.24,6.7,EC50;IC50;Ki,B,cell-based format;single protein format,mixed,8;9,D;H,1998;2001,
CHEMBL13,CHEMBL13,COCCc1ccc(OCC(O)CNC(C)C)cc1,METOPROLOL,7.125,4,6.75,7.8,IC50;Kd;Ki,B,cell membrane format;cell-based format;single protein format,mixed,8;9,D;H,2015;2019,4
CHEMBL13003,CHEMBL13003,O=S(=O)(CCCc1ccccc1)Nc1ccc(CCNC[C@H](O)COc2ccc(O)cc2)cc1,,6.0,1,6.0,6.0,IC50,B,cell-based format,cell_based,8,H,1998,
CHEMBL13034,CHEMBL13034,Nc1ccc(CCNC[C@H](O)COc2ccc(O)cc2)cc1,,6.0,1,6.0,6.0,IC50,B,cell-based format,cell_based,8,H,1998,
CHEMBL13068,CHEMBL13068,CC(C)C(=O)Nc1ccc(S(=O)(=O)Nc2ccc(CCNC[C@H](O)COc3ccc(O)cc3)cc2)cc1,,6.14,1,6.14,6.14,IC50,B,single protein format,single_protein,8,H,1998,
CHEMBL13079,CHEMBL13079,O=S(=O)(Cc1ccccc1)Nc1ccc(CCNC[C@H](O)COc2ccc(O)cc2)cc1,,7.22,1,7.22,7.22,IC50,B,cell-based format,cell_based,8,H,1998,
CHEMBL13102,CHEMBL13102,CC(=O)Nc1ccc(CCNC[C@H](O)COc2ccc(O)cc2)cc1,,7.6,1,7.6,7.6,IC50,B,cell-based format,cell_based,8,H,1998,
CHEMBL13106,CHEMBL13106,CC(C)OC(=O)Nc1ccc(S(=O)(=O)Nc2ccc(CCNC[C@H](O)COc3ccc(O)cc3)cc2)cc1,,6.62,1,6.62,6.62,IC50,B,single protein format,single_protein,8,H,1998,
CHEMBL13132,CHEMBL13132,O=C(Nc1ccc(S(=O)(=O)Nc2ccc(CCNC[C@H](O)COc3ccc(O)cc3)cc2)cc1)OCc1ccccc1,,6.72,1,6.72,6.72,IC50,B,single protein format,single_protein,8,H,1998,
CHEMBL13238,CHEMBL13238,CC(C)S(=O)(=O)Nc1ccc(CCNC[C@H](O)COc2ccc(O)cc2)cc1,,7.0,1,7.0,7.0,IC50,B,cell-based format,cell_based,8,H,1998,
CHEMBL1326499,CHEMBL1326499,CCc1ccccc1OC[C@@H](O)CN[C@H]1CCCc2ccccc21,,7.375,2,7.32,7.43,EC50;Kd,F,cell-based format,cell_based,9,D,2023,
CHEMBL13389,CHEMBL13389,COC(=O)Nc1ccc(S(=O)(=O)Nc2ccc(CCNC[C@H](O)COc3ccc(O)cc3)cc2)cc1,,6.6,1,6.6,6.6,IC50,B,single protein format,single_protein,8,H,1998,
CHEMBL13398,CHEMBL13398,CNC(=O)Nc1ccc(S(=O)(=O)Nc2ccc(CCNC[C@H](O)COc3ccc(O)cc3)cc2)cc1,,6.46,1,6.46,6.46,IC50,B,single protein format,single_protein,8,H,1998,
CHEMBL13432,CHEMBL13432,O=C(Nc1ccc(S(=O)(=O)Nc2ccc(CCNC[C@H](O)COc3ccc(O)cc3)cc2)cc1)NC1CCCCC1,,6.58,1,6.58,6.58,IC50,B,single protein format,single_protein,8,H,1998,
CHEMBL13453,CHEMBL13453,CCCC(=O)Nc1ccc(S(=O)(=O)Nc2ccc(CCNC[C@H](O)COc3ccc(O)cc3)cc2)cc1,,6.28,1,6.28,6.28,IC50,B,single protein format,single_protein,8,H,1998,
CHEMBL13459,CHEMBL13459,CCCCCNC(=O)Nc1ccc(S(=O)(=O)Nc2ccc(CCNC[C@H](O)COc3ccc(O)cc3)cc2)cc1,,6.52,1,6.52,6.52,IC50,B,single protein format,single_protein,8,H,1998,
CHEMBL1346,CHEMBL1346,NC(=O)C(c1ccccc1)(c1ccccc1)[C@@H]1CCN(CCc2ccc3c(c2)CCO3)C1,DARIFENACIN,6.75,3,6.5,7.4,EC50;IC50;Ki,B;F,assay format;single protein format,mixed,8;9,D;H,2011;2012,4
CHEMBL13467,CHEMBL13467,CCCCCCCCNC(=O)Nc1ccc(S(=O)(=O)Nc2ccc(CCNC[C@H](O)COc3ccc(O)cc3)cc2)cc1,,6.82,1,6.82,6.82,IC50,B,single protein format,single_protein,8,H,1998,
CHEMBL13521,CHEMBL13521,COCCCNC(=O)Nc1ccc(S(=O)(=O)Nc2ccc(CCNC[C@H](O)COc3ccc(O)cc3)cc2)cc1,,6.0,1,6.0,6.0,IC50,B,single protein format,single_protein,8,H,1998,
CHEMBL605993,CHEMBL1363,COc1ccc(C[C@@H](C)NC[C@H](O)c2ccc(O)c(NC=O)c2)cc1,ARFORMOTEROL FUMARATE,7.4,3,6.96,7.4,EC50,F,cell-based format,cell_based,9,D,2010;2011;2020,4
CHEMBL1374751,CHEMBL1374751,CC(C)NCC(O)c1ccc(N)c(C#N)c1,CIMATEROL,7.460000000000001,2,6.79,8.13,EC50;Ki,B;F,cell-based format;single protein format,mixed,9,D,2013;2024,2
CHEMBL137781,CHEMBL137781,C[C@@H]1C[C@H](C)N1C(=O)[C@@H]1C=C2c3cccc4[nH]cc(c34)CC2N(C)C1,,6.4,1,6.4,6.4,Ki,B,single protein format,single_protein,8,H,2002,
CHEMBL1424807,CHEMBL1424807,Clc1cccc(N2CCNCC2)c1Cl,,6.97,1,6.97,6.97,Ki,B,cell-based format,cell_based,9,D,2013,
CHEMBL5087452,CHEMBL1437,NC[C@H](O)c1ccc(O)c(O)c1,,6.38,1,6.38,6.38,Ki,B,single protein format,single_protein,9,D,2024,4
CHEMBL144870,CHEMBL144870,CCCCCCCNC(=O)Nc1ccc(S(=O)(=O)Nc2ccc(CCNC[C@H](O)COc3ccc(O)cc3)cc2)cc1,,6.7,1,6.7,6.7,IC50,B,single protein format,single_protein,8,H,1998,
CHEMBL152067,CHEMBL152067,CC(C)(C)NCC(O)COc1ccc(NC(=O)NC2CCCCC2)cc1,TALINOLOL,6.62,1,6.62,6.62,Ki,B,single protein format,single_protein,9,D,2019,2
CHEMBL152231,CHEMBL152231,COc1ccccc1OCCNCC(O)c1ccc(C)c(S(N)(=O)=O)c1,AMOSULALOL,7.22,1,7.22,7.22,AC50,F,assay format,other,8,H,2023,2
CHEMBL153558,CHEMBL153558,C[C@H](CNc1ccc(CCC(=O)O)cc1)NC[C@H](O)c1cccc(Cl)c1,,6.6,1,6.6,6.6,EC50,F,cell-based format,cell_based,8,H,2002,
CHEMBL153916,CHEMBL153916,C[C@H](CNc1ccc(CNS(C)(=O)=O)cc1)NC[C@H](O)c1cccc(Cl)c1,,8.3,1,8.3,8.3,EC50,F,cell-based format,cell_based,8,H,2002,
CHEMBL154150,CHEMBL154150,C[C@H](CNc1ccc(CC(=O)Nc2nccs2)cc1)NC[C@H](O)c1cccc(Cl)c1,,8.5,1,8.5,8.5,EC50,F,cell-based format,cell_based,8,H,2002,
CHEMBL154370,CHEMBL154370,Cc1ccc(CNC(=O)Cc2ccc(NC[C@@H](C)NC[C@H](O)c3cccc(Cl)c3)cc2)cc1,,7.6,1,7.6,7.6,EC50,F,cell-based format,cell_based,8,H,2002,
CHEMBL154419,CHEMBL154419,C[C@H](CNc1ccc(CC(=O)O)cc1)NC[C@H](O)c1cccc(Cl)c1,,6.55,2,6.0,7.1,EC50;IC50,B;F,cell-based format,cell_based,8,H,2002,
CHEMBL154906,CHEMBL154906,C[C@H](CNc1cccc(CNC(=O)NS(=O)(=O)c2ccccc2)c1)NC[C@H](O)c1cccc(Cl)c1,,6.4,1,6.4,6.4,EC50,F,cell-based format,cell_based,8,H,2002,
CHEMBL155072,CHEMBL155072,C[C@H](CNc1ccccc1)NC[C@H](O)c1cccc(Cl)c1,,8.3,1,8.3,8.3,EC50,F,cell-based format,cell_based,8,H,2002,
CHEMBL155092,CHEMBL155092,C[C@H](CNc1ccc(C(=O)O)cc1)NC[C@H](O)c1cccc(Cl)c1,,6.2,1,6.2,6.2,EC50,F,cell-based format,cell_based,8,H,2002,
CHEMBL1559535,CHEMBL1559535,Cc1cc(N2CCNCC2)nc2ccccc12,,6.65,1,6.65,6.65,Ki,B,cell-based format,cell_based,9,D,2013,
CHEMBL157138,CHEMBL157138,CCN(CC)C(=O)N[C@H]1C=C2c3cccc4[nH]cc(c34)C[C@H]2N(C)C1,LISURIDE,6.37,2,6.25,6.49,IC50;Ki,B,cell membrane format,other,8,H,,3
CHEMBL157210,CHEMBL157210,C[C@H](CNc1ccc(CC(=O)NS(C)(=O)=O)cc1)NC[C@H](O)c1cccc(Cl)c1,,7.0,1,7.0,7.0,EC50,F,cell-based format,cell_based,8,H,2002,
CHEMBL1204003,CHEMBL1615579,O=S(=O)(Nc1ccccc1)c1ccc(CCNC[C@@H](O)COc2ccccc2)cc1,,6.505,2,6.41,6.6,EC50,F,cell-based format,cell_based,9,D,2009,
CHEMBL162513,CHEMBL162513,CS(=O)(=O)Nc1ccc(C(=O)NCC2CN(c3ccccc3)CCN2)cc1,,6.8,1,6.8,6.8,IC50,B,cell membrane format,other,8,H,1992,
CHEMBL162711,CHEMBL162711,O=C1N=c2cccc(OC[C@@H](O)CNC3CCN(c4ccc(CC5SC(=O)NC5=O)cc4)CC3)c2=N1,,7.68,1,7.68,7.68,EC50,F,cell-based format,cell_based,9,D,2001,
CHEMBL163579,CHEMBL163579,CCCCCCCCn1cnn(-c2ccc(S(=O)(=O)Nc3ccc(CCNC[C@H](O)c4cccnc4)cc3)cc2)c1=O,,6.07,1,6.07,6.07,IC50,B,cell-based format,cell_based,8,H,1999,
CHEMBL165177,CHEMBL165177,O=C1N(CCCC2CCCCC2)CCN1c1ccc(S(=O)(=O)Nc2ccc(CCNC[C@H](O)c3cccnc3)cc2)cc1,,6.0,1,6.0,6.0,IC50,B,cell-based format,cell_based,8,H,1999,
CHEMBL165901,CHEMBL165901,O=C(NCC1CN(c2ccccc2)CCN1)c1ccccc1,,6.17,1,6.17,6.17,IC50,B,cell membrane format,other,8,H,1992,
CHEMBL1684584,CHEMBL1684584,O=S(=O)(Nc1ccc(C[C@H]2CC[C@H]([C@H](O)c3ccccc3)N2)cc1)c1ccc(-c2nc(-c3ccc(C(F)(F)F)cc3)cs2)cc1,,6.62,1,6.62,6.62,IC50,F,assay format,other,9,D,2011,
CHEMBL174984,CHEMBL174984,COc1cc(C[C@@H]2NCCc3cc(O)c(O)cc32)cc(OC)c1OC,TRETOQUINOL,7.85,3,6.49,8.21,EC50;IC50;Ki,B;F,assay format;cell-based format,cell_based,8;9,D;H,1996;2000,2
CHEMBL177442,CHEMBL177442,CN(C)C(=N)NC1=NC(=O)/C(=C/c2ccc(N3CCC(NC[C@H](O)COc4cccc5[nH]c(O)nc45)CC3)cc2)S1,,8.42,1,8.42,8.42,Ki,B,single protein format,single_protein,9,D,2001,
CHEMBL1788270,CHEMBL1788270,CC(C)(C)NC[C@@H](O)CON=C1c2ccccc2-c2ccccc21,,7.36,1,7.36,7.36,IC50,B,single protein format,single_protein,8,H,1982,
CHEMBL1807817,CHEMBL1807817,O=c1[nH]c2c(O)ccc([C@@H](O)CNCCSCCCOCCc3ccccc3)c2s1,,8.1,1,8.1,8.1,IC50,B,single protein format,single_protein,8,H,2011,
CHEMBL1807818,CHEMBL1807818,O=c1[nH]c2c(O)ccc([C@@H](O)CNCCCSCCOCCc3ccccc3)c2s1,,8.1,1,8.1,8.1,IC50,B,single protein format,single_protein,8,H,2011,
CHEMBL1807819,CHEMBL1807819,O=c1[nH]c2c(O)ccc([C@@H](O)CNCCCSCCCOCCc3ccccc3)c2s1,,8.4,2,8.4,8.4,EC50;IC50,B;F,assay format;single protein format,mixed,8,H,2011,
CHEMBL1807820,CHEMBL1807820,O=c1[nH]c2c(O)ccc([C@@H](O)CNCCCSCCOCCc3cccc4ccccc34)c2s1,,8.1,1,8.1,8.1,IC50,B,single protein format,single_protein,8,H,2011,
CHEMBL1807821,CHEMBL1807821,O=c1[nH]c2c(O)ccc([C@@H](O)CNCCCOCCOCCc3ccccc3)c2s1,,8.5,1,8.5,8.5,IC50,B,single protein format,single_protein,8,H,2011,
CHEMBL1807822,CHEMBL1807822,O=c1[nH]c2c(O)ccc([C@@H](O)CNCCCOCCOCCc3cccc4ccccc34)c2s1,,8.5,1,8.5,8.5,IC50,B,single protein format,single_protein,8,H,2011,
CHEMBL1807823,CHEMBL1807823,O=c1[nH]c2c(O)ccc([C@@H](O)CNCCSCCCNCCc3ccccc3)c2s1,,6.6,1,6.6,6.6,IC50,B,single protein format,single_protein,8,H,2011,
CHEMBL1807824,CHEMBL1807824,CCc1ccc(CCNCCCSCCNC[C@H](O)c2ccc(O)c3[nH]c(=O)sc23)cc1,,7.3,1,7.3,7.3,IC50,B,single protein format,single_protein,8,H,2011,
CHEMBL1807825,CHEMBL1807825,CCOc1ccc(CCNCCCSCCNC[C@H](O)c2ccc(O)c3[nH]c(=O)sc23)cc1,,6.9,1,6.9,6.9,IC50,B,single protein format,single_protein,8,H,2011,
CHEMBL1807826,CHEMBL1807826,O=c1[nH]c2c(O)ccc([C@@H](O)CNCCSCCCNCCc3cccc(C(F)(F)F)c3)c2s1,,7.0,1,7.0,7.0,IC50,B,single protein format,single_protein,8,H,2011,
CHEMBL1807827,CHEMBL1807827,O=c1[nH]c2c(O)ccc([C@@H](O)CNCCSCCCNCCc3cccc(Cl)c3)c2s1,,6.9,2,6.8,7.0,EC50;IC50,B;F,assay format;single protein format,mixed,8,H,2011,
CHEMBL1807828,CHEMBL1807828,O=c1[nH]c2c(O)ccc([C@@H](O)CNCCSCCCNCCc3ccccc3Cl)c2s1,,6.95,2,6.9,7.0,EC50;IC50,B;F,assay format;single protein format,mixed,8,H,2011,
CHEMBL1807829,CHEMBL1807829,O=c1[nH]c2c(O)ccc([C@@H](O)CNCCSCCCNCCc3cccc(Cl)c3Cl)c2s1,,7.05,2,7.0,7.1,EC50;IC50,B;F,assay format;single protein format,mixed,8,H,2011,
CHEMBL1807830,CHEMBL1807830,O=c1[nH]c2c(O)ccc([C@@H](O)CNCC[S+]([O-])CCCNCCc3cccc(Cl)c3)c2s1,,7.1,2,6.8,7.4,EC50;IC50,B;F,assay format;single protein format,mixed,8,H,2011,
CHEMBL1807831,CHEMBL1807831,O=c1[nH]c2c(O)ccc([C@@H](O)CNCCS(=O)(=O)CCCNCCc3cccc(Cl)c3)c2s1,,6.1,1,6.1,6.1,IC50,B,single protein format,single_protein,8,H,2011,
CHEMBL1807832,CHEMBL1807832,O=c1[nH]c2c(O)ccc([C@@H](O)CNCCOCCCNCCc3cccc(Cl)c3)c2s1,,7.25,2,7.0,7.5,EC50;IC50,B;F,assay format;single protein format,mixed,8,H,2011,
CHEMBL1807869,CHEMBL1807869,O=c1[nH]c2c(O)ccc([C@@H](O)CNCCCSCCNCCc3cccc(Cl)c3)c2s1,,6.95,2,6.9,7.0,EC50;IC50,B;F,assay format;single protein format,mixed,8,H,2011,
CHEMBL1807870,CHEMBL1807870,O=c1[nH]c2c(O)ccc([C@@H](O)CNCCCSCCNCCc3ccccc3Cl)c2s1,,7.4,2,7.4,7.4,EC50;IC50,B;F,assay format;single protein format,mixed,8,H,2011,
CHEMBL1807871,CHEMBL1807871,O=c1[nH]c2c(O)ccc([C@@H](O)CNCCCSCCNCCc3cccc(Cl)c3Cl)c2s1,,7.15,2,7.1,7.2,EC50;IC50,B;F,assay format;single protein format,mixed,8,H,2011,
CHEMBL1807872,CHEMBL1807872,O=c1[nH]c2c(O)ccc([C@@H](O)CNCCCOCCNCCc3cccc(Cl)c3)c2s1,,7.300000000000001,2,7.2,7.4,EC50;IC50,B;F,assay format;single protein format,mixed,8,H,2011,
CHEMBL1807873,CHEMBL1807873,O=c1[nH]c2c(O)ccc([C@@H](O)CNCCCOCCNCCc3cccc(Cl)c3Cl)c2s1,,7.05,2,6.8,7.3,EC50;IC50,B;F,assay format;single protein format,mixed,8,H,2011,
CHEMBL1807874,CHEMBL1807874,CN(CCOCCCNC[C@H](O)c1ccc(O)c2[nH]c(=O)sc12)CCc1ccccc1,,6.550000000000001,2,6.4,6.7,EC50;IC50,B;F,assay format;single protein format,mixed,8,H,2011,
CHEMBL181115,CHEMBL181115,CCCNC(=O)Nc1ccc(C[C@@H](CO)NC[C@H](O)COc2ccccc2)cc1,,7.29,1,7.29,7.29,EC50,F,cell-based format,cell_based,8,H,2005,
CHEMBL181300,CHEMBL181300,C#CCNc1cccc([C@@H](O)CN[C@H](C)Cc2c[nH]c3c(OS(C)(=O)=O)cccc23)c1,,7.685,2,7.35,8.02,EC50,B;F,cell-based format;single protein format,mixed,9,D,2005;2010,
CHEMBL1814270,CHEMBL1814270,O=C1CNC(=O)N1c1ccccc1CCCCOCCCCCCNC[C@H](O)c1ccc(O)c(CO)c1,,6.7,1,6.7,6.7,EC50,F,cell-based format,cell_based,9,D,2011,
CHEMBL1814277,CHEMBL1814277,O=c1cc[nH]c(=O)n1-c1cccc(CCCCOCCCCCCNC[C@H](O)c2ccc(O)c(CO)c2)c1,,6.6,1,6.6,6.6,EC50,F,cell-based format,cell_based,9,D,2011,
CHEMBL1814279,CHEMBL1814279,O=C(O)CNC(=O)Nc1cccc(CCCCOCCCCCCNC[C@H](O)c2ccc(O)c(CO)c2)c1,,6.9,1,6.9,6.9,EC50,F,cell-based format,cell_based,9,D,2011,
CHEMBL181440,CHEMBL181440,C[C@H](Cc1c[nH]c2c(OS(C)(=O)=O)cccc12)NC[C@H](O)c1cccc(NS(=O)(=O)c2ccccc2)c1,,7.89,1,7.89,7.89,EC50,F,cell-based format,cell_based,9,D,2005,
CHEMBL182127,CHEMBL182127,O=C(Nc1ccc(C[C@@H](CO)NC[C@H](O)COc2ccccc2)cc1)NC1CCCCC1,,7.82,1,7.82,7.82,EC50,F,cell-based format,cell_based,8,H,2005,
CHEMBL182708,CHEMBL182708,C[C@H](Cc1c[nH]c2c(OS(C)(=O)=O)cccc12)NC[C@H](O)c1cccc(NC(=O)c2ccccc2)c1,,6.92,1,6.92,6.92,EC50,F,cell-based format,cell_based,9,D,2005,
CHEMBL182770,CHEMBL182770,CC(C)=CCNc1cccc([C@@H](O)CN[C@H](C)Cc2c[nH]c3c(OS(C)(=O)=O)cccc23)c1,,7.12,2,6.8,7.44,EC50,B;F,cell-based format;single protein format,mixed,9,D,2005;2010,
CHEMBL1830485,CHEMBL1830485,O=C(CCCCCNC(=O)COc1ccc(/C=C/c2ccc3n2[B-](F)(F)[N+]2=C(c4cccs4)C=CC2=C3)cc1)NCCNC[C@H](O)COc1cccc2ccccc12,,7.44,3,7.04,8.08,Kd,B;F,cell-based format,cell_based,9,D,2011,
CHEMBL1830486,CHEMBL1830486,O=C(CCCCCNC(=O)COc1ccc(/C=C/c2ccc3n2[B-](F)(F)[N+]2=C(c4cccs4)C=CC2=C3)cc1)NCCCCNC[C@H](O)COc1cccc2ccccc12,,7.48,3,6.74,7.87,Kd,B;F,cell-based format,cell_based,9,D,2011,
CHEMBL1830487,CHEMBL1830487,O=C(CCCCCNC(=O)COc1ccc(/C=C/c2ccc3n2[B-](F)(F)[N+]2=C(c4cccs4)C=CC2=C3)cc1)NCCCCCCCCNC[C@H](O)COc1cccc2ccccc12,,6.73,3,6.1,7.28,Kd,B;F,cell-based format,cell_based,9,D,2011,
CHEMBL1830488,CHEMBL1830488,O=C(CCCCCNC(=O)COc1ccc(/C=C/c2ccc3n2[B-](F)(F)[N+]2=C(c4cccs4)C=CC2=C3)cc1)NCCNCC(O)COc1cccc2ccccc12,,7.05,3,6.45,7.12,Kd,B;F,cell-based format,cell_based,9,D,2011,
CHEMBL1830489,CHEMBL1830489,O=C(CCCCCNC(=O)COc1ccc(/C=C/c2ccc3n2[B-](F)(F)[N+]2=C(c4cccs4)C=CC2=C3)cc1)NCCCCNCC(O)COc1cccc2ccccc12,,7.25,3,6.62,7.51,Kd,B;F,cell-based format,cell_based,9,D,2011,
CHEMBL1830490,CHEMBL1830490,O=C(CCCCCNC(=O)COc1ccc(/C=C/c2ccc3n2[B-](F)(F)[N+]2=C(c4cccs4)C=CC2=C3)cc1)NCCCCCCCCNCC(O)COc1cccc2ccccc12,,6.6899999999999995,2,6.66,6.72,Kd,B;F,cell-based format,cell_based,9,D,2011,
CHEMBL1830491,CHEMBL1830491,O=C(CCCCCNC(=O)COc1ccc(/C=C/c2ccc3n2[B-](F)(F)[N+]2=C(c4cccs4)C=CC2=C3)cc1)NCCOCCOCCNC[C@H](O)COc1cccc2ccccc12,,7.76,3,7.17,8.46,Kd,B;F,cell-based format,cell_based,9,D,2011,
CHEMBL1830492,CHEMBL1830492,O=C(CCCCCNC(=O)COc1ccc(/C=C/c2ccc3n2[B-](F)(F)[N+]2=C(c4cccs4)C=CC2=C3)cc1)NCCOCCOCCNCC(O)COc1cccc2ccccc12,,7.14,3,6.95,7.38,Kd,B;F,cell-based format,cell_based,9,D,2011,
CHEMBL1830493,CHEMBL1830493,C=CCc1ccccc1OC[C@@H](O)CNCCNC(=O)CCCCCNC(=O)COc1ccc(/C=C/c2ccc3n2[B-](F)(F)[N+]2=C(c4cccs4)C=CC2=C3)cc1,,7.13,3,7.04,7.33,Kd,B;F,cell-based format,cell_based,9,D,2011,
CHEMBL1830617,CHEMBL1830617,C=CCc1ccccc1OCC(O)CNCCNC(=O)CCCCCNC(=O)COc1ccc(/C=C/c2ccc3n2[B-](F)(F)[N+]2=C(c4cccs4)C=CC2=C3)cc1,,7.26,3,6.92,7.36,Kd,B;F,cell-based format,cell_based,9,D,2011,
CHEMBL1830618,CHEMBL1830618,C=CCc1ccccc1OC[C@@H](O)CNCCOCCOCCNC(=O)CCCCCNC(=O)COc1ccc(/C=C/c2ccc3n2[B-](F)(F)[N+]2=C(c4cccs4)C=CC2=C3)cc1,,7.65,3,7.38,8.12,Kd,B;F,cell-based format,cell_based,9,D,2011,
CHEMBL1830619,CHEMBL1830619,C=CCc1ccccc1OCC(O)CNCCOCCOCCNC(=O)CCCCCNC(=O)COc1ccc(/C=C/c2ccc3n2[B-](F)(F)[N+]2=C(c4cccs4)C=CC2=C3)cc1,,7.5,3,7.11,7.76,Kd,B;F,cell-based format,cell_based,9,D,2011,
CHEMBL1830620,CHEMBL1830620,O=C(CCCCCNC(=O)COc1ccc(/C=C/c2ccc3n2[B-](F)(F)[N+]2=C(c4cccs4)C=CC2=C3)cc1)NCCNCC(O)COc1cccc2[nH]ccc12,,6.289999999999999,2,6.06,6.52,Kd,B;F,cell-based format,cell_based,9,D,2011,
CHEMBL1830621,CHEMBL1830621,O=C(CCCCCNC(=O)COc1ccc(/C=C/c2ccc3n2[B-](F)(F)[N+]2=C(c4cccs4)C=CC2=C3)cc1)NCCOCCOCCNCC(O)COc1cccc2[nH]ccc12,,7.215,2,7.01,7.42,Kd,B;F,cell-based format,cell_based,9,D,2011,
CHEMBL183129,CHEMBL183129,O=C(Nc1ccccc1)Nc1ccc(C[C@@H](CO)NC[C@H](O)COc2ccccc2)cc1,,7.7,1,7.7,7.7,EC50,F,cell-based format,cell_based,8,H,2005,
CHEMBL183211,CHEMBL183211,O=C(Nc1ccccc1)Nc1ccc(C[C@H](O)NC[C@H](O)COc2ccccc2)cc1,,8.52,1,8.52,8.52,EC50,F,cell-based format,cell_based,8,H,2005,
CHEMBL183283,CHEMBL183283,O=C(Nc1ccc(C[C@@H](CO)NC[C@H](O)COc2ccccc2)cc1)Nc1cccc(C(=O)O)c1,,8.89,1,8.89,8.89,EC50,F,cell-based format,cell_based,8,H,2005,
CHEMBL183307,CHEMBL183307,COc1ccc(NC(=O)Nc2ccc(C[C@@H](CO)NC[C@H](O)COc3ccccc3)cc2)cc1,,8.66,1,8.66,8.66,EC50,F,cell-based format,cell_based,8,H,2005,
CHEMBL183552,CHEMBL183552,C[C@H](Cc1c[nH]c2c(OS(C)(=O)=O)cccc12)NC[C@H](O)c1cccc(NCc2ccc3ccccc3c2)c1,,7.74,2,7.36,8.12,EC50,B;F,cell-based format;single protein format,mixed,9,D,2005;2010,
CHEMBL183611,CHEMBL183611,COc1cccc(NC(=O)Nc2ccc(C[C@@H](CO)NC[C@H](O)COc3ccccc3)cc2)c1,,8.4,1,8.4,8.4,EC50,F,cell-based format,cell_based,8,H,2005,
CHEMBL183744,CHEMBL183744,COc1ccccc1NC(=O)Nc1ccc(C[C@@H](CO)NC[C@H](O)COc2ccccc2)cc1,,7.92,1,7.92,7.92,EC50,F,cell-based format,cell_based,8,H,2005,
CHEMBL184407,CHEMBL184407,C[C@H](Cc1c[nH]c2c(OS(C)(=O)=O)cccc12)NC[C@H](O)c1cccc(NS(=O)(=O)c2cccs2)c1,,7.36,3,7.18,7.75,EC50;Ki,B;F,cell-based format;single protein format,mixed,9,D,2004;2010,
CHEMBL1814276,CHEMBL1851624,NC(=O)CN1C(=O)CN(c2cccc(CCCCOCCCCCCNC[C@H](O)c3ccc(O)c(CO)c3)c2)C1=O,,6.8,1,6.8,6.8,EC50,F,cell-based format,cell_based,9,D,2011,
CHEMBL1814274,CHEMBL1851691,O=C1CN(Cc2cccc(CCCCOCCCCCCNC[C@H](O)c3ccc(O)c(CO)c3)c2)C(=O)N1,,7.1,1,7.1,7.1,EC50,F,cell-based format,cell_based,9,D,2011,
CHEMBL1814267,CHEMBL1851721,O=c1ccn(-c2cccc(CCCCOCCCCCCNC[C@H](O)c3ccc(O)c(CO)c3)c2)c(=O)[nH]1,,7.3,1,7.3,7.3,EC50,F,cell-based format,cell_based,9,D,2011,
CHEMBL1814269,CHEMBL1851839,O=C1CNC(=O)N1c1ccc(CCCCOCCCCCCNC[C@H](O)c2ccc(O)c(CO)c2)cc1,,7.1,1,7.1,7.1,EC50,F,cell-based format,cell_based,9,D,2011,
CHEMBL1814271,CHEMBL1851848,CC1(C)NC(=O)N(c2cccc(CCCCOCCCCCCNC[C@H](O)c3ccc(O)c(CO)c3)c2)C1=O,,6.7,1,6.7,6.7,EC50,F,cell-based format,cell_based,9,D,2011,
CHEMBL1814272,CHEMBL1851849,O=C1CN(c2cccc(CCCCOCCCCCCNC[C@H](O)c3ccc(O)c(CO)c3)c2)C(=O)N1,,6.7,1,6.7,6.7,EC50,F,cell-based format,cell_based,9,D,2011,
CHEMBL1814273,CHEMBL1851850,O=C1CNC(=O)N1Cc1cccc(CCCCOCCCCCCNC[C@H](O)c2ccc(O)c(CO)c2)c1,,6.9,1,6.9,6.9,EC50,F,cell-based format,cell_based,9,D,2011,
CHEMBL1835854,CHEMBL1852119,CCNC(=O)Nc1cccc(CCCCOCCCCCCNC[C@H](O)c2ccc(O)c(CO)c2)c1,,7.5,1,7.5,7.5,EC50,F,cell-based format,cell_based,9,D,2011,
CHEMBL1835853,CHEMBL1852214,NC(=O)Nc1cccc(CCCCOCCCCCCNC[C@H](O)c2ccc(O)c(CO)c2)c1,,7.2,1,7.2,7.2,EC50,F,cell-based format,cell_based,9,D,2011,
CHEMBL1835859,CHEMBL1852407,NC(=O)CNC(=O)Nc1cccc(CCCCOCCCCCCNC[C@H](O)c2ccc(O)c(CO)c2)c1,,7.5,1,7.5,7.5,EC50,F,cell-based format,cell_based,9,D,2011,
CHEMBL1835855,CHEMBL1852541,O=C(Nc1cccc(CCCCOCCCCCCNC[C@H](O)c2ccc(O)c(CO)c2)c1)NC1CCCCC1,,8.1,1,8.1,8.1,EC50,F,cell-based format,cell_based,9,D,2011,
CHEMBL1835862,CHEMBL1852543,Cc1cc(CCCCOCCCCCCNC[C@H](O)c2ccc(O)c(CO)c2)cc(NC(N)=O)c1,,7.4,1,7.4,7.4,EC50,F,cell-based format,cell_based,9,D,2011,
CHEMBL1835858,CHEMBL1852564,CCNC(=O)NCc1cccc(CCCCOCCCCCCNC[C@H](O)c2ccc(O)c(CO)c2)c1,,7.5,1,7.5,7.5,EC50,F,cell-based format,cell_based,9,D,2011,
CHEMBL1835856,CHEMBL1852565,CCNC(=O)Nc1ccc(CCCCOCCCCCCNC[C@H](O)c2ccc(O)c(CO)c2)cc1,,7.5,1,7.5,7.5,EC50,F,cell-based format,cell_based,9,D,2011,
CHEMBL1835861,CHEMBL1852575,NC(=O)Nc1cc(CCCCOCCCCCCNC[C@H](O)c2ccc(O)c(CO)c2)cc(C(F)(F)F)c1,,7.3,1,7.3,7.3,EC50,F,cell-based format,cell_based,9,D,2011,
CHEMBL1835860,CHEMBL1852632,O=C(CNC(=O)Nc1cccc(CCCCOCCCCCCNC[C@H](O)c2ccc(O)c(CO)c2)c1)NC1CCCC1,,8.0,1,8.0,8.0,EC50,F,cell-based format,cell_based,9,D,2011,
CHEMBL1814275,CHEMBL1852744,O=C1NC(=O)N(Cc2cccc(CCCCOCCCCCCNC[C@H](O)c3ccc(O)c(CO)c3)c2)C1=O,,7.3,1,7.3,7.3,EC50,F,cell-based format,cell_based,9,D,2011,
CHEMBL1835857,CHEMBL1852796,NC(=O)NCc1cccc(CCCCOCCCCCCNC[C@H](O)c2ccc(O)c(CO)c2)c1,,8.1,1,8.1,8.1,EC50,F,cell-based format,cell_based,9,D,2011,
CHEMBL1814268,CHEMBL1852860,O=C1CNC(=O)N1c1cccc(CCCCOCCCCCCNC[C@H](O)c2ccc(O)c(CO)c2)c1,,7.1,1,7.1,7.1,EC50,F,cell-based format,cell_based,9,D,2011,
CHEMBL185660,CHEMBL185660,CC(C)S(=O)(=O)Oc1cccc2c(C[C@@H](C)NC[C@H](O)c3cccc(NS(=O)(=O)c4cccs4)c3)c[nH]c12,,7.805000000000001,2,7.4,8.21,EC50,B;F,cell-based format;single protein format,mixed,9,D,2004;2010,
CHEMBL185703,CHEMBL185703,C[C@H](Cc1c[nH]c2c(OCC(=O)N(C)C)cccc12)NC[C@H](O)c1cccc(NS(=O)(=O)c2cccs2)c1,,7.72,1,7.72,7.72,EC50,F,cell-based format,cell_based,9,D,2004,
CHEMBL185836,CHEMBL185836,C[C@H](Cc1c[nH]c2ccccc12)NC[C@H](O)c1cccc(NS(=O)(=O)c2cccs2)c1,,7.18,3,6.96,7.68,EC50;Ki,B;F,cell-based format;single protein format,mixed,9,D,2004;2010,
CHEMBL186135,CHEMBL186135,CCCCCCCCS(=O)(=O)Oc1cccc2c(C[C@@H](C)NC[C@H](O)c3cccc(NS(=O)(=O)c4cccs4)c3)c[nH]c12,,7.975,2,7.7,8.25,EC50,B;F,cell-based format;single protein format,mixed,9,D,2004;2010,
CHEMBL186236,CHEMBL186236,CCOC(=O)c1ccc(S(=O)(=O)Oc2cccc3c(C[C@@H](C)NC[C@H](O)c4cccc(NS(=O)(=O)c5cccs5)c4)c[nH]c23)cc1,,7.24,1,7.24,7.24,EC50,F,cell-based format,cell_based,9,D,2004,
CHEMBL186247,CHEMBL186247,CS(=O)(=O)c1cccc2c(CCNC[C@H](O)c3cccc(NS(=O)(=O)c4cccc(N)c4)c3)c[nH]c12,,7.05,1,7.05,7.05,Ki,B,single protein format,single_protein,9,D,2004,
CHEMBL186271,CHEMBL186271,C[C@H](Cc1c[nH]c2c(OS(=O)(=O)c3cccs3)cccc12)NC[C@H](O)c1cccc(NS(=O)(=O)c2cccs2)c1,,8.115,2,7.31,8.92,EC50,B;F,cell-based format;single protein format,mixed,9,D,2004;2010,
CHEMBL186676,CHEMBL186676,C[C@H](Cc1c[nH]c2c(OCc3ccccc3)cccc12)NC[C@H](O)c1cccc(NS(=O)(=O)c2cccs2)c1,,7.725,2,7.27,8.18,EC50,B;F,cell-based format;single protein format,mixed,9,D,2004;2010,
CHEMBL187209,CHEMBL187209,C[C@H](Cc1c[nH]c2c(OS(=O)(=O)c3ccccc3)cccc12)NC[C@H](O)c1cccc(NS(=O)(=O)c2cccs2)c1,,7.824999999999999,2,7.14,8.51,EC50,B;F,cell-based format;single protein format,mixed,9,D,2004;2010,
CHEMBL187317,CHEMBL187317,CCCCS(=O)(=O)Oc1cccc2c(C[C@@H](C)NC[C@H](O)c3cccc(NS(=O)(=O)c4cccs4)c3)c[nH]c12,,7.86,2,7.58,8.14,EC50,B;F,cell-based format;single protein format,mixed,9,D,2004;2010,
CHEMBL188196,CHEMBL188196,C[C@H](Cc1c[nH]c2c(OCC(=O)O)cccc12)NC[C@H](O)c1cccc(NS(=O)(=O)c2cccs2)c1,,6.75,3,6.32,7.72,EC50;Ki,B;F,cell-based format;single protein format,mixed,9,D,2004;2010,
CHEMBL188622,CHEMBL188622,CS(=O)(=O)Oc1cccc2c(CCNC[C@H](O)c3cccc(NS(=O)(=O)c4cccs4)c3)c[nH]c12,,6.64,1,6.64,6.64,Ki,B,single protein format,single_protein,9,D,2004,
CHEMBL189081,CHEMBL189081,C[C@H](Cc1c[nH]c2c(OS(=O)(=O)c3cccnc3)cccc12)NC[C@H](O)c1cccc(NS(=O)(=O)c2cccs2)c1,,8.275,2,7.66,8.89,EC50,B;F,cell-based format;single protein format,mixed,9,D,2004;2010,
CHEMBL1940830,CHEMBL1940830,OCc1cc([C@@H](O)CNCCc2ccc(NC[C@H](O)c3ccccc3)cc2)ccc1O,,6.6,1,6.6,6.6,EC50,F,cell-based format,cell_based,9,D,2012,
CHEMBL1940831,CHEMBL1940831,OCc1cc([C@@H](O)CNCCc2ccc(NC[C@@H](O)c3ccccc3)cc2)ccc1O,,6.6,1,6.6,6.6,EC50,F,cell-based format,cell_based,9,D,2012,
CHEMBL1940832,CHEMBL1940832,O=CNc1cc([C@@H](O)CNCCc2ccc(NC[C@H](O)c3ccccc3)cc2)ccc1O,MILVETEROL,7.6,1,7.6,7.6,EC50,F,cell-based format,cell_based,9,D,2012,2
CHEMBL1944689,CHEMBL1944689,O=c1[nH]c2c(O)ccc([C@@H](O)CNCCc3ccc(CNCCc4c(Cl)cccc4Cl)cc3)c2s1,,6.4,1,6.4,6.4,IC50,B,single protein format,single_protein,8,H,2012,
CHEMBL1944690,CHEMBL1944690,O=c1[nH]c2c(O)ccc([C@@H](O)CNCCc3cccc(CNCCc4ccccc4Cl)c3)c2s1,,6.8,1,6.8,6.8,IC50,B,single protein format,single_protein,8,H,2012,
CHEMBL1944691,CHEMBL1944691,O=c1[nH]c2c(O)ccc([C@@H](O)CNCCc3cccc(CNCCc4ccccc4F)c3)c2s1,,7.2,1,7.2,7.2,IC50,B,single protein format,single_protein,8,H,2012,
CHEMBL1944692,CHEMBL1944692,O=c1[nH]c2c(O)ccc([C@@H](O)CNCCc3ccc(CNCCc4ccccc4F)cc3)c2s1,,6.4,1,6.4,6.4,IC50,B,single protein format,single_protein,8,H,2012,
CHEMBL1944693,CHEMBL1944693,COc1ccccc1CCNCc1cccc(CCNC[C@H](O)c2ccc(O)c3[nH]c(=O)sc23)c1,,6.6,1,6.6,6.6,IC50,B,single protein format,single_protein,8,H,2012,
CHEMBL1944694,CHEMBL1944694,COc1ccccc1CCNCc1ccc(CCNC[C@H](O)c2ccc(O)c3[nH]c(=O)sc23)cc1,,6.5,1,6.5,6.5,IC50,B,single protein format,single_protein,8,H,2012,
CHEMBL1944695,CHEMBL1944695,O=c1[nH]c2c(O)ccc([C@@H](O)CNCCc3ccc(CNCCc4ccccc4)cc3)c2s1,,6.4,1,6.4,6.4,IC50,B,single protein format,single_protein,8,H,2012,
CHEMBL1945031,CHEMBL1945031,Cc1cccc2c(CCNCc3cccc(CCNC[C@H](O)c4ccc(O)c5[nH]c(=O)sc45)c3)c[nH]c12,,7.1,1,7.1,7.1,IC50,B,single protein format,single_protein,8,H,2012,
CHEMBL1945032,CHEMBL1945032,Cc1cccc2c(CCNCc3ccc(CCNC[C@H](O)c4ccc(O)c5[nH]c(=O)sc45)cc3)c[nH]c12,,6.5,1,6.5,6.5,IC50,B,single protein format,single_protein,8,H,2012,
CHEMBL1945033,CHEMBL1945033,O=c1[nH]c2c(O)ccc([C@@H](O)CNCCc3cccc(CNCCc4ccccn4)c3)c2s1,,6.8,1,6.8,6.8,IC50,B,single protein format,single_protein,8,H,2012,
CHEMBL1945035,CHEMBL1945035,O=c1[nH]c2c(O)ccc([C@@H](O)CNCCc3ccccc3CNCCc3ccccc3F)c2s1,,8.7,1,8.7,8.7,IC50,B,single protein format,single_protein,8,H,2012,
CHEMBL1945036,CHEMBL1945036,CC(CNCc1ccc(CCNC[C@H](O)c2ccc(O)c3[nH]c(=O)sc23)cc1)c1ccccc1,,6.3,1,6.3,6.3,IC50,B,single protein format,single_protein,8,H,2012,
CHEMBL1945037,CHEMBL1945037,O=c1[nH]c2c(O)ccc([C@@H](O)CNCCc3cccc(CNCCCc4ccccc4)c3)c2s1,,7.7,1,7.7,7.7,IC50,B,single protein format,single_protein,8,H,2012,
CHEMBL1945038,CHEMBL1945038,O=c1[nH]c2c(O)ccc([C@@H](O)CNCCc3cccc(CNCCCc4ccccn4)c3)c2s1,,7.2,1,7.2,7.2,IC50,B,single protein format,single_protein,8,H,2012,
CHEMBL1945039,CHEMBL1945039,COc1ccccc1CNCc1cccc(CCNC[C@H](O)c2ccc(O)c3[nH]c(=O)sc23)c1,,7.25,2,7.2,7.3,EC50;IC50,B;F,cell-based format;single protein format,mixed,8,H,2012,
CHEMBL1945041,CHEMBL1945041,O=c1[nH]c2c(O)ccc([C@@H](O)CNCCc3cccc(CNCc4ccccc4Cl)c3)c2s1,,8.0,1,8.0,8.0,IC50,B,single protein format,single_protein,8,H,2012,
CHEMBL1945042,CHEMBL1945042,O=c1[nH]c2c(O)ccc([C@@H](O)CNCCc3cccc(CNCc4ccccc4F)c3)c2s1,,8.2,1,8.2,8.2,IC50,B,single protein format,single_protein,8,H,2012,
CHEMBL1945043,CHEMBL1945043,O=c1[nH]c2c(O)ccc([C@@H](O)CNCCc3cccc(CNCc4ccccn4)c3)c2s1,,7.1,1,7.1,7.1,IC50,B,single protein format,single_protein,8,H,2012,
CHEMBL1945044,CHEMBL1945044,COc1cccc(CNCc2cccc(CCNC[C@H](O)c3ccc(O)c4[nH]c(=O)sc34)c2)c1,,7.2,1,7.2,7.2,IC50,B,single protein format,single_protein,8,H,2012,
CHEMBL1945289,CHEMBL1945289,COc1ccc(CNCc2cccc(CCNC[C@H](O)c3ccc(O)c4[nH]c(=O)sc34)c2)cc1,,8.0,1,8.0,8.0,IC50,B,single protein format,single_protein,8,H,2012,
CHEMBL1945290,CHEMBL1945290,CCOc1ccccc1CNCc1cccc(CCNC[C@H](O)c2ccc(O)c3[nH]c(=O)sc23)c1,,7.0,1,7.0,7.0,IC50,B,single protein format,single_protein,8,H,2012,
CHEMBL1945291,CHEMBL1945291,COc1ccccc1CN(C)Cc1cccc(CCNC[C@H](O)c2ccc(O)c3[nH]c(=O)sc23)c1,,6.7,1,6.7,6.7,IC50,B,single protein format,single_protein,8,H,2012,
CHEMBL1945292,CHEMBL1945292,COCCNCc1cccc(CCNC[C@H](O)c2ccc(O)c3[nH]c(=O)sc23)c1,,6.8,1,6.8,6.8,IC50,B,single protein format,single_protein,8,H,2012,
CHEMBL1945293,CHEMBL1945293,COCCNCc1ccc(CCNC[C@H](O)c2ccc(O)c3[nH]c(=O)sc23)cc1,,6.1,1,6.1,6.1,IC50,B,single protein format,single_protein,8,H,2012,
CHEMBL1945294,CHEMBL1945294,O=c1[nH]c2c(O)ccc([C@@H](O)CNCCc3cccc(CN4CCCC4)c3)c2s1,,6.5,1,6.5,6.5,IC50,B,single protein format,single_protein,8,H,2012,
CHEMBL1945296,CHEMBL1945296,O=c1[nH]c2c(O)ccc([C@@H](O)CNCCCc3cccc(CNCCc4c(Cl)cccc4Cl)c3)c2s1,,8.1,1,8.1,8.1,IC50,B,single protein format,single_protein,8,H,2012,
CHEMBL1945297,CHEMBL1945297,CC(Cc1cccc(CNCCc2c(Cl)cccc2Cl)c1)NC[C@H](O)c1ccc(O)c2[nH]c(=O)sc12,,7.7,1,7.7,7.7,IC50,B,single protein format,single_protein,8,H,2012,
CHEMBL1945298,CHEMBL1945298,O=c1[nH]c2c(O)ccc([C@@H](O)CNCCOc3cccc(CNCCc4ccccc4F)c3)c2s1,,6.7,1,6.7,6.7,IC50,B,single protein format,single_protein,8,H,2012,
CHEMBL1945299,CHEMBL1945299,COc1ccccc1CNCCc1cccc(CCNC[C@H](O)c2ccc(O)c3[nH]c(=O)sc23)c1,,7.2,1,7.2,7.2,IC50,B,single protein format,single_protein,8,H,2012,
CHEMBL1947157,CHEMBL1947157,O=c1[nH]c2c(O)ccc([C@@H](O)CNCCc3cccc(CNCCc4c(Cl)cccc4Cl)c3)c2s1,,7.9,1,7.9,7.9,IC50,B,single protein format,single_protein,8,H,2012,
CHEMBL198059,CHEMBL198059,Cc1ccc(OC[C@H](O)[C@H](C)NC(C)C)c2c1CCC2,,6.74,1,6.74,6.74,Kd,B,cell-based format,cell_based,9,D,2017,
CHEMBL200234,CHEMBL200234,c1cc(N2CCNCC2)c2cc[nH]c2c1,,7.17,1,7.17,7.17,Ki,B,single protein format,single_protein,9,D,2013,
CHEMBL2011213,CHEMBL2011213,COc1ccc(NC(=O)NCCNC[C@H](O)COc2ccccc2C#N)cc1,,9.96,1,9.96,9.96,IC50,B,cell-based format,cell_based,8,H,2011,
CHEMBL2011214,CHEMBL2011214,N#Cc1ccccc1OC[C@@H](O)CNCCNC(=O)Nc1ccccc1F,,9.7,1,9.7,9.7,IC50,B,cell-based format,cell_based,8,H,2011,
CHEMBL2011215,CHEMBL2011215,N#Cc1ccccc1OC[C@@H](O)CNCCNC(=O)Nc1ccc(F)cc1,,10.0,1,10.0,10.0,IC50,B,cell-based format,cell_based,8,H,2011,
CHEMBL2011216,CHEMBL2011216,N#Cc1ccccc1OC[C@@H](O)CNCCNC(=O)Nc1ccc(OCCF)cc1,,10.1,1,10.1,10.1,IC50,B,cell-based format,cell_based,8,H,2011,
CHEMBL2011217,CHEMBL2011217,N#Cc1ccccc1OC[C@@H](O)CNCCNC(=O)Nc1ccc(OCCCF)cc1,,9.6,1,9.6,9.6,IC50,B,cell-based format,cell_based,8,H,2011,
CHEMBL2011218,CHEMBL2011218,N#Cc1ccccc1OC[C@@H](O)CNCCNC(=O)Nc1cccc(OCCF)c1,,10.4,1,10.4,10.4,IC50,B,cell-based format,cell_based,8,H,2011,
CHEMBL2011219,CHEMBL2011219,CC(CF)Nc1ccc(NC(=O)NCCNC[C@H](O)COc2ccccc2C#N)cc1,,8.82,1,8.82,8.82,IC50,B,cell-based format,cell_based,8,H,2011,
CHEMBL2011220,CHEMBL2011220,N#Cc1c(F)cccc1OC[C@@H](O)CNCCNC(=O)Nc1ccc(C(=O)O)cc1,,7.68,1,7.68,7.68,IC50,B,cell-based format,cell_based,8,H,2011,
CHEMBL2011221,CHEMBL2011221,N#Cc1ccc(F)cc1OC[C@@H](O)CNCCNC(=O)Nc1ccc(C(=O)O)cc1,,8.7,1,8.7,8.7,IC50,B,cell-based format,cell_based,8,H,2011,
CHEMBL2011222,CHEMBL2011222,N#Cc1ccccc1OC[C@@H](O)CNCCNC(=O)Nc1ccc(C(=O)O)c(F)c1,,9.0,1,9.0,9.0,IC50,B,cell-based format,cell_based,8,H,2011,
CHEMBL2011223,CHEMBL2011223,CCOc1ccc(NC(=O)NCCNC[C@H](O)COc2cccc(F)c2C#N)cc1,,8.7,1,8.7,8.7,IC50,B,cell-based format,cell_based,8,H,2011,
CHEMBL2011224,CHEMBL2011224,N#Cc1ccccc1OC[C@@H](O)CNCCNC(=O)Nc1ccc(OCCF)nc1,,10.0,1,10.0,10.0,IC50,B,cell-based format,cell_based,8,H,2011,
CHEMBL2011225,CHEMBL2011225,N#Cc1ccccc1OC[C@@H](O)CNCCNC(=O)Nc1ccc(F)nc1,,9.52,1,9.52,9.52,IC50,B,cell-based format,cell_based,8,H,2011,
CHEMBL2011226,CHEMBL2011226,N#Cc1ccccc1OC[C@@H](O)CNCCNC(=O)Nc1ccc(I)nc1,,10.3,1,10.3,10.3,IC50,B,cell-based format,cell_based,8,H,2011,
CHEMBL2011227,CHEMBL2011227,N#Cc1ccccc1OC[C@@H](O)CNCCNC(=O)Nc1ccc(Br)nc1,,10.3,1,10.3,10.3,IC50,B,cell-based format,cell_based,8,H,2011,
CHEMBL2011228,CHEMBL2011228,N#Cc1ccccc1OC[C@@H](O)CNCCNC(=O)Nc1cnc(Br)cn1,,9.46,1,9.46,9.46,IC50,B,cell-based format,cell_based,8,H,2011,
CHEMBL2011229,CHEMBL2011229,N#Cc1ccccc1OC[C@@H](O)CNCCNC(=O)Nc1nccs1,,7.58,1,7.58,7.58,IC50,B,cell-based format,cell_based,8,H,2011,
CHEMBL2011230,CHEMBL2011230,N#Cc1ccccc1OC[C@@H](O)CNCCNC(=O)Nc1nnn(CCF)n1,,8.0,1,8.0,8.0,IC50,B,cell-based format,cell_based,8,H,2011,
CHEMBL2011232,CHEMBL2011232,N#Cc1ccccc1OC[C@@H](O)CNCCNC(=O)N1CCOCC1,,7.7,1,7.7,7.7,IC50,B,cell-based format,cell_based,8,H,2011,
CHEMBL2011233,CHEMBL2011233,N#Cc1ccccc1OC[C@@H](O)CNCCNC(=O)c1ccc(F)nc1,,8.0,1,8.0,8.0,IC50,B,cell-based format,cell_based,8,H,2011,
CHEMBL2011234,CHEMBL2011234,N#Cc1ccccc1OC[C@@H](O)CNCCCC(=O)Nc1ccc(F)nc1,,8.52,1,8.52,8.52,IC50,B,cell-based format,cell_based,8,H,2011,
CHEMBL2011235,CHEMBL2011235,N#Cc1ccccc1OC[C@@H](O)CNCCNC(=O)Cc1ccc(F)cc1,,9.85,1,9.85,9.85,IC50,B,cell-based format,cell_based,8,H,2011,
CHEMBL2011236,CHEMBL2011236,N#Cc1ccccc1OC[C@@H](O)CNCCNS(=O)(=O)c1ccccc1F,,8.3,1,8.3,8.3,IC50,B,cell-based format,cell_based,8,H,2011,
CHEMBL2012522,CHEMBL2012520,CC(C)(Cc1ccc(Oc2ccc(C(N)=O)cn2)cc1)NC[C@H](O)COc1cccc2[nH]c3ccccc3c12,,10.64,1,10.64,10.64,Ki,B,cell-based format,cell_based,9,D,2011,2
CHEMBL2024517,CHEMBL2028019,CN(C)C(=O)N[C@H]1CC[C@H](CCN2CCN(c3cccc(Cl)c3Cl)CC2)CC1,CARIPRAZINE HYDROCHLORIDE,6.65,1,6.65,6.65,Ki,B,single protein format,single_protein,9,D,2024,4
CHEMBL204827,CHEMBL204827,Cc1ccc(C(=O)O)cc1-c1cccc(NCCNC[C@H](O)c2cccc(Cl)c2)c1,,6.1,1,6.1,6.1,EC50,F,cell-based format,cell_based,9,D,2006,
CHEMBL205224,CHEMBL205224,C[C@H](CNc1cccc(-c2cccc(C(=O)O)c2)c1)NC[C@H](O)c1cccc(Cl)c1,,8.2,1,8.2,8.2,EC50,F,cell-based format,cell_based,9,D,2006,
CHEMBL199824,CHEMBL2068762,COc1ccc2cccc(N3CCN(CCCCn4ncc(=O)n(C)c4=O)CC3)c2c1,,6.32,1,6.32,6.32,Ki,B,single protein format,single_protein,9,D,2006,
CHEMBL207802,CHEMBL207802,N#Cc1cc(OCCOCC2CC2)ccc1OCC(O)CNCCNC(=O)Nc1ccc(O)cc1,LK-204545,8.64,3,8.04,8.77,EC50;Kd,B;F,cell-based format,cell_based,9,D,2013,
CHEMBL208328,CHEMBL208328,C[C@H](CNc1cccc(-c2ncccc2C(=O)O)c1)NC[C@H](O)c1cccc(Cl)c1,,6.1,1,6.1,6.1,EC50,F,cell-based format,cell_based,9,D,2006,
CHEMBL208427,CHEMBL208427,O=C(O)c1cccc(-c2cccc(NCCNC[C@H](O)c3cccc(Cl)c3)c2)c1,SOLABEGRON,6.4,1,6.4,6.4,Ki,B,cell-based format,cell_based,9,D,2006,2
CHEMBL2088196,CHEMBL2088196,CCc1cc2c(cc1CC)CC(NCC(O)c1ccc(O)c3[nH]c(=O)c(C)cc13)C2,,6.64,1,6.64,6.64,Ki,B,single protein format,single_protein,9,D,2012,
CHEMBL2088197,CHEMBL2088197,CCc1cc2c(cc1CC)CC(NC[C@H](O)c1ccc(O)c3c1CCC(=O)N3)C2,,6.74,1,6.74,6.74,Ki,B,single protein format,single_protein,9,D,2012,
CHEMBL2088198,CHEMBL2088198,CCc1cc2c(cc1CC)CC(NCCc1ccc(O)c3[nH]c(=O)ccc13)C2,,6.32,1,6.32,6.32,Ki,B,single protein format,single_protein,9,D,2012,
CHEMBL2088199,CHEMBL2088199,CCCCc1ccc2c(c1)CC(NC[C@H](O)c1ccc(O)c3[nH]c(=O)ccc13)C2,,6.59,1,6.59,6.59,Ki,B,single protein format,single_protein,9,D,2012,
CHEMBL2088200,CHEMBL2088200,Cc1c(C)c(C)c2c(c1C)CC(NC[C@H](O)c1ccc(O)c3[nH]c(=O)ccc13)C2,,6.38,1,6.38,6.38,Ki,B,single protein format,single_protein,9,D,2012,
CHEMBL2088201,CHEMBL2088201,CCc1cc2c(cc1CC)CC(C)(NC[C@H](O)c1ccc(O)c3[nH]c(=O)ccc13)C2,,8.72,1,8.72,8.72,Ki,B,single protein format,single_protein,9,D,2012,
CHEMBL2088202,CHEMBL2088202,CCC1=C(CC)CC2=C(C1)CC(NC[C@H](O)c1ccc(O)c3[nH]c(=O)ccc13)C2,,6.88,1,6.88,6.88,Ki,B,single protein format,single_protein,9,D,2012,
CHEMBL2204360,CHEMBL2104993,Cc1ccc(Sc2ccccc2N2CCNCC2)c(C)c1,,7.34,1,7.34,7.34,Ki,B,single protein format,single_protein,9,D,2011,4
CHEMBL2105760,CHEMBL2105760,O=c1ccc2ccc(OCCCCN3CCN(c4cccc5sccc45)CC3)cc2[nH]1,BREXPIPRAZOLE,6.23,1,6.23,6.23,Ki,B,single protein format,single_protein,9,D,2024,4
CHEMBL2158704,CHEMBL2158704,COc1ccc(N2CCN(CC[C@@H](OC(N)=O)c3ccccc3)CC2)cc1,,6.06,1,6.06,6.06,Ki,B,single protein format,single_protein,8,H,2012,
CHEMBL22318,CHEMBL22318,CCCCCCCCn1nnn(-c2ccc(S(=O)(=O)Nc3ccc(CCNC[C@H](O)c4cccnc4)cc3)cc2)c1=O,,6.43,1,6.43,6.43,EC50,F,assay format,other,8,H,1999,
CHEMBL2260984,CHEMBL2260984,CCOC(=O)S(=O)(=O)Oc1cccc2c(C[C@@H](C)NC[C@H](O)c3cccc(NS(=O)(=O)c4cccs4)c3)c[nH]c12,,8.14,1,8.14,8.14,EC50,B,single protein format,single_protein,9,D,2010,
CHEMBL2260985,CHEMBL2260985,C[C@H](Cc1c[nH]c2c(OS(C)(=O)=O)cccc12)NC[C@H](O)c1cccc(NS(=O)(=O)c2cccc(N)c2)c1,,7.89,1,7.89,7.89,EC50,B,single protein format,single_protein,9,D,2010,
CHEMBL2260986,CHEMBL2260986,C[C@H](Cc1c[nH]c2c(OS(C)(=O)=O)cccc12)NC[C@H](O)c1ccc(S(=O)(=O)Nc2ccccc2)cc1,,7.72,1,7.72,7.72,EC50,B,single protein format,single_protein,9,D,2010,
CHEMBL2260987,CHEMBL2260987,C[C@H](Cc1c[nH]c2c(OS(C)(=O)=O)cccc12)NC[C@H](O)c1ccc(C(=O)Nc2ccccc2)cc1,,7.16,1,7.16,7.16,EC50,B,single protein format,single_protein,9,D,2010,
CHEMBL2260988,CHEMBL2260988,COc1cccc2c(C[C@@H](C)NC[C@H](O)c3cccc(NS(=O)(=O)c4cccs4)c3)cn(Cc3ccccc3)c12,,7.66,1,7.66,7.66,EC50,B,single protein format,single_protein,9,D,2010,
CHEMBL2260989,CHEMBL2260989,C[C@H](Cc1cn2c3c(cccc13)OCCC2)NC[C@H](O)c1cccc(NS(=O)(=O)c2cccs2)c1,,7.36,1,7.36,7.36,EC50,B,single protein format,single_protein,9,D,2010,
CHEMBL2261203,CHEMBL2261203,CCN(CC)C(=O)COc1cccc2c(C[C@@H](C)NC[C@H](O)c3cccc(NS(=O)(=O)c4cccs4)c3)c[nH]c12,,8.17,1,8.17,8.17,EC50,B,single protein format,single_protein,9,D,2010,
CHEMBL226349,CHEMBL226349,CCCCOc1ccc(C[C@@H](C)NC[C@H](O)c2cc(Br)no2)cc1,,7.18,1,7.18,7.18,Ki,B,cell-based format,cell_based,9,D,2007,
CHEMBL2335158,CHEMBL2335158,Clc1cc(Cl)cc(N2CCNCC2)c1,,7.07,1,7.07,7.07,Ki,B,cell-based format,cell_based,9,D,2013,
CHEMBL2335159,CHEMBL2335159,Clc1ccc(N2CCNCC2)cc1Cl,,6.67,1,6.67,6.67,Ki,B,cell-based format,cell_based,9,D,2013,
CHEMBL2335160,CHEMBL2335160,Cc1ccc(N2CCNCC2)cc1C,,6.13,1,6.13,6.13,Ki,B,cell-based format,cell_based,9,D,2013,
CHEMBL2335161,CHEMBL2335161,Cc1cccc(N2CCNCC2)c1C,,6.27,1,6.27,6.27,Ki,B,cell-based format,cell_based,9,D,2013,
CHEMBL2335164,CHEMBL2335164,c1csc(-c2cccc3ccc(N4CCNCC4)nc23)c1,,6.6,1,6.6,6.6,Ki,B,cell-based format,cell_based,9,D,2013,
CHEMBL2335166,CHEMBL2335166,CSc1nc(N2CCNCC2)c2sc3c(c2n1)CCCC3,,6.7,1,6.7,6.7,Ki,B,cell-based format,cell_based,9,D,2013,
CHEMBL2335167,CHEMBL2335167,Cc1nc(N2CCNCC2)c2c3c(sc2n1)CC(C)CC3,,6.17,1,6.17,6.17,Ki,B,cell-based format,cell_based,9,D,2013,
CHEMBL2348196,CHEMBL2348196,COc1ccc(NC(=O)NCCNCC(O)COc2ccc(OCCOC3CCCC3)cc2)cc1,,7.8,1,7.8,7.8,Kd,B,cell-based format,cell_based,9,D,2013,
CHEMBL2348197,CHEMBL2348197,O=C(NCCNCC(O)COc1ccc(OCCOC2CCCC2)cc1)Nc1ccccc1F,,7.82,1,7.82,7.82,Kd,B,cell-based format,cell_based,9,D,2013,
CHEMBL2348198,CHEMBL2348198,O=C(NCCNCC(O)COc1ccc(OCCOC2CCCC2)cc1)Nc1cccc(F)c1,,8.17,1,8.17,8.17,Kd,B,cell-based format,cell_based,9,D,2013,
CHEMBL2348199,CHEMBL2348199,O=C(NCCNCC(O)COc1ccc(OCCOC2CCCC2)cc1)Nc1ccc(F)cc1,,7.7,1,7.7,7.7,Kd,B,cell-based format,cell_based,9,D,2013,
CHEMBL2348200,CHEMBL2348200,O=C(NCCNCC(O)COc1ccc(OCCOC2CCCC2)cc1)Nc1ccccc1Cl,,7.11,1,7.11,7.11,Kd,B,cell-based format,cell_based,9,D,2013,
CHEMBL2348201,CHEMBL2348201,O=C(NCCNCC(O)COc1ccc(OCCOC2CCCC2)cc1)Nc1cccc(Cl)c1,,8.52,3,8.21,8.83,EC50;Kd,B;F,cell-based format,cell_based,9,D,2013,
CHEMBL2348202,CHEMBL2348202,O=C(NCCNCC(O)COc1ccc(OCCOC2CCCC2)cc1)Nc1ccc(Cl)cc1,,7.95,1,7.95,7.95,Kd,B,cell-based format,cell_based,9,D,2013,
CHEMBL2348203,CHEMBL2348203,O=C(NCCNCC(O)COc1ccc(OCCOC2CCCC2)cc1)Nc1ccccc1Br,,7.11,1,7.11,7.11,Kd,B,cell-based format,cell_based,9,D,2013,
CHEMBL2348204,CHEMBL2348204,O=C(NCCNCC(O)COc1ccc(OCCOC2CCCC2)cc1)Nc1cccc(Br)c1,,7.92,1,7.92,7.92,Kd,B,cell-based format,cell_based,9,D,2013,
CHEMBL2348205,CHEMBL2348205,O=C(NCCNCC(O)COc1ccc(OCCOC2CCCC2)cc1)Nc1ccc(Br)cc1,,7.77,1,7.77,7.77,Kd,B,cell-based format,cell_based,9,D,2013,
CHEMBL2348206,CHEMBL2348206,O=C(NCCNCC(O)COc1ccc(OCCOC2CCCC2)cc1)Nc1ccccc1C(F)(F)F,,6.94,1,6.94,6.94,Kd,B,cell-based format,cell_based,9,D,2013,
CHEMBL2348207,CHEMBL2348207,O=C(NCCNCC(O)COc1ccc(OCCOC2CCCC2)cc1)Nc1cccc(C(F)(F)F)c1,,7.77,1,7.77,7.77,Kd,B,cell-based format,cell_based,9,D,2013,
CHEMBL2348208,CHEMBL2348208,O=C(NCCNCC(O)COc1ccc(OCCOC2CCCC2)cc1)Nc1ccc(C(F)(F)F)cc1,,7.7,1,7.7,7.7,Kd,B,cell-based format,cell_based,9,D,2013,
CHEMBL2348209,CHEMBL2348209,O=C(NCCNCC(O)COc1ccc(OCCOC2CCCC2)cc1)Nc1ccccc1O,,6.99,1,6.99,6.99,Kd,B,cell-based format,cell_based,9,D,2013,
CHEMBL2348210,CHEMBL2348210,O=C(NCCNCC(O)COc1ccc(OCCOC2CCCC2)cc1)Nc1cccc(O)c1,,7.89,1,7.89,7.89,Kd,B,cell-based format,cell_based,9,D,2013,
CHEMBL2348211,CHEMBL2348211,O=C(NCCNCC(O)COc1ccc(OCCOC2CCCC2)cc1)Nc1ccccc1,,8.35,3,7.91,8.46,EC50;Kd,B;F,cell-based format,cell_based,9,D,2013,
CHEMBL2348212,CHEMBL2348212,Cc1ccccc1NC(=O)NCCNCC(O)COc1ccc(OCCOC2CCCC2)cc1,,7.33,1,7.33,7.33,Kd,B,cell-based format,cell_based,9,D,2013,
CHEMBL2348213,CHEMBL2348213,Cc1cccc(NC(=O)NCCNCC(O)COc2ccc(OCCOC3CCCC3)cc2)c1,,8.04,1,8.04,8.04,Kd,B,cell-based format,cell_based,9,D,2013,
CHEMBL2348214,CHEMBL2348214,Cc1ccc(NC(=O)NCCNCC(O)COc2ccc(OCCOC3CCCC3)cc2)cc1,,7.76,1,7.76,7.76,Kd,B,cell-based format,cell_based,9,D,2013,
CHEMBL2348215,CHEMBL2348215,COc1ccccc1NC(=O)NCCNCC(O)COc1ccc(OCCOC2CCCC2)cc1,,7.02,1,7.02,7.02,Kd,B,cell-based format,cell_based,9,D,2013,
CHEMBL2348216,CHEMBL2348216,COc1cccc(NC(=O)NCCNCC(O)COc2ccc(OCCOC3CCCC3)cc2)c1,,7.76,1,7.76,7.76,Kd,B,cell-based format,cell_based,9,D,2013,
CHEMBL2348217,CHEMBL2348217,CCOCCOc1ccc(OCC(O)CNCCNC(=O)Nc2ccc(O)cc2)cc1,,7.57,3,7.04,7.64,EC50;Kd,B;F,cell-based format,cell_based,9,D,2013,
CHEMBL2348218,CHEMBL2348218,O=C(NCCNCC(O)COc1ccc(OCCOCCc2ccc(F)cc2)cc1)Nc1ccc(O)cc1,,8.64,3,8.5,9.0,EC50;Kd,B;F,cell-based format,cell_based,9,D,2013,
CHEMBL2348219,CHEMBL2348219,O=C(NCCNCC(O)COc1ccc(OCCOC2CCCC2)cc1)Nc1ccc(O)cc1,,8.44,3,8.13,8.55,EC50;Kd,B;F,cell-based format,cell_based,9,D,2013,
CHEMBL236514,CHEMBL236514,O[C@@H](CNC12CC3CC(CC(C3)C1)C2)COc1cccc2[nH]ccc12,,8.1,1,8.1,8.1,Ki,B,single protein format,single_protein,9,D,2007,
CHEMBL2348220,CHEMBL2365796,O=C(NCCNCC(O)COc1ccc(OCCOCC2CC2)cc1)Nc1ccc(O)cc1,,7.75,3,7.49,8.01,EC50;Kd,B;F,cell-based format,cell_based,9,D,2013,
CHEMBL238519,CHEMBL238519,Cc1ccc2c(OCCN3CCC(Cc4ccc5c(c4F)NC(=O)CO5)CC3)cc(Cl)cc2n1,,6.4,1,6.4,6.4,Ki,B,single protein format,single_protein,8,H,2007,
CHEMBL238520,CHEMBL238520,Cc1ccc2c(OCCN3CCC(Cc4cc5c(cc4F)OCC(=O)N5)CC3)cc(F)cc2n1,,6.1,1,6.1,6.1,Ki,B,single protein format,single_protein,8,H,2007,
CHEMBL24,CHEMBL24,CC(C)NCC(O)COc1ccc(CC(N)=O)cc1,ATENOLOL,6.58,11,6.12,8.75,AC50;IC50;Ki,B;F,assay format;cell membrane format;cell-based format;single protein format,mixed,8;9,D;H,2005;2008;2011;2013;2016;2017;2023,4
CHEMBL24350,CHEMBL24350,C[C@@H](Cc1c[nH]c2c(OCC(=O)O)cccc12)NC[C@H](O)c1cccc(Cl)c1,,7.85,1,7.85,7.85,EC50,F,cell-based format,cell_based,8,H,2003,
CHEMBL245673,CHEMBL245673,C[C@H](CNc1cccc(-c2occc2C(=O)O)c1)NC[C@H](O)c1cccc(Cl)c1,,7.0,1,7.0,7.0,EC50,F,cell-based format,cell_based,9,D,2007,
CHEMBL246908,CHEMBL246908,C[C@H](CNc1ccc(-c2nc(C(=O)O)co2)cc1)NC[C@H](O)c1cccc(Cl)c1,,7.9,1,7.9,7.9,EC50,F,cell-based format,cell_based,9,D,2007,
CHEMBL247315,CHEMBL247315,C[C@H](CNc1cccc(-c2nc(C(=O)O)cs2)c1)NC[C@H](O)c1cccc(Cl)c1,,7.1,1,7.1,7.1,EC50,F,cell-based format,cell_based,9,D,2007,
CHEMBL247518,CHEMBL247518,C[C@H](CNc1ccc(-c2csc(C(=O)O)n2)cc1)NC[C@H](O)c1cccc(Cl)c1,,7.92,1,7.92,7.92,EC50,F,cell-based format,cell_based,9,D,2007,
CHEMBL247519,CHEMBL247519,C[C@H](CNc1ccc(-c2ocnc2C(=O)O)cc1)NC[C@H](O)c1cccc(Cl)c1,,7.6,1,7.6,7.6,EC50,F,cell-based format,cell_based,9,D,2007,
CHEMBL247520,CHEMBL247520,C[C@H](CNc1ccc(-c2occc2C(=O)O)cc1)NC[C@H](O)c1cccc(Cl)c1,,7.7,1,7.7,7.7,EC50,F,cell-based format,cell_based,9,D,2007,
CHEMBL248547,CHEMBL248547,CC(C)(Cc1ccc(Oc2ccc(C(N)=O)cn2)cc1)NC[C@H](O)COc1cccc2c1C1(CC1)C(=O)N2,,7.23,1,7.23,7.23,EC50,F,cell-based format,cell_based,9,D,2007,
CHEMBL249336,CHEMBL249336,O[C@@H](CNCCOc1ccc(-c2cocn2)cc1)c1cccnc1,,6.7,1,6.7,6.7,Ki,B,cell-based format,cell_based,9,D,2007,
CHEMBL249534,CHEMBL249534,Cc1nc(-c2ccc(OCCNC[C@H](O)c3cccnc3)cc2)co1,,6.4,1,6.4,6.4,Ki,B,cell-based format,cell_based,9,D,2007,
CHEMBL250144,CHEMBL250144,O[C@@H](CNCCOc1ccc(-c2csc(-c3ccccc3)n2)cc1)c1cccnc1,,6.82,1,6.82,6.82,Ki,B,cell-based format,cell_based,9,D,2007,
CHEMBL250146,CHEMBL250146,O[C@@H](CNCCOc1ccc(-c2csc(-c3cccnc3)n2)cc1)c1cccnc1,,6.92,1,6.92,6.92,Ki,B,cell-based format,cell_based,9,D,2007,
CHEMBL250352,CHEMBL250352,CC(C)c1nc(-c2ccc(OCCNC[C@H](O)c3cccnc3)cc2)co1,,6.44,1,6.44,6.44,Ki,B,cell-based format,cell_based,9,D,2007,
CHEMBL250553,CHEMBL250553,CS(=O)(=O)Nc1cc(C[C@H](O)CN[C@H](Cc2ccccc2)c2ccc(OC(F)F)c(OC(F)F)c2)ccc1O,,6.16,1,6.16,6.16,Ki,B,cell-based format,cell_based,9,D,2007,
CHEMBL250559,CHEMBL250559,COCc1nc(-c2ccc(OCCNC[C@H](O)c3cccnc3)cc2)co1,,6.68,1,6.68,6.68,Ki,B,cell-based format,cell_based,9,D,2007,
CHEMBL250760,CHEMBL250760,O[C@@H](CNCCOc1ccc(-c2coc(COCc3ccccc3)n2)cc1)c1cccnc1,,7.3,1,7.3,7.3,Ki,B,cell-based format,cell_based,9,D,2007,
CHEMBL251180,CHEMBL251180,OCc1nc(-c2ccc(OCCNC[C@H](O)c3cccnc3)cc2)co1,,6.57,1,6.57,6.57,Ki,B,cell-based format,cell_based,9,D,2007,
CHEMBL251347,CHEMBL251347,COc1ccc([C@H](CCc2ccccc2)NC[C@H](O)Cc2ccc(O)c(NS(C)(=O)=O)c2)cc1,,6.14,1,6.14,6.14,Ki,B,cell-based format,cell_based,9,D,2007,
CHEMBL251392,CHEMBL251392,O[C@@H](CNCCOc1ccc(-c2cscn2)cc1)c1cccnc1,,6.85,1,6.85,6.85,Ki,B,cell-based format,cell_based,9,D,2007,
CHEMBL251541,CHEMBL251541,COc1cccc2c1C[C@H]1C[C@@H](C(=O)N3CCN(c4ccc([N+](=O)[O-])cc4)CC3)CN(C)[C@@H]1C2,OBELIN,6.65,1,6.65,6.65,Kd,B,single protein format,single_protein,9,D,2007,
CHEMBL251554,CHEMBL251554,COc1cccc([C@H](CCc2ccccc2)NC[C@H](O)Cc2ccc(O)c(NS(C)(=O)=O)c2)c1,,6.24,1,6.24,6.24,Ki,B,cell-based format,cell_based,9,D,2007,
CHEMBL251555,CHEMBL251555,CS(=O)(=O)Nc1cc(C[C@@H](O)CN[C@@H](CCc2ccccc2)c2ccc(OC(F)F)c(OC(F)F)c2)ccc1O,,6.31,1,6.31,6.31,Ki,B,cell-based format,cell_based,9,D,2007,
CHEMBL251599,CHEMBL251599,Cc1nc(-c2ccc(OCCNC[C@H](O)c3cccnc3)cc2)cs1,,7.0,1,7.0,7.0,Ki,B,cell-based format,cell_based,9,D,2007,
CHEMBL251600,CHEMBL251600,O[C@@H](CNCCOc1ccc(-c2csc(C(F)(F)F)n2)cc1)c1cccnc1,,7.0,1,7.0,7.0,Ki,B,cell-based format,cell_based,9,D,2007,
CHEMBL252319,CHEMBL252319,Cc1cccc(OC[C@@H](O)CNC(C)C)c1,(S)-TOLIPROLOL,9.42,1,9.42,9.42,Kd,B,single protein format,single_protein,8,H,2008,
CHEMBL256418,CHEMBL256418,O=C(O)c1ccc(-c2ccc(CCNC[C@H](O)c3cccc(Cl)c3)cc2)cc1OC1CCCCC1,,7.26,1,7.26,7.26,EC50,F,cell-based format,cell_based,9,D,2008,
CHEMBL257106,CHEMBL257106,O=C(O)c1ccc(-c2ccc(CCNC[C@H](O)c3cccc(Cl)c3)cc2Cl)cc1,,8.51,1,8.51,8.51,EC50,F,cell-based format,cell_based,9,D,2008,
CHEMBL257297,CHEMBL257297,O=C(O)c1ccc(-c2ccc(CCNC[C@H](O)c3cccc(Cl)c3)cc2)c(Cl)c1,,7.52,1,7.52,7.52,EC50,F,cell-based format,cell_based,9,D,2008,
CHEMBL25823,CHEMBL25823,C[C@@H](Cc1c[nH]c2ccccc12)NC[C@H](O)c1cccc(Cl)c1,,8.03,1,8.03,8.03,EC50,F,cell-based format,cell_based,8,H,2003,
CHEMBL26183,CHEMBL26183,COc1cccc2c(C[C@@H](C)NC[C@H](O)c3cccc(Cl)c3)c[nH]c12,,9.89,1,9.89,9.89,EC50,F,cell-based format,cell_based,8,H,2003,
CHEMBL263881,CHEMBL263881,CCN(CC)C(=O)[C@@H]1C=C2c3cccc4[nH]cc(c34)C[C@H]2N(C)C1,LYSERGIDE,6.85,1,6.85,6.85,Ki,B,single protein format,single_protein,8,H,2002,2
CHEMBL26393,CHEMBL26393,C[C@H](Cc1c[nH]c2ccccc12)NC[C@H](O)c1cccc(Cl)c1,,8.72,1,8.72,8.72,EC50,F,cell-based format,cell_based,8,H,2003,
CHEMBL266195,CHEMBL266195,C=CCc1ccccc1OCC(O)CNC(C)C,ALPRENOLOL,8.22,5,6.75,8.37,AC50;IC50;Kd,B;F,assay format;cell-based format;single protein format,mixed,8;9,D;H,1982;2011;2023,2
CHEMBL267306,CHEMBL267306,O=S(=O)(Nc1ccc(CCNC[C@H](O)COc2ccc(O)cc2)cc1)c1ccccc1Cl,,7.365,2,6.21,8.52,EC50;IC50,B;F,assay format;cell-based format,cell_based,8,H,1998,
CHEMBL267545,CHEMBL267545,O=S(=O)(Nc1ccc(CCNC[C@H](O)COc2ccc(O)cc2)cc1)c1ccc(Br)cc1,,6.38,2,6.29,6.47,EC50;IC50,B;F,assay format;cell-based format,cell_based,8,H,1998,
CHEMBL268289,CHEMBL268289,CCCCCCC(=O)Nc1ccc(S(=O)(=O)Nc2ccc(CCNC[C@H](O)COc3ccc(O)cc3)cc2)cc1,,6.47,1,6.47,6.47,IC50,B,single protein format,single_protein,8,H,1998,
CHEMBL26917,CHEMBL26917,Cc1ccc(OCC(O)CNC(C)C)c2c1CCC2,,6.73,1,6.73,6.73,IC50,B,single protein format,single_protein,8,H,1982,
CHEMBL269823,CHEMBL269823,O=C(O)c1ccc(-c2ccc(CCNC[C@H](O)c3cccc(Cl)c3)cc2)cc1Cl,,6.58,1,6.58,6.58,EC50,F,cell-based format,cell_based,9,D,2008,
CHEMBL269920,CHEMBL269920,Cc1cc(-c2ccc(CCNC[C@H](O)c3cccc(Cl)c3)cc2)ccc1C(=O)O,,6.24,1,6.24,6.24,EC50,F,cell-based format,cell_based,9,D,2008,
CHEMBL27,CHEMBL27,CC(C)NCC(O)COc1cccc2ccccc12,PROPRANOLOL,8.22,11,6.6,8.85,AC50;IC50;Kd;Ki,B;F,assay format;cell membrane format;cell-based format;single protein format,mixed,8;9,D;H,1990;1993;2011;2015;2018;2019;2023,4
CHEMBL270027,CHEMBL270027,O=C(O)COc1ccc(Cc2ccc(CCNC[C@H](O)c3cccc(Cl)c3)cc2)cc1,,7.19,1,7.19,7.19,EC50,F,cell-based format,cell_based,9,D,2008,
CHEMBL270460,CHEMBL270460,COc1cc(CCNC[C@H](O)c2cccc(Cl)c2)ccc1-c1ccc(C(=O)O)cc1,,8.19,1,8.19,8.19,EC50,F,cell-based format,cell_based,9,D,2008,
CHEMBL270889,CHEMBL270889,COc1cc(C(=O)O)ccc1-c1ccc(CCNC[C@H](O)c2cccc(Cl)c2)cc1,,7.75,1,7.75,7.75,EC50,F,cell-based format,cell_based,9,D,2008,
CHEMBL270964,CHEMBL270964,CC(C)Nc1cc(-c2ccc(CCNC[C@H](O)c3ccccc3)cc2)ccc1C(=O)O,,6.77,1,6.77,6.77,EC50,F,cell-based format,cell_based,9,D,2008,
CHEMBL271367,CHEMBL271367,O=C(O)c1ccc(-c2ccc(CCNC[C@H](O)c3cccc(Cl)c3)cc2)cc1F,,6.42,1,6.42,6.42,EC50,F,cell-based format,cell_based,9,D,2008,
CHEMBL271576,CHEMBL271576,O=C(O)c1ccc(-c2ccc(CCNC[C@H](O)c3cccc(Cl)c3)cc2)cc1,,6.55,1,6.55,6.55,EC50,F,cell-based format,cell_based,9,D,2008,
CHEMBL271765,CHEMBL271765,O=C(O)c1ccc(-c2ccc(CCNC[C@H](O)c3cccc(Cl)c3)cc2)s1,,6.7,1,6.7,6.7,EC50,F,cell-based format,cell_based,9,D,2008,
CHEMBL272234,CHEMBL272234,O=C(O)c1ccc(Oc2ccc(CCNC[C@H](O)c3cccc(Cl)c3)cc2)nc1,,8.85,1,8.85,8.85,EC50,F,cell-based format,cell_based,9,D,2008,
CHEMBL272383,CHEMBL272383,COc1cc(-c2ccc(CCNC[C@H](O)c3cccc(Cl)c3)cc2)ccc1C(=O)O,,6.6,1,6.6,6.6,EC50,F,cell-based format,cell_based,9,D,2008,
CHEMBL272583,CHEMBL272583,CC(C)COc1cc(-c2ccc(CCNC[C@H](O)c3cccc(Cl)c3)cc2)ccc1C(=O)O,,6.46,1,6.46,6.46,EC50,F,cell-based format,cell_based,9,D,2008,
CHEMBL272584,CHEMBL272584,CC(C)Oc1cc(-c2ccc(CCNC[C@H](O)c3cccc(Cl)c3)cc2)ccc1C(=O)O,,6.14,1,6.14,6.14,EC50,F,cell-based format,cell_based,9,D,2008,
CHEMBL273006,CHEMBL273006,O=C(O)c1ccc(-c2ccc(CCNC[C@H](O)c3ccccc3)cc2)cc1Oc1ccccc1,,6.01,1,6.01,6.01,EC50,F,cell-based format,cell_based,9,D,2008,
CHEMBL273028,CHEMBL273028,Cc1cc(C(=O)O)ccc1-c1ccc(CCNC[C@H](O)c2cccc(Cl)c2)cc1,,7.2,1,7.2,7.2,EC50,F,cell-based format,cell_based,9,D,2008,
CHEMBL273097,CHEMBL273097,O=C(O)c1ccc(-c2ccc(CCNC[C@H](O)c3cccc(Cl)c3)cc2)nc1,,7.96,1,7.96,7.96,EC50,F,cell-based format,cell_based,9,D,2008,
CHEMBL273098,CHEMBL273098,O=C(O)c1cccc(Nc2ccc(CCNC[C@H](O)c3cccc(Cl)c3)cc2)c1,,7.44,1,7.44,7.44,EC50,F,cell-based format,cell_based,9,D,2008,
CHEMBL273428,CHEMBL273428,CC(=O)Nc1ccc(S(=O)(=O)Nc2ccc(CCNC[C@H](O)COc3ccc(O)cc3)cc2)cc1,,6.0,1,6.0,6.0,IC50,B,single protein format,single_protein,8,H,1998,
CHEMBL274143,CHEMBL274143,CCCCCCNC(=O)N(C)c1ccc(S(=O)(=O)Nc2ccc(CCNC[C@H](O)COc3ccc(O)cc3)cc2)cc1,,6.13,1,6.13,6.13,IC50,B,single protein format,single_protein,8,H,1998,
CHEMBL274144,CHEMBL274144,CCCCCCN(C)C(=O)Nc1ccc(S(=O)(=O)Nc2ccc(CCNC[C@H](O)COc3ccc(O)cc3)cc2)cc1,,6.1,1,6.1,6.1,IC50,B,single protein format,single_protein,8,H,1998,
CHEMBL274782,CHEMBL274782,COc1ccc(CC[C@H](C)NC[C@H](O)COc2ccc(O)cc2)cc1,,8.0,1,8.0,8.0,IC50,B,cell-based format,cell_based,8,H,1998,
CHEMBL275114,CHEMBL275114,CCCCCCN(C)C(=O)N(C)c1ccc(S(=O)(=O)Nc2ccc(CCNC[C@H](O)COc3ccc(O)cc3)cc2)cc1,,6.29,1,6.29,6.29,IC50,B,single protein format,single_protein,8,H,1998,
CHEMBL275291,CHEMBL275291,CC(C)NC(=O)Nc1ccc(S(=O)(=O)Nc2ccc(CCNC[C@H](O)COc3ccc(O)cc3)cc2)cc1,,6.82,1,6.82,6.82,IC50,B,single protein format,single_protein,8,H,1998,
CHEMBL275511,CHEMBL275511,CCCNC(=O)Nc1ccc(S(=O)(=O)Nc2ccc(CCNC[C@H](O)COc3ccc(O)cc3)cc2)cc1,,6.27,1,6.27,6.27,IC50,B,single protein format,single_protein,8,H,1998,
CHEMBL275742,CHEMBL275742,CC(C)NC[C@@H](O)COc1cccc2ccccc12,DEXPROPRANOLOL,6.55,2,6.43,6.67,IC50;Ki,B,cell membrane format,other,8,H,,2
CHEMBL276257,CHEMBL276257,O=S(=O)(Nc1ccc(CCNC[C@H](O)COc2ccc(O)cc2)cc1)c1ccc(I)cc1,,6.635,2,6.5,6.77,EC50;IC50,B;F,assay format;cell-based format,cell_based,8,H,1998,
CHEMBL276480,CHEMBL276480,CCCS(=O)(=O)Nc1ccc(CCNC[C@H](O)COc2ccc(O)cc2)cc1,,6.0,1,6.0,6.0,IC50,B,cell-based format,cell_based,8,H,1998,
CHEMBL276659,CHEMBL276659,O=C(Nc1ccc(CCNC[C@H](O)COc2ccc(O)cc2)cc1)c1ccccc1,,8.17,1,8.17,8.17,IC50,B,cell-based format,cell_based,8,H,1998,
CHEMBL277613,CHEMBL277613,O=S(=O)(Nc1ccc(CCNC[C@H](O)c2cccnc2)cc1)c1ccc(-n2ncc(COc3ccc(C(F)(F)F)cc3)n2)cc1,,6.04,1,6.04,6.04,IC50,B,cell-based format,cell_based,8,H,2000,
CHEMBL27810,CHEMBL27810,CCN(CC)C(=O)Nc1ccc(OCC(O)CNC(C)(C)C)c(C(C)=O)c1,CELIPROLOL,7.12,1,7.12,7.12,AC50,F,assay format,other,8,H,2023,3
CHEMBL279229,CHEMBL279229,COc1ccccc1N1CCN(CCCNc2cc(=O)n(C)c(=O)n2C)CC1,URAPIDIL,6.1,1,6.1,6.1,AC50,F,assay format,other,8,H,2023,3
CHEMBL279260,CHEMBL279260,C[C@H](Cc1c[nH]c2c(OCC(=O)O)cccc12)NC[C@H](O)c1cccc(Cl)c1,RAFABEGRON,8.19,1,8.19,8.19,EC50,F,cell-based format,cell_based,8,H,2003,2
CHEMBL279931,CHEMBL279931,C[C@H](Cc1c[nH]c2ccccc12)NC[C@@H](O)c1cccc(Cl)c1,,7.33,1,7.33,7.33,EC50,F,cell-based format,cell_based,8,H,2003,
CHEMBL280822,CHEMBL280822,Cn1cc(C(F)(F)F)nc1-c1ccc(OCC(O)CNCCOc2ccc(O)c(C(N)=O)c2)cc1,CGP-20712A,8.940000000000001,6,7.22,9.48,Kd;Ki,B;F,cell-based format,cell_based,9,D,2013;2017;2019;2023,
CHEMBL282039,CHEMBL282039,C[C@@H](Cc1c[nH]c2ccccc12)NC[C@@H](O)c1cccc(Cl)c1,,6.85,1,6.85,6.85,EC50,F,cell-based format,cell_based,8,H,2003,
CHEMBL282190,CHEMBL282190,CC(Cc1c[nH]c2c(OCC(=O)O)cccc12)NC[C@H](O)c1cccc(Cl)c1,,8.19,1,8.19,8.19,EC50,B,single protein format,single_protein,9,D,2010,
CHEMBL284612,CHEMBL284612,CS(=O)(=O)Nc1cc([C@@H](O)CNC2CCN(c3ccc(NC(=O)CC(=O)O)cc3)CC2)ccc1O,,7.0,1,7.0,7.0,EC50,F,cell-based format,cell_based,9,D,2001,
CHEMBL285881,CHEMBL285881,CC(C)C[C@H](NC(=O)c1ccc(N2CCC(NC[C@H](O)c3ccc(O)c(NS(C)(=O)=O)c3)CC2)cc1)C(=O)O,,7.22,1,7.22,7.22,EC50,F,cell-based format,cell_based,9,D,2001,
CHEMBL286435,CHEMBL286435,O=S(=O)(Nc1ccc(CCNC[C@H](O)c2cccnc2)cc1)c1ccc(-c2noc(COc3ccc(F)cc3)n2)cc1,,6.15,1,6.15,6.15,IC50,B,cell-based format,cell_based,8,H,2000,
CHEMBL286437,CHEMBL286437,O=S(=O)(Nc1ccc(CCNC[C@H](O)c2cccnc2)cc1)c1ccc(-c2noc(Cc3ccc4ccccc4c3)n2)cc1,,6.26,1,6.26,6.26,IC50,B,cell-based format,cell_based,8,H,2000,
CHEMBL286818,CHEMBL286818,COc1cccc2c(C[C@H](C)NC[C@H](O)c3cccc(Cl)c3)c[nH]c12,,6.89,1,6.89,6.89,EC50,F,cell-based format,cell_based,8,H,2003,
CHEMBL287567,CHEMBL287567,O=S(=O)(Nc1ccc(CCNC[C@H](O)c2cccnc2)cc1)c1ccc(-c2noc(COc3ccc(OC(F)(F)F)cc3)n2)cc1,,6.0,1,6.0,6.0,IC50,B,cell-based format,cell_based,8,H,2000,
CHEMBL287947,CHEMBL287947,O=S(=O)(Nc1ccc(CCNC[C@H](O)c2cccnc2)cc1)c1ccc(-c2cnc(CCCC3CCCC3)o2)cc1,,6.0,1,6.0,6.0,IC50,B,single protein format,single_protein,8,H,2000,
CHEMBL289390,CHEMBL289390,NS(=O)(=O)c1cc(S(=O)(=O)NCCNCC(O)COc2cccc3c2SCC(=O)N3)ccc1Cl,,8.28,1,8.28,8.28,Ki,B,assay format,other,8,H,1993,
CHEMBL290131,CHEMBL290131,CCCCCCCCc1ncc(-c2ccc(S(=O)(=O)Nc3ccc(CCNC[C@H](O)c4cccnc4)cc3)cc2)o1,,6.46,1,6.46,6.46,IC50,B,single protein format,single_protein,8,H,2000,
CHEMBL290313,CHEMBL290313,NS(=O)(=O)c1cc(S(=O)(=O)NCCNCC(O)COc2cccc3c2CCC(=O)N3)ccc1Cl,,8.85,1,8.85,8.85,Ki,B,assay format,other,8,H,1993,
CHEMBL29141,CHEMBL29141,CNCC(O)c1ccc(O)c2nc(O)sc12,,7.07,2,6.92,7.22,Kd;Ki,B,single protein format,single_protein,8;9,D;H,1999;2010,
CHEMBL291467,CHEMBL291467,CCCCCCCCc1cccc(N2CCc3cc(S(=O)(=O)Nc4ccccc4)ccc32)n1,,6.66,1,6.66,6.66,IC50,B,cell-based format,cell_based,8,H,1999,
CHEMBL291593,CHEMBL291593,CCCCCCCCc1csc(Cc2ccc(S(=O)(=O)Nc3ccc(CCNC[C@H](O)c4cccnc4)cc3)cc2)n1,,6.07,1,6.07,6.07,IC50,B,cell-based format,cell_based,8,H,2000,
CHEMBL291594,CHEMBL291594,CC(=O)Nc1ccc(-c2csc(-c3ccc(S(=O)(=O)Nc4ccc(CCNC[C@H](O)c5cccnc5)cc4)cc3)n2)cc1,,6.02,1,6.02,6.02,IC50,B,cell-based format,cell_based,8,H,2000,
CHEMBL292407,CHEMBL292407,CCCCCCCCN(C)C(=O)N1CCc2cc(S(=O)(=O)Nc3ccccc3)ccc21,,6.01,1,6.01,6.01,IC50,B,cell-based format,cell_based,8,H,1999,
CHEMBL292947,CHEMBL292947,CC(C)c1ccc(S(=O)(=O)Nc2ccc(CCNC[C@H](O)COc3cccnc3)cc2)cc1,,6.0,1,6.0,6.0,IC50,B,cell-based format,cell_based,8,H,1998,
CHEMBL294042,CHEMBL294042,O=S(=O)(Nc1ccc(CCNC[C@H](O)COc2cccnc2)cc1)c1ccc(I)cc1,L-749372,6.0,1,6.0,6.0,IC50,B,cell-based format,cell_based,8,H,1998,
CHEMBL295502,CHEMBL295502,O=S(=O)(Nc1ccccc1)c1ccc2c(c1)CCN2c1noc(CCCC2CCCC2)n1,,6.48,1,6.48,6.48,IC50,B,cell-based format,cell_based,8,H,1999,
CHEMBL299719,CHEMBL299719,CCCCCCc1cccc(N2CCc3cc(S(=O)(=O)Nc4ccccc4)ccc32)n1,,6.05,1,6.05,6.05,IC50,B,cell-based format,cell_based,8,H,1999,
CHEMBL3039530,CHEMBL3039530,O=c1ccc2c([C@@H](O)CNCCCCCCOCC(F)(F)c3ccccc3)ccc(O)c2[nH]1,ABEDITEROL,7.44,1,7.44,7.44,EC50,B,cell-based format,cell_based,9,D,2020,2
CHEMBL304090,CHEMBL304090,CCc1ccc(S(=O)(=O)Nc2ccc(CCNC[C@H](O)COc3ccc(N)nc3)cc2)cc1,,6.36,1,6.36,6.36,IC50,B,cell-based format,cell_based,8,H,1998,
CHEMBL304878,CHEMBL304878,O=S(=O)(Nc1ccc(CCNC[C@H](O)COc2ccc(F)cc2)cc1)c1ccc(I)cc1,,6.04,1,6.04,6.04,IC50,B,cell-based format,cell_based,8,H,1998,
CHEMBL305153,CHEMBL305153,CC(C)(C)NC[C@H](O)CON=C1c2ccccc2-c2ccccc21,,7.53,1,7.53,7.53,IC50,B,single protein format,single_protein,8,H,1982,
CHEMBL305891,CHEMBL305891,CCCCCCNC(=O)Nc1ccc(S(=O)(=O)Nc2cccc(-c3ccc(CC4NCCc5cc(O)c(O)cc54)cc3)c2)cc1,,6.01,1,6.01,6.01,EC50,F,assay format,other,8,H,2000,
CHEMBL307647,CHEMBL307647,COc1c(I)cc(CC2NCCc3nc(N)sc32)cc1I,,6.14,3,6.11,8.7,EC50;IC50;Ki,B;F,assay format;cell-based format,cell_based,8,H,1999;2000,
CHEMBL308126,CHEMBL308126,CCCCCCNC(=O)Nc1ccc(S(=O)(=O)Nc2ccc(OCC3NCCc4cc(O)c(O)cc43)cc2)cc1,,6.0,1,6.0,6.0,IC50,B,cell-based format,cell_based,8,H,2000,
CHEMBL308150,CHEMBL308150,O=C(O)COc1ccc(OCCNC[C@H](O)COc2ccccc2)cc1,,6.52,1,6.52,6.52,Ki,B,cell-based format,cell_based,8,H,1996,
CHEMBL308351,CHEMBL308351,COc1c(I)cc(CC2NCCc3cc(O)c(O)cc32)cc1I,,7.895,2,7.1,8.69,Ki,B,cell-based format,cell_based,9,D,1996,
CHEMBL308868,CHEMBL308868,CCCCCCNC(=O)Nc1ccc(S(=O)(=O)Nc2cccc(-c3cccc(CC4NCCc5cc(O)c(O)cc54)c3)c2)cc1,,6.28,1,6.28,6.28,IC50,F,cell-based format,cell_based,8,H,2000,
CHEMBL3126384,CHEMBL3139025,O=S(=O)(c1ccc(CCCCOCCCCCCNC[C@H](O)c2ccc(O)c(CO)c2)cc1)C1CCCC1,,6.0,1,6.0,6.0,EC50,B,cell-based format,cell_based,9,D,2014,
CHEMBL3124955,CHEMBL3139033,O=S(=O)(c1cccc(CCCCOCCCCCCNC[C@H](O)c2ccc(O)c(CO)c2)c1)C1CC=CC1,,6.3,1,6.3,6.3,EC50,B,cell-based format,cell_based,9,D,2014,
CHEMBL3126383,CHEMBL3139365,Cc1cc(CCCCOCCCCCCNC[C@H](O)c2ccc(O)c(CO)c2)cc(S(=O)(=O)C2CCCC2)c1,,6.8,1,6.8,6.8,EC50,B,cell-based format,cell_based,9,D,2014,
CHEMBL3126385,CHEMBL3139615,O=S(=O)(c1cccc(CCCCOCCCCCCNC[C@H](O)c2ccc(O)c(CO)c2)c1)C1CCCCC1,,6.6,1,6.6,6.6,EC50,B,cell-based format,cell_based,9,D,2014,
CHEMBL3126382,CHEMBL3139683,O=S(=O)(c1cccc(CCCCOCCCCCCNC[C@H](O)c2ccc(O)c(CO)c2)c1)C1CCCC1,,6.3,1,6.3,6.3,EC50,B,cell-based format,cell_based,9,D,2014,
CHEMBL314010,CHEMBL314010,COc1ccc(CCNCC(O)COc2cccc(C)c2)cc1OC,BEVANTOLOL,7.58,1,7.58,7.58,AC50,F,assay format,other,8,H,2023,2
CHEMBL317003,CHEMBL317003,CS(=O)(=O)Nc1cc([C@@H](O)CNCC2CCN(S(=O)(=O)c3ccc(-n4cc(CC(=O)O)c5ccccc54)cc3)CC2)ccc1O,,7.07,2,6.62,7.52,EC50;Ki,B;F,cell-based format;single protein format,mixed,8;9,D;H,2002,
CHEMBL317809,CHEMBL317809,O=C(NCc1cc(F)ccc1F)Nc1ccc(S(=O)(=O)N2CCC(CNC[C@H](O)COc3ccc(O)c(F)c3)CC2)cc1,,6.28,1,6.28,6.28,EC50,F,cell-based format,cell_based,8,H,2002,
CHEMBL319041,CHEMBL319041,O=C(NCc1ccc(Cl)cc1Cl)N1CCC(Nc2ccc(CCNC[C@H](O)COc3ccc(O)cc3)cc2)CC1,,6.59,1,6.59,6.59,EC50,F,cell-based format,cell_based,8,H,2001,
CHEMBL319840,CHEMBL319840,O=C(NCc1ccccc1F)N1CCC(Nc2ccc(CCNC[C@H](O)COc3ccc(O)cc3)cc2)CC1,,6.58,1,6.58,6.58,EC50,F,cell-based format,cell_based,8,H,2001,
CHEMBL322973,CHEMBL322973,O=C(NCc1ccc(F)cc1)N1CCC(Nc2ccc(CCNC[C@H](O)COc3ccc(O)cc3)cc2)CC1,,6.96,1,6.96,6.96,EC50,F,cell-based format,cell_based,8,H,2001,
CHEMBL323113,CHEMBL323113,CCCCCCCCNC(=O)Nc1ccc(S(=O)(=O)Nc2ccc(CCNC[C@H](O)c3cccnc3)cc2)cc1,,6.01,1,6.01,6.01,IC50,B,cell-based format,cell_based,8,H,1998,
CHEMBL323258,CHEMBL323258,O=C(NCCCC1CCCC1)N1CCC(Nc2ccc(CCNC[C@H](O)COc3ccc(O)cc3)cc2)CC1,,6.73,1,6.73,6.73,EC50,F,cell-based format,cell_based,8,H,2001,
CHEMBL327519,CHEMBL327519,CCCCCCCCNC(=O)Nc1ccc(S(=O)(=O)N2CCC(CNC[C@H](O)COc3ccc(O)c4c3CCC(=O)N4)CC2)cc1,,6.41,1,6.41,6.41,EC50,F,cell-based format,cell_based,8,H,2002,
CHEMBL32800,CHEMBL32800,CC(Cc1ccc(O)cc1)NCC(O)c1cc(O)cc(O)c1,FENOTEROL,7.96,1,7.96,7.96,EC50,F,cell-based format,cell_based,9,D,2023,4
CHEMBL3290998,CHEMBL3290998,COc1ccc(Nc2ccc(CCNC[C@H](O)c3ccc(O)c(NC=O)c3)cc2)cc1-c1ccccc1,,8.0,1,8.0,8.0,EC50,F,cell-based format,cell_based,9,D,2014,
CHEMBL3290999,CHEMBL3290999,COc1ccc(Nc2ccc(CCNC[C@H](O)c3ccc(O)c4[nH]c(=O)ccc34)cc2)cc1-c1ccccc1,,8.1,1,8.1,8.1,EC50,F,cell-based format,cell_based,9,D,2014,
CHEMBL3298213,CHEMBL3298213,CC(C)(N)COc1ccc(Nc2ccc(CCNC[C@H](O)c3ccc(O)c(NC=O)c3)cc2)cc1,,8.2,1,8.2,8.2,EC50,F,cell-based format,cell_based,9,D,2014,
CHEMBL3298324,CHEMBL3298324,COc1ccc(Nc2ccc(CCNC[C@H](O)c3ccc(O)c4[nH]c(=O)ccc34)cc2)cc1-c1ccccc1CN,,8.6,1,8.6,8.6,EC50,F,cell-based format,cell_based,9,D,2014,
CHEMBL3298325,CHEMBL3298325,COc1ccc(Nc2ccc(CCNC[C@H](O)c3ccc(O)c4[nH]c(=O)ccc34)cc2)cc1-c1cccc(CN)c1,,8.4,1,8.4,8.4,EC50,F,cell-based format,cell_based,9,D,2014,
CHEMBL3298326,CHEMBL3298326,COc1ccc(Nc2ccc(CCNC[C@H](O)c3ccc(O)c4[nH]c(=O)ccc34)cc2)cc1-c1ccc(CN)cc1,,8.6,1,8.6,8.6,EC50,F,cell-based format,cell_based,9,D,2014,
CHEMBL3298328,CHEMBL3298328,NCCOc1ccc(Nc2ccc(CCNC[C@H](O)c3ccc(O)c4[nH]c(=O)ccc34)cc2)cc1,,8.1,1,8.1,8.1,EC50,F,cell-based format,cell_based,9,D,2014,
CHEMBL3298329,CHEMBL3298329,NCCCOc1ccc(Nc2ccc(CCNC[C@H](O)c3ccc(O)c4[nH]c(=O)ccc34)cc2)cc1,,8.1,1,8.1,8.1,EC50,F,cell-based format,cell_based,9,D,2014,
CHEMBL3298330,CHEMBL3298330,NCCCCOc1ccc(Nc2ccc(CCNC[C@H](O)c3ccc(O)c4[nH]c(=O)ccc34)cc2)cc1,,8.1,1,8.1,8.1,EC50,F,cell-based format,cell_based,9,D,2014,
CHEMBL3298691,CHEMBL3298691,NCCOCCOc1ccc(Nc2ccc(CCNC[C@H](O)c3ccc(O)c4[nH]c(=O)ccc34)cc2)cc1,,8.1,1,8.1,8.1,EC50,F,cell-based format,cell_based,9,D,2014,
CHEMBL3298692,CHEMBL3298692,CC(C)(C)OC(=O)NCCOc1ccc(Nc2ccc(CCNC[C@H](O)c3ccc(O)c4[nH]c(=O)ccc34)cc2)cc1,,7.9,1,7.9,7.9,EC50,F,cell-based format,cell_based,9,D,2014,
CHEMBL3298762,CHEMBL3298762,O=C(NCCOc1ccc(Nc2ccc(CCNC[C@H](O)c3ccc(O)c4[nH]c(=O)ccc34)cc2)cc1)c1ccccc1,,8.7,1,8.7,8.7,EC50,F,cell-based format,cell_based,9,D,2014,
CHEMBL3298831,CHEMBL3298831,O=c1ccc2c([C@@H](O)CNCCc3ccc(Nc4ccc(OCCN5CCOCC5)cc4)cc3)ccc(O)c2[nH]1,,7.9,1,7.9,7.9,EC50,F,cell-based format,cell_based,9,D,2014,
CHEMBL3298832,CHEMBL3298832,CS(=O)(=O)N1CCN(CCOc2ccc(Nc3ccc(CCNC[C@H](O)c4ccc(O)c5[nH]c(=O)ccc45)cc3)cc2)CC1,,8.1,1,8.1,8.1,EC50,F,cell-based format,cell_based,9,D,2014,
CHEMBL3298897,CHEMBL3298897,O=c1ccc2c([C@@H](O)CNCCc3ccc(Nc4ccc(OCCN5CCNCC5)cc4)cc3)ccc(O)c2[nH]1,,8.0,1,8.0,8.0,EC50,F,cell-based format,cell_based,9,D,2014,
CHEMBL3298986,CHEMBL3298986,CC(C)(N)COc1ccc(Nc2ccc(CCNC[C@H](O)c3ccc(O)c4[nH]c(=O)ccc34)cc2)cc1,,8.2,1,8.2,8.2,EC50,F,cell-based format,cell_based,9,D,2014,
CHEMBL3298987,CHEMBL3298987,CC(C)(N)COc1ccc(Nc2ccc(CCNC[C@H](O)c3ccc(O)c4[nH]c(=O)ccc34)cc2)cc1-c1ccccc1,,8.8,1,8.8,8.8,EC50,F,cell-based format,cell_based,9,D,2014,
CHEMBL332010,CHEMBL332010,N#CN/C(=N\c1ccc(CCNC[C@H](O)c2cccnc2)cc1)Nc1cccc(C(N)=O)c1,,6.01,1,6.01,6.01,IC50,B,cell-based format,cell_based,8,H,2001,
CHEMBL332132,CHEMBL332132,N#CN/C(=N\c1ccc2c(c1)N(c1nc(-c3ccc(OC(F)(F)F)cc3)cs1)CC2)Nc1ccc(CCNC[C@H](O)c2cccnc2)cc1,,6.21,1,6.21,6.21,IC50,B,cell-based format,cell_based,8,H,2001,
CHEMBL3323653,CHEMBL3323653,O=c1[nH]c2c(O)ccc([C@@H](O)CN[C@H]3CCC[C@H]3C3CCCC3)c2s1,,7.67,2,7.18,8.16,Ki,B,cell-based format,cell_based,9,D,2014,
CHEMBL3323654,CHEMBL3323654,O=c1[nH]c2c(O)ccc([C@@H](O)CN[C@H]3CCC[C@@H]3C3CCCC3)c2s1,,7.75,1,7.75,7.75,Ki,B,cell-based format,cell_based,9,D,2014,
CHEMBL3323655,CHEMBL3323655,O=c1[nH]c2c(O)ccc([C@@H](O)CN[C@@H]3CCC[C@@H]3C3CCCCC3)c2s1,,7.4,1,7.4,7.4,Ki,B,cell-based format,cell_based,9,D,2014,
CHEMBL3323656,CHEMBL3323656,O=c1[nH]c2c(O)ccc([C@@H](O)CN[C@H]3CCC[C@H]3C3CCCCC3)c2s1,,6.41,1,6.41,6.41,Ki,B,cell-based format,cell_based,9,D,2014,
CHEMBL3323657,CHEMBL3323657,CC(C)[C@H]1CCC[C@H]1NC[C@H](O)c1ccc(O)c2[nH]c(=O)sc12,,7.21,1,7.21,7.21,Ki,B,cell-based format,cell_based,9,D,2014,
CHEMBL3323658,CHEMBL3323658,O=c1[nH]c2c(O)ccc([C@@H](O)CN[C@@H]3CCC[C@@H]3CCc3ccccc3)c2s1,,9.1,1,9.1,9.1,Ki,B,cell-based format,cell_based,9,D,2014,
CHEMBL3323659,CHEMBL3323659,O=c1[nH]c2c(O)ccc([C@@H](O)CN[C@@H]3CCC[C@@H]3c3ccccc3)c2s1,,7.52,1,7.52,7.52,Ki,B,cell-based format,cell_based,9,D,2014,
CHEMBL3323660,CHEMBL3323660,Cc1ccccc1[C@H]1CCC[C@H]1NC[C@H](O)c1ccc(O)c2[nH]c(=O)sc12,,7.24,1,7.24,7.24,Ki,B,cell-based format,cell_based,9,D,2014,
CHEMBL3323661,CHEMBL3323661,Cc1cccc([C@H]2CCC[C@H]2NC[C@H](O)c2ccc(O)c3[nH]c(=O)sc23)c1,,7.11,1,7.11,7.11,Ki,B,cell-based format,cell_based,9,D,2014,
CHEMBL3323662,CHEMBL3323662,Cc1ccc([C@H]2CCC[C@H]2NC[C@H](O)c2ccc(O)c3[nH]c(=O)sc23)cc1,,6.46,1,6.46,6.46,Ki,B,cell-based format,cell_based,9,D,2014,
CHEMBL3323663,CHEMBL3323663,CCc1cccc([C@H]2CCC[C@H]2NC[C@H](O)c2ccc(O)c3[nH]c(=O)sc23)c1,,7.48,1,7.48,7.48,Ki,B,cell-based format,cell_based,9,D,2014,
CHEMBL3323664,CHEMBL3323664,CCOc1cccc([C@H]2CCC[C@H]2NC[C@H](O)c2ccc(O)c3[nH]c(=O)sc23)c1,,6.36,1,6.36,6.36,Ki,B,cell-based format,cell_based,9,D,2014,
CHEMBL3323665,CHEMBL3323665,CCCc1ccc(CCNC[C@H](O)c2ccc(O)c3[nH]c(=O)sc23)cc1,,7.55,1,7.55,7.55,Ki,B,cell-based format,cell_based,9,D,2014,
CHEMBL3323666,CHEMBL3323666,CCCc1cccc(CCNC[C@H](O)c2ccc(O)c3[nH]c(=O)sc23)c1,,8.26,1,8.26,8.26,Ki,B,cell-based format,cell_based,9,D,2014,
CHEMBL3323667,CHEMBL3323667,CC(C)Cc1ccc(CCNC[C@H](O)c2ccc(O)c3[nH]c(=O)sc23)cc1,,8.21,1,8.21,8.21,Ki,B,cell-based format,cell_based,9,D,2014,
CHEMBL3323668,CHEMBL3323668,CCCCc1cccc(CCNC[C@H](O)c2ccc(O)c3[nH]c(=O)sc23)c1,,8.1,1,8.1,8.1,Ki,B,cell-based format,cell_based,9,D,2014,
CHEMBL3323669,CHEMBL3323669,CCCCOc1ccc(CCNC[C@H](O)c2ccc(O)c3[nH]c(=O)sc23)cc1,,7.89,1,7.89,7.89,Ki,B,cell-based format,cell_based,9,D,2014,
CHEMBL3323670,CHEMBL3323670,CCCCOc1cccc(CCNC[C@H](O)c2ccc(O)c3[nH]c(=O)sc23)c1,,8.37,1,8.37,8.37,Ki,B,cell-based format,cell_based,9,D,2014,
CHEMBL3323671,CHEMBL3323671,Cc1ccc(CCNC[C@H](O)c2ccc(O)c3[nH]c(=O)sc23)cc1C,,7.68,1,7.68,7.68,Ki,B,cell-based format,cell_based,9,D,2014,
CHEMBL338618,CHEMBL338618,N#CN/C(=N\c1cc(Cl)cc(Cl)c1)Nc1ccc(CCNC[C@H](O)c2cccnc2)cc1,,6.54,1,6.54,6.54,IC50,B,cell-based format,cell_based,8,H,2001,
CHEMBL338664,CHEMBL338664,CCCCCCCCc1csc(N2CCc3cc(N/C(S)=N/c4ccc(CCNC[C@H](O)c5cccnc5)cc4)ccc32)n1,,6.96,1,6.96,6.96,IC50,B,cell-based format,cell_based,8,H,2001,
CHEMBL343755,CHEMBL343755,C[C@H]1C[C@H](C)N1C(=O)[C@@H]1C=C2c3cccc4[nH]cc(c34)CC2N(C)C1,,7.12,1,7.12,7.12,Ki,B,single protein format,single_protein,8,H,2002,
CHEMBL345304,CHEMBL345304,CC(=O)NCc1ccc(NC[C@@H](C)NC[C@H](O)c2cccc(Cl)c2)cc1,,8.1,1,8.1,8.1,EC50,F,cell-based format,cell_based,8,H,2002,
CHEMBL347616,CHEMBL347616,C[C@H](CNc1ccc(CC(=O)NS(=O)(=O)c2ccccc2)cc1)NC[C@H](O)c1cccc(Cl)c1,,6.1,1,6.1,6.1,EC50,F,cell-based format,cell_based,8,H,2002,
CHEMBL348269,CHEMBL348269,Cc1ccc(S(=O)(=O)NCCc2ccc(NC[C@@H](C)NC[C@H](O)c3cccc(Cl)c3)cc2)cc1,,7.7,1,7.7,7.7,EC50,F,cell-based format,cell_based,8,H,2002,
CHEMBL348501,CHEMBL348501,Cc1ccc(S(=O)(=O)NC(=O)Cc2ccc(NC[C@@H](C)NC[C@H](O)c3cccc(Cl)c3)cc2)cc1,,6.2,1,6.2,6.2,EC50,F,cell-based format,cell_based,8,H,2002,
CHEMBL349978,CHEMBL349978,COc1ccccc1N1CCNC(CNC(=O)c2ccc(NS(C)(=O)=O)cc2)C1,,6.64,1,6.64,6.64,IC50,B,cell membrane format,other,8,H,1992,
CHEMBL350847,CHEMBL350847,O=C(NCC1CN(c2ccccc2)CCN1)c1ccc(-n2ccnc2)cc1,,6.27,1,6.27,6.27,IC50,B,cell membrane format,other,8,H,1992,
CHEMBL357995,CHEMBL357995,Cc1cc2c(OCC(CNC(C)(C)C)OC(=O)c3ccccc3)cccc2[nH]1,BOPINDOLOL,7.57,3,7.33,8.32,AC50;IC50;Ki,B;F,assay format;cell membrane format,other,8,H,2023,2
CHEMBL36060,CHEMBL36060,CC(C)(C)NC[C@H](O)COc1cccc2[nH]c(O)nc12,,9.6,1,9.6,9.6,Ki,B,single protein format,single_protein,9,D,2001,
CHEMBL361505,CHEMBL361505,COc1cccc2c(C[C@@H](C)NC[C@H](O)c3cccc(NS(=O)(=O)c4cccs4)c3)c[nH]c12,,7.54,3,7.37,8.18,EC50;Ki,B;F,cell-based format;single protein format,mixed,9,D,2004;2010,
CHEMBL362136,CHEMBL362136,C[C@H](Cc1c[nH]c2c(OCCN)cccc12)NC[C@H](O)c1cccc(NS(=O)(=O)c2cccs2)c1,,7.54,1,7.54,7.54,EC50,F,cell-based format,cell_based,9,D,2004,
CHEMBL362763,CHEMBL362763,C[C@H](Cc1c[nH]c2c(OS(=O)(=O)c3ccc(C(=O)O)cc3)cccc12)NC[C@H](O)c1cccc(NS(=O)(=O)c2cccs2)c1,,7.07,1,7.07,7.07,EC50,F,cell-based format,cell_based,9,D,2004,
CHEMBL36568,CHEMBL36568,CS(=O)(=O)Nc1cc([C@@H](O)CNC2CCN(c3ccc(C(=O)NCC(=O)O)cc3)CC2)ccc1O,,7.3,1,7.3,7.3,EC50,F,cell-based format,cell_based,9,D,2001,
CHEMBL368457,CHEMBL368457,CC(C)(C)NCC(O)CON=C1c2ccccc2-c2ccccc21,,7.42,1,7.42,7.42,IC50,B,single protein format,single_protein,8,H,1982,
CHEMBL369346,CHEMBL369346,O=C(Nc1ccc(C[C@@H](CO)NC[C@H](O)COc2ccccc2)cc1)Nc1cccc([N+](=O)[O-])c1,,9.05,1,9.05,9.05,EC50,F,cell-based format,cell_based,8,H,2005,
CHEMBL3736156,CHEMBL3736156,CB1C=Cc2c(cccc2OCC(O)CN(C)C)N1,,6.7,1,6.7,6.7,IC50,F,cell-based format,cell_based,9,D,2015,
CHEMBL3736433,CHEMBL3736433,CB1C=Cc2cccc(OCC(O)CN(C)C)c2N1,,6.2,1,6.2,6.2,IC50,F,cell-based format,cell_based,9,D,2015,
CHEMBL377028,CHEMBL377028,C[C@H](CNc1cccc(-c2ccccc2C(=O)O)c1)NC[C@H](O)c1cccc(Cl)c1,,6.2,1,6.2,6.2,EC50,F,cell-based format,cell_based,9,D,2006,
CHEMBL3797876,CHEMBL3797876,COc1ccccc1OCCNC[C@H](O)c1ccc(O)c(O)c1,,7.245,4,7.1,7.4,EC50,B,cell-based format,cell_based,9,D,2019,
CHEMBL3800303,CHEMBL3800303,COc1cc(CCNC[C@H](O)c2ccc(O)c(O)c2)ccc1OCCCc1ccccc1,,6.1,3,6.1,6.3,EC50,B,cell-based format,cell_based,9,D,2019,
CHEMBL383511,CHEMBL383511,C[C@H](CNc1cccc(-c2ccc(C(=O)O)cc2)c1)NC[C@H](O)c1cccc(Cl)c1,,6.1,1,6.1,6.1,EC50,F,cell-based format,cell_based,9,D,2006,
CHEMBL38486,CHEMBL38486,COC(=O)COc1ccc(C[C@@H](C)NC[C@H](O)c2cccc(Cl)c2)cc1,,6.77,1,6.77,6.77,Ki,B,cell-based format,cell_based,9,D,1997,
CHEMBL38532,CHEMBL38532,NS(=O)(=O)c1cc(C(=O)NCCNCC(O)COc2cccc3c2SCC(=O)N3)ccc1Cl,,8.13,1,8.13,8.13,Ki,B,assay format,other,8,H,1993,
CHEMBL38569,CHEMBL38569,C[C@H](Cc1ccc(OCC(N)=O)cc1)NC[C@H](O)c1cccc(Cl)c1,,6.23,1,6.23,6.23,Ki,B,cell-based format,cell_based,9,D,1997,
CHEMBL386016,CHEMBL386016,Cn1c(=O)[nH]c2cccc(OC[C@@H](O)CNC(C)(C)Cc3ccc(Oc4ccc(C(N)=O)cn4)cc3)c21,,8.06,1,8.06,8.06,EC50,F,cell-based format,cell_based,9,D,2006,
CHEMBL387851,CHEMBL387851,C[C@H](Cc1ccc(OCC(=O)O)cc1)NC[C@H](O)c1cc(Br)no1,,7.21,1,7.21,7.21,Ki,B,cell-based format,cell_based,9,D,2007,
CHEMBL387852,CHEMBL387852,CCOC(=O)COc1ccc(C[C@@H](C)NC[C@H](O)c2cc(Br)no2)cc1,,7.63,1,7.63,7.63,Ki,B,cell-based format,cell_based,9,D,2007,
CHEMBL393469,CHEMBL393469,C[C@H](CNc1cccc(-c2nc(C(=O)O)co2)c1)NC[C@H](O)c1cccc(Cl)c1,,6.8,1,6.8,6.8,EC50,F,cell-based format,cell_based,9,D,2007,
CHEMBL393470,CHEMBL393470,C[C@H](CNc1cccc(-c2csc(C(=O)O)n2)c1)NC[C@H](O)c1cccc(Cl)c1,,7.0,1,7.0,7.0,EC50,F,cell-based format,cell_based,9,D,2007,
CHEMBL393471,CHEMBL393471,C[C@H](CNc1cccc(-c2ocnc2C(=O)O)c1)NC[C@H](O)c1cccc(Cl)c1,,6.4,1,6.4,6.4,EC50,F,cell-based format,cell_based,9,D,2007,
CHEMBL393648,CHEMBL393648,O[C@@H](CNC1CCCCC1)COc1cccc2[nH]ccc12,,8.62,1,8.62,8.62,Ki,B,single protein format,single_protein,9,D,2007,
CHEMBL39577,CHEMBL39577,CCCCCc1ncc(-c2ccc(S(=O)(=O)Nc3ccc(CCNC[C@H](O)c4cccnc4)cc3)cc2)o1,,6.7,1,6.7,6.7,IC50,B,single protein format,single_protein,8,H,2000,
CHEMBL395834,CHEMBL395834,C[C@H](CNc1ccc(-c2sccc2C(=O)O)cc1)NC[C@H](O)c1cccc(Cl)c1,,7.0,1,7.0,7.0,EC50,F,cell-based format,cell_based,9,D,2007,
CHEMBL39596,CHEMBL39596,C[C@H](Cc1ccc(OCC(=O)NO)cc1)NC[C@H](O)c1cccc(Cl)c1,,6.51,1,6.51,6.51,Ki,B,cell-based format,cell_based,9,D,1997,
CHEMBL398241,CHEMBL398241,COc1ccc([C@H](CCc2cccc(Cl)c2)NC[C@H](O)Cc2ccc(O)c(NS(C)(=O)=O)c2)cc1OC,,6.38,1,6.38,6.38,Ki,B,cell-based format,cell_based,9,D,2007,
CHEMBL398557,CHEMBL398557,COc1ccc([C@H](Cc2ccccc2)NC[C@@H](O)Cc2ccc(O)c(NS(C)(=O)=O)c2)cc1OC,,6.25,1,6.25,6.25,Ki,B,cell-based format,cell_based,9,D,2007,
CHEMBL399440,CHEMBL399440,Cc1ocnc1-c1ccc(OCCNC[C@H](O)c2cccnc2)cc1,,6.77,1,6.77,6.77,Ki,B,cell-based format,cell_based,9,D,2007,
CHEMBL399522,CHEMBL399522,O[C@@H](CNCCOc1ccc(-c2csc(-c3ccncc3)n2)cc1)c1cccnc1,,7.01,1,7.01,7.01,Ki,B,cell-based format,cell_based,9,D,2007,
CHEMBL399785,CHEMBL399785,CCc1nc(-c2ccc(OCCNC[C@H](O)c3cccnc3)cc2)cs1,,7.43,1,7.43,7.43,Ki,B,cell-based format,cell_based,9,D,2007,
CHEMBL400049,CHEMBL400049,CCc1nc(-c2ccc(OCCNC[C@H](O)c3cccnc3)cc2)co1,,6.4,1,6.4,6.4,Ki,B,cell-based format,cell_based,9,D,2007,
CHEMBL400067,CHEMBL400067,COc1ccc([C@H](CCc2ccccc2)NC[C@H](O)Cc2ccc(O)c(NS(C)(=O)=O)c2)cc1OC,,6.0,1,6.0,6.0,Ki,B,cell-based format,cell_based,9,D,2007,
CHEMBL400392,CHEMBL400392,O[C@@H](CNCCOc1ccc(-c2csc(C3CCCC3)n2)cc1)c1cccnc1,,6.89,1,6.89,6.89,Ki,B,cell-based format,cell_based,9,D,2007,
CHEMBL40297,CHEMBL40297,NS(=O)(=O)c1cc(NCCNCC(O)COc2cccc3ccccc23)ccc1Cl,,7.82,1,7.82,7.82,Ki,B,assay format,other,8,H,1993,
CHEMBL40343,CHEMBL40343,NS(=O)(=O)c1cc(C(=O)NCCNCC(O)COc2cccc3c2CCC(=O)N3)ccc1Cl,,6.52,1,6.52,6.52,Ki,B,assay format,other,8,H,1993,
CHEMBL40609,CHEMBL40609,NS(=O)(=O)c1cc(N2CCN(CC(O)COc3cccc4c3SCC(=O)N4)CC2)ccc1Cl,,6.85,1,6.85,6.85,Ki,B,assay format,other,8,H,1993,
CHEMBL408145,CHEMBL408145,O=C(O)c1ccc(-c2ccc(CCNC[C@H](O)c3cccc(Cl)c3)cc2)c(F)c1,,7.7,1,7.7,7.7,EC50,F,cell-based format,cell_based,9,D,2008,
CHEMBL408694,CHEMBL408694,O=C(O)Cc1ccc(-c2ccc(CCNC[C@H](O)c3cccc(Cl)c3)cc2)cc1,,6.52,1,6.52,6.52,EC50,F,cell-based format,cell_based,9,D,2008,
CHEMBL4092412,CHEMBL4092412,CC(C)(C)NC[C@@H](O)COc1ccccc1-c1ccccc1,,9.01,1,9.01,9.01,Kd,B,cell-based format,cell_based,9,D,2017,
CHEMBL409718,CHEMBL409718,O=C(O)c1ccc(-c2ccc(CCNC[C@H](O)c3ccccc3)cc2)cc1OC1CCCCC1,,6.58,1,6.58,6.58,EC50,F,cell-based format,cell_based,9,D,2008,
CHEMBL409827,CHEMBL409827,O=C(O)c1ccc(Nc2ccc(CCNC[C@H](O)c3cccc(Cl)c3)cc2)cc1,,8.41,1,8.41,8.41,EC50,F,cell-based format,cell_based,9,D,2008,
CHEMBL410702,CHEMBL410702,O=[N+]([O-])/C=C(\Nc1ccc(CCNC[C@H](O)c2cccnc2)cc1)Nc1ccc2ccccc2c1,,6.09,1,6.09,6.09,IC50,B,cell-based format,cell_based,8,H,2001,
CHEMBL41214,CHEMBL41214,NS(=O)(=O)c1cc(N2CCN(CC(O)COc3cccc4ccccc34)CC2)ccc1Cl,,7.51,1,7.51,7.51,Ki,B,assay format,other,8,H,1993,
CHEMBL4128926,CHEMBL4128926,CC(C)(C)NS(=O)(=O)c1ccc(-c2sc(C(=O)N[C@H]3C[C@H](C(=O)O)C3)nc2CC2CCCCC2)c2ccccc12,,6.53,1,6.53,6.53,IC50,B,single protein format,single_protein,9,D,2018,
CHEMBL416012,CHEMBL416012,COc1cccc2c(CC(C)NC[C@H](O)c3cccc(Cl)c3)c[nH]c12,,9.89,1,9.89,9.89,EC50,B,single protein format,single_protein,9,D,2010,
CHEMBL417250,CHEMBL417250,O=C(Nc1ccc(S(=O)(=O)Nc2ccc(CCNC[C@H](O)COc3ccc(O)cc3)cc2)cc1)c1ccccc1,,6.66,1,6.66,6.66,IC50,B,single protein format,single_protein,8,H,1998,
CHEMBL417613,CHEMBL417613,O=S(=O)(Nc1ccc(CCNC[C@H](O)COc2ccc(O)cc2)cc1)c1ccccc1,,6.715,2,6.68,6.75,EC50;IC50,B;F,cell-based format,cell_based,8;9,D;H,1998;2009,
CHEMBL418600,CHEMBL418600,CCCCN(C(=O)CC(=O)O)c1ccc(N2CCC(NC[C@H](O)c3ccc(O)c(NS(C)(=O)=O)c3)CC2)cc1,,7.4,1,7.4,7.4,EC50,F,cell-based format,cell_based,9,D,2001,
CHEMBL419085,CHEMBL419085,C[C@H](Cc1ncc(CCCCC(=O)O)s1)NC[C@H](O)COc1ccccc1,,6.36,1,6.36,6.36,Ki,B,cell-based format,cell_based,8,H,1996,
CHEMBL419787,CHEMBL419787,O=[N+]([O-])/C=C(\Nc1ccc(CCNC[C@H](O)c2cccnc2)cc1)Nc1cccc(Oc2ccccc2)c1,,6.08,1,6.08,6.08,IC50,B,cell-based format,cell_based,8,H,2001,
CHEMBL420746,CHEMBL420746,CC(C)(C)NCC(O)COc1cccc2[nH]c(=O)[nH]c12,CGP-12177,7.91,1,7.91,7.91,EC50,F,cell-based format,cell_based,9,D,2013,
CHEMBL421005,CHEMBL421005,Cc1cccc(OCC(O)CNCCOc2ccc(-n3ccnc3)cc2)c1,,6.57,1,6.57,6.57,IC50,F,assay format,other,8,H,1990,
CHEMBL421030,CHEMBL421030,NC(=O)N1CCC(Nc2ccc(CCNC[C@H](O)COc3ccc(O)cc3)cc2)CC1,,6.29,1,6.29,6.29,EC50,F,cell-based format,cell_based,8,H,2001,
CHEMBL422876,CHEMBL422876,C[C@H](CNc1ccc(CCS(=O)(=O)NC(=O)c2ccccc2)cc1)NC[C@H](O)c1cccc(Cl)c1,,6.1,1,6.1,6.1,EC50,F,cell-based format,cell_based,8,H,2002,
CHEMBL423,CHEMBL423,CC(C)NCC(O)COc1ccc(CCOCC2CC2)cc1,BETAXOLOL,7.69,3,7.43,8.8,IC50;Kd;Ki,B,single protein format,single_protein,8;9,D;H,1982;2015;2024,4
CHEMBL4237453,CHEMBL4237453,O=C(Nc1ccc(CCNC[C@H](O)COc2cccc3[nH]ccc23)cc1)c1ccccc1,,7.44,1,7.44,7.44,EC50,F,cell-based format,cell_based,9,D,2018,
CHEMBL4238084,CHEMBL4238084,CC(=O)NCc1cccc(OC[C@@H](O)CNCCc2ccc(NS(=O)(=O)c3ccccc3)cc2)c1,,6.42,3,6.05,6.47,EC50;Kd,F,cell-based format,cell_based,9,D,2018;2023,
CHEMBL4241176,CHEMBL4241176,CC(=O)NCc1cccc(OC[C@@H](O)CNCCc2ccc(NS(=O)(=O)Nc3ccccc3)cc2)c1,,6.65,1,6.65,6.65,EC50,F,cell-based format,cell_based,9,D,2018,
CHEMBL4241613,CHEMBL4241613,O=C(Cc1ccccc1)Nc1ccc(CCNC[C@H](O)COc2cccc3[nH]ccc23)cc1,,8.12,1,8.12,8.12,EC50,F,cell-based format,cell_based,9,D,2018,
CHEMBL424167,CHEMBL424167,O=C1NC(=O)C(Cc2ccc(N3CCC(NC[C@H](O)c4ccc(O)c(NS(=O)(=O)c5ccccc5)c4)CC3)cc2)S1,,6.37,1,6.37,6.37,EC50,F,cell-based format,cell_based,9,D,2001,
CHEMBL4245391,CHEMBL4245391,O=S(=O)(Nc1ccc(CCNC[C@H](O)COc2cccc3[nH]ccc23)cc1)c1ccccc1,,7.83,1,7.83,7.83,EC50,F,cell-based format,cell_based,9,D,2018,
CHEMBL4245968,CHEMBL4245968,CCc1ccccc1OC[C@@H](O)CNCCc1ccc(NC(=O)Cc2ccccc2)cc1,,7.43,1,7.43,7.43,EC50,F,cell-based format,cell_based,9,D,2018,
CHEMBL4248093,CHEMBL4248093,CCc1ccccc1OC[C@@H](O)CNCCc1ccc(NS(=O)(=O)c2ccccc2)cc1,,6.53,1,6.53,6.53,EC50,F,cell-based format,cell_based,9,D,2018,
CHEMBL4248727,CHEMBL4248727,CCc1ccccc1OC[C@@H](O)CNCCc1ccc(NC(=S)Nc2ccccc2)cc1,,6.37,1,6.37,6.37,EC50,F,cell-based format,cell_based,9,D,2018,
CHEMBL4249564,CHEMBL4249564,O=C(Nc1ccccc1)Nc1ccc(CCNC[C@H](O)COc2cccc3[nH]ccc23)cc1,,8.54,1,8.54,8.54,EC50,F,cell-based format,cell_based,9,D,2018,
CHEMBL4250215,CHEMBL4250215,CCc1ccccc1OC[C@@H](O)CNCCc1ccc(NC(=O)c2ccccc2)cc1,,6.91,1,6.91,6.91,EC50,F,cell-based format,cell_based,9,D,2018,
CHEMBL425161,CHEMBL425161,C/C=C/CNc1cccc([C@@H](O)CN[C@H](C)Cc2c[nH]c3c(OS(C)(=O)=O)cccc23)c1,,7.385,2,6.77,8.0,EC50,B;F,cell-based format;single protein format,mixed,9,D,2005;2010,
CHEMBL425173,CHEMBL425173,CC(C)NC(=O)Nc1ccc(C[C@@H](CO)NC[C@H](O)COc2ccccc2)cc1,,7.57,1,7.57,7.57,EC50,F,cell-based format,cell_based,8,H,2005,
CHEMBL4285281,CHEMBL4285281,COc1cc2c3c(c1OC)-c1ccccc1[C@@H](O)[C@@H]3NCC2,,7.77,3,7.72,8.77,IC50;Ki,B;F,cell-based format;single protein format,mixed,9,D,2018,
CHEMBL4289813,CHEMBL4289813,O=c1ccc2c(C(CO)NCCc3ccccc3)ccc(O)c2[nH]1,,6.08,1,6.08,6.08,EC50,F,cell-based format,cell_based,9,D,2018,
CHEMBL429,CHEMBL429,CC(CCc1ccccc1)NCC(O)c1ccc(O)c(C(N)=O)c1,LABETALOL,8.115,2,8.0,8.23,IC50;Ki,B,cell membrane format,other,8,H,,4
CHEMBL4291941,CHEMBL4291941,COc1cccc(CCNC(CO)c2ccc(O)c3[nH]c(=O)ccc23)c1,,6.2,1,6.2,6.2,EC50,F,cell-based format,cell_based,9,D,2018,
CHEMBL4294937,CHEMBL4294937,O=c1ccc2c(C(CO)NCCCc3ccccc3)ccc(O)c2[nH]1,,6.08,1,6.08,6.08,EC50,F,cell-based format,cell_based,9,D,2018,
CHEMBL430390,CHEMBL430390,C[C@H](CNc1ccc(-c2nc(C(=O)O)cs2)cc1)NC[C@H](O)c1cccc(Cl)c1,,7.7,1,7.7,7.7,EC50,F,cell-based format,cell_based,9,D,2007,
CHEMBL431048,CHEMBL431048,CS(=O)(=O)Nc1cc(OC[C@@H](O)CNCC2CCN(S(=O)(=O)c3ccc(NC(=O)NCc4cc(F)ccc4F)cc3)CC2)ccc1O,,6.45,1,6.45,6.45,EC50,F,cell-based format,cell_based,8,H,2002,
CHEMBL431678,CHEMBL431678,N#CN/C(=N\c1ccc2c(c1)CCN2c1nc(-c2ccc(OC(F)(F)F)cc2)cs1)Nc1ccc(CCNC[C@H](O)c2cccnc2)cc1,,7.29,2,7.19,7.39,EC50;IC50,B,cell-based format;single protein format,mixed,8,H,2001,
CHEMBL43196,CHEMBL43196,NS(=O)(=O)c1cc(S(=O)(=O)NCCNCC(O)COc2cccc3ccccc23)ccc1Cl,,6.8,1,6.8,6.8,Ki,B,assay format,other,8,H,1993,
CHEMBL434,CHEMBL434,CC(C)NCC(O)c1ccc(O)c(O)c1,ISOPROTERENOL,8.1,11,6.23,10.08,AC50;EC50;IC50;Ki,B;F,assay format;cell membrane format;cell-based format,cell_based,8;9,D;H,2002;2005;2009;2021;2023;2024,4
CHEMBL434394,CHEMBL434394,OC(CNCC(O)C1CCc2cc(F)ccc2O1)C1CCc2cc(F)ccc2O1,NEBIVOLOL,8.52,1,8.52,8.52,AC50,F,assay format,other,8,H,2023,4
CHEMBL434524,CHEMBL434524,O=C(Nc1ccccc1)Nc1ccc(CCNC[C@H](O)COc2ccccc2)cc1,,8.07,2,7.7,8.44,EC50,F,cell-based format,cell_based,8;9,D;H,2005;2009,
CHEMBL43968,CHEMBL43968,NS(=O)(=O)c1cc(NCCNCC(O)COc2cccc3c2SCC(=O)N3)ccc1Cl,,8.11,1,8.11,8.11,Ki,B,assay format,other,8,H,1993,
CHEMBL439794,CHEMBL439794,N#CN/C(=N\c1cccc2ccccc12)Nc1ccc(CCNC[C@H](O)c2cccnc2)cc1,,6.32,1,6.32,6.32,IC50,B,cell-based format,cell_based,8,H,2001,
CHEMBL44097,CHEMBL44097,NS(=O)(=O)c1cc(C(=O)NCCNCC(O)COc2cccc3ccccc23)ccc1Cl,,6.09,1,6.09,6.09,Ki,B,assay format,other,8,H,1993,
CHEMBL442172,CHEMBL442172,O=S(=O)(Nc1ccc(CCNC[C@H](O)COc2ccccc2)cc1)c1ccc(I)cc1,,7.1,1,7.1,7.1,IC50,B,cell-based format,cell_based,8,H,1998,
CHEMBL442225,CHEMBL442225,C[C@H](Cc1c[nH]c2c(S(C)(=O)=O)cccc12)NC[C@H](O)c1cccc(NS(=O)(=O)c2cccc(N)c2)c1,,7.525,2,7.47,7.58,EC50;Ki,B;F,cell-based format;single protein format,mixed,9,D,2004,
CHEMBL4435895,CHEMBL4435895,COc1ccccc1OCCNC[C@H](O)COc1ccc(O)c(O)c1,,6.4,5,6.1,6.52,EC50,B,cell-based format,cell_based,9,D,2019,
CHEMBL4438531,CHEMBL4438531,CC(C)(CC(c1ccc(F)cc1)c1ccc(F)cc1)NC[C@H](O)c1ccc(O)c2[nH]c(=O)ccc12,,8.17,1,8.17,8.17,EC50,F,cell-based format,cell_based,9,D,2019,
CHEMBL4447975,CHEMBL4447975,COc1cc(OC)c2c(c1)OC[C@@]1(C)NCC[C@@H]21,,6.0,1,6.0,6.0,Ki,B,cell-based format,cell_based,9,D,2019,
CHEMBL4454489,CHEMBL4454489,O=c1ccc2c(C(O)CNCCCc3ccc(-c4ccccc4)cc3)ccc(O)c2[nH]1,,7.8,1,7.8,7.8,EC50,F,cell-based format,cell_based,9,D,2019,
CHEMBL446609,CHEMBL446609,CC(C)(C)Nc1cccc2c1SC(OCCCO)C(=O)N2,,7.62,1,7.62,7.62,Ki,B,assay format,other,8,H,1993,
CHEMBL4473515,CHEMBL4473515,O=c1ccc2c(C(O)CNCCCc3cccc(O)c3)ccc(O)c2[nH]1,,6.66,1,6.66,6.66,EC50,F,cell-based format,cell_based,9,D,2019,
CHEMBL4473790,CHEMBL4473790,COc1ccccc1CCCNCC(O)c1ccc(O)c2[nH]c(=O)ccc12,,7.95,1,7.95,7.95,EC50,F,cell-based format,cell_based,9,D,2019,
CHEMBL447786,CHEMBL447786,COc1ccc([C@H](CCc2ccccc2Cl)NC[C@H](O)Cc2ccc(O)c(NS(C)(=O)=O)c2)cc1OC,,6.57,1,6.57,6.57,Ki,B,cell-based format,cell_based,9,D,2007,
CHEMBL450842,CHEMBL450842,O=C(O)c1ccc(-c2ccc3c(c2)C[C@@H](NC[C@H](O)c2ccccc2Cl)CC3)cc1,,6.21,1,6.21,6.21,EC50,F,cell-based format,cell_based,9,D,2008,
CHEMBL451760,CHEMBL451760,CC(C)Cc1cc(-c2ccc(CCN[C@@H](C)[C@H](O)c3ccccc3)cc2)ccc1C(=O)O,,6.52,1,6.52,6.52,EC50,F,cell-based format,cell_based,9,D,2008,
CHEMBL451772,CHEMBL451772,CC(C)Oc1cc(-c2ccc(OCCNC[C@H](O)c3cccc(Cl)c3)cc2)ccc1C(=O)O,,7.08,1,7.08,7.08,EC50,F,cell-based format,cell_based,9,D,2008,
CHEMBL452033,CHEMBL452033,CCCOc1cc(-c2ccc(OCCNC[C@H](O)c3cccc(Cl)c3)cc2)ccc1C(=O)O,,6.92,1,6.92,6.92,EC50,F,cell-based format,cell_based,9,D,2008,
CHEMBL452034,CHEMBL452034,CC(C)COc1cc(-c2ccc(OCCNC[C@H](O)c3cccc(Cl)c3)cc2)ccc1C(=O)O,,6.96,1,6.96,6.96,EC50,F,cell-based format,cell_based,9,D,2008,
CHEMBL452798,CHEMBL452798,CC(C)Oc1cc(-c2ccc(C[C@@H](C)NC[C@H](O)c3cccnc3)cc2)ccc1C(=O)O,,7.1,1,7.1,7.1,EC50,F,cell-based format,cell_based,9,D,2008,
CHEMBL452861,CHEMBL452861,CC(C)NC[C@H](O)COc1cccc2ccccc12,LEVOPROPRANOLOL,8.74,5,8.6,8.96,EC50;IC50;Ki,B,cell membrane format;cell-based format,cell_based,8;9,D;H,2006;2013,2
CHEMBL453047,CHEMBL453047,CC(C)Oc1cc(-c2ccc(CCN[C@@H](C)[C@H](O)c3ccccc3)cc2)ccc1C(=O)O,,6.11,1,6.11,6.11,EC50,F,cell-based format,cell_based,9,D,2008,
CHEMBL453048,CHEMBL453048,CCCOc1cc(-c2ccc(CCN[C@@H](C)[C@H](O)c3ccccc3)cc2)ccc1C(=O)O,,6.16,1,6.16,6.16,EC50,F,cell-based format,cell_based,9,D,2008,
CHEMBL453056,CHEMBL453056,C[C@H](Cc1ccc(-c2ccc(C(=O)O)c(OC3CCCCC3)c2)cc1)NC[C@H](O)c1cccnc1,,7.62,1,7.62,7.62,EC50,F,cell-based format,cell_based,9,D,2008,
CHEMBL453322,CHEMBL453322,CC(C)COc1cc(-c2ccc(C[C@@H](C)NC[C@H](O)c3ccccc3)cc2)ccc1C(=O)O,,6.89,1,6.89,6.89,EC50,F,cell-based format,cell_based,9,D,2008,
CHEMBL453323,CHEMBL453323,CC(C)Oc1cc(-c2ccc(CC(C)(C)NC[C@H](O)c3ccccc3)cc2)ccc1C(=O)O,,6.55,1,6.55,6.55,EC50,F,cell-based format,cell_based,9,D,2008,
CHEMBL453575,CHEMBL453575,CC(C)Cc1cc(-c2ccc(OCCNC[C@H](O)c3cccc(Cl)c3)cc2)ccc1C(=O)O,,7.82,1,7.82,7.82,EC50,F,cell-based format,cell_based,9,D,2008,
CHEMBL4536813,CHEMBL4536813,O=c1ccc2c(C(O)CNCCCc3ccccc3)ccc(O)c2[nH]1,,8.01,1,8.01,8.01,EC50,F,cell-based format,cell_based,9,D,2019,
CHEMBL4541169,CHEMBL4541169,CC(C)C(=O)Nc1cccc(CCCNCC(O)c2ccc(O)c3[nH]c(=O)ccc23)c1,,7.65,1,7.65,7.65,EC50,F,cell-based format,cell_based,9,D,2019,
CHEMBL4541263,CHEMBL4541263,O=c1ccc2c(C(O)CNCCCCc3ccccc3)ccc(O)c2[nH]1,,7.06,1,7.06,7.06,EC50,F,cell-based format,cell_based,9,D,2019,
CHEMBL4542430,CHEMBL4542430,O=c1ccc2c(C(O)CNCCOc3ccccc3)ccc(O)c2[nH]1,,7.14,1,7.14,7.14,EC50,F,cell-based format,cell_based,9,D,2019,
CHEMBL4550290,CHEMBL4550290,O=c1ccc2c(C(O)CNCCCc3ccc4ccccc4c3)ccc(O)c2[nH]1,,7.8,1,7.8,7.8,EC50,F,cell-based format,cell_based,9,D,2019,
CHEMBL4556022,CHEMBL4556022,O=c1ccc2c(C(O)CNCCCc3ccc(O)cc3)ccc(O)c2[nH]1,,7.44,1,7.44,7.44,EC50,F,cell-based format,cell_based,9,D,2019,
CHEMBL4561253,CHEMBL4561253,O=c1ccc2c(C(O)CNCCCc3ccccc3O)ccc(O)c2[nH]1,,8.3,1,8.3,8.3,EC50,F,cell-based format,cell_based,9,D,2019,
CHEMBL456352,CHEMBL456352,COc1cc(Oc2ccc3c(c2)C[C@@H](NC[C@H](O)c2cccc(Cl)c2)CC3)cc(C(=O)O)c1,,6.05,1,6.05,6.05,EC50,F,cell-based format,cell_based,9,D,2008,
CHEMBL456353,CHEMBL456353,CC(=O)Nc1cc(Oc2ccc3c(c2)C[C@@H](NC[C@H](O)c2cccc(Cl)c2)CC3)cc(C(=O)O)c1,,6.44,1,6.44,6.44,EC50,F,cell-based format,cell_based,9,D,2008,
CHEMBL456578,CHEMBL456578,O=C(O)c1cccc(Oc2ccc3c(c2)C[C@@H](NC[C@H](O)c2ccc(Cl)cc2)CC3)c1,,6.48,1,6.48,6.48,EC50,F,cell-based format,cell_based,9,D,2008,
CHEMBL4566727,CHEMBL4566727,O=C(Nc1cccc(CCCNCC(O)c2ccc(O)c3[nH]c(=O)ccc23)c1)c1ccccc1,,6.62,1,6.62,6.62,EC50,F,cell-based format,cell_based,9,D,2019,
CHEMBL457199,CHEMBL457199,CC(C)Oc1cc(-c2ccc3c(c2)C[C@@H](NC[C@H](O)c2ccc(Cl)cc2)CC3)ccc1C(=O)O,,6.51,1,6.51,6.51,EC50,F,cell-based format,cell_based,9,D,2008,
CHEMBL4575759,CHEMBL4575759,CC(C)(CC(c1ccccc1)c1ccccc1)NC[C@H](O)c1ccc(O)c2[nH]c(=O)ccc12,,8.2,1,8.2,8.2,EC50,F,cell-based format,cell_based,9,D,2019,
CHEMBL4576089,CHEMBL4576089,CC(CC(=O)Nc1cccc(CCCNCC(O)c2ccc(O)c3[nH]c(=O)ccc23)c1)CC(C)(C)C,,7.87,1,7.87,7.87,EC50,F,cell-based format,cell_based,9,D,2019,
CHEMBL457629,CHEMBL457629,O=C(O)c1ccc(-c2ccc3c(c2)C[C@@H](NC[C@H](O)c2ccc(Cl)cc2)CC3)cc1F,,6.19,1,6.19,6.19,EC50,F,cell-based format,cell_based,9,D,2008,
CHEMBL4577508,CHEMBL4577508,COc1cccc(CCCNCC(O)c2ccc(O)c3[nH]c(=O)ccc23)c1,,8.13,1,8.13,8.13,EC50,F,cell-based format,cell_based,9,D,2019,
CHEMBL457839,CHEMBL457839,O=C(O)c1ccc(-c2ccc3c(c2)C[C@@H](NC[C@H](O)c2ccc(C(F)(F)F)cc2)CC3)cc1,,6.11,1,6.11,6.11,EC50,F,cell-based format,cell_based,9,D,2008,
CHEMBL4588479,CHEMBL4588479,COc1ccc(CCCNCC(O)c2ccc(O)c3[nH]c(=O)ccc23)cc1,,7.36,1,7.36,7.36,EC50,F,cell-based format,cell_based,9,D,2019,
CHEMBL458923,CHEMBL458923,CCCNc1cc(Oc2ccc3c(c2)C[C@@H](NC[C@H](O)c2cccc(Cl)c2)CC3)cc(C(=O)O)c1,,6.76,1,6.76,6.76,EC50,F,cell-based format,cell_based,9,D,2008,
CHEMBL458927,CHEMBL458927,Cc1cc(C(=O)O)ccc1-c1ccc2c(c1)C[C@@H](NC[C@H](O)c1ccc(Cl)cc1)CC2,,6.1,1,6.1,6.1,EC50,F,cell-based format,cell_based,9,D,2008,
CHEMBL459133,CHEMBL459133,O=C(O)c1ccc(-c2ccc3c(c2)C[C@@H](NC[C@H](O)c2ccc(Cl)cc2)CC3)c(F)c1,,6.01,1,6.01,6.01,EC50,F,cell-based format,cell_based,9,D,2008,
CHEMBL459645,CHEMBL459645,CCCOc1cc(-c2ccc(NCCNC[C@H](O)c3cccc(Cl)c3)cc2)ccc1C(=O)O,,7.96,1,7.96,7.96,EC50,F,cell-based format,cell_based,9,D,2008,
CHEMBL459646,CHEMBL459646,CC(C)Cc1cc(-c2ccc(OCCNC[C@H](O)c3ccc(N)nc3)cc2)ccc1C(=O)O,,7.92,1,7.92,7.92,EC50,F,cell-based format,cell_based,9,D,2008,
CHEMBL459862,CHEMBL459862,O=C(O)c1ccc(-c2ccc(OCCNC[C@H](O)c3ccccc3)cc2)cc1OC1CCCCC1,,7.04,1,7.04,7.04,EC50,F,cell-based format,cell_based,9,D,2008,
CHEMBL459863,CHEMBL459863,CCCOc1cc(-c2ccc(CCCNC[C@H](O)c3cccc(Cl)c3)cc2)ccc1C(=O)O,,6.75,1,6.75,6.75,EC50,F,cell-based format,cell_based,9,D,2008,
CHEMBL460256,CHEMBL460256,CCCOc1cc(-c2ccc(OCCNC[C@H](O)c3ccccc3)cc2)ccc1C(=O)O,,6.68,1,6.68,6.68,EC50,F,cell-based format,cell_based,9,D,2008,
CHEMBL460257,CHEMBL460257,CC(C)COc1cc(-c2ccc(OCCNC[C@H](O)c3ccccc3)cc2)ccc1C(=O)O,,6.4,1,6.4,6.4,EC50,F,cell-based format,cell_based,9,D,2008,
CHEMBL461282,CHEMBL461282,CC(C)Oc1cc(-c2ccc(CCNC[C@H](O)c3ccc(Cl)cc3)cc2)ccc1C(=O)O,,6.3,1,6.3,6.3,EC50,F,cell-based format,cell_based,9,D,2008,
CHEMBL461301,CHEMBL461301,O=C(O)c1ccc(-c2ccc(OCCNC[C@H](O)c3cccc(Cl)c3)cc2)cc1OC1CCCCC1,,7.28,1,7.28,7.28,EC50,F,cell-based format,cell_based,9,D,2008,
CHEMBL463181,CHEMBL463181,CN(C)c1cc(Oc2ccc3c(c2)C[C@@H](NC[C@H](O)c2ccc(Cl)nc2)CC3)cc(C(=O)O)c1,,6.57,1,6.57,6.57,EC50,F,cell-based format,cell_based,9,D,2008,
CHEMBL463182,CHEMBL463182,O=C(O)c1cccc(Oc2ccc3c(c2)C[C@@H](NC[C@H](O)c2ccc(Cl)nc2)CC3)c1,,6.85,1,6.85,6.85,EC50,F,cell-based format,cell_based,9,D,2008,
CHEMBL466088,CHEMBL466088,CC(Cc1ccc(NC(=O)Cc2nccn2Cc2ccccc2)cc1)NC[C@H](O)COc1ccccc1,,6.835,2,6.46,7.21,EC50,F,cell-based format,cell_based,9,D,2009,
CHEMBL466519,CHEMBL466519,O=C(Cc1ccccn1)Nc1ccc(CCNC[C@H](O)COc2cccc3[nH]c(=O)[nH]c23)cc1,,6.55,1,6.55,6.55,EC50,F,cell-based format,cell_based,9,D,2009,
CHEMBL466705,CHEMBL466705,O=C(Cc1ccccn1)Nc1ccc(CCNC[C@H](O)COc2ccc(O)cc2)cc1,,6.54,1,6.54,6.54,EC50,F,cell-based format,cell_based,9,D,2009,
CHEMBL466713,CHEMBL466713,O=C(Cc1ccccn1)Nc1ccc(CCNC[C@H](O)COc2cccnc2)cc1,,6.75,1,6.75,6.75,EC50,F,cell-based format,cell_based,9,D,2009,
CHEMBL466726,CHEMBL466726,O=C(Cc1cccc(Cl)n1)Nc1ccc(CCNC[C@H](O)COc2ccccc2)cc1,,7.37,1,7.37,7.37,EC50,F,cell-based format,cell_based,9,D,2009,
CHEMBL466923,CHEMBL466923,O=C(Cc1ccccn1)Nc1ccc(CCNC[C@H](O)COc2cccc3[nH]c4ccccc4c23)cc1,,6.6,1,6.6,6.6,EC50,F,cell-based format,cell_based,9,D,2009,
CHEMBL466924,CHEMBL466924,Cc1cccnc1CC(=O)Nc1ccc(CCNC[C@H](O)COc2ccccc2)cc1,,6.48,1,6.48,6.48,EC50,F,cell-based format,cell_based,9,D,2009,
CHEMBL466925,CHEMBL466925,Cc1cc(C)nc(CC(=O)Nc2ccc(CCNC[C@H](O)COc3ccccc3)cc2)c1,,6.55,1,6.55,6.55,EC50,F,cell-based format,cell_based,9,D,2009,
CHEMBL467082,CHEMBL467082,O=C(Cc1nccn1-c1ccccc1)Nc1ccc(CCNC[C@H](O)COc2ccccc2)cc1,,6.19,1,6.19,6.19,EC50,F,cell-based format,cell_based,9,D,2009,
CHEMBL467083,CHEMBL467083,O=C(Cc1nccn1Cc1ccccc1)Nc1ccc(CCNC[C@H](O)COc2ccccc2)cc1,,6.75,1,6.75,6.75,EC50,F,cell-based format,cell_based,9,D,2009,
CHEMBL467102,CHEMBL467102,O=C(Cc1nccn1Cc1ccc(Br)cc1)Nc1ccc(CCNC[C@H](O)COc2ccccc2)cc1,,6.72,1,6.72,6.72,EC50,F,cell-based format,cell_based,9,D,2009,
CHEMBL467103,CHEMBL467103,O=C(Cc1nccn1Cc1ccc2ccccc2c1)Nc1ccc(CCNC[C@H](O)COc2ccccc2)cc1,,6.58,1,6.58,6.58,EC50,F,cell-based format,cell_based,9,D,2009,
CHEMBL467116,CHEMBL467116,CN(C(=O)Cc1nccn1Cc1ccccc1)c1ccc(CCNC[C@H](O)COc2ccccc2)cc1,,6.55,1,6.55,6.55,EC50,F,cell-based format,cell_based,9,D,2009,
CHEMBL467117,CHEMBL467117,CCCN(C(=O)Cc1nccn1Cc1ccccc1)c1ccc(CCNC[C@H](O)COc2ccccc2)cc1,,6.3,1,6.3,6.3,EC50,F,cell-based format,cell_based,9,D,2009,
CHEMBL467298,CHEMBL467298,O=C(Cc1nc2ccccc2n1Cc1ccccc1)Nc1ccc(CCNC[C@H](O)COc2ccccc2)cc1,,6.85,1,6.85,6.85,EC50,F,cell-based format,cell_based,9,D,2009,
CHEMBL467301,CHEMBL467301,O=C(Cc1cn(Cc2ccccc2)cn1)Nc1ccc(CCNC[C@H](O)COc2ccccc2)cc1,,6.89,1,6.89,6.89,EC50,F,cell-based format,cell_based,9,D,2009,
CHEMBL467502,CHEMBL467502,O=C(Cc1nccn1Cc1ccc(Cl)cc1)Nc1ccc(CCNC[C@H](O)COc2ccccc2)cc1,,6.57,1,6.57,6.57,EC50,F,cell-based format,cell_based,9,D,2009,
CHEMBL470857,CHEMBL470857,Nc1ccncc1[C@@H](O)CNCCc1ccc(-c2ccc(C(=O)O)c(OC3CCCCC3)c2)cc1,,7.41,1,7.41,7.41,EC50,F,cell-based format,cell_based,9,D,2009,
CHEMBL471,CHEMBL471,CC(C)NCC(O)c1ccc(NS(C)(=O)=O)cc1,SOTALOL,6.08,1,6.08,6.08,Ki,B,cell membrane format,other,8,H,,4
CHEMBL473495,CHEMBL473495,CC(C)Oc1cc(-c2ccc(CCNC[C@H](O)c3cnccc3N)cc2)ccc1C(=O)O,,6.89,1,6.89,6.89,EC50,F,cell-based format,cell_based,9,D,2009,
CHEMBL473702,CHEMBL473702,CC(C)Cc1cc(-c2ccc(CCNC[C@H](O)c3cnccc3N)cc2)ccc1C(=O)O,,6.82,1,6.82,6.82,EC50,F,cell-based format,cell_based,9,D,2009,
CHEMBL475237,CHEMBL475237,NS(=O)(=O)Cc1cccc(CCCCOCCCCCCNC[C@H](O)c2ccc(O)c(CO)c2)c1,,6.0,1,6.0,6.0,EC50,F,cell-based format,cell_based,9,D,2009,
CHEMBL4789047,CHEMBL4789047,Cc1ccc(CN(CC(O)COc2cccc3[nH]ccc23)C(C)(C)C)cc1,,6.1,1,6.1,6.1,Ki,B,single protein format,single_protein,9,D,2021,
CHEMBL446840,CHEMBL483201,NS(=O)(=O)c1cccc(CCCCOCCCCCCNC[C@H](O)c2ccc(O)c(CO)c2)c1,,6.5,1,6.5,6.5,EC50,F,cell-based format,cell_based,9,D,2009,
CHEMBL484265,CHEMBL484265,O=C(O)c1cc(Oc2cccc(CCNC[C@H](O)c3cccc(Cl)c3)c2)ccc1Cl,,7.19,1,7.19,7.19,EC50,F,cell-based format,cell_based,9,D,2008,
CHEMBL485,CHEMBL485,COc1ccc2c3c1O[C@H]1[C@@H](O)C=C[C@H]4[C@@H](C2)N(C)CC[C@@]341,CODEINE,6.05,1,6.05,6.05,AC50,F,assay format,other,8,H,2023,4
CHEMBL4860455,CHEMBL4860455,CC(C)NC(CO)c1cc(F)c(N)c(C#N)c1,,6.71,1,6.71,6.71,EC50,F,cell-based format,cell_based,9,D,2020,
CHEMBL486051,CHEMBL486051,CC(C)Oc1cc(-c2ccc(C[C@@H](C)NC[C@H](O)c3ccccc3)cc2)ccc1C(=O)O,,7.07,1,7.07,7.07,EC50,F,cell-based format,cell_based,9,D,2008,
CHEMBL4860528,CHEMBL4860528,CCCCCNC(=O)/N=C(\N)NCCCc1sc(N)nc1C,,10.12,1,10.12,10.12,Kd,B,cell membrane format,other,9,D,2021,
CHEMBL486278,CHEMBL486278,COc1ccc(CC(C)(C)NC[C@H](O)COc2cccc3[nH]c(=O)[nH]c23)cc1,,8.52,1,8.52,8.52,EC50,B,single protein format,single_protein,8,H,2009,
CHEMBL4867565,CHEMBL4867565,O=S(=O)(c1cccc(F)c1)n1ccc2c(N3CCNCC3)nc3ccccc3c21,,6.77,1,6.77,6.77,Ki,B,single protein format,single_protein,9,D,2021,
CHEMBL487443,CHEMBL487443,CC(C)Oc1cc(-c2ccc(C[C@@H](C)NC[C@H](O)c3cccc(Cl)c3)cc2)ccc1C(=O)O,,7.43,1,7.43,7.43,EC50,F,cell-based format,cell_based,9,D,2008,
CHEMBL487682,CHEMBL487682,CC(C)Cc1cc(-c2ccc(CCNC[C@H](O)c3ccc(N)nc3)cc2)ccc1C(=O)O,,6.82,1,6.82,6.82,EC50,F,cell-based format,cell_based,9,D,2008,
CHEMBL488051,CHEMBL488051,CCOc1cc(-c2ccc(C[C@@H](C)NC[C@H](O)c3ccccc3)cc2)ccc1C(=O)O,,7.21,1,7.21,7.21,EC50,F,cell-based format,cell_based,9,D,2008,
CHEMBL488223,CHEMBL488223,CC(C)Oc1cc(-c2ccc(CCNC[C@H](O)c3ccc(N)nc3)cc2)ccc1C(=O)O,,6.89,1,6.89,6.89,EC50,F,cell-based format,cell_based,9,D,2008,
CHEMBL488224,CHEMBL488224,O=C(O)c1ccc(-c2ccc(CCNC[C@H](O)c3cccnc3)cc2)cc1OC1CCCCC1,,6.32,1,6.32,6.32,EC50,F,cell-based format,cell_based,9,D,2008,
CHEMBL488430,CHEMBL488430,C[C@H](Cc1ccc(-c2ccc(C(=O)O)cc2)cc1)NC[C@H](O)c1cccc(Cl)c1,,7.89,1,7.89,7.89,EC50,F,cell-based format,cell_based,9,D,2008,
CHEMBL488431,CHEMBL488431,C[C@@H](Cc1ccc(-c2ccc(C(=O)O)cc2)cc1)NC[C@H](O)c1cccc(Cl)c1,,7.92,1,7.92,7.92,EC50,F,cell-based format,cell_based,9,D,2008,
CHEMBL489199,CHEMBL489199,COc1ccc(Oc2cccc(CCNC[C@H](O)c3cccc(Cl)c3)c2)cc1C(=O)O,,6.29,1,6.29,6.29,EC50,F,cell-based format,cell_based,9,D,2008,
CHEMBL489200,CHEMBL489200,CC(=O)Nc1ccc(Oc2cccc(CCNC[C@H](O)c3cccc(Cl)c3)c2)cc1C(=O)O,,6.42,1,6.42,6.42,EC50,F,cell-based format,cell_based,9,D,2008,
CHEMBL489201,CHEMBL489201,Cc1ccc(Oc2cccc(CCNC[C@H](O)c3cccc(Cl)c3)c2)cc1C(=O)O,,6.26,1,6.26,6.26,EC50,F,cell-based format,cell_based,9,D,2008,
CHEMBL490222,CHEMBL490222,O=C(Nc1ccc(Oc2cccc(CCNC[C@H](O)c3cccc(Cl)c3)c2)cc1C(=O)O)c1ccccc1,,6.89,1,6.89,6.89,EC50,F,cell-based format,cell_based,9,D,2008,
CHEMBL490415,CHEMBL490415,COc1ccc(Oc2cccc(CCNC[C@H](O)c3cccnc3)c2)cc1C(=O)O,,6.16,1,6.16,6.16,EC50,F,cell-based format,cell_based,9,D,2008,
CHEMBL490733,CHEMBL490733,CC(C)Sc1cc(-c2ccc(CCNC[C@H](O)c3cnccc3N)cc2)ccc1C(=O)NS(C)(=O)=O,,6.41,1,6.41,6.41,EC50,F,cell-based format,cell_based,9,D,2009,
CHEMBL49080,CHEMBL49080,CC(C)(C)NCC(O)c1cc(Cl)c(N)c(Cl)c1,CLENBUTEROL,6.95,3,6.92,7.16,AC50;IC50;Ki,B;F,assay format;cell membrane format,other,8,H,2023,2
CHEMBL491645,CHEMBL491645,CC(C)(C)C(=O)Nc1ccc(Oc2cccc(CCNC[C@H](O)c3cccc(Cl)c3)c2)cc1C(=O)O,,6.21,1,6.21,6.21,EC50,F,cell-based format,cell_based,9,D,2008,
CHEMBL491726,CHEMBL491726,CC(C)Oc1cc(-c2ccc(CCNC[C@H](O)c3cnccc3N)cc2)ccc1C(=O)NS(C)(=O)=O,,6.7,1,6.7,6.7,EC50,F,cell-based format,cell_based,9,D,2009,
CHEMBL492005,CHEMBL492005,CC(=O)Nc1ccc(Oc2cccc(CCNC[C@H](O)c3cccnc3)c2)cc1C(=O)O,,6.72,1,6.72,6.72,EC50,F,cell-based format,cell_based,9,D,2008,
CHEMBL492006,CHEMBL492006,C[C@H](Cc1cccc(Oc2cccc(C(=O)O)c2)c1)NC[C@H](O)c1cccc(Cl)c1,,7.55,1,7.55,7.55,EC50,F,cell-based format,cell_based,9,D,2008,
CHEMBL497280,CHEMBL497280,O=C(O)c1ccc(Oc2ccc3c(c2)C[C@@H](NC[C@H](O)c2cccc(Cl)c2)CC3)s1,,6.17,1,6.17,6.17,EC50,F,cell-based format,cell_based,9,D,2008,
CHEMBL498304,CHEMBL498304,O=C(O)c1ccc(-c2ccc3c(c2)C[C@@H](NC[C@H](O)c2cccc(Cl)c2)CC3)nc1,,6.31,1,6.31,6.31,EC50,F,cell-based format,cell_based,9,D,2008,
CHEMBL498531,CHEMBL498531,O=C(O)c1cccc(Oc2ccc3c(c2)C[C@@H](NC[C@H](O)c2cccc(Cl)c2)CCC3)c1,,6.8,1,6.8,6.8,EC50,F,cell-based format,cell_based,9,D,2008,
CHEMBL498703,CHEMBL498703,O=C(O)c1ccc(Oc2ccc3c(c2)C[C@@H](NC[C@H](O)c2cccc(Cl)c2)CC3)nc1,,7.16,1,7.16,7.16,EC50,F,cell-based format,cell_based,9,D,2008,
CHEMBL499,CHEMBL499,CC(C)(C)NC[C@H](O)COc1nsnc1N1CCOCC1,TIMOLOL,8.59,5,8.22,8.82,AC50;IC50;Ki,B;F,assay format;cell membrane format;cell-based format;single protein format,mixed,8;9,D;H,2018;2023;2024,4
CHEMBL500,CHEMBL500,CC(C)NCC(O)COc1cccc2[nH]ccc12,PINDOLOL,8.829999999999998,6,8.4,9.28,AC50;IC50;Kd;Ki,B;F,assay format;cell membrane format;cell-based format;single protein format,mixed,8;9,D;H,2007;2011;2023,4
CHEMBL4846631,CHEMBL5027923,O=c1ccc2c(C(O)CNCCCc3cccc(F)c3)ccc(O)c2[nH]1,,8.35,1,8.35,8.35,EC50,F,cell-based format,cell_based,9,D,2021,
CHEMBL4855974,CHEMBL5028040,Cc1cccc(CCC(C)(C)NCC(O)c2ccc(O)c3[nH]c(=O)ccc23)c1,,8.58,1,8.58,8.58,EC50,F,cell-based format,cell_based,9,D,2021,
CHEMBL4854261,CHEMBL5028104,CC(C)(CCc1cccc(O)c1)NCC(O)c1ccc(O)c2[nH]c(=O)ccc12,,8.62,1,8.62,8.62,EC50,F,cell-based format,cell_based,9,D,2021,
CHEMBL4860454,CHEMBL5028117,COc1ccc(CCC(C)NCC(O)c2ccc(O)c3[nH]c(=O)ccc23)cc1,,7.35,1,7.35,7.35,EC50,F,cell-based format,cell_based,9,D,2021,
CHEMBL4848617,CHEMBL5028119,COc1ccccc1CC[C@@H](C)NC[C@H](O)c1ccc(O)c2[nH]c(=O)ccc12,,8.73,1,8.73,8.73,EC50,F,cell-based format,cell_based,9,D,2021,
CHEMBL4853372,CHEMBL5028127,CC(CCc1ccc(Cl)cc1)NCC(O)c1ccc(O)c2[nH]c(=O)ccc12,,8.2,1,8.2,8.2,EC50,F,cell-based format,cell_based,9,D,2021,
CHEMBL4856990,CHEMBL5028233,CC(C)(CCc1cccc(Cl)c1)NCC(O)c1ccc(O)c2[nH]c(=O)ccc12,,7.98,1,7.98,7.98,EC50,F,cell-based format,cell_based,9,D,2021,
CHEMBL4859591,CHEMBL5028241,Cc1ccccc1CCCNCC(O)c1ccc(O)c2[nH]c(=O)ccc12,,7.77,1,7.77,7.77,EC50,F,cell-based format,cell_based,9,D,2021,
CHEMBL4860764,CHEMBL5028269,CC(CCc1ccccc1Cl)NCC(O)c1ccc(O)c2[nH]c(=O)ccc12,,8.34,1,8.34,8.34,EC50,F,cell-based format,cell_based,9,D,2021,
CHEMBL4854569,CHEMBL5028293,COc1ccccc1CCC(C)NCC(O)c1ccc(O)c2[nH]c(=O)ccc12,,8.81,1,8.81,8.81,EC50,F,cell-based format,cell_based,9,D,2021,
CHEMBL4857267,CHEMBL5028301,COc1ccccc1CCC(C)(C)NCC(O)c1ccc(O)c2[nH]c(=O)ccc12,,8.69,1,8.69,8.69,EC50,F,cell-based format,cell_based,9,D,2021,
CHEMBL4847767,CHEMBL5028315,CC(CCc1cccc(Cl)c1)NCC(O)c1ccc(O)c2[nH]c(=O)ccc12,,8.35,1,8.35,8.35,EC50,F,cell-based format,cell_based,9,D,2021,
CHEMBL4848704,CHEMBL5028319,Cc1ccccc1CCC(C)(C)NCC(O)c1ccc(O)c2[nH]c(=O)ccc12,,8.67,1,8.67,8.67,EC50,F,cell-based format,cell_based,9,D,2021,
CHEMBL4848775,CHEMBL5028422,COc1ccc(CCC(C)(C)NCC(O)c2ccc(O)c3[nH]c(=O)ccc23)cc1,,8.11,1,8.11,8.11,EC50,F,cell-based format,cell_based,9,D,2021,
CHEMBL4847536,CHEMBL5028449,CC(CCc1ccc(O)cc1)NCC(O)c1ccc(O)c2[nH]c(=O)ccc12,,8.35,1,8.35,8.35,EC50,F,cell-based format,cell_based,9,D,2021,
CHEMBL4848793,CHEMBL5028458,CC(CCc1cccc(O)c1)NCC(O)c1ccc(O)c2[nH]c(=O)ccc12,,8.63,1,8.63,8.63,EC50,F,cell-based format,cell_based,9,D,2021,
CHEMBL4848018,CHEMBL5028489,Cc1ccccc1CCC(C)NCC(O)c1ccc(O)c2[nH]c(=O)ccc12,,8.17,1,8.17,8.17,EC50,F,cell-based format,cell_based,9,D,2021,
CHEMBL4865833,CHEMBL5028523,Cc1ccc(CCC(C)NCC(O)c2ccc(O)c3[nH]c(=O)ccc23)cc1,,7.98,1,7.98,7.98,EC50,F,cell-based format,cell_based,9,D,2021,
CHEMBL4868938,CHEMBL5028525,CC(C)(CCc1ccccc1Cl)NCC(O)c1ccc(O)c2[nH]c(=O)ccc12,,8.76,1,8.76,8.76,EC50,F,cell-based format,cell_based,9,D,2021,
CHEMBL4868763,CHEMBL5028547,CC(CCc1ccc(F)cc1)NCC(O)c1ccc(O)c2[nH]c(=O)ccc12,,7.98,1,7.98,7.98,EC50,F,cell-based format,cell_based,9,D,2021,
CHEMBL4863847,CHEMBL5028596,COc1cccc(CCC(C)(C)NCC(O)c2ccc(O)c3[nH]c(=O)ccc23)c1,,8.12,1,8.12,8.12,EC50,F,cell-based format,cell_based,9,D,2021,
CHEMBL4866766,CHEMBL5028602,CC(C)(CCc1ccc(O)cc1)NCC(O)c1ccc(O)c2[nH]c(=O)ccc12,,7.65,1,7.65,7.65,EC50,F,cell-based format,cell_based,9,D,2021,
CHEMBL4863282,CHEMBL5028641,COc1cccc(CCC(C)NCC(O)c2ccc(O)c3[nH]c(=O)ccc23)c1,,8.59,1,8.59,8.59,EC50,F,cell-based format,cell_based,9,D,2021,
CHEMBL4868585,CHEMBL5028721,CC(C)(CCc1cccc(Cl)c1)NC[C@H](O)c1ccc(O)c2[nH]c(=O)ccc12,,9.22,1,9.22,9.22,EC50,F,cell-based format,cell_based,9,D,2021,
CHEMBL4871708,CHEMBL5028726,CC(C)(CCc1ccc(Cl)cc1)NCC(O)c1ccc(O)c2[nH]c(=O)ccc12,,8.51,1,8.51,8.51,EC50,F,cell-based format,cell_based,9,D,2021,
CHEMBL4862449,CHEMBL5028738,CC(C)(CCc1ccc(Cl)cc1)NC[C@H](O)c1ccc(O)c2[nH]c(=O)ccc12,,9.07,1,9.07,9.07,EC50,F,cell-based format,cell_based,9,D,2021,
CHEMBL4865710,CHEMBL5028744,Cc1ccc(CCC(C)(C)NCC(O)c2ccc(O)c3[nH]c(=O)ccc23)cc1,,7.61,1,7.61,7.61,EC50,F,cell-based format,cell_based,9,D,2021,
CHEMBL4870623,CHEMBL5028756,Cc1cccc(CCCNCC(O)c2ccc(O)c3[nH]c(=O)ccc23)c1,,7.84,1,7.84,7.84,EC50,F,cell-based format,cell_based,9,D,2021,
CHEMBL4872653,CHEMBL5028764,O=c1ccc2c(C(O)CNCCCc3cccc(C(F)(F)F)c3)ccc(O)c2[nH]1,,7.11,1,7.11,7.11,EC50,F,cell-based format,cell_based,9,D,2021,
CHEMBL4873280,CHEMBL5028767,Cc1ccc(CCCNCC(O)c2ccc(O)c3[nH]c(=O)ccc23)cc1,,7.52,1,7.52,7.52,EC50,F,cell-based format,cell_based,9,D,2021,
CHEMBL4872480,CHEMBL5028793,O=c1ccc2c(C(O)CNCCCc3cc(F)cc(F)c3)ccc(O)c2[nH]1,,8.37,1,8.37,8.37,EC50,F,cell-based format,cell_based,9,D,2021,
CHEMBL4865514,CHEMBL5028807,COc1cc(CCC(C)NCC(O)c2ccc(O)c3[nH]c(=O)ccc23)cc(OC)c1OC,,7.45,1,7.45,7.45,EC50,F,cell-based format,cell_based,9,D,2021,
CHEMBL4868684,CHEMBL5028836,CC(CCc1cccc(F)c1)NCC(O)c1ccc(O)c2[nH]c(=O)ccc12,,8.51,1,8.51,8.51,EC50,F,cell-based format,cell_based,9,D,2021,
CHEMBL4873082,CHEMBL5028871,Cc1cccc(CCC(C)NCC(O)c2ccc(O)c3[nH]c(=O)ccc23)c1,,8.39,1,8.39,8.39,EC50,F,cell-based format,cell_based,9,D,2021,
CHEMBL4874945,CHEMBL5028930,O=c1ccc2c(C(O)CNCCCc3ccc(F)cc3)ccc(O)c2[nH]1,,7.79,1,7.79,7.79,EC50,F,cell-based format,cell_based,9,D,2021,
CHEMBL507003,CHEMBL507003,C[C@H](Cc1ccc(-c2ccc(C(=O)O)cc2)cc1)NC[C@H](O)c1ccccc1,,7.66,1,7.66,7.66,EC50,F,cell-based format,cell_based,9,D,2008,
CHEMBL507506,CHEMBL507506,CCCOc1cc(-c2ccc(C[C@@H](C)NC[C@H](O)c3cccnc3)cc2)ccc1C(=O)O,,6.72,1,6.72,6.72,EC50,F,cell-based format,cell_based,9,D,2008,
CHEMBL509156,CHEMBL509156,C[C@H](Cc1ccc(-c2ccc(C(=O)O)c(OC3CCCCC3)c2)cc1)NC[C@H](O)c1ccccc1,,7.55,1,7.55,7.55,EC50,F,cell-based format,cell_based,9,D,2008,
CHEMBL509729,CHEMBL509729,O=C(O)c1cc(NC2CCCCC2)cc(Oc2ccc3c(c2)C[C@@H](NC[C@H](O)c2cccc(Cl)c2)CC3)c1,,7.16,1,7.16,7.16,EC50,F,cell-based format,cell_based,9,D,2008,
CHEMBL510100,CHEMBL510100,CC(C)Oc1cc(-c2ccc(CCN[C@@H](C)[C@H](O)c3ccc(O)cc3)cc2)ccc1C(=O)O,,6.3,1,6.3,6.3,EC50,F,cell-based format,cell_based,9,D,2008,
CHEMBL510102,CHEMBL510102,C[C@H](Cc1ccc(-c2ccc(C(=O)O)cc2)cc1)NC[C@H](O)c1cccnc1,,7.12,1,7.12,7.12,EC50,F,cell-based format,cell_based,9,D,2008,
CHEMBL512099,CHEMBL512099,O=C(Cc1nccn1Cc1ccccc1)N1CCCc2cc(CCNC[C@H](O)COc3ccccc3)ccc21,,6.77,1,6.77,6.77,EC50,F,cell-based format,cell_based,9,D,2009,
CHEMBL512147,CHEMBL512147,CC(C)Oc1cc(-c2ccc(CCNC[C@H](O)c3ccc(O)c(NS(C)(=O)=O)c3)cc2)ccc1C(=O)O,,6.82,1,6.82,6.82,EC50,F,cell-based format,cell_based,9,D,2008,
CHEMBL513389,CHEMBL513389,Cc1ccc(OCC(O)C(C)NC(C)C)c2c1CCC2,ZENIDOLOL,6.77,2,6.62,6.92,Kd,B;F,cell-based format,cell_based,9,D,2013;2023,2
CHEMBL514094,CHEMBL514094,Nc1cc(Oc2ccc3c(c2)C[C@@H](NC[C@H](O)c2cccc(Cl)c2)CC3)cc(C(=O)O)c1,,6.32,1,6.32,6.32,EC50,F,cell-based format,cell_based,9,D,2008,
CHEMBL514102,CHEMBL514102,O=C(O)c1ccc(-c2ccc3c(c2)C[C@@H](NC[C@H](O)c2ccc(Cl)cc2)CC3)cc1,,6.04,1,6.04,6.04,EC50,F,cell-based format,cell_based,9,D,2008,
CHEMBL514265,CHEMBL514265,Cc1cc(-c2ccc3c(c2)C[C@@H](NC[C@H](O)c2ccc(Cl)cc2)CC3)ccc1C(=O)O,,6.08,1,6.08,6.08,EC50,F,cell-based format,cell_based,9,D,2008,
CHEMBL515349,CHEMBL515349,O=C(O)c1cc(NC2CCOCC2)cc(Oc2ccc3c(c2)C[C@@H](NC[C@H](O)c2cccc(Cl)c2)CC3)c1,,6.47,1,6.47,6.47,EC50,F,cell-based format,cell_based,9,D,2008,
CHEMBL516002,CHEMBL516002,O=C(O)c1ccc(-c2ccc3c(c2)C[C@@H](NC[C@H](O)c2ccc(Cl)nc2)CC3)cc1,,6.7,1,6.7,6.7,EC50,F,cell-based format,cell_based,9,D,2008,
CHEMBL516785,CHEMBL516785,CC(C)Oc1cc(-c2ccc(OCCNC[C@H](O)c3ccccc3)cc2)ccc1C(=O)O,,6.29,1,6.29,6.29,EC50,F,cell-based format,cell_based,9,D,2008,
CHEMBL516804,CHEMBL516804,CC(C)Oc1cc(-c2ccc(CCNC[C@H](O)c3cccc(F)c3)cc2)ccc1C(=O)O,,6.5,1,6.5,6.5,EC50,F,cell-based format,cell_based,9,D,2008,
CHEMBL518168,CHEMBL518168,CC(C)Oc1cc(-c2ccc(CCNC[C@H](O)c3cccc(O)c3)cc2)ccc1C(=O)O,,6.36,1,6.36,6.36,EC50,F,cell-based format,cell_based,9,D,2008,
CHEMBL519985,CHEMBL519985,CC(=O)Nc1cc(Oc2cccc(CCNC[C@H](O)c3cccc(Cl)c3)c2)cc(C(=O)O)c1,,6.62,1,6.62,6.62,EC50,F,cell-based format,cell_based,9,D,2008,
CHEMBL520903,CHEMBL520903,COc1cc(-c2ccc(C[C@@H](C)NC[C@H](O)c3ccccc3)cc2)ccc1C(=O)O,,7.08,1,7.08,7.08,EC50,F,cell-based format,cell_based,9,D,2008,
CHEMBL521606,CHEMBL521606,CC(C)(C)NCC(O)COc1cccc2c1CC(O)C(O)C2,NADOLOL,6.99,1,6.99,6.99,AC50,F,assay format,other,8,H,2023,4
CHEMBL521611,CHEMBL521611,O=C(O)c1cc(Oc2cccc(CCNC[C@H](O)c3cccc(Cl)c3)c2)ccc1F,,6.85,1,6.85,6.85,EC50,F,cell-based format,cell_based,9,D,2008,
CHEMBL5182943,CHEMBL5221893,COc1cc(OC)c(C2NCCc3c2[nH]c2ccc(F)cc32)cc1OC,,6.02,1,6.02,6.02,Ki,B,single protein format,single_protein,9,D,2022,
CHEMBL5201074,CHEMBL5222491,C[C@@H](NC(=O)/N=C(\N)NCCCc1ncn[nH]1)c1ccccc1,,10.12,1,10.12,10.12,Kd,B,cell membrane format,other,9,D,2021,
CHEMBL5207281,CHEMBL5222802,CCCCCNC(=O)/N=C(\N)NCCCc1nnc(N)s1,,10.12,1,10.12,10.12,Kd,B,cell membrane format,other,9,D,2021,
CHEMBL5206565,CHEMBL5222872,N/C(=N\C(=O)NCc1ccccc1)NCCCc1nnc(N)s1,,10.12,1,10.12,10.12,Kd,B,cell membrane format,other,9,D,2021,
CHEMBL522641,CHEMBL522641,O=C(O)c1cc(Oc2cccc(CCNC[C@H](O)c3cccnc3)c2)ccc1F,,6.08,1,6.08,6.08,EC50,F,cell-based format,cell_based,9,D,2008,
CHEMBL523149,CHEMBL523149,CCOc1cc(-c2ccc(CCNC[C@H](O)c3cnccc3N)cc2)ccc1C(=O)NS(C)(=O)=O,,7.03,1,7.03,7.03,EC50,F,cell-based format,cell_based,9,D,2009,
CHEMBL523265,CHEMBL523265,CC(C)Oc1ccc(Oc2cccc(CCNC[C@H](O)c3cccc(Cl)c3)c2)cc1C(=O)O,,6.09,1,6.09,6.09,EC50,F,cell-based format,cell_based,9,D,2008,
CHEMBL52407,CHEMBL52407,CCCCCCCCc1nc(N2CCc3cc(S(=O)(=O)Nc4ccccc4)ccc32)no1,,6.24,1,6.24,6.24,IC50,B,cell-based format,cell_based,8,H,1999,
CHEMBL524145,CHEMBL524145,O=C(O)c1cc(NC(=O)c2ccccc2)cc(Oc2cccc(CCNC[C@H](O)c3cccc(Cl)c3)c2)c1,,6.72,1,6.72,6.72,EC50,F,cell-based format,cell_based,9,D,2008,
CHEMBL529659,CHEMBL529659,Nc1ccc([C@@H](O)CNCCc2ccc(-c3ccc(C(=O)O)c(OC4CCCCC4)c3)cc2)cn1,,7.41,1,7.41,7.41,EC50,F,cell-based format,cell_based,9,D,2008,
CHEMBL53359,CHEMBL53359,CCCCCCCCc1ccnc(N2CCc3cc(S(=O)(=O)Nc4ccccc4)ccc32)n1,,6.0,1,6.0,6.0,IC50,B,cell-based format,cell_based,8,H,1999,
CHEMBL53679,CHEMBL53679,CCCCCCCCc1csc(Nc2ccc(S(=O)(=O)Nc3ccccc3)cc2)n1,,6.19,1,6.19,6.19,IC50,B,cell-based format,cell_based,8,H,1999,
CHEMBL539226,CHEMBL539226,O=C(Cc1cccs1)Nc1ccc(CCNC[C@H](O)COc2ccc(O)cc2)cc1,,6.26,1,6.26,6.26,EC50,F,cell-based format,cell_based,9,D,2009,
CHEMBL5397120,CHEMBL5397120,CCc1ccccc1OC[C@@H](O)CNCCC(c1ccccc1)c1ccccc1,,6.6899999999999995,2,6.51,6.87,EC50;Kd,F,cell-based format,cell_based,9,D,2023,
CHEMBL5415148,CHEMBL5415148,O[C@@H](CNCC1COc2ccccc2O1)COc1ccc2c(c1)OCO2,,6.5,1,6.5,6.5,EC50,F,cell-based format,cell_based,9,D,2023,
CHEMBL5427527,CHEMBL5427527,O[C@@H](CNCC1COc2ccccc2O1)COc1cccc2cnccc12,,7.0600000000000005,2,6.99,7.13,EC50;Kd,F,cell-based format,cell_based,9,D,2023,
CHEMBL5430355,CHEMBL5430355,CC1(C)CC(=O)c2ccc(OC[C@@H](O)CNCCC(c3ccccc3)c3ccccc3)cc2O1,,6.555,2,6.52,6.59,EC50;Kd,F,cell-based format,cell_based,9,D,2023,
CHEMBL546,CHEMBL546,C=CCOc1ccccc1OCC(O)CNC(C)C,OXPRENOLOL,8.18,1,8.18,8.18,AC50,F,assay format,other,8,H,2023,4
CHEMBL1203993,CHEMBL549421,O[C@@H](CNCCc1ccc(NC(=S)Nc2ccccc2)cc1)COc1ccccc1,,6.96,1,6.96,6.96,EC50,F,cell-based format,cell_based,9,D,2009,
CHEMBL1203998,CHEMBL549487,O[C@@H](CNCCc1ccc(NC(=S)Nc2ccc(Br)cc2)cc1)COc1ccccc1,,7.16,1,7.16,7.16,EC50,F,cell-based format,cell_based,9,D,2009,
CHEMBL1203999,CHEMBL549689,COC(=O)c1ccc(NC(=S)Nc2ccc(CCNC[C@H](O)COc3ccccc3)cc2)cc1,,7.22,1,7.22,7.22,EC50,F,cell-based format,cell_based,9,D,2009,
CHEMBL1204002,CHEMBL549960,O[C@@H](CNCCc1ccc(NC(=S)Nc2ccc(I)cc2)cc1)COc1ccccc1,,7.16,1,7.16,7.16,EC50,F,cell-based format,cell_based,9,D,2009,
CHEMBL1203994,CHEMBL550037,O=[N+]([O-])c1ccccc1NC(=S)Nc1ccc(CCNC[C@H](O)COc2ccccc2)cc1,,7.22,1,7.22,7.22,EC50,F,cell-based format,cell_based,9,D,2009,
CHEMBL1204000,CHEMBL550096,Cc1ccc(NC(=S)Nc2ccc(CCNC[C@H](O)COc3ccccc3)cc2)cc1,,7.0,1,7.0,7.0,EC50,F,cell-based format,cell_based,9,D,2009,
CHEMBL1203995,CHEMBL550444,COc1ccccc1NC(=S)Nc1ccc(CCNC[C@H](O)COc2ccccc2)cc1,,6.68,2,6.47,6.89,EC50,F,cell-based format,cell_based,9,D,2009,
CHEMBL1203996,CHEMBL550445,COc1cccc(NC(=S)Nc2ccc(CCNC[C@H](O)COc3ccccc3)cc2)c1,,7.16,1,7.16,7.16,EC50,F,cell-based format,cell_based,9,D,2009,
CHEMBL550743,CHEMBL550743,NC(C(=O)Nc1ccc(CCNC[C@H](O)COc2ccc(O)cc2)cc1)c1ccccc1,,6.18,1,6.18,6.18,EC50,F,cell-based format,cell_based,9,D,2009,
CHEMBL550746,CHEMBL550746,O=C(Cc1ccccc1)Nc1ccc(CCNC[C@H](O)COc2ccc(O)cc2)cc1,,6.12,1,6.12,6.12,EC50,F,cell-based format,cell_based,9,D,2009,
CHEMBL550871,CHEMBL550871,CC(C)Oc1cc(-c2ccc(CCN[C@@H](C)[C@H](O)c3cccc(O)c3)cc2)ccc1C(=O)NS(C)(=O)=O,,6.89,1,6.89,6.89,EC50,F,cell-based format,cell_based,9,D,2009,
CHEMBL1203997,CHEMBL550906,O=C(Nc1ccc(CCNC[C@H](O)COc2ccccc2)cc1)c1ccccc1,,7.7,1,7.7,7.7,EC50,F,cell-based format,cell_based,9,D,2009,
CHEMBL551272,CHEMBL551272,CC(C)Oc1cc(-c2ccc(CCN[C@@H](C)[C@H](O)c3ccc(O)cc3)cc2)ccc1C(=O)NS(C)(=O)=O,,6.54,1,6.54,6.54,EC50,F,cell-based format,cell_based,9,D,2009,
CHEMBL551350,CHEMBL551350,COc1ccc(CC(=O)Nc2ccc(CCNC[C@H](O)COc3ccc(O)cc3)cc2)cc1,,6.55,1,6.55,6.55,EC50,F,cell-based format,cell_based,9,D,2009,
CHEMBL2448072,CHEMBL551389,O[C@@H](CNCCc1ccc(NC(=S)Nc2ccc(Cl)cc2)cc1)COc1ccccc1,,7.52,1,7.52,7.52,EC50,F,cell-based format,cell_based,9,D,2009,
CHEMBL551532,CHEMBL551532,CC(C)Cc1cc(-c2ccc(C[C@@H](C)NC[C@H](O)c3ccccc3)cc2)ccc1C(=O)NS(C)(=O)=O,,7.14,1,7.14,7.14,EC50,F,cell-based format,cell_based,9,D,2009,
CHEMBL551831,CHEMBL551831,O=C(Nc1ccc(CCNC[C@H](O)COc2ccc(O)cc2)cc1)C(c1ccccc1)c1ccccc1,,6.75,1,6.75,6.75,EC50,F,cell-based format,cell_based,9,D,2009,
CHEMBL551832,CHEMBL551832,O=C(Nc1ccc(CCNC[C@H](O)COc2ccc(O)cc2)cc1)C(O)c1ccccc1,,6.23,1,6.23,6.23,EC50,F,cell-based format,cell_based,9,D,2009,
CHEMBL551892,CHEMBL551892,O=C(Cc1ccsc1)Nc1ccc(CCNC[C@H](O)COc2ccc(O)cc2)cc1,,6.31,1,6.31,6.31,EC50,F,cell-based format,cell_based,9,D,2009,
CHEMBL1203992,CHEMBL552253,O=C(Nc1ccc(CCNC[C@H](O)COc2ccccc2)cc1)Oc1ccccc1,,7.4,1,7.4,7.4,EC50,F,cell-based format,cell_based,9,D,2009,
CHEMBL2448074,CHEMBL552368,O[C@@H](CNCCc1ccc(NC(=S)Nc2cccc(Cl)c2)cc1)COc1ccccc1,,7.0,1,7.0,7.0,EC50,F,cell-based format,cell_based,9,D,2009,
CHEMBL1204001,CHEMBL552374,O[C@@H](CNCCc1ccc(NC(=S)Nc2ccc(F)cc2)cc1)COc1ccccc1,,7.05,1,7.05,7.05,EC50,F,cell-based format,cell_based,9,D,2009,
CHEMBL552434,CHEMBL552434,O=C(CC1C=Nc2ccccc21)Nc1ccc(CCNC[C@H](O)COc2ccc(O)cc2)cc1,,6.26,1,6.26,6.26,EC50,F,cell-based format,cell_based,9,D,2009,
CHEMBL1204004,CHEMBL556274,O[C@@H](CNCCc1ccc(Nc2ccccc2)cc1)COc1ccccc1,,8.0,1,8.0,8.0,EC50,F,cell-based format,cell_based,9,D,2009,
CHEMBL1204005,CHEMBL556689,N#C/N=C(\Nc1ccccc1)Nc1ccc(CCNC[C@H](O)COc2ccccc2)cc1,,7.05,2,6.85,7.25,EC50,F,cell-based format,cell_based,9,D,2009,
CHEMBL1204006,CHEMBL557095,O[C@@H](CNCCc1ccc(NC(=S)NCc2ccccc2)cc1)COc1ccccc1,,7.4,1,7.4,7.4,EC50,F,cell-based format,cell_based,9,D,2009,
CHEMBL557253,CHEMBL557253,C[C@H](NCCc1ccc(-c2ccc(C(=O)NS(C)(=O)=O)c(OC3CCCCC3)c2)cc1)[C@H](O)c1ccc(O)cc1,,6.96,1,6.96,6.96,EC50,F,cell-based format,cell_based,9,D,2009,
CHEMBL557269,CHEMBL557269,COc1ccccc1CC(=O)Nc1ccc(CCNC[C@H](O)COc2ccc(O)cc2)cc1,,6.02,1,6.02,6.02,EC50,F,cell-based format,cell_based,9,D,2009,
CHEMBL2448075,CHEMBL557295,O[C@@H](CNCCc1ccc(NC(=S)Nc2ccccc2Cl)cc1)COc1ccccc1,,7.22,1,7.22,7.22,EC50,F,cell-based format,cell_based,9,D,2009,
CHEMBL1204007,CHEMBL557705,COc1ccc(NC(=S)Nc2ccc(CCNC[C@H](O)COc3ccccc3)cc2)cc1,,7.16,1,7.16,7.16,EC50,F,cell-based format,cell_based,9,D,2009,
CHEMBL1203991,CHEMBL561173,NS(=O)(=O)c1ccc(NC(=S)Nc2ccc(CCNC[C@H](O)COc3ccccc3)cc2)cc1,,7.52,1,7.52,7.52,EC50,F,cell-based format,cell_based,9,D,2009,
CHEMBL561211,CHEMBL561211,COc1cccc(CC(=O)Nc2ccc(CCNC[C@H](O)COc3ccc(O)cc3)cc2)c1,,6.15,1,6.15,6.15,EC50,F,cell-based format,cell_based,9,D,2009,
CHEMBL561291,CHEMBL561291,O=C(Cc1ccc2ccccc2c1)Nc1ccc(CCNC[C@H](O)COc2ccc(O)cc2)cc1,,6.82,1,6.82,6.82,EC50,F,cell-based format,cell_based,9,D,2009,
CHEMBL561348,CHEMBL561348,O=C(Cc1cccc(Cl)c1)Nc1ccc(CCNC[C@H](O)COc2ccc(O)cc2)cc1,,7.08,1,7.08,7.08,EC50,F,cell-based format,cell_based,9,D,2009,
CHEMBL561693,CHEMBL561693,O=C(Cc1ccncc1)Nc1ccc(CCNC[C@H](O)COc2ccc(O)cc2)cc1,,6.58,1,6.58,6.58,EC50,F,cell-based format,cell_based,9,D,2009,
CHEMBL561743,CHEMBL561743,CC(C)Oc1cc(-c2ccc(CCNC[C@H](O)c3ccc(O)c(NS(C)(=O)=O)c3)cc2)ccc1C(=O)NS(C)(=O)=O,,6.82,1,6.82,6.82,EC50,F,cell-based format,cell_based,9,D,2009,
CHEMBL561818,CHEMBL561818,O=C(Cc1cccnc1)Nc1ccc(CCNC[C@H](O)COc2ccc(O)cc2)cc1,,6.04,1,6.04,6.04,EC50,F,cell-based format,cell_based,9,D,2009,
CHEMBL562153,CHEMBL562153,O=C(Cc1cc2ccccc2cn1)Nc1ccc(CCNC[C@H](O)COc2ccc(O)cc2)cc1,,6.46,1,6.46,6.46,EC50,F,cell-based format,cell_based,9,D,2009,
CHEMBL1203988,CHEMBL562315,O[C@@H](CNCCc1ccc(NC(=S)NC2CCCCC2)cc1)COc1ccccc1,,7.3,1,7.3,7.3,EC50,F,cell-based format,cell_based,9,D,2009,
CHEMBL1203989,CHEMBL562669,O=[N+]([O-])c1cccc(NC(=S)Nc2ccc(CCNC[C@H](O)COc3ccccc3)cc2)c1,,7.1,1,7.1,7.1,EC50,F,cell-based format,cell_based,9,D,2009,
CHEMBL56308,CHEMBL56308,CCCCCCc1cccc(N2CCc3cc(S(=O)(=O)Nc4ccccc4)ccc32)c1,,6.16,1,6.16,6.16,IC50,B,cell-based format,cell_based,8,H,1999,
CHEMBL563810,CHEMBL563810,O=C(Cc1ccc(Cl)cc1)Nc1ccc(CCNC[C@H](O)COc2ccc(O)cc2)cc1,,6.72,1,6.72,6.72,EC50,F,cell-based format,cell_based,9,D,2009,
CHEMBL563872,CHEMBL563872,O=S(=O)(Nc1ccc(CCNC[C@H](O)COc2ccccc2)cc1)c1ccccc1,,6.96,1,6.96,6.96,EC50,F,cell-based format,cell_based,9,D,2009,
CHEMBL1203990,CHEMBL564516,O=[N+]([O-])c1ccc(NC(=S)Nc2ccc(CCNC[C@H](O)COc3ccccc3)cc2)cc1,,7.05,1,7.05,7.05,EC50,F,cell-based format,cell_based,9,D,2009,
CHEMBL564544,CHEMBL564544,O=C(Cc1ccccc1Cl)Nc1ccc(CCNC[C@H](O)COc2ccc(O)cc2)cc1,,6.14,1,6.14,6.14,EC50,F,cell-based format,cell_based,9,D,2009,
CHEMBL564556,CHEMBL564556,O=C(Cc1cccc2ccccc12)Nc1ccc(CCNC[C@H](O)COc2ccc(O)cc2)cc1,,6.22,1,6.22,6.22,EC50,F,cell-based format,cell_based,9,D,2009,
CHEMBL1203987,CHEMBL564648,O[C@@H](CNCCc1ccc(NC(=S)NCCc2ccccc2)cc1)COc1ccccc1,,7.52,1,7.52,7.52,EC50,F,cell-based format,cell_based,9,D,2009,
CHEMBL565267,CHEMBL565267,CC(C)(Cc1cc(F)cc(F)c1)NCC(O)c1ccc(O)c2c1OCC(=O)N2,,8.14,1,8.14,8.14,EC50,F,cell-based format,cell_based,9,D,2009,
CHEMBL565685,CHEMBL565685,CC(C)(Cc1ccc(C(C)(C)C)cc1)NCC(O)c1ccc(O)c2c1OCC(=O)N2,,7.58,1,7.58,7.58,EC50,F,cell-based format,cell_based,9,D,2009,
CHEMBL565686,CHEMBL565686,CC(C)(Cc1ccc(-c2ccccc2)cc1)NCC(O)c1ccc(O)c2c1OCC(=O)N2,,8.3,1,8.3,8.3,EC50,F,cell-based format,cell_based,9,D,2009,
CHEMBL565747,CHEMBL565747,CC(C)(Cc1ccc(NC(=O)CCCNC(=O)C(N)CCCN)cc1)NCC(O)c1ccc(O)c2c1OCC(=O)N2,,7.62,1,7.62,7.62,EC50,F,cell-based format,cell_based,9,D,2009,
CHEMBL565770,CHEMBL565770,CC(C)(Cc1ccc(NC(=O)CCCNC(=N)N)cc1)NCC(O)c1cc(O)cc2c1OCC(=O)N2,,7.75,1,7.75,7.75,EC50,F,cell-based format,cell_based,9,D,2009,
CHEMBL566353,CHEMBL566353,CCc1ccc(CC(C)(C)NCC(O)c2cc(Cl)c(N)c(Cl)c2)cc1,,6.16,1,6.16,6.16,EC50,F,cell-based format,cell_based,9,D,2009,
CHEMBL566777,CHEMBL566777,Cc1ccccc1CC(C)(C)NCC(O)c1ccc(O)c(CO)c1,,6.53,1,6.53,6.53,EC50,F,cell-based format,cell_based,9,D,2009,
CHEMBL566973,CHEMBL566973,CC(C)(Cc1cccc(C(=O)O)c1)NCC(O)c1ccc(O)c2c1OCC(=O)N2,,6.6,1,6.6,6.6,EC50,F,cell-based format,cell_based,9,D,2009,
CHEMBL567192,CHEMBL567192,CCc1ccc(CC(C)(C)NCC(O)c2ccc(O)c3c2OCC(=O)N3)cc1,,8.25,1,8.25,8.25,EC50,F,cell-based format,cell_based,9,D,2009,
CHEMBL56768,CHEMBL56768,CCCCCCc1nc(N2CCc3cc(S(=O)(=O)Nc4ccccc4)ccc32)no1,,6.22,1,6.22,6.22,IC50,B,cell-based format,cell_based,8,H,1999,
CHEMBL567833,CHEMBL567833,Cc1cccc(CC(C)(C)NCC(O)c2ccc(O)c3c2OCC(=O)N3)c1,,8.3,1,8.3,8.3,EC50,F,cell-based format,cell_based,9,D,2009,
CHEMBL567843,CHEMBL567843,CC(C)c1ccc(CC(C)(C)NCC(O)c2cc(Cl)c(N)c(Cl)c2)cc1,,6.0,1,6.0,6.0,EC50,F,cell-based format,cell_based,9,D,2009,
CHEMBL567863,CHEMBL567863,CC(C)(Cc1ccccc1)NCC(O)c1ccc(O)c2c1OCC(=O)N2,,9.1,1,9.1,9.1,EC50,F,cell-based format,cell_based,9,D,2009,
CHEMBL568060,CHEMBL568060,CC(C)(Cc1cc(F)cc(F)c1)NCC(O)c1cc(Cl)c(N)c(Cl)c1,,6.19,1,6.19,6.19,EC50,F,cell-based format,cell_based,9,D,2009,
CHEMBL568239,CHEMBL568239,CC(C)(Cc1ccc(NC(=O)CCCNC(=O)CCN)cc1)NCC(O)c1ccc(O)c2c1OCC(=O)N2,,8.34,1,8.34,8.34,EC50,F,cell-based format,cell_based,9,D,2009,
CHEMBL568272,CHEMBL568272,CC(C)(Cc1ccc(O)cc1)NCC(O)c1ccc(O)c2c1OCC(=O)N2,,9.05,1,9.05,9.05,EC50,F,cell-based format,cell_based,9,D,2009,
CHEMBL568273,CHEMBL568273,CC(C)(Cc1cccc(C(F)(F)F)c1)NCC(O)c1ccc(O)c2c1OCC(=O)N2,,8.43,1,8.43,8.43,EC50,F,cell-based format,cell_based,9,D,2009,
CHEMBL568531,CHEMBL568531,CC(C)(Cc1ccc(OC(F)(F)F)cc1)NCC(O)c1ccc(O)c2c1OCC(=O)N2,,8.44,1,8.44,8.44,EC50,F,cell-based format,cell_based,9,D,2009,
CHEMBL568667,CHEMBL568667,CC(C)(Cc1ccc(NC(=O)CCCN)cc1)NCC(O)c1cc(O)cc2c1OCC(=O)N2,,7.96,1,7.96,7.96,EC50,F,cell-based format,cell_based,9,D,2009,
CHEMBL570834,CHEMBL570834,CN1CCN(CC(=O)NCCCC(=O)Nc2ccc(CC(C)(C)NCC(O)c3ccc(O)c4c3OCC(=O)N4)cc2)CC1,,8.24,1,8.24,8.24,EC50,F,cell-based format,cell_based,9,D,2009,
CHEMBL57430,CHEMBL57430,CCCCCCCCNC(=O)N1CCc2cc(S(=O)(=O)Nc3ccccc3)ccc21,,6.0,1,6.0,6.0,IC50,B,cell-based format,cell_based,8,H,1999,
CHEMBL5744358,CHEMBL5744358,CC(C)(C)NC[C@H](O)c1cccc(C(F)(F)F)n1,,7.26,1,7.26,7.26,EC50,B,organism-based format,other,9,D,2021,
CHEMBL576428,CHEMBL576428,CN(C)CC(=O)NCCCC(=O)Nc1ccc(CC(C)(C)NCC(O)c2ccc(O)c3c2OCC(=O)N3)cc1,,8.28,1,8.28,8.28,EC50,F,cell-based format,cell_based,9,D,2009,
CHEMBL576848,CHEMBL576848,CC(C)c1ccc(CC(C)(C)NCC(O)c2ccc(O)c3c2OCC(=O)N3)cc1,,8.17,1,8.17,8.17,EC50,F,cell-based format,cell_based,9,D,2009,
CHEMBL577289,CHEMBL577289,CC(C)(Cc1ccc(C(=O)O)cc1)NCC(O)c1ccc(O)c2c1OCC(=O)N2,,7.48,1,7.48,7.48,EC50,F,cell-based format,cell_based,9,D,2009,
CHEMBL577702,CHEMBL577702,CC(C)(Cc1ccc(NC(=O)CCCN)cc1)NCC(O)c1ccc(O)c2c1OCC(=O)N2,,8.47,1,8.47,8.47,EC50,F,cell-based format,cell_based,9,D,2009,
CHEMBL577917,CHEMBL577917,CC(C)(Cc1ccc(NC(=O)CCCNC(=N)N)cc1)NCC(O)c1ccc(O)c2c1OCC(=O)N2,,8.74,1,8.74,8.74,EC50,F,cell-based format,cell_based,9,D,2009,
CHEMBL579394,CHEMBL579394,Cc1ccccc1CC(C)(C)NCC(O)c1ccc(O)c2c1OCC(=O)N2,,9.22,1,9.22,9.22,EC50,F,cell-based format,cell_based,9,D,2009,
CHEMBL583235,CHEMBL583235,CC(C)(Cc1ccc(NC(=O)CCCNC(=O)CN)cc1)NCC(O)c1ccc(O)c2c1OCC(=O)N2,,8.35,1,8.35,8.35,EC50,F,cell-based format,cell_based,9,D,2009,
CHEMBL584498,CHEMBL584498,CC(C)(Cc1ccc(C(F)(F)F)cc1)NCC(O)c1ccc(O)c2c1OCC(=O)N2,,8.43,1,8.43,8.43,EC50,F,cell-based format,cell_based,9,D,2009,
CHEMBL585751,CHEMBL585751,CC(C)(Cc1ccc(NC(=O)CCCNCCCS(=O)(=O)O)cc1)NCC(O)c1ccc(O)c2c1OCC(=O)N2,,8.0,1,8.0,8.0,EC50,F,cell-based format,cell_based,9,D,2009,
CHEMBL592879,CHEMBL592879,CC(C)(Cc1ccccc1)NCC(O)c1cc(O)cc2c1OCC(=O)N2,,7.46,1,7.46,7.46,EC50,F,cell-based format,cell_based,9,D,2010,
CHEMBL600007,CHEMBL600007,CCOc1ccc(CC(C)(C)NCC(O)c2cc(O)cc3c2OCC(=O)N3)cc1,,6.7,1,6.7,6.7,EC50,F,cell-based format,cell_based,9,D,2010,
CHEMBL600400,CHEMBL600400,CC(C)(Cc1ccc(OC(F)(F)F)cc1)NCC(O)c1cc(O)cc2c1OCC(=O)N2,,6.62,1,6.62,6.62,EC50,F,cell-based format,cell_based,9,D,2010,
CHEMBL600401,CHEMBL600401,CC(C)(Cc1ccc(F)cc1)NCC(O)c1cc(O)cc2c1OCC(=O)N2,,7.0,1,7.0,7.0,EC50,F,cell-based format,cell_based,9,D,2010,
CHEMBL600616,CHEMBL600616,CC(C)(Cc1ccc(Br)cc1)NCC(O)c1cc(O)cc2c1OCC(=O)N2,,6.99,1,6.99,6.99,EC50,F,cell-based format,cell_based,9,D,2010,
CHEMBL600617,CHEMBL600617,CC(C)(Cc1ccccc1C(F)(F)F)NCC(O)c1cc(O)cc2c1OCC(=O)N2,,7.57,1,7.57,7.57,EC50,F,cell-based format,cell_based,9,D,2010,
CHEMBL601036,CHEMBL601036,Cc1ccccc1CC(C)(C)NCC(O)c1cc(O)cc2c1OCC(=O)N2,,8.35,1,8.35,8.35,EC50,F,cell-based format,cell_based,9,D,2010,
CHEMBL601430,CHEMBL601430,CC(C)(Cc1ccc(C(F)(F)F)cc1)NCC(O)c1cc(O)cc2c1OCC(=O)N2,,6.15,1,6.15,6.15,EC50,F,cell-based format,cell_based,9,D,2010,
CHEMBL601858,CHEMBL601858,CC(C)(Cc1ccc(-c2ccccc2)cc1)NCC(O)c1cc(O)cc2c1OCC(=O)N2,,6.68,1,6.68,6.68,EC50,F,cell-based format,cell_based,9,D,2010,
CHEMBL602257,CHEMBL602257,Cc1cccc(CC(C)(C)NCC(O)c2cc(O)cc3c2OCC(=O)N3)c1,,7.38,1,7.38,7.38,EC50,F,cell-based format,cell_based,9,D,2010,
CHEMBL602258,CHEMBL602258,CCc1ccc(CC(C)(C)NCC(O)c2cc(O)cc3c2OCC(=O)N3)cc1,,6.67,1,6.67,6.67,EC50,F,cell-based format,cell_based,9,D,2010,
CHEMBL603271,CHEMBL603271,COc1ccc(CC(C)(C)NCC(O)c2cc(O)cc3c2OCC(=O)N3)cc1,,6.45,1,6.45,6.45,EC50,F,cell-based format,cell_based,9,D,2010,
CHEMBL603274,CHEMBL603274,CC(C)(Cc1ccc(Cl)cc1)NCC(O)c1cc(O)cc2c1OCC(=O)N2,,6.77,1,6.77,6.77,EC50,F,cell-based format,cell_based,9,D,2010,
CHEMBL604125,CHEMBL604125,COc1cccc(CC(C)(C)NCC(O)c2cc(O)cc3c2OCC(=O)N3)c1,,6.55,1,6.55,6.55,EC50,F,cell-based format,cell_based,9,D,2010,
CHEMBL604333,CHEMBL604333,CC(C)(Cc1cccc(C(F)(F)F)c1)NCC(O)c1cc(O)cc2c1OCC(=O)N2,,6.36,1,6.36,6.36,EC50,F,cell-based format,cell_based,9,D,2010,
CHEMBL605372,CHEMBL605372,CC(C)c1ccc(CC(C)(C)NCC(O)c2cc(O)cc3c2OCC(=O)N3)cc1,,6.68,1,6.68,6.68,EC50,F,cell-based format,cell_based,9,D,2010,
CHEMBL605846,CHEMBL605846,COc1ccc(CC(C)(C)NC[C@H](O)c2cc(O)cc3c2OCC(=O)N3)cc1,OLODATEROL,6.91,3,6.24,7.47,AC50;EC50,F,assay format;cell-based format,cell_based,8;9,D;H,2021;2023;2024,4
CHEMBL606208,CHEMBL606208,CC(C)(Cc1ccc(C(C)(C)C)cc1)NCC(O)c1cc(O)cc2c1OCC(=O)N2,,6.0,1,6.0,6.0,EC50,F,cell-based format,cell_based,9,D,2010,
CHEMBL5594574,CHEMBL6068791,Cc1ccc(CCNCC(O)c2ccc(O)c3c2OCC(=O)N3)cc1,,8.29,1,8.29,8.29,EC50,F,cell-based format,cell_based,9,D,2024,
CHEMBL5593074,CHEMBL6068908,O=C1COc2c(C(O)CNCCc3ccc(Cl)cc3)ccc(O)c2N1,,6.0,1,6.0,6.0,EC50,F,cell-based format,cell_based,9,D,2024,
CHEMBL5594851,CHEMBL6068972,Cc1ccccc1CCNCC(O)c1ccc(O)c2c1OCC(=O)N2,,9.04,1,9.04,9.04,EC50,F,cell-based format,cell_based,9,D,2024,
CHEMBL5592612,CHEMBL6069056,O=C1COc2c(C(O)CNCCCc3cccc(C(F)(F)F)c3)ccc(O)c2N1,,9.29,1,9.29,9.29,EC50,F,cell-based format,cell_based,9,D,2024,
CHEMBL5595588,CHEMBL6069070,Cc1cccc(CCCNCC(O)c2ccc(O)c3c2OCC(=O)N3)c1,,9.61,1,9.61,9.61,EC50,F,cell-based format,cell_based,9,D,2024,
CHEMBL5590155,CHEMBL6069307,O=C1COc2c(C(O)CNCCc3ccc(F)cc3)ccc(O)c2N1,,8.43,1,8.43,8.43,EC50,F,cell-based format,cell_based,9,D,2024,
CHEMBL5532178,CHEMBL6069823,CCCNCC(O)c1ccc(O)c2c1OCC(=O)N2,,7.84,1,7.84,7.84,EC50,F,cell-based format,cell_based,9,D,2024,
CHEMBL5571651,CHEMBL6069893,COc1ccccc1CCNCC(O)c1ccc(O)c2c1OCC(=O)N2,,8.77,1,8.77,8.77,EC50,F,cell-based format,cell_based,9,D,2024,
CHEMBL5571660,CHEMBL6069894,CCCCCCNCC(O)c1ccc(O)c2c1OCC(=O)N2,,8.66,1,8.66,8.66,EC50,F,cell-based format,cell_based,9,D,2024,
CHEMBL5573712,CHEMBL6069904,O=C1COc2c(C(O)CNCCc3ccccc3)ccc(O)c2N1,,8.72,1,8.72,8.72,EC50,F,cell-based format,cell_based,9,D,2024,
CHEMBL5566587,CHEMBL6069914,O=C1COc2c(C(O)CNCCC(c3ccccc3)c3ccccc3)ccc(O)c2N1,,8.65,1,8.65,8.65,EC50,F,cell-based format,cell_based,9,D,2024,
CHEMBL5573592,CHEMBL6069933,O=C1COc2c(C(O)CNC3CC3)ccc(O)c2N1,,8.88,1,8.88,8.88,EC50,F,cell-based format,cell_based,9,D,2024,
CHEMBL5563982,CHEMBL6069944,O=C1COc2c(C(O)CNCCCc3cccc(F)c3)ccc(O)c2N1,,9.82,1,9.82,9.82,EC50,F,cell-based format,cell_based,9,D,2024,
CHEMBL5571785,CHEMBL6069965,Cc1ccc(CCCNCC(O)c2ccc(O)c3c2OCC(=O)N3)cc1,,9.13,1,9.13,9.13,EC50,F,cell-based format,cell_based,9,D,2024,
CHEMBL5565495,CHEMBL6069982,O=C1COc2c(C(O)CNCCc3cccc(F)c3)ccc(O)c2N1,,8.86,1,8.86,8.86,EC50,F,cell-based format,cell_based,9,D,2024,
CHEMBL5562809,CHEMBL6070012,O=C1COc2c(C(O)CNCCCc3ccccc3)ccc(O)c2N1,,9.59,1,9.59,9.59,EC50,F,cell-based format,cell_based,9,D,2024,
CHEMBL5571445,CHEMBL6070033,O=C1COc2c(C(O)CNCCOc3ccccc3)ccc(O)c2N1,,8.77,1,8.77,8.77,EC50,F,cell-based format,cell_based,9,D,2024,
CHEMBL5571865,CHEMBL6070035,O=C1COc2c(C(O)CNCCc3ccccc3Cl)ccc(O)c2N1,,8.27,1,8.27,8.27,EC50,F,cell-based format,cell_based,9,D,2024,
CHEMBL5570025,CHEMBL6070071,CC(C)NCC(O)c1ccc(O)c2c1OCC(=O)N2,,8.74,1,8.74,8.74,EC50,F,cell-based format,cell_based,9,D,2024,
CHEMBL5571981,CHEMBL6070078,O=C1COc2c(C(O)CNC3CCCCC3)ccc(O)c2N1,,6.96,1,6.96,6.96,EC50,F,cell-based format,cell_based,9,D,2024,
CHEMBL5573953,CHEMBL6070117,O=C1COc2c(C(O)CNCCCc3ccc(Cl)cc3)ccc(O)c2N1,,9.63,1,9.63,9.63,EC50,F,cell-based format,cell_based,9,D,2024,
CHEMBL5567636,CHEMBL6070181,O=C1COc2c(C(O)CNCCCc3cccc(O)c3)ccc(O)c2N1,,9.86,1,9.86,9.86,EC50,F,cell-based format,cell_based,9,D,2024,
CHEMBL5570658,CHEMBL6070223,O=C1COc2c(C(O)CNC3CCCC3)ccc(O)c2N1,,9.0,1,9.0,9.0,EC50,F,cell-based format,cell_based,9,D,2024,
CHEMBL5571279,CHEMBL6070225,O=C1COc2c(C(O)CNCCc3cccc(Cl)c3)ccc(O)c2N1,,8.43,1,8.43,8.43,EC50,F,cell-based format,cell_based,9,D,2024,
CHEMBL5572781,CHEMBL6070231,O=C1COc2c(C(O)CNCCCc3ccc(O)cc3)ccc(O)c2N1,,9.92,1,9.92,9.92,EC50,F,cell-based format,cell_based,9,D,2024,
CHEMBL5574011,CHEMBL6070233,COc1ccc(CCNCC(O)c2ccc(O)c3c2OCC(=O)N3)cc1,,8.66,1,8.66,8.66,EC50,F,cell-based format,cell_based,9,D,2024,
CHEMBL5574770,CHEMBL6070244,O=C1COc2c(C(O)CNCCCCc3ccccc3)ccc(O)c2N1,,9.51,1,9.51,9.51,EC50,F,cell-based format,cell_based,9,D,2024,
CHEMBL5570271,CHEMBL6070256,Cc1ccccc1CCCNCC(O)c1ccc(O)c2c1OCC(=O)N2,,9.49,1,9.49,9.49,EC50,F,cell-based format,cell_based,9,D,2024,
CHEMBL5570917,CHEMBL6070257,O=C1COc2c(C(O)CNCCc3ccccc3F)ccc(O)c2N1,,8.39,1,8.39,8.39,EC50,F,cell-based format,cell_based,9,D,2024,
CHEMBL5572643,CHEMBL6070260,CCCCNCC(O)c1ccc(O)c2c1OCC(=O)N2,,7.78,1,7.78,7.78,EC50,F,cell-based format,cell_based,9,D,2024,
CHEMBL5574456,CHEMBL6070273,O=C1COc2c(C(O)CNCCCc3cc(F)cc(F)c3)ccc(O)c2N1,,9.98,1,9.98,9.98,EC50,F,cell-based format,cell_based,9,D,2024,
CHEMBL5574906,CHEMBL6070309,COc1cc(CCCNCC(O)c2ccc(O)c3c2OCC(=O)N3)cc(OC)c1OC,,8.8,1,8.8,8.8,EC50,F,cell-based format,cell_based,9,D,2024,
CHEMBL5569415,CHEMBL6070374,O=C1COc2c(C(O)CNCCCc3ccc(F)cc3)ccc(O)c2N1,,9.61,1,9.61,9.61,EC50,F,cell-based format,cell_based,9,D,2024,
CHEMBL5575290,CHEMBL6070415,CC(C)(C)NCC(O)c1ccc(O)c2c1OCC(=O)N2,,8.67,1,8.67,8.67,EC50,F,cell-based format,cell_based,9,D,2024,
CHEMBL5565088,CHEMBL6070433,COc1ccccc1CCCNCC(O)c1ccc(O)c2c1OCC(=O)N2,,9.75,1,9.75,9.75,EC50,F,cell-based format,cell_based,9,D,2024,
CHEMBL5575873,CHEMBL6070455,O=C1COc2c(C(O)CNCCCc3ccccc3O)ccc(O)c2N1,,9.89,1,9.89,9.89,EC50,F,cell-based format,cell_based,9,D,2024,
CHEMBL5564275,CHEMBL6070486,COc1cccc(CCCNCC(O)c2ccc(O)c3c2OCC(=O)N3)c1,,9.4,1,9.4,9.4,EC50,F,cell-based format,cell_based,9,D,2024,
CHEMBL5568704,CHEMBL6070493,COc1ccc(CCCNCC(O)c2ccc(O)c3c2OCC(=O)N3)cc1,,9.29,1,9.29,9.29,EC50,F,cell-based format,cell_based,9,D,2024,
CHEMBL5550060,CHEMBL6070679,O=C1COc2c(C(O)CNCCCc3ccccc3F)ccc(O)c2N1,,9.77,1,9.77,9.77,EC50,F,cell-based format,cell_based,9,D,2024,
CHEMBL5555612,CHEMBL6070774,COc1cccc(CCNCC(O)c2ccc(O)c3c2OCC(=O)N3)c1,,8.7,1,8.7,8.7,EC50,F,cell-based format,cell_based,9,D,2024,
CHEMBL5555646,CHEMBL6070795,O=C1COc2c(C(O)CNCCCc3ccc(C(F)(F)F)cc3)ccc(O)c2N1,,8.92,1,8.92,8.92,EC50,F,cell-based format,cell_based,9,D,2024,
CHEMBL631,CHEMBL631,CCCNCC(O)COc1ccccc1C(=O)CCc1ccccc1,PROPAFENONE,6.45,3,6.42,6.69,AC50;IC50;Ki,B;F,assay format;cell membrane format,other,8,H,2023,4
CHEMBL642,CHEMBL642,CCCC(=O)Nc1ccc(OCC(O)CNC(C)C)c(C(C)=O)c1,ACEBUTOLOL,6.14,3,6.0,6.38,AC50;IC50;Ki,B;F,assay format;cell membrane format,other,8,H,2023,4
CHEMBL64201,CHEMBL64201,Nc1ccc(OC[C@@H](O)CNCCc2ccc(NS(=O)(=O)c3ccc(I)cc3)cc2)cn1,,6.0,1,6.0,6.0,IC50,B,cell-based format,cell_based,8,H,1998,
CHEMBL645,CHEMBL645,CC(C)NCC(O)COc1ccc(COCCOC(C)C)cc1,BISOPROLOL,7.0,1,7.0,7.0,AC50,F,assay format,other,8,H,2023,4
CHEMBL64932,CHEMBL64932,O=S(=O)(Nc1ccc(CCNC[C@H](O)COc2cccnc2)cc1)c1ccc(F)cc1,,6.0,1,6.0,6.0,IC50,B,cell-based format,cell_based,8,H,1998,
CHEMBL64936,CHEMBL64936,O=S(=O)(Nc1ccc(CCNC[C@H](O)COc2cccnc2)cc1)c1ccc(Cl)cc1,,6.0,1,6.0,6.0,IC50,B,cell-based format,cell_based,8,H,1998,
CHEMBL65042,CHEMBL65042,O=S(=O)(Nc1ccc(CCNC[C@H](O)COc2cccnc2)cc1)c1ccc(Cl)c(Cl)c1,,6.54,1,6.54,6.54,IC50,B,cell-based format,cell_based,8,H,1998,
CHEMBL66859,CHEMBL66859,Nc1ccc(OC[C@@H](O)CNCCc2ccc(NS(=O)(=O)c3ccc(Cl)c(Cl)c3)cc2)cn1,,6.33,1,6.33,6.33,IC50,B,cell-based format,cell_based,8,H,1998,
CHEMBL66964,CHEMBL66964,COc1ccc(S(=O)(=O)Nc2ccc(CCNC[C@H](O)COc3cccnc3)cc2)cc1,,6.0,1,6.0,6.0,IC50,B,cell-based format,cell_based,8,H,1998,
CHEMBL67015,CHEMBL67015,CCCCCCNC(=O)Nc1ccc(S(=O)(=O)Nc2ccc(CCNC[C@H](O)COc3cccnc3)cc2)cc1,,6.22,1,6.22,6.22,IC50,B,cell-based format,cell_based,8,H,1998,
CHEMBL67886,CHEMBL67886,COc1ccc(OC[C@@H](O)CNCCc2ccc(NS(=O)(=O)c3ccc(I)cc3)cc2)cc1,,6.07,1,6.07,6.07,IC50,B,cell-based format,cell_based,8,H,1998,
CHEMBL679,CHEMBL679,CNC[C@H](O)c1ccc(O)c(O)c1,EPINEPHRINE,6.275,2,6.01,6.54,AC50;EC50,F,assay format;cell-based format,cell_based,8;9,D;H,2019;2023,4
CHEMBL67998,CHEMBL67998,CCCCCCNC(=O)Nc1ccc(S(=O)(=O)Nc2ccc3cc(CC4NCCc5cc(O)c(O)cc54)ccc3c2)cc1,,6.0,1,6.0,6.0,IC50,B,cell-based format,cell_based,8,H,2000,
CHEMBL68021,CHEMBL68021,CCc1ccc(S(=O)(=O)Nc2ccc(CCNC[C@H](O)COc3cccnc3)cc2)cc1,,6.23,1,6.23,6.23,IC50,B,cell-based format,cell_based,8,H,1998,
CHEMBL68301,CHEMBL68301,O=S(=O)(Nc1ccc(CCNC[C@H](O)c2cccnc2)cc1)c1ccc(-n2ncc(COc3ccc(F)c(F)c3)n2)cc1,,6.03,1,6.03,6.03,IC50,B,cell-based format,cell_based,8,H,2000,
CHEMBL68408,CHEMBL68408,CCCCCCNC(=O)Nc1ccc(S(=O)(=O)Nc2ccc(CCNC[C@H](O)COc3ccc(N)nc3)cc2)cc1,,6.05,1,6.05,6.05,IC50,B,cell-based format,cell_based,8,H,1998,
CHEMBL68766,CHEMBL68766,CCCCCCNC(=O)Nc1ccc(S(=O)(=O)N2CCC(NC[C@H](O)c3ccc(O)c(NS(C)(=O)=O)c3)CC2)cc1,,7.92,1,7.92,7.92,EC50,F,cell-based format,cell_based,8,H,2003,
CHEMBL714,CHEMBL714,CC(C)(C)NCC(O)c1ccc(O)c(CO)c1,ALBUTEROL,8.81,1,8.81,8.81,EC50,F,cell-based format,cell_based,9,D,2022,4
CHEMBL723,CHEMBL723,COc1ccccc1OCCNCC(O)COc1cccc2[nH]c3ccccc3c12,CARVEDILOL,9.75,3,8.47,9.99,AC50;IC50;Ki,B;F,assay format;cell membrane format,other,8,H,2023,4
CHEMBL74085,CHEMBL74085,CCCCCCNC(=O)Nc1ccc(S(=O)(=O)Nc2ccc(CC3NCCc4cc(O)c(O)cc43)cc2)cc1,,7.72,1,7.72,7.72,EC50,F,assay format,other,8,H,2000,
CHEMBL75753,CHEMBL75753,O=C(NCCNCC(O)COc1ccc(O)cc1)N1CCOCC1,XAMOTEROL,7.42,4,6.66,7.96,AC50;EC50;Kd,B;F,assay format;cell-based format,cell_based,8;9,D;H,2013;2023,2
CHEMBL7585,CHEMBL7585,CC(CCc1ccccc1)NCC(O)c1cc(C(N)=O)c2[nH]ccc2c1,,6.6,1,6.6,6.6,Kd,F,assay format,other,8,H,1986,
CHEMBL76403,CHEMBL76403,CCCCCCNC(=O)Nc1ccc(S(=O)(=O)Nc2ccc3cc(OCC4NCCc5cc(O)c(O)cc54)ccc3c2)cc1,,8.52,1,8.52,8.52,EC50,F,assay format,other,8,H,2000,
CHEMBL768,CHEMBL768,COC(=O)CCc1ccc(OCC(O)CNC(C)C)cc1,ESMOLOL,6.71,3,6.07,6.94,AC50;IC50;Ki,B;F,assay format;cell membrane format,other,8,H,2023,4
CHEMBL839,CHEMBL839,CC(C)(C)NCC(O)COc1cccc2c1CCC(=O)N2,CARTEOLOL,8.86,2,8.72,9.0,AC50;Ki,B;F,assay format,other,8,H,1993;2023,4
CHEMBL84190,CHEMBL84190,CCCCCCCCN1CCN(c2ccc(S(=O)(=O)Nc3ccc(CCNC[C@H](O)c4cccnc4)cc3)cc2)C1=O,,6.24,1,6.24,6.24,IC50,B,cell-based format,cell_based,8,H,1999,
CHEMBL93298,CHEMBL93298,CC(C)(C)NCC(O)CSc1nc(-c2ccc(C(N)=O)s2)cs1,AROTINOLOL,9.74,1,9.74,9.74,Ki,B,single protein format,single_protein,9,D,2023,3
CHEMBL95457,CHEMBL95457,COCCc1ccc(OCC(O)CNCCOc2ccc(-n3ccnc3)cc2)cc1,,6.57,1,6.57,6.57,IC50,F,assay format,other,8,H,1990,
CHEMBL98088,CHEMBL98088,CS(=O)(=O)Nc1cc([C@@H](O)CNCC2CCN(c3ccc(C(=O)N[C@@H](Cc4ccccc4)C(=O)O)cc3)CC2)ccc1O,,6.28,1,6.28,6.28,EC50,F,cell-based format,cell_based,9,D,2002,
CHEMBL98773,CHEMBL98773,Cc1ccccc1OCC(O)CNCc1ccc(-n2ccnc2)cc1,,6.1,1,6.1,6.1,IC50,B,single protein format,single_protein,8,H,1990,
CHEMBL98975,CHEMBL98975,OC(CNCCOc1ccc(-n2ccnc2)cc1)COc1ccccc1,,7.4,1,7.4,7.4,IC50,F,assay format,other,8,H,1990,
CHEMBL99599,CHEMBL99599,CCCCCCCCC(=O)Nc1ccc(S(=O)(=O)N2CCC(CNC[C@H](O)c3ccc(O)c(NS(C)(=O)=O)c3)CC2)cc1,,6.14,1,6.14,6.14,EC50,F,cell-based format,cell_based,9,D,2002,
