molecule_chembl_id,parent_molecule_chembl_id,canonical_smiles,pref_name,pchembl_median,pchembl_n,pchembl_min,pchembl_max,standard_types,assay_types,bao_labels,evidence_level,assay_confidence_scores,assay_relationship_types,document_years,max_phase
CHEMBL102116,CHEMBL102116,Nc1nc(N/N=C\C2CCCCC2)nc2c1ncn2[C@@H]1O[C@H](CO)[C@@H](O)[C@H]1O,,7.7,1,7.7,7.7,Ki,B,single protein format,single_protein,8,H,2002,
CHEMBL102859,CHEMBL102859,CCn1c(=O)c2nc(C3CCCC3)[nH]c2n(CC)c1=O,,6.8,1,6.8,6.8,Ki,B,cell-based format,cell_based,9,D,2019,
CHEMBL103150,CHEMBL103150,CCCc1cc(O)c2ccc(C)nc2n1,,6.025,2,6.0,6.05,Ki,B,cell membrane format,other,8,H,2004,
CHEMBL103559,CHEMBL103559,CCOc1cc(-c2ccccc2)nc2nc(Br)ccc12,,6.01,1,6.01,6.01,Ki,B,cell membrane format,other,8,H,2004,
CHEMBL104999,CHEMBL104999,Cc1ccc2c(O)cc(-c3ccc(N)cc3)nc2n1,,6.63,2,6.3,6.96,Ki,B,cell membrane format,other,8,H,2004,
CHEMBL105000,CHEMBL105000,CSc1cc(-c2ccccc2)nc2nc(C)ccc12,,6.68,1,6.68,6.68,Ki,B,cell membrane format,other,8,H,2004,
CHEMBL106346,CHEMBL106346,Cc1ccc(-n2cc3c(n2)c(N)nc2ccccc23)cc1,,6.48,1,6.48,6.48,Ki,B,cell-based format,cell_based,9,D,2007,
CHEMBL106520,CHEMBL106520,c1ccc(-n2cc3c(n2)c(NC2CCCC2)nc2ccccc23)cc1,,6.07,1,6.07,6.07,Ki,B,cell membrane format,other,8,H,2000,
CHEMBL107446,CHEMBL107446,Cc1cccc(-n2cc3c(n2)c(N)nc2ccccc23)c1,,6.64,1,6.64,6.64,Ki,B,cell-based format,cell_based,9,D,2007,
CHEMBL1076503,CHEMBL1076503,O=C(NC1CC1)c1nc(NCc2cccnc2)nc2ccsc12,,6.15,1,6.15,6.15,IC50,F,cell-based format,cell_based,9,D,2009,
CHEMBL1076562,CHEMBL1076562,O=C(Nc1ccc(Br)c(-c2ccco2)n1)C1CC1,,7.46,1,7.46,7.46,Ki,B,cell-based format,cell_based,9,D,2010,
CHEMBL1076563,CHEMBL1076563,O=c1[nH]c2cc(-c3ccncn3)c(-c3ccco3)nc2[nH]1,,6.11,1,6.11,6.11,Ki,B,cell-based format,cell_based,9,D,2010,
CHEMBL1076587,CHEMBL1076587,O=C(Nc1ccc(-c2ccncc2)c(-c2cccc(F)c2)n1)C1CC1,,7.24,1,7.24,7.24,Ki,B,cell-based format,cell_based,9,D,2010,
CHEMBL1077751,CHEMBL1077751,Cc1ccc(C(=O)c2nc(N)nc3ccsc23)s1,,6.66,1,6.66,6.66,IC50,F,cell-based format,cell_based,9,D,2009,
CHEMBL1077752,CHEMBL1077752,CCNc1nc(C(=O)c2ccc(C)s2)c2sccc2n1,,6.9,1,6.9,6.9,IC50,F,cell-based format,cell_based,9,D,2009,
CHEMBL1077902,CHEMBL1077902,Cc1ccc(C(=O)c2nc(NCc3ccncn3)nc3ccsc23)s1,,6.94,1,6.94,6.94,IC50,F,cell-based format,cell_based,9,D,2009,
CHEMBL1077915,CHEMBL1077915,Cc1ccc(C(=O)c2nc(NC(C)c3ccccn3)nc3ccsc23)s1,,6.93,1,6.93,6.93,IC50,F,cell-based format,cell_based,9,D,2009,
CHEMBL1077943,CHEMBL1077943,CNc1cc2nc(NCc3cccnc3)nc(C(=O)c3cccs3)c2s1,,6.285,2,6.01,6.56,IC50,F,assay format;cell-based format,cell_based,8;9,D;H,2009;2015,
CHEMBL1078001,CHEMBL1078001,Cc1ccc(C(=O)c2nc(NC(=O)c3cccnc3)nc3ccsc23)s1,,6.79,1,6.79,6.79,IC50,F,cell-based format,cell_based,9,D,2009,
CHEMBL1078085,CHEMBL1078085,Cc1ccc(C(=O)c2nc(NCCc3ccccn3)nc3ccsc23)s1,,6.46,1,6.46,6.46,IC50,F,cell-based format,cell_based,9,D,2009,
CHEMBL1078086,CHEMBL1078086,Cc1ccc(C(=O)c2nc(NCCc3cccnc3)nc3ccsc23)s1,,6.75,1,6.75,6.75,IC50,F,cell-based format,cell_based,9,D,2009,
CHEMBL1078348,CHEMBL1078348,Cc1ccc(C(=O)c2nc(NCc3ccccn3)nc3ccsc23)s1,,6.73,1,6.73,6.73,IC50,F,cell-based format,cell_based,9,D,2009,
CHEMBL1078349,CHEMBL1078349,Cc1ccc(C(=O)c2nc(NCc3cccnc3)nc3ccsc23)s1,,6.0,1,6.0,6.0,IC50,F,cell-based format,cell_based,9,D,2009,
CHEMBL1079043,CHEMBL1079043,O=C(c1nccs1)c1nc(NCc2cccnc2)nc2ccsc12,,6.13,1,6.13,6.13,IC50,F,cell-based format,cell_based,9,D,2009,
CHEMBL1079115,CHEMBL1079115,Cc1ccc(C(=O)c2nc(NC(C)c3cccnc3)nc3ccsc23)s1,,7.0,1,7.0,7.0,IC50,F,cell-based format,cell_based,9,D,2009,
CHEMBL1079118,CHEMBL1079118,O=C(c1cccs1)c1nc(NCc2cccnc2)nc2ccsc12,,7.29,1,7.29,7.29,IC50,F,cell-based format,cell_based,9,D,2009,
CHEMBL1079132,CHEMBL1079132,O=C(c1ccsc1)c1nc(NCc2cccnc2)nc2ccsc12,,6.39,1,6.39,6.39,IC50,F,cell-based format,cell_based,9,D,2009,
CHEMBL1079142,CHEMBL1079142,Cc1ccc(C(=O)c2nc(NCc3cccnc3)nc3ccsc23)cc1,,6.36,1,6.36,6.36,IC50,F,cell-based format,cell_based,9,D,2009,
CHEMBL1079232,CHEMBL1079232,COc1ccc(C(=O)c2nc(NCc3cccnc3)nc3ccsc23)cc1,,6.2,1,6.2,6.2,IC50,F,cell-based format,cell_based,9,D,2009,
CHEMBL1079801,CHEMBL1079801,N#Cc1ccc(NC(=O)C2CC2)nc1-c1ccco1,,7.92,1,7.92,7.92,Ki,B,cell-based format,cell_based,9,D,2010,
CHEMBL1079803,CHEMBL1079803,O=C(Nc1ccc(-c2ccncc2Cl)c(-c2ccco2)n1)C1CC1,,6.83,1,6.83,6.83,Ki,B,cell-based format,cell_based,9,D,2010,
CHEMBL1079804,CHEMBL1079804,O=C(Nc1ccc(-c2ccncc2F)c(-c2ccco2)n1)C1CC1,,6.82,1,6.82,6.82,Ki,B,cell-based format,cell_based,9,D,2010,
CHEMBL1079894,CHEMBL1079894,C[C@H](Nc1nc(C(=O)N2CCCC2)c2sccc2n1)c1cccnc1,,6.33,1,6.33,6.33,IC50,F,cell-based format,cell_based,9,D,2009,
CHEMBL1080068,CHEMBL1080068,O=C(c1cccs1)c1nc(NCc2cccnc2)nc2cc(Cl)sc12,,7.21,1,7.21,7.21,IC50,F,cell-based format,cell_based,9,D,2009,
CHEMBL1080421,CHEMBL1080421,CCNc1cc2nc(NCc3cccnc3)nc(C(=O)c3cccs3)c2s1,,6.14,1,6.14,6.14,IC50,F,assay format,other,8,H,2015,
CHEMBL1080497,CHEMBL1080497,O=c1[nH][nH]c2nc(-c3ccco3)c(-c3ccncn3)cc12,,6.75,1,6.75,6.75,Ki,B,cell-based format,cell_based,9,D,2010,
CHEMBL1080512,CHEMBL1080512,c1coc(-c2nc3[nH]ccc3cc2-c2ccncn2)c1,,6.21,1,6.21,6.21,Ki,B,cell-based format,cell_based,9,D,2010,
CHEMBL1080513,CHEMBL1080513,O=c1[nH]c(=O)c2cc(-c3ccncn3)c(-c3ccco3)nc2[nH]1,,6.74,1,6.74,6.74,Ki,B,cell-based format,cell_based,9,D,2010,
CHEMBL1080676,CHEMBL1080676,O=C(Nc1ccc(-c2ccncc2)c(-c2cnco2)n1)C1CC1,,6.2,1,6.2,6.2,Ki,B,cell-based format,cell_based,9,D,2010,
CHEMBL1081038,CHEMBL1081038,O=C(Nc1ccc(-c2ccncc2)c(-c2ccc(F)cc2)n1)C1CC1,,7.41,1,7.41,7.41,Ki,B,cell-based format,cell_based,9,D,2010,
CHEMBL1081039,CHEMBL1081039,O=C(Nc1ccc(-c2ccncc2)c(-c2ccccn2)n1)C1CC1,,6.06,1,6.06,6.06,Ki,B,cell-based format,cell_based,9,D,2010,
CHEMBL1081041,CHEMBL1081041,O=C(Nc1ccc(-c2ccncc2)c(-c2ccncc2)n1)C1CC1,,6.79,1,6.79,6.79,Ki,B,cell-based format,cell_based,9,D,2010,
CHEMBL1081160,CHEMBL1081160,CN(C)c1cc2nc(NCc3cccnc3)nc(C(=O)c3cccs3)c2s1,,6.5,1,6.5,6.5,IC50,F,assay format,other,8,H,2015,
CHEMBL1081811,CHEMBL1081811,CC(=O)Nc1ccc(-c2ccncc2)c(-c2ccco2)n1,,6.68,1,6.68,6.68,Ki,B,cell-based format,cell_based,9,D,2010,
CHEMBL1081812,CHEMBL1081812,O=C(Nc1ccc(-c2ccncc2)c(-c2ccco2)n1)C1CC1,,7.52,1,7.52,7.52,Ki,B,cell-based format,cell_based,9,D,2010,
CHEMBL1081971,CHEMBL1081971,O=C(Nc1ccc(-c2ccncn2)c(-c2ccco2)n1)C1CC1,,6.62,1,6.62,6.62,Ki,B,cell-based format,cell_based,9,D,2010,
CHEMBL1082001,CHEMBL1082001,Nc1n[nH]c2nc(-c3ccco3)c(-c3ccncn3)cc12,,6.07,1,6.07,6.07,Ki,B,cell-based format,cell_based,9,D,2010,
CHEMBL1082005,CHEMBL1082005,Cc1ccc(-c2nc(NC(=O)C3CC3)ccc2-c2ccncc2)o1,,7.96,1,7.96,7.96,Ki,B,cell-based format,cell_based,9,D,2010,
CHEMBL1082006,CHEMBL1082006,O=C(Nc1ccc(-c2ccncc2)c(-c2nccs2)n1)C1CC1,,6.52,1,6.52,6.52,Ki,B,cell-based format,cell_based,9,D,2010,
CHEMBL1082028,CHEMBL1082028,O=C(Nc1ccc(-c2ccncc2)c(-c2ccccc2F)n1)C1CC1,,7.21,1,7.21,7.21,Ki,B,cell-based format,cell_based,9,D,2010,
CHEMBL1082171,CHEMBL1082171,O=C(Nc1ccc(-c2ccncc2)c(-c2cncs2)n1)C1CC1,,6.09,1,6.09,6.09,Ki,B,cell-based format,cell_based,9,D,2010,
CHEMBL1082208,CHEMBL1082208,CC(=O)Nc1ccc(-c2ccncc2)c(-c2cccc(F)c2)n1,,6.54,1,6.54,6.54,Ki,B,cell-based format,cell_based,9,D,2010,
CHEMBL1086697,CHEMBL1086697,CN1CCN(C(=O)c2ccc3c(c2)-c2nc(N)nc(-c4ccc(F)cc4)c2C3=O)CC1,,7.96,1,7.96,7.96,Ki,F,assay format,other,8,H,2010,
CHEMBL1086804,CHEMBL1086804,CN1CCC(N(C)C(=O)c2ccc3c(c2)-c2nc(N)nc(-c4ccccc4)c2C3=O)CC1,,7.73,1,7.73,7.73,Ki,F,assay format,other,8,H,2010,
CHEMBL1086846,CHEMBL1086846,Nc1nc(-c2cccs2)c2c(n1)-c1ccccc1C2=O,,9.22,1,9.22,9.22,Ki,F,assay format,other,8,H,2010,
CHEMBL1086847,CHEMBL1086847,Nc1nc(-c2nccs2)c2c(n1)-c1ccccc1C2=O,,9.3,1,9.3,9.3,Ki,F,assay format,other,8,H,2010,
CHEMBL1086977,CHEMBL1086977,Nc1nc(-c2ccncc2)c2c(n1)-c1ccccc1C2=O,,8.34,1,8.34,8.34,Ki,F,assay format,other,8,H,2010,
CHEMBL1086978,CHEMBL1086978,COc1cccc(-c2nc(N)nc3c2C(=O)c2ccccc2-3)c1,,8.8,1,8.8,8.8,Ki,F,assay format,other,8,H,2010,
CHEMBL1087080,CHEMBL1087080,CC(C)N(CCOc1ccc2c(c1)-c1nc(N)nc(-c3ccc(F)cc3)c1C2=O)C(C)C,,7.12,1,7.12,7.12,Ki,F,assay format,other,8,H,2010,
CHEMBL1087081,CHEMBL1087081,Nc1nc(-c2ccc(F)cc2)c2c(n1)-c1cc(OCCN3CCCC3)ccc1C2=O,,6.93,1,6.93,6.93,Ki,F,assay format,other,8,H,2010,
CHEMBL1087084,CHEMBL1087084,CCN1CCN(C(=O)c2ccc3c(c2)-c2nc(N)nc(-c4ccccc4)c2C3=O)CC1,,7.83,1,7.83,7.83,Ki,F,assay format,other,8,H,2010,
CHEMBL1087085,CHEMBL1087085,CCN1CCN(C(=O)c2ccc3c(c2)-c2nc(N)nc(-c4ccc(F)cc4)c2C3=O)CC1,,7.49,1,7.49,7.49,Ki,F,assay format,other,8,H,2010,
CHEMBL1087086,CHEMBL1087086,CC(C)N1CCN(C(=O)c2ccc3c(c2)-c2nc(N)nc(-c4ccccc4)c2C3=O)CC1,,7.68,1,7.68,7.68,Ki,F,assay format,other,8,H,2010,
CHEMBL1087183,CHEMBL1087183,CC(C)N1CCC(NC(=O)c2ccc3c(c2)-c2nc(N)nc(-c4ccccc4)c2C3=O)CC1,,7.78,1,7.78,7.78,Ki,F,assay format,other,8,H,2010,
CHEMBL1087184,CHEMBL1087184,Nc1nc(-c2ccccc2)c2c(n1)-c1cc(C(=O)N3CCNCC3)ccc1C2=O,,7.49,1,7.49,7.49,Ki,F,assay format,other,8,H,2010,
CHEMBL1087185,CHEMBL1087185,CN1CCN(C(=O)c2ccc3c(c2)-c2nc(N)nc(-c4ccccc4)c2C3=O)CC1,,8.09,1,8.09,8.09,Ki,F,assay format,other,8,H,2010,
CHEMBL3217142,CHEMBL1087189,Nc1nc(-c2ccccc2)c2c(n1)-c1cc(CN3CCCC3)ccc1C2=O,,8.39,2,8.39,8.39,Ki,F,assay format,other,8;9,D;H,2010;2012,
CHEMBL1087462,CHEMBL1087462,Nc1nc(-c2ccccc2)c2c(n1)-c1c(CN3CCOCC3)cccc1C2=O,,8.48,1,8.48,8.48,Ki,F,assay format,other,8,H,2010,
CHEMBL1087463,CHEMBL1087463,Nc1nc(-c2ccc(F)cc2)c2c(n1)-c1c(CN3CCOCC3)cccc1C2=O,,8.42,1,8.42,8.42,Ki,F,assay format,other,8,H,2010,
CHEMBL1087699,CHEMBL1087699,CN(C)CCN(C)Cc1cccc2c1-c1nc(N)nc(-c3ccccc3)c1C2=O,,7.4,1,7.4,7.4,Ki,F,assay format,other,8,H,2010,
CHEMBL1087700,CHEMBL1087700,CCN(CC)Cc1cccc2c1-c1nc(N)nc(-c3ccccc3)c1C2=O,,7.74,1,7.74,7.74,Ki,F,assay format,other,8,H,2010,
CHEMBL1087701,CHEMBL1087701,Nc1nc(-c2ccccc2)c2c(n1)-c1c(CN3CCCCC3)cccc1C2=O,,7.84,1,7.84,7.84,Ki,F,assay format,other,8,H,2010,
CHEMBL1087702,CHEMBL1087702,CN1CCN(Cc2cccc3c2-c2nc(N)nc(-c4ccccc4)c2C3=O)CC1,,7.95,1,7.95,7.95,Ki,F,assay format,other,8,H,2010,
CHEMBL1087708,CHEMBL1087708,N#Cc1cccc(-c2nc(N)nc3c2C(=O)c2cccc(CN4CCOCC4)c2-3)c1,,8.27,1,8.27,8.27,Ki,F,assay format,other,8,H,2010,
CHEMBL1087709,CHEMBL1087709,Nc1nc(-c2ccccc2)c2c(n1)-c1c(CN3CCCC3)cccc1C2=O,,8.6,1,8.6,8.6,Ki,F,assay format,other,8,H,2010,
CHEMBL1087710,CHEMBL1087710,Nc1nc(-c2ccc(F)cc2)c2c(n1)-c1c(CN3CCCC3)cccc1C2=O,,8.44,1,8.44,8.44,Ki,F,assay format,other,8,H,2010,
CHEMBL1087711,CHEMBL1087711,CC1CCC(C)N1Cc1cccc2c1-c1nc(N)nc(-c3ccccc3)c1C2=O,,7.95,1,7.95,7.95,Ki,F,assay format,other,8,H,2010,
CHEMBL1087714,CHEMBL1087714,Nc1nc(-c2ccccc2)c2c(n1)-c1cc(CNCc3ccco3)ccc1C2=O,,8.28,1,8.28,8.28,Ki,F,assay format,other,8,H,2010,
CHEMBL1087726,CHEMBL1087726,CN1CCN(NCc2ccc3c(c2)-c2nc(N)nc(-c4ccc(F)cc4)c2C3=O)CC1,,7.53,1,7.53,7.53,Ki,F,assay format,other,8,H,2010,
CHEMBL1087727,CHEMBL1087727,Nc1nc(-c2ccccc2)c2c(n1)-c1cc(CNN3CCCCCC3)ccc1C2=O,,7.89,1,7.89,7.89,Ki,F,assay format,other,8,H,2010,
CHEMBL1087819,CHEMBL1087819,CC(=O)N1CCN(Cc2cccc3c2-c2nc(N)nc(-c4ccccc4)c2C3=O)CC1,,8.1,1,8.1,8.1,Ki,F,assay format,other,8,H,2010,
CHEMBL1087820,CHEMBL1087820,Nc1nc(-c2ccccc2)c2c(n1)-c1c(CN3CCCCCC3)cccc1C2=O,,8.07,1,8.07,8.07,Ki,F,assay format,other,8,H,2010,
CHEMBL1087869,CHEMBL1087869,COc1ccccc1-c1nc(N)nc2c1C(=O)c1ccccc1-2,,7.49,1,7.49,7.49,Ki,F,assay format,other,8,H,2010,
CHEMBL1087998,CHEMBL1087998,CN(C)CCOc1ccc2c(c1)-c1nc(N)nc(-c3ccc(F)cc3)c1C2=O,,7.43,1,7.43,7.43,Ki,F,assay format,other,8,H,2010,
CHEMBL1087999,CHEMBL1087999,CCN(CC)CCOc1ccc2c(c1)-c1nc(N)nc(-c3ccccc3)c1C2=O,,8.1,1,8.1,8.1,Ki,F,assay format,other,8,H,2010,
CHEMBL1088132,CHEMBL1088132,CCN(CC)CCOc1ccc2c(c1)-c1nc(N)nc(-c3ccc(F)cc3)c1C2=O,,7.3,1,7.3,7.3,Ki,F,assay format,other,8,H,2010,
CHEMBL1088235,CHEMBL1088235,Nc1nc(-c2ccccc2)c2c(n1)-c1cc(CNCc3ccccn3)ccc1C2=O,,8.27,1,8.27,8.27,Ki,F,assay format,other,8,H,2010,
CHEMBL1088236,CHEMBL1088236,Nc1nc(-c2ccccc2)c2c(n1)-c1cc(CNN3CCCCC3)ccc1C2=O,,8.52,1,8.52,8.52,Ki,F,assay format,other,8,H,2010,
CHEMBL1088237,CHEMBL1088237,Nc1nc(-c2ccc(F)cc2)c2c(n1)-c1cc(CNN3CCCCC3)ccc1C2=O,,8.0,1,8.0,8.0,Ki,F,assay format,other,8,H,2010,
CHEMBL1088247,CHEMBL1088247,Nc1nc(-c2ccccc2)c2c(n1)-c1cc(CNN3CCOCC3)ccc1C2=O,,9.0,1,9.0,9.0,Ki,F,assay format,other,8,H,2010,
CHEMBL1088259,CHEMBL1088259,CN(C)CCN(C)C(=O)c1ccc2c(c1)-c1nc(N)nc(-c3ccccc3)c1C2=O,,7.91,1,7.91,7.91,Ki,F,assay format,other,8,H,2010,
CHEMBL1088260,CHEMBL1088260,CCN(CC)CCN(C)C(=O)c1ccc2c(c1)-c1nc(N)nc(-c3ccccc3)c1C2=O,,8.11,1,8.11,8.11,Ki,F,assay format,other,8,H,2010,
CHEMBL1088261,CHEMBL1088261,CCN(CC)CCNC(=O)c1ccc2c(c1)-c1nc(N)nc(-c3ccccc3)c1C2=O,,7.87,1,7.87,7.87,Ki,F,assay format,other,8,H,2010,
CHEMBL1088393,CHEMBL1088393,Nc1nc(-c2ccccc2)c2c(n1)-c1cc(C(=O)NCCN3CCOCC3)ccc1C2=O,,7.55,1,7.55,7.55,Ki,F,assay format,other,8,H,2010,
CHEMBL1088533,CHEMBL1088533,Nc1nc(-c2ccc(F)cc2)c2c(n1)-c1cc(CNN3CCCC3)ccc1C2=O,,7.89,1,7.89,7.89,Ki,F,assay format,other,8,H,2010,
CHEMBL1088665,CHEMBL1088665,CN1CCN(NCc2ccc3c(c2)-c2nc(N)nc(-c4ccccc4)c2C3=O)CC1,,8.03,1,8.03,8.03,Ki,F,assay format,other,8,H,2010,
CHEMBL1088683,CHEMBL1088683,CN(C)CCN(C)Cc1ccc2c(c1)-c1nc(N)nc(-c3ccccc3)c1C2=O,,8.11,1,8.11,8.11,Ki,F,assay format,other,8,H,2010,
CHEMBL1088710,CHEMBL1088710,CN(C)CCOc1ccc2c(c1)-c1nc(N)nc(-c3ccccc3)c1C2=O,,7.76,1,7.76,7.76,Ki,F,assay format,other,8,H,2010,
CHEMBL1089131,CHEMBL1089131,CCn1cc2c(nc(N)n3nc(-c4ccc(Cl)cc4)nc23)n1,,6.07,1,6.07,6.07,Ki,B,cell-based format,cell_based,9,D,2010,
CHEMBL1089904,CHEMBL1089904,Cn1cc2c(nc(NC(=O)c3ccccc3)n3nc(-c4ccccc4)nc23)n1,,6.49,1,6.49,6.49,Ki,B,cell-based format,cell_based,9,D,2010,
CHEMBL1090489,CHEMBL1090489,Cn1cc2c(nc(N)n3nc(-c4ccc(F)cc4)nc23)n1,,6.45,1,6.45,6.45,Ki,B,cell-based format,cell_based,9,D,2010,
CHEMBL1090575,CHEMBL1090575,S=c1sc2c(ncn3nc(-c4ccco4)nc23)n1-c1ccccc1,,8.96,1,8.96,8.96,Ki,B,cell-based format,cell_based,9,D,2010,
CHEMBL1090576,CHEMBL1090576,Fc1ccc(-n2c(=S)sc3c2ncn2nc(-c4ccco4)nc32)cc1,,8.7,1,8.7,8.7,Ki,B,cell-based format,cell_based,9,D,2010,
CHEMBL1090577,CHEMBL1090577,S=c1sc2c(ncn3nc(-c4ccco4)nc23)n1-c1ccc(Cl)cc1,,9.82,1,9.82,9.82,Ki,B,cell-based format,cell_based,9,D,2010,
CHEMBL1090578,CHEMBL1090578,S=c1sc2c(ncn3nc(-c4ccco4)nc23)n1-c1cccc(Cl)c1,,10.42,1,10.42,10.42,Ki,B,cell-based format,cell_based,9,D,2010,
CHEMBL1091031,CHEMBL1091031,Cn1cc2c(nc(N)n3nc(-c4ccccc4)nc23)n1,,6.92,1,6.92,6.92,Ki,B,cell-based format,cell_based,9,D,2010,
CHEMBL1091268,CHEMBL1091268,Cn1cc2c(nc(NC(=O)Cc3ccccc3)n3nc(-c4ccccc4)nc23)n1,,6.11,1,6.11,6.11,Ki,B,cell-based format,cell_based,9,D,2010,
CHEMBL1092270,CHEMBL1092270,CCCCn1c(=S)sc2c1ncn1nc(-c3ccco3)nc21,,9.92,1,9.92,9.92,Ki,B,cell-based format,cell_based,9,D,2010,
CHEMBL1092271,CHEMBL1092271,C=CCn1c(=S)sc2c1ncn1nc(-c3ccco3)nc21,,10.8,1,10.8,10.8,Ki,B,cell-based format,cell_based,9,D,2010,
CHEMBL1093018,CHEMBL1093018,S=c1sc2c(ncn3nc(-c4ccco4)nc23)n1-c1ccccc1I,,9.15,1,9.15,9.15,Ki,B,cell-based format,cell_based,9,D,2010,
CHEMBL1093202,CHEMBL1093202,O=C(Nc1nc2nn(CCc3ccccc3)cc2c2nc(-c3ccccc3)nn12)c1ccccc1,,6.02,1,6.02,6.02,Ki,B,cell-based format,cell_based,9,D,2010,
CHEMBL1093203,CHEMBL1093203,S=c1sc2c(ncn3nc(-c4ccco4)nc23)n1-c1ccc(I)cc1,,9.24,1,9.24,9.24,Ki,B,cell-based format,cell_based,9,D,2010,
CHEMBL1093270,CHEMBL1093270,CCCn1c(=S)sc2c1ncn1nc(-c3ccco3)nc21,,9.42,1,9.42,9.42,Ki,B,cell-based format,cell_based,9,D,2010,
CHEMBL1093271,CHEMBL1093271,CCn1c(=S)sc2c1ncn1nc(-c3ccco3)nc21,,8.45,1,8.45,8.45,Ki,B,cell-based format,cell_based,9,D,2010,
CHEMBL1093313,CHEMBL1093313,Nc1nc(Oc2ccccc2)nc2nc(-c3ccco3)nn12,,7.75,1,7.75,7.75,Ki,B,single protein format,single_protein,9,D,2011,
CHEMBL1093430,CHEMBL1093430,CCn1ncc2c1nc(N)n1nc(-c3ccc(Cl)cc3)nc21,,7.08,1,7.08,7.08,Ki,B,cell-based format,cell_based,9,D,2010,
CHEMBL1093431,CHEMBL1093431,Nc1nc2nn(CCc3ccccc3)cc2c2nc(-c3ccccc3)nn12,,6.71,1,6.71,6.71,Ki,B,cell-based format,cell_based,9,D,2010,
CHEMBL1093432,CHEMBL1093432,Nc1nc2nn(CCc3ccccc3)cc2c2nc(-c3ccc(F)cc3)nn12,,6.9,1,6.9,6.9,Ki,B,cell-based format,cell_based,9,D,2010,
CHEMBL1093480,CHEMBL1093480,S=c1sc2c(ncn3nc(-c4ccco4)nc23)n1CCc1ccccc1,,8.2,1,8.2,8.2,Ki,B,single protein format,single_protein,9,D,2022,
CHEMBL1094143,CHEMBL1094143,O=C(Nc1nc(-c2ccccc2)nc2nn(Cc3ccccc3)cc12)c1ccccc1,,6.74,1,6.74,6.74,Ki,B,cell-based format,cell_based,9,D,2010,
CHEMBL1094244,CHEMBL1094244,CCN1CCN(c2ccc3c(c2)-c2nc(N)nc(-c4ccccc4)c2C3=O)CC1,,7.94,1,7.94,7.94,Ki,F,assay format,other,8,H,2010,
CHEMBL1094547,CHEMBL1094547,Nc1nc(-c2ccccc2)c2c(n1)-c1cc(N3CCN(CC4CC4)CC3)ccc1C2=O,,7.63,1,7.63,7.63,Ki,F,assay format,other,8,H,2010,
CHEMBL1094548,CHEMBL1094548,CN1CCCN(c2ccc3c(c2)-c2nc(N)nc(-c4ccccc4)c2C3=O)CC1,,8.0,1,8.0,8.0,Ki,F,assay format,other,8,H,2010,
CHEMBL1094721,CHEMBL1094721,CC(C)N(CCOc1ccc2c(c1)-c1nc(N)nc(-c3ccccc3)c1C2=O)C(C)C,,7.86,1,7.86,7.86,Ki,F,assay format,other,8,H,2010,
CHEMBL1094846,CHEMBL1094846,Nc1nc(-c2ccc(F)cc2)c2c(n1)-c1cc(OCCN3C4CCC3CC4)ccc1C2=O,,7.46,1,7.46,7.46,Ki,F,assay format,other,8,H,2010,
CHEMBL1094986,CHEMBL1094986,Cc1cc(C)nc(NC(=N)NCCc2c[nH]c3ccc(F)cc23)n1,,6.7,1,6.7,6.7,Ki,B,cell-based format,cell_based,9,D,2010,
CHEMBL1094987,CHEMBL1094987,Nc1nc(-c2ccccc2)nc2nn(Cc3ccccc3)cc12,,6.92,1,6.92,6.92,Ki,B,cell-based format,cell_based,9,D,2010,
CHEMBL109499,CHEMBL109499,Nc1cc(C(=O)N2CCCC2)cc2nc(-c3ccco3)nn12,,7.96,1,7.96,7.96,Ki,B,single protein format,single_protein,8,H,2004,
CHEMBL1095172,CHEMBL1095172,Nc1nc(-c2ccccc2)c2c(n1)-c1cc(NCCN3CCOCC3)ccc1C2=O,,8.36,1,8.36,8.36,Ki,F,assay format,other,8,H,2010,
CHEMBL1095487,CHEMBL1095487,Nc1nc(-c2ccccc2)c2c(n1)-c1cc(OCCN3CCCCC3)ccc1C2=O,,7.45,1,7.45,7.45,Ki,F,assay format,other,8,H,2010,
CHEMBL1095488,CHEMBL1095488,Nc1nc(-c2ccccc2)c2c(n1)-c1cc(OCCN3CCOCC3)ccc1C2=O,,8.155,2,8.12,8.19,Ki,B;F,assay format;cell-based format,cell_based,8;9,D;H,2010;2021,
CHEMBL1095489,CHEMBL1095489,Nc1nc(-c2ccc(F)cc2)c2c(n1)-c1cc(OCCN3CCOCC3)ccc1C2=O,,7.74,1,7.74,7.74,Ki,F,assay format,other,8,H,2010,
CHEMBL1095490,CHEMBL1095490,Nc1nc(-c2ccccc2)c2c(n1)-c1cc(OCCN3CCCC3)ccc1C2=O,,7.71,1,7.71,7.71,Ki,F,assay format,other,8,H,2010,
CHEMBL1095604,CHEMBL1095604,CCNC(=O)[C@H]1O[C@@H](n2cnc3c(NCC(c4ccccc4)c4ccccc4)nc(C(=O)NCCNC(=O)NCc4ccc(C(=O)O)cc4)nc32)[C@H](O)[C@@H]1O,,9.4,1,9.4,9.4,IC50,F,assay format,other,9,D,2009,
CHEMBL1095811,CHEMBL1095811,Nc1nc(-c2ccccc2)c2c(n1)-c1cc(NCCN3CCS(=O)(=O)CC3)ccc1C2=O,,8.51,1,8.51,8.51,Ki,F,assay format,other,8,H,2010,
CHEMBL1095812,CHEMBL1095812,CCN1CCC(Nc2ccc3c(c2)-c2nc(N)nc(-c4ccccc4)c2C3=O)CC1,,7.9,1,7.9,7.9,Ki,F,assay format,other,8,H,2010,
CHEMBL1095813,CHEMBL1095813,CCN1CCC(N(C)c2ccc3c(c2)-c2nc(N)nc(-c4ccccc4)c2C3=O)CC1,,8.31,1,8.31,8.31,Ki,F,assay format,other,8,H,2010,
CHEMBL1095822,CHEMBL1095822,Nc1nc(-c2ccccc2)c2c(n1)-c1cc(N3CCOCC3)ccc1C2=O,,8.54,1,8.54,8.54,Ki,F,assay format,other,8,H,2010,
CHEMBL1095999,CHEMBL1095999,Nc1nc(-c2ccco2)c2c(n1)-c1ccccc1C2=O,,10.0,1,10.0,10.0,Ki,F,assay format,other,8,H,2010,
CHEMBL1096134,CHEMBL1096134,CN1CCN(c2ccc3c(c2)-c2nc(N)nc(-c4ccccc4)c2C3=O)CC1,,8.57,1,8.57,8.57,Ki,F,assay format,other,8,H,2010,
CHEMBL1096409,CHEMBL1096409,O=C(Nc1nc(-c2ccccc2)nc2nn(CCc3ccccc3)cc12)c1cccc(Cl)c1,,6.5,1,6.5,6.5,Ki,B,cell-based format,cell_based,9,D,2010,
CHEMBL1096410,CHEMBL1096410,O=C(Nc1ccccc1)Nc1nc(-c2ccccc2)nc2nn(CCc3ccccc3)cc12,,7.02,1,7.02,7.02,Ki,B,cell-based format,cell_based,9,D,2010,
CHEMBL1096754,CHEMBL1096754,Cn1cc2c(NC(=O)c3ccccc3)nc(-c3ccccc3)nc2n1,,6.14,1,6.14,6.14,Ki,B,cell-based format,cell_based,9,D,2010,
CHEMBL1096886,CHEMBL1096886,CCNC(=O)[C@H]1O[C@@H](n2cnc3c(NCC(c4ccccc4)c4ccccc4)nc(C(=O)NCCNC(=O)NCCN4CCCCC4)nc32)[C@H](O)[C@@H]1O,,8.3,1,8.3,8.3,IC50,F,assay format,other,9,D,2009,
CHEMBL1096887,CHEMBL1096887,O=C(NCCNC(=O)c1nc(NCC(c2ccccc2)c2ccccc2)c2ncn([C@@H]3O[C@H](CO)[C@@H](O)[C@H]3O)c2n1)NCCN1CCCCC1,,7.35,1,7.35,7.35,IC50,F,assay format,other,9,D,2009,
CHEMBL1096888,CHEMBL1096888,CCNC(=O)[C@H]1O[C@@H](n2cnc3c(NCC(c4ccccc4)c4ccccc4)nc(C(=O)NCCNC(=O)NCCN(C(C)C)C4CCCC4)nc32)[C@H](O)[C@@H]1O,,8.15,1,8.15,8.15,IC50,F,assay format,other,9,D,2009,
CHEMBL1096889,CHEMBL1096889,CCNC(=O)[C@H]1O[C@@H](n2cnc3c(NCC(c4ccccc4)c4ccccc4)nc(C(=O)NCCNC(=O)NCCN(C(C)C)C(C)C)nc32)[C@H](O)[C@@H]1O,,8.3,1,8.3,8.3,IC50,F,assay format,other,9,D,2009,
CHEMBL1096890,CHEMBL1096890,CCNC(=O)[C@H]1O[C@@H](n2cnc3c(NCC(c4ccccc4)c4ccccc4)nc(C(=O)NCCNC(=O)NCCN4CCc5ccccc5C4)nc32)[C@H](O)[C@@H]1O,,8.0,1,8.0,8.0,IC50,F,assay format,other,9,D,2009,
CHEMBL1096891,CHEMBL1096891,CCNC(=O)[C@H]1O[C@@H](n2cnc3c(NCC(c4ccccc4)c4ccccc4)nc(C(=O)NCCN(C)C(=O)NCCN4CCCCC4)nc32)[C@H](O)[C@@H]1O,,6.52,1,6.52,6.52,IC50,F,assay format,other,9,D,2009,
CHEMBL1096892,CHEMBL1096892,CCNC(=O)[C@H]1O[C@@H](n2cnc3c(NCC(c4ccccc4)c4ccccc4)nc(C(=O)NCCNC(=O)NCCc4ccccc4)nc32)[C@H](O)[C@@H]1O,,8.0,1,8.0,8.0,IC50,F,assay format,other,9,D,2009,
CHEMBL1096893,CHEMBL1096893,CCNC(=O)[C@H]1O[C@@H](n2cnc3c(NCC(c4ccccc4)c4ccccc4)nc(C(=O)NCCNC(=O)NCc4ccccc4)nc32)[C@H](O)[C@@H]1O,,8.22,1,8.22,8.22,IC50,F,assay format,other,9,D,2009,
CHEMBL1096894,CHEMBL1096894,CCNC(=O)[C@H]1O[C@@H](n2cnc3c(NCC(c4ccccc4)c4ccccc4)nc(C(=O)NCCNC(=O)NCc4ccccn4)nc32)[C@H](O)[C@@H]1O,,8.4,1,8.4,8.4,IC50,F,assay format,other,9,D,2009,
CHEMBL1096895,CHEMBL1096895,CCNC(=O)[C@H]1O[C@@H](n2cnc3c(NCC(c4ccccc4)c4ccccc4)nc(C(=O)NCCNC(=O)NCc4ccc(CN(CC)CC)cc4)nc32)[C@H](O)[C@@H]1O,,8.3,1,8.3,8.3,IC50,F,assay format,other,9,D,2009,
CHEMBL1096896,CHEMBL1096896,CCNC(=O)[C@H]1O[C@@H](n2cnc3c(NCC(c4ccccc4)c4ccccc4)nc(C(=O)NCCNC(=O)NC4CCN(c5ccccn5)CC4)nc32)[C@H](O)[C@@H]1O,UK432097,8.4,2,8.4,8.4,IC50;Ki,B;F,assay format;single protein format,mixed,8;9,D;H,2009;2012,2
CHEMBL1096998,CHEMBL1096998,Nc1nc(-c2ccc(Cl)cc2)c2c(n1)-c1ccccc1C2=O,,8.26,1,8.26,8.26,Ki,F,assay format,other,8,H,2010,
CHEMBL1097074,CHEMBL1097074,Cc1cc(C)nc(NC(=N)NCCc2c[nH]c3ccccc23)n1,,6.4,1,6.4,6.4,Ki,B,cell-based format,cell_based,9,D,2010,
CHEMBL1097494,CHEMBL1097494,Nc1nc(-c2ccc(Cl)o2)c2c(n1)-c1ccccc1C2=O,,9.7,1,9.7,9.7,Ki,F,assay format,other,8,H,2010,
CHEMBL1097495,CHEMBL1097495,CN(C)CCN(C)c1ccc(-c2nc(N)nc3c2C(=O)c2ccccc2-3)o1,,7.98,1,7.98,7.98,Ki,F,assay format,other,8,H,2010,
CHEMBL109753,CHEMBL109753,Nc1cc(C(=O)N2CCCCC2)cn2nc(-c3ccco3)nc12,,6.72,1,6.72,6.72,Ki,B,single protein format,single_protein,8,H,2004,
CHEMBL1097737,CHEMBL1097737,Nc1nc(-c2ccccc2)nc2nn(CCc3ccccc3)cc12,,6.0,1,6.0,6.0,Ki,B,cell-based format,cell_based,9,D,2010,
CHEMBL1098075,CHEMBL1098075,O=C(Nc1nc(-c2ccccc2)nc2nn(CCc3ccccc3)cc12)c1ccccc1,,6.64,1,6.64,6.64,Ki,B,cell-based format,cell_based,9,D,2010,
CHEMBL1098109,CHEMBL1098109,Cn1cc2c(NC(=O)c3cccc(Cl)c3)nc(-c3ccccc3)nc2n1,,6.05,1,6.05,6.05,Ki,B,cell-based format,cell_based,9,D,2010,
CHEMBL1098439,CHEMBL1098439,Cc1cccc(O[C@H](C)C(=O)Nc2nc(-c3ccccc3)n[nH]2)c1,,6.7,1,6.7,6.7,Ki,B,cell-based format,cell_based,9,D,2010,
CHEMBL1098443,CHEMBL1098443,COc1ccc2c(CCNC(=N)Nc3nc(C)cc(C)n3)c[nH]c2c1,,6.22,1,6.22,6.22,Ki,B,cell-based format,cell_based,9,D,2010,
CHEMBL109845,CHEMBL109845,Nc1cc(C(=O)N2CCCCC2)cc2nc(-c3ccco3)nn12,,7.57,1,7.57,7.57,Ki,B,single protein format,single_protein,8,H,2004,
CHEMBL1098457,CHEMBL1098457,CN(C)CCN(C)c1ccc2c(c1)-c1nc(N)nc(-c3ccccc3)c1C2=O,,8.33,1,8.33,8.33,Ki,F,assay format,other,8,H,2010,
CHEMBL1098458,CHEMBL1098458,Nc1nc(-c2ccccc2)c2c(n1)-c1cc(NCCc3ccncc3)ccc1C2=O,,9.05,1,9.05,9.05,Ki,F,assay format,other,8,H,2010,
CHEMBL1098765,CHEMBL1098765,Nc1nc(-c2ccccc2)c2c(n1)-c1cc(NCCc3ccccn3)ccc1C2=O,,9.05,1,9.05,9.05,Ki,F,assay format,other,8,H,2010,
CHEMBL1099028,CHEMBL1099028,Nc1nc(-c2ccccc2)c2c(n1)-c1cc(CNN3CCC(=O)CC3)ccc1C2=O,,8.23,1,8.23,8.23,Ki,F,assay format,other,8,H,2010,
CHEMBL1099100,CHEMBL1099100,Cc1cc(C)nc(NC(=N)NCCc2ccsc2)n1,,6.4,1,6.4,6.4,Ki,B,cell-based format,cell_based,9,D,2010,
CHEMBL1099368,CHEMBL1099368,Nc1nc(-c2ccccc2)c2c(n1)-c1cc(CNN3CCCC3)ccc1C2=O,,8.39,1,8.39,8.39,Ki,F,assay format,other,8,H,2010,
CHEMBL110047,CHEMBL110047,COC[C@@H]1CCCN1C(=O)c1cc(N)c2nc(-c3ccc(Br)o3)nn2c1,,7.8,1,7.8,7.8,Ki,B,single protein format,single_protein,8,H,2004,
CHEMBL110069,CHEMBL110069,CCN(CC)C(=O)c1cc(N)n2nc(-c3ccc(Br)o3)nc2c1,,8.52,1,8.52,8.52,Ki,B,single protein format,single_protein,8,H,2004,
CHEMBL110074,CHEMBL110074,CC1CCCN1C(=O)c1cc(N)n2nc(-c3ccc(Br)o3)nc2c1,,8.4,1,8.4,8.4,Ki,B,single protein format,single_protein,8,H,2004,
CHEMBL110646,CHEMBL110646,COC[C@H]1CCCN1C(=O)c1cc(N)c2nc(-c3ccc(Br)o3)nn2c1,,7.21,1,7.21,7.21,Ki,B,single protein format,single_protein,8,H,2004,
CHEMBL110698,CHEMBL110698,CCCN(C)C(=O)c1cc(N)n2nc(-c3ccc(Br)o3)nc2c1,,8.22,1,8.22,8.22,Ki,B,single protein format,single_protein,8,H,2004,
CHEMBL112098,CHEMBL112098,CCCn1c(=O)c2c(nc3cc(C(C)(C)C)ccn32)n(Cc2ccccc2)c1=O,,6.42,1,6.42,6.42,Ki,B,cell-based format,cell_based,9,D,2002,
CHEMBL112195,CHEMBL112195,Nc1cc(C(=O)N2CCCC2)cn2nc(-c3ccc(Br)o3)nc12,,7.46,1,7.46,7.46,Ki,B,single protein format,single_protein,8,H,2004,
CHEMBL112249,CHEMBL112249,Nc1cc(C(=O)N2CCCC2)cn2nc(-c3ccccn3)nc12,,6.72,1,6.72,6.72,Ki,B,single protein format,single_protein,8,H,2004,
CHEMBL112631,CHEMBL112631,CN(C)C(=O)CN(C)C(=O)c1cc(N)n2nc(-c3ccc(Br)o3)nc2c1,,8.52,1,8.52,8.52,Ki,B,single protein format,single_protein,8,H,2004,
CHEMBL112740,CHEMBL112740,CN(CCc1ccccc1)C(=O)c1cc(N)c2nc(-c3ccc(Br)o3)nn2c1,,7.3,1,7.3,7.3,Ki,B,single protein format,single_protein,8,H,2004,
CHEMBL112773,CHEMBL112773,COC[C@H]1CCCN1C(=O)c1cc(N)n2nc(-c3ccc(Br)o3)nc2c1,,8.7,1,8.7,8.7,Ki,B,single protein format,single_protein,8,H,2004,
CHEMBL112897,CHEMBL112897,CCN(CC)C(=O)C1CCCN(C(=O)c2cc(N)c3nc(-c4ccc(Br)o4)nn3c2)C1,,7.4,1,7.4,7.4,Ki,B,single protein format,single_protein,8,H,2004,
CHEMBL112923,CHEMBL112923,O=c1c2c(nc3ccccn32)n(Cc2ccccc2)c(=O)n1CC1CC1,,6.62,1,6.62,6.62,Ki,B,cell-based format,cell_based,9,D,2002,
CHEMBL113009,CHEMBL113009,CCCN(C)C(=O)c1cc(N)c2nc(-c3ccc(Br)o3)nn2c1,,7.36,1,7.36,7.36,Ki,B,single protein format,single_protein,8,H,2004,
CHEMBL113142,CHEMBL113142,Nc1nc(NCCc2ccc(O)cc2)nc2nc(-c3ccco3)nn12,ZM-241385,8.91,39,7.09,10.0,IC50;Kd;Ki,B;F,assay format;cell membrane format;cell-based format;single protein format,mixed,8;9,D;H,2004;2005;2009;2011;2013;2015;2016;2017;2018;2021;2022,
CHEMBL113189,CHEMBL113189,CCN(CC)C(=O)c1cc(N)c2nc(-c3ccc(Br)o3)nn2c1,,6.56,1,6.56,6.56,Ki,B,single protein format,single_protein,8,H,2004,
CHEMBL113228,CHEMBL113228,Cc1ccc(-c2nc3cc(C(=O)N4CCCCC4)cc(N)n3n2)o1,,7.85,1,7.85,7.85,Ki,B,single protein format,single_protein,8,H,2004,
CHEMBL113376,CHEMBL113376,Nc1cc(C(=O)N2CCCCC2)cn2nc(-c3ccc(Br)o3)nc12,,7.57,1,7.57,7.57,Ki,B,single protein format,single_protein,8,H,2004,
CHEMBL113412,CHEMBL113412,Nc1cc(C(=O)N2CCCC2)cn2nc(-c3ccco3)nc12,,7.24,1,7.24,7.24,Ki,B,single protein format,single_protein,8,H,2004,
CHEMBL113468,CHEMBL113468,CCN(CCc1ccccn1)C(=O)c1cc(N)c2nc(-c3ccc(Br)o3)nn2c1,,7.12,1,7.12,7.12,Ki,B,single protein format,single_protein,8,H,2004,
CHEMBL113512,CHEMBL113512,CCn1c(=O)c2c(nc3ccccn32)n(Cc2ccccc2)c1=O,,6.23,1,6.23,6.23,Ki,B,cell-based format,cell_based,9,D,2002,
CHEMBL113518,CHEMBL113518,O=c1c(-c2ccco2)nnc2n(Cc3ccccc3)c3ccccc3n12,,6.81,1,6.81,6.81,Ki,B,cell-based format,cell_based,9,D,2012,
CHEMBL113541,CHEMBL113541,CN(C)C(=O)CN(C)C(=O)c1cc(N)c2nc(-c3ccc(Br)o3)nn2c1,,7.64,1,7.64,7.64,Ki,B,single protein format,single_protein,8,H,2004,
CHEMBL113542,CHEMBL113542,CC1CCCN(C(=O)c2cc(N)c3nc(-c4ccc(Br)o4)nn3c2)C1,,7.82,1,7.82,7.82,Ki,B,single protein format,single_protein,8,H,2004,
CHEMBL113967,CHEMBL113967,CC1CCCCN1C(=O)c1cc(N)n2nc(-c3ccc(Br)o3)nc2c1,,8.7,1,8.7,8.7,Ki,B,single protein format,single_protein,8,H,2004,
CHEMBL114185,CHEMBL114185,CC1CCCN1C(=O)c1cc(N)c2nc(-c3ccc(Br)o3)nn2c1,,7.57,1,7.57,7.57,Ki,B,single protein format,single_protein,8,H,2004,
CHEMBL114405,CHEMBL114405,Nc1cc(C(=O)N2CCCC2)cc2nc(-c3cccs3)nn12,,6.98,1,6.98,6.98,Ki,B,single protein format,single_protein,8,H,2004,
CHEMBL114832,CHEMBL114832,C=CCn1c(=O)c2c(nc3ccccn32)n(Cc2ccccc2)c1=O,,6.79,1,6.79,6.79,Ki,B,cell-based format,cell_based,9,D,2002,
CHEMBL115769,CHEMBL115769,COc1cc(N)[nH]c2nc(-c3ccc(F)cc3)c(-c3ccncc3)c1-2,,6.24,1,6.24,6.24,Ki,B,cell membrane format,other,8,H,,
CHEMBL1169934,CHEMBL1169934,CCN(C(C)=O)c1ccc(OC)c2nc(NC(=O)c3ccc(C#N)cc3)sc12,,7.3,1,7.3,7.3,Ki,B,cell-based format,cell_based,9,D,2010,
CHEMBL1170129,CHEMBL1170129,CCN(C(C)=O)c1ccc(OC)c2nc(NC(=O)c3ccc(S(C)(=O)=O)cc3)sc12,,7.04,1,7.04,7.04,Ki,B,cell-based format,cell_based,9,D,2010,
CHEMBL1170130,CHEMBL1170130,CCN(C(C)=O)c1ccc(Cl)c2nc(NC(=O)c3ccc(F)cc3)sc12,,7.82,1,7.82,7.82,Ki,B,cell-based format,cell_based,9,D,2010,
CHEMBL1170131,CHEMBL1170131,COc1ccc(N(CC(=O)N(C)C)C(C)=O)c2sc(NC(=O)c3ccc(F)cc3)nc12,,6.32,1,6.32,6.32,Ki,B,cell-based format,cell_based,9,D,2010,
CHEMBL1170134,CHEMBL1170134,CCN(C(C)=O)c1ccc(OC)c2nc(NC(=O)c3ccc(C(=O)N4CCOCC4)cc3)sc12,,7.12,1,7.12,7.12,Ki,B,cell-based format,cell_based,9,D,2010,
CHEMBL1170135,CHEMBL1170135,CCN(C(C)=O)c1ccc(OC)c2nc(NC(=O)c3ccc(C(=O)N4CCCCC4)cc3)sc12,,7.0,1,7.0,7.0,Ki,B,cell-based format,cell_based,9,D,2010,
CHEMBL1170136,CHEMBL1170136,CCN(C(C)=O)c1ccc(OC)c2nc(NC(=O)c3ccc(-n4cccn4)cc3)sc12,,7.18,1,7.18,7.18,Ki,B,cell-based format,cell_based,9,D,2010,
CHEMBL1170137,CHEMBL1170137,CCN(C(C)=O)c1ccc(OC)c2nc(NC(=O)c3ccc(NS(C)(=O)=O)cc3)sc12,,7.34,1,7.34,7.34,Ki,B,cell-based format,cell_based,9,D,2010,
CHEMBL1170367,CHEMBL1170367,CCN(C(C)=O)c1ccc(OC)c2nc(NC(=O)c3ccnn3C)sc12,,7.29,1,7.29,7.29,Ki,B,cell-based format,cell_based,9,D,2010,
CHEMBL1170518,CHEMBL1170518,COc1ccc(NC(C)=O)c2sc(NC(=O)c3ccc(F)cc3)nc12,,6.6,1,6.6,6.6,Ki,B,cell-based format,cell_based,9,D,2010,
CHEMBL1170519,CHEMBL1170519,CCN(C(C)=O)c1ccc(OC)c2nc(NC(=O)c3cc[nH]c3)sc12,,7.75,1,7.75,7.75,Ki,B,cell-based format,cell_based,9,D,2010,
CHEMBL1170525,CHEMBL1170525,CNC(=O)CN(C(C)=O)c1ccc(OC)c2nc(NC(=O)c3ccc(F)cc3)sc12,,6.48,1,6.48,6.48,Ki,B,cell-based format,cell_based,9,D,2010,
CHEMBL1170526,CHEMBL1170526,COc1ccc(N(CC(N)=O)C(C)=O)c2sc(NC(=O)c3ccc(F)cc3)nc12,,6.8,1,6.8,6.8,Ki,B,cell-based format,cell_based,9,D,2010,
CHEMBL1170582,CHEMBL1170582,CCN(C(C)=O)c1ccc(OC)c2nc(NC(=O)c3ccc(C(=O)NC)cc3)sc12,,7.08,1,7.08,7.08,Ki,B,cell-based format,cell_based,9,D,2010,
CHEMBL1170583,CHEMBL1170583,CCN(C(C)=O)c1ccc(OC)c2nc(NC(=O)c3ccc(C(=O)N4CCN(C)CC4)cc3)sc12,,7.05,1,7.05,7.05,Ki,B,cell-based format,cell_based,9,D,2010,
CHEMBL1171163,CHEMBL1171163,CCN(C(C)=O)c1ccc(OC)c2nc(NC(=O)c3cnn(C)c3)sc12,,7.39,1,7.39,7.39,Ki,B,cell-based format,cell_based,9,D,2010,
CHEMBL1171164,CHEMBL1171164,CCN(C(C)=O)c1ccc(OC)c2nc(NC(=O)c3cnn(Cc4cccc(C(F)(F)F)c4)c3)sc12,,8.52,1,8.52,8.52,Ki,B,cell-based format,cell_based,9,D,2010,
CHEMBL1171165,CHEMBL1171165,CCN(C(C)=O)c1ccc(OC)c2nc(NC(=O)c3cnn(Cc4cccc(F)c4)c3)sc12,,8.52,1,8.52,8.52,Ki,B,cell-based format,cell_based,9,D,2010,
CHEMBL1171200,CHEMBL1171200,CCN(C(C)=O)c1ccc(OC)c2nc(NC(=O)c3ccc(C(=O)N4CCCC4)cc3)sc12,,7.17,1,7.17,7.17,Ki,B,cell-based format,cell_based,9,D,2010,
CHEMBL1171349,CHEMBL1171349,CCN(C(C)=O)c1ccc(OC)c2nc(NC(=O)c3ccc(-n4cnnn4)cc3)sc12,,7.1,1,7.1,7.1,Ki,B,cell-based format,cell_based,9,D,2010,
CHEMBL1171379,CHEMBL1171379,COc1cc(OCc2nc(-c3ccc(Br)cc3)no2)ccc1-c1cc2c([nH]1)c(=O)n(C)c(=O)n2C,,6.15,1,6.15,6.15,Ki,B,cell-based format,cell_based,9,D,2010,
CHEMBL1171524,CHEMBL1171524,COc1ccc(N(CCCO)C(C)=O)c2sc(NC(=O)c3ccc(F)cc3)nc12,,7.54,1,7.54,7.54,Ki,B,cell-based format,cell_based,9,D,2010,
CHEMBL1171525,CHEMBL1171525,COC(=O)CN(C(C)=O)c1ccc(OC)c2nc(NC(=O)c3ccc(F)cc3)sc12,,8.3,1,8.3,8.3,Ki,B,cell-based format,cell_based,9,D,2010,
CHEMBL1171526,CHEMBL1171526,COCCN(C(C)=O)c1ccc(OC)c2nc(NC(=O)c3ccc(F)cc3)sc12,,7.42,1,7.42,7.42,Ki,B,cell-based format,cell_based,9,D,2010,
CHEMBL1171718,CHEMBL1171718,COc1ccc(N(CC(C)C)C(C)=O)c2sc(NC(=O)c3ccc(F)cc3)nc12,,8.52,1,8.52,8.52,Ki,B,cell-based format,cell_based,9,D,2010,
CHEMBL1171897,CHEMBL1171897,CCN(C(C)=O)c1ccc(OC)c2nc(NC(=O)c3ccc(F)cc3)sc12,,7.66,1,7.66,7.66,Ki,B,cell-based format,cell_based,9,D,2010,
CHEMBL1171898,CHEMBL1171898,COc1ccc(N(C)C(C)=O)c2sc(NC(=O)c3ccc(F)cc3)nc12,,7.41,1,7.41,7.41,Ki,B,cell-based format,cell_based,9,D,2010,
CHEMBL1172267,CHEMBL1172267,COc1ccc(N(CCO)C(C)=O)c2sc(NC(=O)c3ccc(F)cc3)nc12,,7.01,1,7.01,7.01,Ki,B,cell-based format,cell_based,9,D,2010,
CHEMBL1172268,CHEMBL1172268,COc1ccc(N(C(C)=O)C(F)F)c2sc(NC(=O)c3ccc(F)cc3)nc12,,7.21,1,7.21,7.21,Ki,B,cell-based format,cell_based,9,D,2010,
CHEMBL1172269,CHEMBL1172269,COc1ccc(N(CC(F)(F)F)C(C)=O)c2sc(NC(=O)c3ccc(F)cc3)nc12,,7.46,1,7.46,7.46,Ki,B,cell-based format,cell_based,9,D,2010,
CHEMBL1172274,CHEMBL1172274,CCN(C(C)=O)c1ccc(OC)c2nc(NC(=O)c3ccc(C(=O)OC)cc3)sc12,,6.77,1,6.77,6.77,Ki,B,cell-based format,cell_based,9,D,2010,
CHEMBL1172275,CHEMBL1172275,CCN(C(C)=O)c1ccc(OC)c2nc(NC(=O)c3ccc(-n4ccnc4)cc3)sc12,,7.11,1,7.11,7.11,Ki,B,cell-based format,cell_based,9,D,2010,
CHEMBL1172276,CHEMBL1172276,CCN(C(C)=O)c1ccc(OC)c2nc(NC(=O)c3ccc(CN4CCCC4=O)cc3)sc12,,7.57,1,7.57,7.57,Ki,B,cell-based format,cell_based,9,D,2010,
CHEMBL1172277,CHEMBL1172277,CCN(C(C)=O)c1ccc(OC)c2nc(NC(=O)c3ccc(CN(C)S(C)(=O)=O)cc3)sc12,,7.15,1,7.15,7.15,Ki,B,cell-based format,cell_based,9,D,2010,
CHEMBL1172442,CHEMBL1172442,CCN(C(C)=O)c1ccc(OC)c2nc(NC(=O)c3ccc(C(=O)N(C)CCOC)cc3)sc12,,7.58,1,7.58,7.58,Ki,B,cell-based format,cell_based,9,D,2010,
CHEMBL131242,CHEMBL1180559,CCNC(=O)[C@H]1O[C@@H](n2cnc3c(NCC(c4ccccc4)c4ccccc4)nc(NCCN4CCCCC4)nc32)[C@H](O)[C@@H]1O,,10.1,1,10.1,10.1,Ki,B,single protein format,single_protein,8,H,2000,
CHEMBL118164,CHEMBL118164,Nc1ccc(-n2nc3c(N)nc4ccccc4n3c2=O)cc1,,8.44,1,8.44,8.44,Ki,B,assay format,other,8,H,2004,
CHEMBL203660,CHEMBL1181982,Cn1cc2c(nc(NC(=O)Nc3ccc[n+](C)c3)n3nc(-c4ccco4)nc23)n1,,7.38,1,7.38,7.38,Ki,B,cell-based format,cell_based,9,D,2006,
CHEMBL204128,CHEMBL1181988,Cn1cc2c(nc(NC(=O)Nc3cc[n+](C)cc3)n3nc(-c4ccco4)nc23)n1,,6.55,1,6.55,6.55,Ki,B,cell-based format,cell_based,9,D,2006,
CHEMBL337080,CHEMBL1184174,CCNC(=O)[C@H]1O[C@@H](n2cnc3c(NCC(c4ccccc4)c4ccccc4)nc(N[C@H]4CC[C@H](N)CC4)nc32)[C@H](O)[C@@H]1O,,10.3,1,10.3,10.3,Ki,B,single protein format,single_protein,8,H,2000,
CHEMBL383689,CHEMBL1185010,Cn1cc2c(nc(NC(=O)Nc3cccc[n+]3C)n3nc(-c4ccco4)nc23)n1,,7.19,1,7.19,7.19,Ki,B,cell-based format,cell_based,9,D,2006,
CHEMBL119709,CHEMBL119709,CNC(=O)[C@H]1O[C@@H](n2cnc3c(NCc4cccc(I)c4)ncnc32)[C@H](O)[C@@H]1O,IB-MECA,7.03,9,6.29,7.5,EC50;Ki,B;F,assay format;cell-based format,cell_based,8;9,D;H,1997;1998;2004;2005;2006;2008;2014,
CHEMBL1210734,CHEMBL1210734,Nc1nc(-n2cncn2)c2nnn(Cc3ccccc3F)c2n1,,6.4,1,6.4,6.4,Ki,F,assay format,other,9,D,2010,
CHEMBL121593,CHEMBL121593,Nc1nc2ccccc2n2c(=O)n(-c3ccc(O)cc3)nc12,,7.1,1,7.1,7.1,Ki,B,assay format,other,8,H,2004,
CHEMBL1221455,CHEMBL1221455,Cc1noc(-c2sc(NC(=O)c3ccco3)nc2-c2ccccc2)n1,,6.7,1,6.7,6.7,Ki,B,assay format,other,9,D,2010,
CHEMBL1221456,CHEMBL1221456,CC(=O)Nc1nc(-c2ccccc2)c(-c2nc(C)no2)s1,,6.96,1,6.96,6.96,Ki,B,assay format,other,9,D,2010,
CHEMBL1221457,CHEMBL1221457,Cc1noc(-c2sc(NC(=O)C3CC3)nc2-c2ccccc2)n1,,7.92,1,7.92,7.92,Ki,B,assay format,other,9,D,2010,
CHEMBL1221458,CHEMBL1221458,Cc1noc(-c2sc(NC(=O)CC(C)C)nc2-c2ccccc2)n1,,7.32,1,7.32,7.32,Ki,B,assay format,other,9,D,2010,
CHEMBL1221459,CHEMBL1221459,Cc1noc(-c2sc(NC(=O)c3ccccc3)nc2-c2ccccc2)n1,,6.72,1,6.72,6.72,Ki,B,assay format,other,9,D,2010,
CHEMBL1221504,CHEMBL1221504,Cc1noc(-c2sc(NC(=O)Cc3ccccc3)nc2-c2ccccc2)n1,,7.24,1,7.24,7.24,Ki,B,assay format,other,9,D,2010,
CHEMBL1221505,CHEMBL1221505,CCn1nnc(-c2sc(NC(=O)c3ccco3)nc2-c2ccccc2)n1,,7.03,1,7.03,7.03,Ki,B,assay format,other,9,D,2010,
CHEMBL1221506,CHEMBL1221506,CCn1nnc(-c2sc(NC(=O)C3CC3)nc2-c2ccccc2)n1,,7.11,1,7.11,7.11,Ki,B,assay format,other,9,D,2010,
CHEMBL1221507,CHEMBL1221507,CCn1nnc(-c2sc(NC(=O)c3ccccc3)nc2-c2ccccc2)n1,,6.66,1,6.66,6.66,Ki,B,assay format,other,9,D,2010,
CHEMBL1221508,CHEMBL1221508,CCn1nnc(-c2sc(NC(=O)Cc3ccccc3)nc2-c2ccccc2)n1,,6.34,1,6.34,6.34,Ki,B,assay format,other,9,D,2010,
CHEMBL1222145,CHEMBL1222145,CCOC(=O)c1sc(NC(=O)c2ccco2)nc1-c1ccccc1,,7.89,1,7.89,7.89,Ki,B,assay format,other,9,D,2010,
CHEMBL1222241,CHEMBL1222241,CCCC(=O)c1sc(NC(=O)c2ccco2)nc1-c1ccccc1,,7.21,1,7.21,7.21,Ki,B,assay format,other,9,D,2010,
CHEMBL1222242,CHEMBL1222242,CCOCc1sc(NC(=O)c2ccco2)nc1-c1ccccc1,,6.72,1,6.72,6.72,Ki,B,assay format,other,9,D,2010,
CHEMBL1222245,CHEMBL1222245,N#Cc1sc(NC(=O)c2ccco2)nc1-c1ccccc1,,6.54,1,6.54,6.54,Ki,B,assay format,other,9,D,2010,
CHEMBL1222246,CHEMBL1222246,Cc1nc(-c2sc(NC(=O)c3ccco3)nc2-c2ccccc2)no1,,6.16,1,6.16,6.16,Ki,B,assay format,other,9,D,2010,
CHEMBL1222302,CHEMBL1222302,CC(=O)Nc1nc(-c2ccccc2)c(-c2noc(C)n2)s1,,6.72,1,6.72,6.72,Ki,B,assay format,other,9,D,2010,
CHEMBL1222303,CHEMBL1222303,Cc1nc(-c2sc(NC(=O)C3CC3)nc2-c2ccccc2)no1,,7.55,1,7.55,7.55,Ki,B,assay format,other,9,D,2010,
CHEMBL1222304,CHEMBL1222304,Cc1nc(-c2sc(NC(=O)CC(C)C)nc2-c2ccccc2)no1,,7.48,1,7.48,7.48,Ki,B,assay format,other,9,D,2010,
CHEMBL1222305,CHEMBL1222305,Cc1nc(-c2sc(NC(=O)c3ccccc3)nc2-c2ccccc2)no1,,7.08,1,7.08,7.08,Ki,B,assay format,other,9,D,2010,
CHEMBL1222306,CHEMBL1222306,Cc1nc(-c2sc(NC(=O)Cc3ccccc3)nc2-c2ccccc2)no1,,7.6,1,7.6,7.6,Ki,B,assay format,other,9,D,2010,
CHEMBL1222369,CHEMBL1222369,O=C(Nc1nc(-c2ccccc2)c(-c2ncon2)s1)c1ccco1,,6.39,1,6.39,6.39,Ki,B,assay format,other,9,D,2010,
CHEMBL1222370,CHEMBL1222370,O=C(Nc1nc(-c2ccccc2)c(-c2ncon2)s1)C1CC1,,6.92,1,6.92,6.92,Ki,B,assay format,other,9,D,2010,
CHEMBL1222371,CHEMBL1222371,CC(C)CC(=O)Nc1nc(-c2ccccc2)c(-c2ncon2)s1,,6.47,1,6.47,6.47,Ki,B,assay format,other,9,D,2010,
CHEMBL1222372,CHEMBL1222372,O=C(Nc1nc(-c2ccccc2)c(-c2ncon2)s1)c1ccccc1,,6.48,1,6.48,6.48,Ki,B,assay format,other,9,D,2010,
CHEMBL1222373,CHEMBL1222373,O=C(Cc1ccccc1)Nc1nc(-c2ccccc2)c(-c2ncon2)s1,,6.15,1,6.15,6.15,Ki,B,assay format,other,9,D,2010,
CHEMBL1222587,CHEMBL1222587,CCn1nnc(-c2sc(NC(=O)Cc3ccc(OC)c(OC)c3)nc2-c2ccccc2)n1,,7.35,1,7.35,7.35,Ki,B,assay format,other,9,D,2010,
CHEMBL122396,CHEMBL122396,COc1ccc(-c2c(C#N)c(N)nc(SCc3ncc[nH]3)c2C#N)cc1,,6.67,1,6.67,6.67,Ki,B,cell-based format,cell_based,9,D,2004,
CHEMBL122511,CHEMBL122511,CCCCCc1nc2[nH]cnc2c2nc(-c3ccccc3)nn12,,6.7,1,6.7,6.7,IC50,B,cell-based format,cell_based,8,H,2002,
CHEMBL122512,CHEMBL122512,CCCCc1nc2[nH]cnc2c2nc(-c3ccccc3)nn12,,7.15,1,7.15,7.15,IC50,B,cell-based format,cell_based,8,H,2002,
CHEMBL122622,CHEMBL122622,N#Cc1c(N)nc(SCc2ncc[nH]2)c(C#N)c1-c1ccc(O)cc1,,7.55,1,7.55,7.55,Ki,B,cell-based format,cell_based,9,D,2004,
CHEMBL122667,CHEMBL122667,CCCCc1nc2[nH]cnc2c2nc(-c3cccc(Cl)c3)nn12,,7.25,1,7.25,7.25,IC50,B,cell-based format,cell_based,8,H,2002,
CHEMBL122685,CHEMBL122685,CCCCc1nc2[nH]cnc2c2nc(-c3cccc(C)c3)nn12,,6.73,1,6.73,6.73,IC50,B,cell-based format,cell_based,8,H,2002,
CHEMBL122806,CHEMBL122806,N#Cc1c(N)nc(SCc2ncc[nH]2)c(C#N)c1-c1cccc(O)c1,,7.68,1,7.68,7.68,Ki,B,cell-based format,cell_based,9,D,2004,
CHEMBL122819,CHEMBL122819,CCCCc1nc2[nH]cnc2c2nc(-c3ccc(OCC)cc3)nn12,,6.24,1,6.24,6.24,Ki,B,cell-based format,cell_based,9,D,2002,
CHEMBL122928,CHEMBL122928,CCCCc1nc2[nH]cnc2c2nc(Cc3ccccc3)nn12,,7.33,1,7.33,7.33,IC50,B,cell-based format,cell_based,8,H,2002,
CHEMBL123172,CHEMBL123172,CCCCc1nc2[nH]cnc2c2nc(-c3cccc(OC)c3)nn12,,7.17,1,7.17,7.17,IC50,B,cell-based format,cell_based,8,H,2002,
CHEMBL123195,CHEMBL123195,CCCCc1nc2[nH]cnc2c2nc(-c3cccnc3)nn12,,6.05,1,6.05,6.05,IC50,B,cell-based format,cell_based,8,H,2002,
CHEMBL123310,CHEMBL123310,CCCCc1nc2[nH]cnc2c2nc(C)nn12,,7.34,1,7.34,7.34,IC50,B,cell-based format,cell_based,8,H,2002,
CHEMBL123450,CHEMBL123450,CCCCc1nc2[nH]cnc2c2nc(-c3ccc(O)cc3)nn12,,7.24,1,7.24,7.24,IC50,B,cell-based format,cell_based,8,H,2002,
CHEMBL1234591,CHEMBL1234591,Nc1ncnc2c1ncn2[C@@H]1O[C@H](C(=O)NCCO)[C@@H](O)[C@H]1O,,6.3,1,6.3,6.3,Ki,B,cell-based format,cell_based,9,D,2012,
CHEMBL123462,CHEMBL123462,CCCCc1nc2[nH]cnc2c2nc(-c3ccc(N(C)C)cc3)nn12,,7.31,1,7.31,7.31,Ki,B,cell-based format,cell_based,9,D,2002,
CHEMBL123465,CHEMBL123465,CCCc1nc2[nH]cnc2c2nc(-c3ccccc3)nn12,,6.92,1,6.92,6.92,IC50,B,cell-based format,cell_based,8,H,2002,
CHEMBL1235128,CHEMBL1235128,CCCNC(=O)[C@H]1O[C@@H](n2cnc3c(N)ncnc32)[C@H](O)[C@@H]1O,,6.68,1,6.68,6.68,Ki,B,cell-based format,cell_based,9,D,2012,
CHEMBL123705,CHEMBL123705,CCCCc1nc2[nH]cnc2c2nc(-c3ccc(C(F)(F)F)cc3)nn12,,7.51,1,7.51,7.51,Ki,B,cell-based format,cell_based,9,D,2002,
CHEMBL124345,CHEMBL124345,N#Cc1c(N)nc(SCc2ncc[nH]2)c(C#N)c1-c1ccccc1,,7.99,4,7.55,8.13,EC50;Kd;Ki,B;F,assay format;cell membrane format;cell-based format,cell_based,9,D,2004;2021,
CHEMBL124788,CHEMBL124788,CCCCc1nc2[nH]cnc2c2nc(-c3ccccc3Cl)nn12,,7.75,1,7.75,7.75,IC50,B,cell-based format,cell_based,8,H,2002,
CHEMBL124900,CHEMBL124900,CCCCc1nc2[nH]ncc2c2nc(-c3cccc(Cl)c3)nn12,,6.12,1,6.12,6.12,IC50,B,cell-based format,cell_based,8,H,2004,
CHEMBL125647,CHEMBL125647,CCCCc1nc2[nH]cnc2c2nc(-c3ccco3)nn12,,6.68,1,6.68,6.68,IC50,B,cell-based format,cell_based,8,H,2002,
CHEMBL1256672,CHEMBL1256672,Nc1nc(Nc2ccccc2)nc2c1ncn2[C@@H]1O[C@H](CO)[C@@H](O)[C@H]1O,,7.58,2,7.12,8.04,Kd;Ki,B,cell-based format,cell_based,9,D,2022,
CHEMBL1258076,CHEMBL1258076,CCOc1ccc(CCCn2ncc3c2nc(N)n2nc(-c4ccco4)nc32)cc1,,7.36,1,7.36,7.36,Ki,B,cell-based format,cell_based,9,D,2010,
CHEMBL1258077,CHEMBL1258077,Nc1nc2c(cnn2CCCc2ccc(OCCF)cc2)c2nc(-c3ccco3)nn12,,7.91,1,7.91,7.91,Ki,B,cell-based format,cell_based,9,D,2010,
CHEMBL1258191,CHEMBL1258191,CCCOc1ccc(CCCn2ncc3c2nc(N)n2nc(-c4ccco4)nc32)cc1,,7.93,1,7.93,7.93,Ki,B,cell-based format,cell_based,9,D,2010,
CHEMBL1258192,CHEMBL1258192,CC(C)Oc1ccc(CCCn2ncc3c2nc(N)n2nc(-c4ccco4)nc32)cc1,,7.88,1,7.88,7.88,Ki,B,cell-based format,cell_based,9,D,2010,
CHEMBL1258306,CHEMBL1258306,CCC(C)Oc1ccc(CCCn2ncc3c2nc(N)n2nc(-c4ccco4)nc32)cc1,,7.66,1,7.66,7.66,Ki,B,cell-based format,cell_based,9,D,2010,
CHEMBL1258307,CHEMBL1258307,C=CCOc1ccc(CCCn2ncc3c2nc(N)n2nc(-c4ccco4)nc32)cc1,,8.05,1,8.05,8.05,Ki,B,cell-based format,cell_based,9,D,2010,
CHEMBL1258418,CHEMBL1258418,C=CCCOc1ccc(CCCn2ncc3c2nc(N)n2nc(-c4ccco4)nc32)cc1,,7.84,1,7.84,7.84,Ki,B,cell-based format,cell_based,9,D,2010,
CHEMBL1258419,CHEMBL1258419,Nc1nc2c(cnn2CCCc2ccc(O/C=C/c3ccccc3)cc2)c2nc(-c3ccco3)nn12,,6.51,1,6.51,6.51,Ki,B,cell-based format,cell_based,9,D,2010,
CHEMBL1258525,CHEMBL1258525,Nc1nc2c(cnn2CCCc2ccc(OCCc3ccccc3)cc2)c2nc(-c3ccco3)nn12,,7.1,1,7.1,7.1,Ki,B,cell-based format,cell_based,9,D,2010,
CHEMBL1258526,CHEMBL1258526,Nc1nc2c(cnn2CCCc2ccc(OCCO)cc2)c2nc(-c3ccco3)nn12,,7.62,1,7.62,7.62,Ki,B,cell-based format,cell_based,9,D,2010,
CHEMBL1258642,CHEMBL1258642,CS(=O)(=O)OCCOc1ccc(CCCn2ncc3c2nc(N)n2nc(-c4ccco4)nc32)cc1,,7.34,1,7.34,7.34,Ki,B,cell-based format,cell_based,9,D,2010,
CHEMBL125979,CHEMBL125979,COc1cccc(-c2c(C#N)c(N)nc(SCc3ncc[nH]3)c2C#N)c1,,6.98,1,6.98,6.98,Ki,B,cell-based format,cell_based,9,D,2004,
CHEMBL1269898,CHEMBL1269898,COCCCn1c(NC(=O)c2cccc(C#N)c2)nc2cc(C(=O)NCc3cccc(OC)c3)ccc21,,7.34,1,7.34,7.34,Ki,B,cell-based format,cell_based,9,D,2010,
CHEMBL1269901,CHEMBL1269901,CCN(CC)C(=O)c1ccc2nc(NC(=O)c3cccc(C#N)c3)n(CCCOC)c2c1,,8.51,1,8.51,8.51,Ki,B,cell-based format,cell_based,9,D,2010,
CHEMBL1270005,CHEMBL1270005,COCCCn1c(NC(=O)c2cccc(F)c2)nc2cc(C(=O)NCc3cccc(OC)c3)ccc21,,6.68,1,6.68,6.68,Ki,B,cell-based format,cell_based,9,D,2010,
CHEMBL1270006,CHEMBL1270006,COCCCn1c(NC(=O)c2cccc(Cl)c2)nc2cc(C(=O)NCc3cccc(OC)c3)ccc21,,6.36,1,6.36,6.36,Ki,B,cell-based format,cell_based,9,D,2010,
CHEMBL1270007,CHEMBL1270007,COCCCn1c(NC(=O)c2cccc(C#N)c2)nc2ccc(C(=O)N3CCCCC3)cc21,,7.77,1,7.77,7.77,Ki,B,cell-based format,cell_based,9,D,2010,
CHEMBL1270008,CHEMBL1270008,CCN(C)C(=O)c1ccc2nc(NC(=O)c3cccc(C#N)c3)n(CCCOC)c2n1,,7.92,1,7.92,7.92,Ki,B,cell-based format,cell_based,9,D,2010,
CHEMBL1270115,CHEMBL1270115,COCCCn1c(NC(=O)c2cccc(C#N)c2)nc2ccc(C(=O)N(C)C(C)C)nc21,,8.6,1,8.6,8.6,Ki,B,cell-based format,cell_based,9,D,2010,
CHEMBL1270316,CHEMBL1270316,CCCCNC(=O)c1ccc2c(c1)nc(NC(=O)c1cccc(C#N)c1)n2CCCOC,,7.32,1,7.32,7.32,Ki,B,cell-based format,cell_based,9,D,2010,
CHEMBL1270414,CHEMBL1270414,CCCCNC(=O)c1cnc2c(c1)nc(NC(=O)c1cccc(C#N)c1)n2CCCOC,,7.4,1,7.4,7.4,Ki,B,cell-based format,cell_based,9,D,2010,
CHEMBL1270415,CHEMBL1270415,COCCCn1c(NC(=O)c2cccc(C#N)c2)nc2cc(C(=O)N3CCCCC3)ccc21,,7.32,1,7.32,7.32,Ki,B,cell-based format,cell_based,9,D,2010,
CHEMBL1270508,CHEMBL1270508,COCCCn1c(NC(=O)c2cccc(C#N)c2)nc2cc(C(=O)N3CCCCC3)cnc21,,8.02,1,8.02,8.02,Ki,B,cell-based format,cell_based,9,D,2010,
CHEMBL1270609,CHEMBL1270609,COCCCn1c(NC(=O)c2cccc(C#N)c2)nc2cc(C(=O)N(C)C)cnc21,,6.91,1,6.91,6.91,Ki,B,cell-based format,cell_based,9,D,2010,
CHEMBL1270610,CHEMBL1270610,CCN(C)C(=O)c1cnc2c(c1)nc(NC(=O)c1cccc(C#N)c1)n2CCCOC,,7.6,1,7.6,7.6,Ki,B,cell-based format,cell_based,9,D,2010,
CHEMBL1270708,CHEMBL1270708,CCN(CC)C(=O)c1cnc2c(c1)nc(NC(=O)c1cccc(C#N)c1)n2CCCOC,,7.8,1,7.8,7.8,Ki,B,cell-based format,cell_based,9,D,2010,
CHEMBL1270709,CHEMBL1270709,COCCCn1c(NC(=O)c2cccc(C#N)c2)nc2cc(C(=O)N(C)C(C)C)cnc21,,7.89,1,7.89,7.89,Ki,B,cell-based format,cell_based,9,D,2010,
CHEMBL1270813,CHEMBL1270813,COCCCn1c(NC(=O)c2cccc(C#N)c2)nc2cc(C(=O)N3CCCC[C@H]3C)cnc21,,8.11,1,8.11,8.11,Ki,B,cell-based format,cell_based,9,D,2010,
CHEMBL1270814,CHEMBL1270814,COCCCn1c(NC(=O)c2cccc(C#N)c2)nc2cc(C(=O)N3CCCC[C@@H]3C)cnc21,,7.96,1,7.96,7.96,Ki,B,cell-based format,cell_based,9,D,2010,
CHEMBL1270916,CHEMBL1270916,Cn1c(NC(=O)c2cccc(C#N)c2)nc2cc(C(=O)N3CCCCC3)cnc21,,6.83,1,6.83,6.83,Ki,B,cell-based format,cell_based,9,D,2010,
CHEMBL1270917,CHEMBL1270917,CCCCCn1c(NC(=O)c2cccc(C#N)c2)nc2cc(C(=O)N3CCCCC3)cnc21,,6.04,1,6.04,6.04,Ki,B,cell-based format,cell_based,9,D,2010,
CHEMBL1271015,CHEMBL1271015,N#Cc1cccc(C(=O)Nc2nc3cc(C(=O)N4CCCCC4)cnc3n2CCCO)c1,,7.29,1,7.29,7.29,Ki,B,cell-based format,cell_based,9,D,2010,
CHEMBL1271016,CHEMBL1271016,N#Cc1cccc(C(=O)Nc2nc3cc(C(=O)N4CCCCC4)cnc3n2C2CCOCC2)c1,,6.75,1,6.75,6.75,Ki,B,cell-based format,cell_based,9,D,2010,
CHEMBL1271120,CHEMBL1271120,CC(=O)NCCn1c(NC(=O)c2cccc(C#N)c2)nc2cc(C(=O)N3CCCCC3)cnc21,,7.43,1,7.43,7.43,Ki,B,cell-based format,cell_based,9,D,2010,
CHEMBL1271224,CHEMBL1271224,N#Cc1cccc(C(=O)Nc2nc3cc(C(=O)N4CCCCC4)cnc3n2Cc2cccnc2)c1,,6.63,1,6.63,6.63,Ki,B,cell-based format,cell_based,9,D,2010,
CHEMBL1271325,CHEMBL1271325,N#Cc1cccc(C(=O)Nc2nc3cc(C(=O)N4CCCCC4)cnc3n2Cc2ccncc2)c1,,7.46,1,7.46,7.46,Ki,B,cell-based format,cell_based,9,D,2010,
CHEMBL1271326,CHEMBL1271326,COCCCn1c(NC(=O)c2cccc(C#N)c2)nc2cc(C(=O)N3CCOCC3)cnc21,,7.04,1,7.04,7.04,Ki,B,cell-based format,cell_based,9,D,2010,
CHEMBL1271432,CHEMBL1271432,COc1cccc(-n2c(NC(=O)c3cccc(C#N)c3)nc3cc(C(=O)N4CCCCC4)cnc32)c1,,6.49,1,6.49,6.49,Ki,B,cell-based format,cell_based,9,D,2010,
CHEMBL1277025,CHEMBL1277025,O=c1c2ncn3nc(-c4ccccc4)cc3c2c(-c2ccncc2)nn1Cc1ccccc1,,7.17,1,7.17,7.17,Ki,B,cell-based format,cell_based,9,D,2010,
CHEMBL1277116,CHEMBL1277116,O=c1c2ncn3nc(-c4ccccc4)cc3c2c(-c2cccnc2)nn1Cc1ccccc1,,6.09,1,6.09,6.09,Ki,B,cell-based format,cell_based,9,D,2010,
CHEMBL1277845,CHEMBL1277845,Cc1nc2c(=O)n(Cc3ccccc3)nc(-c3ccncc3)c2c2cc(-c3ccccc3)nn12,,6.3,1,6.3,6.3,Ki,B,cell-based format,cell_based,9,D,2010,
CHEMBL1277925,CHEMBL1277925,CCCc1nc2c(=O)n(Cc3ccccc3)nc(-c3ccncc3)c2c2cc(-c3ccccc3)nn12,,6.11,1,6.11,6.11,Ki,B,cell-based format,cell_based,9,D,2010,
CHEMBL1278104,CHEMBL1278104,Cc1nc2c(=S)n(Cc3ccccc3)nc(-c3ccncc3)c2c2cc(-c3ccccc3)nn12,,6.24,1,6.24,6.24,Ki,B,cell-based format,cell_based,9,D,2010,
CHEMBL128176,CHEMBL128176,Nc1nc(NC2CCCC2)nc2c1ncn2[C@@H]1O[C@H](CO)[C@@H](O)[C@H]1O,,8.29,1,8.29,8.29,Ki,B,single protein format,single_protein,8,H,2000,
CHEMBL1290324,CHEMBL1290324,CC(C)(NC(=O)COc1ccc2[nH]c(=O)c(-c3nccs3)c(CCC(F)(F)F)c2c1)c1ccccc1,,6.06,1,6.06,6.06,Ki,B,cell-based format,cell_based,9,D,2010,
CHEMBL129903,CHEMBL129903,NCCNC(=O)[C@H]1O[C@@H](n2cnc3c(N)ncnc32)[C@H](O)[C@@H]1O,,7.34,7,6.92,8.44,Ki,B,cell-based format,cell_based,8;9,D;H,2003,
CHEMBL130830,CHEMBL130830,CCNC(=O)[C@H]1O[C@@H](n2cnc3c(N)nc(N[C@@H]4CCC[C@H]4O)nc32)[C@H](O)[C@@H]1O,,10.0,1,10.0,10.0,Ki,B,single protein format,single_protein,8,H,2000,
CHEMBL131175,CHEMBL131175,OC[C@H]1O[C@@H](n2cnc3c(NCC(c4ccccc4)c4ccccc4)nc(NC4CCCC4)nc32)[C@H](O)[C@@H]1O,,7.44,1,7.44,7.44,Ki,B,single protein format,single_protein,8,H,2000,
CHEMBL131280,CHEMBL131280,OC[C@H]1O[C@@H](n2cnc3c(NC4CCC[C@@H]4O)nc(Cl)nc32)[C@H](O)[C@@H]1O,,6.77,1,6.77,6.77,Ki,B,single protein format,single_protein,8,H,2000,
CHEMBL131457,CHEMBL131457,CCNC(=O)[C@H]1O[C@@H](n2cnc3c(NCC(c4ccccc4)c4ccccc4)nc(N[C@@H]4CCC[C@H]4O)nc32)[C@H](O)[C@@H]1O,,9.8,1,9.8,9.8,Ki,B,single protein format,single_protein,8,H,2000,
CHEMBL131534,CHEMBL131534,CCNC(=O)[C@H]1O[C@@H](n2cnc3c(N)nc(NC(CC)CC)nc32)[C@H](O)[C@@H]1O,,7.07,1,7.07,7.07,Ki,B,single protein format,single_protein,8,H,2000,
CHEMBL131535,CHEMBL131535,Nc1nc(N[C@H]2CCC[C@@H]2O)nc2c1ncn2[C@@H]1O[C@H](CO)[C@@H](O)[C@H]1O,,8.74,1,8.74,8.74,Ki,B,single protein format,single_protein,8,H,2000,
CHEMBL1316674,CHEMBL1316674,CCCCn1c(=O)c2[nH]c(C34CC5CC(CC3C5)C4)nc2n(CCCO)c1=O,,7.31,2,6.01,8.61,Kd;Ki,B,assay format;cell membrane format,other,9,D,2020,
CHEMBL132629,CHEMBL132629,N[C@H]1[C@@H](O)[C@H](n2cnc3c(NCc4cccc(I)c4)ncnc32)O[C@@H]1CO,,7.19,7,7.06,8.19,Ki,B,cell-based format,cell_based,8;9,D;H,2003,
CHEMBL132806,CHEMBL132806,CC(C)CCn1cc2c(nc(NC(=O)Cc3ccccc3)n3nc(-c4ccco4)nc23)n1,,7.24,1,7.24,7.24,Ki,B,cell-based format,cell_based,9,D,2003,
CHEMBL1340426,CHEMBL1340426,Nc1nc(-c2ccccc2)nn1C(=O)c1ccco1,,6.89,1,6.89,6.89,Ki,B,cell-based format,cell_based,9,D,2020,
CHEMBL134566,CHEMBL134566,O=C(Cc1ccccc1)Nc1nc2nn(CCCc3ccccc3)cc2c2nc(-c3ccco3)nn12,,7.22,1,7.22,7.22,Ki,B,cell-based format,cell_based,9,D,2003,
CHEMBL135719,CHEMBL135719,O=C(Cc1cccc2ccccc12)Nc1nc2nn(CCc3ccccc3)cc2c2nc(-c3ccco3)nn12,,7.26,1,7.26,7.26,Ki,B,cell-based format,cell_based,9,D,2003,
CHEMBL136689,CHEMBL136689,COc1ccc(CCCn2ncc3c2nc(N)n2nc(-c4ccco4)nc32)cc1,,8.55,6,7.96,10.32,Kd;Ki,B;F,assay format;cell membrane format;cell-based format,cell_based,9,D,2000;2010;2013;2021,
CHEMBL1370747,CHEMBL1370747,Nc1nnc(-c2ccccc2)c(-c2ccccc2)n1,,6.93,1,6.93,6.93,Ki,B,cell-based format,cell_based,9,D,2012,
CHEMBL137879,CHEMBL137879,CCn1cc2c(nc(N)n3nc(-c4ccco4)nc23)n1,,8.72,1,8.72,8.72,Ki,B,cell-based format,cell_based,9,D,1999,
CHEMBL137950,CHEMBL137950,O=C(Nc1cccc(Cl)c1)Nc1nc2nn(CCc3ccccc3)cc2c2nc(-c3ccco3)nn12,,6.970000000000001,2,6.96,6.98,Ki,B,cell-based format,cell_based,9,D,1999;2000,
CHEMBL1380622,CHEMBL1380622,CCc1cc2c(=O)c(-c3nc(C)cs3)coc2cc1O,,7.1,1,7.1,7.1,Ki,B,cell-based format,cell_based,9,D,2014,
CHEMBL1383610,CHEMBL1383610,Cc1ccc(COC(=O)c2nn(-c3ccccc3)nc2N)cc1,,6.82,1,6.82,6.82,Ki,B,cell-based format,cell_based,9,D,2018,
CHEMBL1384623,CHEMBL1384623,Nc1nn(-c2ccccc2)nc1C(=O)OCc1ccccc1,,7.51,1,7.51,7.51,Ki,B,cell-based format,cell_based,9,D,2018,
CHEMBL138593,CHEMBL138593,O=C(COc1ccccc1)Nc1nc2nn(CCCc3ccccc3)cc2c2nc(-c3ccco3)nn12,,7.35,1,7.35,7.35,Ki,B,cell-based format,cell_based,9,D,2003,
CHEMBL139000,CHEMBL139000,C[C@H](Cc1ccccc1)Nc1ncnc2c1ncn2[C@@H]1O[C@H](CO)[C@@H](O)[C@H]1O,(R)-PIA,6.085,2,6.05,6.12,Ki,B,assay format;cell-based format,cell_based,8;9,D;H,1998;2007,
CHEMBL139182,CHEMBL139182,COc1ccc(NC(=O)Nc2nc3nn(CCCc4ccccc4)cc3c3nc(-c4ccco4)nn23)cc1,,7.0,1,7.0,7.0,Ki,B,cell-based format,cell_based,9,D,2000,
CHEMBL141154,CHEMBL141154,CCn1cc2c(nc(NC(=O)Nc3cccc(Cl)c3)n3nc(-c4ccco4)nc23)n1,,6.73,1,6.73,6.73,Ki,B,cell-based format,cell_based,9,D,1999,
CHEMBL1411671,CHEMBL1411671,Cc1ccccc1COC(=O)c1nn(-c2ccccc2)nc1N,,7.31,1,7.31,7.31,Ki,B,cell-based format,cell_based,9,D,2018,
CHEMBL141550,CHEMBL141550,O=C(Nc1cccc(Cl)c1)Nc1nc2ccc(Cl)cc2c2nc(-c3ccco3)nn12,,8.02,1,8.02,8.02,Ki,B,cell-based format,cell_based,9,D,2000,
CHEMBL142562,CHEMBL142562,O=C(Nc1cccc(Cl)c1)Nc1nc2n[nH]cc2c2nc(-c3ccco3)nn12,,6.61,1,6.61,6.61,Ki,B,cell-based format,cell_based,9,D,2000,
CHEMBL1444408,CHEMBL1444408,CSc1nc2nc3c(c(O)n2n1)CN(Cc1ccccc1)CC3,,6.15,1,6.15,6.15,Ki,B,cell-based format,cell_based,9,D,2012,
CHEMBL144521,CHEMBL144521,NC[C@H]1[C@@H](O)[C@H](n2cnc3c(NCc4cccc(I)c4)ncnc32)O[C@@H]1CO,,7.23,7,7.1,8.19,Ki,B,cell-based format,cell_based,8;9,D;H,2003,
CHEMBL144972,CHEMBL144972,Nc1nc2nn(CCc3cc(Br)c(Br)cc3Br)cc2c2nc(-c3ccco3)nn12,,6.46,1,6.46,6.46,Ki,B,cell-based format,cell_based,9,D,2000,
CHEMBL144979,CHEMBL144979,COc1ccc(NC(=O)Nc2nc3ccc(Cl)cc3c3nc(-c4ccco4)nn23)cc1,,8.03,1,8.03,8.03,Ki,B,cell-based format,cell_based,9,D,2000,
CHEMBL145623,CHEMBL145623,CC(C)=CCn1cc2c(nc(N)n3nc(-c4ccco4)nc23)n1,,9.1,1,9.1,9.1,Ki,B,cell-based format,cell_based,9,D,2000,
CHEMBL145767,CHEMBL145767,COc1ccc(NC(=O)Nc2nc3n[nH]cc3c3nc(-c4ccco4)nn23)cc1,,6.28,1,6.28,6.28,Ki,B,cell-based format,cell_based,9,D,2000,
CHEMBL1460863,CHEMBL1460863,COc1ccc(C(=O)Nc2nc(C)c3cc4c(cc3n2)OCO4)cc1,,8.36,1,8.36,8.36,EC50,F,cell-based format,cell_based,9,D,2023,
CHEMBL146658,CHEMBL146658,Nc1nc2nn(CCc3cccc4ccccc34)cc2c2nc(-c3ccco3)nn12,,6.05,1,6.05,6.05,Ki,B,cell-based format,cell_based,9,D,2000,
CHEMBL1475,CHEMBL1475,Cc1cc2cc3c(C)cc(=O)oc3c(C)c2o1,TRIOXSALEN,6.13,1,6.13,6.13,Ki,B,cell membrane format,other,8,H,,4
CHEMBL1487093,CHEMBL1487093,Nc1nc(-c2ccccc2)nc(-c2ccccc2O)n1,,7.37,1,7.37,7.37,Ki,B,cell-based format,cell_based,9,D,2012,
CHEMBL1501213,CHEMBL1501213,N#CCSc1nc2cc(C(=O)N3CCC(C(N)=O)CC3)ccc2c2nc3ccccc3n12,,6.0,1,6.0,6.0,Ki,B,cell-based format,cell_based,9,D,2012,
CHEMBL1512545,CHEMBL1512545,NCCNC(=O)Cc1ccc(NC(=O)Cc2ccc(Nc3ncnc4c3ncn4[C@@H]3O[C@H](CO)[C@@H](O)[C@H]3O)cc2)cc1,,6.43,1,6.43,6.43,Ki,B,cell-based format,cell_based,9,D,2012,
CHEMBL1561896,CHEMBL1561896,COc1cccc(COC(=O)c2nn(-c3ccccc3)nc2N)c1,,7.72,1,7.72,7.72,Ki,B,cell-based format,cell_based,9,D,2018,
CHEMBL157655,CHEMBL157655,CCCn1c(=O)c2nc[nH]c2n(CCC)c1=O,,7.3,1,7.3,7.3,EC50,F,assay format,other,8,H,1992,
CHEMBL1587915,CHEMBL1587915,CC(C)C(=O)Nc1ncc2c(n1)CC(c1cccs1)CC2=O,,8.34,1,8.34,8.34,EC50,F,cell-based format,cell_based,9,D,2023,
CHEMBL160333,CHEMBL160333,O=C1NC(=O)C(c2cccc(Cl)c2)=C1Nc1ccc(O)c(Cl)c1,,6.96,1,6.96,6.96,Kd,B,cell-based format,cell_based,9,D,2022,
CHEMBL1625681,CHEMBL1625681,CC[C@@H]1CN2C(=O)N(C)c3nc(-c4ccccc4)[nH]c3C2=N1,,6.97,1,6.97,6.97,Ki,B,cell membrane format,other,9,D,2020,
CHEMBL163968,CHEMBL163968,CCCCn1cc2c(nc(NC(=O)Cc3ccccc3)n3nc(-c4ccco4)nc23)n1,,6.4,1,6.4,6.4,Ki,B,cell-based format,cell_based,9,D,2002,
CHEMBL16416,CHEMBL16416,COc1ccc(-n2nc3c(N)nc4ccccc4n3c2=O)cc1,,6.42,1,6.42,6.42,Ki,B,assay format,other,8,H,2000,
CHEMBL164275,CHEMBL164275,CCn1cc2c(nc(NC(=O)Nc3ccc(Cl)c(Cl)c3)n3nc(-c4ccco4)nc23)n1,,6.45,1,6.45,6.45,Ki,B,cell-based format,cell_based,9,D,2002,
CHEMBL164281,CHEMBL164281,Cn1cc2c(nc(NC(=O)Nc3ccccc3Cl)n3nc(-c4ccco4)nc23)n1,,6.7,1,6.7,6.7,Ki,B,cell-based format,cell_based,9,D,2002,
CHEMBL164325,CHEMBL164325,CCCCn1cc2c(nc(NC(=O)Nc3cccc(OC)c3)n3nc(-c4ccco4)nc23)n1,,7.02,1,7.02,7.02,Ki,B,cell-based format,cell_based,9,D,2002,
CHEMBL164381,CHEMBL164381,CCn1cc2c(nc(NC(=O)Nc3cccc(OC)c3)n3nc(-c4ccco4)nc23)n1,,6.85,1,6.85,6.85,Ki,B,cell-based format,cell_based,9,D,2002,
CHEMBL164509,CHEMBL164509,CCCn1cc2c(nc(NC(=O)Nc3ccc(C(F)(F)F)cc3)n3nc(-c4ccco4)nc23)n1,,7.47,1,7.47,7.47,Ki,B,cell-based format,cell_based,9,D,2002,
CHEMBL164647,CHEMBL164647,CCn1cc2c(nc(NC(=O)Nc3ccccc3OC)n3nc(-c4ccco4)nc23)n1,,6.88,1,6.88,6.88,Ki,B,cell-based format,cell_based,9,D,2002,
CHEMBL164685,CHEMBL164685,CCn1cc2c(nc(NC(=O)Nc3ccc(F)cc3)n3nc(-c4ccco4)nc23)n1,,7.22,1,7.22,7.22,Ki,B,cell-based format,cell_based,9,D,2002,
CHEMBL164686,CHEMBL164686,Cn1cc2c(nc(NC(=O)Nc3ccc(C(F)(F)F)cc3)n3nc(-c4ccco4)nc23)n1,,6.85,1,6.85,6.85,Ki,B,cell-based format,cell_based,9,D,2002,
CHEMBL164867,CHEMBL164867,CCn1cc2c(nc(NC(=O)Nc3ccc(S(=O)(=O)O)cc3)n3nc(-c4ccco4)nc23)n1,,6.6,1,6.6,6.6,Ki,B,cell-based format,cell_based,9,D,2002,
CHEMBL16488,CHEMBL16488,O=C(Nc1nc2ccccc2n2c(=O)n(-c3ccccc3)nc12)c1ccccc1,,7.05,1,7.05,7.05,Ki,B,cell-based format,cell_based,9,D,2006,
CHEMBL164904,CHEMBL164904,CCCCn1cc2c(nc(NC(=O)Nc3ccc(S(=O)(=O)O)cc3)n3nc(-c4ccco4)nc23)n1,,6.45,1,6.45,6.45,Ki,B,cell-based format,cell_based,9,D,2002,
CHEMBL164905,CHEMBL164905,CCCn1cc2c(nc(NC(=O)Nc3ccc(Cl)cc3)n3nc(-c4ccco4)nc23)n1,,6.85,1,6.85,6.85,Ki,B,cell-based format,cell_based,9,D,2002,
CHEMBL164992,CHEMBL164992,COc1cccc(NC(=O)Nc2nc3nn(C)cc3c3nc(-c4ccco4)nn23)c1,,6.8,1,6.8,6.8,Ki,B,cell-based format,cell_based,9,D,2002,
CHEMBL1650152,CHEMBL1650152,CCC(=O)Nc1nc(-c2ccc(SC)cc2)cc(-c2ccc(SC)cc2)n1,,6.74,1,6.74,6.74,Ki,B,cell-based format,cell_based,9,D,2011,
CHEMBL1650164,CHEMBL1650164,CCC(=O)Nc1nc(-c2ccccc2F)cc(-c2ccccc2F)n1,,6.37,1,6.37,6.37,Ki,B,cell-based format,cell_based,9,D,2011,
CHEMBL1650165,CHEMBL1650165,CCCC(=O)Nc1nc(-c2ccccc2F)cc(-c2ccccc2F)n1,,6.19,1,6.19,6.19,Ki,B,cell-based format,cell_based,9,D,2011,
CHEMBL1650342,CHEMBL1650342,CCCC(=O)Nc1nc(-c2cccs2)cc(-c2cccs2)n1,,6.7,1,6.7,6.7,Ki,B,cell-based format,cell_based,9,D,2011,
CHEMBL1650365,CHEMBL1650365,CCC(=O)Nc1cc(-c2ccc(F)cc2)nc(-c2ccc(F)cc2)n1,,6.37,1,6.37,6.37,Ki,B,cell-based format,cell_based,9,D,2011,
CHEMBL1650370,CHEMBL1650370,CC(=O)Nc1cc(-c2ccccc2F)nc(-c2ccccc2F)n1,,7.13,1,7.13,7.13,Ki,B,cell-based format,cell_based,9,D,2011,
CHEMBL1650371,CHEMBL1650371,CCC(=O)Nc1cc(-c2ccccc2F)nc(-c2ccccc2F)n1,,6.99,1,6.99,6.99,Ki,B,cell-based format,cell_based,9,D,2011,
CHEMBL1650372,CHEMBL1650372,CCCC(=O)Nc1cc(-c2ccccc2F)nc(-c2ccccc2F)n1,,6.85,1,6.85,6.85,Ki,B,cell-based format,cell_based,9,D,2011,
CHEMBL1650384,CHEMBL1650384,CC(=O)Nc1cc(-c2ccco2)nc(-c2ccco2)n1,,8.09,1,8.09,8.09,Ki,B,cell-based format,cell_based,9,D,2011,
CHEMBL1650385,CHEMBL1650385,CCC(=O)Nc1cc(-c2ccco2)nc(-c2ccco2)n1,,8.19,1,8.19,8.19,Ki,B,cell-based format,cell_based,9,D,2011,
CHEMBL1650386,CHEMBL1650386,CCCC(=O)Nc1cc(-c2ccco2)nc(-c2ccco2)n1,,8.24,1,8.24,8.24,Ki,B,cell-based format,cell_based,9,D,2011,
CHEMBL1650387,CHEMBL1650387,CC(=O)Nc1cc(-c2cccs2)nc(-c2cccs2)n1,,7.61,1,7.61,7.61,Ki,B,cell-based format,cell_based,9,D,2011,
CHEMBL1650388,CHEMBL1650388,CCC(=O)Nc1cc(-c2cccs2)nc(-c2cccs2)n1,,6.94,1,6.94,6.94,Ki,B,cell-based format,cell_based,9,D,2011,
CHEMBL1650389,CHEMBL1650389,CCCC(=O)Nc1cc(-c2cccs2)nc(-c2cccs2)n1,,6.82,1,6.82,6.82,Ki,B,cell-based format,cell_based,9,D,2011,
CHEMBL1650390,CHEMBL1650390,CC(=O)Nc1cc(-c2ccoc2)nc(-c2ccoc2)n1,,7.13,1,7.13,7.13,Ki,B,cell-based format,cell_based,9,D,2011,
CHEMBL1650391,CHEMBL1650391,CCC(=O)Nc1cc(-c2ccoc2)nc(-c2ccoc2)n1,,7.08,1,7.08,7.08,Ki,B,cell-based format,cell_based,9,D,2011,
CHEMBL1650392,CHEMBL1650392,CCCC(=O)Nc1cc(-c2ccoc2)nc(-c2ccoc2)n1,,6.26,1,6.26,6.26,Ki,B,cell-based format,cell_based,9,D,2011,
CHEMBL1650393,CHEMBL1650393,CC(=O)Nc1cc(-c2ccsc2)nc(-c2ccsc2)n1,,7.4,1,7.4,7.4,Ki,B,cell-based format,cell_based,9,D,2011,
CHEMBL1650394,CHEMBL1650394,CCC(=O)Nc1cc(-c2ccsc2)nc(-c2ccsc2)n1,,7.2,1,7.2,7.2,Ki,B,cell-based format,cell_based,9,D,2011,
CHEMBL165044,CHEMBL165044,CCn1cc2c(nc(NC(=O)Nc3ccc(C(F)(F)F)cc3)n3nc(-c4ccco4)nc23)n1,,7.28,1,7.28,7.28,Ki,B,cell-based format,cell_based,9,D,2002,
CHEMBL165073,CHEMBL165073,CCn1cc2c(nc(NC(=O)Cc3ccccc3)n3nc(-c4ccco4)nc23)n1,,6.47,1,6.47,6.47,Ki,B,cell-based format,cell_based,9,D,2002,
CHEMBL165083,CHEMBL165083,CCn1cc2c(nc(NC(=O)Nc3ccc4c(c3)OCO4)n3nc(-c4ccco4)nc23)n1,,6.24,1,6.24,6.24,Ki,B,cell-based format,cell_based,9,D,2002,
CHEMBL165224,CHEMBL165224,Cn1cc2c(nc(NC(=O)Nc3ccc4c(c3)OCO4)n3nc(-c4ccco4)nc23)n1,,6.17,1,6.17,6.17,Ki,B,cell-based format,cell_based,9,D,2002,
CHEMBL16534,CHEMBL16534,CCCn1c(=O)c2nc(-c3ccc(OCC(=O)Nc4cccc(C(C)=O)c4)cc3)[nH]c2n(CCC)c1=O,,7.23,1,7.23,7.23,Ki,F,cell-based format,cell_based,8,H,2000,
CHEMBL165560,CHEMBL165560,CCCn1cc2c(nc(NC(=O)Nc3ccccc3OC)n3nc(-c4ccco4)nc23)n1,,7.0,1,7.0,7.0,Ki,B,cell-based format,cell_based,9,D,2002,
CHEMBL165600,CHEMBL165600,CCn1cc2c(nc(NC(=O)Nc3ccc(Br)cc3)n3nc(-c4ccco4)nc23)n1,,7.4,1,7.4,7.4,Ki,B,cell-based format,cell_based,9,D,2002,
CHEMBL165620,CHEMBL165620,CCCCn1cc2c(nc(NC(=O)Nc3ccc(F)cc3)n3nc(-c4ccco4)nc23)n1,,7.3,1,7.3,7.3,Ki,B,cell-based format,cell_based,9,D,2002,
CHEMBL165760,CHEMBL165760,COc1cccc(-c2nc(Cc3ccc(C)c(C)c3)n[nH]2)c1,,7.7,1,7.7,7.7,Ki,B,single protein format,single_protein,8,H,2004,
CHEMBL165778,CHEMBL165778,CCCn1cc2c(nc(NC(=O)Nc3ccc(F)cc3)n3nc(-c4ccco4)nc23)n1,,7.38,1,7.38,7.38,Ki,B,cell-based format,cell_based,9,D,2002,
CHEMBL165910,CHEMBL165910,CCn1cc2c(nc(NC(=O)Nc3ccc([N+](=O)[O-])cc3)n3nc(-c4ccco4)nc23)n1,,6.21,1,6.21,6.21,Ki,B,cell-based format,cell_based,9,D,2002,
CHEMBL166301,CHEMBL166301,CCCn1cc2c(nc(NC(=O)Nc3ccc4c(c3)OCO4)n3nc(-c4ccco4)nc23)n1,,6.18,1,6.18,6.18,Ki,B,cell-based format,cell_based,9,D,2002,
CHEMBL166424,CHEMBL166424,COc1ccc(/C=N/N=C(\S)Cc2ccccc2)c(O)c1,,7.0,1,7.0,7.0,Ki,B,single protein format,single_protein,8,H,2004,
CHEMBL166429,CHEMBL166429,S/C(Cc1ccccc1)=N\N=C\c1cccnc1,,8.3,1,8.3,8.3,Ki,B,single protein format,single_protein,8,H,2004,
CHEMBL16643,CHEMBL16643,Nc1nc2ccccc2n2c(=O)n(-c3cccc(F)c3)nc12,,7.14,1,7.14,7.14,Ki,B,assay format,other,8,H,2000,
CHEMBL166500,CHEMBL166500,COc1cccc(-c2n[nH]c(Cc3cccc(F)c3F)n2)c1,,7.7,1,7.7,7.7,Ki,B,single protein format,single_protein,8,H,2004,
CHEMBL166684,CHEMBL166684,CCCCn1cc2c(nc(NC(=O)Nc3ccc(C)cc3)n3nc(-c4ccco4)nc23)n1,,7.62,1,7.62,7.62,Ki,B,cell-based format,cell_based,9,D,2002,
CHEMBL16677,CHEMBL16677,CCCn1c(=O)c2nc(-c3ccc(OCC(=O)Nc4ccccc4)cc3)[nH]c2n(CCC)c1=O,,8.120000000000001,2,7.59,8.65,Ki,B;F,cell-based format;single protein format,mixed,8;9,D;H,2000;2006,
CHEMBL16687,CHEMBL16687,Nc1nc2ccc(Cl)cc2c2nc(-c3ccco3)nn12,CGS-15943,9.120000000000001,14,7.92,9.85,IC50;Kd;Ki,B;F,assay format;cell-based format,cell_based,8;9,D;H,1996;1997;1998;2000;2003;2010,
CHEMBL166939,CHEMBL166939,COc1cccc(-c2n[nH]c(Cc3ccc(F)c(F)c3)n2)c1,,7.16,1,7.16,7.16,Ki,B,single protein format,single_protein,8,H,2004,
CHEMBL167001,CHEMBL167001,Oc1ccccc1-c1n[nH]c(-c2ccccc2)n1,,6.16,1,6.16,6.16,Ki,B,single protein format,single_protein,8,H,2004,
CHEMBL1671916,CHEMBL1671916,Cc1ccccc1C(=O)Nc1ccc(C(=O)Nc2nccs2)cc1,,6.66,1,6.66,6.66,Ki,B,cell-based format,cell_based,9,D,2011,
CHEMBL1671917,CHEMBL1671917,CCCCC(=O)Nc1ccc(C(=O)Nc2nccs2)cc1,,6.72,1,6.72,6.72,Ki,B,cell-based format,cell_based,9,D,2011,
CHEMBL1671918,CHEMBL1671918,CCCC(=O)Nc1ccc(C(=O)Nc2nccs2)cc1,,6.46,1,6.46,6.46,Ki,B,cell-based format,cell_based,9,D,2011,
CHEMBL1671919,CHEMBL1671919,CCC(=O)Nc1ccc(C(=O)Nc2nccs2)cc1,,6.05,1,6.05,6.05,Ki,B,cell-based format,cell_based,9,D,2011,
CHEMBL1671920,CHEMBL1671920,CC(C)C(=O)Nc1ccc(C(=O)Nc2nccs2)cc1,,6.52,1,6.52,6.52,Ki,B,cell-based format,cell_based,9,D,2011,
CHEMBL1671921,CHEMBL1671921,CC(C)CC(=O)Nc1ccc(C(=O)Nc2nccs2)cc1,,7.140000000000001,2,7.05,7.23,Ki,B,cell-based format;single protein format,mixed,9,D,2011;2015,
CHEMBL1671922,CHEMBL1671922,CC(C)(C)CC(=O)Nc1ccc(C(=O)Nc2nccs2)cc1,,7.44,1,7.44,7.44,Ki,B,cell-based format,cell_based,9,D,2011,
CHEMBL1671923,CHEMBL1671923,CC(C)(C)CC(=O)Nc1ccc(C(=O)Nc2ncc(Cl)s2)cc1,,7.55,1,7.55,7.55,Ki,B,cell-based format,cell_based,9,D,2011,
CHEMBL1671924,CHEMBL1671924,Cc1cnc(NC(=O)c2ccc(NC(=O)CC(C)(C)C)cc2)s1,,6.92,1,6.92,6.92,Ki,B,cell-based format,cell_based,9,D,2011,
CHEMBL1671925,CHEMBL1671925,Cc1nc(NC(=O)c2ccc(NC(=O)CC(C)(C)C)cc2)sc1C,,6.66,1,6.66,6.66,Ki,B,cell-based format,cell_based,9,D,2011,
CHEMBL1671928,CHEMBL1671928,CC(C)(C)CNC(=O)c1ccc(C(=O)Nc2nccs2)cc1,,6.96,1,6.96,6.96,Ki,B,cell-based format,cell_based,9,D,2011,
CHEMBL1671929,CHEMBL1671929,COc1cc(NC(=O)CC(C)(C)C)ccc1C(=O)Nc1nccs1,,7.3,1,7.3,7.3,Ki,B,cell-based format,cell_based,9,D,2011,
CHEMBL1671930,CHEMBL1671930,Cc1cc(NC(=O)CC(C)(C)C)ccc1C(=O)Nc1nccs1,,6.7,1,6.7,6.7,Ki,B,cell-based format,cell_based,9,D,2011,
CHEMBL1671931,CHEMBL1671931,CC(C)(C)CC(=O)Nc1ccc(C(=O)Nc2nccs2)c(Cl)c1,,6.75,1,6.75,6.75,Ki,B,cell-based format,cell_based,9,D,2011,
CHEMBL1671932,CHEMBL1671932,COc1cc(C(=O)Nc2nccs2)ccc1NC(=O)CC(C)(C)C,,7.77,1,7.77,7.77,Ki,B,cell-based format,cell_based,9,D,2011,
CHEMBL1671933,CHEMBL1671933,Cc1cc(C(=O)Nc2nccs2)ccc1NC(=O)CC(C)(C)C,,7.445,2,7.17,7.72,Ki,B,cell-based format;single protein format,mixed,9,D,2011;2015,
CHEMBL1671934,CHEMBL1671934,CC(C)(C)CC(=O)Nc1ccc(C(=O)Nc2nccs2)cc1Cl,,7.66,1,7.66,7.66,Ki,B,cell-based format,cell_based,9,D,2011,
CHEMBL1671935,CHEMBL1671935,CC(C)(C)CC(=O)Nc1ccc(C(=O)Nc2nccs2)cc1F,,8.04,1,8.04,8.04,Ki,B,cell-based format,cell_based,9,D,2011,
CHEMBL1671936,CHEMBL1671936,CC(C)(C)CC(=O)Nc1c(F)cc(C(=O)Nc2nccs2)cc1F,,8.23,1,8.23,8.23,Ki,B,cell-based format,cell_based,9,D,2011,
CHEMBL1671937,CHEMBL1671937,Cc1cc(C(=O)Nc2nccs2)cc(Cl)c1NC(=O)CC(C)(C)C,,7.5,1,7.5,7.5,Ki,B,cell-based format,cell_based,9,D,2011,
CHEMBL1671938,CHEMBL1671938,COc1c(C(=O)Nc2nccs2)ccc(NC(=O)CC(C)(C)C)c1F,,7.92,1,7.92,7.92,Ki,B,cell-based format,cell_based,9,D,2011,
CHEMBL1672611,CHEMBL1672611,O=C(Nc1cnc(-c2ccncc2)c(-c2ccco2)n1)C1CC1,,7.36,1,7.36,7.36,Ki,B,cell-based format,cell_based,9,D,2011,
CHEMBL1672612,CHEMBL1672612,CC(=O)Nc1cnc(-c2ccncc2)c(-c2ccco2)n1,,6.14,1,6.14,6.14,Ki,B,cell-based format,cell_based,9,D,2011,
CHEMBL1672613,CHEMBL1672613,CCC(=O)Nc1cnc(-c2ccncc2)c(-c2ccco2)n1,,7.26,1,7.26,7.26,Ki,B,cell-based format,cell_based,9,D,2011,
CHEMBL1672614,CHEMBL1672614,CC(C)C(=O)Nc1cnc(-c2ccncc2)c(-c2ccco2)n1,,6.71,1,6.71,6.71,Ki,B,cell-based format,cell_based,9,D,2011,
CHEMBL1672615,CHEMBL1672615,O=C(Nc1cnc(-c2ccncc2)c(-c2ccco2)n1)C1CCC1,,6.85,1,6.85,6.85,Ki,B,cell-based format,cell_based,9,D,2011,
CHEMBL1672616,CHEMBL1672616,O=C(Nc1cnc(-c2ccncc2)c(-c2ccco2)n1)C1CCCC1,,6.84,1,6.84,6.84,Ki,B,cell-based format,cell_based,9,D,2011,
CHEMBL1672618,CHEMBL1672618,O=C(CC1CCCC1)Nc1cnc(-c2ccncc2)c(-c2ccco2)n1,,6.98,1,6.98,6.98,Ki,B,cell-based format,cell_based,9,D,2011,
CHEMBL1672619,CHEMBL1672619,Cc1ccc(-c2nc(NC(=O)C3CC3)cnc2-c2ccncc2)o1,,8.92,1,8.92,8.92,Ki,B,cell-based format,cell_based,9,D,2011,
CHEMBL1672620,CHEMBL1672620,O=C(Nc1cnc(-c2ccncc2)c(-c2ccccn2)n1)C1CC1,,6.51,1,6.51,6.51,Ki,B,cell-based format,cell_based,9,D,2011,
CHEMBL1672621,CHEMBL1672621,O=C(Nc1cnc(-c2ccncc2)c(-c2cccnc2)n1)C1CC1,,6.51,1,6.51,6.51,Ki,B,cell-based format,cell_based,9,D,2011,
CHEMBL1672622,CHEMBL1672622,O=C(Nc1cnc(-c2ccncc2)c(-c2ccncc2)n1)C1CC1,,6.51,1,6.51,6.51,Ki,B,cell-based format,cell_based,9,D,2011,
CHEMBL1672623,CHEMBL1672623,O=C(Nc1cnc(-c2ccncc2)c(-c2ccccc2F)n1)C1CC1,,7.29,1,7.29,7.29,Ki,B,cell-based format,cell_based,9,D,2011,
CHEMBL1672624,CHEMBL1672624,O=C(Nc1cnc(-c2ccncc2)c(-c2ncco2)n1)C1CC1,,6.06,1,6.06,6.06,Ki,B,cell-based format,cell_based,9,D,2011,
CHEMBL1672625,CHEMBL1672625,O=C(Nc1cnc(-c2ccncc2)c(-c2cnco2)n1)C1CC1,,6.2,1,6.2,6.2,Ki,B,cell-based format,cell_based,9,D,2011,
CHEMBL1672626,CHEMBL1672626,O=C(Nc1cnc(-c2ccncn2)c(-c2ccco2)n1)C1CC1,,6.96,1,6.96,6.96,Ki,B,cell-based format,cell_based,9,D,2011,
CHEMBL1672631,CHEMBL1672631,O=C(Nc1cnc(-c2ccncc2F)c(-c2ccccc2F)n1)C1CC1,,7.0,1,7.0,7.0,Ki,B,cell-based format,cell_based,9,D,2011,
CHEMBL1672632,CHEMBL1672632,O=C(Nc1cnc(-c2ccncc2F)c(-c2ncco2)n1)C1CC1,,6.39,1,6.39,6.39,Ki,B,cell-based format,cell_based,9,D,2011,
CHEMBL167343,CHEMBL167343,COc1cccc(-c2n[nH]c(Cc3ccc4ccccc4c3)n2)c1,,7.0,1,7.0,7.0,Ki,B,single protein format,single_protein,8,H,2004,
CHEMBL167753,CHEMBL167753,Cn1cc2c(nc(NC(=O)Nc3ccc(Cl)cc3)n3nc(-c4ccco4)nc23)n1,,6.75,1,6.75,6.75,Ki,B,cell-based format,cell_based,9,D,2002,
CHEMBL16787,CHEMBL16787,CCCn1c(=O)c2nc(-c3ccc(OCC(=O)Nc4ccc([N+](=O)[O-])cc4)cc3)[nH]c2n(CCC)c1=O,,7.16,1,7.16,7.16,Ki,F,cell-based format,cell_based,8,H,2000,
CHEMBL167915,CHEMBL167915,CCCCn1cc2c(nc(NC(=O)Nc3ccc([N+](=O)[O-])cc3)n3nc(-c4ccco4)nc23)n1,,6.3,1,6.3,6.3,Ki,B,cell-based format,cell_based,9,D,2002,
CHEMBL167977,CHEMBL167977,Cn1nc(-c2ccc(N=[N+]=[N-])cc2)nc1-c1cccc(CN2CC=CC2)c1,,6.4,1,6.4,6.4,Ki,B,single protein format,single_protein,8,H,2004,
CHEMBL168018,CHEMBL168018,CCCn1cc2c(nc(NC(=O)Nc3ccccc3)n3nc(-c4ccco4)nc23)n1,,7.21,1,7.21,7.21,Ki,B,cell-based format,cell_based,9,D,2002,
CHEMBL168334,CHEMBL168334,O=[N+]([O-])c1ccc(O)c(/C=N/N=C(\S)Cc2ccccc2)c1,,8.0,1,8.0,8.0,Ki,B,single protein format,single_protein,8,H,2004,
CHEMBL168424,CHEMBL168424,COc1ccc(O)c(/C=N/N=C(\S)Cc2ccccc2)c1,,7.7,1,7.7,7.7,Ki,B,single protein format,single_protein,8,H,2004,
CHEMBL168481,CHEMBL168481,S/C(Cc1ccccc1)=N\N=C\c1ccccn1,,7.0,1,7.0,7.0,Ki,B,single protein format,single_protein,8,H,2004,
CHEMBL16867,CHEMBL16867,Nc1nc2nn(CCc3ccccc3)cc2c2nc(-c3ccco3)nn12,,9.49,2,9.47,9.51,Ki,B,cell-based format,cell_based,9,D,1999;2000,
CHEMBL1688378,CHEMBL1688378,CCCCC#Cc1nc(N)c2ncn([C@@H]3SC[C@@H](O)[C@H]3O)c2n1,,8.030000000000001,2,7.92,8.14,EC50;Ki,B;F,cell-based format,cell_based,9,D,2010,
CHEMBL1688379,CHEMBL1688379,CCCC/C=C/c1nc(N)c2ncn([C@@H]3SC[C@@H](O)[C@H]3O)c2n1,,7.415,2,7.14,7.69,EC50;Ki,B;F,cell-based format,cell_based,9,D,2010;2012,
CHEMBL168892,CHEMBL168892,COc1cccc(-c2n[nH]c(Cc3cccc(Br)c3)n2)c1,,8.0,1,8.0,8.0,Ki,B,single protein format,single_protein,8,H,2004,
CHEMBL168895,CHEMBL168895,COc1cccc(-c2n[nH]c(Cc3ccc(Cl)c(Cl)c3)n2)c1OC,,7.05,1,7.05,7.05,Ki,B,single protein format,single_protein,8,H,2004,
CHEMBL168912,CHEMBL168912,COc1cccc(-c2n[nH]c(CCc3ccc(Cl)c(Cl)c3)n2)c1,,6.0,1,6.0,6.0,Ki,B,single protein format,single_protein,8,H,2004,
CHEMBL16894,CHEMBL16894,CCCCn1cc2c(nc(N)n3nc(-c4ccco4)nc23)n1,,8.8,1,8.8,8.8,Ki,B,cell-based format,cell_based,9,D,2000,
CHEMBL16929,CHEMBL16929,CCCn1c(=O)c2nc(-c3ccc(OCC(=O)Nc4ccc(F)cc4)cc3)[nH]c2n(CCC)c1=O,,7.78,1,7.78,7.78,Ki,F,cell-based format,cell_based,8,H,2000,
CHEMBL16931,CHEMBL16931,CCCn1c(=O)c2nc(-c3ccc(OCC(=O)Nc4ccc(C(=O)O)cc4)cc3)[nH]c2n(CCC)c1=O,,7.41,1,7.41,7.41,Ki,F,cell-based format,cell_based,8,H,2000,
CHEMBL16997,CHEMBL16997,CCCn1c(=O)c2nc(-c3ccc(/C=C/C(=O)O)cc3)[nH]c2n(CCC)c1=O,,6.72,1,6.72,6.72,Ki,F,cell-based format,cell_based,8,H,2000,
CHEMBL17002,CHEMBL17002,CCCn1c(=O)c2nc(-c3ccc(OCC(=O)Nc4ccc(C(C)=O)cc4)cc3)[nH]c2n(CCC)c1=O,,6.95,1,6.95,6.95,Ki,F,cell-based format,cell_based,8,H,2000,
CHEMBL170215,CHEMBL170215,Clc1ccc(Cc2n[nH]c(-c3cnccn3)n2)cc1Cl,,7.22,1,7.22,7.22,Ki,B,single protein format,single_protein,8,H,2004,
CHEMBL17121,CHEMBL17121,Nc1nc2c(cnn2CCCc2ccccc2)c2nc(-c3ccco3)nn12,SCH-63390,8.335,2,7.75,8.92,IC50;Ki,B;F,assay format;cell-based format,cell_based,9,D,1998;2002,
CHEMBL17127,CHEMBL17127,Nc1nc2c(cnn2CCc2ccccc2)c2nc(-c3ccco3)nn12,SCH-58261,8.49,17,7.4,9.22,IC50;Kd;Ki,B;F,assay format;cell membrane format;cell-based format;single protein format,mixed,8;9,D;H,1998;2004;2005;2010;2013;2020;2021;2024,
CHEMBL17294,CHEMBL17294,CCCn1c(=O)c2nc(-c3ccc(/C=C/C(=O)NN4C(=O)C(C)=C(C)C4=O)cc3)[nH]c2n(CCC)c1=O,,6.65,1,6.65,6.65,Ki,F,cell-based format,cell_based,8,H,2000,
CHEMBL17341,CHEMBL17341,CCCn1c(=O)c2nc(-c3ccc(OCC(=O)Nc4ccccc4C(C)=O)cc3)[nH]c2n(CCC)c1=O,,6.37,1,6.37,6.37,Ki,F,cell-based format,cell_based,8,H,2000,
CHEMBL174850,CHEMBL174850,Nc1nc(-c2ccccc2)cc2nc(-c3ccco3)nn12,,8.15,1,8.15,8.15,Ki,F,assay format,other,9,D,2011,
CHEMBL1760884,CHEMBL1760884,CCN(C(C)=O)c1ccc(OC)c2nc(NC(=O)[C@H]3CC[C@@H](NS(=O)(=O)c4cccc(C(F)(F)F)c4)CC3)sc12,,6.96,1,6.96,6.96,Ki,B,single protein format,single_protein,9,D,2011,
CHEMBL1760885,CHEMBL1760885,CCN(C(C)=O)c1ccc(OC)c2nc(NC(=O)[C@@H]3CCN(S(=O)(=O)c4cccc(C(F)(F)F)c4)C3)sc12,,6.22,1,6.22,6.22,Ki,B,single protein format,single_protein,9,D,2011,
CHEMBL1760887,CHEMBL1760887,CCN(C(C)=O)c1ccc(OC)c2nc(NC(=O)[C@H]3CCN(C(=O)c4cccc(C(F)(F)F)c4)C3)sc12,,6.15,1,6.15,6.15,Ki,B,single protein format,single_protein,9,D,2011,
CHEMBL1760888,CHEMBL1760888,CCN(C(C)=O)c1ccc(OC)c2nc(NC(=O)[C@@H]3CC[C@H](NC(=O)c4cccc(C(F)(F)F)c4)C3)sc12,,7.09,1,7.09,7.09,Ki,B,single protein format,single_protein,9,D,2011,
CHEMBL1760889,CHEMBL1760889,CCN(C(C)=O)c1ccc(OC)c2nc(NC(=O)[C@@H]3CC[C@@H](NC(=O)c4cccc(C(F)(F)F)c4)C3)sc12,,7.51,1,7.51,7.51,Ki,B,single protein format,single_protein,9,D,2011,
CHEMBL1760892,CHEMBL1760892,CCN(C(C)=O)c1ccc(OC)c2nc(NC(=O)C3CCN(C(=O)c4cccc(C(F)(F)F)c4)CC3)sc12,,6.64,1,6.64,6.64,Ki,B,single protein format,single_protein,9,D,2011,
CHEMBL1760894,CHEMBL1760894,CCN(C(C)=O)c1ccc(OC)c2nc(NC(=O)C3CCN(Cc4cccc(C(F)(F)F)c4)CC3)sc12,,6.0,1,6.0,6.0,Ki,B,single protein format,single_protein,9,D,2011,
CHEMBL1760895,CHEMBL1760895,CCN(C(C)=O)c1ccc(OC)c2nc(NC(=O)[C@H]3CC[C@H](NC(=O)c4cccc(C(F)(F)F)c4)CC3)sc12,,6.33,1,6.33,6.33,Ki,B,single protein format,single_protein,9,D,2011,
CHEMBL1760896,CHEMBL1760896,CCN(C(C)=O)c1ccc(OC)c2nc(NC(=O)[C@H]3CC[C@H](NS(=O)(=O)c4cccc(C(F)(F)F)c4)CC3)sc12,,6.7,1,6.7,6.7,Ki,B,single protein format,single_protein,9,D,2011,
CHEMBL1760898,CHEMBL1760898,CCN(C(C)=O)c1ccc(OC)c2nc(NC(=O)[C@H]3CC[C@@H](NC(=O)c4cccc(C(F)(F)F)c4)CC3)sc12,,7.28,1,7.28,7.28,Ki,B,single protein format,single_protein,9,D,2011,
CHEMBL1760899,CHEMBL1760899,CCN(C(C)=O)c1ccc(OC)c2nc(NC(=O)N3CCC(O)(c4cccc(C(F)(F)F)c4)CC3)sc12,,6.68,1,6.68,6.68,Ki,B,single protein format,single_protein,9,D,2011,
CHEMBL1760900,CHEMBL1760900,CCN(C(C)=O)c1ccc(OC)c2nc(NC(=O)N3CCC(c4cccc(C(F)(F)F)c4)CC3)sc12,,6.62,1,6.62,6.62,Ki,B,single protein format,single_protein,9,D,2011,
CHEMBL1760901,CHEMBL1760901,CCN(C(C)=O)c1ccc(OC)c2nc(NC(=O)N3CCC(S(=O)(=O)c4cccc(C(F)(F)F)c4)CC3)sc12,,6.28,1,6.28,6.28,Ki,B,single protein format,single_protein,9,D,2011,
CHEMBL1762506,CHEMBL1762506,Nc1nc(-c2ccccc2)cc2nn(Cc3ccccc3)c(=O)n12,,9.0,1,9.0,9.0,Ki,F,assay format,other,9,D,2011,
CHEMBL1762507,CHEMBL1762507,COc1ccc(-c2cc3nn(Cc4ccccc4)c(=O)n3c(N)n2)cc1,,6.2,1,6.2,6.2,Ki,F,assay format,other,9,D,2011,
CHEMBL1762508,CHEMBL1762508,Nc1nc(-c2cccnc2)cc2nn(Cc3ccccc3)c(=O)n12,,6.1,1,6.1,6.1,Ki,F,assay format,other,9,D,2011,
CHEMBL1762509,CHEMBL1762509,Nc1nc2c(c3nn(Cc4ccccc4)c(=O)n13)CCc1ccccc1-2,,9.3,1,9.3,9.3,Ki,F,assay format,other,9,D,2011,
CHEMBL1762510,CHEMBL1762510,C=Cn1ncc2c1nc(N)n1c(=O)n(Cc3ccccc3)nc21,,9.52,1,9.52,9.52,Ki,F,assay format,other,9,D,2011,
CHEMBL1762511,CHEMBL1762511,C=Cn1ncc2c1nc(N)n1c(=O)n(Cc3cccc(Cl)c3)nc21,,9.4,1,9.4,9.4,Ki,F,assay format,other,9,D,2011,
CHEMBL1762513,CHEMBL1762513,CN(C)CCn1ncc2c1nc(N)n1c(=O)n(Cc3cccc(Cl)c3)nc21,,8.28,1,8.28,8.28,Ki,F,assay format,other,9,D,2011,
CHEMBL1762514,CHEMBL1762514,Nc1nc2c(cnn2CCN2CCOCC2)c2nn(Cc3ccccc3)c(=O)n12,,8.05,1,8.05,8.05,Ki,F,assay format,other,9,D,2011,
CHEMBL1762515,CHEMBL1762515,Nc1nc2c(cnn2CCN2CCOCC2)c2nn(Cc3cccc(Cl)c3)c(=O)n12,,7.85,1,7.85,7.85,Ki,F,assay format,other,9,D,2011,
CHEMBL1762624,CHEMBL1762624,Nc1nc2c(cnn2CCN2CCC3(CC2)OCCO3)c2nn(Cc3ccccc3)c(=O)n12,,8.06,1,8.06,8.06,Ki,F,assay format,other,9,D,2011,
CHEMBL1762625,CHEMBL1762625,Nc1nc2c(cnn2CCN2CCC3(CC2)OCCO3)c2nn(Cc3cccc(Cl)c3)c(=O)n12,,7.96,1,7.96,7.96,Ki,F,assay format,other,9,D,2011,
CHEMBL1762626,CHEMBL1762626,Nc1nc2c(cnn2CCN2CCC(N3CCOCC3)CC2)c2nn(Cc3ccccc3)c(=O)n12,,7.55,1,7.55,7.55,Ki,F,assay format,other,9,D,2011,
CHEMBL1762627,CHEMBL1762627,Nc1nc2c(cnn2CCN2CCC(N3CCOCC3)CC2)c2nn(Cc3cccc(Cl)c3)c(=O)n12,,8.17,1,8.17,8.17,Ki,F,assay format,other,9,D,2011,
CHEMBL1762628,CHEMBL1762628,CS(=O)(=O)N1CCN(CCn2ncc3c2nc(N)n2c(=O)n(Cc4ccccc4)nc32)CC1,,8.05,1,8.05,8.05,Ki,F,assay format,other,9,D,2011,
CHEMBL1762629,CHEMBL1762629,CS(=O)(=O)N1CCN(CCn2ncc3c2nc(N)n2c(=O)n(Cc4cccc(Cl)c4)nc32)CC1,,7.98,1,7.98,7.98,Ki,F,assay format,other,9,D,2011,
CHEMBL1762631,CHEMBL1762631,CC(C)(C)OC(=O)N1CCN(CCn2ncc3c2nc(N)n2c(=O)n(Cc4cccc(Cl)c4)nc32)CC1,,6.25,1,6.25,6.25,Ki,F,assay format,other,9,D,2011,
CHEMBL1762633,CHEMBL1762633,Nc1nc2c(cnn2CCN2CCN(c3ccc(F)cc3F)CC2)c2nn(Cc3cccc(Cl)c3)c(=O)n12,,7.63,1,7.63,7.63,Ki,F,assay format,other,9,D,2011,
CHEMBL1762635,CHEMBL1762635,COCCOc1ccc(N2CCN(CCn3ncc4c3nc(N)n3c(=O)n(Cc5cccc(Cl)c5)nc43)CC2)c(F)c1,,7.81,1,7.81,7.81,Ki,F,assay format,other,9,D,2011,
CHEMBL1762636,CHEMBL1762636,Nc1nc2c(cnn2CCN2CCN(c3cnccn3)CC2)c2nn(Cc3ccccc3)c(=O)n12,,7.9,1,7.9,7.9,Ki,F,assay format,other,9,D,2011,
CHEMBL1762637,CHEMBL1762637,Nc1nc2c(cnn2CCN2CCN(c3cnccn3)CC2)c2nn(Cc3cccc(Cl)c3)c(=O)n12,,7.89,1,7.89,7.89,Ki,F,assay format,other,9,D,2011,
CHEMBL1762638,CHEMBL1762638,C=Cn1ncc2c1nc(N)n1c(=O)n(CC3CC3)nc21,,7.56,1,7.56,7.56,Ki,F,assay format,other,9,D,2011,
CHEMBL1762640,CHEMBL1762640,Nc1nc2c(cnn2CCN2CCOCC2)c2nn(CC3CC3)c(=O)n12,,6.42,1,6.42,6.42,Ki,F,assay format,other,9,D,2011,
CHEMBL1770169,CHEMBL1770169,CC(=O)NCCn1cc(CCCCC(=O)NCCNC(=O)COc2ccc(CCCn3ncc4c3nc(N)n3nc(-c5ccco5)nc43)cc2)nn1,,6.66,1,6.66,6.66,Ki,B,cell-based format,cell_based,9,D,2011,
CHEMBL1770170,CHEMBL1770170,Nc1nc2c(cnn2CCCc2ccc(OCC(=O)NCCNCCNC(=O)CCCCCNC(=O)COc3ccc(/C=C/C4=[N+]5C(=Cc6ccc(-c7ccc[nH]7)n6[B-]5(F)F)C=C4)cc3)cc2)c2nc(-c3ccco3)nn12,,7.82,1,7.82,7.82,Ki,B,cell-based format,cell_based,9,D,2011,
CHEMBL1771804,CHEMBL1771804,Nc1nc2c(cnn2CCCc2ccc(OCCCF)cc2)c2nc(-c3ccco3)nn12,,7.27,1,7.27,7.27,Ki,B,cell-based format,cell_based,9,D,2011,
CHEMBL1771805,CHEMBL1771805,COC(=O)COc1ccc(CCCn2ncc3c2nc(N)n2nc(-c4ccco4)nc32)cc1,,7.02,1,7.02,7.02,Ki,B,cell-based format,cell_based,9,D,2011,
CHEMBL1771806,CHEMBL1771806,Nc1nc2c(cnn2CCCc2ccc(OCC(=O)O)cc2)c2nc(-c3ccco3)nn12,,7.99,1,7.99,7.99,Ki,B,cell-based format,cell_based,9,D,2011,
CHEMBL1771807,CHEMBL1771807,NCCNC(=O)COc1ccc(CCCn2ncc3c2nc(N)n2nc(-c4ccco4)nc32)cc1,,8.17,1,8.17,8.17,Ki,B,cell-based format,cell_based,9,D,2011,
CHEMBL1771808,CHEMBL1771808,NCCNCCNC(=O)COc1ccc(CCCn2ncc3c2nc(N)n2nc(-c4ccco4)nc32)cc1,,7.97,1,7.97,7.97,Ki,B,cell-based format,cell_based,9,D,2011,
CHEMBL1771810,CHEMBL1771810,CN(C)c1ccc2c(-c3ccc(C(=O)NCCNC(=O)COc4ccc(CCCn5ncc6c5nc(N)n5nc(-c7ccco7)nc65)cc4)cc3C(=O)[O-])c3ccc(=[N+](C)C)cc-3oc2c1,,6.45,1,6.45,6.45,Ki,B,cell-based format,cell_based,9,D,2011,
CHEMBL1771811,CHEMBL1771811,C#CCCCCC(=O)NCCNC(=O)COc1ccc(CCCn2ncc3c2nc(N)n2nc(-c4ccco4)nc32)cc1,,7.12,1,7.12,7.12,Ki,B,cell-based format,cell_based,9,D,2011,
CHEMBL1771812,CHEMBL1771812,Nc1nc2c(cnn2CCCc2ccc(OCC(=O)NCCNC(=O)CCCCc3cn(CCCCCCC(=O)CCOCCOCCOCCOCCNC(=O)CCCC[C@@H]4SC[C@@H]5NC(=O)N[C@@H]54)nn3)cc2)c2nc(-c3ccco3)nn12,,6.48,1,6.48,6.48,Ki,B,cell-based format,cell_based,9,D,2011,
CHEMBL177782,CHEMBL177782,COc1ccccc1-c1cc2nc(-c3ccco3)nn2c(N)n1,,8.37,1,8.37,8.37,Ki,B,single protein format,single_protein,9,D,2008,
CHEMBL178584,CHEMBL178584,Nc1nc(-c2ccccc2)c2c(n1)-c1ccccc1C2,,7.95,1,7.95,7.95,Ki,B,cell membrane format,other,9,D,2022,
CHEMBL1760897,CHEMBL1789197,CCN(C(C)=O)c1ccc(OC)c2nc(NC(=O)[C@H]3CC[C@H](NCc4cccc(C(F)(F)F)c4)CC3)sc12,,6.55,1,6.55,6.55,Ki,B,single protein format,single_protein,9,D,2011,
CHEMBL1760891,CHEMBL1789250,CCN(C(C)=O)c1ccc(OC)c2nc(NC(=O)[C@@H]3CC[C@H](NCc4cccc(C(F)(F)F)c4)C3)sc12,,6.75,1,6.75,6.75,Ki,B,single protein format,single_protein,9,D,2011,
CHEMBL1771809,CHEMBL1789502,N=c1ccc2c(-c3ccc(C(=O)NCCNC(=O)COc4ccc(CCCn5ncc6c5nc(N)n5nc(-c7ccco7)nc65)cc4)cc3C(=O)O)c3ccc(N)c(S(=O)(=O)O)c3oc-2c1S(=O)(=O)O,,7.4399999999999995,6,6.96,7.78,Kd;Ki,B,assay format;cell-based format,cell_based,9,D,2011;2017,
CHEMBL1795502,CHEMBL1795502,Cn1cc2c(n1)c(N)nc1c(OCc3ccccc3)cccc12,,6.12,1,6.12,6.12,Ki,B,cell-based format,cell_based,9,D,2011,
CHEMBL1800357,CHEMBL1800357,Nc1nc(-c2ccccc2O)nc(N2Cc3ccc(F)cc3C2)n1,,6.95,2,6.0,7.9,Kd;Ki,B,cell-based format,cell_based,9,D,2011,
CHEMBL1800358,CHEMBL1800358,CN1CCN(C(=O)c2cccc(-c3nc(N)nc(-c4ccccc4O)n3)c2)CC1,,8.45,2,7.9,9.0,Kd;Ki,B,cell-based format,cell_based,9,D,2011,
CHEMBL180236,CHEMBL180236,CCCn1c(=O)c2nc(-c3ccc(OCc4noc(-c5ccc(C)cc5)n4)cc3)[nH]c2n(CCC)c1=O,,6.0,1,6.0,6.0,Ki,B,cell-based format,cell_based,9,D,2005,
CHEMBL183,CHEMBL183,CCCn1c(=O)c2[nH]c(C3CCCC3)nc2n(CCC)c1=O,"1,3-DIPROPYL-8-CYCLOPENTYLXANTHINE [DPCPX]",6.75,18,6.1,7.25,IC50;Kd;Ki,B;F,assay format;cell membrane format;cell-based format,cell_based,8;9,D;H,1994;1997;1999;2004;2005;2013;2016;2019,
CHEMBL1834622,CHEMBL1834622,Cn1cc2c(nc(NC(=O)Nc3ccccc3)n3nc(-c4ccc(Cl)cc4)nc23)n1,,6.01,1,6.01,6.01,Ki,B,cell-based format,cell_based,9,D,2011,
CHEMBL1834700,CHEMBL1834700,O=C(Cc1ccccc1)Nc1nc2nn(CCc3ccccc3)cc2c2nc(-c3ccccc3)nn12,,6.21,1,6.21,6.21,Ki,B,cell-based format,cell_based,9,D,2011,
CHEMBL1834701,CHEMBL1834701,O=C(Cc1ccccc1)Nc1nc2nn(CCc3ccccc3)cc2c2nc(-c3ccc(F)cc3)nn12,,6.24,1,6.24,6.24,Ki,B,cell-based format,cell_based,9,D,2011,
CHEMBL184061,CHEMBL184061,Nc1nc(NCCN2CCN(c3ccc(F)cc3F)CC2)nc2nc(-c3ccco3)nn12,,9.344999999999999,8,8.43,9.57,Kd;Ki,B,assay format;cell-based format,cell_based,9,D,2016,
CHEMBL184309,CHEMBL184309,CN(CCN1CCN(c2ccc(F)cc2F)CC1)c1nc(N)n2nc(-c3ccco3)nc2n1,,8.4,1,8.4,8.4,Ki,F,assay format,other,9,D,2022,
CHEMBL184517,CHEMBL184517,COc1ccc(CCNC(=N)Nc2nc(C)cc(C)n2)cc1,,6.05,1,6.05,6.05,Ki,B,cell-based format,cell_based,9,D,2010,
CHEMBL186113,CHEMBL186113,CCn1nnc([C@H]2O[C@@H](n3cnc4c(N)nc(N[C@H](CO)Cc5ccccc5)nc43)[C@H](O)[C@@H]2O)n1,GW-328267,8.350000000000001,6,7.34,9.4,EC50;IC50;Ki,B;F,assay format;cell-based format,cell_based,9,D,2004;2010;2012,1
CHEMBL186322,CHEMBL186322,Nc1nc(N2CCN(Cc3ccc(Cl)cc3)CC2)nc2nc(-c3ccco3)nn12,,6.99,1,6.99,6.99,Ki,B,cell-based format,cell_based,9,D,2011,
CHEMBL186403,CHEMBL186403,CCn1nnc([C@H]2O[C@@H](n3cnc4c(N)nc(N[C@H](CO)Cc5ccc([N+](=O)[O-])cc5)nc43)[C@H](O)[C@@H]2O)n1,,7.915,2,7.32,8.51,EC50;Ki,B;F,cell-based format,cell_based,9,D,2004,
CHEMBL187810,CHEMBL187810,Nc1nc(NCCCN2CCN(c3ccccc3)CC2)nc2nc(-c3ccco3)nn12,,7.949999999999999,8,7.28,8.89,Kd;Ki,B,assay format;cell-based format,cell_based,9,D,2016,
CHEMBL188897,CHEMBL188897,Nc1nc(N2CCN(Cc3ccccc3)CC2)nc2nc(-c3ccco3)nn12,,7.69,1,7.69,7.69,Ki,B,cell-based format,cell_based,9,D,2011,
CHEMBL189192,CHEMBL189192,Cn1nc(C(F)(F)F)c(CN2CCN(c3nc(N)n4nc(-c5ccco5)nc4n3)CC2)c1Cl,,7.0,1,7.0,7.0,Ki,B,single protein format,single_protein,9,D,2004,
CHEMBL1355736,CHEMBL190,Cn1c(=O)c2[nH]cnc2n(C)c1=O,THEOPHYLLINE,9.22,1,9.22,9.22,Ki,B,cell-based format,cell_based,9,D,2005,4
CHEMBL191809,CHEMBL191809,COc1ccc(Cl)cc1CNc1ncnc2c1ncn2[C@@H]1O[C@H](CO)[C@@H](O)[C@H]1O,,6.4,1,6.4,6.4,Ki,B,cell-based format,cell_based,9,D,2005,
CHEMBL192,CHEMBL192,CCCc1nn(C)c2c(=O)[nH]c(-c3cc(S(=O)(=O)N4CCN(C)CC4)ccc3OCC)nc12,SILDENAFIL,6.7,3,6.6,6.85,IC50;Ki,B,cell membrane format;cell-based format,cell_based,8;9,D;H,2012,4
CHEMBL1927422,CHEMBL1927422,CC(C)(C)OC(=O)N1CCN(c2nc(N)n3nc(-c4ccco4)nc3n2)CC1,,7.68,1,7.68,7.68,Ki,B,cell-based format,cell_based,9,D,2011,
CHEMBL1927423,CHEMBL1927423,Nc1nc(N2CCCC2)nc2nc(-c3ccco3)nn12,,7.23,1,7.23,7.23,Ki,B,cell-based format,cell_based,9,D,2011,
CHEMBL1927426,CHEMBL1927426,CC(C)(C)OC(=O)NCCNc1nc(N)n2nc(-c3ccco3)nc2n1,,7.39,1,7.39,7.39,Ki,B,cell-based format,cell_based,9,D,2011,
CHEMBL1927427,CHEMBL1927427,CC(C)(C)OC(=O)NCC1CCC(CNc2nc(N)n3nc(-c4ccco4)nc3n2)CC1,,7.16,1,7.16,7.16,Ki,B,cell-based format,cell_based,9,D,2011,
CHEMBL1927428,CHEMBL1927428,CC(C)(C)OC(=O)NCCCNc1nc(N)n2nc(-c3ccco3)nc2n1,,7.41,1,7.41,7.41,Ki,B,cell-based format,cell_based,9,D,2011,
CHEMBL1927429,CHEMBL1927429,CC(C)(C)OC(=O)NCCCCCNc1nc(N)n2nc(-c3ccco3)nc2n1,,7.35,1,7.35,7.35,Ki,B,cell-based format,cell_based,9,D,2011,
CHEMBL1927430,CHEMBL1927430,CC(C)(C)OC(=O)NCCOCCOCCNc1nc(N)n2nc(-c3ccco3)nc2n1,,7.75,1,7.75,7.75,Ki,B,cell-based format,cell_based,9,D,2011,
CHEMBL1927431,CHEMBL1927431,Nc1nc(N2CCN(Cc3ccc(F)cc3)CC2)nc2nc(-c3ccco3)nn12,,7.28,1,7.28,7.28,Ki,B,cell-based format,cell_based,9,D,2011,
CHEMBL1927432,CHEMBL1927432,Nc1nc(N2CCN(Cc3ccc(Br)cc3)CC2)nc2nc(-c3ccco3)nn12,,7.56,1,7.56,7.56,Ki,B,cell-based format,cell_based,9,D,2011,
CHEMBL1927434,CHEMBL1927434,Nc1nc(N2CCN(C(=O)Cc3ccc(Br)cc3)CC2)nc2nc(-c3ccco3)nn12,,7.06,1,7.06,7.06,Ki,B,cell-based format,cell_based,9,D,2011,
CHEMBL1927435,CHEMBL1927435,CCCCC(=O)N1CCN(c2nc(N)n3nc(-c4ccco4)nc3n2)CC1,,6.91,1,6.91,6.91,Ki,B,cell-based format,cell_based,9,D,2011,
CHEMBL1927436,CHEMBL1927436,Nc1nc(N2CCN(C(=O)Cc3ccccc3)CC2)nc2nc(-c3ccco3)nn12,,7.02,1,7.02,7.02,Ki,B,cell-based format,cell_based,9,D,2011,
CHEMBL1927437,CHEMBL1927437,COC(=O)CCC(=O)N1CCN(c2nc(N)n3nc(-c4ccco4)nc3n2)CC1,,7.18,1,7.18,7.18,Ki,B,cell-based format,cell_based,9,D,2011,
CHEMBL1927438,CHEMBL1927438,Nc1nc(N2CCN(C(=O)C(Cl)Cl)CC2)nc2nc(-c3ccco3)nn12,,6.55,1,6.55,6.55,Ki,B,cell-based format,cell_based,9,D,2011,
CHEMBL1927439,CHEMBL1927439,Nc1nc(N2CCN(C(=O)c3ccc([N+](=O)[O-])cc3)CC2)nc2nc(-c3ccco3)nn12,,6.67,1,6.67,6.67,Ki,B,cell-based format,cell_based,9,D,2011,
CHEMBL1927440,CHEMBL1927440,Nc1nc(N2CCN(C(=O)c3ccccc3)CC2)nc2nc(-c3ccco3)nn12,,6.46,1,6.46,6.46,Ki,B,cell-based format,cell_based,9,D,2011,
CHEMBL1927442,CHEMBL1927442,Nc1nc(N2CCN(C(=O)Cc3ccc(Cl)cc3)CC2)nc2nc(-c3ccco3)nn12,,7.41,1,7.41,7.41,Ki,B,cell-based format,cell_based,9,D,2011,
CHEMBL1927447,CHEMBL1927447,Nc1nc(N2CCN(C(=O)C(c3ccccc3)c3ccccc3)CC2)nc2nc(-c3ccco3)nn12,,7.03,1,7.03,7.03,Ki,B,cell-based format,cell_based,9,D,2011,
CHEMBL1927628,CHEMBL1927628,CC(C)(C)C(=O)N1CCN(c2nc(N)n3nc(-c4ccco4)nc3n2)CC1,,7.23,1,7.23,7.23,Ki,B,cell-based format,cell_based,9,D,2011,
CHEMBL1927629,CHEMBL1927629,CC(C)(C)CC(=O)N1CCN(c2nc(N)n3nc(-c4ccco4)nc3n2)CC1,,7.96,1,7.96,7.96,Ki,B,cell-based format,cell_based,9,D,2011,
CHEMBL1927630,CHEMBL1927630,O=C(Nc1nc(Oc2ccccc2)nc2nc(-c3ccco3)nn12)c1ccccc1,,6.0,1,6.0,6.0,Ki,B,cell-based format,cell_based,9,D,2011,
CHEMBL1927631,CHEMBL1927631,Nc1nc(O)nc2nc(-c3ccco3)nn12,,6.7,1,6.7,6.7,Ki,B,cell-based format,cell_based,9,D,2011,
CHEMBL1927632,CHEMBL1927632,Nc1nc(N)n2nc(-c3ccco3)nc2n1,,6.8,1,6.8,6.8,Ki,B,cell-based format,cell_based,9,D,2011,
CHEMBL1927634,CHEMBL1927634,Nc1nc(NC(=O)c2ccccc2)n2nc(-c3ccco3)nc2n1,,7.36,1,7.36,7.36,Ki,B,cell-based format,cell_based,9,D,2011,
CHEMBL193414,CHEMBL193414,Nc1nc(-c2ccco2)c2ncn(Cc3c(Cl)cccc3Cl)c2n1,,8.15,1,8.15,8.15,Ki,B,cell-based format,cell_based,9,D,2005,
CHEMBL193509,CHEMBL193509,Cc1ccc2c(O)c(C(=O)NCc3ccc(N)cc3)cnc2n1,,6.84,1,6.84,6.84,Ki,B,assay format,other,8,H,2005,
CHEMBL1935743,CHEMBL1935743,Cn1cc2nc(N)n3nc(-c4ccco4)nc3c2c1,,7.7,1,7.7,7.7,Ki,B,cell-based format,cell_based,9,D,2012,
CHEMBL1935744,CHEMBL1935744,CCCn1cc2nc(N)n3nc(-c4ccco4)nc3c2c1,,7.52,1,7.52,7.52,Ki,B,cell-based format,cell_based,9,D,2012,
CHEMBL1935745,CHEMBL1935745,Nc1nc2cn(CCc3ccccc3)cc2c2nc(-c3ccco3)nn12,,8.41,1,8.41,8.41,Ki,B,cell-based format,cell_based,9,D,2012,
CHEMBL1935746,CHEMBL1935746,Nc1nc2cn(CCCc3ccccc3)cc2c2nc(-c3ccco3)nn12,,7.3,1,7.3,7.3,Ki,B,cell-based format,cell_based,9,D,2012,
CHEMBL1935747,CHEMBL1935747,COc1ccc(NC(=O)Nc2nc3cn(C)cc3c3nc(-c4ccco4)nn23)cc1,,6.3,1,6.3,6.3,Ki,B,cell-based format,cell_based,9,D,2012,
CHEMBL1935748,CHEMBL1935748,CCCn1cc2nc(NC(=O)Nc3ccc(OC)cc3)n3nc(-c4ccco4)nc3c2c1,,6.7,1,6.7,6.7,Ki,B,cell-based format,cell_based,9,D,2012,
CHEMBL1935749,CHEMBL1935749,COc1ccc(NC(=O)Nc2nc3cn(CCc4ccccc4)cc3c3nc(-c4ccco4)nn23)cc1,,6.83,1,6.83,6.83,Ki,B,cell-based format,cell_based,9,D,2012,
CHEMBL1935750,CHEMBL1935750,COc1ccc(NC(=O)Nc2nc3cn(CCCc4ccccc4)cc3c3nc(-c4ccco4)nn23)cc1,,6.89,1,6.89,6.89,Ki,B,cell-based format,cell_based,9,D,2012,
CHEMBL1935752,CHEMBL1935752,Cn1ncc2nc(N)n3nc(-c4ccco4)nc3c21,,8.44,1,8.44,8.44,Ki,B,cell-based format,cell_based,9,D,2012,
CHEMBL1935753,CHEMBL1935753,CCCn1ncc2nc(N)n3nc(-c4ccco4)nc3c21,,7.92,1,7.92,7.92,Ki,B,cell-based format,cell_based,9,D,2012,
CHEMBL1935754,CHEMBL1935754,Nc1nc2cnn(CCc3ccccc3)c2c2nc(-c3ccco3)nn12,,7.38,1,7.38,7.38,Ki,B,cell-based format,cell_based,9,D,2012,
CHEMBL1935755,CHEMBL1935755,Nc1nc2cnn(CCCc3ccccc3)c2c2nc(-c3ccco3)nn12,,6.91,1,6.91,6.91,Ki,B,cell-based format,cell_based,9,D,2012,
CHEMBL1935756,CHEMBL1935756,COc1ccc(NC(=O)Nc2nc3cnn(C)c3c3nc(-c4ccco4)nn23)cc1,,7.17,1,7.17,7.17,Ki,B,cell-based format,cell_based,9,D,2012,
CHEMBL1935757,CHEMBL1935757,CCCn1ncc2nc(NC(=O)Nc3ccc(OC)cc3)n3nc(-c4ccco4)nc3c21,,7.7,1,7.7,7.7,Ki,B,cell-based format,cell_based,9,D,2012,
CHEMBL1935758,CHEMBL1935758,COc1ccc(NC(=O)Nc2nc3cnn(CCc4ccccc4)c3c3nc(-c4ccco4)nn23)cc1,,6.2,1,6.2,6.2,Ki,B,cell-based format,cell_based,9,D,2012,
CHEMBL1935760,CHEMBL1935760,Cn1cc2nc(N)n3nc(-c4ccco4)nc3c2n1,,8.09,1,8.09,8.09,Ki,B,cell-based format,cell_based,9,D,2012,
CHEMBL1935761,CHEMBL1935761,CCCn1cc2nc(N)n3nc(-c4ccco4)nc3c2n1,,7.77,1,7.77,7.77,Ki,B,cell-based format,cell_based,9,D,2012,
CHEMBL1935762,CHEMBL1935762,Nc1nc2cn(CCc3ccccc3)nc2c2nc(-c3ccco3)nn12,,8.04,1,8.04,8.04,Ki,B,cell-based format,cell_based,9,D,2012,
CHEMBL1935763,CHEMBL1935763,Nc1nc2cn(CCCc3ccccc3)nc2c2nc(-c3ccco3)nn12,,7.96,1,7.96,7.96,Ki,B,cell-based format,cell_based,9,D,2012,
CHEMBL1935764,CHEMBL1935764,COc1ccc(NC(=O)Nc2nc3cn(C)nc3c3nc(-c4ccco4)nn23)cc1,,6.65,1,6.65,6.65,Ki,B,cell-based format,cell_based,9,D,2012,
CHEMBL1935765,CHEMBL1935765,CCCn1cc2nc(NC(=O)Nc3ccc(OC)cc3)n3nc(-c4ccco4)nc3c2n1,,6.68,1,6.68,6.68,Ki,B,cell-based format,cell_based,9,D,2012,
CHEMBL1935766,CHEMBL1935766,COc1ccc(NC(=O)Nc2nc3cn(CCc4ccccc4)nc3c3nc(-c4ccco4)nn23)cc1,,6.17,1,6.17,6.17,Ki,B,cell-based format,cell_based,9,D,2012,
CHEMBL1935768,CHEMBL1935768,Cn1ncc2nc(NC3CCCCC3)n3nc(-c4ccco4)nc3c21,,6.92,1,6.92,6.92,Ki,B,cell-based format,cell_based,9,D,2012,
CHEMBL193613,CHEMBL193613,Nc1nc(-c2ccco2)c2ncn(Cc3cccc4ccccc34)c2n1,,8.25,1,8.25,8.25,Ki,B,cell-based format,cell_based,9,D,2005,
CHEMBL193692,CHEMBL193692,OC[C@H]1O[C@@H](n2cnc3c(NCC(c4ccccc4)c4ccccc4)ncnc32)[C@H](O)[C@@H]1O,,6.795,2,6.29,7.3,Ki,B,cell-based format;single protein format,mixed,8;9,D;H,2005;2012,
CHEMBL193761,CHEMBL193761,Nc1nc(-c2ccco2)c2ncn(CCCc3ccccc3)c2n1,,8.17,1,8.17,8.17,Ki,B,cell-based format,cell_based,9,D,2005,
CHEMBL1939337,CHEMBL1939337,CCN1CCCC(Nc2cc(C)nc(NC(=N)Nc3ccc(Cl)c(Cl)c3)n2)C1,,6.26,1,6.26,6.26,IC50,F,assay format,other,9,D,2022,
CHEMBL194290,CHEMBL194290,Cc1nc(N)c2nc(-n3nccn3)n(C)c2n1,,7.15,1,7.15,7.15,Ki,B,cell-based format,cell_based,9,D,2005,
CHEMBL194331,CHEMBL194331,Cc1ccc2c(O)c(C(=O)NCc3ccccc3)cnc2n1,,7.41,2,7.3,7.52,Ki,B,assay format,other,8;9,D;H,2005,
CHEMBL194383,CHEMBL194383,Nc1nc(-c2ccco2)c2ncn(CCc3ccccc3)c2n1,,6.57,1,6.57,6.57,Ki,B,cell-based format,cell_based,9,D,2005,
CHEMBL194452,CHEMBL194452,CN(C)c1ccc2c(O)c(C(=O)NCc3ccccc3)cnc2n1,,7.24,1,7.24,7.24,Ki,B,assay format,other,8,H,2005,
CHEMBL194539,CHEMBL194539,O=C(NCc1ccccc1)c1cnc2nc(Cl)ccc2c1O,,7.17,1,7.17,7.17,Ki,B,assay format,other,8,H,2005,
CHEMBL1945563,CHEMBL1945563,CCCCC#Cc1nc(N)c2ncn([C@@H]3OC[C@@H](O)[C@H]3O)c2n1,,7.145,2,7.09,7.2,EC50;Ki,B;F,cell-based format,cell_based,9,D,2012,
CHEMBL1946298,CHEMBL1946298,CCCC/C=C/c1nc(N)c2ncn([C@@H]3OC[C@@H](O)[C@H]3O)c2n1,,6.75,1,6.75,6.75,Ki,B,cell-based format,cell_based,9,D,2012,
CHEMBL194696,CHEMBL194696,Cc1ccc2c(O)c(C(=O)NCc3ccc([N+](=O)[O-])cc3)cnc2n1,,7.0,1,7.0,7.0,Ki,B,assay format,other,8,H,2005,
CHEMBL194704,CHEMBL194704,Cc1ccc2c(O)c(C(=O)NC3CCC(C)CC3)cnc2n1,,6.425000000000001,2,6.41,6.44,Ki,B,assay format,other,8;9,D;H,2005,
CHEMBL194728,CHEMBL194728,Cn1c(-n2nccn2)nc2c(N)ncnc21,,7.33,1,7.33,7.33,Ki,B,cell-based format,cell_based,9,D,2005,
CHEMBL194860,CHEMBL194860,Cc1ccc2c(O)c(C(=O)NCCC(C)C)cnc2n1,,6.19,1,6.19,6.19,Ki,B,assay format,other,9,D,2005,
CHEMBL194956,CHEMBL194956,Cc1ccc(CNC(=O)c2cnc3nc(C)ccc3c2O)cc1,,6.765000000000001,2,6.73,6.8,Ki,B,assay format,other,8;9,D;H,2005,
CHEMBL195001,CHEMBL195001,CC(C)c1nc(N)c2nc(-n3nccn3)n(C)c2n1,,6.32,1,6.32,6.32,Ki,B,cell-based format,cell_based,9,D,2005,
CHEMBL1950553,CHEMBL1950553,Nc1nc(OCCc2ccc(Cl)cc2)nc2c1ncn2[C@@H]1O[C@H](CO)[C@@H](O)[C@H]1O,SONEDENOSON,6.77,2,6.31,7.23,Ki,B,single protein format,single_protein,8;9,D;H,2012;2014,2
CHEMBL1950554,CHEMBL1950554,Nc1nc(N/N=C/C2CCCCC2)nc2c1ncn2[C@@H]1O[C@H](CO)[C@@H](O)[C@H]1O,BINODENOSON,6.83,2,6.57,7.09,Ki,B,cell-based format;single protein format,mixed,8;9,D;H,2012;2013,3
CHEMBL1950555,CHEMBL1950555,COc1cc(OC)cc([C@@H](CNc2ncnc3c2ncn3[C@@H]2O[C@H](CO)[C@@H](O)[C@H]2O)c2ccccc2C)c1,,6.78,1,6.78,6.78,Ki,B,single protein format,single_protein,8,H,2012,
CHEMBL1950649,CHEMBL1950649,CCNC(=O)[C@H]1O[C@@H](n2cnc3c(N)nc(C#CC[C@H]4CC[C@H](C(=O)OC)CC4)nc32)[C@H](O)[C@@H]1O,APADENOSON,9.3,1,9.3,9.3,Ki,B,single protein format,single_protein,9,D,2011,3
CHEMBL1950650,CHEMBL1950650,CCNC(=O)[C@H]1C[C@@H](n2cnc3c(N[C@H](CC)Cc4sccc4Cl)ccnc32)[C@H](O)[C@@H]1O,,7.25,1,7.25,7.25,Ki,B,single protein format,single_protein,8,H,2012,
CHEMBL1950651,CHEMBL1950651,COC(=O)N1CCC(CC#Cc2nc(N)c3ncn([C@@H]4O[C@H](C(=O)NC5CC5)[C@@H](O)[C@H]4O)c3n2)CC1,EVODENOSON,9.15,1,9.15,9.15,Kd,B,cell-based format,cell_based,9,D,2016,2
CHEMBL1950652,CHEMBL1950652,CCn1nnnc1[C@H]1O[C@@H](n2cnc3c(N)nc(N[C@H](CO)Cc4ccccc4)nc32)[C@H](O)[C@@H]1O,,8.64,1,8.64,8.64,Ki,B,cell-based format,cell_based,9,D,2012,
CHEMBL1950653,CHEMBL1950653,CCNC(=O)[C@H]1O[C@@H](n2cnc3c(N)nc(NCCc4ccc(CCC(=O)N[C@@H](Cc5ccccc5)C(=O)OC)cc4)nc32)[C@H](O)[C@@H]1O,,6.8,1,6.8,6.8,Ki,B,cell-based format,cell_based,9,D,2012,
CHEMBL1950654,CHEMBL1950654,CCNC(=O)[C@H]1O[C@@H](n2cnc3c(N)nc(NCCc4ccc(CCC(=O)N[C@H](Cc5ccccc5)C(=O)OC)cc4)nc32)[C@H](O)[C@@H]1O,,7.07,1,7.07,7.07,Ki,B,cell-based format,cell_based,9,D,2012,
CHEMBL1950655,CHEMBL1950655,CCNC(=O)[C@H]1O[C@@H](n2cnc3c(N)nc(NCCc4ccc(CCC(=O)N[C@@H](Cc5c[nH]c6ccccc56)C(=O)OC)cc4)nc32)[C@H](O)[C@@H]1O,,7.06,1,7.06,7.06,Ki,B,cell-based format,cell_based,9,D,2012,
CHEMBL1950656,CHEMBL1950656,CCNC(=O)[C@H]1O[C@@H](n2cnc3c(N)nc(NCCc4ccc(CCC(=O)N[C@H](Cc5c[nH]c6ccccc56)C(=O)OC)cc4)nc32)[C@H](O)[C@@H]1O,,6.89,1,6.89,6.89,Ki,B,cell-based format,cell_based,9,D,2012,
CHEMBL1950657,CHEMBL1950657,CCNC(=O)[C@H]1O[C@@H](n2cnc3c(N)nc(NCCc4ccc(CCC(=O)N[C@@H](CC(=O)O)C(=O)O)cc4)nc32)[C@H](O)[C@@H]1O,,6.75,1,6.75,6.75,Ki,B,cell-based format,cell_based,9,D,2012,
CHEMBL1950658,CHEMBL1950658,CCNC(=O)[C@H]1O[C@@H](n2cnc3c(N)nc(NCCc4ccc(CCC(=O)N[C@H](CC(=O)O)C(=O)O)cc4)nc32)[C@H](O)[C@@H]1O,,6.96,1,6.96,6.96,Ki,B,cell-based format,cell_based,9,D,2012,
CHEMBL1950659,CHEMBL1950659,CCNC(=O)[C@H]1O[C@@H](n2cnc3c(N)nc(NCCc4ccc(CCC(=O)N[C@@H](CCCNC(=N)N)C(=O)O)cc4)nc32)[C@H](O)[C@@H]1O,,7.0,1,7.0,7.0,Ki,B,cell-based format,cell_based,9,D,2012,
CHEMBL1950660,CHEMBL1950660,CCNC(=O)[C@H]1O[C@@H](n2cnc3c(N)nc(NCCc4ccc(CCC(=O)N[C@H](CCCNC(=N)N)C(=O)O)cc4)nc32)[C@H](O)[C@@H]1O,,7.3,1,7.3,7.3,Ki,B,cell-based format,cell_based,9,D,2012,
CHEMBL1950661,CHEMBL1950661,CCNC(=O)[C@H]1O[C@@H](n2cnc3c(N)nc(NCCc4ccc(CCC(=O)N[C@@H](Cc5ccccc5)C(=O)O)cc4)nc32)[C@H](O)[C@@H]1O,,7.2,1,7.2,7.2,Ki,B,cell-based format,cell_based,9,D,2012,
CHEMBL1950662,CHEMBL1950662,CCNC(=O)[C@H]1O[C@@H](n2cnc3c(N)nc(NCCc4ccc(CCC(=O)N[C@H](Cc5ccccc5)C(=O)O)cc4)nc32)[C@H](O)[C@@H]1O,,7.47,1,7.47,7.47,Ki,B,cell-based format,cell_based,9,D,2012,
CHEMBL1950663,CHEMBL1950663,CCNC(=O)[C@H]1O[C@@H](n2cnc3c(N)nc(NCCc4ccc(CCC(=O)N[C@@H](Cc5c[nH]c6ccccc56)C(=O)O)cc4)nc32)[C@H](O)[C@@H]1O,,7.14,1,7.14,7.14,Ki,B,cell-based format,cell_based,9,D,2012,
CHEMBL1950664,CHEMBL1950664,CCNC(=O)[C@H]1O[C@@H](n2cnc3c(N)nc(NCCc4ccc(CCC(=O)N[C@H](Cc5c[nH]c6ccccc56)C(=O)O)cc4)nc32)[C@H](O)[C@@H]1O,,6.89,1,6.89,6.89,Ki,B,cell-based format,cell_based,9,D,2012,
CHEMBL1950665,CHEMBL1950665,CCNC(=O)[C@H]1O[C@@H](n2cnc3c(N)nc(NCCc4ccc(CCC(=O)N[C@@H](Cc5c[nH]cn5)C(=O)O)cc4)nc32)[C@H](O)[C@@H]1O,,6.96,1,6.96,6.96,Ki,B,cell-based format,cell_based,9,D,2012,
CHEMBL1950666,CHEMBL1950666,CCNC(=O)[C@H]1O[C@@H](n2cnc3c(N)nc(NCCc4ccc(CCC(=O)N[C@H](Cc5c[nH]cn5)C(=O)O)cc4)nc32)[C@H](O)[C@@H]1O,,7.4,1,7.4,7.4,Ki,B,cell-based format,cell_based,9,D,2012,
CHEMBL195294,CHEMBL195294,CC(C)c1ccc(Cn2cnc3c(-c4ccco4)nc(N)nc32)cc1,,8.0,1,8.0,8.0,Ki,B,cell-based format,cell_based,9,D,2005,
CHEMBL195330,CHEMBL195330,Nc1nc(-c2ccco2)c2ncn(Cc3ccc(Cl)cc3)c2n1,,7.67,1,7.67,7.67,Ki,B,cell-based format,cell_based,9,D,2005,
CHEMBL195356,CHEMBL195356,Cc1ccc2c(NN)c(Cc3ccccc3)cnc2n1,,6.14,1,6.14,6.14,Ki,B,assay format,other,8,H,2005,
CHEMBL195357,CHEMBL195357,Cc1ccc2c(O)c(Cc3ccccc3Cl)cnc2n1,,6.01,1,6.01,6.01,Ki,B,assay format,other,9,D,2005,
CHEMBL195364,CHEMBL195364,Nc1nc(-c2ccco2)c2ncn(Cc3ccc4ccccc4c3)c2n1,,8.85,1,8.85,8.85,Ki,B,cell-based format,cell_based,9,D,2005,
CHEMBL195410,CHEMBL195410,COc1ccc(Cn2cnc3c(-c4ccco4)nc(N)nc32)cc1,,8.11,1,8.11,8.11,Ki,B,cell-based format,cell_based,9,D,2005,
CHEMBL195503,CHEMBL195503,Nc1nc(-c2ccco2)c2ncn(Cc3ccccc3CS(=O)(=O)c3ccccc3)c2n1,,8.51,1,8.51,8.51,Ki,B,cell-based format,cell_based,9,D,2005,
CHEMBL195522,CHEMBL195522,Cc1ccc2c(O)c(C(=O)NCc3ccc(Cl)cc3)cnc2n1,,6.75,2,6.68,6.82,Ki,B,assay format,other,8;9,D;H,2005,
CHEMBL195543,CHEMBL195543,Nc1nc(-c2ccco2)c2ncn(Cc3cc4c(cc3Cl)OCO4)c2n1,,8.2,1,8.2,8.2,Ki,B,cell-based format,cell_based,9,D,2005,
CHEMBL1955923,CHEMBL1955923,CCCn1c(=O)c2[nH]c(-c3cc(=O)[nH]n3C)cc2n(CCC)c1=O,,6.02,1,6.02,6.02,Ki,B,cell-based format,cell_based,9,D,2012,
CHEMBL195866,CHEMBL195866,COc1ccccc1Cn1cnc2c(-c3ccco3)nc(N)nc21,,7.66,1,7.66,7.66,Ki,B,cell-based format,cell_based,9,D,2005,
CHEMBL196138,CHEMBL196138,Cc1ccc2c(O)c(C(=O)NCc3ccco3)cnc2n1,,7.404999999999999,2,7.35,7.46,Ki,B,assay format,other,8;9,D;H,2005,
CHEMBL1926693,CHEMBL1962442,NCCNc1nc(N)n2nc(-c3ccco3)nc2n1,,6.25,1,6.25,6.25,Ki,B,cell-based format,cell_based,9,D,2011,
CHEMBL1927433,CHEMBL1962463,NCCOCCOCCNc1nc(N)n2nc(-c3ccco3)nc2n1,,7.94,1,7.94,7.94,Ki,B,cell-based format,cell_based,9,D,2011,
CHEMBL196258,CHEMBL196258,CCCCCc1nc(N)c2nc(-n3nccn3)n(C)c2n1,,8.48,1,8.48,8.48,Ki,B,cell-based format,cell_based,9,D,2005,
CHEMBL196259,CHEMBL196259,Cn1c(-n2nccn2)nc2c(N)nc(CCc3ccccc3)nc21,,8.33,1,8.33,8.33,Ki,B,cell-based format,cell_based,9,D,2005,
CHEMBL1927446,CHEMBL1962591,NCCCCCNc1nc(N)n2nc(-c3ccco3)nc2n1,,7.04,1,7.04,7.04,Ki,B,cell-based format,cell_based,9,D,2011,
CHEMBL1927445,CHEMBL1962701,NCCCNc1nc(N)n2nc(-c3ccco3)nc2n1,,6.57,1,6.57,6.57,Ki,B,cell-based format,cell_based,9,D,2011,
CHEMBL1927444,CHEMBL1962813,NCC1CCC(CNc2nc(N)n3nc(-c4ccco4)nc3n2)CC1,,7.77,1,7.77,7.77,Ki,B,cell-based format,cell_based,9,D,2011,
CHEMBL196306,CHEMBL196306,Nc1ccc2c(O)c(C(=O)NCc3ccc(Cl)cc3)cnc2n1,,6.285,2,6.27,6.3,Ki,B,assay format,other,8;9,D;H,2005,
CHEMBL196375,CHEMBL196375,Nc1ccc2c(O)c(C(=O)NCc3ccccc3)cnc2n1,,6.66,2,6.52,6.8,Ki,B,assay format,other,8;9,D;H,2005,
CHEMBL196436,CHEMBL196436,Nc1nc(-c2ccco2)c2ncn(Cc3ccccc3)c2n1,,7.43,2,7.4,7.46,Ki,B,cell-based format;single protein format,mixed,9,D,2005;2008,
CHEMBL196665,CHEMBL196665,Cc1ccc2c(O)c(C(=O)NCc3ccc(F)cc3)cnc2n1,,6.82,2,6.7,6.94,Ki,B,assay format,other,8;9,D;H,2005,
CHEMBL197103,CHEMBL197103,Cc1cccc(Nc2nc(-c3cccc(C#N)c3)c(-n3ccnc3C)s2)n1,,6.76,1,6.76,6.76,Ki,B,cell-based format,cell_based,9,D,2005,
CHEMBL197148,CHEMBL197148,Nc1nc(-c2ccco2)c2ncn(Cc3ccc(C(F)(F)F)c(F)c3)c2n1,,8.06,1,8.06,8.06,Ki,B,cell-based format,cell_based,9,D,2005,
CHEMBL197359,CHEMBL197359,COc1ccc(CNC(=O)c2cnc3nc(C)ccc3c2O)cc1,,6.13,1,6.13,6.13,Ki,B,assay format,other,8,H,2005,
CHEMBL197605,CHEMBL197605,CCCn1c(=O)c2[nH]c(-c3ccc(OCC(=O)NCc4ccccc4)cc3)c(Cl)c2n(CCC)c1=O,,7.22,1,7.22,7.22,Ki,B,single protein format,single_protein,9,D,2006,
CHEMBL197669,CHEMBL197669,CCCCc1nc(N)c2nc(-n3nccn3)n(C)c2n1,ST1535,7.97,3,6.37,8.18,IC50;Ki,B;F,cell-based format,cell_based,9,D,2005;2013,1
CHEMBL197682,CHEMBL197682,Cc1cc2c(nc(-n3nccn3)n2C)c(N)n1,,6.92,1,6.92,6.92,Ki,B,cell-based format,cell_based,9,D,2005,
CHEMBL198191,CHEMBL198191,CCn1c(=O)c2[nH]c(-c3ccc(OCC(=O)O)cc3)cc2n(CCCOC)c1=O,,6.03,1,6.03,6.03,Ki,B,single protein format,single_protein,9,D,2006,
CHEMBL198200,CHEMBL198200,Cn1c(-n2nccn2)nc2c(N)nccc21,,7.29,1,7.29,7.29,Ki,B,cell-based format,cell_based,9,D,2005,
CHEMBL198243,CHEMBL198243,CCCn1c(=O)n(C)c(=O)c2[nH]c(-c3ccc(OCC(=O)O)cc3)cc21,,6.11,1,6.11,6.11,Ki,B,single protein format,single_protein,9,D,2006,
CHEMBL198294,CHEMBL198294,CCCn1c(=O)c2[nH]c(-c3ccc(OCC(=O)Nc4ccc(C5=NC(C)(C)CO5)cc4)cc3)cc2n(CCC)c1=O,,7.04,1,7.04,7.04,Ki,B,single protein format,single_protein,9,D,2006,
CHEMBL198338,CHEMBL198338,CCCn1c(=O)c2[nH]c(-c3ccc(OC(CC)C(=O)Nc4ccccc4)cc3)cc2n(CCC)c1=O,,7.59,1,7.59,7.59,Ki,B,single protein format,single_protein,9,D,2006,
CHEMBL198461,CHEMBL198461,CCc1nc2c([nH]1)c1nc(CC)[nH]c1c1nc(CC)[nH]c21,,6.14,1,6.14,6.14,Ki,B,cell-based format,cell_based,9,D,2005,
CHEMBL198779,CHEMBL198779,Cc1cccc2[nH]c(-c3cnc4ccccc4n3)nc12,,6.08,1,6.08,6.08,Ki,B,cell-based format,cell_based,9,D,2005,
CHEMBL198874,CHEMBL198874,Cc1ccc2c(O)c(CC(=O)NCc3ccccc3)cnc2n1,,6.06,1,6.06,6.06,Ki,B,assay format,other,9,D,2005,
CHEMBL198942,CHEMBL198942,CCCc1nc(N)c2nc(-n3nccn3)n(C)c2n1,,7.08,1,7.08,7.08,Ki,B,cell-based format,cell_based,9,D,2005,
CHEMBL1990267,CHEMBL1990267,COc1cccc2cc(C(N)=O)c(=N)oc12,,7.1,1,7.1,7.1,Ki,B,cell-based format,cell_based,9,D,2012,
CHEMBL199280,CHEMBL199280,CCCn1c(=O)c2[nH]c(-c3ccc(OCC(=O)c4c(NC(=O)O)n(C)c(=O)n(C)c4=O)cc3)cc2n(CCC)c1=O,,7.1,1,7.1,7.1,Ki,B,single protein format,single_protein,9,D,2006,
CHEMBL199326,CHEMBL199326,CCCn1c(=O)c2[nH]c(-c3ccc(OCC(=O)Nc4ccc(F)cc4)cc3)c(Cl)c2n(CCC)c1=O,,7.39,1,7.39,7.39,Ki,B,single protein format,single_protein,9,D,2006,
CHEMBL199327,CHEMBL199327,CCCn1c(=O)c2[nH]c(-c3ccc(OCC(=O)Nc4ccccc4)cc3)c(Cl)c2n(CCC)c1=O,,7.13,1,7.13,7.13,Ki,B,single protein format,single_protein,9,D,2006,
CHEMBL199330,CHEMBL199330,Cn1c(=O)c2[nH]c(-c3cccc(OCC(=O)Nc4ccccc4)c3)cc2n(C)c1=O,,6.69,1,6.69,6.69,Ki,B,single protein format,single_protein,9,D,2006,
CHEMBL199353,CHEMBL199353,COc1cc(-c2cc3c([nH]2)c(=O)n(C)c(=O)n3C)ccc1OCC(=O)Nc1ccc(F)cc1,,7.34,1,7.34,7.34,Ki,B,single protein format,single_protein,9,D,2006,
CHEMBL199354,CHEMBL199354,COc1cc(-c2cc3c([nH]2)c(=O)n(C)c(=O)n3C)ccc1OCC(=O)Nc1ccccc1,,6.52,1,6.52,6.52,Ki,B,single protein format,single_protein,9,D,2006,
CHEMBL199399,CHEMBL199399,CCCn1c(=O)c2[nH]c(-c3ccc(OCC(=O)Nc4ccc(O)cc4)cc3)cc2n(CCC)c1=O,,7.25,1,7.25,7.25,Ki,B,single protein format,single_protein,9,D,2006,
CHEMBL199446,CHEMBL199446,Cn1c(=O)c2[nH]c(-c3ccc(OCC(=O)Nc4ccc(F)cc4)cc3)cc2n(C)c1=O,,7.215,2,7.19,7.24,Kd;Ki,B;F,cell-based format;single protein format,mixed,9,D,2006,
CHEMBL199485,CHEMBL199485,COc1cc(OCC(=O)Nc2ccc(F)cc2)ccc1-c1cc2c([nH]1)c(=O)n(C)c(=O)n2C,,7.02,1,7.02,7.02,Ki,B,single protein format,single_protein,9,D,2006,
CHEMBL199583,CHEMBL199583,CCCn1c(=O)c2[nH]c(-c3ccc(OCC(=O)Nc4ccc(-c5ccccc5)cc4)cc3)cc2n(CCC)c1=O,,7.16,1,7.16,7.16,Ki,B,single protein format,single_protein,9,D,2006,
CHEMBL199611,CHEMBL199611,CC(Oc1ccc(-c2cc3c([nH]2)c(=O)n(C)c(=O)n3C)cc1)C(=O)Nc1ccccc1,,7.32,1,7.32,7.32,Ki,B,single protein format,single_protein,9,D,2006,
CHEMBL199688,CHEMBL199688,Cn1c(=O)c2[nH]c(-c3ccc(OCC(=O)NCc4ccccc4)cc3)cc2n(C)c1=O,,6.74,1,6.74,6.74,Ki,B,single protein format,single_protein,9,D,2006,
CHEMBL199697,CHEMBL199697,CCCn1c(=O)c2[nH]c(-c3ccc(OC(C)C(=O)O)cc3)cc2n(CCC)c1=O,,6.0,1,6.0,6.0,Ki,B,single protein format,single_protein,9,D,2006,
CHEMBL199722,CHEMBL199722,CCCn1c(=O)c2[nH]c(-c3ccc(OCC(=O)Nc4ccc(CC(=O)OCC)cc4)cc3)cc2n(CCC)c1=O,,6.62,1,6.62,6.62,Ki,B,single protein format,single_protein,9,D,2006,
CHEMBL199802,CHEMBL199802,CCCn1c(=O)c2nc(-c3cc(OCC(=O)c4ccc(C(C)=O)cc4)nn3C)[nH]c2n(CCC)c1=O,,7.06,1,7.06,7.06,Ki,B,single protein format,single_protein,9,D,2006,
CHEMBL199826,CHEMBL199826,COc1cccc(CNC(=O)COc2ccc(-c3cc4c([nH]3)c(=O)n(C)c(=O)n4C)cc2)c1,,6.48,1,6.48,6.48,Ki,B,single protein format,single_protein,9,D,2006,
CHEMBL199834,CHEMBL199834,CCCn1c(=O)c2[nH]c(-c3ccc(OCC(=O)Nc4ccc(C(C)=O)cc4)cc3)c(Cl)c2n(CCC)c1=O,,7.07,1,7.07,7.07,Ki,B,single protein format,single_protein,9,D,2006,
CHEMBL199862,CHEMBL199862,O=C(COc1ccc(-c2cc3c([nH]2)c(=O)n(CC2CC2)c(=O)n3CC2CC2)cc1)Nc1ccccc1,,7.81,1,7.81,7.81,Ki,B,single protein format,single_protein,9,D,2006,
CHEMBL199884,CHEMBL199884,Cn1c(=O)c2[nH]c(-c3ccc(OCC(=O)NC4CCc5ccccc54)cc3)cc2n(C)c1=O,,6.67,1,6.67,6.67,Ki,B,single protein format,single_protein,9,D,2006,
CHEMBL199898,CHEMBL199898,CCCn1c(=O)c2[nH]c(-c3ccc(OCC(=O)Nc4ccc(C(=O)OCC)cc4)cc3)cc2n(CCC)c1=O,,7.0,1,7.0,7.0,Ki,B,single protein format,single_protein,9,D,2006,
CHEMBL200072,CHEMBL200072,Cc1ccccc1CNc1nc(Cl)nc2c1ncn2[C@@H]1S[C@H](C(=O)NC2CC2)[C@@H](O)[C@H]1O,,6.7,1,6.7,6.7,Ki,B,cell-based format,cell_based,9,D,2006,
CHEMBL200099,CHEMBL200099,CCNC(=O)[C@H]1S[C@@H](n2cnc3c(NCc4ccccc4C)nc(Cl)nc32)[C@H](O)[C@@H]1O,,6.37,1,6.37,6.37,Ki,B,cell-based format,cell_based,9,D,2006,
CHEMBL200105,CHEMBL200105,Cn1c(=O)c2[nH]c(-c3ccc(OCC(=O)Nc4ccc(CCN)cc4)cc3)cc2n(C)c1=O,,6.78,1,6.78,6.78,Ki,B,single protein format,single_protein,9,D,2006,
CHEMBL200112,CHEMBL200112,CCCn1c(=O)c2[nH]c(-c3ccc(OCC(=O)O)cc3)cc2n(CCC)c1=O,,6.91,1,6.91,6.91,Ki,B,single protein format,single_protein,9,D,2006,
CHEMBL200407,CHEMBL200407,O=C(NC1CCC1)[C@H]1S[C@@H](n2cnc3c(NCc4cccc(I)c4)nc(Cl)nc32)[C@H](O)[C@@H]1O,,6.26,1,6.26,6.26,Ki,B,cell-based format,cell_based,9,D,2006,
CHEMBL200636,CHEMBL200636,c1ccc2nc(-c3nc4ccccc4[nH]3)cnc2c1,,6.25,1,6.25,6.25,Ki,B,cell-based format,cell_based,9,D,2005,
CHEMBL200705,CHEMBL200705,CCNC(=O)[C@H]1S[C@@H](n2cnc3c(NC4CC4)nc(Cl)nc32)[C@H](O)[C@@H]1O,,6.22,1,6.22,6.22,Ki,B,cell-based format,cell_based,9,D,2006,
CHEMBL200732,CHEMBL200732,CNC(=O)[C@H]1S[C@@H](n2cnc3c(NCc4cccc(I)c4)nc(Cl)nc32)[C@H](O)[C@@H]1O,,6.65,1,6.65,6.65,Ki,B,cell-based format,cell_based,9,D,2003,
CHEMBL200835,CHEMBL200835,Nc1nc2ccc(Cl)cc2n2nc(-c3ccccc3)nc12,,6.79,1,6.79,6.79,Ki,B,cell membrane format,other,8,H,2005,
CHEMBL200854,CHEMBL200854,CCNC(=O)[C@H]1S[C@@H](n2cnc3c(NCc4cccc(I)c4)nc(Cl)nc32)[C@H](O)[C@@H]1O,,6.54,1,6.54,6.54,Ki,B,cell-based format,cell_based,9,D,2006,
CHEMBL200967,CHEMBL200967,CCCn1c(=O)c2[nH]c(-c3ccc(OCC(=O)Nc4ccc(NC(C)=O)cc4)cc3)cc2n(CCC)c1=O,,7.2,1,7.2,7.2,Ki,B,single protein format,single_protein,9,D,2006,
CHEMBL201006,CHEMBL201006,CCCn1c(=O)c2[nH]c(-c3ccc(OCC(=O)NCc4ccc(F)cc4)cc3)c(Cl)c2n(CCC)c1=O,,7.31,1,7.31,7.31,Ki,B,single protein format,single_protein,9,D,2006,
CHEMBL201008,CHEMBL201008,CCCn1c(=O)c2[nH]c(-c3ccc(OCC(=O)Nc4ccc(CS(=O)(=O)N5CCCC5)cc4)cc3)cc2n(CCC)c1=O,,7.28,1,7.28,7.28,Ki,B,single protein format,single_protein,9,D,2006,
CHEMBL201022,CHEMBL201022,CCCn1c(=O)c2nc(-c3ccc(OCC(=O)c4ccc(I)cc4)cc3)[nH]c2n(CCC)c1=O,,8.67,1,8.67,8.67,Ki,B,single protein format,single_protein,9,D,2006,
CHEMBL201024,CHEMBL201024,CCCn1c(=O)c2[nH]c(-c3ccc(OCC(=O)Nc4ccc(C=O)cc4)cc3)cc2n(CCC)c1=O,,6.31,1,6.31,6.31,Ki,B,single protein format,single_protein,9,D,2006,
CHEMBL201026,CHEMBL201026,CCCn1c(=O)c2[nH]c(-c3ccc(OCC(=O)c4c(NC(=O)O)[nH]c(=O)n(C)c4=O)cc3)cc2n(CCC)c1=O,,7.8,1,7.8,7.8,Ki,B,single protein format,single_protein,9,D,2006,
CHEMBL201028,CHEMBL201028,CCCn1c(=O)c2[nH]c(-c3ccc(OC(C)C(=O)NCc4ccc(Cl)cc4)cc3)cc2n(CCC)c1=O,,7.33,1,7.33,7.33,Ki,B,single protein format,single_protein,9,D,2006,
CHEMBL201042,CHEMBL201042,CCCn1c(=O)c2[nH]c(-c3ccc(OCC(=O)Nc4ccc(S(=O)(=O)c5ccccc5)cc4)cc3)cc2n(CCC)c1=O,,6.55,1,6.55,6.55,Ki,B,single protein format,single_protein,9,D,2006,
CHEMBL201054,CHEMBL201054,CCCn1c(=O)c2[nH]c(-c3ccc(OCC(=O)Nc4ccc(C)cc4)cc3)c(Cl)c2n(CCC)c1=O,,7.49,1,7.49,7.49,Ki,B,single protein format,single_protein,9,D,2006,
CHEMBL2010872,CHEMBL2010872,CC(C)Cn1c2ccc(Nc3ncccn3)cc2c2c3c(c4c(c21)CCc1nn(C)cc1-4)C(=O)NC3,CEP-11981,6.3,1,6.3,6.3,Ki,B,single protein format,single_protein,8,H,2012,2
CHEMBL201108,CHEMBL201108,CCCn1c(=O)c2[nH]c(-c3ccc(OCC(=O)O)cc3)c(Br)c2n(CCC)c1=O,,6.31,1,6.31,6.31,Ki,B,single protein format,single_protein,9,D,2006,
CHEMBL201127,CHEMBL201127,CCCn1c(=O)c2[nH]c(-c3ccc(OCC(=O)Nc4ccc(F)cc4)cc3)cc2n(C)c1=O,,7.18,1,7.18,7.18,Ki,B,single protein format,single_protein,9,D,2006,
CHEMBL201128,CHEMBL201128,CCCn1c(=O)c2[nH]c(-c3ccc(OC(C)(C)C(=O)Nc4ccc(F)cc4)cc3)cc2n(CCC)c1=O,,7.77,1,7.77,7.77,Ki,B,single protein format,single_protein,9,D,2006,
CHEMBL201145,CHEMBL201145,CCCn1c(=O)c2[nH]c(-c3ccc(OCC(=O)Nc4ccc(Br)cc4)cc3)cc2n(CCC)c1=O,,7.51,1,7.51,7.51,Ki,B,single protein format,single_protein,9,D,2006,
CHEMBL201157,CHEMBL201157,CCCn1c(=O)c2[nH]c(-c3ccc(OC(C)(C)C(=O)Nc4ccccc4)cc3)cc2n(CCC)c1=O,,7.27,1,7.27,7.27,Ki,B,single protein format,single_protein,9,D,2006,
CHEMBL201159,CHEMBL201159,CCCn1c(=O)c2nc(-c3cc(OCC(=O)c4ccc(Br)cc4)nn3C)[nH]c2n(CCC)c1=O,,7.6,1,7.6,7.6,Ki,B,single protein format,single_protein,9,D,2006,
CHEMBL201239,CHEMBL201239,CCCn1c(=O)c2[nH]c(-c3ccc(OCC(=O)Nc4ccc(OC(F)(F)F)cc4)cc3)cc2n(CCC)c1=O,,6.97,1,6.97,6.97,Ki,B,single protein format,single_protein,9,D,2006,
CHEMBL201243,CHEMBL201243,COc1cc(-c2cc3c([nH]2)c(=O)n(C)c(=O)n3C)ccc1OCC(=O)Nc1ccc(Br)cc1,,7.09,1,7.09,7.09,Ki,B,single protein format,single_protein,9,D,2006,
CHEMBL201281,CHEMBL201281,CCCn1c(=O)c2[nH]c(-c3ccc(OCC(=O)Nc4ccc(F)cc4)cc3)cc2n(CCC)c1=O,,7.92,1,7.92,7.92,Ki,B,single protein format,single_protein,9,D,2006,
CHEMBL201293,CHEMBL201293,CCCn1c(=O)c2[nH]c(-c3ccc(N(C=O)CC(=O)Nc4ccc(Br)cc4)cc3)cc2n(CCC)c1=O,,7.45,1,7.45,7.45,Ki,B,single protein format,single_protein,9,D,2006,
CHEMBL201321,CHEMBL201321,CCCn1c(=O)c2[nH]c(-c3ccc(OCC(=O)Nc4ccc(Br)cc4)cc3)c(Cl)c2n(CCC)c1=O,,6.9,1,6.9,6.9,Ki,B,single protein format,single_protein,9,D,2006,
CHEMBL201323,CHEMBL201323,Cn1c(=O)c2[nH]c(-c3ccc(OCC(=O)NCc4ccc(F)cc4)cc3)cc2n(C)c1=O,,7.36,1,7.36,7.36,Ki,B,single protein format,single_protein,9,D,2006,
CHEMBL201329,CHEMBL201329,CCCn1c(=O)c2[nH]c(-c3ccc(OCC(=O)Nc4ncccc4O)cc3)cc2n(CCC)c1=O,,6.49,1,6.49,6.49,Ki,B,single protein format,single_protein,9,D,2006,
CHEMBL201407,CHEMBL201407,CCCn1c(=O)c2nc(-c3ccc(OCC(=O)c4ccc(I)cc4)cn3)[nH]c2n(CCC)c1=O,,7.96,1,7.96,7.96,Ki,B,single protein format,single_protein,9,D,2006,
CHEMBL201447,CHEMBL201447,CCCn1c(=O)c2[nH]c(-c3ccc(OCC(=O)Nc4ccc([N+](C)(C)C)cc4)cc3)cc2n(CCC)c1=O,,6.15,1,6.15,6.15,Ki,B,single protein format,single_protein,9,D,2006,
CHEMBL201493,CHEMBL201493,CCCn1c(=O)c2[nH]c(-c3ccc(OC(CC)C(=O)Nc4ccc(Br)cc4)cc3)cc2n(CCC)c1=O,,7.5,1,7.5,7.5,Ki,B,single protein format,single_protein,9,D,2006,
CHEMBL201496,CHEMBL201496,CCn1c(=O)c2[nH]c(-c3ccc(OCC(=O)Nc4ccc(C#N)cc4)cc3)cc2n(CC)c1=O,,6.92,1,6.92,6.92,Ki,B,single protein format,single_protein,9,D,2006,
CHEMBL201523,CHEMBL201523,CCCn1c(=O)c2[nH]c(-c3ccc(OCC(=O)O)cc3)c(Cl)c2n(CCC)c1=O,,6.4,1,6.4,6.4,Ki,B,single protein format,single_protein,9,D,2006,
CHEMBL201554,CHEMBL201554,COCCCn1c(=O)n(C)c(=O)c2[nH]c(-c3ccc(OCC(=O)Nc4ccccc4)cc3)cc21,,6.92,1,6.92,6.92,Ki,B,single protein format,single_protein,9,D,2006,
CHEMBL201580,CHEMBL201580,COc1cc(OCC(=O)NCc2ccc(Cl)cc2)ccc1-c1cc2c([nH]1)c(=O)n(C)c(=O)n2C,,6.73,1,6.73,6.73,Ki,B,single protein format,single_protein,9,D,2006,
CHEMBL201585,CHEMBL201585,COc1cc(-c2cc3c([nH]2)c(=O)n(C)c(=O)n3C)ccc1OCC(=O)Nc1ccc(C#N)cc1,,6.24,1,6.24,6.24,Ki,B,single protein format,single_protein,9,D,2006,
CHEMBL201594,CHEMBL201594,CCCn1c(=O)c2[nH]c(-c3ccc(OCC(=O)Nc4cc(OC)nc(OC)n4)cc3)cc2n(CCC)c1=O,,7.05,1,7.05,7.05,Ki,B,single protein format,single_protein,9,D,2006,
CHEMBL201595,CHEMBL201595,CCCn1c(=O)c2[nH]c(-c3ccc(OCC(=O)Nc4ccc(C)cn4)cc3)cc2n(CCC)c1=O,,6.56,1,6.56,6.56,Ki,B,single protein format,single_protein,9,D,2006,
CHEMBL201650,CHEMBL201650,CCOC(=O)COc1ccc(-c2cc3c([nH]2)c(=O)n(CC)c(=O)n3CCCOC)cc1,,6.35,1,6.35,6.35,Ki,B,single protein format,single_protein,9,D,2006,
CHEMBL201679,CHEMBL201679,CCCn1c(=O)c2[nH]c(-c3ccc(OCC(=O)Nc4cccc(F)c4)cc3)c(Cl)c2n(CCC)c1=O,,6.61,1,6.61,6.61,Ki,B,single protein format,single_protein,9,D,2006,
CHEMBL201692,CHEMBL201692,CCCn1c(=O)c2nc(-c3cc(OCC(=O)c4ccc(C)cc4)nn3C)[nH]c2n(CCC)c1=O,,7.72,1,7.72,7.72,Ki,B,single protein format,single_protein,9,D,2006,
CHEMBL201706,CHEMBL201706,CNC(=O)[C@H]1S[C@@H](n2cnc3c(NC)nc(Cl)nc32)[C@H](O)[C@@H]1O,,7.7,1,7.7,7.7,Ki,B,cell-based format,cell_based,9,D,2003,
CHEMBL201721,CHEMBL201721,Cn1c(=O)c2[nH]c(-c3ccc(OCC(=O)Nc4ccccc4)cc3)cc2n(C)c1=O,,6.155,2,6.11,6.2,Kd;Ki,B;F,cell-based format;single protein format,mixed,9,D,2006,
CHEMBL201745,CHEMBL201745,Cn1c(=O)c2[nH]c(-c3ccc(OCC(=O)NC4CCCC4)cc3)cc2n(C)c1=O,,6.16,1,6.16,6.16,Ki,B,single protein format,single_protein,9,D,2006,
CHEMBL201749,CHEMBL201749,CCCn1c(=O)c2[nH]c(-c3ccc(OCC(=O)Nc4ccc(C(C)(C)C)cc4)cc3)cc2n(CCC)c1=O,,7.1,1,7.1,7.1,Ki,B,single protein format,single_protein,9,D,2006,
CHEMBL201773,CHEMBL201773,CCCn1c(=O)c2[nH]c(-c3ccc(OCC(=O)NCc4ccccc4)cc3)cc2n(CCC)c1=O,,7.05,1,7.05,7.05,Ki,B,single protein format,single_protein,9,D,2006,
CHEMBL201789,CHEMBL201789,CCCn1c(=O)c2nc(-c3cc(OCC(=O)c4ccc(Br)cc4)n(C)n3)[nH]c2n(CCC)c1=O,,7.03,1,7.03,7.03,Ki,B,single protein format,single_protein,9,D,2006,
CHEMBL201791,CHEMBL201791,CCCn1c(=O)c2[nH]c(-c3ccc(OCC(=O)Nc4ccc(C(N)=O)cc4)cc3)cc2n(CCC)c1=O,,7.62,1,7.62,7.62,Ki,B,single protein format,single_protein,9,D,2006,
CHEMBL201796,CHEMBL201796,Cn1c(=O)c2[nH]c(-c3ccc(OCC(=O)NCc4ccco4)cc3)cc2n(C)c1=O,,6.5,1,6.5,6.5,Ki,B,single protein format,single_protein,9,D,2006,
CHEMBL201895,CHEMBL201895,CCCn1c(=O)c2[nH]c(-c3ccc(OCC(=O)NCc4ccncc4)cc3)cc2n(CCC)c1=O,,6.52,1,6.52,6.52,Ki,B,single protein format,single_protein,9,D,2006,
CHEMBL202189,CHEMBL202189,CCNC(=O)[C@H]1S[C@@H](n2cnc3c(NC4CCCC4)nc(Cl)nc32)[C@H](O)[C@@H]1O,,6.83,1,6.83,6.83,Ki,B,cell-based format,cell_based,9,D,2006,
CHEMBL2021950,CHEMBL2021950,Cc1cc(-c2nnc(N)nc2-c2ccccc2)cc(C)c1O,,8.68,3,8.39,9.8,Kd;Ki,B,assay format;cell-based format;single protein format,mixed,8;9,D;H,2012;2021,
CHEMBL202358,CHEMBL202358,CCCn1c(=O)c2[nH]c(-c3ccc(OCC(=O)Nc4ccc(OC)cc4)cc3)cc2n(CCC)c1=O,,7.7,1,7.7,7.7,Ki,B,single protein format,single_protein,9,D,2006,
CHEMBL202359,CHEMBL202359,CCCn1c(=O)c2[nH]c(-c3ccc(OCC(=O)Nc4ccc(F)cc4)cc3)c(Br)c2n(CCC)c1=O,,7.7,1,7.7,7.7,Ki,B,single protein format,single_protein,9,D,2006,
CHEMBL2024111,CHEMBL2024111,Nc1nnc(-c2cccc(Cl)c2)c(-c2ccccc2)n1,,6.845000000000001,2,6.4,7.29,Kd;Ki,B,cell-based format;single protein format,mixed,8;9,D;H,2012,
CHEMBL2024112,CHEMBL2024112,Nc1nnc(-c2cc(Cl)cc(Cl)c2)c(-c2ccccc2)n1,,7.85,2,7.3,8.4,Kd;Ki,B,cell-based format;single protein format,mixed,8;9,D;H,2012,
CHEMBL2024113,CHEMBL2024113,Cc1cc(C)cc(-c2nnc(N)nc2-c2ccccc2)c1,,6.984999999999999,2,6.3,7.67,Ki,B,assay format;cell-based format,cell_based,9,D,2012;2021,
CHEMBL2024114,CHEMBL2024114,Nc1nnc(-c2ccc(O)c(Cl)c2)c(-c2ccccc2)n1,,9.6,5,8.4,10.39,Kd;Ki,B;F,assay format;cell-based format;single protein format,mixed,8;9,D;H,2012;2018,
CHEMBL2024115,CHEMBL2024115,Cc1cc(-c2nnc(N)nc2-c2ccccc2)cc(C)n1,,8.11,3,7.91,8.9,Kd;Ki,B,assay format;cell-based format;single protein format,mixed,8;9,D;H,2012;2021,
CHEMBL2024116,CHEMBL2024116,Cc1cc(-c2nnc(N)nc2-c2ccc(F)cc2)cc(C)n1,,8.0,6,6.84,9.1,IC50;Kd;Ki,B;F,cell-based format;single protein format,mixed,8;9,D;H,2012;2020,
CHEMBL2024117,CHEMBL2024117,Cc1cc(-c2nnc(N)nc2-c2cc(F)cc(F)c2)cc(C)n1,,7.779999999999999,2,7.56,8.0,Kd;Ki,B,cell-based format;single protein format,mixed,8;9,D;H,2012,
CHEMBL2024118,CHEMBL2024118,Cc1cc(-c2nnc(N)nc2-c2cccc(F)c2)cc(C)n1,,8.24,2,7.98,8.5,Kd;Ki,B,cell-based format;single protein format,mixed,8;9,D;H,2012,
CHEMBL2024119,CHEMBL2024119,Cc1cc(-c2nnc(N)nc2-c2ccccc2)cc(C(F)(F)F)n1,,8.5,3,8.46,8.59,Kd;Ki,B,assay format;cell-based format;single protein format,mixed,8;9,D;H,2012;2021,
CHEMBL2024120,CHEMBL2024120,Cc1cc(-c2nnc(N)nc2-c2ccc(F)cc2)cc(C(F)(F)F)n1,,8.07,3,7.6,8.34,Kd;Ki,B,assay format;cell-based format;single protein format,mixed,8;9,D;H,2012;2021,
CHEMBL202665,CHEMBL202665,CCCn1c(=O)c2[nH]c(-c3ccc(OCC(=O)Nc4ccccc4)cc3)cc2n(CCC)c1=O,,6.65,1,6.65,6.65,Ki,B,single protein format,single_protein,9,D,2006,
CHEMBL202766,CHEMBL202766,CCCn1c(=O)c2[nH]c(-c3ccc(OC(C)C(=O)Nc4ccccc4)cc3)cc2n(CCC)c1=O,,6.98,1,6.98,6.98,Ki,B,single protein format,single_protein,9,D,2006,
CHEMBL202767,CHEMBL202767,CCCn1c(=O)c2[nH]c(-c3ccc(OC(C)C(=O)Nc4ccc(OC)cc4)cc3)cc2n(CCC)c1=O,,7.41,1,7.41,7.41,Ki,B,single protein format,single_protein,9,D,2006,
CHEMBL202828,CHEMBL202828,CC(NC(=O)COc1ccc(-c2cc3c([nH]2)c(=O)n(C)c(=O)n3C)cc1)c1ccccc1,,6.61,1,6.61,6.61,Ki,B,single protein format,single_protein,9,D,2006,
CHEMBL202876,CHEMBL202876,CCN(Cc1ccccc1)C(=O)COc1ccc(-c2cc3c([nH]2)c(=O)n(C)c(=O)n3C)cc1,,6.05,1,6.05,6.05,Ki,B,single protein format,single_protein,9,D,2006,
CHEMBL203030,CHEMBL203030,CCCn1c(=O)c2[nH]c(-c3ccc(OCC(=O)Nc4ccccc4)cc3)c(Br)c2n(CCC)c1=O,,7.37,1,7.37,7.37,Ki,B,single protein format,single_protein,9,D,2006,
CHEMBL203037,CHEMBL203037,CCCn1c(=O)c2[nH]c(-c3ccc(OCC(=O)Nc4ccc(OC)nc4)cc3)cc2n(C)c1=O,,6.88,1,6.88,6.88,Ki,B,single protein format,single_protein,9,D,2006,
CHEMBL203054,CHEMBL203054,Cn1cc2c(nc(NC(=O)Nc3cc4ccccc4o3)n3nc(-c4ccco4)nc23)n1,,7.22,1,7.22,7.22,Ki,B,cell-based format,cell_based,9,D,2006,
CHEMBL203060,CHEMBL203060,Cn1cc2c(nc(NC(=O)Nc3ccc[n+]([O-])c3)n3nc(-c4ccco4)nc23)n1,,7.12,1,7.12,7.12,Ki,B,cell-based format,cell_based,9,D,2006,
CHEMBL2030679,CHEMBL2030679,Cc1ccsc1/C=C/c1nc(N)nc(-c2ccccc2O)n1,,8.46,1,8.46,8.46,Ki,B,cell-based format,cell_based,9,D,2012,
CHEMBL2030686,CHEMBL2030686,CC(=O)Oc1cc(C)c2c(=O)c(-c3nc(C)cs3)coc2c1,,7.484999999999999,2,7.47,7.5,Ki,B,cell-based format,cell_based,9,D,2012;2014,
CHEMBL2030687,CHEMBL2030687,CCCc1cc2c(=O)c(-c3nc(C)cs3)coc2cc1OC(C)=O,,8.51,1,8.51,8.51,Ki,B,cell-based format,cell_based,9,D,2012,
CHEMBL2030688,CHEMBL2030688,CCc1cc2c(=O)c(-c3nc(C)cs3)coc2cc1OCC(=O)OC(C)C,,7.82,1,7.82,7.82,Ki,B,cell-based format,cell_based,9,D,2012,
CHEMBL2030689,CHEMBL2030689,CC(C)c1nc(N)nc(-c2ccccc2O)n1,,7.91,1,7.91,7.91,Ki,B,cell-based format,cell_based,9,D,2012,
CHEMBL2030690,CHEMBL2030690,COC1CCN(c2cccc(-c3nc(N)nc(-c4ccccc4O)n3)c2)CC1,,8.8,1,8.8,8.8,Ki,B,cell-based format,cell_based,9,D,2012,
CHEMBL2030704,CHEMBL2030704,O=c1c(-c2ccco2)nnc2n(-c3ccc(Cl)cc3)c3ccccc3n12,,7.3,1,7.3,7.3,Ki,B,cell-based format,cell_based,9,D,2012,
CHEMBL2030706,CHEMBL2030706,O=c1c(-c2ccco2)nnc2n(CCc3ccccc3)c3ccccc3n12,,7.8,1,7.8,7.8,Ki,B,cell-based format,cell_based,9,D,2012,
CHEMBL203088,CHEMBL203088,CCCn1c(=O)c2[nH]c(-c3ccc(OCC(=O)Nc4ccccc4)cc3)cc2n(C)c1=O,,6.77,1,6.77,6.77,Ki,B,single protein format,single_protein,9,D,2006,
CHEMBL203148,CHEMBL203148,CCCn1c(=O)c2[nH]c(-c3ccc(OCC(=O)Nc4ccc(Cl)cc4)cc3)c(Cl)c2n(CCC)c1=O,,7.05,1,7.05,7.05,Ki,B,single protein format,single_protein,9,D,2006,
CHEMBL203305,CHEMBL203305,Cn1c(=O)c2[nH]c(-c3ccc(OCC(=O)NCc4ccc(Cl)cc4)cc3)cc2n(C)c1=O,,7.69,1,7.69,7.69,Ki,B,single protein format,single_protein,9,D,2006,
CHEMBL203357,CHEMBL203357,CNC(=O)[C@H]1S[C@@H](n2cnc3c(N)nc(Cl)nc32)[C@H](O)[C@@H]1O,,6.8,1,6.8,6.8,Ki,B,cell-based format,cell_based,9,D,2003,
CHEMBL203359,CHEMBL203359,CCCn1c(=O)c2[nH]c(-c3ccc(OCC(=O)Nc4ccccc4Cl)cc3)c(Cl)c2n(CCC)c1=O,,6.58,1,6.58,6.58,Ki,B,single protein format,single_protein,9,D,2006,
CHEMBL203413,CHEMBL203413,CCn1c(=O)c2[nH]c(-c3ccc(OCC(=O)Nc4ccccc4)cc3)cc2n(CC)c1=O,,6.73,1,6.73,6.73,Ki,B,single protein format,single_protein,9,D,2006,
CHEMBL203506,CHEMBL203506,Cc1ccc(NC(=O)Nc2nc3nn(C)cc3c3nc(-c4ccco4)nn23)s1,,6.04,1,6.04,6.04,Ki,B,cell-based format,cell_based,9,D,2006,
CHEMBL534489,CHEMBL203797,Cn1cc2c(nc(NC(=O)Nc3cccnc3)n3nc(-c4ccco4)nc23)n1,,6.855,2,6.81,6.9,Ki,B,cell-based format,cell_based,9,D,2006,
CHEMBL203998,CHEMBL203998,Cn1cc2c(nc(NC(=O)Nc3cccc[n+]3[O-])n3nc(-c4ccco4)nc23)n1,,6.96,1,6.96,6.96,Ki,B,cell-based format,cell_based,9,D,2006,
CHEMBL2042058,CHEMBL2042058,COc1cccc2cc(C(=O)NC3CCCC3)c(=N)oc12,,6.4,1,6.4,6.4,Ki,B,cell-based format,cell_based,9,D,2012,
CHEMBL2042059,CHEMBL2042059,COc1cccc2cc(C(=O)NC3CCCCC3)c(=N)oc12,,6.4,1,6.4,6.4,Ki,B,cell-based format,cell_based,9,D,2012,
CHEMBL2042060,CHEMBL2042060,COc1cccc2cc(C(=O)NCCCNC(=O)c3cc4cccc(OC)c4oc3=N)c(=N)oc12,,6.4,1,6.4,6.4,Ki,B,cell-based format,cell_based,9,D,2012,
CHEMBL2042061,CHEMBL2042061,COc1cccc2cc(C(=O)NCCCN3CCN(CCCNC(=O)c4cc5cccc(OC)c5oc4=N)CC3)c(=N)oc12,,6.5,1,6.5,6.5,Ki,B,cell-based format,cell_based,9,D,2012,
CHEMBL2042062,CHEMBL2042062,COc1cccc2cc(C(=O)NCCCOCCCCOCCCNC(=O)c3cc4cccc(OC)c4oc3=N)c(=N)oc12,,6.4,1,6.4,6.4,Ki,B,cell-based format,cell_based,9,D,2012,
CHEMBL2042072,CHEMBL2042072,COc1cccc2cc(C(=O)NCC(O)c3ccccc3)c(=N)oc12,,6.3,1,6.3,6.3,Ki,B,cell-based format,cell_based,9,D,2012,
CHEMBL2042073,CHEMBL2042073,COc1cccc2cc(C(=O)NCCc3ccc(O)cc3)c(=N)oc12,,6.9,1,6.9,6.9,Ki,B,cell-based format,cell_based,9,D,2012,
CHEMBL2042074,CHEMBL2042074,COc1cccc2cc(C(=O)NCCCO)c(=N)oc12,,6.2,1,6.2,6.2,Ki,B,cell-based format,cell_based,9,D,2012,
CHEMBL2042075,CHEMBL2042075,COc1cccc2cc(C(=O)NCCCCCO)c(=N)oc12,,6.0,1,6.0,6.0,Ki,B,cell-based format,cell_based,9,D,2012,
CHEMBL2042076,CHEMBL2042076,COc1cccc2cc(C(=O)NCCO)c(=N)oc12,,6.0,1,6.0,6.0,Ki,B,cell-based format,cell_based,9,D,2012,
CHEMBL2042077,CHEMBL2042077,COCCNC(=O)c1cc2cccc(OC)c2oc1=N,,6.3,1,6.3,6.3,Ki,B,cell-based format,cell_based,9,D,2012,
CHEMBL2042080,CHEMBL2042080,COc1cccc2cc(C(=O)Nc3c(C#N)ncn3-c3ccccc3)c(=N)oc12,,6.0,1,6.0,6.0,Ki,B,cell-based format,cell_based,9,D,2012,
CHEMBL2042081,CHEMBL2042081,COc1cccc2cc(C(=O)Nc3c(C#N)ncn3-c3ccc(F)cc3)c(=N)oc12,,6.2,1,6.2,6.2,Ki,B,cell-based format,cell_based,9,D,2012,
CHEMBL2042091,CHEMBL2042091,COC(=O)/C(C#N)=C/c1cccc(OC)c1O,,6.5,1,6.5,6.5,Ki,B,cell-based format,cell_based,9,D,2012,
CHEMBL2042297,CHEMBL2042297,CCNC(=O)[C@H]1O[C@@H](n2cnc3c(N)nc(F)nc32)[C@H](O)[C@@H]1O,,8.25,1,8.25,8.25,EC50,F,cell-based format,cell_based,9,D,2012,
CHEMBL2042298,CHEMBL2042298,CCNC(=O)[C@H]1O[C@@H](n2cnc3c(N)nc(NCCc4ccccc4)nc32)[C@H](O)[C@@H]1O,,7.92,1,7.92,7.92,EC50,F,cell-based format,cell_based,9,D,2012,
CHEMBL2042299,CHEMBL2042299,CCNC(=O)[C@H]1O[C@@H](n2cnc3c(N)nc(NCCc4ccc(N)cc4)nc32)[C@H](O)[C@@H]1O,,7.85,1,7.85,7.85,EC50,F,cell-based format,cell_based,9,D,2012,
CHEMBL2042300,CHEMBL2042300,CCNC(=O)[C@H]1O[C@@H](n2cnc3c(N)nc(NCCc4ccc(Br)cc4)nc32)[C@H](O)[C@@H]1O,,7.38,1,7.38,7.38,EC50,F,cell-based format,cell_based,9,D,2012,
CHEMBL2042301,CHEMBL2042301,CCNC(=O)[C@H]1O[C@@H](n2cnc3c(N)nc(NCCc4ccc(NC(=O)c5cc(C(C)(C)C)cc(C(C)(C)C)c5)cc4)nc32)[C@H](O)[C@@H]1O,,7.35,1,7.35,7.35,EC50,F,cell-based format,cell_based,9,D,2012,
CHEMBL2042302,CHEMBL2042302,CCNC(=O)[C@H]1O[C@@H](n2cnc3c(N)nc(NCCc4ccc(NC(=O)c5cc(C(C)(C)C)c(O)c(C(C)(C)C)c5)cc4)nc32)[C@H](O)[C@@H]1O,,7.85,1,7.85,7.85,EC50,F,cell-based format,cell_based,9,D,2012,
CHEMBL2042303,CHEMBL2042303,CCNC(=O)[C@H]1O[C@@H](n2cnc3c(N)nc(NCCc4ccc(NC(=O)CCCC[C@H]5CCSS5)cc4)nc32)[C@H](O)[C@@H]1O,,8.18,1,8.18,8.18,EC50,F,cell-based format,cell_based,9,D,2012,
CHEMBL2042304,CHEMBL2042304,CCNC(=O)[C@H]1O[C@@H](n2cnc3c(NCC(c4ccccc4)c4ccccc4)nc(F)nc32)[C@H](O)[C@@H]1O,,9.07,1,9.07,9.07,EC50,F,cell-based format,cell_based,9,D,2012,
CHEMBL2042305,CHEMBL2042305,CCNC(=O)[C@H]1O[C@@H](n2cnc3c(NCC(c4ccccc4)c4ccccc4)nc(NCCc4ccccc4)nc32)[C@H](O)[C@@H]1O,,7.18,1,7.18,7.18,EC50,F,cell-based format,cell_based,9,D,2012,
CHEMBL2042306,CHEMBL2042306,CCNC(=O)[C@H]1O[C@@H](n2cnc3c(NCC(c4ccccc4)c4ccccc4)nc(NCCc4ccc(N)cc4)nc32)[C@H](O)[C@@H]1O,,8.2,1,8.2,8.2,EC50,F,cell-based format,cell_based,9,D,2012,
CHEMBL2042307,CHEMBL2042307,CCNC(=O)[C@H]1O[C@@H](n2cnc3c(NCC(c4ccccc4)c4ccccc4)nc(NCCc4ccc(Br)cc4)nc32)[C@H](O)[C@@H]1O,,7.51,1,7.51,7.51,EC50,F,cell-based format,cell_based,9,D,2012,
CHEMBL2042308,CHEMBL2042308,CCNC(=O)[C@H]1O[C@@H](n2cnc3c(NCC(c4ccccc4)c4ccccc4)nc(NCCc4ccc(NC(=O)c5cc(C(C)(C)C)cc(C(C)(C)C)c5)cc4)nc32)[C@H](O)[C@@H]1O,,6.44,1,6.44,6.44,EC50,F,cell-based format,cell_based,9,D,2012,
CHEMBL2042309,CHEMBL2042309,CCNC(=O)[C@H]1O[C@@H](n2cnc3c(NCC(c4ccccc4)c4ccccc4)nc(NCCc4ccc(NC(=O)c5cc(C(C)(C)C)c(O)c(C(C)(C)C)c5)cc4)nc32)[C@H](O)[C@@H]1O,,6.15,1,6.15,6.15,EC50,F,cell-based format,cell_based,9,D,2012,
CHEMBL2042310,CHEMBL2042310,CCNC(=O)[C@H]1O[C@@H](n2cnc3c(NCC(c4ccccc4)c4ccccc4)nc(NCCc4ccc(NC(=O)CCCC[C@H]5CCSS5)cc4)nc32)[C@H](O)[C@@H]1O,,7.05,1,7.05,7.05,EC50,F,cell-based format,cell_based,9,D,2012,
CHEMBL2042311,CHEMBL2042311,CNC(=O)[C@H]1O[C@@H](n2cnc3c(NCC(c4ccccc4)c4ccccc4)nc(F)nc32)[C@H](O)[C@@H]1O,,8.7,1,8.7,8.7,EC50,F,cell-based format,cell_based,9,D,2012,
CHEMBL2043295,CHEMBL2043295,Nc1nc(SCCc2ccc(S(=O)(=O)O)cc2)nc2c1ncn2[C@@H]1O[C@H](CO)[C@@H](O)[C@H]1O,,6.6850000000000005,2,6.44,6.93,EC50;Ki,B;F,cell-based format;single protein format,mixed,9,D,2011,
CHEMBL20445,CHEMBL20445,CSc1c2c(nc(N)n3nc(-c4ccco4)nc23)nn1CCCc1ccccc1,,7.66,1,7.66,7.66,Ki,B,cell-based format,cell_based,8,H,2003,
CHEMBL204526,CHEMBL204526,CCNC(=O)[C@H]1O[C@@H](n2cnc3c(NCC)nc(C#CC(O)C4CCCCC4)nc32)[C@H](O)[C@@H]1O,,7.23,1,7.23,7.23,Ki,B,cell-based format,cell_based,9,D,2006,
CHEMBL204527,CHEMBL204527,CCNC(=O)[C@H]1O[C@@H](n2cnc3c(NCC)nc(C#CC(O)c4ccccc4)nc32)[C@H](O)[C@@H]1O,,6.89,1,6.89,6.89,Ki,B,cell-based format,cell_based,9,D,2006,
CHEMBL204634,CHEMBL204634,CCCCC#Cc1nc(NCC)c2ncn([C@@H]3O[C@H](C(=O)NCC)[C@@H](O)[C@H]3O)c2n1,,6.26,1,6.26,6.26,Ki,B,cell-based format,cell_based,9,D,2006,
CHEMBL204753,CHEMBL204753,Cc1sccc1NC(=O)Nc1nc2nn(C)cc2c2nc(-c3ccco3)nn12,,6.39,1,6.39,6.39,Ki,B,cell-based format,cell_based,9,D,2006,
CHEMBL204780,CHEMBL204780,CC(C)c1nc2[nH]c(-c3ccccc3)nc(-c3ccccc3)c-2n1,,6.83,1,6.83,6.83,Ki,B,cell-based format,cell_based,9,D,2006,
CHEMBL205194,CHEMBL205194,Cc1ccc(-c2nc(-c3ccccc3)c3[nH]cnc3n2)cc1,,6.54,1,6.54,6.54,Ki,B,cell-based format,cell_based,9,D,2006,
CHEMBL205327,CHEMBL205327,CCNC(=O)[C@H]1O[C@@H](n2cnc3c(NCC)nc(C#CC(O)c4ccccc4OC)nc32)[C@H](O)[C@@H]1O,,6.3,1,6.3,6.3,Ki,B,cell-based format,cell_based,9,D,2006,
CHEMBL205531,CHEMBL205531,CCNC(=O)[C@H]1O[C@@H](n2cnc3c(NCC)nc(C#CC4(O)CCCCC4)nc32)[C@H](O)[C@@H]1O,,6.46,1,6.46,6.46,Ki,B,cell-based format,cell_based,9,D,2006,
CHEMBL554955,CHEMBL20555,CCNc1c2c(nc(NC(=O)Nc3ccc(OC)cc3)n3nc(-c4ccco4)nc23)nn1C,,7.68,3,7.21,7.8,IC50;Ki,B;F,assay format;cell-based format,cell_based,8;9,D;H,2003,
CHEMBL205586,CHEMBL205586,Clc1ccc(-c2nc(-c3ccccc3)c3[nH]cnc3n2)cc1,,6.5,1,6.5,6.5,Ki,B,cell-based format,cell_based,9,D,2006,
CHEMBL205768,CHEMBL205768,CCNC(=O)[C@H]1O[C@@H](n2cnc3c(NCC)nc(C#CC4(O)CCCC4)nc32)[C@H](O)[C@@H]1O,,6.03,1,6.03,6.03,Ki,B,cell-based format,cell_based,9,D,2006,
CHEMBL205788,CHEMBL205788,CCCCCCC#Cc1nc(NCC)c2ncn([C@@H]3O[C@H](C(=O)NCC)[C@@H](O)[C@H]3O)c2n1,,6.24,1,6.24,6.24,Ki,B,cell-based format,cell_based,9,D,2006,
CHEMBL205850,CHEMBL205850,CCNC(=O)[C@H]1O[C@@H](n2cnc3c(NCC)nc(C#CC(O)c4ccccc4[N+](=O)[O-])nc32)[C@H](O)[C@@H]1O,,6.43,1,6.43,6.43,Ki,B,cell-based format,cell_based,9,D,2006,
CHEMBL2070398,CHEMBL2070398,Nc1ncnc2c1ncn2[C@@H]1O[C@H](C(=O)NCC(F)(F)F)[C@@H](O)[C@H]1O,,6.75,1,6.75,6.75,Ki,B,cell-based format,cell_based,9,D,2012,
CHEMBL2070507,CHEMBL2070507,Nc1ncnc2c1ncn2[C@@H]1O[C@H](C(=O)NC2CCC2)[C@@H](O)[C@H]1O,,7.52,2,7.47,7.57,EC50;Ki,B;F,cell-based format,cell_based,9,D,2012,
CHEMBL2070508,CHEMBL2070508,Nc1ncnc2c1ncn2[C@@H]1O[C@H](C(=O)NC2CCCC2)[C@@H](O)[C@H]1O,,6.42,2,6.19,6.65,EC50;Ki,B;F,cell-based format,cell_based,9,D,2012,
CHEMBL2070717,CHEMBL2070717,Cc1cc(NC(=O)CSc2nc3ccccc3c3nc4ccccc4n23)n[nH]1,,6.2,1,6.2,6.2,Ki,B,cell-based format,cell_based,9,D,2012,
CHEMBL2070719,CHEMBL2070719,Cc1n[nH]c(C)c1S(=O)(=O)N1CCC(C(=O)Nc2nc3c(C)cccc3s2)CC1,,6.0,1,6.0,6.0,Ki,B,cell-based format,cell_based,9,D,2012,
CHEMBL2070727,CHEMBL2070727,COCC1=CC(O)N=C(Nc2nc(C)c3ccccc3n2)N1,,6.2,1,6.2,6.2,Ki,B,cell-based format,cell_based,9,D,2012,
CHEMBL2070884,CHEMBL2070884,C#CCN1CCC(NC(=O)Nc2nc3nn(C)cc3c3nc(-c4ccco4)nn23)CC1,,6.1,1,6.1,6.1,Ki,B,cell-based format,cell_based,9,D,2012,
CHEMBL2070886,CHEMBL2070886,Cn1cc2c(nc(NC(=O)NC3CCN(Cc4ccccc4)CC3)n3nc(-c4ccco4)nc23)n1,,6.28,1,6.28,6.28,Ki,B,cell-based format,cell_based,9,D,2012,
CHEMBL207434,CHEMBL207434,CCCn1c(=O)c2nc(-c3cnn(Cc4ccc(C(F)(F)F)cc4)c3)[nH]c2n(CCC)c1=O,,6.82,1,6.82,6.82,Ki,B,cell-based format,cell_based,9,D,2006,
CHEMBL207524,CHEMBL207524,CCCn1c(=O)c2nc(-c3cnn(Cc4ccc(C)cc4)c3)[nH]c2n(CCC)c1=O,,7.1,1,7.1,7.1,Ki,B,cell-based format,cell_based,9,D,2006,
CHEMBL207529,CHEMBL207529,c1ccc(-c2nc(-c3ccccc3)c3nc(C4CCCCC4)nc-3[nH]2)cc1,,6.93,1,6.93,6.93,Ki,B,cell-based format,cell_based,9,D,2006,
CHEMBL207824,CHEMBL207824,c1ccc(-c2nc(-c3ccccc3)c3nc(C4CCCC4)nc-3[nH]2)cc1,,7.26,1,7.26,7.26,Ki,B,cell-based format,cell_based,9,D,2006,
CHEMBL208110,CHEMBL208110,CCCn1c(=O)c2nc(-c3cnn(Cc4ccccc4C(F)(F)F)c3)[nH]c2n(CCC)c1=O,,6.64,1,6.64,6.64,Ki,B,cell-based format,cell_based,9,D,2006,
CHEMBL208160,CHEMBL208160,CCNC(=O)[C@H]1O[C@@H](n2cnc3c(NCC)nc(C#CC(O)C4CCCC4)nc32)[C@H](O)[C@@H]1O,,6.82,1,6.82,6.82,Ki,B,cell-based format,cell_based,9,D,2006,
CHEMBL208238,CHEMBL208238,CCCCC[C@@H](O)C#Cc1nc(NCC)c2ncn([C@@H]3O[C@H](C(=O)NCC)[C@@H](O)[C@H]3O)c2n1,,6.17,1,6.17,6.17,Ki,B,cell-based format,cell_based,9,D,2006,
CHEMBL208264,CHEMBL208264,CCNC(=O)[C@H]1O[C@@H](n2cnc3c(NCC)nc(C#CCCO)nc32)[C@H](O)[C@@H]1O,,6.19,1,6.19,6.19,Ki,B,cell-based format,cell_based,9,D,2006,
CHEMBL208311,CHEMBL208311,CCNC(=O)[C@H]1O[C@@H](n2cnc3c(NCC)nc(C#CCCCc4ccccc4)nc32)[C@H](O)[C@@H]1O,,6.49,1,6.49,6.49,Ki,B,cell-based format,cell_based,9,D,2006,
CHEMBL208824,CHEMBL208824,Cn1c(=O)c2nc(-c3cnn(Cc4cccc(C(F)(F)F)c4)c3)[nH]c2n(C)c1=O,,6.16,1,6.16,6.16,Ki,B,cell-based format,cell_based,9,D,2006,
CHEMBL20888,CHEMBL20888,CCNc1c2c(nc(N)n3nc(-c4ccco4)nc23)nn1C,,8.0,3,7.32,8.0,IC50;Ki,B;F,assay format;cell-based format,cell_based,8;9,D;H,2003,
CHEMBL2089341,CHEMBL2089341,O[C@@H]1[C@H](O)[C@@H]2C[C@@H]2[C@H]1n1cnc2c(NCc3cccc(Cl)c3)nc(C#Cc3ccccc3)nc21,,6.17,1,6.17,6.17,Ki,B,cell-based format,cell_based,9,D,2012,
CHEMBL209174,CHEMBL209174,CCCn1c(=O)c2nc(-c3cnn(Cc4cc(Cl)ccc4Cl)c3)[nH]c2n(CCC)c1=O,,7.16,1,7.16,7.16,Ki,B,cell-based format,cell_based,9,D,2006,
CHEMBL209217,CHEMBL209217,CCCn1c(=O)c2nc(-c3cnn(CCc4ccccc4)c3)[nH]c2n(CCC)c1=O,,6.24,1,6.24,6.24,Ki,B,cell-based format,cell_based,9,D,2006,
CHEMBL209230,CHEMBL209230,CCCn1c(=O)[nH]c2[nH]c(-c3ccc(S(=O)(=O)NCc4ccccc4)cc3)nc2c1=O,,6.79,1,6.79,6.79,Ki,B,cell-based format,cell_based,9,D,2006,
CHEMBL2092786,CHEMBL2092786,CNc1nc(C#CC(O)c2ccccc2)nc2c1ncn2[C@@H]1O[C@H](CO)[C@@H](O)[C@H]1O,,6.56,1,6.56,6.56,Ki,B,cell-based format,cell_based,8,H,2002,
CHEMBL2092787,CHEMBL2092787,CC(C)Nc1nc(C#CC(O)c2ccccc2)nc2c1ncn2[C@@H]1O[C@H](CO)[C@@H](O)[C@H]1O,,7.02,1,7.02,7.02,Ki,B,cell-based format,cell_based,8,H,2002,
CHEMBL2092788,CHEMBL2092788,CCNc1nc(C#CC(O)c2ccccc2)nc2c1ncn2[C@@H]1O[C@H](CO)[C@@H](O)[C@H]1O,,7.03,1,7.03,7.03,Ki,B,cell-based format,cell_based,8,H,2002,
CHEMBL2092941,CHEMBL2092941,Nc1nc(C#CC(O)c2ccccc2)nc2c1ncn2[C@@H]1O[C@H](CO)[C@@H](O)[C@H]1O,,8.15,1,8.15,8.15,Ki,B,cell-based format,cell_based,8,H,2002,
CHEMBL2094083,CHEMBL2094083,CCNC(=O)[C@H]1O[C@@H](n2cnc3c(N)nc(C#CC(O)c4ccccc4)nc32)[C@H](O)[C@@H]1O,,8.51,1,8.51,8.51,Ki,B,cell-based format,cell_based,8,H,2002,
CHEMBL2094089,CHEMBL2094089,COc1cc(OC)cc(C(CNc2ncnc3c2ncn3[C@@H]2O[C@H](CO)[C@@H](O)[C@H]2O)c2ccccc2C)c1,,7.45,3,7.42,7.72,Ki,B,cell-based format,cell_based,9,D,1997,
CHEMBL2096798,CHEMBL2096798,CCn1nnc([C@H]2O[C@@H](n3cnc4c(N)nc(N[C@H](C)Cc5ccc(OC)cc5)nc43)[C@H](O)[C@@H]2O)n1,,8.59,4,8.28,9.0,EC50;Ki,B;F,cell-based format,cell_based,9,D,2004;2015,
CHEMBL209831,CHEMBL209831,CCCn1c(=O)c2nc(-c3cnn(-c4ccccc4)c3)[nH]c2n(CCC)c1=O,,6.25,1,6.25,6.25,Ki,B,cell-based format,cell_based,9,D,2006,
CHEMBL210150,CHEMBL210150,CCCn1c(=O)c2nc(-c3cnn(Cc4cccc(OC)c4)c3)[nH]c2n(CCC)c1=O,,7.16,1,7.16,7.16,Ki,B,cell-based format,cell_based,9,D,2006,
CHEMBL210212,CHEMBL210212,CCCn1c(=O)c2nc(-c3cnn(Cc4ccc(F)c(F)c4)c3)[nH]c2n(CCC)c1=O,,6.55,1,6.55,6.55,Ki,B,cell-based format,cell_based,9,D,2006,
CHEMBL210213,CHEMBL210213,CCCn1c(=O)c2nc(-c3cnn(Cc4cccc(Cl)c4F)c3)[nH]c2n(CCC)c1=O,,6.06,1,6.06,6.06,Ki,B,cell-based format,cell_based,9,D,2006,
CHEMBL210271,CHEMBL210271,CCn1c(=O)c2nc(-c3cnn(Cc4ccccc4)c3)[nH]c2n(CC)c1=O,,6.92,1,6.92,6.92,Ki,B,cell-based format,cell_based,9,D,2006,
CHEMBL210319,CHEMBL210319,CCCn1c(=O)c2nc(-c3cnn(CCCc4ccccc4)c3)[nH]c2n(CCC)c1=O,,6.66,1,6.66,6.66,Ki,B,cell-based format,cell_based,9,D,2006,
CHEMBL2105747,CHEMBL2105747,COc1ccc(N2CCOCC2)c2sc(NC(=O)N3CCC(C)(O)CC3)nc12,TOZADENANT,8.355,6,7.96,9.52,Ki,B;F,cell membrane format;cell-based format;single protein format,mixed,9,D,2014;2017;2020;2021;2022,3
CHEMBL210585,CHEMBL210585,Cn1c(=O)c2nc(-c3ccc(S(=O)(=O)NCCc4ccccc4)cc3)[nH]c2n(C)c1=O,,7.49,1,7.49,7.49,Ki,B,cell-based format,cell_based,9,D,2006,
CHEMBL210609,CHEMBL210609,CCCn1c(=O)c2nc(-c3cnn(Cc4cccc(C)c4F)c3)[nH]c2n(CCC)c1=O,,6.34,1,6.34,6.34,Ki,B,cell-based format,cell_based,9,D,2006,
CHEMBL210649,CHEMBL210649,CCCn1c(=O)c2nc(-c3cnn(Cc4ccccc4F)c3)[nH]c2n(CCC)c1=O,,7.22,1,7.22,7.22,Ki,B,cell-based format,cell_based,9,D,2006,
CHEMBL210683,CHEMBL210683,CCCn1c(=O)c2nc(-c3cnn(Cc4ccc(OC)cc4)c3)[nH]c2n(CCC)c1=O,,7.21,1,7.21,7.21,Ki,B,cell-based format,cell_based,9,D,2006,
CHEMBL210747,CHEMBL210747,CCCn1c(=O)c2nc(-c3cnn(Cc4ccccc4C)c3)[nH]c2n(CCC)c1=O,,7.29,1,7.29,7.29,Ki,B,cell-based format,cell_based,9,D,2006,
CHEMBL210808,CHEMBL210808,CCn1c(=O)c2nc(-c3cnn(Cc4cccc(C(F)(F)F)c4)c3)[nH]c2n(CC)c1=O,,6.35,1,6.35,6.35,Ki,B,cell-based format,cell_based,9,D,2006,
CHEMBL210938,CHEMBL210938,CCCn1c(=O)c2nc(-c3cnn(Cc4cccc(Cl)c4)c3)[nH]c2n(CCC)c1=O,,7.1,1,7.1,7.1,Ki,B,cell-based format,cell_based,9,D,2006,
CHEMBL2112948,CHEMBL2112948,N/C(=N\O)c1ccc(CCn2ncc3c2nc(N)n2nc(-c4ccco4)nc32)cc1,,9.74,1,9.74,9.74,Ki,B,cell-based format,cell_based,9,D,2002,
CHEMBL2113095,CHEMBL2113095,N#Cc1cccc(-c2nc(Nc3cnccn3)sc2-n2ccnc2)c1,,6.46,1,6.46,6.46,Ki,B,cell-based format,cell_based,9,D,2005,
CHEMBL2113270,CHEMBL2113270,Cc1ccc(S(=O)(=O)n2cc(CCOc3nc(NC(=N)N)c4ncn([C@@H]5O[C@H](CO)[C@@H](O)[C@H]5O)c4n3)c3ccccc32)cc1,,6.46,1,6.46,6.46,Ki,B,cell-based format,cell_based,9,D,2007,
CHEMBL2113271,CHEMBL2113271,N=C(N)Nc1nc(OCCc2c[nH]c3ccccc23)nc2c1ncn2[C@@H]1O[C@H](CO)[C@@H](O)[C@H]1O,,6.56,1,6.56,6.56,Ki,B,cell-based format,cell_based,9,D,2007,
CHEMBL2113418,CHEMBL2113418,CCNC(=O)[C@H]1O[C@@H](n2cnc3c(N)ncnc32)[C@](C)(O)[C@@H]1O,,6.66,1,6.66,6.66,Ki,B,assay format,other,8,H,1998,
CHEMBL2113444,CHEMBL2113444,CCNC(=O)/N=N/Nc1nc(N)c2ncn([C@@H]3O[C@H](CO)[C@@H](O)[C@H]3O)c2n1,,7.72,1,7.72,7.72,Ki,B,single protein format,single_protein,9,D,2003,
CHEMBL2113445,CHEMBL2113445,Nc1nc(/N=N/NC(=O)Nc2ccccc2Cl)nc2c1ncn2[C@@H]1O[C@H](CO)[C@@H](O)[C@H]1O,,7.35,1,7.35,7.35,Ki,B,single protein format,single_protein,8,H,2003,
CHEMBL2113446,CHEMBL2113446,Nc1nc(/N=N/NC(=O)NCc2ccccc2)nc2c1ncn2[C@@H]1O[C@H](CO)[C@@H](O)[C@H]1O,,7.6,1,7.6,7.6,Ki,B,single protein format,single_protein,8,H,2003,
CHEMBL2113451,CHEMBL2113451,NC(=O)/N=N/Nc1nc(N)c2ncn([C@@H]3O[C@H](CO)[C@@H](O)[C@H]3O)c2n1,,7.06,1,7.06,7.06,Ki,B,single protein format,single_protein,9,D,2003,
CHEMBL2113452,CHEMBL2113452,Nc1nc(/N=N/NC(=O)NC2CCCCC2)nc2c1ncn2[C@@H]1O[C@H](CO)[C@@H](O)[C@H]1O,,7.6,1,7.6,7.6,Ki,B,single protein format,single_protein,9,D,2003,
CHEMBL2113453,CHEMBL2113453,Nc1nc(/N=N/NC(=O)c2ccccc2)nc2c1ncn2[C@@H]1O[C@H](CO)[C@@H](O)[C@H]1O,,6.0,1,6.0,6.0,Ki,B,single protein format,single_protein,9,D,2003,
CHEMBL2113454,CHEMBL2113454,Nc1nc(/N=N/NC(=O)Nc2nccs2)nc2c1ncn2[C@@H]1O[C@H](CO)[C@@H](O)[C@H]1O,,7.6,1,7.6,7.6,Ki,B,single protein format,single_protein,8,H,2003,
CHEMBL2113455,CHEMBL2113455,COc1ccc(NC(=O)/N=N/Nc2nc(N)c3ncn([C@@H]4O[C@H](CO)[C@@H](O)[C@H]4O)c3n2)cc1,,7.6,1,7.6,7.6,Ki,B,single protein format,single_protein,8,H,2003,
CHEMBL2113456,CHEMBL2113456,O=C(N/N=N/c1nc(NCC(c2ccccc2)c2ccccc2)c2ncn([C@@H]3O[C@H](CO)[C@@H](O)[C@H]3O)c2n1)Nc1ccccc1,,6.01,1,6.01,6.01,Ki,B,single protein format,single_protein,8,H,2003,
CHEMBL2113457,CHEMBL2113457,O=C(N/N=N/c1nc(NC2CCCC2)c2ncn([C@@H]3O[C@H](CO)[C@@H](O)[C@H]3O)c2n1)Nc1ccccc1,,6.68,1,6.68,6.68,Ki,B,single protein format,single_protein,8,H,2003,
CHEMBL2113458,CHEMBL2113458,COc1ccccc1NC(=O)/N=N/Nc1nc(N)c2ncn([C@@H]3O[C@H](CO)[C@@H](O)[C@H]3O)c2n1,,6.9,1,6.9,6.9,Ki,B,single protein format,single_protein,8,H,2003,
CHEMBL2113460,CHEMBL2113460,Nc1nc(/N=N/NC(=O)Nc2ccccc2)nc2c1ncn2[C@@H]1O[C@H](CO)[C@@H](O)[C@H]1O,,7.6,1,7.6,7.6,Ki,B,single protein format,single_protein,9,D,2003,
CHEMBL2113461,CHEMBL2113461,O=C(N/N=N/c1nc(Nc2ccccc2)c2ncn([C@@H]3O[C@H](CO)[C@@H](O)[C@H]3O)c2n1)Nc1ccccc1,,7.61,1,7.61,7.61,Ki,B,single protein format,single_protein,8,H,2003,
CHEMBL2113463,CHEMBL2113463,Nc1nc(/N=N/c2ccccc2)nc2c1ncn2[C@@H]1O[C@H](CO)[C@@H](O)[C@H]1O,,6.75,1,6.75,6.75,Ki,B,single protein format,single_protein,9,D,2003,
CHEMBL2113464,CHEMBL2113464,Nc1nc(N=O)nc2c1ncn2[C@@H]1O[C@H](CO)[C@@H](O)[C@H]1O,,6.14,1,6.14,6.14,Ki,B,single protein format,single_protein,9,D,2003,
CHEMBL2113496,CHEMBL2113496,CCCCCCC#Cc1nc(N)c2ncn([C@@H]3O[C@H](CO)[C@@H](O)[C@H]3O)c2n1,,7.5,1,7.5,7.5,Ki,B,single protein format,single_protein,9,D,2016,
CHEMBL2113595,CHEMBL2113595,CCCCC#Cc1nc(N)c2ncn([C@@H]3O[C@H](CSC)[C@@H](O)[C@H]3O)c2n1,,6.16,1,6.16,6.16,EC50,F,cell-based format,cell_based,8,H,2002,
CHEMBL2113604,CHEMBL2113604,CCCCC#Cc1nc(N)c2ncn([C@@H]3O[C@H](CSCCC)[C@@H](O)[C@H]3O)c2n1,,6.1,1,6.1,6.1,EC50,F,cell-based format,cell_based,8,H,2002,
CHEMBL2113605,CHEMBL2113605,CCCCC#Cc1nc(N)c2ncn([C@@H]3O[C@H](CSCC)[C@@H](O)[C@H]3O)c2n1,,6.3,1,6.3,6.3,EC50,F,cell-based format,cell_based,8,H,2002,
CHEMBL211521,CHEMBL211521,CCCn1c(=O)[nH]c2[nH]c(-c3ccc(S(=O)(=O)NCCc4ccccc4)cc3)nc2c1=O,,6.11,1,6.11,6.11,Ki,B,cell-based format,cell_based,9,D,2006,
CHEMBL212625,CHEMBL212625,CCCn1c(=O)[nH]c2nc(-c3ccc(S(=O)(=O)N4CCN(Cc5ccccc5)CC4)cc3)[nH]c2c1=O,,6.32,1,6.32,6.32,Ki,B,cell-based format,cell_based,9,D,2006,
CHEMBL2151128,CHEMBL2151128,O=C(Nc1nc(-c2ccccc2)n[nH]1)c1ccccc1,,6.4,1,6.4,6.4,Ki,B,cell-based format,cell_based,9,D,2012,
CHEMBL2151129,CHEMBL2151129,Cc1ccc(C(=O)Nc2nc(-c3ccccc3)n[nH]2)cc1,,6.52,1,6.52,6.52,Ki,B,cell-based format,cell_based,9,D,2012,
CHEMBL2151131,CHEMBL2151131,COc1ccccc1C(=O)Nc1nc(-c2ccccc2)n[nH]1,,6.7,1,6.7,6.7,Ki,B,cell-based format,cell_based,9,D,2012,
CHEMBL2151132,CHEMBL2151132,COc1ccccc1NC(=O)Nc1nc(-c2ccccc2)n[nH]1,,6.7,1,6.7,6.7,Ki,B,cell-based format,cell_based,9,D,2012,
CHEMBL2151133,CHEMBL2151133,COc1ccc(CC(=O)Nc2nc(-c3ccccc3)n[nH]2)cc1,,6.0,1,6.0,6.0,Ki,B,cell-based format,cell_based,9,D,2012,
CHEMBL2151249,CHEMBL2151249,C[C@@H](Oc1cccc(Cl)c1)C(=O)Nc1nc(-c2ccccc2)n[nH]1,,6.0,1,6.0,6.0,Ki,B,cell-based format,cell_based,9,D,2012,
CHEMBL2151250,CHEMBL2151250,C[C@@H](Oc1ccccc1)C(=O)Nc1nc(-c2ccccc2)n[nH]1,,6.0,1,6.0,6.0,Ki,B,cell-based format,cell_based,9,D,2012,
CHEMBL2151253,CHEMBL2151253,C[C@@H](Oc1ccccc1F)C(=O)Nc1nc(-c2ccccc2)n[nH]1,,6.0,1,6.0,6.0,Ki,B,cell-based format,cell_based,9,D,2012,
CHEMBL2153614,CHEMBL2153614,Cn1c(=O)c2c(nc3n2CCCN3CCC2=CCCCC2)n(C)c1=O,,6.03,1,6.03,6.03,Ki,B,cell-based format,cell_based,9,D,2011,
CHEMBL2153620,CHEMBL2153620,CC1CCC(N2CCCn3c2nc2c3c(=O)n(C)c(=O)n2C)CC1,,6.21,1,6.21,6.21,Ki,B,cell-based format,cell_based,9,D,2011,
CHEMBL2153626,CHEMBL2153626,Cn1c(=O)c2c(nc3n2CCCN3C2CCC2)n(C)c1=O,,6.07,1,6.07,6.07,Ki,B,cell-based format,cell_based,9,D,2011,
CHEMBL2153627,CHEMBL2153627,Cn1c(=O)c2c(nc3n2CCCN3CC2CC2)n(C)c1=O,,6.38,1,6.38,6.38,Ki,B,cell-based format,cell_based,9,D,2011,
CHEMBL2153629,CHEMBL2153629,Cn1c(=O)c2c(nc3n2CCN3C2CCCCCCC2)n(C)c1=O,,6.51,1,6.51,6.51,Ki,B,cell-based format,cell_based,9,D,2011,
CHEMBL21541,CHEMBL21541,CN1CCN(c2c3c(nc(N)n4nc(-c5ccco5)nc34)nn2C)CC1,,6.84,2,6.81,6.87,Ki,B,cell-based format,cell_based,8,H,2003,
CHEMBL21572,CHEMBL21572,CSc1c2c(nc(NC(=O)Cc3ccc4c(c3)OCO4)n3nc(-c4ccco4)nc23)nn1C,,8.030000000000001,2,7.67,8.39,IC50;Ki,B;F,assay format;cell-based format,cell_based,8;9,D;H,2003,
CHEMBL2164819,CHEMBL2164819,N#Cc1cnc(N)nc1-c1ccccc1,,6.8,1,6.8,6.8,Ki,B,cell-based format,cell_based,9,D,2012,
CHEMBL216517,CHEMBL216517,CCCn1c(=O)c2nc([C@]34CC[C@](C=O)(CC3)CC4)[nH]c2n(CCC)c1=O,,6.1,1,6.1,6.1,Ki,B,cell-based format,cell_based,9,D,2006,
CHEMBL2165799,CHEMBL2165799,Nc1nc(-c2ccccc2)c2c(n1)-c1cc(Cc3cncc(F)c3)ccc1C2=O,,8.89,1,8.89,8.89,Ki,F,assay format,other,9,D,2012,
CHEMBL2165800,CHEMBL2165800,Nc1nc(-c2ccccc2)c2c(n1)-c1cc(Cc3ccncc3F)ccc1C2=O,,9.15,1,9.15,9.15,Ki,F,assay format,other,9,D,2012,
CHEMBL2165801,CHEMBL2165801,Nc1nc(-c2ccccc2)c2c(n1)-c1cc(Cc3cnccc3Cl)ccc1C2=O,,10.0,1,10.0,10.0,Ki,F,assay format,other,9,D,2012,
CHEMBL2165802,CHEMBL2165802,Nc1nc(-c2ccccc2)c2c(n1)-c1cc(C(=O)c3cccnc3)ccc1C2=O,,9.3,1,9.3,9.3,Ki,F,assay format,other,9,D,2012,
CHEMBL2165803,CHEMBL2165803,Nc1nc(-c2ccccc2)c2c(n1)-c1cc(C(F)(F)c3cccnc3)ccc1C2=O,,8.8,1,8.8,8.8,Ki,F,assay format,other,9,D,2012,
CHEMBL2165804,CHEMBL2165804,CC(C)n1cc(-c2ncc(N)nc2-c2ccc(F)cc2)ccc1=O,,8.74,1,8.74,8.74,Ki,F,assay format,other,9,D,2012,
CHEMBL2165805,CHEMBL2165805,CC1CC[C@@H](C)N1Cc1ccc2c(c1)-c1nc(N)nc(-c3ccccc3)c1C2=O,,7.88,1,7.88,7.88,Ki,F,assay format,other,9,D,2012,
CHEMBL2165806,CHEMBL2165806,Nc1nc(-c2ccccc2)c2c(n1)-c1cc(CN3C4CCC3CC4)ccc1C2=O,,8.51,1,8.51,8.51,Ki,F,assay format,other,9,D,2012,
CHEMBL2165807,CHEMBL2165807,Nc1nc(-c2ccccc2)c2c(n1)-c1cc(Cc3cccnc3)ccc1C2=O,,9.52,1,9.52,9.52,Ki,F,assay format,other,9,D,2012,
CHEMBL2165808,CHEMBL2165808,N#Cc1cncc(Cc2ccc3c(c2)-c2nc(N)nc(-c4ccccc4)c2C3=O)c1,,8.85,1,8.85,8.85,Ki,F,assay format,other,9,D,2012,
CHEMBL217541,CHEMBL217541,CCCn1c(=O)c2nc([C@]34CC[C@](C(=O)NCCN(C)C)(CC3)CC4)[nH]c2n(CCC)c1=O,,6.88,1,6.88,6.88,Ki,B,cell-based format,cell_based,9,D,2006,
CHEMBL217952,CHEMBL217952,CCNC(=O)[C@H]1O[C@@H](n2cnc3c(NNC(=O)Cc4cccs4)nc(Cl)nc32)[C@H](O)[C@@H]1O,,6.2,1,6.2,6.2,Ki,B,cell-based format,cell_based,9,D,2007,
CHEMBL2180906,CHEMBL2180906,Cn1cc2c(nc(NC(c3ccccc3)c3ccccc3)n3nc(-c4ccco4)nc23)n1,,6.05,1,6.05,6.05,Ki,B,cell-based format,cell_based,9,D,2012,
CHEMBL2180907,CHEMBL2180907,Cn1cc2c(nc(N3CCCCC3)n3nc(-c4ccco4)nc23)n1,,6.45,1,6.45,6.45,Ki,B,cell-based format,cell_based,9,D,2012,
CHEMBL2180910,CHEMBL2180910,CC(O)CNc1nc2nn(C)cc2c2nc(-c3ccco3)nn12,,6.87,1,6.87,6.87,Ki,B,cell-based format,cell_based,9,D,2012,
CHEMBL2180911,CHEMBL2180911,CCC(CO)Nc1nc2nn(C)cc2c2nc(-c3ccco3)nn12,,6.68,1,6.68,6.68,Ki,B,cell-based format,cell_based,9,D,2012,
CHEMBL2180912,CHEMBL2180912,Cn1cc2c(nc(NC(CO)CO)n3nc(-c4ccco4)nc23)n1,,6.22,1,6.22,6.22,Ki,B,cell-based format,cell_based,9,D,2012,
CHEMBL2180913,CHEMBL2180913,Cn1cc2c(nc(NCCCCO)n3nc(-c4ccco4)nc23)n1,,6.6,1,6.6,6.6,Ki,B,cell-based format,cell_based,9,D,2012,
CHEMBL2180914,CHEMBL2180914,Cn1cc2c(nc(NCCCCCO)n3nc(-c4ccco4)nc23)n1,,6.91,1,6.91,6.91,Ki,B,cell-based format,cell_based,9,D,2012,
CHEMBL2180915,CHEMBL2180915,Cn1cc2c(nc(NCCCCCCO)n3nc(-c4ccco4)nc23)n1,,6.96,1,6.96,6.96,Ki,B,cell-based format,cell_based,9,D,2012,
CHEMBL2180916,CHEMBL2180916,CONc1nc2nn(C)cc2c2nc(-c3ccco3)nn12,,6.73,1,6.73,6.73,Ki,B,cell-based format,cell_based,9,D,2012,
CHEMBL2180917,CHEMBL2180917,COCCNc1nc2nn(C)cc2c2nc(-c3ccco3)nn12,,6.39,1,6.39,6.39,Ki,B,cell-based format,cell_based,9,D,2012,
CHEMBL2180918,CHEMBL2180918,Cn1cc2c(nc(NCCOc3ccccc3)n3nc(-c4ccco4)nc23)n1,,6.92,1,6.92,6.92,Ki,B,cell-based format,cell_based,9,D,2012,
CHEMBL2180921,CHEMBL2180921,CCN(CC)c1nc2nn(C)cc2c2nc(-c3ccco3)nn12,,6.1,1,6.1,6.1,Ki,B,cell-based format,cell_based,9,D,2012,
CHEMBL2180927,CHEMBL2180927,Cn1cc2c(nc(N3CCCC3)n3nc(-c4ccco4)nc23)n1,,6.88,1,6.88,6.88,Ki,B,cell-based format,cell_based,9,D,2012,
CHEMBL2180929,CHEMBL2180929,Cn1cc2c(nc(NC3C4CC5CC(C4)CC3C5)n3nc(-c4ccco4)nc23)n1,,6.07,1,6.07,6.07,Ki,B,cell-based format,cell_based,9,D,2012,
CHEMBL2180930,CHEMBL2180930,Cn1cc2c(nc(NCc3ccccc3)n3nc(-c4ccco4)nc23)n1,,7.04,1,7.04,7.04,Ki,B,cell-based format,cell_based,9,D,2012,
CHEMBL2180931,CHEMBL2180931,C[C@H](Nc1nc2nn(C)cc2c2nc(-c3ccco3)nn12)c1ccccc1,,7.26,1,7.26,7.26,Ki,B,cell-based format,cell_based,9,D,2012,
CHEMBL2180932,CHEMBL2180932,C[C@@H](Nc1nc2nn(C)cc2c2nc(-c3ccco3)nn12)c1ccccc1,,7.42,1,7.42,7.42,Ki,B,cell-based format,cell_based,9,D,2012,
CHEMBL2180933,CHEMBL2180933,Cc1ccc(CNc2nc3nn(C)cc3c3nc(-c4ccco4)nn23)cc1,,6.93,1,6.93,6.93,Ki,B,cell-based format,cell_based,9,D,2012,
CHEMBL2180934,CHEMBL2180934,COc1ccc(CNc2nc3nn(C)cc3c3nc(-c4ccco4)nn23)cc1,,6.75,1,6.75,6.75,Ki,B,cell-based format,cell_based,9,D,2012,
CHEMBL2180935,CHEMBL2180935,Cn1cc2c(nc(NCc3ccc(Cl)cc3)n3nc(-c4ccco4)nc23)n1,,7.12,1,7.12,7.12,Ki,B,cell-based format,cell_based,9,D,2012,
CHEMBL2180936,CHEMBL2180936,Cn1cc2c(nc(NCc3ccc(F)cc3)n3nc(-c4ccco4)nc23)n1,,7.06,1,7.06,7.06,Ki,B,cell-based format,cell_based,9,D,2012,
CHEMBL2180937,CHEMBL2180937,Cn1cc2c(nc(NCc3ccc(C(F)(F)F)cc3)n3nc(-c4ccco4)nc23)n1,,6.61,1,6.61,6.61,Ki,B,cell-based format,cell_based,9,D,2012,
CHEMBL2180938,CHEMBL2180938,COc1ccc(CNc2nc3nn(C)cc3c3nc(-c4ccco4)nn23)cc1OC,,7.19,1,7.19,7.19,Ki,B,cell-based format,cell_based,9,D,2012,
CHEMBL2180939,CHEMBL2180939,Cn1cc2c(nc(NCc3ccc(-c4ccccc4)cc3)n3nc(-c4ccco4)nc23)n1,,6.23,1,6.23,6.23,Ki,B,cell-based format,cell_based,9,D,2012,
CHEMBL2180940,CHEMBL2180940,Cn1cc2c(nc(NCCc3ccccc3)n3nc(-c4ccco4)nc23)n1,,7.34,1,7.34,7.34,Ki,B,cell-based format,cell_based,9,D,2012,
CHEMBL2181139,CHEMBL2181139,COc1ccc(CCNc2nc3nn(C)cc3c3nc(-c4ccco4)nn23)cc1OC,,7.03,1,7.03,7.03,Ki,B,cell-based format,cell_based,9,D,2012,
CHEMBL2181140,CHEMBL2181140,CC(CCc1ccccc1)Nc1nc2nn(C)cc2c2nc(-c3ccco3)nn12,,6.83,1,6.83,6.83,Ki,B,cell-based format,cell_based,9,D,2012,
CHEMBL2181141,CHEMBL2181141,Cn1cc2c(nc(NCCc3c[nH]c4ccccc34)n3nc(-c4ccco4)nc23)n1,,7.11,1,7.11,7.11,Ki,B,cell-based format,cell_based,9,D,2012,
CHEMBL2181142,CHEMBL2181142,Cn1cc2c(nc(NCCO)n3nc(-c4ccco4)nc23)n1,,6.8,1,6.8,6.8,Ki,B,cell-based format,cell_based,9,D,2012,
CHEMBL2181143,CHEMBL2181143,Cn1cc2c(nc(NCCCO)n3nc(-c4ccco4)nc23)n1,,6.81,1,6.81,6.81,Ki,B,cell-based format,cell_based,9,D,2012,
CHEMBL2181147,CHEMBL2181147,CNc1nc2nn(C)cc2c2nc(-c3ccco3)nn12,,6.43,1,6.43,6.43,Ki,B,cell-based format,cell_based,9,D,2012,
CHEMBL2181148,CHEMBL2181148,CCNc1nc2nn(C)cc2c2nc(-c3ccco3)nn12,,6.68,1,6.68,6.68,Ki,B,cell-based format,cell_based,9,D,2012,
CHEMBL2181149,CHEMBL2181149,CC(C)Nc1nc2nn(C)cc2c2nc(-c3ccco3)nn12,,6.41,1,6.41,6.41,Ki,B,cell-based format,cell_based,9,D,2012,
CHEMBL2181150,CHEMBL2181150,CCC(C)Nc1nc2nn(C)cc2c2nc(-c3ccco3)nn12,,6.61,1,6.61,6.61,Ki,B,cell-based format,cell_based,9,D,2012,
CHEMBL2181151,CHEMBL2181151,CC[C@H](C)Nc1nc2nn(C)cc2c2nc(-c3ccco3)nn12,,6.61,1,6.61,6.61,Ki,B,cell-based format,cell_based,9,D,2012,
CHEMBL2181152,CHEMBL2181152,CC[C@@H](C)Nc1nc2nn(C)cc2c2nc(-c3ccco3)nn12,,6.57,1,6.57,6.57,Ki,B,cell-based format,cell_based,9,D,2012,
CHEMBL2181153,CHEMBL2181153,CCCCCNc1nc2nn(C)cc2c2nc(-c3ccco3)nn12,,6.78,1,6.78,6.78,Ki,B,cell-based format,cell_based,9,D,2012,
CHEMBL2181154,CHEMBL2181154,CCCCCC(C)Nc1nc2nn(C)cc2c2nc(-c3ccco3)nn12,,6.35,1,6.35,6.35,Ki,B,cell-based format,cell_based,9,D,2012,
CHEMBL2181155,CHEMBL2181155,CCCCCCC(C)Nc1nc2nn(C)cc2c2nc(-c3ccco3)nn12,,6.15,1,6.15,6.15,Ki,B,cell-based format,cell_based,9,D,2012,
CHEMBL2181156,CHEMBL2181156,CCCCC(CC)CNc1nc2nn(C)cc2c2nc(-c3ccco3)nn12,,6.29,1,6.29,6.29,Ki,B,cell-based format,cell_based,9,D,2012,
CHEMBL2181158,CHEMBL2181158,Cn1cc2c(nc(NC3CC3)n3nc(-c4ccco4)nc23)n1,,6.95,1,6.95,6.95,Ki,B,cell-based format,cell_based,9,D,2012,
CHEMBL2181159,CHEMBL2181159,Cn1cc2c(nc(NC3CCC3)n3nc(-c4ccco4)nc23)n1,,7.08,1,7.08,7.08,Ki,B,cell-based format,cell_based,9,D,2012,
CHEMBL2181160,CHEMBL2181160,Cn1cc2c(nc(NC3CCCC3)n3nc(-c4ccco4)nc23)n1,,6.89,1,6.89,6.89,Ki,B,cell-based format,cell_based,9,D,2012,
CHEMBL2181161,CHEMBL2181161,Cn1cc2c(nc(NC3CCCCC3)n3nc(-c4ccco4)nc23)n1,,6.63,1,6.63,6.63,Ki,B,cell-based format,cell_based,9,D,2012,
CHEMBL2181162,CHEMBL2181162,Cn1cc2c(nc(NC3CCCCCC3)n3nc(-c4ccco4)nc23)n1,,6.47,1,6.47,6.47,Ki,B,cell-based format,cell_based,9,D,2012,
CHEMBL2181163,CHEMBL2181163,Cn1cc2c(nc(NC3CCCCCCC3)n3nc(-c4ccco4)nc23)n1,,6.55,1,6.55,6.55,Ki,B,cell-based format,cell_based,9,D,2012,
CHEMBL2181164,CHEMBL2181164,Cn1cc2c(nc(NCC3CCCCC3)n3nc(-c4ccco4)nc23)n1,,6.09,1,6.09,6.09,Ki,B,cell-based format,cell_based,9,D,2012,
CHEMBL2181965,CHEMBL2181965,CCCN1C(=O)N2CCN=C2c2[nH]c(-c3ccc(Br)cc3)nc21,,6.33,1,6.33,6.33,Ki,B,cell-based format,cell_based,9,D,2012,
CHEMBL2181971,CHEMBL2181971,OC[C@H]1O[C@@H](n2cnc3c(NCC4c5ccccc5-c5ccccc54)ncnc32)[C@H](O)[C@@H]1O,,6.84,1,6.84,6.84,Ki,B,cell-based format,cell_based,9,D,2012,
CHEMBL2181976,CHEMBL2181976,Cc1cc(C)cc(-c2nc(NC(=O)c3cccnc3)sc2-c2ccncc2)c1,,6.92,1,6.92,6.92,Ki,B,cell-based format,cell_based,9,D,2022,
CHEMBL218458,CHEMBL218458,CCCn1c(=O)c2nc(C34CCC(O)(CC3)CC4)[nH]c2n(CCC)c1=O,,6.26,1,6.26,6.26,Ki,B,single protein format,single_protein,9,D,2006,
CHEMBL21910,CHEMBL21910,COc1ccc(CC(=O)Nc2nc3nn(C)c(SC)c3c3nc(-c4ccco4)nn23)cc1,,7.82,1,7.82,7.82,Ki,B,cell-based format,cell_based,8,H,2003,
CHEMBL219160,CHEMBL219160,c1ccc(-c2cc(-c3ccccc3)c3nc(C4CCCCC4)[nH]c3n2)cc1,,6.71,1,6.71,6.71,Ki,B,cell-based format,cell_based,9,D,2007,
CHEMBL219888,CHEMBL219888,CONc1nc(C#CCC(C)O)nc2c1ncn2[C@@H]1O[C@H](CO)[C@@H](O)[C@H]1O,,6.12,1,6.12,6.12,Ki,B,cell-based format,cell_based,9,D,2007,
CHEMBL220118,CHEMBL220118,N#Cc1c(-c2ccc(F)cc2)cc(C2CC2)nc1N,,6.97,1,6.97,6.97,Ki,B,single protein format,single_protein,9,D,2006,
CHEMBL220287,CHEMBL220287,COc1cccc(-c2cc(C(F)(F)F)nc(NCc3ccc(F)cc3)n2)c1,,6.54,1,6.54,6.54,Ki,B,single protein format,single_protein,9,D,2006,
CHEMBL220445,CHEMBL220445,CCSc1nc(N)nc(-c2ccccc2)n1,,8.3,1,8.3,8.3,Ki,B,single protein format,single_protein,9,D,2006,
CHEMBL220535,CHEMBL220535,c1ccc(-c2cc(-c3ccccc3)c3nc[nH]c3n2)cc1,,7.41,1,7.41,7.41,Ki,B,cell-based format,cell_based,9,D,2007,
CHEMBL220587,CHEMBL220587,Cc1nc2c(-c3ccccc3)cc(-c3ccccc3)nc2[nH]1,,6.43,1,6.43,6.43,Ki,B,cell-based format,cell_based,9,D,2007,
CHEMBL220684,CHEMBL220684,N#Cc1c(-c2ccccc2Cl)cc(-c2ccccc2)nc1N,,7.05,1,7.05,7.05,Ki,B,single protein format,single_protein,9,D,2006,
CHEMBL22085,CHEMBL22085,CCNc1c2c(nc(NC(=O)Cc3ccc4c(c3)OCO4)n3nc(-c4ccco4)nc23)nn1C,,7.21,1,7.21,7.21,Ki,B,cell-based format,cell_based,8,H,2003,
CHEMBL220889,CHEMBL220889,CCCCC#Cc1nc(NOC)c2ncn([C@@H]3O[C@H](CO)[C@@H](O)[C@H]3O)c2n1,,6.57,1,6.57,6.57,Ki,B,cell-based format,cell_based,9,D,2007,
CHEMBL22113,CHEMBL22113,COc1ccc(NC(=O)Nc2nc3nn(C)c(SC)c3c3nc(-c4ccco4)nn23)cc1,,8.135,2,7.76,8.51,IC50;Ki,B;F,assay format;cell-based format,cell_based,8;9,D;H,2003,
CHEMBL221155,CHEMBL221155,N#Cc1c(N)nc2c(c1-c1ccc(F)cc1)CCC2,,6.63,1,6.63,6.63,Ki,B,single protein format,single_protein,9,D,2006,
CHEMBL221219,CHEMBL221219,Fc1ccc(CNc2nc(-c3ccccc3)cc(C(F)(F)F)n2)cc1,,6.54,1,6.54,6.54,Ki,B,single protein format,single_protein,9,D,2006,
CHEMBL221220,CHEMBL221220,Fc1ccc(CNc2nc(-c3cccs3)cc(C(F)(F)F)n2)cc1,,6.54,1,6.54,6.54,Ki,B,single protein format,single_protein,9,D,2006,
CHEMBL221343,CHEMBL221343,CC(C)c1nc2c(-c3ccccc3)cc(-c3ccccc3)nc2[nH]1,,6.64,1,6.64,6.64,Ki,B,cell-based format,cell_based,9,D,2007,
CHEMBL221486,CHEMBL221486,CC(C)Cc1nc2c(-c3ccccc3)cc(-c3ccccc3)nc2[nH]1,,6.72,1,6.72,6.72,Ki,B,cell-based format,cell_based,9,D,2007,
CHEMBL22191,CHEMBL22191,N#Cc1ccc(CCCn2ncc3c2nc(N)n2nc(-c4ccco4)nc32)cc1,,7.07,1,7.07,7.07,Ki,B,cell-based format,cell_based,9,D,2002,
CHEMBL22200,CHEMBL22200,CCOC(=O)COc1ccc(CCn2ncc3c2nc(N)n2nc(-c4ccco4)nc32)cc1,,9.37,1,9.37,9.37,Ki,B,cell-based format,cell_based,9,D,2002,
CHEMBL22202,CHEMBL22202,Nc1nc2c(cnn2CCc2ccc(N(CCO)CCO)cc2)c2nc(-c3ccco3)nn12,,9.92,1,9.92,9.92,Ki,B,cell-based format,cell_based,9,D,2002,
CHEMBL222130,CHEMBL222130,CCc1nc2c(-c3ccccc3)cc(-c3ccccc3)nc2[nH]1,,6.75,1,6.75,6.75,Ki,B,cell-based format,cell_based,9,D,2007,
CHEMBL222194,CHEMBL222194,Nc1nc(OCCc2c[nH]c3ccc(Br)cc23)nc2c1ncn2[C@@H]1O[C@H](CO)[C@@H](O)[C@H]1O,,6.3,1,6.3,6.3,Ki,B,cell-based format,cell_based,9,D,2007,
CHEMBL222201,CHEMBL222201,CCOc1cc(-c2cc(-c3ccc(O)cc3)nc(N)c2C#N)ccc1O,,6.57,1,6.57,6.57,Ki,B,single protein format,single_protein,9,D,2006,
CHEMBL222384,CHEMBL222384,CCCC(=O)Nc1cc(-c2ccccc2)nc(-c2ccccc2)n1,,6.95,2,6.91,6.99,Ki,B,cell-based format,cell_based,9,D,2004;2011,
CHEMBL222392,CHEMBL222392,C[C@@H](CCOc1nc(N)c2ncn([C@@H]3O[C@H](CO)[C@@H](O)[C@H]3O)c2n1)c1ccccc1,,6.38,1,6.38,6.38,Ki,B,cell-based format,cell_based,9,D,2007,
CHEMBL22241,CHEMBL22241,Nc1nc2c(cnn2CCCc2ccc([N+](=O)[O-])cc2)c2nc(-c3ccco3)nn12,,9.0,1,9.0,9.0,Ki,B,cell-based format,cell_based,9,D,2002,
CHEMBL222433,CHEMBL222433,CC(C)C(=O)Nc1cc(-c2ccccc2)nc(-c2ccccc2)n1,,6.42,1,6.42,6.42,Ki,B,cell-based format,cell_based,9,D,2004,
CHEMBL222442,CHEMBL222442,Nc1nc(OCCc2c[nH]c3ccc(Cl)cc23)nc2c1ncn2[C@@H]1O[C@H](CO)[C@@H](O)[C@H]1O,,6.41,1,6.41,6.41,Ki,B,cell-based format,cell_based,9,D,2007,
CHEMBL222474,CHEMBL222474,CCC(=O)Nc1cc(-c2ccccc2)nc(-c2ccccc2)n1,,7.09,1,7.09,7.09,Ki,B,cell-based format,cell_based,9,D,2004,
CHEMBL222496,CHEMBL222496,O=C(Nc1cc(-c2ccccc2)nc(-c2ccccc2)n1)C1CCCCC1,,6.68,1,6.68,6.68,Ki,B,cell-based format,cell_based,9,D,2004,
CHEMBL222500,CHEMBL222500,Nc1nc(OCCc2c[nH]c3ccc(O)cc23)nc2c1ncn2[C@@H]1O[C@H](CO)[C@@H](O)[C@H]1O,,6.35,1,6.35,6.35,Ki,B,cell-based format,cell_based,9,D,2007,
CHEMBL222718,CHEMBL222718,CCC(=O)Nc1nc(-c2ccccc2)cc(-c2ccccc2)n1,,6.154999999999999,2,6.05,6.26,Ki,B,cell-based format,cell_based,9,D,2004;2011,
CHEMBL222748,CHEMBL222748,Nc1nc(OCCc2c[nH]c3ccc(I)cc23)nc2c1ncn2[C@@H]1O[C@H](CO)[C@@H](O)[C@H]1O,,6.05,1,6.05,6.05,Ki,B,cell-based format,cell_based,9,D,2007,
CHEMBL222907,CHEMBL222907,Nc1nc(OCCc2c[nH]c3cc(Cl)ccc23)nc2c1ncn2[C@@H]1O[C@H](CO)[C@@H](O)[C@H]1O,,7.53,1,7.53,7.53,Ki,B,cell-based format,cell_based,9,D,2007,
CHEMBL222945,CHEMBL222945,Nc1nc(OCCc2cc[nH]c2)nc2c1ncn2[C@@H]1O[C@H](CO)[C@@H](O)[C@H]1O,,7.02,1,7.02,7.02,Ki,B,cell-based format,cell_based,9,D,2007,
CHEMBL22316,CHEMBL22316,Nc1ccc(CCn2ncc3c2nc(N)n2nc(-c4ccco4)nc32)cc1,,7.26,1,7.26,7.26,Ki,B,cell-based format,cell_based,9,D,2002,
CHEMBL22320,CHEMBL22320,NCc1ccc(CCCn2ncc3c2nc(N)n2nc(-c4ccco4)nc32)cc1,,9.89,1,9.89,9.89,Ki,B,cell-based format,cell_based,9,D,2002,
CHEMBL223270,CHEMBL223270,CCNC(=O)[C@H]1O[C@@H](n2cnc3c(N)nc(C#Cc4ccccc4)nc32)[C@H](O)[C@@H]1O,,6.21,1,6.21,6.21,Ki,B,cell-based format,cell_based,8,H,2002,
CHEMBL223326,CHEMBL223326,CONc1nc(C#CC2CCCCC2O)nc2c1ncn2[C@@H]1O[C@H](CO)[C@@H](O)[C@H]1O,,7.04,1,7.04,7.04,Ki,B,cell-based format,cell_based,9,D,2007,
CHEMBL223366,CHEMBL223366,Nc1nc(OCCc2c[nH]c3ccccc23)nc2c1ncn2[C@@H]1O[C@H](CO)[C@@H](O)[C@H]1O,,7.35,1,7.35,7.35,Ki,B,cell-based format,cell_based,9,D,2007,
CHEMBL22355,CHEMBL22355,Nc1nc2c(cnn2CCCc2ccc3c(c2)O[C@H](C(=O)O)O3)c2nc(-c3ccco3)nn12,,7.23,1,7.23,7.23,Ki,B,cell-based format,cell_based,9,D,2002,
CHEMBL223729,CHEMBL223729,Nc1nc(OCCc2c[nH]c3c(Br)cccc23)nc2c1ncn2[C@@H]1O[C@H](CO)[C@@H](O)[C@H]1O,,6.6,1,6.6,6.6,Ki,B,cell-based format,cell_based,9,D,2007,
CHEMBL223828,CHEMBL223828,N#Cc1c(-c2ccc(Cl)cc2)cc(-c2ccccc2)nc1N,,6.7,1,6.7,6.7,Ki,B,single protein format,single_protein,9,D,2006,
CHEMBL223845,CHEMBL223845,CCNC(=O)[C@H]1O[C@@H](n2cnc3c(N)nc(OCCc4c[nH]c5ccccc45)nc32)[C@H](O)[C@@H]1O,,6.6,1,6.6,6.6,Ki,B,cell-based format,cell_based,9,D,2007,
CHEMBL223846,CHEMBL223846,CCOc1nc(N)c2ncn([C@@H]3O[C@H](CO)[C@@H](O)[C@H]3O)c2n1,,6.44,1,6.44,6.44,Ki,B,cell-based format,cell_based,9,D,2007,
CHEMBL223977,CHEMBL223977,CCC(C)C(=O)Nc1cc(-c2ccccc2)nc(-c2ccccc2)n1,,6.05,1,6.05,6.05,Ki,B,cell-based format,cell_based,9,D,2004,
CHEMBL223978,CHEMBL223978,O=C(Nc1cc(-c2ccccc2)nc(-c2ccccc2)n1)C1CCC1,,6.75,1,6.75,6.75,Ki,B,cell-based format,cell_based,9,D,2004,
CHEMBL224835,CHEMBL224835,O=C(Nc1nc(-c2ccccc2)cc(-c2ccccc2)n1)C1CC1,,6.64,1,6.64,6.64,Ki,B,cell-based format,cell_based,9,D,2004,
CHEMBL224874,CHEMBL224874,CCNC(=O)[C@H]1O[C@@H](n2cnc3c(N)nc(C#C[C@@H](O)c4ccccc4)nc32)[C@H](O)[C@@H]1O,,8.7,1,8.7,8.7,Ki,B,cell-based format,cell_based,8,H,2002,
CHEMBL22500,CHEMBL22500,CC(=O)Nc1ccc(CCn2ncc3c2nc(N)n2nc(-c4ccco4)nc32)cc1,,8.32,1,8.32,8.32,Ki,B,cell-based format,cell_based,9,D,2002,
CHEMBL225233,CHEMBL225233,Nc1nc(OCCc2cccs2)nc2c1ncn2[C@@H]1O[C@H](CO)[C@@H](O)[C@H]1O,,7.96,1,7.96,7.96,Ki,B,cell-based format,cell_based,9,D,2007,
CHEMBL225287,CHEMBL225287,Nc1nc(OCCc2ccsc2)nc2c1ncn2[C@@H]1O[C@H](CO)[C@@H](O)[C@H]1O,,7.88,1,7.88,7.88,Ki,B,cell-based format,cell_based,9,D,2007,
CHEMBL225459,CHEMBL225459,Nc1nc(OCCc2c[nH]c3cc(Br)ccc23)nc2c1ncn2[C@@H]1O[C@H](CO)[C@@H](O)[C@H]1O,,7.11,2,6.82,7.4,EC50;Ki,B;F,cell-based format,cell_based,9,D,2007,
CHEMBL225460,CHEMBL225460,O=C(Nc1nc(-c2ccccc2)cc(-c2ccccc2)n1)C1CCCC1,,6.71,1,6.71,6.71,Ki,B,cell-based format,cell_based,9,D,2011,
CHEMBL225535,CHEMBL225535,Nc1nc(OCCc2ccccc2F)nc2c1ncn2[C@@H]1O[C@H](CO)[C@@H](O)[C@H]1O,,7.24,1,7.24,7.24,Ki,B,cell-based format,cell_based,9,D,2007,
CHEMBL225593,CHEMBL225593,Nc1nc(OCCc2cccc(F)c2)nc2c1ncn2[C@@H]1O[C@H](CO)[C@@H](O)[C@H]1O,,7.16,1,7.16,7.16,Ki,B,cell-based format,cell_based,9,D,2007,
CHEMBL22717,CHEMBL22717,Nc1nc2c(cnn2CCc2ccc(S(=O)(=O)N(CCO)CCO)cc2)c2nc(-c3ccco3)nn12,,9.51,2,9.1,9.92,Ki,B,cell-based format;single protein format,mixed,9,D,2002;2008,
CHEMBL22822,CHEMBL22822,N/C(=N/O)c1ccc(CCCn2ncc3c2nc(N)n2nc(-c4ccco4)nc32)cc1,,8.22,1,8.22,8.22,Ki,B,cell-based format,cell_based,9,D,2002,
CHEMBL22881,CHEMBL22881,Nc1nc2c(cnn2CCc2ccc(S(=O)(=O)NCC(=O)O)cc2)c2nc(-c3ccco3)nn12,,7.3,1,7.3,7.3,Ki,B,cell-based format,cell_based,9,D,2002,
CHEMBL22968,CHEMBL22968,Nc1nc2c(cnn2CCc2ccc(S(=O)(=O)O)cc2)c2nc(-c3ccco3)nn12,,7.0,1,7.0,7.0,Ki,B,cell-based format,cell_based,9,D,2002,
CHEMBL22974,CHEMBL22974,Nc1nc2c(cnn2CCCc2cc3c(cc2S(=O)(=O)O)OCO3)c2nc(-c3ccco3)nn12,,7.12,1,7.12,7.12,Ki,B,cell-based format,cell_based,9,D,2002,
CHEMBL2311741,CHEMBL2311741,COc1cccc(-c2cc(NC(C)=O)nc(-c3cccc(OC)c3)n2)c1,,7.31,1,7.31,7.31,Ki,B,cell-based format,cell_based,9,D,2013,
CHEMBL2311745,CHEMBL2311745,COc1cccc(-c2cc(NC(C)=O)nc(-c3cccc(OC)c3OC)n2)c1OC,,6.43,1,6.43,6.43,Ki,B,cell-based format,cell_based,9,D,2013,
CHEMBL2312725,CHEMBL2312725,Nc1nc2ccccc2c2cc(-c3ccco3)nn12,,7.1,1,7.1,7.1,Ki,B,cell-based format,cell_based,9,D,2013,
CHEMBL2312987,CHEMBL2312987,COc1ccc(/C=C/c2cc3c(c(=O)n(C)c(=O)n3C)n2C)cc1,,6.61,1,6.61,6.61,Ki,B,cell-based format,cell_based,9,D,2013,
CHEMBL2312988,CHEMBL2312988,CCCOc1ccc(/C=C/c2cc3c(c(=O)n(C)c(=O)n3C)n2C)cc1,,6.51,1,6.51,6.51,Ki,B,cell-based format,cell_based,9,D,2013,
CHEMBL2312991,CHEMBL2312991,Cn1c(=O)c2c(cc(/C=C/c3ccc4c(c3)OCO4)n2C)n(C)c1=O,,6.33,1,6.33,6.33,Ki,B,cell-based format,cell_based,9,D,2013,
CHEMBL2313274,CHEMBL2313274,Cn1c(=O)c2c(cc(/C=C/c3cccc(N)n3)n2C)n(C)c1=O,,6.05,1,6.05,6.05,Ki,B,cell-based format,cell_based,9,D,2013,
CHEMBL2313277,CHEMBL2313277,CC(=O)c1ccc(/C=C/c2cc3c(c(=O)n(C)c(=O)n3C)n2C)cc1,,7.03,1,7.03,7.03,Ki,B,cell-based format,cell_based,9,D,2013,
CHEMBL2313284,CHEMBL2313284,Cn1c(=O)c2c(nc(/C=C/c3ccc(Cl)cc3)n2C)n(C)c1=O,,6.85,1,6.85,6.85,Ki,B,cell-based format,cell_based,9,D,2013,
CHEMBL2313293,CHEMBL2313293,Cn1c(=O)c2c(cc(/C=C/c3cccc(Cl)c3)n2C)n(C)c1=O,,6.37,1,6.37,6.37,Ki,B,cell-based format,cell_based,9,D,2013,
CHEMBL2313294,CHEMBL2313294,COc1cccc(/C=C/c2cc3c(c(=O)n(C)c(=O)n3C)n2C)c1,,6.41,1,6.41,6.41,Ki,B,cell-based format,cell_based,9,D,2013,
CHEMBL2313296,CHEMBL2313296,Cn1c(=O)c2c(cc(/C=C/c3ccc(F)cc3)n2C)n(C)c1=O,,6.37,1,6.37,6.37,Ki,B,cell-based format,cell_based,9,D,2013,
CHEMBL2313297,CHEMBL2313297,Cn1c(=O)c2c(cc(/C=C/c3ccc(Cl)cc3)n2C)n(C)c1=O,,6.58,1,6.58,6.58,Ki,B,cell-based format,cell_based,9,D,2013,
CHEMBL2313298,CHEMBL2313298,Cn1c(=O)c2c(cc(/C=C/c3ccc(C(F)(F)F)cc3)n2C)n(C)c1=O,,6.28,1,6.28,6.28,Ki,B,cell-based format,cell_based,9,D,2013,
CHEMBL232096,CHEMBL232096,OCc1cnn(-c2nc(Nc3ccc4ccccc4n3)c3ncn([C@@H]4O[C@H](CO)[C@@H](O)[C@H]4O)c3n2)c1,,6.62,1,6.62,6.62,Ki,B,cell-based format,cell_based,9,D,2007,
CHEMBL232099,CHEMBL232099,CNC(=O)c1cnn(-c2nc(N[C@H]3CCCO3)c3ncn([C@@H]4O[C@H](CO)[C@@H](O)[C@H]4O)c3n2)c1,,6.14,1,6.14,6.14,Ki,B,cell-based format,cell_based,9,D,2007,
CHEMBL2322916,CHEMBL2322916,Cc1nc(N)c2nn(-c3ccccc3)cc2n1,,6.61,1,6.61,6.61,Ki,B,cell-based format,cell_based,9,D,2013,
CHEMBL2322917,CHEMBL2322917,Nc1nc(-c2ccccc2)nc2cn(-c3ccccc3)nc12,,6.49,1,6.49,6.49,Ki,B,cell-based format,cell_based,9,D,2013,
CHEMBL2322918,CHEMBL2322918,Nc1nc(Cc2ccccc2)nc2cn(-c3ccccc3)nc12,,6.96,1,6.96,6.96,Ki,B,cell-based format,cell_based,9,D,2013,
CHEMBL2323587,CHEMBL2323587,Nc1nc2c(cnn2CCN2CCN(c3ccc(OCC(=O)O)cc3)CC2)c2nc(-c3ccco3)nn12,,8.85,1,8.85,8.85,Ki,B,single protein format,single_protein,9,D,2013,
CHEMBL2326828,CHEMBL2326828,COc1ccc(/C=N/Nc2nc(N)c3ncn([C@@H]4O[C@H](CO)[C@@H](O)[C@H]4O)c3n2)cc1,,6.16,1,6.16,6.16,Ki,B,cell-based format,cell_based,9,D,2013,
CHEMBL2326842,CHEMBL2326842,Nc1nc(N/N=C/c2ccc(Cl)cc2)nc2c1ncn2[C@@H]1O[C@H](CO)[C@@H](O)[C@H]1O,,6.31,1,6.31,6.31,EC50,F,cell-based format,cell_based,9,D,2013,
CHEMBL2347374,CHEMBL2347374,CCOc1cccc2cc(C(=O)NCc3ccccn3)c(=N)oc12,,6.13,1,6.13,6.13,Ki,B,cell-based format,cell_based,9,D,2013,
CHEMBL235071,CHEMBL235071,Nc1nc2ccccc2n2c(=O)c(-c3ccc(F)cc3)nn12,,7.7,1,7.7,7.7,Ki,B,cell-based format,cell_based,9,D,2007,
CHEMBL235075,CHEMBL235075,COc1ccc(-c2nn3c(N)nc4ccccc4n3c2=O)cc1,,8.05,1,8.05,8.05,Ki,B,cell-based format,cell_based,9,D,2007,
CHEMBL235076,CHEMBL235076,Nc1nc2ccc(Cl)cc2n2c(=O)c(-c3ccc(Cl)cc3)nn12,,7.17,1,7.17,7.17,Ki,B,cell-based format,cell_based,9,D,2007,
CHEMBL235718,CHEMBL235718,O=C(Nc1ccccc1)Nc1nc2ccccc2n2c(=O)c(-c3ccccc3)nn12,,6.34,1,6.34,6.34,Ki,B,cell-based format,cell_based,9,D,2007,
CHEMBL235719,CHEMBL235719,COc1ccc(NC(=O)Nc2nc3ccccc3n3c(=O)c(-c4ccccc4)nn23)cc1,,6.58,1,6.58,6.58,Ki,B,cell-based format,cell_based,9,D,2007,
CHEMBL235935,CHEMBL235935,O=C(Nc1cccc(Cl)c1)Nc1nc2ccccc2n2c(=O)c(-c3ccccc3)nn12,,6.2,1,6.2,6.2,Ki,B,cell-based format,cell_based,9,D,2007,
CHEMBL2368363,CHEMBL2368363,CNC(=O)[C@]12C[C@@H]1[C@@H](n1cnc3c(NCc4cc(I)ccc4Cl)nc(Cl)nc31)[C@H](O)[C@@H]2O,,6.32,1,6.32,6.32,Ki,B,cell-based format,cell_based,9,D,2005,
CHEMBL2368364,CHEMBL2368364,CNC(=O)[C@]12C[C@@H]1[C@@H](n1cnc3c(NCc4cc(I)ccc4OC)nc(Cl)nc31)[C@H](O)[C@@H]2O,,6.37,1,6.37,6.37,Ki,B,cell-based format,cell_based,9,D,2005,
CHEMBL2368368,CHEMBL2368368,CNC(=O)[C@]12C[C@@H]1[C@@H](n1cnc3c(NCc4cc(Cl)ccc4OCC(N)=O)nc(Cl)nc31)[C@H](O)[C@@H]2O,,6.1,1,6.1,6.1,Ki,B,cell-based format,cell_based,9,D,2005,
CHEMBL2368369,CHEMBL2368369,CNC(=O)[C@]12C[C@@H]1[C@@H](n1cnc3c(NCc4cc(Cl)ccc4OCc4ccccc4)nc(Cl)nc31)[C@H](O)[C@@H]2O,,6.07,1,6.07,6.07,Ki,B,cell-based format,cell_based,9,D,2005,
CHEMBL236958,CHEMBL236958,Nc1nc2ccccc2n2c(=O)c(-c3ccccc3)nn12,,6.87,1,6.87,6.87,Ki,B,cell-based format,cell_based,9,D,2007,
CHEMBL23745,CHEMBL23745,Nc1nc2c(cnn2CCc2ccc(S(N)(=O)=O)cc2)c2nc(-c3ccco3)nn12,,8.88,1,8.88,8.88,Ki,B,cell-based format,cell_based,9,D,2002,
CHEMBL2377084,CHEMBL2377084,Cc1nc(-c2nc(N)c3cc(Cc4ccccc4)sc3n2)cs1,,7.24,1,7.24,7.24,Ki,F,cell-based format,cell_based,9,D,2013,
CHEMBL2377085,CHEMBL2377085,Cn1cnc(-c2nc(N)c3cc(Cc4ccccc4)sc3n2)c1,,6.27,1,6.27,6.27,Ki,F,cell-based format,cell_based,9,D,2013,
CHEMBL2377086,CHEMBL2377086,Nc1nc(-c2ccccc2)nc2sccc12,,6.3,1,6.3,6.3,Ki,F,cell-based format,cell_based,9,D,2013,
CHEMBL2377087,CHEMBL2377087,Nc1nc(-c2ccccc2)nc2sc(-c3ccccc3)cc12,,6.68,1,6.68,6.68,Ki,F,cell-based format,cell_based,9,D,2013,
CHEMBL2377088,CHEMBL2377088,Nc1nc(-c2ccccc2)nc2sc(Cc3ccccc3)cc12,,7.53,1,7.53,7.53,Ki,F,cell-based format,cell_based,9,D,2013,
CHEMBL2377090,CHEMBL2377090,N#Cc1cccc(-c2nc(N)c3cc(Cc4ccccc4)sc3n2)c1,,7.94,1,7.94,7.94,Ki,F,cell-based format,cell_based,9,D,2013,
CHEMBL2377091,CHEMBL2377091,COc1ccccc1Cc1cc2c(N)nc(-c3cccc(C#N)c3)nc2s1,,8.21,1,8.21,8.21,Ki,F,cell-based format,cell_based,9,D,2013,
CHEMBL2377092,CHEMBL2377092,N#Cc1cccc(-c2nc(N)c3cc(Cc4ccccc4Cl)sc3n2)c1,,8.85,1,8.85,8.85,Ki,F,cell-based format,cell_based,9,D,2013,
CHEMBL2377093,CHEMBL2377093,N#Cc1cccc(-c2nc(N)c3cc(Cc4ccccc4F)sc3n2)c1,,8.14,1,8.14,8.14,Ki,F,cell-based format,cell_based,9,D,2013,
CHEMBL2377094,CHEMBL2377094,CC(c1ccccc1)c1cc2c(N)nc(-c3cccc(C#N)c3)nc2s1,,6.47,1,6.47,6.47,Ki,F,cell-based format,cell_based,9,D,2013,
CHEMBL2377095,CHEMBL2377095,C=C(c1ccccc1)c1cc2c(N)nc(-c3cccc(C#N)c3)nc2s1,,7.2,1,7.2,7.2,Ki,F,cell-based format,cell_based,9,D,2013,
CHEMBL2377096,CHEMBL2377096,N#Cc1cccc(-c2nc(N)c3cc(C4(c5ccccc5)CC4)sc3n2)c1,,6.65,1,6.65,6.65,Ki,F,cell-based format,cell_based,9,D,2013,
CHEMBL2377097,CHEMBL2377097,Nc1nc(-c2cccc(F)c2)nc2sc(Cc3ccccc3)cc12,,7.38,1,7.38,7.38,Ki,F,cell-based format,cell_based,9,D,2013,
CHEMBL2377099,CHEMBL2377099,COc1cccc(-c2nc(N)c3cc(Cc4ccccc4)sc3n2)c1,,6.93,1,6.93,6.93,Ki,F,cell-based format,cell_based,9,D,2013,
CHEMBL2377100,CHEMBL2377100,Nc1nc(-c2ccccn2)nc2sc(Cc3ccccc3)cc12,,6.23,1,6.23,6.23,Ki,F,cell-based format,cell_based,9,D,2013,
CHEMBL2377101,CHEMBL2377101,Nc1nc(-c2cccnc2)nc2sc(Cc3ccccc3)cc12,,6.67,1,6.67,6.67,Ki,F,cell-based format,cell_based,9,D,2013,
CHEMBL2377102,CHEMBL2377102,Nc1nc(-c2ccncc2)nc2sc(Cc3ccccc3)cc12,,7.17,1,7.17,7.17,Ki,F,cell-based format,cell_based,9,D,2013,
CHEMBL2377103,CHEMBL2377103,Nc1nc(-c2cnccn2)nc2sc(Cc3ccccc3)cc12,,8.62,1,8.62,8.62,Ki,F,cell-based format,cell_based,9,D,2013,
CHEMBL2377104,CHEMBL2377104,Nc1nc(-c2ncccn2)nc2sc(Cc3ccccc3)cc12,,7.77,1,7.77,7.77,Ki,F,cell-based format,cell_based,9,D,2013,
CHEMBL2377105,CHEMBL2377105,N#Cc1cccc(-c2nc(N)c3cc(Cc4ccccc4)sc3n2)n1,,7.58,1,7.58,7.58,Ki,F,cell-based format,cell_based,9,D,2013,
CHEMBL2377106,CHEMBL2377106,Nc1nc(-c2cccc(Cl)n2)nc2sc(Cc3ccccc3)cc12,,6.76,1,6.76,6.76,Ki,F,cell-based format,cell_based,9,D,2013,
CHEMBL2377108,CHEMBL2377108,Cc1ccc(-c2nc(N)c3cc(CCc4ccccc4)sc3n2)o1,,6.69,1,6.69,6.69,Ki,F,cell-based format,cell_based,9,D,2013,
CHEMBL2377109,CHEMBL2377109,COc1ccccc1Cc1cc2c(N)nc(-c3ccc(C)o3)nc2s1,,8.25,2,7.96,8.54,Ki,B;F,cell-based format;single protein format,mixed,9,D,2013;2022,
CHEMBL2377110,CHEMBL2377110,Cc1ccc(-c2nc(N)c3cc(Cc4ccccc4Cl)sc3n2)o1,,8.485,2,8.43,8.54,Ki,B;F,cell-based format;single protein format,mixed,9,D,2013;2022,
CHEMBL2377111,CHEMBL2377111,Cc1ccc(-c2nc(N)c3cc(Cc4ccccc4F)sc3n2)o1,,8.43,1,8.43,8.43,Ki,F,cell-based format,cell_based,9,D,2013,
CHEMBL2377112,CHEMBL2377112,Cc1ccc(-c2nc(N)c3cc(C(C)c4ccccc4)sc3n2)o1,,7.4,1,7.4,7.4,Ki,F,cell-based format,cell_based,9,D,2013,
CHEMBL2377113,CHEMBL2377113,CCc1ccc(-c2nc(N)c3cc(Cc4ccccc4)sc3n2)o1,,7.31,1,7.31,7.31,Ki,F,cell-based format,cell_based,9,D,2013,
CHEMBL2377114,CHEMBL2377114,CC(C)c1ccc(-c2nc(N)c3cc(Cc4ccccc4)sc3n2)o1,,6.78,1,6.78,6.78,Ki,F,cell-based format,cell_based,9,D,2013,
CHEMBL2377223,CHEMBL2377223,Nc1nc(-c2ccc(C3CC3)o2)nc2sc(Cc3ccccc3)cc12,,6.58,1,6.58,6.58,Ki,F,cell-based format,cell_based,9,D,2013,
CHEMBL2377224,CHEMBL2377224,N#Cc1ccc(-c2nc(N)c3cc(Cc4ccccc4)sc3n2)o1,,6.52,1,6.52,6.52,Ki,F,cell-based format,cell_based,9,D,2013,
CHEMBL2377225,CHEMBL2377225,Nc1nc(-c2ccc(C(F)F)o2)nc2sc(Cc3ccccc3)cc12,,7.6,1,7.6,7.6,Ki,F,cell-based format,cell_based,9,D,2013,
CHEMBL2377226,CHEMBL2377226,COc1ccccc1Cc1cc2c(N)nc(-c3ccc(C(F)F)o3)nc2s1,,7.88,1,7.88,7.88,Ki,F,cell-based format,cell_based,9,D,2013,
CHEMBL2377227,CHEMBL2377227,Nc1nc(C2CCCO2)nc2sc(Cc3ccccc3)cc12,,6.17,1,6.17,6.17,Ki,F,cell-based format,cell_based,9,D,2013,
CHEMBL2377228,CHEMBL2377228,Nc1nc(-c2ncco2)nc2sc(Cc3ccccc3)cc12,,8.33,1,8.33,8.33,Ki,F,cell-based format,cell_based,9,D,2013,
CHEMBL2377229,CHEMBL2377229,Nc1nc(-c2cnco2)nc2sc(Cc3ccccc3)cc12,,8.05,1,8.05,8.05,Ki,F,cell-based format,cell_based,9,D,2013,
CHEMBL2377230,CHEMBL2377230,Cc1csc(-c2nc(N)c3cc(Cc4ccccc4)sc3n2)n1,,7.79,1,7.79,7.79,Ki,F,cell-based format,cell_based,9,D,2013,
CHEMBL2377231,CHEMBL2377231,COc1ccccc1Cc1cc2c(N)nc(-c3nc(C)cs3)nc2s1,,7.88,1,7.88,7.88,Ki,F,cell-based format,cell_based,9,D,2013,
CHEMBL2377232,CHEMBL2377232,Cc1csc(-c2nc(N)c3cc(Cc4ccccc4Cl)sc3n2)n1,,8.16,1,8.16,8.16,Ki,F,cell-based format,cell_based,9,D,2013,
CHEMBL2377233,CHEMBL2377233,Cc1csc(-c2nc(N)c3cc(Cc4ccccc4F)sc3n2)n1,,8.01,1,8.01,8.01,Ki,F,cell-based format,cell_based,9,D,2013,
CHEMBL2377234,CHEMBL2377234,Cc1csc(-c2nc(N)c3cc(C(C)c4ccccc4)sc3n2)n1,,7.0,1,7.0,7.0,Ki,F,cell-based format,cell_based,9,D,2013,
CHEMBL2377235,CHEMBL2377235,C=C(c1ccccc1)c1cc2c(N)nc(-c3nc(C)cs3)nc2s1,,7.51,1,7.51,7.51,Ki,F,cell-based format,cell_based,9,D,2013,
CHEMBL2377236,CHEMBL2377236,Cc1csc(-c2nc(N)c3cc(C4(c5ccccc5)CC4)sc3n2)n1,,6.97,1,6.97,6.97,Ki,F,cell-based format,cell_based,9,D,2013,
CHEMBL2377237,CHEMBL2377237,Cc1ccc(-c2nc(N)c3ccsc3n2)o1,,6.96,1,6.96,6.96,Ki,F,cell-based format,cell_based,9,D,2013,
CHEMBL2377238,CHEMBL2377238,Cc1ccc(-c2nc(N)c3cc(-c4ccccc4)sc3n2)o1,,7.17,1,7.17,7.17,Ki,F,cell-based format,cell_based,9,D,2013,
CHEMBL2377239,CHEMBL2377239,Cc1ccc(-c2nc(N)c3cc(Cc4ccccc4)sc3n2)o1,,7.245,2,6.53,7.96,Ki,B;F,cell-based format;single protein format,mixed,9,D,2013;2022,
CHEMBL2380382,CHEMBL2380382,O=C(Nc1nc2ccccc2c(=O)s1)c1ccc(C(=O)N2CCN(Cc3cccc(Cl)c3)CC2)cc1,,7.23,1,7.23,7.23,Ki,B,cell-based format,cell_based,9,D,2013,
CHEMBL2380383,CHEMBL2380383,O=C(Nc1nc2ccccc2c(=O)s1)c1ccc(C(=O)N2CCN(Cc3ccc(Cl)cc3)CC2)cc1,,7.35,1,7.35,7.35,Ki,B,cell-based format,cell_based,9,D,2013,
CHEMBL2380385,CHEMBL2380385,O=C(CCc1ccccc1)Nc1nc2ccccc2c(=O)s1,,7.09,1,7.09,7.09,Ki,B,cell-based format,cell_based,9,D,2013,
CHEMBL2380386,CHEMBL2380386,COc1cccc(CCC(=O)Nc2nc3ccccc3c(=O)s2)c1,,7.19,1,7.19,7.19,Ki,B,cell-based format,cell_based,9,D,2013,
CHEMBL2381757,CHEMBL2381757,CCCCCCCCCC(=O)Oc1ccc(CCNc2nc(N)n3nc(-c4ccco4)nc3n2)cc1,,6.74,2,6.74,6.74,IC50,F,cell-based format,cell_based,9,D,2013,
CHEMBL2381760,CHEMBL2381760,Nc1nc(NCCc2ccc(Br)cc2)nc2nc(-c3ccco3)nn12,,6.74,2,6.74,6.74,IC50,F,cell-based format,cell_based,9,D,2013,
CHEMBL2381761,CHEMBL2381761,Nc1nc(OCCc2ccccc2)nc2nc(-c3ccco3)nn12,,7.39,2,7.39,7.39,IC50,F,cell-based format,cell_based,9,D,2013,
CHEMBL2381770,CHEMBL2381770,CCOC(=O)CCCOc1ccc(CCNc2nc(N)n3nc(-c4ccco4)nc3n2)cc1,,7.3,2,7.3,7.3,IC50,F,cell-based format,cell_based,9,D,2013,
CHEMBL2381773,CHEMBL2381773,CC(=O)Oc1ccc(CCNc2nc(N)n3nc(-c4ccco4)nc3n2)cc1,,7.41,2,7.41,7.41,IC50,F,cell-based format,cell_based,9,D,2013,
CHEMBL2381774,CHEMBL2381774,CCCC(=O)Oc1ccc(CCNc2nc(N)n3nc(-c4ccco4)nc3n2)cc1,,7.525,2,7.52,7.53,IC50,F,cell-based format,cell_based,9,D,2013,
CHEMBL2382425,CHEMBL2382425,O=C(CCCc1ccccc1)Nc1nc2sccc2c(=O)s1,,7.08,1,7.08,7.08,Ki,B,cell-based format,cell_based,9,D,2013,
CHEMBL2382431,CHEMBL2382431,COc1cccc(/C=C/C(=O)Nc2nc3ccccc3c(=O)s2)c1,,7.21,1,7.21,7.21,Ki,B,cell-based format,cell_based,9,D,2013,
CHEMBL2382434,CHEMBL2382434,O=C(CCCc1ccccc1)Nc1nc2ccccc2c(=O)s1,,7.4,1,7.4,7.4,Ki,B,cell-based format,cell_based,9,D,2013,
CHEMBL2382435,CHEMBL2382435,COc1cccc(CCCC(=O)Nc2nc3ccccc3c(=O)s2)c1,,6.94,1,6.94,6.94,Ki,B,cell-based format,cell_based,9,D,2013,
CHEMBL2382438,CHEMBL2382438,O=C(C/C=C/c1ccccc1)Nc1nc2ccccc2c(=O)s1,,6.93,1,6.93,6.93,Ki,B,cell-based format,cell_based,9,D,2013,
CHEMBL2382439,CHEMBL2382439,COc1cccc(/C=C/CC(=O)Nc2nc3ccccc3c(=O)s2)c1,,7.04,1,7.04,7.04,Ki,B,cell-based format,cell_based,9,D,2013,
CHEMBL2391831,CHEMBL2391831,O=C(Nc1nc(-c2ccccc2)c(C(=O)c2ccccn2)s1)c1ccco1,,7.13,1,7.13,7.13,Ki,B,cell-based format,cell_based,9,D,2013,
CHEMBL2391832,CHEMBL2391832,O=C(Nc1nc(-c2ccccc2)c(C(=O)c2cccnc2)s1)c1ccco1,,6.26,1,6.26,6.26,Ki,B,cell-based format,cell_based,9,D,2013,
CHEMBL2391833,CHEMBL2391833,O=C(Nc1nc(-c2ccccc2)c(-c2ccccn2)s1)c1ccco1,,6.71,1,6.71,6.71,Ki,B,cell-based format,cell_based,9,D,2013,
CHEMBL2391834,CHEMBL2391834,O=C(Nc1nc(-c2ccccc2)c(-c2ccncc2)s1)c1ccco1,,8.18,1,8.18,8.18,Ki,B,cell-based format,cell_based,9,D,2013,
CHEMBL2391837,CHEMBL2391837,CN(C)c1nc(N)nc(-c2sc(NC(=O)c3ccco3)nc2-c2ccccc2)n1,,6.75,1,6.75,6.75,Ki,B,cell-based format,cell_based,9,D,2013,
CHEMBL2391840,CHEMBL2391840,COc1ccc(C(=O)Nc2nc(-c3ccccc3)c(C(=O)c3ccccn3)s2)cc1,,6.89,1,6.89,6.89,Ki,B,cell-based format,cell_based,9,D,2013,
CHEMBL2391843,CHEMBL2391843,Cc1ccc(C(=O)Nc2nc(-c3ccccc3)c(-c3nc(N)nc(N(C)C)n3)s2)cc1,,6.25,1,6.25,6.25,Ki,B,cell-based format,cell_based,9,D,2013,
CHEMBL2391844,CHEMBL2391844,CN(C)c1nc(N)nc(-c2sc(NC(=O)c3ccccc3)nc2-c2ccccc2)n1,,6.49,1,6.49,6.49,Ki,B,cell-based format,cell_based,9,D,2013,
CHEMBL2391907,CHEMBL2391907,CCNC(=O)[C@H]1O[C@@H](N2CNc3c(N)nc(NCCc4ccc(CCC(=O)O)cc4)nc32)[C@H](O)[C@@H]1O,,7.33,4,6.89,7.57,IC50;Ki,B,cell-based format,cell_based,9,D,2013,
CHEMBL239809,CHEMBL239809,Nc1nc2c(cnn2CCN2CCN(c3c(F)cc(F)cc3F)CC2)c2nc(-c3ccco3)nn12,,8.96,1,8.96,8.96,Ki,B,single protein format,single_protein,9,D,2007,
CHEMBL239817,CHEMBL239817,Nc1nc2c(cnn2CCN2CCN(c3ccccc3)CC2)c2nc(-c3ccco3)nn12,,8.8,1,8.8,8.8,Ki,B,single protein format,single_protein,9,D,2007,
CHEMBL2398480,CHEMBL2398480,CCCC(O)c1nc(N)c2nc(-n3nccn3)n(C)c2n1,,7.66,1,7.66,7.66,Ki,B,cell-based format,cell_based,9,D,2013,
CHEMBL2398481,CHEMBL2398481,CCC(O)Cc1nc(N)c2nc(-n3nccn3)n(C)c2n1,,7.19,1,7.19,7.19,Ki,B,cell-based format,cell_based,9,D,2013,
CHEMBL2398482,CHEMBL2398482,CC(O)CCc1nc(N)c2nc(-n3nccn3)n(C)c2n1,,8.08,3,6.35,8.1,IC50;Ki,B;F,cell-based format;single protein format,mixed,9,D,2013;2014,
CHEMBL2398483,CHEMBL2398483,C[C@H](O)CCc1nc(N)c2nc(-n3nccn3)n(C)c2n1,,7.15,2,6.58,7.72,IC50;Ki,B;F,cell-based format,cell_based,9,D,2013,
CHEMBL2398484,CHEMBL2398484,C[C@@H](O)CCc1nc(N)c2nc(-n3nccn3)n(C)c2n1,,8.1,3,6.38,8.12,IC50;Ki,B;F,assay format;cell-based format,cell_based,8;9,D;H,2013;2015,
CHEMBL2398485,CHEMBL2398485,Cn1c(-n2nccn2)nc2c(N)nc(CCCCO)nc21,,7.28,1,7.28,7.28,Ki,B,cell-based format,cell_based,9,D,2013,
CHEMBL2398486,CHEMBL2398486,CC(=O)CCc1nc(N)c2nc(-n3nccn3)n(C)c2n1,,6.96,2,6.0,7.92,IC50;Ki,B;F,cell-based format,cell_based,9,D,2013,
CHEMBL240030,CHEMBL240030,Nc1nc2c(cnn2CCN2CCN(c3ccc(O)cc3)CC2)c2nc(-c3ccco3)nn12,,8.89,1,8.89,8.89,Ki,B,single protein format,single_protein,9,D,2007,
CHEMBL240211,CHEMBL240211,N#Cc1ccc(N2CCN(CCn3ncc4c3nc(N)n3nc(-c5ccco5)nc43)CC2)cc1,,8.68,1,8.68,8.68,Ki,B,single protein format,single_protein,9,D,2007,
CHEMBL240212,CHEMBL240212,Nc1nc2c(cnn2CCN2CCN(c3ccc(F)cc3)CC2)c2nc(-c3ccco3)nn12,,9.0,1,9.0,9.0,Ki,B,single protein format,single_protein,9,D,2007,
CHEMBL240213,CHEMBL240213,Nc1nc2c(cnn2CCN2CCN(c3ccc(Cl)cc3)CC2)c2nc(-c3ccco3)nn12,,9.3,1,9.3,9.3,Ki,B,single protein format,single_protein,9,D,2007,
CHEMBL240624,CHEMBL240624,COCCOc1ccc(N2CCN(CCn3ncc4c3nc(N)n3nc(-c5ccco5)nc43)CC2)cc1,PRELADENANT,9.0,9,8.3,9.5,Kd;Ki,B;F,assay format;cell-based format;single protein format,mixed,9,D,2007;2010;2011;2013;2014;2018;2022,3
CHEMBL240625,CHEMBL240625,Nc1nc2c(cnn2CCN2CCN(c3ccc(OCCO)cc3)CC2)c2nc(-c3ccco3)nn12,,9.22,1,9.22,9.22,Ki,B,single protein format,single_protein,9,D,2007,
CHEMBL240626,CHEMBL240626,COC(C)COc1ccc(N2CCN(CCn3ncc4c3nc(N)n3nc(-c5ccco5)nc43)CC2)cc1,,8.8,1,8.8,8.8,Ki,B,single protein format,single_protein,9,D,2007,
CHEMBL240647,CHEMBL240647,C[S+]([O-])COc1ccc(N2CCN(CCn3ncc4c3nc(N)n3nc(-c5ccco5)nc43)CC2)cc1,,8.66,1,8.66,8.66,Ki,B,single protein format,single_protein,9,D,2007,
CHEMBL240846,CHEMBL240846,COCCCOc1ccc(N2CCN(CCn3ncc4c3nc(N)n3nc(-c5ccco5)nc43)CC2)cc1,,9.22,1,9.22,9.22,Ki,B,single protein format,single_protein,9,D,2007,
CHEMBL240847,CHEMBL240847,Nc1nc2c(cnn2CCN2CCN(c3ccc(OCCOC4CC4)cc3)CC2)c2nc(-c3ccco3)nn12,,9.22,1,9.22,9.22,Ki,B,single protein format,single_protein,9,D,2007,
CHEMBL241109,CHEMBL241109,Nc1nc2c(cnn2CCN2CCN(c3ccc(F)cc3F)CC2)c2nc(-c3ccco3)nn12,,9.22,1,9.22,9.22,Ki,B,single protein format,single_protein,9,D,2007,
CHEMBL241110,CHEMBL241110,Nc1nc2c(cnn2CCN2CCN(c3ccc(F)c(F)c3)CC2)c2nc(-c3ccco3)nn12,,8.85,1,8.85,8.85,Ki,B,single protein format,single_protein,9,D,2007,
CHEMBL2413248,CHEMBL2413248,N=c1ccc2c(-c3ccc(C(=O)NCCCCCCn4cc(CCCC(=O)Nc5nc6ccc(Cl)cc6c6nc(-c7ccco7)nn56)nn4)cc3C(=O)O)c3ccc(N)c(S(=O)(=O)O)c3oc-2c1S(=O)(=O)O,,7.13,1,7.13,7.13,Ki,B,cell-based format,cell_based,9,D,2013,
CHEMBL2413249,CHEMBL2413249,Cn1cc2c(nc(NNC(=S)Nc3ccc(C4c5ccc(O)cc5OC5=CC(=O)C=CC54)c(C(=O)O)c3)n3nc(-c4ccco4)nc23)n1,,6.03,1,6.03,6.03,Ki,B,cell-based format,cell_based,9,D,2013,
CHEMBL2413251,CHEMBL2413251,Cn1cc2c(nc(NCCCCNC(=S)Nc3ccc(C4c5ccc(O)cc5OC5=CC(=O)C=CC54)c(C(=O)O)c3)n3nc(-c4ccco4)nc23)n1,,6.33,1,6.33,6.33,Ki,B,cell-based format,cell_based,9,D,2013,
CHEMBL2414811,CHEMBL2414811,N=c1ccc2c(-c3ccc(C(=O)NCCCCCCn4cc(NCCNC(=O)COc5ccc(CCCn6ncc7c6nc(N)n6nc(-c8ccco8)nc76)cc5)nn4)cc3C(=O)O)c3ccc(N)c(S(=O)(=O)O)c3oc-2c1S(=O)(=O)O,,7.78,1,7.78,7.78,Kd,B,cell-based format,cell_based,9,D,2013,
CHEMBL2419137,CHEMBL2419137,CCCCn1c(/N=C/c2ccc(Br)cc2)c(C#N)sc1=S,,8.12,1,8.12,8.12,Ki,B,cell-based format,cell_based,9,D,2013,
CHEMBL2419138,CHEMBL2419138,CCCn1c(/N=C/c2ccc(Br)cc2)c(C#N)sc1=S,,8.74,1,8.74,8.74,Ki,B,cell-based format,cell_based,9,D,2013,
CHEMBL2419139,CHEMBL2419139,CCn1c(/N=C/c2ccc(Br)cc2)c(C#N)sc1=S,,11.0,1,11.0,11.0,Ki,B,cell-based format,cell_based,9,D,2013,
CHEMBL2419140,CHEMBL2419140,N#Cc1sc(=S)n(-c2ccccc2)c1/N=C/c1ccc(Cl)cc1,,9.85,1,9.85,9.85,Ki,B,cell-based format,cell_based,9,D,2013,
CHEMBL2419141,CHEMBL2419141,CCCCn1c(/N=C/c2ccc(Cl)cc2)c(C#N)sc1=S,,8.02,1,8.02,8.02,Ki,B,cell-based format,cell_based,9,D,2013,
CHEMBL2419142,CHEMBL2419142,CCCn1c(/N=C/c2ccc(Cl)cc2)c(C#N)sc1=S,,7.26,1,7.26,7.26,Ki,B,cell-based format,cell_based,9,D,2013,
CHEMBL2419143,CHEMBL2419143,CCn1c(/N=C/c2ccc(Cl)cc2)c(C#N)sc1=S,,8.84,1,8.84,8.84,Ki,B,cell-based format,cell_based,9,D,2013,
CHEMBL2419145,CHEMBL2419145,N#Cc1sc(=S)n(CCc2ccccc2)c1/N=C/c1ccc(F)cc1,,8.58,1,8.58,8.58,Ki,B,cell-based format,cell_based,9,D,2013,
CHEMBL2419146,CHEMBL2419146,CCCCn1c(/N=C/c2ccc(F)cc2)c(C#N)sc1=S,,10.57,1,10.57,10.57,Ki,B,cell-based format,cell_based,9,D,2013,
CHEMBL2419147,CHEMBL2419147,CCCn1c(/N=C/c2ccc(F)cc2)c(C#N)sc1=S,,10.52,1,10.52,10.52,Ki,B,cell-based format,cell_based,9,D,2013,
CHEMBL2419148,CHEMBL2419148,CCn1c(/N=C/c2ccc(F)cc2)c(C#N)sc1=S,,7.96,1,7.96,7.96,Ki,B,cell-based format,cell_based,9,D,2013,
CHEMBL2419150,CHEMBL2419150,N#Cc1sc(=S)n(CCc2ccccc2)c1/N=C/c1ccc(Br)cc1,,10.17,1,10.17,10.17,Ki,B,cell-based format,cell_based,9,D,2013,
CHEMBL245645,CHEMBL245645,Nc1nc2c(ncn2Cc2ccccc2)c2nc(-c3ccco3)nn12,,8.82,1,8.82,8.82,Ki,F,assay format,other,9,D,2007,
CHEMBL245646,CHEMBL245646,Nc1nc2c(ncn2Cc2ccccc2Br)c2nc(-c3ccco3)nn12,,8.34,1,8.34,8.34,Ki,F,assay format,other,9,D,2007,
CHEMBL245847,CHEMBL245847,Nc1nc2c(ncn2Cc2ccccc2Cl)c2nc(-c3ccco3)nn12,,8.77,1,8.77,8.77,Ki,F,assay format,other,9,D,2007,
CHEMBL245848,CHEMBL245848,COc1ccc(N2CCN(CCn3cnc4c3nc(N)n3nc(-c5ccco5)nc43)CC2)cc1,,10.0,1,10.0,10.0,Ki,F,assay format,other,9,D,2007,
CHEMBL245849,CHEMBL245849,COCCOc1ccc(N2CCN(CCn3cnc4c3nc(N)n3nc(-c5ccco5)nc43)CC2)c(F)c1,,9.1,1,9.1,9.1,Ki,F,assay format,other,9,D,2007,
CHEMBL246053,CHEMBL246053,Nc1nc2c(ncn2CCN2CCN(c3ccc(F)cc3F)CC2)c2nc(-c3ccco3)nn12,,9.15,1,9.15,9.15,Ki,F,assay format,other,9,D,2007,
CHEMBL246054,CHEMBL246054,COCCOc1ccc(C2CCN(CCn3cnc4c3nc(N)n3nc(-c5ccco5)nc43)CC2)cc1,,9.15,1,9.15,9.15,Ki,F,assay format,other,9,D,2007,
CHEMBL246055,CHEMBL246055,Nc1nc2c(ncn2CCN2CCN(c3ccc(Cl)cc3F)CC2)c2nc(-c3ccco3)nn12,,9.52,1,9.52,9.52,Ki,F,assay format,other,9,D,2007,
CHEMBL246261,CHEMBL246261,Nc1nc2c(ncn2CCN2CCN(c3cccc(Cl)c3)CC2)c2nc(-c3ccco3)nn12,,9.4,1,9.4,9.4,Ki,F,assay format,other,9,D,2007,
CHEMBL246262,CHEMBL246262,Nc1nc2c(ncn2CCN2CCN(c3ncc(F)cn3)CC2)c2nc(-c3ccco3)nn12,,8.85,1,8.85,8.85,Ki,F,assay format,other,9,D,2007,
CHEMBL246263,CHEMBL246263,Nc1nc2c(ncn2CCN2CCN(c3nccs3)CC2)c2nc(-c3ccco3)nn12,,8.77,1,8.77,8.77,Ki,F,assay format,other,9,D,2007,
CHEMBL246467,CHEMBL246467,Nc1nc2c(ncn2CCN2CCN(c3ccc(Cl)cn3)CC2)c2nc(-c3ccco3)nn12,,9.05,1,9.05,9.05,Ki,F,assay format,other,9,D,2007,
CHEMBL246468,CHEMBL246468,COCCOc1ccc(N2CCN(CCn3cnc4c3nc(N)n3nc(-c5ccccc5)nc43)CC2)cc1,,8.43,1,8.43,8.43,Ki,F,assay format,other,9,D,2007,
CHEMBL246469,CHEMBL246469,COCCOc1ccc(N2CCN(CCn3cnc4c3nc(N)n3nc(-c5cccc(F)c5)nc43)CC2)cc1,,8.7,1,8.7,8.7,Ki,F,assay format,other,9,D,2007,
CHEMBL246673,CHEMBL246673,COCCOc1ccc(N2CCN(CCn3cnc4c3nc(N)n3nc(-c5ccccc5F)nc43)CC2)cc1,,8.03,1,8.03,8.03,Ki,F,assay format,other,9,D,2007,
CHEMBL246674,CHEMBL246674,COCCOc1ccc(N2CCN(CCn3cnc4c3nc(N)n3nc(-c5ccccc5C)nc43)CC2)cc1,,7.69,1,7.69,7.69,Ki,F,assay format,other,9,D,2007,
CHEMBL246675,CHEMBL246675,COCCOc1ccc(N2CCN(CCn3cnc4c3nc(N)n3nc(-c5ccccn5)nc43)CC2)cc1,,7.9,1,7.9,7.9,Ki,F,assay format,other,9,D,2007,
CHEMBL247900,CHEMBL247900,COCCOc1ccc(N2CCN(CCn3cnc4c3nc(N)n3nc(-c5ccccc5C(F)(F)F)nc43)CC2)cc1,,8.0,1,8.0,8.0,Ki,F,assay format,other,9,D,2007,
CHEMBL248298,CHEMBL248298,CCCn1cnc2c1nc(N)n1nc(-c3ccco3)nc21,,8.23,1,8.23,8.23,Ki,F,assay format,other,9,D,2007,
CHEMBL248299,CHEMBL248299,Nc1nc2c(ncn2CCN2CCOCC2)c2nc(-c3ccco3)nn12,,8.2,1,8.2,8.2,Ki,F,assay format,other,9,D,2007,
CHEMBL248300,CHEMBL248300,Nc1nc2c(ncn2CCN2CCN(c3ccccc3)CC2)c2nc(-c3ccco3)nn12,,8.77,1,8.77,8.77,Ki,F,assay format,other,9,D,2007,
CHEMBL251869,CHEMBL251869,CCCn1c(=O)c2[nH]c(-c3cnn(Cc4cccc(F)c4)c3)nc2n(CCC)c1=O,,6.64,1,6.64,6.64,Ki,B,cell-based format,cell_based,9,D,2006,
CHEMBL251870,CHEMBL251870,CCCn1c(=O)c2[nH]c(-c3cnn(Cc4cccc(C(F)(F)F)c4)c3)nc2n(CCC)c1=O,,6.4,1,6.4,6.4,Ki,B,cell-based format,cell_based,9,D,2006,
CHEMBL251975,CHEMBL251975,CN1CCN(CC(=O)Nc2cc(-n3cccn3)nc(-c3ccco3)n2)CC1,,8.545,2,8.52,8.57,Ki,B,cell-based format,cell_based,9,D,2008,
CHEMBL251997,CHEMBL251997,C[C@@]1(O)[C@H](O)[C@@H](CO)O[C@H]1n1cnc2c(NC3CCCC3)nc(Cl)nc21,,8.41,1,8.41,8.41,Ki,B,assay format,other,8,H,1998,
CHEMBL252171,CHEMBL252171,Cc1cc(C)n(-c2cc(NC(=O)CN3CCN(C)CC3)nc(-c3ccco3)n2)n1,,8.7,1,8.7,8.7,Ki,B,cell-based format,cell_based,9,D,2008,
CHEMBL252245,CHEMBL252245,CCCn1c(=O)c2[nH]c(-c3cnn(Cc4cc(-c5ccccc5)on4)c3)nc2n(CCC)c1=O,,6.38,1,6.38,6.38,Ki,B,cell-based format,cell_based,9,D,2006,
CHEMBL252345,CHEMBL252345,O=C(CN1CCOCC1)Nc1cc(-n2cccn2)nc(-c2ccco2)n1,,8.8,1,8.8,8.8,Ki,B,cell-based format,cell_based,9,D,2008,
CHEMBL253252,CHEMBL253252,O=c1[nH]c2nc(-c3cnn(Cc4cccc(F)c4)c3)[nH]c2c(=O)n1CC1CC1,,7.0,1,7.0,7.0,Ki,B,cell-based format,cell_based,9,D,2008,
CHEMBL253317,CHEMBL253317,COc1cc(OCC(=O)Nc2cc(-n3nc(C)cc3C)nc(-c3ccc(C)o3)n2)ccc1CN(C)C,,9.52,1,9.52,9.52,Ki,B,cell-based format,cell_based,9,D,2008,
CHEMBL253528,CHEMBL253528,Cc1cc(OCC(=O)Nc2cc(-n3nc(C)cc3C)nc(-c3ccc(C)o3)n2)cc(C)n1,,9.15,1,9.15,9.15,Ki,B,cell-based format,cell_based,9,D,2008,
CHEMBL253753,CHEMBL253753,Clc1nc(-c2cccs2)c2sccc2n1,,6.41,1,6.41,6.41,Ki,B,single protein format,single_protein,9,D,2008,
CHEMBL254725,CHEMBL254725,CCCn1c(=O)c2[nH]c(-c3cnn(Cc4ccccc4)c3)nc2n(CCC)c1=O,,6.54,1,6.54,6.54,Ki,B,cell-based format,cell_based,9,D,2006,
CHEMBL255267,CHEMBL255267,Cc1cc(C)n(-c2cc(NC(=O)COc3cccc(F)c3)nc(-c3ccc(C)o3)n2)n1,,8.43,1,8.43,8.43,Ki,B,cell-based format,cell_based,9,D,2008,
CHEMBL255569,CHEMBL255569,Cc1cc(C)n(-c2cc(NC(=O)Cc3ccc(F)c(F)c3)nc(-c3ccc(C)o3)n2)n1,,8.3,1,8.3,8.3,Ki,B,cell-based format,cell_based,9,D,2008,
CHEMBL255647,CHEMBL255647,Cc1ccc(-c2nc(NC(=O)CCc3ccccc3F)cc(-c3nccs3)n2)o1,,7.8,1,7.8,7.8,Ki,B,single protein format,single_protein,8,H,2008,
CHEMBL255649,CHEMBL255649,Cc1ccc(-c2nc(NC(=O)COc3ccccc3)cc(-c3nccs3)n2)o1,,8.13,1,8.13,8.13,Ki,B,cell-based format,cell_based,9,D,2008,
CHEMBL255699,CHEMBL255699,O=C(COc1cccc(F)c1)Nc1cc(-c2nccs2)nc(-c2ccccn2)n1,,8.44,1,8.44,8.44,Ki,B,cell-based format,cell_based,9,D,2008,
CHEMBL255739,CHEMBL255739,Cc1cc(C)n(-c2cc(NC(=O)Cc3ccc(CN(C)C)cc3)nc(-c3ccc(C)o3)n2)n1,,9.7,1,9.7,9.7,Ki,B,cell-based format,cell_based,9,D,2008,
CHEMBL255859,CHEMBL255859,Cc1ccc(-c2nc(NC(=O)COc3cccc(F)c3)cc(-c3nccs3)n2)o1,,7.96,1,7.96,7.96,Ki,B,cell-based format,cell_based,9,D,2008,
CHEMBL255860,CHEMBL255860,Cc1ccc(-c2nc(NC(=O)COc3cccc(C#N)c3)cc(-c3nccs3)n2)o1,,8.17,1,8.17,8.17,Ki,B,cell-based format,cell_based,9,D,2008,
CHEMBL255861,CHEMBL255861,Cc1ccc(-c2nc(NC(=O)COc3cccc(Cl)c3)cc(-c3nccs3)n2)o1,,7.85,1,7.85,7.85,Ki,B,cell-based format,cell_based,9,D,2008,
CHEMBL255911,CHEMBL255911,N#Cc1cccc(OCC(=O)Nc2cc(-c3nccs3)nc(-c3ccccn3)n2)c1,,8.74,1,8.74,8.74,Ki,B,cell-based format,cell_based,9,D,2008,
CHEMBL255951,CHEMBL255951,Cc1cc(C)n(-c2cc(NC(=O)Cc3ccc(CN4CCOCC4)cc3)nc(-c3ccc(C)o3)n2)n1,,9.1,1,9.1,9.1,Ki,B,cell-based format,cell_based,9,D,2008,
CHEMBL256123,CHEMBL256123,CCNCc1cccc(OCC(=O)Nc2cc(-n3nc(C)cc3C)nc(-c3ccc(C)o3)n2)c1,,9.52,2,9.52,9.52,Ki,B,cell-based format;single protein format,mixed,8;9,D;H,2008,
CHEMBL256124,CHEMBL256124,CCN(C)Cc1cccc(OCC(=O)Nc2cc(-n3nc(C)cc3C)nc(-c3ccc(C)o3)n2)c1,,9.52,2,9.52,9.52,Ki,B,cell-based format;single protein format,mixed,8;9,D;H,2008,
CHEMBL256125,CHEMBL256125,Cc1cc(C)n(-c2cc(NC(=O)COc3cccc(CN4CCOCC4)c3)nc(-c3ccc(C)o3)n2)n1,,8.92,1,8.92,8.92,Ki,B,cell-based format,cell_based,9,D,2008,
CHEMBL256153,CHEMBL256153,Nc1nc(-c2ccco2)c2cnn(Cc3ccc([N+](=O)[O-])cc3)c2n1,,6.92,1,6.92,6.92,Ki,B,single protein format,single_protein,9,D,2008,
CHEMBL256327,CHEMBL256327,Cc1cc(C)n(-c2cc(NC(=O)COc3cc(F)cc(CN4CCOCC4)c3)nc(-c3ccc(C)o3)n2)n1,,8.85,1,8.85,8.85,Ki,B,cell-based format,cell_based,9,D,2008,
CHEMBL256331,CHEMBL256331,Cc1cc(C)n(-c2cc(NC(=O)COc3cc(F)cc(CN(C)C)c3)nc(-c3ccc(C)o3)n2)n1,,9.3,1,9.3,9.3,Ki,B,cell-based format,cell_based,9,D,2008,
CHEMBL256332,CHEMBL256332,Cc1cc(C)n(-c2cc(NC(=O)COc3cc(F)cc(CN4CCCC4)c3)nc(-c3ccc(C)o3)n2)n1,,9.3,1,9.3,9.3,Ki,B,cell-based format,cell_based,9,D,2008,
CHEMBL256344,CHEMBL256344,Nc1nc(-c2ccco2)c2cnn(Cc3ccc(C(F)(F)F)cc3)c2n1,,8.22,1,8.22,8.22,Ki,B,single protein format,single_protein,9,D,2008,
CHEMBL256359,CHEMBL256359,Nc1nc(-c2ccco2)c2cnn(Cc3ccccc3[N+](=O)[O-])c2n1,,7.58,1,7.58,7.58,Ki,B,single protein format,single_protein,9,D,2008,
CHEMBL256360,CHEMBL256360,Nc1nc(-c2ccco2)c2cnn(Cc3cccc([N+](=O)[O-])c3)c2n1,,8.4,1,8.4,8.4,Ki,B,single protein format,single_protein,9,D,2008,
CHEMBL256361,CHEMBL256361,COC(=O)c1cccc(Cn2ncc3c(-c4ccco4)nc(N)nc32)c1,,8.4,1,8.4,8.4,Ki,B,single protein format,single_protein,9,D,2008,
CHEMBL256382,CHEMBL256382,COc1ccc(CC(=O)Nc2cc(-c3nccs3)nc(-c3ccccn3)n2)cc1,,9.0,1,9.0,9.0,Ki,B,cell-based format,cell_based,9,D,2008,
CHEMBL256467,CHEMBL256467,O=C(NCCN1CCCCC1)c1nc(NCC(c2ccccc2)c2ccccc2)c2ncn([C@@H]3O[C@H](CO)[C@@H](O)[C@H]3O)c2n1,,7.445,2,7.19,7.7,IC50;Ki,B;F,assay format;single protein format,mixed,8,H,2008;2012,
CHEMBL256489,CHEMBL256489,CCNC(=O)[C@H]1O[C@@H](n2cnc3c(NCC(c4ccccc4)c4ccccc4)nc(CNC(=O)NCCN(C4CCCCC4)C(C)(C)C)nc32)[C@H](O)[C@@H]1O,,7.48,1,7.48,7.48,IC50,F,assay format,other,8,H,2008,
CHEMBL256546,CHEMBL256546,Cc1cc(C)n(-c2cc(NC(=O)COc3cccc(CCN4CCOCC4)c3)nc(-c3ccc(C)o3)n2)n1,,8.64,1,8.64,8.64,Ki,B,cell-based format,cell_based,9,D,2008,
CHEMBL256547,CHEMBL256547,Cc1cc(C)n(-c2cc(NC(=O)COc3ccccc3CN(C)C)nc(-c3ccc(C)o3)n2)n1,,9.0,1,9.0,9.0,Ki,B,cell-based format,cell_based,9,D,2008,
CHEMBL256548,CHEMBL256548,Cc1ccc(OCC(=O)Nc2cc(-n3nc(C)cc3C)nc(-c3ccc(C)o3)n2)c(CN(C)C)c1,,9.0,1,9.0,9.0,Ki,B,cell-based format,cell_based,9,D,2008,
CHEMBL256755,CHEMBL256755,Cc1cc(C)n(-c2cc(NC(=O)COc3ccccc3CCN3CCOCC3)nc(-c3ccc(C)o3)n2)n1,,8.92,1,8.92,8.92,Ki,B,cell-based format,cell_based,9,D,2008,
CHEMBL257213,CHEMBL257213,CCNC(=O)[C@H]1O[C@@H](n2cnc3c(NCC(c4ccccc4)c4ccccc4)nc(CNC(=O)NCCN(C(C)C)C(C)C)nc32)[C@H](O)[C@@H]1O,,7.96,1,7.96,7.96,IC50,F,assay format,other,8,H,2008,
CHEMBL257417,CHEMBL257417,Cc1cc(C)n(-c2cc(NC(=O)Cc3ccc(NS(C)(=O)=O)cc3)nc(-c3ccc(C)o3)n2)n1,,8.3,1,8.3,8.3,Ki,B,cell-based format,cell_based,9,D,2008,
CHEMBL257429,CHEMBL257429,COC[C@H]1O[C@@H](n2cnc3c(NCC(c4ccccc4)c4ccccc4)nc(CCNC4CCCCC4)nc32)[C@H](O)[C@@H]1O,,7.55,1,7.55,7.55,IC50,F,assay format,other,8,H,2008,
CHEMBL257670,CHEMBL257670,COc1cc(CC(=O)Nc2cc(-n3nc(C)cc3C)nc(-c3ccc(C)o3)n2)cc(OC)c1,,8.7,1,8.7,8.7,Ki,B,cell-based format,cell_based,9,D,2008,
CHEMBL257756,CHEMBL257756,Nc1nc(-c2ccco2)c2cnn(Cc3ccccc3Cl)c2n1,,8.05,1,8.05,8.05,Ki,B,single protein format,single_protein,9,D,2008,
CHEMBL257757,CHEMBL257757,Nc1nc(-c2ccco2)c2cnn(Cc3cccc(Cl)c3)c2n1,,9.0,1,9.0,9.0,Ki,B,single protein format,single_protein,9,D,2008,
CHEMBL257982,CHEMBL257982,Nc1nc(-c2ccccn2)c2cnn(Cc3ccccc3F)c2n1,,7.92,1,7.92,7.92,Ki,B,single protein format,single_protein,9,D,2008,
CHEMBL258006,CHEMBL258006,Nc1nc(-c2cccs2)c2cnn(Cc3ccccc3F)c2n1,,8.05,1,8.05,8.05,Ki,B,single protein format,single_protein,9,D,2008,
CHEMBL258181,CHEMBL258181,Nc1cccc(Cn2ncc3c(-c4ccco4)nc(N)nc32)c1,,8.4,1,8.4,8.4,Ki,B,single protein format,single_protein,9,D,2008,
CHEMBL258507,CHEMBL258507,CCCCn1c(=O)c2[nH]c(-c3cnn(Cc4cccc(C(F)(F)F)c4)c3)nc2n(C)c1=O,,6.32,1,6.32,6.32,Ki,B,cell-based format,cell_based,9,D,2008,
CHEMBL258534,CHEMBL258534,CCNC(=O)[C@H]1O[C@@H](n2cnc3c(N)nc(C#C[C@H](O)c4ccccc4)nc32)[C@H](O)[C@@H]1O,,7.41,1,7.41,7.41,Ki,B,cell-based format,cell_based,8,H,2002,
CHEMBL258535,CHEMBL258535,CCNc1nc(C#C[C@@H](O)c2ccccc2)nc2c1ncn2[C@@H]1O[C@H](CO)[C@@H](O)[C@H]1O,,7.19,1,7.19,7.19,Ki,B,cell-based format,cell_based,8,H,2002,
CHEMBL258568,CHEMBL258568,Cn1c(=O)c2[nH]c(-c3ccc(OCC(=O)N4CCN(c5c(Cl)cncc5Cl)CC4)cc3)cc2n(C)c1=O,,6.49,1,6.49,6.49,Ki,B,cell-based format,cell_based,9,D,2008,
CHEMBL258589,CHEMBL258589,O=C(c1ccsc1)c1nc(C(F)(F)F)nc2ccsc12,,7.25,1,7.25,7.25,Ki,B,single protein format,single_protein,9,D,2008,
CHEMBL258686,CHEMBL258686,CCCn1c(=O)c2[nH]c(-c3cnn(Cc4ccccc4)c3)nc2n(C)c1=O,,6.9,1,6.9,6.9,Ki,B,cell-based format,cell_based,9,D,2008,
CHEMBL258810,CHEMBL258810,Cn1c(=O)c2[nH]c(-c3ccc(OCC(=O)N4CCC(C(=O)c5ccc(F)cc5)CC4)cc3)cc2n(C)c1=O,,6.52,1,6.52,6.52,Ki,B,cell-based format,cell_based,9,D,2008,
CHEMBL258834,CHEMBL258834,Nc1cc(-c2ccc3c(c2)OCO3)nc(-c2ccccc2)n1,,6.25,1,6.25,6.25,Ki,B,cell-based format,cell_based,9,D,2008,
CHEMBL258836,CHEMBL258836,Cc1nc(-c2ccco2)c2ncn(C(=O)NCc3ccccc3)c2n1,,6.99,1,6.99,6.99,Ki,B,single protein format,single_protein,9,D,2008,
CHEMBL258848,CHEMBL258848,COCCCNc1nc2ccccc2n2nc(-c3ccco3)nc12,,6.43,1,6.43,6.43,Ki,B,cell-based format,cell_based,9,D,2008,
CHEMBL258900,CHEMBL258900,OCCNc1nc(-c2ccco2)c2sccc2n1,,6.69,1,6.69,6.69,Ki,B,single protein format,single_protein,9,D,2008,
CHEMBL258901,CHEMBL258901,CN(C)c1nc(-c2ccoc2)c2sccc2n1,,6.13,1,6.13,6.13,Ki,B,single protein format,single_protein,9,D,2008,
CHEMBL258924,CHEMBL258924,N#Cc1c(N)nc(-c2ccccc2)nc1-c1ccc2c(c1)OCO2,,7.35,1,7.35,7.35,Ki,B,cell-based format,cell_based,9,D,2008,
CHEMBL258948,CHEMBL258948,CCCn1c(=O)n(C)c(=O)c2[nH]c(-c3ccc(OCC(=O)N4CCN(c5c(Cl)cncc5Cl)CC4)cc3)cc21,,6.19,1,6.19,6.19,Ki,B,cell-based format,cell_based,9,D,2008,
CHEMBL258960,CHEMBL258960,Nc1nc(-c2cncs2)c2ncn(C(=O)NCc3ccccc3)c2n1,,7.25,1,7.25,7.25,Ki,B,single protein format,single_protein,9,D,2008,
CHEMBL258978,CHEMBL258978,CCCn1c(=O)c2[nH]c(-c3ccc(OCC(=O)N4CCc5ccccc5C4)cc3)cc2n(CCC)c1=O,,7.03,1,7.03,7.03,Ki,B,cell-based format,cell_based,9,D,2008,
CHEMBL258979,CHEMBL258979,CCCn1c(=O)c2[nH]c(-c3ccc(OCC(=O)N4CCN(c5c(Cl)cncc5Cl)CC4)cc3)cc2n(CCC)c1=O,,7.13,1,7.13,7.13,Ki,B,cell-based format,cell_based,9,D,2008,
CHEMBL258989,CHEMBL258989,CCC(CC)C(=O)Nc1nc(-c2ccccc2)c(C#N)c(-c2ccccc2)n1,,7.26,1,7.26,7.26,Ki,B,cell-based format,cell_based,9,D,2008,
CHEMBL259038,CHEMBL259038,CCN[C@@H]1CCN(CC(=O)Nc2cc(-n3nc(C)cc3C)nc(-c3ccc(C)o3)n2)C1,,8.42,1,8.42,8.42,Ki,B,cell-based format,cell_based,9,D,2008,
CHEMBL259049,CHEMBL259049,Cc1cccc(CNC(=O)n2cnc3c(-c4ccco4)nc(N)nc32)c1,,9.0,1,9.0,9.0,Ki,B,single protein format,single_protein,9,D,2008,
CHEMBL259056,CHEMBL259056,CCCn1c(=O)n(C)c(=O)c2[nH]c(-c3ccc(OCC(=O)N4CCN(c5ccccc5)CC4)cc3)cc21,,6.15,1,6.15,6.15,Ki,B,cell-based format,cell_based,9,D,2008,
CHEMBL259057,CHEMBL259057,CCCn1c(=O)c2[nH]c(-c3ccc(OCC(=O)N4CCN(c5ccccc5)CC4)cc3)cc2n(CCC)c1=O,,6.79,1,6.79,6.79,Ki,B,cell-based format,cell_based,9,D,2008,
CHEMBL259075,CHEMBL259075,CCCC(=O)Nc1nc(-c2ccccc2)c(C#N)c(-c2ccccc2)n1,,7.32,1,7.32,7.32,Ki,B,cell-based format,cell_based,9,D,2008,
CHEMBL259104,CHEMBL259104,O=C(COc1ccc(-c2cc3c([nH]2)c(=O)n(CC2CC2)c(=O)n3CC2CC2)cc1)N1CCc2ccccc2C1,,6.62,1,6.62,6.62,Ki,B,cell-based format,cell_based,9,D,2008,
CHEMBL259105,CHEMBL259105,Cn1c(=O)c2[nH]c(-c3ccc(OCC(=O)N4CCc5ccccc5C4)cc3)cc2n(C)c1=O,,6.37,1,6.37,6.37,Ki,B,cell-based format,cell_based,9,D,2008,
CHEMBL259111,CHEMBL259111,Nc1nc(-c2nccs2)c2sccc2n1,,7.46,1,7.46,7.46,Ki,B,single protein format,single_protein,9,D,2008,
CHEMBL259129,CHEMBL259129,CC(C)Cn1c(=O)c2[nH]c(-c3cnn(Cc4cccc(C(F)(F)F)c4)c3)nc2n(C)c1=O,,6.2,1,6.2,6.2,Ki,B,cell-based format,cell_based,9,D,2008,
CHEMBL259130,CHEMBL259130,CC(C)Cn1c(=O)c2[nH]c(-c3cnn(Cc4cccc(F)c4)c3)nc2n(C)c1=O,,6.52,1,6.52,6.52,Ki,B,cell-based format,cell_based,9,D,2008,
CHEMBL259151,CHEMBL259151,CCCn1c(=O)n(C)c(=O)c2[nH]c(-c3ccc(OCC(=O)N4CCC(c5ccccc5OC)CC4)cc3)cc21,,6.39,1,6.39,6.39,Ki,B,cell-based format,cell_based,9,D,2008,
CHEMBL259164,CHEMBL259164,Nc1nc(-c2ccccc2)c2ncn(C(=O)NCc3ccccc3)c2n1,,7.77,1,7.77,7.77,Ki,B,single protein format,single_protein,9,D,2008,
CHEMBL259178,CHEMBL259178,CC(O)CNc1nc2ccccc2n2nc(-c3ccco3)nc12,,7.32,1,7.32,7.32,Ki,B,cell-based format,cell_based,9,D,2008,
CHEMBL259210,CHEMBL259210,Nc1nc(-c2ccco2)c2cnn(CCc3ccccc3)c2n1,,6.96,1,6.96,6.96,Ki,B,single protein format,single_protein,9,D,2008,
CHEMBL259283,CHEMBL259283,Cc1nc(C(=O)c2cccs2)c2sccc2n1,,7.54,1,7.54,7.54,Ki,B,single protein format,single_protein,9,D,2008,
CHEMBL259300,CHEMBL259300,Cn1c(=O)n(CC2CC2)c(=O)c2[nH]c(-c3cnn(Cc4cccc(F)c4)c3)nc21,,7.14,1,7.14,7.14,Ki,B,cell-based format,cell_based,9,D,2008,
CHEMBL259319,CHEMBL259319,N#Cc1c(-c2ccccc2)nc(NC(=O)C2CCCC2)nc1-c1ccc2c(c1)OCO2,,7.1850000000000005,2,6.8,7.57,Ki,B,cell membrane format;cell-based format,cell_based,9,D,2008;2022,
CHEMBL259323,CHEMBL259323,CCc1nc(-c2nc(C)cs2)c2sccc2n1,,8.68,1,8.68,8.68,Ki,B,single protein format,single_protein,9,D,2008,
CHEMBL259337,CHEMBL259337,CCc1nc(-c2ccccn2)c2sccc2n1,,7.89,1,7.89,7.89,Ki,B,single protein format,single_protein,9,D,2008,
CHEMBL259338,CHEMBL259338,CCc1nc(-c2ccoc2)c2sccc2n1,,6.17,1,6.17,6.17,Ki,B,single protein format,single_protein,9,D,2008,
CHEMBL259342,CHEMBL259342,CCn1c(=O)c2[nH]c(-c3cnn(Cc4cccc(C(F)(F)F)c4)c3)nc2n(C)c1=O,,6.63,1,6.63,6.63,Ki,B,cell-based format,cell_based,9,D,2008,
CHEMBL259360,CHEMBL259360,Cn1c(=O)c2[nH]c(-c3ccc(OCC(=O)N4CCC(O)(c5ccc(Cl)cc5)CC4)cc3)cc2n(C)c1=O,,6.49,1,6.49,6.49,Ki,B,cell-based format,cell_based,9,D,2008,
CHEMBL259392,CHEMBL259392,O=C(Nc1cc(-c2ccc3c(c2)OCO3)nc(-c2ccccc2)n1)C1CCCC1,,6.47,1,6.47,6.47,Ki,B,cell-based format,cell_based,9,D,2008,
CHEMBL259416,CHEMBL259416,Nc1nc(-c2ccco2)c2cnn(Cc3cccnc3)c2n1,,7.55,1,7.55,7.55,Ki,B,single protein format,single_protein,9,D,2008,
CHEMBL259418,CHEMBL259418,Nc1nc(-c2ccco2)c2cnn(Cc3ccccc3)c2n1,,8.52,1,8.52,8.52,Ki,B,single protein format,single_protein,9,D,2008,
CHEMBL259430,CHEMBL259430,c1coc(-c2nc3c(OCc4ccoc4)nc4ccccc4n3n2)c1,,6.24,1,6.24,6.24,Ki,B,cell-based format,cell_based,9,D,2008,
CHEMBL259442,CHEMBL259442,Cc1nc(-c2nc(N(C)C)nc3ccsc23)sc1C,,8.18,1,8.18,8.18,Ki,B,single protein format,single_protein,9,D,2008,
CHEMBL259445,CHEMBL259445,CNc1nc(-c2ccco2)c2sccc2n1,,7.4,1,7.4,7.4,Ki,B,single protein format,single_protein,9,D,2008,
CHEMBL259524,CHEMBL259524,Cn1c(=O)n(CC2CC2)c(=O)c2[nH]c(-c3cnn(Cc4ccccc4)c3)nc21,,6.83,1,6.83,6.83,Ki,B,cell-based format,cell_based,9,D,2008,
CHEMBL259529,CHEMBL259529,COc1ccc(N2CCN(C(=O)COc3ccc(-c4cc5c([nH]4)c(=O)n(C)c(=O)n5C)cc3)CC2)cc1,,6.77,1,6.77,6.77,Ki,B,cell-based format,cell_based,9,D,2008,
CHEMBL259532,CHEMBL259532,CCCC(=O)Nc1nc(-c2ccccc2)nc(-c2ccccc2)c1C#N,,7.16,1,7.16,7.16,Ki,B,cell-based format,cell_based,9,D,2008,
CHEMBL259580,CHEMBL259580,CCCn1c(=O)n(C)c(=O)c2[nH]c(-c3ccc(OCC(=O)N4CCN(c5ccc(F)cc5)CC4)cc3)cc21,,6.33,1,6.33,6.33,Ki,B,cell-based format,cell_based,9,D,2008,
CHEMBL259581,CHEMBL259581,CCCn1c(=O)c2[nH]c(-c3ccc(OCC(=O)N4CCN(c5ccccc5)CC4)cc3)cc2n(C)c1=O,,6.5,1,6.5,6.5,Ki,B,cell-based format,cell_based,9,D,2008,
CHEMBL259607,CHEMBL259607,N#Cc1c(-c2ccccc2)nc(N)nc1-c1ccc2c(c1)OCO2,,8.135,2,7.99,8.28,Ki,B,cell membrane format;cell-based format,cell_based,9,D,2008;2022,
CHEMBL259704,CHEMBL259704,N#Cc1c(-c2ccccc2)nc(NC(=O)C2CCCC2)nc1-c1ccccc1,,6.8,1,6.8,6.8,Ki,B,cell-based format,cell_based,9,D,2008,
CHEMBL259733,CHEMBL259733,Cn1c(=O)c2[nH]c(-c3ccc(OCC(=O)N4CCN(c5ccc(F)cc5)CC4)cc3)cc2n(C)c1=O,,6.49,1,6.49,6.49,Ki,B,cell-based format,cell_based,9,D,2008,
CHEMBL259736,CHEMBL259736,N#Cc1c(-c2ccccc2)nc(N)nc1-c1ccccc1,,7.6850000000000005,2,7.64,7.73,Ki,B,cell membrane format;cell-based format,cell_based,9,D,2008;2022,
CHEMBL259832,CHEMBL259832,Nc1nc(-c2ccco2)c2ncn(C(=O)NCc3ccco3)c2n1,,8.735,2,8.7,8.77,Ki,B;F,single protein format,single_protein,9,D,2008;2014,
CHEMBL259869,CHEMBL259869,Cn1c(=O)c2[nH]c(-c3ccc(OCC(=O)N4CCC(c5ccccc5)CC4)cc3)cc2n(C)c1=O,,6.1,1,6.1,6.1,Ki,B,cell-based format,cell_based,9,D,2008,
CHEMBL259870,CHEMBL259870,CCCn1c(=O)c2[nH]c(-c3ccc(OCC(=O)N4CCN(c5ccccc5Cl)CC4)cc3)cc2n(CCC)c1=O,,7.42,1,7.42,7.42,Ki,B,cell-based format,cell_based,9,D,2008,
CHEMBL259871,CHEMBL259871,CCCn1c(=O)c2[nH]c(-c3ccc(OC(C)C(=O)N4CCN(c5ccccc5)CC4)cc3)cc2n(CCC)c1=O,,6.62,1,6.62,6.62,Ki,B,cell-based format,cell_based,9,D,2008,
CHEMBL259933,CHEMBL259933,CCCC(=O)Nc1nc(-c2ccccc2)c(C#N)c(-c2ccc3c(c2)OCO3)n1,,7.67,1,7.67,7.67,Ki,B,cell-based format,cell_based,9,D,2008,
CHEMBL259938,CHEMBL259938,CC(C)Nc1nc(C#C[C@@H](O)c2ccccc2)nc2c1ncn2[C@@H]1O[C@H](CO)[C@@H](O)[C@H]1O,,7.37,1,7.37,7.37,Ki,B,cell-based format,cell_based,8,H,2002,
CHEMBL259952,CHEMBL259952,Cc1ccc(-c2nc(N(C)C)nc3ccsc23)nc1,,7.72,1,7.72,7.72,Ki,B,single protein format,single_protein,9,D,2008,
CHEMBL259953,CHEMBL259953,CN(C)c1nc(-c2ccccn2)c2sccc2n1,,7.58,1,7.58,7.58,Ki,B,single protein format,single_protein,9,D,2008,
CHEMBL260008,CHEMBL260008,CS(=O)(=O)c1ccc(Cn2cnc3c(-c4ccco4)nc(N)nc32)cc1,,6.11,1,6.11,6.11,Ki,B,single protein format,single_protein,9,D,2008,
CHEMBL260051,CHEMBL260051,CCCn1c(=O)c2[nH]c(-c3ccc(OCC(=O)N4CCN(c5cccc(Cl)c5)CC4)cc3)cc2n(CCC)c1=O,,6.94,1,6.94,6.94,Ki,B,cell-based format,cell_based,9,D,2008,
CHEMBL260146,CHEMBL260146,Nc1nc(-c2ccco2)c2cnn(C(=O)NCc3ccccc3)c2n1,,9.0,1,9.0,9.0,Ki,B,single protein format,single_protein,9,D,2008,
CHEMBL260179,CHEMBL260179,COc1ccc(C2CCN(C(=O)COc3ccc(-c4cc5c([nH]4)c(=O)n(C)c(=O)n5C)cc3OC)CC2)cc1,,6.06,1,6.06,6.06,Ki,B,cell-based format,cell_based,9,D,2008,
CHEMBL260180,CHEMBL260180,CCCn1c(=O)c2[nH]c(-c3ccc(OCC(=O)N4CCC(c5ccccc5)CC4)cc3)cc2n(CCC)c1=O,,6.23,1,6.23,6.23,Ki,B,cell-based format,cell_based,9,D,2008,
CHEMBL260203,CHEMBL260203,Nc1nc(OCCc2cccc3ccccc23)nc2c1ncn2[C@@H]1O[C@H](CO)[C@@H](O)[C@H]1O,,8.42,1,8.42,8.42,Ki,B,single protein format,single_protein,8,H,2012,
CHEMBL260209,CHEMBL260209,Nc1nc(-c2ccco2)c2ncn(Cc3ccccc3F)c2n1,,8.3,1,8.3,8.3,Ki,B,single protein format,single_protein,9,D,2008,
CHEMBL260221,CHEMBL260221,CCCn1c(=O)c2[nH]c(-c3ccc(OCC(=O)N4CCN(c5ccc(C(F)(F)F)cc5)CC4)cc3)cc2n(CCC)c1=O,,6.76,1,6.76,6.76,Ki,B,cell-based format,cell_based,9,D,2008,
CHEMBL260331,CHEMBL260331,CCCn1c(=O)c2[nH]c(-c3cc(OCC(=O)Nc4ccc5c(c4)OCO5)nn3C)nc2n(CCC)c1=O,,8.26,1,8.26,8.26,Ki,F,assay format,other,9,D,2022,
CHEMBL260337,CHEMBL260337,OCCNc1nc(-c2ccco2)c2cnn(CCc3ccccc3)c2n1,,6.87,1,6.87,6.87,Ki,B,single protein format,single_protein,9,D,2008,
CHEMBL260433,CHEMBL260433,CCCn1c(=O)c2[nH]c(-c3ccc(OCC(=O)N4CCN(C(=O)OCc5ccccc5)CC4)cc3)cc2n(CCC)c1=O,,6.82,1,6.82,6.82,Ki,B,cell-based format,cell_based,9,D,2008,
CHEMBL260490,CHEMBL260490,CCn1c(=O)c2[nH]c(-c3cnn(Cc4cccc(F)c4)c3)nc2n(C)c1=O,,6.64,1,6.64,6.64,Ki,B,cell-based format,cell_based,9,D,2008,
CHEMBL260495,CHEMBL260495,Cn1c(=O)c2[nH]c(-c3ccc(OCC(=O)N4CCN(c5ccccn5)CC4)cc3)cc2n(C)c1=O,,6.15,1,6.15,6.15,Ki,B,cell-based format,cell_based,9,D,2008,
CHEMBL260547,CHEMBL260547,COc1nc(C(=O)c2cccs2)c2sccc2n1,,7.1,1,7.1,7.1,Ki,B,single protein format,single_protein,9,D,2008,
CHEMBL260557,CHEMBL260557,Nc1nc(-c2ccco2)c2cn[nH]c2n1,,7.32,1,7.32,7.32,Ki,B,single protein format,single_protein,9,D,2008,
CHEMBL260615,CHEMBL260615,N#Cc1c(N)nc(-c2ccccc2)nc1-c1ccccc1,,7.72,1,7.72,7.72,Ki,B,cell-based format,cell_based,9,D,2008,
CHEMBL260667,CHEMBL260667,CCNc1nc(-c2ccco2)c2sccc2n1,,7.24,1,7.24,7.24,Ki,B,single protein format,single_protein,9,D,2008,
CHEMBL260692,CHEMBL260692,Cc1ccc(N2CCN(C(=O)C(C)Oc3ccc(-c4cc5c([nH]4)c(=O)n(C)c(=O)n5C)cc3)CC2)cc1,,6.41,1,6.41,6.41,Ki,B,cell-based format,cell_based,9,D,2008,
CHEMBL260693,CHEMBL260693,Cn1c(=O)c2[nH]c(-c3ccc(OCC(=O)N4CCN(c5cccc(Cl)c5)CC4)cc3)cc2n(C)c1=O,,6.81,1,6.81,6.81,Ki,B,cell-based format,cell_based,9,D,2008,
CHEMBL260718,CHEMBL260718,OC[C@@H]1CCCN1c1nc(-c2nccs2)c2sccc2n1,,8.55,1,8.55,8.55,Ki,B,single protein format,single_protein,9,D,2008,
CHEMBL260719,CHEMBL260719,c1csc(-c2nc(C3CC3)nc3ccsc23)n1,,8.48,1,8.48,8.48,Ki,B,single protein format,single_protein,9,D,2008,
CHEMBL260721,CHEMBL260721,COC(=O)c1cccc(Cn2cnc3c(-c4ccco4)nc(N)nc32)c1,,7.35,1,7.35,7.35,Ki,B,single protein format,single_protein,9,D,2008,
CHEMBL260758,CHEMBL260758,O=C(c1nccs1)c1nc(C(F)(F)F)nc2ccsc12,,6.47,1,6.47,6.47,Ki,B,single protein format,single_protein,9,D,2008,
CHEMBL260763,CHEMBL260763,CCCCn1c(=O)c2[nH]c(-c3cnn(Cc4ccccc4)c3)nc2n(C)c1=O,,6.61,1,6.61,6.61,Ki,B,cell-based format,cell_based,9,D,2008,
CHEMBL260773,CHEMBL260773,Clc1nc(-c2nccs2)c2sccc2n1,,7.7,1,7.7,7.7,Ki,B,single protein format,single_protein,9,D,2008,
CHEMBL260788,CHEMBL260788,Nc1cccc(Cn2cnc3c(-c4ccco4)nc(N)nc32)c1,,7.64,1,7.64,7.64,Ki,B,single protein format,single_protein,9,D,2008,
CHEMBL260790,CHEMBL260790,Nc1nc(-c2ccco2)c2ncn(Cc3cccc([N+](=O)[O-])c3)c2n1,,7.07,1,7.07,7.07,Ki,B,single protein format,single_protein,9,D,2008,
CHEMBL260878,CHEMBL260878,CCCn1c(=O)c2[nH]c(-c3cnn(-c4ccc(C)nc4)c3)nc2n(CC)c1=O,,6.17,1,6.17,6.17,Ki,B,cell-based format,cell_based,9,D,2008,
CHEMBL260890,CHEMBL260890,N#Cc1c(NC(=O)C2CCCC2)nc(-c2ccccc2)nc1-c1ccccc1,,6.55,1,6.55,6.55,Ki,B,cell-based format,cell_based,9,D,2008,
CHEMBL260975,CHEMBL260975,CCCn1c(=O)c2[nH]c(-c3cnn(Cc4cccc(C(F)(F)F)c4)c3)nc2n(C)c1=O,,6.35,1,6.35,6.35,Ki,B,cell-based format,cell_based,9,D,2008,
CHEMBL260976,CHEMBL260976,CCCn1c(=O)c2[nH]c(-c3cnn(Cc4cccc(F)c4)c3)nc2n(C)c1=O,,6.86,1,6.86,6.86,Ki,B,cell-based format,cell_based,9,D,2008,
CHEMBL260989,CHEMBL260989,Nc1nc(-c2ccco2)c2ncn(C(=O)NCCc3ccccc3)c2n1,,8.22,1,8.22,8.22,Ki,B,single protein format,single_protein,9,D,2008,
CHEMBL261056,CHEMBL261056,Cn1c(=O)c2[nH]c(-c3ccc(OCC(=O)N4CCN(c5ccc(Cl)cc5)CC4)cc3)cc2n(C)c1=O,,6.4,1,6.4,6.4,Ki,B,cell-based format,cell_based,9,D,2008,
CHEMBL261068,CHEMBL261068,CC(Oc1ccc(-c2cc3c([nH]2)c(=O)n(C)c(=O)n3C)cc1)C(=O)N1CCN(c2ccc(Br)cc2)CC1,,6.57,1,6.57,6.57,Ki,B,cell-based format,cell_based,9,D,2008,
CHEMBL261085,CHEMBL261085,N#Cc1c(-c2ccccc2)nc(NC(=O)C2CC2)nc1-c1ccccc1,,7.34,1,7.34,7.34,Ki,B,cell-based format,cell_based,9,D,2008,
CHEMBL261167,CHEMBL261167,c1ccc(CNc2nc3ccccc3n3nc(-c4ccco4)nc23)cc1,,6.52,1,6.52,6.52,Ki,B,cell-based format,cell_based,9,D,2008,
CHEMBL261176,CHEMBL261176,Cc1cc(C)n(-c2cc(NC(=O)CN3CCOCC3)nc(-c3ccc(C)o3)n2)n1,,8.24,1,8.24,8.24,Ki,B,cell-based format,cell_based,9,D,2008,
CHEMBL261177,CHEMBL261177,CC(=O)N1CCN(CC(=O)Nc2cc(-n3nc(C)cc3C)nc(-c3ccc(C)o3)n2)CC1,,8.44,1,8.44,8.44,Ki,B,cell-based format,cell_based,9,D,2008,
CHEMBL261185,CHEMBL261185,Nc1nc(-c2ccccc2)cc(-c2ccccc2)n1,,6.39,1,6.39,6.39,Ki,B,cell-based format,cell_based,9,D,2008,
CHEMBL261198,CHEMBL261198,CCC(CC)C(=O)Nc1cc(-c2ccc3c(c2)OCO3)nc(-c2ccccc2)n1,,6.24,1,6.24,6.24,Ki,B,cell-based format,cell_based,9,D,2008,
CHEMBL261203,CHEMBL261203,Nc1nc(-c2ccco2)c2ncn(C(=O)NCc3ccccc3)c2n1,,8.98,2,8.96,9.0,Ki,B,single protein format,single_protein,9,D,2008,
CHEMBL261212,CHEMBL261212,COCCn1c(=O)c2[nH]c(-c3ccc(OCC(=O)N4CCN(c5ccccc5)CC4)cc3)cc2n(CCOC)c1=O,,6.4,1,6.4,6.4,Ki,B,cell-based format,cell_based,9,D,2008,
CHEMBL261345,CHEMBL261345,Nc1nc2ccccc2n2nc(-c3ccco3)nc12,,7.95,1,7.95,7.95,Ki,B,cell-based format,cell_based,9,D,2008,
CHEMBL261346,CHEMBL261346,c1ccc(Nc2nc3ccccc3n3nc(-c4ccco4)nc23)cc1,,7.19,1,7.19,7.19,Ki,B,cell-based format,cell_based,9,D,2008,
CHEMBL261349,CHEMBL261349,Nc1nc(-c2ccco2)c2ncn(Cc3cccc(Cl)c3)c2n1,,8.1,1,8.1,8.1,Ki,B,single protein format,single_protein,9,D,2008,
CHEMBL2311151,CHEMBL26138,Cn1c(=O)c2c(nc(/C=C/c3cccc(Cl)c3)n2C)n(C)c1=O,,7.345,4,6.69,7.44,Ki,B;F,assay format;cell-based format;single protein format,mixed,8;9,D;H,2000;2008;2013,
CHEMBL261453,CHEMBL261453,CNc1nc(C#C[C@@H](O)c2ccccc2)nc2c1ncn2[C@@H]1O[C@H](CO)[C@@H](O)[C@H]1O,,6.79,1,6.79,6.79,Ki,B,cell-based format,cell_based,8,H,2002,
CHEMBL261482,CHEMBL261482,Nc1ncnc2c1ncn2[C@@H]1O[C@H](C(=O)NC2CC2)[C@@H](O)[C@H]1O,,7.47,2,7.3,7.64,EC50;Ki,B;F,cell-based format,cell_based,9,D,2012,
CHEMBL261525,CHEMBL261525,CCCn1c(=O)c2[nH]c(-c3cnn(-c4ccccn4)c3)nc2n(CC)c1=O,,6.39,1,6.39,6.39,Ki,B,cell-based format,cell_based,9,D,2008,
CHEMBL261526,CHEMBL261526,CCCn1c(=O)c2[nH]c(-c3cnn(-c4cccnc4)c3)nc2n(CC)c1=O,,6.51,1,6.51,6.51,Ki,B,cell-based format,cell_based,9,D,2008,
CHEMBL261534,CHEMBL261534,Cc1cccc(Cn2cnc3c(-c4ccco4)nc(N)nc32)c1,,8.22,1,8.22,8.22,Ki,B,single protein format,single_protein,9,D,2008,
CHEMBL261554,CHEMBL261554,CCCn1c(=O)c2[nH]c(-c3cnn(Cc4cc(-c5ccc(Cl)cc5)on4)c3)nc2n(CC)c1=O,,6.11,1,6.11,6.11,Ki,B,cell-based format,cell_based,9,D,2008,
CHEMBL261623,CHEMBL261623,CCCCC#Cc1nc(NC(C)C)c2ncn([C@@H]3O[C@H](CO)[C@@H](O)[C@H]3O)c2n1,,6.71,1,6.71,6.71,Ki,B,cell-based format,cell_based,8,H,2002,
CHEMBL261667,CHEMBL261667,Cc1ccc(C(=O)Nc2nc(-c3ccccc3)c(C#N)c(-c3ccccc3)n2)cc1,,6.8,1,6.8,6.8,Ki,B,cell-based format,cell_based,9,D,2008,
CHEMBL261722,CHEMBL261722,Cn1c(=O)c2[nH]c(-c3cnn(Cc4cccc(F)c4)c3)nc2n(C)c1=O,,6.7,1,6.7,6.7,Ki,B,cell-based format,cell_based,9,D,2006,
CHEMBL261792,CHEMBL261792,CCCn1c(=O)c2[nH]c(-c3ccc(OCC(=O)N4CCN(C(=O)Oc5ccccc5)CC4)cc3)cc2n(CCC)c1=O,,6.81,1,6.81,6.81,Ki,B,cell-based format,cell_based,9,D,2008,
CHEMBL262089,CHEMBL262089,OCCN(CCO)c1nc2ccccc2n2nc(-c3ccco3)nc12,,6.96,1,6.96,6.96,Ki,B,cell-based format,cell_based,9,D,2008,
CHEMBL262332,CHEMBL262332,Cn1c(=O)c2[nH]c(-c3ccc(OCC(=O)N4CCN(c5ccccc5)CC4)cc3)cc2n(C)c1=O,,6.97,1,6.97,6.97,Ki,B,cell-based format,cell_based,9,D,2008,
CHEMBL262333,CHEMBL262333,Cn1c(=O)c2[nH]c(-c3ccc(OCC(=O)N4CCN(c5ccccc5Cl)CC4)cc3)cc2n(C)c1=O,,6.45,1,6.45,6.45,Ki,B,cell-based format,cell_based,9,D,2008,
CHEMBL262352,CHEMBL262352,CN(C)c1nc2ccccc2n2nc(-c3ccco3)nc12,,6.51,1,6.51,6.51,Ki,B,cell-based format,cell_based,9,D,2008,
CHEMBL262353,CHEMBL262353,CCN(CC)c1nc2ccccc2n2nc(-c3ccco3)nc12,,6.4,1,6.4,6.4,Ki,B,cell-based format,cell_based,9,D,2008,
CHEMBL262363,CHEMBL262363,Nc1nc(C#C[C@@H](O)c2ccccc2)nc2c1ncn2[C@@H]1O[C@H](CO)[C@@H](O)[C@H]1O,,8.74,1,8.74,8.74,Ki,B,cell-based format,cell_based,8,H,2002,
CHEMBL262987,CHEMBL262987,Cn1cc2c(nc(NC(=O)Nc3ccc4ccccc4n3)n3nc(-c4ccco4)nc23)n1,,6.09,1,6.09,6.09,Ki,B,cell-based format,cell_based,9,D,2006,
CHEMBL263370,CHEMBL263370,O=C(Nc1nc2ccccc2n2nc(-c3ccco3)nc12)c1ccco1,,6.4,1,6.4,6.4,Ki,B,cell-based format,cell_based,9,D,2008,
CHEMBL263372,CHEMBL263372,O=C(CCc1ccccc1)Nc1nc2ccccc2n2nc(-c3ccco3)nc12,,7.2,1,7.2,7.2,Ki,B,cell-based format,cell_based,9,D,2008,
CHEMBL263819,CHEMBL263819,Cc1ccc2c(O)c(C(=O)NCc3ccc(NC(=O)c4ccccc4)cc3)cnc2n1,,6.23,1,6.23,6.23,Ki,B,assay format,other,8,H,2005,
CHEMBL263895,CHEMBL263895,Cn1c(=O)c2[nH]c(-c3ccc(OCC(=O)N4CCN(c5ncccn5)CC4)cc3)cc2n(C)c1=O,,6.38,1,6.38,6.38,Ki,B,cell-based format,cell_based,9,D,2008,
CHEMBL264431,CHEMBL264431,Nc1nc(-c2cccs2)c2ncn(C(=O)NCc3ccccc3)c2n1,,7.89,1,7.89,7.89,Ki,B,single protein format,single_protein,9,D,2008,
CHEMBL264432,CHEMBL264432,Cc1ccc(CNC(=O)n2cnc3c(-c4ccco4)nc(N)nc32)cc1,,9.0,1,9.0,9.0,Ki,B,single protein format,single_protein,9,D,2008,
CHEMBL264433,CHEMBL264433,O=C(c1cccs1)c1nc(NCc2ccccc2)nc2ccsc12,,7.6,1,7.6,7.6,Ki,B,single protein format,single_protein,9,D,2008,
CHEMBL264435,CHEMBL264435,NNc1nc(C(=O)c2cccs2)c2sccc2n1,,7.22,1,7.22,7.22,Ki,B,single protein format,single_protein,9,D,2008,
CHEMBL264436,CHEMBL264436,CN(C)c1nc(C(=O)c2cccs2)c2sccc2n1,,7.31,1,7.31,7.31,Ki,B,single protein format,single_protein,9,D,2008,
CHEMBL264699,CHEMBL264699,O=C(c1cccnc1)c1nc(C(F)(F)F)nc2ccsc12,,6.36,1,6.36,6.36,Ki,B,single protein format,single_protein,9,D,2008,
CHEMBL265212,CHEMBL265212,CCCn1c(=O)c2[nH]c(-c3cnn(Cc4ccccc4)c3)nc2n(CC)c1=O,,6.58,1,6.58,6.58,Ki,B,cell-based format,cell_based,9,D,2008,
CHEMBL265587,CHEMBL265587,CCNC(=O)[C@H]1O[C@@H](n2cnc3c(NC(=O)Nc4ccc(S(N)(=O)=O)cc4)ncnc32)[C@H](O)[C@@H]1O,,7.02,1,7.02,7.02,Ki,B,cell-based format,cell_based,9,D,2004,
CHEMBL265695,CHEMBL265695,CCc1nc(-c2ccco2)c2sccc2n1,,7.52,1,7.52,7.52,Ki,B,single protein format,single_protein,9,D,2008,
CHEMBL265696,CHEMBL265696,CN(C)c1nc(-c2cccs2)c2sccc2n1,,7.26,1,7.26,7.26,Ki,B,single protein format,single_protein,9,D,2008,
CHEMBL265937,CHEMBL265937,COc1nc(-c2cccs2)c2sccc2n1,,6.35,1,6.35,6.35,Ki,B,single protein format,single_protein,9,D,2008,
CHEMBL267200,CHEMBL267200,Nc1nc(-c2cc[nH]n2)c2cnn(Cc3ccccc3F)c2n1,,7.8,1,7.8,7.8,Ki,B,single protein format,single_protein,9,D,2008,
CHEMBL270136,CHEMBL270136,CN1CCN(CC(=O)Nc2cc(-c3ccccn3)nc(-c3cccs3)n2)CC1,,7.62,1,7.62,7.62,Ki,B,cell-based format,cell_based,9,D,2008,
CHEMBL270314,CHEMBL270314,Cc1cc(C)n(-c2cc(NC(=O)CCN3CC[C@H](N(C)C)C3)nc(-c3ccc(C)o3)n2)n1,,8.62,1,8.62,8.62,Ki,B,cell-based format,cell_based,9,D,2008,
CHEMBL270355,CHEMBL270355,Cc1cc(C)n(-c2cc(NC(=O)CN3CC[C@@H](N(C)C)C3)nc(-c3ccc(C)o3)n2)n1,,8.4,1,8.4,8.4,Ki,B,cell-based format,cell_based,9,D,2008,
CHEMBL270378,CHEMBL270378,COC[C@H]1O[C@@H](n2cnc3c(NCC(c4ccccc4)c4ccccc4)nc(NCCN4CCCCC4)nc32)[C@H](O)[C@@H]1O,,7.22,1,7.22,7.22,IC50,F,assay format,other,8,H,2008,
CHEMBL27041,CHEMBL27041,CCCn1c(=O)c2nc(-c3ccc(OCC(=O)O)cc3)[nH]c2n(CCC)c1=O,,6.145,2,6.07,6.22,Ki,B;F,cell-based format;single protein format,mixed,8;9,D;H,2000;2006,
CHEMBL27043,CHEMBL27043,CCCn1c(=O)c2nc(-c3ccc(OCC(N)=O)cc3)[nH]c2n(CCC)c1=O,,6.77,1,6.77,6.77,Ki,B,single protein format,single_protein,9,D,2006,
CHEMBL270467,CHEMBL270467,Cc1cc(C)n(-c2cc(NC(=O)CN3CCN(C)CC3)nc(-c3ccc(C)o3)n2)n1,,7.92,1,7.92,7.92,Ki,B,single protein format,single_protein,9,D,2008,
CHEMBL270654,CHEMBL270654,Cc1cc(C)n(-c2cc(NC(=O)Cc3ccc(S(C)(=O)=O)cc3)nc(-c3ccccn3)n2)n1,,8.0,2,7.0,9.0,IC50;Ki,B;F,cell-based format,cell_based,9,D,2008,
CHEMBL270655,CHEMBL270655,CCOc1ccc(CC(=O)Nc2cc(-n3nc(C)cc3C)nc(-c3ccccn3)n2)cc1OC,,9.0,1,9.0,9.0,Ki,B,cell-based format,cell_based,9,D,2008,
CHEMBL270715,CHEMBL270715,CN1CCN(CC(=O)Nc2cc(-n3cccn3)nc(-n3cccn3)n2)CC1,,6.88,1,6.88,6.88,Ki,B,cell-based format,cell_based,9,D,2008,
CHEMBL270761,CHEMBL270761,Cc1cc(C)n(-c2nc(NC(=O)CN3CCN(C)CC3)cc(-c3nccs3)n2)n1,,7.57,1,7.57,7.57,Ki,B,cell-based format,cell_based,9,D,2008,
CHEMBL270880,CHEMBL270880,COc1ccc(CC(=O)Nc2cc(-n3nc(C)cc3C)nc(-c3ccc(C)o3)n2)cc1F,,8.52,1,8.52,8.52,Ki,B,cell-based format,cell_based,9,D,2008,
CHEMBL271055,CHEMBL271055,Cc1cc(C)n(-c2cc(NC(=O)Cc3cc(F)cc(F)c3)nc(-c3ccc(C)o3)n2)n1,,8.3,1,8.3,8.3,Ki,B,cell-based format,cell_based,9,D,2008,
CHEMBL271202,CHEMBL271202,Cc1cc(C)n(-c2cc(NC(=O)CN3CCN(C)CC3)nc(-c3nccs3)n2)n1,,8.05,1,8.05,8.05,Ki,B,cell-based format,cell_based,9,D,2008,
CHEMBL271377,CHEMBL271377,CN1CCN(CC(=O)Nc2cc(-n3cccn3)nc(-c3nccs3)n2)CC1,,7.77,1,7.77,7.77,Ki,B,cell-based format,cell_based,9,D,2008,
CHEMBL271606,CHEMBL271606,Cc1cc(C)n(-c2cc(NC(=O)CN3CC[C@H](N(C)C)C3)nc(-c3ccc(C)o3)n2)n1,,8.43,1,8.43,8.43,Ki,B,cell-based format,cell_based,9,D,2008,
CHEMBL271753,CHEMBL271753,CCCOc1cc(NC(=O)CC)nc(SCCC)n1,,7.15,1,7.15,7.15,Ki,B,cell-based format,cell_based,9,D,2008,
CHEMBL271786,CHEMBL271786,COC1CCN(CC(=O)Nc2cc(-n3nc(C)cc3C)nc(-c3ccc(C)o3)n2)CC1,,7.82,1,7.82,7.82,Ki,B,cell-based format,cell_based,9,D,2008,
CHEMBL272637,CHEMBL272637,Cc1cc(C)n(-c2cc(NC(=O)CN3CC[C@@H](CN(C)C)C3)nc(-c3ccc(C)o3)n2)n1,,8.68,1,8.68,8.68,Ki,B,cell-based format,cell_based,9,D,2008,
CHEMBL272669,CHEMBL272669,Cc1ccc(-c2nc(NC(=O)CN3CCN(C)CC3)cc(-c3nccs3)n2)o1,,7.29,1,7.29,7.29,Ki,B,cell-based format,cell_based,9,D,2008,
CHEMBL272679,CHEMBL272679,Cc1cc(C)n(-c2cc(NC(=O)CC3CCN(C)CC3)nc(-c3ccc(C)o3)n2)n1,,8.27,1,8.27,8.27,Ki,B,cell-based format,cell_based,9,D,2008,
CHEMBL272761,CHEMBL272761,CCNC(=O)[C@H]1O[C@@H](n2cnc3c(NCC(c4ccccc4)c4ccccc4)nc(CNC(=O)NCCN(C(C)C)C4CCCC4)nc32)[C@H](O)[C@@H]1O,,8.22,1,8.22,8.22,IC50,F,assay format,other,8,H,2008,
CHEMBL272825,CHEMBL272825,Cc1ccc(-c2nc(NC(=O)CN3CCN(C)CC3)cc(-n3nccc3C)n2)o1,,7.85,1,7.85,7.85,Ki,B,cell-based format,cell_based,9,D,2008,
CHEMBL272889,CHEMBL272889,Cc1cc(C)n(-c2nc(NC(=O)CN3CCN(C)CC3)cc(-c3ocnc3C)n2)n1,,6.72,1,6.72,6.72,Ki,B,cell-based format,cell_based,9,D,2008,
CHEMBL272924,CHEMBL272924,COc1ccc(CC(=O)Nc2cc(-n3cccn3)nc(-c3ccc(C)o3)n2)cc1,,8.0,1,8.0,8.0,Ki,B,cell-based format,cell_based,9,D,2008,
CHEMBL273094,CHEMBL273094,CCCn1c(=O)c2[nH]c(-c3ccc(OCC(=O)NCCN)cc3)nc2n(CCC)c1=O,XANTHINE AMINE CONGENER,7.73,13,7.12,9.0,Kd;Ki,B;F,assay format;cell-based format;tissue-based format,cell_based,8;9,D;H,1997;2000;2011;2013;2017,
CHEMBL273578,CHEMBL273578,Cc1ccc(-n2nc3c(N)nc4ccccc4n3c2=O)cc1,,7.07,1,7.07,7.07,Ki,B,assay format,other,8,H,2000,
CHEMBL27376,CHEMBL27376,CNC(=O)[C@@]12C[C@@H]1[C@@H](n1cnc3c(NCc4cccc(I)c4)nc(Cl)nc31)[C@H](O)[C@@H]2O,,6.11,1,6.11,6.11,Ki,B,cell-based format,cell_based,9,D,2005,
CHEMBL273807,CHEMBL273807,CCCn1c(=O)c2[nH]c(-c3ccc(OCC(=O)Nc4ccc(C#N)cc4)cc3)nc2n(CCC)c1=O,,6.775,4,6.0,8.71,IC50;Kd;Ki,B;F,assay format;cell-based format,cell_based,8;9,D;H,2000;2020;2022,
CHEMBL274274,CHEMBL274274,Nc1nc2c(NCc3ccccc3)cccc2n2c(=O)n(-c3ccccc3)nc12,,8.19,1,8.19,8.19,Ki,B,assay format,other,8,H,2000,
CHEMBL2311150,CHEMBL27508,CCCn1c(=O)c2c(nc(/C=C/c3ccc(OC)c(OC)c3)n2C)n(CCC)c1=O,,9.0,3,7.15,9.0,IC50;Ki,B,assay format;cell-based format;single protein format,mixed,9,D,2000;2001,
CHEMBL275149,CHEMBL275149,CCCn1c(=O)c2nc(-c3ccc(OCC(=O)N(Cc4ccccc4)Cc4ccccc4)cc3)[nH]c2n(CCC)c1=O,,6.19,1,6.19,6.19,Ki,F,cell-based format,cell_based,8,H,2000,
CHEMBL275360,CHEMBL275360,CCCn1c(=O)c2nc(-c3ccc(OCC(=O)Nc4ccc(C(N)=O)cc4)cc3)[nH]c2n(CCC)c1=O,,7.41,1,7.41,7.41,Ki,F,cell-based format,cell_based,8,H,2000,
CHEMBL275427,CHEMBL275427,CCCn1c(=O)c2nc(-c3ccc(OCC(=O)Nc4ccc(Cl)cc4)cc3)[nH]c2n(CCC)c1=O,,6.73,1,6.73,6.73,Ki,F,cell-based format,cell_based,8,H,2000,
CHEMBL275605,CHEMBL275605,CCCn1c(=O)c2nc(-c3ccc(OCC(=O)NCc4ccccc4)cc3)[nH]c2n(CCC)c1=O,,7.66,2,7.62,7.7,Ki,B;F,cell-based format;single protein format,mixed,8;9,D;H,2000;2006,
CHEMBL276738,CHEMBL276738,Nc1nc2n[nH]cc2c2nc(-c3ccco3)nn12,,7.7,1,7.7,7.7,Ki,B,cell-based format,cell_based,9,D,2000,
CHEMBL277386,CHEMBL277386,CCCn1c(=O)c2nc(-c3ccc(OCC(=O)Nc4ccc(C(F)(F)F)cc4)cc3)[nH]c2n(CCC)c1=O,,6.62,1,6.62,6.62,Ki,F,cell-based format,cell_based,8,H,2000,
CHEMBL278197,CHEMBL278197,Nc1nc2ccccc2n2c(=O)n(-c3ccccc3)nc12,,7.31,1,7.31,7.31,Ki,B,assay format,other,8,H,2000,
CHEMBL278332,CHEMBL278332,CCCn1c(=O)c2c(ncn2C)n(CCC)c1=O,,6.22,1,6.22,6.22,EC50,F,assay format,other,8,H,1992,
CHEMBL278605,CHEMBL278605,Nc1nc2c(cnn2CCCc2ccc(S(=O)(=O)O)cc2)c2nc(-c3ccco3)nn12,,6.85,1,6.85,6.85,Ki,B,cell-based format,cell_based,9,D,2002,
CHEMBL278805,CHEMBL278805,Nc1nc2c(cnn2CCc2ccc(S(=O)(=O)N(CCCl)CCCl)cc2)c2nc(-c3ccco3)nn12,,9.23,1,9.23,9.23,Ki,B,cell-based format,cell_based,9,D,2002,
CHEMBL278812,CHEMBL278812,Nc1nc2c(cnn2CCCc2ccc(N(CCO)CCO)cc2)c2nc(-c3ccco3)nn12,,8.96,1,8.96,8.96,Ki,B,cell-based format,cell_based,9,D,2002,
CHEMBL281626,CHEMBL278996,Nc1nc2c(cnn2CCCc2ccc3c(c2)OC(C(=O)O)(C(=O)O)O3)c2nc(-c3ccco3)nn12,,6.92,2,6.92,6.92,Ki,B,cell-based format,cell_based,9,D,2002,
CHEMBL279062,CHEMBL279062,CCOC(=O)[C@@H]1Oc2ccc(CCCn3ncc4c3nc(N)n3nc(-c5ccco5)nc43)cc2O1,,8.26,1,8.26,8.26,Ki,B,cell-based format,cell_based,9,D,2002,
CHEMBL279254,CHEMBL279254,Nc1nc2c(cnn2CCCc2ccc(C(=O)O)cc2)c2nc(-c3ccco3)nn12,,8.33,1,8.33,8.33,Ki,B,cell-based format,cell_based,9,D,2002,
CHEMBL279870,CHEMBL279870,O=c1n(-c2cccc(F)c2)nc2c(NC3CCCCC3)nc3ccccc3n12,,7.18,1,7.18,7.18,Ki,B,assay format,other,8,H,2000,
CHEMBL280888,CHEMBL280888,CCCSc1c2c(nc(N)n3nc(-c4ccco4)nc23)nn1C,,8.254999999999999,2,7.83,8.68,IC50;Ki,B;F,assay format;cell-based format,cell_based,9,D,2003,
CHEMBL281129,CHEMBL281129,CSc1c2c(nc(N)n3nc(-c4ccco4)nc23)nn1C,,8.565000000000001,2,8.21,8.92,IC50;Ki,B;F,assay format;cell-based format,cell_based,8;9,D;H,2003,
CHEMBL281601,CHEMBL281601,N=C(N)c1ccc(CCCn2ncc3c2nc(N)n2nc(-c4ccco4)nc32)cc1,,8.36,1,8.36,8.36,Ki,B,cell-based format,cell_based,9,D,2002,
CHEMBL281805,CHEMBL281805,Nc1ccc(CCCn2ncc3c2nc(N)n2nc(-c4ccco4)nc32)cc1,,9.66,1,9.66,9.66,Ki,B,cell-based format,cell_based,9,D,2002,
CHEMBL282888,CHEMBL282888,Nc1nc2c(cnn2CCCc2ccc3c(c2)OC(CO)(CO)O3)c2nc(-c3ccco3)nn12,,9.72,1,9.72,9.72,Ki,B,cell-based format,cell_based,9,D,2002,
CHEMBL284969,CHEMBL284969,OC[C@H]1O[C@@H](n2cnc3c(NC4CCCC4)nc(Cl)nc32)[C@H](O)[C@@H]1O,,6.24,3,6.19,7.77,Ki,B,assay format;single protein format,mixed,8,H,1998;2000;2003,
CHEMBL285819,CHEMBL285819,Nc1nc(Cl)nc2c1ncn2[C@@H]1O[C@H](CO)[C@@H](O)[C@H]1O,,6.835,2,6.75,6.92,Ki,B,assay format;single protein format,mixed,8;9,D;H,1998;2014,
CHEMBL289413,CHEMBL289413,CCCn1c(=O)c2[nH]c(-c3ccccc3)cc2n(CCC)c1=O,,6.19,1,6.19,6.19,Ki,B,cell-based format,cell_based,9,D,2008,
CHEMBL290106,CHEMBL290106,Oc1c(Cl)cc(Cl)cc1Sc1cc(Cl)cc(Cl)c1O,BITHIONOL,6.18,1,6.18,6.18,Ki,B,cell membrane format,other,8,H,,4
CHEMBL1204225,CHEMBL291471,CCNC(=O)[C@H]1OC(n2cnc3c(N)nc(NCCc4ccc(CCC(=O)O)cc4)nc32)[C@H](O)[C@@H]1O,,7.29,1,7.29,7.29,Ki,B,cell-based format,cell_based,9,D,2005,
CHEMBL2111553,CHEMBL291536,Cc1nc2ccc(NC(=O)Nc3ccnc4cccnc34)cc2o1,,6.17,2,6.17,6.17,Ki,B,single protein format,single_protein,9,D,2013;2017,
CHEMBL296389,CHEMBL296389,Cn1c(-c2cccc(F)c2)nc2c(N)nc(C#CC3(O)CCCCCC3)nc21,,7.72,1,7.72,7.72,Ki,B,cell-based format,cell_based,8,H,2001,
CHEMBL297685,CHEMBL297685,Cn1c(-c2cccc(F)c2)nc2c(N)nc(C#CC3(O)CCCC3)nc21,,8.01,1,8.01,8.01,Ki,B,cell-based format,cell_based,8,H,2001,
CHEMBL300624,CHEMBL300624,Cn1c(-c2cccc(F)c2)nc2c(N)nc(C#CC(C)(C)O)nc21,,8.04,1,8.04,8.04,Ki,B,cell-based format,cell_based,8,H,2001,
CHEMBL301512,CHEMBL301512,Cn1c(-c2ccccc2F)nc2c(N)nc(C#CC3(O)CCCCC3)nc21,,7.82,1,7.82,7.82,Ki,B,cell-based format,cell_based,8,H,2001,
CHEMBL302376,CHEMBL302376,NC[C@H]1O[C@@H](n2cnc3c(N)ncnc32)[C@H](O)[C@@H]1O,,6.31,5,6.22,7.28,Ki,B,cell-based format,cell_based,9,D,2003,
CHEMBL302765,CHEMBL302765,CCCn1cc2c(nc(NC(=O)Nc3ccc(OC)cc3)n3nc(-c4ccco4)nc23)n1,,6.85,1,6.85,6.85,Ki,B,cell-based format,cell_based,9,D,1999,
CHEMBL304726,CHEMBL304726,C=CCn1cc2c(nc(NC(=O)Nc3ccc(OC)cc3)n3nc(-c4ccco4)nc23)n1,,6.75,1,6.75,6.75,Ki,B,cell-based format,cell_based,9,D,2000,
CHEMBL307199,CHEMBL307199,OC[C@H]1O[C@@H](n2cnc3c(NCc4cccc(I)c4)nc(Cl)nc32)[C@H](O)[C@@H]1O,,6.550000000000001,2,6.4,6.7,Ki,B,assay format;cell-based format,cell_based,8;9,D;H,2001;2005,
CHEMBL307748,CHEMBL307748,Nc1nc2c(cnn2CCCc2ccc3c(c2)OCO3)c2nc(-c3ccco3)nn12,,8.29,2,8.1,8.48,IC50;Ki,B;F,assay format;cell-based format,cell_based,9,D,1998,
CHEMBL3087706,CHEMBL3087706,CCCn1c(-c2ccco2)nc2c(N)ncnc21,,7.75,1,7.75,7.75,Ki,B,cell-based format,cell_based,9,D,2013,
CHEMBL3087707,CHEMBL3087707,Nc1ncnc2c1nc(-c1ccco1)n2CCCO,,7.82,1,7.82,7.82,Ki,B,cell-based format,cell_based,9,D,2013,
CHEMBL3087708,CHEMBL3087708,Cn1c(-c2ccco2)nc2c(NC(=O)Cc3ccccc3)ncnc21,,6.96,1,6.96,6.96,Ki,B,cell-based format,cell_based,9,D,2013,
CHEMBL3087710,CHEMBL3087710,Cn1c(-c2ccco2)nc2c(NC(=O)C(c3ccccc3)c3ccccc3)ncnc21,,7.23,1,7.23,7.23,Ki,B,cell-based format,cell_based,9,D,2013,
CHEMBL3087711,CHEMBL3087711,Cn1c(-c2ccco2)nc2c(NC(=O)Cc3ccc(OCc4ccccc4)cc3)ncnc21,,7.3,1,7.3,7.3,Ki,B,cell-based format,cell_based,9,D,2013,
CHEMBL3087712,CHEMBL3087712,Cc1ccc(COc2ccc(CC(=O)Nc3ncnc4c3nc(-c3ccco3)n4C)cc2)cc1,,7.05,1,7.05,7.05,Ki,B,cell-based format,cell_based,9,D,2013,
CHEMBL3087713,CHEMBL3087713,Cn1c(-c2ccco2)nc2c(NC(=O)Nc3ccccc3)ncnc21,,7.24,1,7.24,7.24,Ki,B,cell-based format,cell_based,9,D,2013,
CHEMBL3087714,CHEMBL3087714,Cc1ccc(NC(=O)Nc2ncnc3c2nc(-c2ccco2)n3C)cc1,,6.97,1,6.97,6.97,Ki,B,cell-based format,cell_based,9,D,2013,
CHEMBL3087715,CHEMBL3087715,CCn1c(-c2ccco2)nc2c(N)ncnc21,,8.43,1,8.43,8.43,Ki,B,cell-based format,cell_based,9,D,2013,
CHEMBL3087716,CHEMBL3087716,Cn1c(-c2ccco2)nc2c(N)ncnc21,,8.12,1,8.12,8.12,Ki,B,cell-based format,cell_based,9,D,2013,
CHEMBL3087717,CHEMBL3087717,Nc1ncnc2c1nc(-c1ccco1)n2CCO,,7.48,1,7.48,7.48,Ki,B,cell-based format,cell_based,9,D,2013,
CHEMBL3088339,CHEMBL3088339,c1ccc(Nc2nc3c(N4CCOCC4)ncnc3s2)cc1,,6.48,1,6.48,6.48,Ki,B,cell-based format,cell_based,9,D,2016,
CHEMBL3088340,CHEMBL3088340,c1ccc(Nc2nc3c(N4CCCCC4)ncnc3s2)cc1,,6.01,1,6.01,6.01,Ki,B,cell-based format,cell_based,9,D,2016,
CHEMBL3091482,CHEMBL3091482,C#CCn1c(=O)c2c(nc3n2CCCN3C2CCC2)n(C)c1=O,,6.64,1,6.64,6.64,Ki,B,cell-based format,cell_based,9,D,2013,
CHEMBL3091711,CHEMBL3091711,CCCC1=C(C(=O)OCC)C(c2ccco2)NC(=O)N1,,6.22,1,6.22,6.22,Ki,B,cell-based format,cell_based,9,D,2013,
CHEMBL3093310,CHEMBL3093310,C#CCn1c(=O)c2c(nc3n2CCCN3Cc2ccccc2)n(C)c1=O,,6.6,1,6.6,6.6,Ki,B,cell-based format,cell_based,9,D,2013,
CHEMBL3093311,CHEMBL3093311,C#CCn1c(=O)c2c(nc3n2CCCN3Cc2ccccc2OC)n(C)c1=O,,6.38,1,6.38,6.38,Ki,B,cell-based format,cell_based,9,D,2013,
CHEMBL3093312,CHEMBL3093312,C#CCn1c(=O)c2c(nc3n2CCCN3Cc2cccc(OC)c2)n(C)c1=O,,6.49,1,6.49,6.49,Ki,B,cell-based format,cell_based,9,D,2013,
CHEMBL3093315,CHEMBL3093315,C#CCn1c(=O)c2c(nc3n2CCCN3Cc2cccs2)n(C)c1=O,,6.2,1,6.2,6.2,Ki,B,cell-based format,cell_based,9,D,2013,
CHEMBL3093317,CHEMBL3093317,C#CCn1c(=O)c2c(nc3n2CCCN3CCc2ccc(O)cc2)n(C)c1=O,,6.46,1,6.46,6.46,Ki,B,cell-based format,cell_based,9,D,2013,
CHEMBL3093318,CHEMBL3093318,C#CCn1c(=O)c2c(nc3n2CCCN3CCc2ccc(OC)cc2)n(C)c1=O,,6.29,1,6.29,6.29,Ki,B,cell-based format,cell_based,9,D,2013,
CHEMBL3093320,CHEMBL3093320,C#CCn1c(=O)c2c(nc3n2CCCN3CCc2cccs2)n(C)c1=O,,6.5,1,6.5,6.5,Ki,B,cell-based format,cell_based,9,D,2013,
CHEMBL3093321,CHEMBL3093321,C#CCn1c(=O)c2c(nc3n2CCCN3C2CCCCC2)n(C)c1=O,,6.51,1,6.51,6.51,Ki,B,cell-based format,cell_based,9,D,2013,
CHEMBL3093323,CHEMBL3093323,C#CCn1c(=O)c2c(nc3n2CCCN3CC2CCCCC2)n(C)c1=O,,6.29,1,6.29,6.29,Ki,B,cell-based format,cell_based,9,D,2013,
CHEMBL3093324,CHEMBL3093324,C#CCn1c(=O)c2c(nc3n2CCCN3C2CCN(Cc3ccccc3)CC2)n(C)c1=O,,6.2,1,6.2,6.2,Ki,B,cell-based format,cell_based,9,D,2013,
CHEMBL3093327,CHEMBL3093327,Cn1c(=O)c2[nH]c([C@]34C[C@@H]5C[C@H](C[C@H]3C5)C4)nc2n(C)c1=O,,6.01,1,6.01,6.01,Ki,B,single protein format,single_protein,9,D,2013,
CHEMBL3093331,CHEMBL3093331,C#CCn1c(=O)c2c(nc3n2CCCN3c2cccc(Br)c2)n(C)c1=O,,6.55,1,6.55,6.55,Ki,B,cell-based format,cell_based,9,D,2013,
CHEMBL3098224,CHEMBL3098224,COC[C@H]1CCCN1c1cc(NCC(F)(F)F)nc(-n2nc(C)cc2C)n1,,7.62,1,7.62,7.62,Ki,B,cell-based format,cell_based,9,D,2014,
CHEMBL3098225,CHEMBL3098225,COC[C@H]1CCCN1c1cc(Nc2ccccn2)nc(-n2nc(C)cc2C)n1,,7.35,1,7.35,7.35,Ki,B,cell-based format,cell_based,9,D,2014,
CHEMBL3098227,CHEMBL3098227,COC[C@H]1CCCN1c1cc(Nc2cnccn2)nc(-n2nc(C)cc2C)n1,,7.16,1,7.16,7.16,Ki,B,cell-based format,cell_based,9,D,2014,
CHEMBL3098228,CHEMBL3098228,COC[C@H]1CCCN1c1cc(Nc2nccs2)nc(-n2nc(C)cc2C)n1,,8.02,1,8.02,8.02,Ki,B,cell-based format,cell_based,9,D,2014,
CHEMBL3100159,CHEMBL3100159,Cc1cc(C)n(-c2nc(Nc3ccccn3)cc(N3CCc4ccccc4C3)n2)n1,,7.19,1,7.19,7.19,Ki,B,cell-based format,cell_based,9,D,2014,
CHEMBL3100161,CHEMBL3100161,Cc1cc(C)n(-c2nc(Nc3cnccn3)cc(N3CCc4ccccc4C3)n2)n1,,8.96,1,8.96,8.96,Ki,B,cell-based format,cell_based,9,D,2014,
CHEMBL3100162,CHEMBL3100162,Cc1cc(C)n(-c2nc(Nc3nccs3)cc(N3CCc4ccccc4C3)n2)n1,,7.18,1,7.18,7.18,Ki,B,cell-based format,cell_based,9,D,2014,
CHEMBL3100163,CHEMBL3100163,Cc1cc(C)n(-c2nc(NCC(F)(F)F)cc(-n3cccn3)n2)n1,,7.28,1,7.28,7.28,Ki,B,cell-based format,cell_based,9,D,2014,
CHEMBL3100164,CHEMBL3100164,Cc1cc(C)n(-c2nc(Nc3ccccn3)cc(-n3cccn3)n2)n1,,8.04,1,8.04,8.04,Ki,B,cell-based format,cell_based,9,D,2014,
CHEMBL3100166,CHEMBL3100166,Cc1cc(C)n(-c2nc(Nc3cnccn3)cc(-n3cccn3)n2)n1,,7.37,1,7.37,7.37,Ki,B,cell-based format,cell_based,9,D,2014,
CHEMBL3114160,CHEMBL3114160,CC(C)n1cc2c(Cl)nc(N(C(=O)c3ccccc3)C(=O)c3ccccc3)nc2n1,,6.1,1,6.1,6.1,Ki,B,cell-based format,cell_based,9,D,2014,
CHEMBL3121720,CHEMBL3121720,CN(C)CCOc1ccc(-c2nc3c([nH]2)c(=O)n(C)c(=O)n3C)cc1,,9.4,1,9.4,9.4,Ki,B,cell-based format,cell_based,9,D,2014,
CHEMBL3121721,CHEMBL3121721,CCN(CC)CCOc1ccc(-c2nc3c([nH]2)c(=O)n(C)c(=O)n3C)cc1,,9.6,1,9.6,9.6,Ki,B,cell-based format,cell_based,9,D,2014,
CHEMBL3121722,CHEMBL3121722,Cn1c(=O)c2[nH]c(-c3ccc(OCCC4CCNCC4)cc3)nc2n(C)c1=O,,9.54,1,9.54,9.54,Ki,B,cell-based format,cell_based,9,D,2014,
CHEMBL3121723,CHEMBL3121723,Cn1c(=O)c2[nH]c(-c3ccc(OCCN4CCOCC4)cc3)nc2n(C)c1=O,,9.51,1,9.51,9.51,Ki,B,cell-based format,cell_based,9,D,2014,
CHEMBL3121724,CHEMBL3121724,Cn1c(=O)c2[nH]c(-c3ccc(OCCN4CCCC4)cc3)nc2n(C)c1=O,,9.7,1,9.7,9.7,Ki,B,cell-based format,cell_based,9,D,2014,
CHEMBL3121725,CHEMBL3121725,Cn1c(=O)c2[nH]c(-c3ccc(OCCCCl)cc3)nc2n(C)c1=O,,10.35,1,10.35,10.35,Ki,B,cell-based format,cell_based,9,D,2014,
CHEMBL3121726,CHEMBL3121726,Cn1c(=O)c2[nH]c(-c3ccc(OC4CCCC4)cc3)nc2n(C)c1=O,,10.14,1,10.14,10.14,Ki,B,cell-based format,cell_based,9,D,2014,
CHEMBL3121727,CHEMBL3121727,Cn1c(=O)c2[nH]c(-c3ccc(OCCCn4ccnc4)cc3)nc2n(C)c1=O,,10.38,1,10.38,10.38,Ki,B,cell-based format,cell_based,9,D,2014,
CHEMBL3121728,CHEMBL3121728,Cn1c(=O)c2[nH]c(-c3ccc(OCCCN4CCN(Cc5ccccc5Cl)CC4)cc3)nc2n(C)c1=O,,9.92,1,9.92,9.92,Ki,B,cell-based format,cell_based,9,D,2014,
CHEMBL3121731,CHEMBL3121731,Cn1c(=O)c2[nH]c(Cc3ccc(OCCCn4ccnc4)cc3)nc2n(C)c1=O,,8.5,1,8.5,8.5,Ki,B,cell-based format,cell_based,9,D,2014,
CHEMBL3121732,CHEMBL3121732,Cn1c(=O)c2[nH]c(Cc3ccc(OCCCN4CCC5(CC4)OCCO5)cc3)nc2n(C)c1=O,,8.09,1,8.09,8.09,Ki,B,cell-based format,cell_based,9,D,2014,
CHEMBL312503,CHEMBL312503,Cc1[nH]c2nc(-c3ccccc3)nc(N[C@@H]3CCCCNC3=O)c2c1C,,6.02,1,6.02,6.02,Ki,B,single protein format,single_protein,9,D,1999,
CHEMBL3125711,CHEMBL3125711,CCCCC#Cc1nc(N)c2ncn([C@H]3[C@H](O)[C@H](O)[C@@H]4C[C@@H]43)c2n1,,7.0,1,7.0,7.0,Ki,B,cell-based format,cell_based,9,D,2014,
CHEMBL3133067,CHEMBL3133067,CCOC(=O)COc1cc(C)c2c(=O)c(-c3nc(C)cs3)coc2c1,,7.0,1,7.0,7.0,Ki,B,cell-based format,cell_based,9,D,2014,
CHEMBL3133068,CHEMBL3133068,Cc1csc(-c2coc3cc(OCC4CC4)cc(C)c3c2=O)n1,,7.1,1,7.1,7.1,Ki,B,cell-based format,cell_based,9,D,2014,
CHEMBL3133069,CHEMBL3133069,C#CCCCOc1cc(C)c2c(=O)c(-c3nc(C)cs3)coc2c1,,7.6,1,7.6,7.6,Ki,B,cell-based format,cell_based,9,D,2014,
CHEMBL3133070,CHEMBL3133070,Cc1csc(-c2coc3cccc(C)c3c2=O)n1,,6.5,1,6.5,6.5,Ki,B,cell-based format,cell_based,9,D,2014,
CHEMBL3133072,CHEMBL3133072,CCCc1cc2c(=O)c(-c3nc(C)cs3)coc2cc1O,,7.6,1,7.6,7.6,Ki,B,cell-based format,cell_based,9,D,2014,
CHEMBL3133073,CHEMBL3133073,CCCCCc1cc2c(=O)c(-c3nc(C)cs3)coc2cc1O,,7.7,1,7.7,7.7,Ki,B,cell-based format,cell_based,9,D,2014,
CHEMBL3133075,CHEMBL3133075,CCOc1cc2occ(-c3nc(C)cs3)c(=O)c2cc1CC,,7.4,2,7.4,7.4,Ki,B,cell-based format,cell_based,9,D,2014,
CHEMBL3133076,CHEMBL3133076,CCCc1cc2c(=O)c(-c3csc(C)n3)coc2cc1O,,7.5,1,7.5,7.5,Ki,B,cell-based format,cell_based,9,D,2014,
CHEMBL3133077,CHEMBL3133077,CCc1cc2c(=O)c(-c3csc(C)n3)coc2cc1O,,7.3,1,7.3,7.3,Ki,B,cell-based format,cell_based,9,D,2014,
CHEMBL3133078,CHEMBL3133078,CNC(=O)[C@H]1O[C@@H](n2cnc3c(NCc4cccc(I)c4)nc(N)nc32)[C@H](O)[C@@H]1O,,6.6,1,6.6,6.6,EC50,F,cell-based format,cell_based,9,D,2014,
CHEMBL3133079,CHEMBL3133079,CNC(=O)[C@H]1O[C@@H](n2cnc3c(NCCc4ccccc4)nc(N)nc32)[C@H](O)[C@@H]1O,,7.1,1,7.1,7.1,EC50,F,cell-based format,cell_based,9,D,2014,
CHEMBL3133080,CHEMBL3133080,CNC(=O)[C@H]1O[C@@H](n2cnc3c(NCC(c4ccccc4)c4ccccc4)nc(N)nc32)[C@H](O)[C@@H]1O,,6.1,1,6.1,6.1,EC50,F,cell-based format,cell_based,9,D,2014,
CHEMBL3133151,CHEMBL3133151,CCNc1nc(NC2CCCC2)c2ncn([C@@H]3O[C@H](C(=O)NC)[C@@H](O)[C@H]3O)c2n1,,6.3,1,6.3,6.3,EC50,F,cell-based format,cell_based,9,D,2014,
CHEMBL3133159,CHEMBL3133159,CNC(=O)[C@H]1O[C@@H](n2cnc3c(NC4CCCCC4)nc(N)nc32)[C@H](O)[C@@H]1O,,6.1,1,6.1,6.1,EC50,F,cell-based format,cell_based,9,D,2014,
CHEMBL3133161,CHEMBL3133161,CNC(=O)[C@H]1O[C@@H](n2cnc3c(NCc4cccc(Cl)c4)nc(N)nc32)[C@H](O)[C@@H]1O,,6.4,1,6.4,6.4,EC50,F,cell-based format,cell_based,9,D,2014,
CHEMBL3137331,CHEMBL3137331,CNC(=O)c1ccc(Nc2ncc(C(F)(F)F)c(NCc3nccnc3N(C)S(C)(=O)=O)n2)cc1,DEFACTINIB,6.43,1,6.43,6.43,Ki,B,single protein format,single_protein,9,D,2021,3
CHEMBL313864,CHEMBL313864,Cc1ccc2c(O)cc(-c3ccc(F)cc3)nc2n1,,6.28,2,6.2,6.36,Ki,B,cell membrane format;tissue-based format,other,8,H,2000;2004,
CHEMBL315150,CHEMBL315150,CC(C)CCn1cc2c(nc(N)n3nc(-c4ccco4)nc23)n1,,9.11,1,9.11,9.11,Ki,B,cell-based format,cell_based,9,D,2000,
CHEMBL316630,CHEMBL316630,Cc1ccc2c(O)cc(-c3ccc([N+](=O)[O-])cc3)nc2n1,,6.265000000000001,2,6.19,6.34,Ki,B,cell membrane format;tissue-based format,other,8,H,2000;2004,
CHEMBL317052,CHEMBL317052,CNC(=O)c1cnn(-c2nc(N)c3ncn([C@@H]4O[C@H](CO)[C@@H](O)[C@H]4O)c3n2)c1,REGADENOSON ANHYDROUS,6.53,1,6.53,6.53,Ki,B,cell-based format,cell_based,9,D,2004,4
CHEMBL318732,CHEMBL318732,CCOC(=O)CNC(=O)c1cnn(-c2nc(N)c3ncn([C@@H]4O[C@H](CO)[C@@H](O)[C@H]4O)c3n2)c1,,6.01,1,6.01,6.01,Ki,B,single protein format,single_protein,8,H,2002,
CHEMBL318928,CHEMBL318928,COc1ccc(-c2cnn(-c3nc(N)c4ncn([C@@H]5O[C@H](CO)[C@@H](O)[C@H]5O)c4n3)c2)cc1,,6.484999999999999,2,6.25,6.72,Ki,B,cell-based format;single protein format,mixed,8;9,D;H,2002;2004,
CHEMBL319387,CHEMBL319387,CCCCC#Cc1nc(N)c2ncn([C@@H]3O[C@H](CO)[C@@H](O)[C@H]3O)c2n1,,8.120000000000001,2,8.0,8.24,EC50;Ki,B;F,cell-based format,cell_based,8,H,2002,
CHEMBL320349,CHEMBL320349,COC[C@@H]1CCCN1C(=O)c1cc(N)n2nc(-c3ccc(Br)o3)nc2c1,,7.92,1,7.92,7.92,Ki,B,single protein format,single_protein,8,H,2004,
CHEMBL320805,CHEMBL320805,Nc1nc2ccccc2c2cn(-c3ccccc3)nc12,,6.76,2,6.48,7.04,Ki,B,cell membrane format;cell-based format,cell_based,8;9,D;H,2000;2007,
CHEMBL320872,CHEMBL320872,CCCCn1c(=O)c2nc(C34CC5CC(CC3C5)C4)[nH]c2n(CCCC)c1=O,,6.01,1,6.01,6.01,Ki,B,single protein format,single_protein,9,D,2018,
CHEMBL321441,CHEMBL321441,Nc1nc2ccccc2c2cn(-c3cccc(F)c3)nc12,,7.3,1,7.3,7.3,Ki,B,cell membrane format,other,8,H,2000,
CHEMBL321769,CHEMBL321769,Cc1ccc2c(O)cc(-c3cccc([N+](=O)[O-])c3)nc2n1,,6.24,1,6.24,6.24,Ki,B,cell membrane format,other,8,H,2004,
CHEMBL3217800,CHEMBL3217800,Nc1nc(-c2ccc(Cl)o2)nc2sc(CN3CCCC(F)(F)C3)cc12,,8.04,1,8.04,8.04,Ki,F,cell-based format,cell_based,9,D,2011,
CHEMBL3217863,CHEMBL3217863,N#Cc1cccc(-c2nc(N)c3cc(CN4CCC(F)CC4)sc3n2)c1,,7.26,1,7.26,7.26,Ki,F,cell-based format,cell_based,9,D,2011,
CHEMBL3217864,CHEMBL3217864,N#Cc1cccc(-c2nc(N)c3cc(CN4CCCC(F)(F)C4)sc3n2)c1,,7.41,1,7.41,7.41,Ki,F,cell-based format,cell_based,9,D,2011,
CHEMBL3217865,CHEMBL3217865,N#Cc1cccc(-c2nc(N)c3cc(CN4CCSCC4)sc3n2)c1,,7.29,1,7.29,7.29,Ki,F,cell-based format,cell_based,9,D,2011,
CHEMBL3217866,CHEMBL3217866,N#Cc1cccc(-c2nc(N)c3cc(CN4CC=CCC4)sc3n2)c1,,7.88,1,7.88,7.88,Ki,F,cell-based format,cell_based,9,D,2011,
CHEMBL3217868,CHEMBL3217868,C[C@@H]1CN(Cc2cc3c(N)nc(-c4cccc(C#N)c4)nc3s2)C[C@H](C)O1,,6.82,1,6.82,6.82,Ki,F,cell-based format,cell_based,9,D,2011,
CHEMBL3217870,CHEMBL3217870,N#Cc1ccc(-c2nc(N)c3cc(CN4CCC(F)CC4)sc3n2)cc1,,6.41,1,6.41,6.41,Ki,F,cell-based format,cell_based,9,D,2011,
CHEMBL3217871,CHEMBL3217871,N#Cc1ccc(-c2nc(N)c3cc(CN4CC=CCC4)sc3n2)cc1,,6.75,1,6.75,6.75,Ki,F,cell-based format,cell_based,9,D,2011,
CHEMBL3217872,CHEMBL3217872,N#Cc1ccc(-c2nc(N)c3cc(CN4CC=CC4)sc3n2)cc1,,7.1,1,7.1,7.1,Ki,F,cell-based format,cell_based,9,D,2011,
CHEMBL3217880,CHEMBL3217880,COc1cccc(-c2nc(N)c3cc(CN4CCC(F)CC4)sc3n2)c1,,6.52,1,6.52,6.52,Ki,F,cell-based format,cell_based,9,D,2011,
CHEMBL3217881,CHEMBL3217881,COc1cccc(-c2nc(N)c3cc(CN4CCOCC4)sc3n2)c1,,6.43,1,6.43,6.43,Ki,F,cell-based format,cell_based,9,D,2011,
CHEMBL3217882,CHEMBL3217882,COc1cccc(-c2nc(N)c3cc(CN4CCCC(F)(F)C4)sc3n2)c1,,7.01,1,7.01,7.01,Ki,F,cell-based format,cell_based,9,D,2011,
CHEMBL3222047,CHEMBL3222047,CN(C)Cc1cc2c(N)nc(-c3ccco3)nc2s1,,6.85,1,6.85,6.85,Ki,F,cell-based format,cell_based,9,D,2011,
CHEMBL3222048,CHEMBL3222048,CCN(CC)Cc1cc2c(N)nc(-c3ccco3)nc2s1,,7.26,1,7.26,7.26,Ki,F,cell-based format,cell_based,9,D,2011,
CHEMBL3222049,CHEMBL3222049,Nc1nc(-c2ccco2)nc2sc(CNC3CC3)cc12,,7.44,1,7.44,7.44,Ki,F,cell-based format,cell_based,9,D,2011,
CHEMBL3222050,CHEMBL3222050,Nc1nc(-c2ccco2)nc2sc(CNC3CCCCC3)cc12,,6.77,1,6.77,6.77,Ki,F,cell-based format,cell_based,9,D,2011,
CHEMBL3222051,CHEMBL3222051,Nc1nc(-c2ccco2)nc2sc(CN3CCCC3)cc12,,7.55,1,7.55,7.55,Ki,F,cell-based format,cell_based,9,D,2011,
CHEMBL3222052,CHEMBL3222052,Cc1ccc(-c2nc(N)c3cc(CN4CCCC4)sc3n2)o1,,7.58,1,7.58,7.58,Ki,F,cell-based format,cell_based,9,D,2011,
CHEMBL3222053,CHEMBL3222053,Cc1ccc(-c2nc(N)c3cc(CN4CCCCC4)sc3n2)o1,,7.54,1,7.54,7.54,Ki,F,cell-based format,cell_based,9,D,2011,
CHEMBL3222054,CHEMBL3222054,Nc1nc(-c2ccco2)nc2sc(CN3CCCCCC3)cc12,,7.56,1,7.56,7.56,Ki,F,cell-based format,cell_based,9,D,2011,
CHEMBL3222055,CHEMBL3222055,Nc1nc(-c2ccco2)nc2sc(CN3CCOCC3)cc12,,7.54,1,7.54,7.54,Ki,F,cell-based format,cell_based,9,D,2011,
CHEMBL3222056,CHEMBL3222056,Cc1ccc(-c2nc(N)c3cc(CN4CCOCC4)sc3n2)o1,,7.48,1,7.48,7.48,Ki,F,cell-based format,cell_based,9,D,2011,
CHEMBL3222057,CHEMBL3222057,Cc1ccc(-c2nc(N)c3cc(CN4CCc5ccccc5C4)sc3n2)o1,,6.7,1,6.7,6.7,Ki,F,cell-based format,cell_based,9,D,2011,
CHEMBL3222058,CHEMBL3222058,Nc1nc(-c2ccco2)nc2sc(CN3CC=CCC3)cc12,,8.19,1,8.19,8.19,Ki,F,cell-based format,cell_based,9,D,2011,
CHEMBL3222059,CHEMBL3222059,Nc1nc(-c2ccco2)nc2sc(CN3CCC(F)CC3)cc12,,7.71,1,7.71,7.71,Ki,F,cell-based format,cell_based,9,D,2011,
CHEMBL3222060,CHEMBL3222060,Nc1nc(-c2ccco2)nc2sc(CN3CCC(F)(F)CC3)cc12,,7.3,1,7.3,7.3,Ki,F,cell-based format,cell_based,9,D,2011,
CHEMBL3222061,CHEMBL3222061,Nc1nc(-c2ccco2)nc2sc(CN3CCCC(F)(F)C3)cc12,,8.18,1,8.18,8.18,Ki,F,cell-based format,cell_based,9,D,2011,
CHEMBL3222062,CHEMBL3222062,C[C@@H]1CCC[C@H](C)N1Cc1cc2c(N)nc(-c3ccco3)nc2s1,,8.28,1,8.28,8.28,Ki,F,cell-based format,cell_based,9,D,2011,
CHEMBL3222063,CHEMBL3222063,Nc1nc(-c2ccco2)nc2sc(CN3CCC(O)CC3)cc12,,6.52,1,6.52,6.52,Ki,F,cell-based format,cell_based,9,D,2011,
CHEMBL3222064,CHEMBL3222064,Nc1nc(-c2ccco2)nc2sc(CN3CCC(=O)CC3)cc12,,6.64,1,6.64,6.64,Ki,F,cell-based format,cell_based,9,D,2011,
CHEMBL3222065,CHEMBL3222065,Nc1nc(-c2ccco2)nc2sc(CN3CCSCC3)cc12,,8.04,1,8.04,8.04,Ki,F,cell-based format,cell_based,9,D,2011,
CHEMBL3222066,CHEMBL3222066,Nc1nc(-c2ccco2)nc2sc(CN3CC=CC3)cc12,,8.14,1,8.14,8.14,Ki,F,cell-based format,cell_based,9,D,2011,
CHEMBL3222067,CHEMBL3222067,Nc1nc(-c2ccco2)nc2sc(CN3CCC(F)C3)cc12,,7.99,1,7.99,7.99,Ki,F,cell-based format,cell_based,9,D,2011,
CHEMBL3222068,CHEMBL3222068,Nc1nc(-c2ccco2)nc2sc(CN3CCC(F)(F)C3)cc12,,8.06,1,8.06,8.06,Ki,F,cell-based format,cell_based,9,D,2011,
CHEMBL3222069,CHEMBL3222069,CCc1ccc(-c2nc(N)c3cc(CN4CCOCC4)sc3n2)o1,,7.1,1,7.1,7.1,Ki,F,cell-based format,cell_based,9,D,2011,
CHEMBL3222070,CHEMBL3222070,CCc1ccc(-c2nc(N)c3cc(CN4[C@H](C)CCC[C@@H]4C)sc3n2)o1,,7.6,1,7.6,7.6,Ki,F,cell-based format,cell_based,9,D,2011,
CHEMBL3222072,CHEMBL3222072,CC(C)c1ccc(-c2nc(N)c3cc(CN4[C@H](C)CCC[C@@H]4C)sc3n2)o1,,7.77,1,7.77,7.77,Ki,F,cell-based format,cell_based,9,D,2011,
CHEMBL3222073,CHEMBL3222073,Nc1nc(-c2ccc(C3CC3)o2)nc2sc(CN3CCOCC3)cc12,,6.02,1,6.02,6.02,Ki,F,cell-based format,cell_based,9,D,2011,
CHEMBL3222074,CHEMBL3222074,C[C@@H]1CCC[C@H](C)N1Cc1cc2c(N)nc(-c3ccc(C4CC4)o3)nc2s1,,6.96,1,6.96,6.96,Ki,F,cell-based format,cell_based,9,D,2011,
CHEMBL3222075,CHEMBL3222075,Nc1nc(-c2ccc(C(F)F)o2)nc2sc(CN3CCOCC3)cc12,,7.51,1,7.51,7.51,Ki,F,cell-based format,cell_based,9,D,2011,
CHEMBL3222076,CHEMBL3222076,C[C@@H]1CCC[C@H](C)N1Cc1cc2c(N)nc(-c3ccc(C(F)F)o3)nc2s1,,7.54,1,7.54,7.54,Ki,F,cell-based format,cell_based,9,D,2011,
CHEMBL3222077,CHEMBL3222077,Nc1nc(-c2ccc(C(F)F)o2)nc2sc(CN3CCC(F)CC3)cc12,,7.38,1,7.38,7.38,Ki,F,cell-based format,cell_based,9,D,2011,
CHEMBL3222078,CHEMBL3222078,Nc1nc(-c2ccc(C(F)F)o2)nc2sc(CN3CCC(F)(F)CC3)cc12,,6.21,1,6.21,6.21,Ki,F,cell-based format,cell_based,9,D,2011,
CHEMBL3222079,CHEMBL3222079,Nc1nc(-c2ccc(C(F)F)o2)nc2sc(CN3CCCC(F)(F)C3)cc12,,7.37,1,7.37,7.37,Ki,F,cell-based format,cell_based,9,D,2011,
CHEMBL3222080,CHEMBL3222080,Nc1nc(-c2ccc(Cl)o2)nc2sc(CN3CCCC3)cc12,,7.65,1,7.65,7.65,Ki,F,cell-based format,cell_based,9,D,2011,
CHEMBL3222081,CHEMBL3222081,Nc1nc(-c2ccc(Cl)o2)nc2sc(CN3CCCCCC3)cc12,,7.48,1,7.48,7.48,Ki,F,cell-based format,cell_based,9,D,2011,
CHEMBL3222082,CHEMBL3222082,Nc1nc(-c2ccc(Cl)o2)nc2sc(CN3CCOCC3)cc12,,7.34,1,7.34,7.34,Ki,F,cell-based format,cell_based,9,D,2011,
CHEMBL3222083,CHEMBL3222083,Nc1nc(-c2ccc(Cl)o2)nc2sc(CN3CCC(F)CC3)cc12,,7.43,1,7.43,7.43,Ki,F,cell-based format,cell_based,9,D,2011,
CHEMBL3222084,CHEMBL3222084,Nc1nc(-c2ccc(Cl)o2)nc2sc(CN3CC=CCC3)cc12,,7.96,1,7.96,7.96,Ki,F,cell-based format,cell_based,9,D,2011,
CHEMBL3222085,CHEMBL3222085,Nc1nc(-c2ccc(Cl)o2)nc2sc(CN3CC=CC3)cc12,,8.0,1,8.0,8.0,Ki,F,cell-based format,cell_based,9,D,2011,
CHEMBL3222086,CHEMBL3222086,Nc1nc(-c2ccc(Cl)o2)nc2sc(CN3CCC(F)(F)C3)cc12,,7.8,1,7.8,7.8,Ki,F,cell-based format,cell_based,9,D,2011,
CHEMBL3222087,CHEMBL3222087,Nc1nc(-c2ccc(Br)o2)nc2sc(CN3CCCC3)cc12,,7.65,1,7.65,7.65,Ki,F,cell-based format,cell_based,9,D,2011,
CHEMBL3222088,CHEMBL3222088,Nc1nc(-c2ccc(Br)o2)nc2sc(CN3CCOCC3)cc12,,7.52,1,7.52,7.52,Ki,F,cell-based format,cell_based,9,D,2011,
CHEMBL3222089,CHEMBL3222089,C[C@@H]1CCC[C@H](C)N1Cc1cc2c(N)nc(-c3ccc(Br)o3)nc2s1,,7.92,1,7.92,7.92,Ki,F,cell-based format,cell_based,9,D,2011,
CHEMBL3222090,CHEMBL3222090,Nc1nc(-c2ncco2)nc2sc(CN3CCOCC3)cc12,,6.44,1,6.44,6.44,Ki,F,cell-based format,cell_based,9,D,2011,
CHEMBL3222091,CHEMBL3222091,Nc1nc(-c2ncco2)nc2sc(CN3CC=CC3)cc12,,6.62,1,6.62,6.62,Ki,F,cell-based format,cell_based,9,D,2011,
CHEMBL3222092,CHEMBL3222092,Nc1nc(-c2ncco2)nc2sc(CN3CC=CCC3)cc12,,6.62,1,6.62,6.62,Ki,F,cell-based format,cell_based,9,D,2011,
CHEMBL3222093,CHEMBL3222093,Nc1nc(-c2nccs2)nc2sc(CN3CCOCC3)cc12,,6.6,1,6.6,6.6,Ki,F,cell-based format,cell_based,9,D,2011,
CHEMBL3222094,CHEMBL3222094,Cc1csc(-c2nc(N)c3cc(CN4CCOCC4)sc3n2)n1,,6.68,1,6.68,6.68,Ki,F,cell-based format,cell_based,9,D,2011,
CHEMBL3222095,CHEMBL3222095,Cc1csc(-c2nc(N)c3cc(CN4[C@H](C)CCC[C@@H]4C)sc3n2)n1,,7.05,1,7.05,7.05,Ki,F,cell-based format,cell_based,9,D,2011,
CHEMBL3222096,CHEMBL3222096,Nc1nc(-c2ccon2)nc2sc(CN3CCOCC3)cc12,,6.0,1,6.0,6.0,Ki,F,cell-based format,cell_based,9,D,2011,
CHEMBL3222097,CHEMBL3222097,C[C@@H]1CCC[C@H](C)N1Cc1cc2c(N)nc(-c3ccon3)nc2s1,,6.89,1,6.89,6.89,Ki,F,cell-based format,cell_based,9,D,2011,
CHEMBL3222098,CHEMBL3222098,Nc1nc(-c2cccs2)nc2sc(CN3CCCC3)cc12,,6.96,1,6.96,6.96,Ki,F,cell-based format,cell_based,9,D,2011,
CHEMBL3222099,CHEMBL3222099,Nc1nc(-c2cccs2)nc2sc(CN3CCOCC3)cc12,,6.9,1,6.9,6.9,Ki,F,cell-based format,cell_based,9,D,2011,
CHEMBL3222100,CHEMBL3222100,Nc1nc(-c2cocn2)nc2sc(CN3CC=CC3)cc12,,6.62,1,6.62,6.62,Ki,F,cell-based format,cell_based,9,D,2011,
CHEMBL3222101,CHEMBL3222101,Nc1nc(-c2cocn2)nc2sc(CN3CC=CCC3)cc12,,6.62,1,6.62,6.62,Ki,F,cell-based format,cell_based,9,D,2011,
CHEMBL3222102,CHEMBL3222102,Nc1nc(-c2cc3ccccc3o2)nc2sc(CN3CCC(F)CC3)cc12,,6.46,1,6.46,6.46,Ki,F,cell-based format,cell_based,9,D,2011,
CHEMBL3222103,CHEMBL3222103,Nc1nc(-c2ccccc2)nc2sc(CN3CCOCC3)cc12,,6.0,1,6.0,6.0,Ki,F,cell-based format,cell_based,9,D,2011,
CHEMBL3222104,CHEMBL3222104,Nc1nc(-c2cccc(F)c2)nc2sc(CN3CCOCC3)cc12,,6.96,1,6.96,6.96,Ki,F,cell-based format,cell_based,9,D,2011,
CHEMBL3222105,CHEMBL3222105,Nc1nc(-c2cccc(Cl)c2)nc2sc(CN3CCOCC3)cc12,,6.92,1,6.92,6.92,Ki,F,cell-based format,cell_based,9,D,2011,
CHEMBL3222106,CHEMBL3222106,Nc1nc(-c2cc(F)cc(F)c2)nc2sc(CN3CCOCC3)cc12,,6.46,1,6.46,6.46,Ki,F,cell-based format,cell_based,9,D,2011,
CHEMBL3222107,CHEMBL3222107,Nc1nc(-c2ccc(F)c(F)c2)nc2sc(CN3CCOCC3)cc12,,6.44,1,6.44,6.44,Ki,F,cell-based format,cell_based,9,D,2011,
CHEMBL3222108,CHEMBL3222108,N#Cc1cccc(-c2nc(N)c3cc(CN4CC=CC4)sc3n2)c1,,7.08,1,7.08,7.08,Ki,F,cell-based format,cell_based,9,D,2011,
CHEMBL3222109,CHEMBL3222109,N#Cc1cccc(-c2nc(N)c3cc(CN4CCOCC4)sc3n2)c1,,7.44,1,7.44,7.44,Ki,F,cell-based format,cell_based,9,D,2011,
CHEMBL3222110,CHEMBL3222110,C[C@@H]1CCC[C@H](C)N1Cc1cc2c(N)nc(-c3cccc(C#N)c3)nc2s1,,7.19,1,7.19,7.19,Ki,F,cell-based format,cell_based,9,D,2011,
CHEMBL322250,CHEMBL322250,CCCn1c(=O)c2c(nc3ccccn32)n(Cc2ccccc2)c1=O,,6.92,1,6.92,6.92,Ki,B,cell-based format,cell_based,9,D,2002,
CHEMBL323303,CHEMBL323303,Cc1ccc2c(O)cc(-c3cccc(N)c3)nc2n1,,6.64,1,6.64,6.64,Ki,B,cell membrane format,other,8,H,2004,
CHEMBL3235280,CHEMBL3235280,CCN(CC)CCN1CCN(C(=O)CCc2cccc(CSc3nc(N)c(C#N)c(-c4ccc(NC(C)=O)cc4)n3)n2)CC1,,8.52,1,8.52,8.52,EC50,F,cell-based format,cell_based,9,D,2014,
CHEMBL323621,CHEMBL323621,CCN(CCc1ccccn1)C(=O)c1cc(N)n2nc(-c3ccc(Br)o3)nc2c1,,8.4,1,8.4,8.4,Ki,B,single protein format,single_protein,8,H,2004,
CHEMBL323754,CHEMBL323754,Nc1cc(C(=O)N2CCSCC2)cn2nc(-c3ccc(Br)o3)nc12,,7.14,1,7.14,7.14,Ki,B,single protein format,single_protein,8,H,2004,
CHEMBL323945,CHEMBL323945,CC1CCCN(C(=O)c2cc(N)n3nc(-c4ccc(Br)o4)nc3c2)C1,,8.52,1,8.52,8.52,Ki,B,single protein format,single_protein,8,H,2004,
CHEMBL324077,CHEMBL324077,Nc1cc(C(=O)N2CCCCC2)cc2nc(-c3ccc(Br)o3)nn12,,8.22,1,8.22,8.22,Ki,B,single protein format,single_protein,8,H,2004,
CHEMBL324512,CHEMBL324512,Cn1cc2c(nc(NC(=O)Nc3ccc(S(=O)(=O)O)cc3)n3nc(-c4ccco4)nc23)n1,,6.23,1,6.23,6.23,Ki,B,cell-based format,cell_based,9,D,2002,
CHEMBL324591,CHEMBL324591,Cc1ccc(-c2nc3cc(C(=O)N4CCCC4)cc(N)n3n2)o1,,7.77,1,7.77,7.77,Ki,B,single protein format,single_protein,8,H,2004,
CHEMBL324735,CHEMBL324735,Cn1cc2c(nc(NC(=O)Nc3ccccc3)n3nc(-c4ccco4)nc23)n1,,6.42,1,6.42,6.42,Ki,B,cell-based format,cell_based,9,D,2002,
CHEMBL325237,CHEMBL325237,Nc1cc(C(=O)N2CCSCC2)cc2nc(-c3ccc(Br)o3)nn12,,8.05,1,8.05,8.05,Ki,B,single protein format,single_protein,8,H,2004,
CHEMBL325350,CHEMBL325350,Nc1cc(C(=O)N2CCCC2)cc2nc(-c3ccc(Br)o3)nn12,,8.05,1,8.05,8.05,Ki,B,single protein format,single_protein,8,H,2004,
CHEMBL325646,CHEMBL325646,Nc1cc(C(=O)N2CCCC2)cc2nc(-c3ccccn3)nn12,,7.24,1,7.24,7.24,Ki,B,single protein format,single_protein,8,H,2004,
CHEMBL325993,CHEMBL325993,CC1CCCCN1C(=O)c1cc(N)c2nc(-c3ccc(Br)o3)nn2c1,,7.21,1,7.21,7.21,Ki,B,single protein format,single_protein,8,H,2004,
CHEMBL3260724,CHEMBL3260724,O=C(NCCNC(=O)c1nc(NCC(c2ccccc2)c2ccccc2)c2ncn([C@@H]3O[C@H](CO)[C@@H](O)[C@H]3O)c2n1)NC1CCN(c2ccccn2)CC1,,8.4,1,8.4,8.4,Ki,B,single protein format,single_protein,9,D,2014,
CHEMBL3260725,CHEMBL3260725,COc1ccc(C2CCOCC2)c2oc(NC(=O)c3ccnc(N4CCOCC4)c3)nc12,,7.6,1,7.6,7.6,Ki,F,single protein format,single_protein,9,D,2014,
CHEMBL3260726,CHEMBL3260726,COc1cnc(N2CCOCC2)c2sc(NC(=O)c3ccc(F)cc3)nc12,,8.3,1,8.3,8.3,Ki,F,single protein format,single_protein,9,D,2014,
CHEMBL3260727,CHEMBL3260727,CC1(C)CCCN(c2nnc(N)nc2-c2ccccc2)C1,,7.39,1,7.39,7.39,Ki,F,single protein format,single_protein,9,D,2014,
CHEMBL3260728,CHEMBL3260728,CC1CN(c2nnc(N)nc2-c2ccccc2)CC(C)O1,,7.8,1,7.8,7.8,Ki,F,single protein format,single_protein,9,D,2014,
CHEMBL3260729,CHEMBL3260729,O=C(c1ccc(C(=O)N2CCCCCC2)cc1)c1cnc2ccc(F)cn12,,7.92,1,7.92,7.92,Ki,F,single protein format,single_protein,9,D,2014,
CHEMBL3260730,CHEMBL3260730,COC[C@H]1CCCN1C(=O)c1ccc2c(-c3cnc4ccc(C#N)cn34)nn(C)c2c1,,8.52,1,8.52,8.52,Ki,F,single protein format,single_protein,9,D,2014,
CHEMBL3260731,CHEMBL3260731,O=C(c1ccc2c(-c3cnc4ccc(F)cn34)noc2c1)N1CCCCCC1,,8.4,1,8.4,8.4,Ki,F,single protein format,single_protein,9,D,2014,
CHEMBL326319,CHEMBL326319,C#CCn1c(=O)c2c(nc3ccccn32)n(Cc2ccccc2)c1=O,,7.02,1,7.02,7.02,Ki,B,cell-based format,cell_based,9,D,2002,
CHEMBL3291301,CHEMBL3291301,C#CCn1c(Br)nc2c(N)nc(C#CCCCCCC)nc21,,9.25,1,9.25,9.25,Ki,B,cell-based format,cell_based,9,D,2014,
CHEMBL329293,CHEMBL329293,Cc1ccc2c(S)cc(-c3ccccc3)nc2n1,,6.64,1,6.64,6.64,Ki,B,cell membrane format,other,8,H,2004,
CHEMBL329294,CHEMBL329294,COc1ccc2c(O)cc(-c3ccccc3)nc2n1,,6.31,1,6.31,6.31,Ki,B,cell membrane format,other,8,H,2004,
CHEMBL329712,CHEMBL329712,Nc1nc(-n2cc(C(=O)NC3CCCC3)cn2)nc2c1ncn2[C@@H]1O[C@H](CO)[C@@H](O)[C@H]1O,,6.42,1,6.42,6.42,Ki,B,single protein format,single_protein,8,H,2002,
CHEMBL330286,CHEMBL330286,CCCCn1cc2c(nc(NC(=O)Nc3ccc(OC)cc3)n3nc(-c4ccco4)nc23)n1,,7.1,1,7.1,7.1,Ki,B,cell-based format,cell_based,9,D,2000,
CHEMBL330873,CHEMBL330873,CCc1nc2[nH]cnc2c2nc(-c3ccccc3)nn12,,6.44,1,6.44,6.44,IC50,B,cell-based format,cell_based,8,H,2002,
CHEMBL330982,CHEMBL330982,c1ccc(-c2nc3c4[nH]cnc4nc(-c4ccccc4)n3n2)cc1,,7.64,1,7.64,7.64,IC50,B,cell-based format,cell_based,8,H,2002,
CHEMBL331111,CHEMBL331111,CCCCc1nc2[nH]cnc2c2nc(-c3ccc(OC)cc3)nn12,,6.05,1,6.05,6.05,Ki,B,cell-based format,cell_based,9,D,2002,
CHEMBL331372,CHEMBL331372,CCNC(=O)[C@H]1O[C@@H](n2cnc3c(N)nc(NCCc4ccc(CCC(=O)O)cc4)nc32)[C@H](O)[C@@H]1O,CGS-21680,7.66,23,6.2,8.85,EC50;IC50;Kd;Ki,B;F,assay format;cell membrane format;cell-based format;single protein format,mixed,9,D,1997;1999;2004;2007;2010;2012;2014;2015;2021,
CHEMBL331382,CHEMBL331382,Cc1ccccc1CNc1ncnc2c1ncn2[C@@H]1O[C@H](CO)[C@@H](O)[C@H]1O,METRIFUDIL,6.12,1,6.12,6.12,Ki,B,cell-based format,cell_based,9,D,2005,2
CHEMBL3313941,CHEMBL3313941,Nc1ncc(C(=O)NCCc2ccccc2)c2nc(-c3ccco3)nn12,,7.96,1,7.96,7.96,Ki,B,cell-based format,cell_based,9,D,2014,
CHEMBL3314871,CHEMBL3314871,CCOC(=O)c1cnc(NCc2ccc(OC)c(OC)c2)n2nc(-c3ccco3)nc12,,6.94,1,6.94,6.94,Ki,B,cell-based format,cell_based,9,D,2014,
CHEMBL3314873,CHEMBL3314873,CNC(=O)c1cnc(NCc2ccc(OC)c(OC)c2)n2nc(-c3ccco3)nc12,,7.59,1,7.59,7.59,Ki,B,cell-based format,cell_based,9,D,2014,
CHEMBL3314874,CHEMBL3314874,COc1ccc(CNc2ncc(C(=O)NCCc3ccccc3)c3nc(-c4ccco4)nn23)cc1OC,,7.19,1,7.19,7.19,Ki,B,cell-based format,cell_based,9,D,2014,
CHEMBL3314875,CHEMBL3314875,CNC(=O)c1cnc(N)n2nc(-c3ccco3)nc12,,7.82,1,7.82,7.82,Ki,B,cell-based format,cell_based,9,D,2014,
CHEMBL3314876,CHEMBL3314876,CCOC(=O)c1cnc(N)n2nc(-c3ccco3)nc12,,8.48,1,8.48,8.48,Ki,B,cell-based format,cell_based,9,D,2014,
CHEMBL3314877,CHEMBL3314877,CNC(=O)c1cnc(NC(=O)Nc2ccccc2)n2nc(-c3ccco3)nc12,,8.24,1,8.24,8.24,Ki,B,cell-based format,cell_based,9,D,2014,
CHEMBL3314879,CHEMBL3314879,CNC(=O)c1cnc(NC(=O)Cc2ccccc2)n2nc(-c3ccco3)nc12,,7.91,1,7.91,7.91,Ki,B,cell-based format,cell_based,9,D,2014,
CHEMBL3314880,CHEMBL3314880,O=C(Nc1ccccc1)Nc1ncc(C(=O)NCCc2ccccc2)c2nc(-c3ccco3)nn12,,7.29,1,7.29,7.29,Ki,B,cell-based format,cell_based,9,D,2014,
CHEMBL3314881,CHEMBL3314881,O=C(Nc1ncc(C(=O)NCCc2ccccc2)c2nc(-c3ccco3)nn12)NC1CCCCC1,,6.11,1,6.11,6.11,Ki,B,cell-based format,cell_based,9,D,2014,
CHEMBL3314882,CHEMBL3314882,O=C(Cc1ccccc1)Nc1ncc(C(=O)NCCc2ccccc2)c2nc(-c3ccco3)nn12,,7.55,1,7.55,7.55,Ki,B,cell-based format,cell_based,9,D,2014,
CHEMBL3314883,CHEMBL3314883,CCOC(=O)c1cnc(NC(=O)Nc2ccccc2)n2nc(-c3ccco3)nc12,,8.32,1,8.32,8.32,Ki,B,cell-based format,cell_based,9,D,2014,
CHEMBL3314884,CHEMBL3314884,C=C(OCC)c1cnc(NC(=O)NC2CCCCC2)n2nc(-c3ccco3)nc12,,6.74,1,6.74,6.74,Ki,B,cell-based format,cell_based,9,D,2014,
CHEMBL3314887,CHEMBL3314887,CCOC(=O)c1cnc(NC)n2nc(-c3ccco3)nc12,,6.98,1,6.98,6.98,Ki,B,cell-based format,cell_based,9,D,2014,
CHEMBL3314888,CHEMBL3314888,CCNc1ncc(C(=O)OCC)c2nc(-c3ccco3)nn12,,7.3,1,7.3,7.3,Ki,B,cell-based format,cell_based,9,D,2014,
CHEMBL3314889,CHEMBL3314889,CCCCCNc1ncc(C(=O)OCC)c2nc(-c3ccco3)nn12,,7.3,1,7.3,7.3,Ki,B,cell-based format,cell_based,9,D,2014,
CHEMBL3314890,CHEMBL3314890,CCOC(=O)c1cnc(NC(C)C)n2nc(-c3ccco3)nc12,,6.99,1,6.99,6.99,Ki,B,cell-based format,cell_based,9,D,2014,
CHEMBL3314891,CHEMBL3314891,CCCCC(CC)CNc1ncc(C(=O)OCC)c2nc(-c3ccco3)nn12,,6.67,1,6.67,6.67,Ki,B,cell-based format,cell_based,9,D,2014,
CHEMBL3314892,CHEMBL3314892,CCOC(=O)c1cnc(NC2CC2)n2nc(-c3ccco3)nc12,,7.43,1,7.43,7.43,Ki,B,cell-based format,cell_based,9,D,2014,
CHEMBL3314893,CHEMBL3314893,CCOC(=O)c1cnc(NC2CCCC2)n2nc(-c3ccco3)nc12,,7.36,1,7.36,7.36,Ki,B,cell-based format,cell_based,9,D,2014,
CHEMBL3314894,CHEMBL3314894,CCOC(=O)c1cnc(NCC2CCCCC2)n2nc(-c3ccco3)nc12,,6.92,1,6.92,6.92,Ki,B,cell-based format,cell_based,9,D,2014,
CHEMBL3314895,CHEMBL3314895,CCOC(=O)c1cnc(NCc2ccccc2)n2nc(-c3ccco3)nc12,,7.5,1,7.5,7.5,Ki,B,cell-based format,cell_based,9,D,2014,
CHEMBL3314896,CHEMBL3314896,CCOC(=O)c1cnc(NCc2ccc(C)cc2)n2nc(-c3ccco3)nc12,,6.91,1,6.91,6.91,Ki,B,cell-based format,cell_based,9,D,2014,
CHEMBL3314897,CHEMBL3314897,CCOC(=O)c1cnc(NCc2ccc(OC)cc2)n2nc(-c3ccco3)nc12,,6.85,1,6.85,6.85,Ki,B,cell-based format,cell_based,9,D,2014,
CHEMBL3314898,CHEMBL3314898,CCOC(=O)c1cnc(NCc2ccc(F)cc2)n2nc(-c3ccco3)nc12,,7.41,1,7.41,7.41,Ki,B,cell-based format,cell_based,9,D,2014,
CHEMBL3314899,CHEMBL3314899,CCOC(=O)c1cnc(NCc2ccc(Cl)cc2)n2nc(-c3ccco3)nc12,,7.13,1,7.13,7.13,Ki,B,cell-based format,cell_based,9,D,2014,
CHEMBL3314900,CHEMBL3314900,CCOC(=O)c1cnc(NCc2ccc(C(F)(F)F)cc2)n2nc(-c3ccco3)nc12,,6.68,1,6.68,6.68,Ki,B,cell-based format,cell_based,9,D,2014,
CHEMBL3314901,CHEMBL3314901,CCOC(=O)c1cnc(NCc2ccc(-c3ccccc3)cc2)n2nc(-c3ccco3)nc12,,6.73,1,6.73,6.73,Ki,B,cell-based format,cell_based,9,D,2014,
CHEMBL3314902,CHEMBL3314902,CCOC(=O)c1cnc(NC(c2ccccc2)c2ccccc2)n2nc(-c3ccco3)nc12,,6.42,1,6.42,6.42,Ki,B,cell-based format,cell_based,9,D,2014,
CHEMBL3314903,CHEMBL3314903,CCOC(=O)c1cnc(NC2CCC2)n2nc(-c3ccco3)nc12,,7.54,1,7.54,7.54,Ki,B,cell-based format,cell_based,9,D,2014,
CHEMBL3314904,CHEMBL3314904,CCOC(=O)c1cnc(NC2CCCCCC2)n2nc(-c3ccco3)nc12,,6.63,1,6.63,6.63,Ki,B,cell-based format,cell_based,9,D,2014,
CHEMBL3314905,CHEMBL3314905,C=C(CCC)C1=CC=C(CC2CCCCCCC2)C2C=C(C3=CC=CC3)C=C12,,6.46,1,6.46,6.46,Ki,B,cell-based format,cell_based,9,D,2014,
CHEMBL3314908,CHEMBL3314908,CCOC(=O)c1cnc(NCCOC)n2nc(-c3ccco3)nc12,,6.54,1,6.54,6.54,Ki,B,cell-based format,cell_based,9,D,2014,
CHEMBL3314911,CHEMBL3314911,CCOC(=O)c1cnc(NC2CCCCC2)n2nc(-c3ccco3)nc12,,7.23,1,7.23,7.23,Ki,B,cell-based format,cell_based,9,D,2014,
CHEMBL3314913,CHEMBL3314913,CCOC(=O)c1cnc(NCC(C)C)n2nc(-c3ccco3)nc12,,7.35,1,7.35,7.35,Ki,B,cell-based format,cell_based,9,D,2014,
CHEMBL3314914,CHEMBL3314914,CCOC(=O)c1cnc(NOC)n2nc(-c3ccco3)nc12,,6.68,1,6.68,6.68,Ki,B,cell-based format,cell_based,9,D,2014,
CHEMBL3314920,CHEMBL3314920,O=C(O)c1cnc(NC2CC2)n2nc(-c3ccco3)nc12,,6.22,1,6.22,6.22,Ki,B,cell-based format,cell_based,9,D,2014,
CHEMBL3317554,CHEMBL3317554,Nc1nc(Cc2ccccc2O)nc2cn(-c3ccccc3)nc12,,7.05,1,7.05,7.05,Ki,B,cell-based format,cell_based,9,D,2014,
CHEMBL3317555,CHEMBL3317555,Nc1ncnc2cn(-c3ccccc3)nc12,,6.39,1,6.39,6.39,Ki,B,cell-based format,cell_based,9,D,2014,
CHEMBL3317560,CHEMBL3317560,COc1ccccc1Cc1nc(N)c2nn(-c3ccccc3)cc2n1,,6.67,1,6.67,6.67,Ki,B,cell-based format,cell_based,9,D,2014,
CHEMBL3317565,CHEMBL3317565,Nc1nc(Cc2ccccc2F)nc2cn(-c3ccccc3)nc12,,6.81,1,6.81,6.81,Ki,B,cell-based format,cell_based,9,D,2014,
CHEMBL3317568,CHEMBL3317568,Nc1nc(Cc2cccc(O)c2)nc2cn(-c3ccccc3)nc12,,6.28,1,6.28,6.28,Ki,B,cell-based format,cell_based,9,D,2014,
CHEMBL3317574,CHEMBL3317574,Nc1nc(CCCc2ccccc2)nc2cn(-c3ccccc3)nc12,,6.37,3,6.37,7.26,IC50;Ki,B;F,cell-based format,cell_based,9,D,2014;2022,
CHEMBL3317575,CHEMBL3317575,COc1ccccc1CCCc1nc(N)c2nn(-c3ccccc3)cc2n1,,6.82,1,6.82,6.82,Ki,B,cell-based format,cell_based,9,D,2014,
CHEMBL3317576,CHEMBL3317576,COc1cccc(CCCc2nc(N)c3nn(-c4ccccc4)cc3n2)c1,,6.83,1,6.83,6.83,Ki,B,cell-based format,cell_based,9,D,2014,
CHEMBL3317577,CHEMBL3317577,COc1ccc(CCCc2nc(N)c3nn(-c4ccccc4)cc3n2)cc1,,6.1,1,6.1,6.1,Ki,B,cell-based format,cell_based,9,D,2014,
CHEMBL3317578,CHEMBL3317578,Nc1nc(CCCc2ccccc2O)nc2cn(-c3ccccc3)nc12,,6.99,1,6.99,6.99,Ki,B,cell-based format,cell_based,9,D,2014,
CHEMBL3317579,CHEMBL3317579,Nc1nc(CCCc2cccc(O)c2)nc2cn(-c3ccccc3)nc12,,6.84,1,6.84,6.84,Ki,B,cell-based format,cell_based,9,D,2014,
CHEMBL3317580,CHEMBL3317580,Nc1nc(CCCc2ccc(O)cc2)nc2cn(-c3ccccc3)nc12,,6.14,1,6.14,6.14,Ki,B,cell-based format,cell_based,9,D,2014,
CHEMBL3318881,CHEMBL3318881,Nc1ncc(-c2ccncc2)c(-c2ccccc2)n1,,6.97,1,6.97,6.97,Ki,B,cell-based format,cell_based,9,D,2017,
CHEMBL331946,CHEMBL331946,Nc1cccc2c1nc(N)c1nn(-c3ccc(O)cc3)c(=O)n12,,6.74,1,6.74,6.74,Ki,B,assay format,other,8,H,2004,
CHEMBL118923,CHEMBL332091,Cn1cc2c(nc(NC(=O)Nc3ccncc3)n3nc(-c4ccco4)nc23)n1,,7.0,5,6.96,7.22,Ki,B,cell-based format,cell_based,9,D,2002;2006;2012,
CHEMBL332718,CHEMBL332718,CCN(CC)C(=O)C1CCCN(C(=O)c2cc(N)n3nc(-c4ccc(Br)o4)nc3c2)C1,,8.1,1,8.1,8.1,Ki,B,single protein format,single_protein,8,H,2004,
CHEMBL332742,CHEMBL332742,CCCCc1nc2[nH]cnc2c2nc(-c3ccc(C)cc3)nn12,,6.75,1,6.75,6.75,IC50,B,cell-based format,cell_based,8,H,2002,
CHEMBL333415,CHEMBL333415,CCCCc1nc2[nH]cnc2c2nc(-c3ccc(F)cc3)nn12,,6.29,1,6.29,6.29,IC50,B,cell-based format,cell_based,8,H,2002,
CHEMBL3335523,CHEMBL3335523,CCNC(=O)[C@H]1O[C@@H](n2cnc3c(N)nc(NCCc4ccc(CCC(=O)Nc5ccc(OC(C)=O)c([N+](=O)[O-])c5)cc4)nc32)[C@H](O)[C@@H]1O,,8.3,5,7.64,8.65,EC50;Kd;Ki,B;F,cell-based format,cell_based,9,D,2014,
CHEMBL3335524,CHEMBL3335524,CCNC(=O)[C@H]1O[C@@H](n2cnc3c(N)nc(NCCc4ccc(CCC(=O)Nc5ccc(OC(=O)CCCCN=[N+]=[N-])c([N+](=O)[O-])c5)cc4)nc32)[C@H](O)[C@@H]1O,,8.5,1,8.5,8.5,Kd,B,cell-based format,cell_based,9,D,2014,
CHEMBL3335526,CHEMBL3335526,CCNC(=O)[C@H]1O[C@@H](n2cnc3c(N)nc(NCCc4ccc(CCC(=O)Nc5ccc(O)c([N+](=O)[O-])c5)cc4)nc32)[C@H](O)[C@@H]1O,,6.57,1,6.57,6.57,Ki,B,cell-based format,cell_based,9,D,2014,
CHEMBL333860,CHEMBL333860,CCCCc1nc2[nH]cnc2c2nc(-c3ccc(OCCC)cc3)nn12,,7.31,1,7.31,7.31,Ki,B,cell-based format,cell_based,9,D,2002,
CHEMBL334336,CHEMBL334336,Nc1nc(N[C@@H]2CCC[C@H]2O)nc2c1ncn2[C@@H]1O[C@H](CO)[C@@H](O)[C@H]1O,,9.1,1,9.1,9.1,Ki,B,single protein format,single_protein,8,H,2000,
CHEMBL3350613,CHEMBL3350613,CC(C)(C)OC(=O)C1CCCN1C[C@@H](O)[C@H](Cc1ccccc1)NC(=O)[C@H](CC(N)=O)NC(=O)OCc1ccccc1,,8.19,1,8.19,8.19,Ki,B,cell-based format,cell_based,8,H,2002,
CHEMBL3359401,CHEMBL3359401,O=c1c2ncn3nc(-c4ccccc4)cc3c2c(-c2cccs2)nn1Cc1ccccc1,,7.29,1,7.29,7.29,Ki,B,cell-based format,cell_based,9,D,2015,
CHEMBL3359404,CHEMBL3359404,O=c1c2ncn3nc(-c4ccccc4)cc3c2c(-c2ccsc2)nn1Cc1ccccc1,,7.16,1,7.16,7.16,Ki,B,cell-based format,cell_based,9,D,2015,
CHEMBL3359410,CHEMBL3359410,O=c1c2ncn3nc(-c4ccccc4)cc3c2c(C2CCCC2)nn1Cc1ccccc1,,7.12,1,7.12,7.12,Ki,B,cell-based format,cell_based,9,D,2015,
CHEMBL3359411,CHEMBL3359411,CCc1nc2c(=O)n(Cc3ccccc3)nc(C3CCCC3)c2c2cc(-c3ccccc3)nn12,,6.18,1,6.18,6.18,Ki,B,cell-based format,cell_based,9,D,2015,
CHEMBL335950,CHEMBL335950,O=C(Cc1cccc2ccccc12)Nc1nc2nn(CCCc3ccccc3)cc2c2nc(-c3ccco3)nn12,,6.31,2,6.1,6.52,Ki,B,cell-based format,cell_based,9,D,2003;2009,
CHEMBL336217,CHEMBL336217,CC(C)CCn1cc2c(nc(NC(=O)Cc3cccc4ccccc34)n3nc(-c4ccco4)nc23)n1,,7.38,1,7.38,7.38,Ki,B,cell-based format,cell_based,9,D,2003,
CHEMBL336608,CHEMBL336608,CCNC(=O)[C@H]1O[C@@H](n2cnc3c(NCC(c4ccccc4)c4ccccc4)nc(NCCc4c[nH]cn4)nc32)[C@H](O)[C@@H]1O,,10.52,1,10.52,10.52,Ki,B,single protein format,single_protein,8,H,2000,
CHEMBL3394253,CHEMBL3394253,CCCN(CCCNC(=O)CCCC(=O)Oc1ccc(CCNc2nc(N)n3nc(-c4ccco4)nc3n2)cc1)CCc1cccc2c1CC(=O)N2,,7.455,2,7.45,7.46,IC50,F,cell-based format,cell_based,9,D,2015,
CHEMBL3394255,CHEMBL3394255,CCCN(CCCNC(=O)COc1ccc(CCNc2nc(N)n3nc(-c4ccco4)nc3n2)cc1)CCc1cccc2c1CC(=O)N2,,7.2,2,7.2,7.2,IC50,F,cell-based format,cell_based,9,D,2015,
CHEMBL3394257,CHEMBL3394257,CCCN(CCCNC(=O)CCCNC(=O)CCCOc1ccc(CCNc2nc(N)n3nc(-c4ccco4)nc3n2)cc1)CCc1cccc2c1CC(=O)N2,,6.96,2,6.96,6.96,IC50,F,cell-based format,cell_based,9,D,2015,
CHEMBL3394258,CHEMBL3394258,CCCN(CCCNC(=O)CCCCCCCNC(=O)CCCOc1ccc(CCNc2nc(N)n3nc(-c4ccco4)nc3n2)cc1)CCc1cccc2c1CC(=O)N2,,7.39,2,7.39,7.39,IC50,F,cell-based format,cell_based,9,D,2015,
CHEMBL3394260,CHEMBL3394260,COC(=O)CCCCCCCCCCCNC(=O)CCCOc1ccc(CCNc2nc(N)n3nc(-c4ccco4)nc3n2)cc1,,6.36,2,6.36,6.36,IC50,F,cell-based format,cell_based,9,D,2015,
CHEMBL3394261,CHEMBL3394261,Nc1nc(NCCc2ccc(Oc3nc(Cl)nc(N4CCOCC4)n3)cc2)nc2nc(-c3ccco3)nn12,,6.87,2,6.87,6.87,IC50,F,cell-based format,cell_based,9,D,2015,
CHEMBL3394263,CHEMBL3394263,CCCN(CCc1cccc2c1CC(=O)N2)c1nc(N)n2nc(-c3ccco3)nc2n1,,7.495,2,7.49,7.5,IC50,F,cell-based format,cell_based,9,D,2015,
CHEMBL3394265,CHEMBL3394265,CCCN(CCCNc1nc(N)n2nc(-c3ccco3)nc2n1)CCc1cccc2c1CC(=O)N2,,6.04,2,6.04,6.04,IC50,F,cell-based format,cell_based,9,D,2015,
CHEMBL3394276,CHEMBL3394276,Nc1nc(N2CCN(CCc3cccc4c3CC(=O)N4)CC2)nc2nc(-c3ccco3)nn12,,7.23,2,7.23,7.23,IC50,F,cell-based format,cell_based,9,D,2015,
CHEMBL339522,CHEMBL339522,OC[C@H]1O[C@@H](n2cnc3c(NCCc4cccc(Cl)c4)nc(NC4CCCC4)nc32)[C@H](O)[C@@H]1O,,7.41,1,7.41,7.41,Ki,B,single protein format,single_protein,8,H,2000,
CHEMBL339655,CHEMBL339655,Cc1nc2[nH]cnc2c2nc(-c3ccccc3)nn12,,6.26,1,6.26,6.26,IC50,B,cell-based format,cell_based,8,H,2002,
CHEMBL3401295,CHEMBL3401295,CC(C)CCNc1ccc(C(=O)Nc2nccs2)cc1,,6.14,1,6.14,6.14,Ki,B,single protein format,single_protein,9,D,2015,
CHEMBL3401296,CHEMBL3401296,CC(C)(C)CC(=O)Nc1ccc(C(=O)Nc2nccs2)nc1,,6.52,1,6.52,6.52,Ki,B,single protein format,single_protein,9,D,2015,
CHEMBL3401300,CHEMBL3401300,O=C(CC1CCCC1)Nc1ccc(C(=O)Nc2nccs2)cc1,,7.17,1,7.17,7.17,Ki,B,single protein format,single_protein,9,D,2015,
CHEMBL3401303,CHEMBL3401303,CCN(CC)CCCCC(=O)Nc1ccc(C(=O)Nc2nccs2)cc1,,6.08,1,6.08,6.08,Ki,B,single protein format,single_protein,9,D,2015,
CHEMBL3401304,CHEMBL3401304,CCN(CC)CCCCCC(=O)Nc1ccc(C(=O)Nc2nccs2)cc1,,6.62,1,6.62,6.62,Ki,B,single protein format,single_protein,9,D,2015,
CHEMBL3401305,CHEMBL3401305,CCN(CC)CCCCCCCC(=O)Nc1ccc(C(=O)Nc2nccs2)cc1,,6.89,1,6.89,6.89,Ki,B,single protein format,single_protein,9,D,2015,
CHEMBL340221,CHEMBL340221,CCc1nc2[nH]ncc2c2nc(-c3ccccc3)nn12,,6.51,1,6.51,6.51,IC50,B,cell-based format,cell_based,8,H,2004,
CHEMBL3402640,CHEMBL3402640,CCN(CC)CCC(C)CC(=O)Nc1ccc(C(=O)Nc2nccs2)cc1,,6.96,1,6.96,6.96,Ki,B,single protein format,single_protein,9,D,2015,
CHEMBL3402641,CHEMBL3402641,CC(CCN1CCOCC1)CC(=O)Nc1ccc(C(=O)Nc2nccs2)cc1,,6.96,1,6.96,6.96,Ki,B,single protein format,single_protein,9,D,2015,
CHEMBL340657,CHEMBL340657,CCCCc1nc2[nH]ncc2c2nc(-c3ccccc3)nn12,,6.72,1,6.72,6.72,IC50,B,cell-based format,cell_based,9,D,2004,
CHEMBL340674,CHEMBL340674,CCNC(=O)[C@H]1O[C@@H](n2cnc3c(N)nc(NC4CCCC4)nc32)[C@H](O)[C@@H]1O,,8.66,1,8.66,8.66,Ki,B,single protein format,single_protein,8,H,2000,
CHEMBL341376,CHEMBL341376,Cn1cc2c(nc(NC(=O)Cc3ccccc3)n3nc(-c4ccco4)nc23)n1,,6.37,1,6.37,6.37,Ki,B,cell-based format,cell_based,9,D,2002,
CHEMBL3414573,CHEMBL3414573,CCNC(=O)[C@H]1O[C@@H](n2cnc3c(N)nc(NCCN4CCN(c5ccc(Cl)c(Cl)c5)CC4)nc32)[C@H](O)[C@@H]1O,,7.5,2,7.42,7.58,EC50;Ki,B;F,cell-based format,cell_based,9,D,2015,
CHEMBL3414936,CHEMBL3414936,CCn1nnc([C@H]2O[C@@H](n3cnc4c(N)ncnc43)[C@H](O)[C@@H]2O)n1,,8.36,2,8.09,8.63,EC50;Ki,B;F,cell-based format,cell_based,9,D,2015,
CHEMBL3414937,CHEMBL3414937,CCn1nnc([C@H]2O[C@@H](n3cnc4c(N)nc(Cl)nc43)[C@H](O)[C@@H]2O)n1,,7.68,3,6.59,8.42,EC50;Ki,B;F,cell-based format,cell_based,9,D,2015,
CHEMBL3414938,CHEMBL3414938,CCn1nnc([C@H]2O[C@@H](n3cnc4c(NC)ncnc43)[C@H](O)[C@@H]2O)n1,,6.11,1,6.11,6.11,Ki,B,cell-based format,cell_based,9,D,2015,
CHEMBL3414939,CHEMBL3414939,CCn1nnc([C@H]2O[C@@H](n3cnc4c(NC)nc(Cl)nc43)[C@H](O)[C@@H]2O)n1,,6.62,1,6.62,6.62,EC50,F,cell-based format,cell_based,9,D,2015,
CHEMBL3414940,CHEMBL3414940,CCn1nnc([C@H]2O[C@@H](n3cnc4c(NC5CC5)ncnc43)[C@H](O)[C@@H]2O)n1,,7.35,4,6.84,8.01,EC50;Ki,B;F,cell-based format,cell_based,9,D,2015;2017,
CHEMBL3414941,CHEMBL3414941,CCn1nnc([C@H]2O[C@@H](n3cnc4c(NC5CC5)nc(Cl)nc43)[C@H](O)[C@@H]2O)n1,,7.4399999999999995,4,6.56,8.28,EC50;Ki,B;F,cell-based format,cell_based,9,D,2015;2017,
CHEMBL3414942,CHEMBL3414942,CCn1nnc([C@H]2O[C@@H](n3cnc4c(N[C@H]5C[C@@H]6CC[C@@H]5C6)ncnc43)[C@H](O)[C@@H]2O)n1,,7.65,2,7.19,8.11,EC50;Ki,B;F,cell-based format,cell_based,9,D,2015,
CHEMBL3414943,CHEMBL3414943,CCn1nnc([C@H]2O[C@@H](n3cnc4c(N[C@H]5C[C@@H]6CC[C@@H]5C6)nc(Cl)nc43)[C@H](O)[C@@H]2O)n1,,7.34,2,6.79,7.89,EC50;Ki,B;F,cell-based format,cell_based,9,D,2015,
CHEMBL3414944,CHEMBL3414944,CCn1nnc([C@H]2O[C@@H](n3cnc4c(NC5CCCO5)ncnc43)[C@H](O)[C@@H]2O)n1,,6.93,2,6.26,7.6,EC50;Ki,B;F,cell-based format,cell_based,9,D,2015,
CHEMBL3414945,CHEMBL3414945,CCn1nnc([C@H]2O[C@@H](n3cnc4c(NC5CCCO5)nc(Cl)nc43)[C@H](O)[C@@H]2O)n1,,6.77,2,6.06,7.48,EC50;Ki,B;F,cell-based format,cell_based,9,D,2015,
CHEMBL3414946,CHEMBL3414946,CCn1nnc([C@H]2O[C@@H](n3cnc4c(Nc5ccc(Cl)cc5F)ncnc43)[C@H](O)[C@@H]2O)n1,,7.595000000000001,2,7.11,8.08,EC50;Ki,B;F,cell-based format,cell_based,9,D,2015,
CHEMBL3414947,CHEMBL3414947,CCn1nnc([C@H]2O[C@@H](n3cnc4c(Nc5ccc(Cl)cc5F)nc(Cl)nc43)[C@H](O)[C@@H]2O)n1,,7.095000000000001,2,6.65,7.54,EC50;Ki,B;F,cell-based format,cell_based,9,D,2015,
CHEMBL3414948,CHEMBL3414948,CCn1nnc([C@H]2O[C@@H](n3cnc4c(NCc5ccccc5I)nc(Cl)nc43)[C@H](O)[C@@H]2O)n1,,7.504999999999999,2,6.97,8.04,EC50;Ki,B;F,cell-based format,cell_based,9,D,2015,
CHEMBL3416775,CHEMBL3416775,CCNC(=O)[C@H]1O[C@@H](n2cnc3c(N)nc(NCCN4CCN(c5ccccc5)CC4)nc32)[C@H](O)[C@@H]1O,,7.15,2,7.04,7.26,EC50;Ki,B;F,cell-based format,cell_based,9,D,2015,
CHEMBL3416776,CHEMBL3416776,CCNC(=O)[C@H]1O[C@@H](n2cnc3c(N)nc(NCCCN4CCN(c5ccccc5)CC4)nc32)[C@H](O)[C@@H]1O,,6.49,2,6.36,6.62,EC50;Ki,B;F,cell-based format,cell_based,9,D,2015,
CHEMBL3416777,CHEMBL3416777,CCNC(=O)[C@H]1O[C@@H](n2cnc3c(N)nc(NCCN4CCN(Cc5ccccc5)CC4)nc32)[C@H](O)[C@@H]1O,,6.13,2,6.08,6.18,EC50;Ki,B;F,cell-based format,cell_based,9,D,2015,
CHEMBL3416778,CHEMBL3416778,CCNC(=O)[C@H]1O[C@@H](n2cnc3c(N)nc(NCCN4CCN(CCc5ccccc5)CC4)nc32)[C@H](O)[C@@H]1O,,6.01,1,6.01,6.01,Ki,B,cell-based format,cell_based,9,D,2015,
CHEMBL3416779,CHEMBL3416779,CCNC(=O)[C@H]1O[C@@H](n2cnc3c(N)nc(NCCN4CCN(c5ccc(F)cc5)CC4)nc32)[C@H](O)[C@@H]1O,,6.925,2,6.84,7.01,EC50;Ki,B;F,cell-based format,cell_based,9,D,2015,
CHEMBL3416780,CHEMBL3416780,CCNC(=O)[C@H]1O[C@@H](n2cnc3c(N)nc(NCCN4CCN(c5ccc(Cl)cc5)CC4)nc32)[C@H](O)[C@@H]1O,,7.555,2,7.51,7.6,EC50;Ki,B;F,cell-based format,cell_based,9,D,2015,
CHEMBL3416781,CHEMBL3416781,CCNC(=O)[C@H]1O[C@@H](n2cnc3c(N)nc(NCCN4CCN(c5ccc(Br)cc5)CC4)nc32)[C@H](O)[C@@H]1O,,7.455,2,7.37,7.54,EC50;Ki,B;F,cell-based format,cell_based,9,D,2015,
CHEMBL3416782,CHEMBL3416782,CCNC(=O)[C@H]1O[C@@H](n2cnc3c(N)nc(NCCN4CCN(c5ccc(I)cc5)CC4)nc32)[C@H](O)[C@@H]1O,,6.925,2,6.81,7.04,EC50;Ki,B;F,cell-based format,cell_based,9,D,2015,
CHEMBL3416783,CHEMBL3416783,CCNC(=O)[C@H]1O[C@@H](n2cnc3c(N)nc(NCCN4CCN(c5ccc(C(F)(F)F)cc5)CC4)nc32)[C@H](O)[C@@H]1O,,7.385,2,7.33,7.44,EC50;Ki,B;F,cell-based format,cell_based,9,D,2015,
CHEMBL3416784,CHEMBL3416784,CCNC(=O)[C@H]1O[C@@H](n2cnc3c(N)nc(NCCN4CCN(c5ccc([N+](=O)[O-])cc5)CC4)nc32)[C@H](O)[C@@H]1O,,7.53,2,7.44,7.62,EC50;Ki,B;F,cell-based format,cell_based,9,D,2015,
CHEMBL3416785,CHEMBL3416785,CCNC(=O)[C@H]1O[C@@H](n2cnc3c(N)nc(NCCN4CCN(c5ccc(C)cc5)CC4)nc32)[C@H](O)[C@@H]1O,,7.005,2,6.95,7.06,EC50;Ki,B;F,cell-based format,cell_based,9,D,2015,
CHEMBL3416786,CHEMBL3416786,CCNC(=O)[C@H]1O[C@@H](n2cnc3c(N)nc(NCCN4CCN(c5ccc(OC)cc5)CC4)nc32)[C@H](O)[C@@H]1O,,7.29,2,7.21,7.37,EC50;Ki,B;F,cell-based format,cell_based,9,D,2015,
CHEMBL3416787,CHEMBL3416787,CCNC(=O)[C@H]1O[C@@H](n2cnc3c(N)nc(NCCN4CCN(c5ccc(OCCOC)cc5)CC4)nc32)[C@H](O)[C@@H]1O,,7.165,2,7.08,7.25,EC50;Ki,B;F,cell-based format,cell_based,9,D,2015,
CHEMBL3416788,CHEMBL3416788,CCNC(=O)[C@H]1O[C@@H](n2cnc3c(N)nc(NCCN4CCN(c5ccc(C(=O)O)cc5)CC4)nc32)[C@H](O)[C@@H]1O,,7.47,2,7.42,7.52,EC50;Ki,B;F,cell-based format,cell_based,9,D,2015,
CHEMBL3416789,CHEMBL3416789,CCNC(=O)[C@H]1O[C@@H](n2cnc3c(N)nc(NCCN4CCN(c5ccc(CC(=O)O)cc5)CC4)nc32)[C@H](O)[C@@H]1O,,7.035,2,6.99,7.08,EC50;Ki,B;F,cell-based format,cell_based,9,D,2015,
CHEMBL3416790,CHEMBL3416790,CCNC(=O)[C@H]1O[C@@H](n2cnc3c(N)nc(NCCN4CCN(c5cccc(Cl)c5)CC4)nc32)[C@H](O)[C@@H]1O,,7.49,2,7.34,7.64,EC50;Ki,B;F,cell-based format,cell_based,9,D,2015,
CHEMBL3416791,CHEMBL3416791,CCNC(=O)[C@H]1O[C@@H](n2cnc3c(N)nc(NCCN4CCN(c5cccc(C(=O)O)c5)CC4)nc32)[C@H](O)[C@@H]1O,,7.08,2,7.02,7.14,EC50;Ki,B;F,cell-based format,cell_based,9,D,2015,
CHEMBL3416792,CHEMBL3416792,CCNC(=O)[C@H]1O[C@@H](n2cnc3c(N)nc(NCCN4CCN(c5ccccc5F)CC4)nc32)[C@H](O)[C@@H]1O,,8.02,2,7.93,8.11,EC50;Ki,B;F,cell-based format,cell_based,9,D,2015,
CHEMBL3416793,CHEMBL3416793,CCNC(=O)[C@H]1O[C@@H](n2cnc3c(N)nc(NCCN4CCN(c5ccccc5Cl)CC4)nc32)[C@H](O)[C@@H]1O,,7.68,2,7.62,7.74,EC50;Ki,B;F,cell-based format,cell_based,9,D,2015,
CHEMBL3416794,CHEMBL3416794,CCNC(=O)[C@H]1O[C@@H](n2cnc3c(N)nc(NCCN4CCN(c5ccccc5C(F)(F)F)CC4)nc32)[C@H](O)[C@@H]1O,,6.96,2,6.9,7.02,EC50;Ki,B;F,cell-based format,cell_based,9,D,2015,
CHEMBL3416795,CHEMBL3416795,CCNC(=O)[C@H]1O[C@@H](n2cnc3c(N)nc(NCCN4CCN(c5ccccc5OC)CC4)nc32)[C@H](O)[C@@H]1O,,6.484999999999999,2,6.41,6.56,EC50;Ki,B;F,cell-based format,cell_based,9,D,2015,
CHEMBL3416796,CHEMBL3416796,CCNC(=O)[C@H]1O[C@@H](n2cnc3c(N)nc(NCCN4CCN(c5ccc(F)c(Cl)c5)CC4)nc32)[C@H](O)[C@@H]1O,,7.43,2,7.39,7.47,EC50;Ki,B;F,cell-based format,cell_based,9,D,2015,
CHEMBL3416797,CHEMBL3416797,CCNC(=O)[C@H]1O[C@@H](n2cnc3c(N)nc(NCCN4CCN(c5cc(Cl)cc(Cl)c5)CC4)nc32)[C@H](O)[C@@H]1O,,7.380000000000001,2,7.28,7.48,EC50;Ki,B;F,cell-based format,cell_based,9,D,2015,
CHEMBL3416798,CHEMBL3416798,CCNC(=O)[C@H]1O[C@@H](n2cnc3c(N)nc(NCCN4CCN(c5cccc(F)c5F)CC4)nc32)[C@H](O)[C@@H]1O,,8.125,2,7.99,8.26,EC50;Ki,B;F,cell-based format,cell_based,9,D,2015,
CHEMBL3416799,CHEMBL3416799,CCNC(=O)[C@H]1O[C@@H](n2cnc3c(N)nc(NCCN4CCN(c5ccc(Cl)cc5F)CC4)nc32)[C@H](O)[C@@H]1O,,8.315000000000001,2,8.31,8.32,EC50;Ki,B;F,cell-based format,cell_based,9,D,2015,
CHEMBL3416800,CHEMBL3416800,CCNC(=O)[C@H]1O[C@@H](n2cnc3c(N)nc(NCCN4CCN(c5ccc(CC(=O)O)cc5Br)CC4)nc32)[C@H](O)[C@@H]1O,,7.470000000000001,2,7.32,7.62,EC50;Ki,B;F,cell-based format,cell_based,9,D,2015,
CHEMBL3416804,CHEMBL3416804,CCNC(=O)[C@H]1O[C@@H](n2cnc3c(N)nc(N4CCN(c5ccc(OCCOC)cc5)CC4)nc32)[C@H](O)[C@@H]1O,,6.17,1,6.17,6.17,Ki,B,cell-based format,cell_based,9,D,2015,
CHEMBL3416805,CHEMBL3416805,CCNC(=O)[C@H]1O[C@@H](n2cnc3c(N)nc(N4CCN(c5ccc(OCc6ccccc6)cc5)CC4)nc32)[C@H](O)[C@@H]1O,,6.13,1,6.13,6.13,Ki,B,cell-based format,cell_based,9,D,2015,
CHEMBL3416806,CHEMBL3416806,CCNC(=O)[C@H]1O[C@@H](n2cnc3c(N)nc(N4CCN(c5ccc(OCc6ccc(Cl)cc6)cc5)CC4)nc32)[C@H](O)[C@@H]1O,,7.380000000000001,2,7.28,7.48,EC50;Ki,B;F,cell-based format,cell_based,9,D,2015,
CHEMBL3416807,CHEMBL3416807,CCNC(=O)[C@H]1O[C@@H](n2cnc3c(N)nc(N4CCN(c5ccc(OCc6ccc(F)cc6)cc5)CC4)nc32)[C@H](O)[C@@H]1O,,6.5,2,6.37,6.63,EC50;Ki,B;F,cell-based format,cell_based,9,D,2015,
CHEMBL3416808,CHEMBL3416808,CCNC(=O)[C@H]1O[C@@H](n2cnc3c(N)nc(N4CCN(c5ccc(OCc6ccc(C(F)(F)F)cc6)cc5)CC4)nc32)[C@H](O)[C@@H]1O,,7.52,2,7.42,7.62,EC50;Ki,B;F,cell-based format,cell_based,9,D,2015,
CHEMBL3416810,CHEMBL3416810,CCNC(=O)[C@H]1O[C@@H](n2cnc3c(N)nc(N4CCN(c5ccc(OCCCc6ccccc6)cc5)CC4)nc32)[C@H](O)[C@@H]1O,,7.68,2,7.57,7.79,EC50;Ki,B;F,cell-based format,cell_based,9,D,2015,
CHEMBL3416811,CHEMBL3416811,CCNC(=O)[C@H]1O[C@@H](n2cnc3c(N)nc(N4CCN(c5ccc(OCC(=O)OCC)cc5)CC4)nc32)[C@H](O)[C@@H]1O,,7.205,2,7.13,7.28,EC50;Ki,B;F,cell-based format,cell_based,9,D,2015,
CHEMBL341777,CHEMBL341777,O=C(COc1ccccc1)Nc1nc2nn(CCc3ccccc3)cc2c2nc(-c3ccco3)nn12,,7.4,1,7.4,7.4,Ki,B,cell-based format,cell_based,9,D,2003,
CHEMBL342059,CHEMBL342059,Cn1cc2c(nc(N)n3nc(-c4ccco4)nc23)n1,,8.55,1,8.55,8.55,Ki,B,cell-based format,cell_based,9,D,2000,
CHEMBL342500,CHEMBL342500,CC(C)=CCn1cc2c(nc(NC(=O)Nc3cccc(Cl)c3)n3nc(-c4ccco4)nc23)n1,,6.96,1,6.96,6.96,Ki,B,cell-based format,cell_based,9,D,2000,
CHEMBL342906,CHEMBL342906,O=C(Nc1cccc(Cl)c1)Nc1nc2nn(CCCc3ccccc3)cc2c2nc(-c3ccco3)nn12,,6.7,1,6.7,6.7,Ki,B,cell-based format,cell_based,9,D,1999,
CHEMBL344706,CHEMBL344706,CCCn1cc2c(nc(N)n3nc(-c4ccco4)nc23)n1,,8.59,1,8.59,8.59,Ki,B,cell-based format,cell_based,9,D,1999,
CHEMBL344724,CHEMBL344724,CC(C)(C)n1cc2c(nc(NC(=O)Nc3cccc(Cl)c3)n3nc(-c4ccco4)nc23)n1,,6.1,1,6.1,6.1,Ki,B,cell-based format,cell_based,9,D,2000,
CHEMBL348925,CHEMBL348925,Cn1cc2c(nc(NC(=O)Nc3ccc(Br)cc3)n3nc(-c4ccco4)nc23)n1,,7.0,1,7.0,7.0,Ki,B,cell-based format,cell_based,9,D,2002,
CHEMBL348975,CHEMBL348975,CCn1cc2c(nc(NC(=O)Nc3ccc(C)cc3)n3nc(-c4ccco4)nc23)n1,,7.52,1,7.52,7.52,Ki,B,cell-based format,cell_based,9,D,2002,
CHEMBL349019,CHEMBL349019,Cn1cc2c(nc(NC(=O)Nc3ccc(Cl)c(Cl)c3)n3nc(-c4ccco4)nc23)n1,,6.84,1,6.84,6.84,Ki,B,cell-based format,cell_based,9,D,2002,
CHEMBL349240,CHEMBL349240,CCCCn1cc2c(nc(NC(=O)Nc3ccccc3)n3nc(-c4ccco4)nc23)n1,,6.83,1,6.83,6.83,Ki,B,cell-based format,cell_based,9,D,2002,
CHEMBL349464,CHEMBL349464,CCCn1cc2c(nc(NC(=O)Cc3ccccc3)n3nc(-c4ccco4)nc23)n1,,6.51,1,6.51,6.51,Ki,B,cell-based format,cell_based,9,D,2002,
CHEMBL349611,CHEMBL349611,CCCCn1cc2c(nc(NC(=O)Nc3ccccc3OC)n3nc(-c4ccco4)nc23)n1,,7.04,1,7.04,7.04,Ki,B,cell-based format,cell_based,9,D,2002,
CHEMBL349716,CHEMBL349716,CCCCn1cc2c(nc(NC(=O)Nc3ccccc3Cl)n3nc(-c4ccco4)nc23)n1,,7.0,1,7.0,7.0,Ki,B,cell-based format,cell_based,9,D,2002,
CHEMBL349954,CHEMBL349954,CCCCn1cc2c(nc(NC(=O)Nc3ccc(C(F)(F)F)cc3)n3nc(-c4ccco4)nc23)n1,,7.51,1,7.51,7.51,Ki,B,cell-based format,cell_based,9,D,2002,
CHEMBL350042,CHEMBL350042,CCCn1cc2c(nc(NC(=O)Nc3ccccc3Cl)n3nc(-c4ccco4)nc23)n1,,6.92,1,6.92,6.92,Ki,B,cell-based format,cell_based,9,D,2002,
CHEMBL350205,CHEMBL350205,CCCn1cc2c(nc(NC(=O)Nc3ccc(Br)cc3)n3nc(-c4ccco4)nc23)n1,,7.3,1,7.3,7.3,Ki,B,cell-based format,cell_based,9,D,2002,
CHEMBL350261,CHEMBL350261,CCCn1cc2c(nc(NC(=O)Nc3cccc(OC)c3)n3nc(-c4ccco4)nc23)n1,,6.95,1,6.95,6.95,Ki,B,cell-based format,cell_based,9,D,2002,
CHEMBL350573,CHEMBL350573,CCCn1cc2c(nc(NC(=O)Nc3ccc(S(=O)(=O)O)cc3)n3nc(-c4ccco4)nc23)n1,,6.52,1,6.52,6.52,Ki,B,cell-based format,cell_based,9,D,2002,
CHEMBL350830,CHEMBL350830,CCCCn1cc2c(nc(NC(=O)Nc3ccc(Br)cc3)n3nc(-c4ccco4)nc23)n1,,7.18,1,7.18,7.18,Ki,B,cell-based format,cell_based,9,D,2002,
CHEMBL351075,CHEMBL351075,CCCn1cc2c(nc(NC(=O)Nc3ccc(C)cc3)n3nc(-c4ccco4)nc23)n1,,7.92,1,7.92,7.92,Ki,B,cell-based format,cell_based,9,D,2002,
CHEMBL351211,CHEMBL351211,COc1ccccc1NC(=O)Nc1nc2nn(C)cc2c2nc(-c3ccco3)nn12,,6.75,1,6.75,6.75,Ki,B,cell-based format,cell_based,9,D,2002,
CHEMBL351285,CHEMBL351285,Cc1ccc(NC(=O)Nc2nc3nn(C)cc3c3nc(-c4ccco4)nn23)cc1,,6.96,1,6.96,6.96,Ki,B,cell-based format,cell_based,9,D,2002,
CHEMBL352073,CHEMBL352073,CCn1cc2c(nc(NC(=O)Nc3ccc(Cl)cc3)n3nc(-c4ccco4)nc23)n1,,6.8,1,6.8,6.8,Ki,B,cell-based format,cell_based,9,D,2002,
CHEMBL352192,CHEMBL352192,CCCCn1cc2c(nc(NC(=O)Nc3ccc4c(c3)OCO4)n3nc(-c4ccco4)nc23)n1,,6.42,1,6.42,6.42,Ki,B,cell-based format,cell_based,9,D,2002,
CHEMBL352345,CHEMBL352345,CCn1cc2c(nc(NC(=O)Nc3ccccc3Cl)n3nc(-c4ccco4)nc23)n1,,6.82,1,6.82,6.82,Ki,B,cell-based format,cell_based,9,D,2002,
CHEMBL352707,CHEMBL352707,CCCCn1cc2c(nc(NC(=O)Nc3ccc(Cl)c(Cl)c3)n3nc(-c4ccco4)nc23)n1,,6.3,1,6.3,6.3,Ki,B,cell-based format,cell_based,9,D,2002,
CHEMBL352796,CHEMBL352796,CCn1cc2c(nc(NC(=O)Nc3ccccc3)n3nc(-c4ccco4)nc23)n1,,7.4,1,7.4,7.4,Ki,B,cell-based format,cell_based,9,D,2002,
CHEMBL353299,CHEMBL353299,CCCn1cc2c(nc(NC(=O)Nc3ccc(Cl)c(Cl)c3)n3nc(-c4ccco4)nc23)n1,,6.4,1,6.4,6.4,Ki,B,cell-based format,cell_based,9,D,2002,
CHEMBL353593,CHEMBL353593,COc1cccc(-c2n[nH]c(Cc3ccccc3Br)n2)c1,,7.7,1,7.7,7.7,Ki,B,single protein format,single_protein,8,H,2004,
CHEMBL353602,CHEMBL353602,COc1cccc(-c2n[nH]c(-c3ccc(Cl)c(Cl)c3)n2)c1,,6.16,1,6.16,6.16,Ki,B,single protein format,single_protein,8,H,2004,
CHEMBL354161,CHEMBL354161,Cn1cc2c(nc(NC(=O)Nc3ccc([N+](=O)[O-])cc3)n3nc(-c4ccco4)nc23)n1,,6.16,1,6.16,6.16,Ki,B,cell-based format,cell_based,9,D,2002,
CHEMBL354321,CHEMBL354321,COc1cccc(-c2n[nH]c(Cc3ccc(Cl)c(Cl)c3)n2)c1,,7.4,2,7.4,7.4,Ki,B,single protein format,single_protein,8,H,2004,
CHEMBL3394262,CHEMBL3547017,CCCN(CCCNc1nc(Oc2ccc(CCNc3nc(N)n4nc(-c5ccco5)nc4n3)cc2)nc(N2CCOCC2)n1)CCc1cccc2c1CC(=O)N2,,6.92,2,6.92,6.92,IC50,F,cell-based format,cell_based,9,D,2015,
CHEMBL355390,CHEMBL355390,COc1cccc(-c2n[nH]c(CC3CCCCC3)n2)c1,,6.16,1,6.16,6.16,Ki,B,single protein format,single_protein,8,H,2004,
CHEMBL355761,CHEMBL355761,Clc1ccc(Cc2n[nH]c(-c3ccc4c(c3)OCO4)n2)cc1Cl,,7.0,1,7.0,7.0,Ki,B,single protein format,single_protein,8,H,2004,
CHEMBL3394256,CHEMBL3559222,CCCN(CCCNC(=O)CCCOc1ccc(CCNc2nc(N)n3nc(-c4ccco4)nc3n2)cc1)CCc1cccc2c1CC(=O)N2,,7.745,2,7.74,7.75,IC50,F,cell-based format,cell_based,9,D,2015,
CHEMBL357663,CHEMBL357663,COc1ccc(NC(=O)Nc2nc3nn(C(C)(C)C)cc3c3nc(-c4ccco4)nn23)cc1,,6.26,1,6.26,6.26,Ki,B,cell-based format,cell_based,9,D,2000,
CHEMBL358341,CHEMBL358341,Cc1cn2c(N)nc(-c3ccccc3)nc2n1,,6.17,1,6.17,6.17,Ki,B,cell membrane format,other,8,H,2002,
CHEMBL358735,CHEMBL358735,COc1ccc(NC(=O)Nc2nc3nn(CCC(C)C)cc3c3nc(-c4ccco4)nn23)cc1,,7.19,1,7.19,7.19,Ki,B,cell-based format,cell_based,9,D,2000,
CHEMBL359044,CHEMBL359044,CC(C)CCn1cc2c(nc(NC(=O)Nc3cccc(Cl)c3)n3nc(-c4ccco4)nc23)n1,,6.94,1,6.94,6.94,Ki,B,cell-based format,cell_based,9,D,2000,
CHEMBL359463,CHEMBL359463,CC(O)(C#Cc1cn2nc(-c3ccco3)nc2c(N)n1)Cc1ccncc1,,8.96,1,8.96,8.96,Ki,B,single protein format,single_protein,9,D,2008,
CHEMBL359531,CHEMBL359531,CC(C)(C)OC(=O)NCCCC(=O)Nc1nc2nn(CCc3ccccc3)cc2c2nc(-c3ccco3)nn12,,6.54,1,6.54,6.54,Ki,B,cell-based format,cell_based,9,D,2009,
CHEMBL3596502,CHEMBL3596502,COc1cccc2c1nc(N)n1nc(CN3CCN(c4ccc(F)cc4)C[C@H]3C)nc21,,8.26,1,8.26,8.26,Ki,B,single protein format,single_protein,9,D,2015,
CHEMBL3596503,CHEMBL3596503,COc1cccc2c1nc(N)n1nc(CN3CCN(c4ccccc4F)C[C@H]3C)nc21,,8.07,1,8.07,8.07,Ki,B,single protein format,single_protein,9,D,2015,
CHEMBL3596504,CHEMBL3596504,COc1cccc2c1nc(N)n1nc(CN3CCN(c4cccc(F)c4)C[C@H]3C)nc21,,8.28,1,8.28,8.28,Ki,B,single protein format,single_protein,9,D,2015,
CHEMBL3596505,CHEMBL3596505,COc1cccc2c1nc(N)n1nc(CN3CCN(c4ccc(F)cn4)C[C@H]3C)nc21,,7.88,1,7.88,7.88,Ki,B,single protein format,single_protein,9,D,2015,
CHEMBL3596506,CHEMBL3596506,COc1cccc2c1nc(N)n1nc(CN3CCN(c4ccccc4)C[C@H]3C)nc21,,8.0,1,8.0,8.0,Ki,B,single protein format,single_protein,9,D,2015,
CHEMBL3596507,CHEMBL3596507,COc1cccc2c1nc(N)n1nc(CN3CCN(c4ccccn4)C[C@H]3C)nc21,,7.43,1,7.43,7.43,Ki,B,single protein format,single_protein,9,D,2015,
CHEMBL3596508,CHEMBL3596508,COc1cccc2c1nc(N)n1nc(CN3CCN(c4cccnc4)C[C@H]3C)nc21,,7.4,1,7.4,7.4,Ki,B,single protein format,single_protein,9,D,2015,
CHEMBL3596509,CHEMBL3596509,COc1cccc2c1nc(N)n1nc(CN3CCN(c4ccncc4)C[C@H]3C)nc21,,7.03,1,7.03,7.03,Ki,B,single protein format,single_protein,9,D,2015,
CHEMBL3596510,CHEMBL3596510,COc1cccc2c1nc(N)n1nc(CN3CCN(c4ncccn4)C[C@H]3C)nc21,,7.58,1,7.58,7.58,Ki,B,single protein format,single_protein,9,D,2015,
CHEMBL3596511,CHEMBL3596511,COc1ccccc1N1CCN(Cc2nc3c4cccc(OC)c4nc(N)n3n2)[C@H](C)C1,,8.05,1,8.05,8.05,Ki,B,single protein format,single_protein,9,D,2015,
CHEMBL3596512,CHEMBL3596512,COc1cccc(N2CCN(Cc3nc4c5cccc(OC)c5nc(N)n4n3)[C@H](C)C2)c1,,8.11,1,8.11,8.11,Ki,B,single protein format,single_protein,9,D,2015,
CHEMBL3596513,CHEMBL3596513,COc1ccc(N2CCN(Cc3nc4c5cccc(OC)c5nc(N)n4n3)[C@H](C)C2)cc1,,8.32,1,8.32,8.32,Ki,B,single protein format,single_protein,9,D,2015,
CHEMBL3596514,CHEMBL3596514,COc1cccc2c1nc(N)n1nc(CN3CCN(c4cnn(C)c4)C[C@H]3C)nc21,,7.61,1,7.61,7.61,Ki,B,single protein format,single_protein,9,D,2015,
CHEMBL3596515,CHEMBL3596515,COc1cccc2c1nc(N)n1nc(CN3CCN(c4ncc(C)s4)C[C@H]3C)nc21,,7.64,1,7.64,7.64,Ki,B,single protein format,single_protein,9,D,2015,
CHEMBL3596516,CHEMBL3596516,COc1cccc2c1nc(N)n1nc(CN3CCN(c4cnc(C)s4)C[C@H]3C)nc21,,8.17,1,8.17,8.17,Ki,B,single protein format,single_protein,9,D,2015,
CHEMBL3596517,CHEMBL3596517,COc1cccc2c1nc(N)n1nc(CN3CCN(c4sc(C)nc4C)C[C@H]3C)nc21,,8.85,1,8.85,8.85,Ki,B,single protein format,single_protein,9,D,2015,
CHEMBL3596518,CHEMBL3596518,COc1cccc2c1nc(N)n1nc(CN3CCN(c4nsnc4Cl)C[C@H]3C)nc21,,8.28,1,8.28,8.28,Ki,B,single protein format,single_protein,9,D,2015,
CHEMBL3596589,CHEMBL3596589,CCn1cc(N2CCN(Cc3nc4c5cccc(OC)c5nc(N)n4n3)[C@H](C)C2)cn1,,7.7,1,7.7,7.7,Ki,B,single protein format,single_protein,9,D,2015,
CHEMBL3596590,CHEMBL3596590,COc1cccc2c1nc(N)n1nc(CN3CCN(c4cnn(C(C)(C)C)c4)C[C@H]3C)nc21,,8.03,1,8.03,8.03,Ki,B,single protein format,single_protein,9,D,2015,
CHEMBL360241,CHEMBL360241,CC(C)c1ccc2c(c1)-c1nc(N)nc(-c3ccc(Br)o3)c1C2,,9.1,1,9.1,9.1,Ki,B,single protein format,single_protein,9,D,2008,
CHEMBL360646,CHEMBL360646,CCn1nnc([C@H]2O[C@@H](n3cnc4c(N)nc(N[C@H](CO)Cc5ccc(Cl)cc5)nc43)[C@H](O)[C@@H]2O)n1,,6.79,2,6.57,7.01,EC50;Ki,B;F,cell-based format,cell_based,9,D,2004,
CHEMBL360837,CHEMBL360837,CCn1nnc([C@H]2O[C@@H](n3cnc4c(N)nc(N[C@H](CO)Cc5ccc(O)cc5)nc43)[C@H](O)[C@@H]2O)n1,,8.2,2,8.1,8.3,EC50;Ki,B;F,cell-based format,cell_based,9,D,2004,
CHEMBL361687,CHEMBL361687,Nc1nc(NCCN2CCN(c3ccc(F)cc3F)CC2)cc2nc(-c3ccco3)nn12,,8.82,1,8.82,8.82,Ki,B,cell-based format,cell_based,9,D,2009,
CHEMBL361826,CHEMBL361826,CCCn1c(=O)c2nc(-c3ccc(OCc4noc(-c5ccccc5OC)n4)cc3)[nH]c2n(CCC)c1=O,,7.64,1,7.64,7.64,Ki,B,cell-based format,cell_based,9,D,2005,
CHEMBL361925,CHEMBL361925,CCn1nnc([C@H]2O[C@@H](n3cnc4c(N)nc(N[C@H](CO)Cc5ccc(Br)cc5)nc43)[C@H](O)[C@@H]2O)n1,,8.55,2,8.3,8.8,EC50;Ki,B;F,cell-based format,cell_based,9,D,2004,
CHEMBL363458,CHEMBL363458,OC[C@H]1OC(n2cnc3c(NCc4cccc(I)c4)nc(-n4cc(-c5nccc6ccccc56)cn4)nc32)[C@H](O)[C@@H]1O,,7.28,1,7.28,7.28,Ki,B,cell-based format,cell_based,9,D,2004,
CHEMBL363660,CHEMBL363660,CN(CCN1CCN(c2ccc(F)cc2F)CC1)c1cc2nc(-c3ccco3)nn2c(N)n1,,9.0,1,9.0,9.0,Ki,B,cell-based format,cell_based,9,D,2009,
CHEMBL3674589,CHEMBL3674589,OC[C@H]1OC(n2cnc3c(NC4CCC[C@H]4OCc4ccccc4)ncnc32)[C@H](O)[C@@H]1O,,6.32,1,6.32,6.32,Ki,B,single protein format,single_protein,8,H,2013,
CHEMBL367773,CHEMBL367773,CC(C)CCn1cc2c(nc(NC(=O)CCCNC(=O)OC(C)(C)C)n3nc(-c4ccco4)nc23)n1,,6.53,1,6.53,6.53,Ki,B,cell-based format,cell_based,9,D,2009,
CHEMBL3677905,CHEMBL3677905,[C-]#[N+]c1ccc2ncc(C(=O)c3ccc(C(=O)N(CC)C4CCCCC4)cc3)n2c1,,6.77,1,6.77,6.77,Ki,B,cell-based format,cell_based,9,D,2015,
CHEMBL3677906,CHEMBL3677906,CCN(C(=O)c1ccc(C(=O)c2cnc3ccc(Br)cn23)cc1)C1CCCCC1,,6.97,1,6.97,6.97,Ki,B,cell-based format,cell_based,9,D,2015,
CHEMBL3677907,CHEMBL3677907,CCN(C(=O)c1ccc(C(=O)c2cnc3ccccn23)nc1)C1CCCCC1,,6.58,1,6.58,6.58,Ki,B,cell-based format,cell_based,9,D,2015,
CHEMBL3677908,CHEMBL3677908,CCN(C(=O)c1ccc(C(=O)c2cnc3ccc(F)cn23)cc1Cl)C1CCCCC1,,7.47,1,7.47,7.47,Ki,B,cell-based format,cell_based,9,D,2015,
CHEMBL3677909,CHEMBL3677909,Nc1cc(C(=O)N2CCCCCC2)ccc1C(=O)c1cnc2ccc(F)cn12,,6.99,1,6.99,6.99,Ki,B,cell-based format,cell_based,9,D,2015,
CHEMBL3677910,CHEMBL3677910,O=C(c1ccc(C(=O)N(C2CCCCC2)C2CCCCC2)cc1)c1cnc2ccccn12,,6.86,1,6.86,6.86,Ki,B,cell-based format,cell_based,9,D,2015,
CHEMBL3677911,CHEMBL3677911,CCN(C(=O)c1ccc(C(=O)c2cnc3ccccn23)cc1)c1ccccc1,,6.73,1,6.73,6.73,Ki,B,cell-based format,cell_based,9,D,2015,
CHEMBL3677912,CHEMBL3677912,O=C(c1ccc(C(=O)N2CCCc3ccccc32)cc1)c1cnc2ccccn12,,6.77,1,6.77,6.77,Ki,B,cell-based format,cell_based,9,D,2015,
CHEMBL3677913,CHEMBL3677913,Cn1nc(-c2cnc3ccc(F)cn23)c2ccc(C(=O)N3CCCCCC3)cc21,,8.4,1,8.4,8.4,Ki,B,cell-based format,cell_based,9,D,2015,
CHEMBL3677914,CHEMBL3677914,Cn1nc(-c2cnc3ccc(C(F)(F)F)cn23)c2ccc(C(=O)N3CCCCCC3)cc21,,6.75,1,6.75,6.75,Ki,B,cell-based format,cell_based,9,D,2015,
CHEMBL3677915,CHEMBL3677915,Cn1nc(-c2cnc3ccc(F)cn23)c2ccc(C(=O)N3CCCCCCC3)cc21,,8.52,1,8.52,8.52,Ki,B,cell-based format,cell_based,9,D,2015,
CHEMBL3677916,CHEMBL3677916,O=C(c1ccc2c(-c3cnc4ccc(F)cn34)nn(Cc3ccccc3)c2c1)N1CCCCCC1,,7.47,1,7.47,7.47,Ki,B,cell-based format,cell_based,9,D,2015,
CHEMBL3677917,CHEMBL3677917,CN1CCN(C(=O)n2nc(-c3cnc4ccc(F)cn34)c3ccc(C(=O)N4CCCCCC4)cc32)CC1,,6.54,1,6.54,6.54,Ki,B,cell-based format,cell_based,9,D,2015,
CHEMBL3677918,CHEMBL3677918,[C-]#[N+]c1ccc2ncc(-c3noc4cc(C(=O)N5CCOCC5)ccc34)n2c1,,6.83,1,6.83,6.83,Ki,B,cell-based format,cell_based,9,D,2015,
CHEMBL3677919,CHEMBL3677919,CCN(C(=O)c1ccc2nc(-c3cnc4ccccn34)oc2c1)C1CCCCC1,,6.59,1,6.59,6.59,Ki,B,cell-based format,cell_based,9,D,2015,
CHEMBL3677920,CHEMBL3677920,O=C(c1ccc2c(c1)nnn2-c1cnc2ccc(F)cn12)N1CCCCCC1,,7.14,1,7.14,7.14,Ki,B,cell-based format,cell_based,9,D,2015,
CHEMBL3677921,CHEMBL3677921,O=C(c1ccc2c(-c3cnc4ccc(F)cn34)c[nH]c2c1)N1CCCCCC1,,6.46,1,6.46,6.46,Ki,B,cell-based format,cell_based,9,D,2015,
CHEMBL3677922,CHEMBL3677922,Nc1nc(-c2cnc3ccc(F)cn23)c2ccc(C(=O)N3CCCCCC3)cc2n1,,7.08,1,7.08,7.08,Ki,B,cell-based format,cell_based,9,D,2015,
CHEMBL3677923,CHEMBL3677923,CCN(C(=O)c1ccc(C(=O)c2cnc3ccc(Cl)nn23)cc1)C1CCCCC1,,6.34,1,6.34,6.34,Ki,B,cell-based format,cell_based,9,D,2015,
CHEMBL3679384,CHEMBL3679384,OC[C@H]1O[C@@H](n2cnc3c(NC4CCC[C@H]4OCc4cccc(F)c4)ncnc32)[C@H](O)[C@@H]1O,,6.38,1,6.38,6.38,Ki,B,single protein format,single_protein,8,H,2013,
CHEMBL368442,CHEMBL368442,CCCn1c(=O)c2nc(-c3ccc(OCc4nc(-c5cccc(Cl)c5)no4)cc3)[nH]c2n(CCC)c1=O,,6.39,1,6.39,6.39,Ki,B,cell-based format,cell_based,9,D,2005,
CHEMBL368488,CHEMBL368488,Nc1nc(N2CCN(Cc3cccc(Cl)c3)CC2)nc2nc(-c3ccco3)nn12,,7.29,1,7.29,7.29,Ki,B,cell-based format,cell_based,9,D,2011,
CHEMBL368880,CHEMBL368880,CCn1nnc([C@H]2O[C@@H](n3cnc4c(N)nc(N[C@H](CO)Cc5ccc(OC)cc5)nc43)[C@H](O)[C@@H]2O)n1,,8.135,2,7.42,8.85,EC50;Ki,B;F,cell-based format,cell_based,9,D,2004,
CHEMBL3694769,CHEMBL3694769,Nc1nc(-n2cccn2)nc(-n2cccn2)c1Br,PBF-509,7.6,5,7.3,8.25,IC50;Ki,B;F,assay format;cell-based format,cell_based,9,D,2014;2020;2022,1
CHEMBL3694770,CHEMBL3694770,Nc1nc(-n2cccn2)nc(N2CCCC2)c1Br,,7.96,1,7.96,7.96,Ki,B,cell-based format,cell_based,9,D,2014,
CHEMBL3694771,CHEMBL3694771,Nc1nc(-n2cccn2)nc(NC2CCCC2)c1Br,,8.22,1,8.22,8.22,Ki,B,cell-based format,cell_based,9,D,2014,
CHEMBL3694772,CHEMBL3694772,Nc1nc(-n2cccn2)nc(N2CCCCC2)c1Br,,7.85,1,7.85,7.85,Ki,B,cell-based format,cell_based,9,D,2014,
CHEMBL3694773,CHEMBL3694773,Nc1nc(-n2cccn2)nc(NC2CC2)c1Br,,7.484999999999999,2,7.22,7.75,Ki,B;F,cell-based format,cell_based,9,D,2014,
CHEMBL3694774,CHEMBL3694774,Nc1nc(-n2cccn2)nc(N2CCC2)c1Br,,7.48,1,7.48,7.48,Ki,B,cell-based format,cell_based,9,D,2014,
CHEMBL3694775,CHEMBL3694775,Nc1nc(-n2cccn2)nc(NC2CCC2)c1Br,,7.68,1,7.68,7.68,Ki,B,cell-based format,cell_based,9,D,2014,
CHEMBL3694776,CHEMBL3694776,CN(C)c1nc(-n2cccn2)nc(N)c1Br,,7.38,2,7.3,7.46,Ki,B;F,cell-based format,cell_based,9,D,2014,
CHEMBL3694777,CHEMBL3694777,COC[C@H]1CCCN1c1nc(-n2cccn2)nc(N)c1Br,,7.85,1,7.85,7.85,Ki,B,cell-based format,cell_based,9,D,2014,
CHEMBL3694778,CHEMBL3694778,CNc1nc(-n2cccn2)nc(N)c1Br,,7.8,1,7.8,7.8,Ki,B,cell-based format,cell_based,9,D,2014,
CHEMBL3694779,CHEMBL3694779,Nc1nc(-n2cccn2)nc(NCC2CC2)c1Br,,8.0,1,8.0,8.0,Ki,B,cell-based format,cell_based,9,D,2014,
CHEMBL3694780,CHEMBL3694780,CCSc1nc(-n2cccn2)nc(N)c1Br,,8.1,1,8.1,8.1,Ki,B,cell-based format,cell_based,9,D,2014,
CHEMBL3694781,CHEMBL3694781,CC(C)Sc1nc(-n2cccn2)nc(N)c1Br,,8.15,1,8.15,8.15,Ki,B,cell-based format,cell_based,9,D,2014,
CHEMBL3694782,CHEMBL3694782,Nc1nc(-n2cccn2)nc(OCC(F)(F)F)c1Br,,7.85,1,7.85,7.85,Ki,B,cell-based format,cell_based,9,D,2014,
CHEMBL3694783,CHEMBL3694783,Nc1nc(-n2cccn2)nc(-n2cccn2)c1Cl,,7.77,1,7.77,7.77,Ki,B,cell-based format,cell_based,9,D,2014,
CHEMBL3694784,CHEMBL3694784,N#Cc1c(N)nc(-n2cccn2)nc1-n1cccn1,,8.15,1,8.15,8.15,Ki,B,cell-based format,cell_based,9,D,2014,
CHEMBL3694785,CHEMBL3694785,Nc1nc(-c2nccs2)nc(-c2nccs2)c1Br,,8.46,2,7.92,9.0,Ki,B;F,cell-based format,cell_based,9,D,2014,
CHEMBL369573,CHEMBL369573,Nc1nc(-c2ccccc2)c2c(n1)-c1ccccc1C2=O,,9.48,2,8.96,10.0,Ki,B;F,assay format;cell membrane format,other,8;9,D;H,2010;2022,
CHEMBL370205,CHEMBL370205,CCCn1c(=O)c2[nH]c(-c3ccc(OCC(=O)n4ccc(N)n4)cc3)cc2n(CCC)c1=O,,7.58,1,7.58,7.58,Ki,B,single protein format,single_protein,9,D,2006,
CHEMBL3703583,CHEMBL3703583,OC1CS[C@@H](n2cnc3c(NCc4cccc(F)c4)nc(Cl)nc32)[C@H]1O,,8.13,1,8.13,8.13,Ki,B,cell-based format,cell_based,9,D,2015,
CHEMBL3703584,CHEMBL3703584,OC1CS[C@@H](n2cnc3c(NCc4cccc(Cl)c4)nc(Cl)nc32)[C@H]1O,,8.78,1,8.78,8.78,Ki,B,cell-based format,cell_based,9,D,2015,
CHEMBL3703585,CHEMBL3703585,OC1CS[C@@H](n2cnc3c(NCc4cccc(Br)c4)nc(Cl)nc32)[C@H]1O,,8.05,1,8.05,8.05,Ki,B,cell-based format,cell_based,9,D,2015,
CHEMBL3703586,CHEMBL3703586,OC1CS[C@@H](n2cnc3c(NCc4cccc(I)c4)nc(Cl)nc32)[C@H]1O,,7.425000000000001,2,6.47,8.38,Ki,B,cell-based format,cell_based,9,D,2015,
CHEMBL3703587,CHEMBL3703587,OC1CS[C@@H](n2cnc3c(NCc4ccccc4Cl)nc(Cl)nc32)[C@H]1O,,7.59,1,7.59,7.59,Ki,B,cell-based format,cell_based,9,D,2015,
CHEMBL3703588,CHEMBL3703588,COc1ccc(Cl)cc1CNc1nc(Cl)nc2c1ncn2[C@@H]1SCC(O)[C@@H]1O,,7.9,1,7.9,7.9,Ki,B,cell-based format,cell_based,9,D,2015,
CHEMBL3703589,CHEMBL3703589,COc1ccccc1CNc1nc(Cl)nc2c1ncn2[C@@H]1SCC(O)[C@@H]1O,,7.7,1,7.7,7.7,Ki,B,cell-based format,cell_based,9,D,2015,
CHEMBL3703590,CHEMBL3703590,OC1CS[C@@H](n2cnc3c(NCc4cccc5ccccc45)nc(Cl)nc32)[C@H]1O,,7.61,1,7.61,7.61,Ki,B,cell-based format,cell_based,9,D,2015,
CHEMBL3703591,CHEMBL3703591,CNc1nc(Cl)nc2c1ncn2[C@@H]1SCC(O)[C@@H]1O,,8.43,1,8.43,8.43,Ki,B,cell-based format,cell_based,9,D,2015,
CHEMBL3703592,CHEMBL3703592,OC1CS[C@@H](n2cnc3c(NCc4cccc(F)c4)ncnc32)[C@H]1O,,8.14,1,8.14,8.14,Ki,B,cell-based format,cell_based,9,D,2015,
CHEMBL3703593,CHEMBL3703593,OC1CS[C@@H](n2cnc3c(NCc4cccc(Cl)c4)ncnc32)[C@H]1O,,7.59,2,6.36,8.82,Ki,B,cell-based format,cell_based,9,D,2015,
CHEMBL3703594,CHEMBL3703594,OC1CS[C@@H](n2cnc3c(NCc4cccc(Br)c4)ncnc32)[C@H]1O,,7.275,2,6.38,8.17,Ki,B,cell-based format,cell_based,9,D,2015,
CHEMBL3703595,CHEMBL3703595,OC1CS[C@@H](n2cnc3c(NCc4cccc(I)c4)ncnc32)[C@H]1O,,7.619999999999999,2,6.64,8.6,Ki,B,cell-based format,cell_based,9,D,2015,
CHEMBL3703596,CHEMBL3703596,OC1CO[C@@H](n2cnc3c(NCc4cccc(Br)c4)nc(Cl)nc32)[C@H]1O,,7.89,1,7.89,7.89,Ki,B,cell-based format,cell_based,9,D,2015,
CHEMBL3703597,CHEMBL3703597,OC1CO[C@@H](n2cnc3c(NCc4cccc(I)c4)nc(Cl)nc32)[C@H]1O,,7.37,1,7.37,7.37,Ki,B,cell-based format,cell_based,9,D,2015,
CHEMBL370446,CHEMBL370446,O=C(NC1CC1)[C@H]1S[C@@H](n2cnc3c(NCc4cccc(I)c4)nc(Cl)nc32)[C@H](O)[C@@H]1O,,6.49,1,6.49,6.49,Ki,B,cell-based format,cell_based,9,D,2006,
CHEMBL370588,CHEMBL370588,CC(Oc1ccc(-c2cc3c([nH]2)c(=O)n(C)c(=O)n3C)cc1)C(=O)Nc1ccc(Br)cc1,,7.57,1,7.57,7.57,Ki,B,single protein format,single_protein,9,D,2006,
CHEMBL370629,CHEMBL370629,CCCn1c(=O)c2[nH]c(-c3ccc(OCC(=O)Nc4ccc(CC(=O)O)cc4)cc3)cc2n(CCC)c1=O,,6.65,1,6.65,6.65,Ki,B,single protein format,single_protein,9,D,2006,
CHEMBL371131,CHEMBL371131,Cc1ccc2c(O)c(C(=O)NCCc3ccccc3)cnc2n1,,6.835,2,6.82,6.85,Ki,B,assay format,other,8;9,D;H,2005,
CHEMBL371436,CHEMBL371436,COc1cccc(Cn2cnc3c(-c4ccco4)nc(N)nc32)c1,,8.030000000000001,2,7.91,8.15,Ki,B,cell-based format;single protein format,mixed,9,D,2005;2008,
CHEMBL371615,CHEMBL371615,Nc1nc(-c2ccco2)c2ncn(Cc3c(F)cccc3F)c2n1,,8.434999999999999,2,8.35,8.52,Ki,B,cell-based format;single protein format,mixed,9,D,2005;2008,
CHEMBL372064,CHEMBL372064,CC(c1ccccc1)n1cnc2c(-c3ccco3)nc(N)nc21,,6.42,1,6.42,6.42,Ki,B,cell-based format,cell_based,9,D,2005,
CHEMBL372475,CHEMBL372475,Nc1nc(-c2ccco2)c2ncn(Cc3ccc(C(F)(F)F)cc3F)c2n1,,8.55,1,8.55,8.55,Ki,B,cell-based format,cell_based,9,D,2005,
CHEMBL372580,CHEMBL372580,CCc1nc2c([nH]1)c1nc(C)[nH]c1c1nc(CC)[nH]c12,,6.48,1,6.48,6.48,Ki,B,cell-based format,cell_based,9,D,2005,
CHEMBL372928,CHEMBL372928,Nc1nc(-c2ccco2)c2ncn(Cc3c(F)cc(F)cc3F)c2n1,,7.58,1,7.58,7.58,Ki,B,cell-based format,cell_based,9,D,2005,
CHEMBL373026,CHEMBL373026,Nc1nc(C(=O)NCCc2ccc(O)cc2)cn2nc(-c3ccco3)nc12,,9.0,1,9.0,9.0,Ki,B,single protein format,single_protein,9,D,2008,
CHEMBL373317,CHEMBL373317,Cc1ccc2c(O)c(C(=O)NC3CCCCC3)cnc2n1,,6.055,2,6.03,6.08,Ki,B,assay format,other,8;9,D;H,2005,
CHEMBL373478,CHEMBL373478,Nc1nc(OCCc2c[nH]c3ccc(F)cc23)nc2c1ncn2[C@@H]1O[C@H](CO)[C@@H](O)[C@H]1O,,6.43,1,6.43,6.43,Ki,B,cell-based format,cell_based,9,D,2007,
CHEMBL3735985,CHEMBL3735985,Cc1ccc(-c2cc(-c3cccc(C(=O)N4CCCCC4)c3)nc(N)n2)o1,,8.02,1,8.02,8.02,Ki,B,single protein format,single_protein,9,D,2022,
CHEMBL373700,CHEMBL373700,Nc1nc(N2CCN3C[C@@H](COc4cccc(F)c4)CC[C@H]3C2)nc2nc(-c3ccco3)nn12,,9.7,1,9.7,9.7,Ki,B,single protein format,single_protein,9,D,2008,
CHEMBL373827,CHEMBL373827,CSc1nc(N)nc(-c2cccc(-c3ccc4[nH]ccc4c3)c2)n1,,7.51,1,7.51,7.51,Ki,B,single protein format,single_protein,9,D,2006,
CHEMBL3739795,CHEMBL3739795,CCCn1c(Br)nc2c(N)nc(NCCc3ccccc3)nc21,,7.57,1,7.57,7.57,Ki,B,cell-based format,cell_based,9,D,2015,
CHEMBL3739903,CHEMBL3739903,CCCn1c(-c2ccco2)nc2c(NCc3ccccc3)ncnc21,,7.1,1,7.1,7.1,Ki,B,cell-based format,cell_based,9,D,2015,
CHEMBL3739922,CHEMBL3739922,CCCn1c(Br)nc2c(N)nc(NCCCc3ccccc3)nc21,,6.55,1,6.55,6.55,Ki,B,cell-based format,cell_based,9,D,2015,
CHEMBL3739985,CHEMBL3739985,CCCn1cnc2c(N)nc(NCCc3ccccc3)nc21,,6.13,1,6.13,6.13,Ki,B,cell-based format,cell_based,9,D,2015,
CHEMBL3740085,CHEMBL3740085,CCn1nnc([C@H]2O[C@@H](n3cnc4c(N)nc(N[C@H](C)Cc5ccccc5)nc43)[C@H](O)[C@@H]2O)n1,,7.88,1,7.88,7.88,Ki,B,cell-based format,cell_based,9,D,2015,
CHEMBL3740141,CHEMBL3740141,CCCn1c(-c2ccco2)nc2c(N)nc(NCCc3ccccc3)nc21,,7.85,1,7.85,7.85,Ki,B,cell-based format,cell_based,9,D,2015,
CHEMBL3740436,CHEMBL3740436,CCn1nnc([C@H]2O[C@@H](n3cnc4c(N)nc(NC(C)Cc5ccc(F)cc5)nc43)[C@H](O)[C@@H]2O)n1,,7.975,2,7.93,8.02,EC50;Ki,B;F,cell-based format,cell_based,9,D,2015,
CHEMBL3740507,CHEMBL3740507,CCn1nnc([C@H]2O[C@@H](n3cnc4c(N)nc(N[C@@H](C)Cc5ccc(OC)cc5)nc43)[C@H](O)[C@@H]2O)n1,,7.609999999999999,2,7.25,7.97,EC50;Ki,B;F,cell-based format,cell_based,9,D,2015,
CHEMBL3740619,CHEMBL3740619,CCCn1c(Br)nc2c(NCCc3ccccc3)ncnc21,,6.3,1,6.3,6.3,Ki,B,cell-based format,cell_based,9,D,2015,
CHEMBL3740631,CHEMBL3740631,CCCn1c(Br)nc2c(N)nc(NCc3ccccc3)nc21,,7.44,1,7.44,7.44,Ki,B,cell-based format,cell_based,9,D,2015,
CHEMBL3740858,CHEMBL3740858,CCn1nnc([C@H]2O[C@@H](n3cnc4c(N)nc(N[C@H](C)Cc5ccc(Br)cc5)nc43)[C@H](O)[C@@H]2O)n1,,7.99,1,7.99,7.99,Ki,B,cell-based format,cell_based,9,D,2015,
CHEMBL3740959,CHEMBL3740959,CCn1nnc([C@H]2O[C@@H](n3cnc4c(N)nc(NC(C)Cc5ccccc5)nc43)[C@H](O)[C@@H]2O)n1,,8.149999999999999,2,8.04,8.26,EC50;Ki,B;F,cell-based format,cell_based,9,D,2015,
CHEMBL3740992,CHEMBL3740992,CCCn1c(-c2ccco2)nc2c(N)nc(NCCCc3ccccc3)nc21,,6.95,1,6.95,6.95,Ki,B,cell-based format,cell_based,9,D,2015,
CHEMBL3741217,CHEMBL3741217,CCCn1c(-c2ccco2)nc2c(N)nc(NCc3ccccc3)nc21,,8.18,1,8.18,8.18,Ki,B,cell-based format,cell_based,9,D,2015,
CHEMBL3741337,CHEMBL3741337,CCCn1c(-c2ccco2)nc2c(NCCc3ccccc3)ncnc21,,6.26,1,6.26,6.26,Ki,B,cell-based format,cell_based,9,D,2015,
CHEMBL3741393,CHEMBL3741393,CC(Cc1ccccc1)Nc1nc(N)c2ncn([C@@H]3O[C@H](CO)[C@@H](O)[C@H]3O)c2n1,,7.195,2,7.07,7.32,EC50;Ki,B;F,cell-based format,cell_based,9,D,2015,
CHEMBL374151,CHEMBL374151,Nc1nc(OCCCc2ccccc2)nc2c1ncn2[C@@H]1O[C@H](CO)[C@@H](O)[C@H]1O,,6.3,1,6.3,6.3,Ki,B,cell-based format,cell_based,9,D,2007,
CHEMBL3741543,CHEMBL3741543,CCn1nnc([C@H]2O[C@@H](n3cnc4c(N)nc(NC(C)Cc5ccc(OC)cc5)nc43)[C@H](O)[C@@H]2O)n1,,8.29,2,8.19,8.39,EC50;Ki,B;F,cell-based format,cell_based,9,D,2015,
CHEMBL3741805,CHEMBL3741805,CCn1nnc([C@H]2O[C@@H](n3cnc4c(N)nc(NC(C)Cc5ccc(Cl)cc5)nc43)[C@H](O)[C@@H]2O)n1,,7.88,2,7.79,7.97,EC50;Ki,B;F,cell-based format,cell_based,9,D,2015,
CHEMBL3741901,CHEMBL3741901,CCn1nnc([C@H]2O[C@@H](n3cnc4c(N)nc(NC(C)Cc5cccc(OC)c5)nc43)[C@H](O)[C@@H]2O)n1,,7.68,1,7.68,7.68,Ki,B,cell-based format,cell_based,9,D,2015,
CHEMBL3741931,CHEMBL3741931,CCn1nnc([C@H]2O[C@@H](n3cnc4c(N)nc(NC(C)Cc5ccc(Br)cc5)nc43)[C@H](O)[C@@H]2O)n1,,7.835,2,7.51,8.16,EC50;Ki,B;F,cell-based format,cell_based,9,D,2015,
CHEMBL3742158,CHEMBL3742158,CCCn1c(-c2ccco2)nc2c(NCCCc3ccccc3)ncnc21,,6.74,1,6.74,6.74,Ki,B,cell-based format,cell_based,9,D,2015,
CHEMBL3742258,CHEMBL3742258,CCn1nnc([C@H]2O[C@@H](n3cnc4c(N)nc(NC(C)Cc5ccc(C(F)(F)F)cc5)nc43)[C@H](O)[C@@H]2O)n1,,7.75,2,7.71,7.79,EC50;Ki,B;F,cell-based format,cell_based,9,D,2015,
CHEMBL374236,CHEMBL374236,Fc1ccc(CNc2nc(-c3ccc(Cl)cc3)cc(C(F)(F)F)n2)cc1,,6.34,1,6.34,6.34,Ki,B,single protein format,single_protein,9,D,2006,
CHEMBL374461,CHEMBL374461,Nc1nc(OCCc2cc3ccccc3[nH]2)nc2c1ncn2[C@@H]1O[C@H](CO)[C@@H](O)[C@H]1O,,6.43,1,6.43,6.43,Ki,B,cell-based format,cell_based,9,D,2007,
CHEMBL374685,CHEMBL374685,Nc1nc(OCCc2ccccc2)nc2c1ncn2[C@@H]1O[C@H](CO)[C@@H](O)[C@H]1O,,8.03,1,8.03,8.03,Ki,B,cell-based format,cell_based,9,D,2007,
CHEMBL374760,CHEMBL374760,Nc1nc(OCCc2ccc3ccccc3c2)nc2c1ncn2[C@@H]1O[C@H](CO)[C@@H](O)[C@H]1O,,7.79,1,7.79,7.79,Ki,B,cell-based format,cell_based,9,D,2007,
CHEMBL374938,CHEMBL374938,Oc1nc2c(-c3ccccc3)cc(-c3ccccc3)nc2[nH]1,,6.72,1,6.72,6.72,Ki,B,cell-based format,cell_based,9,D,2007,
CHEMBL375164,CHEMBL375164,COc1cc(-c2cc(-c3ccc(O)cc3)nc(N)c2C#N)ccc1O,,6.82,1,6.82,6.82,Ki,B,single protein format,single_protein,9,D,2006,
CHEMBL375190,CHEMBL375190,Nc1nc(C#Cc2ccccc2)nc2c1ncn2[C@@H]1O[C@H](CO)[C@@H](O)[C@H]1O,,6.44,1,6.44,6.44,Ki,B,cell-based format,cell_based,8,H,2002,
CHEMBL3752342,CHEMBL3752342,O=C(Nc1nc(NCc2ccccc2)nc2nc(-c3ccco3)nn12)c1ccccc1,,7.02,1,7.02,7.02,Ki,B,cell-based format,cell_based,9,D,2016,
CHEMBL3752431,CHEMBL3752431,Nc1nc(NC2CCCCC2)nc2nc(-c3ccco3)nn12,,8.45,1,8.45,8.45,Ki,B,cell-based format,cell_based,9,D,2016,
CHEMBL3752432,CHEMBL3752432,Fc1ccc(CNc2nc(NCc3ccccc3)nc3nc(-c4ccco4)nn23)cc1,,7.66,1,7.66,7.66,Ki,B,cell-based format,cell_based,9,D,2016,
CHEMBL3752488,CHEMBL3752488,CC(C)Nc1nc(NC(=O)Cc2ccccc2)n2nc(-c3ccco3)nc2n1,,6.41,1,6.41,6.41,Ki,B,cell-based format,cell_based,9,D,2016,
CHEMBL3752514,CHEMBL3752514,Nc1nc(NCc2ccccc2)nc2nc(-c3ccco3)nn12,,8.96,1,8.96,8.96,Ki,B,cell-based format,cell_based,9,D,2016,
CHEMBL3752621,CHEMBL3752621,O=C(Nc1ccccc1)Nc1nc(NCc2ccccc2)nc2nc(-c3ccco3)nn12,,8.84,1,8.84,8.84,Ki,B,cell-based format,cell_based,9,D,2016,
CHEMBL3752753,CHEMBL3752753,CNc1nc(NCc2ccc(F)cc2)n2nc(-c3ccco3)nc2n1,,6.63,1,6.63,6.63,Ki,B,cell-based format,cell_based,9,D,2016,
CHEMBL3752868,CHEMBL3752868,CNc1nc(N)n2nc(-c3ccco3)nc2n1,,7.31,1,7.31,7.31,Ki,B,cell-based format,cell_based,9,D,2016,
CHEMBL3752965,CHEMBL3752965,c1ccc(CNc2nc(Oc3ccccc3)nc3nc(-c4ccco4)nn23)cc1,,6.25,1,6.25,6.25,Ki,B,cell-based format,cell_based,9,D,2016,
CHEMBL3753012,CHEMBL3753012,O=C(Nc1ccccc1)Nc1nc(NC2CCCCC2)nc2nc(-c3ccco3)nn12,,8.1,1,8.1,8.1,Ki,B,cell-based format,cell_based,9,D,2016,
CHEMBL3753079,CHEMBL3753079,O=C(Cc1ccccc1)Nc1nc(NCc2ccccc2)nc2nc(-c3ccco3)nn12,,8.27,1,8.27,8.27,Ki,B,cell-based format,cell_based,9,D,2016,
CHEMBL3753103,CHEMBL3753103,Fc1ccc(CNc2nc(Oc3ccccc3)nc3nc(-c4ccco4)nn23)cc1,,6.04,1,6.04,6.04,Ki,B,cell-based format,cell_based,9,D,2016,
CHEMBL3753118,CHEMBL3753118,c1ccc(Oc2nc(NC3CCCCC3)n3nc(-c4ccco4)nc3n2)cc1,,6.95,1,6.95,6.95,Ki,B,cell-based format,cell_based,9,D,2016,
CHEMBL3753384,CHEMBL3753384,c1coc(-c2nc3nc(NC4CCCCC4)nc(NC4CCCCC4)n3n2)c1,,6.75,1,6.75,6.75,Ki,B,cell-based format,cell_based,9,D,2016,
CHEMBL3753604,CHEMBL3753604,CNc1nc(NC(=O)c2ccccc2)n2nc(-c3ccco3)nc2n1,,6.71,1,6.71,6.71,Ki,B,cell-based format,cell_based,9,D,2016,
CHEMBL3753690,CHEMBL3753690,c1ccc(CNc2nc(NC3CCCCC3)n3nc(-c4ccco4)nc3n2)cc1,,7.82,1,7.82,7.82,Ki,B,cell-based format,cell_based,9,D,2016,
CHEMBL3753698,CHEMBL3753698,CC(C)Nc1nc(NC2CCCCC2)n2nc(-c3ccco3)nc2n1,,6.4,1,6.4,6.4,Ki,B,cell-based format,cell_based,9,D,2016,
CHEMBL3753937,CHEMBL3753937,Nc1nc(-c2ccccc2)nc2cn(Cc3ccccc3)nc12,,6.52,1,6.52,6.52,Ki,B,cell-based format,cell_based,9,D,2016,
CHEMBL3754080,CHEMBL3754080,Fc1ccc(CNc2nc(NCc3ccc(F)cc3)n3nc(-c4ccco4)nc3n2)cc1,,7.36,1,7.36,7.36,Ki,B,cell-based format,cell_based,9,D,2016,
CHEMBL3754099,CHEMBL3754099,CC(C)Nc1nc(N)n2nc(-c3ccco3)nc2n1,,7.19,1,7.19,7.19,Ki,B,cell-based format,cell_based,9,D,2016,
CHEMBL3754124,CHEMBL3754124,Fc1ccc(CNc2nc(NC3CCCCC3)nc3nc(-c4ccco4)nn23)cc1,,6.95,1,6.95,6.95,Ki,B,cell-based format,cell_based,9,D,2016,
CHEMBL3754333,CHEMBL3754333,CNc1nc(NC2CCCCC2)n2nc(-c3ccco3)nc2n1,,6.84,1,6.84,6.84,Ki,B,cell-based format,cell_based,9,D,2016,
CHEMBL3754336,CHEMBL3754336,CNc1nc(NCc2ccccc2)n2nc(-c3ccco3)nc2n1,,6.76,1,6.76,6.76,Ki,B,cell-based format,cell_based,9,D,2016,
CHEMBL3754353,CHEMBL3754353,CNc1nc(NC(=O)Nc2ccccc2)n2nc(-c3ccco3)nc2n1,,7.0,1,7.0,7.0,Ki,B,cell-based format,cell_based,9,D,2016,
CHEMBL3754417,CHEMBL3754417,O=C(Cc1ccccc1)Nc1nc(NC2CCCCC2)nc2nc(-c3ccco3)nn12,,7.63,1,7.63,7.63,Ki,B,cell-based format,cell_based,9,D,2016,
CHEMBL3754573,CHEMBL3754573,c1ccc(CNc2nc(NCc3ccccc3)n3nc(-c4ccco4)nc3n2)cc1,,7.69,1,7.69,7.69,Ki,B,cell-based format,cell_based,9,D,2016,
CHEMBL3754656,CHEMBL3754656,Nc1nc(-c2cccs2)nc2cn(-c3ccccc3)nc12,,6.94,1,6.94,6.94,Ki,B,cell-based format,cell_based,9,D,2016,
CHEMBL3754685,CHEMBL3754685,CC(C)Nc1nc(NC(=O)Nc2ccccc2)n2nc(-c3ccco3)nc2n1,,7.06,1,7.06,7.06,Ki,B,cell-based format,cell_based,9,D,2016,
CHEMBL3754704,CHEMBL3754704,CNc1nc(NC(=O)Cc2ccccc2)n2nc(-c3ccco3)nc2n1,,6.52,1,6.52,6.52,Ki,B,cell-based format,cell_based,9,D,2016,
CHEMBL3754718,CHEMBL3754718,CC(C)Nc1nc(NCc2ccccc2)n2nc(-c3ccco3)nc2n1,,6.41,1,6.41,6.41,Ki,B,cell-based format,cell_based,9,D,2016,
CHEMBL375631,CHEMBL375631,O=C(Nc1cc(-c2ccccc2)nc(-c2ccccc2)n1)C1CCCC1,,6.71,1,6.71,6.71,Ki,B,cell-based format,cell_based,9,D,2004,
CHEMBL375764,CHEMBL375764,N#Cc1c(-c2ccc(Cl)cc2)cc(-c2ccccc2Cl)nc1N,,6.39,1,6.39,6.39,Ki,B,single protein format,single_protein,9,D,2006,
CHEMBL3763199,CHEMBL3763199,Nc1nc(C(=O)NCc2cccc3cccnc23)c2cccc(C(F)(F)F)c2n1,,8.64,1,8.64,8.64,Ki,B,cell-based format,cell_based,9,D,2016,
CHEMBL3763215,CHEMBL3763215,Cc1cccc(CNC(=O)c2nc(N)nc3c(F)cccc23)c1,,8.08,1,8.08,8.08,Ki,B,cell-based format,cell_based,9,D,2016,
CHEMBL3763234,CHEMBL3763234,Nc1nc(C(=O)NCCc2ccccn2)c2cccc(F)c2n1,,7.85,1,7.85,7.85,Ki,B,cell-based format,cell_based,9,D,2016,
CHEMBL3763374,CHEMBL3763374,COc1ccnc2c(CNC(=O)c3nc(N)nc4c(F)cccc34)cccc12,,7.82,1,7.82,7.82,Ki,B,cell-based format,cell_based,9,D,2016,
CHEMBL3763434,CHEMBL3763434,Nc1nc(C(=O)NCc2cccc3c2OCCN3)c2cccc(F)c2n1,,7.975,2,7.67,8.28,Ki,B,assay format;cell-based format,cell_based,9,D,2016;2018,
CHEMBL3763514,CHEMBL3763514,Nc1nc(C(=O)NCc2cccc3cc(C(=O)N4CCN(c5ccccn5)CC4)cnc23)c2cccc(F)c2n1,,8.57,1,8.57,8.57,Ki,B,cell-based format,cell_based,9,D,2016,
CHEMBL3763571,CHEMBL3763571,N#Cc1cccc2c(C(=O)NCc3cccc4cccnc34)nc(N)nc12,,8.15,2,7.62,8.68,Ki,B,assay format;cell-based format,cell_based,9,D,2016;2018,
CHEMBL3763647,CHEMBL3763647,CCCCOc1ccnc2c(CNC(=O)c3nc(N)nc4c(F)cccc34)cccc12,,6.61,1,6.61,6.61,Ki,B,cell-based format,cell_based,9,D,2016,
CHEMBL3763668,CHEMBL3763668,C[C@H](NC(=O)c1nc(N)nc2c(F)cccc12)c1cccc2cccnc12,,6.9,1,6.9,6.9,Ki,B,cell-based format,cell_based,9,D,2016,
CHEMBL3763717,CHEMBL3763717,Nc1nc(C(=O)NCc2cccc3cccnc23)c2ccc(F)cc2n1,,9.52,1,9.52,9.52,Ki,B,cell-based format,cell_based,9,D,2016,
CHEMBL3763766,CHEMBL3763766,C[C@@H](NC(=O)c1nc(N)nc2c(F)cccc12)c1cccc2cccnc12,,8.17,1,8.17,8.17,Ki,B,cell-based format,cell_based,9,D,2016,
CHEMBL3763806,CHEMBL3763806,CSc1cccc2c(C(=O)NCc3cccc4cccnc34)nc(N)nc12,,8.11,1,8.11,8.11,Ki,B,cell-based format,cell_based,9,D,2016,
CHEMBL3763830,CHEMBL3763830,Nc1nc(C(=O)NCc2cccc3cccnc23)c2cccc(Br)c2n1,,9.15,1,9.15,9.15,Ki,B,cell-based format,cell_based,9,D,2016,
CHEMBL3763871,CHEMBL3763871,CN(CCCc1ccccn1)C(=O)c1cnc2c(CNC(=O)c3nc(N)nc4c(F)cccc34)cccc2c1,,7.92,1,7.92,7.92,Ki,B,cell-based format,cell_based,9,D,2016,
CHEMBL3763969,CHEMBL3763969,Nc1nc(C(=O)NCc2cccc3cc(C(=O)N4CCCc5ccccc54)cnc23)c2cccc(F)c2n1,,8.36,1,8.36,8.36,Ki,B,cell-based format,cell_based,9,D,2016,
CHEMBL3763972,CHEMBL3763972,Nc1nc(C(=O)NCc2cccc3c2OCCO3)c2cccc(F)c2n1,,7.7,1,7.7,7.7,Ki,B,cell-based format,cell_based,9,D,2016,
CHEMBL3764006,CHEMBL3764006,CS(=O)(=O)c1cccc2c(C(=O)NCc3cccc4cccnc34)nc(N)nc12,,7.07,1,7.07,7.07,Ki,B,cell-based format,cell_based,9,D,2016,
CHEMBL3764070,CHEMBL3764070,Nc1nc(C(=O)NCc2cccc3cccnc23)c2cccc(I)c2n1,,8.51,1,8.51,8.51,Ki,B,cell-based format,cell_based,9,D,2016,
CHEMBL3764081,CHEMBL3764081,Nc1nc(C(=O)NCc2cncc3ccccc23)c2cccc(F)c2n1,,7.57,1,7.57,7.57,Ki,B,cell-based format,cell_based,9,D,2016,
CHEMBL3764083,CHEMBL3764083,Nc1nc(C(=O)NCc2cccc3cccnc23)c2cccc(F)c2n1,,9.3,1,9.3,9.3,Ki,B,cell-based format,cell_based,9,D,2016,
CHEMBL3764249,CHEMBL3764249,Nc1nc(C(=O)NCCc2ccccc2)c2cccc(F)c2n1,,6.8,1,6.8,6.8,Ki,B,cell-based format,cell_based,9,D,2016,
CHEMBL3764260,CHEMBL3764260,Nc1nc(C(=O)NCc2cccc3cccnc23)c2cc(F)c(F)cc2n1,,8.44,1,8.44,8.44,Ki,B,cell-based format,cell_based,9,D,2016,
CHEMBL3764338,CHEMBL3764338,Nc1nc(C(=O)NCc2cccc3cccnc23)c2cc(Cl)cc(Cl)c2n1,,8.18,1,8.18,8.18,Ki,B,cell-based format,cell_based,9,D,2016,
CHEMBL3764397,CHEMBL3764397,Nc1nc(C(=O)NCc2cccc3[nH]cnc23)c2cccc(F)c2n1,,7.6,1,7.6,7.6,Ki,B,cell-based format,cell_based,9,D,2016,
CHEMBL3764434,CHEMBL3764434,Nc1nc(C(=O)NCc2cccc3cccnc23)c2cccc(Cl)c2n1,,8.52,1,8.52,8.52,Ki,B,cell-based format,cell_based,9,D,2016,
CHEMBL3764467,CHEMBL3764467,Nc1nc(C(=O)NCc2cccc3cccnc23)c2cc(F)ccc2n1,,8.36,1,8.36,8.36,Ki,B,cell-based format,cell_based,9,D,2016,
CHEMBL3764486,CHEMBL3764486,Nc1nc(C(=O)NCc2cccc3c2NCCC3)c2cccc(F)c2n1,,8.32,2,8.12,8.52,Ki,B,assay format;cell-based format,cell_based,9,D,2016;2018,
CHEMBL3764552,CHEMBL3764552,Nc1nc(C(=O)NCc2ccc3ccccc3n2)c2cccc(F)c2n1,,7.82,1,7.82,7.82,Ki,B,cell-based format,cell_based,9,D,2016,
CHEMBL3764598,CHEMBL3764598,COCCOc1ccc(N2CCN(C(=O)c3cnc4c(CNC(=O)c5nc(N)nc6c(F)cccc56)cccc4c3)CC2)cc1,,8.32,1,8.32,8.32,Ki,B,cell-based format,cell_based,9,D,2016,
CHEMBL3764613,CHEMBL3764613,Nc1nc(C(=O)NCc2ccccc2)c2cccc(F)c2n1,,8.27,1,8.27,8.27,Ki,B,cell-based format,cell_based,9,D,2016,
CHEMBL3764687,CHEMBL3764687,CCn1cnc2c(CNC(=O)c3nc(N)nc4c(F)cccc34)cccc21,,8.51,1,8.51,8.51,Ki,B,cell-based format,cell_based,9,D,2016,
CHEMBL3764697,CHEMBL3764697,Cc1ccccc1CNC(=O)c1nc(N)nc2c(F)cccc12,,7.87,1,7.87,7.87,Ki,B,cell-based format,cell_based,9,D,2016,
CHEMBL3764812,CHEMBL3764812,CCOc1ccnc2c(CNC(=O)c3nc(N)nc4c(F)cccc34)cccc12,,7.13,1,7.13,7.13,Ki,B,cell-based format,cell_based,9,D,2016,
CHEMBL3764945,CHEMBL3764945,Nc1nc(C(=O)NCc2cccc3cccnc23)c2cccc(-c3cncnc3)c2n1,,6.67,2,6.54,6.8,Ki,B,assay format;cell-based format,cell_based,9,D,2016;2018,
CHEMBL3765062,CHEMBL3765062,Nc1nc(C(=O)NCc2cccc3cc[nH]c23)c2cccc(F)c2n1,,8.09,1,8.09,8.09,Ki,B,cell-based format,cell_based,9,D,2016,
CHEMBL3765164,CHEMBL3765164,Nc1nc(C(=O)NCc2cccc3c2C(=O)NC3)c2cccc(F)c2n1,,8.74,1,8.74,8.74,Ki,B,cell-based format,cell_based,9,D,2016,
CHEMBL3765268,CHEMBL3765268,Nc1nc(C(=O)NCc2nccc3ccccc23)c2cccc(F)c2n1,,8.17,1,8.17,8.17,Ki,B,cell-based format,cell_based,9,D,2016,
CHEMBL3765379,CHEMBL3765379,Nc1nc(C(=O)NCc2cccc3cccnc23)c2cccc(OC(F)(F)F)c2n1,,9.7,1,9.7,9.7,Ki,B,cell-based format,cell_based,9,D,2016,
CHEMBL3765387,CHEMBL3765387,Nc1cc(C(=O)NCc2cccc3cccnc23)c2ccccc2n1,,6.08,1,6.08,6.08,Ki,B,cell-based format,cell_based,9,D,2016,
CHEMBL3765399,CHEMBL3765399,Nc1nc(C(=O)NCc2ccnc3ccccc23)c2cccc(F)c2n1,,6.03,1,6.03,6.03,Ki,B,cell-based format,cell_based,9,D,2016,
CHEMBL376542,CHEMBL376542,CCNC(=O)[C@H]1O[C@@H](n2cnc3c(NC(=N)N)ncnc32)[C@H](O)[C@@H]1O,,6.2,1,6.2,6.2,Ki,B,cell-based format,cell_based,9,D,2007,
CHEMBL3765424,CHEMBL3765424,Nc1nc(C(=O)NCc2cccc3cc(C(=O)NCCCCCc4ccccc4)cnc23)c2cccc(F)c2n1,,8.16,1,8.16,8.16,Ki,B,cell-based format,cell_based,9,D,2016,
CHEMBL3765449,CHEMBL3765449,Nc1nc(C(=O)NCc2cccc3ccccc23)c2cccc(F)c2n1,,8.0,1,8.0,8.0,Ki,B,cell-based format,cell_based,9,D,2016,
CHEMBL3765526,CHEMBL3765526,Nc1nc(C(=O)NCC2CCCCC2)c2cccc(F)c2n1,,7.35,1,7.35,7.35,Ki,B,cell-based format,cell_based,9,D,2016,
CHEMBL3765580,CHEMBL3765580,COc1cccc2c(C(=O)NCc3cccc4cccnc34)nc(N)nc12,,9.7,1,9.7,9.7,Ki,B,cell-based format,cell_based,9,D,2016,
CHEMBL3765818,CHEMBL3765818,Nc1nc(C(=O)NCc2cccc3cccnc23)c2ccccc2n1,,8.96,1,8.96,8.96,Ki,B,cell-based format,cell_based,9,D,2016,
CHEMBL376648,CHEMBL376648,CCCc1nc2c(-c3ccccc3)cc(-c3ccccc3)nc2[nH]1,,6.94,1,6.94,6.94,Ki,B,cell-based format,cell_based,9,D,2007,
CHEMBL376920,CHEMBL376920,Cc1ccc(-c2cc(-c3ccccc3)nc(N)c2C#N)cc1,,6.93,1,6.93,6.93,Ki,B,single protein format,single_protein,9,D,2006,
CHEMBL376968,CHEMBL376968,CCCCC[C@H](O)C#Cc1nc(NCC)c2ncn([C@@H]3O[C@H](C(=O)NCC)[C@@H](O)[C@H]3O)c2n1,,6.33,1,6.33,6.33,Ki,B,cell-based format,cell_based,9,D,2006,
CHEMBL3770601,CHEMBL3770601,CCNC[C@H]1O[C@@H](n2cnc3c(N)ncnc32)[C@H](O)[C@@H]1O,,7.7,1,7.7,7.7,Ki,B,single protein format,single_protein,9,D,2016,
CHEMBL3770782,CHEMBL3770782,N#CCCCCC#Cc1nc(N)c2ncn([C@@H]3O[C@H](CO)[C@@H](O)[C@H]3O)c2n1,,7.31,1,7.31,7.31,Ki,B,single protein format,single_protein,9,D,2016,
CHEMBL377434,CHEMBL377434,CCCn1c(=O)c2[nH]c(-c3ccc(OCC(=O)Nc4ccc(C(=O)NCCc5ccc(OC)cc5)cc4)cc3)cc2n(CCC)c1=O,,6.37,1,6.37,6.37,Ki,B,single protein format,single_protein,9,D,2006,
CHEMBL377485,CHEMBL377485,CCCn1c(=O)c2[nH]c(-c3ccc(OCC(=O)Nc4ccc(OCc5ccccc5)cc4)cc3)cc2n(CCC)c1=O,,7.73,1,7.73,7.73,Ki,B,single protein format,single_protein,9,D,2006,
CHEMBL378383,CHEMBL378383,CCCn1c(=O)c2nc(-c3cc(OCC(=O)c4ccc(F)cc4)n(C)n3)[nH]c2n(CCC)c1=O,,6.73,1,6.73,6.73,Ki,B,single protein format,single_protein,9,D,2006,
CHEMBL378514,CHEMBL378514,CC(=O)Nc1nc2c(N)cccc2n2c(=O)n(-c3ccccc3)nc12,,6.43,1,6.43,6.43,Ki,B,cell-based format,cell_based,9,D,2006,
CHEMBL378570,CHEMBL378570,CCCn1c(=O)c2nc(-c3cnn(Cc4cccc(C)c4)c3)[nH]c2n(CCC)c1=O,,7.18,1,7.18,7.18,Ki,B,cell-based format,cell_based,9,D,2006,
CHEMBL378652,CHEMBL378652,CCCn1c(=O)c2nc(-c3cnn(Cc4ccccc4Cl)c3)[nH]c2n(CCC)c1=O,,7.31,1,7.31,7.31,Ki,B,cell-based format,cell_based,9,D,2006,
CHEMBL3787197,CHEMBL3787197,CC1=C(C(=O)OC(C)C)C(c2ccco2)n2c(nc3ccccc32)N1,,7.55,1,7.55,7.55,Ki,B,cell-based format,cell_based,9,D,2019,
CHEMBL378810,CHEMBL378810,CCNC(=O)[C@H]1O[C@@H](n2cnc3c(NCC)nc(C#CC(O)c4ccc(OC)cc4)nc32)[C@H](O)[C@@H]1O,,6.15,1,6.15,6.15,Ki,B,cell-based format,cell_based,9,D,2006,
CHEMBL378815,CHEMBL378815,Cn1c(=O)c2[nH]c(-c3ccc(OCC(=O)Nc4nncs4)cc3)cc2n(C)c1=O,,7.79,1,7.79,7.79,Ki,B,single protein format,single_protein,9,D,2006,
CHEMBL378959,CHEMBL378959,c1ccc(-c2nc(-c3ccccc3)c3[nH]c(-c4ccccc4)nc3n2)cc1,,7.18,1,7.18,7.18,Ki,B,cell-based format,cell_based,9,D,2006,
CHEMBL379474,CHEMBL379474,CCCn1c(=O)c2nc(-c3cnn(Cc4ccc(F)cc4)c3)[nH]c2n(CCC)c1=O,,6.92,1,6.92,6.92,Ki,B,cell-based format,cell_based,9,D,2006,
CHEMBL379688,CHEMBL379688,CCCn1c(=O)c2[nH]c(-c3ccc(OCC(=O)Nc4ccc(OC)nc4)cc3)cc2n(CCC)c1=O,,6.97,1,6.97,6.97,Ki,B,single protein format,single_protein,9,D,2006,
CHEMBL3797284,CHEMBL3797284,Nc1nc(-c2ccco2)nc2cn(-c3ccccc3)nc12,,6.71,1,6.71,6.71,Ki,B,cell-based format,cell_based,9,D,2016,
CHEMBL3797324,CHEMBL3797324,Nc1nc(-c2ccco2)nc2cn(Cc3ccccc3)nc12,,6.5,1,6.5,6.5,Ki,B,cell-based format,cell_based,9,D,2016,
CHEMBL3797433,CHEMBL3797433,Cc1ccc(-c2nc(N)c3nn(-c4ccccc4)cc3n2)o1,,7.0,1,7.0,7.0,Ki,B,cell-based format,cell_based,9,D,2016,
CHEMBL3797553,CHEMBL3797553,COc1ccccc1-n1cc2nc(-c3ccco3)nc(N)c2n1,,6.44,1,6.44,6.44,Ki,B,cell-based format,cell_based,9,D,2016,
CHEMBL3797666,CHEMBL3797666,Cc1ccc(-c2nc(N)c3nn(Cc4ccccc4F)cc3n2)o1,,7.24,1,7.24,7.24,Ki,B,cell-based format,cell_based,9,D,2016,
CHEMBL3797799,CHEMBL3797799,Cc1ccc(-c2nc(N)c3nn(-c4ccccc4O)cc3n2)o1,,6.83,1,6.83,6.83,Ki,B,cell-based format,cell_based,9,D,2016,
CHEMBL3798214,CHEMBL3798214,Cc1ccc(-c2nc(N)c3nn(Cc4cccc(F)c4)cc3n2)o1,,7.29,1,7.29,7.29,Ki,B,cell-based format,cell_based,9,D,2016,
CHEMBL3798383,CHEMBL3798383,Nc1nc(-c2ccco2)nc2cn(Cc3ccccc3O)nc12,,7.77,1,7.77,7.77,Ki,B,cell-based format,cell_based,9,D,2016,
CHEMBL3798754,CHEMBL3798754,Cc1ccc(-c2nc(N)c3nn(Cc4ccccc4)cc3n2)o1,,8.0,2,7.96,8.04,IC50;Ki,B;F,cell-based format,cell_based,9,D,2016,
CHEMBL3798766,CHEMBL3798766,COc1ccccc1Cn1cc2nc(-c3ccco3)nc(N)c2n1,,8.24,2,8.21,8.27,IC50;Ki,B;F,cell-based format,cell_based,9,D,2016,
CHEMBL3799210,CHEMBL3799210,COc1ccccc1-n1cc2nc(-c3ccc(C)o3)nc(N)c2n1,,6.29,1,6.29,6.29,Ki,B,cell-based format,cell_based,9,D,2016,
CHEMBL3799249,CHEMBL3799249,Nc1nc(-c2ccco2)nc2cn(-c3ccccc3O)nc12,,7.05,1,7.05,7.05,Ki,B,cell-based format,cell_based,9,D,2016,
CHEMBL3799351,CHEMBL3799351,COc1ccccc1Cn1cc2nc(-c3ccc(C)o3)nc(N)c2n1,,8.399999999999999,2,8.36,8.44,IC50;Ki,B;F,cell-based format,cell_based,9,D,2016,
CHEMBL3799771,CHEMBL3799771,Nc1nc(CCCc2ccccc2)nc2cn(-c3ccccc3O)nc12,,6.62,1,6.62,6.62,Ki,B,cell-based format,cell_based,9,D,2016,
CHEMBL3799848,CHEMBL3799848,Cc1ccc(-c2nc(N)c3nn(Cc4ccccc4Cl)cc3n2)o1,,8.21,1,8.21,8.21,Ki,B,cell-based format,cell_based,9,D,2016,
CHEMBL3799921,CHEMBL3799921,Cc1ccc(-c2nc(N)c3nn(Cc4ccccc4O)cc3n2)o1,,7.42,1,7.42,7.42,Ki,B,cell-based format,cell_based,9,D,2016,
CHEMBL3800218,CHEMBL3800218,Nc1nc(-c2cccs2)nc2cn(-c3ccccc3O)nc12,,6.38,1,6.38,6.38,Ki,B,cell-based format,cell_based,9,D,2016,
CHEMBL3800254,CHEMBL3800254,Cc1ccc(-c2nc(N)c3nn(Cc4cccc(O)c4)cc3n2)o1,,7.85,1,7.85,7.85,Ki,B,cell-based format,cell_based,9,D,2016,
CHEMBL3800301,CHEMBL3800301,COc1ccccc1-n1cc2nc(CCCc3ccccc3)nc(N)c2n1,,6.19,1,6.19,6.19,Ki,B,cell-based format,cell_based,9,D,2016,
CHEMBL380031,CHEMBL380031,Nc1cccc2c1nc(NC(=O)C(c1ccccc1)c1ccccc1)c1nn(-c3ccccc3)c(=O)n12,,6.2,1,6.2,6.2,Ki,B,cell-based format,cell_based,9,D,2006,
CHEMBL3800587,CHEMBL3800587,COc1cccc(Cn2cc3nc(-c4ccc(C)o4)nc(N)c3n2)c1,,8.235,2,8.19,8.28,IC50;Ki,B;F,cell-based format,cell_based,9,D,2016,
CHEMBL380176,CHEMBL380176,CCCn1c(=O)c2nc(-c3cn[nH]c3)[nH]c2n(CCC)c1=O,,6.64,1,6.64,6.64,Ki,B,cell-based format,cell_based,9,D,2006,
CHEMBL380219,CHEMBL380219,CCCn1c(=O)c2nc(-c3cnn(Cc4ccccc4OC)c3)[nH]c2n(CCC)c1=O,,6.85,1,6.85,6.85,Ki,B,cell-based format,cell_based,9,D,2006,
CHEMBL380284,CHEMBL380284,CCCn1c(=O)c2nc(-c3cnn(Cc4ccc(Cl)cc4)c3)[nH]c2n(CCC)c1=O,,7.06,1,7.06,7.06,Ki,B,cell-based format,cell_based,9,D,2006,
CHEMBL380481,CHEMBL380481,CCCn1c(=O)n(C)c(=O)c2[nH]c(-c3ccc(OCC(=O)Nc4ccccc4)cc3)cc21,,6.71,1,6.71,6.71,Ki,B,single protein format,single_protein,9,D,2006,
CHEMBL380847,CHEMBL380847,CCCn1c(=O)c2[nH]c(-c3ccc(OC(C)C(=O)Nc4ccc(F)cc4)cc3)cc2n(CCC)c1=O,,7.23,1,7.23,7.23,Ki,B,single protein format,single_protein,9,D,2006,
CHEMBL381091,CHEMBL381091,CCCn1c(=O)c2[nH]c(-c3ccc(OC(CC)C(=O)Nc4ccc(F)cc4)cc3)cc2n(CCC)c1=O,,7.72,1,7.72,7.72,Ki,B,single protein format,single_protein,9,D,2006,
CHEMBL381108,CHEMBL381108,CCNC(=O)[C@H]1O[C@@H](n2cnc3c(NCC)nc(C#C[C@H](C)O)nc32)[C@H](O)[C@@H]1O,,6.11,1,6.11,6.11,Ki,B,cell-based format,cell_based,9,D,2006,
CHEMBL381123,CHEMBL381123,Cn1cc2c(nc(NC(=O)Nc3ccoc3)n3nc(-c4ccco4)nc23)n1,,6.4,1,6.4,6.4,Ki,B,cell-based format,cell_based,9,D,2006,
CHEMBL381214,CHEMBL381214,Cn1c(=O)c2[nH]c(-c3ccc(OCC(=O)Nc4ccc([N+](=O)[O-])cc4)cc3)cc2n(C)c1=O,,7.09,1,7.09,7.09,Ki,B,single protein format,single_protein,9,D,2006,
CHEMBL381408,CHEMBL381408,CNC(=O)[C@H]1S[C@@H](n2cnc3c(NC4CCCC4)nc(Cl)nc32)[C@H](O)[C@@H]1O,,6.04,1,6.04,6.04,Ki,B,cell-based format,cell_based,9,D,2006,
CHEMBL381473,CHEMBL381473,CCCn1c(=O)c2[nH]c(-c3ccc(OCC(=O)Nc4ccccc4F)cc3)c(Cl)c2n(CCC)c1=O,,6.14,1,6.14,6.14,Ki,B,single protein format,single_protein,9,D,2006,
CHEMBL381522,CHEMBL381522,CCCn1c(=O)c2[nH]c(-c3ccc(OCC(=O)Nc4ccc(I)cc4)cc3)cc2n(CCC)c1=O,,6.8,1,6.8,6.8,Ki,B,single protein format,single_protein,9,D,2006,
CHEMBL381538,CHEMBL381538,CCCn1c(=O)n(C)c(=O)c2[nH]c(-c3ccc(OCC(=O)Nc4ccc(F)cc4)cc3)cc21,,6.95,1,6.95,6.95,Ki,B,single protein format,single_protein,9,D,2006,
CHEMBL381540,CHEMBL381540,CCCn1c(=O)c2[nH]c(-c3ccc(OCC(=O)Nc4ccc(CC#N)cc4)cc3)cc2n(CCC)c1=O,,7.4,1,7.4,7.4,Ki,B,single protein format,single_protein,9,D,2006,
CHEMBL381729,CHEMBL381729,c1ccc(-c2nc(-c3ccccc3)c3[nH]cnc3n2)cc1,,7.28,1,7.28,7.28,Ki,B,cell-based format,cell_based,9,D,2006,
CHEMBL381868,CHEMBL381868,O=C(NC1CC1)[C@H]1S[C@@H](n2cnc3c(NC4CC4)nc(Cl)nc32)[C@H](O)[C@@H]1O,,6.49,1,6.49,6.49,Ki,B,cell-based format,cell_based,9,D,2006,
CHEMBL381972,CHEMBL381972,CCNC(=O)[C@H]1O[C@@H](n2cnc3c(NCC)nc(C#CC(O)c4cccc([N+](=O)[O-])c4)nc32)[C@H](O)[C@@H]1O,,6.4,1,6.4,6.4,Ki,B,cell-based format,cell_based,9,D,2006,
CHEMBL382135,CHEMBL382135,Cn1c(=O)c2[nH]c(-c3ccc(OCC(=O)Nc4ccc(C#N)cc4)cc3)cc2n(C)c1=O,,7.32,2,7.3,7.34,Kd;Ki,B;F,cell-based format;single protein format,mixed,9,D,2006,
CHEMBL382234,CHEMBL382234,COc1cc(-c2cc3c([nH]2)c(=O)n(C)c(=O)n3C)ccc1OCC(=O)NCc1ccc(Cl)cc1,,6.8,1,6.8,6.8,Ki,B,single protein format,single_protein,9,D,2006,
CHEMBL382357,CHEMBL382357,Cn1cc2c(nc(NC(=O)Nc3cc[n+]([O-])cc3)n3nc(-c4ccco4)nc23)n1,,6.82,1,6.82,6.82,Ki,B,cell-based format,cell_based,9,D,2006,
CHEMBL382663,CHEMBL382663,Cn1c(=O)c2[nH]c(-c3cccc(OCC(=O)Nc4ccc(Br)cc4)c3)cc2n(C)c1=O,,7.17,1,7.17,7.17,Ki,B,single protein format,single_protein,9,D,2006,
CHEMBL382665,CHEMBL382665,Cn1cc2c(nc(NC(=O)Nc3ccco3)n3nc(-c4ccco4)nc23)n1,,6.46,1,6.46,6.46,Ki,B,cell-based format,cell_based,9,D,2006,
CHEMBL3827074,CHEMBL3827074,CCCCn1c(=O)c2c(nc3n2CCCN3c2ccc(OCCN3CCCC3)cc2)n(CCCC)c1=O,,6.18,1,6.18,6.18,Ki,B,cell-based format,cell_based,9,D,2016,
CHEMBL3827171,CHEMBL3827171,OC[C@@H]1CCCN1c1ncnc2sc(Nc3cccc(Br)c3)nc12,,6.82,1,6.82,6.82,Ki,B,cell-based format,cell_based,9,D,2016,
CHEMBL3827187,CHEMBL3827187,CCCCn1c(=O)c2c(nc3n2CCCN3c2ccc(OCCN(CC)CC)cc2)n(CCCC)c1=O,,6.0,1,6.0,6.0,Ki,B,cell-based format,cell_based,9,D,2016,
CHEMBL3827201,CHEMBL3827201,CCCCn1c(=O)c2c(nc3n2CCCN3c2ccc(OCCN3CCCCC3)cc2)n(CCCC)c1=O,,6.04,1,6.04,6.04,Ki,B,cell-based format,cell_based,9,D,2016,
CHEMBL3827207,CHEMBL3827207,c1ccc(Nc2nc3c(N4CCCC4)ncnc3s2)cc1,,6.46,1,6.46,6.46,Ki,B,cell-based format,cell_based,9,D,2016,
CHEMBL3827331,CHEMBL3827331,CCCCn1c(=O)c2c(nc3n2CCCN3CCc2ccc(OCCN(CC)CC)cc2)n(CCCC)c1=O,,6.26,1,6.26,6.26,Ki,B,cell-based format,cell_based,9,D,2016,
CHEMBL3827396,CHEMBL3827396,COc1cc(Nc2nc3c(N4CCC[C@H]4CO)ncnc3s2)cc(OC)c1OC,,6.48,1,6.48,6.48,Ki,B,cell-based format,cell_based,9,D,2016,
CHEMBL382764,CHEMBL382764,CCCn1c(=O)c2[nH]c(-c3ccc(OCC(=O)Nc4ccc(Cl)cc4)cc3)cc2n(CCC)c1=O,,7.5,1,7.5,7.5,Ki,B,single protein format,single_protein,9,D,2006,
CHEMBL3827859,CHEMBL3827859,CCN(CC)CCOc1ccc(CCN2CCCn3c2nc2c3c(=O)n(C)c(=O)n2C)cc1,,6.295,2,6.25,6.34,EC50;Ki,B;F,cell-based format,cell_based,9,D,2016,
CHEMBL3827889,CHEMBL3827889,Brc1cccc(Nc2nc3c(N4CCCC4)ncnc3s2)c1,,6.61,1,6.61,6.61,Ki,B,cell-based format,cell_based,9,D,2016,
CHEMBL3828082,CHEMBL3828082,OC[C@@H]1CCCN1c1ncnc2sc(Nc3ccccc3)nc12,,6.7,1,6.7,6.7,Ki,B,cell-based format,cell_based,9,D,2016,
CHEMBL3828214,CHEMBL3828214,Cc1ccc(Nc2nc3c(N4CCCC4)ncnc3s2)cc1,,6.01,1,6.01,6.01,Ki,B,cell-based format,cell_based,9,D,2016,
CHEMBL3828238,CHEMBL3828238,OC[C@@H]1CCCN1c1ncnc2sc(Nc3ccc(Cl)cc3)nc12,,6.33,1,6.33,6.33,Ki,B,cell-based format,cell_based,9,D,2016,
CHEMBL3828388,CHEMBL3828388,Cc1ccc(Nc2nc3c(N4CCC[C@H]4CO)ncnc3s2)cc1,,6.5,1,6.5,6.5,Ki,B,cell-based format,cell_based,9,D,2016,
CHEMBL3828479,CHEMBL3828479,COc1cc(Nc2nc3c(N4CCCC4)ncnc3s2)cc(OC)c1OC,,6.99,1,6.99,6.99,Ki,B,cell-based format,cell_based,9,D,2016,
CHEMBL383134,CHEMBL383134,Cc1ccc2c(O)c(C(=O)NC(C)c3ccccc3)cnc2n1,,6.93,2,6.92,6.94,Ki,B,assay format,other,8;9,D;H,2005,
CHEMBL383201,CHEMBL383201,CCCCn1c(=O)c2nc(-c3cnn(Cc4ccccc4)c3)[nH]c2n(CCCC)c1=O,,6.05,1,6.05,6.05,Ki,B,cell-based format,cell_based,9,D,2006,
CHEMBL383319,CHEMBL383319,CCCn1c(=O)c2nc(-c3cc(OCC(=O)c4ccc(C(=O)OCC)cc4)nn3C)[nH]c2n(CCC)c1=O,,7.49,1,7.49,7.49,Ki,B,single protein format,single_protein,9,D,2006,
CHEMBL383321,CHEMBL383321,CCCn1c(=O)c2[nH]c(-c3ccc(OCC(=O)Nc4ccccc4O)cc3)cc2n(CCC)c1=O,,7.49,1,7.49,7.49,Ki,B,single protein format,single_protein,9,D,2006,
CHEMBL383643,CHEMBL383643,CCNC(=O)[C@H]1O[C@@H](n2cnc3c(NCC)nc(C#CC(O)c4cccc(C(=O)OC)c4)nc32)[C@H](O)[C@@H]1O,,6.84,1,6.84,6.84,Ki,B,cell-based format,cell_based,9,D,2006,
CHEMBL534936,CHEMBL383714,Cn1cc2c(nc(NC(=O)Nc3ccccn3)n3nc(-c4ccco4)nc23)n1,,6.8,2,6.75,6.85,Ki,B,cell-based format,cell_based,9,D,2006,
CHEMBL383836,CHEMBL383836,CCNC(=O)[C@H]1O[C@@H](n2cnc3c(NCC)nc(C#CC(O)c4cccc(OC)c4)nc32)[C@H](O)[C@@H]1O,,6.68,1,6.68,6.68,Ki,B,cell-based format,cell_based,9,D,2006,
CHEMBL384139,CHEMBL384139,CCCn1c(=O)c2nc([C@H]3CC[C@H](CO)CC3)[nH]c2n(CCC)c1=O,,6.5,1,6.5,6.5,Ki,B,cell-based format,cell_based,9,D,2006,
CHEMBL385109,CHEMBL385109,CCC(CC)c1nc2c(-c3ccccc3)cc(-c3ccccc3)nc2[nH]1,,6.61,1,6.61,6.61,Ki,B,cell-based format,cell_based,9,D,2007,
CHEMBL38528,CHEMBL38528,Cn1c(=O)c2[nH]c(-c3ccccc3)cc2n(C)c1=O,,6.32,1,6.32,6.32,Ki,B,cell-based format,cell_based,9,D,2008,
CHEMBL385372,CHEMBL385372,CCCn1c(=O)c2nc(C34CC5CC(C3)C(C5)C4)[nH]c2n(CCC)c1=O,,6.17,1,6.17,6.17,Ki,B,cell-based format,cell_based,9,D,2006,
CHEMBL387322,CHEMBL387322,CC(C)CC(=O)Nc1cc(-c2ccccc2)nc(-c2ccccc2)n1,,6.8,1,6.8,6.8,Ki,B,cell-based format,cell_based,9,D,2004,
CHEMBL387324,CHEMBL387324,Nc1nc(OCCCCc2ccccc2)nc2c1ncn2[C@@H]1O[C@H](CO)[C@@H](O)[C@H]1O,,6.29,1,6.29,6.29,Ki,B,cell-based format,cell_based,9,D,2007,
CHEMBL387354,CHEMBL387354,Nc1nc(OCCC2CCCCC2)nc2c1ncn2[C@@H]1O[C@H](CO)[C@@H](O)[C@H]1O,,6.24,1,6.24,6.24,Ki,B,cell-based format,cell_based,9,D,2007,
CHEMBL387440,CHEMBL387440,CCCn1c(=O)c2nc([C@H]3CC[C@H](C(=O)NCCN(C)C)CC3)[nH]c2n(CCC)c1=O,,6.78,1,6.78,6.78,Ki,B,cell-based format,cell_based,9,D,2006,
CHEMBL388113,CHEMBL388113,O=C(Nc1cc(-c2ccccc2)nc(-c2ccccc2)n1)C1CC1,,6.72,1,6.72,6.72,Ki,B,cell-based format,cell_based,9,D,2004,
CHEMBL388145,CHEMBL388145,CNc1nc(Cl)nc2c1ncn2[C@@H]1SC[C@@H](O)[C@H]1O,,7.35,1,7.35,7.35,Ki,B,cell-based format,cell_based,9,D,2007,
CHEMBL388458,CHEMBL388458,COc1cccc(-n2cc3c(n2)c(N)nc2ccccc23)c1,,6.31,1,6.31,6.31,Ki,B,cell-based format,cell_based,9,D,2007,
CHEMBL389064,CHEMBL389064,Cn1c(=O)c2c(nc(/C=C/c3cccc(Br)c3)n2C)n(C)c1=O,,7.55,1,7.55,7.55,Ki,B,single protein format,single_protein,9,D,2022,
CHEMBL3891806,CHEMBL3891806,Cn1cc2c(nc(NC(=O)Nc3ccc(CC(=O)NCCOOCCCCNC(=S)Nc4ccc(-c5c6ccc(=O)cc-6oc6cc(O)ccc56)c(C(=O)O)c4)cc3)n3nc(-c4ccco4)nc23)n1,,7.02,1,7.02,7.02,Ki,B,single protein format,single_protein,8,H,2016,
CHEMBL3892905,CHEMBL3892905,COc1ccc(CNC(=O)c2nc(N)nc3c(OC)cccc23)nc1,,8.11,1,8.11,8.11,Ki,B,cell-based format,cell_based,9,D,2016,
CHEMBL3892915,CHEMBL3892915,C#CCCCC(=O)Nc1nc2nn(C)cc2c2nc(-c3ccco3)nn12,,6.7,1,6.7,6.7,Ki,B,single protein format,single_protein,8,H,2016,
CHEMBL3896373,CHEMBL3896373,C#CCCCC(=O)Nc1nc2cccc(Cl)c2c2nc(-c3ccco3)nn12,,7.29,1,7.29,7.29,Ki,B,single protein format,single_protein,8,H,2016,
CHEMBL3897613,CHEMBL3897613,Cn1cc2c(nc(NNC(=S)Nc3ccc(-c4c5ccc(=O)cc-5oc5cc(O)ccc45)c(C(=O)O)c3)n3nc(-c4ccco4)nc23)n1,,6.04,1,6.04,6.04,Ki,B,single protein format,single_protein,8,H,2016,
CHEMBL3897868,CHEMBL3897868,Cn1cc2c(nc(NC(=O)Nc3ccc(CC(=O)O)cc3)n3nc(-c4ccco4)nc23)n1,,6.0,1,6.0,6.0,Ki,B,single protein format,single_protein,8,H,2016,
CHEMBL3898647,CHEMBL3898647,COc1ccc(CCNc2nc(N)c3nc(-c4ccco4)sc3n2)cc1OC,,7.04,1,7.04,7.04,Ki,B,cell-based format,cell_based,9,D,2016,
CHEMBL3901883,CHEMBL3901883,COc1cccc2c(C(=O)NCc3cccc(F)n3)nc(N)nc12,,8.82,1,8.82,8.82,Ki,B,cell-based format,cell_based,9,D,2016,
CHEMBL3902955,CHEMBL3902955,COc1cccc2c(C(=O)NCc3cccc(COC4CCCC4)n3)nc(N)nc12,,9.3,1,9.3,9.3,Ki,B,cell-based format,cell_based,9,D,2016,
CHEMBL3904408,CHEMBL3904408,COc1cccc(CNc2nc(N)c3nc(-c4ccco4)sc3n2)c1,,10.02,1,10.02,10.02,IC50,F,cell-based format,cell_based,9,D,2016,
CHEMBL390535,CHEMBL390535,CCC(CC)C(=O)Nc1cc(-c2ccccc2)nc(-c2ccccc2)n1,,6.42,1,6.42,6.42,Ki,B,cell-based format,cell_based,9,D,2004,
CHEMBL3906827,CHEMBL3906827,COc1cccc2c(C(=O)NCc3cccc(C(F)(F)F)n3)nc(N)nc12,,9.4,1,9.4,9.4,Ki,B,cell-based format,cell_based,9,D,2016,
CHEMBL3907658,CHEMBL3907658,COc1cccc(CCNc2nc(N)c3nc(-c4ccco4)sc3n2)c1,,7.77,1,7.77,7.77,Ki,B,cell-based format,cell_based,9,D,2016,
CHEMBL3908770,CHEMBL3908770,Nc1nc(NCCc2ccc(O)cc2)nc2sc(-c3ccco3)nc12,,7.68,3,7.6,7.75,IC50;Ki,B;F,cell-based format,cell_based,9,D,2016,
CHEMBL3911816,CHEMBL3911816,Cn1cc2c(nc(NC(=O)Nc3ccc(CC(=O)NCCCCC(=O)OC(C)(C)C)cc3)n3nc(-c4ccco4)nc23)n1,,6.52,1,6.52,6.52,Ki,B,single protein format,single_protein,8,H,2016,
CHEMBL3911977,CHEMBL3911977,CC(C)OCc1cccc(CNC(=O)c2nc(N)nc3c(F)cccc23)n1,,9.0,1,9.0,9.0,Ki,B,cell-based format,cell_based,9,D,2016,
CHEMBL3912379,CHEMBL3912379,Cn1cc2c(nc(NC(=O)Nc3ccc(CC(=O)NCCOOCCCCC(=O)OC(C)(C)C)cc3)n3nc(-c4ccco4)nc23)n1,,6.34,1,6.34,6.34,Ki,B,single protein format,single_protein,8,H,2016,
CHEMBL3913413,CHEMBL3913413,Nc1nc(NCc2cccc(F)c2)nc2sc(-c3ccco3)nc12,,9.09,1,9.09,9.09,Ki,B,cell-based format,cell_based,9,D,2016,
CHEMBL3914598,CHEMBL3914598,Cn1cc2c(nc(NC(=O)Nc3ccc(CC(=O)NCCCCNC(=S)Nc4ccc(-c5c6ccc(=O)cc-6oc6cc(O)ccc56)c(C(=O)O)c4)cc3)n3nc(-c4ccco4)nc23)n1,,7.22,1,7.22,7.22,Ki,B,single protein format,single_protein,8,H,2016,
CHEMBL3914681,CHEMBL3914681,COc1ccc(C(C)(C)O)nc1CNC(=O)c1nc(N)nc2c(OC)cccc12,,8.0,1,8.0,8.0,Ki,B,cell-based format,cell_based,9,D,2016,
CHEMBL3915716,CHEMBL3915716,C#CCCCCC(=O)Nc1nc2nn(C)cc2c2nc(-c3ccco3)nn12,,6.82,1,6.82,6.82,Ki,B,single protein format,single_protein,8,H,2016,
CHEMBL3916315,CHEMBL3916315,Nc1ncc(-c2ccc(O)c(Cl)c2)c(-c2ccccc2)n1,,8.89,1,8.89,8.89,Ki,B,cell-based format,cell_based,9,D,2017,
CHEMBL3916959,CHEMBL3916959,COc1ccc(-c2cnc(N)nc2-c2ccccc2)cc1Cl,,6.6,1,6.6,6.6,Ki,B,cell-based format,cell_based,9,D,2017,
CHEMBL3917647,CHEMBL3917647,Nc1nc(NCCc2cccc(O)c2)nc2sc(-c3ccco3)nc12,,7.8,1,7.8,7.8,Ki,B,cell-based format,cell_based,9,D,2016,
CHEMBL3917889,CHEMBL3917889,CCCC(=O)c1nc(N)c2nc(-n3nccn3)n(C)c2n1,,7.72,1,7.72,7.72,Ki,B,assay format,other,8,H,2015,
CHEMBL391953,CHEMBL391953,COCCOc1ccc(N2CCN(CCn3cnc4c3nc(N)n3nc(-c5ccco5)nc43)CC2)c(C(F)(F)F)c1,,9.4,1,9.4,9.4,Ki,F,assay format,other,9,D,2007,
CHEMBL3920917,CHEMBL3920917,COc1cccnc1CNC(=O)c1nc(N)nc2c(OC)cccc12,,8.52,1,8.52,8.52,Ki,B,cell-based format,cell_based,9,D,2016,
CHEMBL392136,CHEMBL392136,Cc1ccc(-c2nn3c(N)nc4ccc(Cl)cc4n3c2=O)cc1,,8.64,1,8.64,8.64,Ki,B,cell-based format,cell_based,9,D,2007,
CHEMBL392168,CHEMBL392168,Nc1nc2c(ncn2CCN2CCC(c3ccc(F)cc3)CC2)c2nc(-c3ccco3)nn12,,9.05,1,9.05,9.05,Ki,F,assay format,other,9,D,2007,
CHEMBL392169,CHEMBL392169,Cc1ccc(N2CCN(CCn3cnc4c3nc(N)n3nc(-c5ccco5)nc43)CC2)nc1,,9.0,1,9.0,9.0,Ki,F,assay format,other,9,D,2007,
CHEMBL3922410,CHEMBL3922410,Nc1nc(Nc2ccccc2)nc2sc(-c3ccco3)nc12,,6.11,1,6.11,6.11,Ki,B,cell-based format,cell_based,9,D,2016,
CHEMBL3922797,CHEMBL3922797,O=C(c1cccs1)c1nc(NCc2cccnc2)nc2cc(NCc3cccnc3)sc12,,6.08,1,6.08,6.08,IC50,F,assay format,other,8,H,2015,
CHEMBL3923709,CHEMBL3923709,COc1cccc2c(C(=O)NCc3cccc(C(C)C)n3)nc(N)nc12,,9.7,1,9.7,9.7,Ki,B,cell-based format,cell_based,9,D,2016,
CHEMBL392386,CHEMBL392386,COCCOc1ccc(N2CCN(CCn3cnc4c3nc(N)n3nc(-c5cccc[n+]5[O-])nc43)CC2)cc1,,7.05,1,7.05,7.05,Ki,F,assay format,other,9,D,2007,
CHEMBL3924727,CHEMBL3924727,Cn1cc2c(nc(NCCCNC(=S)Nc3ccc(-c4c5ccc(=O)cc-5oc5cc(O)ccc45)c(C(=O)O)c3)n3nc(-c4ccco4)nc23)n1,,6.34,1,6.34,6.34,Ki,B,cell-based format,cell_based,9,D,2019,
CHEMBL392475,CHEMBL392475,CC(=O)COc1ccc(N2CCN(CCn3ncc4c3nc(N)n3nc(-c5ccco5)nc43)CC2)cc1,,9.1,1,9.1,9.1,Ki,B,single protein format,single_protein,9,D,2007,
CHEMBL3926805,CHEMBL3926805,Cn1cc2c(nc(NC(=O)CCCc3cn(CCCCCCNC(=O)c4ccc(-c5c6ccc(=N)c(S(=O)(=O)O)c-6oc6c(S(=O)(=O)O)c(N)ccc56)c(C(=O)O)c4)nn3)n3nc(-c4ccco4)nc23)n1,,7.05,2,7.05,7.05,Ki,B,cell membrane format;single protein format,mixed,8;9,D;H,2016;2020,
CHEMBL3926983,CHEMBL3926983,COc1cccc(-c2cnc(N)nc2-c2ccccc2)c1,,6.81,1,6.81,6.81,Ki,B,cell-based format,cell_based,9,D,2017,
CHEMBL3928333,CHEMBL3928333,Cn1cc2c(nc(NCCCCCNC(=S)Nc3ccc(-c4c5ccc(=O)cc-5oc5cc(O)ccc45)c(C(=O)O)c3)n3nc(-c4ccco4)nc23)n1,,6.04,1,6.04,6.04,Ki,B,cell-based format,cell_based,9,D,2019,
CHEMBL3928902,CHEMBL3928902,Cn1cc2c(nc(NC(=O)Nc3ccc(CC(=O)NCCCCCN)cc3)n3nc(-c4ccco4)nc23)n1,,6.69,1,6.69,6.69,Ki,B,single protein format,single_protein,8,H,2016,
CHEMBL3929822,CHEMBL3929822,COc1cccc2c(C(=O)N[C@H]3CCCc4cccnc43)nc(N)nc12,,6.75,1,6.75,6.75,Ki,B,cell-based format,cell_based,9,D,2016,
CHEMBL3930969,CHEMBL3930969,Nc1ncc(-c2ccc(O)c(O)c2)c(-c2ccccc2)n1,,8.33,1,8.33,8.33,Ki,B,cell-based format,cell_based,9,D,2017,
CHEMBL3931329,CHEMBL3931329,COc1ccc(CNc2nc(N)c3nc(-c4ccco4)sc3n2)cc1,,6.77,3,6.73,6.91,IC50;Ki,B;F,cell-based format,cell_based,9,D,2016,
CHEMBL3932413,CHEMBL3932413,Nc1nc(NCc2cccc(O)c2)nc2sc(-c3ccco3)nc12,,7.66,3,7.57,7.7,IC50;Ki,B;F,cell-based format,cell_based,9,D,2016,
CHEMBL3932655,CHEMBL3932655,COc1cccc2c(C(=O)NCc3cccc(C(C)(C)O)n3)nc(N)nc12,,9.4,1,9.4,9.4,Ki,B,cell-based format,cell_based,9,D,2016,
CHEMBL393410,CHEMBL393410,COCCOc1ccc(N2CCN(CCn3ncc4c3nc(N)n3nc(-c5ccco5)nc43)CC2)c(F)c1,,9.4,1,9.4,9.4,Ki,B,single protein format,single_protein,9,D,2007,
CHEMBL3934626,CHEMBL3934626,COc1ccc(CCNc2nc(N)c3nc(-c4ccco4)sc3n2)cc1,,7.5,3,7.38,7.51,IC50;Ki,B;F,cell-based format,cell_based,9,D,2016,
CHEMBL3934661,CHEMBL3934661,CN1CCN(CCNc2nc(N)n3nc(-c4ccco4)nc3n2)CC1,,7.140000000000001,8,6.41,7.74,Kd;Ki,B,assay format;cell-based format,cell_based,9,D,2016,
CHEMBL3935610,CHEMBL3935610,Nc1nc(NCCc2ccccc2)nc2sc(-c3ccco3)nc12,,7.52,3,7.46,7.8,IC50;Ki,B;F,cell-based format,cell_based,9,D,2016,
CHEMBL3937413,CHEMBL3937413,Nc1nc(NCCN2CCC(c3ccccc3)CC2)nc2nc(-c3ccco3)nn12,,8.015,8,7.35,8.42,Kd;Ki,B,assay format;cell-based format,cell_based,9,D,2016,
CHEMBL3939976,CHEMBL3939976,COc1cccc2c(C(=O)NCc3cccc(Cc4cccnc4)n3)nc(N)nc12,,8.3,1,8.3,8.3,Ki,B,cell-based format,cell_based,9,D,2016,
CHEMBL394063,CHEMBL394063,Cc1ccc(-c2nn3c(N)nc4ccccc4n3c2=O)cc1,,7.3,1,7.3,7.3,Ki,B,cell-based format,cell_based,9,D,2007,
CHEMBL394064,CHEMBL394064,Nc1nc2ccc(Cl)cc2n2c(=O)c(-c3ccccc3)nn12,,8.33,1,8.33,8.33,Ki,B,cell-based format,cell_based,9,D,2007,
CHEMBL3941406,CHEMBL3941406,Cn1cc2c(nc(NC(=O)Nc3ccc(CC(=O)NCCCOCCOOCCCCCN)cc3)n3nc(-c4ccco4)nc23)n1,,6.48,1,6.48,6.48,Ki,B,single protein format,single_protein,8,H,2016,
CHEMBL3941632,CHEMBL3941632,COc1cccc2c(C(=O)NCc3cccc(C)n3)nc(N)nc12,,9.3,1,9.3,9.3,Ki,B,cell-based format,cell_based,9,D,2016,
CHEMBL3942632,CHEMBL3942632,Cn1cc2c(nc(NC(=O)Nc3ccc(CC(=O)NCCCNC(=S)Nc4ccc(-c5c6ccc(=O)cc-6oc6cc(O)ccc56)c(C(=O)O)c4)cc3)n3nc(-c4ccco4)nc23)n1,,6.96,1,6.96,6.96,Ki,B,single protein format,single_protein,8,H,2016,
CHEMBL3948763,CHEMBL3948763,Nc1ncc(-c2ccnc(C3CC3)c2)c(-c2ccccc2)n1,,7.44,1,7.44,7.44,Ki,B,cell-based format,cell_based,9,D,2017,
CHEMBL3949028,CHEMBL3949028,Cn1cc2c(nc(NCCCCNC(=S)Nc3ccc(-c4c5ccc(=O)cc-5oc5cc(O)ccc45)c(C(=O)O)c3)n3nc(-c4ccco4)nc23)n1,,6.34,1,6.34,6.34,Ki,B,single protein format,single_protein,8,H,2016,
CHEMBL3950142,CHEMBL3950142,Nc1nc(NCc2ccccc2)nc2sc(-c3ccco3)nc12,,7.66,3,7.54,7.75,IC50;Ki,B;F,cell-based format,cell_based,9,D,2016,
CHEMBL3951103,CHEMBL3951103,Nc1nc(NCCCc2ccccc2)nc2sc(-c3ccco3)nc12,,7.24,1,7.24,7.24,Ki,B,cell-based format,cell_based,9,D,2016,
CHEMBL3951196,CHEMBL3951196,Cn1cc2c(nc(NC(=O)Nc3ccc(CC(=O)NCCCOCCOOCCCCCNC(=S)Nc4ccc(-c5c6ccc(=O)cc-6oc6cc(O)ccc56)c(C(=O)O)c4)cc3)n3nc(-c4ccco4)nc23)n1,,7.04,1,7.04,7.04,Ki,B,single protein format,single_protein,8,H,2016,
CHEMBL3951351,CHEMBL3951351,Oc1ccc(-c2cnc(N[C@H]3CC[C@H](O)CC3)nc2-c2ccccc2)cc1Cl,,8.125,2,8.11,8.14,Ki,B;F,assay format;cell-based format,cell_based,9,D,2017;2022,
CHEMBL3951425,CHEMBL3951425,COc1cccc2c(C(=O)NCc3nc(C(C)(C)O)ccc3C)nc(N)nc12,,9.22,1,9.22,9.22,Ki,B,cell-based format,cell_based,9,D,2016,
CHEMBL3954071,CHEMBL3954071,Cn1cc2c(nc(NC(=O)Nc3ccc(CC(=O)NCCCCCNC(=S)Nc4ccc(-c5c6ccc(=O)cc-6oc6cc(O)ccc56)c(C(=O)O)c4)cc3)n3nc(-c4ccco4)nc23)n1,,6.97,1,6.97,6.97,Ki,B,single protein format,single_protein,8,H,2016,
CHEMBL395472,CHEMBL395472,COCCOc1ccc(N2CCN(CCn3cnc4c3nc(N)n3nc(-c5ccco5)nc43)CC2)cc1,,9.05,1,9.05,9.05,Ki,F,assay format,other,9,D,2007,
CHEMBL3956455,CHEMBL3956455,Cn1cc2c(nc(NC(=O)Nc3ccc(CC(=O)NCCOOCCCCN)cc3)n3nc(-c4ccco4)nc23)n1,,6.57,1,6.57,6.57,Ki,B,single protein format,single_protein,8,H,2016,
CHEMBL3958838,CHEMBL3958838,COc1ccccc1CNc1nc(N)c2nc(-c3ccco3)sc2n1,,10.29,1,10.29,10.29,IC50,F,cell-based format,cell_based,9,D,2016,
CHEMBL3960148,CHEMBL3960148,COc1cccc2c(C(=O)NCc3cccc(C4CCC4)n3)nc(N)nc12,,9.7,1,9.7,9.7,Ki,B,cell-based format,cell_based,9,D,2016,
CHEMBL3961930,CHEMBL3961930,C#CCCC(=O)Nc1nc2nn(C)cc2c2nc(-c3ccco3)nn12,,6.88,1,6.88,6.88,Ki,B,single protein format,single_protein,8,H,2016,
CHEMBL3963278,CHEMBL3963278,CCCNc1nc(N)c2nc(-c3ccco3)sc2n1,,7.77,1,7.77,7.77,Ki,B,cell-based format,cell_based,9,D,2016,
CHEMBL3963499,CHEMBL3963499,Cn1cc2c(nc(NC(=O)Nc3ccc(CC(=O)NCCCN)cc3)n3nc(-c4ccco4)nc23)n1,,6.76,1,6.76,6.76,Ki,B,single protein format,single_protein,8,H,2016,
CHEMBL3965184,CHEMBL3965184,Nc1ncc(-c2cccc(C(F)(F)F)c2)c(-c2ccccc2)n1,,7.01,1,7.01,7.01,Ki,B,cell-based format,cell_based,9,D,2017,
CHEMBL3965390,CHEMBL3965390,Cn1cc2c(nc(NC(=O)Nc3ccc(CC(=O)NCCCCCC(=O)OC(C)(C)C)cc3)n3nc(-c4ccco4)nc23)n1,,6.42,1,6.42,6.42,Ki,B,single protein format,single_protein,8,H,2016,
CHEMBL3966761,CHEMBL3966761,O[C@H]1CC[C@H](Nc2ncc(-c3ccnc(C4CC4)c3)c(-c3ccccc3)n2)CC1,,7.19,1,7.19,7.19,Ki,B,cell-based format,cell_based,9,D,2017,
CHEMBL3968812,CHEMBL3968812,Cn1cc2c(nc(NC(=O)Nc3ccc(CC(=O)NCCCC(=O)OC(C)(C)C)cc3)n3nc(-c4ccco4)nc23)n1,,6.82,1,6.82,6.82,Ki,B,single protein format,single_protein,8,H,2016,
CHEMBL3969553,CHEMBL3969553,Nc1ncc(-c2ccc(O)cc2)c(-c2ccccc2)n1,,8.89,1,8.89,8.89,Ki,B,cell-based format,cell_based,9,D,2017,
CHEMBL3969868,CHEMBL3969868,Nc1nc2cccc(Cl)c2c2nc(-c3ccco3)nn12,,8.92,1,8.92,8.92,Ki,B,single protein format,single_protein,8,H,2016,
CHEMBL3971217,CHEMBL3971217,COc1cccc2c(C(=O)NCc3cccc(CO)n3)nc(N)nc12,,8.34,1,8.34,8.34,Ki,B,cell-based format,cell_based,9,D,2016,
CHEMBL3973920,CHEMBL3973920,COc1cccc2c(C(=O)NCc3cccc(COc4ccccc4F)n3)nc(N)nc12,,9.7,1,9.7,9.7,Ki,B,cell-based format,cell_based,9,D,2016,
CHEMBL3977457,CHEMBL3977457,COc1cccc(CNC(=O)c2nc(N)nc3c(OC)cccc23)n1,,9.1,1,9.1,9.1,Ki,B,cell-based format,cell_based,9,D,2016,
CHEMBL3977929,CHEMBL3977929,Nc1ncc(-c2ccc3ccccc3c2)c(-c2ccccc2)n1,,6.89,1,6.89,6.89,Ki,B,cell-based format,cell_based,9,D,2017,
CHEMBL397821,CHEMBL397821,Nc1nc2ccccc2n2c(=O)c(-c3ccc(Cl)cc3)nn12,,6.31,1,6.31,6.31,Ki,B,cell-based format,cell_based,9,D,2007,
CHEMBL3980049,CHEMBL3980049,Nc1nc(NCCc2ccc(O)c(O)c2)nc2sc(-c3ccco3)nc12,,7.4,1,7.4,7.4,Ki,B,cell-based format,cell_based,9,D,2016,
CHEMBL398046,CHEMBL398046,Nc1nc2c(ncn2CCc2ccccc2)c2nc(-c3ccco3)nn12,,8.39,1,8.39,8.39,Ki,F,assay format,other,9,D,2007,
CHEMBL3980673,CHEMBL3980673,CCn1c(=O)c2c(nc(COc3ccc(OC)cc3)n2C)n(CC)c1=O,,6.62,1,6.62,6.62,Ki,B,single protein format,single_protein,9,D,2022,
CHEMBL398083,CHEMBL398083,Nc1nc2c(ncn2Cc2ccccc2C(F)(F)F)c2nc(-c3ccco3)nn12,,8.34,1,8.34,8.34,Ki,F,assay format,other,9,D,2007,
CHEMBL3981200,CHEMBL3981200,Cn1cc2c(nc(NC(=O)Nc3ccc(CC(=O)NCCCCN)cc3)n3nc(-c4ccco4)nc23)n1,,6.76,1,6.76,6.76,Ki,B,single protein format,single_protein,8,H,2016,
CHEMBL3981401,CHEMBL3981401,CCCn1c(=O)n(CC)c(=O)c2[nH]c(-c3ccc(OCC(=O)NCCN)cc3)nc21,,7.93,3,7.78,8.12,Kd,B,single protein format,single_protein,9,D,,
CHEMBL3981924,CHEMBL3981924,Nc1nc(C(=O)NCc2cccc(CO)n2)c2cccc(F)c2n1,,8.02,1,8.02,8.02,Ki,B,cell-based format,cell_based,9,D,2016,
CHEMBL3982084,CHEMBL3982084,Nc1ncc(-c2cccc(Cl)c2)c(-c2ccccc2)n1,,6.92,1,6.92,6.92,Ki,B,cell-based format,cell_based,9,D,2017,
CHEMBL3982305,CHEMBL3982305,Cn1cc2c(nc(NC(=O)Nc3ccc(CC(=O)NCCCOCCOOCCCCCNC(=O)OC(C)(C)C)cc3)n3nc(-c4ccco4)nc23)n1,,6.49,1,6.49,6.49,Ki,B,single protein format,single_protein,8,H,2016,
CHEMBL398272,CHEMBL398272,CN1CCN(CC(=O)Nc2cc(-c3nccs3)nc(-c3ccco3)n2)CC1,,8.02,2,6.99,9.05,IC50;Ki,B;F,assay format;cell-based format,cell_based,9,D,2008,
CHEMBL3984266,CHEMBL3984266,CCCCNc1nc(N)c2nc(-c3ccco3)sc2n1,,8.09,1,8.09,8.09,Ki,B,cell-based format,cell_based,9,D,2016,
CHEMBL3985442,CHEMBL3985442,C#CCCCCCC(=O)Nc1nc2nn(C)cc2c2nc(-c3ccco3)nn12,,6.32,1,6.32,6.32,Ki,B,single protein format,single_protein,8,H,2016,
CHEMBL398788,CHEMBL398788,O=C(NCc1ccccc1)Nc1nc2ccccc2n2c(=O)c(-c3ccccc3)nn12,,6.92,1,6.92,6.92,Ki,B,cell-based format,cell_based,9,D,2007,
CHEMBL39898,CHEMBL39898,Cn1c(=O)c2c(cc(/C=C/c3ccccc3)n2C)n(C)c1=O,,6.77,1,6.77,6.77,Ki,B,cell-based format,cell_based,9,D,2013,
CHEMBL3965187,CHEMBL3990616,COCCOc1cncc(Cc2cccc(CNC(=O)c3nc(N)nc4c(OC)cccc34)n2)c1,,8.7,1,8.7,8.7,Ki,B,cell-based format,cell_based,9,D,2016,
CHEMBL399529,CHEMBL399529,Nc1cc(-n2cccn2)nc(-c2ccco2)n1,,8.54,1,8.54,8.54,Ki,B,cell-based format,cell_based,9,D,2008,
CHEMBL399577,CHEMBL399577,CN(C)CC(=O)Nc1cc(-n2cccn2)nc(-c2ccco2)n1,,8.28,1,8.28,8.28,Ki,B,cell-based format,cell_based,9,D,2008,
CHEMBL400214,CHEMBL400214,CCOc1ccc(N2CCN(CCn3ncc4c3nc(N)n3nc(-c5ccco5)nc43)CC2)cc1,,8.85,1,8.85,8.85,Ki,B,single protein format,single_protein,9,D,2007,
CHEMBL400215,CHEMBL400215,Nc1nc2c(cnn2CCN2CCN(c3ccccc3F)CC2)c2nc(-c3ccco3)nn12,,9.22,1,9.22,9.22,Ki,B,single protein format,single_protein,9,D,2007,
CHEMBL401242,CHEMBL401242,Nc1nc2c(cnn2CCN2CCN(c3ccc(F)c(F)c3F)CC2)c2nc(-c3ccco3)nn12,,9.22,1,9.22,9.22,Ki,B,single protein format,single_protein,9,D,2007,
CHEMBL401321,CHEMBL401321,CC(=O)Nc1cc(-n2cccn2)nc(-c2ccco2)n1,,9.22,1,9.22,9.22,Ki,B,cell-based format,cell_based,9,D,2008,
CHEMBL401571,CHEMBL401571,COC[C@H]1O[C@@H](n2cnc3c(NCC(c4ccccc4)c4ccccc4)nc(CNC4CCCCC4)nc32)[C@H](O)[C@@H]1O,,7.0,1,7.0,7.0,IC50,F,assay format,other,8,H,2008,
CHEMBL401865,CHEMBL401865,COc1ccc(CC(=O)Nc2cc(-n3nc(C)cc3C)nc(-c3ccc(C)o3)n2)cc1C,,8.52,1,8.52,8.52,Ki,B,cell-based format,cell_based,9,D,2008,
CHEMBL401895,CHEMBL401895,Cc1cc(C)n(-c2cc(NC(=O)COc3cccc(CN(C)C)c3)nc(-c3ccc(C)o3)n2)n1,,9.4,1,9.4,9.4,Ki,B,cell-based format,cell_based,9,D,2008,
CHEMBL401914,CHEMBL401914,CCNC(=O)[C@H]1O[C@@H](n2cnc3c(NCC(c4ccccc4)c4ccccc4)nc(CNC(=O)NCCN4CCCCC4)nc32)[C@H](O)[C@@H]1O,,7.77,1,7.77,7.77,IC50,F,assay format,other,8,H,2008,
CHEMBL401973,CHEMBL401973,COc1cccc(Cn2ncc3c(-c4ccco4)nc(N)nc32)c1,,8.7,1,8.7,8.7,Ki,B,single protein format,single_protein,9,D,2008,
CHEMBL402071,CHEMBL402071,COc1ccc(CC(=O)Nc2cc(-n3nc(C)cc3C)nc(-c3ccccn3)n2)cc1,,9.0,1,9.0,9.0,Ki,B,cell-based format,cell_based,9,D,2008,
CHEMBL402103,CHEMBL402103,CS(=O)(=O)c1ccc(Cn2ncc3c(-c4ccco4)nc(N)nc32)cc1,,6.47,1,6.47,6.47,Ki,B,single protein format,single_protein,9,D,2008,
CHEMBL402172,CHEMBL402172,Cc1cccc(Cn2ncc3c(-c4ccco4)nc(N)nc32)c1,,8.52,1,8.52,8.52,Ki,B,single protein format,single_protein,9,D,2008,
CHEMBL402389,CHEMBL402389,Nc1nc(-c2nccs2)c2cnn(Cc3ccccc3F)c2n1,,7.77,1,7.77,7.77,Ki,B,single protein format,single_protein,9,D,2008,
CHEMBL402398,CHEMBL402398,Cc1cc(C)n(-c2cc(NC(=O)Cc3ccc(N(C)C)cc3)nc(-c3ccc(C)o3)n2)n1,,8.7,1,8.7,8.7,Ki,B,cell-based format,cell_based,9,D,2008,
CHEMBL402409,CHEMBL402409,Nc1nc(-c2ccco2)c2cnn(Cc3c(F)cccc3F)c2n1,,8.7,1,8.7,8.7,Ki,B,single protein format,single_protein,9,D,2008,
CHEMBL402464,CHEMBL402464,CN(C)c1nc(-c2nccs2)c2sccc2n1,,8.64,1,8.64,8.64,Ki,B,single protein format,single_protein,9,D,2008,
CHEMBL402474,CHEMBL402474,CCCn1c(=O)c2[nH]c(-c3ccc(OCC(=O)N4CCN(c5nc6ccc(Cl)cc6s5)CC4)cc3)cc2n(CCC)c1=O,,6.09,1,6.09,6.09,Ki,B,cell-based format,cell_based,9,D,2008,
CHEMBL402606,CHEMBL402606,Nc1nc(-n2ccnn2)c2cnn(Cc3ccccc3F)c2n1,,7.15,1,7.15,7.15,Ki,B,single protein format,single_protein,9,D,2008,
CHEMBL402781,CHEMBL402781,COc1cccc(CN(C)C)c1OCC(=O)Nc1cc(-n2nc(C)cc2C)nc(-c2ccc(C)o2)n1,,8.24,1,8.24,8.24,Ki,B,cell-based format,cell_based,9,D,2008,
CHEMBL402817,CHEMBL402817,CCc1nc(-c2cccs2)c2sccc2n1,,7.16,1,7.16,7.16,Ki,B,single protein format,single_protein,9,D,2008,
CHEMBL403252,CHEMBL403252,Nc1nc(-c2ccco2)c2cnn(Cc3ccccc3F)c2n1,,8.4,1,8.4,8.4,Ki,B,single protein format,single_protein,9,D,2008,
CHEMBL403470,CHEMBL403470,Nc1nc(-c2ccco2)c2cnn(Cc3ccccc3N)c2n1,,8.1,1,8.1,8.1,Ki,B,single protein format,single_protein,9,D,2008,
CHEMBL403478,CHEMBL403478,CCNC(=O)[C@H]1O[C@@H](n2cnc3c(NCC(c4ccccc4)c4ccccc4)nc(C(=O)NCCN4CCCCC4)nc32)[C@H](O)[C@@H]1O,,8.05,1,8.05,8.05,IC50,F,assay format,other,8,H,2008,
CHEMBL403525,CHEMBL403525,COc1cc(CC(=O)Nc2cc(-n3nc(C)cc3C)nc(-c3ccccn3)n2)cc(OC)c1,,9.0,1,9.0,9.0,Ki,B,cell-based format,cell_based,9,D,2008,
CHEMBL403704,CHEMBL403704,CCc1nc(-c2ncc[nH]2)c2sccc2n1,,6.85,1,6.85,6.85,Ki,B,single protein format,single_protein,9,D,2008,
CHEMBL403845,CHEMBL403845,Cc1cc(C)n(-c2cc(NC(=O)COc3cccc(CN)c3)nc(-c3ccc(C)o3)n2)n1,,9.335,2,9.15,9.52,Ki,B,cell-based format;single protein format,mixed,8;9,D;H,2008,
CHEMBL403846,CHEMBL403846,Cc1cc(C)n(-c2cc(NC(=O)COc3cccc(CCN(C)C)c3)nc(-c3ccc(C)o3)n2)n1,,9.3,1,9.3,9.3,Ki,B,cell-based format,cell_based,9,D,2008,
CHEMBL404123,CHEMBL404123,CCNC(=O)[C@H]1O[C@@H](n2cnc3c(NCC(c4ccccc4)c4ccccc4)nc(NCCC4CCCCC4)nc32)[C@H](O)[C@@H]1O,,6.0,1,6.0,6.0,IC50,F,assay format,other,8,H,2008,
CHEMBL404168,CHEMBL404168,CCCn1c(=O)[nH]c2nc(-c3cnn(Cc4cccc(C(F)(F)F)c4)c3)[nH]c2c1=O,,8.22,1,8.22,8.22,Ki,F,assay format,other,9,D,2022,
CHEMBL404193,CHEMBL404193,COc1ccc(CC(=O)Nc2cc(-n3nc(C)cc3C)nc(-c3ccc(C)o3)n2)cc1OC,,8.7,1,8.7,8.7,Ki,B,cell-based format,cell_based,9,D,2008,
CHEMBL404447,CHEMBL404447,Nc1nc(-c2ccco2)c2nc[nH]c2n1,,6.58,1,6.58,6.58,Ki,B,single protein format,single_protein,9,D,2008,
CHEMBL404521,CHEMBL404521,COC[C@H]1O[C@@H](n2cnc3c(NCC(c4ccccc4)c4ccccc4)nc(NCCC4CCCCC4)nc32)[C@H](O)[C@@H]1O,,6.0,1,6.0,6.0,IC50,F,assay format,other,8,H,2008,
CHEMBL404739,CHEMBL404739,Cc1ccc(-c2nc(NC(=O)COc3ccccc3F)cc(-c3nccs3)n2)o1,,8.12,1,8.12,8.12,Ki,B,cell-based format,cell_based,9,D,2008,
CHEMBL404744,CHEMBL404744,Cc1ccc(OCC(=O)Nc2cc(-c3nccs3)nc(-c3ccc(C)o3)n2)cc1,,7.44,1,7.44,7.44,Ki,B,cell-based format,cell_based,9,D,2008,
CHEMBL404863,CHEMBL404863,Cc1cc(C)n(-c2cc(NC(=O)COc3ccc(CN(C)C)cc3)nc(-c3ccc(C)o3)n2)n1,,9.52,1,9.52,9.52,Ki,B,cell-based format,cell_based,9,D,2008,
CHEMBL404864,CHEMBL404864,Cc1cc(C)nc(OCC(=O)Nc2cc(-n3nc(C)cc3C)nc(-c3ccc(C)o3)n2)n1,,8.43,1,8.43,8.43,Ki,B,cell-based format,cell_based,9,D,2008,
CHEMBL404985,CHEMBL404985,CCNc1nc(C(=O)c2cccs2)c2sccc2n1,,7.6,1,7.6,7.6,Ki,B,single protein format,single_protein,9,D,2008,
CHEMBL405026,CHEMBL405026,Nc1nc(C(=O)c2cccs2)c2sccc2n1,,7.64,1,7.64,7.64,Ki,B,single protein format,single_protein,9,D,2008,
CHEMBL405028,CHEMBL405028,O=C(c1ccccc1)c1nc(C(F)(F)F)nc2ccsc12,,7.04,1,7.04,7.04,Ki,B,single protein format,single_protein,9,D,2008,
CHEMBL405234,CHEMBL405234,O=C(c1cccs1)c1nc(NCCO)nc2ccsc12,,8.37,1,8.37,8.37,Ki,B,single protein format,single_protein,9,D,2008,
CHEMBL405235,CHEMBL405235,O=C(c1cccs1)c1nc(NCCCO)nc2ccsc12,,8.09,1,8.09,8.09,Ki,B,single protein format,single_protein,9,D,2008,
CHEMBL405479,CHEMBL405479,OCCNc1nc(-c2cccs2)c2sccc2n1,,6.76,1,6.76,6.76,Ki,B,single protein format,single_protein,9,D,2008,
CHEMBL405567,CHEMBL405567,CN(C)c1nc(-c2ccco2)c2sccc2n1,,7.22,1,7.22,7.22,Ki,B,single protein format,single_protein,9,D,2008,
CHEMBL405614,CHEMBL405614,N#Cc1c(NC(=O)C2CC2)nc(-c2ccccc2)nc1-c1ccccc1,,7.3,1,7.3,7.3,Ki,B,cell-based format,cell_based,9,D,2008,
CHEMBL405696,CHEMBL405696,CN1C(=O)C2Nc3cccnc3C2N(C)C1=O,,6.05,1,6.05,6.05,Ki,B,cell-based format,cell_based,9,D,2007,
CHEMBL405789,CHEMBL405789,Nc1nc(-c2ccco2)c2cnn(CC3CCCCC3)c2n1,,7.35,1,7.35,7.35,Ki,B,single protein format,single_protein,9,D,2008,
CHEMBL405868,CHEMBL405868,OCCNc1nc2ccccc2n2nc(-c3ccco3)nc12,,7.2,1,7.2,7.2,Ki,B,cell-based format,cell_based,9,D,2008,
CHEMBL405901,CHEMBL405901,CCCn1c(=O)c2[nH]c(-c3cn[nH]c3)nc2n(CC)c1=O,,6.3,1,6.3,6.3,Ki,B,cell-based format,cell_based,9,D,2008,
CHEMBL4059638,CHEMBL4059638,COc1cccc(-c2cc(NC(C)=O)nc(-c3cccc(OC)c3OC)c2)c1OC,,6.45,1,6.45,6.45,Ki,B,cell-based format,cell_based,9,D,2017,
CHEMBL4059885,CHEMBL4059885,C#CCOc1cccc(-c2cn3c(=O)n(-c4ccccc4)nc3c(N)n2)c1,,8.29,1,8.29,8.29,Ki,B,cell-based format,cell_based,9,D,2017,
CHEMBL4059961,CHEMBL4059961,CCn1nnc([C@H]2O[C@@H](n3cnc4c(NCc5cccc(Br)c5)nc(Cl)nc43)[C@H](O)[C@@H]2O)n1,,7.5600000000000005,2,7.24,7.88,EC50;Ki,B;F,cell-based format,cell_based,9,D,2017,
CHEMBL406048,CHEMBL406048,OC[C@H]1CCCN1c1nc(-c2nccs2)c2sccc2n1,,8.44,1,8.44,8.44,Ki,B,single protein format,single_protein,9,D,2008,
CHEMBL406049,CHEMBL406049,CC(C)(C)c1nc(-c2nccs2)c2sccc2n1,,8.51,1,8.51,8.51,Ki,B,single protein format,single_protein,9,D,2008,
CHEMBL4061249,CHEMBL4061249,COc1cnc(N2CCOCC2)c2sc(NC(=O)C(C)(C)Oc3cccc(C(F)(F)F)c3)nc12,,7.62,1,7.62,7.62,Ki,B,cell-based format,cell_based,9,D,2017,
CHEMBL4061522,CHEMBL4061522,CCC1(O)CCC(C)(C(=O)Nc2nc3c(OC)ccc(N4CCOCC4)c3s2)CC1,,7.6,1,7.6,7.6,Ki,B,cell-based format,cell_based,9,D,2017,
CHEMBL4061617,CHEMBL4061617,COc1ccccc1-n1nc2c(N)nc(-c3ccccc3)cn2c1=O,,6.51,1,6.51,6.51,Ki,B,cell-based format,cell_based,9,D,2017,
CHEMBL406298,CHEMBL406298,Nc1nc(-c2ccco2)c2sccc2n1,,7.85,1,7.85,7.85,Ki,B,single protein format,single_protein,9,D,2008,
CHEMBL406314,CHEMBL406314,CN(C)c1nc(-c2nccn2C)c2sccc2n1,,7.85,1,7.85,7.85,Ki,B,single protein format,single_protein,9,D,2008,
CHEMBL406315,CHEMBL406315,Cc1csc(-c2nc(N(C)C)nc3ccsc23)n1,,8.89,1,8.89,8.89,Ki,B,single protein format,single_protein,9,D,2008,
CHEMBL406397,CHEMBL406397,Cc1cc(C)n(-c2cc(NC(=O)CN3CCCC3)nc(-c3ccc(C)o3)n2)n1,,8.07,1,8.07,8.07,Ki,B,cell-based format,cell_based,9,D,2008,
CHEMBL4064207,CHEMBL4064207,COc1ccc(N2CCOCC2)c2sc(NC(=O)C3(C)CCC(C)(O)CC3)nc12,,8.835,2,8.07,9.6,Ki,B;F,cell-based format,cell_based,9,D,2017,
CHEMBL4064795,CHEMBL4064795,CCOc1ccc(-c2cn3c(=O)n(-c4ccccc4)nc3c(N)n2)cc1,,7.7749999999999995,2,7.01,8.54,IC50;Ki,B;F,cell-based format,cell_based,9,D,2017,
CHEMBL406483,CHEMBL406483,CN(C)c1nc(-c2cnccn2)c2sccc2n1,,7.09,1,7.09,7.09,Ki,B,single protein format,single_protein,9,D,2008,
CHEMBL406499,CHEMBL406499,Nc1nc(-c2ccco2)c2cc[nH]c2n1,,6.62,1,6.62,6.62,Ki,B,single protein format,single_protein,9,D,2008,
CHEMBL4065326,CHEMBL4065326,COc1ccc(N2CCOCC2)c2sc(NC(=O)C(C)(C)Oc3ccc(F)c(F)c3)nc12,,8.405,2,8.19,8.62,Ki,B;F,cell-based format,cell_based,9,D,2017,
CHEMBL4065629,CHEMBL4065629,CCCn1c(=O)c2[nH]c(-c3cnn(CC4CC(=O)N(c5ccc(F)cc5)C4)c3)nc2n(CC)c1=O,,6.72,1,6.72,6.72,Ki,B,cell-based format,cell_based,9,D,2017,
CHEMBL4065717,CHEMBL4065717,CCCn1c(=O)c2[nH]c(-c3ccc(OCC4CC(=O)N(c5ccc(C(F)(F)F)cc5)C4)nc3)nc2n(CCC)c1=O,,7.28,1,7.28,7.28,Ki,B,cell-based format,cell_based,9,D,2017,
CHEMBL406714,CHEMBL406714,Nc1nc(-c2ccccc2)cc(-c2ccc3c(c2)OCO3)n1,,6.42,1,6.42,6.42,Ki,B,cell-based format,cell_based,9,D,2008,
CHEMBL4067205,CHEMBL4067205,COc1ccc(N2CCOCC2)c2sc(NC(=O)C(C)(C)Oc3ccc(C(F)(F)F)cc3)nc12,,7.12,1,7.12,7.12,Ki,B,cell-based format,cell_based,9,D,2017,
CHEMBL406727,CHEMBL406727,CCCOc1cc(NC(=O)CC)nc(SC)n1,,6.4,1,6.4,6.4,Ki,B,cell-based format,cell_based,9,D,2008,
CHEMBL406788,CHEMBL406788,Nc1cc(-c2ccccc2)nc(-c2ccccc2)n1,,6.555,2,6.34,6.77,Ki,B,cell membrane format;cell-based format,cell_based,9,D,2008;2022,
CHEMBL4067952,CHEMBL4067952,COc1ccc(N2CCOCC2)c2sc(NC(=O)C3(C)CCC(O)(C(C)C)CC3)nc12,,8.225,2,7.77,8.68,Ki,B;F,cell-based format,cell_based,9,D,2017,
CHEMBL4068032,CHEMBL4068032,COc1ccc(N2CCOCC2)c2sc(NC(=O)C(C)(C)Oc3ccc(F)cc3)nc12,,8.135,2,7.89,8.38,Ki,B;F,cell-based format,cell_based,9,D,2017,
CHEMBL406807,CHEMBL406807,COc1nc2ccccc2n2nc(-c3ccco3)nc12,,6.4,1,6.4,6.4,Ki,B,cell-based format,cell_based,9,D,2008,
CHEMBL4068467,CHEMBL4068467,CNC(=O)[C@H]1[Se][C@@H](n2cnc3c(NCc4cccc(Br)c4)ncnc32)[C@H](O)[C@@H]1O,,6.25,1,6.25,6.25,Ki,B,cell-based format,cell_based,9,D,2017,
CHEMBL4068548,CHEMBL4068548,Nc1nc(-c2cccc(O)c2)cn2c(=O)n(-c3ccccc3)nc12,,8.46,1,8.46,8.46,Ki,B,cell-based format,cell_based,9,D,2017,
CHEMBL4068634,CHEMBL4068634,CNC(=O)[C@H]1[Se][C@@H](n2cnc3c(NCc4cccc(Cl)c4)nc(Cl)nc32)[C@H](O)[C@@H]1O,,6.62,1,6.62,6.62,Ki,B,cell-based format,cell_based,9,D,2017,
CHEMBL406921,CHEMBL406921,Cc1cc(C)n(-c2cc(NC(=O)CN3CCCOCC3)nc(-c3ccc(C)o3)n2)n1,,8.22,1,8.22,8.22,Ki,B,cell-based format,cell_based,9,D,2008,
CHEMBL4069296,CHEMBL4069296,Nc1nc(NCCCCCCNC(=O)c2ccc(-c3sc(N)c(C(=O)c4ccccc4)c3-c3cccc(C(F)(F)F)c3)cc2)c2ncn([C@@H]3O[C@H](CO)[C@@H](O)[C@H]3O)c2n1,,6.12,1,6.12,6.12,EC50,F,cell-based format,cell_based,9,D,2018,
CHEMBL406932,CHEMBL406932,O=C(c1cccs1)c1nc(C(F)(F)F)nc2ccsc12,,7.96,1,7.96,7.96,Ki,B,single protein format,single_protein,9,D,2008,
CHEMBL4070286,CHEMBL4070286,Nc1nc(-c2ccccc2)cn2c(=O)n(-c3ccc(O)cc3)nc12,,6.86,1,6.86,6.86,Ki,B,cell-based format,cell_based,9,D,2017,
CHEMBL407049,CHEMBL407049,Nc1nc(-c2ccco2)c2cnn(CCCc3ccccc3)c2n1,,8.4,1,8.4,8.4,Ki,B,single protein format,single_protein,9,D,2008,
CHEMBL407064,CHEMBL407064,Cc1cnc(-c2nc(N(C)C)nc3ccsc23)s1,,8.24,1,8.24,8.24,Ki,B,single protein format,single_protein,9,D,2008,
CHEMBL4070713,CHEMBL4070713,Nc1nc(Br)cn2cc(-c3ccco3)nc12,,6.58,1,6.58,6.58,Ki,B,cell-based format,cell_based,9,D,2017,
CHEMBL4071067,CHEMBL4071067,Nc1nc(-c2ccco2)cn2cc(-c3ccco3)nc12,,6.07,1,6.07,6.07,Ki,B,cell-based format,cell_based,9,D,2017,
CHEMBL4071262,CHEMBL4071262,C#CCOc1ccc(-c2cn3c(=O)n(-c4ccccc4)nc3c(N)n2)cc1,,7.97,1,7.97,7.97,Ki,B,cell-based format,cell_based,9,D,2017,
CHEMBL4071338,CHEMBL4071338,CCn1nnc([C@H]2O[C@@H](n3cnc4c(NCc5cccc(Cl)c5)ncnc43)[C@H](O)[C@@H]2O)n1,,7.85,2,7.53,8.17,EC50;Ki,B;F,cell-based format,cell_based,9,D,2017,
CHEMBL407179,CHEMBL407179,CCCn1c(=O)c2[nH]c(-c3ccc(OC(C)(C)C(=O)N4CCN(c5ccccc5)CC4)cc3)cc2n(CCC)c1=O,,6.58,1,6.58,6.58,Ki,B,cell-based format,cell_based,9,D,2008,
CHEMBL407202,CHEMBL407202,CCCn1c(=O)n(C)c(=O)c2[nH]c(-c3ccc(OCC(=O)N4CCN(c5nc6ccc(Cl)cc6s5)CC4)cc3)cc21,,6.2,1,6.2,6.2,Ki,B,cell-based format,cell_based,9,D,2008,
CHEMBL4072801,CHEMBL4072801,COc1cccc(OC(C)(C)C(=O)Nc2nc3c(OC)cnc(N4CCOCC4)c3s2)c1,,7.38,1,7.38,7.38,Ki,B,cell-based format,cell_based,9,D,2017,
CHEMBL407307,CHEMBL407307,CC(C)c1nc(-c2nccs2)c2sccc2n1,,8.85,1,8.85,8.85,Ki,B,single protein format,single_protein,9,D,2008,
CHEMBL407326,CHEMBL407326,CCc1nc(C(=O)c2cccs2)c2sccc2n1,,7.8,1,7.8,7.8,Ki,B,single protein format,single_protein,9,D,2008,
CHEMBL407327,CHEMBL407327,CCNc1nc(-c2cccs2)c2sccc2n1,,6.81,1,6.81,6.81,Ki,B,single protein format,single_protein,9,D,2008,
CHEMBL4073861,CHEMBL4073861,COc1cnc(N2CCOCC2)c2sc(NC(=O)C(C)(C)Oc3ccc(C)cc3)nc12,,7.26,1,7.26,7.26,Ki,B,cell-based format,cell_based,9,D,2017,
CHEMBL4073934,CHEMBL4073934,COCCOc1cccc(OC(C)(C)C(=O)Nc2nc3c(OC)ccc(N4CCOCC4)c3s2)c1,,7.66,1,7.66,7.66,Ki,B,cell-based format,cell_based,9,D,2017,
CHEMBL4074253,CHEMBL4074253,CCCn1c(=O)c2[nH]c(-c3cnn(CC4CC(=O)N(c5ccc(C(F)(F)F)cc5)C4)c3)nc2n(CC)c1=O,,6.34,1,6.34,6.34,Ki,B,cell-based format,cell_based,9,D,2017,
CHEMBL4075166,CHEMBL4075166,COc1cnc(N2CCOCC2)c2sc(NC(=O)C(C)(C)Oc3ccccc3F)nc12,,7.68,1,7.68,7.68,Ki,B,cell-based format,cell_based,9,D,2017,
CHEMBL4076003,CHEMBL4076003,CCn1nnc([C@H]2O[C@@H](n3cnc4c(NCc5ccco5)ncnc43)[C@H](O)[C@@H]2O)n1,,6.865,2,6.47,7.26,EC50;Ki,B;F,cell-based format,cell_based,9,D,2017,
CHEMBL407638,CHEMBL407638,OCCNc1nc(-c2nccs2)c2sccc2n1,,7.75,1,7.75,7.75,Ki,B,single protein format,single_protein,9,D,2008,
CHEMBL4076495,CHEMBL4076495,Nc1sc(-c2ccc(C(=O)NCCCCCCNc3ncnc4c3ncn4[C@@H]3O[C@H](CO)[C@@H](O)[C@H]3O)cc2)cc1C(=O)c1ccccc1,,6.45,1,6.45,6.45,EC50,F,cell-based format,cell_based,9,D,2018,
CHEMBL407650,CHEMBL407650,CCc1nc(-c2nccs2)c2sccc2n1,,8.8,1,8.8,8.8,Ki,B,single protein format,single_protein,9,D,2008,
CHEMBL407652,CHEMBL407652,CCc1nc(-n2nccn2)c2sccc2n1,,6.11,1,6.11,6.11,Ki,B,single protein format,single_protein,9,D,2008,
CHEMBL4076561,CHEMBL4076561,CCn1nnc([C@H]2O[C@@H](n3cnc4c(NCc5cccs5)nc(Cl)nc43)[C@H](O)[C@@H]2O)n1,,6.98,2,6.54,7.42,EC50;Ki,B;F,cell-based format,cell_based,9,D,2017,
CHEMBL4076650,CHEMBL4076650,COc1cnc(N2CCOCC2)c2sc(NC(=O)C(C)(C)Oc3ccc(F)c(F)c3)nc12,,7.77,2,7.62,7.92,Ki,B;F,cell-based format,cell_based,9,D,2017,
CHEMBL407711,CHEMBL407711,Cc1cc(C)n(-c2nc(NC(=O)CN3CCN(C)CC3)cc(-c3cnco3)n2)n1,,6.0,1,6.0,6.0,Ki,B,cell-based format,cell_based,9,D,2008,
CHEMBL4077152,CHEMBL4077152,Nc1sc(-c2ccc(C(=O)NCCCCCCNc3nc(Cl)nc4c3ncn4[C@@H]3O[C@H](CO)[C@@H](O)[C@H]3O)cc2)c(-c2cccc(C(F)(F)F)c2)c1C(=O)c1ccccc1,,6.84,1,6.84,6.84,EC50,F,cell-based format,cell_based,9,D,2018,
CHEMBL4078479,CHEMBL4078479,CCn1nnc([C@H]2O[C@@H](n3cnc4c(NCc5cccc(I)c5)ncnc43)[C@H](O)[C@@H]2O)n1,,8.16,2,7.78,8.54,EC50;Ki,B;F,cell-based format,cell_based,9,D,2017,
CHEMBL4078771,CHEMBL4078771,O=C(NCCCCCCNc1ncnc2c1ncn2[C@@H]1O[C@H](CO)[C@@H](O)[C@H]1O)c1cccc(-c2cc(C(=O)c3ccccc3)cs2)c1,,6.36,1,6.36,6.36,EC50,F,cell-based format,cell_based,9,D,2018,
CHEMBL4078896,CHEMBL4078896,COc1ccc(N2CCOCC2)c2sc(NC(=O)C(C)(C)Oc3ccc(C)cc3)nc12,,8.175,2,8.08,8.27,Ki,B;F,cell-based format,cell_based,9,D,2017,
CHEMBL4079067,CHEMBL4079067,Nc1nc2nn(Cc3ccc(C4(C(F)(F)F)N=N4)cc3)cc2c2nc(-c3ccco3)nn12,,7.4,1,7.4,7.4,Ki,B,assay format,other,9,D,2017,
CHEMBL4079325,CHEMBL4079325,CC(C)Oc1ccc(-c2cn3c(=O)n(-c4ccccc4)nc3c(N)n2)cc1,,8.13,1,8.13,8.13,Ki,B,cell-based format,cell_based,9,D,2017,
CHEMBL4079360,CHEMBL4079360,COc1ccc(-c2cn3c(=O)n(-c4ccccc4)nc3c(N)n2)cc1,,7.445,2,6.75,8.14,IC50;Ki,B;F,cell-based format,cell_based,9,D,2017,
CHEMBL4079433,CHEMBL4079433,CCn1nnc([C@H]2O[C@@H](n3cnc4c(NCc5cccc(F)c5)nc(Cl)nc43)[C@H](O)[C@@H]2O)n1,,7.0600000000000005,2,6.62,7.5,EC50;Ki,B;F,cell-based format,cell_based,9,D,2017,
CHEMBL408048,CHEMBL408048,O=C(COc1ccc(-c2cc3c([nH]2)c(=O)n(CC2CC2)c(=O)n3CC2CC2)cc1)N1CCN(c2ccccc2)CC1,,7.31,1,7.31,7.31,Ki,B,cell-based format,cell_based,9,D,2008,
CHEMBL4080594,CHEMBL4080594,COc1cnc(N2CCOCC2)c2sc(NC(=O)C(C)(C)Oc3ccc(F)cc3)nc12,,8.33,2,8.19,8.47,Ki,B;F,cell-based format,cell_based,9,D,2017,
CHEMBL4080925,CHEMBL4080925,Nc1nc(-c2ccccc2)cn2c(=O)n(-c3ccccc3)nc12,,8.0,1,8.0,8.0,Ki,B,cell-based format,cell_based,9,D,2017,
CHEMBL408146,CHEMBL408146,CN(C)c1nc(-c2ncc[nH]2)c2sccc2n1,,6.52,1,6.52,6.52,Ki,B,single protein format,single_protein,9,D,2008,
CHEMBL4081533,CHEMBL4081533,COc1cnc(N2CCOCC2)c2sc(NC(=O)C(C)(C)Oc3ccc(F)cc3F)nc12,,7.88,2,7.87,7.89,Ki,B;F,cell-based format,cell_based,9,D,2017,
CHEMBL4081800,CHEMBL4081800,Nc1nc(-c2ccc(O)cc2)cn2c(=O)n(-c3ccccc3)nc12,,7.35,1,7.35,7.35,Ki,B,cell-based format,cell_based,9,D,2017,
CHEMBL408185,CHEMBL408185,CCCn1c(=O)n(C)c(=O)c2[nH]c(-c3ccc(OCC(=O)N4CCc5ccccc5C4)cc3)cc21,,6.34,2,6.0,6.68,Ki,B,cell-based format,cell_based,9,D,2008,
CHEMBL4081876,CHEMBL4081876,CCn1nnc([C@H]2O[C@@H](n3cnc4c(NCc5cccc(Br)c5)ncnc43)[C@H](O)[C@@H]2O)n1,,7.98,2,7.61,8.35,EC50;Ki,B;F,cell-based format,cell_based,9,D,2017,
CHEMBL4082584,CHEMBL4082584,O=c1[nH]c(-c2ccccc2)cn2c(=O)n(-c3ccc(O)cc3)nc12,,6.41,1,6.41,6.41,Ki,B,cell-based format,cell_based,9,D,2017,
CHEMBL408266,CHEMBL408266,CCn1c(=O)c2[nH]c(-c3cnn(Cc4ccccc4)c3)nc2n(C)c1=O,,7.14,1,7.14,7.14,Ki,B,cell-based format,cell_based,9,D,2008,
CHEMBL4083317,CHEMBL4083317,CCCn1c(=O)c2[nH]c(-c3cnn(CC4CC(=O)N(c5ccc(C(F)(F)F)cc5)C4)c3)nc2n(CCC)c1=O,,6.91,1,6.91,6.91,Ki,B,cell-based format,cell_based,9,D,2017,
CHEMBL4084269,CHEMBL4084269,COc1ccc(N2CCOCC2)c2sc(NC(=O)C(C)(C)Oc3ccc(Cl)cc3)nc12,,7.29,1,7.29,7.29,Ki,B,cell-based format,cell_based,9,D,2017,
CHEMBL4085418,CHEMBL4085418,CCNC(=O)[C@H]1O[C@@H](n2cnc3c(NCCCCCCNC(=O)c4ccc(-c5sc(N)c(C(=O)c6ccccc6)c5-c5cccc(C(F)(F)F)c5)cc4)ncnc32)[C@H](O)[C@@H]1O,,7.25,1,7.25,7.25,EC50,F,cell-based format,cell_based,9,D,2018,
CHEMBL408564,CHEMBL408564,O=C(Nc1n[nH]c2nc(-c3ccco3)c(Br)cc12)C1CC1,,6.25,1,6.25,6.25,Kd,B,cell-based format,cell_based,9,D,2022,
CHEMBL408624,CHEMBL408624,CCc1nc(-c2cccc(C)n2)c2sccc2n1,,7.92,1,7.92,7.92,Ki,B,single protein format,single_protein,9,D,2008,
CHEMBL4086268,CHEMBL4086268,Nc1nc(-c2ccc(OCc3ccccc3)cc2)cn2c(=O)n(-c3ccccc3)nc12,,6.15,1,6.15,6.15,Ki,B,cell-based format,cell_based,9,D,2017,
CHEMBL4086325,CHEMBL4086325,CCn1nnc([C@H]2O[C@@H](n3cnc4c(NCc5ccco5)nc(Cl)nc43)[C@H](O)[C@@H]2O)n1,,6.699999999999999,2,6.18,7.22,EC50;Ki,B;F,cell-based format,cell_based,9,D,2017,
CHEMBL4086370,CHEMBL4086370,COc1ccc(N2CCOCC2)c2sc(NC(=O)C(C)(C)Oc3ccc(C#N)cc3)nc12,,7.24,1,7.24,7.24,Ki,B,cell-based format,cell_based,9,D,2017,
CHEMBL4086751,CHEMBL4086751,COc1ccc(N2CCOCC2)c2sc(NC(=O)C(C)(C)Oc3c(F)cccc3F)nc12,,8.55,2,8.1,9.0,Ki,B;F,cell-based format,cell_based,9,D,2017,
CHEMBL408703,CHEMBL408703,Cc1ccc(C(=O)c2nc(C(F)(F)F)nc3ccsc23)o1,,7.66,1,7.66,7.66,Ki,B,single protein format,single_protein,9,D,2008,
CHEMBL4087306,CHEMBL4087306,CCn1nnc([C@H]2O[C@@H](n3cnc4c(NCC5CC5)ncnc43)[C@H](O)[C@@H]2O)n1,,7.365,2,6.95,7.78,EC50;Ki,B;F,cell-based format,cell_based,9,D,2017,
CHEMBL4087331,CHEMBL4087331,CNC(=O)[C@H]1[Se][C@@H](n2cnc3c(NC4CCC4)nc(Cl)nc32)[C@H](O)[C@@H]1O,,6.05,1,6.05,6.05,Ki,B,cell-based format,cell_based,9,D,2017,
CHEMBL4088805,CHEMBL4088805,COc1ccc(-n2nc3c(N)nc(-c4ccccc4)cn3c2=O)cc1,,7.11,1,7.11,7.11,Ki,B,cell-based format,cell_based,9,D,2017,
CHEMBL4089092,CHEMBL4089092,O=C(NCCCCCCNc1ncnc2c1ncn2[C@@H]1O[C@H](CO)[C@@H](O)[C@H]1O)c1ccc(-c2sccc2-c2cccc(C(F)(F)F)c2)cc1,,6.19,1,6.19,6.19,EC50,F,cell-based format,cell_based,9,D,2018,
CHEMBL408911,CHEMBL408911,COc1ccc(C(=O)Nc2nc(-c3ccccc3)c(C#N)c(-c3ccccc3)n2)cc1,,6.52,1,6.52,6.52,Ki,B,cell-based format,cell_based,9,D,2008,
CHEMBL408918,CHEMBL408918,Nc1nc(C#C[C@H](O)c2ccccc2)nc2c1ncn2[C@@H]1O[C@H](CO)[C@@H](O)[C@H]1O,,7.54,1,7.54,7.54,Ki,B,cell-based format,cell_based,8,H,2002,
CHEMBL408936,CHEMBL408936,CCn1c(=O)n(CC2CC2)c(=O)c2[nH]c(-c3cnn(Cc4ccccc4)c3)nc21,,6.74,1,6.74,6.74,Ki,B,cell-based format,cell_based,9,D,2008,
CHEMBL4089405,CHEMBL4089405,COc1cnc(N2CCOCC2)c2sc(NC(=O)C(C)(C)Oc3ccc(Cl)cc3)nc12,,7.54,1,7.54,7.54,Ki,B,cell-based format,cell_based,9,D,2017,
CHEMBL4089735,CHEMBL4089735,Nc1nc(-c2ccccc2)cn2c(=O)n(-c3ccc([N+](=O)[O-])cc3)nc12,,6.4,1,6.4,6.4,Ki,B,cell-based format,cell_based,9,D,2017,
CHEMBL4089741,CHEMBL4089741,CCn1nnc([C@H]2O[C@@H](n3cnc4c(NCc5cccs5)ncnc43)[C@H](O)[C@@H]2O)n1,,7.42,2,7.01,7.83,EC50;Ki,B;F,cell-based format,cell_based,9,D,2017,
CHEMBL4090423,CHEMBL4090423,Nc1ccc(-n2nc3c(=O)[nH]c(-c4ccccc4)cn3c2=O)cc1,,6.38,1,6.38,6.38,Ki,B,cell-based format,cell_based,9,D,2017,
CHEMBL409112,CHEMBL409112,Cc1ccc(-c2nc(NC(=O)CN3CCN(C)CC3)cc(-n3cccn3)n2)o1,,6.87,1,6.87,6.87,Ki,B,cell-based format,cell_based,9,D,2008,
CHEMBL409125,CHEMBL409125,O=C(Nc1cc(-c2ccc3c(c2)OCO3)nc(-c2ccccc2)n1)C1CC1,,7.16,1,7.16,7.16,Ki,B,cell-based format,cell_based,9,D,2008,
CHEMBL409126,CHEMBL409126,CCCC(=O)Nc1cc(-c2ccc3c(c2)OCO3)nc(-c2ccccc2)n1,,6.65,1,6.65,6.65,Ki,B,cell-based format,cell_based,9,D,2008,
CHEMBL409152,CHEMBL409152,CN(C)c1nc(-c2ccco2)c2ncn(C(=O)NCc3ccccc3)c2n1,,7.64,1,7.64,7.64,Ki,B,single protein format,single_protein,9,D,2008,
CHEMBL409229,CHEMBL409229,CCN[C@H]1CCN(CC(=O)Nc2cc(-n3nc(C)cc3C)nc(-c3ccc(C)o3)n2)C1,,8.6,1,8.6,8.6,Ki,B,cell-based format,cell_based,9,D,2008,
CHEMBL409230,CHEMBL409230,Cc1cc(C)n(-c2cc(NC(=O)CN3CC[C@H](OC(C)C)C3)nc(-c3ccc(C)o3)n2)n1,,7.07,1,7.07,7.07,Ki,B,cell-based format,cell_based,9,D,2008,
CHEMBL4094093,CHEMBL4094093,Nc1nc(-c2ccccc2)cn2c(=O)n(-c3ccccc3O)nc12,,6.63,1,6.63,6.63,Ki,B,cell-based format,cell_based,9,D,2017,
CHEMBL409419,CHEMBL409419,Cc1cc(C)n(-c2cc(NC(=O)CN3CCCN(C)CC3)nc(-c3ccc(C)o3)n2)n1,,8.0,1,8.0,8.0,Ki,B,cell-based format,cell_based,9,D,2008,
CHEMBL409420,CHEMBL409420,CCN1CCN(CC(=O)Nc2cc(-n3nc(C)cc3C)nc(-c3ccc(C)o3)n2)CC1,,7.96,1,7.96,7.96,Ki,B,cell-based format,cell_based,9,D,2008,
CHEMBL4094427,CHEMBL4094427,COc1cnc(N2CCOCC2)c2sc(NC(=O)C(C)(C)Oc3ccc4c(c3)OCO4)nc12,,7.38,1,7.38,7.38,Ki,B,cell-based format,cell_based,9,D,2017,
CHEMBL409443,CHEMBL409443,CCCn1c(=O)n(C)c(=O)c2[nH]c(-c3ccc(OCC(=O)N4CCN(c5cccc(Cl)c5)CC4)cc3)cc21,,6.32,1,6.32,6.32,Ki,B,cell-based format,cell_based,9,D,2008,
CHEMBL4094491,CHEMBL4094491,COc1ccc(OC(C)(C)C(=O)Nc2nc3c(OC)ccc(N4CCOCC4)c3s2)cc1OC,,8.23,2,7.72,8.74,Ki,B;F,cell-based format,cell_based,9,D,2017,
CHEMBL409459,CHEMBL409459,Cc1cc(C)n(-c2cc(NC(=O)CN3CCC(CN(C)C)CC3)nc(-c3ccc(C)o3)n2)n1,,8.54,1,8.54,8.54,Ki,B,cell-based format,cell_based,9,D,2008,
CHEMBL409460,CHEMBL409460,Cc1cc(C)n(-c2cc(NC(=O)CN3CCC[C@@H](CN(C)C)C3)nc(-c3ccc(C)o3)n2)n1,,8.82,1,8.82,8.82,Ki,B,cell-based format,cell_based,9,D,2008,
CHEMBL409481,CHEMBL409481,CCn1c(=O)c2[nH]c(-c3ccc(OCC(=O)N4CCN(c5ccccc5)CC4)cc3)cc2n(CC)c1=O,,6.16,1,6.16,6.16,Ki,B,cell-based format,cell_based,9,D,2008,
CHEMBL409514,CHEMBL409514,CCCn1c(=O)c2[nH]c(-c3ccc(OCC(=O)N4CCN(Cc5ccccc5)CC4)cc3)cc2n(CCC)c1=O,,6.59,1,6.59,6.59,Ki,B,cell-based format,cell_based,9,D,2008,
CHEMBL4095355,CHEMBL4095355,CCN(CC)C1CCC(C)(C(=O)Nc2nc3c(OC)ccc(N4CCOCC4)c3s2)CC1,,9.19,2,8.68,9.7,Ki,B;F,cell-based format,cell_based,9,D,2017,
CHEMBL4095424,CHEMBL4095424,COc1ccc(N2CCOCC2)c2sc(NC(=O)C(C)(C)Oc3cccc(F)c3)nc12,,8.785,2,8.55,9.02,Ki,B;F,cell-based format,cell_based,9,D,2017,
CHEMBL409547,CHEMBL409547,O=C(c1ccoc1)c1nc(C(F)(F)F)nc2ccsc12,,7.52,1,7.52,7.52,Ki,B,single protein format,single_protein,9,D,2008,
CHEMBL4095686,CHEMBL4095686,CCCn1c(=O)c2[nH]c(-c3cnn(CC4CC(=O)N(c5ccc(OC)cc5)C4)c3)nc2n(CC)c1=O,,6.31,1,6.31,6.31,Ki,B,cell-based format,cell_based,9,D,2017,
CHEMBL4095809,CHEMBL4095809,CNC(=O)[C@H]1[Se][C@@H](n2cnc3c(NCc4cccc(Cl)c4)ncnc32)[C@H](O)[C@@H]1O,,6.26,1,6.26,6.26,Ki,B,cell-based format,cell_based,9,D,2017,
CHEMBL4095843,CHEMBL4095843,CCCn1c(=O)c2[nH]c(-c3cnn(CC(=O)N4CCN(c5cccc(C(F)(F)F)c5)CC4)c3)nc2n(CCC)c1=O,,7.24,1,7.24,7.24,Ki,B,cell-based format,cell_based,9,D,2017,
CHEMBL409682,CHEMBL409682,C[C@H](NC(=O)n1cnc2c(-c3ccco3)nc(N)nc21)c1ccccc1,,8.7,1,8.7,8.7,Ki,B,single protein format,single_protein,9,D,2008,
CHEMBL409700,CHEMBL409700,COc1ccc(CC(=O)Nc2cc(-c3nccs3)nc(-c3ccc(C)o3)n2)cc1,,8.22,1,8.22,8.22,Ki,B,cell-based format,cell_based,9,D,2008,
CHEMBL409711,CHEMBL409711,Cc1cc(C)n(-c2cc(NC(=O)CN3CCN(C)CC3)nc(-c3ccccn3)n2)n1,,7.59,1,7.59,7.59,Ki,B,cell-based format,cell_based,9,D,2008,
CHEMBL4097118,CHEMBL4097118,COc1cnc(N2CCOCC2)c2sc(NC(=O)C(C)(C)Oc3cccc(F)c3)nc12,,8.09,2,7.85,8.33,Ki,B;F,cell-based format,cell_based,9,D,2017,
CHEMBL409725,CHEMBL409725,Cn1c(=O)c2[nH]c(-c3ccc(OCC(=O)N4CCN(c5ccc(O)cc5)CC4)cc3)cc2n(C)c1=O,,6.21,1,6.21,6.21,Ki,B,cell-based format,cell_based,9,D,2008,
CHEMBL409726,CHEMBL409726,CC(Oc1ccc(-c2cc3c([nH]2)c(=O)n(C)c(=O)n3C)cc1)C(=O)N1CCN(c2ccccc2)CC1,,6.45,1,6.45,6.45,Ki,B,cell-based format,cell_based,9,D,2008,
CHEMBL4097391,CHEMBL4097391,COc1cccc(-c2cn3c(=O)n(-c4ccccc4)nc3c(N)n2)c1,,8.17,1,8.17,8.17,Ki,B,cell-based format,cell_based,9,D,2017,
CHEMBL4097468,CHEMBL4097468,CCn1nnc([C@H]2O[C@@H](n3cnc4c(NCc5cccc(F)c5)ncnc43)[C@H](O)[C@@H]2O)n1,,7.484999999999999,2,7.13,7.84,EC50;Ki,B;F,cell-based format,cell_based,9,D,2017,
CHEMBL4098127,CHEMBL4098127,CCCn1c(=O)c2[nH]c(-c3cnn(CC4CCN(c5ccc(OC(F)(F)F)cc5)C4=O)c3)nc2n(CCC)c1=O,,7.44,1,7.44,7.44,Ki,B,cell-based format,cell_based,9,D,2017,
CHEMBL4098377,CHEMBL4098377,CCn1nnc([C@H]2O[C@@H](n3cnc4c(NCc5cccc(Cl)c5)nc(Cl)nc43)[C@H](O)[C@@H]2O)n1,,7.38,2,6.96,7.8,EC50;Ki,B;F,cell-based format,cell_based,9,D,2017,
CHEMBL409852,CHEMBL409852,CC(C)Cn1c(=O)c2[nH]c(-c3cnn(Cc4ccccc4)c3)nc2n(C)c1=O,,6.39,1,6.39,6.39,Ki,B,cell-based format,cell_based,9,D,2008,
CHEMBL409879,CHEMBL409879,Nc1nc(-c2ccco2)c2ncn(C(=O)Nc3ccccc3)c2n1,,6.69,1,6.69,6.69,Ki,B,single protein format,single_protein,9,D,2008,
CHEMBL409915,CHEMBL409915,Nc1nc(-c2ccco2)c2ncn(C(=O)NCc3cccs3)c2n1,,9.0,1,9.0,9.0,Ki,B,single protein format,single_protein,9,D,2008,
CHEMBL409934,CHEMBL409934,CN1CCN(CC(=O)Nc2cc(-n3cccn3)nc(-c3ccccn3)n2)CC1,,7.27,1,7.27,7.27,Ki,B,cell-based format,cell_based,9,D,2008,
CHEMBL4099543,CHEMBL4099543,COc1cnc(N2CCOCC2)c2sc(NC(=O)C(C)(C)Oc3c(F)cccc3F)nc12,,7.7,2,7.58,7.82,Ki,B;F,cell-based format,cell_based,9,D,2017,
CHEMBL4099688,CHEMBL4099688,COc1ccc(N2CCOCC2)c2sc(NC(=O)C3(C)CCC(O)CC3)nc12,,8.595,2,8.23,8.96,Ki,B;F,cell-based format,cell_based,9,D,2017,
CHEMBL4100130,CHEMBL4100130,CCn1nnc([C@H]2O[C@@H](n3cnc4c(NCc5ccc(Cl)cc5F)nc(Cl)nc43)[C@H](O)[C@@H]2O)n1,,6.529999999999999,2,6.05,7.01,EC50;Ki,B;F,cell-based format,cell_based,9,D,2017,
CHEMBL410033,CHEMBL410033,COc1nc(-c2ccco2)c2ncn(C(=O)NCc3ccccc3)c2n1,,8.1,1,8.1,8.1,Ki,B,single protein format,single_protein,9,D,2008,
CHEMBL4100669,CHEMBL4100669,COc1ccc(N2CCOCC2)c2sc(NC(=O)C(C)(C)Oc3ccc(C(C)(C)C)cc3)nc12,,6.3,1,6.3,6.3,Ki,B,cell-based format,cell_based,9,D,2017,
CHEMBL4101016,CHEMBL4101016,Nc1nc(-c2ccccc2)cn2cc(-c3ccco3)nc12,,6.28,1,6.28,6.28,Ki,B,cell-based format,cell_based,9,D,2017,
CHEMBL4101850,CHEMBL4101850,Nc1sc(-c2cccc(C(=O)NCCCCCCNc3ncnc4c3ncn4[C@@H]3O[C@H](CO)[C@@H](O)[C@H]3O)c2)c(-c2cccc(C(F)(F)F)c2)c1C(=O)c1ccccc1,,6.83,1,6.83,6.83,EC50,F,cell-based format,cell_based,9,D,2018,
CHEMBL4102234,CHEMBL4102234,COc1ccc(N2CCOCC2)c2sc(NC(=O)C(C)(C)Oc3ccc4c(c3)OCO4)nc12,,8.225,2,7.77,8.68,Ki,B;F,cell-based format,cell_based,9,D,2017,
CHEMBL410234,CHEMBL410234,Cc1cc(C)n(-c2cc(NC(=O)CCN(C)C)nc(-c3ccc(C)o3)n2)n1,,8.68,1,8.68,8.68,Ki,B,cell-based format,cell_based,9,D,2008,
CHEMBL410264,CHEMBL410264,c1coc(CNc2nc3ccccc3n3nc(-c4ccco4)nc23)c1,,6.31,1,6.31,6.31,Ki,B,cell-based format,cell_based,9,D,2008,
CHEMBL4102750,CHEMBL4102750,CCn1nnc([C@H]2O[C@@H](n3cnc4c(NCc5ccc(Cl)cc5F)ncnc43)[C@H](O)[C@@H]2O)n1,,6.994999999999999,2,6.6,7.39,EC50;Ki,B;F,cell-based format,cell_based,9,D,2017,
CHEMBL410297,CHEMBL410297,Cn1c(=O)c2[nH]c(-c3ccc(OCC(=O)N4CCN(c5ccc(C#N)cc5)CC4)cc3)cc2n(C)c1=O,,6.45,1,6.45,6.45,Ki,B,cell-based format,cell_based,9,D,2008,
CHEMBL4103146,CHEMBL4103146,CNC(=O)[C@H]1[Se][C@@H](n2cnc3c(NCc4ccc5ccccc5c4)ncnc32)[C@H](O)[C@@H]1O,,6.71,1,6.71,6.71,Ki,B,cell-based format,cell_based,9,D,2017,
CHEMBL4103179,CHEMBL4103179,COc1ccc(N2CCOCC2)c2sc(NC(=O)C(C)(C)Oc3ccc(F)cc3F)nc12,,8.370000000000001,2,8.15,8.59,Ki,B;F,cell-based format,cell_based,9,D,2017,
CHEMBL4103199,CHEMBL4103199,COCCOc1cccc(OC(C)(C)C(=O)Nc2nc3c(OC)cnc(N4CCOCC4)c3s2)c1,,7.699999999999999,2,7.55,7.85,Ki,B;F,cell-based format,cell_based,9,D,2017,
CHEMBL410445,CHEMBL410445,Nc1nc(-c2ccco2)c2ncn(Cc3ccc([N+](=O)[O-])cc3)c2n1,,6.43,1,6.43,6.43,Ki,B,single protein format,single_protein,9,D,2008,
CHEMBL4104819,CHEMBL4104819,Nc1sc(-c2ccc(C(=O)NCCCCCCNc3ncnc4c3ncn4[C@@H]3O[C@H](CO)[C@@H](O)[C@H]3O)cc2)c(-c2cccc(C(F)(F)F)c2)c1C(=O)c1ccccc1,,6.41,1,6.41,6.41,EC50,F,cell-based format,cell_based,9,D,2022,
CHEMBL410498,CHEMBL410498,O=C(c1ccco1)c1nc(C(F)(F)F)nc2ccsc12,,7.48,1,7.48,7.48,Ki,B,single protein format,single_protein,9,D,2008,
CHEMBL4105164,CHEMBL4105164,CCn1nnc([C@H]2O[C@@H](n3cnc4c(NCC5CC5)nc(Cl)nc43)[C@H](O)[C@@H]2O)n1,,7.01,2,6.48,7.54,EC50;Ki,B;F,cell-based format,cell_based,9,D,2017,
CHEMBL4105169,CHEMBL4105169,Cc1cn2c(=O)n(-c3ccccc3)nc2c(N)n1,,6.31,1,6.31,6.31,Ki,B,cell-based format,cell_based,9,D,2017,
CHEMBL4105350,CHEMBL4105350,Nc1nc(-c2ccccc2)cn2cc(-c3ccccc3)nc12,,6.51,1,6.51,6.51,Ki,B,cell-based format,cell_based,9,D,2017,
CHEMBL410678,CHEMBL410678,Nc1nc(-c2ccco2)c2ccn(Cc3ccccc3F)c2n1,,7.8,1,7.8,7.8,Ki,B,single protein format,single_protein,9,D,2008,
CHEMBL410679,CHEMBL410679,C[C@@H](NC(=O)n1cnc2c(-c3ccco3)nc(N)nc21)c1ccccc1,,7.58,1,7.58,7.58,Ki,B,single protein format,single_protein,9,D,2008,
CHEMBL411034,CHEMBL411034,Nc1nc(-c2ccco2)c2ncn(C(=O)NCc3ccccc3Cl)c2n1,,9.0,1,9.0,9.0,Ki,B,single protein format,single_protein,9,D,2008,
CHEMBL411075,CHEMBL411075,Cn1c(=O)c2[nH]c(-c3ccc(OCC(=O)N4CCN(c5ccc(Br)cc5)CC4)cc3)cc2n(C)c1=O,,6.94,1,6.94,6.94,Ki,B,cell-based format,cell_based,9,D,2008,
CHEMBL411275,CHEMBL411275,CCCn1c(=O)c2[nH]c(-c3ccc(OCC(=O)N4CCN(c5ccccc5Cl)CC4)cc3)cc2n(C)c1=O,,6.65,1,6.65,6.65,Ki,B,cell-based format,cell_based,9,D,2008,
CHEMBL411319,CHEMBL411319,O=C(Cc1ccccc1)Nc1nc2ccccc2n2nc(-c3ccco3)nc12,,6.8,1,6.8,6.8,Ki,B,cell-based format,cell_based,9,D,2008,
CHEMBL411329,CHEMBL411329,O[C@H](c1cc(C(F)(F)F)nc2c(C(F)(F)F)cccc12)[C@@H]1CCCCN1,"(R,S)-MEFLOQUINE",7.21,1,7.21,7.21,Ki,B,single protein format,single_protein,9,D,2008,
CHEMBL411452,CHEMBL411452,CCn1c(=O)n(CC2CC2)c(=O)c2[nH]c(-c3cnn(Cc4cccc(C(F)(F)F)c4)c3)nc21,,6.57,1,6.57,6.57,Ki,B,cell-based format,cell_based,9,D,2008,
CHEMBL411473,CHEMBL411473,CSc1nc(-c2ccco2)c2ncn(C(=O)NCc3ccccc3)c2n1,,7.89,1,7.89,7.89,Ki,B,single protein format,single_protein,9,D,2008,
CHEMBL411482,CHEMBL411482,CC(=O)Nc1nc2ccccc2n2nc(-c3ccco3)nc12,,6.7,1,6.7,6.7,Ki,B,cell-based format,cell_based,9,D,2008,
CHEMBL411686,CHEMBL411686,O[C@H](c1cc(C(F)(F)F)nc2c(C(F)(F)F)cccc12)[C@H]1CCCCN1,"(R,R)-MEFLOQUINE",6.91,1,6.91,6.91,Ki,B,single protein format,single_protein,9,D,2008,
CHEMBL411720,CHEMBL411720,Cn1c(=O)c2[nH]c(-c3ccc(OC(C)(C)C(=O)N4CCN(c5ccccc5)CC4)cc3)cc2n(C)c1=O,,6.76,1,6.76,6.76,Ki,B,cell-based format,cell_based,9,D,2008,
CHEMBL411922,CHEMBL411922,O=C(c1ccc[nH]1)c1nc(C(F)(F)F)nc2ccsc12,,6.93,1,6.93,6.93,Ki,B,single protein format,single_protein,9,D,2008,
CHEMBL412063,CHEMBL412063,Cn1c(=O)c2[nH]c(-c3ccc(OCC(=O)N4CCN(c5ccc(C(F)(F)F)cc5)CC4)cc3)cc2n(C)c1=O,,6.88,1,6.88,6.88,Ki,B,cell-based format,cell_based,9,D,2008,
CHEMBL412112,CHEMBL412112,CCCn1c(=O)n(C)c(=O)c2[nH]c(-c3ccc(OCC(=O)N4CCN(c5ccc(C(F)(F)F)cc5)CC4)cc3)cc21,,6.49,1,6.49,6.49,Ki,B,cell-based format,cell_based,9,D,2008,
CHEMBL412275,CHEMBL412275,CC(Oc1ccc(-c2cc3c([nH]2)c(=O)n(C)c(=O)n3C)cc1)C(=O)N1CCN(c2ccccc2Cl)CC1,,6.13,1,6.13,6.13,Ki,B,cell-based format,cell_based,9,D,2008,
CHEMBL412293,CHEMBL412293,CCCn1c(=O)c2[nH]c(-c3ccc(OC(C)C(=O)N4CCc5ccccc5C4)cc3)cc2n(CCC)c1=O,,6.8,1,6.8,6.8,Ki,B,cell-based format,cell_based,9,D,2008,
CHEMBL4125975,CHEMBL4125975,Nc1nc(NCc2cccs2)nc2sc(-c3ccccc3)nc12,,7.44,3,7.37,7.55,IC50;Ki,B;F,cell-based format,cell_based,9,D,2018,
CHEMBL4126042,CHEMBL4126042,Cc1cccc(-n2nc(N)c(C(=O)CCc3ccccc3)n2)c1,,6.6,1,6.6,6.6,Ki,B,cell-based format,cell_based,9,D,2018,
CHEMBL4126116,CHEMBL4126116,Nc1nc(NCCc2ccc(O)cc2)nc2sc(-c3ccccc3)nc12,,7.02,1,7.02,7.02,Ki,B,cell-based format,cell_based,9,D,2018,
CHEMBL412622,CHEMBL412622,N#Cc1c(-c2ccc(F)cc2)cc(-c2ccccc2)nc1N,,7.06,1,7.06,7.06,Ki,B,single protein format,single_protein,9,D,2006,
CHEMBL4126427,CHEMBL4126427,Cc1nc2c(N)nc(NCCc3cccs3)nc2s1,,7.08,3,6.99,7.21,IC50;Ki,B;F,cell-based format,cell_based,9,D,2018,
CHEMBL4126651,CHEMBL4126651,Nc1nn(-c2ccccc2)nc1C(=O)NCc1ccccc1,,7.64,1,7.64,7.64,Ki,B,cell-based format,cell_based,9,D,2018,
CHEMBL4127213,CHEMBL4127213,COc1ccccc1CNc1nc(N)c2nc(-c3ccccc3)sc2n1,,8.27,3,8.12,8.33,IC50;Ki,B;F,cell-based format,cell_based,9,D,2018,
CHEMBL4127351,CHEMBL4127351,Nc1nc(NCCc2ccccc2)nc2sc(-c3ccccc3)nc12,,6.39,1,6.39,6.39,Ki,B,cell-based format,cell_based,9,D,2018,
CHEMBL4127395,CHEMBL4127395,Cc1nc2c(N)nc(NCc3cccs3)nc2s1,,6.5,1,6.5,6.5,Ki,B,cell-based format,cell_based,9,D,2018,
CHEMBL412747,CHEMBL412747,Cn1c(=O)n(CC2CC2)c(=O)c2[nH]c(-c3cnn(Cc4cccc(C(F)(F)F)c4)c3)nc21,,6.51,1,6.51,6.51,Ki,B,cell-based format,cell_based,9,D,2008,
CHEMBL4127472,CHEMBL4127472,Nc1nc(NCc2cccs2)nc2sc(-c3cnccn3)nc12,,6.66,1,6.66,6.66,Ki,B,cell-based format,cell_based,9,D,2018,
CHEMBL4127811,CHEMBL4127811,Cc1nc2c(N)nc(NCCc3ccccc3)nc2s1,,7.11,1,7.11,7.11,Ki,B,cell-based format,cell_based,9,D,2018,
CHEMBL4128108,CHEMBL4128108,Nc1nn(-c2ccccc2Cl)nc1C(=O)CCc1ccccc1,,6.2,1,6.2,6.2,Ki,B,cell-based format,cell_based,9,D,2018,
CHEMBL4128138,CHEMBL4128138,Nc1nc(NCc2ccccc2)nc2sc(-c3ccccc3)nc12,,6.94,1,6.94,6.94,Ki,B,cell-based format,cell_based,9,D,2018,
CHEMBL4128190,CHEMBL4128190,COc1ccccc1CNc1nc(N)c2nc(-c3cnccn3)sc2n1,,7.1,1,7.1,7.1,Ki,B,cell-based format,cell_based,9,D,2018,
CHEMBL4128596,CHEMBL4128596,COc1cccc(CNc2nc(N)c3nc(-c4ccccc4)sc3n2)c1,,7.32,3,7.18,7.38,IC50;Ki,B;F,cell-based format,cell_based,9,D,2018,
CHEMBL4128638,CHEMBL4128638,COc1ccccc1CNc1nc(N)c2nc(C)sc2n1,,6.87,1,6.87,6.87,Ki,B,cell-based format,cell_based,9,D,2018,
CHEMBL4128696,CHEMBL4128696,COc1cccc2nc(NC(=O)c3ccccc3)[nH]c12,,6.28,1,6.28,6.28,Ki,B,cell-based format,cell_based,9,D,2018,
CHEMBL4128787,CHEMBL4128787,COc1cccc(CNc2nc(N)c3nc(C)sc3n2)c1,,6.67,1,6.67,6.67,Ki,B,cell-based format,cell_based,9,D,2018,
CHEMBL4128825,CHEMBL4128825,Nc1cc(-c2ccco2)cn2cc(-c3ccccc3)nc12,,6.38,1,6.38,6.38,Ki,B,cell-based format,cell_based,9,D,2018,
CHEMBL4128848,CHEMBL4128848,O=C(Nc1nc2cccc(Cl)c2[nH]1)c1ccccc1,,7.0,1,7.0,7.0,Ki,B,cell-based format,cell_based,9,D,2018,
CHEMBL4128862,CHEMBL4128862,Cc1nc2c(N)nc(Nc3ccccc3)nc2s1,,6.22,1,6.22,6.22,Ki,B,cell-based format,cell_based,9,D,2018,
CHEMBL4128926,CHEMBL4128926,CC(C)(C)NS(=O)(=O)c1ccc(-c2sc(C(=O)N[C@H]3C[C@H](C(=O)O)C3)nc2CC2CCCCC2)c2ccccc12,,8.04,1,8.04,8.04,IC50,B,single protein format,single_protein,9,D,2018,
CHEMBL4129419,CHEMBL4129419,COc1ccc(CCNc2nc(N)c3nc(-c4ccccc4)sc3n2)cc1,,6.39,1,6.39,6.39,Ki,B,cell-based format,cell_based,9,D,2018,
CHEMBL4129565,CHEMBL4129565,COc1cccc(CNc2nc(N)c3nc(-c4cnccn4)sc3n2)c1,,6.01,1,6.01,6.01,Ki,B,cell-based format,cell_based,9,D,2018,
CHEMBL4130003,CHEMBL4130003,Cc1nc2c(N)nc(NCc3ccccc3)nc2s1,,6.27,1,6.27,6.27,Ki,B,cell-based format,cell_based,9,D,2018,
CHEMBL4130042,CHEMBL4130042,COc1ccc(-c2cn3cc(-c4ccco4)cc(N)c3n2)cc1OC,,6.93,1,6.93,6.93,Ki,B,cell-based format,cell_based,9,D,2018,
CHEMBL4130185,CHEMBL4130185,COc1ccc(-c2cn3cc(-c4ccco4)ccc3n2)cc1OC,,6.62,1,6.62,6.62,Ki,B,cell-based format,cell_based,9,D,2018,
CHEMBL413079,CHEMBL413079,C#CCn1c(=O)c2c(nc(/C=C/c3cccc(OC)c3)n2C)n(CCCO)c1=O,,8.27,4,7.82,8.3,Ki,B,assay format;cell-based format;single protein format,mixed,9,D,2000;2013,
CHEMBL413686,CHEMBL413686,O[C@@H]1[C@H](O)CS[C@H]1n1cnc2c(NCc3cccc(I)c3)nc(Cl)nc21,,6.47,1,6.47,6.47,Ki,B,cell-based format,cell_based,9,D,2007,
CHEMBL414055,CHEMBL414055,CCNC(=O)[C@H]1O[C@@H](n2cnc3c(NCCCCNC(=O)CCCCCNC(=O)COc4ccc(/C=C/C5=[N+]6C(=Cc7ccc(-c8cccs8)n7[B-]6(F)F)C=C5)cc4)ncnc32)[C@H](O)[C@@H]1O,,6.76,1,6.76,6.76,EC50,F,cell-based format,cell_based,9,D,2007,
CHEMBL414620,CHEMBL414620,CC(C)(C)n1cc2c(nc(N)n3nc(-c4ccco4)nc23)n1,,7.35,1,7.35,7.35,Ki,B,cell-based format,cell_based,9,D,2000,
CHEMBL415118,CHEMBL415118,CN(C)C(=O)c1cnn(-c2nc(N)c3ncn([C@@H]4O[C@H](CO)[C@@H](O)[C@H]4O)c3n2)c1,,6.36,1,6.36,6.36,Ki,B,single protein format,single_protein,8,H,2002,
CHEMBL4159165,CHEMBL4159165,CCn1c(-c2ccccc2)nc2c(NC3CCCCC3)ncnc21,,6.51,1,6.51,6.51,Ki,B,cell-based format,cell_based,9,D,2018,
CHEMBL4159215,CHEMBL4159215,Nc1nc(NCc2ccsc2)nc2sc(-c3ccco3)nc12,,9.44,3,9.39,9.6,IC50;Ki,B;F,cell-based format,cell_based,9,D,2018,
CHEMBL4159904,CHEMBL4159904,Nc1nc(NCCCNC(=O)c2ccc(S(=O)(=O)F)cc2)nc2nc(-c3ccco3)nn12,,8.629999999999999,2,8.27,8.99,Ki,B,assay format,other,9,D,2018,
CHEMBL4160264,CHEMBL4160264,CCCn1c(-c2ccccc2)nc2c(NC3CCCC3)ncnc21,,6.2,1,6.2,6.2,Ki,B,cell-based format,cell_based,9,D,2018,
CHEMBL4161758,CHEMBL4161758,Nc1nc(NCc2cccs2)nc2sc(-c3ccco3)nc12,,10.44,1,10.44,10.44,IC50,F,cell-based format,cell_based,9,D,2018,
CHEMBL4162037,CHEMBL4162037,COc1ccccc1CNc1nc(N)c2nc(-c3cccs3)sc2n1,,8.47,3,8.36,8.65,IC50;Ki,B;F,cell-based format,cell_based,9,D,2018,
CHEMBL4162638,CHEMBL4162638,Nc1nc(NCCc2cccnc2)nc2sc(-c3ccco3)nc12,,9.54,3,9.46,9.62,IC50;Ki,B;F,cell-based format,cell_based,9,D,2018,
CHEMBL416354,CHEMBL416354,Nc1cccc2c1nc(N)c1nn(-c3ccccc3)c(=O)n12,,7.73,1,7.73,7.73,Ki,B,assay format,other,8,H,2000,
CHEMBL4164048,CHEMBL4164048,CCCn1c(-c2ccccc2)nc2c(NC3CCC3)ncnc21,,6.44,1,6.44,6.44,Ki,B,cell-based format,cell_based,9,D,2018,
CHEMBL4164058,CHEMBL4164058,Nc1nc(NCCCCNC(=O)c2ccc(S(=O)(=O)F)cc2)nc2nc(-c3ccco3)nn12,,8.625,2,8.2,9.05,Ki,B,assay format,other,9,D,2018,
CHEMBL4165013,CHEMBL4165013,Cn1c(-c2ccccc2)nc2c(NC3CCC3)ncnc21,,6.52,1,6.52,6.52,Ki,B,cell-based format,cell_based,9,D,2018,
CHEMBL416537,CHEMBL416537,Cc1cccc(-n2nc3c(N)nc4ccccc4n3c2=O)c1,,7.84,1,7.84,7.84,Ki,B,assay format,other,8,H,2000,
CHEMBL4165484,CHEMBL4165484,COc1cccc(CNc2nc(N)c3nc(-c4ccc(C)o4)sc3n2)c1,,6.84,1,6.84,6.84,Ki,B,cell-based format,cell_based,9,D,2018,
CHEMBL416684,CHEMBL416684,Nc1nc2c(cnn2Cc2ccc(O)cc2)c2nc(-c3ccco3)nn12,,6.83,1,6.83,6.83,IC50,F,assay format,other,9,D,1998,
CHEMBL4167077,CHEMBL4167077,Cn1c(-c2ccccc2)nc2c(NC3CCCCC3)ncnc21,,6.28,1,6.28,6.28,Ki,B,cell-based format,cell_based,9,D,2018,
CHEMBL4167125,CHEMBL4167125,Nc1nc(NCc2cccnc2)nc2sc(-c3ccco3)nc12,,10.595,2,10.23,10.96,IC50,F,cell-based format,cell_based,9,D,2018,
CHEMBL4167491,CHEMBL4167491,CCn1c(-c2ccccc2)nc2c(NC3CCCC3)ncnc21,,6.48,1,6.48,6.48,Ki,B,cell-based format,cell_based,9,D,2018,
CHEMBL4167502,CHEMBL4167502,C#CCN(CCCCCNc1nc(N)n2nc(-c3ccco3)nc2n1)C(=O)c1ccc(S(=O)(=O)F)cc1,,8.41,3,6.1,8.82,EC50;Ki,B,assay format;single protein format,mixed,9,D,2018,
CHEMBL4167557,CHEMBL4167557,Nc1nc(NCCc2ccco2)nc2sc(-c3ccco3)nc12,,8.53,3,8.37,8.67,IC50;Ki,B;F,cell-based format,cell_based,9,D,2018,
CHEMBL4167813,CHEMBL4167813,Nc1nc(NCc2ccccn2)nc2sc(-c3ccco3)nc12,,9.17,3,8.89,9.38,IC50;Ki,B;F,cell-based format,cell_based,9,D,2018,
CHEMBL4168016,CHEMBL4168016,Nc1nc(NCc2cccs2)nc2sc(-c3cccs3)nc12,,7.88,3,7.75,8.0,IC50;Ki,B;F,cell-based format,cell_based,9,D,2018,
CHEMBL4168980,CHEMBL4168980,COc1ccccc1CNc1nc(N)c2nc(-c3ccc(C)o3)sc2n1,,7.7,1,7.7,7.7,Ki,B,cell-based format,cell_based,9,D,2018,
CHEMBL4170180,CHEMBL4170180,Cn1c(-c2cccc(Cl)c2)nc2c(NC3CCCC3)ncnc21,,6.57,1,6.57,6.57,Ki,B,cell-based format,cell_based,9,D,2018,
CHEMBL4170850,CHEMBL4170850,Cc1cccc(-c2nc3c(NC4CCCC4)ncnc3n2C)c1,,6.35,1,6.35,6.35,Ki,B,cell-based format,cell_based,9,D,2018,
CHEMBL4171919,CHEMBL4171919,CCn1c(-c2ccccc2)nc2c(NC3CCC3)ncnc21,,6.42,1,6.42,6.42,Ki,B,cell-based format,cell_based,9,D,2018,
CHEMBL4171931,CHEMBL4171931,Nc1nc(NCCCCCNC(=O)c2ccc(S(=O)(=O)F)cc2)nc2nc(-c3ccco3)nn12,,8.885000000000002,2,8.56,9.21,Ki,B,assay format,other,9,D,2018,
CHEMBL4172264,CHEMBL4172264,Nc1nc(NCCc2cccs2)nc2sc(-c3ccco3)nc12,,10.35,1,10.35,10.35,IC50,F,cell-based format,cell_based,9,D,2018,
CHEMBL4172399,CHEMBL4172399,Nc1nc(NCc2ccco2)nc2sc(-c3ccco3)nc12,,10.4,1,10.4,10.4,IC50,F,cell-based format,cell_based,9,D,2018,
CHEMBL4172715,CHEMBL4172715,Cc1ccc(-c2nc3c(N)nc(NCc4cccs4)nc3s2)o1,,7.47,1,7.47,7.47,Ki,B,cell-based format,cell_based,9,D,2018,
CHEMBL4172818,CHEMBL4172818,Nc1nc(NCc2cnccn2)nc2sc(-c3ccco3)nc12,,8.08,3,7.95,8.29,IC50;Ki,B;F,cell-based format,cell_based,9,D,2018,
CHEMBL417292,CHEMBL417292,OC[C@@]12C[C@@H]1[C@@H](n1cnc3c(NCc4cccc(I)c4)ncnc31)[C@H](O)[C@@H]2O,,6.07,1,6.07,6.07,Ki,B,cell-based format,cell_based,9,D,2005,
CHEMBL4173347,CHEMBL4173347,CCn1c(-c2ccccc2)nc2c(N)ncnc21,,6.67,1,6.67,6.67,Ki,B,cell-based format,cell_based,9,D,2018,
CHEMBL4174108,CHEMBL4174108,Cn1c(-c2ccc(O)cc2)nc2c(NC3CCCC3)ncnc21,,6.27,1,6.27,6.27,Ki,B,cell-based format,cell_based,9,D,2018,
CHEMBL4175366,CHEMBL4175366,Cn1c(-c2ccccc2)nc2c(NC3CCCC3)ncnc21,,6.3,1,6.3,6.3,Ki,B,cell-based format,cell_based,9,D,2018,
CHEMBL4175631,CHEMBL4175631,CCCn1c(-c2ccccc2)nc2c(N)ncnc21,,6.31,1,6.31,6.31,Ki,B,cell-based format,cell_based,9,D,2018,
CHEMBL4175676,CHEMBL4175676,Nc1nc(NCc2ccncc2)nc2sc(-c3ccco3)nc12,,7.82,3,7.73,7.92,IC50;Ki,B;F,cell-based format,cell_based,9,D,2018,
CHEMBL4175878,CHEMBL4175878,COc1cccc(CNc2nc(N)c3nc(-c4cccs4)sc3n2)c1,,7.66,1,7.66,7.66,Ki,B,cell-based format,cell_based,9,D,2018,
CHEMBL418564,CHEMBL418564,CN1CCN(S(=O)(=O)c2ccc(CCn3ncc4c3nc(N)n3nc(-c5ccco5)nc43)cc2)CC1,,8.42,1,8.42,8.42,Ki,B,cell-based format,cell_based,9,D,2002,
CHEMBL419002,CHEMBL419002,Cc1ccccc1-n1cc2c(n1)c(NC1CCCC1)nc1ccccc12,,6.48,1,6.48,6.48,Ki,B,cell membrane format,other,8,H,2000,
CHEMBL419191,CHEMBL419191,Cc1ccc(-c2nc3c(N)cc(C(=O)N4CCCCC4)cn3n2)o1,,7.24,1,7.24,7.24,Ki,B,single protein format,single_protein,8,H,2004,
CHEMBL420307,CHEMBL420307,CN(CCc1ccccc1)C(=O)c1cc(N)n2nc(-c3ccc(Br)o3)nc2c1,,8.3,1,8.3,8.3,Ki,B,single protein format,single_protein,8,H,2004,
CHEMBL4203542,CHEMBL4203542,Cc1nc2cc(N3CCN(CCn4c(=O)n(C)c5c4nc(N)n4nc(-c6ccco6)nc54)CC3)c(F)cc2o1,,9.61,2,9.4,9.82,Ki,B;F,cell-based format,cell_based,9,D,2017,
CHEMBL4204531,CHEMBL4204531,COCC(C)(C)Oc1ccc(N2CCN(CCn3c(=O)n(C)c4c3nc(N)n3nc(-c5ccco5)nc43)CC2)cc1,,8.99,2,8.68,9.3,Ki,B;F,cell-based format,cell_based,9,D,2017,
CHEMBL4205030,CHEMBL4205030,COCCOc1cc(F)c(N2CCN(CCn3c(=O)n(C)c4c3nc(N)n3nc(-c5ccco5)nc43)CC2)cc1F,,8.985,2,8.92,9.05,Ki,B;F,cell-based format,cell_based,9,D,2017,
CHEMBL4205341,CHEMBL4205341,COCCOc1ccc(N2CCN(CCn3c(=O)n(C)c4c3nc(N)n3nc(-c5ccco5)nc43)CC2)cc1,,9.04,2,8.7,9.38,Ki,B;F,cell-based format,cell_based,9,D,2017,
CHEMBL4205884,CHEMBL4205884,Cn1c(=O)n(CCN2CCN(c3ccc(OC4CC4)cc3)CC2)c2nc(N)n3nc(-c4ccco4)nc3c21,,9.559999999999999,2,9.52,9.6,Ki,B;F,cell-based format,cell_based,9,D,2017,
CHEMBL4206232,CHEMBL4206232,N#Cc1c(N)nc(SCc2cccnc2)c(C#N)c1-c1ccc(OCC2CC2)cc1,,6.37,1,6.37,6.37,Ki,B,cell-based format,cell_based,9,D,2018,
CHEMBL4207104,CHEMBL4207104,Cn1c(=O)n(CCN2CCN(c3ccc(C#N)c(F)c3)CC2)c2nc(N)n3nc(-c4ccco4)nc3c21,,9.350000000000001,2,9.3,9.4,Ki,B;F,cell-based format,cell_based,9,D,2017,
CHEMBL4207286,CHEMBL4207286,CC(=O)Nc1ccc(-c2c(C#N)c(N)nc(SCC(N)=O)c2C#N)cc1,,6.24,1,6.24,6.24,Ki,B,cell-based format,cell_based,9,D,2018,
CHEMBL4207839,CHEMBL4207839,Cn1c(=O)n(CCN2CCN(c3ccc(OCCOC4CC4)cc3)CC2)c2nc(N)n3nc(-c4ccco4)nc3c21,,8.7,1,8.7,8.7,Ki,B,cell-based format,cell_based,9,D,2017,
CHEMBL4207902,CHEMBL4207902,COc1ccc(N2CCN(CCn3c(=O)n(C)c4c3nc(N)n3nc(-c5ccco5)nc43)CC2)cn1,,8.35,1,8.35,8.35,Ki,B,cell-based format,cell_based,9,D,2017,
CHEMBL4207914,CHEMBL4207914,Cn1c(=O)n(CCN2CCN(c3ccc(OC4CCOCC4)cc3)CC2)c2nc(N)n3nc(-c4ccco4)nc3c21,,9.555,2,9.52,9.59,Ki,B;F,cell-based format,cell_based,9,D,2017,
CHEMBL4208426,CHEMBL4208426,COCCOc1ccc(N2CCN(CCn3c(=O)n(C)c4c3nc(N)n3nc(-c5nccs5)nc43)CC2)cc1,,8.555,2,8.19,8.92,Ki,B;F,cell-based format,cell_based,9,D,2017,
CHEMBL4209408,CHEMBL4209408,COCC(C)Oc1ccc(N2CCN(CCn3c(=O)n(C)c4c3nc(N)n3nc(-c5ccco5)nc43)CC2)cc1,,9.11,2,8.82,9.4,Ki,B;F,cell-based format,cell_based,9,D,2017,
CHEMBL4210241,CHEMBL4210241,COCCOc1cccc(N2CCN(CCn3c(=O)n(C)c4c3nc(N)n3nc(-c5ccco5)nc43)CC2)c1,,9.3,2,9.3,9.3,Ki,B;F,cell-based format,cell_based,9,D,2017,
CHEMBL4210592,CHEMBL4210592,CCOc1ccc(-c2c(C#N)c(N)nc(SCc3ncc[nH]3)c2C#N)cc1,,6.66,1,6.66,6.66,Ki,B,cell-based format,cell_based,9,D,2018,
CHEMBL4212260,CHEMBL4212260,Cn1c(=O)n(CCN2CCN(c3ccc(C(F)(F)F)cc3)CC2)c2nc(N)n3nc(-c4ccco4)nc3c21,,8.51,1,8.51,8.51,Ki,B,cell-based format,cell_based,9,D,2017,
CHEMBL4212278,CHEMBL4212278,Cn1c(=O)n(CCN2CCN(c3ccc(C#N)cc3)CC2)c2nc(N)n3nc(-c4ccco4)nc3c21,,9.370000000000001,2,9.22,9.52,Ki,B;F,cell-based format,cell_based,9,D,2017,
CHEMBL4212740,CHEMBL4212740,COCCOc1ccc(N2CCN(CCn3c(=O)n(C)c4c3nc(N)n3nc(-c5ccco5)nc43)CC2)cc1F,,9.15,1,9.15,9.15,Ki,B,cell-based format,cell_based,9,D,2017,
CHEMBL4212810,CHEMBL4212810,Cn1c(=O)n(CCN2CCN(c3nc(C(F)(F)F)cs3)CC2)c2nc(N)n3nc(-c4ccco4)nc3c21,,8.985,2,8.92,9.05,Ki,B;F,cell-based format,cell_based,9,D,2017,
CHEMBL4212821,CHEMBL4212821,Cn1c(=O)n(CCN2CCN(c3ccc(OC4CCOC4)cc3)CC2)c2nc(N)n3nc(-c4ccco4)nc3c21,,9.68,2,9.66,9.7,Ki,B;F,cell-based format,cell_based,9,D,2017,
CHEMBL4213177,CHEMBL4213177,COc1ccc(N2CCN(CCn3c(=O)n(C)c4c3nc(N)n3nc(-c5ccco5)nc43)CC2)cc1,,9.34,2,9.0,9.68,Ki,B;F,cell-based format,cell_based,9,D,2017,
CHEMBL421420,CHEMBL421420,Nc1nc2c([N+](=O)[O-])cccc2n2c(=O)n(-c3ccccc3)nc12,,7.12,1,7.12,7.12,Ki,B,assay format,other,8,H,2004,
CHEMBL4215145,CHEMBL4215145,CC(C)COc1ccc(-c2c(C#N)c(N)nc(SCC(N)=O)c2C#N)cc1,,6.51,1,6.51,6.51,Ki,B,cell-based format,cell_based,9,D,2018,
CHEMBL4215754,CHEMBL4215754,COCCOc1ccc(N2CCN(CCn3c(=O)n(C)c4c3nc(N)n3nc(-c5nccs5)nc43)CC2)cc1F,,9.11,2,8.82,9.4,Ki,B;F,cell-based format,cell_based,9,D,2017,
CHEMBL421611,CHEMBL421611,CCCCc1nc2[nH]ncc2c2nc(-c3ccccc3Cl)nn12,,6.89,1,6.89,6.89,IC50,B,cell-based format,cell_based,8,H,2004,
CHEMBL4216716,CHEMBL4216716,COCCOc1c(F)cc(N2CCN(CCn3c(=O)n(C)c4c3nc(N)n3nc(-c5ccco5)nc43)CC2)cc1F,,9.22,1,9.22,9.22,Ki,B,cell-based format,cell_based,9,D,2017,
CHEMBL4216880,CHEMBL4216880,N#Cc1c(N)nc(SCc2ncc[nH]2)c(C#N)c1-c1ccc(OCC2CC2)cc1,,6.12,1,6.12,6.12,Ki,B,cell-based format,cell_based,9,D,2018,
CHEMBL4217235,CHEMBL4217235,Cc1ccc(N2CCN(CCn3c(=O)n(C)c4c3nc(N)n3nc(-c5ccco5)nc43)CC2)nc1,,9.085,2,8.77,9.4,Ki,B;F,cell-based format,cell_based,9,D,2017,
CHEMBL4217248,CHEMBL4217248,Cn1c(=O)n(CCN2CCN(c3ccc(F)cc3F)CC2)c2nc(N)n3nc(-c4ccco4)nc3c21,,9.575,2,9.0,10.15,Ki,B;F,cell-based format,cell_based,9,D,2017,
CHEMBL4217582,CHEMBL4217582,COc1ccc(N2CCN(CCn3c(=O)n(C)c4c3nc(N)n3nc(-c5ccco5)nc43)CC2)c(F)c1,,9.81,2,9.4,10.22,Ki,B;F,cell-based format,cell_based,9,D,2017,
CHEMBL4217668,CHEMBL4217668,Cn1c(=O)n(CCN2CCN(c3ccc(OC(F)F)cc3)CC2)c2nc(N)n3nc(-c4ccco4)nc3c21,,9.145,2,8.72,9.57,Ki,B;F,cell-based format,cell_based,9,D,2017,
CHEMBL4218105,CHEMBL4218105,Cc1ccc(N2CCN(CCn3c(=O)n(C)c4c3nc(N)n3nc(-c5ccco5)nc43)CC2)cc1,,8.905000000000001,2,8.85,8.96,Ki,B;F,cell-based format,cell_based,9,D,2017,
CHEMBL4218673,CHEMBL4218673,CCCn1c(=O)[nH]c2nc(-c3ccc(OCC(=O)NCCCCCC4=C5C(C)=CC(C)=[N+]5[B-](F)(F)n5c(C)cc(C)c54)cc3)[nH]c2c1=O,,7.23,1,7.23,7.23,Ki,B,cell-based format,cell_based,9,D,2018,
CHEMBL422820,CHEMBL422820,COc1ccc(NC(=O)Nc2nc3nn(CCc4ccccc4)cc3c3nc(-c4ccco4)nn23)cc1,,6.91,1,6.91,6.91,Ki,B,cell-based format,cell_based,9,D,1999,
CHEMBL423082,CHEMBL423082,COc1cccc(-c2n[nH]c(Cc3cccc([N+](=O)[O-])c3)n2)c1,,7.1,1,7.1,7.1,Ki,B,single protein format,single_protein,8,H,2004,
CHEMBL423542,CHEMBL423542,Nc1nc2nn(CCCc3ccccc3)cc2c2nc(-c3ccco3)nn12,,9.77,2,9.74,9.8,Ki,B,cell-based format,cell_based,9,D,1999;2000,
CHEMBL423852,CHEMBL423852,Nc1nc2c(cnn2CCCc2ccc(OCc3ccccc3)cc2)c2nc(-c3ccco3)nn12,,6.52,1,6.52,6.52,IC50,F,assay format,other,9,D,1998,
CHEMBL423934,CHEMBL423934,CCCCn1cc2c(nc(NC(=O)Nc3cccc(Cl)c3)n3nc(-c4ccco4)nc23)n1,,7.02,1,7.02,7.02,Ki,B,cell-based format,cell_based,9,D,2000,
CHEMBL424011,CHEMBL424011,c1cc(CN2CCCC2)cc(-c2n[nH]c(-c3ccc4c(c3)OCCO4)n2)c1,,6.0,1,6.0,6.0,Ki,B,single protein format,single_protein,8,H,2004,
CHEMBL424161,CHEMBL424161,CCCCn1cc2c(nc(NC(=O)Nc3ccc(Cl)cc3)n3nc(-c4ccco4)nc23)n1,,6.96,1,6.96,6.96,Ki,B,cell-based format,cell_based,9,D,2002,
CHEMBL42442,CHEMBL42442,COC(=O)Nc1nc2cc([S+]([O-])c3ccccc3)ccc2[nH]1,OXFENDAZOLE,6.07,1,6.07,6.07,Ki,B,cell membrane format,other,8,H,,2
CHEMBL424597,CHEMBL424597,Cn1c(-c2ccccc2)nc2c(N)ncnc21,,6.42,1,6.42,6.42,Ki,B,cell-based format,cell_based,9,D,2018,
CHEMBL424671,CHEMBL424671,CCCn1c(=O)c2[nH]c(-c3ccc(OCC(=O)Nc4ccccn4)cc3)cc2n(CCC)c1=O,,6.51,1,6.51,6.51,Ki,B,single protein format,single_protein,9,D,2006,
CHEMBL424827,CHEMBL424827,Nc1nc(-c2ccco2)c2ncn(Cc3ccc(C(F)(F)F)cc3)c2n1,,7.955,2,7.69,8.22,Ki,B,cell-based format;single protein format,mixed,9,D,2005;2008,
CHEMBL424869,CHEMBL424869,CCCc1nc2[nH]c(-c3ccccc3)nc(-c3ccccc3)c-2n1,,6.78,1,6.78,6.78,Ki,B,cell-based format,cell_based,9,D,2006,
CHEMBL424908,CHEMBL424908,CCCn1c(=O)c2nc([C@]34CC[C@](C(=O)NCC(=O)OC)(CC3)CC4)[nH]c2n(CCC)c1=O,,6.17,1,6.17,6.17,Ki,B,cell-based format,cell_based,9,D,2006,
CHEMBL1927424,CHEMBL425349,Nc1nc(N2CCNCC2)nc2nc(-c3ccco3)nn12,,6.82,1,6.82,6.82,Ki,B,cell-based format,cell_based,9,D,2011,
CHEMBL425395,CHEMBL425395,CCCn1c(=O)c2[nH]c(-c3ccc(OCC(=O)Nc4ccc(OC)cc4)cc3)c(Cl)c2n(CCC)c1=O,,7.35,1,7.35,7.35,Ki,B,single protein format,single_protein,9,D,2006,
CHEMBL426504,CHEMBL426504,CCn1c(=O)c2nc(-c3cnn(Cc4cccc(F)c4)c3)[nH]c2n(CC)c1=O,,6.54,1,6.54,6.54,Ki,B,cell-based format,cell_based,9,D,2006,
CHEMBL426530,CHEMBL426530,COc1ccc(-c2cccc(-c3nc(N)nc(SC)n3)c2)cn1,,7.64,1,7.64,7.64,Ki,B,single protein format,single_protein,9,D,2006,
CHEMBL426565,CHEMBL426565,CC(=O)Nc1cc(-c2ccccc2)nc(-c2ccccc2)n1,,6.449999999999999,2,6.31,6.59,Ki,B,cell-based format,cell_based,9,D,2004;2011,
CHEMBL426656,CHEMBL426656,CCCn1c(=O)c2nc(-c3cc(OCC(=O)c4ccc(F)cc4)nn3C)[nH]c2n(CCC)c1=O,,7.9,1,7.9,7.9,Ki,B,single protein format,single_protein,9,D,2006,
CHEMBL426738,CHEMBL426738,Nc1nc(N2CCN3CCC[C@@H]3C2)cc2nc(-c3ccco3)nn12,,7.2,1,7.2,7.2,Ki,F,assay format,other,9,D,2022,
CHEMBL426928,CHEMBL426928,Nc1nc(OCCc2ccc(F)cc2)nc2c1ncn2[C@@H]1O[C@H](CO)[C@@H](O)[C@H]1O,,7.25,1,7.25,7.25,Ki,B,cell-based format,cell_based,9,D,2007,
CHEMBL427602,CHEMBL427602,CN1CCN(C(=O)COc2ccc(-c3cc4c([nH]3)c(=O)n(C)c(=O)n4C)cc2)CC1,,6.1,1,6.1,6.1,Ki,B,cell-based format,cell_based,9,D,2008,
CHEMBL4276999,CHEMBL4276999,CNc1ncc(C(=O)NCCc2ccc(OC)c(OC)c2)c2nc(-c3ccco3)nn12,,6.77,1,6.77,6.77,Ki,B,cell-based format,cell_based,9,D,2018,
CHEMBL4277743,CHEMBL4277743,COc1ccc(-c2cc(N)cc3nc(-c4ccco4)oc23)cc1OC,,7.05,1,7.05,7.05,Ki,B,cell-based format,cell_based,9,D,2018,
CHEMBL4278340,CHEMBL4278340,CNc1ncc(C(=O)OCc2cccc(OC)c2)c2nc(-c3ccco3)nn12,,7.83,1,7.83,7.83,Ki,B,cell-based format,cell_based,9,D,2018,
CHEMBL4278397,CHEMBL4278397,CNc1ncc(C(=O)OCc2ccc(OC)cc2)c2nc(-c3ccco3)nn12,,6.71,1,6.71,6.71,Ki,B,cell-based format,cell_based,9,D,2018,
CHEMBL4278675,CHEMBL4278675,CNc1ncc(C(=O)OCc2ccc(C)cc2)c2nc(-c3ccco3)nn12,,7.21,1,7.21,7.21,Ki,B,cell-based format,cell_based,9,D,2018,
CHEMBL427911,CHEMBL427911,CCCCn1c(=O)c2[nH]c(-c3cnn(Cc4cccc(F)c4)c3)nc2n(C)c1=O,,6.66,1,6.66,6.66,Ki,B,cell-based format,cell_based,9,D,2008,
CHEMBL4279340,CHEMBL4279340,CNc1ncc(C(=O)OCc2cccc(Cl)c2)c2nc(-c3ccco3)nn12,,7.8,1,7.8,7.8,Ki,B,cell-based format,cell_based,9,D,2018,
CHEMBL4279509,CHEMBL4279509,CNc1ncc(C(=O)NCc2ccc(F)cc2)c2nc(-c3ccco3)nn12,,7.32,1,7.32,7.32,Ki,B,cell-based format,cell_based,9,D,2018,
CHEMBL4279573,CHEMBL4279573,CCOC(=O)c1cnc(NNC(=O)OC(C)(C)C)n2nc(-c3ccco3)nc12,,6.08,1,6.08,6.08,Ki,B,cell-based format,cell_based,9,D,2018,
CHEMBL4280070,CHEMBL4280070,O=C(CN1CCCCC1)Nc1ccc2oc(-c3ccco3)nc2c1,,6.0,2,6.0,6.0,Ki,B,cell-based format,cell_based,9,D,2018,
CHEMBL428072,CHEMBL428072,COc1ccc(CC(=O)Nc2cc(-n3nc(C)cc3C)nc(-c3ccc(C)o3)n2)cc1,,8.4,1,8.4,8.4,Ki,B,cell-based format,cell_based,9,D,2008,
CHEMBL4280829,CHEMBL4280829,CNc1ncc(C(=O)NNc2ccccc2)c2nc(-c3ccco3)nn12,,6.47,1,6.47,6.47,Ki,B,cell-based format,cell_based,9,D,2018,
CHEMBL4281181,CHEMBL4281181,Nc1cc(-c2ccccc2)c2oc(-c3ccco3)nc2c1,,6.7,1,6.7,6.7,Ki,B,cell-based format,cell_based,9,D,2018,
CHEMBL4281640,CHEMBL4281640,CCOC(=O)c1cnc(NCCN)n2nc(-c3ccco3)nc12,,6.08,1,6.08,6.08,Ki,B,cell-based format,cell_based,9,D,2018,
CHEMBL4282137,CHEMBL4282137,CNc1ncc(C(=O)OCc2ccccc2C)c2nc(-c3ccco3)nn12,,7.43,1,7.43,7.43,Ki,B,cell-based format,cell_based,9,D,2018,
CHEMBL4282599,CHEMBL4282599,O=C(CCN1CCCCC1)Nc1cc(-c2ccco2)c2oc(-c3ccco3)nc2c1,,7.09,1,7.09,7.09,Ki,B,cell-based format,cell_based,9,D,2018,
CHEMBL4282986,CHEMBL4282986,CNc1ncc(C(=O)NCc2ccccc2)c2nc(-c3ccco3)nn12,,7.73,1,7.73,7.73,Ki,B,cell-based format,cell_based,9,D,2018,
CHEMBL4283113,CHEMBL4283113,Nc1cc(-c2ccc(F)cc2)c2oc(-c3ccco3)nc2c1,,6.36,1,6.36,6.36,Ki,B,cell-based format,cell_based,9,D,2018,
CHEMBL4283215,CHEMBL4283215,NCCCCCNC(=O)COc1ccc(CCCn2ncc3c2nc(N)n2nc(-c4ccco4)nc32)cc1,,8.2,1,8.2,8.2,Ki,B,cell-based format,cell_based,9,D,2017,
CHEMBL4283359,CHEMBL4283359,CNc1ncc(C(=O)OCc2ccccc2Br)c2nc(-c3ccco3)nn12,,7.61,1,7.61,7.61,Ki,B,cell-based format,cell_based,9,D,2018,
CHEMBL4283826,CHEMBL4283826,CNc1ncc(C(=O)NCc2ccc(OC)cc2)c2nc(-c3ccco3)nn12,,7.09,1,7.09,7.09,Ki,B,cell-based format,cell_based,9,D,2018,
CHEMBL4284097,CHEMBL4284097,Nc1cc(NC(=O)CN2CCCCC2)cc2nc(-c3ccco3)oc12,,6.46,2,6.32,6.6,IC50;Ki,B;F,cell-based format,cell_based,9,D,2018,
CHEMBL4284127,CHEMBL4284127,CNc1ncc(C(=O)OCc2ccc(F)cc2)c2nc(-c3ccco3)nn12,,7.15,1,7.15,7.15,Ki,B,cell-based format,cell_based,9,D,2018,
CHEMBL4284249,CHEMBL4284249,CNc1ncc(C(=O)NC(C)(C)Cc2ccccc2)c2nc(-c3ccco3)nn12,,8.21,1,8.21,8.21,Ki,B,cell-based format,cell_based,9,D,2018,
CHEMBL4284595,CHEMBL4284595,Nc1cc(-c2ccco2)c2oc(-c3ccco3)nc2c1,,7.275,2,7.15,7.4,IC50;Ki,B;F,cell-based format,cell_based,9,D,2018,
CHEMBL4285036,CHEMBL4285036,CNc1ncc(C(=O)NCc2ccc(OC)c(OC)c2)c2nc(-c3ccco3)nn12,,6.85,1,6.85,6.85,Ki,B,cell-based format,cell_based,9,D,2018,
CHEMBL4285236,CHEMBL4285236,CNc1ncc(C(=O)OCc2ccc(Cl)cc2)c2nc(-c3ccco3)nn12,,7.14,1,7.14,7.14,Ki,B,cell-based format,cell_based,9,D,2018,
CHEMBL4285374,CHEMBL4285374,CCOC(=O)c1cnc(NNc2ccccc2)n2nc(-c3ccco3)nc12,,7.38,1,7.38,7.38,Ki,B,cell-based format,cell_based,9,D,2018,
CHEMBL4285563,CHEMBL4285563,CNc1ncc(C(=O)OCc2ccccc2)c2nc(-c3ccco3)nn12,,6.94,1,6.94,6.94,Ki,B,cell-based format,cell_based,9,D,2018,
CHEMBL4285888,CHEMBL4285888,CCOC(=O)c1cnc(NN)n2nc(-c3ccco3)nc12,,7.2,1,7.2,7.2,Ki,B,cell-based format,cell_based,9,D,2018,
CHEMBL4285978,CHEMBL4285978,O=C(CCN1CCOCC1)Nc1cc(-c2ccco2)c2oc(-c3ccco3)nc2c1,,7.05,1,7.05,7.05,Ki,B,cell-based format,cell_based,9,D,2018,
CHEMBL428604,CHEMBL428604,CCCn1c(=O)n(C)c(=O)c2[nH]c(-c3ccc(OC(C)(C)C(=O)N4CCN(c5ccccc5)CC4)cc3)cc21,,6.25,1,6.25,6.25,Ki,B,cell-based format,cell_based,9,D,2008,
CHEMBL4286354,CHEMBL4286354,CNc1ncc(C(=O)NCc2ccc(C)cc2)c2nc(-c3ccco3)nn12,,7.0,1,7.0,7.0,Ki,B,cell-based format,cell_based,9,D,2018,
CHEMBL4286593,CHEMBL4286593,CNc1ncc(C(=O)OCc2cccc(C)c2)c2nc(-c3ccco3)nn12,,7.68,1,7.68,7.68,Ki,B,cell-based format,cell_based,9,D,2018,
CHEMBL4287056,CHEMBL4287056,O=C(CN1CCCCC1)Nc1cc(-c2ccco2)c2oc(-c3ccco3)nc2c1,,6.494999999999999,2,6.31,6.68,IC50;Ki,B;F,cell-based format,cell_based,9,D,2018,
CHEMBL4287429,CHEMBL4287429,CNc1ncc(C(=O)NCc2ccc(Cl)cc2)c2nc(-c3ccco3)nn12,,7.23,1,7.23,7.23,Ki,B,cell-based format,cell_based,9,D,2018,
CHEMBL4287636,CHEMBL4287636,CNc1ncc(C(=O)NCCc2ccccc2)c2nc(-c3ccco3)nn12,,7.53,1,7.53,7.53,Ki,B,cell-based format,cell_based,9,D,2018,
CHEMBL4288178,CHEMBL4288178,CNc1ncc(C(=O)OCc2ccccc2Cl)c2nc(-c3ccco3)nn12,,7.5,1,7.5,7.5,Ki,B,cell-based format,cell_based,9,D,2018,
CHEMBL4290021,CHEMBL4290021,CNc1ncc(C(=O)OC(c2ccccc2)c2ccccc2)c2nc(-c3ccco3)nn12,,6.71,1,6.71,6.71,Ki,B,cell-based format,cell_based,9,D,2018,
CHEMBL4290429,CHEMBL4290429,NCCCNC(=O)COc1ccc(CCCn2ncc3c2nc(N)n2nc(-c4ccco4)nc32)cc1,,8.03,1,8.03,8.03,Ki,B,cell-based format,cell_based,9,D,2017,
CHEMBL4290475,CHEMBL4290475,O=C(CCCN1CCCCC1)Nc1cc(-c2ccco2)c2oc(-c3ccco3)nc2c1,,7.01,1,7.01,7.01,Ki,B,cell-based format,cell_based,9,D,2018,
CHEMBL4290842,CHEMBL4290842,CNc1ncc(C(=O)OC(C)c2ccccc2)c2nc(-c3ccco3)nn12,,7.96,1,7.96,7.96,Ki,B,cell-based format,cell_based,9,D,2018,
CHEMBL429125,CHEMBL429125,COc1cc(CN(C)C)ccc1OCC(=O)Nc1cc(-n2nc(C)cc2C)nc(-c2ccc(C)o2)n1,,9.7,1,9.7,9.7,Ki,B,cell-based format,cell_based,9,D,2008,
CHEMBL429144,CHEMBL429144,Nc1nc(-c2ccco2)c2ncn(C(=O)NCc3ccc(F)cc3)c2n1,,9.0,1,9.0,9.0,Ki,B,single protein format,single_protein,9,D,2008,
CHEMBL4291801,CHEMBL4291801,Nc1cc(-c2ccccn2)c2oc(-c3ccco3)nc2c1,,6.87,1,6.87,6.87,Ki,B,cell-based format,cell_based,9,D,2018,
CHEMBL4292148,CHEMBL4292148,CNc1ncc(C(=O)NCCOc2ccccc2)c2nc(-c3ccco3)nn12,,7.42,1,7.42,7.42,Ki,B,cell-based format,cell_based,9,D,2018,
CHEMBL4292571,CHEMBL4292571,CNc1ncc(C(=O)OCc2cccc(F)c2)c2nc(-c3ccco3)nn12,,7.49,1,7.49,7.49,Ki,B,cell-based format,cell_based,9,D,2018,
CHEMBL4293398,CHEMBL4293398,CNc1ncc(C(=O)OC(C)C)c2nc(-c3ccco3)nn12,,7.06,1,7.06,7.06,Ki,B,cell-based format,cell_based,9,D,2018,
CHEMBL4293454,CHEMBL4293454,COc1ccc(CNc2ncc(C(=O)NC(c3ccccc3)c3ccccc3)c3nc(-c4ccco4)nn23)cc1OC,,6.86,1,6.86,6.86,Ki,B,cell-based format,cell_based,9,D,2018,
CHEMBL4293791,CHEMBL4293791,NCCCCCCNC(=O)COc1ccc(CCCn2ncc3c2nc(N)n2nc(-c4ccco4)nc32)cc1,,7.64,1,7.64,7.64,Ki,B,cell-based format,cell_based,9,D,2017,
CHEMBL4293876,CHEMBL4293876,O=C(CCN1CCc2ccccc2C1)Nc1cc(-c2ccco2)c2oc(-c3ccco3)nc2c1,,7.52,1,7.52,7.52,Ki,B,cell-based format,cell_based,9,D,2018,
CHEMBL429420,CHEMBL429420,Cc1cc(C)cc(CC(=O)Nc2cc(-n3nc(C)cc3C)nc(-c3ccccn3)n2)c1,,8.52,1,8.52,8.52,Ki,B,cell-based format,cell_based,9,D,2008,
CHEMBL4294246,CHEMBL4294246,CNc1ncc(C(=O)NC(c2ccccc2)c2ccccc2)c2nc(-c3ccco3)nn12,,7.21,1,7.21,7.21,Ki,B,cell-based format,cell_based,9,D,2018,
CHEMBL429428,CHEMBL429428,Cc1cc(C)n(-c2cc(NC(=O)CN3CCC[C@H](CN(C)C)C3)nc(-c3ccc(C)o3)n2)n1,,8.0,1,8.0,8.0,Ki,B,cell-based format,cell_based,9,D,2008,
CHEMBL4294350,CHEMBL4294350,NCCCCNC(=O)COc1ccc(CCCn2ncc3c2nc(N)n2nc(-c4ccco4)nc32)cc1,,8.19,1,8.19,8.19,Ki,B,cell-based format,cell_based,9,D,2017,
CHEMBL4294479,CHEMBL4294479,CCc1ccc(COC(=O)c2cnc(NC)n3nc(-c4ccco4)nc23)cc1,,7.68,1,7.68,7.68,Ki,B,cell-based format,cell_based,9,D,2018,
CHEMBL4294681,CHEMBL4294681,CCOC(=O)c1cnc(NCCNC(=O)OC(C)(C)C)n2nc(-c3ccco3)nc12,,6.42,1,6.42,6.42,Ki,B,cell-based format,cell_based,9,D,2018,
CHEMBL4294888,CHEMBL4294888,Nc1nc2c(cnn2CCCc2ccc(OCC(=O)NCCCCNC(=O)CCCCCNC(=O)COc3ccc(/C=C/C4=[N+]5C(=Cc6ccc(-c7cccs7)n6[B-]5(F)F)C=C4)cc3)cc2)c2nc(-c3ccco3)nn12,,7.25,2,6.89,7.61,EC50;Ki,B;F,cell-based format,cell_based,9,D,2017,
CHEMBL4295054,CHEMBL4295054,CNc1ncc(C(=O)OCc2ccccc2OC)c2nc(-c3ccco3)nn12,,7.88,1,7.88,7.88,Ki,B,cell-based format,cell_based,9,D,2018,
CHEMBL429512,CHEMBL429512,CCCn1c(=O)n(C)c(=O)c2[nH]c(-c3ccc(OCC(=O)N4CCC(c5ccc(OC)cc5)CC4)cc3)cc21,,6.4,1,6.4,6.4,Ki,B,cell-based format,cell_based,9,D,2008,
CHEMBL4295251,CHEMBL4295251,Nc1cc(-c2cccs2)c2oc(-c3ccco3)nc2c1,,7.15,1,7.15,7.15,Ki,B,cell-based format,cell_based,9,D,2018,
CHEMBL429575,CHEMBL429575,CCN(CC)[C@H]1CCN(CC(=O)Nc2cc(-n3nc(C)cc3C)nc(-c3ccc(C)o3)n2)C1,,8.36,1,8.36,8.36,Ki,B,cell-based format,cell_based,9,D,2008,
CHEMBL429619,CHEMBL429619,OCc1cnn(-c2nc(Nc3ncc4ccccc4n3)c3ncn([C@@H]4O[C@H](CO)[C@@H](O)[C@H]4O)c3n2)c1,,6.45,1,6.45,6.45,Ki,B,cell-based format,cell_based,9,D,2007,
CHEMBL4297184,CHEMBL4297184,Cc1ccc(-c2nc(N)nc3c2nnn3Cc2cccc(CO[C@H]3CCOC3)n2)o1,CIFORADENANT,7.13,6,7.06,8.47,IC50;Ki,B;F,cell-based format,cell_based,9,D,2020;2022;2023,2
CHEMBL429761,CHEMBL429761,Cc1cc(C)n(-c2cc(NC(=O)CN3CC[C@H](CN(C)C)C3)nc(-c3ccc(C)o3)n2)n1,,7.96,1,7.96,7.96,Ki,B,cell-based format,cell_based,9,D,2008,
CHEMBL429850,CHEMBL429850,COc1ccc(OCC(=O)Nc2cc(-n3nc(C)cc3C)nc(-c3ccc(C)o3)n2)c(CN(C)C)c1,,9.05,1,9.05,9.05,Ki,B,cell-based format,cell_based,9,D,2008,
CHEMBL4290392,CHEMBL4300043,CC1(C)C(/C=C/C=C/C=C2/N(CCCS(=O)(=O)O)c3ccc(S(=O)(=O)O)cc3C2(C)CCCCCC(=O)NCCCCNC(=O)COc2ccc(CCCn3ncc4c3nc(N)n3nc(-c5ccco5)nc43)cc2)=[N+](CCCS(=O)(=O)O)c2ccc(S(=O)(=O)[O-])cc21,,6.53,1,6.53,6.53,Ki,B,cell-based format,cell_based,9,D,2017,
CHEMBL4291479,CHEMBL4300239,Nc1nc2c(cnn2CCCc2ccc(OCc3ccc(S(=O)(=O)O)cc3)cc2)c2nc(-c3ccco3)nn12,,8.100000000000001,2,7.99,8.21,EC50;Ki,B;F,cell-based format,cell_based,9,D,2017,
CHEMBL430050,CHEMBL430050,CCn1c(=O)n(CC2CC2)c(=O)c2[nH]c(-c3cn[nH]c3)nc21,,6.63,1,6.63,6.63,Ki,B,cell-based format,cell_based,9,D,2008,
CHEMBL4286976,CHEMBL4301888,N=c1ccc2c(-c3ccc(C(=O)NCCCCNC(=O)COc4ccc(CCCn5ncc6c5nc(N)n5nc(-c7ccco7)nc65)cc4)cc3C(=O)O)c3ccc(N)c(S(=O)(=O)O)c3oc-2c1S(=O)(=O)O,,7.52,1,7.52,7.52,Ki,B,cell-based format,cell_based,9,D,2017,
CHEMBL430227,CHEMBL430227,c1ccc(CCNc2nc3ccccc3n3nc(-c4ccco4)nc23)cc1,,7.29,1,7.29,7.29,Ki,B,cell-based format,cell_based,9,D,2008,
CHEMBL430230,CHEMBL430230,N#Cc1c(-c2ccccc2)nc(NC(=O)c2ccc(Cl)cc2)nc1-c1ccccc1,,7.48,1,7.48,7.48,Ki,B,cell-based format,cell_based,9,D,2008,
CHEMBL4279740,CHEMBL4303054,CC1(C)C(/C=C/C=C/C=C2/N(CCCS(=O)(=O)O)c3ccc(S(=O)(=O)O)cc3C2(C)CCCCCC(=O)NCCNC(=O)COc2ccc(CCCn3ncc4c3nc(N)n3nc(-c5ccco5)nc43)cc2)=[N+](CCCS(=O)(=O)O)c2ccc(S(=O)(=O)[O-])cc21,,6.48,1,6.48,6.48,Ki,B,cell-based format,cell_based,9,D,2017,
CHEMBL431733,CHEMBL431733,CNC(=O)[C@H]1O[C@@H](n2cnc3c(NCc4cccc(I)c4)nc(Cl)nc32)[C@H](O)[C@@H]1O,NAMODENOSON,6.375,2,6.35,6.4,Ki,B,assay format;cell-based format,cell_based,8;9,D;H,2004;2005,3
CHEMBL431770,CHEMBL431770,CCn1c(=O)c2c(nc(/C=C/c3ccc(OC)c(OC)c3)n2C)n(CC)c1=O,ISTRADEFYLLINE,7.380000000000001,8,6.7,8.66,Ki,B;F,assay format;cell-based format;single protein format,mixed,9,D,2005;2008;2009;2010;2011;2013,4
CHEMBL432624,CHEMBL432624,Cc1ccc(-c2nc3c(N)cc(C(=O)N4CCCC4)cn3n2)o1,,7.12,1,7.12,7.12,Ki,B,single protein format,single_protein,8,H,2004,
CHEMBL433162,CHEMBL433162,Nc1cc(C(=O)N2CCCC2)cn2nc(-c3cccs3)nc12,,6.71,1,6.71,6.71,Ki,B,single protein format,single_protein,8,H,2004,
CHEMBL434377,CHEMBL434377,Nc1nc(OCCc2c[nH]c3cccc(Br)c23)nc2c1ncn2[C@@H]1O[C@H](CO)[C@@H](O)[C@H]1O,,7.4,1,7.4,7.4,Ki,B,cell-based format,cell_based,9,D,2007,
CHEMBL435022,CHEMBL435022,CC(C)CCn1cc2c(nc(NC(=O)COc3ccccc3)n3nc(-c4ccco4)nc23)n1,,7.42,1,7.42,7.42,Ki,B,cell-based format,cell_based,9,D,2003,
CHEMBL435188,CHEMBL435188,CCNC(=O)[C@H]1O[C@@H](n2cnc3c(NCC(c4ccccc4)c4ccccc4)nc(NC4CCCC4)nc32)[C@H](O)[C@@H]1O,,8.21,1,8.21,8.21,Ki,B,single protein format,single_protein,8,H,2000,
CHEMBL437804,CHEMBL437804,Nc1nc(-c2ccco2)c2cnn(Cc3ccco3)c2n1,,7.44,1,7.44,7.44,Ki,B,single protein format,single_protein,9,D,2008,
CHEMBL437842,CHEMBL437842,CCCCC#Cc1nc(NCC)c2ncn([C@@H]3O[C@H](CO)[C@@H](O)[C@H]3O)c2n1,,6.57,1,6.57,6.57,Ki,B,cell-based format,cell_based,8,H,2002,
CHEMBL438071,CHEMBL438071,COCCCn1c(=O)n(C)c(=O)c2[nH]c(-c3ccc(OCC(=O)NC4CCCC4)cc3)cc21,,6.37,1,6.37,6.37,Ki,B,single protein format,single_protein,9,D,2006,
CHEMBL438418,CHEMBL438418,CC(C)Nc1nc(C#C[C@H](O)c2ccccc2)nc2c1ncn2[C@@H]1O[C@H](CO)[C@@H](O)[C@H]1O,,6.49,1,6.49,6.49,Ki,B,cell-based format,cell_based,8,H,2002,
CHEMBL438823,CHEMBL438823,CCCn1c(=O)c2nc([C@]34CC[C@](C(=O)OC)(CC3)CC4)[nH]c2n(CCC)c1=O,,6.04,1,6.04,6.04,Ki,B,cell-based format,cell_based,9,D,2006,
CHEMBL438827,CHEMBL438827,CCCn1c(=O)c2nc([C@]34CC[C@](CO)(CC3)CC4)[nH]c2n(CCC)c1=O,,6.38,1,6.38,6.38,Ki,B,cell-based format,cell_based,9,D,2006,
CHEMBL439335,CHEMBL439335,CCNC(=O)[C@H]1O[C@@H](n2cnc3c(NCC)nc(C#CCc4ccccc4)nc32)[C@H](O)[C@@H]1O,,6.19,1,6.19,6.19,Ki,B,cell-based format,cell_based,9,D,2006,
CHEMBL439336,CHEMBL439336,Nc1nc(-c2ccco2)c2ncn(-c3ccccc3)c2n1,,7.16,1,7.16,7.16,Ki,B,cell-based format,cell_based,9,D,2005,
CHEMBL439447,CHEMBL439447,CSc1c2c(nc(NC(=O)Cc3ccc(CC(C)C)cc3)n3nc(-c4ccco4)nc23)nn1C,,7.3,1,7.3,7.3,Ki,B,cell-based format,cell_based,8,H,2003,
CHEMBL440416,CHEMBL440416,CC(C)C(=O)Nc1nc(-c2ccccc2)c(C#N)c(-c2ccccc2)n1,,7.45,1,7.45,7.45,Ki,B,cell-based format,cell_based,9,D,2008,
CHEMBL440418,CHEMBL440418,Cn1c(=O)c2[nH]c(-c3ccc(OCC(=O)N4CCN(c5nc6cc(Cl)ccc6s5)CC4)cc3)cc2n(C)c1=O,,6.74,1,6.74,6.74,Ki,B,cell-based format,cell_based,9,D,2008,
CHEMBL441145,CHEMBL441145,Cn1c(=O)c2c(nc3n2CCCN3CCc2ccc(O)cc2)n(C)c1=O,,6.359999999999999,2,6.2,6.52,EC50;Ki,B;F,cell-based format,cell_based,9,D,2007;2016,
CHEMBL442338,CHEMBL442338,CCOC(=O)c1ccc(CCCn2ncc3c2nc(N)n2nc(-c4ccco4)nc32)cc1,,8.4,1,8.4,8.4,Ki,B,cell-based format,cell_based,9,D,2002,
CHEMBL442670,CHEMBL442670,Nc1nc(-c2ccco2)c2nnn(Cc3ccc4[nH]nnc4c3)c2n1,,7.92,1,7.92,7.92,Ki,B,cell-based format,cell_based,9,D,2009,
CHEMBL4435740,CHEMBL4435740,CCCCC/C=C/C=C/C=N/Nc1nc(N)c2ncn([C@@H]3O[C@H](CO)[C@@H](O)[C@H]3O)c2n1,,7.875,2,7.76,7.99,EC50;Ki,B;F,cell-based format,cell_based,9,D,2019,
CHEMBL4436453,CHEMBL4436453,Nc1nc(NCc2ccc(Cl)cc2)nc(-c2ccccc2CO)n1,,6.52,1,6.52,6.52,Ki,B,single protein format,single_protein,9,D,2019,
CHEMBL4436509,CHEMBL4436509,N#Cc1c(N)nc(SCc2ccncc2)c(C#N)c1-c1ccco1,,6.94,1,6.94,6.94,Ki,B,cell-based format,cell_based,9,D,2019,
CHEMBL443665,CHEMBL443665,COc1ccccc1Cn1nnc2c(-c3ccco3)nc(N)nc21,,8.27,1,8.27,8.27,Ki,B,cell-based format,cell_based,9,D,2009,
CHEMBL4437222,CHEMBL4437222,CCCn1c(=O)[nH]c2nc(-c3ccc(S(=O)(=O)N4CCN(Cc5cccc(OC)c5)CC4)cc3)[nH]c2c1=O,,6.88,1,6.88,6.88,Ki,B,cell-based format,cell_based,9,D,2019,
CHEMBL4438487,CHEMBL4438487,CC(/C=N/Nc1nc(N)c2ncn([C@@H]3O[C@H](CO)[C@@H](O)[C@H]3O)c2n1)Cc1ccc(C(C)C)cc1,,8.53,2,8.2,8.86,EC50;Ki,B;F,cell-based format,cell_based,9,D,2019,
CHEMBL4439172,CHEMBL4439172,Cc1ccc(-c2nc(N)c3nc(-c4ccco4)sc3n2)o1,,8.63,1,8.63,8.63,Ki,B,cell-based format,cell_based,9,D,2019,
CHEMBL4439750,CHEMBL4439750,NC(=O)COc1ccc(-c2cn3c(=O)n(-c4ccccc4)nc3c(N)n2)cc1,,7.58,1,7.58,7.58,Ki,B,cell-based format,cell_based,9,D,2019,
CHEMBL4439963,CHEMBL4439963,N#CCSc1nc(N)c(C#N)c(-c2ccco2)c1C#N,,6.05,1,6.05,6.05,Ki,B,cell-based format,cell_based,9,D,2019,
CHEMBL4440137,CHEMBL4440137,Nc1nc(-c2ccco2)nc2sc(-c3ccccc3)nc12,,7.779999999999999,2,6.79,8.77,IC50;Ki,B;F,cell-based format,cell_based,9,D,2019,
CHEMBL4440214,CHEMBL4440214,Nc1nc(N/N=C/C2CCCC2)nc2c1ncn2[C@@H]1O[C@H](CO)[C@@H](O)[C@H]1O,,8.375,2,8.36,8.39,EC50;Ki,B;F,cell-based format,cell_based,9,D,2019,
CHEMBL4440287,CHEMBL4440287,Nc1nc(N/N=C/c2ccc(N3CCOCC3)cc2)nc2c1ncn2[C@@H]1O[C@H](CO)[C@@H](O)[C@H]1O,,6.1,1,6.1,6.1,Ki,B,cell-based format,cell_based,9,D,2019,
CHEMBL4440479,CHEMBL4440479,Cn1cc2c(nc(NCCCNC(=O)OC(C)(C)C)n3nc(-c4ccco4)nc23)n1,,6.71,1,6.71,6.71,Ki,B,cell-based format,cell_based,9,D,2019,
CHEMBL4440526,CHEMBL4440526,CCCn1c(=O)[nH]c2nc(-c3ccc(S(=O)(=O)N4CCN(Cc5cccc(C)c5)CC4)cc3)[nH]c2c1=O,,6.72,1,6.72,6.72,Ki,B,cell-based format,cell_based,9,D,2019,
CHEMBL4440752,CHEMBL4440752,N#Cc1c(N)nc(SCc2cccnc2)c(C#N)c1-c1ccco1,,7.35,2,7.08,7.62,IC50;Ki,B;F,cell-based format,cell_based,9,D,2019,
CHEMBL4441276,CHEMBL4441276,CCCn1c(=O)[nH]c2nc(-c3ccc(S(=O)(=O)N4CCN(c5ccccc5Cl)CC4)cc3)[nH]c2c1=O,,6.69,1,6.69,6.69,Ki,B,cell-based format,cell_based,9,D,2019,
CHEMBL4442908,CHEMBL4442908,NCCC(=O)Nc1ccc(-c2cn3c(=O)n(-c4ccccc4)nc3c(N)n2)cc1,,9.23,1,9.23,9.23,Ki,B,cell-based format,cell_based,9,D,2019,
CHEMBL4443090,CHEMBL4443090,CCCn1c(=O)[nH]c2nc(-c3ccc(S(=O)(=O)N4CCN(c5ccccc5C)CC4)cc3)[nH]c2c1=O,,6.85,1,6.85,6.85,Ki,B,cell-based format,cell_based,9,D,2019,
CHEMBL444550,CHEMBL444550,C[C@@]1(O)[C@H](O)[C@@H](CO)O[C@H]1n1cnc2c(NCc3cccc(I)c3)ncnc21,,6.17,3,6.03,6.33,Ki,B,assay format,other,8,H,1998;2005,
CHEMBL4445763,CHEMBL4445763,Nc1nc(-c2cccc(CO)c2)nc2sc(-c3ccccc3)nc12,,7.28,1,7.28,7.28,Ki,B,cell-based format,cell_based,9,D,2019,
CHEMBL4445941,CHEMBL4445941,CCCn1c(=O)[nH]c2nc(-c3ccc(S(=O)(=O)N4CCN(c5ccc(OCCO)cc5)CC4)cc3)[nH]c2c1=O,,6.78,1,6.78,6.78,Ki,B,cell-based format,cell_based,9,D,2019,
CHEMBL4447113,CHEMBL4447113,COc1ccc(-c2cn3c(=O)n(-c4ccccc4)nc3c(N)n2)c(OC)c1,,8.62,1,8.62,8.62,Ki,B,cell-based format,cell_based,9,D,2019,
CHEMBL4447310,CHEMBL4447310,CCCCc1nc(/C=N/Nc2nc(N)c3ncn([C@@H]4O[C@H](CO)[C@@H](O)[C@H]4O)c3n2)c(Cl)[nH]1,,8.355,2,7.75,8.96,EC50;Ki,B;F,cell-based format,cell_based,9,D,2019,
CHEMBL4447663,CHEMBL4447663,N#Cc1c(N)nc(SCc2ccccn2)c(C#N)c1-c1ccco1,,6.97,1,6.97,6.97,Ki,B,cell-based format,cell_based,9,D,2019,
CHEMBL4447861,CHEMBL4447861,Nc1nc(-c2cccc(O)c2)nc2sc(-c3ccccc3)nc12,,7.25,2,6.2,8.3,IC50;Ki,B;F,cell-based format,cell_based,9,D,2019,
CHEMBL4447993,CHEMBL4447993,Nc1nc(-c2ccc(OCCNC(=O)CCCCC3CCSS3)cc2)cn2c(=O)n(-c3ccccc3)nc12,,7.779999999999999,2,6.94,8.62,IC50;Ki,B;F,cell-based format,cell_based,9,D,2019,
CHEMBL4448894,CHEMBL4448894,COC(=O)c1cccc(CSc2nc(N)c(C#N)c(-c3ccco3)c2C#N)c1,,6.835,2,6.5,7.17,IC50;Ki,B;F,cell-based format,cell_based,9,D,2019,
CHEMBL4449436,CHEMBL4449436,Cc1ccc(-c2nc(N)c3nc(-c4ccccc4)sc3n2)o1,,7.65,1,7.65,7.65,Ki,B,cell-based format,cell_based,9,D,2019,
CHEMBL4449479,CHEMBL4449479,Nc1nc(N/N=C/c2ccc(Cl)c(C(F)(F)F)c2)nc2c1ncn2[C@@H]1O[C@H](CO)[C@@H](O)[C@H]1O,,6.1,1,6.1,6.1,Ki,B,cell-based format,cell_based,9,D,2019,
CHEMBL444953,CHEMBL444953,Cc1ccc(-c2cc(-c3ccco3)nc(N)c2C#N)o1,,7.82,1,7.82,7.82,Ki,B,cell-based format,cell_based,9,D,2008,
CHEMBL4449870,CHEMBL4449870,N#Cc1cccc(-c2nc(N)c3nc(-c4ccccc4)sc3n2)c1,,7.47,1,7.47,7.47,Ki,B,cell-based format,cell_based,9,D,2019,
CHEMBL4450312,CHEMBL4450312,Nc1nc(-c2cc(O)c(O)c(O)c2)cn2c(=O)n(-c3ccccc3)nc12,,7.03,1,7.03,7.03,Ki,B,cell-based format,cell_based,9,D,2019,
CHEMBL4450864,CHEMBL4450864,CCCn1c(=O)[nH]c2nc(-c3ccc(S(=O)(=O)N4CCN(c5ccccc5Br)CC4)cc3)[nH]c2c1=O,,7.05,1,7.05,7.05,Ki,B,cell-based format,cell_based,9,D,2019,
CHEMBL4451303,CHEMBL4451303,Cn1c(=O)c2c(nc3n2CCN([C@@H]2CCCc4ccccc42)C3)n(C)c1=O,,6.22,1,6.22,6.22,Ki,B,single protein format,single_protein,9,D,2016,
CHEMBL4451808,CHEMBL4451808,Nc1nc(N/N=C/c2ccc(Br)cn2)nc2c1ncn2[C@@H]1O[C@H](CO)[C@@H](O)[C@H]1O,,6.62,1,6.62,6.62,Ki,B,cell-based format,cell_based,9,D,2019,
CHEMBL4452162,CHEMBL4452162,C=CC(=O)Nc1ccc(-c2cn3c(=O)n(-c4ccccc4)nc3c(N)n2)cc1,,8.74,1,8.74,8.74,Ki,B,cell-based format,cell_based,9,D,2019,
CHEMBL4452288,CHEMBL4452288,Nc1nc(-c2ccc(NC(=O)CCNC(=O)CCCCC3CCSS3)cc2)cn2c(=O)n(-c3ccccc3)nc12,,6.985,2,6.53,7.44,IC50;Ki,B;F,cell-based format,cell_based,9,D,2019,
CHEMBL4452898,CHEMBL4452898,COc1ccc(-c2nc(N)c3nc(-c4ccco4)sc3n2)cc1,,7.95,1,7.95,7.95,Ki,B,cell-based format,cell_based,9,D,2019,
CHEMBL4453324,CHEMBL4453324,CCCn1c(=O)[nH]c2nc(-c3ccc(S(=O)(=O)N4CCN(Cc5ccc(OC)c(F)c5)CC4)cc3)[nH]c2c1=O,,6.61,1,6.61,6.61,Ki,B,cell-based format,cell_based,9,D,2019,
CHEMBL4453624,CHEMBL4453624,Nc1nc(N/N=C/c2ccc(-c3ccccn3)cc2)nc2c1ncn2[C@@H]1O[C@H](CO)[C@@H](O)[C@H]1O,,6.68,1,6.68,6.68,Ki,B,cell-based format,cell_based,9,D,2019,
CHEMBL4454157,CHEMBL4454157,Nc1nc(N/N=C/c2cccnc2Cl)nc2c1ncn2[C@@H]1O[C@H](CO)[C@@H](O)[C@H]1O,,8.2,2,8.06,8.34,EC50;Ki,B;F,cell-based format,cell_based,9,D,2019,
CHEMBL4454225,CHEMBL4454225,Cc1nc(N)c2nc(-c3ccccc3)sc2n1,,6.61,1,6.61,6.61,Ki,B,cell-based format,cell_based,9,D,2019,
CHEMBL4454417,CHEMBL4454417,CCCn1c(=O)[nH]c2nc(-c3ccc(S(=O)(=O)N4CCN(c5ccc(Cl)c(O)c5)CC4)cc3)[nH]c2c1=O,,7.39,1,7.39,7.39,Ki,B,cell-based format,cell_based,9,D,2019,
CHEMBL4455208,CHEMBL4455208,COc1cc(O)ccc1-c1cn2c(=O)n(-c3ccccc3)nc2c(N)n1,,7.78,1,7.78,7.78,Ki,B,cell-based format,cell_based,9,D,2019,
CHEMBL4455937,CHEMBL4455937,CCCn1c(=O)[nH]c2nc(-c3ccc(S(=O)(=O)N4CCN(C)CC4)cc3)[nH]c2c1=O,,6.85,1,6.85,6.85,Ki,B,cell-based format,cell_based,9,D,2019,
CHEMBL4456096,CHEMBL4456096,CCCn1c(=O)[nH]c2nc(-c3ccc(S(=O)(=O)N4CCN(c5cccc(OC)c5)CC4)cc3)[nH]c2c1=O,,6.71,1,6.71,6.71,Ki,B,cell-based format,cell_based,9,D,2019,
CHEMBL4457393,CHEMBL4457393,COc1c(C)cc(-c2cn3c(=O)n(-c4ccccc4)nc3c(N)n2)cc1C,,9.77,1,9.77,9.77,Ki,B,cell-based format,cell_based,9,D,2019,
CHEMBL4457537,CHEMBL4457537,Oc1ccc(-c2nc(N3CCCCC3)c3nc[nH]c3n2)cc1,,7.0,1,7.0,7.0,Ki,B,cell-based format,cell_based,9,D,2019,
CHEMBL445755,CHEMBL445755,CCN(CC)c1cc(NC(C)=O)nc(-n2nc(C)cc2C)n1,,7.04,1,7.04,7.04,Ki,B,cell-based format,cell_based,9,D,2009,
CHEMBL4457917,CHEMBL4457917,COc1cccc(-c2nc(N)c3nc(-c4ccco4)sc3n2)c1,,8.72,1,8.72,8.72,Ki,B,cell-based format,cell_based,9,D,2019,
CHEMBL4458638,CHEMBL4458638,Nc1nc(N/N=C/c2ccc3ncccc3c2)nc2c1ncn2[C@@H]1O[C@H](CO)[C@@H](O)[C@H]1O,,8.225,2,8.19,8.26,EC50;Ki,B;F,cell-based format,cell_based,9,D,2019,
CHEMBL4458815,CHEMBL4458815,Nc1nc(N/N=C/c2ccc(-n3ccnc3)cc2)nc2c1ncn2[C@@H]1O[C@H](CO)[C@@H](O)[C@H]1O,,6.67,1,6.67,6.67,Ki,B,cell-based format,cell_based,9,D,2019,
CHEMBL4460114,CHEMBL4460114,CCCn1c(=O)[nH]c2nc(-c3ccc(S(=O)(=O)N4CCN(c5cccc(Cl)c5)CC4)cc3)[nH]c2c1=O,,6.0,1,6.0,6.0,Ki,B,cell-based format,cell_based,9,D,2019,
CHEMBL4460201,CHEMBL4460201,Cc1cc(-c2cn3c(=O)n(-c4ccccc4)nc3c(N)n2)cc(C)c1O,,8.6,1,8.6,8.6,Ki,B,cell-based format,cell_based,9,D,2019,
CHEMBL4460556,CHEMBL4460556,Nc1nc(N/N=C/c2ccc(C(F)(F)F)cc2)nc2c1ncn2[C@@H]1O[C@H](CO)[C@@H](O)[C@H]1O,,7.21,1,7.21,7.21,Ki,B,cell-based format,cell_based,9,D,2019,
CHEMBL4461773,CHEMBL4461773,Cn1cc2c(nc(NCCNC(=O)OC(C)(C)C)n3nc(-c4ccco4)nc23)n1,,6.21,1,6.21,6.21,Ki,B,cell-based format,cell_based,9,D,2019,
CHEMBL446264,CHEMBL446264,CC(C)n1c(Br)nc2c(N)ncnc21,,7.13,1,7.13,7.13,Ki,B,cell-based format,cell_based,9,D,2009,
CHEMBL4463100,CHEMBL4463100,Nc1nc(N/N=C/c2cccc(OCc3ccccc3)c2)nc2c1ncn2[C@@H]1O[C@H](CO)[C@@H](O)[C@H]1O,,6.76,1,6.76,6.76,Ki,B,cell-based format,cell_based,9,D,2019,
CHEMBL4463802,CHEMBL4463802,O=C(NC1CC1)[C@@]12C[C@@H]1[C@@H](n1cnc3c(N[C@H]4C[C@H]5CC[C@@H]4C5)nc(Cl)nc31)[C@H](O)[C@@H]2O,,6.28,1,6.28,6.28,Ki,B,cell-based format,cell_based,9,D,2019,
CHEMBL4463929,CHEMBL4463929,CCCn1c(=O)[nH]c2nc(-c3ccc(S(=O)(=O)N4CCN(c5ccc(Cl)c(OC)c5)CC4)cc3)[nH]c2c1=O,,7.45,1,7.45,7.45,Ki,B,cell-based format,cell_based,9,D,2019,
CHEMBL4464175,CHEMBL4464175,CCCn1c(=O)[nH]c2nc(-c3ccc(S(=O)(=O)N4CCN(Cc5ccc(F)c(OC)c5)CC4)cc3)[nH]c2c1=O,,6.87,1,6.87,6.87,Ki,B,cell-based format,cell_based,9,D,2019,
CHEMBL4464522,CHEMBL4464522,CCCn1c(=O)[nH]c2nc(-c3ccc(S(=O)(=O)N4CCN(Cc5cccc(Br)c5)CC4)cc3)[nH]c2c1=O,,7.03,1,7.03,7.03,Ki,B,cell-based format,cell_based,9,D,2019,
CHEMBL4465141,CHEMBL4465141,O=C(Nc1nc2nn(CCCc3ccccc3)cc2c2nc(-c3ccco3)nn12)c1cccc2ccccc12,,6.1,1,6.1,6.1,Ki,B,cell-based format,cell_based,9,D,2019,
CHEMBL446616,CHEMBL446616,OC[C@H]1O[C@@H](n2cnc3c(NCc4cccc5ccccc45)nc(NC4CCCC4)nc32)[C@H](O)[C@@H]1O,,7.6,1,7.6,7.6,Ki,B,single protein format,single_protein,8,H,2000,
CHEMBL4466375,CHEMBL4466375,COc1cccc(-c2nc(N)c3nc(-c4ccccc4)sc3n2)c1,,6.96,1,6.96,6.96,Ki,B,cell-based format,cell_based,9,D,2019,
CHEMBL4466404,CHEMBL4466404,NCCOc1ccc(-c2cn3c(=O)n(-c4ccccc4)nc3c(N)n2)cc1,,7.83,1,7.83,7.83,Ki,B,cell-based format,cell_based,9,D,2019,
CHEMBL4466609,CHEMBL4466609,Nc1nc(-c2ccccc2)nc2sc(-c3ccco3)nc12,,8.52,1,8.52,8.52,Ki,B,cell-based format,cell_based,9,D,2019,
CHEMBL446679,CHEMBL446679,CCCCn1c(=O)c2nc[nH]c2n(CCC)c1=O,,7.52,1,7.52,7.52,EC50,F,assay format,other,8,H,1992,
CHEMBL446738,CHEMBL446738,COC[C@@H]1CCCN1c1cc(NC(C)=O)nc(-c2ccccn2)n1,,7.3,1,7.3,7.3,Ki,B,cell-based format,cell_based,9,D,2009,
CHEMBL4467573,CHEMBL4467573,CCCn1c(=O)[nH]c2nc(-c3ccc(S(=O)(=O)N4CCN(Cc5cc(F)cc(OC)c5)CC4)cc3)[nH]c2c1=O,,6.8,1,6.8,6.8,Ki,B,cell-based format,cell_based,9,D,2019,
CHEMBL4468144,CHEMBL4468144,Nc1nc(N/N=C/c2cncs2)nc2c1ncn2[C@@H]1O[C@H](CO)[C@@H](O)[C@H]1O,,7.15,1,7.15,7.15,Ki,B,cell-based format,cell_based,9,D,2019,
CHEMBL4468448,CHEMBL4468448,Nc1nc(N/N=C/c2ccc[nH]2)nc2c1ncn2[C@@H]1O[C@H](CO)[C@@H](O)[C@H]1O,,8.075,2,8.07,8.08,EC50;Ki,B;F,cell-based format,cell_based,9,D,2019,
CHEMBL4469798,CHEMBL4469798,Cn1cc2c(nc(NCCCOCCOCCOCCCNC(=O)OC(C)(C)C)n3nc(-c4ccco4)nc23)n1,,6.17,1,6.17,6.17,Ki,B,cell-based format,cell_based,9,D,2019,
CHEMBL4470622,CHEMBL4470622,O=C(Nc1nc(-c2ccccc2)nc2sc(-c3ccccc3)nc12)c1ccccc1,,6.98,1,6.98,6.98,Ki,B,cell-based format,cell_based,9,D,2019,
CHEMBL4470683,CHEMBL4470683,N#Cc1cccc(-c2nc(N)c3nc(-c4ccco4)sc3n2)c1,,8.11,1,8.11,8.11,Ki,B,cell-based format,cell_based,9,D,2019,
CHEMBL4471205,CHEMBL4471205,CCCn1c(=O)[nH]c2nc(-c3ccc(S(=O)(=O)N4CCN(c5ccc(F)cc5)CC4)cc3)[nH]c2c1=O,,6.97,1,6.97,6.97,Ki,B,cell-based format,cell_based,9,D,2019,
CHEMBL4471366,CHEMBL4471366,Nc1nc(N/N=C/c2ccc(OCc3ccccc3)c(OCc3ccccc3)c2)nc2c1ncn2[C@@H]1O[C@H](CO)[C@@H](O)[C@H]1O,,8.965,2,8.74,9.19,EC50;Ki,B;F,cell-based format,cell_based,9,D,2019,
CHEMBL447192,CHEMBL447192,N#Cc1c(-c2ccco2)cc(-c2ccccc2)nc1N,,7.72,1,7.72,7.72,Ki,B,cell-based format,cell_based,9,D,2008,
CHEMBL4473749,CHEMBL4473749,CCCn1c(=O)[nH]c2nc(-c3ccc(S(=O)(=O)N(C)CCc4ccccc4)cc3)[nH]c2c1=O,,6.45,1,6.45,6.45,Ki,B,cell-based format,cell_based,9,D,2019,
CHEMBL447664,CHEMBL447664,Cc1cc(Cn2nnc3c(-c4ccco4)nc(N)nc32)ccc1N,VIPADENANT,9.1,3,8.89,9.2,Kd;Ki,B;F,cell-based format;single protein format,mixed,9,D,2009;2022,2
CHEMBL4482881,CHEMBL4482881,COc1cc(-c2cn3c(=O)n(-c4ccccc4)nc3c(N)n2)cc(OC)c1OC,,8.46,1,8.46,8.46,Ki,B,cell-based format,cell_based,9,D,2019,
CHEMBL4483392,CHEMBL4483392,Cn1c(=O)c2c(nc3n2CCN(Cc2csc(-c4cccc(Cl)c4)n2)C3)n(C)c1=O,,6.44,1,6.44,6.44,Ki,B,single protein format,single_protein,9,D,2016,
CHEMBL448781,CHEMBL448781,N#Cc1c(-c2ccc(Cl)c(Cl)c2)cc(-c2cccnc2)nc1N,,6.68,1,6.68,6.68,Ki,B,single protein format,single_protein,9,D,2006,
CHEMBL449133,CHEMBL449133,CCCn1c(=O)c2[nH]c(-c3ccc(OC)cc3)cc2n(CCC)c1=O,,6.7,1,6.7,6.7,Ki,B,cell-based format,cell_based,9,D,2008,
CHEMBL449469,CHEMBL449469,Cc1cnc(-c2nc(N)nc3c2nnn3Cc2ccccc2F)s1,,8.07,1,8.07,8.07,Ki,B,cell-based format,cell_based,9,D,2009,
CHEMBL449596,CHEMBL449596,Nc1nc(-c2ccco2)c2nnn(Cc3cccnc3)c2n1,,7.84,1,7.84,7.84,Ki,B,cell-based format,cell_based,9,D,2009,
CHEMBL4517597,CHEMBL4517597,COC(=O)c1cccc(CSc2nc(N)c(C#N)c(-c3cccs3)c2C#N)c1,,6.16,1,6.16,6.16,Ki,B,cell-based format,cell_based,9,D,2019,
CHEMBL4519655,CHEMBL4519655,Nc1nc(-c2ccc3c(c2)OCO3)cn2c(=O)n(-c3ccccc3)nc12,,8.13,1,8.13,8.13,Ki,B,cell-based format,cell_based,9,D,2019,
CHEMBL4521115,CHEMBL4521115,N#Cc1cccc(CSc2nc(N)c(C#N)c(-c3ccco3)c2C#N)c1,,7.03,1,7.03,7.03,Ki,B,cell-based format,cell_based,9,D,2019,
CHEMBL4521162,CHEMBL4521162,COC(=O)c1cccc(CSc2nc(N)c(C#N)c(-c3cccnc3)c2C#N)c1,,6.2,1,6.2,6.2,Ki,B,cell-based format,cell_based,9,D,2019,
CHEMBL4521517,CHEMBL4521517,Cn1c(=O)c2c(nc3n2CCCN3Cc2c(F)cccc2Cl)n(C)c1=O,,6.72,1,6.72,6.72,Ki,B,cell-based format,cell_based,9,D,2019,
CHEMBL4521971,CHEMBL4521971,Clc1cc2c(NC3CCCC3)nnc(-c3ccncc3)c2cc1Cl,,7.55,2,7.55,7.55,Ki,B,single protein format,single_protein,9,D,2017;2023,
CHEMBL452203,CHEMBL452203,O=C(c1ccccc1)c1sc(NC2CCN(Cc3ccccc3F)CC2)nc1-c1ccco1,,6.98,1,6.98,6.98,Ki,B,cell-based format,cell_based,9,D,2009,
CHEMBL4522146,CHEMBL4522146,Nc1nc(-c2ccc(CO)cc2)nc2sc(-c3ccccc3)nc12,,7.09,1,7.09,7.09,Ki,B,cell-based format,cell_based,9,D,2019,
CHEMBL4522981,CHEMBL4522981,CCn1c(=O)c2c(C)c(C(=O)N3CCC(O)CC3)sc2n(CCC(F)(F)F)c1=O,,6.09,1,6.09,6.09,IC50,B,cell-based format,cell_based,9,D,2019,
CHEMBL4524485,CHEMBL4524485,Nc1nc(-c2ccc(NC(=O)CCCCC3CCSS3)cc2)cn2c(=O)n(-c3ccccc3)nc12,,8.3,1,8.3,8.3,Ki,B,cell-based format,cell_based,9,D,2019,
CHEMBL452454,CHEMBL452454,CCCn1c(=O)c2[nH]c(-c3ccc(COC(=O)N4CCN(c5cccc(Cl)c5)CC4)cc3)cc2n(CCC)c1=O,,7.55,1,7.55,7.55,Ki,B,cell-based format,cell_based,9,D,2009,
CHEMBL4526113,CHEMBL4526113,COc1cc(/C=N/Nc2nc(N)c3ncn([C@@H]4O[C@H](CO)[C@@H](O)[C@H]4O)c3n2)ccc1OCc1ccccc1,,7.0,1,7.0,7.0,Ki,B,cell-based format,cell_based,9,D,2019,
CHEMBL4526138,CHEMBL4526138,Cn1cc2c(nc(NCCCCCNC(=O)OC(C)(C)C)n3nc(-c4ccco4)nc23)n1,,6.46,1,6.46,6.46,Ki,B,cell-based format,cell_based,9,D,2019,
CHEMBL4529321,CHEMBL4529321,Nc1nc(-c2cccc(O)c2)nc2sc(-c3ccco3)nc12,,7.455,2,6.12,8.79,IC50;Ki,B;F,cell-based format,cell_based,9,D,2019,
CHEMBL4529435,CHEMBL4529435,CCCn1c(=O)[nH]c2nc(-c3ccc(S(=O)(=O)N4CCN(Cc5ccc(OCCO)cc5)CC4)cc3)[nH]c2c1=O,,6.62,1,6.62,6.62,Ki,B,cell-based format,cell_based,9,D,2019,
CHEMBL4530009,CHEMBL4530009,O=C(Nc1nc(-c2ccccc2)nc2sc(-c3ccco3)nc12)c1ccco1,,6.37,1,6.37,6.37,Ki,B,cell-based format,cell_based,9,D,2019,
CHEMBL4530036,CHEMBL4530036,Cc1sc2nc(NC(=O)c3ccccc3)[nH]c(=O)c2c1C,,6.19,1,6.19,6.19,Ki,B,cell-based format,cell_based,9,D,2019,
CHEMBL4530682,CHEMBL4530682,Nc1nc(-c2cccc(CO)c2)nc2sc(-c3ccco3)nc12,,8.68,1,8.68,8.68,Ki,B,cell-based format,cell_based,9,D,2019,
CHEMBL4531815,CHEMBL4531815,Nc1nc(-c2ccc(O)c(O)c2)cn2c(=O)n(-c3ccccc3)nc12,,8.28,1,8.28,8.28,Ki,B,cell-based format,cell_based,9,D,2019,
CHEMBL4533415,CHEMBL4533415,N#Cc1ccc(/C=N/Nc2nc(N)c3ncn([C@@H]4O[C@H](CO)[C@@H](O)[C@H]4O)c3n2)cc1,,7.945,2,7.82,8.07,EC50;Ki,B;F,cell-based format,cell_based,9,D,2019,
CHEMBL4537666,CHEMBL4537666,COc1ccc(-c2nc(N)c3nc(-c4ccccc4)sc3n2)cc1,,6.94,1,6.94,6.94,Ki,B,cell-based format,cell_based,9,D,2019,
CHEMBL4538468,CHEMBL4538468,CCCn1c(=O)[nH]c2nc(-c3ccc(S(=O)(=O)N4CCN(c5ccc(O)c(Cl)c5)CC4)cc3)[nH]c2c1=O,,7.03,1,7.03,7.03,Ki,B,cell-based format,cell_based,9,D,2019,
CHEMBL4539755,CHEMBL4539755,CCCOc1ccc(/C=N/Nc2nc(N)c3ncn([C@@H]4O[C@H](CO)[C@@H](O)[C@H]4O)c3n2)cc1,,6.65,1,6.65,6.65,Ki,B,cell-based format,cell_based,9,D,2019,
CHEMBL4540206,CHEMBL4540206,CCCn1c(=O)[nH]c2nc(-c3ccc(S(=O)(=O)N4CCN(Cc5ccc(Br)cc5)CC4)cc3)[nH]c2c1=O,,7.11,1,7.11,7.11,Ki,B,cell-based format,cell_based,9,D,2019,
CHEMBL4540395,CHEMBL4540395,Cn1c(=O)c2c(nc3n2CCN(Cc2csc(-c4cccs4)n2)C3)n(C)c1=O,,6.69,1,6.69,6.69,Ki,B,single protein format,single_protein,9,D,2016,
CHEMBL4542585,CHEMBL4542585,Nc1nc(N/N=C/c2ccc(N(c3ccccc3)c3ccccc3)cc2)nc2c1ncn2[C@@H]1O[C@H](CO)[C@@H](O)[C@H]1O,,7.17,1,7.17,7.17,Ki,B,cell-based format,cell_based,9,D,2019,
CHEMBL4543948,CHEMBL4543948,CCCn1c(=O)[nH]c2nc(-c3ccc(S(=O)(=O)N4CCN(C(=O)c5ccccc5)CC4)cc3)[nH]c2c1=O,,6.84,1,6.84,6.84,Ki,B,cell-based format,cell_based,9,D,2019,
CHEMBL4546595,CHEMBL4546595,Nc1nc(-c2ccc(CO)cc2)nc2sc(-c3ccco3)nc12,,8.11,1,8.11,8.11,Ki,B,cell-based format,cell_based,9,D,2019,
CHEMBL454700,CHEMBL454700,CCCn1c(=O)c2[nH]c(-c3ccco3)c(O)c2n(CCC)c1=O,,6.98,1,6.98,6.98,Ki,B,cell-based format,cell_based,9,D,2008,
CHEMBL4547517,CHEMBL4547517,COc1ccc(-c2cn3c(=O)n(-c4ccccc4)nc3c(N)n2)cc1OC,,8.24,1,8.24,8.24,Ki,B,cell-based format,cell_based,9,D,2019,
CHEMBL4547661,CHEMBL4547661,CCCn1c(=O)c2[nH]c(-c3ccc(S(=O)(=O)N4CCN(c5ccc(Cl)cc5)CC4)cc3)nc2n(CC)c1=O,,6.49,1,6.49,6.49,Ki,B,cell-based format,cell_based,9,D,2019,
CHEMBL4548689,CHEMBL4548689,Nc1nc(NCc2ccccc2)nc(-c2ccccc2CO)n1,Ogerin,6.66,1,6.66,6.66,Ki,F,cell-based format,cell_based,9,D,2015,
CHEMBL4549506,CHEMBL4549506,Cn1c(=O)c2c(nc3n2CCN(Cc2csc(-c4ccc(C(F)(F)F)cc4)n2)C3)n(C)c1=O,,6.66,1,6.66,6.66,Ki,B,single protein format,single_protein,9,D,2016,
CHEMBL4549927,CHEMBL4549927,COc1ccccc1CN1CCCCn2c1nc1c2c(=O)n(C)c(=O)n1C,,6.02,1,6.02,6.02,Ki,B,cell-based format,cell_based,9,D,2019,
CHEMBL4550896,CHEMBL4550896,O=C(Nc1ccc2ccccc2n1)c1ccco1,,6.78,1,6.78,6.78,IC50,F,cell-based format,cell_based,9,D,2022,
CHEMBL4550899,CHEMBL4550899,Cn1c(=O)c2c(nc3n2CCCCN3Cc2ccccc2Cl)n(C)c1=O,,6.05,1,6.05,6.05,Ki,B,cell-based format,cell_based,9,D,2019,
CHEMBL455264,CHEMBL455264,N#Cc1c(-c2cccs2)cc(-c2cccs2)nc1N,,7.5,1,7.5,7.5,Ki,B,cell-based format,cell_based,9,D,2008,
CHEMBL455315,CHEMBL455315,CCCn1c(=O)c2[nH]c(-c3ccc(C(=O)O)cc3)c(O)c2n(CCC)c1=O,,6.03,1,6.03,6.03,Ki,B,cell-based format,cell_based,9,D,2008,
CHEMBL4554404,CHEMBL4554404,COc1ccccc1CN1CCn2c1nc1c2c(=O)n(C)c(=O)n1C,,6.11,1,6.11,6.11,Ki,B,cell-based format,cell_based,9,D,2019,
CHEMBL4554778,CHEMBL4554778,Cn1c(=O)c2c(nc3n2CCN(Cc2csc(-c4ccc(Cl)cc4)n2)C3)n(C)c1=O,,6.46,1,6.46,6.46,Ki,B,single protein format,single_protein,9,D,2016,
CHEMBL4557250,CHEMBL4557250,N#Cc1c(N)nc(SCc2cccc(CO)c2)c(C#N)c1-c1ccco1,,7.585,2,7.51,7.66,IC50;Ki,B;F,cell-based format,cell_based,9,D,2019,
CHEMBL4557518,CHEMBL4557518,N#Cc1c(N)nc(SCC(=O)c2ccccc2)c(C#N)c1-c1ccco1,,6.65,1,6.65,6.65,Ki,B,cell-based format,cell_based,9,D,2019,
CHEMBL455848,CHEMBL455848,COC[C@H]1C[C@H](OC)CN1c1cc(NC(C)=O)nc(-n2nc(C)cc2C)n1,,8.12,1,8.12,8.12,Ki,B,cell-based format,cell_based,9,D,2009,
CHEMBL455849,CHEMBL455849,COC[C@H]1C[C@@H](OC)CN1c1cc(NC(C)=O)nc(-n2nc(C)cc2C)n1,,7.64,1,7.64,7.64,Ki,B,cell-based format,cell_based,9,D,2009,
CHEMBL4559410,CHEMBL4559410,Cn1c(=O)c2c(nc3n2CCCCN3Cc2ccccc2Br)n(C)c1=O,,6.12,1,6.12,6.12,Ki,B,cell-based format,cell_based,9,D,2019,
CHEMBL455985,CHEMBL455985,CCCn1c(=O)c2[nH]c(-c3ccc(C)cc3)c(O)c2n(CCC)c1=O,,7.05,1,7.05,7.05,Ki,B,cell-based format,cell_based,9,D,2008,
CHEMBL455986,CHEMBL455986,CCCn1c(=O)c2[nH]c(-c3ccc(N)cc3)cc2n(CCC)c1=O,,6.79,1,6.79,6.79,Ki,B,cell-based format,cell_based,9,D,2008,
CHEMBL4559969,CHEMBL4559969,Nc1nc(-c2ccco2)nc2sc(-c3ccco3)nc12,,7.495,2,6.52,8.47,IC50;Ki,B;F,cell-based format,cell_based,9,D,2019,
CHEMBL455998,CHEMBL455998,CCCn1c(=O)c2c(cc(-c3ccc(O)cc3)n2O)n(CCC)c1=O,,6.99,1,6.99,6.99,Ki,B,cell-based format,cell_based,9,D,2008,
CHEMBL455999,CHEMBL455999,CCCn1c(=O)c2[nH]c(-c3ccc(O)cc3)c(O)c2n(CCC)c1=O,,6.93,1,6.93,6.93,Ki,B,cell-based format,cell_based,9,D,2008,
CHEMBL456011,CHEMBL456011,O=C(Nc1nc(-c2ccccc2)nc2c1nnn2Cc1ccccc1)c1cccs1,,6.52,1,6.52,6.52,Ki,B,cell-based format,cell_based,9,D,2009,
CHEMBL4560207,CHEMBL4560207,COc1c(C(C)(C)C)cc(-c2cn3c(=O)n(-c4ccccc4)nc3c(N)n2)cc1C(C)(C)C,,6.85,1,6.85,6.85,Ki,B,cell-based format,cell_based,9,D,2019,
CHEMBL456051,CHEMBL456051,CCCC1CCN(c2cc(NC(C)=O)nc(-n3nc(C)cc3C)n2)C1,,7.58,1,7.58,7.58,Ki,B,cell-based format,cell_based,9,D,2009,
CHEMBL456068,CHEMBL456068,COC[C@@H]1CCCN1c1cc(NC(C)=O)nc(-c2cccs2)n1,,7.57,1,7.57,7.57,Ki,B,cell-based format,cell_based,9,D,2009,
CHEMBL456069,CHEMBL456069,COC[C@@H]1CCCN1c1cc(NC(C)=O)nc(-c2nccs2)n1,,7.82,1,7.82,7.82,Ki,B,cell-based format,cell_based,9,D,2009,
CHEMBL456073,CHEMBL456073,CC(=O)Nc1cc(N2CCCC2C)nc(-n2nc(C)cc2C)n1,,7.55,1,7.55,7.55,Ki,B,cell-based format,cell_based,9,D,2009,
CHEMBL4560929,CHEMBL4560929,N#Cc1c(NCc2ccccc2)nc(SCCO)c(C#N)c1-c1ccco1,,6.34,1,6.34,6.34,Ki,B,cell-based format,cell_based,9,D,2019,
CHEMBL456125,CHEMBL456125,CCCn1c(=O)c2[nH]c(-c3ccc(OCC(=O)Nc4ccc(Br)cc4)cc3)c(O)c2n(CCC)c1=O,,7.0,1,7.0,7.0,Ki,B,cell-based format,cell_based,9,D,2008,
CHEMBL4561681,CHEMBL4561681,CC(C)(C)c1cc(-c2cn3c(=O)n(-c4ccccc4)nc3c(N)n2)ccc1O,,7.41,2,6.75,8.07,IC50;Ki,B;F,cell-based format,cell_based,9,D,2019,
CHEMBL4562453,CHEMBL4562453,COC(=O)c1cccc(CSc2nc(N)c(C#N)c(-c3ccoc3)c2C#N)c1,,7.02,1,7.02,7.02,Ki,B,cell-based format,cell_based,9,D,2019,
CHEMBL456271,CHEMBL456271,CCOCC1CCCN1c1cc(NC(C)=O)nc(-n2nc(C)cc2C)n1,,6.34,1,6.34,6.34,Ki,B,cell-based format,cell_based,9,D,2009,
CHEMBL456287,CHEMBL456287,CC(=O)Nc1cc(N2CCc3ccccc3C2)nc(-n2nc(C)cc2C)n1,,8.38,1,8.38,8.38,Ki,B,cell-based format,cell_based,9,D,2009,
CHEMBL4563397,CHEMBL4563397,Cn1c(=O)c2c(nc3n2CCN3Cc2cccc(Br)c2)n(C)c1=O,,6.43,1,6.43,6.43,Ki,B,cell-based format,cell_based,9,D,2019,
CHEMBL4563432,CHEMBL4563432,Nc1ccc(-c2cn3c(=O)n(-c4ccccc4)nc3c(N)n2)cc1,,7.64,1,7.64,7.64,Ki,B,cell-based format,cell_based,9,D,2019,
CHEMBL4564192,CHEMBL4564192,Nc1nc(N/N=C/c2ccc(-c3ccccc3)cc2)nc2c1ncn2[C@@H]1O[C@H](CO)[C@@H](O)[C@H]1O,,7.970000000000001,2,7.7,8.24,EC50;Ki,B;F,cell-based format,cell_based,9,D,2019,
CHEMBL456455,CHEMBL456455,O=C(c1ccccc1)c1sc(NCCc2ccc3c(c2)OCO3)nc1-c1ccco1,,7.21,1,7.21,7.21,Ki,B,cell-based format,cell_based,9,D,2009,
CHEMBL456457,CHEMBL456457,O=C(c1ccccc1)c1sc(NCc2cccs2)nc1-c1ccco1,,7.27,1,7.27,7.27,Ki,B,cell-based format,cell_based,9,D,2009,
CHEMBL4566170,CHEMBL4566170,CCCn1c(=O)[nH]c2nc(-c3ccc(S(=O)(=O)N4CCN(Cc5ccc(Br)c(F)c5)CC4)cc3)[nH]c2c1=O,,6.39,1,6.39,6.39,Ki,B,cell-based format,cell_based,9,D,2019,
CHEMBL4566909,CHEMBL4566909,Nc1nc(-c2ccccc2)nc2sc(-c3ccccc3)nc12,,7.72,1,7.72,7.72,Ki,B,cell-based format,cell_based,9,D,2019,
CHEMBL4567470,CHEMBL4567470,Cn1c(=O)c2c(nc3n2CCN(CCCc2cccc(Br)c2)C3)n(C)c1=O,,6.29,1,6.29,6.29,Ki,B,single protein format,single_protein,9,D,2016,
CHEMBL4567785,CHEMBL4567785,CCCn1c(=O)[nH]c2nc(-c3ccc(S(=O)(=O)N4CCN(Cc5ccc(N=[N+]=[N-])cc5)CC4)cc3)[nH]c2c1=O,,6.68,1,6.68,6.68,Ki,B,cell-based format,cell_based,9,D,2019,
CHEMBL456816,CHEMBL456816,CCCn1c(=O)c2[nH]c(-c3ccc(C(C)=O)cc3)c(O)c2n(CCC)c1=O,,6.49,1,6.49,6.49,Ki,B,cell-based format,cell_based,9,D,2008,
CHEMBL457014,CHEMBL457014,CCCn1c(=O)c2[nH]c(-c3ccc([N+](=O)[O-])cc3)c(O)c2n(CCC)c1=O,,6.84,1,6.84,6.84,Ki,B,cell-based format,cell_based,9,D,2008,
CHEMBL457015,CHEMBL457015,CCCn1c(=O)c2[nH]c(-c3ccc(S(C)(=O)=O)cc3)c(O)c2n(C)c1=O,,6.33,1,6.33,6.33,Ki,B,cell-based format,cell_based,9,D,2008,
CHEMBL4570974,CHEMBL4570974,COc1ccc(Cl)c(CN2CCCn3c2nc2c3c(=O)n(C)c(=O)n2C)c1F,,6.2,1,6.2,6.2,Ki,B,cell-based format,cell_based,9,D,2019,
CHEMBL457102,CHEMBL457102,O=C(c1ccccc1)c1sc(NCCc2cccs2)nc1-c1ccco1,,7.92,1,7.92,7.92,Ki,B,cell-based format,cell_based,9,D,2009,
CHEMBL457103,CHEMBL457103,O=C(c1ccccc1)c1sc(NCCCc2ccccc2)nc1-c1ccco1,,6.98,1,6.98,6.98,Ki,B,cell-based format,cell_based,9,D,2009,
CHEMBL457209,CHEMBL457209,CCCn1c(=O)c2c(cc(-c3ccc(OC)cc3)n2O)n(CCC)c1=O,,6.2,1,6.2,6.2,Ki,B,cell-based format,cell_based,9,D,2008,
CHEMBL4572369,CHEMBL4572369,CCCn1c(=O)[nH]c2nc(-c3ccc(S(=O)(=O)N4CCN(c5ccccc5)CC4)cc3)[nH]c2c1=O,,6.91,1,6.91,6.91,Ki,B,cell-based format,cell_based,9,D,2019,
CHEMBL4573517,CHEMBL4573517,Cn1c(=O)c2c(nc3n2CCN3Cc2ccccc2Br)n(C)c1=O,,6.05,1,6.05,6.05,Ki,B,cell-based format,cell_based,9,D,2019,
CHEMBL457418,CHEMBL457418,CCCn1c(=O)c2[nH]c(-c3ccc(OC)cc3)c(O)c2n(CCC)c1=O,,6.83,1,6.83,6.83,Ki,B,cell-based format,cell_based,9,D,2008,
CHEMBL457442,CHEMBL457442,CCCn1c(=O)c2[nH]c(-c3ccc(C)cc3)cc2n(CCC)c1=O,,6.2,1,6.2,6.2,Ki,B,cell-based format,cell_based,9,D,2008,
CHEMBL4575279,CHEMBL4575279,CCCn1c(=O)[nH]c2nc(-c3ccc(S(=O)(=O)N4CCN(Cc5ccc(OCCOCCOC)cc5)CC4)cc3)[nH]c2c1=O,,6.5,1,6.5,6.5,Ki,B,cell-based format,cell_based,9,D,2019,
CHEMBL457546,CHEMBL457546,O=C(c1ccccc1)c1sc(N(Cc2ccccc2)Cc2ccco2)nc1-c1ccco1,,7.06,1,7.06,7.06,Ki,B,cell-based format,cell_based,9,D,2009,
CHEMBL457573,CHEMBL457573,CC(=O)Nc1cc(N2CCC[C@@H]2COc2ccccn2)nc(-n2nc(C)cc2C)n1,,7.4,1,7.4,7.4,Ki,B,cell-based format,cell_based,9,D,2009,
CHEMBL457578,CHEMBL457578,CC(=O)Nc1cc(N2CCCCC2)nc(-n2nc(C)cc2C)n1,,7.11,1,7.11,7.11,Ki,B,cell-based format,cell_based,9,D,2009,
CHEMBL457579,CHEMBL457579,CC(=O)Nc1cc(N2CCOCC2)nc(-n2nc(C)cc2C)n1,,6.5,1,6.5,6.5,Ki,B,cell-based format,cell_based,9,D,2009,
CHEMBL457659,CHEMBL457659,CCCn1c(=O)c2c(cc(-c3ccc(C)cc3)n2O)n(CCC)c1=O,,6.4,1,6.4,6.4,Ki,B,cell-based format,cell_based,9,D,2008,
CHEMBL4576915,CHEMBL4576915,Nc1nc(N/N=C/c2ccc(OCc3ccc(F)cc3)cc2)nc2c1ncn2[C@@H]1O[C@H](CO)[C@@H](O)[C@H]1O,,8.325,2,8.26,8.39,EC50;Ki,B;F,cell-based format,cell_based,9,D,2019,
CHEMBL4578482,CHEMBL4578482,N#CCOc1ccc(-c2cn3c(=O)n(-c4ccccc4)nc3c(N)n2)cc1,,7.445,2,6.8,8.09,IC50;Ki,B;F,cell-based format,cell_based,9,D,2019,
CHEMBL457880,CHEMBL457880,CCCn1c(=O)c2c(cc(-c3ccc(N)cc3)n2O)n(CCC)c1=O,,6.62,1,6.62,6.62,Ki,B,cell-based format,cell_based,9,D,2008,
CHEMBL457881,CHEMBL457881,CCCn1c(=O)c2[nH]c(-c3ccc(O)cc3)cc2n(CCC)c1=O,,7.32,1,7.32,7.32,Ki,B,cell-based format,cell_based,9,D,2008,
CHEMBL4581448,CHEMBL4581448,CCCn1c(=O)[nH]c2nc(-c3ccc(S(=O)(=O)N(C)C)cc3)[nH]c2c1=O,,7.28,1,7.28,7.28,Ki,B,cell-based format,cell_based,9,D,2019,
CHEMBL4581984,CHEMBL4581984,N#Cc1c(N)nc(SCc2cccc(C(N)=O)c2)c(C#N)c1-c1ccco1,,7.205,2,7.17,7.24,IC50;Ki,B;F,cell-based format,cell_based,9,D,2019,
CHEMBL4582207,CHEMBL4582207,Cn1c(=O)c2c(nc3n2CCN(CCCc2ccc(Cl)cc2)C3)n(C)c1=O,,6.64,1,6.64,6.64,Ki,B,single protein format,single_protein,9,D,2016,
CHEMBL458224,CHEMBL458224,COC[C@H]1CCCN1c1cc(NC(C)=O)nc(-n2nc(C)cc2C)n1,,7.82,3,7.07,8.33,IC50;Ki,B;F,assay format;cell-based format,cell_based,9,D,2009;2014,
CHEMBL458232,CHEMBL458232,COC[C@@H]1CCC(C)N1c1cc(NC(C)=O)nc(-n2nc(C)cc2C)n1,,7.33,1,7.33,7.33,Ki,B,cell-based format,cell_based,9,D,2009,
CHEMBL4582353,CHEMBL4582353,CCCn1c(=O)[nH]c2nc(-c3ccc(S(=O)(=O)N4CCN(c5ccc(O)cc5)CC4)cc3)[nH]c2c1=O,,7.01,1,7.01,7.01,Ki,B,cell-based format,cell_based,9,D,2019,
CHEMBL458242,CHEMBL458242,COc1cncc(-c2cc(NC(C)=O)nc(-n3nc(C)cc3C)n2)c1,,7.24,3,7.07,8.64,IC50;Ki,B;F,assay format;cell-based format,cell_based,9,D,2008;2009,
CHEMBL4582498,CHEMBL4582498,N#Cc1c(N)nc(SCc2cccc(C(=O)O)c2)c(C#N)c1-c1ccco1,,6.24,1,6.24,6.24,Ki,B,cell-based format,cell_based,9,D,2019,
CHEMBL458346,CHEMBL458346,O=C(Nc1nc(-c2ccccc2)nc2c1nnn2Cc1ccccc1)C1CC1,,6.96,1,6.96,6.96,Ki,B,cell-based format,cell_based,9,D,2009,
CHEMBL4583657,CHEMBL4583657,Cn1cc2c(nc(NCCCCNC(=O)OC(C)(C)C)n3nc(-c4ccco4)nc23)n1,,6.5,1,6.5,6.5,Ki,B,cell-based format,cell_based,9,D,2019,
CHEMBL4584669,CHEMBL4584669,CN(C)c1ccc(/C=N/Nc2nc(N)c3ncn([C@@H]4O[C@H](CO)[C@@H](O)[C@H]4O)c3n2)cc1,,7.97,2,7.75,8.19,EC50;Ki,B;F,cell-based format,cell_based,9,D,2019,
CHEMBL4586090,CHEMBL4586090,CCCn1c(=O)[nH]c2nc(-c3ccc(S(=O)(=O)N4CCN(c5ccccc5)C(C)C4)cc3)[nH]c2c1=O,,6.53,1,6.53,6.53,Ki,B,cell-based format,cell_based,9,D,2019,
CHEMBL4586743,CHEMBL4586743,CC(C)(C)c1cc(C(=O)NCCC(=O)Nc2ccc(-c3cn4c(=O)n(-c5ccccc5)nc4c(N)n3)cc2)cc(C(C)(C)C)c1O,,6.92,2,6.58,7.26,IC50;Ki,B;F,cell-based format,cell_based,9,D,2019,
CHEMBL45891,CHEMBL45891,OC[C@H]1O[C@@H](n2cnc3c(NC4CCCCC4)ncnc32)[C@H](O)[C@@H]1O,,6.12,1,6.12,6.12,Ki,B,tissue-based format,other,8,H,2000,
CHEMBL459098,CHEMBL459098,CC(=O)Nc1cc(N2CCC[C@H]2COc2ccccn2)nc(-n2nc(C)cc2C)n1,,6.36,1,6.36,6.36,Ki,B,cell-based format,cell_based,9,D,2009,
CHEMBL459312,CHEMBL459312,Nc1nc(-c2ccco2)c2nn[nH]c2n1,,6.71,1,6.71,6.71,Ki,B,cell-based format,cell_based,9,D,2009,
CHEMBL459322,CHEMBL459322,CC(C)c1cc(Cn2nnc3c(-c4ccco4)nc(N)nc32)ccc1N,,8.82,1,8.82,8.82,Ki,B,cell-based format,cell_based,9,D,2009,
CHEMBL4594442,CHEMBL4594442,Cc1cc(-c2nnc(N)nc2-c2ccc(F)cc2)cc(Cl)n1,IMARADENANT,7.195,4,6.14,8.77,EC50;IC50;Ki,B;F,assay format;cell-based format;single protein format,mixed,9,D,2018;2021;2022,2
CHEMBL4553304,CHEMBL4595472,Cn1cc2c(nc(NCCCOCCOCCOCCCN)n3nc(-c4ccco4)nc23)n1,,6.46,1,6.46,6.46,Ki,B,cell-based format,cell_based,9,D,2019,
CHEMBL459553,CHEMBL459553,Cn1c(=O)c2[nH]c(-c3ccc(S(C)(=O)=O)cc3)c(O)c2n(C)c1=O,,6.16,1,6.16,6.16,Ki,B,cell-based format,cell_based,9,D,2008,
CHEMBL4468805,CHEMBL4596199,Cn1cc2c(nc(NCCCCCN)n3nc(-c4ccco4)nc23)n1,,7.28,1,7.28,7.28,Ki,B,cell-based format,cell_based,9,D,2019,
CHEMBL4521591,CHEMBL4596681,Cn1cc2c(nc(NN)n3nc(-c4ccco4)nc23)n1,,6.63,1,6.63,6.63,Ki,B,cell-based format,cell_based,9,D,2019,
CHEMBL4441421,CHEMBL4596682,Cn1cc2c(nc(NCC3CCC(CN)CC3)n3nc(-c4ccco4)nc23)n1,,6.17,1,6.17,6.17,Ki,B,cell-based format,cell_based,9,D,2019,
CHEMBL4469102,CHEMBL4597258,Cn1cc2c(nc(NCCOCCOCCN)n3nc(-c4ccco4)nc23)n1,,6.5,1,6.5,6.5,Ki,B,cell-based format,cell_based,9,D,2019,
CHEMBL4458117,CHEMBL4597512,Cn1cc2c(nc(NCCCCN)n3nc(-c4ccco4)nc23)n1,,6.77,1,6.77,6.77,Ki,B,cell-based format,cell_based,9,D,2019,
CHEMBL459772,CHEMBL459772,O=C(Nc1nc(-c2ccccc2)nc2c1nnn2Cc1ccccc1)c1ccoc1,,6.79,1,6.79,6.79,Ki,B,cell-based format,cell_based,9,D,2009,
CHEMBL4474394,CHEMBL4597857,Cn1cc2c(nc(NCCN)n3nc(-c4ccco4)nc23)n1,,6.12,1,6.12,6.12,Ki,B,cell-based format,cell_based,9,D,2019,
CHEMBL4592185,CHEMBL4598107,Cn1cc2c(nc(NCCCN)n3nc(-c4ccco4)nc23)n1,,6.6,1,6.6,6.6,Ki,B,cell-based format,cell_based,9,D,2019,
CHEMBL460170,CHEMBL460170,COCCNc1nc(-c2ccco2)c(C(=O)c2ccccc2)s1,,6.71,1,6.71,6.71,Ki,B,cell-based format,cell_based,9,D,2009,
CHEMBL460171,CHEMBL460171,COC(C)CNc1nc(-c2ccco2)c(C(=O)c2ccccc2)s1,,6.81,1,6.81,6.81,Ki,B,cell-based format,cell_based,9,D,2009,
CHEMBL460172,CHEMBL460172,CC(=O)NCCNc1nc(-c2ccco2)c(C(=O)c2ccccc2)s1,,6.55,1,6.55,6.55,Ki,B,cell-based format,cell_based,9,D,2009,
CHEMBL460384,CHEMBL460384,CC(=O)N1CCC(Nc2nc(-c3ccco3)c(C(=O)c3ccccc3)s2)CC1,,6.34,1,6.34,6.34,Ki,B,cell-based format,cell_based,9,D,2009,
CHEMBL460596,CHEMBL460596,CC(C)NC(=O)c1cccc(Cn2nnc3c(-c4ccco4)nc(N)nc32)c1,,7.97,1,7.97,7.97,Ki,B,cell-based format,cell_based,9,D,2009,
CHEMBL460799,CHEMBL460799,Nc1nc(-c2ccco2)c2nnn(Cc3cccs3)c2n1,,8.64,1,8.64,8.64,Ki,B,cell-based format,cell_based,9,D,2009,
CHEMBL460805,CHEMBL460805,CC(C)N(C)C(=O)c1cccc(Cn2nnc3c(-c4ccco4)nc(N)nc32)c1,,7.66,1,7.66,7.66,Ki,B,cell-based format,cell_based,9,D,2009,
CHEMBL460975,CHEMBL460975,Nc1ccc(Cn2nnc3c(-c4ccco4)nc(N)nc32)cc1,,8.82,1,8.82,8.82,Ki,B,cell-based format,cell_based,9,D,2009,
CHEMBL460976,CHEMBL460976,NCc1ccc(Cn2nnc3c(-c4ccco4)nc(N)nc32)cc1,,6.62,1,6.62,6.62,Ki,B,cell-based format,cell_based,9,D,2009,
CHEMBL461007,CHEMBL461007,N#Cc1ccc(Cn2nnc3c(-c4ccco4)nc(N)nc32)cc1,,7.14,1,7.14,7.14,Ki,B,cell-based format,cell_based,9,D,2009,
CHEMBL461008,CHEMBL461008,Nc1cccc(Cn2nnc3c(-c4ccco4)nc(N)nc32)c1,,8.6,1,8.6,8.6,Ki,B,cell-based format,cell_based,9,D,2009,
CHEMBL461649,CHEMBL461649,Nc1nc(-c2ccco2)c2nnn(Cc3cccc(C(F)(F)F)c3)c2n1,,8.66,1,8.66,8.66,Ki,B,cell-based format,cell_based,9,D,2009,
CHEMBL461650,CHEMBL461650,Nc1nc(-c2ccco2)c2nnn(Cc3ccco3)c2n1,,8.06,1,8.06,8.06,Ki,B,cell-based format,cell_based,9,D,2009,
CHEMBL461651,CHEMBL461651,Cc1cccc(Cn2nnc3c(-c4ccco4)nc(N)nc32)c1,,8.52,1,8.52,8.52,Ki,B,cell-based format,cell_based,9,D,2009,
CHEMBL461656,CHEMBL461656,Nc1nc(-c2ccco2)c2nnn(Cc3cccc(C(=O)O)c3)c2n1,,6.08,1,6.08,6.08,Ki,B,cell-based format,cell_based,9,D,2009,
CHEMBL461665,CHEMBL461665,CNc1nc(-c2ccco2)c(C(=O)c2ccccc2)s1,,7.17,1,7.17,7.17,Ki,B,cell-based format,cell_based,9,D,2009,
CHEMBL461857,CHEMBL461857,Cc1ccc(-c2nc(N)nc3c2nnn3Cc2ccccc2F)o1,,8.68,1,8.68,8.68,Ki,B,cell-based format,cell_based,9,D,2009,
CHEMBL461858,CHEMBL461858,Nc1nc(-c2cc[nH]n2)c2nnn(Cc3ccccc3F)c2n1,,6.62,1,6.62,6.62,Ki,B,cell-based format,cell_based,9,D,2009,
CHEMBL462095,CHEMBL462095,Cc1ccc(-c2cc3c([nH]2)c(=O)n(C)c(=O)n3C)cc1,,6.9,1,6.9,6.9,Ki,B,cell-based format,cell_based,9,D,2008,
CHEMBL462488,CHEMBL462488,Nc1nc(-c2ccco2)c2nnn(Cc3cccc(Cl)c3)c2n1,,8.64,1,8.64,8.64,Ki,B,cell-based format,cell_based,9,D,2009,
CHEMBL462501,CHEMBL462501,Nc1nc(-c2ccco2)c2nnn(Cc3ccccn3)c2n1,,7.92,1,7.92,7.92,Ki,B,cell-based format,cell_based,9,D,2009,
CHEMBL4632427,CHEMBL4632427,CCOC(=O)C1=C(C)Nc2nc3ccccc3n2C1c1ncc[nH]1,,8.3,1,8.3,8.3,Ki,B,cell-based format,cell_based,9,D,2020,
CHEMBL4632532,CHEMBL4632532,Nc1nc(NCCc2ccc(S(N)(=O)=O)cc2)nc2sc(-c3ccco3)nc12,,6.53,1,6.53,6.53,Ki,B,cell-based format,cell_based,9,D,2020,
CHEMBL4632626,CHEMBL4632626,Nc1nc(N2CCC(CNC(=O)CN3C(=O)c4ccccc4S3(=O)=O)CC2)nc2sc(-c3ccco3)nc12,,6.31,1,6.31,6.31,Ki,B,cell-based format,cell_based,9,D,2020,
CHEMBL4632739,CHEMBL4632739,Nc1nc(-c2ccc(OCC(O)CN3CCCCC3)cc2)cn2c(=O)n(-c3ccccc3)nc12,,7.04,1,7.04,7.04,Ki,B,cell-based format,cell_based,9,D,2020,
CHEMBL4632760,CHEMBL4632760,CC1=C(C(=O)OC(C)C)C(c2ncco2)n2c(nc3ccccc32)N1,,9.0,1,9.0,9.0,Ki,B,cell-based format,cell_based,9,D,2020,
CHEMBL4633630,CHEMBL4633630,Nc1nc(NCC2CCN(CC(=O)NCc3ccc(S(N)(=O)=O)cc3)CC2)nc2sc(-c3ccco3)nc12,,7.24,1,7.24,7.24,Ki,B,cell-based format,cell_based,9,D,2020,
CHEMBL4634083,CHEMBL4634083,Nc1nc(N2CCC(CNC(=O)CCN3C(=O)c4ccccc4S3(=O)=O)CC2)nc2sc(-c3ccco3)nc12,,6.19,1,6.19,6.19,Ki,B,cell-based format,cell_based,9,D,2020,
CHEMBL4634105,CHEMBL4634105,CCOC(=O)C1=C(C)Nc2nc3ccccc3n2C1c1nccs1,,8.52,1,8.52,8.52,Ki,B,cell-based format,cell_based,9,D,2020,
CHEMBL4635366,CHEMBL4635366,NC(=O)C1CCN(CCC(=O)Nc2ccc(-c3cn4c(=O)n(-c5ccccc5)nc4c(N)n3)cc2)CC1,,7.1,1,7.1,7.1,Ki,B,cell-based format,cell_based,9,D,2020,
CHEMBL4637032,CHEMBL4637032,CN1CCN(CCC(=O)Nc2ccc(-c3cn4c(=O)n(-c5ccccc5)nc4c(N)n3)cc2)CC1,,7.96,1,7.96,7.96,Ki,B,cell-based format,cell_based,9,D,2020,
CHEMBL4637680,CHEMBL4637680,NCC1CCN(CCC(=O)Nc2ccc(-c3cn4c(=O)n(-c5ccccc5)nc4c(N)n3)cc2)CC1,,6.91,1,6.91,6.91,Ki,B,cell-based format,cell_based,9,D,2020,
CHEMBL4637897,CHEMBL4637897,Nc1nc(-c2ccc(OCC(O)CN3CCOCC3)cc2)cn2c(=O)n(-c3ccccc3)nc12,,6.71,1,6.71,6.71,Ki,B,cell-based format,cell_based,9,D,2020,
CHEMBL4640132,CHEMBL4640132,Nc1nc(-c2ccc(OCCN3CCCCC3)cc2)cn2c(=O)n(-c3ccccc3)nc12,,7.34,1,7.34,7.34,Ki,B,cell-based format,cell_based,9,D,2020,
CHEMBL4640980,CHEMBL4640980,CCOC(=O)C1=C(C)Nc2nc3ccccc3n2C1c1cnco1,,6.55,1,6.55,6.55,Ki,B,cell-based format,cell_based,9,D,2020,
CHEMBL4641290,CHEMBL4641290,Nc1nc(-c2ccc(OCCN3CCCC3)cc2)cn2c(=O)n(-c3ccccc3)nc12,,6.64,1,6.64,6.64,Ki,B,cell-based format,cell_based,9,D,2020,
CHEMBL4641373,CHEMBL4641373,Nc1nc(-c2ccc(NC(=O)CCN3CCCCC3)cc2)cn2c(=O)n(-c3ccccc3)nc12,,8.29,1,8.29,8.29,Ki,B,cell-based format,cell_based,9,D,2020,
CHEMBL4642172,CHEMBL4642172,Nc1nc(-c2ccc(NC(=O)CCN3CCN(c4ccccc4)CC3)cc2)cn2c(=O)n(-c3ccccc3)nc12,,7.93,1,7.93,7.93,Ki,B,cell-based format,cell_based,9,D,2020,
CHEMBL4642262,CHEMBL4642262,Nc1nc(-c2ccc(NC(=O)CCN3CCN(CCO)CC3)cc2)cn2c(=O)n(-c3ccccc3)nc12,,8.14,1,8.14,8.14,Ki,B,cell-based format,cell_based,9,D,2020,
CHEMBL4642686,CHEMBL4642686,Nc1nc(-c2ccc(OCC(O)CO)cc2)cn2c(=O)n(-c3ccccc3)nc12,,6.45,1,6.45,6.45,Ki,B,cell-based format,cell_based,9,D,2020,
CHEMBL4642713,CHEMBL4642713,CCOC(=O)c1ccc(N2CCN(c3nc(N)c4nc(-c5ccco5)sc4n3)CC2)cc1,,6.55,1,6.55,6.55,Ki,B,cell-based format,cell_based,9,D,2020,
CHEMBL4643397,CHEMBL4643397,Nc1nc(NCCN2CCN(c3ccc(S(N)(=O)=O)cc3)CC2)nc2sc(-c3ccco3)nc12,,7.07,1,7.07,7.07,Ki,B,cell-based format,cell_based,9,D,2020,
CHEMBL4643898,CHEMBL4643898,Nc1nc(NCc2ccc(S(N)(=O)=O)cc2)nc2sc(-c3ccco3)nc12,,7.06,1,7.06,7.06,Ki,B,cell-based format,cell_based,9,D,2020,
CHEMBL4644153,CHEMBL4644153,Nc1nc(N2CCN(c3ccc(S(N)(=O)=O)cc3)CC2)nc2sc(-c3ccco3)nc12,,8.24,1,8.24,8.24,Ki,B,cell-based format,cell_based,9,D,2020,
CHEMBL4645283,CHEMBL4645283,Nc1nc(NCC2CCN(CC(=O)NCCc3ccc(S(N)(=O)=O)cc3)CC2)nc2sc(-c3ccco3)nc12,,7.22,1,7.22,7.22,Ki,B,cell-based format,cell_based,9,D,2020,
CHEMBL4645754,CHEMBL4645754,CCOC(=O)C1=C(C)Nc2nc3ccccc3n2C1c1ncco1,,8.7,1,8.7,8.7,Ki,B,cell-based format,cell_based,9,D,2020,
CHEMBL4645823,CHEMBL4645823,Nc1nc(-c2ccc(NC(=O)CCN3CCCC3)cc2)cn2c(=O)n(-c3ccccc3)nc12,,8.37,1,8.37,8.37,Ki,B,cell-based format,cell_based,9,D,2020,
CHEMBL4646158,CHEMBL4646158,Nc1nc(NCC2CCN(CC(=O)Nc3ccc(S(N)(=O)=O)cc3)CC2)nc2sc(-c3ccco3)nc12,,8.7,1,8.7,8.7,Ki,B,cell-based format,cell_based,9,D,2020,
CHEMBL4646402,CHEMBL4646402,Nc1nc(-c2ccc(OCCO)cc2)cn2c(=O)n(-c3ccccc3)nc12,,6.6,1,6.6,6.6,Ki,B,cell-based format,cell_based,9,D,2020,
CHEMBL4646403,CHEMBL4646403,Nc1nc(N2CCC(CNC(=O)c3cccc(S(N)(=O)=O)c3)CC2)nc2sc(-c3ccco3)nc12,,7.39,1,7.39,7.39,Ki,B,cell-based format,cell_based,9,D,2020,
CHEMBL4647074,CHEMBL4647074,Nc1nc(N2CCC(CNC(=O)c3ccc(S(N)(=O)=O)cc3)CC2)nc2sc(-c3ccco3)nc12,,6.31,1,6.31,6.31,Ki,B,cell-based format,cell_based,9,D,2020,
CHEMBL4648171,CHEMBL4648171,CN1CCN(CCOc2ccc(-c3cn4c(=O)n(-c5ccccc5)nc4c(N)n3)cc2)CC1,,7.07,1,7.07,7.07,Ki,B,cell-based format,cell_based,9,D,2020,
CHEMBL464859,CHEMBL464859,CCNC(=O)[C@H]1O[C@@H](n2cnc3c(N)ncnc32)[C@H](O)[C@@H]1O,NECA,7.66,43,6.17,9.0,EC50;IC50;Ki,B;F,assay format;cell-based format;single protein format,mixed,8;9,D;H,1997;1998;2000;2001;2002;2003;2004;2006;2007;2008;2010;2012;2013;2014;2015;2016;2017;2018;2022,
CHEMBL4648828,CHEMBL4648828,Nc1nc(-c2ccc(NC(=O)CCN3CCOCC3)cc2)cn2c(=O)n(-c3ccccc3)nc12,,8.44,1,8.44,8.44,Ki,B,cell-based format,cell_based,9,D,2020,
CHEMBL4648880,CHEMBL4648880,Nc1nc(-c2ccc(OCCN3CCOCC3)cc2)cn2c(=O)n(-c3ccccc3)nc12,,6.76,1,6.76,6.76,Ki,B,cell-based format,cell_based,9,D,2020,
CHEMBL464928,CHEMBL464928,COc1cccc(-n2c(=O)n(Cc3c(F)cccc3F)c3cnc(NCc4ccccn4)nc32)c1,,7.92,1,7.92,7.92,Ki,B,cell-based format,cell_based,9,D,2009,
CHEMBL465171,CHEMBL465171,O=C(c1ccccc1)c1sc(NCc2ccc(F)c(F)c2)nc1-c1ccco1,,7.19,1,7.19,7.19,Ki,B,cell-based format,cell_based,9,D,2009,
CHEMBL465338,CHEMBL465338,COc1cccc(-n2c(=O)n(Cc3c(F)cccc3F)c3cnc(NCc4ccncc4)nc32)c1,,7.3,1,7.3,7.3,Ki,B,cell-based format,cell_based,9,D,2009,
CHEMBL465538,CHEMBL465538,COc1cccc(-n2c(=O)n(Cc3c(F)cccc3F)c3cnc(NCCc4ccccn4)nc32)c1,,7.11,1,7.11,7.11,Ki,B,cell-based format,cell_based,9,D,2009,
CHEMBL466021,CHEMBL466021,CCCn1c(=O)c2[nH]c(-c3ccc(COC(=O)Nc4ccccc4)cc3)cc2n(CCC)c1=O,,7.54,1,7.54,7.54,Ki,B,cell-based format,cell_based,9,D,2009,
CHEMBL466035,CHEMBL466035,CCCn1c(=O)c2[nH]c(-c3ccc(COC(=O)Nc4ccon4)cc3)cc2n(CCC)c1=O,,7.66,1,7.66,7.66,Ki,B,cell-based format,cell_based,9,D,2009,
CHEMBL466453,CHEMBL466453,CCCn1c(=O)c2[nH]c(-c3ccc(COC(=O)Nc4cc[nH]n4)cc3)cc2n(CCC)c1=O,,8.0,1,8.0,8.0,Ki,B,cell-based format,cell_based,9,D,2009,
CHEMBL466652,CHEMBL466652,CCCn1c(=O)c2[nH]c(-c3ccc(COC(=O)N4CCN(c5ccccc5)CC4)cc3)cc2n(CCC)c1=O,,6.35,1,6.35,6.35,Ki,B,cell-based format,cell_based,9,D,2009,
CHEMBL466828,CHEMBL466828,CCCn1c(=O)c2[nH]c(-c3ccc(COC(=O)N4CCN(c5ccc(F)cc5)CC4)cc3)cc2n(CCC)c1=O,,7.3,1,7.3,7.3,Ki,B,cell-based format,cell_based,9,D,2009,
CHEMBL467035,CHEMBL467035,Nc1nc(-c2ccco2)c2nnn(CC3CCCCC3)c2n1,,8.07,1,8.07,8.07,Ki,B,cell-based format,cell_based,9,D,2009,
CHEMBL467244,CHEMBL467244,Nc1nc(-c2ccco2)c2nnn(Cc3cccc(F)c3F)c2n1,,8.64,1,8.64,8.64,Ki,B,cell-based format,cell_based,9,D,2009,
CHEMBL467245,CHEMBL467245,Nc1nc(-c2ccco2)c2nnn(Cc3cc(F)ccc3F)c2n1,,8.66,1,8.66,8.66,Ki,B,cell-based format,cell_based,9,D,2009,
CHEMBL467246,CHEMBL467246,Nc1nc(-c2ccco2)c2nnn(Cc3c(F)cccc3F)c2n1,,8.72,1,8.72,8.72,Ki,B,cell-based format,cell_based,9,D,2009,
CHEMBL467271,CHEMBL467271,CCCn1c(=O)c2[nH]c(-c3ccc(COC(=O)Nc4cnccn4)cc3)cc2n(CCC)c1=O,,7.45,1,7.45,7.45,Ki,B,cell-based format,cell_based,9,D,2009,
CHEMBL467366,CHEMBL467366,N#Cc1c(-c2ccc(O)cc2)cc(-c2ccco2)nc1N,,7.39,1,7.39,7.39,Ki,B,cell-based format,cell_based,9,D,2008,
CHEMBL467386,CHEMBL467386,Cc1cccc(-c2cc(-c3ccco3)nc(N)c2C#N)c1,,6.85,1,6.85,6.85,Ki,B,cell-based format,cell_based,9,D,2008,
CHEMBL467387,CHEMBL467387,N#Cc1c(-c2ccccc2)cc(-c2ccccc2)nc1N,,6.89,1,6.89,6.89,Ki,B,cell-based format,cell_based,9,D,2008,
CHEMBL467655,CHEMBL467655,Nc1nc(-c2cnn[nH]2)c2nnn(Cc3ccccc3F)c2n1,,6.4,1,6.4,6.4,Ki,B,cell-based format,cell_based,9,D,2009,
CHEMBL467867,CHEMBL467867,Nc1nc(-c2cncs2)c2nnn(Cc3ccccc3F)c2n1,,7.51,1,7.51,7.51,Ki,B,cell-based format,cell_based,9,D,2009,
CHEMBL468256,CHEMBL468256,Nc1nc(-c2ccco2)c2nnn(Cc3ccc4[nH]ccc4c3)c2n1,,8.96,1,8.96,8.96,Ki,B,cell-based format,cell_based,9,D,2009,
CHEMBL468295,CHEMBL468295,Cn1c(=O)c2[nH]c(-c3ccc(COC(=O)Nc4cccs4)cc3)cc2n(C)c1=O,,7.82,1,7.82,7.82,Ki,B,cell-based format,cell_based,9,D,2009,
CHEMBL468296,CHEMBL468296,Cn1c(=O)c2[nH]c(-c3ccc(COC(=O)Nc4ccccn4)cc3)cc2n(C)c1=O,,6.31,1,6.31,6.31,Ki,B,cell-based format,cell_based,9,D,2009,
CHEMBL468370,CHEMBL468370,N#Cc1c(-c2ccccc2)cc(-c2ccco2)nc1N,,7.96,1,7.96,7.96,Ki,B,cell-based format,cell_based,9,D,2008,
CHEMBL468506,CHEMBL468506,Cn1c(=O)c2[nH]c(-c3ccc(COC(=O)Nc4ccco4)cc3)cc2n(C)c1=O,,7.74,1,7.74,7.74,Ki,B,cell-based format,cell_based,9,D,2009,
CHEMBL468555,CHEMBL468555,N#Cc1c(-c2ccc(Cl)cc2)cc(-c2ccco2)nc1N,,6.85,1,6.85,6.85,Ki,B,cell-based format,cell_based,9,D,2008,
CHEMBL468556,CHEMBL468556,COc1ccc(-c2cc(-c3ccco3)nc(N)c2C#N)cc1,,7.39,1,7.39,7.39,Ki,B,cell-based format,cell_based,9,D,2008,
CHEMBL468633,CHEMBL468633,CCn1c(Br)nc2c(N)ncnc21,,7.28,1,7.28,7.28,Ki,B,cell-based format,cell_based,9,D,2009,
CHEMBL468701,CHEMBL468701,Nc1nc(-c2ncco2)c2nnn(Cc3ccccc3F)c2n1,,7.39,1,7.39,7.39,Ki,B,cell-based format,cell_based,9,D,2009,
CHEMBL468831,CHEMBL468831,COc1ccc(-c2cc(-c3ccccc3)nc(N)c2C#N)cc1OC,,6.8,1,6.8,6.8,Ki,B,cell-based format,cell_based,9,D,2008,
CHEMBL469004,CHEMBL469004,N#Cc1c(-c2cccc(OC(F)(F)F)c2)cc(-c2ccccc2)nc1N,,7.24,1,7.24,7.24,Ki,B,cell-based format,cell_based,9,D,2008,
CHEMBL469026,CHEMBL469026,CC(C)(C)OC(=O)N1CCN(c2cccc(-c3cc4nc(-c5ccco5)nn4c(N)n3)c2)CC1,,9.3,1,9.3,9.3,Ki,B,single protein format,single_protein,9,D,2008,
CHEMBL469119,CHEMBL469119,Cn1c(=O)c2[nH]c(-c3ccc(COC(=O)Nc4ccc(F)cc4)cc3)cc2n(C)c1=O,,7.14,1,7.14,7.14,Ki,B,cell-based format,cell_based,9,D,2009,
CHEMBL469136,CHEMBL469136,Cn1c(=O)c2[nH]c(-c3ccc(COC(=O)N4CCc5ccccc5C4)cc3)cc2n(C)c1=O,,7.36,1,7.36,7.36,Ki,B,cell-based format,cell_based,9,D,2009,
CHEMBL469324,CHEMBL469324,CC(=O)Nc1cc(-c2cccc(OC3CCN(C)C3)c2)nc(-n2nc(C)cc2C)n1,,8.7,1,8.7,8.7,Ki,B,cell-based format,cell_based,9,D,2008,
CHEMBL469488,CHEMBL469488,CCC(=O)Nc1cc(N2CCC[C@@H]2COC)nc(-n2nc(C)cc2C)n1,,8.23,1,8.23,8.23,Ki,B,cell-based format,cell_based,9,D,2009,
CHEMBL469520,CHEMBL469520,CC(=O)Nc1cc(-c2cc(F)cc(O[C@@H]3CCN(C)C3)c2)nc(-n2nc(C)cc2C)n1,,8.7,1,8.7,8.7,Ki,B,cell-based format,cell_based,9,D,2008,
CHEMBL469673,CHEMBL469673,COc1ccc2c(c1)CCN(CCn1ncc3c1nc(N)n1nc(-c4ccco4)nc31)C2,,8.6,1,8.6,8.6,Ki,F,assay format,other,9,D,2008,
CHEMBL469674,CHEMBL469674,COc1ccc2c(c1)CN(CCn1ncc3c1nc(N)n1nc(-c4ccco4)nc31)CC2,,8.49,1,8.49,8.49,Ki,F,assay format,other,9,D,2008,
CHEMBL469760,CHEMBL469760,Nc1ccccc1C(=O)Nc1nc(-c2ccccc2)nc2c1nnn2Cc1ccccc1,,6.53,1,6.53,6.53,Ki,B,cell-based format,cell_based,9,D,2009,
CHEMBL469874,CHEMBL469874,COCCOc1cccc2c1CN(CCn1ncc3c1nc(N)n1nc(-c4ccco4)nc31)C2,,8.15,1,8.15,8.15,Ki,F,assay format,other,9,D,2008,
CHEMBL469876,CHEMBL469876,COc1ccc2c(c1)CN(CCn1ncc3c1nc(N)n1nc(-c4ccco4)nc31)C2,,8.27,1,8.27,8.27,Ki,F,assay format,other,9,D,2008,
CHEMBL469877,CHEMBL469877,Nc1nc2c(cnn2CCN2CCc3ccccc3C2)c2nc(-c3ccco3)nn12,,8.39,1,8.39,8.39,Ki,F,assay format,other,9,D,2008,
CHEMBL469879,CHEMBL469879,Nc1nc2c(cnn2CCN2CCc3ncc(-c4ccccc4)cc3C2)c2nc(-c3ccco3)nn12,,7.75,1,7.75,7.75,Ki,F,assay format,other,9,D,2008,
CHEMBL469893,CHEMBL469893,Nc1nc2c(cnn2CCN2CCc3ncc(C4CC4)cc3C2)c2nc(-c3ccco3)nn12,,8.72,1,8.72,8.72,Ki,F,assay format,other,9,D,2008,
CHEMBL469962,CHEMBL469962,COc1c(F)cccc1-c1cc(NC(C)=O)nc(-n2nc(C)cc2C)n1,,8.52,1,8.52,8.52,Ki,B,cell-based format,cell_based,9,D,2008,
CHEMBL469963,CHEMBL469963,CC(=O)Nc1cc(-c2cccc(O)c2)nc(-n2nc(C)cc2C)n1,,8.7,1,8.7,8.7,Ki,B,cell-based format,cell_based,9,D,2008,
CHEMBL469964,CHEMBL469964,CC(=O)Nc1cc(-c2cccc(OCCN(C)C)c2)nc(-n2nc(C)cc2C)n1,,8.3,1,8.3,8.3,Ki,B,cell-based format,cell_based,9,D,2008,
CHEMBL470087,CHEMBL470087,COc1cc2c(cc1OC)CN(CCn1ncc3c1nc(N)n1nc(-c4ccco4)nc31)C(C)C2,,8.72,1,8.72,8.72,Ki,F,assay format,other,9,D,2008,
CHEMBL470088,CHEMBL470088,Nc1nc2c(cnn2CCN2CCc3ncc(Br)cc3C2)c2nc(-c3ccco3)nn12,,8.8,1,8.8,8.8,Ki,F,assay format,other,9,D,2008,
CHEMBL470089,CHEMBL470089,COCCOc1cnc2c(c1)CN(CCn1ncc3c1nc(N)n1nc(-c4ccco4)nc31)CC2,,8.51,1,8.51,8.51,Ki,F,assay format,other,9,D,2008,
CHEMBL470146,CHEMBL470146,CC(=O)Nc1cc(-c2cccc(O[C@@H]3CCN(C)C3)c2)nc(-n2nc(C)cc2C)n1,,8.4,1,8.4,8.4,Ki,B,cell-based format,cell_based,9,D,2008,
CHEMBL470355,CHEMBL470355,CC(=O)Nc1cc(-c2cccc(CO[C@H]3CCN(C)C3)c2)nc(-n2nc(C)cc2C)n1,,7.14,1,7.14,7.14,Ki,B,cell-based format,cell_based,9,D,2008,
CHEMBL470942,CHEMBL470942,Nc1nc(N(CCN2CCN(c3ccc(F)cc3F)CC2)CC2CC2)cc2nc(-c3ccco3)nn12,,9.52,1,9.52,9.52,Ki,B,cell-based format,cell_based,9,D,2009,
CHEMBL471553,CHEMBL471553,COCCOc1ccc2c(c1)CCN(CCn1ncc3c1nc(N)n1nc(-c4ccco4)nc31)CC2,,8.7,1,8.7,8.7,Ki,F,assay format,other,9,D,2008,
CHEMBL471554,CHEMBL471554,Nc1nc2c(cnn2CCN2CCc3ncccc3C2)c2nc(-c3ccco3)nn12,,8.32,1,8.32,8.32,Ki,F,assay format,other,9,D,2008,
CHEMBL471614,CHEMBL471614,Nc1nc(-c2ccccc2)nc2c1nnn2Cc1ccccc1,,6.83,1,6.83,6.83,Ki,B,cell-based format,cell_based,9,D,2009,
CHEMBL471853,CHEMBL471853,CCN1CCC(Oc2cccc(-c3cc(NC(C)=O)nc(-n4nc(C)cc4C)n3)c2)C1,,8.52,1,8.52,8.52,Ki,B,cell-based format,cell_based,9,D,2008,
CHEMBL471923,CHEMBL471923,Nc1nc2c(cnn2CCN2Cc3ccccc3C2)c2nc(-c3ccco3)nn12,,7.83,1,7.83,7.83,Ki,F,assay format,other,9,D,2008,
CHEMBL471924,CHEMBL471924,COc1cccc2c1CN(CCn1ncc3c1nc(N)n1nc(-c4ccco4)nc31)C2,,8.22,1,8.22,8.22,Ki,F,assay format,other,9,D,2008,
CHEMBL471974,CHEMBL471974,COc1ccc(CCCc2cc3nc(-c4ccco4)nn3c(N)n2)cc1,,7.94,1,7.94,7.94,Ki,B,cell-based format,cell_based,9,D,2009,
CHEMBL471975,CHEMBL471975,COc1ccc(CN(C)c2cc3nc(-c4ccco4)nn3c(N)n2)cc1,,7.34,1,7.34,7.34,Ki,B,cell-based format,cell_based,9,D,2009,
CHEMBL471976,CHEMBL471976,COc1ccc(CCCN(C)c2cc3nc(-c4ccco4)nn3c(N)n2)cc1,,8.24,1,8.24,8.24,Ki,B,cell-based format,cell_based,9,D,2009,
CHEMBL472026,CHEMBL472026,CC(=O)Nc1cc(-c2cccc(OC3CCCN(C)C3)c2)nc(-n2nc(C)cc2C)n1,,9.0,1,9.0,9.0,Ki,B,cell-based format,cell_based,9,D,2008,
CHEMBL472063,CHEMBL472063,CC(=O)Nc1cc(-c2cccc(OC3CCN(C(C)C)C3)c2)nc(-n2nc(C)cc2C)n1,,8.52,1,8.52,8.52,Ki,B,cell-based format,cell_based,9,D,2008,
CHEMBL472110,CHEMBL472110,Nc1nc2c(cnn2CCN2CCc3ccccc3CC2)c2nc(-c3ccco3)nn12,,8.7,1,8.7,8.7,Ki,F,assay format,other,9,D,2008,
CHEMBL472111,CHEMBL472111,Nc1nc2c(cnn2CCN2CCc3ccc([N+](=O)[O-])cc3CC2)c2nc(-c3ccco3)nn12,,9.15,1,9.15,9.15,Ki,F,assay format,other,9,D,2008,
CHEMBL472112,CHEMBL472112,Nc1nc2c(cnn2CCN2CCc3ccc(Br)cc3CC2)c2nc(-c3ccco3)nn12,,8.96,1,8.96,8.96,Ki,F,assay format,other,9,D,2008,
CHEMBL472114,CHEMBL472114,COc1ccc2c(c1)CCN(CCn1ncc3c1nc(N)n1nc(-c4ccco4)nc31)CC2,,8.72,1,8.72,8.72,Ki,F,assay format,other,9,D,2008,
CHEMBL472460,CHEMBL472460,CC(=O)Nc1cc(-c2cc(F)cc(OC3CCN(C)C3)c2)nc(-n2nc(C)cc2C)n1,,9.0,1,9.0,9.0,Ki,B,cell-based format,cell_based,9,D,2008,
CHEMBL472684,CHEMBL472684,COc1cc(-c2nc3c([nH]2)c(=O)n(C)c(=O)n3C)ccc1OCCN(C)C,,6.22,1,6.22,6.22,Ki,B,cell-based format,cell_based,9,D,2009,
CHEMBL472883,CHEMBL472883,COc1cc(-c2nc3c([nH]2)c(=O)n(C)c(=O)n3C)ccc1OCCN1CCCCC1,,6.16,1,6.16,6.16,Ki,B,cell-based format,cell_based,9,D,2009,
CHEMBL472951,CHEMBL472951,COc1ccccc1Cn1c(=O)n(-c2cccc(C)c2)c2nc(NC3CC3)ncc21,,6.5,1,6.5,6.5,Ki,B,cell-based format,cell_based,9,D,2009,
CHEMBL473431,CHEMBL473431,CCN(CCN1CCN(c2ccc(F)cc2F)CC1)c1cc2nc(-c3ccco3)nn2c(N)n1,,9.05,1,9.05,9.05,Ki,B,cell-based format,cell_based,9,D,2009,
CHEMBL473439,CHEMBL473439,CCN(CCN1CCN(c2ccc(OCCOC)cc2)CC1)c1cc2nc(-c3ccco3)nn2c(N)n1,,8.82,1,8.82,8.82,Ki,B,cell-based format,cell_based,9,D,2009,
CHEMBL473440,CHEMBL473440,COCCOc1ccc(N2CCN(CCN(CCOC)c3cc4nc(-c5ccco5)nn4c(N)n3)CC2)cc1,,9.15,1,9.15,9.15,Ki,B,cell-based format,cell_based,9,D,2009,
CHEMBL473648,CHEMBL473648,O=c1n(-c2ccccc2)nc2c(NC3CCCCC3)nc3ncccc3n12,,6.68,1,6.68,6.68,Ki,B,cell-based format,cell_based,9,D,2009,
CHEMBL473649,CHEMBL473649,O=c1n(-c2ccccc2)nc2c(NC3CCCC3)nc3ncccc3n12,,6.68,1,6.68,6.68,Ki,B,cell-based format,cell_based,9,D,2009,
CHEMBL473839,CHEMBL473839,O=C(Cc1ccccc1)Nc1nc2ncccc2n2c(=O)n(-c3ccccc3)nc12,,6.68,1,6.68,6.68,Ki,B,cell-based format,cell_based,9,D,2009,
CHEMBL4739973,CHEMBL4739973,Cn1cc2c(nc(NC(=O)Nc3ccc(CC(=O)OCCCNC(=S)Nc4ccc(-c5c6ccc(=O)cc-6oc6cc(O)ccc56)c(C(=O)O)c4)cc3)n3nc(-c4ccco4)nc23)n1,,6.96,1,6.96,6.96,Ki,B,cell membrane format,other,9,D,2020,
CHEMBL4740116,CHEMBL4740116,CCOC(=O)C(Nc1nc2nn(C)cc2c2nc(-c3ccco3)nn12)c1ccccc1,,6.07,1,6.07,6.07,Ki,B,cell membrane format,other,9,D,2021,
CHEMBL4740383,CHEMBL4740383,Cc1c(C#N)cccc1-c1cc(-c2cn(Cc3cccc(C(C)(C)O)n3)nn2)nc(N)n1,ETRUMADENANT,8.82,3,8.12,9.07,IC50;Ki,F,assay format;cell-based format,cell_based,9,D,2022;2024,2
CHEMBL474058,CHEMBL474058,Nc1ncnc2c1nc(Br)n2CCO,,6.21,1,6.21,6.21,Ki,B,cell-based format,cell_based,9,D,2009,
CHEMBL4740961,CHEMBL4740961,Cn1cc2c(nc(NC(=O)Nc3ccc(CC(=O)OCCCOCCOCCOCCCNC(=S)Nc4ccc(-c5c6ccc(=O)cc-6oc6cc(O)ccc56)c(C(=O)O)c4)cc3)n3nc(-c4ccco4)nc23)n1,,7.04,1,7.04,7.04,Ki,B,cell membrane format,other,9,D,2020,
CHEMBL4741079,CHEMBL4741079,OC[C@H]1O[C@@H](n2cnc3c(Nc4ccc(CN=C=S)cc4)ncnc32)[C@H](O)[C@@H]1O,,6.19,1,6.19,6.19,EC50,F,cell-based format,cell_based,9,D,2016,
CHEMBL4741273,CHEMBL4741273,Nc1nc(-c2ccc(S(N)(=O)=O)cc2)cn2c(=O)n(-c3ccccc3)nc12,,6.07,1,6.07,6.07,Ki,B,cell membrane format,other,9,D,2020,
CHEMBL4741609,CHEMBL4741609,NC(=O)Cc1cc(N2CCN(CCn3c(=O)sc4c3nc(N)n3nc(-c5ccco5)nc43)CC2)c(F)cc1F,,8.2,4,7.31,9.3,IC50,F,cell-based format,cell_based,9,D,2020,
CHEMBL4742132,CHEMBL4742132,COc1ccc(N2CCOCC2)c2sc(NC(=O)N3CC=CCC3)nc12,,8.62,1,8.62,8.62,Ki,B,cell-based format,cell_based,9,D,2021,
CHEMBL4743686,CHEMBL4743686,Cn1cc2c(nc(NC(=O)Nc3ccc(CC(=O)OCCCCNC(=S)Nc4ccc(-c5c6ccc(=O)cc-6oc6cc(O)ccc56)c(C(=O)O)c4)cc3)n3nc(-c4ccco4)nc23)n1,,7.22,1,7.22,7.22,Ki,B,cell membrane format,other,9,D,2020,
CHEMBL4744151,CHEMBL4744151,CCOC(=O)CCCNc1nc2nn(C)cc2c2nc(-c3ccco3)nn12,,6.64,1,6.64,6.64,Ki,B,cell membrane format,other,9,D,2021,
CHEMBL4745014,CHEMBL4745014,Nc1nc(-c2ccc(NC(=O)c3ccc(O)c(O)c3)cc2)cn2c(=O)n(-c3ccccc3)nc12,,8.05,1,8.05,8.05,Ki,B,cell membrane format,other,9,D,2020,
CHEMBL4745279,CHEMBL4745279,C#CCCCCNC(=O)Nc1nc2nn(C)cc2c2nc(-c3ccco3)nn12,,6.82,1,6.82,6.82,Ki,B,cell membrane format,other,9,D,2020,
CHEMBL4745912,CHEMBL4745912,COc1ccc(N2CCOCC2)c2sc(NC(=O)N3CCC(O)(CCF)CC3)nc12,,8.03,1,8.03,8.03,Ki,B,cell-based format,cell_based,9,D,2021,
CHEMBL4746388,CHEMBL4746388,COc1ccc(N2CCOCC2)c2sc(NC(=O)N3CCC(O)(CF)CC3)nc12,,8.55,1,8.55,8.55,Ki,B,cell-based format,cell_based,9,D,2021,
CHEMBL4746617,CHEMBL4746617,OC[C@H]1O[C@@H](n2cnc3c(Nc4ccc(CNC(=S)Nc5ccc(N=C=S)cc5)cc4)ncnc32)[C@H](O)[C@@H]1O,,7.17,1,7.17,7.17,EC50,F,cell-based format,cell_based,9,D,2016,
CHEMBL4746896,CHEMBL4746896,COc1ccc(N2CCOCC2)c2sc(NC(=O)N3CCC(C(O)CF)CC3)nc12,,8.19,1,8.19,8.19,Ki,B,cell-based format,cell_based,9,D,2021,
CHEMBL474747,CHEMBL474747,COc1ccccc1Cn1c(=O)n(-c2cccc(F)c2)c2nc(NC3CC3)ncc21,,7.05,1,7.05,7.05,Ki,B,cell-based format,cell_based,9,D,2009,
CHEMBL4747570,CHEMBL4747570,Nc1nc(-n2cc(O)cn2)nc(-n2cccn2)c1Br,,7.3,1,7.3,7.3,Ki,B,cell-based format,cell_based,9,D,2020,
CHEMBL4747929,CHEMBL4747929,COc1nc(-c2ncco2)nc(N)c1C(=O)NCc1c(Cl)cccc1Cl,,8.94,2,7.77,10.11,IC50;Ki,B;F,cell-based format;tissue-based format,cell_based,9,D,2020,
CHEMBL4748372,CHEMBL4748372,COc1ccc(N2CCOCC2)c2sc(NC(=O)N3CCC(OCCF)CC3)nc12,,7.62,1,7.62,7.62,Ki,B,cell-based format,cell_based,9,D,2021,
CHEMBL4748745,CHEMBL4748745,Cn1cc2c(nc(NC(=O)Nc3ccc(CC(=O)OCCCCCNC(=O)OC(C)(C)C)cc3)n3nc(-c4ccco4)nc23)n1,,6.42,1,6.42,6.42,Ki,B,cell membrane format,other,9,D,2020,
CHEMBL4749927,CHEMBL4749927,C#CCCNC(=O)Nc1nc2nn(C)cc2c2nc(-c3ccco3)nn12,,6.88,1,6.88,6.88,Ki,B,cell membrane format,other,9,D,2020,
CHEMBL4750049,CHEMBL4750049,COc1ccc(N2CCOCC2)c2sc(NC(=O)N3CCCCC3)nc12,,8.22,1,8.22,8.22,Ki,B,cell-based format,cell_based,9,D,2021,
CHEMBL475146,CHEMBL475146,COc1cccc(-n2c(=O)n(Cc3ccccc3OC)c3cnc(NC4CC4)nc32)c1,,7.62,1,7.62,7.62,Ki,B,cell-based format,cell_based,9,D,2009,
CHEMBL475147,CHEMBL475147,COc1ccccc1Cn1c(=O)n(-c2ccccc2)c2nc(NC3CC3)ncc21,,6.39,1,6.39,6.39,Ki,B,cell-based format,cell_based,9,D,2009,
CHEMBL4752196,CHEMBL4752196,Cn1cc2c(nc(NC(=O)Nc3ccc(CC(=O)OCCOCCOCCNC(=O)OC(C)(C)C)cc3)n3nc(-c4ccco4)nc23)n1,,6.34,1,6.34,6.34,Ki,B,cell membrane format,other,9,D,2020,
CHEMBL4753657,CHEMBL4753657,COc1ccc(N2CCOCC2)c2sc(NC(=O)N3CCC(CF)CC3)nc12,,8.44,1,8.44,8.44,Ki,B,cell-based format,cell_based,9,D,2021,
CHEMBL4753875,CHEMBL4753875,Nc1nc(-c2ccc(NC(=O)CCNC(=O)c3cccc(S(N)(=O)=O)c3)cc2)cn2c(=O)n(-c3ccccc3)nc12,,8.04,1,8.04,8.04,Ki,B,cell membrane format,other,9,D,2020,
CHEMBL475445,CHEMBL475445,COc1ccc(CCSc2cc3nc(-c4ccco4)nn3c(N)n2)cc1,,8.8,1,8.8,8.8,Ki,B,cell-based format,cell_based,9,D,2009,
CHEMBL475455,CHEMBL475455,Nc1ncnc2c1nc(Br)n2CCCO,,7.07,1,7.07,7.07,Ki,B,cell-based format,cell_based,9,D,2009,
CHEMBL4754659,CHEMBL4754659,C#CCCCCCNC(=O)Nc1nc2nn(C)cc2c2nc(-c3ccco3)nn12,,6.32,1,6.32,6.32,Ki,B,cell membrane format,other,9,D,2020,
CHEMBL4754809,CHEMBL4754809,CCOC(=O)C[C@H](Nc1nc2nn(C)cc2c2nc(-c3ccco3)nn12)C(=O)OCC,,6.35,1,6.35,6.35,Ki,B,cell membrane format,other,9,D,2021,
CHEMBL4755552,CHEMBL4755552,CCOC(=O)C(C)Nc1nc2nn(C)cc2c2nc(-c3ccco3)nn12,,6.09,1,6.09,6.09,Ki,B,cell membrane format,other,9,D,2021,
CHEMBL4755619,CHEMBL4755619,Nc1nc(-c2ccc(NC(=O)c3ccc(C(=O)NO)cc3)cc2)cn2c(=O)n(-c3ccccc3)nc12,,7.44,1,7.44,7.44,Ki,B,cell membrane format,other,9,D,2020,
CHEMBL475592,CHEMBL475592,COCCOc1ccc(N2CCN(CCOc3cc4nc(-c5ccc(Cl)o5)nn4c(N)n3)CC2)cc1,,7.4,1,7.4,7.4,Ki,B,cell-based format,cell_based,9,D,2009,
CHEMBL4756472,CHEMBL4756472,O=C(NCc1ccc(Nc2ncnc3c2ncn3[C@@H]2O[C@H](CO)[C@@H](O)[C@H]2O)cc1)c1ccc(S(=O)(=O)F)cc1,,7.17,1,7.17,7.17,EC50,F,cell-based format,cell_based,9,D,2016,
CHEMBL4757832,CHEMBL4757832,Nc1nc(-c2ccc(OCCNCCc3ccc(S(N)(=O)=O)cc3)cc2)cn2c(=O)n(-c3ccccc3)nc12,,7.06,1,7.06,7.06,Ki,B,cell membrane format,other,9,D,2020,
CHEMBL4757966,CHEMBL4757966,CCOC(=O)C(CO)Nc1nc2nn(C)cc2c2nc(-c3ccco3)nn12,,6.46,1,6.46,6.46,Ki,B,cell membrane format,other,9,D,2021,
CHEMBL4758037,CHEMBL4758037,CCOC(=O)C(Nc1nc2nn(C)cc2c2nc(-c3ccco3)nn12)C(O)c1ccccc1,,6.42,1,6.42,6.42,Ki,B,cell membrane format,other,9,D,2021,
CHEMBL4758353,CHEMBL4758353,CCCCC(Nc1nc2nn(C)cc2c2nc(-c3ccco3)nn12)C(=O)OCC,,6.26,1,6.26,6.26,Ki,B,cell membrane format,other,9,D,2021,
CHEMBL4759275,CHEMBL4759275,CCOC(=O)[C@@H](Cc1cc2ccccc2[nH]1)Nc1nc2nn(C)cc2c2nc(-c3ccco3)nn12,,6.05,1,6.05,6.05,Ki,B,cell membrane format,other,9,D,2021,
CHEMBL4759461,CHEMBL4759461,Cc1cccnc1CNC(=O)c1c(N)nc(-c2ccco2)nc1OCCF,,8.89,1,8.89,8.89,Ki,B,cell-based format,cell_based,9,D,2020,
CHEMBL4759740,CHEMBL4759740,Nc1nc(-c2ccc(NC(=O)c3ccc(C(=O)O)cc3)cc2)cn2c(=O)n(-c3ccccc3)nc12,,7.09,1,7.09,7.09,Ki,B,cell membrane format,other,9,D,2020,
CHEMBL4760845,CHEMBL4760845,CC1(O)CCN(C(=O)Nc2nc3c(OCCF)ccc(N4CCOCC4)c3s2)CC1,,6.44,1,6.44,6.44,Ki,B,cell-based format,cell_based,9,D,2021,
CHEMBL4760867,CHEMBL4760867,C[S+]([O-])CCOc1cc(N2CCN(CCn3c(=O)sc4c3nc(N)n3nc(-c5ccco5)nc43)CC2)c(F)cc1F,,8.7,3,7.6,9.22,IC50,F,cell-based format,cell_based,9,D,2020,
CHEMBL4761976,CHEMBL4761976,Nc1nc(-c2ccc(NC(=O)CCNC(=O)c3ccc(S(N)(=O)=O)cc3)cc2)cn2c(=O)n(-c3ccccc3)nc12,,6.5,2,6.03,6.97,IC50;Ki,B,cell membrane format,other,9,D,2020,
CHEMBL4762320,CHEMBL4762320,C#CCCCNC(=O)Nc1nc2nn(C)cc2c2nc(-c3ccco3)nn12,,6.7,1,6.7,6.7,Ki,B,cell membrane format,other,9,D,2020,
CHEMBL476298,CHEMBL476298,N#Cc1c(-c2cccs2)cc(-c2ccccc2)nc1N,,7.27,1,7.27,7.27,Ki,B,cell-based format,cell_based,9,D,2008,
CHEMBL476308,CHEMBL476308,N#Cc1c(-c2ccccc2)cc(-c2cccs2)nc1N,,7.06,1,7.06,7.06,Ki,B,cell-based format,cell_based,9,D,2008,
CHEMBL476309,CHEMBL476309,N#Cc1c(-c2ccccc2)cc(-c2ccc[nH]2)nc1N,,6.19,1,6.19,6.19,Ki,B,cell-based format,cell_based,9,D,2008,
CHEMBL476310,CHEMBL476310,N#Cc1c(-c2ccco2)cc(-c2cccs2)nc1N,,7.92,1,7.92,7.92,Ki,B,cell-based format,cell_based,9,D,2008,
CHEMBL476311,CHEMBL476311,N#Cc1c(-c2cccs2)cc(-c2ccco2)nc1N,,8.85,1,8.85,8.85,Ki,B,cell-based format,cell_based,9,D,2008,
CHEMBL4763391,CHEMBL4763391,CCOC(=O)C(CC(C)C)Nc1nc2nn(C)cc2c2nc(-c3ccco3)nn12,,6.4,1,6.4,6.4,Ki,B,cell membrane format,other,9,D,2021,
CHEMBL4763600,CHEMBL4763600,COc1ccc(N2CCOCC2)c2sc(NC(=O)N3CCC(OC)CC3)nc12,,7.48,1,7.48,7.48,Ki,B,cell-based format,cell_based,9,D,2021,
CHEMBL4764086,CHEMBL4764086,O=C(Nc1nc(-c2ccccc2)c(C(=O)c2ccc(Cl)cc2)s1)c1ccccc1,,7.41,1,7.41,7.41,Ki,B,cell membrane format,other,9,D,2020,
CHEMBL4764597,CHEMBL4764597,Nc1nc(-c2ccc(NC(=O)c3cccc(S(N)(=O)=O)c3)cc2)cn2c(=O)n(-c3ccccc3)nc12,,7.87,1,7.87,7.87,Ki,B,cell membrane format,other,9,D,2020,
CHEMBL4764804,CHEMBL4764804,Nc1nc(-c2ccc(NCc3ccc(S(N)(=O)=O)cc3)cc2)cn2c(=O)n(-c3ccccc3)nc12,,7.55,1,7.55,7.55,Ki,B,cell membrane format,other,9,D,2020,
CHEMBL4764878,CHEMBL4764878,COc1ccc(C(=O)Nc2ccc(-c3cn4c(=O)n(-c5ccccc5)nc4c(N)n3)cc2)cc1,,9.15,1,9.15,9.15,Ki,B,cell membrane format,other,9,D,2020,
CHEMBL477,CHEMBL477,Nc1ncnc2c1ncn2[C@@H]1O[C@H](CO)[C@@H](O)[C@H]1O,ADENOSINE,6.82,7,6.14,7.76,EC50;Kd;Ki,B;F,cell-based format;single protein format,mixed,8;9,D;H,2010;2012;2016;2019;2022,4
CHEMBL477444,CHEMBL477444,O[C@@H]1[C@H](O)[C@@H](CCl)O[C@H]1n1cnc2c(NC3CCCC3)ncnc21,,6.08,1,6.08,6.08,Ki,B,cell-based format,cell_based,9,D,2009,
CHEMBL4777796,CHEMBL4777796,Nc1nc(-c2ccc(NCC(=O)c3ccc(S(N)(=O)=O)cc3)cc2)cn2c(=O)n(-c3ccccc3)nc12,,7.58,1,7.58,7.58,Ki,B,cell membrane format,other,9,D,2020,
CHEMBL4778265,CHEMBL4778265,Cc1cccnc1CNC(=O)c1c(N)nc(-c2ccco2)nc1OC[C@H](C)O,,8.535,2,7.11,9.96,IC50;Ki,B,cell-based format;tissue-based format,cell_based,9,D,2020,
CHEMBL4779033,CHEMBL4779033,O=C(Nc1nc(-c2ccccc2)c(-c2ccccn2)s1)c1ccccc1,,7.08,1,7.08,7.08,Ki,B,cell membrane format,other,9,D,2020,
CHEMBL4779294,CHEMBL4779294,Cn1cc2c(nc(NC(=O)Nc3ccc(CC(=O)OCCCCCNC(=S)Nc4ccc(-c5c6ccc(=O)cc-6oc6cc(O)ccc56)c(C(=O)O)c4)cc3)n3nc(-c4ccco4)nc23)n1,,6.97,1,6.97,6.97,Ki,B,cell membrane format,other,9,D,2020,
CHEMBL4779646,CHEMBL4779646,Cn1cc2c(nc(NC(=O)Nc3ccc(CC(=O)OCCCOCCOCCOCCCNC(=O)OC(C)(C)C)cc3)n3nc(-c4ccco4)nc23)n1,,6.49,1,6.49,6.49,Ki,B,cell membrane format,other,9,D,2020,
CHEMBL4782266,CHEMBL4782266,Cc1cccnc1CNC(=O)c1cnc(-c2ccco2)nc1N,,7.795,2,7.11,8.48,IC50;Ki,B,cell-based format;tissue-based format,cell_based,9,D,2020,
CHEMBL4783617,CHEMBL4783617,COc1ccc(N2CCOCC2)c2sc(NC(=O)N3CCC(O)CC3)nc12,,8.42,1,8.42,8.42,Ki,B,cell-based format,cell_based,9,D,2021,
CHEMBL4783723,CHEMBL4783723,COc1ccc(N2CCOCC2)c2sc(NC(=O)N3CCC(F)CC3)nc12,,8.31,1,8.31,8.31,Ki,B,cell-based format,cell_based,9,D,2021,
CHEMBL4784043,CHEMBL4784043,Nc1nc(-c2ccc(NC(=O)CCC(=O)O)cc2)cn2c(=O)n(-c3ccccc3)nc12,,6.24,1,6.24,6.24,Ki,B,cell membrane format,other,9,D,2020,
CHEMBL4784681,CHEMBL4784681,COc1ccc(N2CCOCC2)c2sc(NC(=O)N3CCC(F)(CO)CC3)nc12,,8.44,1,8.44,8.44,Ki,B,cell-based format,cell_based,9,D,2021,
CHEMBL4784975,CHEMBL4784975,O=C(Nc1nc(-c2ccccc2)c(C(=O)c2ccc(F)cc2F)s1)c1ccccc1,,7.11,1,7.11,7.11,Ki,B,cell membrane format,other,9,D,2020,
CHEMBL4785362,CHEMBL4785362,COc1ccc(N2CCOCC2)c2sc(NC(=O)N3CCCC(F)C3)nc12,,8.19,1,8.19,8.19,Ki,B,cell-based format,cell_based,9,D,2021,
CHEMBL4786281,CHEMBL4786281,Nc1nc(-c2ccc(OCCNC(=O)c3ccc(S(N)(=O)=O)cc3)cc2)cn2c(=O)n(-c3ccccc3)nc12,,8.17,1,8.17,8.17,Ki,B,cell membrane format,other,9,D,2020,
CHEMBL4786871,CHEMBL4786871,Cn1cc2c(nc(NC(=O)Nc3ccc(CC(=O)OCCCNC(=O)OC(C)(C)C)cc3)n3nc(-c4ccco4)nc23)n1,,6.82,1,6.82,6.82,Ki,B,cell membrane format,other,9,D,2020,
CHEMBL478822,CHEMBL478822,Cc1cccc(-c2cc(-c3ccccc3)nc(N)c2C#N)c1,,6.89,1,6.89,6.89,Ki,B,cell-based format,cell_based,9,D,2008,
CHEMBL4788835,CHEMBL4788835,COc1ccc(N2CCOCC2)c2sc(NC(=O)N3CCC(C(C)(O)CF)CC3)nc12,,7.42,1,7.42,7.42,Ki,B,cell-based format,cell_based,9,D,2021,
CHEMBL4791368,CHEMBL4791368,CCCNc1nc(C#Cc2ccc(F)s2)nc2c1ncn2[C@H]1[C@H](O)[C@H](O)[C@]2(C(=O)NC)C[C@H]12,,6.08,1,6.08,6.08,Ki,B,cell-based format,cell_based,9,D,2020,
CHEMBL4791612,CHEMBL4791612,Nc1nc(-c2ccccc2)c2ccccc2n1,,6.7,1,6.7,6.7,Ki,B,cell membrane format,other,9,D,2022,
CHEMBL4791834,CHEMBL4791834,COc1ccc(C(=O)Nc2ccc(-c3cn4c(=O)n(-c5ccccc5)nc4c(N)n3)cc2)cc1OC,,7.69,1,7.69,7.69,Ki,B,cell membrane format,other,9,D,2020,
CHEMBL4792994,CHEMBL4792994,COC(=O)[C@@H]1CCCN1c1nc2nn(C)cc2c2nc(-c3ccco3)nn12,,6.37,1,6.37,6.37,Ki,B,cell membrane format,other,9,D,2021,
CHEMBL4793920,CHEMBL4793920,Nc1nc(-c2ccc(NC(=O)CCNCCc3ccc(S(N)(=O)=O)cc3)cc2)cn2c(=O)n(-c3ccccc3)nc12,,7.97,1,7.97,7.97,Ki,B,cell membrane format,other,9,D,2020,
CHEMBL4795162,CHEMBL4795162,Cn1cc2c(nc(NC(=O)Nc3ccc(CC(=O)OCCOCCOCCNC(=S)Nc4ccc(-c5c6ccc(=O)cc-6oc6cc(O)ccc56)c(C(=O)O)c4)cc3)n3nc(-c4ccco4)nc23)n1,,7.02,1,7.02,7.02,Ki,B,cell membrane format,other,9,D,2020,
CHEMBL4795658,CHEMBL4795658,COc1ccc(N2CCOCC2)c2sc(NC(=O)N3CCC(COCCF)CC3)nc12,,7.46,1,7.46,7.46,Ki,B,cell-based format,cell_based,9,D,2021,
CHEMBL4797036,CHEMBL4797036,Nc1nc(-c2ccc(NC(=O)c3ccc(S(N)(=O)=O)cc3)cc2)cn2c(=O)n(-c3ccccc3)nc12,,7.615,2,7.04,8.19,IC50;Ki,B,cell membrane format,other,9,D,2020,
CHEMBL4797325,CHEMBL4797325,O=C(Nc1nc(-c2ccccc2)c(C(=O)c2ccc(F)cc2F)s1)c1ccco1,,6.88,1,6.88,6.88,Ki,B,cell membrane format,other,9,D,2020,
CHEMBL4797465,CHEMBL4797465,Nc1nc(-c2ccc(NC(=O)CCNCc3ccc(S(N)(=O)=O)cc3)cc2)cn2c(=O)n(-c3ccccc3)nc12,,7.02,1,7.02,7.02,Ki,B,cell membrane format,other,9,D,2020,
CHEMBL479784,CHEMBL479784,Nc1nc2c(cnn2CCc2ccc3nc(N4CCOCC4)ccc3c2)c2nc(-c3ccco3)nn12,,8.74,1,8.74,8.74,Ki,F,assay format,other,9,D,2008,
CHEMBL4799118,CHEMBL4799118,Nc1nc(-c2ccc(NC(=O)c3ccc(O)cc3)cc2)cn2c(=O)n(-c3ccccc3)nc12,,7.38,1,7.38,7.38,Ki,B,cell membrane format,other,9,D,2020,
CHEMBL4800356,CHEMBL4800356,Cn1cc2c(nc(NC(=O)Nc3ccc(CC(=O)OCCCCNC(=O)OC(C)(C)C)cc3)n3nc(-c4ccco4)nc23)n1,,6.52,1,6.52,6.52,Ki,B,cell membrane format,other,9,D,2020,
CHEMBL480177,CHEMBL480177,COCCOCc1ccc2cc(CCn3ncc4c3nc(N)n3nc(-c5ccco5)nc43)ccc2n1,,8.55,1,8.55,8.55,Ki,F,assay format,other,9,D,2008,
CHEMBL4749227,CHEMBL4802759,Cn1cc2c(nc(NC(=O)Nc3ccc(CC(=O)OCCCOCCOCCOCCCN)cc3)n3nc(-c4ccco4)nc23)n1,,6.48,1,6.48,6.48,Ki,B,cell membrane format,other,9,D,2020,
CHEMBL4760582,CHEMBL4803071,Cn1cc2c(nc(NC(=O)Nc3ccc(CC(=O)OCCCCN)cc3)n3nc(-c4ccco4)nc23)n1,,6.76,1,6.76,6.76,Ki,B,cell membrane format,other,9,D,2020,
CHEMBL4763432,CHEMBL4803213,Cn1cc2c(nc(NC(=O)Nc3ccc(CC(=O)OCCCN)cc3)n3nc(-c4ccco4)nc23)n1,,6.76,1,6.76,6.76,Ki,B,cell membrane format,other,9,D,2020,
CHEMBL4764119,CHEMBL4803276,Cn1cc2c(nc(NC(=O)Nc3ccc(CC(=O)OCCOCCOCCN)cc3)n3nc(-c4ccco4)nc23)n1,,6.57,1,6.57,6.57,Ki,B,cell membrane format,other,9,D,2020,
CHEMBL480380,CHEMBL480380,COCCOc1ccc(N2CCN(CCN(C)c3cc4nc(-c5cccc(C#N)c5)nn4c(N)n3)CC2)cc1,,9.15,1,9.15,9.15,Ki,B,cell-based format,cell_based,9,D,2009,
CHEMBL4794804,CHEMBL4803880,Cn1cc2c(nc(NC(=O)Nc3ccc(CC(=O)OCCCCCN)cc3)n3nc(-c4ccco4)nc23)n1,,6.69,1,6.69,6.69,Ki,B,cell membrane format,other,9,D,2020,
CHEMBL480397,CHEMBL480397,Nc1nc(OCCN2CCN(c3ccc(F)cc3F)CC2)cc2nc(-c3ccco3)nn12,,8.22,1,8.22,8.22,Ki,B,cell-based format,cell_based,9,D,2009,
CHEMBL480443,CHEMBL480443,COC[C@H]1CCCN1c1cc(NC(C)=O)nc(-c2nccs2)n1,,7.7,1,7.7,7.7,Ki,B,cell-based format,cell_based,9,D,2009,
CHEMBL480444,CHEMBL480444,COC[C@H]1CCCN1c1cc(NC(=O)OC)nc(-n2nc(C)cc2C)n1,,7.72,1,7.72,7.72,Ki,B,cell-based format,cell_based,9,D,2009,
CHEMBL480542,CHEMBL480542,CN(CCN1CCN(c2ccc(F)cc2F)CC1)c1cc2nc(-c3cnco3)nn2c(N)n1,,9.52,1,9.52,9.52,Ki,B,cell-based format,cell_based,9,D,2009,
CHEMBL480556,CHEMBL480556,COCCOc1ccc(N2CCN(CCOc3cc4nc(-c5ccco5)nn4c(N)n3)CC2)cc1,,8.55,1,8.55,8.55,Ki,B,cell-based format,cell_based,9,D,2009,
CHEMBL480568,CHEMBL480568,COCCOc1ccc(N2CCN(CCSc3cc4nc(-c5ccco5)nn4c(N)n3)CC2)cc1,,8.82,1,8.82,8.82,Ki,B,cell-based format,cell_based,9,D,2009,
CHEMBL480570,CHEMBL480570,Cc1nccnc1-c1nc2cc(N(C)CCN3CCN(c4ccc(F)cc4F)CC3)nc(N)n2n1,,9.52,1,9.52,9.52,Ki,B,cell-based format,cell_based,9,D,2009,
CHEMBL480749,CHEMBL480749,COCCOc1ccc(N2CCN(CCNc3cc4nc(-c5ccco5)nn4c(N)n3)CC2)cc1,,8.02,1,8.02,8.02,Ki,B,cell-based format,cell_based,9,D,2009,
CHEMBL480756,CHEMBL480756,COCCOc1ccc(N2CCN(CCN(C)c3cc4nc(-c5ccco5)nn4c(N)n3)CC2)cc1,,8.6,1,8.6,8.6,Ki,B,cell-based format,cell_based,9,D,2009,
CHEMBL481132,CHEMBL481132,Nc1nc2c(cnn2CCc2ccc(-c3cnccn3)cc2)c2nc(-c3ccco3)nn12,,9.05,1,9.05,9.05,Ki,F,assay format,other,9,D,2008,
CHEMBL481146,CHEMBL481146,COCCOC(C)c1ccc2cc(CCn3ncc4c3nc(N)n3nc(-c5ccco5)nc43)ccc2n1,,8.82,1,8.82,8.82,Ki,F,assay format,other,9,D,2008,
CHEMBL481147,CHEMBL481147,Nc1nc2c(cnn2CCc2ccc3nc(CN4CCOCC4)ccc3c2)c2nc(-c3ccco3)nn12,,8.64,1,8.64,8.64,Ki,F,assay format,other,9,D,2008,
CHEMBL48153,CHEMBL48153,Cn1c(-c2cccc(F)c2)nc2c(N)nc(C#CC3(O)CCCCC3)nc21,,7.8,1,7.8,7.8,Ki,B,cell-based format,cell_based,8,H,2001,
CHEMBL481736,CHEMBL481736,COc1ccc(CCN(C)c2cc3nc(-c4ccco4)nn3c(N)n2)cc1,,8.74,1,8.74,8.74,Ki,B,cell-based format,cell_based,9,D,2009,
CHEMBL481737,CHEMBL481737,COc1ccc(CCOc2cc3nc(-c4ccco4)nn3c(N)n2)cc1,,8.55,1,8.55,8.55,Ki,B,cell-based format,cell_based,9,D,2009,
CHEMBL481770,CHEMBL481770,Nc1nc2c(cnn2CCc2ccc(-c3ccc(OC(F)(F)F)cc3)cc2)c2nc(-c3ccco3)nn12,,8.11,1,8.11,8.11,Ki,F,assay format,other,9,D,2008,
CHEMBL481771,CHEMBL481771,COc1ccc(-c2ccc(CCn3ncc4c3nc(N)n3nc(-c5ccco5)nc43)cc2)cn1,,8.72,1,8.72,8.72,Ki,F,assay format,other,9,D,2008,
CHEMBL481817,CHEMBL481817,COC[C@H]1CCCN1c1cc(NC(=O)NC(C)C)nc(-n2nc(C)cc2C)n1,,7.37,1,7.37,7.37,Ki,B,cell-based format,cell_based,9,D,2009,
CHEMBL481956,CHEMBL481956,CCc1ccc2cc(CCn3ncc4c3nc(N)n3nc(-c5ccco5)nc43)ccc2n1,,8.57,1,8.57,8.57,Ki,F,assay format,other,9,D,2008,
CHEMBL482011,CHEMBL482011,COC[C@H]1CCCN1c1cc(NC(=O)CC(C)C)nc(-n2nc(C)cc2C)n1,,7.3,1,7.3,7.3,Ki,B,cell-based format,cell_based,9,D,2009,
CHEMBL482078,CHEMBL482078,Nc1nc2c(cnn2CCc2ccc(-c3ccccc3)cc2)c2nc(-c3ccco3)nn12,,8.96,1,8.96,8.96,Ki,F,assay format,other,9,D,2008,
CHEMBL482138,CHEMBL482138,Nc1nc2c(cnn2CCc2ccc3nc(C(=O)N4CCOCC4)ccc3c2)c2nc(-c3ccco3)nn12,,8.8,1,8.8,8.8,Ki,F,assay format,other,9,D,2008,
CHEMBL482161,CHEMBL482161,CCN(CCc1ccc(F)cc1)c1cc2nc(-c3ccco3)nn2c(N)n1,,8.52,1,8.52,8.52,Ki,B,cell-based format,cell_based,9,D,2009,
CHEMBL482213,CHEMBL482213,COC[C@H]1CCCN1c1cc(N)nc(-n2nc(C)cc2C)n1,,6.58,1,6.58,6.58,Ki,B,cell-based format,cell_based,9,D,2009,
CHEMBL482283,CHEMBL482283,Nc1nc2c(cnn2CCc2ccc(-c3cccnc3)cn2)c2nc(-c3ccco3)nn12,,7.94,1,7.94,7.94,Ki,F,assay format,other,9,D,2008,
CHEMBL482328,CHEMBL482328,COCCOc1ccc(N2CCN(CCN(C)c3cc4nc(-c5ccccc5)nn4c(N)n3)CC2)cc1,,7.6,1,7.6,7.6,Ki,B,cell-based format,cell_based,9,D,2009,
CHEMBL482329,CHEMBL482329,CN(CCN1CCN(c2ccc(F)cc2F)CC1)c1cc2nc(-c3cccc(C#N)c3)nn2c(N)n1,,8.74,1,8.74,8.74,Ki,B,cell-based format,cell_based,9,D,2009,
CHEMBL482436,CHEMBL482436,CCCn1c(=O)[nH]c2nc(-c3ccc(S(=O)(=O)N4CCN(Cc5ccc(Cl)cc5)CC4)cc3)[nH]c2c1=O,,6.48,1,6.48,6.48,Ki,B,cell-based format,cell_based,9,D,2009,
CHEMBL482648,CHEMBL482648,CCn1c(=O)[nH]c2nc(-c3ccc(S(=O)(=O)N4CCN(Cc5ccc(OC)cc5)CC4)cc3)[nH]c2c1=O,,6.63,1,6.63,6.63,Ki,B,cell-based format,cell_based,9,D,2009,
CHEMBL482855,CHEMBL482855,CCCn1c(=O)[nH]c2nc(-c3ccc(S(=O)(=O)N4CCN(Cc5ccc(OC)cc5)CC4)cc3)[nH]c2c1=O,,6.48,1,6.48,6.48,Ki,B,cell-based format,cell_based,9,D,2009,
CHEMBL483065,CHEMBL483065,CCn1c(=O)[nH]c2nc(-c3ccc(S(=O)(=O)N4CCN(Cc5ccc6c(c5)OCO6)CC4)cc3)[nH]c2c1=O,,6.99,1,6.99,6.99,Ki,B,cell-based format,cell_based,9,D,2009,
CHEMBL483261,CHEMBL483261,CCn1c(=O)[nH]c2nc(-c3ccc(S(=O)(=O)N4CCN(Cc5ccc(Cl)cc5)CC4)cc3)[nH]c2c1=O,,8.19,1,8.19,8.19,Ki,B,cell-based format,cell_based,9,D,2009,
CHEMBL483469,CHEMBL483469,CCCn1c(=O)[nH]c2nc(-c3ccc(S(=O)(=O)N4CCN(Cc5cccc(Cl)c5)CC4)cc3)[nH]c2c1=O,,6.79,1,6.79,6.79,Ki,B,cell-based format,cell_based,9,D,2009,
CHEMBL483487,CHEMBL483487,CCn1c(=O)[nH]c2nc(-c3ccc(S(=O)(=O)N4CCN(c5ccc(Cl)cc5)CC4)cc3)[nH]c2c1=O,,7.32,1,7.32,7.32,Ki,B,cell-based format,cell_based,9,D,2009,
CHEMBL483688,CHEMBL483688,CCCn1c(=O)[nH]c2nc(-c3ccc(S(=O)(=O)N4CCN(c5ccc(Cl)cc5)CC4)cc3)[nH]c2c1=O,,9.26,1,9.26,9.26,Ki,F,assay format,other,9,D,2022,
CHEMBL4846299,CHEMBL4846299,Cc1ccc(-c2cn3c(nc4ccccc43)c(N)n2)cc1,,7.84,1,7.84,7.84,IC50,B,cell membrane format,other,9,D,2021,
CHEMBL4846301,CHEMBL4846301,COc1cccc(-c2cn3c(nc4ccccc43)c(N)n2)c1,,8.0,1,8.0,8.0,IC50,B,cell membrane format,other,9,D,2021,
CHEMBL4846381,CHEMBL4846381,N#Cc1ccc(-c2cn3c(nc4ccccc43)c(N)n2)cc1,,7.13,1,7.13,7.13,IC50,B,cell membrane format,other,9,D,2021,
CHEMBL484899,CHEMBL484899,CCn1c(=O)[nH]c2nc(-c3ccc(S(=O)(=O)N4CCN(Cc5cccc(F)c5)CC4)cc3)[nH]c2c1=O,,6.84,1,6.84,6.84,Ki,B,cell-based format,cell_based,9,D,2009,
CHEMBL484900,CHEMBL484900,CCCn1c(=O)[nH]c2nc(-c3ccc(S(=O)(=O)N4CCN(Cc5cccc(F)c5)CC4)cc3)[nH]c2c1=O,,6.56,1,6.56,6.56,Ki,B,cell-based format,cell_based,9,D,2009,
CHEMBL4849795,CHEMBL4849795,Nc1nc(Cc2ccccc2)cn2c1nc1ccccc12,,7.51,3,6.78,8.04,EC50;IC50,B;F,cell membrane format;cell-based format;tissue-based format,cell_based,9,D,2021,
CHEMBL4849821,CHEMBL4849821,COc1ccccc1-c1cn2c(nc3ccccc32)c(N)n1,,7.08,1,7.08,7.08,IC50,B,cell membrane format,other,9,D,2021,
CHEMBL4849986,CHEMBL4849986,Cc1c(-c2ccccc2)nc(N)c2nc3ccccc3n12,,6.94,1,6.94,6.94,IC50,B,cell membrane format,other,9,D,2021,
CHEMBL4850192,CHEMBL4850192,Nc1nc(-c2ccccc2)cn2c1nc1ccccc12,,7.33,1,7.33,7.33,IC50,B,cell membrane format,other,9,D,2021,
CHEMBL4853667,CHEMBL4853667,Nc1nc(-c2ccc([N+](=O)[O-])cc2)cn2c1nc1ccccc12,,7.14,1,7.14,7.14,IC50,B,cell membrane format,other,9,D,2021,
CHEMBL4855390,CHEMBL4855390,Nc1nc(-c2cccc(Br)c2)cn2c1nc1ccccc12,,7.08,3,6.42,8.0,EC50;IC50,B;F,cell membrane format;cell-based format;tissue-based format,cell_based,9,D,2021,
CHEMBL4855908,CHEMBL4855908,Nc1nc(-c2ccc(F)cc2)c(-c2ccc(=O)[nH]c2)c2nc(CCC(F)(F)F)nn12,,9.13,1,9.13,9.13,IC50,F,cell-based format,cell_based,9,D,2021,
CHEMBL4857237,CHEMBL4857237,Nc1nc(-c2ccc(C(F)(F)F)cc2)cn2c1nc1ccccc12,,7.58,1,7.58,7.58,IC50,B,cell membrane format,other,9,D,2021,
CHEMBL4857425,CHEMBL4857425,Nc1nc(CO)cn2c1nc1ccccc12,,6.83,1,6.83,6.83,IC50,B,cell membrane format,other,9,D,2021,
CHEMBL485752,CHEMBL485752,CCOC(=O)Nc1cc(-c2cncc(OC)c2)nc(-n2nc(C)cc2C)n1,,7.41,2,6.71,8.11,IC50;Ki,B;F,cell-based format,cell_based,9,D,2008,
CHEMBL485765,CHEMBL485765,CC(=O)Nc1cc(-c2cccc(N3CCCC3)n2)nc(-n2nc(C)cc2C)n1,,9.59,1,9.59,9.59,Ki,B,cell-based format,cell_based,9,D,2008,
CHEMBL4857871,CHEMBL4857871,Nc1nc(NCCc2ccc(O)cc2)nc2nc(C3=CCCO3)nn12,,8.32,1,8.32,8.32,IC50,B,cell-based format,cell_based,9,D,2020,
CHEMBL4858144,CHEMBL4858144,Nc1nc(-c2ccc(F)cc2)c(-c2ccc(=O)[nH]c2)c2nc(Cc3ccc(F)cn3)nn12,,9.52,1,9.52,9.52,IC50,F,cell-based format,cell_based,9,D,2021,
CHEMBL4858421,CHEMBL4858421,CC(=O)Nc1cccc(-c2cn3c(nc4ccccc43)c(N)n2)c1,,7.31,1,7.31,7.31,IC50,B,cell membrane format,other,9,D,2021,
CHEMBL485862,CHEMBL485862,CC(=O)NCCNc1nc(-c2ccccc2)nc2[nH]c(C(=O)N3CCN(CCCc4ccccc4)CC3)cc12,,6.48,1,6.48,6.48,Ki,B,single protein format,single_protein,9,D,2009,
CHEMBL485950,CHEMBL485950,CC(=O)Nc1cc(-c2cc(N3CCOCC3)ccn2)nc(-n2nc(C)cc2C)n1,,7.06,1,7.06,7.06,Ki,B,cell-based format,cell_based,9,D,2008,
CHEMBL485972,CHEMBL485972,COCCN(C)c1cccc(-c2cc(NC(C)=O)nc(-n3nc(C)cc3C)n2)n1,,8.15,2,7.16,9.14,IC50;Ki,B;F,cell-based format,cell_based,9,D,2008,
CHEMBL4860395,CHEMBL4860395,Nc1nc(-c2ccc(Cl)cc2)cn2c1nc1ccccc12,,7.45,1,7.45,7.45,IC50,B,cell membrane format,other,9,D,2021,
CHEMBL486130,CHEMBL486130,CC(=O)Nc1cc(-c2cncc(O)c2)nc(-n2nc(C)cc2C)n1,,7.865,2,7.19,8.54,IC50;Ki,B;F,cell-based format,cell_based,9,D,2008,
CHEMBL486131,CHEMBL486131,COc1cncc(-c2cc(NC(=O)CN3CCOCC3)nc(-n3nc(C)cc3C)n2)c1,,7.855,2,7.31,8.4,IC50;Ki,B;F,cell-based format,cell_based,9,D,2008,
CHEMBL486140,CHEMBL486140,CCC(=O)Nc1cc(-c2cncc(OC)c2)nc(-n2nc(C)cc2C)n1,,8.125,2,7.51,8.74,IC50;Ki,B;F,cell-based format,cell_based,9,D,2008,
CHEMBL486162,CHEMBL486162,CC(=O)Nc1cc(-c2cccc(N3CCN(C)CC3)n2)nc(-n2nc(C)cc2C)n1,,8.65,2,8.15,9.15,IC50;Ki,B;F,cell-based format,cell_based,9,D,2008,
CHEMBL4862010,CHEMBL4862010,Nc1nc(-c2ccccc2)c(-c2ccnnc2)c2nc(Cc3ncccc3F)nn12,,8.04,1,8.04,8.04,IC50,F,cell-based format,cell_based,9,D,2021,
CHEMBL4862534,CHEMBL4862534,Nc1nc(-c2ccc(Br)cc2)cn2c1nc1ccccc12,,7.42,1,7.42,7.42,IC50,B,cell membrane format,other,9,D,2021,
CHEMBL4862573,CHEMBL4862573,COc1cccc(-c2cn3c(nc4cc(F)c(F)cc43)c(N)n2)c1,,7.11,3,6.28,7.57,EC50;IC50,B;F,cell membrane format;cell-based format;tissue-based format,cell_based,9,D,2021,
CHEMBL486282,CHEMBL486282,CCCn1c(=O)[nH]c2nc(-c3ccc(S(=O)(=O)NC4CCN(Cc5ccccc5)CC4)cc3)[nH]c2c1=O,,7.03,1,7.03,7.03,Ki,B,cell-based format,cell_based,9,D,2009,
CHEMBL486316,CHEMBL486316,Cn1c(=O)c2[nH]c(-c3cccc(OCCN4CCCC4)c3)nc2n(C)c1=O,,6.4,1,6.4,6.4,Ki,B,cell-based format,cell_based,9,D,2009,
CHEMBL486338,CHEMBL486338,COc1ccc(-c2cc(NC(C)=O)nc(-n3nc(C)cc3C)n2)cc1,,7.77,1,7.77,7.77,Ki,B,cell-based format,cell_based,9,D,2008,
CHEMBL486339,CHEMBL486339,CC(=O)Nc1cc(-c2cccc(C)c2)nc(-n2nc(C)cc2C)n1,,8.15,1,8.15,8.15,Ki,B,cell-based format,cell_based,9,D,2008,
CHEMBL486351,CHEMBL486351,CC(=O)Nc1cc(-c2cc(C)cc(C)c2)nc(-n2nc(C)cc2C)n1,,8.1,1,8.1,8.1,Ki,B,cell-based format,cell_based,9,D,2008,
CHEMBL4864129,CHEMBL4864129,Nc1nc(-c2ccccc2)c(-c2ccc(=O)[nH]c2)c2nc(Cc3ncc(F)cc3Cl)nn12,,9.54,1,9.54,9.54,IC50,F,cell-based format,cell_based,9,D,2021,
CHEMBL486478,CHEMBL486478,CCn1c(=O)[nH]c2nc(-c3ccc(S(=O)(=O)N4CCN(Cc5ccc(C(F)(F)F)cc5)CC4)cc3)[nH]c2c1=O,,7.64,1,7.64,7.64,Ki,B,cell-based format,cell_based,9,D,2009,
CHEMBL486479,CHEMBL486479,CCCn1c(=O)[nH]c2nc(-c3ccc(S(=O)(=O)N4CCN(Cc5ccc(C(F)(F)F)cc5)CC4)cc3)[nH]c2c1=O,,6.84,1,6.84,6.84,Ki,B,cell-based format,cell_based,9,D,2009,
CHEMBL4865474,CHEMBL4865474,Nc1nc(-c2ccccc2)c(-c2ccnnc2)c2nc(CC3CCCO3)nn12,,7.08,1,7.08,7.08,IC50,F,cell-based format,cell_based,9,D,2021,
CHEMBL486552,CHEMBL486552,CC(=O)Nc1cc(-c2cccc(CC#N)c2)nc(-n2nc(C)cc2C)n1,,8.7,1,8.7,8.7,Ki,B,cell-based format,cell_based,9,D,2008,
CHEMBL486688,CHEMBL486688,CCCn1c(=O)[nH]c2nc(-c3ccc(S(=O)(=O)N4CCN(Cc5cccc(C(F)(F)F)c5)CC4)cc3)[nH]c2c1=O,,6.51,1,6.51,6.51,Ki,B,cell-based format,cell_based,9,D,2009,
CHEMBL486719,CHEMBL486719,COc1cc(-c2nc3c([nH]2)c(=O)n(C)c(=O)n3C)ccc1OCCN1CCCC1,,6.0,1,6.0,6.0,Ki,B,cell-based format,cell_based,9,D,2009,
CHEMBL486720,CHEMBL486720,COc1ccc(-c2nc3c([nH]2)c(=O)n(C)c(=O)n3C)cc1OCCN(C)C,,6.4,1,6.4,6.4,Ki,B,cell-based format,cell_based,9,D,2009,
CHEMBL4867286,CHEMBL4867286,COc1ccc(Cc2nc3c(-c4ccc(=O)n(C)c4)c(-c4ccccc4)nc(N)n3n2)nc1,,8.11,1,8.11,8.11,IC50,F,cell-based format,cell_based,9,D,2021,
CHEMBL4867327,CHEMBL4867327,Nc1nc(-c2ccc(OC(F)(F)F)cc2)cn2c1nc1ccccc12,,6.88,1,6.88,6.88,IC50,B,cell membrane format,other,9,D,2021,
CHEMBL486745,CHEMBL486745,COc1cccc(-c2cc(NC(C)=O)nc(-n3nc(C)cc3C)n2)c1F,,8.36,2,7.5,9.22,IC50;Ki,B;F,cell-based format,cell_based,9,D,2008,
CHEMBL486893,CHEMBL486893,CCCn1c(=O)[nH]c2nc(-c3ccc(S(=O)(=O)N4CCN(Cc5ccc6c(c5)OCO6)CC4)cc3)[nH]c2c1=O,,6.95,1,6.95,6.95,Ki,B,cell-based format,cell_based,9,D,2009,
CHEMBL486950,CHEMBL486950,COc1cccc(-c2cc(NC(C)=O)nc(-n3nc(C)cc3C)n2)c1,,9.02,2,9.0,9.04,Ki,B,cell-based format,cell_based,9,D,2008,
CHEMBL4870159,CHEMBL4870159,Cn1cc(-c2c(-c3ccccc3)nc(N)n3nc(Cc4ncccc4F)nc23)ccc1=O,,9.24,1,9.24,9.24,IC50,F,cell-based format,cell_based,9,D,2021,
CHEMBL4872721,CHEMBL4872721,Nc1nc(-c2ccco2)cn2c1nc1ccccc12,,7.49,1,7.49,7.49,IC50,B,cell membrane format,other,9,D,2021,
CHEMBL4873266,CHEMBL4873266,Cn1cc(-c2c(-c3ccccc3)nc(N)n3nc([C@H](O)c4ncccc4F)nc23)ccc1=O,,9.28,1,9.28,9.28,IC50,F,cell-based format,cell_based,9,D,2021,
CHEMBL4873408,CHEMBL4873408,CC(=O)Nc1ccc(-c2cn3c(nc4ccccc43)c(N)n2)cc1,,6.51,1,6.51,6.51,IC50,B,cell membrane format,other,9,D,2021,
CHEMBL487371,CHEMBL487371,CC(=O)Nc1cc(-c2ccnc(N3CCOCC3)c2)nc(-n2nc(C)cc2C)n1,,7.92,1,7.92,7.92,Ki,B,cell-based format,cell_based,9,D,2008,
CHEMBL487372,CHEMBL487372,CC(=O)Nc1cc(-c2cccc(N)n2)nc(-n2nc(C)cc2C)n1,,8.1,1,8.1,8.1,Ki,B,cell-based format,cell_based,9,D,2008,
CHEMBL487497,CHEMBL487497,O=C(Nc1ccc(F)cc1)Nc1ccc(Nc2nc(-c3ccccc3)nc3c2nnn3Cc2ccccc2)cc1,,6.78,1,6.78,6.78,Ki,B,single protein format,single_protein,9,D,2014,
CHEMBL4875468,CHEMBL4875468,CC(C)(C)c1ccc(-c2cn3c(nc4ccccc43)c(N)n2)cc1,,7.48,1,7.48,7.48,IC50,B,cell membrane format,other,9,D,2021,
CHEMBL487553,CHEMBL487553,COC1CCN(c2cccc(-c3cc(NC(C)=O)nc(-n4nc(C)cc4C)n3)n2)CC1,,9.379999999999999,2,9.36,9.4,Ki,B;F,cell-based format;single protein format,mixed,9,D,2008;2014,
CHEMBL487554,CHEMBL487554,COC1CN(c2cccc(-c3cc(NC(C)=O)nc(-n4nc(C)cc4C)n3)n2)C1,,8.54,2,7.75,9.33,IC50;Ki,B;F,cell-based format,cell_based,9,D,2008,
CHEMBL487569,CHEMBL487569,COc1cc(OC)cc(-c2cc(NC(C)=O)nc(-n3nc(C)cc3C)n2)c1,,9.7,3,7.77,9.72,IC50;Ki,B;F,cell-based format,cell_based,9,D,2008,
CHEMBL487572,CHEMBL487572,CC(=O)Nc1cc(-c2cccc(N(C)C)n2)nc(-n2nc(C)cc2C)n1,,8.01,2,6.81,9.21,IC50;Ki,B;F,cell-based format,cell_based,9,D,2008,
CHEMBL4876056,CHEMBL4876056,Cc1cc(-c2c(-c3ccc(F)cc3)nc(N)n3nc(CN4CCCCC4)nc23)c[nH]c1=O,,8.24,1,8.24,8.24,IC50,F,cell-based format,cell_based,9,D,2021,
CHEMBL4876080,CHEMBL4876080,Cn1cc(-c2c(-c3ccc(F)cc3)nc(N)n3nc([C@H](O)c4ncccc4F)nc23)ccc1=O,,8.06,1,8.06,8.06,IC50,F,cell-based format,cell_based,9,D,2021,
CHEMBL4876739,CHEMBL4876739,Nc1nc(-c2ccc(F)cc2F)cn2c1nc1ccccc12,,7.47,1,7.47,7.47,IC50,B,cell membrane format,other,9,D,2021,
CHEMBL4876950,CHEMBL4876950,COc1ccc(-c2cn3c(nc4ccccc43)c(N)n2)cc1,,7.29,1,7.29,7.29,IC50,B,cell membrane format,other,9,D,2021,
CHEMBL4877586,CHEMBL4877586,Nc1nc(-c2ccc(O)cc2)cn2c1nc1ccccc12,,7.09,1,7.09,7.09,IC50,B,cell membrane format,other,9,D,2021,
CHEMBL487765,CHEMBL487765,CC(=O)Nc1cc(-c2ccccc2)nc(-n2nc(C)cc2C)n1,,7.06,1,7.06,7.06,Ki,B,cell-based format,cell_based,9,D,2008,
CHEMBL487766,CHEMBL487766,CC(=O)Nc1cc(-c2cccnc2)nc(-n2nc(C)cc2C)n1,,6.92,1,6.92,6.92,Ki,B,cell-based format,cell_based,9,D,2008,
CHEMBL488151,CHEMBL488151,CN(C)CCOc1cccc(-c2nc3c([nH]2)c(=O)n(C)c(=O)n3C)c1,,6.4,1,6.4,6.4,Ki,B,cell-based format,cell_based,9,D,2009,
CHEMBL488152,CHEMBL488152,CCN(CC)CCOc1cccc(-c2nc3c([nH]2)c(=O)n(C)c(=O)n3C)c1,,7.0,1,7.0,7.0,Ki,B,cell-based format,cell_based,9,D,2009,
CHEMBL488366,CHEMBL488366,Cn1c(=O)c2[nH]c(-c3cccc(OCCN4CCCCC4)c3)nc2n(C)c1=O,,6.1,1,6.1,6.1,Ki,B,cell-based format,cell_based,9,D,2009,
CHEMBL488541,CHEMBL488541,CCCn1c(=O)[nH]c2nc(-c3ccc(S(=O)(=O)N4CCN(CCc5ccccc5)CC4)cc3)[nH]c2c1=O,,6.57,1,6.57,6.57,Ki,B,cell-based format,cell_based,9,D,2009,
CHEMBL488797,CHEMBL488797,COc1ccccc1-c1cc(NC(C)=O)nc(-n2nc(C)cc2C)n1,,8.7,1,8.7,8.7,Ki,B,cell-based format,cell_based,9,D,2008,
CHEMBL489120,CHEMBL489120,COc1cccc(-n2c(=O)n(Cc3ccccc3Cl)c3cnc(NC4CC4)nc32)c1,,7.07,1,7.07,7.07,Ki,B,cell-based format,cell_based,9,D,2009,
CHEMBL489126,CHEMBL489126,COc1cccc(-n2c(=O)n(Cc3c(F)cccc3F)c3cnc(NC4CC4)nc32)c1,,8.4,1,8.4,8.4,Ki,B,cell-based format,cell_based,9,D,2009,
CHEMBL489321,CHEMBL489321,COc1cccc(-n2c(=O)n(Cc3c(F)cccc3OC)c3cnc(NC4CC4)nc32)c1,,8.22,1,8.22,8.22,Ki,B,cell-based format,cell_based,9,D,2009,
CHEMBL490250,CHEMBL490250,OC[C@H]1O[C@@H](n2cnc3c(NC4CC5CCC4C5)nc(Cl)nc32)[C@H](O)[C@@H]1O,,6.1,1,6.1,6.1,Ki,B,cell-based format,cell_based,9,D,2009,
CHEMBL490723,CHEMBL490723,COc1cccc(-n2c(=O)n(Cc3ccccc3)c3cnc(NC4CC4)nc32)c1,,7.27,1,7.27,7.27,Ki,B,cell-based format,cell_based,9,D,2009,
CHEMBL491097,CHEMBL491097,COc1cccc(-n2c(=O)n(Cc3c(F)cccc3F)c3cnc(Nc4cccnc4)nc32)c1,,6.96,1,6.96,6.96,Ki,B,cell-based format,cell_based,9,D,2009,
CHEMBL491285,CHEMBL491285,COc1cccc(-n2c(=O)n(Cc3c(F)cccc3F)c3cnc(NCCN(C)C)nc32)c1,,6.58,1,6.58,6.58,Ki,B,cell-based format,cell_based,9,D,2009,
CHEMBL491310,CHEMBL491310,COCCNc1ncc2c(n1)n(-c1cccc(OC)c1)c(=O)n2Cc1c(F)cccc1F,,6.97,1,6.97,6.97,Ki,B,cell-based format,cell_based,9,D,2009,
CHEMBL491311,CHEMBL491311,COc1cccc(-n2c(=O)n(Cc3c(F)cccc3F)c3cnc(NC4CCCC4)nc32)c1,,6.67,1,6.67,6.67,Ki,B,cell-based format,cell_based,9,D,2009,
CHEMBL491317,CHEMBL491317,CNc1ncc2c(n1)n(-c1cccc(OC)c1)c(=O)n2Cc1c(F)cccc1F,,7.64,1,7.64,7.64,Ki,B,cell-based format,cell_based,9,D,2009,
CHEMBL491318,CHEMBL491318,CCNc1ncc2c(n1)n(-c1cccc(OC)c1)c(=O)n2Cc1c(F)cccc1F,,7.51,1,7.51,7.51,Ki,B,cell-based format,cell_based,9,D,2009,
CHEMBL491321,CHEMBL491321,COc1cccc(-n2c(=O)n(Cc3c(F)cccc3F)c3cnc(NC(C)C)nc32)c1,,7.22,1,7.22,7.22,Ki,B,cell-based format,cell_based,9,D,2009,
CHEMBL492052,CHEMBL492052,Nc1ccc(Nc2nc(-c3ccccc3)nc3c2nnn3Cc2ccccc2)cc1,,6.55,1,6.55,6.55,Ki,B,cell-based format,cell_based,9,D,2008,
CHEMBL494086,CHEMBL494086,O[C@@H]1[C@H](O)CS[C@H]1n1cnc2c(NCc3cccc(Cl)c3)ncnc21,,6.36,1,6.36,6.36,Ki,B,cell-based format,cell_based,9,D,2008,
CHEMBL496,CHEMBL496,Oc1c(Cl)cc(Cl)c(Cl)c1Cc1c(O)c(Cl)cc(Cl)c1Cl,HEXACHLOROPHENE,6.04,1,6.04,6.04,Ki,B,cell membrane format,other,8,H,,4
CHEMBL49925,CHEMBL49925,Cn1c(-c2cccc(C#N)c2)nc2c(N)nc(C#CC3(O)CCCCC3)nc21,,7.89,1,7.89,7.89,Ki,B,cell-based format,cell_based,8,H,2001,
CHEMBL50051,CHEMBL50051,Cn1c(-c2ccco2)nc2c(N)nc(C#CC3(O)CCCCC3)nc21,,7.96,1,7.96,7.96,Ki,B,cell-based format,cell_based,8,H,2001,
CHEMBL500569,CHEMBL500569,O[C@@H]1[C@H](O)CS[C@H]1n1cnc2c(NCc3cccc(I)c3)ncnc21,,6.5,2,6.36,6.64,Ki,B,cell-based format,cell_based,9,D,2008;2017,
CHEMBL502005,CHEMBL502005,O=C(Nc1nc2ccccc2n2c(=O)n(-c3ccccc3)nc12)c1ccncc1,,6.73,1,6.73,6.73,Ki,B,cell-based format,cell_based,9,D,2008,
CHEMBL502105,CHEMBL502105,COc1ccc(-c2cc(-c3ccco3)nc(N)c2C#N)cc1OC,,7.04,1,7.04,7.04,Ki,B,cell-based format,cell_based,9,D,2008,
CHEMBL504812,CHEMBL504812,CC(=O)Nc1cc(-c2cccc(C(F)(F)F)c2)nc(-n2nc(C)cc2C)n1,,8.7,1,8.7,8.7,Ki,B,cell-based format,cell_based,9,D,2008,
CHEMBL505089,CHEMBL505089,CCCCn1c(Br)nc2c(N)ncnc21,,6.14,1,6.14,6.14,Ki,B,cell-based format,cell_based,9,D,2009,
CHEMBL505787,CHEMBL505787,Cc1csc(-c2nc(N)nc3c2nnn3Cc2ccccc2F)n1,,8.66,1,8.66,8.66,Ki,B,cell-based format,cell_based,9,D,2009,
CHEMBL505977,CHEMBL505977,Nc1nc(-c2ccco2)c2nnn(Cc3ccc([N+](=O)[O-])cc3)c2n1,,7.55,1,7.55,7.55,Ki,B,cell-based format,cell_based,9,D,2009,
CHEMBL506101,CHEMBL506101,Nc1nc(-c2ccco2)c2nnn(Cc3ccsc3)c2n1,,8.72,1,8.72,8.72,Ki,B,cell-based format,cell_based,9,D,2009,
CHEMBL506129,CHEMBL506129,CC(=O)Nc1cc(-c2cccc(C#N)c2)nc(-n2nc(C)cc2C)n1,,8.7,1,8.7,8.7,Ki,B,cell-based format,cell_based,9,D,2008,
CHEMBL506179,CHEMBL506179,CCCn1c(=O)c2[nH]c(-c3ccc(OCC(=O)N4CCN(Cc5ccccc5)CC4)cc3)c(O)c2n(CCC)c1=O,,7.04,1,7.04,7.04,Ki,B,cell-based format,cell_based,9,D,2008,
CHEMBL506250,CHEMBL506250,N#Cc1c(-c2ccco2)cc(-c2ccco2)nc1N,,9.434999999999999,2,9.0,9.87,Kd;Ki,B;F,cell-based format,cell_based,9,D,2008,
CHEMBL506450,CHEMBL506450,CCCn1c(Br)nc2c(N)ncnc21,,6.52,1,6.52,6.52,Ki,B,cell-based format,cell_based,9,D,2009,
CHEMBL506511,CHEMBL506511,Nc1nc(-c2ccco2)c2nnn(Cc3cccc(O)c3)c2n1,,8.4,1,8.4,8.4,Ki,B,cell-based format,cell_based,9,D,2009,
CHEMBL506888,CHEMBL506888,C=CCn1c(Br)nc2c(N)ncnc21,,6.14,1,6.14,6.14,Ki,B,cell-based format,cell_based,9,D,2009,
CHEMBL5069937,CHEMBL5069937,N#Cc1c(-c2ccccc2)nc(N)nc1-c1ccsc1,,7.69,1,7.69,7.69,Ki,B,cell membrane format,other,9,D,2022,
CHEMBL5070276,CHEMBL5070276,N#Cc1c(-c2ccccc2)nc(Nc2ccccc2)nc1-c1ccccc1F,,7.28,1,7.28,7.28,Ki,B,cell membrane format,other,9,D,2022,
CHEMBL5071174,CHEMBL5071174,N#Cc1c(-c2ccccc2)nc(Nc2ccccc2)nc1-c1ccco1,,8.67,1,8.67,8.67,Ki,B,cell membrane format,other,9,D,2022,
CHEMBL5071591,CHEMBL5071591,N#Cc1c(-c2ccccc2)nc(N)nc1-c1ccc(F)cc1,,7.79,1,7.79,7.79,Ki,B,cell membrane format,other,9,D,2022,
CHEMBL5071785,CHEMBL5071785,COc1ccc(N2CCN(CCn3c(=O)cnc4c(-c5ccc(C)o5)nc(N)nc43)CC2)c(F)c1,,8.31,1,8.31,8.31,IC50,F,cell-based format,cell_based,9,D,2022,
CHEMBL5071873,CHEMBL5071873,Cn1cc(-c2cnc(N)n3nc(-c4nccs4)nc23)ccc1=O,,7.07,1,7.07,7.07,Ki,B,cell-based format,cell_based,9,D,2022,
CHEMBL5072422,CHEMBL5072422,N#Cc1c(-c2ccccc2)nc(N)nc1-c1cccc(Cl)c1,,7.81,1,7.81,7.81,Ki,B,cell membrane format,other,9,D,2022,
CHEMBL5072557,CHEMBL5072557,CNc1nc(-c2ccccc2)c(C#N)c(-c2cccc(O)c2)n1,,6.98,1,6.98,6.98,Ki,B,cell membrane format,other,9,D,2022,
CHEMBL5072724,CHEMBL5072724,Nc1nc(-c2ccc(OCCCN3CCCCC3)cc2)c2c(n1)-c1ccccc1C2,,6.14,1,6.14,6.14,Ki,B,cell-based format,cell_based,9,D,2021,
CHEMBL5073445,CHEMBL5073445,Nc1cc(F)ccc1NC(=O)c1ccc(CCCn2ncc3c2nc(N)n2nc(-c4ccco4)nc32)cc1,,8.0,1,8.0,8.0,Ki,B,cell membrane format,other,9,D,2021,
CHEMBL5073669,CHEMBL5073669,CCCCn1c(=O)c2nc(C34CCC(C(=O)NCCCN=[N+]=[N-])(CC3)CC4)[nH]c2n(CCCNC(=O)c2ccc(S(=O)(=O)F)cc2)c1=O,,7.42,1,7.42,7.42,Ki,F,cell membrane format,other,9,D,2021,
CHEMBL5074137,CHEMBL5074137,Cn1cc(-c2cnc(N)n3nc(-c4ccccn4)nc23)ccc1=O,,7.21,1,7.21,7.21,Ki,B,cell-based format,cell_based,9,D,2022,
CHEMBL507426,CHEMBL507426,Nc1nc(-c2ccco2)c2nnn(Cc3ccccc3)c2n1,,8.72,1,8.72,8.72,Ki,B,cell-based format,cell_based,9,D,2009,
CHEMBL5074665,CHEMBL5074665,CNc1nc(-c2ccccc2)c(C#N)c(-c2cc(OC)cc(OC)c2)n1,,7.94,1,7.94,7.94,Ki,B,cell membrane format,other,9,D,2022,
CHEMBL5074874,CHEMBL5074874,Cn1nccc1-c1nc2c(-c3ccc(=O)n(C)c3)cnc(N)n2n1,,6.1,1,6.1,6.1,Ki,B,cell-based format,cell_based,9,D,2022,
CHEMBL5074986,CHEMBL5074986,N#Cc1c(-c2cccc(Cl)c2)nc(N)nc1-c1cccc(Cl)c1,,7.45,1,7.45,7.45,Ki,B,cell membrane format,other,9,D,2022,
CHEMBL5074992,CHEMBL5074992,CCCCn1c(=O)c2nc(C34CCC(C(=O)NCCOCCOCCN=[N+]=[N-])(CC3)CC4)[nH]c2n(CCCNC(=O)c2ccc(S(=O)(=O)F)cc2)c1=O,,7.5,1,7.5,7.5,Ki,F,cell membrane format,other,9,D,2021,
CHEMBL5075038,CHEMBL5075038,Nc1ccccc1NC(=O)c1ccc(CNc2nc(N)n3nc(-c4ccco4)nc3n2)cc1,,7.46,1,7.46,7.46,Ki,B,cell membrane format,other,9,D,2021,
CHEMBL5075272,CHEMBL5075272,Cc1ccc(-c2nc(N)nc3c2ncc(=O)n3CCN2CCN(c3ccccc3)CC2)o1,,7.31,1,7.31,7.31,IC50,F,cell-based format,cell_based,9,D,2022,
CHEMBL5075285,CHEMBL5075285,CCCn1c(=O)c2[nH]c(C34CCC(C(=O)NCCNC(=O)CCNC(=O)CCNC(=O)CCCCCNC(=O)COc5ccc(/C=C/C6=[N+]7C(=Cc8ccc(-c9cccs9)n8[B-]7(F)F)C=C6)cc5)(CC3)CC4)nc2n(CCC)c1=O,,7.55,1,7.55,7.55,Kd,B,cell-based format,cell_based,9,D,2021,
CHEMBL5075422,CHEMBL5075422,Cn1cc(-c2cnc(N)n3nc(-c4ccco4)nc23)ccc1=O,,8.245000000000001,2,8.24,8.25,IC50;Ki,B;F,cell-based format,cell_based,9,D,2022,
CHEMBL5075499,CHEMBL5075499,Cc1ccc(-c2nc(N)nc3c2ncc(=O)n3CCN2CCN(c3ccc(OC(F)(F)F)cc3)CC2)o1,,6.92,1,6.92,6.92,IC50,F,cell-based format,cell_based,9,D,2022,
CHEMBL5075704,CHEMBL5075704,Nc1nc(NCCc2ccc(C(=O)NO)cc2)nc2nc(-c3ccco3)nn12,,8.2,1,8.2,8.2,Ki,B,cell membrane format,other,9,D,2021,
CHEMBL5075711,CHEMBL5075711,Cc1ccc(-c2nc(N)nc3c2ncc(=O)n3CCN2CCN(c3ccc(C(F)(F)F)cc3)CC2)o1,,6.75,1,6.75,6.75,IC50,F,cell-based format,cell_based,9,D,2022,
CHEMBL5075833,CHEMBL5075833,COc1cccc(-c2nc(Nc3ccccc3)nc(-c3ccccc3)c2C#N)c1,,6.88,1,6.88,6.88,Ki,B,cell membrane format,other,9,D,2022,
CHEMBL5075972,CHEMBL5075972,Cc1ccc(-c2nc3c4cnn(CCc5ccc(C(=O)Nc6ccccc6N)cc5)c4nc(N)n3n2)o1,,7.73,1,7.73,7.73,Ki,B,cell membrane format,other,9,D,2021,
CHEMBL5076059,CHEMBL5076059,Cc1ccc(-c2nc3c(-c4ccc(=O)n(C)c4)cnc(N)n3n2)o1,,6.35,1,6.35,6.35,Ki,B,cell-based format,cell_based,9,D,2022,
CHEMBL5076095,CHEMBL5076095,CCNc1nc(-c2ccccc2)c(C#N)c(-c2ccc3c(c2)OCO3)n1,,6.05,1,6.05,6.05,Ki,B,cell membrane format,other,9,D,2022,
CHEMBL5076161,CHEMBL5076161,N#Cc1c(-c2ccccc2)nc(Nc2ccccc2)nc1-c1ccsc1,,6.99,1,6.99,6.99,Ki,B,cell membrane format,other,9,D,2022,
CHEMBL5076254,CHEMBL5076254,COc1cc(OC)cc(-c2nc(Nc3ccccc3)nc(-c3ccccc3)c2C#N)c1,,7.76,1,7.76,7.76,Ki,B,cell membrane format,other,9,D,2022,
CHEMBL5076343,CHEMBL5076343,Nc1ccccc1NC(=O)c1ccc(CCn2ncc3c2nc(N)n2nc(-c4ccco4)nc32)cc1,,8.66,1,8.66,8.66,Ki,B,cell membrane format,other,9,D,2021,
CHEMBL5076402,CHEMBL5076402,Nc1nc(NCc2ccc(C(=O)NO)cc2)nc2nc(-c3ccco3)nn12,,7.07,1,7.07,7.07,Ki,B,cell membrane format,other,9,D,2021,
CHEMBL5076412,CHEMBL5076412,COc1ccc(-c2nc(N)nc(-c3ccccc3)c2C#N)c(OC)c1,,7.99,1,7.99,7.99,Ki,B,cell membrane format,other,9,D,2022,
CHEMBL5076540,CHEMBL5076540,Nc1nc(NCCc2ccc(NC(=O)CCCCCCC(=O)NO)cc2)nc2nc(-c3ccco3)nn12,,7.95,1,7.95,7.95,Ki,B,cell membrane format,other,9,D,2021,
CHEMBL5076643,CHEMBL5076643,Cn1cc(-c2cnc(N)nc2-c2ccco2)ccc1=O,,7.57,1,7.57,7.57,Ki,B,cell-based format,cell_based,9,D,2022,
CHEMBL5076699,CHEMBL5076699,N#Cc1c(-c2ccccc2)nc(N)nc1-c1ccncc1,,6.17,1,6.17,6.17,Ki,B,cell membrane format,other,9,D,2022,
CHEMBL5077370,CHEMBL5077370,COc1cc(-c2nc(N)nc(-c3ccccc3)c2C#N)cc(OC)c1OC,,9.02,1,9.02,9.02,Ki,B,cell membrane format,other,9,D,2022,
CHEMBL5077441,CHEMBL5077441,Nc1ccccc1NC(=O)c1ccc(OCCNc2nc(N)n3nc(-c4ccco4)nc3n2)cc1,,8.31,1,8.31,8.31,Ki,B,cell membrane format,other,9,D,2021,
CHEMBL507754,CHEMBL507754,CCCn1c(=O)c2[nH]c(-c3ccc(S(C)(=O)=O)cc3)c(O)c2n(CCC)c1=O,,7.55,1,7.55,7.55,Ki,B,cell-based format,cell_based,9,D,2008,
CHEMBL5077827,CHEMBL5077827,Nc1nc(NCCc2ccc(/C=C/C(=O)NO)cc2)nc2nc(-c3ccco3)nn12,,7.42,1,7.42,7.42,Ki,B,cell membrane format,other,9,D,2021,
CHEMBL5077916,CHEMBL5077916,Nc1ccccc1NC(=O)c1ccc(CCCn2ncc3c2nc(N)n2nc(-c4ccco4)nc32)cc1,,8.48,1,8.48,8.48,Ki,B,cell membrane format,other,9,D,2021,
CHEMBL5078028,CHEMBL5078028,Cc1ccc(-c2nc(N)nc3c2ncc(=O)n3CCN2CCN(c3ccc(F)cc3F)CC2)o1,,8.07,1,8.07,8.07,IC50,F,cell-based format,cell_based,9,D,2022,
CHEMBL5078181,CHEMBL5078181,Cc1ccc(-c2nc(N)nc3c2ncc(=O)n3CCCc2ccccc2)o1,,6.15,1,6.15,6.15,IC50,F,cell-based format,cell_based,9,D,2022,
CHEMBL5078193,CHEMBL5078193,Cc1ccc(-c2nc(N)nc3c2ncc(=O)n3CCN2CCN(c3ccc(F)cc3Cl)CC2)o1,,7.06,1,7.06,7.06,IC50,F,cell-based format,cell_based,9,D,2022,
CHEMBL5078264,CHEMBL5078264,N#Cc1c(-c2ccccc2)nc(N)nc1-c1ccc(Br)cc1,,7.66,1,7.66,7.66,Ki,B,cell membrane format,other,9,D,2022,
CHEMBL5078507,CHEMBL5078507,N#Cc1c(N)nc(SCc2ncc[nH]2)nc1-c1ccccc1,,6.87,2,6.57,7.17,EC50;Ki,B;F,cell membrane format,other,9,D,2021,
CHEMBL5078550,CHEMBL5078550,COc1cc(-c2nc(Nc3ccccc3)nc(-c3ccccc3)c2C#N)cc(OC)c1OC,,7.8,1,7.8,7.8,Ki,B,cell membrane format,other,9,D,2022,
CHEMBL5078554,CHEMBL5078554,Nc1nc2c(cnn2CCN2Cc3ccc(C(=O)NO)cc3C2)c2nc(-c3ccco3)nn12,,7.22,1,7.22,7.22,Ki,B,cell membrane format,other,9,D,2021,
CHEMBL5079065,CHEMBL5079065,Nc1nc(NCCc2ccc(OCCCCCC(=O)NO)cc2)nc2nc(-c3ccco3)nn12,,9.02,1,9.02,9.02,Ki,B,cell membrane format,other,9,D,2021,
CHEMBL5079079,CHEMBL5079079,N#Cc1c(-c2ccccc2)nc(Nc2ccccc2)nc1-c1cccc(O)c1,,7.15,1,7.15,7.15,Ki,B,cell membrane format,other,9,D,2022,
CHEMBL5079328,CHEMBL5079328,CCNc1nc(-c2ccccc2)c(C#N)c(-c2cccnc2)n1,,6.47,1,6.47,6.47,Ki,B,cell membrane format,other,9,D,2022,
CHEMBL5079363,CHEMBL5079363,Cc1cnc(-c2nc3c(-c4ccc(=O)n(C)c4)cnc(N)n3n2)s1,,7.36,1,7.36,7.36,Ki,B,cell-based format,cell_based,9,D,2022,
CHEMBL5079399,CHEMBL5079399,COCCOc1ccc(N2CCN(CCn3c(=O)cnc4c(-c5ccc(C)o5)nc(N)nc43)CC2)c(F)c1F,,8.03,1,8.03,8.03,IC50,F,cell-based format,cell_based,9,D,2022,
CHEMBL5079449,CHEMBL5079449,Nc1nc2c(cnn2CCN2CCC(c3ccc(C(=O)NO)cc3)CC2)c2nc(-c3ccco3)nn12,,8.43,1,8.43,8.43,Ki,B,cell membrane format,other,9,D,2021,
CHEMBL5079711,CHEMBL5079711,COc1ccc(N2CCN(CCn3c(=O)cnc4c(-c5ccc(C)o5)nc(N)nc43)CC2)nc1,,6.67,1,6.67,6.67,IC50,F,cell-based format,cell_based,9,D,2022,
CHEMBL5079755,CHEMBL5079755,Nc1ccccc1NC(=O)c1ccc(CCCNc2nc(N)n3nc(-c4ccco4)nc3n2)cc1,,8.41,1,8.41,8.41,Ki,B,cell membrane format,other,9,D,2021,
CHEMBL5079760,CHEMBL5079760,N#Cc1cccc(-c2nc(N)nc(-c3ccccc3)c2C#N)c1,,7.08,1,7.08,7.08,Ki,B,cell membrane format,other,9,D,2022,
CHEMBL5079858,CHEMBL5079858,Cc1ccc(-c2nc(Nc3ccccc3)nc(-c3ccccc3)c2C#N)cc1,,6.8,1,6.8,6.8,Ki,B,cell membrane format,other,9,D,2022,
CHEMBL5079916,CHEMBL5079916,Cc1ccc(-c2nc(N)nc3c2ncc(=O)n3CCN2CCN(c3cccc(C(F)(F)F)c3)CC2)o1,,6.3,1,6.3,6.3,IC50,F,cell-based format,cell_based,9,D,2022,
CHEMBL5080630,CHEMBL5080630,CN(CCc1ccc(C(=O)NO)cc1)c1nc(N)n2nc(-c3ccco3)nc2n1,,8.36,1,8.36,8.36,Ki,B,cell membrane format,other,9,D,2021,
CHEMBL5080679,CHEMBL5080679,CCCn1c(=O)c2[nH]c(C34CC5CC(CC(C5)C3)C4)nc2n(CCCNC(=O)c2ccc(C(=O)NCCNC(=O)CCNC(=O)CCCCCNC(=O)COc3ccc(/C=C/C4=[N+]5C(=Cc6ccc(-c7cccs7)n6[B-]5(F)F)C=C4)cc3)cc2)c1=O,,7.3,1,7.3,7.3,Kd,B,cell-based format,cell_based,9,D,2021,
CHEMBL5080757,CHEMBL5080757,N#Cc1c(-c2ccc(F)cc2)nc(N)nc1-c1ccco1,,8.24,1,8.24,8.24,Ki,B,cell membrane format,other,9,D,2022,
CHEMBL5080823,CHEMBL5080823,CCCn1c(=O)c2nc(C34CCC(C(=O)NCCCN=[N+]=[N-])(CC3)CC4)[nH]c2n(CCCNC(=O)c2ccc(S(=O)(=O)F)cc2)c1=O,,7.58,1,7.58,7.58,Ki,F,cell membrane format,other,9,D,2021,
CHEMBL508090,CHEMBL508090,CCCn1c(=O)c2[nH]c(-c3ccco3)c(OS(=O)(=O)O)c2n(CCC)c1=O,,6.39,1,6.39,6.39,Ki,B,cell-based format,cell_based,9,D,2008,
CHEMBL5080901,CHEMBL5080901,Nc1nc(NCCOc2ccc(C(=O)NO)cc2)nc2nc(-c3ccco3)nn12,,7.99,1,7.99,7.99,Ki,B,cell membrane format,other,9,D,2021,
CHEMBL5081105,CHEMBL5081105,Cc1ccc(-c2nc(N)nc3c2ncc(=O)n3CCc2ccccc2)o1,,6.68,1,6.68,6.68,IC50,F,cell-based format,cell_based,9,D,2022,
CHEMBL5081556,CHEMBL5081556,Nc1nc(-c2ccccc2)c2c(n1)-c1ccc(OCCCN3CCCC3)cc1C2=O,,6.98,1,6.98,6.98,Ki,B,cell-based format,cell_based,9,D,2021,
CHEMBL5081907,CHEMBL5081907,Nc1nc(NCc2ccc(OCCCCC(=O)NO)cc2)nc2nc(-c3ccco3)nn12,,7.7,1,7.7,7.7,Ki,B,cell membrane format,other,9,D,2021,
CHEMBL5081937,CHEMBL5081937,COc1ccc(-c2nc(Nc3ccccc3)nc(-c3ccccc3)c2C#N)cc1,,7.29,1,7.29,7.29,Ki,B,cell membrane format,other,9,D,2022,
CHEMBL5081971,CHEMBL5081971,Cc1ccc(-c2nc(N)nc3c2ncc(=O)n3CCN2CCN(c3ccc(Oc4ccccc4)cc3)CC2)o1,,6.22,1,6.22,6.22,IC50,F,cell-based format,cell_based,9,D,2022,
CHEMBL508203,CHEMBL508203,O=C(NCc1ccccc1)Nc1nc2ccccc2n2c(=O)n(-c3ccccc3)nc12,,6.8,1,6.8,6.8,Ki,B,cell-based format,cell_based,9,D,2008,
CHEMBL5082319,CHEMBL5082319,N#Cc1c(-c2ccccc2)nc(N)nc1-c1ccc2ccccc2c1,,8.24,1,8.24,8.24,Ki,B,cell membrane format,other,9,D,2022,
CHEMBL5082528,CHEMBL5082528,COc1ccc(N2CCN(CCn3c(=O)cnc4c(-c5ccc(C)o5)nc(N)nc43)C[C@@H]2C)cc1,,6.65,1,6.65,6.65,IC50,F,cell-based format,cell_based,9,D,2022,
CHEMBL5082623,CHEMBL5082623,N#Cc1c(-c2ccccc2)nc(N)nc1-c1cccnc1,,7.44,1,7.44,7.44,Ki,B,cell membrane format,other,9,D,2022,
CHEMBL5082650,CHEMBL5082650,Nc1nc(-c2ccccc2)c2c(n1)-c1cc(OCCCN3CCCCC3)ccc1C2=O,,8.4,1,8.4,8.4,Ki,B,cell-based format,cell_based,9,D,2021,
CHEMBL5082737,CHEMBL5082737,Nc1nc(NCCc2ccc(OCCCCC(=O)NO)cc2)nc2nc(-c3ccco3)nn12,,8.24,1,8.24,8.24,Ki,B,cell membrane format,other,9,D,2021,
CHEMBL5082920,CHEMBL5082920,Nc1nc(-c2ccccc2)c2c(n1)-c1cc(OCCCN3CCCC3)ccc1C2=O,,8.21,1,8.21,8.21,Ki,B,cell-based format,cell_based,9,D,2021,
CHEMBL5082973,CHEMBL5082973,N#Cc1c(-c2ccccc2)nc(Nc2ccccc2)nc1-c1cccnc1,,7.57,1,7.57,7.57,Ki,B,cell membrane format,other,9,D,2022,
CHEMBL5083035,CHEMBL5083035,N#Cc1c(-c2ccccc2)nc(Nc2ccccc2)nc1-c1ccccc1,,7.26,1,7.26,7.26,Ki,B,cell membrane format,other,9,D,2022,
CHEMBL5083094,CHEMBL5083094,COc1ccccc1-c1nc(N)nc(-c2ccccc2)c1C#N,,7.75,1,7.75,7.75,Ki,B,cell membrane format,other,9,D,2022,
CHEMBL5083146,CHEMBL5083146,N#Cc1c(-c2cccc(Cl)c2)nc(N)nc1-c1ccc2c(c1)OCO2,,7.0,1,7.0,7.0,Ki,B,cell membrane format,other,9,D,2022,
CHEMBL5083448,CHEMBL5083448,COc1cccc(Cn2c(=O)cnc3c(-c4ccc(C)o4)nc(N)nc32)c1,,6.32,1,6.32,6.32,IC50,F,cell-based format,cell_based,9,D,2022,
CHEMBL5083457,CHEMBL5083457,N#Cc1c(-c2ccccc2)nc(N)nc1-c1ccccc1F,,7.75,1,7.75,7.75,Ki,B,cell membrane format,other,9,D,2022,
CHEMBL5083728,CHEMBL5083728,N#Cc1c(-c2ccccc2)nc(N)nc1-c1ccc(F)cc1F,,7.81,1,7.81,7.81,Ki,B,cell membrane format,other,9,D,2022,
CHEMBL5083868,CHEMBL5083868,Cc1ccc(-c2nc(N)nc3c2ncc(=O)n3CCCCc2ccccc2)o1,,6.01,1,6.01,6.01,IC50,F,cell-based format,cell_based,9,D,2022,
CHEMBL5083945,CHEMBL5083945,Cc1ccc(-c2nc(N)nc3c2ncc(=O)n3CCN2CCN(c3ccc(OC(F)F)cc3)CC2)o1,,7.2,1,7.2,7.2,IC50,F,cell-based format,cell_based,9,D,2022,
CHEMBL5084124,CHEMBL5084124,Cc1ccc(-c2nc(N)nc3c2ncc(=O)n3CCN2CCN(c3ccccc3C(F)(F)F)CC2)o1,,6.21,1,6.21,6.21,IC50,F,cell-based format,cell_based,9,D,2022,
CHEMBL5084222,CHEMBL5084222,COc1ccc(N2CCN(CCn3c(=O)cnc4c(-c5ccc(C)o5)nc(N)nc43)CC2)cc1,,7.66,1,7.66,7.66,IC50,F,cell-based format,cell_based,9,D,2022,
CHEMBL5084351,CHEMBL5084351,N#Cc1c(-c2ccccc2)nc(N)nc1-c1cccc(O)c1,,7.99,1,7.99,7.99,Ki,B,cell membrane format,other,9,D,2022,
CHEMBL508451,CHEMBL508451,Nc1nc(-c2ccco2)c2nnn(Cc3cccc([N+](=O)[O-])c3)c2n1,,8.43,1,8.43,8.43,Ki,B,cell-based format,cell_based,9,D,2009,
CHEMBL5084704,CHEMBL5084704,CNc1nc(-c2ccccc2)c(C#N)c(-c2cc(OC)c(OC)c(OC)c2)n1,,8.44,1,8.44,8.44,Ki,B,cell membrane format,other,9,D,2022,
CHEMBL5084903,CHEMBL5084903,Nc1nc(-c2ccccc2)c2c(n1)-c1cc(OCCCN3CCCCC3)ccc1C2,,8.31,1,8.31,8.31,Ki,B,cell-based format,cell_based,9,D,2021,
CHEMBL5085213,CHEMBL5085213,COCCOc1ccc(N2CCN(CCn3c(=O)cnc4c(-c5ccc(C)o5)nc(N)nc43)CC2)cc1,,7.62,1,7.62,7.62,IC50,F,cell-based format,cell_based,9,D,2022,
CHEMBL5085486,CHEMBL5085486,N#Cc1c(-c2ccccc2)nc(N)nc1-c1ccc(O)cc1,,7.58,1,7.58,7.58,Ki,B,cell membrane format,other,9,D,2022,
CHEMBL508555,CHEMBL508555,CN(Cc1ccco1)c1nc(-c2ccco2)c(C(=O)c2ccccc2)s1,,6.8,1,6.8,6.8,Ki,B,cell-based format,cell_based,9,D,2009,
CHEMBL508558,CHEMBL508558,Nc1nc(-c2nccs2)c2nnn(Cc3ccccc3F)c2n1,,8.07,1,8.07,8.07,Ki,B,cell-based format,cell_based,9,D,2009,
CHEMBL5085791,CHEMBL5085791,COCCOc1ccc(N2CCN(CCn3c(=O)cnc4c(-c5ccc(C)o5)nc(N)nc43)CC2)c(F)c1,,8.1,1,8.1,8.1,IC50,F,cell-based format,cell_based,9,D,2022,
CHEMBL5085803,CHEMBL5085803,COc1cnc(N2CCN(CCn3c(=O)cnc4c(-c5ccc(C)o5)nc(N)nc43)CC2)c(F)c1,,8.26,1,8.26,8.26,IC50,F,cell-based format,cell_based,9,D,2022,
CHEMBL5085913,CHEMBL5085913,Nc1ccccc1NC(=O)c1ccc(OCCn2ncc3c2nc(N)n2nc(-c4ccco4)nc32)cc1,,7.36,1,7.36,7.36,Ki,B,cell membrane format,other,9,D,2021,
CHEMBL5086094,CHEMBL5086094,Cc1ccc(-c2nc(N)nc(-c3ccccc3)c2C#N)cc1,,8.05,1,8.05,8.05,Ki,B,cell membrane format,other,9,D,2022,
CHEMBL5086406,CHEMBL5086406,COc1cccc(-c2nc(N)nc(-c3ccccc3)c2C#N)c1,,8.16,1,8.16,8.16,Ki,B,cell membrane format,other,9,D,2022,
CHEMBL5086487,CHEMBL5086487,CCNc1nc(-c2ccccc2)c(C#N)c(-c2cccc(C#N)c2)n1,,6.81,1,6.81,6.81,Ki,B,cell membrane format,other,9,D,2022,
CHEMBL5086669,CHEMBL5086669,N#Cc1c(-c2ccccc2)nc(Nc2ccccc2)nc1-c1cccs1,,6.48,1,6.48,6.48,Ki,B,cell membrane format,other,9,D,2022,
CHEMBL5086673,CHEMBL5086673,CNc1nc(-c2ccccc2)c(C#N)c(-c2ccco2)n1,,6.4,1,6.4,6.4,Ki,B,cell membrane format,other,9,D,2022,
CHEMBL5086693,CHEMBL5086693,Nc1nc2c(cnn2CCc2ccc(OCCCCCC(=O)NO)cc2)c2nc(-c3ccco3)nn12,,8.7,1,8.7,8.7,Ki,B,cell membrane format,other,9,D,2021,
CHEMBL5086791,CHEMBL5086791,Nc1nc(N2CCN(CCc3ccc(C(=O)NO)cc3)CC2)nc2nc(-c3ccco3)nn12,,8.38,1,8.38,8.38,Ki,B,cell membrane format,other,9,D,2021,
CHEMBL5086912,CHEMBL5086912,Nc1nc(NCc2ccc(/C=C/C(=O)NO)cc2)nc2nc(-c3ccco3)nn12,,7.57,1,7.57,7.57,Ki,B,cell membrane format,other,9,D,2021,
CHEMBL5087059,CHEMBL5087059,Nc1nc(-c2ccccc2)c2c(n1)-c1ccc(OCCCN3CCCCC3)cc1C2=O,,6.85,1,6.85,6.85,Ki,B,cell-based format,cell_based,9,D,2021,
CHEMBL5087206,CHEMBL5087206,Nc1nc(NCCc2ccc(OCCCC(=O)NO)cc2)nc2nc(-c3ccco3)nn12,,8.22,1,8.22,8.22,Ki,B,cell membrane format,other,9,D,2021,
CHEMBL5087220,CHEMBL5087220,Nc1nc2c(cnn2CCCCCC(=O)NO)c2nc(-c3ccco3)nn12,,7.11,1,7.11,7.11,Ki,B,cell membrane format,other,9,D,2021,
CHEMBL5087228,CHEMBL5087228,CCN(CCc1ccc(C(=O)NO)cc1)c1nc(N)n2nc(-c3ccco3)nc2n1,,8.62,1,8.62,8.62,Ki,B,cell membrane format,other,9,D,2021,
CHEMBL508786,CHEMBL508786,COC[C@H]1CCCN1c1cc(NC(C)=O)nc(-c2ccc(C)o2)n1,,8.57,1,8.57,8.57,Ki,B,cell-based format,cell_based,9,D,2009,
CHEMBL5088089,CHEMBL5088089,N#Cc1c(-c2ccccc2)nc(N)nc1-c1cccc(F)c1,,7.71,1,7.71,7.71,Ki,B,cell membrane format,other,9,D,2022,
CHEMBL5088258,CHEMBL5088258,Nc1ccccc1NC(=O)c1ccc(CCn2ccc3c2nc(N)n2nc(-c4ccco4)nc32)cc1,,9.06,1,9.06,9.06,Ki,B,cell membrane format,other,9,D,2021,
CHEMBL5088305,CHEMBL5088305,N#Cc1c(-c2ccccc2)cc(SCc2ncc[nH]2)nc1N,,6.42,1,6.42,6.42,Ki,B,cell membrane format,other,9,D,2021,
CHEMBL5088372,CHEMBL5088372,CCCCn1c(=O)c2nc(C34CCC(C(=O)NCCOCCOCCOCCN=[N+]=[N-])(CC3)CC4)[nH]c2n(CCCNC(=O)c2ccc(S(=O)(=O)F)cc2)c1=O,,7.44,1,7.44,7.44,Ki,F,cell membrane format,other,9,D,2021,
CHEMBL5088463,CHEMBL5088463,Cc1ccc(-c2nc(N)nc3c2ncc(=O)n3CCN2CCN(c3cccc(F)c3)CC2)o1,,7.24,1,7.24,7.24,IC50,F,cell-based format,cell_based,9,D,2022,
CHEMBL5088622,CHEMBL5088622,Nc1nc(-c2ccccc2)c2c(n1)-c1cc(OCCCN3CCCC3)ccc1C2,,8.14,1,8.14,8.14,Ki,B,cell-based format,cell_based,9,D,2021,
CHEMBL5088741,CHEMBL5088741,Nc1ccccc1NC(=O)c1ccc(Cn2ncc3c2nc(N)n2nc(-c4ccco4)nc32)cc1,,7.06,1,7.06,7.06,Ki,B,cell membrane format,other,9,D,2021,
CHEMBL5088749,CHEMBL5088749,CNc1nc(-c2ccccc2)c(C#N)c(-c2cccc(C#N)c2)n1,,7.11,1,7.11,7.11,Ki,B,cell membrane format,other,9,D,2022,
CHEMBL5088780,CHEMBL5088780,N#Cc1c(-c2ccc(F)cc2)nc(N)nc1-c1ccc2c(c1)OCO2,,7.21,1,7.21,7.21,Ki,B,cell membrane format,other,9,D,2022,
CHEMBL5088875,CHEMBL5088875,Nc1cc(F)ccc1NC(=O)c1ccc(CCNc2nc(N)n3nc(-c4ccco4)nc3n2)cc1,,8.02,1,8.02,8.02,Ki,B,cell membrane format,other,9,D,2021,
CHEMBL5088876,CHEMBL5088876,COc1cc(OC)cc(-c2nc(N)nc(-c3ccccc3)c2C#N)c1,,8.76,1,8.76,8.76,Ki,B,cell membrane format,other,9,D,2022,
CHEMBL5088993,CHEMBL5088993,Cc1ccc(-c2nc(N)nc3c2ncc(=O)n3CCC2CCN(c3ccccc3)CC2)o1,,6.55,1,6.55,6.55,IC50,F,cell-based format,cell_based,9,D,2022,
CHEMBL5088997,CHEMBL5088997,N#Cc1cccc(-c2nc3c4cnn(CCc5ccc(C(=O)Nc6ccccc6N)cc5)c4nc(N)n3n2)c1,,8.19,1,8.19,8.19,Ki,B,cell membrane format,other,9,D,2021,
CHEMBL5089483,CHEMBL5089483,CCCCn1c(=O)c2nc(C34CCC(C(=O)NCCCCN=[N+]=[N-])(CC3)CC4)[nH]c2n(CCCNC(=O)c2ccc(S(=O)(=O)F)cc2)c1=O,,6.78,1,6.78,6.78,Ki,F,cell membrane format,other,9,D,2021,
CHEMBL5089528,CHEMBL5089528,N#Cc1c(-c2ccccc2)nc(Nc2ccccc2)nc1-c1cccc(Cl)c1,,7.33,1,7.33,7.33,Ki,B,cell membrane format,other,9,D,2022,
CHEMBL5089580,CHEMBL5089580,Nc1nc(-c2ccc(OCCCN3CCCCC3)cc2)c2c(n1)-c1ccccc1C2=O,,7.45,1,7.45,7.45,Ki,B,cell-based format,cell_based,9,D,2021,
CHEMBL5089845,CHEMBL5089845,Cc1ccc(-c2nc(N)nc3c2ncc(=O)n3CCN2CCN(c3ccc(OC(F)F)cc3F)CC2)o1,,7.68,1,7.68,7.68,IC50,F,cell-based format,cell_based,9,D,2022,
CHEMBL5089891,CHEMBL5089891,Nc1cc(F)ccc1NC(=O)c1ccc(CCn2ncc3c2nc(N)n2nc(-c4ccco4)nc32)cc1,,8.55,1,8.55,8.55,Ki,B,cell membrane format,other,9,D,2021,
CHEMBL5089926,CHEMBL5089926,CCNc1nc(-c2ccccc2)c(C#N)c(-c2ccccc2)n1,,6.45,1,6.45,6.45,Ki,B,cell membrane format,other,9,D,2022,
CHEMBL5090017,CHEMBL5090017,COc1ccc(N2CCN(CCn3c(=O)cnc4c(-c5ccc(C)o5)nc(N)nc43)[C@@H](C)C2)c(F)c1,,8.08,4,6.75,8.18,IC50,F,cell-based format,cell_based,9,D,2022,
CHEMBL5090351,CHEMBL5090351,Nc1nc(NCCCCCCC(=O)NO)nc2nc(-c3ccco3)nn12,,7.67,1,7.67,7.67,Ki,B,cell membrane format,other,9,D,2021,
CHEMBL5090384,CHEMBL5090384,N#Cc1c(-c2ccccc2)nc(Nc2ccccc2)nc1-c1ccc2c(c1)OCO2,,7.55,1,7.55,7.55,Ki,B,cell membrane format,other,9,D,2022,
CHEMBL5090390,CHEMBL5090390,Nc1nc2c(cnn2CCCCC(=O)NO)c2nc(-c3ccco3)nn12,,7.08,1,7.08,7.08,Ki,B,cell membrane format,other,9,D,2021,
CHEMBL5090498,CHEMBL5090498,N#Cc1c(-c2ccccc2)nc(N)nc1-c1ccoc1,,7.28,1,7.28,7.28,Ki,B,cell membrane format,other,9,D,2022,
CHEMBL5090592,CHEMBL5090592,Nc1nc2c(cnn2CCN2CCc3ccc(C(=O)NO)cc3C2)c2nc(-c3ccco3)nn12,,8.25,1,8.25,8.25,Ki,B,cell membrane format,other,9,D,2021,
CHEMBL5090769,CHEMBL5090769,CN(CCOc1ccc(C(=O)NO)cc1)c1nc(N)n2nc(-c3ccco3)nc2n1,,7.8,1,7.8,7.8,Ki,B,cell membrane format,other,9,D,2021,
CHEMBL5090973,CHEMBL5090973,Nc1ccccc1NC(=O)c1ccc(CCNc2nc(N)n3nc(-c4ccco4)nc3n2)cc1,,8.41,1,8.41,8.41,Ki,B,cell membrane format,other,9,D,2021,
CHEMBL5091130,CHEMBL5091130,COc1ccc(N2CC3CCC(C2)N3CCn2c(=O)cnc3c(-c4ccc(C)o4)nc(N)nc32)cc1,,6.26,1,6.26,6.26,IC50,F,cell-based format,cell_based,9,D,2022,
CHEMBL5091384,CHEMBL5091384,Cc1ccc(-c2nc(N)nc3c2ncc(=O)n3Cc2ccccc2)o1,,6.32,1,6.32,6.32,IC50,F,cell-based format,cell_based,9,D,2022,
CHEMBL5091663,CHEMBL5091663,COc1ccc(N2CCN(CCn3c(=O)cnc4c(-c5ccc(C)o5)nc(N)nc43)[C@H](C)C2)cc1,,6.53,1,6.53,6.53,IC50,F,cell-based format,cell_based,9,D,2022,
CHEMBL5091876,CHEMBL5091876,Nc1nc(SCc2ncc[nH]2)nc(-c2ccccc2)n1,,6.17,2,6.09,6.25,EC50;Ki,B;F,cell membrane format,other,9,D,2021,
CHEMBL5091888,CHEMBL5091888,Cc1ccc(-c2nc(N)nc3c2ncc(=O)n3CCN2CCN(c3ccccc3F)CC2)o1,,7.93,1,7.93,7.93,IC50,F,cell-based format,cell_based,9,D,2022,
CHEMBL5092031,CHEMBL5092031,N#Cc1c(-c2ccccc2)nc(N)nc1-c1cc(Cl)cc(Cl)c1,,7.02,1,7.02,7.02,Ki,B,cell membrane format,other,9,D,2022,
CHEMBL5092037,CHEMBL5092037,N#Cc1c(-c2ccccc2)nc(N)nc1-c1ccco1,,8.0,1,8.0,8.0,Ki,B,cell membrane format,other,9,D,2022,
CHEMBL5092067,CHEMBL5092067,Cc1ccc(-c2nc(N)nc3c2ncc(=O)n3CCN2CCN(c3ccc(F)cc3)CC2)o1,,7.23,1,7.23,7.23,IC50,F,cell-based format,cell_based,9,D,2022,
CHEMBL5092109,CHEMBL5092109,COc1ccc(-c2nc(N)nc(-c3ccccc3)c2C#N)cc1,,7.34,1,7.34,7.34,Ki,B,cell membrane format,other,9,D,2022,
CHEMBL5092198,CHEMBL5092198,Nc1nc2c(cnn2CCCCCCC(=O)NO)c2nc(-c3ccco3)nn12,,8.0,1,8.0,8.0,Ki,B,cell membrane format,other,9,D,2021,
CHEMBL5092671,CHEMBL5092671,Cc1ccc(-c2nc(N)nc3c2ncc(=O)n3CCN2CCC(c3ccccc3)CC2)o1,,6.41,1,6.41,6.41,IC50,F,cell-based format,cell_based,9,D,2022,
CHEMBL5092788,CHEMBL5092788,C#CCCCCNC(=O)C12CCC(c3nc4c(=O)n(CCCC)c(=O)n(CCCNC(=O)c5ccc(S(=O)(=O)F)cc5)c4[nH]3)(CC1)CC2,,7.15,1,7.15,7.15,Ki,F,cell membrane format,other,9,D,2021,
CHEMBL5092804,CHEMBL5092804,COc1cccc(N2CCN(CCn3c(=O)cnc4c(-c5ccc(C)o5)nc(N)nc43)CC2)c1,,7.34,1,7.34,7.34,IC50,F,cell-based format,cell_based,9,D,2022,
CHEMBL5092947,CHEMBL5092947,N#Cc1c(-c2cccc(Cl)c2)nc(N)nc1-c1cc(Cl)cc(Cl)c1,,6.72,1,6.72,6.72,Ki,B,cell membrane format,other,9,D,2022,
CHEMBL5093044,CHEMBL5093044,N#Cc1c(-c2ccccc2)nc(Nc2ccccc2)nc1-c1ccoc1,,6.43,1,6.43,6.43,Ki,B,cell membrane format,other,9,D,2022,
CHEMBL5093127,CHEMBL5093127,Cc1ccc(-c2nc(N)nc3c2ncc(=O)n3CC2CC2)o1,,6.0,1,6.0,6.0,IC50,F,cell-based format,cell_based,9,D,2022,
CHEMBL5093149,CHEMBL5093149,Nc1nc2c(cnn2CCc2ccc(NC(=O)CCCCCCC(=O)NO)cc2)c2nc(-c3ccco3)nn12,,8.31,1,8.31,8.31,Ki,B,cell membrane format,other,9,D,2021,
CHEMBL5093448,CHEMBL5093448,CNc1nc(-c2ccccc2)c(C#N)c(-c2ccccc2)n1,,6.15,1,6.15,6.15,Ki,B,cell membrane format,other,9,D,2022,
CHEMBL5093603,CHEMBL5093603,COc1ccc(N2CCN(CCn3c(=O)cnc4c(-c5ccc(C)o5)nc(N)nc43)C[C@H]2C)cc1,,7.43,1,7.43,7.43,IC50,F,cell-based format,cell_based,9,D,2022,
CHEMBL5093654,CHEMBL5093654,N#Cc1c(SCc2ncc[nH]2)nc(N)nc1-c1ccccc1,,7.675,2,7.35,8.0,EC50;Ki,B;F,cell membrane format,other,9,D,2021,
CHEMBL509367,CHEMBL509367,CCC(C)n1c(Br)nc2c(N)ncnc21,,6.41,1,6.41,6.41,Ki,B,cell-based format,cell_based,9,D,2009,
CHEMBL5093742,CHEMBL5093742,COc1ccc(N2CCN(CCn3c(=O)cnc4c(-c5ccc(C)o5)nc(N)nc43)CC2)cn1,,7.53,1,7.53,7.53,IC50,F,cell-based format,cell_based,9,D,2022,
CHEMBL5093850,CHEMBL5093850,Nc1nc(-c2ccc(OCCCN3CCCCC3)cc2)c2c(n1)-c1ccc(OCCCN3CCCCC3)cc1C2=O,,6.69,1,6.69,6.69,Ki,B,cell-based format,cell_based,9,D,2021,
CHEMBL5093935,CHEMBL5093935,Nc1nc(-c2ccc(OCCCN3CCCCC3)cc2)c2c(n1)-c1ccc(OCCCN3CCCCC3)cc1C2,,6.03,1,6.03,6.03,Ki,B,cell-based format,cell_based,9,D,2021,
CHEMBL5094087,CHEMBL5094087,Nc1nc2c(cnn2CCc2ccc(C(=O)NO)cc2)c2nc(-c3ccco3)nn12,,8.37,1,8.37,8.37,Ki,B,cell membrane format,other,9,D,2021,
CHEMBL5094102,CHEMBL5094102,COc1ccc(N2CCN(CCn3c(=O)cnc4c(-c5ccc(C)o5)nc(N)nc43)[C@@H](C)C2)cc1,,8.16,1,8.16,8.16,IC50,F,cell-based format,cell_based,9,D,2022,
CHEMBL5094128,CHEMBL5094128,CNc1nc(-c2ccccc2)c(C#N)c(-c2cccc(OC)c2)n1,,7.08,1,7.08,7.08,Ki,B,cell membrane format,other,9,D,2022,
CHEMBL5094160,CHEMBL5094160,CCNc1nc(-c2ccccc2)c(C#N)c(-c2cccc(Cl)c2)n1,,6.53,1,6.53,6.53,Ki,B,cell membrane format,other,9,D,2022,
CHEMBL5094358,CHEMBL5094358,COc1ccc(N2CCCN(CCn3c(=O)cnc4c(-c5ccc(C)o5)nc(N)nc43)CC2)cc1,,6.14,1,6.14,6.14,IC50,F,cell-based format,cell_based,9,D,2022,
CHEMBL5094532,CHEMBL5094532,N#Cc1c(-c2ccccc2)nc(N)nc1-c1cccs1,,7.6,1,7.6,7.6,Ki,B,cell membrane format,other,9,D,2022,
CHEMBL5094920,CHEMBL5094920,Nc1nc(NCCCc2ccc(C(=O)NO)cc2)nc2nc(-c3ccco3)nn12,,8.08,1,8.08,8.08,Ki,B,cell membrane format,other,9,D,2021,
CHEMBL510134,CHEMBL510134,CNc1ccc(Cn2nnc3c(-c4ccco4)nc(N)nc32)cc1,,8.8,1,8.8,8.8,Ki,B,cell-based format,cell_based,9,D,2009,
CHEMBL510288,CHEMBL510288,Cn1c(Br)nc2c(N)ncnc21,,6.92,1,6.92,6.92,Ki,B,cell-based format,cell_based,9,D,2009,
CHEMBL510409,CHEMBL510409,CCCn1c(=O)c2[nH]c(-c3ccc(N)cc3)c(O)c2n(CCC)c1=O,,6.78,1,6.78,6.78,Ki,B,cell-based format,cell_based,9,D,2008,
CHEMBL510696,CHEMBL510696,COC[C@H]1CCCN1c1cc(NC(C)=O)nc(-c2cccs2)n1,,7.33,1,7.33,7.33,Ki,B,cell-based format,cell_based,9,D,2009,
CHEMBL510959,CHEMBL510959,COc1cc2c(cc1OC)C(Cc1ccccc1)N(CCn1ncc3c1nc(N)n1nc(-c4ccco4)nc31)CC2,,8.64,1,8.64,8.64,Ki,F,assay format,other,9,D,2008,
CHEMBL511118,CHEMBL511118,CC(=O)Nc1cc(-c2cccc(CO[C@@H]3CCN(C)C3)c2)nc(-n2nc(C)cc2C)n1,,7.17,1,7.17,7.17,Ki,B,cell-based format,cell_based,9,D,2008,
CHEMBL511159,CHEMBL511159,CC(=O)Nc1cc(-c2cccc(OC3CCN(C)CC3)c2)nc(-n2nc(C)cc2C)n1,,8.22,1,8.22,8.22,Ki,B,cell-based format,cell_based,9,D,2008,
CHEMBL511405,CHEMBL511405,Nc1nc(-c2cccs2)c2nnn(Cc3ccccc3F)c2n1,,8.09,1,8.09,8.09,Ki,B,cell-based format,cell_based,9,D,2009,
CHEMBL511413,CHEMBL511413,CC(=O)Nc1ccc(Cn2nnc3c(-c4ccco4)nc(N)nc32)cc1,,6.94,1,6.94,6.94,Ki,B,cell-based format,cell_based,9,D,2009,
CHEMBL511440,CHEMBL511440,CC(=O)Nc1cc(-c2cc(F)cc(O[C@H]3CCN(C)C3)c2)nc(-n2nc(C)cc2C)n1,,9.0,1,9.0,9.0,Ki,B,cell-based format,cell_based,9,D,2008,
CHEMBL511446,CHEMBL511446,Nc1nc2c(cnn2CCN2CCc3nc(C(F)(F)F)ccc3C2)c2nc(-c3ccco3)nn12,,8.3,1,8.3,8.3,Ki,F,assay format,other,9,D,2008,
CHEMBL511624,CHEMBL511624,CC(=O)Nc1cc(-c2cccc(O[C@H]3CCN(C)C3)c2)nc(-n2nc(C)cc2C)n1,,8.7,1,8.7,8.7,Ki,B,cell-based format,cell_based,9,D,2008,
CHEMBL511714,CHEMBL511714,Cn1c(=O)c2[nH]c(-c3ccc(COC(=O)NCc4ccccc4)cc3)cc2n(C)c1=O,,6.0,1,6.0,6.0,Ki,B,cell-based format,cell_based,9,D,2009,
CHEMBL51192,CHEMBL51192,CCC(O)(C#Cc1nc(N)c2nc(-c3cccc(F)c3)n(C)c2n1)CC,,7.89,1,7.89,7.89,Ki,B,cell-based format,cell_based,8,H,2001,
CHEMBL512133,CHEMBL512133,COCCOc1cccc2c1CN(CCn1ncc3c1nc(N)n1nc(-c4ccco4)nc31)CC2,,8.82,1,8.82,8.82,Ki,F,assay format,other,9,D,2008,
CHEMBL512276,CHEMBL512276,CCCn1c(=O)c2[nH]c(-c3ccc(COC(=O)Nc4ccc(F)cc4)cc3)cc2n(CCC)c1=O,,6.93,1,6.93,6.93,Ki,B,cell-based format,cell_based,9,D,2009,
CHEMBL512290,CHEMBL512290,Cn1c(=O)c2[nH]c(-c3ccc(COC(=O)Nc4ccccc4)cc3)cc2n(C)c1=O,,7.46,1,7.46,7.46,Ki,B,cell-based format,cell_based,9,D,2009,
CHEMBL512337,CHEMBL512337,COCCOc1ccc(N2CCN(CCN(CC3CC3)c3cc4nc(-c5ccco5)nn4c(N)n3)CC2)cc1,,9.1,1,9.1,9.1,Ki,B,cell-based format,cell_based,9,D,2009,
CHEMBL512812,CHEMBL512812,Nc1nc(-c2ccco2)c2nnn(Cc3ccc4[nH]ncc4c3)c2n1,,8.07,1,8.07,8.07,Ki,B,cell-based format,cell_based,9,D,2009,
CHEMBL512891,CHEMBL512891,COCCOc1ccc2c(c1)CN(CCn1ncc3c1nc(N)n1nc(-c4ccco4)nc31)CC2,,8.29,1,8.29,8.29,Ki,F,assay format,other,9,D,2008,
CHEMBL512892,CHEMBL512892,Nc1nc2c(cnn2CCN2CCc3ccc(Cl)cc3CC2)c2nc(-c3ccco3)nn12,,8.48,1,8.48,8.48,Ki,F,assay format,other,9,D,2008,
CHEMBL513009,CHEMBL513009,Nc1nc(CN[C@H]2CCCN2Cc2ccnc(Cl)c2)nc2nc(-c3ccco3)nn12,,8.4,1,8.4,8.4,Ki,B,single protein format,single_protein,9,D,2008,
CHEMBL513030,CHEMBL513030,Nc1nc2c(cnn2CCN2CCc3ncncc3C2)c2nc(-c3ccco3)nn12,,8.21,1,8.21,8.21,Ki,F,assay format,other,9,D,2008,
CHEMBL513135,CHEMBL513135,Cn1c(=O)c2[nH]c(-c3ccc(COC(=O)N4CCN(c5ccccc5)CC4)cc3)cc2n(C)c1=O,,6.88,1,6.88,6.88,Ki,B,cell-based format,cell_based,9,D,2009,
CHEMBL513203,CHEMBL513203,CC(=O)Nc1cc(-c2cc(F)cc(F)c2)nc(-n2nc(C)cc2C)n1,,8.4,1,8.4,8.4,Ki,B,cell-based format,cell_based,9,D,2008,
CHEMBL513320,CHEMBL513320,N#Cc1c(-c2ccc3c(c2)OCO3)cc(-c2ccco2)nc1N,,7.58,1,7.58,7.58,Ki,B,cell-based format,cell_based,9,D,2008,
CHEMBL513364,CHEMBL513364,Cc1cnc2c(c1)CN(CCn1ncc3c1nc(N)n1nc(-c4ccco4)nc31)CC2,,8.7,1,8.7,8.7,Ki,F,assay format,other,9,D,2008,
CHEMBL513519,CHEMBL513519,N#Cc1c(-c2ccc(Cl)c(Cl)c2)cc(-c2ccco2)nc1N,,6.72,1,6.72,6.72,Ki,B,cell-based format,cell_based,9,D,2008,
CHEMBL513661,CHEMBL513661,Nc1nc(-c2ccco2)c2nnn(Cc3ccc(F)cc3F)c2n1,,8.7,1,8.7,8.7,Ki,B,cell-based format,cell_based,9,D,2009,
CHEMBL513681,CHEMBL513681,Cn1c(=O)c2[nH]c(-c3ccc(COC(=O)Nc4ccsc4)cc3)cc2n(C)c1=O,,7.98,1,7.98,7.98,Ki,B,cell-based format,cell_based,9,D,2009,
CHEMBL514399,CHEMBL514399,O=C(Nc1nc(-c2ccccc2)nc2c1nnn2Cc1ccccc1)C1CCC1,,6.92,1,6.92,6.92,Ki,B,cell-based format,cell_based,9,D,2009,
CHEMBL514939,CHEMBL514939,COCCN(CCN1CCN(c2ccc(F)cc2F)CC1)c1cc2nc(-c3ccco3)nn2c(N)n1,,9.3,1,9.3,9.3,Ki,B,cell-based format,cell_based,9,D,2009,
CHEMBL515088,CHEMBL515088,COc1ccccc1Cn1c(=O)n(-c2cccc(OC(F)(F)F)c2)c2nc(NC3CC3)ncc21,,6.69,1,6.69,6.69,Ki,B,cell-based format,cell_based,9,D,2009,
CHEMBL515190,CHEMBL515190,COC(=O)[C@H]1CCCN1c1cc(NC(C)=O)nc(-n2nc(C)cc2C)n1,,6.69,1,6.69,6.69,Ki,B,cell-based format,cell_based,9,D,2009,
CHEMBL515192,CHEMBL515192,COC[C@@H]1CCCN1c1cc(NC(C)=O)nc(-n2nc(C)cc2C)n1,,6.49,1,6.49,6.49,Ki,B,cell-based format,cell_based,9,D,2009,
CHEMBL515218,CHEMBL515218,COCC[C@@H]1CCCCN1c1cc(NC(C)=O)nc(-n2nc(C)cc2C)n1,,6.56,1,6.56,6.56,Ki,B,cell-based format,cell_based,9,D,2009,
CHEMBL515344,CHEMBL515344,CC(=O)Nc1cc(N2CCC[C@H]2CO)nc(-n2nc(C)cc2C)n1,,7.59,1,7.59,7.59,Ki,B,cell-based format,cell_based,9,D,2009,
CHEMBL515419,CHEMBL515419,Nc1ncnc2c1nc(Br)n2C1CCC1,,6.18,1,6.18,6.18,Ki,B,cell-based format,cell_based,9,D,2009,
CHEMBL515526,CHEMBL515526,CC(=O)Nc1cc(-c2ccccc2O)nc(-n2nc(C)cc2C)n1,,8.72,1,8.72,8.72,Ki,B,cell-based format,cell_based,9,D,2009,
CHEMBL515877,CHEMBL515877,COc1cc(OC)cc(-n2c(=O)n(Cc3ccccc3OC)c3cnc(NC4CC4)nc32)c1,,7.12,1,7.12,7.12,Ki,B,cell-based format,cell_based,9,D,2009,
CHEMBL515992,CHEMBL515992,CC(=O)Nc1cc(N2CCCC2=O)nc(-n2nc(C)cc2C)n1,,6.96,2,6.0,7.92,IC50;Ki,B;F,assay format;cell-based format,cell_based,9,D,2009,
CHEMBL516154,CHEMBL516154,CCCn1c(=O)c2[nH]c(-c3ccccc3)c(O)c2n(CCC)c1=O,,7.3,1,7.3,7.3,Ki,B,cell-based format,cell_based,9,D,2008,
CHEMBL516168,CHEMBL516168,COCC1CCCN1c1cc(NC(C)=O)nc(-n2nc(C)cc2C)n1,,8.05,1,8.05,8.05,Ki,B,cell-based format,cell_based,9,D,2009,
CHEMBL516483,CHEMBL516483,Nc1nc(-c2ccco2)c2nnn(Cc3ccccc3N)c2n1,,8.7,1,8.7,8.7,Ki,B,cell-based format,cell_based,9,D,2009,
CHEMBL516556,CHEMBL516556,COc1cccc(-n2c(=O)n(Cc3c(F)cccc3F)c3cnc(NCc4cccnc4)nc32)c1,,7.18,1,7.18,7.18,Ki,B,cell-based format,cell_based,9,D,2009,
CHEMBL516611,CHEMBL516611,Cc1ccccc1Cn1nnc2c(-c3ccco3)nc(N)nc21,,8.52,1,8.52,8.52,Ki,B,cell-based format,cell_based,9,D,2009,
CHEMBL516753,CHEMBL516753,CC(c1ccc2cc(CCn3ncc4c3nc(N)n3nc(-c5ccco5)nc43)ccc2n1)N1CCOCC1,,8.89,1,8.89,8.89,Ki,F,assay format,other,9,D,2008,
CHEMBL516770,CHEMBL516770,Nc1nc(-c2ccco2)c2nnn(Cc3ccc(N)c(O)c3)c2n1,,8.8,1,8.8,8.8,Ki,B,cell-based format,cell_based,9,D,2009,
CHEMBL516800,CHEMBL516800,Nc1ccc(Cn2nnc3c(-c4ccco4)nc(N)nc32)c(F)c1,,8.46,1,8.46,8.46,Ki,B,cell-based format,cell_based,9,D,2009,
CHEMBL516871,CHEMBL516871,O=C(c1ccccc1)c1sc(NCc2ccco2)nc1-c1ccco1,,7.37,1,7.37,7.37,Ki,B,cell-based format,cell_based,9,D,2009,
CHEMBL5169338,CHEMBL5169338,Nc1nc(-c2ccco2)c2cnn(CCCCCCCC(=O)NO)c2n1,,6.56,1,6.56,6.56,Ki,B,single protein format,single_protein,9,D,2022,
CHEMBL5169415,CHEMBL5169415,Nc1nc(-c2cccc(F)c2)c2ccccc2n1,,6.76,1,6.76,6.76,Ki,B,cell membrane format,other,9,D,2022,
CHEMBL5169465,CHEMBL5169465,COc1ccc(-c2cn3c(=O)n(-c4ccc([N+](=O)[O-])cc4)nc3c(N)n2)cc1,,8.14,1,8.14,8.14,Ki,B,single protein format,single_protein,9,D,2022,
CHEMBL516948,CHEMBL516948,CC(C)CNc1nc(-c2ccco2)c(C(=O)c2ccccc2)s1,,7.05,1,7.05,7.05,Ki,B,cell-based format,cell_based,9,D,2009,
CHEMBL5169483,CHEMBL5169483,Nc1nc(C(=O)NCC(F)F)cn2c1nc1ccccc12,,8.46,1,8.46,8.46,Ki,B,cell membrane format,other,9,D,2022,
CHEMBL5169827,CHEMBL5169827,COc1ccc(CCNc2nc(N)c3nn(-c4ccccc4)cc3n2)cc1OC,,6.82,1,6.82,6.82,Ki,B,cell membrane format,other,9,D,2022,
CHEMBL5169828,CHEMBL5169828,Cc1ccc(-c2nc(N)nc3c2cnn3CCCCCCC(=O)NO)o1,,6.48,1,6.48,6.48,Ki,B,single protein format,single_protein,9,D,2022,
CHEMBL5170337,CHEMBL5170337,COC[C@H]1CCCN1c1cc(Nc2ccccn2)nc(-n2cccn2)n1,,9.66,1,9.66,9.66,Ki,F,assay format,other,9,D,2022,
CHEMBL517097,CHEMBL517097,O=C(Nc1nc(-c2ccccc2)nc2c1nnn2Cc1ccccc1)c1ccco1,,6.24,1,6.24,6.24,Ki,B,cell-based format,cell_based,9,D,2009,
CHEMBL5171148,CHEMBL5171148,Nc1nc(C(=O)NCCc2ccccn2)cn2c1nc1ccccc12,,8.75,3,6.19,8.93,EC50;IC50;Ki,B;F,cell membrane format;cell-based format,cell_based,9,D,2022,
CHEMBL5171672,CHEMBL5171672,Cc1ccc(-c2nc(N)nc3c2cnn3Cc2cccc(OCCCCCCC(=O)NO)n2)o1,,6.8,1,6.8,6.8,Ki,B,single protein format,single_protein,9,D,2022,
CHEMBL5171906,CHEMBL5171906,Nc1nc(-c2ccco2)c2cnn(Cc3cccc(OCCCCC(=O)NO)c3)c2n1,,8.14,1,8.14,8.14,Ki,B,single protein format,single_protein,9,D,2022,
CHEMBL5172270,CHEMBL5172270,COc1cccc(-c2nc(N)nc3ccccc23)c1,,6.15,1,6.15,6.15,Ki,B,cell membrane format,other,9,D,2022,
CHEMBL5172541,CHEMBL5172541,COc1ccc2nc3cc(Cl)ccc3c(Nc3ccc(O)c(CNCCO)c3)c2c1,,6.26,1,6.26,6.26,IC50,F,assay format,other,9,D,2022,
CHEMBL517277,CHEMBL517277,Nc1nc(-c2ccco2)c2nnn(Cc3cnccn3)c2n1,,6.91,1,6.91,6.91,Ki,B,cell-based format,cell_based,9,D,2009,
CHEMBL517278,CHEMBL517278,Nc1nc(-c2ccco2)c2nnn(Cc3ccccc3F)c2n1,,8.57,1,8.57,8.57,Ki,B,cell-based format,cell_based,9,D,2009,
CHEMBL5173073,CHEMBL5173073,Nc1nc(-c2ccco2)c2cnn(Cc3cccc(/C=C/C(=O)Nc4ccccc4N)c3)c2n1,,7.45,1,7.45,7.45,Ki,B,single protein format,single_protein,9,D,2022,
CHEMBL5173144,CHEMBL5173144,COc1ccc2nc3cc(Cl)ccc3c(NCCNCCO)c2c1,,6.26,1,6.26,6.26,IC50,F,assay format,other,9,D,2022,
CHEMBL517417,CHEMBL517417,N#Cc1cccc(Cn2nnc3c(-c4ccco4)nc(N)nc32)c1,,8.41,1,8.41,8.41,Ki,B,cell-based format,cell_based,9,D,2009,
CHEMBL517418,CHEMBL517418,Nc1nc(-c2ccco2)c2nnn(Cc3ccccc3[N+](=O)[O-])c2n1,,8.18,1,8.18,8.18,Ki,B,cell-based format,cell_based,9,D,2009,
CHEMBL5174275,CHEMBL5174275,Nc1nc(C(=O)NCc2ccncc2)cn2c1nc1ccccc12,,8.815000000000001,2,8.81,8.82,EC50;Ki,B;F,cell membrane format;cell-based format,cell_based,9,D,2022,
CHEMBL517429,CHEMBL517429,COC(=O)c1cccc(Cn2nnc3c(-c4ccco4)nc(N)nc32)c1,,8.39,1,8.39,8.39,Ki,B,cell-based format,cell_based,9,D,2009,
CHEMBL5174932,CHEMBL5174932,Nc1nc(-c2ccccc2Cl)cn1C(=O)c1cccc(Cl)c1,,7.19,1,7.19,7.19,Ki,F,cell-based format,cell_based,9,D,2022,
CHEMBL5176292,CHEMBL5176292,COc1cccc(C(=O)n2nc(-c3ccccc3Cl)nc2N)c1,,7.19,1,7.19,7.19,Ki,F,cell-based format,cell_based,9,D,2022,
CHEMBL5176476,CHEMBL5176476,COCCNC(=O)c1cn2c(nc3ccccc32)c(N)n1,,8.45,1,8.45,8.45,Ki,B,cell membrane format,other,9,D,2022,
CHEMBL5176483,CHEMBL5176483,Nc1nc(-c2ccco2)c2cnn(CCc3ccc(C(=O)NO)cc3)c2n1,,6.36,1,6.36,6.36,Ki,B,single protein format,single_protein,9,D,2022,
CHEMBL5176737,CHEMBL5176737,Nc1nc(C(=O)NCc2ccccn2)cn2c1nc1ccccc12,,8.36,6,6.93,10.09,EC50;IC50;Ki,B;F,cell membrane format;cell-based format,cell_based,9,D,2022,
CHEMBL5177040,CHEMBL5177040,Nc1sc(-c2ccc(-c3cn(CCCCCCNc4ncnc5c4ncn5[C@@H]4O[C@H](CO)[C@@H](O)[C@H]4O)nn3)cc2)c(-c2cccc(C(F)(F)F)c2)c1C(=O)c1ccccc1,,7.14,1,7.14,7.14,EC50,F,cell-based format,cell_based,9,D,2022,
CHEMBL5177540,CHEMBL5177540,CC(CO)NC(=O)c1cn2c(nc3ccccc32)c(N)n1,,8.26,1,8.26,8.26,Ki,B,cell membrane format,other,9,D,2022,
CHEMBL5177737,CHEMBL5177737,Nc1nc(C(=O)NCCc2cccnc2)cn2c1nc1ccccc12,,8.51,1,8.51,8.51,Ki,B,cell membrane format,other,9,D,2022,
CHEMBL5178142,CHEMBL5178142,O=C(NCCCCc1ccc(Nc2ncnc3c2ncn3[C@@H]2O[C@H](CO)[C@@H](O)[C@H]2O)cc1)c1ccccc1,,7.43,1,7.43,7.43,EC50,F,cell-based format,cell_based,9,D,2022,
CHEMBL5178327,CHEMBL5178327,Nc1nc(-c2ccoc2)c2ccccc2n1,,6.16,1,6.16,6.16,Ki,B,cell membrane format,other,9,D,2022,
CHEMBL517886,CHEMBL517886,Nc1nc(-c2ccco2)c2nnn(Cc3ccc(N)c(F)c3)c2n1,,9.15,1,9.15,9.15,Ki,B,cell-based format,cell_based,9,D,2009,
CHEMBL5179562,CHEMBL5179562,N#Cc1cccc(-c2nc(N)nc3ccccc23)c1,,6.23,1,6.23,6.23,Ki,B,cell membrane format,other,9,D,2022,
CHEMBL5179716,CHEMBL5179716,Cc1ccc(-c2nc(N)nc3c2cnn3Cc2cccc(OCCCCC(=O)NO)n2)o1,,7.14,1,7.14,7.14,Ki,B,single protein format,single_protein,9,D,2022,
CHEMBL5179765,CHEMBL5179765,Cc1ccc(-c2nc(N)nc3c2cnn3Cc2cccc(OCCCCCCC(=O)NO)c2)o1,,7.28,1,7.28,7.28,Ki,B,single protein format,single_protein,9,D,2022,
CHEMBL5180593,CHEMBL5180593,C#CCn1c(-c2cccc(OCCCCl)c2)nc2c1c(=O)n(CCC)c(=O)n2CCC,,6.56,1,6.56,6.56,Ki,B,single protein format,single_protein,9,D,2022,
CHEMBL5181385,CHEMBL5181385,Nc1nc(-c2cccc(Cl)c2)cn2c(=O)n(-c3ccccc3)nc12,,8.43,1,8.43,8.43,Ki,B,single protein format,single_protein,9,D,2022,
CHEMBL5181565,CHEMBL5181565,COc1cccc(NC(=O)c2cn3c(nc4ccccc43)c(N)n2)c1,,8.19,1,8.19,8.19,Ki,B,cell membrane format,other,9,D,2022,
CHEMBL518178,CHEMBL518178,NC(=O)c1cccc(Cn2nnc3c(-c4ccco4)nc(N)nc32)c1,,7.96,1,7.96,7.96,Ki,B,cell-based format,cell_based,9,D,2009,
CHEMBL5182020,CHEMBL5182020,Cc1cccc(Nc2nc(NCCCO)nc3c2cnn3-c2ccccc2)c1,,7.244999999999999,2,7.22,7.27,IC50;Ki,F,assay format,other,9,D,2022,
CHEMBL5182249,CHEMBL5182249,COCCOc1ccc(N2CCN(CCn3c(=O)n(C)c4c3nc(N)n3nc(-c5nccs5)nc43)CC2)c(F)c1,,9.4,1,9.4,9.4,Ki,B,cell-based format,cell_based,9,D,2022,
CHEMBL5182250,CHEMBL5182250,Nc1nc(Nc2ccco2)nc2sc(Cc3cccnc3)nc12,,9.205,2,7.97,10.44,IC50;Ki,B;F,assay format;single protein format,mixed,9,D,2022,
CHEMBL518364,CHEMBL518364,CCc1cc(Cn2nnc3c(-c4ccco4)nc(N)nc32)ccc1N,,9.0,1,9.0,9.0,Ki,B,cell-based format,cell_based,9,D,2009,
CHEMBL5184887,CHEMBL5184887,CC(O)CNC(=O)c1cn2c(nc3ccccc32)c(N)n1,,8.27,1,8.27,8.27,Ki,B,cell membrane format,other,9,D,2022,
CHEMBL518497,CHEMBL518497,COc1cccc(Cn2nnc3c(-c4ccco4)nc(N)nc32)c1,,8.74,1,8.74,8.74,Ki,B,cell-based format,cell_based,9,D,2009,
CHEMBL5185537,CHEMBL5185537,Nc1nc(NC2CCN(C3CCCN(Cc4ccccc4)C3)CC2)nc2sc(-c3ccco3)nc12,,7.785,2,7.75,7.82,IC50;Ki,B;F,cell membrane format,other,9,D,2022,
CHEMBL5185998,CHEMBL5185998,Nc1nc(C(=O)NCCCO)cn2c1nc1ccccc12,,8.09,1,8.09,8.09,Ki,B,cell membrane format,other,9,D,2022,
CHEMBL5186576,CHEMBL5186576,Cc1ccc(-c2nc(N)nc3c2cnn3Cc2cccc(OCCCCCC(=O)NO)c2)o1,,7.91,1,7.91,7.91,Ki,B,single protein format,single_protein,9,D,2022,
CHEMBL5188037,CHEMBL5188037,Nc1nc(N2CCN(c3ccccc3)CC2)nc2sc(-c3ccco3)nc12,,8.015,2,8.0,8.03,IC50;Ki,B;F,cell membrane format,other,9,D,2022,
CHEMBL5188108,CHEMBL5188108,Nc1nc(-c2ccco2)c2cnn(Cc3cccc(OCCCCCC(=O)NO)n3)c2n1,,7.17,1,7.17,7.17,Ki,B,single protein format,single_protein,9,D,2022,
CHEMBL5188677,CHEMBL5188677,Nc1nc(-c2ccco2)c2ccccc2n1,,7.05,1,7.05,7.05,Ki,B,cell membrane format,other,9,D,2022,
CHEMBL5188801,CHEMBL5188801,Nc1nc(-c2ccco2)c2cnn(Cc3cccc(OCCCCCCC(=O)NO)n3)c2n1,,7.83,1,7.83,7.83,Ki,B,single protein format,single_protein,9,D,2022,
CHEMBL5189051,CHEMBL5189051,Nc1nc(-c2ccco2)c2cnn(Cc3cccc(OCCCCCC(=O)NO)c3)c2n1,,7.96,1,7.96,7.96,Ki,B,single protein format,single_protein,9,D,2022,
CHEMBL5189321,CHEMBL5189321,Cc1ccc(-c2nc(N)nc3c2cnn3Cc2cccc(OCCCCCC(=O)NO)n2)o1,,7.14,1,7.14,7.14,Ki,B,single protein format,single_protein,9,D,2022,
CHEMBL5190589,CHEMBL5190589,Cc1ccc(-c2nc(N)nc3c2cnn3Cc2cccc(/C=C/C(=O)NO)c2)o1,,6.42,1,6.42,6.42,Ki,B,single protein format,single_protein,9,D,2022,
CHEMBL5190722,CHEMBL5190722,Cc1ccc(-c2nc(N)nc3c2cnn3CCCOc2ccc(C(=O)Nc3ccccc3N)cc2)o1,,6.97,1,6.97,6.97,Ki,B,single protein format,single_protein,9,D,2022,
CHEMBL5190972,CHEMBL5190972,Nc1nc(C(=O)NCCc2ccc3c(c2)OCO3)cn2c1nc1ccccc12,,8.08,1,8.08,8.08,Ki,B,cell membrane format,other,9,D,2022,
CHEMBL519111,CHEMBL519111,Cc1ccc(-c2ccc(CCn3ncc4c3nc(N)n3nc(-c5ccco5)nc43)cc2)cn1,,9.22,1,9.22,9.22,Ki,F,assay format,other,9,D,2008,
CHEMBL5192000,CHEMBL5192000,Nc1nc(C(=O)Nc2ccccc2)cn2c1nc1ccccc12,,7.83,1,7.83,7.83,Ki,B,cell membrane format,other,9,D,2022,
CHEMBL5192099,CHEMBL5192099,Nc1nc(C(=O)Nc2ccc(Cl)cc2)cn2c1nc1ccccc12,,8.33,1,8.33,8.33,Ki,B,cell membrane format,other,9,D,2022,
CHEMBL5192183,CHEMBL5192183,Nc1nc(C(=O)NCc2ccco2)cn2c1nc1ccccc12,,8.65,1,8.65,8.65,Ki,B,cell membrane format,other,9,D,2022,
CHEMBL5192200,CHEMBL5192200,CC1=C(C)C2C(=O)NC(NC(=O)c3ccccc3)=NC2S1,,6.19,1,6.19,6.19,Ki,B,single protein format,single_protein,9,D,2022,
CHEMBL5192379,CHEMBL5192379,Nc1nc(C(=O)NCCc2ccc(O)cc2)cn2c1nc1ccccc12,,7.78,1,7.78,7.78,Ki,B,cell membrane format,other,9,D,2022,
CHEMBL519271,CHEMBL519271,COCCN(CCc1ccc(F)cc1)c1cc2nc(-c3ccco3)nn2c(N)n1,,9.0,1,9.0,9.0,Ki,B,cell-based format,cell_based,9,D,2009,
CHEMBL519282,CHEMBL519282,Nc1nc2c(cnn2CCc2cccc(-c3cccnc3)c2)c2nc(-c3ccco3)nn12,,8.26,1,8.26,8.26,Ki,F,assay format,other,9,D,2008,
CHEMBL5193224,CHEMBL5193224,CCn1c(=O)c2c(nc(/C=C/c3cccc(C(F)(F)F)c3)n2C)n(CC)c1=O,,7.92,1,7.92,7.92,Ki,B,single protein format,single_protein,9,D,2022,
CHEMBL5193403,CHEMBL5193403,Cc1ccc(-c2nc(N)nc3c2cnn3CCc2ccc(C(=O)Nc3ccccc3N)cc2)o1,,6.9,1,6.9,6.9,Ki,B,single protein format,single_protein,9,D,2022,
CHEMBL519383,CHEMBL519383,COCCOc1cncc(-c2cc(NC(C)=O)nc(-n3nc(C)cc3C)n2)c1,,8.51,1,8.51,8.51,Ki,B,cell-based format,cell_based,9,D,2008,
CHEMBL519390,CHEMBL519390,CCn1c(=O)[nH]c2nc(-c3ccc(S(=O)(=O)N4CCN(Cc5cccc(C(F)(F)F)c5)CC4)cc3)[nH]c2c1=O,,7.16,1,7.16,7.16,Ki,B,cell-based format,cell_based,9,D,2009,
CHEMBL5194232,CHEMBL5194232,Cc1ccc(-c2nc(N)nc3c2cnn3Cc2cccc(/C=C/C(=O)Nc3ccccc3N)c2)o1,,7.6,1,7.6,7.6,Ki,B,single protein format,single_protein,9,D,2022,
CHEMBL5194978,CHEMBL5194978,Cc1ccc(NC(=O)c2cn3c(nc4ccccc43)c(N)n2)cc1,,8.4,1,8.4,8.4,Ki,B,cell membrane format,other,9,D,2022,
CHEMBL5195260,CHEMBL5195260,Nc1sc(-c2ccc(C(=O)NCCc3ccc(CCNc4ncnc5c4ncn5[C@@H]4O[C@H](CO)[C@@H](O)[C@H]4O)cc3)cc2)c(-c2cccc(C(F)(F)F)c2)c1C(=O)c1ccccc1,,6.44,1,6.44,6.44,EC50,F,cell-based format,cell_based,9,D,2022,
CHEMBL5195323,CHEMBL5195323,Nc1nc(-c2ccco2)c2cnn(Cc3ccc(N)c(OCCCCCCC(=O)NO)c3)c2n1,,7.82,1,7.82,7.82,Ki,B,single protein format,single_protein,9,D,2022,
CHEMBL519549,CHEMBL519549,COC(=O)Nc1cc(-c2cncc(OC)c2)nc(-n2nc(C)cc2C)n1,,7.455,2,6.78,8.13,IC50;Ki,B;F,cell-based format,cell_based,9,D,2008,
CHEMBL519554,CHEMBL519554,CC(=O)Nc1cc(-c2cc(C)ccc2C)nc(-n2nc(C)cc2C)n1,,7.72,1,7.72,7.72,Ki,B,cell-based format,cell_based,9,D,2008,
CHEMBL519566,CHEMBL519566,CC(=O)Nc1cc(-c2cc(O)cc(F)c2)nc(-n2nc(C)cc2C)n1,,8.7,1,8.7,8.7,Ki,B,cell-based format,cell_based,9,D,2008,
CHEMBL5196511,CHEMBL5196511,Nc1nc(-c2cccs2)c2ccccc2n1,,6.77,1,6.77,6.77,Ki,B,cell membrane format,other,9,D,2022,
CHEMBL5196586,CHEMBL5196586,Nc1nc(C(=O)NCc2cccc(Cl)c2)cn2c1nc1ccccc12,,7.55,1,7.55,7.55,Ki,B,cell membrane format,other,9,D,2022,
CHEMBL5196802,CHEMBL5196802,Cc1ccc(-c2nc(N)nc3c2cnn3Cc2cccc(OCCCCC(=O)NO)c2)o1,,7.59,1,7.59,7.59,Ki,B,single protein format,single_protein,9,D,2022,
CHEMBL5197028,CHEMBL5197028,CCCCCCNC(=O)c1cn2c(nc3ccccc32)c(N)n1,,8.35,1,8.35,8.35,Ki,B,cell membrane format,other,9,D,2022,
CHEMBL5197159,CHEMBL5197159,Nc1nc(C(=O)NCCc2ccncc2)cn2c1nc1ccccc12,,8.48,1,8.48,8.48,Ki,B,cell membrane format,other,9,D,2022,
CHEMBL519726,CHEMBL519726,CCN(CC)CCOc1cc(-c2nc3c([nH]2)c(=O)n(C)c(=O)n3C)ccc1OC,,6.22,1,6.22,6.22,Ki,B,cell-based format,cell_based,9,D,2009,
CHEMBL5197839,CHEMBL5197839,Nc1nc(-c2ccco2)c2cnn(CCCCCCC(=O)NO)c2n1,,6.52,1,6.52,6.52,Ki,B,single protein format,single_protein,9,D,2022,
CHEMBL519784,CHEMBL519784,Nc1nc2c(cnn2CCc2ccc(-c3cccnc3)cc2)c2nc(-c3ccco3)nn12,,8.82,1,8.82,8.82,Ki,F,assay format,other,9,D,2008,
CHEMBL519809,CHEMBL519809,CNC(=O)[C@H]1O[C@@H](n2cnc3c(N)ncnc32)[C@H](O)[C@@H]1O,,6.33,1,6.33,6.33,Ki,B,cell-based format,cell_based,9,D,2019,
CHEMBL519813,CHEMBL519813,CCn1c(=O)[nH]c2nc(-c3ccc(S(=O)(=O)N4CCN(Cc5ccccc5)CC4)cc3)[nH]c2c1=O,,6.82,1,6.82,6.82,Ki,B,cell-based format,cell_based,9,D,2009,
CHEMBL5198386,CHEMBL5198386,COc1ccccc1-c1nc(N)nc2ccccc12,,6.19,1,6.19,6.19,Ki,B,cell membrane format,other,9,D,2022,
CHEMBL5198502,CHEMBL5198502,Nc1nc(C(=O)NCCc2cccc(Cl)c2)cn2c1nc1ccccc12,,7.4,1,7.4,7.4,Ki,B,cell membrane format,other,9,D,2022,
CHEMBL5199428,CHEMBL5199428,Nc1nc(-c2ccco2)c2cnn(CCc3ccc(C(=O)Nc4ccccc4N)cc3)c2n1,,6.79,1,6.79,6.79,Ki,B,single protein format,single_protein,9,D,2022,
CHEMBL519952,CHEMBL519952,CC(=O)Nc1cc(N2CCCC2)nc(-n2nc(C)cc2C)n1,,6.96,1,6.96,6.96,Ki,B,cell-based format,cell_based,9,D,2009,
CHEMBL5199840,CHEMBL5199840,Cc1ccc2nc(N)nc(-c3ccco3)c2c1,,7.66,1,7.66,7.66,Ki,B,cell membrane format,other,9,D,2022,
CHEMBL5200008,CHEMBL5200008,Nc1nc(-c2ccccc2F)c2ccccc2n1,,6.34,1,6.34,6.34,Ki,B,cell membrane format,other,9,D,2022,
CHEMBL520031,CHEMBL520031,COc1ccc(-c2nc3c([nH]2)c(=O)n(C)c(=O)n3C)cc1OCCN1CCOCC1,,7.0,1,7.0,7.0,Ki,B,cell-based format,cell_based,9,D,2009,
CHEMBL5200340,CHEMBL5200340,Cc1ccc(-c2nc(N)nc3c2cnn3CCc2ccc(C(=O)NO)cc2)o1,,6.53,1,6.53,6.53,Ki,B,single protein format,single_protein,9,D,2022,
CHEMBL520036,CHEMBL520036,CC(=O)Nc1cc(-c2cccc(N3CCCOCC3)n2)nc(-n2nc(C)cc2C)n1,,8.64,1,8.64,8.64,Ki,B,cell-based format,cell_based,9,D,2008,
CHEMBL5200632,CHEMBL5200632,Nc1nc(-c2ccco2)c2cnn(Cc3cccc(OCCCCC(=O)NO)n3)c2n1,,7.29,1,7.29,7.29,Ki,B,single protein format,single_protein,9,D,2022,
CHEMBL5201240,CHEMBL5201240,Nc1nc(NCc2ccccc2)nc2cn(-c3ccccc3)nc12,,7.6,1,7.6,7.6,Ki,B,cell membrane format,other,9,D,2022,
CHEMBL5201253,CHEMBL5201253,Nc1nc(C(=O)NCc2cccc3cccnc23)cn2c1nc1ccccc12,,8.54,1,8.54,8.54,Ki,B,cell membrane format,other,9,D,2022,
CHEMBL5201270,CHEMBL5201270,Nc1nc(N2CCN(CCN3CCCC3)CC2)nc2sc(-c3ccco3)nc12,,8.095,2,8.06,8.13,IC50;Ki,B;F,cell membrane format,other,9,D,2022,
CHEMBL5201509,CHEMBL5201509,Nc1nc(-c2ccco2)c2cnn(CCCc3ccc(C(=O)NO)cc3)c2n1,,6.06,1,6.06,6.06,Ki,B,single protein format,single_protein,9,D,2022,
CHEMBL5201523,CHEMBL5201523,Nc1nc(-c2ccco2)c2cnn(Cc3cccc(OCCCCCCC(=O)NO)c3)c2n1,,7.99,1,7.99,7.99,Ki,B,single protein format,single_protein,9,D,2022,
CHEMBL5201533,CHEMBL5201533,Nc1sc(-c2ccc(C(=O)NCCC#Cc3ccc(Nc4ncnc5c4ncn5[C@@H]4O[C@H](CO)[C@@H](O)[C@H]4O)cc3)cc2)c(-c2cccc(C(F)(F)F)c2)c1C(=O)c1ccccc1,,6.13,1,6.13,6.13,EC50,F,cell-based format,cell_based,9,D,2022,
CHEMBL5202005,CHEMBL5202005,Nc1nc(-c2ccco2)c2cnn(CCCc3ccc(C(=O)Nc4ccccc4N)cc3)c2n1,,6.85,1,6.85,6.85,Ki,B,single protein format,single_protein,9,D,2022,
CHEMBL520229,CHEMBL520229,CC(=O)Nc1cc(-c2cccc(N3CCOCC3)n2)nc(-n2nc(C)cc2C)n1,,8.485,2,7.89,9.08,IC50;Ki,B;F,cell-based format,cell_based,9,D,2008,
CHEMBL5202349,CHEMBL5202349,CNC(=O)[C@@]12C[C@@H]1[C@@H](n1cnc3c(NCCc4ccc(OC)c(O)c4)nc(OCC(C)C)nc31)[C@H](O)[C@@H]2O,,6.23,1,6.23,6.23,Ki,B,cell membrane format,other,9,D,2022,
CHEMBL520238,CHEMBL520238,CC(=O)Nc1cc(-c2ccncc2)nc(-n2nc(C)cc2C)n1,,7.4,1,7.4,7.4,Ki,B,cell-based format,cell_based,9,D,2008,
CHEMBL5202416,CHEMBL5202416,O=c1[nH]c(=O)c2c(C(F)(F)F)cc(-c3ccccc3)nc2[nH]1,,6.17,1,6.17,6.17,Ki,B,cell-based format,cell_based,9,D,2022,
CHEMBL520286,CHEMBL520286,CN(CCc1ccc(F)cc1)c1cc2nc(-c3ccco3)nn2c(N)n1,,8.7,1,8.7,8.7,Ki,B,cell-based format,cell_based,9,D,2009,
CHEMBL5202905,CHEMBL5202905,Cc1ccc(-c2nc(N)nc3c2cnn3CCCCCCCC(=O)NO)o1,,6.23,1,6.23,6.23,Ki,B,single protein format,single_protein,9,D,2022,
CHEMBL520297,CHEMBL520297,CCn1c(=O)[nH]c2nc(-c3ccc(S(=O)(=O)N4CCN(Cc5ccc(F)cc5)CC4)cc3)[nH]c2c1=O,,7.04,1,7.04,7.04,Ki,B,cell-based format,cell_based,9,D,2009,
CHEMBL5203021,CHEMBL5203021,Nc1nc(C(=O)NCc2ccccc2)cn2c1nc1ccccc12,,8.36,1,8.36,8.36,Ki,B,cell membrane format,other,9,D,2022,
CHEMBL5203443,CHEMBL5203443,Nc1nc(-c2ccco2)c2cnn(CCOc3ccc(C(=O)Nc4ccccc4N)cc3)c2n1,,6.01,1,6.01,6.01,Ki,B,single protein format,single_protein,9,D,2022,
CHEMBL5203469,CHEMBL5203469,CCCCC#Cc1nc(N)c2nc(-c3cccs3)n([C@@H]3OC[C@@H](O)[C@H]3O)c2n1,,7.925,12,6.96,9.05,EC50;Kd;Ki,B;F,cell membrane format;cell-based format,cell_based,9,D,2022;2023,
CHEMBL5203631,CHEMBL5203631,CCn1c(Br)nc2c(NCCc3ccccc3)cc(N)cc21,,6.58,1,6.58,6.58,Ki,B,cell-based format,cell_based,9,D,2022,
CHEMBL5203657,CHEMBL5203657,Nc1nc(NCCc2ccc(O)cc2)nc(Nc2nc(-c3ccc(F)cc3)cs2)n1,,8.82,1,8.82,8.82,Ki,B,cell-based format,cell_based,9,D,2022,
CHEMBL5203916,CHEMBL5203916,CCCn1c(=O)c2c(nc(-c3cccc(OCCCCl)c3)n2C)n(CCC)c1=O,,6.97,1,6.97,6.97,Ki,B,single protein format,single_protein,9,D,2022,
CHEMBL5203917,CHEMBL5203917,Nc1sc(-c2ccc(C(=O)NCCCc3ccc(Nc4ncnc5c4ncn5[C@@H]4O[C@H](CO)[C@@H](O)[C@H]4O)cc3)cc2)c(-c2cccc(C(F)(F)F)c2)c1C(=O)c1ccccc1,,6.54,1,6.54,6.54,EC50,F,cell-based format,cell_based,9,D,2022,
CHEMBL5204517,CHEMBL5204517,Nc1nc(NCCc2ccc(O)cc2)nc(Nc2nnc(-c3ccc([N+](=O)[O-])cc3)s2)n1,,7.49,1,7.49,7.49,Ki,B,single protein format,single_protein,9,D,2022,
CHEMBL5204660,CHEMBL5204660,Nc1nc(C(=O)Nc2cccnc2)cn2c1nc1ccccc12,,8.68,1,8.68,8.68,Ki,B,cell membrane format,other,9,D,2022,
CHEMBL5204735,CHEMBL5204735,Cc1ccc(-c2nc(N)nc3c2cnn3Cc2ccc(N)c(OCCCCCCC(=O)NO)c2)o1,,7.13,1,7.13,7.13,Ki,B,single protein format,single_protein,9,D,2022,
CHEMBL5204801,CHEMBL5204801,Nc1nc(C(=O)Nc2ccccn2)cn2c1nc1ccccc12,,8.27,1,8.27,8.27,Ki,B,cell membrane format,other,9,D,2022,
CHEMBL5205474,CHEMBL5205474,Cc1ccc(-c2cn3c(=O)n(Cc4ccccc4)nc3c(N)n2)o1,,8.34,1,8.34,8.34,Ki,B,single protein format,single_protein,9,D,2022,
CHEMBL5205560,CHEMBL5205560,Nc1nc(-c2ccco2)c2cnn(CCCOc3ccc(C(=O)Nc4ccccc4N)cc3)c2n1,,6.83,1,6.83,6.83,Ki,B,single protein format,single_protein,9,D,2022,
CHEMBL5205907,CHEMBL5205907,OC[C@H]1O[C@@H](n2cnc3c(N[C@@H]4CCC[C@H]4Oc4cccc(Cl)c4)ncnc32)[C@H](O)[C@@H]1O,,6.26,1,6.26,6.26,EC50,F,cell-based format,cell_based,9,D,2022,
CHEMBL5205993,CHEMBL5205993,Cc1ccc(-c2nc(N)nc3c2cnn3CCCCCC(=O)NO)o1,,6.21,1,6.21,6.21,Ki,B,single protein format,single_protein,9,D,2022,
CHEMBL5206491,CHEMBL5206491,Nc1nc(-c2ccc(F)cc2)c2ccccc2n1,,7.1,1,7.1,7.1,Ki,B,cell membrane format,other,9,D,2022,
CHEMBL5206530,CHEMBL5206530,Nc1nc(-c2ccco2)c2cc(Br)ccc2n1,,7.7,1,7.7,7.7,Ki,B,cell membrane format,other,9,D,2022,
CHEMBL5206624,CHEMBL5206624,COc1ccc(CCNC(=O)c2cn3c(nc4ccccc43)c(N)n2)cc1,,7.57,1,7.57,7.57,Ki,B,cell membrane format,other,9,D,2022,
CHEMBL5206639,CHEMBL5206639,O[C@H]1CC[C@H]2CN3CCc4c([nH]c5ccccc45)[C@H]3C[C@H]2[C@H]1CNCc1ccccc1,,6.26,1,6.26,6.26,IC50,F,assay format,other,9,D,2022,
CHEMBL5207324,CHEMBL5207324,Nc1nc(-c2ccco2)c2cnn(CCCCCC(=O)NO)c2n1,,6.11,1,6.11,6.11,Ki,B,single protein format,single_protein,9,D,2022,
CHEMBL520766,CHEMBL520766,COc1ccc(CCNc2cc3nc(-c4ccco4)nn3c(N)n2)cc1,,8.24,1,8.24,8.24,Ki,B,cell-based format,cell_based,9,D,2009,
CHEMBL520782,CHEMBL520782,Cc1ccc2cc(CCn3ncc4c3nc(N)n3nc(-c5ccco5)nc43)ccc2n1,,8.62,1,8.62,8.62,Ki,F,assay format,other,9,D,2008,
CHEMBL5208266,CHEMBL5208266,COc1ccc(-c2nc(N)nc3ccccc23)cc1,,6.13,1,6.13,6.13,Ki,B,cell membrane format,other,9,D,2022,
CHEMBL5208415,CHEMBL5208415,Nc1nc(C(=O)NCc2cccnc2)cn2c1nc1ccccc12,,8.87,3,6.76,9.07,EC50;IC50;Ki,B;F,cell membrane format;cell-based format,cell_based,9,D,2022,
CHEMBL5208426,CHEMBL5208426,CC(C)CNC(=O)c1cn2c(nc3ccccc32)c(N)n1,,8.55,1,8.55,8.55,Ki,B,cell membrane format,other,9,D,2022,
CHEMBL5208818,CHEMBL5208818,Nc1nc(-c2ccco2)c2cnn(Cc3cccc(/C=C/C(=O)NO)c3)c2n1,,6.88,1,6.88,6.88,Ki,B,single protein format,single_protein,9,D,2022,
CHEMBL5209152,CHEMBL5209152,CCCn1c(=O)c2c(nc(-c3ccc(OCCCCl)cc3)n2C)n(CCC)c1=O,,6.58,1,6.58,6.58,Ki,B,single protein format,single_protein,9,D,2022,
CHEMBL5209296,CHEMBL5209296,Nc1nc(-c2ccco2)c2cnn(Cc3ccc(C(=O)NO)cc3)c2n1,,6.06,1,6.06,6.06,Ki,B,single protein format,single_protein,9,D,2022,
CHEMBL521029,CHEMBL521029,CC(=O)Nc1cc(-c2cncc(N3CCOCC3)c2)nc(-n2nc(C)cc2C)n1,,7.595,2,6.67,8.52,IC50;Ki,B;F,cell-based format,cell_based,9,D,2008,
CHEMBL521081,CHEMBL521081,COC[C@@H]1CCCN1c1cc(NC(C)=O)nc(-c2ccc(C)o2)n1,,6.92,1,6.92,6.92,Ki,B,cell-based format,cell_based,9,D,2009,
CHEMBL521082,CHEMBL521082,COC[C@H]1CCCN1c1cc(NC(C)=O)nc(-c2ccccn2)n1,,7.34,1,7.34,7.34,Ki,B,cell-based format,cell_based,9,D,2009,
CHEMBL521223,CHEMBL521223,CC(=O)Nc1cc(-c2cccc(N3CCC(O)CC3)n2)nc(-n2nc(C)cc2C)n1,,8.190000000000001,2,7.66,8.72,IC50;Ki,B;F,cell-based format,cell_based,9,D,2008,
CHEMBL521242,CHEMBL521242,Nc1nc(SCCN2CCN(c3ccc(F)cc3F)CC2)cc2nc(-c3ccco3)nn12,,8.85,1,8.85,8.85,Ki,B,cell-based format,cell_based,9,D,2009,
CHEMBL521356,CHEMBL521356,CC(=O)Nc1cc(-c2cccc(N3CCCCC3)n2)nc(-n2nc(C)cc2C)n1,,9.25,1,9.25,9.25,Ki,B,cell-based format,cell_based,9,D,2008,
CHEMBL521438,CHEMBL521438,COc1ccc(-c2ccc(CCn3ncc4c3nc(N)n3nc(-c5ccco5)nc43)cc2)cc1,,9.3,1,9.3,9.3,Ki,F,assay format,other,9,D,2008,
CHEMBL521742,CHEMBL521742,COc1cccc(-n2c(=O)n(Cc3ccccc3F)c3cnc(NC4CC4)nc32)c1,,7.48,1,7.48,7.48,Ki,B,cell-based format,cell_based,9,D,2009,
CHEMBL521785,CHEMBL521785,COc1cccc(-n2c(=O)n(Cc3c(F)cccc3F)c3cnc(NCCN4CCOCC4)nc32)c1,,6.59,1,6.59,6.59,Ki,B,cell-based format,cell_based,9,D,2009,
CHEMBL522152,CHEMBL522152,CNC(=O)[C@H]1S[C@@H](n2cnc3c(NCc4cccc(I)c4)ncnc32)[C@H](O)[C@@H]1O,,6.32,1,6.32,6.32,Ki,B,cell-based format,cell_based,9,D,2009,
CHEMBL522268,CHEMBL522268,COc1cccc(-n2c(=O)n(Cc3c(F)cccc3F)c3cnc(NCCc4cccs4)nc32)c1,,8.05,1,8.05,8.05,Ki,B,cell-based format,cell_based,9,D,2009,
CHEMBL522462,CHEMBL522462,COc1cccc(-n2c(=O)n(Cc3c(F)cccc3F)c3cnc(NCc4ccccc4)nc32)c1,,7.14,1,7.14,7.14,Ki,B,cell-based format,cell_based,9,D,2009,
CHEMBL522856,CHEMBL522856,O[C@@H]1[C@H](O)CS[C@H]1n1cnc2c(NCc3cccc(Br)c3)ncnc21,,6.38,1,6.38,6.38,Ki,B,cell-based format,cell_based,9,D,2008,
CHEMBL52333,CHEMBL52333,CCCn1c(=O)c2nc(C34CC5CC(CC3C5)C4)[nH]c2n(CCC)c1=O,ROLOFYLLINE,6.97,3,6.88,7.46,Kd;Ki,B,assay format;single protein format,mixed,9,D,2018,3
CHEMBL523436,CHEMBL523436,COc1cccc(-n2c(=O)n(C(C)c3ccccc3)c3cnc(NC4CC4)nc32)c1,,6.45,1,6.45,6.45,Ki,B,cell-based format,cell_based,9,D,2009,
CHEMBL523815,CHEMBL523815,COc1cccc(-n2c(=O)n(Cc3c(F)cccc3F)c3cnc(NCC4CC4)nc32)c1,,6.3,1,6.3,6.3,Ki,B,cell-based format,cell_based,9,D,2009,
CHEMBL526134,CHEMBL526134,COc1ccc(-n2nc3c(NC(=O)c4ccncc4)nc4ccccc4n3c2=O)cc1,,6.4,1,6.4,6.4,Ki,B,cell-based format,cell_based,9,D,2008,
CHEMBL538629,CHEMBL538629,Nc1nc(C(=O)NCc2ccccc2)cc(-c2ccco2)n1,,8.12,1,8.12,8.12,Ki,B,single protein format,single_protein,9,D,2009,
CHEMBL538949,CHEMBL538949,Nc1nc(C(=O)NCc2cccc(CO)n2)cc(-c2ccco2)n1,,8.03,1,8.03,8.03,Ki,B,single protein format,single_protein,9,D,2009,
CHEMBL5393920,CHEMBL5393920,CC1=C(C(=O)OC(C)C)[C@@H](c2ccoc2)n2c(nc3cc(Cl)ccc32)N1,,7.02,1,7.02,7.02,Ki,B,cell membrane format,other,9,D,2023,
CHEMBL5395100,CHEMBL5395100,O[C@@H]1[C@H](O)CS[C@H]1n1c(-c2ccco2)nc2c(NCc3cccc(I)c3)nc(Cl)nc21,,6.47,1,6.47,6.47,Ki,B,cell membrane format,other,9,D,2023,
CHEMBL5395897,CHEMBL5395897,CNc1nc(Cl)nc2c1nc(-c1cccs1)n2[C@@H]1SC[C@@H](O)[C@H]1O,,6.02,1,6.02,6.02,Ki,B,cell membrane format,other,9,D,2023,
CHEMBL5397080,CHEMBL5397080,Cc1c(C#N)cccc1-c1cc(-c2ccn(Cc3ccccc3)c(=O)c2)nc(N)n1,,7.16,1,7.16,7.16,IC50,F,cell-based format,cell_based,9,D,2023,
CHEMBL5398651,CHEMBL5398651,Cc1c(C#N)cccc1-c1cc(-c2ccn(Cc3cccc(Cl)c3)c(=O)c2)nc(N)n1,,6.87,1,6.87,6.87,IC50,F,cell-based format,cell_based,9,D,2023,
CHEMBL5398733,CHEMBL5398733,O=c1[nH]c(N2CCCCC2)nc2nccc(/C=C/c3ccco3)c12,,8.17,1,8.17,8.17,EC50,F,cell-based format,cell_based,9,D,2023,
CHEMBL5399191,CHEMBL5399191,CCCCC#Cc1nc(NC)c2nc(-c3ccco3)n([C@@H]3SC[C@@H](O)[C@H]3O)c2n1,,6.8,1,6.8,6.8,Ki,B,cell membrane format,other,9,D,2023,
CHEMBL5399566,CHEMBL5399566,Cc1c(C#N)cccc1-c1cc(-c2ccn(Cc3cccc(Br)c3)c(=O)c2)nc(N)n1,,6.4,1,6.4,6.4,IC50,F,cell-based format,cell_based,9,D,2023,
CHEMBL5399921,CHEMBL5399921,CNc1nc(NCCc2ccc(O)cc2)nc2c1nc(-c1ccco1)n2[C@@H]1SC[C@@H](O)[C@H]1O,,6.33,1,6.33,6.33,Ki,B,cell membrane format,other,9,D,2023,
CHEMBL5400258,CHEMBL5400258,Cc1ccc2nc(C(=O)Nc3cnc4n3CCCC4)cn2c1,,8.34,1,8.34,8.34,EC50,F,cell-based format,cell_based,9,D,2023,
CHEMBL5400341,CHEMBL5400341,Cc1c(C#N)cccc1-c1nc(N)nc(-c2ccn(Cc3cccc(C(C)(C)O)c3)c(=O)c2)c1F,,6.8,1,6.8,6.8,IC50,F,cell-based format,cell_based,9,D,2023,
CHEMBL5401410,CHEMBL5401410,Cc1c(C#N)cccc1-c1cc(-c2ccn(Cc3cccc(F)c3)c(=O)c2)nc(N)n1,,6.89,1,6.89,6.89,IC50,F,cell-based format,cell_based,9,D,2023,
CHEMBL540156,CHEMBL540156,Nc1nc(NC(=O)c2ccncc2)c([N+](=O)[O-])c(-c2ccco2)n1,,6.82,1,6.82,6.82,Ki,B,single protein format,single_protein,9,D,2009,
CHEMBL5401706,CHEMBL5401706,Cc1c(C#N)cccc1-c1cc(-c2ccn(Cc3cccc(CO)c3)c(=O)c2)nc(N)n1,,7.26,1,7.26,7.26,IC50,F,cell-based format,cell_based,9,D,2023,
CHEMBL5402079,CHEMBL5402079,CCOc1nc(NC(CO)c2ccco2)ncc1Br,,7.67,1,7.67,7.67,EC50,F,cell-based format,cell_based,9,D,2023,
CHEMBL5404183,CHEMBL5404183,Cn1c(=O)c2[nH]c(N(CCO)CCO)nc2n(C)c1=O,,8.16,1,8.16,8.16,EC50,F,cell-based format,cell_based,9,D,2023,
CHEMBL5405570,CHEMBL5405570,CC1=C(C(=O)OC(C)C)C(c2ccoc2)n2c(nc3cc(Cl)ccc32)N1,,6.75,1,6.75,6.75,Ki,B,cell membrane format,other,9,D,2023,
CHEMBL5405584,CHEMBL5405584,Nc1nc(Cl)nc2c1nc(-c1ccco1)n2[C@@H]1SC[C@@H](O)[C@H]1O,,6.85,1,6.85,6.85,Ki,B,cell membrane format,other,9,D,2023,
CHEMBL5408288,CHEMBL5408288,CCCCC#Cc1nc(N)c2nc(-c3ccco3)n([C@@H]3SC[C@@H](O)[C@H]3O)c2n1,,7.88,1,7.88,7.88,Ki,B,cell membrane format,other,9,D,2023,
CHEMBL5408447,CHEMBL5408447,Cc1c(C#N)cccc1-c1cc(-c2ccn(Cc3cccc(S(N)(=O)=O)c3)c(=O)c2)nc(N)n1,,6.34,1,6.34,6.34,IC50,F,cell-based format,cell_based,9,D,2023,
CHEMBL5408699,CHEMBL5408699,Cc1c(C#N)cccc1-c1cc(-c2ccn(Cc3cccc(O)c3)c(=O)c2)nc(N)n1,,6.11,1,6.11,6.11,IC50,F,cell-based format,cell_based,9,D,2023,
CHEMBL5410449,CHEMBL5410449,O=C(Nc1noc(-c2ccccc2)n1)c1cccc(Cl)c1,,7.98,1,7.98,7.98,EC50,F,cell-based format,cell_based,9,D,2023,
CHEMBL5410668,CHEMBL5410668,COc1cccc(Cn2ccc(-c3cc(-c4cccc(C#N)c4C)nc(N)n3)cc2=O)c1,,6.74,1,6.74,6.74,IC50,F,cell-based format,cell_based,9,D,2023,
CHEMBL541185,CHEMBL541185,Cn1c(=O)c2[nH]c3cccnc3c2n(C)c1=O,,6.05,1,6.05,6.05,Ki,B,cell-based format,cell_based,9,D,2009,
CHEMBL5412076,CHEMBL5412076,c1cncc(CNc2ncc(-c3ccncc3)c(-c3cccs3)n2)c1,,7.91,1,7.91,7.91,EC50,F,cell-based format,cell_based,9,D,2023,
CHEMBL5412117,CHEMBL5412117,Cc1cccc(Cn2ccc(-c3cc(-c4cccc(C#N)c4C)nc(N)n3)cc2=O)c1,,7.14,1,7.14,7.14,IC50,F,cell-based format,cell_based,9,D,2023,
CHEMBL5412498,CHEMBL5412498,CC(=O)NC(CC(=O)Nc1nc(C(C)=O)cs1)c1ccc(C)cc1,,8.27,1,8.27,8.27,EC50,F,cell-based format,cell_based,9,D,2023,
CHEMBL5412507,CHEMBL5412507,CCCCC#Cc1nc(N)c2nc(-c3cccs3)n([C@@H]3SC[C@@H](O)[C@H]3O)c2n1,,7.21,1,7.21,7.21,Ki,B,cell membrane format,other,9,D,2023,
CHEMBL5413330,CHEMBL5413330,COc1cccc2c1nc(N)n1nc(C3CC3c3ccc4c(c3)CCNC4)nc21,,9.24,2,8.96,9.52,IC50,B;F,assay format;cell membrane format,other,9,D,2023;2024,
CHEMBL5413371,CHEMBL5413371,COc1cccc2c1nc(N)n1nc([C@H]3C[C@H](c4ncc(C(C)(C)N)cc4C)C3)nc21,,9.370000000000001,2,9.22,9.52,IC50,B;F,assay format;cell membrane format,other,9,D,2023;2024,
CHEMBL5413438,CHEMBL5413438,CC(C)N1CC(C(=O)Nc2nc3ccccc3[nH]2)CC1=O,,7.69,1,7.69,7.69,EC50,F,cell-based format,cell_based,9,D,2023,
CHEMBL541455,CHEMBL541455,O=C(Cc1ccccc1)Nc1nc2nn(CCc3ccccc3)cc2c2nc(-c3ccco3)nn12,,7.29,2,7.22,7.36,Ki,B,cell-based format,cell_based,9,D,2003;2009,
CHEMBL5414803,CHEMBL5414803,O=C(Nc1nc(C2CC2)cs1)C1COc2ccccc2C1,,7.73,1,7.73,7.73,EC50,F,cell-based format,cell_based,9,D,2023,
CHEMBL5414806,CHEMBL5414806,O=C(Nc1cnc2n1CCCC2)c1cn2cc(Cl)cnc2n1,,8.34,1,8.34,8.34,EC50,F,cell-based format,cell_based,9,D,2023,
CHEMBL5415792,CHEMBL5415792,Cc1c(C#N)cccc1-c1cc(-c2ccn(Cc3cccc(C(C)(C)F)c3)c(=O)c2)nc(N)n1,,7.25,1,7.25,7.25,IC50,F,cell-based format,cell_based,9,D,2023,
CHEMBL5416209,CHEMBL5416209,CC1=C(C(=O)OC(C)C)C(c2ccoc2)n2c(nc3cc(Br)ccc32)N1,,6.29,1,6.29,6.29,Ki,B,cell membrane format,other,9,D,2023,
CHEMBL5416491,CHEMBL5416491,COC(=O)c1cccc(Cn2ccc(-c3cc(-c4cccc(C#N)c4C)nc(N)n3)cc2=O)c1,,6.94,1,6.94,6.94,IC50,F,cell-based format,cell_based,9,D,2023,
CHEMBL5416911,CHEMBL5416911,COC(=O)c1ccccc1Cn1ccc(-c2cc(-c3cccc(C#N)c3C)nc(N)n2)cc1=O,,6.79,1,6.79,6.79,IC50,F,cell-based format,cell_based,9,D,2023,
CHEMBL5417712,CHEMBL5417712,Cc1ccc(Cn2ccc(-c3cc(-c4cccc(C#N)c4C)nc(N)n3)cc2=O)cc1,,6.37,1,6.37,6.37,IC50,F,cell-based format,cell_based,9,D,2023,
CHEMBL5418682,CHEMBL5418682,N#CC1(C(=O)Nc2nc3ccc(F)cc3s2)CCCC1,,7.32,1,7.32,7.32,EC50,F,cell-based format,cell_based,9,D,2023,
CHEMBL5419573,CHEMBL5419573,Nc1nc(NCCc2ccc(O)cc2)nc2c1nc(-c1cccs1)n2[C@@H]1SC[C@@H](O)[C@H]1O,,6.02,1,6.02,6.02,Ki,B,cell membrane format,other,9,D,2023,
CHEMBL5419943,CHEMBL5419943,O=C(CC1CCCC1)N1CCc2c(nc(N3CCCC3)[nH]c2=O)C1,,8.35,1,8.35,8.35,EC50,F,cell-based format,cell_based,9,D,2023,
CHEMBL5420888,CHEMBL5420888,Nc1nc(Cl)nc2c1nc(-c1cccs1)n2[C@@H]1SC[C@@H](O)[C@H]1O,,6.34,1,6.34,6.34,Ki,B,cell membrane format,other,9,D,2023,
CHEMBL5421109,CHEMBL5421109,CCCCC#Cc1nc(NC)c2nc(-c3cccs3)n([C@@H]3OC[C@@H](O)[C@H]3O)c2n1,,6.9,1,6.9,6.9,Ki,B,cell membrane format,other,9,D,2023,
CHEMBL5422621,CHEMBL5422621,Cc1c(C#N)cccc1-c1cc(-c2ccn(Cc3cccc(S(C)(=O)=O)c3)c(=O)c2)nc(N)n1,,6.88,1,6.88,6.88,IC50,F,cell-based format,cell_based,9,D,2023,
CHEMBL5422711,CHEMBL5422711,CCCCC#Cc1nc(NCc2cccc(I)c2)c2nc(-c3cccs3)n([C@@H]3OC[C@@H](O)[C@H]3O)c2n1,,6.29,1,6.29,6.29,Ki,B,cell membrane format,other,9,D,2023,
CHEMBL5423524,CHEMBL5423524,CC(Sc1nnc(C(C)C)[nH]1)C(=O)c1ccccc1,,8.34,1,8.34,8.34,EC50,F,cell-based format,cell_based,9,D,2023,
CHEMBL5423990,CHEMBL5423990,CCCCC#Cc1nc(N)c2nc(-c3ccco3)n([C@@H]3OC[C@@H](O)[C@H]3O)c2n1,,7.75,2,7.75,7.75,Ki,B,cell membrane format;single protein format,mixed,9,D,2023,
CHEMBL5424461,CHEMBL5424461,Cc1c(C#N)cccc1-c1cc(-c2ccn(Cc3cccc(C(C)(C)O)c3)c(=O)c2)nc(N)n1,,7.015000000000001,2,6.49,7.54,IC50,F,assay format;cell-based format,cell_based,9,D,2023,
CHEMBL5426384,CHEMBL5426384,COCC(O)CNc1ncc(C)c(-c2ncnn2C)n1,,8.34,1,8.34,8.34,EC50,F,cell-based format,cell_based,9,D,2023,
CHEMBL5426527,CHEMBL5426527,COc1cccc2c1nc(N)n1nc(C3CCC(c4ccc(C(C)(C)N)cn4)C3)nc21,,9.184999999999999,2,8.85,9.52,IC50,B;F,assay format;cell membrane format,other,9,D,2023;2024,
CHEMBL5426841,CHEMBL5426841,COc1cccc2c1nc(N)n1nc([C@H]3C[C@H](c4ccc(C(C)(C)O)cn4)C3)nc21,,9.205,2,8.89,9.52,IC50,B;F,assay format;cell membrane format,other,9,D,2023;2024,
CHEMBL5427211,CHEMBL5427211,CCCCC#Cc1nc(NCc2cccc(I)c2)c2nc(-c3ccco3)n([C@@H]3OC[C@@H](O)[C@H]3O)c2n1,,6.24,1,6.24,6.24,Ki,B,cell membrane format,other,9,D,2023,
CHEMBL5427931,CHEMBL5427931,Nc1nc(NCCc2ccc(O)cc2)nc2c1nc(-c1ccco1)n2[C@@H]1SC[C@@H](O)[C@H]1O,,6.95,1,6.95,6.95,Ki,B,cell membrane format,other,9,D,2023,
CHEMBL5429151,CHEMBL5429151,COCc1cccc(Cn2ccc(-c3cc(-c4cccc(C#N)c4C)nc(N)n3)cc2=O)c1,,6.86,1,6.86,6.86,IC50,F,cell-based format,cell_based,9,D,2023,
CHEMBL5430246,CHEMBL5430246,COc1cccc2c1nc(N)n1nc(C3CC3c3nc4ccccc4n3C)nc21,,9.52,1,9.52,9.52,IC50,B,cell membrane format,other,9,D,2023,
CHEMBL5430803,CHEMBL5430803,COc1cccc(C(=O)Nc2cnn(-c3ccccc3)n2)c1,,7.23,1,7.23,7.23,EC50,F,cell-based format,cell_based,9,D,2023,
CHEMBL5433808,CHEMBL5433808,Cc1c(C#N)cccc1-c1cc(-c2ccn(Cc3cccc(C#N)c3)c(=O)c2)nc(N)n1,,6.71,1,6.71,6.71,IC50,F,cell-based format,cell_based,9,D,2023,
CHEMBL5435338,CHEMBL5435338,c1ccc(CNc2nc(N3CCCCC3)c3nccnc3n2)nc1,,7.93,1,7.93,7.93,EC50,F,cell-based format,cell_based,9,D,2023,
CHEMBL5436195,CHEMBL5436195,O=c1[nH]nc(NC2CCCC2)c2nnn(Cc3cccs3)c12,,6.05,1,6.05,6.05,Ki,B,single protein format,single_protein,9,D,2023,
CHEMBL5436220,CHEMBL5436220,CCCCC#Cc1nc(NC)c2nc(-c3ccco3)n([C@@H]3OC[C@@H](O)[C@H]3O)c2n1,,7.3,1,7.3,7.3,Ki,B,cell membrane format,other,9,D,2023,
CHEMBL5436271,CHEMBL5436271,Cc1nnsc1C(=O)Nc1nc2c(s1)Cc1ccccc1-2,,7.2,1,7.2,7.2,EC50,F,cell-based format,cell_based,9,D,2023,
CHEMBL5436964,CHEMBL5436964,O=C(Nc1nc2ccccc2s1)N(CCO)C1CC1,,8.22,1,8.22,8.22,EC50,F,cell-based format,cell_based,9,D,2023,
CHEMBL5437109,CHEMBL5437109,CNc1nc(Cl)nc2c1nc(-c1ccco1)n2[C@@H]1SC[C@@H](O)[C@H]1O,,6.12,1,6.12,6.12,Ki,B,cell membrane format,other,9,D,2023,
CHEMBL5437168,CHEMBL5437168,Cc1c(C#N)cccc1-c1cc(-c2ccn(Cc3cccc(C(C)(C)F)n3)c(=O)c2)nc(N)n1,,7.99,1,7.99,7.99,IC50,F,cell-based format,cell_based,9,D,2023,
CHEMBL5438060,CHEMBL5438060,COc1cccc2c1nc(N)n1nc([C@H]3C[C@H](c4ncc(C(C)(C)N)cc4Cl)C3)nc21,,9.309999999999999,2,9.1,9.52,IC50,B;F,assay format;cell membrane format,other,9,D,2023;2024,
CHEMBL5438754,CHEMBL5438754,O[C@@H]1[C@H](O)CS[C@H]1n1c(-c2cccs2)nc2c(NCc3cccc(I)c3)nc(Cl)nc21,,6.14,1,6.14,6.14,Ki,B,cell membrane format,other,9,D,2023,
CHEMBL5439422,CHEMBL5439422,CNc1nc(NCCc2ccc(O)cc2)nc2c1nc(-c1cccs1)n2[C@@H]1SC[C@@H](O)[C@H]1O,,6.04,1,6.04,6.04,Ki,B,cell membrane format,other,9,D,2023,
CHEMBL5439885,CHEMBL5439885,Cc1c(C#N)cccc1-c1cc(-c2ccn(CCc3ccccc3)c(=O)c2)nc(N)n1,,6.77,1,6.77,6.77,IC50,F,cell-based format,cell_based,9,D,2023,
CHEMBL5440290,CHEMBL5440290,Cc1c(C#N)cccc1-c1cc(-c2ccn(Cc3cccc(C(C)(C)O)n3)c(=O)c2)nc(N)n1,,8.05,1,8.05,8.05,IC50,F,cell-based format,cell_based,9,D,2023,
CHEMBL549352,CHEMBL549352,O[C@@H]1[C@H](O)CO[C@H]1n1cnc2c(NCc3cccc(I)c3)ncnc21,,6.0,1,6.0,6.0,Ki,B,cell-based format,cell_based,9,D,2009,
CHEMBL549477,CHEMBL549477,COc1cccc(CNC(=O)c2cc(-c3ccco3)nc(N)n2)c1,,8.21,1,8.21,8.21,Ki,B,single protein format,single_protein,9,D,2009,
CHEMBL549885,CHEMBL549885,Nc1nc(C(=O)NCc2ccccn2)cc(-c2ccco2)n1,,8.37,1,8.37,8.37,Ki,B,single protein format,single_protein,9,D,2009,
CHEMBL550313,CHEMBL550313,CCCn1c(=O)c2[nH]c3cccnc3c2n(CCC)c1=O,,6.24,1,6.24,6.24,Ki,B,cell-based format,cell_based,9,D,2009,
CHEMBL550636,CHEMBL550636,Nc1nc(C(=O)NCc2cccc(F)c2)cc(-c2ccco2)n1,,8.32,1,8.32,8.32,Ki,B,single protein format,single_protein,9,D,2009,
CHEMBL550638,CHEMBL550638,CCn1c(=O)c2[nH]c(-c3ccc(OCC(=O)Nc4nc5ccccc5[nH]4)cc3)nc2n(CCCOC)c1=O,,6.69,1,6.69,6.69,Ki,B,cell-based format,cell_based,9,D,2009,
CHEMBL551177,CHEMBL551177,Nc1nc(NC(=O)c2cccnc2)c([N+](=O)[O-])c(-c2ccco2)n1,,6.66,1,6.66,6.66,Ki,B,single protein format,single_protein,9,D,2009,
CHEMBL551368,CHEMBL551368,Cc1ccccc1CNC(=O)c1cc(-c2ccco2)nc(N)n1,,8.66,1,8.66,8.66,Ki,B,single protein format,single_protein,9,D,2009,
CHEMBL551373,CHEMBL551373,Nc1cccc(CNC(=O)c2cc(-c3ccco3)nc(N)n2)n1,,8.15,1,8.15,8.15,Ki,B,single protein format,single_protein,9,D,2009,
CHEMBL551761,CHEMBL551761,CCn1c(=O)c2[nH]c(-c3ccco3)nc2n(CCCOC)c1=O,,6.31,1,6.31,6.31,Ki,B,cell-based format,cell_based,9,D,2009,
CHEMBL551904,CHEMBL551904,CCn1c(=O)c2[nH]c(-c3ccc(OCC(=O)Nc4ccc(F)cc4)cc3)nc2n(CCCOC)c1=O,,7.25,1,7.25,7.25,Ki,B,cell-based format,cell_based,9,D,2009,
CHEMBL552304,CHEMBL552304,CCn1c(=O)c2[nH]c(-c3ccc(OCC(=O)Nc4cccnc4)cc3)nc2n(CCCOC)c1=O,,6.12,1,6.12,6.12,Ki,B,cell-based format,cell_based,9,D,2009,
CHEMBL552511,CHEMBL552511,Nc1nc(C(=O)NCc2ccc(Cl)cc2)cc(-c2ccco2)n1,,7.76,1,7.76,7.76,Ki,B,single protein format,single_protein,9,D,2009,
CHEMBL5532131,CHEMBL5532131,Cc1c(C#N)cccc1-c1cc(-c2cn(Cc3ccc4cc[nH]c4c3)nn2)nc(N)n1,,6.37,1,6.37,6.37,IC50,F,cell-based format,cell_based,9,D,2024,
CHEMBL5532264,CHEMBL5532264,CCCCC#Cc1nc2c(NC)nc(-c3cccs3)nc2[nH]1,,7.3,1,7.3,7.3,Ki,B,cell membrane format,other,9,D,2024,
CHEMBL553449,CHEMBL553449,Cc1cccc(CNC(=O)c2cc(-c3ccco3)nc(N)n2)c1,,8.59,1,8.59,8.59,Ki,B,single protein format,single_protein,9,D,2009,
CHEMBL5542375,CHEMBL5542375,Cc1c(C#N)cccc1-c1cc(-c2cn(Cc3c[nH]c4ccc(OC5CCCC5)cc34)nn2)nc(N)n1,,7.01,1,7.01,7.01,IC50,F,cell-based format,cell_based,9,D,2024,
CHEMBL5542531,CHEMBL5542531,CCCCC#Cc1nc2c(NC)nc(-c3ccco3)nc2n1[C@@H]1OC[C@@H](O)[C@H]1O,,6.39,1,6.39,6.39,Ki,B,cell membrane format,other,9,D,2024,
CHEMBL554623,CHEMBL554623,Nc1nc(C(=O)NCc2cccc(Cl)c2)cc(-c2ccco2)n1,,8.43,1,8.43,8.43,Ki,B,single protein format,single_protein,9,D,2009,
CHEMBL5555414,CHEMBL5555414,Cc1c(C#N)cccc1-c1cc(-c2cn(Cc3n[nH]c4ccccc34)nn2)nc(N)n1,,6.89,1,6.89,6.89,IC50,F,cell-based format,cell_based,9,D,2024,
CHEMBL5555848,CHEMBL5555848,CCCCC#Cc1nc2c(NCc3cccc(I)c3)nc(-c3ccco3)nc2n1[C@@H]1SC[C@@H](O)[C@H]1O,,6.31,1,6.31,6.31,Ki,B,cell membrane format,other,9,D,2024,
CHEMBL5556652,CHEMBL5556652,Cc1ccc2[nH]cc(Cn3cc(-c4cc(-c5cccc(C#N)c5C)nc(N)n4)nn3)c2c1,,6.99,1,6.99,6.99,IC50,F,cell-based format,cell_based,9,D,2024,
CHEMBL5556656,CHEMBL5556656,CCCCC#Cc1nc2c(NC)nc(-c3ccco3)nc2n1[C@@H]1SC[C@@H](O)[C@H]1O,,6.85,1,6.85,6.85,Ki,B,cell membrane format,other,9,D,2024,
CHEMBL5556910,CHEMBL5556910,COc1ccc2c(Cn3cc(-c4cc(-c5cccc(C#N)c5C)nc(N)n4)nn3)c[nH]c2c1,,6.88,1,6.88,6.88,IC50,F,cell-based format,cell_based,9,D,2024,
CHEMBL5556919,CHEMBL5556919,CCCCC#Cc1nc2c(N)nc(-c3ccco3)nc2n1[C@@H]1OC[C@@H](O)[C@H]1O,,7.69,1,7.69,7.69,Ki,B,cell membrane format,other,9,D,2024,
CHEMBL5557461,CHEMBL5557461,CCCCC#Cc1nc2c(N)nc(-c3ccco3)nc2n1[C@@H]1SC[C@@H](O)[C@H]1O,,7.75,1,7.75,7.75,Ki,B,cell membrane format,other,9,D,2024,
CHEMBL5557578,CHEMBL5557578,CCCCC#Cc1nc2c(NC)nc(-c3cccs3)nc2n1[C@@H]1SC[C@@H](O)[C@H]1O,,6.15,1,6.15,6.15,Ki,B,cell membrane format,other,9,D,2024,
CHEMBL5558429,CHEMBL5558429,CCCCC#Cc1nc2c(N)nc(-c3cccs3)nc2[nH]1,,8.39,1,8.39,8.39,Ki,B,cell membrane format,other,9,D,2024,
CHEMBL5559504,CHEMBL5559504,CCCCC#Cc1nc2c(N)nc(-c3cccs3)nc2n1[C@@H]1OC[C@@H](O)[C@H]1O,,7.59,1,7.59,7.59,Ki,B,cell membrane format,other,9,D,2024,
CHEMBL5560392,CHEMBL5560392,CCCCC#Cc1nc(N)c2nc(-c3ccco3)[nH]c2n1,,8.29,1,8.29,8.29,Ki,B,cell membrane format,other,9,D,2024,
CHEMBL5560478,CHEMBL5560478,CCCCC#Cc1nc2c(NCc3cccc(I)c3)nc(-c3ccco3)nc2n1[C@@H]1OC[C@@H](O)[C@H]1O,,6.16,1,6.16,6.16,Ki,B,cell membrane format,other,9,D,2024,
CHEMBL556083,CHEMBL556083,COc1ccccc1CNC(=O)c1cc(-c2ccco2)nc(N)n1,,8.46,1,8.46,8.46,Ki,B,single protein format,single_protein,9,D,2009,
CHEMBL5560922,CHEMBL5560922,Nc1nc(-c2cccs2)nc2[nH]c(-c3cccs3)nc12,,7.83,1,7.83,7.83,Ki,B,cell membrane format,other,9,D,2024,
CHEMBL5561038,CHEMBL5561038,CCCCC#Cc1nc2c(N)nc(-c3ccco3)nc2[nH]1,,8.3,1,8.3,8.3,Ki,B,cell membrane format,other,9,D,2024,
CHEMBL5562028,CHEMBL5562028,CCCCC#Cc1nc(NC)c2nc(-c3cccs3)[nH]c2n1,,7.18,1,7.18,7.18,Ki,B,cell membrane format,other,9,D,2024,
CHEMBL5562579,CHEMBL5562579,CCCCC#Cc1nc2c(NCc3cccc(I)c3)nc(-c3cccs3)nc2[nH]1,,6.44,1,6.44,6.44,Ki,B,cell membrane format,other,9,D,2024,
CHEMBL5562587,CHEMBL5562587,CCCCC#Cc1nc(NC)c2nc(-c3ccco3)[nH]c2n1,,6.91,1,6.91,6.91,Ki,B,cell membrane format,other,9,D,2024,
CHEMBL5562642,CHEMBL5562642,CCCCC#Cc1nc(N)c2nc(-c3cccs3)[nH]c2n1,,8.08,1,8.08,8.08,Ki,B,cell membrane format,other,9,D,2024,
CHEMBL5562893,CHEMBL5562893,Cc1c(C#N)cccc1-c1cc(-c2cn(Cc3c[nH]c4ccc(C#N)cc34)nn2)nc(N)n1,,8.14,3,7.95,8.79,IC50;Kd,F,cell-based format,cell_based,9,D,2024,
CHEMBL5563496,CHEMBL5563496,COc1ccc2[nH]cc(Cn3cc(-c4cc(-c5cccc(C#N)c5C)nc(N)n4)nn3)c2c1,,7.27,1,7.27,7.27,IC50,F,cell-based format,cell_based,9,D,2024,
CHEMBL556389,CHEMBL556389,CCn1c(=O)c2[nH]c(-c3ccc(OCC(=O)Nc4ccccn4)cc3)nc2n(CCCOC)c1=O,,6.77,1,6.77,6.77,Ki,B,cell-based format,cell_based,9,D,2009,
CHEMBL5564117,CHEMBL5564117,CCCCC#Cc1nc2c(N)nc(-c3cccs3)nc2n1[C@@H]1SC[C@@H](O)[C@H]1O,,6.92,1,6.92,6.92,Ki,B,cell membrane format,other,9,D,2024,
CHEMBL5564272,CHEMBL5564272,Cc1c(C#N)cccc1-c1cc(-c2cn(Cc3c[nH]c4cccnc34)nn2)nc(N)n1,,7.43,1,7.43,7.43,IC50,F,cell-based format,cell_based,9,D,2024,
CHEMBL5565475,CHEMBL5565475,Nc1nc(-c2ccco2)nc2c1nc(-c1ccco1)n2[C@@H]1OC[C@@H](O)[C@H]1O,,7.89,1,7.89,7.89,Ki,B,cell membrane format,other,9,D,2024,
CHEMBL5565650,CHEMBL5565650,Cc1c(C#N)cccc1-c1cc(-c2cn(Cc3c[nH]c4ccncc34)nn2)nc(N)n1,,6.77,1,6.77,6.77,IC50,F,cell-based format,cell_based,9,D,2024,
CHEMBL5566807,CHEMBL5566807,CCCCC#Cc1nc2c(NCc3cccc(I)c3)nc(-c3ccco3)nc2[nH]1,,6.25,1,6.25,6.25,Ki,B,cell membrane format,other,9,D,2024,
CHEMBL5567879,CHEMBL5567879,CCCCC#Cc1nc(N)c2nc(C#CCCCC)n([C@@H]3OC[C@@H](O)[C@H]3O)c2n1,,6.88,1,6.88,6.88,Ki,B,cell membrane format,other,9,D,2024,
CHEMBL5568273,CHEMBL5568273,CCCCC#Cc1nc2c(NC)nc(-c3ccco3)nc2[nH]1,,7.16,1,7.16,7.16,Ki,B,cell membrane format,other,9,D,2024,
CHEMBL5568562,CHEMBL5568562,Nc1nc(-c2ccco2)nc2[nH]c(-c3ccco3)nc12,,7.51,1,7.51,7.51,Ki,B,cell membrane format,other,9,D,2024,
CHEMBL5568925,CHEMBL5568925,Cc1c(C#N)cccc1-c1cc(-c2cn(Cc3csc4c3CCCC4)nn2)nc(N)n1,,7.94,1,7.94,7.94,IC50,F,cell-based format,cell_based,9,D,2024,
CHEMBL5569426,CHEMBL5569426,Cc1c(C#N)cccc1-c1cc(-c2cn(Cc3c[nH]c4cc(Cl)ccc34)nn2)nc(N)n1,,6.12,1,6.12,6.12,IC50,F,cell-based format,cell_based,9,D,2024,
CHEMBL5569497,CHEMBL5569497,Cc1c(C#N)cccc1-c1cc(-c2cn(Cc3c[nH]c4cccc(Cl)c34)nn2)nc(N)n1,,6.76,1,6.76,6.76,IC50,F,cell-based format,cell_based,9,D,2024,
CHEMBL5569508,CHEMBL5569508,Cc1c(C#N)cccc1-c1cc(-c2cn(Cc3c[nH]c4ccc(F)cc34)nn2)nc(N)n1,,7.2,1,7.2,7.2,IC50,F,cell-based format,cell_based,9,D,2024,
CHEMBL5570759,CHEMBL5570759,Cc1c(C#N)cccc1-c1cc(-c2cn(Cc3csc4ccccc34)nn2)nc(N)n1,,7.46,1,7.46,7.46,IC50,F,cell-based format,cell_based,9,D,2024,
CHEMBL5570763,CHEMBL5570763,Cc1ccc2c(Cn3cc(-c4cc(-c5cccc(C#N)c5C)nc(N)n4)nn3)c[nH]c2c1,,6.49,1,6.49,6.49,IC50,F,cell-based format,cell_based,9,D,2024,
CHEMBL557084,CHEMBL557084,Nc1nc(C(=O)NCc2ccccc2F)cc(-c2ccco2)n1,,8.46,1,8.46,8.46,Ki,B,single protein format,single_protein,9,D,2009,
CHEMBL5572013,CHEMBL5572013,Cc1c(C#N)cccc1-c1cc(-c2cn(Cc3c[nH]c4ccccc34)nn2)nc(N)n1,,6.95,1,6.95,6.95,IC50,F,cell-based format,cell_based,9,D,2024,
CHEMBL5573410,CHEMBL5573410,Cc1c(C#N)cccc1-c1cc(-c2cn(Cc3c[nH]c4ccc(S(C)(=O)=O)cc34)nn2)nc(N)n1,,7.74,1,7.74,7.74,IC50,F,cell-based format,cell_based,9,D,2024,
CHEMBL5574634,CHEMBL5574634,Cc1c(C#N)cccc1-c1cc(-c2cn(Cc3ccc4[nH]ccc4c3)nn2)nc(N)n1,,6.0,1,6.0,6.0,IC50,F,cell-based format,cell_based,9,D,2024,
CHEMBL5574860,CHEMBL5574860,Cc1c(C#N)cccc1-c1cc(-c2cn(Cc3c[nH]c4cc(S(C)(=O)=O)ccc34)nn2)nc(N)n1,,6.37,1,6.37,6.37,IC50,F,cell-based format,cell_based,9,D,2024,
CHEMBL5575304,CHEMBL5575304,Cc1c(C#N)cccc1-c1cc(-c2cn(Cc3c[nH]c4cc(C#N)ccc34)nn2)nc(N)n1,,6.62,1,6.62,6.62,IC50,F,cell-based format,cell_based,9,D,2024,
CHEMBL557624,CHEMBL557624,Nc1nc(NC(=O)c2ccccc2)c([N+](=O)[O-])c(-c2ccco2)n1,,6.51,1,6.51,6.51,Ki,B,single protein format,single_protein,9,D,2009,
CHEMBL557694,CHEMBL557694,CCn1c(=O)c2[nH]c(-c3ccc(OCC(=O)Nc4ccc(C#N)cc4)cc3)nc2n(CCCOC)c1=O,,6.95,1,6.95,6.95,Ki,B,cell-based format,cell_based,9,D,2009,
CHEMBL557696,CHEMBL557696,Cc1ccc(CNC(=O)c2cc(-c3ccco3)nc(N)n2)cc1,,8.02,1,8.02,8.02,Ki,B,single protein format,single_protein,9,D,2009,
CHEMBL5579687,CHEMBL5579687,COC(=O)c1ccc2[nH]cc(Cn3cc(-c4cc(-c5cccc(C#N)c5C)nc(N)n4)nn3)c2c1,,7.15,1,7.15,7.15,IC50,F,cell-based format,cell_based,9,D,2024,
CHEMBL5579741,CHEMBL5579741,Cc1c(C#N)cccc1-c1cc(-c2cn(Cc3c[nH]c4cc(F)ccc34)nn2)nc(N)n1,,6.92,1,6.92,6.92,IC50,F,cell-based format,cell_based,9,D,2024,
CHEMBL5579763,CHEMBL5579763,Cc1c(C#N)cccc1-c1cc(-c2cn(Cc3c[nH]c4ccc(OC(C)C)cc34)nn2)nc(N)n1,,7.16,1,7.16,7.16,IC50,F,cell-based format,cell_based,9,D,2024,
CHEMBL558291,CHEMBL558291,Nc1nc(C(=O)NCc2ccco2)cc(-c2ccco2)n1,,7.85,1,7.85,7.85,Ki,B,single protein format,single_protein,9,D,2009,
CHEMBL5592547,CHEMBL5592547,Cc1c(C#N)cccc1-c1cc(-c2cn(Cc3c[nH]c4ccc(Cl)cc34)nn2)nc(N)n1,,6.61,1,6.61,6.61,IC50,F,cell-based format,cell_based,9,D,2024,
CHEMBL559990,CHEMBL559990,CCCOc1cncc2[nH]c3c(=O)n(CCC)c(=O)n(CCC)c3c12,,6.79,1,6.79,6.79,Ki,B,cell-based format,cell_based,9,D,2009,
CHEMBL560623,CHEMBL560623,CCn1c(=O)c2[nH]c(-c3ccc(OCC(=O)NC4CCCC4)cc3)nc2n(CCCOC)c1=O,,7.02,1,7.02,7.02,Ki,B,cell-based format,cell_based,9,D,2009,
CHEMBL560624,CHEMBL560624,CCn1c(=O)c2[nH]c(-c3ccc(OCC(=O)Nc4ccccc4)cc3)nc2n(CCCOC)c1=O,,7.06,1,7.06,7.06,Ki,B,cell-based format,cell_based,9,D,2009,
CHEMBL560904,CHEMBL560904,Nc1nc(C(=O)NCc2ccccc2Cl)cc(-c2ccco2)n1,,8.59,1,8.59,8.59,Ki,B,single protein format,single_protein,9,D,2009,
CHEMBL560905,CHEMBL560905,CCn1c(=O)c2[nH]c(-c3ccc(OCC(=O)Nc4ccon4)cc3)nc2n(CCCOC)c1=O,,6.67,1,6.67,6.67,Ki,B,cell-based format,cell_based,9,D,2009,
CHEMBL560967,CHEMBL560967,CCn1c(=O)c2[nH]c(-c3ccc[nH]3)nc2n(CCCOC)c1=O,,6.68,1,6.68,6.68,Ki,B,cell-based format,cell_based,9,D,2009,
CHEMBL561163,CHEMBL561163,Nc1nc(NC(=O)c2ccccc2OC(F)(F)F)c([N+](=O)[O-])c(-c2ccco2)n1,,7.8,1,7.8,7.8,Ki,B,single protein format,single_protein,9,D,2009,
CHEMBL561167,CHEMBL561167,CCCn1c(=O)c2[nH]c(-c3ccccc3)nc2n(CCCOC)c1=O,,6.47,1,6.47,6.47,Ki,B,cell-based format,cell_based,9,D,2009,
CHEMBL561168,CHEMBL561168,CCCn1c(=O)c2[nH]c(-c3ccc[nH]3)nc2n(CCCOC)c1=O,,6.4,1,6.4,6.4,Ki,B,cell-based format,cell_based,9,D,2009,
CHEMBL561244,CHEMBL561244,Nc1nc(C(=O)NCc2ccc(F)cc2)cc(-c2ccco2)n1,,7.7,1,7.7,7.7,Ki,B,single protein format,single_protein,9,D,2009,
CHEMBL561364,CHEMBL561364,CCn1c(=O)c2[nH]c(-c3ccc(OCC(=O)Nc4ccc(C(C)=O)cc4)cc3)nc2n(CCCOC)c1=O,,6.83,1,6.83,6.83,Ki,B,cell-based format,cell_based,9,D,2009,
CHEMBL561645,CHEMBL561645,COc1ccc(CNC(=O)c2cc(-c3ccco3)nc(N)n2)cc1,,7.1,1,7.1,7.1,Ki,B,single protein format,single_protein,9,D,2009,
CHEMBL5619570,CHEMBL5619570,Nc1nc2c3cc(Br)ccc3nc(-c3ccccc3)n2n1,,7.49,1,7.49,7.49,Ki,B,single protein format,single_protein,9,D,2024,
CHEMBL5620265,CHEMBL5620265,Nc1nc2c3ccccc3nc(-c3cccs3)n2n1,,7.87,1,7.87,7.87,Ki,B,single protein format,single_protein,9,D,2024,
CHEMBL562421,CHEMBL562421,Nc1nc(NC(=O)c2ccccc2F)c([N+](=O)[O-])c(-c2ccco2)n1,,7.64,1,7.64,7.64,Ki,B,single protein format,single_protein,9,D,2009,
CHEMBL562427,CHEMBL562427,CCn1c(=O)c2[nH]c(-c3ccc(OCC(=O)Nc4ccc(O)cc4)cc3)nc2n(CCCOC)c1=O,,6.38,1,6.38,6.38,Ki,B,cell-based format,cell_based,9,D,2009,
CHEMBL563034,CHEMBL563034,COc1ccccc1C(=O)Nc1nc(N)nc(-c2ccco2)c1[N+](=O)[O-],,6.77,1,6.77,6.77,Ki,B,single protein format,single_protein,9,D,2009,
CHEMBL563425,CHEMBL563425,CCn1c(=O)c2[nH]c(-c3ccc(OCC(=O)Nc4ccc(Br)cc4)cc3)nc2n(CCCOC)c1=O,,7.01,1,7.01,7.01,Ki,B,cell-based format,cell_based,9,D,2009,
CHEMBL563889,CHEMBL563889,CCn1c(=O)c2[nH]c(-c3ccc(-c4ccccc4)cc3)nc2n(CCCOC)c1=O,,6.28,1,6.28,6.28,Ki,B,cell-based format,cell_based,9,D,2009,
CHEMBL564142,CHEMBL564142,Nc1nc(C(=O)NCc2ccncc2)cc(-c2ccco2)n1,,6.41,1,6.41,6.41,Ki,B,single protein format,single_protein,9,D,2009,
CHEMBL564224,CHEMBL564224,COc1ccccc1CC(=O)Nc1nc(N)nc(-c2ccco2)c1[N+](=O)[O-],,8.0,1,8.0,8.0,Ki,B,single protein format,single_protein,9,D,2009,
CHEMBL564473,CHEMBL564473,COCc1cccc(CNC(=O)c2cc(-c3ccco3)nc(N)n2)n1,,8.77,1,8.77,8.77,Ki,B,single protein format,single_protein,9,D,2009,
CHEMBL564680,CHEMBL564680,CCn1c(=O)c2[nH]c(-c3cccs3)nc2n(CCCOC)c1=O,,6.66,1,6.66,6.66,Ki,B,cell-based format,cell_based,9,D,2009,
CHEMBL565192,CHEMBL565192,CCn1c(=O)c2[nH]c(-c3ccc(OCC(=O)NN4CCc5ccccc5C4)cc3)nc2n(CCCOC)c1=O,,6.64,1,6.64,6.64,Ki,B,cell-based format,cell_based,9,D,2009,
CHEMBL568023,CHEMBL568023,Nc1nc(SCCC2CCCCC2)nc2c1ncn2[C@@H]1O[C@H](CO)[C@@H](O)[C@H]1O,,6.43,1,6.43,6.43,Ki,B,single protein format,single_protein,8,H,2012,
CHEMBL571672,CHEMBL571672,Nc1nc(C(=O)NCc2cccnc2)cc(-c2ccco2)n1,,8.03,1,8.03,8.03,Ki,B,single protein format,single_protein,9,D,2009,
CHEMBL572386,CHEMBL572386,O=C(Cc1cccc(Cl)c1)Nc1nc2nn(CCc3ccccc3)cc2c2nc(-c3ccco3)nn12,,8.24,1,8.24,8.24,Ki,B,cell-based format,cell_based,9,D,2009,
CHEMBL572411,CHEMBL572411,CCOC(=O)COc1ccc(CCCn2ncc3c2nc(N)n2nc(-c4ccco4)nc32)cc1,,9.37,1,9.37,9.37,Ki,B,cell-based format,cell_based,9,D,2009,
CHEMBL572419,CHEMBL572419,O=C(Cc1ccsc1)Nc1nc2nn(CCc3ccccc3)cc2c2nc(-c3ccco3)nn12,,7.89,1,7.89,7.89,Ki,B,cell-based format,cell_based,9,D,2009,
CHEMBL572600,CHEMBL572600,CC(C)CCn1cc2c(nc(NC(=O)Cc3cccs3)n3nc(-c4ccco4)nc23)n1,,8.69,1,8.69,8.69,Ki,B,cell-based format,cell_based,9,D,2009,
CHEMBL572601,CHEMBL572601,CCCCn1cc2c(nc(NC(=O)Cc3ccsc3)n3nc(-c4ccco4)nc23)n1,,8.5,1,8.5,8.5,Ki,B,cell-based format,cell_based,9,D,2009,
CHEMBL572602,CHEMBL572602,O=C(Cc1ccc(-c2ccccc2)cc1)Nc1nc2nn(CCCc3ccccc3)cc2c2nc(-c3ccco3)nn12,,6.59,1,6.59,6.59,Ki,B,cell-based format,cell_based,9,D,2009,
CHEMBL572653,CHEMBL572653,CCn1cc2c(nc(NC(=O)Cc3cccc4ccccc34)n3nc(-c4ccco4)nc23)n1,,7.13,1,7.13,7.13,Ki,B,cell-based format,cell_based,9,D,2009,
CHEMBL572654,CHEMBL572654,CCn1cc2c(nc(NC(=O)Cc3ccc(-c4ccccc4)cc3)n3nc(-c4ccco4)nc23)n1,,7.15,1,7.15,7.15,Ki,B,cell-based format,cell_based,9,D,2009,
CHEMBL572765,CHEMBL572765,Cn1cc2c(nc(NC(=O)Nc3ccc(F)cc3)n3nc(-c4ccco4)nc23)n1,,6.92,1,6.92,6.92,Ki,B,cell-based format,cell_based,9,D,2002,
CHEMBL572906,CHEMBL572906,CCCCn1cc2c(nc(NC(=O)C(c3ccccc3)c3ccccc3)n3nc(-c4ccco4)nc23)n1,,6.94,1,6.94,6.94,Ki,B,cell-based format,cell_based,9,D,2009,
CHEMBL573088,CHEMBL573088,O=C(Cc1ccc(Cl)cc1)Nc1nc2nn(CCCc3ccccc3)cc2c2nc(-c3ccco3)nn12,,7.05,1,7.05,7.05,Ki,B,cell-based format,cell_based,9,D,2009,
CHEMBL573089,CHEMBL573089,CC(C)CCn1cc2c(nc(NC(=O)Cc3c(Cl)cccc3Cl)n3nc(-c4ccco4)nc23)n1,,7.73,1,7.73,7.73,Ki,B,cell-based format,cell_based,9,D,2009,
CHEMBL573325,CHEMBL573325,CSc1c2c(nc(NC(=O)Cc3ccc(OCC(C)C)cc3)n3nc(-c4ccco4)nc23)nn1C,,7.3,1,7.3,7.3,Ki,B,cell-based format,cell_based,9,D,2009,
CHEMBL573327,CHEMBL573327,CC(C)CCn1cc2c(nc(NC(=O)Cc3ccc(Cl)cc3)n3nc(-c4ccco4)nc23)n1,,8.56,1,8.56,8.56,Ki,B,cell-based format,cell_based,9,D,2009,
CHEMBL573360,CHEMBL573360,CCCCn1cc2c(nc(NC(=O)Cc3ccc(-c4ccccc4)cc3)n3nc(-c4ccco4)nc23)n1,,7.4,1,7.4,7.4,Ki,B,cell-based format,cell_based,9,D,2009,
CHEMBL573554,CHEMBL573554,CCOC(=O)[C@H]1Oc2ccc(CCCn3ncc4c3nc(N)n3nc(-c5ccco5)nc43)cc2O1,,8.26,1,8.26,8.26,Ki,B,cell-based format,cell_based,9,D,2009,
CHEMBL573588,CHEMBL573588,CCCCn1cc2c(nc(NC(=O)Cc3ccc4ccccc4c3)n3nc(-c4ccco4)nc23)n1,,8.1,1,8.1,8.1,Ki,B,cell-based format,cell_based,9,D,2009,
CHEMBL573589,CHEMBL573589,Cn1cc2c(nc(NC(=O)COc3ccccc3)n3nc(-c4ccco4)nc23)n1,,7.82,1,7.82,7.82,Ki,B,cell-based format,cell_based,9,D,2009,
CHEMBL573593,CHEMBL573593,CCCn1cc2c(nc(NC(=O)Cc3ccc(-c4ccccc4)cc3)n3nc(-c4ccco4)nc23)n1,,7.28,1,7.28,7.28,Ki,B,cell-based format,cell_based,9,D,2009,
CHEMBL573594,CHEMBL573594,Cn1cc2c(nc(NC(=O)Cc3ccc(Cl)cc3)n3nc(-c4ccco4)nc23)n1,,6.81,1,6.81,6.81,Ki,B,cell-based format,cell_based,9,D,2009,
CHEMBL573771,CHEMBL573771,O=C(Cc1ccc(-c2ccccc2)cc1)Nc1nc2nn(CCc3ccccc3)cc2c2nc(-c3ccco3)nn12,,7.33,1,7.33,7.33,Ki,B,cell-based format,cell_based,9,D,2009,
CHEMBL573779,CHEMBL573779,CCn1cc2c(nc(NC(=O)Cc3cccs3)n3nc(-c4ccco4)nc23)n1,,7.8,1,7.8,7.8,Ki,B,cell-based format,cell_based,9,D,2009,
CHEMBL573780,CHEMBL573780,O=C(Nc1nc2nn(CCc3ccccc3)cc2c2nc(-c3ccco3)nn12)C(c1ccccc1)c1ccccc1,,7.28,1,7.28,7.28,Ki,B,cell-based format,cell_based,9,D,2009,
CHEMBL573807,CHEMBL573807,Cn1cc2c(nc(NC(=O)Cc3cccs3)n3nc(-c4ccco4)nc23)n1,,7.25,1,7.25,7.25,Ki,B,cell-based format,cell_based,9,D,2009,
CHEMBL5739672,CHEMBL5739672,Nc1nc2c3c(ccc2c2nc(CCN4CC(F)(C5CC5)C4)nn12)OC(F)(F)O3,,8.8,1,8.8,8.8,Ki,B,assay format,other,9,D,2021,
CHEMBL5739943,CHEMBL5739943,COc1cc2nc(N)n3nc([C@@H]4CCCN(c5cnn(C6CC[C@]6(C)O)c5)C4)nc3c2cc1F,,9.05,1,9.05,9.05,IC50,B,assay format,other,9,D,2022,
CHEMBL5740009,CHEMBL5740009,C[C@H](Nc1nc(C(=O)NCC(F)(F)F)c2sccc2n1)c1cncc(F)c1,,6.52,1,6.52,6.52,IC50,B,single protein format,single_protein,9,D,2022,
CHEMBL5740360,CHEMBL5740360,Cc1cc(-c2c(-c3ccc(F)cc3)nc(N)n3nc(Cc4ncccc4F)nc23)cc(Cl)n1,,8.92,1,8.92,8.92,IC50,B,assay format,other,9,D,2020,
CHEMBL574061,CHEMBL574061,CCn1cc2c(nc(NC(=O)C(c3ccccc3)c3ccccc3)n3nc(-c4ccco4)nc23)n1,,6.88,1,6.88,6.88,Ki,B,cell-based format,cell_based,9,D,2009,
CHEMBL5740793,CHEMBL5740793,C[C@H](Nc1nc(C(=O)NCc2cncc(C#N)c2)c2sccc2n1)c1cccnc1,,6.52,1,6.52,6.52,IC50,B,single protein format,single_protein,9,D,2022,
CHEMBL5740833,CHEMBL5740833,CNc1cc2nc(N[C@@H](C)c3cncc(F)c3)nc(C(=O)N3CCC3)c2s1,,6.52,1,6.52,6.52,IC50,B,single protein format,single_protein,9,D,2022,
CHEMBL5741142,CHEMBL5741142,COc1cc2nc(N)n3nc(C4CC(F)CN(c5cnn(CC(C)(C)O)c5)C4)nc3c2cc1F,,7.97,1,7.97,7.97,IC50,B,assay format,other,9,D,2022,
CHEMBL5741831,CHEMBL5741831,COc1cccc2c1nc(N)n1nc([C@@H]3CCCN(CC(C)(C)F)C3)nc21,,9.22,1,9.22,9.22,Ki,B,assay format,other,9,D,2020,
CHEMBL5742168,CHEMBL5742168,COC1CN(C(=O)c2nc(N[C@@H](C)c3ccccn3)nc3cc(C)sc23)C1,,7.52,1,7.52,7.52,IC50,B,single protein format,single_protein,9,D,2022,
CHEMBL574263,CHEMBL574263,CC(C)CCn1cc2c(nc(NC(=O)Cc3ccc(C(F)(F)F)cc3)n3nc(-c4ccco4)nc23)n1,,8.27,1,8.27,8.27,Ki,B,cell-based format,cell_based,9,D,2009,
CHEMBL5742864,CHEMBL5742864,Cc1cnc2ccc(-c3c(-c4ncco4)nc(N)n4nc(C[C@@H]5CCCO5)nc34)cn12,,9.3,1,9.3,9.3,IC50,B,assay format,other,9,D,2020,
CHEMBL574323,CHEMBL574323,Cn1cc2c(nc(NC(=O)Cc3ccc(-c4ccccc4)cc3)n3nc(-c4ccco4)nc23)n1,,6.71,1,6.71,6.71,Ki,B,cell-based format,cell_based,9,D,2009,
CHEMBL5743283,CHEMBL5743283,Cc1cc(-c2c(-c3ccc(Cl)cc3)nc(N)n3cnnc23)cc(Cl)n1,,8.46,1,8.46,8.46,IC50,B,assay format,other,9,D,2022,
CHEMBL5743567,CHEMBL5743567,Cc1cc(-c2c(-c3ccc(F)cc3)nc(N)n3nc(Cc4cscn4)nc23)ccn1,,6.99,1,6.99,6.99,IC50,B,assay format,other,9,D,2020,
CHEMBL5743758,CHEMBL5743758,COc1ccc(CNC(=O)c2nc(NCc3cccnc3C)nc3ccsc23)cn1,,6.52,1,6.52,6.52,IC50,B,single protein format,single_protein,9,D,2022,
CHEMBL5744221,CHEMBL5744221,C[C@H](Nc1nc(C(=O)N2CC(NC(=O)c3ccc(Cl)cc3)C2)c2sccc2n1)c1cncc(F)c1,,7.52,1,7.52,7.52,IC50,B,single protein format,single_protein,9,D,2022,
CHEMBL5744336,CHEMBL5744336,C[C@H](Nc1nc(C(=O)N2CC(NC(=O)Nc3ccccc3)C2)c2sccc2n1)c1cncc(F)c1,,7.52,1,7.52,7.52,IC50,B,single protein format,single_protein,9,D,2022,
CHEMBL5744479,CHEMBL5744479,Cc1ccc(-c2nc(N)nc3c2C(=O)OC3Cc2c(F)cccc2Cl)o1,,7.42,1,7.42,7.42,IC50,B,assay format,other,9,D,2021,
CHEMBL5744502,CHEMBL5744502,Cc1cccc(CNC(=O)c2nc(N)nc3c(Cl)cc(Cl)cc23)n1,,8.19,1,8.19,8.19,Ki,B,assay format,other,9,D,2018,
CHEMBL5744505,CHEMBL5744505,COc1cc2nc(N)n3nc(C4CCC(C)N(c5cnn(CC6(O)CC6)c5)C4)nc3c2cc1F,,8.14,2,7.36,8.92,IC50,B,cell-based format,cell_based,9,D,2022,
CHEMBL574483,CHEMBL574483,Cn1cc2c(nc(NC(=O)Cc3ccc(F)cc3)n3nc(-c4ccco4)nc23)n1,,7.27,1,7.27,7.27,Ki,B,cell-based format,cell_based,9,D,2009,
CHEMBL574484,CHEMBL574484,O=C(Cc1ccc(F)cc1)Nc1nc2nn(CCCc3ccccc3)cc2c2nc(-c3ccco3)nn12,,6.68,1,6.68,6.68,Ki,B,cell-based format,cell_based,9,D,2009,
CHEMBL574489,CHEMBL574489,CCCCn1cc2c(nc(NC(=O)Cc3cccs3)n3nc(-c4ccco4)nc23)n1,,8.38,1,8.38,8.38,Ki,B,cell-based format,cell_based,9,D,2009,
CHEMBL574490,CHEMBL574490,Cn1cc2c(nc(NC(=O)Cc3c(Cl)cccc3Cl)n3nc(-c4ccco4)nc23)n1,,7.34,1,7.34,7.34,Ki,B,cell-based format,cell_based,9,D,2009,
CHEMBL5745015,CHEMBL5745015,Cc1cc(-c2c(-c3ccc(F)cc3)nc(N)n3cnnc23)cc(C(F)F)n1,,9.44,2,9.44,9.44,IC50,B,assay format,other,9,D,2022,
CHEMBL574502,CHEMBL574502,CC(C)CCn1cc2c(nc(NC(=O)COc3ccc(Cl)cc3)n3nc(-c4ccco4)nc23)n1,,7.79,1,7.79,7.79,Ki,B,cell-based format,cell_based,9,D,2009,
CHEMBL5745377,CHEMBL5745377,Cc1cnc2ccc(-c3c(N4CCN(C)CC4)nc(N)n4nc(Cc5c(F)cccc5F)nc34)cn12,,7.37,1,7.37,7.37,IC50,B,assay format,other,9,D,2020,
CHEMBL5745486,CHEMBL5745486,Nc1nc2c3c(ccc2c2nc(C[C@H](N)C4CC4)nn12)OC(F)(F)O3,,7.72,1,7.72,7.72,Ki,B,assay format,other,9,D,2021,
CHEMBL5745835,CHEMBL5745835,N#Cc1cccc(-c2nc(N)c3cc(CN4CCC4)nn3c2-c2ccncn2)c1,,7.26,1,7.26,7.26,Ki,B,assay format,other,9,D,2021,
CHEMBL5745879,CHEMBL5745879,COc1cc2nc(N)n3nc(C4(F)CCN(c5cnn(CC(C)(C)O)c5)C4)nc3c2cc1F,,6.73,2,6.62,6.84,IC50,B,assay format,other,9,D,2022,
CHEMBL5745907,CHEMBL5745907,Cc1csc2c(C(=O)NCc3ccccn3)nc(N[C@@H](C)c3ccccn3)nc12,,7.52,1,7.52,7.52,IC50,B,single protein format,single_protein,9,D,2022,
CHEMBL574612,CHEMBL574612,CNC(=O)[C@]12C[C@@H]1[C@@H](n1cnc3c(NCc4cccc(Cl)c4)nc(C#CCCC(=O)NCCCN)nc31)[C@H](O)[C@@H]2O,,6.01,1,6.01,6.01,Ki,B,cell-based format,cell_based,9,D,2009,
CHEMBL5746764,CHEMBL5746764,Cn1cc(-c2c(-c3ccccc3Cl)nc(N)n3nc(Cc4ncccc4F)nc23)ccc1=O,,6.87,1,6.87,6.87,IC50,B,assay format,other,9,D,2020,
CHEMBL574701,CHEMBL574701,Nc1nc2c(cnn2CCCc2ccc3c(c2)O[C@@H](C(=O)O)O3)c2nc(-c3ccco3)nn12,,7.23,1,7.23,7.23,Ki,B,cell-based format,cell_based,9,D,2009,
CHEMBL5747068,CHEMBL5747068,Nc1nnc(-c2ccc3occc3c2)c(-c2ccccc2)n1,,7.19,1,7.19,7.19,Ki,B,assay format,other,9,D,2021,
CHEMBL5747460,CHEMBL5747460,Cc1cnc2ccc(-c3c(N4CCC4)nc(N)n4nc(Cc5c(F)cccc5F)nc34)cn12,,10.0,1,10.0,10.0,IC50,B,assay format,other,9,D,2020,
CHEMBL5747494,CHEMBL5747494,Cc1cc2nc(N[C@@H](C)c3cncc(F)c3)nc(C(=O)N3CC(C(=O)NOC(C)(C)C)C3)c2s1,,7.12,1,7.12,7.12,IC50,B,single protein format,single_protein,9,D,2022,
CHEMBL574775,CHEMBL574775,CCCn1cc2c(nc(NC(=O)C(c3ccccc3)c3ccccc3)n3nc(-c4ccco4)nc23)n1,,7.33,1,7.33,7.33,Ki,B,cell-based format,cell_based,9,D,2009,
CHEMBL5748122,CHEMBL5748122,Cc1cc(-c2c(-c3ccccc3F)nc(N)n3cnnc23)cc(Cl)n1,,9.3,2,9.3,9.3,IC50,B,assay format,other,9,D,2022,
CHEMBL5749161,CHEMBL5749161,Nc1nc2c3c(ccc2c2nc(CC4CCN(CC(F)F)C4)nn12)OC(F)(F)O3,,8.28,1,8.28,8.28,Ki,B,assay format,other,9,D,2021,
CHEMBL5749218,CHEMBL5749218,Nc1cnc(-c2ccc(O)c(Cl)c2)c(-c2ccccc2)n1,,7.24,1,7.24,7.24,IC50,B,assay format,other,9,D,2021,
CHEMBL5749409,CHEMBL5749409,Cc1csc2c(C(=O)NCc3cccnc3)nc(N[C@@H](C)c3ccccn3)nc12,,7.52,1,7.52,7.52,IC50,B,single protein format,single_protein,9,D,2022,
CHEMBL574975,CHEMBL574975,CC(C)CCn1cc2c(nc(NC(=O)Cc3ccsc3)n3nc(-c4ccco4)nc23)n1,,8.41,1,8.41,8.41,Ki,B,cell-based format,cell_based,9,D,2009,
CHEMBL5749831,CHEMBL5749831,Nc1nnc(-c2ccc3cc[nH]c3c2)c(-c2ccccc2)n1,,6.75,1,6.75,6.75,Ki,B,assay format,other,9,D,2021,
CHEMBL5750149,CHEMBL5750149,O=C(c1nc(NCc2cccc(Cl)c2)nc2ccsc12)N1CC(O)C1,,6.52,1,6.52,6.52,IC50,B,single protein format,single_protein,9,D,2022,
CHEMBL5750159,CHEMBL5750159,CC1(C)CCCN(CCc2nc3c4ccc5c(c4nc(N)n3n2)OC(F)(F)O5)C1,,7.17,1,7.17,7.17,Ki,B,assay format,other,9,D,2021,
CHEMBL5750437,CHEMBL5750437,C[C@H](Nc1nc(C(=O)N2CCCC2)c2sc(N)cc2n1)c1cncc(F)c1,,6.52,1,6.52,6.52,IC50,B,single protein format,single_protein,9,D,2022,
CHEMBL5750576,CHEMBL5750576,COc1cccc2c1nc(N)n1nc([C@@H]3CCCN(CC4(C)CC4)C3)nc21,,7.7,1,7.7,7.7,Ki,B,assay format,other,9,D,2020,
CHEMBL5750814,CHEMBL5750814,CC(NC(=O)c1nc(-c2cc(Cl)c3ncccc3c2)c(-c2ccccc2)nc1N)c1cccc(C#N)n1,,8.46,1,8.46,8.46,IC50,B,assay format,other,9,D,2022,
CHEMBL5751165,CHEMBL5751165,Nc1nc2c3c(ccc2c2nc(Cc4cccnc4Cl)nn12)OC(F)(F)O3,,8.54,1,8.54,8.54,Ki,B,assay format,other,9,D,2021,
CHEMBL5751291,CHEMBL5751291,Nc1nnc(-c2cc(Cl)nc(C(F)(F)F)c2)c(-c2ccc(F)cc2)n1,,8.4,1,8.4,8.4,Ki,B,assay format,other,9,D,2021,
CHEMBL5751505,CHEMBL5751505,Cc1cc(-c2cc3c(=O)cc[nH]c3nc2-c2cccc(C#N)c2)cc(Cl)n1,,6.95,1,6.95,6.95,IC50,B,assay format,other,9,D,2022,
CHEMBL5751744,CHEMBL5751744,C[C@H](Nc1nc(C(=O)NC2CN(C(=O)C(C)(C)C)C2)c2sccc2n1)c1cncc(F)c1,,6.52,1,6.52,6.52,IC50,B,single protein format,single_protein,9,D,2022,
CHEMBL5751961,CHEMBL5751961,CC1(F)CN(CCc2nc3c4ccc5c(c4nc(N)n3n2)OC(F)(F)O5)C1,,8.49,1,8.49,8.49,Ki,B,assay format,other,9,D,2021,
CHEMBL575197,CHEMBL575197,O=C(Cc1cccs1)Nc1nc2nn(CCc3ccccc3)cc2c2nc(-c3ccco3)nn12,,8.06,1,8.06,8.06,Ki,B,cell-based format,cell_based,9,D,2009,
CHEMBL575198,CHEMBL575198,CCn1cc2c(nc(NC(=O)Cc3ccsc3)n3nc(-c4ccco4)nc23)n1,,7.64,1,7.64,7.64,Ki,B,cell-based format,cell_based,9,D,2009,
CHEMBL575204,CHEMBL575204,Cn1cc2c(nc(NC(=O)Cc3ccc4ccccc4c3)n3nc(-c4ccco4)nc23)n1,,7.11,1,7.11,7.11,Ki,B,cell-based format,cell_based,9,D,2009,
CHEMBL575205,CHEMBL575205,O=C(Cc1ccc2ccccc2c1)Nc1nc2nn(CCc3ccccc3)cc2c2nc(-c3ccco3)nn12,,7.38,1,7.38,7.38,Ki,B,cell-based format,cell_based,9,D,2009,
CHEMBL5752625,CHEMBL5752625,Nc1nc(-c2ccc(F)cc2)c(-c2ccnc(C(F)(F)F)c2)c2nc(Cc3c(F)cccc3F)nn12,,7.28,1,7.28,7.28,IC50,B,assay format,other,9,D,2020,
CHEMBL5753430,CHEMBL5753430,Cc1cc(-c2nnc(N)nc2-c2ccc(Cl)cc2)cc(C)n1,,7.81,1,7.81,7.81,Ki,B,assay format,other,9,D,2021,
CHEMBL575386,CHEMBL575386,CCCCn1cc2c(nc(NC(=O)Cc3cccc4ccccc34)n3nc(-c4ccco4)nc23)n1,,7.93,1,7.93,7.93,Ki,B,cell-based format,cell_based,9,D,2009,
CHEMBL5753944,CHEMBL5753944,COc1cc2nc(N)n3nc([C@@H]4CCCN(c5cn(C(C)(C)CO)nc5C)C4)nc3c2cc1F,,9.3,1,9.3,9.3,IC50,B,assay format,other,9,D,2022,
CHEMBL5754370,CHEMBL5754370,Nc1nc2c3c(ccc2c2nc(CCN4CCC(F)CC4)nn12)OC(F)(F)O3,,8.11,1,8.11,8.11,Ki,B,assay format,other,9,D,2021,
CHEMBL5754574,CHEMBL5754574,Cc1nn(C(C)(C)CO)cc1N1CC(C)CC(c2nc3c4cc(F)cc(F)c4nc(N)n3n2)C1,,8.015,2,6.81,9.22,IC50,B,cell-based format,cell_based,9,D,2022,
CHEMBL5754606,CHEMBL5754606,Cc1cc(-c2c(-c3ccccc3F)nc(N)n3cnnc23)cc(CF)n1,,8.59,3,8.59,8.59,IC50,B,assay format,other,9,D,2022,
CHEMBL5754972,CHEMBL5754972,COc1cccc2c1nc(N)n1nc([C@@H]3CCCN(CCC(F)(F)F)C3)nc21,,9.22,1,9.22,9.22,Ki,B,assay format,other,9,D,2020,
CHEMBL5754988,CHEMBL5754988,COc1cc2nc(N)n3nc(C4CCC(C)N(c5cnn(CC6(CF)COC6)c5)C4)nc3c2cc1F,,8.09,1,8.09,8.09,IC50,B,assay format,other,9,D,2022,
CHEMBL5755094,CHEMBL5755094,Cc1cc(C(=O)NC2CN(C(=O)c3nc(N[C@@H](C)c4cncc(F)c4)nc4ccsc34)C2)c(C)o1,,7.52,1,7.52,7.52,IC50,B,single protein format,single_protein,9,D,2022,
CHEMBL5755180,CHEMBL5755180,C[C@H](Nc1nc(C(=O)N2CC(C(=O)OC(C)(C)C)C2)c2sccc2n1)c1cncc(F)c1,,6.52,1,6.52,6.52,IC50,B,single protein format,single_protein,9,D,2022,
CHEMBL5755471,CHEMBL5755471,C[C@H](Nc1nc(C(=O)NC2CC[C@@H](O)C2)c2sccc2n1)c1ccccn1,,6.52,1,6.52,6.52,IC50,B,single protein format,single_protein,9,D,2022,
CHEMBL5755731,CHEMBL5755731,COc1cc(F)cc2c1nc(N)n1nc(C3CC(C)CN(c4cn(C(C)(C)CO)nc4C)C3)nc21,,8.285,2,7.52,9.05,IC50,B,cell-based format,cell_based,9,D,2022,
CHEMBL575604,CHEMBL575604,Cn1cc2c(nc(NC(=O)Cc3ccc(C(F)(F)F)cc3)n3nc(-c4ccco4)nc23)n1,,7.12,1,7.12,7.12,Ki,B,cell-based format,cell_based,9,D,2009,
CHEMBL575605,CHEMBL575605,O=C(Cc1ccc2ccccc2c1)Nc1nc2nn(CCCc3ccccc3)cc2c2nc(-c3ccco3)nn12,,7.13,1,7.13,7.13,Ki,B,cell-based format,cell_based,9,D,2009,
CHEMBL5756168,CHEMBL5756168,COCCn1c(=O)n(C(C)C)c(=O)c2c(C)c(CN3CCNC3=O)sc21,,6.57,1,6.57,6.57,Ki,B,assay format,other,9,D,2019,
CHEMBL5756422,CHEMBL5756422,COc1cccc2c(C(=O)N[C@@H](CO)c3ccccc3)nc(N)nc12,,8.59,1,8.59,8.59,Ki,B,assay format,other,9,D,2018,
CHEMBL5756623,CHEMBL5756623,Cn1cc(-c2c(-c3ccc(F)cc3)nc(N)n3nc(Cc4c(F)cccc4F)nc23)ccc1=O,,8.95,2,8.68,9.22,IC50,B,assay format,other,9,D,2020,
CHEMBL5756626,CHEMBL5756626,C[C@H](Nc1nc(C(=O)N2CC[C@H](NC(=O)OC(C)(C)C)C2)c2sccc2n1)c1cccnc1,,7.12,1,7.12,7.12,IC50,B,single protein format,single_protein,9,D,2022,
CHEMBL5757287,CHEMBL5757287,Nc1nc2c3c(ccc2c2nc([C@H]4CC[C@H](N5CCCC(F)(F)C5)C4)nn12)OC(F)(F)O3,,7.8,1,7.8,7.8,Ki,B,assay format,other,9,D,2021,
CHEMBL5757472,CHEMBL5757472,C[C@H](Nc1nc(C(=O)N2CC(CC(=O)NC(C)(C)C)C2)c2sccc2n1)c1cncc(F)c1,,7.52,1,7.52,7.52,IC50,B,single protein format,single_protein,9,D,2022,
CHEMBL5757899,CHEMBL5757899,Nc1nnc(-c2ccnc(Cl)c2)c(-c2ccccc2)n1,,7.74,1,7.74,7.74,Ki,B,assay format,other,9,D,2021,
CHEMBL575825,CHEMBL575825,Cn1cc2c(nc(NC(=O)Cc3cccc4ccccc34)n3nc(-c4ccco4)nc23)n1,,7.09,1,7.09,7.09,Ki,B,cell-based format,cell_based,9,D,2009,
CHEMBL575855,CHEMBL575855,O=C(Nc1nc2nn(CCCc3ccccc3)cc2c2nc(-c3ccco3)nn12)C(c1ccccc1)c1ccccc1,,6.49,1,6.49,6.49,Ki,B,cell-based format,cell_based,9,D,2009,
CHEMBL5758579,CHEMBL5758579,Nc1nc2c3c(ccc2c2nc(CN4CCC(F)(F)CC4)nn12)OC(F)(F)O3,,8.77,1,8.77,8.77,Ki,B,assay format,other,9,D,2021,
CHEMBL5759226,CHEMBL5759226,COc1cc2nc(F)n3nc([C@H]4CN(c5cn(CC(C)(C)O)nc5C)CCS4(=O)=O)nc3c2cc1F,,6.01,1,6.01,6.01,IC50,B,assay format,other,9,D,2022,
CHEMBL5759493,CHEMBL5759493,Cc1cc(-c2c(-c3ccccc3)nc(N)n3cnnc23)cc2cccnc12,,10.05,2,10.05,10.05,IC50,B,assay format,other,9,D,2022,
CHEMBL5759573,CHEMBL5759573,COc1cc2nc(N)n3nc(C4CCC(C)N(c5cnn(C(C)(CO)CO)c5)C4)nc3c2cc1F,,8.275,2,7.4,9.15,IC50,B,cell-based format,cell_based,9,D,2022,
CHEMBL5759668,CHEMBL5759668,CNc1cc2nc(N[C@@H](C)c3ccccn3)nc(C(=O)N3CCC3)c2s1,,6.52,1,6.52,6.52,IC50,B,single protein format,single_protein,9,D,2022,
CHEMBL5760152,CHEMBL5760152,Cc1cc2nc(N[C@@H](C)c3cccnc3)nc(C(=O)NC[C@@H](C)O)c2s1,,6.52,1,6.52,6.52,IC50,B,single protein format,single_protein,9,D,2022,
CHEMBL576017,CHEMBL576017,O=C(Cc1cccc(Cl)c1)Nc1nc2nn(CCCc3ccccc3)cc2c2nc(-c3ccco3)nn12,,6.74,1,6.74,6.74,Ki,B,cell-based format,cell_based,9,D,2009,
CHEMBL576018,CHEMBL576018,CCCn1cc2c(nc(NC(=O)Cc3cccc4ccccc34)n3nc(-c4ccco4)nc23)n1,,7.41,1,7.41,7.41,Ki,B,cell-based format,cell_based,9,D,2009,
CHEMBL5760191,CHEMBL5760191,COC[C@@H](Nc1nc(C(=O)NC[C@@H](C)O)c2sccc2n1)c1cccnc1,,6.52,1,6.52,6.52,IC50,B,single protein format,single_protein,9,D,2022,
CHEMBL5760433,CHEMBL5760433,C[C@H](Nc1nc(C(=O)NCCc2ccc(O)cc2)c2sccc2n1)c1cncc(F)c1,,6.52,1,6.52,6.52,IC50,B,single protein format,single_protein,9,D,2022,
CHEMBL5760505,CHEMBL5760505,Cc1cc(-c2c(-c3ccc(F)cc3)nc(N)n3nc(Cc4ncccc4F)nc23)cc(C)n1,,8.16,1,8.16,8.16,IC50,B,assay format,other,9,D,2020,
CHEMBL5760591,CHEMBL5760591,Cc1ccc(-c2nc(N)nc3c2n(C)c(=O)n3Cc2ccccc2OC(F)(F)F)o1,,7.55,1,7.55,7.55,IC50,B,assay format,other,9,D,2021,
CHEMBL5760899,CHEMBL5760899,COc1cc(F)cc2c1nc(N)n1nc(C3CC(C)CN(c4cnn(C(C)(C)CO)c4)C3)nc21,,8.4,2,7.7,9.1,IC50,B,cell-based format,cell_based,9,D,2022,
CHEMBL5761085,CHEMBL5761085,C[C@H](Nc1nc(C(=O)N2CC(NC(=O)C3COC3)C2)c2sccc2n1)c1cncc(F)c1,,7.12,1,7.12,7.12,IC50,B,single protein format,single_protein,9,D,2022,
CHEMBL576153,CHEMBL576153,O=C(COc1ccc(Cl)cc1)Nc1nc2nn(CCCc3ccccc3)cc2c2nc(-c3ccco3)nn12,,7.57,1,7.57,7.57,Ki,B,cell-based format,cell_based,9,D,2009,
CHEMBL576156,CHEMBL576156,COc1ccc(CC(=O)Nc2nc3nn(CCC(C)C)cc3c3nc(-c4ccco4)nn23)cc1,,8.71,1,8.71,8.71,Ki,B,cell-based format,cell_based,9,D,2009,
CHEMBL5761576,CHEMBL5761576,Nc1nc(C(=O)NCc2cccc(-c3cnco3)n2)c2cccc(F)c2n1,,8.35,1,8.35,8.35,Ki,B,assay format,other,9,D,2018,
CHEMBL5761615,CHEMBL5761615,Cc1cc2nc(N[C@@H](C)c3cncc(F)c3)nc(C(=O)N3CC[C@@H](O)C3)c2s1,,6.52,1,6.52,6.52,IC50,B,single protein format,single_protein,9,D,2022,
CHEMBL5761672,CHEMBL5761672,C[C@H](Nc1nc(C(=O)N2CC[C@H](NC(=O)OC(C)(C)C)C2)c2sccc2n1)c1ccccn1,,7.12,1,7.12,7.12,IC50,B,single protein format,single_protein,9,D,2022,
CHEMBL576185,CHEMBL576185,CC(C)CCn1cc2c(nc(NC(=O)Cc3cccc(Cl)c3)n3nc(-c4ccco4)nc23)n1,,8.73,1,8.73,8.73,Ki,B,cell-based format,cell_based,9,D,2009,
CHEMBL5762158,CHEMBL5762158,CC(c1nc2c3ccc4c(c3nc(N)n2n1)OC(F)(F)O4)N1CC(F)(F)C1,,7.07,2,6.89,7.25,Ki,B,assay format,other,9,D,2021,
CHEMBL5762874,CHEMBL5762874,COc1cc2nc(N)n3nc(C4CCC(C)N(c5cnn(CC(C)(C)N)c5)C4)nc3c2cc1F,,8.120000000000001,2,7.58,8.66,IC50,B,cell-based format,cell_based,9,D,2022,
CHEMBL5763195,CHEMBL5763195,Nc1nc2c3c(ccc2c2nc(CC4CCN(CCC(F)(F)F)C4)nn12)OC(F)(F)O3,,7.92,2,7.7,8.14,Ki,B,assay format,other,9,D,2021,
CHEMBL5763240,CHEMBL5763240,COc1cc2nc(N)n3nc(C4CCC(C)N(c5cnn(CC(C)(C)O)c5C)C4)nc3c2cc1F,,8.33,2,7.74,8.92,IC50,B,assay format,other,9,D,2022,
CHEMBL5763346,CHEMBL5763346,C[C@H](Nc1nc(C(=O)NCC(C)(C)O)c2sccc2n1)c1cncc(F)c1,,6.52,1,6.52,6.52,IC50,B,single protein format,single_protein,9,D,2022,
CHEMBL5763363,CHEMBL5763363,Cc1cc2nc(N[C@@H](C)c3ccccn3)nc(C(=O)NC3CCC3)c2s1,,7.52,1,7.52,7.52,IC50,B,single protein format,single_protein,9,D,2022,
CHEMBL5763489,CHEMBL5763489,COc1cc2nc(N)n3nc([C@@H]4CCCN(c5ccc(OC(C)C)nc5)C4)nc3c2cc1F,,8.7,1,8.7,8.7,IC50,B,assay format,other,9,D,2022,
CHEMBL576351,CHEMBL576351,CC(C)CCn1cc2c(nc(NC(=O)Cc3ccc(-c4ccccc4)cc3)n3nc(-c4ccco4)nc23)n1,,8.04,1,8.04,8.04,Ki,B,cell-based format,cell_based,9,D,2009,
CHEMBL5763609,CHEMBL5763609,COc1cc2nc(N)n3nc([C@@H]4CCCN(c5cnn(C6CC[C@@]6(C)O)c5)C4)nc3c2cc1F,,8.36,1,8.36,8.36,IC50,B,assay format,other,9,D,2022,
CHEMBL576369,CHEMBL576369,Cn1cc2c(nc(NC(=O)Cc3ccsc3)n3nc(-c4ccco4)nc23)n1,,7.5,1,7.5,7.5,Ki,B,cell-based format,cell_based,9,D,2009,
CHEMBL5763691,CHEMBL5763691,C[C@H](Nc1nc(C(=O)N2CC(NC(=O)C3(C)CC3)C2)c2sccc2n1)c1cncc(Cl)c1,,7.52,1,7.52,7.52,IC50,B,single protein format,single_protein,9,D,2022,
CHEMBL5764196,CHEMBL5764196,Cc1csc2c(C(=O)N3CC(NC(=O)c4cccc(Cl)c4)C3)nc(N[C@@H](C)c3cncc(F)c3)nc12,,7.52,1,7.52,7.52,IC50,B,single protein format,single_protein,9,D,2022,
CHEMBL5764300,CHEMBL5764300,COc1cccc2c1nc(N)n1nc([C@H]3CCCN(CCC(F)(F)F)C3)nc21,,7.85,1,7.85,7.85,Ki,B,assay format,other,9,D,2020,
CHEMBL576447,CHEMBL576447,CCn1cnc2c(N)nc(NCCc3ccccc3)nc21,,6.82,1,6.82,6.82,Ki,B,single protein format,single_protein,9,D,2015,
CHEMBL5764637,CHEMBL5764637,CCC1(F)CN(Cc2nc3c4ccc5c(c4nc(N)n3n2)OC(F)(F)O5)C1,,8.7,1,8.7,8.7,Ki,B,assay format,other,9,D,2021,
CHEMBL5765008,CHEMBL5765008,COc1cccc2c1nc(N)n1nc([C@@H]3CCCN(C[C@H](C4CC4)C(F)(F)F)C3)nc21,,9.4,1,9.4,9.4,Ki,B,assay format,other,9,D,2020,
CHEMBL5765026,CHEMBL5765026,C[C@H](NC(=O)c1nc(-c2ccc3ncccc3c2)c(-c2ccccc2)nc1N)c1ncccn1,,8.809999999999999,2,8.7,8.92,IC50,B,assay format,other,9,D,2022,
CHEMBL5765291,CHEMBL5765291,COc1cc2nc(N)n3nc([C@H]4CCCN(c5cnn(C(C)(C)C(C)O)c5)C4)nc3c2cc1F,,8.59,1,8.59,8.59,IC50,B,cell-based format,cell_based,9,D,2022,
CHEMBL576538,CHEMBL576538,COc1ccc(CC(=O)Nc2nc3nn(C)cc3c3nc(-c4ccco4)nn23)cc1,,7.2,1,7.2,7.2,Ki,B,cell-based format,cell_based,9,D,2009,
CHEMBL5765395,CHEMBL5765395,Cc1cnc2ccc(-c3c(N(C)C)nc(N)n4nc(Cc5ncccc5F)nc34)cn12,,8.92,1,8.92,8.92,IC50,B,assay format,other,9,D,2020,
CHEMBL5765568,CHEMBL5765568,Nc1nc(C(=O)NCc2cccc(Cc3ccccc3F)n2)c2cccc(F)c2n1,,8.89,1,8.89,8.89,Ki,B,assay format,other,9,D,2018,
CHEMBL576567,CHEMBL576567,CC(C)CCn1cc2c(nc(NC(=O)Cc3ccc4ccccc4c3)n3nc(-c4ccco4)nc23)n1,,7.8,1,7.8,7.8,Ki,B,cell-based format,cell_based,9,D,2009,
CHEMBL576583,CHEMBL576583,COc1ccc(CC(=O)Nc2nc3nn(CCCc4ccccc4)cc3c3nc(-c4ccco4)nn23)cc1,,8.05,1,8.05,8.05,Ki,B,cell-based format,cell_based,9,D,2009,
CHEMBL5766365,CHEMBL5766365,COc1cc(F)cc2c1nc(N)n1nc([C@@H]3CC[C@@H](C)N(c4cn(CC(C)(C)O)nc4C)C3)nc21,,8.54,1,8.54,8.54,IC50,B,assay format,other,9,D,2022,
CHEMBL5766675,CHEMBL5766675,Cc1nn(CC(C)(C)O)cc1N1CCC[C@@H](c2nc3c4cc(F)c(OC(F)F)cc4nc(N)n3n2)C1,,8.92,1,8.92,8.92,IC50,B,cell-based format,cell_based,9,D,2022,
CHEMBL5766823,CHEMBL5766823,Nc1nc(-n2ccnn2)c(-c2ccc3nccn3c2)c2nc(Cc3ncccc3F)nn12,,6.99,1,6.99,6.99,IC50,B,assay format,other,9,D,2020,
CHEMBL5767016,CHEMBL5767016,Cc1cc(-c2c(-c3ncco3)nc(N)n3nc(Cc4c(F)cccc4F)nc23)cc(C#N)n1,,7.75,1,7.75,7.75,IC50,B,assay format,other,9,D,2020,
CHEMBL5767064,CHEMBL5767064,CC1CCC(c2nc3c4cc(F)cc(F)c4nc(N)n3n2)CN1c1cnn(CC(C)(O)CO)c1,,7.630000000000001,4,6.27,8.64,IC50,B,cell-based format,cell_based,9,D,2022,
CHEMBL5767204,CHEMBL5767204,C[C@H](NC(=O)c1nc(-c2ccc3[nH]ncc3c2)c(-c2ccn(C)n2)nc1N)c1cccc(C#N)n1,,7.92,1,7.92,7.92,IC50,B,assay format,other,9,D,2022,
CHEMBL5767603,CHEMBL5767603,COC(=O)c1ccccc1CNC(=O)c1nc(N)nc2c(F)cccc12,,8.6,1,8.6,8.6,Ki,B,assay format,other,9,D,2018,
CHEMBL5767757,CHEMBL5767757,Cc1cc2nc(N[C@@H](C)c3cncc(F)c3)nc(C(=O)N3CC(NC(=O)OC(C)(C)C)C3)c2s1,,7.52,1,7.52,7.52,IC50,B,single protein format,single_protein,9,D,2022,
CHEMBL5768228,CHEMBL5768228,COc1cccc(CNC(=O)c2nc(N[C@@H](C)c3cncc(F)c3)nc3cc(C)sc23)n1,,6.52,1,6.52,6.52,IC50,B,single protein format,single_protein,9,D,2022,
CHEMBL5768822,CHEMBL5768822,COc1cc2nc(N)n3nc(C4CC(C)CN(c5cn(CC(C)(C)O)nc5C)C4)nc3c2cc1F,,8.280000000000001,2,7.41,9.15,IC50,B,cell-based format,cell_based,9,D,2022,
CHEMBL5769004,CHEMBL5769004,Cn1cc(-c2nc(C(=O)NC(CO)c3c(F)cccc3F)c(N)nc2-c2ncco2)ccc1=O,,8.03,1,8.03,8.03,IC50,B,assay format,other,9,D,2021,
CHEMBL5769029,CHEMBL5769029,C[C@H](Nc1nc(C(=O)N2CCC2)c2sc(N)cc2n1)c1cncc(F)c1,,7.12,1,7.12,7.12,IC50,B,single protein format,single_protein,9,D,2022,
CHEMBL5769043,CHEMBL5769043,C[C@H](Nc1nc(C(=O)N2CC(NC(=O)OC3CCCC3)C2)c2sccc2n1)c1cncc(F)c1,,7.52,1,7.52,7.52,IC50,B,single protein format,single_protein,9,D,2022,
CHEMBL5769217,CHEMBL5769217,C[C@H]1CC[C@@H](c2nc3c4cc(F)cc(F)c4nc(N)n3n2)CN1c1cnn(C(C)(CO)CO)c1,,7.57,1,7.57,7.57,IC50,B,cell-based format,cell_based,9,D,2022,
CHEMBL5769412,CHEMBL5769412,Nc1nc(-c2ccco2)c2c(n1)C(Cc1ccc(C(F)(F)F)cc1)OC2=O,,6.56,1,6.56,6.56,IC50,B,assay format,other,9,D,2021,
CHEMBL576955,CHEMBL576955,CCOC(=O)c1ccc(CCn2ncc3c2nc(N)n2nc(-c4ccco4)nc32)cc1,,8.4,1,8.4,8.4,Ki,B,cell-based format,cell_based,9,D,2009,
CHEMBL5769657,CHEMBL5769657,COc1cccc2c(C(=O)NCc3cccc4ccncc34)nc(N)nc12,,9.52,1,9.52,9.52,Ki,B,assay format,other,9,D,2018,
CHEMBL5769678,CHEMBL5769678,CCNC(=O)c1cn2c(N)nc(-c3cccc(C#N)c3)c(C3CC3)c2n1,,7.26,1,7.26,7.26,Ki,B,assay format,other,9,D,2023,
CHEMBL5769983,CHEMBL5769983,COC[C@@H]1CCN(C(=O)c2nc(N[C@@H](C)c3ccccn3)nc3ccsc23)C1,,6.52,1,6.52,6.52,IC50,B,single protein format,single_protein,9,D,2022,
CHEMBL5770293,CHEMBL5770293,COC1CN(C(=O)c2nc(N[C@@H](C)c3cncc(Cl)c3)nc3ccsc23)C1,,6.52,1,6.52,6.52,IC50,B,single protein format,single_protein,9,D,2022,
CHEMBL5770370,CHEMBL5770370,COc1ccc(CCCNC(=O)c2nc(N[C@@H](C)c3cncc(F)c3)nc3ccsc23)cc1,,6.52,1,6.52,6.52,IC50,B,single protein format,single_protein,9,D,2022,
CHEMBL5770572,CHEMBL5770572,CN1C(=O)c2c(nc(N)nc2-c2ccco2)C1=Cc1ccccc1F,,8.21,1,8.21,8.21,IC50,B,assay format,other,9,D,2021,
CHEMBL5770581,CHEMBL5770581,Cc1cc(-c2c(-c3ncco3)nc(N)n3nc(Cc4c(F)cccc4F)nc23)cc(C2CC2)n1,,7.22,1,7.22,7.22,IC50,B,assay format,other,9,D,2020,
CHEMBL577135,CHEMBL577135,CCCn1cc2c(nc(NC(=O)Cc3ccc4ccccc4c3)n3nc(-c4ccco4)nc23)n1,,8.1,1,8.1,8.1,Ki,B,cell-based format,cell_based,9,D,2009,
CHEMBL577162,CHEMBL577162,Cn1cc2c(nc(NC(=O)COc3ccc(Cl)cc3)n3nc(-c4ccco4)nc23)n1,,7.41,1,7.41,7.41,Ki,B,cell-based format,cell_based,9,D,2009,
CHEMBL5771777,CHEMBL5771777,C[C@H](Nc1nc(C(=O)N[C@@H]2CC[C@@H](O)C2)c2sccc2n1)c1cncc(F)c1,,6.52,1,6.52,6.52,IC50,B,single protein format,single_protein,9,D,2022,
CHEMBL577183,CHEMBL577183,C=Cn1cc2c(nc(NC(=O)Nc3ccc(OC)cc3)n3nc(-c4ccco4)nc23)n1,,6.75,1,6.75,6.75,Ki,B,cell-based format,cell_based,9,D,2009,
CHEMBL5772087,CHEMBL5772087,Cc1cnc2ccc(-c3c(N4CC5(COC5)C4)nc(N)n4nc(Cc5ncccc5F)nc34)cn12,,6.64,1,6.64,6.64,IC50,B,assay format,other,9,D,2020,
CHEMBL5772122,CHEMBL5772122,C[C@H](Nc1nc(C(=O)N2CCC(C(=O)NC(C)(C)C)C2)c2sccc2n1)c1cncc(F)c1,,6.52,1,6.52,6.52,IC50,B,single protein format,single_protein,9,D,2022,
CHEMBL5772325,CHEMBL5772325,CNCCOc1cccnc1CNC(=O)c1nc(-c2ccc3ncn(C)c3c2)c(-c2ccc(F)cc2)nc1N,,8.16,1,8.16,8.16,IC50,B,assay format,other,9,D,2021,
CHEMBL5772344,CHEMBL5772344,Nc1nc(-c2ccccc2)c(-c2ccc3[nH]ncc3c2)c2nncn12,,9.59,2,9.59,9.59,IC50,B,assay format,other,9,D,2022,
CHEMBL5772554,CHEMBL5772554,Nc1nc2c3c(ccc2c2nc(CCN4CCN(c5cccc(F)c5)C(=O)C4)nn12)OC(F)(F)O3,,8.96,1,8.96,8.96,Ki,B,assay format,other,9,D,2021,
CHEMBL5772644,CHEMBL5772644,Cc1cnc2ccc(-c3nc(C(=O)NC[C@H]4CCCN4C)c(N)nc3-c3ccc(F)cc3)cn12,,8.66,1,8.66,8.66,IC50,B,assay format,other,9,D,2021,
CHEMBL5772774,CHEMBL5772774,COC1CN(C(=O)c2nc(N[C@@H](C)c3ccccn3)nc3ccsc23)C1,,6.52,1,6.52,6.52,IC50,B,single protein format,single_protein,9,D,2022,
CHEMBL5772810,CHEMBL5772810,Cc1ncc(CN(CCc2nc3c4ccc5c(c4nc(N)n3n2)OC(F)(F)O5)CC2CC2)s1,,8.82,1,8.82,8.82,Ki,B,assay format,other,9,D,2021,
CHEMBL5773023,CHEMBL5773023,COc1cccc2c1nc(N)n1nc([C@@H]3CCCN(C(=O)c4cccs4)C3)nc21,,8.57,1,8.57,8.57,Ki,B,assay format,other,9,D,2020,
CHEMBL5773184,CHEMBL5773184,CCO[C@@H]1CCN(C(=O)c2nc(N[C@@H](C)c3ccccn3)nc3ccsc23)C1,,7.12,1,7.12,7.12,IC50,B,single protein format,single_protein,9,D,2022,
CHEMBL577357,CHEMBL577357,Nc1nc2nn(CCc3c(Br)cc(Br)cc3Br)cc2c2nc(-c3ccco3)nn12,,6.46,1,6.46,6.46,Ki,B,cell-based format,cell_based,9,D,2009,
CHEMBL5773748,CHEMBL5773748,CC1(C)CN(CCc2nc3c4ccc5c(c4nc(N)n3n2)OC(F)(F)O5)C1,,7.54,1,7.54,7.54,Ki,B,assay format,other,9,D,2021,
CHEMBL577401,CHEMBL577401,Nc1nc2c(cnn2CCCc2ccc3c(c2S(=O)(=O)O)OCO3)c2nc(-c3ccco3)nn12,,7.12,1,7.12,7.12,Ki,B,cell-based format,cell_based,9,D,2009,
CHEMBL5774547,CHEMBL5774547,Nc1nc(C(=O)NCc2cccc(Cc3ccc(F)c(F)c3)n2)c2cccc(F)c2n1,,8.92,1,8.92,8.92,Ki,B,assay format,other,9,D,2018,
CHEMBL5774791,CHEMBL5774791,Cn1cc(-c2c(-c3ccc(Cl)cc3)nc(N)n3nc(Cc4ncccc4F)nc23)ccc1=O,,7.66,1,7.66,7.66,IC50,B,assay format,other,9,D,2020,
CHEMBL5774836,CHEMBL5774836,COc1cc2nc(N)n3nc([C@@H]4CC[C@H](C)N(c5cnn(C6CCC(C)(O)CC6)c5)C4)nc3c2cc1F,,9.22,1,9.22,9.22,IC50,B,assay format,other,9,D,2022,
CHEMBL5775158,CHEMBL5775158,C[C@H](Nc1nc(C(=O)NCCc2ccc(O)cc2)c2sccc2n1)c1ccnc(F)c1,,6.52,1,6.52,6.52,IC50,B,single protein format,single_protein,9,D,2022,
CHEMBL5775346,CHEMBL5775346,COc1cc2nc(N)n3nc([C@@H]4C[C@H](C)CN(C5=NC(CC(C)(C)O)N=C5)C4)nc3c2cc1F,,7.35,1,7.35,7.35,IC50,B,assay format,other,9,D,2022,
CHEMBL5775450,CHEMBL5775450,Cc1c(C#N)cccc1-c1nc2[nH]ccc(=O)c2cc1-c1ccc2ncccc2c1,,6.75,1,6.75,6.75,IC50,B,assay format,other,9,D,2022,
CHEMBL5775471,CHEMBL5775471,C[C@H](Nc1nc(C(=O)N2CC[C@H](O)C2)c2sccc2n1)c1cccc(F)c1,,6.52,1,6.52,6.52,IC50,B,single protein format,single_protein,9,D,2022,
CHEMBL5775710,CHEMBL5775710,Nc1nc2c3c(ccc2c2nc(CN4Cc5ccc(C(F)(F)F)cc5C4)nn12)OC(F)(F)O3,,8.31,1,8.31,8.31,Ki,B,assay format,other,9,D,2021,
CHEMBL577588,CHEMBL577588,CC(C)CCn1cc2c(nc(NC(=O)C(c3ccccc3)c3ccccc3)n3nc(-c4ccco4)nc23)n1,,6.8,1,6.8,6.8,Ki,B,cell-based format,cell_based,9,D,2009,
CHEMBL5777515,CHEMBL5777515,Nc1nc2c(O)cccc2c2nc([C@@H]3CCC[C@H](CCC(F)(F)F)C3)nn12,,7.77,1,7.77,7.77,Ki,B,assay format,other,9,D,2020,
CHEMBL5778247,CHEMBL5778247,COc1ccc(CNc2nc3c(OC)cc(F)cc3c3nc([C@H]4C[C@@H](F)CN(c5cnn(CC(C)(C)O)c5)C4)nn23)c(OC)c1,,6.74,1,6.74,6.74,IC50,B,assay format,other,9,D,2022,
CHEMBL5778485,CHEMBL5778485,COc1cc2nc(N)n3nc(C4CN(c5cnn(CC(C)(C)O)c5)CCC4C)nc3c2cc1F,,9.22,1,9.22,9.22,IC50,B,assay format,other,9,D,2022,
CHEMBL5778791,CHEMBL5778791,Cc1cnc2ccc(-c3c(-c4ncco4)nc(N)n4nc(C[C@@H]5CCOC5)nc34)cn12,,9.3,1,9.3,9.3,IC50,B,assay format,other,9,D,2020,
CHEMBL5778870,CHEMBL5778870,COc1cc2nc(N)n3nc([C@@H]4CCCN(c5nc(C)n(CC(C)(C)O)n5)C4)nc3c2cc1F,,8.74,1,8.74,8.74,IC50,B,assay format,other,9,D,2022,
CHEMBL5778946,CHEMBL5778946,Nc1nc2c3c(ccc2c2nc([C@H]4CC[C@@H](N5CCCC(F)(F)C5)C4)nn12)OC(F)(F)O3,,7.5,1,7.5,7.5,Ki,B,assay format,other,9,D,2021,
CHEMBL5779352,CHEMBL5779352,C[C@@H]1CN(CCc2nc3c4ccc5c(c4nc(N)n3n2)OC(F)(F)O5)C[C@H](C)O1,,7.35,1,7.35,7.35,Ki,B,assay format,other,9,D,2021,
CHEMBL5779510,CHEMBL5779510,C[C@H](Nc1nc(C(=O)N2CC[C@H](F)C2)c2sccc2n1)c1cccnc1,,7.12,1,7.12,7.12,IC50,B,single protein format,single_protein,9,D,2022,
CHEMBL5779527,CHEMBL5779527,Cc1cc2nc(N[C@@H](C)c3cncc(F)c3)nc(C(=O)N3CC(N(C)C(=O)CC(C)(C)C)C3)c2s1,,7.52,1,7.52,7.52,IC50,B,single protein format,single_protein,9,D,2022,
CHEMBL5779720,CHEMBL5779720,Cc1cc2nc(N[C@@H](C)c3ccccn3)nc(C(=O)NC[C@H](C)O)c2s1,,6.52,1,6.52,6.52,IC50,B,single protein format,single_protein,9,D,2022,
CHEMBL5779820,CHEMBL5779820,COc1cc2nc(N)n3nc(C45CC4CN(c4cnn(CC6(O)CCC6)c4)C5)nc3c2cc1F,,7.32,1,7.32,7.32,IC50,B,assay format,other,9,D,2022,
CHEMBL578005,CHEMBL578005,CC(C)CCn1cc2c(nc(NC(=O)Cc3ccc(F)cc3)n3nc(-c4ccco4)nc23)n1,,8.43,1,8.43,8.43,Ki,B,cell-based format,cell_based,9,D,2009,
CHEMBL578007,CHEMBL578007,O=C(COc1ccc(Cl)cc1)Nc1nc2nn(CCc3ccccc3)cc2c2nc(-c3ccco3)nn12,,7.5,1,7.5,7.5,Ki,B,cell-based format,cell_based,9,D,2009,
CHEMBL578008,CHEMBL578008,CCn1cc2c(nc(NC(=O)Cc3ccc4ccccc4c3)n3nc(-c4ccco4)nc23)n1,,7.74,1,7.74,7.74,Ki,B,cell-based format,cell_based,9,D,2009,
CHEMBL5780250,CHEMBL5780250,Cc1cc2nc(N[C@@H](C)c3cccnc3)nc(C(=O)NC[C@H](C)O)c2s1,,6.52,1,6.52,6.52,IC50,B,single protein format,single_protein,9,D,2022,
CHEMBL5780380,CHEMBL5780380,CCC1(F)CN(CCc2nc3c4ccc5c(c4nc(N)n3n2)OC(F)(F)O5)C1,,8.46,1,8.46,8.46,Ki,B,assay format,other,9,D,2021,
CHEMBL5780438,CHEMBL5780438,COc1cccc(CCNC(=O)c2nc(N[C@@H](C)c3ccccn3)nc3ccsc23)c1,,6.52,1,6.52,6.52,IC50,B,single protein format,single_protein,9,D,2022,
CHEMBL5780762,CHEMBL5780762,CC1CCC(c2nc3c4cc(F)cc(F)c4nc(N)n3n2)CN1c1cnn(CC(C)(CO)CO)c1,,7.914999999999999,2,7.06,8.77,IC50,B,cell-based format,cell_based,9,D,2022,
CHEMBL5781132,CHEMBL5781132,COc1ccccc1CNC(=O)c1nc(-c2cc(C)nc(C)c2)c(-c2ccc(C)o2)nc1N,,8.1,1,8.1,8.1,IC50,B,assay format,other,9,D,2021,
CHEMBL5781725,CHEMBL5781725,Cn1cc(-c2c(-c3ncco3)nc(N)n3nc(Cc4c(F)cccc4F)nc23)ccc1=O,,8.004999999999999,2,7.92,8.09,IC50,B,assay format,other,9,D,2020,
CHEMBL5781731,CHEMBL5781731,Cc1cc(-c2c(-c3ccc(F)cc3)nc(N)n3cnnc23)cc(C(F)(F)F)n1,,9.2,2,9.2,9.2,IC50,B,assay format,other,9,D,2022,
CHEMBL5781801,CHEMBL5781801,C[C@H](Nc1nc(C(=O)NC2CN(C(=O)OC(C)(C)C)C2)c2sccc2n1)c1ccccn1,,7.12,1,7.12,7.12,IC50,B,single protein format,single_protein,9,D,2022,
CHEMBL5781816,CHEMBL5781816,Nc1nc2c3c(ccc2c2nc(CNC4(C(F)(F)F)CCC4)nn12)OC(F)(F)O3,,8.96,1,8.96,8.96,Ki,B,assay format,other,9,D,2021,
CHEMBL5781973,CHEMBL5781973,CC(Cc1nc2c3ccc4c(c3nc(N)n2n1)OC(F)(F)O4)N1CC(F)(F)C1,,8.355,2,8.32,8.39,Ki,B,assay format,other,9,D,2021,
CHEMBL578224,CHEMBL578224,Cn1cc2c(nc(NC(=O)C(c3ccccc3)c3ccccc3)n3nc(-c4ccco4)nc23)n1,,6.67,1,6.67,6.67,Ki,B,cell-based format,cell_based,9,D,2009,
CHEMBL5782277,CHEMBL5782277,Nc1nc2c3c(ccc2c2nc(CCN4CCc5nc(C6CC6)oc5C4)nn12)OC(F)(F)O3,,9.05,1,9.05,9.05,Ki,B,assay format,other,9,D,2021,
CHEMBL5782449,CHEMBL5782449,COCCNC(=O)c1nc(N[C@@H](C)c2ccccn2)nc2ccsc12,,7.12,1,7.12,7.12,IC50,B,single protein format,single_protein,9,D,2022,
CHEMBL5782685,CHEMBL5782685,Cc1ccc(-c2nc(N)nc3c2C(=O)OC3(C)Cc2ccccc2F)o1,,6.0,1,6.0,6.0,IC50,B,assay format,other,9,D,2021,
CHEMBL5783060,CHEMBL5783060,COc1cc2nc(N)n3nc([C@@H]4CCCN(c5cnn(C(C)(C)C)c5)C4)nc3c2cc1F,,8.82,1,8.82,8.82,IC50,B,assay format,other,9,D,2022,
CHEMBL5783328,CHEMBL5783328,Nc1nc(-c2ccco2)c2c(n1)C(Cc1ccc(F)cc1F)OC2=O,,7.97,1,7.97,7.97,IC50,B,assay format,other,9,D,2021,
CHEMBL5783496,CHEMBL5783496,CC(C)OC(=O)NC1CN(C(=O)c2nc(N[C@@H](C)c3cncc(F)c3)nc3ccsc23)C1,,7.52,1,7.52,7.52,IC50,B,single protein format,single_protein,9,D,2022,
CHEMBL5783854,CHEMBL5783854,CC1CC(c2nc3c4cc(F)cc(F)c4nc(N)n3n2)CN(c2cnn(C(C)(C)CO)c2)C1,,7.835,2,7.27,8.4,IC50,B,cell-based format,cell_based,9,D,2022,
CHEMBL5784235,CHEMBL5784235,CO[C@H]1CCN(C(=O)c2nc(N[C@@H](C)c3cccnc3)nc3cc(C)sc23)C1,,6.52,1,6.52,6.52,IC50,B,single protein format,single_protein,9,D,2022,
CHEMBL5784828,CHEMBL5784828,C[C@H](Nc1nc(C(=O)N2CCC2)c2sc(N)cc2n1)c1ccccn1,,6.52,1,6.52,6.52,IC50,B,single protein format,single_protein,9,D,2022,
CHEMBL5785313,CHEMBL5785313,Cc1cc2nc(N[C@@H](C)c3cncc(F)c3)nc(C(=O)N3CC(NC(=O)OC(C)C)C3)c2s1,,7.52,1,7.52,7.52,IC50,B,single protein format,single_protein,9,D,2022,
CHEMBL5785339,CHEMBL5785339,Cc1cc2nc(N[C@@H](C)c3cncc(F)c3)nc(C(=O)N3CC[C@H]3C)c2s1,,7.52,1,7.52,7.52,IC50,B,single protein format,single_protein,9,D,2022,
CHEMBL5785491,CHEMBL5785491,Cc1ccc(-c2nc(N)nc3c2C(=O)N(C)C3Cc2ccncc2)o1,,6.75,1,6.75,6.75,IC50,B,assay format,other,9,D,2021,
CHEMBL5785594,CHEMBL5785594,C[C@H](Cc1nc2c3ccc4c(c3nc(N)n2n1)OC(F)(F)O4)N1CCc2ccncc2C1,,8.41,1,8.41,8.41,Ki,B,assay format,other,9,D,2021,
CHEMBL5785838,CHEMBL5785838,COc1cccc2c(C(=O)NCC3Cc4cccnc4C3)nc(N)nc12,,8.74,1,8.74,8.74,Ki,B,assay format,other,9,D,2018,
CHEMBL5785873,CHEMBL5785873,Cc1cc2nc(N[C@@H](C)c3cncc(F)c3)nc(C(=O)N3CC(NC(=O)C4CC4)C3)c2s1,,7.52,1,7.52,7.52,IC50,B,single protein format,single_protein,9,D,2022,
CHEMBL5786330,CHEMBL5786330,C[C@H](Nc1nc(C(=O)NCc2cncc(C(F)(F)F)c2)c2sccc2n1)c1ccccn1,,6.52,1,6.52,6.52,IC50,B,single protein format,single_protein,9,D,2022,
CHEMBL578649,CHEMBL578649,O=C(Cc1c(Cl)cccc1Cl)Nc1nc2nn(CCCc3ccccc3)cc2c2nc(-c3ccco3)nn12,,6.73,1,6.73,6.73,Ki,B,cell-based format,cell_based,9,D,2009,
CHEMBL5786890,CHEMBL5786890,Nc1nc2c3c(ccc2c2nc(CCN4CC5COCC(C4)C5(F)F)nn12)OC(F)(F)O3,,7.4,1,7.4,7.4,Ki,B,assay format,other,9,D,2021,
CHEMBL5786920,CHEMBL5786920,Nc1nc(-c2ccco2)c2c(n1)C(Cc1ccccc1OC(F)(F)F)OC2=O,,8.41,1,8.41,8.41,IC50,B,assay format,other,9,D,2021,
CHEMBL5786961,CHEMBL5786961,COc1cc2nc(N)n3nc([C@@H]4CC[C@H](C)N(c5cnn(CC(C)(C)O)c5)C4)nc3c2cc1F,,9.15,1,9.15,9.15,IC50,B,assay format,other,9,D,2022,
CHEMBL5787173,CHEMBL5787173,Cn1ccc(-c2nc(N)cnc2-c2ccc3c(=O)[nH]ccc3c2)n1,,7.0,1,7.0,7.0,IC50,B,assay format,other,9,D,2021,
CHEMBL5787523,CHEMBL5787523,C[C@](C(=O)NC1CCC(O)CC1)(c1ccccc1)n1ncc2c1nc(N)n1nc(-c3ccco3)nc21,,8.8,1,8.8,8.8,Ki,B,assay format,other,9,D,2022,
CHEMBL5787558,CHEMBL5787558,COc1cc2nc(N)n3nc([C@@H]4CCCN(c5cnn(C6CCC[C@]6(C)O)c5)C4)nc3c2cc1F,,8.31,1,8.31,8.31,IC50,B,assay format,other,9,D,2022,
CHEMBL5787943,CHEMBL5787943,Cn1cc(-c2c(-c3nccs3)nc(N)n3nc(Cc4c(F)cccc4F)nc23)ccc1=O,,8.37,1,8.37,8.37,IC50,B,assay format,other,9,D,2020,
CHEMBL5788084,CHEMBL5788084,COc1cccc2c(C(=O)N[C@@H]3CCc4ccccc43)nc(N)nc12,,8.28,1,8.28,8.28,Ki,B,assay format,other,9,D,2018,
CHEMBL5788169,CHEMBL5788169,Nc1nc(-c2ccncc2)c(-c2ccncc2)c2nccn12,,7.26,1,7.26,7.26,Ki,B,assay format,other,9,D,2023,
CHEMBL5790420,CHEMBL5790420,COc1cccc2c1nc(N)n1nc([C@@H]3CCCN(C4CC4)C3)nc21,,8.92,1,8.92,8.92,Ki,B,assay format,other,9,D,2020,
CHEMBL5790434,CHEMBL5790434,CC(NC(=O)c1nc(-c2ccc(=O)n(C)n2)c(-c2ncco2)nc1N)c1c(F)cccc1F,,8.28,1,8.28,8.28,IC50,B,assay format,other,9,D,2023,
CHEMBL5790837,CHEMBL5790837,CO[C@H]1CCN(C(=O)c2nc(N[C@@H](C)c3ccccn3)nc3cc(C)sc23)C1,,7.12,1,7.12,7.12,IC50,B,single protein format,single_protein,9,D,2022,
CHEMBL5790846,CHEMBL5790846,Nc1nc(-c2ccco2)c2c(n1)[C@H](Cc1ccccc1)OC2,,6.56,1,6.56,6.56,IC50,B,assay format,other,9,D,2021,
CHEMBL5791042,CHEMBL5791042,C[C@H](Nc1nc(C(=O)N2CC(CNC(=O)N(C)C)C2)c2sccc2n1)c1cncc(F)c1,,7.12,1,7.12,7.12,IC50,B,single protein format,single_protein,9,D,2022,
CHEMBL5791055,CHEMBL5791055,COc1cccc2c(C(=O)NCc3cccc(Cc4ccccc4)n3)nc(N)nc12,,8.6,1,8.6,8.6,Ki,B,assay format,other,9,D,2018,
CHEMBL5791142,CHEMBL5791142,Nc1nc(C(=O)NCc2cccc(C(F)F)n2)c2cccc(F)c2n1,,8.44,1,8.44,8.44,Ki,B,assay format,other,9,D,2018,
CHEMBL5791172,CHEMBL5791172,C[C@H](NC(=O)c1nc(N[C@@H](C)c2ccccc2)nc2ccsc12)c1ccccc1,,6.52,1,6.52,6.52,IC50,B,single protein format,single_protein,9,D,2022,
CHEMBL5791874,CHEMBL5791874,Nc1nc(-c2ccco2)c2c(n1)[C@@H](Cc1ccccc1)OC2,,6.8,1,6.8,6.8,IC50,B,assay format,other,9,D,2021,
CHEMBL5792030,CHEMBL5792030,C[C@H](Nc1nc(C(=O)NC(CO)c2cccnc2)c2sccc2n1)c1ccccn1,,6.52,1,6.52,6.52,IC50,B,single protein format,single_protein,9,D,2022,
CHEMBL5792732,CHEMBL5792732,CC(C)C(=O)NC1CN(C(=O)c2nc(N[C@@H](C)c3cncc(F)c3)nc3ccsc23)C1,,7.52,1,7.52,7.52,IC50,B,single protein format,single_protein,9,D,2022,
CHEMBL5793140,CHEMBL5793140,CC1(O)CCC(NC(=O)[C@@](C)(c2ccccc2)n2ncc3c2nc(N)n2nc(-c4ccco4)nc32)CC1,,8.8,1,8.8,8.8,Ki,B,assay format,other,9,D,2022,
CHEMBL5793226,CHEMBL5793226,Cc1cc(C)cc(C(=O)NC2CN(C(=O)c3nc(N[C@@H](C)c4cncc(F)c4)nc4ccsc34)C2)c1,,7.52,1,7.52,7.52,IC50,B,single protein format,single_protein,9,D,2022,
CHEMBL5793406,CHEMBL5793406,CNc1cc2nc(N[C@@H](C)c3cccnc3)nc(C(=O)N3CCC3)c2s1,,6.52,1,6.52,6.52,IC50,B,single protein format,single_protein,9,D,2022,
CHEMBL5795044,CHEMBL5795044,Nc1nc(-c2ncco2)c(-c2ccnc(OC(F)F)c2)c2nc(Cc3c(F)cccc3F)nn12,,8.04,2,7.82,8.26,IC50,B,assay format,other,9,D,2020,
CHEMBL5795281,CHEMBL5795281,CCCCCn1c2c(C#N)c[nH]c2c(=O)n2c(C)nnc12,,6.26,1,6.26,6.26,Ki,B,assay format,other,9,D,2022,
CHEMBL5795646,CHEMBL5795646,C[C@H](Nc1nc(C(=O)NC2CCCC2)c2sccc2n1)c1ccccn1,,7.52,1,7.52,7.52,IC50,B,single protein format,single_protein,9,D,2022,
CHEMBL5796037,CHEMBL5796037,Nc1nc(-n2nccn2)c(-c2ccc3nccn3c2)nc1C(=O)NCc1ncccc1F,,8.21,1,8.21,8.21,IC50,B,assay format,other,9,D,2021,
CHEMBL5796194,CHEMBL5796194,COc1cccc2c(C(=O)NCc3cccc(-c4cccc(O)c4)n3)nc(N)nc12,,8.48,1,8.48,8.48,Ki,B,assay format,other,9,D,2018,
CHEMBL5796773,CHEMBL5796773,CC1CCN1C(=O)c1nc(N[C@@H](C)c2ccccn2)nc2ccsc12,,7.52,1,7.52,7.52,IC50,B,single protein format,single_protein,9,D,2022,
CHEMBL5797615,CHEMBL5797615,Cc1cc2nc(N[C@@H](C)c3ccccn3)nc(C(=O)NCc3ccccn3)c2s1,,7.52,1,7.52,7.52,IC50,B,single protein format,single_protein,9,D,2022,
CHEMBL5797749,CHEMBL5797749,C[C@H](Nc1nc(C(=O)N2CC3(COC3)C2)c2sccc2n1)c1cccnc1,,6.52,1,6.52,6.52,IC50,B,single protein format,single_protein,9,D,2022,
CHEMBL5798008,CHEMBL5798008,Cc1cnc2ccc(-c3c(N4CCO[C@H](C)C4)nc(N)n4nc(Cc5ncccc5F)nc34)cn12,,7.04,1,7.04,7.04,IC50,B,assay format,other,9,D,2020,
CHEMBL5798334,CHEMBL5798334,COc1cc(F)cc2c1nc(N)n1nc([C@@H]3CCCN(c4ncn(CC(C)(C)O)n4)C3)nc21,,8.8,1,8.8,8.8,IC50,B,assay format,other,9,D,2022,
CHEMBL5798388,CHEMBL5798388,Nc1nc2c3c(ccc2c2nc(Cn4cccn4)nn12)OC(F)(F)O3,,8.6,1,8.6,8.6,Ki,B,assay format,other,9,D,2021,
CHEMBL5800042,CHEMBL5800042,C[C@H](Nc1nc(C(=O)NCc2cncc(C#N)c2)c2sccc2n1)c1ccccn1,,6.52,1,6.52,6.52,IC50,B,single protein format,single_protein,9,D,2022,
CHEMBL5800386,CHEMBL5800386,Nc1nc(-c2ccc(F)cc2)c(-c2ccc(=O)n(CCO)c2)c2nc(Cc3c(F)cccc3F)nn12,,9.7,1,9.7,9.7,IC50,B,assay format,other,9,D,2020,
CHEMBL5800543,CHEMBL5800543,CC(=O)NC1CN(C(=O)c2nc(N[C@@H](C)c3cncc(F)c3)nc3ccsc23)C1,,6.52,1,6.52,6.52,IC50,B,single protein format,single_protein,9,D,2022,
CHEMBL5800628,CHEMBL5800628,Cn1cc(-c2c(-c3ccc(F)cc3)nc(N)n3nc(Cc4cscn4)nc23)ccc1=O,,7.54,1,7.54,7.54,IC50,B,assay format,other,9,D,2020,
CHEMBL5800748,CHEMBL5800748,Cc1cnc2ccc(-c3nc(C(=O)NC4CCC4)c(N)nc3-c3ncco3)cn12,,8.04,1,8.04,8.04,IC50,B,assay format,other,9,D,2021,
CHEMBL5800964,CHEMBL5800964,CC(CNC(=O)c1nc(N[C@@H](C)c2ccccn2)nc2ccsc12)Oc1cccnc1,,6.52,1,6.52,6.52,IC50,B,single protein format,single_protein,9,D,2022,
CHEMBL5801083,CHEMBL5801083,Nc1nc2c(O)cccc2c2nc([C@H]3CCC[C@H](CCC(F)(F)F)C3)nn12,,8.77,1,8.77,8.77,Ki,B,assay format,other,9,D,2020,
CHEMBL5801469,CHEMBL5801469,Cc1nn(C(C)C(C)O)cc1N1CC(C)CC(c2nc3c4cc(F)cc(F)c4nc(N)n3n2)C1,,8.105,4,6.48,9.4,IC50,B,cell-based format,cell_based,9,D,2022,
CHEMBL5801560,CHEMBL5801560,COc1cc2nc(N)n3nc(C4CCC(C)N(c5cnn(C6CCOCC6)c5C)C4)nc3c2cc1F,,8.74,1,8.74,8.74,IC50,B,assay format,other,9,D,2022,
CHEMBL5801929,CHEMBL5801929,Cc1nn(CC(C)(C)O)cc1N1CC(C)CC(c2nc3c4cc(F)cc(F)c4nc(N)n3n2)C1,,8.42,2,7.62,9.22,IC50,B,cell-based format,cell_based,9,D,2022,
CHEMBL5801947,CHEMBL5801947,Cc1cc(-c2nnc(N)nc2-c2ccc(F)cc2)cc(N2CCC2)n1,,7.76,1,7.76,7.76,Ki,B,assay format,other,9,D,2021,
CHEMBL5802030,CHEMBL5802030,CCCCCn1c2cc[nH]c2c(=O)n2c(C)nnc12,,6.26,1,6.26,6.26,Ki,B,assay format,other,9,D,2022,
CHEMBL5802095,CHEMBL5802095,O=C(NC1CCC1)c1nc(NCc2cncc(F)c2)nc2ccsc12,,7.12,1,7.12,7.12,IC50,B,single protein format,single_protein,9,D,2022,
CHEMBL5802346,CHEMBL5802346,Cn1cnc2ccc(-c3nc(C(=O)NCc4ncccc4F)c(N)nc3-c3ncco3)cc21,,8.68,1,8.68,8.68,IC50,B,assay format,other,9,D,2021,
CHEMBL5802772,CHEMBL5802772,Cn1cc(-c2c(Cl)nc(N)n3nc(Cc4c(F)cccc4F)nc23)ccc1=O,,6.8,1,6.8,6.8,IC50,B,assay format,other,9,D,2020,
CHEMBL5802809,CHEMBL5802809,Cc1cc(-c2nnc(N)nc2-c2ccccc2)cc(C(F)F)n1,,8.62,1,8.62,8.62,Ki,B,assay format,other,9,D,2021,
CHEMBL5803131,CHEMBL5803131,COC[C@@H](Nc1nc(C(=O)NC[C@H](C)O)c2sccc2n1)c1cccnc1,,6.52,1,6.52,6.52,IC50,B,single protein format,single_protein,9,D,2022,
CHEMBL5803616,CHEMBL5803616,COc1ccc(N2CCC[C@@H](c3nc4c5cc(F)cc(OC)c5nc(N)n4n3)C2)cn1,,8.85,1,8.85,8.85,IC50,B,assay format,other,9,D,2022,
CHEMBL5804114,CHEMBL5804114,CC1CC(c2nc3c4cc(F)cc(F)c4nc(N)n3n2)CN(c2cnn(CC(C)(C)O)c2)C1,,7.62,4,6.44,8.72,IC50,B,cell-based format,cell_based,9,D,2022,
CHEMBL5804335,CHEMBL5804335,Cc1ccc(-c2cccnc2CNC(=O)c2nc(N)nc3c(F)cccc23)nc1,,8.04,1,8.04,8.04,Ki,B,assay format,other,9,D,2018,
CHEMBL5804476,CHEMBL5804476,Cn1nc(-c2c(-c3ccc(F)cc3)nc(N)n3nc(Cc4ncccc4F)nc23)ccc1=O,,8.23,1,8.23,8.23,IC50,B,assay format,other,9,D,2020,
CHEMBL5804535,CHEMBL5804535,COc1cc2nc(N)n3nc(C4CCC(C)N(c5cnn(CC(C)(O)CO)c5)C4)nc3c2cc1F,,7.805,4,6.91,8.82,IC50,B,cell-based format,cell_based,9,D,2022,
CHEMBL5804550,CHEMBL5804550,C[C@H]1CC[C@@H](c2nc3c4cc(F)cc(F)c4nc(N)n3n2)CN1c1cnn(CC(C)(C)O)c1,,9.15,1,9.15,9.15,IC50,B,assay format,other,9,D,2022,
CHEMBL5805350,CHEMBL5805350,COc1cccc2c1nc(N)n1nc([C@@H]3CCCCN(CC(F)(F)F)C3)nc21,,8.23,1,8.23,8.23,Ki,B,assay format,other,9,D,2020,
CHEMBL5805426,CHEMBL5805426,COc1cc(F)cc2c1nc(N)n1nc([C@@H]3CCCN(c4ccc(OC(F)F)nc4)C3)nc21,,8.44,1,8.44,8.44,IC50,B,assay format,other,9,D,2022,
CHEMBL5805452,CHEMBL5805452,Cn1cc(N2CCCC(c3nc4c5c(F)c(F)ccc5nc(N)n4n3)C2)cn1,,6.9,1,6.9,6.9,IC50,B,assay format,other,9,D,2022,
CHEMBL5805722,CHEMBL5805722,Cc1cc(-c2c(-c3ccc(Cl)cc3)nc(N)n3cnnc23)cc(C(F)F)n1,,9.32,2,9.32,9.32,IC50,B,assay format,other,9,D,2022,
CHEMBL5805811,CHEMBL5805811,C[C@H](Nc1nc(C(=O)N2CCCC2)c2sccc2n1)c1ccncc1,,6.52,1,6.52,6.52,IC50,B,single protein format,single_protein,9,D,2022,
CHEMBL5805941,CHEMBL5805941,C[C@H](Nc1nc(C(=O)N2CC(NC(=O)c3cccc(C(F)(F)F)c3)C2)c2sccc2n1)c1cncc(F)c1,,7.52,1,7.52,7.52,IC50,B,single protein format,single_protein,9,D,2022,
CHEMBL5806060,CHEMBL5806060,C[C@H](Nc1nc(C(=O)N2CC(NC(=O)c3ccoc3)C2)c2sccc2n1)c1cncc(F)c1,,7.52,1,7.52,7.52,IC50,B,single protein format,single_protein,9,D,2022,
CHEMBL5806330,CHEMBL5806330,O=C(c1nc(NCc2cncc(F)c2)nc2ccsc12)N1CCC1,,6.52,1,6.52,6.52,IC50,B,single protein format,single_protein,9,D,2022,
CHEMBL5806464,CHEMBL5806464,COc1cccc2c1nc(N)n1nc([C@@H]3CCCN(c4ncns4)C3)nc21,,8.49,1,8.49,8.49,Ki,B,assay format,other,9,D,2020,
CHEMBL5806644,CHEMBL5806644,COCC(Nc1nc(C(=O)NC2CC(O)C2)c2sccc2n1)c1cccnc1,,6.52,1,6.52,6.52,IC50,B,single protein format,single_protein,9,D,2022,
CHEMBL5806712,CHEMBL5806712,Nc1nc2c3c(ccc2c2nc(CNCc4ccc(C(F)(F)F)cc4)nn12)OC(F)(F)O3,,8.8,1,8.8,8.8,Ki,B,assay format,other,9,D,2021,
CHEMBL5807956,CHEMBL5807956,Cc1ncccc1Oc1nnc(N)nc1-c1ccccc1,,6.22,1,6.22,6.22,Ki,B,assay format,other,9,D,2021,
CHEMBL5808923,CHEMBL5808923,C[C@H](Nc1nc(C(=O)N2CC(NC(=O)c3ccncc3)C2)c2sccc2n1)c1cncc(F)c1,,7.12,1,7.12,7.12,IC50,B,single protein format,single_protein,9,D,2022,
CHEMBL5810042,CHEMBL5810042,CNc1cc2nc(N[C@@H](C)c3ccccn3)nc(C(=O)N3CC[C@@H](C)C3)c2s1,,6.52,1,6.52,6.52,IC50,B,single protein format,single_protein,9,D,2022,
CHEMBL5810060,CHEMBL5810060,COc1cc2nc(N)n3nc([C@@H]4CCCN(c5cnn(C(C)C(C)O)c5)C4)nc3c2cc1F,,8.6,4,8.59,8.82,IC50,B,cell-based format,cell_based,9,D,2022,
CHEMBL5810207,CHEMBL5810207,Nc1nc(-c2ncco2)c(-c2ccnc(OC(F)F)c2)c2nc(Cc3ncccc3F)nn12,,7.615,2,7.15,8.08,IC50,B,assay format,other,9,D,2020,
CHEMBL5810323,CHEMBL5810323,COc1cccc2c1nc(N)n1nc([C@H]3CC(F)(F)CCO3)nc21,,8.7,1,8.7,8.7,Ki,B,assay format,other,9,D,2020,
CHEMBL5810365,CHEMBL5810365,N#Cc1cccc(-c2nc(N)cnc2-c2cc(Cl)c3ncccc3c2)c1F,,8.51,1,8.51,8.51,IC50,B,assay format,other,9,D,2022,
CHEMBL5810523,CHEMBL5810523,C[C@@H](Cc1nc2c3ccc4c(c3nc(N)n2n1)OC(F)(F)O4)N1CCCC(F)(F)C1,,8.39,1,8.39,8.39,Ki,B,assay format,other,9,D,2021,
CHEMBL5810835,CHEMBL5810835,CC1CCC(C(=O)NC2CN(C(=O)c3nc(N[C@@H](C)c4cncc(F)c4)nc4ccsc34)C2)CC1,,7.52,1,7.52,7.52,IC50,B,single protein format,single_protein,9,D,2022,
CHEMBL5811087,CHEMBL5811087,COc1cc2nc(N)n3nc([C@@H]4CCCCN(c5cnn(CC(C)(C)O)c5)C4)nc3c2cc1F,,8.3,1,8.3,8.3,IC50,B,assay format,other,9,D,2022,
CHEMBL5811331,CHEMBL5811331,COC1CN(c2nc(N)n3nc(Cc4c(F)cccc4F)nc3c2-c2ccc3ncc(C)n3c2)C1,,8.46,1,8.46,8.46,IC50,B,assay format,other,9,D,2020,
CHEMBL5811414,CHEMBL5811414,Cc1ccc(-c2nc(N)nc3c2C(=O)N(C)C3=Cc2ccccc2OC(F)(F)F)o1,,8.44,1,8.44,8.44,IC50,B,assay format,other,9,D,2021,
CHEMBL5811659,CHEMBL5811659,Cn1cc(-c2nc(C(=O)NCc3cccc(N)n3)c(N)nc2-c2ncco2)ccc1=O,,7.96,1,7.96,7.96,IC50,B,assay format,other,9,D,2021,
CHEMBL5811766,CHEMBL5811766,COc1cccc2c1nc(N)n1nc([C@H]3CNCC(F)(F)C3)nc21,,8.62,1,8.62,8.62,Ki,B,assay format,other,9,D,2020,
CHEMBL5811768,CHEMBL5811768,CCn1c(=O)c2c(C)c(Cn3cc[nH]c3=O)sc2n(CCOC)c1=O,,7.0,1,7.0,7.0,Ki,B,assay format,other,9,D,2019,
CHEMBL5811772,CHEMBL5811772,COc1cc(F)cc2c(NNC(=O)C3CCCN(c4cnn(C)c4)C3)nc(N)nc12,,8.85,1,8.85,8.85,IC50,B,assay format,other,9,D,2022,
CHEMBL5811898,CHEMBL5811898,Nc1nc(-c2ncco2)c(-c2ccc(=O)n(CCO)c2)nc1C(=O)NCc1c(F)cccc1F,,8.48,1,8.48,8.48,IC50,B,assay format,other,9,D,2021,
CHEMBL5812135,CHEMBL5812135,COC1CN(C(=O)c2nc(N[C@@H](C)c3cncc(F)c3)nc3cc(C)sc23)C1,,7.12,1,7.12,7.12,IC50,B,single protein format,single_protein,9,D,2022,
CHEMBL5812420,CHEMBL5812420,C[C@H](Nc1nc(C(=O)NCCO)c2sccc2n1)c1ccccn1,,6.52,1,6.52,6.52,IC50,B,single protein format,single_protein,9,D,2022,
CHEMBL5812643,CHEMBL5812643,Cc1cc(-c2c(-c3ncco3)nc(N)n3nc(Cc4c(F)cccc4F)nc23)cc(C)n1,,7.75,1,7.75,7.75,IC50,B,assay format,other,9,D,2020,
CHEMBL5813061,CHEMBL5813061,Cc1cc(-c2c(-c3ccc(F)cc3F)nc(N)n3cnnc23)cc(C)n1,,8.76,1,8.76,8.76,IC50,B,assay format,other,9,D,2022,
CHEMBL5813421,CHEMBL5813421,COc1cc2nc(N)n3nc([C@@H]4CCCN(c5cnn(CC(C)(C)O)c5C)C4)nc3c2cc1F,,8.35,1,8.35,8.35,IC50,B,assay format,other,9,D,2022,
CHEMBL5813457,CHEMBL5813457,Cc1nccc(-c2c(-c3ccc(F)cc3)nc(N)n3nc(Cc4c(F)cccc4F)nc23)c1C,,6.76,1,6.76,6.76,IC50,B,assay format,other,9,D,2020,
CHEMBL5813526,CHEMBL5813526,C[C@@H]1CN(c2nsnc2Cl)CCN1Cc1nc2c3ccc4c(c3nc(N)n2n1)OC(F)(F)O4,,8.12,1,8.12,8.12,Ki,B,assay format,other,9,D,2021,
CHEMBL5813918,CHEMBL5813918,COc1cccc2c(C(=O)NCc3ccc4ccccc4n3)nc(N)nc12,,8.82,1,8.82,8.82,Ki,B,assay format,other,9,D,2018,
CHEMBL5813989,CHEMBL5813989,O=C(NCc1ccccn1)c1nc(NCc2ccccn2)nc2ccsc12,,6.52,1,6.52,6.52,IC50,B,single protein format,single_protein,9,D,2022,
CHEMBL5814124,CHEMBL5814124,CN1C(=O)c2c(nc(N)nc2-c2ccco2)C1=Cc1ccc(F)cc1F,,8.06,1,8.06,8.06,IC50,B,assay format,other,9,D,2021,
CHEMBL5814138,CHEMBL5814138,C[C@H](Cc1nc2c3ccc4c(c3nc(N)n2n1)OC(F)(F)O4)N1CCc2cccnc21,,8.38,1,8.38,8.38,Ki,B,assay format,other,9,D,2021,
CHEMBL5814557,CHEMBL5814557,COc1ccc(CNc2nc3c(OC)cc(F)cc3c3nc([C@H]4C[C@H](F)CN(c5cnn(CC(C)(C)O)c5)C4)nn23)c(OC)c1,,7.25,1,7.25,7.25,IC50,B,assay format,other,9,D,2022,
CHEMBL5815310,CHEMBL5815310,COc1cccc2c1nc(N)n1nc([C@@H]3CN(CC(F)F)CC(F)(F)C3)nc21,,8.645,2,8.33,8.96,Ki,B,assay format,other,9,D,2020,
CHEMBL5815348,CHEMBL5815348,Nc1nc(-c2ccccc2)c(-c2ccc3ncccc3c2)c2nncn12,,10.15,2,10.15,10.15,IC50,B,assay format,other,9,D,2022,
CHEMBL5815516,CHEMBL5815516,C[C@H](Nc1nc(C(=O)N2CC[C@@H](CO)C2)c2sccc2n1)c1cccnc1,,6.52,1,6.52,6.52,IC50,B,single protein format,single_protein,9,D,2022,
CHEMBL5815554,CHEMBL5815554,Nc1nc2c3c(ccc2c2nc(C4CCCN(CCC(F)(F)F)C4)nn12)OC(F)(F)O3,,8.18,2,7.26,9.1,Ki,B,assay format,other,9,D,2021,
CHEMBL5816463,CHEMBL5816463,C[C@@H]1CCN(C(=O)c2nc(N[C@@H](C)c3ccccn3)nc3cc(N)sc23)C1,,6.52,1,6.52,6.52,IC50,B,single protein format,single_protein,9,D,2022,
CHEMBL5816744,CHEMBL5816744,C[C@H](Cc1nc2c3ccc4c(c3nc(N)n2n1)OC(F)(F)O4)N1CCc2ccncc21,,8.74,1,8.74,8.74,Ki,B,assay format,other,9,D,2021,
CHEMBL5817464,CHEMBL5817464,Cc1cc(-c2c(-c3ccc(F)cc3)nc(N)n3nc(Cc4ncccc4F)nc23)cn(C)c1=O,,8.42,1,8.42,8.42,IC50,B,assay format,other,9,D,2020,
CHEMBL5817837,CHEMBL5817837,COC(=O)c1cc(-c2cn3c(N)nc(-c4ccccc4)c(-c4ccncc4)c3n2)on1,,7.26,1,7.26,7.26,Ki,B,assay format,other,9,D,2023,
CHEMBL5818042,CHEMBL5818042,Cc1cnc2ccc(-c3nc(C(=O)NC[C@@H]4CCCO4)c(N)nc3-c3ncco3)cn12,,8.51,1,8.51,8.51,IC50,B,assay format,other,9,D,2021,
CHEMBL5818240,CHEMBL5818240,CC1(F)CCCN(CCc2nc3c4ccc5c(c4nc(N)n3n2)OC(F)(F)O5)C1,,8.245000000000001,2,8.11,8.38,Ki,B,assay format,other,9,D,2021,
CHEMBL5818900,CHEMBL5818900,COc1cc2nc(N)n3nc([C@@H]4CN(c5cn(CC(C)(C)O)nc5C)CCO4)nc3c2cc1F,,7.62,1,7.62,7.62,IC50,B,assay format,other,9,D,2022,
CHEMBL5819235,CHEMBL5819235,CCCCCn1c2cc(-c3ccc(S(=O)(=O)Nc4ccc(C)cc4)cc3)[nH]c2c(=O)n2c(C)nnc12,,7.26,1,7.26,7.26,Ki,B,assay format,other,9,D,2022,
CHEMBL5820242,CHEMBL5820242,CC1(C)CN(Cc2nc3c4ccc5c(c4nc(N)n3n2)OC(F)(F)O5)C1,,8.54,1,8.54,8.54,Ki,B,assay format,other,9,D,2021,
CHEMBL5820274,CHEMBL5820274,COc1cc2nc(N)n3nc([C@H]4CCCN(c5cn(CS(C)(=O)=O)nc5C)C4)nc3c2cc1F,,8.92,1,8.92,8.92,IC50,B,assay format,other,9,D,2022,
CHEMBL5820326,CHEMBL5820326,COc1cccc2c1nc(N)n1nc([C@@H]3CCCN(C(=O)c4ccccc4)C3)nc21,,8.89,1,8.89,8.89,Ki,B,assay format,other,9,D,2020,
CHEMBL5820862,CHEMBL5820862,Nc1nc2c3c(ccc2c2nc(CCN4C[C@H](F)[C@@H](F)C4)nn12)OC(F)(F)O3,,8.8,1,8.8,8.8,Ki,B,assay format,other,9,D,2021,
CHEMBL5821027,CHEMBL5821027,Nc1nc2c3c(ccc2c2nc(CCN4CC(F)C4)nn12)OC(F)(F)O3,,8.6,1,8.6,8.6,Ki,B,assay format,other,9,D,2021,
CHEMBL5821050,CHEMBL5821050,COc1cc2nc(N)n3nc([C@@H]4CCCN(c5cnn(CC(F)(F)F)c5)C4)nc3c2cc1F,,8.48,1,8.48,8.48,IC50,B,assay format,other,9,D,2022,
CHEMBL5821559,CHEMBL5821559,C[C@H](Nc1nc(C(=O)N2CCCC2)c2sccc2n1)c1ccccn1,,7.12,1,7.12,7.12,IC50,B,single protein format,single_protein,9,D,2022,
CHEMBL5822752,CHEMBL5822752,COc1cc2nc(N)n3nc(C4CC(C)CN(c5cnn(CC(C)(C)O)c5C)C4)nc3c2cc1F,,8.48,2,7.81,9.15,IC50,B,cell-based format,cell_based,9,D,2022,
CHEMBL5823370,CHEMBL5823370,Cc1ccc(F)c(CNC(=O)c2nc(N)nc3c(-c4ncco4)cccc23)n1,,8.77,1,8.77,8.77,Ki,B,assay format,other,9,D,2018,
CHEMBL5823431,CHEMBL5823431,COc1cccc2c1nc(N)n1nc(C3CCCN(c4ccccc4)C3)nc21,,9.05,1,9.05,9.05,Ki,B,assay format,other,9,D,2020,
CHEMBL5824224,CHEMBL5824224,Cc1ccc(-c2nc(N)nc3c2C(=O)N(C)C3=Cc2ccc(F)cc2F)o1,,7.88,1,7.88,7.88,IC50,B,assay format,other,9,D,2021,
CHEMBL5824496,CHEMBL5824496,Nc1nc2c3c(ccc2c2nc(CCN4CCCC(F)(F)C4)nn12)OC(F)(F)O3,,8.8,1,8.8,8.8,Ki,B,assay format,other,9,D,2021,
CHEMBL5824610,CHEMBL5824610,C[C@H]1CC[C@@H](c2nc3c4cc(F)c(Cl)cc4nc(N)n3n2)CN1c1cnn(CC(C)(C)O)c1,,9.7,1,9.7,9.7,IC50,B,assay format,other,9,D,2022,
CHEMBL5824745,CHEMBL5824745,C[C@H](Cc1nc2c3ccc4c(c3nc(N)n2n1)OC(F)(F)O4)N1CC(C)(F)C1,,8.31,1,8.31,8.31,Ki,B,assay format,other,9,D,2021,
CHEMBL5824961,CHEMBL5824961,COc1cc2nc(N)n3nc(C45CC4CN(c4cnn(CC(C)(C)O)c4)C5)nc3c2cc1F,,7.87,1,7.87,7.87,IC50,B,assay format,other,9,D,2022,
CHEMBL5825227,CHEMBL5825227,COCCc1nc2c(-c3ccc4ncc(C)n4c3)c(-c3ccc(F)cc3)nc(N)n2n1,,9.7,1,9.7,9.7,IC50,B,assay format,other,9,D,2020,
CHEMBL5825241,CHEMBL5825241,Nc1nc2c3c(ccc2c2nc(CCNCc4ccc(C(F)(F)F)cc4)nn12)OC(F)(F)O3,,8.21,1,8.21,8.21,Ki,B,assay format,other,9,D,2021,
CHEMBL5825507,CHEMBL5825507,Cc1cc(-c2c(-c3ccccc3F)nc(N)n3cnnc23)cc(C(F)F)n1,,8.78,3,8.78,8.78,IC50,B,assay format,other,9,D,2022,
CHEMBL5826065,CHEMBL5826065,Cc1ccc(F)c(CNC(=O)c2nc(N)nc3c(F)cccc23)n1,,9.3,1,9.3,9.3,Ki,B,assay format,other,9,D,2018,
CHEMBL5826102,CHEMBL5826102,COc1cc2nc(N)n3nc([C@@H]4CC[C@H](C)N(c5cnn(C6CCCC6O)c5)C4)nc3c2cc1F,,10.0,1,10.0,10.0,IC50,B,assay format,other,9,D,2022,
CHEMBL5826340,CHEMBL5826340,COc1cccc2c1nc(N)n1nc([C@@H]3CCCN(CCCC(F)(F)F)C3)nc21,,8.12,1,8.12,8.12,Ki,B,assay format,other,9,D,2020,
CHEMBL5826653,CHEMBL5826653,CC(=O)Nc1cc(-c2nnc(N)nc2-c2ccccc2)ccc1O,,6.73,1,6.73,6.73,Ki,B,assay format,other,9,D,2021,
CHEMBL5827075,CHEMBL5827075,CN(C)c1cc(-c2c(-c3ccc(F)cc3)nc(N)n3nc(Cc4c(F)cccc4F)nc23)ccn1,,9.375,2,9.05,9.7,IC50,B,assay format,other,9,D,2020,
CHEMBL5827634,CHEMBL5827634,Nc1nc2c3c(ccc2c2nc([C@H]4CCCN(c5cncnc5)C4)nn12)OC(F)(F)O3,,7.36,1,7.36,7.36,Ki,B,assay format,other,9,D,2021,
CHEMBL5828216,CHEMBL5828216,COc1cc(F)cc2c1nc(N)n1nc([C@@H]3CCCN(c4cnn(CC5(O)CCC5)c4)C3)nc21,,8.77,1,8.77,8.77,IC50,B,assay format,other,9,D,2022,
CHEMBL5828328,CHEMBL5828328,Nc1nc(C(=O)NCC23CC4CC(CC(C4)C2)C3)c2cccc(F)c2n1,,8.19,1,8.19,8.19,Ki,B,assay format,other,9,D,2018,
CHEMBL5828759,CHEMBL5828759,C[C@H](Nc1nc(C(=O)NCc2ncc[nH]2)c2sccc2n1)c1ccccn1,,6.52,1,6.52,6.52,IC50,B,single protein format,single_protein,9,D,2022,
CHEMBL5829088,CHEMBL5829088,Nc1cc(-c2c(-c3ccc(F)cc3)nc(N)n3nc(Cc4ncccc4F)nc23)ccn1,,7.39,1,7.39,7.39,IC50,B,assay format,other,9,D,2020,
CHEMBL582921,CHEMBL582921,CNC(=O)[C@]12C[C@@H]1[C@@H](n1cnc3c(NCc4cccc(Cl)c4)nc(C#CCCC(=O)NCCN)nc31)[C@H](O)[C@@H]2O,,6.26,1,6.26,6.26,Ki,B,cell-based format,cell_based,9,D,2009,
CHEMBL5829433,CHEMBL5829433,C[C@H](Nc1nc(C(=O)N2CCCC2)c2sccc2n1)c1cccc(F)c1,,6.52,1,6.52,6.52,IC50,B,single protein format,single_protein,9,D,2022,
CHEMBL5830478,CHEMBL5830478,Nc1nc2c(O)cccc2c2nc([C@@H]3CCC[C@@H](CCC(F)(F)F)C3)nn12,,9.4,1,9.4,9.4,Ki,B,assay format,other,9,D,2020,
CHEMBL5831488,CHEMBL5831488,O=C(c1nc(NCc2ccccc2)nc2ccsc12)N1CCCC1,,6.52,1,6.52,6.52,IC50,B,single protein format,single_protein,9,D,2022,
CHEMBL5831746,CHEMBL5831746,C[C@@H]1CC(F)(F)CN1CCc1nc2c3ccc4c(c3nc(N)n2n1)OC(F)(F)O4,,8.96,1,8.96,8.96,Ki,B,assay format,other,9,D,2021,
CHEMBL5831847,CHEMBL5831847,Cc1cc2nc(N[C@@H](C)c3cncc(F)c3)nc(C(=O)NCC3CCOCC3)c2s1,,6.52,1,6.52,6.52,IC50,B,single protein format,single_protein,9,D,2022,
CHEMBL5831954,CHEMBL5831954,COc1cccc2c(C(=O)NCc3ncccn3)nc(N)nc12,,7.37,1,7.37,7.37,Ki,B,assay format,other,9,D,2018,
CHEMBL5831955,CHEMBL5831955,CCOc1ccc(CNC(=O)c2nc(N[C@@H](C)c3ccccn3)nc3ccsc23)cn1,,7.12,1,7.12,7.12,IC50,B,single protein format,single_protein,9,D,2022,
CHEMBL5832105,CHEMBL5832105,CCn1cc([C@]2(O)CCCC(c3nc4c5cc(F)c(OC)cc5nc(N)n4n3)C2)cn1,,7.4,2,6.06,8.74,IC50,B,assay format,other,9,D,2022,
CHEMBL5832351,CHEMBL5832351,C[C@@H]1CN(CCc2nc3c4ccc5c(c4nc(N)n3n2)OC(F)(F)O5)CCO1,,7.96,1,7.96,7.96,Ki,B,assay format,other,9,D,2021,
CHEMBL5833144,CHEMBL5833144,COc1cc(F)cc2c1nc(N)n1nc([C@@H]3CCCN(c4ccc(OC(C)C)nc4)C3)nc21,,9.22,1,9.22,9.22,IC50,B,assay format,other,9,D,2022,
CHEMBL5833176,CHEMBL5833176,CC(C)(NC(=O)c1nc(-c2ccc3ncccc3c2)c(-c2ccccc2)nc1N)c1ccccn1,,8.89,1,8.89,8.89,IC50,B,assay format,other,9,D,2022,
CHEMBL5833269,CHEMBL5833269,CCc1nnc2n1CCN(CCc1nc3c4ccc5c(c4nc(N)n3n1)OC(F)(F)O5)C2,,8.8,1,8.8,8.8,Ki,B,assay format,other,9,D,2021,
CHEMBL5833506,CHEMBL5833506,Nc1nc2c3c(ccc2c2ncnn12)OC(F)(F)O3,,7.92,1,7.92,7.92,Ki,B,assay format,other,9,D,2021,
CHEMBL5833725,CHEMBL5833725,Nc1nc(-c2ccc(F)cc2)c(-c2ccc3nc[nH]c3c2)c2nc(Cc3ncccc3F)nn12,,8.77,1,8.77,8.77,IC50,B,assay format,other,9,D,2020,
CHEMBL5833771,CHEMBL5833771,COc1cccc(CCNC(=O)c2nc(N[C@@H](C)c3cncc(F)c3)nc3ccsc23)n1,,6.52,1,6.52,6.52,IC50,B,single protein format,single_protein,9,D,2022,
CHEMBL5834045,CHEMBL5834045,COc1cc2nc(N)n3nc([C@@H]4CCCN(c5cnn(CCC[C@@H](C)O)c5)C4)nc3c2cc1F,,6.69,1,6.69,6.69,IC50,B,assay format,other,9,D,2022,
CHEMBL5834112,CHEMBL5834112,Nc1nc2c3c(ccc2c2nc(CCN4Cc5ccncc5C4)nn12)OC(F)(F)O3,,8.68,1,8.68,8.68,Ki,B,assay format,other,9,D,2021,
CHEMBL5834415,CHEMBL5834415,CC(NC(=O)c1nc(-c2ccc3ncccc3c2)c(-c2ccn(C)n2)nc1N)c1cccc(C#N)n1,,8.41,1,8.41,8.41,IC50,B,assay format,other,9,D,2022,
CHEMBL5834574,CHEMBL5834574,COc1cc2nc(N)n3nc([C@H]4CC[C@@H](C)N(c5cnn(C6CCCC6O)c5)C4)nc3c2cc1F,,9.7,1,9.7,9.7,IC50,B,assay format,other,9,D,2022,
CHEMBL5834647,CHEMBL5834647,COc1cncc(CNC(=O)c2nc(N[C@@H](C)c3ccccn3)nc3ccsc23)c1,,6.52,1,6.52,6.52,IC50,B,single protein format,single_protein,9,D,2022,
CHEMBL5834807,CHEMBL5834807,Nc1nc(-c2ccco2)c2c(n1)C(Cc1ccc(Cl)c(F)c1)OC2=O,,7.0,1,7.0,7.0,IC50,B,assay format,other,9,D,2021,
CHEMBL5835483,CHEMBL5835483,Cc1cc(-c2c(-c3ccccc3)nc(N)n3cc(C)nc23)cc(C)n1,,8.61,1,8.61,8.61,IC50,B,assay format,other,9,D,2022,
CHEMBL5835609,CHEMBL5835609,Nc1nc2c3c(ccc2c2nc(CCN4CCN(CC5CC5)C(=O)C4)nn12)OC(F)(F)O3,,9.1,1,9.1,9.1,Ki,B,assay format,other,9,D,2021,
CHEMBL5835660,CHEMBL5835660,O=C(NC1CC(O)C1)c1nc(NCc2cncc(F)c2)nc2ccsc12,,6.52,1,6.52,6.52,IC50,B,single protein format,single_protein,9,D,2022,
CHEMBL5835733,CHEMBL5835733,Nc1nc(C(=O)NCc2cccc3cncn23)c2cccc(F)c2n1,,8.21,1,8.21,8.21,Ki,B,assay format,other,9,D,2018,
CHEMBL5836132,CHEMBL5836132,Cc1cnc2ccc(-c3nc(C(=O)NCC4CCCN4C)c(N)nc3-c3ncco3)cn12,,8.485,2,8.43,8.54,IC50,B,assay format,other,9,D,2021,
CHEMBL5836223,CHEMBL5836223,Cc1ccc(Cn2c(=O)[nH]c3c(-c4ccc(C)o4)nc(N)nc32)c(C(F)(F)F)c1,,6.67,1,6.67,6.67,IC50,B,assay format,other,9,D,2021,
CHEMBL5836410,CHEMBL5836410,COC[C@@H]1CCN(C(=O)c2nc(N[C@@H](C)c3ccccn3)nc3cc(C)sc23)C1,,6.52,1,6.52,6.52,IC50,B,single protein format,single_protein,9,D,2022,
CHEMBL5836447,CHEMBL5836447,Nc1nc2c3c(ccc2c2nc(CCN4C[C@H]5CCCN[C@H]5C4)nn12)OC(F)(F)O3,,7.26,1,7.26,7.26,Ki,B,assay format,other,9,D,2021,
CHEMBL5836630,CHEMBL5836630,Nc1nc2c3c(ccc2c2nc(CN4C[C@H](F)[C@@H](F)C4)nn12)OC(F)(F)O3,,8.36,1,8.36,8.36,Ki,B,assay format,other,9,D,2021,
CHEMBL5836704,CHEMBL5836704,Cc1cnc2ccc(-c3c(-c4ccc(F)cc4)nc(N)n4nc(C[C@H]5CCOC5)nc34)cn12,,10.0,1,10.0,10.0,IC50,B,assay format,other,9,D,2020,
CHEMBL5836732,CHEMBL5836732,Nc1nc2c3c(ccc2c2nc(CCN4CC5CNC[C@H]5C4)nn12)OC(F)(F)O3,,7.4,1,7.4,7.4,Ki,B,assay format,other,9,D,2021,
CHEMBL5837155,CHEMBL5837155,Nc1nc2c3c(ccc2c2nc(CCN4CC5CC5C4)nn12)OC(F)(F)O3,,8.52,1,8.52,8.52,Ki,B,assay format,other,9,D,2021,
CHEMBL583744,CHEMBL583744,CNC(=O)[C@]12C[C@@H]1[C@@H](n1cnc3c(NCc4cccc(Cl)c4)nc(C#CCCCCC(=O)NCCN)nc31)[C@H](O)[C@@H]2O,,6.56,1,6.56,6.56,Ki,B,cell-based format,cell_based,9,D,2009,
CHEMBL583745,CHEMBL583745,CNC(=O)[C@]12C[C@@H]1[C@@H](n1cnc3c(NCc4cccc(Cl)c4)nc(C#CCCC(=O)NCCCCN)nc31)[C@H](O)[C@@H]2O,,6.12,1,6.12,6.12,Ki,B,cell-based format,cell_based,9,D,2009,
CHEMBL583746,CHEMBL583746,CNC(=O)[C@]12C[C@@H]1[C@@H](n1cnc3c(NCc4cccc(Cl)c4)nc(C#CCCC(=O)NCCNCCN)nc31)[C@H](O)[C@@H]2O,,6.05,1,6.05,6.05,Ki,B,cell-based format,cell_based,9,D,2009,
CHEMBL5837511,CHEMBL5837511,Nc1nc2c3c(ccc2c2nc(Cn4nc(C(F)(F)F)cc4C(F)(F)F)nn12)OC(F)(F)O3,,8.41,1,8.41,8.41,Ki,B,assay format,other,9,D,2021,
CHEMBL5837567,CHEMBL5837567,COC1CN(C(=O)c2nc(N[C@@H](C)c3cccnc3)nc3cc(C)sc23)C1,,7.12,1,7.12,7.12,IC50,B,single protein format,single_protein,9,D,2022,
CHEMBL5837570,CHEMBL5837570,C[C@H](Nc1nc(C(=O)N2CC(C(=O)NOC(C)(C)C)C2)c2sccc2n1)c1cncc(F)c1,,7.12,1,7.12,7.12,IC50,B,single protein format,single_protein,9,D,2022,
CHEMBL5837729,CHEMBL5837729,Cn1nc(-c2nc(C(=O)NCc3c(F)cccc3F)c(N)nc2-c2ncco2)ccc1=O,,9.0,1,9.0,9.0,IC50,B,assay format,other,9,D,2021,
CHEMBL5837744,CHEMBL5837744,C[C@H](Nc1nc(C(=O)N2CC[C@@H](O)C2)c2sccc2n1)c1ccccn1,,6.52,1,6.52,6.52,IC50,B,single protein format,single_protein,9,D,2022,
CHEMBL5837834,CHEMBL5837834,Cn1cc(-c2c(-c3ccc(F)cc3F)nc(N)n3nc(Cc4ncccc4F)nc23)ccc1=O,,7.17,1,7.17,7.17,IC50,B,assay format,other,9,D,2020,
CHEMBL5838281,CHEMBL5838281,CCc1cc(-c2c(-c3ccccc3)nc(N)n3cnnc23)cc(C)n1,,9.38,1,9.38,9.38,IC50,B,assay format,other,9,D,2022,
CHEMBL5839171,CHEMBL5839171,CC(F)(F)CN1CC(Cc2nc3c4ccc5c(c4nc(N)n3n2)OC(F)(F)O5)C1,,8.26,1,8.26,8.26,Ki,B,assay format,other,9,D,2021,
CHEMBL583960,CHEMBL583960,Cn1cc2c(nc(NC(=O)Cc3cccc(Cl)c3)n3nc(-c4ccco4)nc23)n1,,7.52,1,7.52,7.52,Ki,B,cell-based format,cell_based,9,D,2009,
CHEMBL5840070,CHEMBL5840070,Nc1nc2c3c(ccc2c2nc(CCn4cccn4)nn12)OC(F)(F)O3,,8.57,1,8.57,8.57,Ki,B,assay format,other,9,D,2021,
CHEMBL5840139,CHEMBL5840139,COc1ccc(CNc2nc3c(OC)cc(F)cc3c3nc([C@@H]4C[C@@H](F)CN(c5cnn(CC(C)(C)O)c5)C4)nn23)c(OC)c1,,9.05,1,9.05,9.05,IC50,B,assay format,other,9,D,2022,
CHEMBL5840492,CHEMBL5840492,CN(C)c1cc(-c2nnc(N)nc2-c2ccccc2)ccn1,,7.71,1,7.71,7.71,Ki,B,assay format,other,9,D,2021,
CHEMBL5840565,CHEMBL5840565,N#Cc1cccc(-c2nc3[nH]ccc(=O)c3cc2-c2ccc3[nH]ncc3c2)c1,,7.31,1,7.31,7.31,IC50,B,assay format,other,9,D,2022,
CHEMBL5840890,CHEMBL5840890,COc1cccc2c(C(=O)NCc3cccc(COCC4CCCC4)n3)nc(N)nc12,,9.3,1,9.3,9.3,Ki,B,assay format,other,9,D,2018,
CHEMBL5841084,CHEMBL5841084,Nc1nc2c3c(ccc2c2nc(CCN4CCC(F)(F)C4)nn12)OC(F)(F)O3,,8.85,1,8.85,8.85,Ki,B,assay format,other,9,D,2021,
CHEMBL5841149,CHEMBL5841149,COc1cccc2c1nc(N)n1nc([C@@H]3CCCN(Cc4cc(F)cc(C(F)(F)F)c4)C3)nc21,,8.7,1,8.7,8.7,Ki,B,assay format,other,9,D,2020,
CHEMBL5841235,CHEMBL5841235,COc1cc(F)cc2c1nc(N)n1nc([C@H]3CC[C@H](C)N(c4cn(CC(C)(C)O)nc4C)C3)nc21,,6.68,1,6.68,6.68,IC50,B,assay format,other,9,D,2022,
CHEMBL5841873,CHEMBL5841873,Nc1nc(-c2ccc(F)cc2)c(-c2ccc3nccn3c2)c2nc(Cc3ncccc3F)nn12,,8.655000000000001,2,8.26,9.05,IC50,B,assay format,other,9,D,2020,
CHEMBL5843191,CHEMBL5843191,COc1cccc2c1nc(N)n1nc([C@@H]3CCCN(CC4CC(F)(F)C4)C3)nc21,,9.15,1,9.15,9.15,Ki,B,assay format,other,9,D,2020,
CHEMBL5843421,CHEMBL5843421,Nc1nc2c3c(ccc2c2nc(CCN4CCCC(C(F)(F)F)C4)nn12)OC(F)(F)O3,,8.44,1,8.44,8.44,Ki,B,assay format,other,9,D,2021,
CHEMBL5844673,CHEMBL5844673,COc1cc(F)cc2c1nc(N)n1nc([C@@H]3CCCN(c4cn(C(C)C(C)O)nc4C)C3)nc21,,9.2,2,9.1,9.3,IC50,B,cell-based format,cell_based,9,D,2022,
CHEMBL5844679,CHEMBL5844679,Cc1cc(-c2nnc(N)nc2-c2ccccc2)cc(Br)n1,,8.66,1,8.66,8.66,Ki,B,assay format,other,9,D,2021,
CHEMBL5844887,CHEMBL5844887,Nc1nnc(-n2ccc(=O)cc2)c(-c2ccccc2)n1,,7.41,1,7.41,7.41,Ki,B,assay format,other,9,D,2021,
CHEMBL5845104,CHEMBL5845104,C[C@H](Nc1nc(C(=O)NCC2CCN(Cc3ccccc3)CC2)c2sccc2n1)c1ccccn1,,6.52,1,6.52,6.52,IC50,B,single protein format,single_protein,9,D,2022,
CHEMBL5845759,CHEMBL5845759,CCOc1ccc(CNc2nc(C(=O)N3CCC3)c3sccc3n2)cn1,,6.52,1,6.52,6.52,IC50,B,single protein format,single_protein,9,D,2022,
CHEMBL5846259,CHEMBL5846259,C[C@H]1CC(F)(F)CN1CCc1nc2c3ccc4c(c3nc(N)n2n1)OC(F)(F)O4,,8.52,1,8.52,8.52,Ki,B,assay format,other,9,D,2021,
CHEMBL5846671,CHEMBL5846671,COc1cccc2c(C(=O)NCc3cccc(COc4cccc(F)c4)n3)nc(N)nc12,,8.68,1,8.68,8.68,Ki,B,assay format,other,9,D,2018,
CHEMBL5847090,CHEMBL5847090,C[C@H](Nc1nc(C(=O)NCc2ccc(C(F)(F)F)nc2)c2sccc2n1)c1ccccn1,,6.52,1,6.52,6.52,IC50,B,single protein format,single_protein,9,D,2022,
CHEMBL5847654,CHEMBL5847654,Cn1cc(-c2c(-n3nccn3)nc(N)n3nc(Cc4c(F)cccc4F)nc23)ccc1=O,,8.275,2,7.7,8.85,IC50,B,assay format,other,9,D,2020,
CHEMBL5847718,CHEMBL5847718,COc1cccc2c1nc(N)n1nc([C@@H]3CCC[C@H](N)C3)nc21,,6.18,1,6.18,6.18,Ki,B,assay format,other,9,D,2020,
CHEMBL5847956,CHEMBL5847956,Nc1nc(-c2ccc(F)cc2)c(-c2ccc3ncccc3c2)c2nc(Cc3ncccc3F)nn12,,9.4,1,9.4,9.4,IC50,B,assay format,other,9,D,2020,
CHEMBL5848745,CHEMBL5848745,CN(C)c1cccnc1CNC(=O)c1nc(-c2ccc(=O)n(C)c2)c(-c2ncco2)nc1N,,8.41,1,8.41,8.41,IC50,B,assay format,other,9,D,2021,
CHEMBL5848893,CHEMBL5848893,Nc1nc(-c2ccccn2)c2c(n1)C(Cc1ccccc1)OC2=O,,6.04,1,6.04,6.04,IC50,B,assay format,other,9,D,2021,
CHEMBL5848895,CHEMBL5848895,Nc1nc2c3c(ccc2c2nc(CCN4Cc5ccc(C(F)(F)F)cc5C4)nn12)OC(F)(F)O3,,8.51,1,8.51,8.51,Ki,B,assay format,other,9,D,2021,
CHEMBL5849413,CHEMBL5849413,Cc1cc(-c2c(-c3ccc(F)cc3F)nc(N)n3cnnc23)cc(Cl)n1,,8.69,2,8.69,8.69,IC50,B,assay format,other,9,D,2022,
CHEMBL5849430,CHEMBL5849430,C[C@H](Nc1nc(C(=O)NC2CC[C@@H](O)C2)c2sccc2n1)c1cncc(F)c1,,7.52,1,7.52,7.52,IC50,B,single protein format,single_protein,9,D,2022,
CHEMBL5849758,CHEMBL5849758,COc1cc(F)cc2c1nc(N)n1nc(C3CC(C)CN(c4cnn(C(C)C(C)O)c4C)C3)nc21,,8.42,4,7.46,9.3,IC50,B,cell-based format,cell_based,9,D,2022,
CHEMBL5850192,CHEMBL5850192,CCCCCn1c2c(Br)c[nH]c2c(=O)n2c(C)nnc12,,7.26,1,7.26,7.26,Ki,B,assay format,other,9,D,2022,
CHEMBL5850509,CHEMBL5850509,Nc1nc2c3c(ccc2c2nc(CCN4CC[C@@H](c5ccccc5)C4)nn12)OC(F)(F)O3,,7.41,1,7.41,7.41,Ki,B,assay format,other,9,D,2021,
CHEMBL5850525,CHEMBL5850525,O=C(c1nc(NCc2cccc(F)c2)nc2ccsc12)N1CC[C@@H](O)C1,,6.52,1,6.52,6.52,IC50,B,single protein format,single_protein,9,D,2022,
CHEMBL5850689,CHEMBL5850689,CCn1cccc(CNC(=O)c2nc(N)nc3c(OC)cccc23)c1=O,,9.7,1,9.7,9.7,Ki,B,assay format,other,9,D,2018,
CHEMBL5850961,CHEMBL5850961,COc1cc2nc(N)n3nc([C@@H]4CCCN(c5cnn(CC6(C)COC6)c5)C4)nc3c2cc1F,,7.42,1,7.42,7.42,IC50,B,assay format,other,9,D,2022,
CHEMBL5851147,CHEMBL5851147,Nc1nc2c3c(ccc2c2nc([C@@H]4CCCN(CCC(F)(F)F)C4)nn12)OC(F)(F)O3,,7.26,1,7.26,7.26,Ki,B,assay format,other,9,D,2020,
CHEMBL5851497,CHEMBL5851497,Nc1nc2c(cnn2[C@H](C(=O)NCC2(O)COC2)c2ccccc2)c2nc(-c3ccco3)nn12,,8.77,1,8.77,8.77,Ki,B,assay format,other,9,D,2022,
CHEMBL5851524,CHEMBL5851524,CNc1cccc(CNC(=O)c2nc(-c3ccc(=O)n(C)c3)c(-c3ncco3)nc2N)n1,,8.46,1,8.46,8.46,IC50,B,assay format,other,9,D,2021,
CHEMBL5851570,CHEMBL5851570,Cn1cc(-c2nc(N)n3nc(Cc4ncccc4F)nc3c2-c2ccc(=O)n(C)c2)cn1,,7.01,1,7.01,7.01,IC50,B,assay format,other,9,D,2020,
CHEMBL5851875,CHEMBL5851875,COc1cccc2c1nc(N)n1nc([C@@H]3CCCN(C[C@@H](C4CC4)C(F)(F)F)C3)nc21,,9.3,1,9.3,9.3,Ki,B,assay format,other,9,D,2020,
CHEMBL5852286,CHEMBL5852286,C[C@H](Nc1nc(C(=O)N2CC[C@@H](O)C2)c2sc(N)cc2n1)c1cncc(F)c1,,6.52,1,6.52,6.52,IC50,B,single protein format,single_protein,9,D,2022,
CHEMBL5852840,CHEMBL5852840,Cc1ccn(-c2nc(N)c(C#N)nc2-c2ccc3ncccc3c2)n1,,8.48,1,8.48,8.48,IC50,B,assay format,other,9,D,2021,
CHEMBL5853034,CHEMBL5853034,N#Cc1cccc(-c2nc3[nH]ccc(=O)c3cc2-c2ccc3[nH]cnc3c2)c1,,7.77,1,7.77,7.77,IC50,B,assay format,other,9,D,2022,
CHEMBL5853405,CHEMBL5853405,COc1cc2nc(N)n3nc([C@@H]4CCCN(c5ncn(C(C)C(C)(C)O)n5)C4)nc3c2cc1F,,8.96,2,8.92,9.0,IC50,B,assay format,other,9,D,2022,
CHEMBL5854163,CHEMBL5854163,COc1cc2nc(N)n3nc([C@@H]4CCN(c5cnn(CC6(O)CCC6)c5)C4)nc3c2cc1F,,7.77,1,7.77,7.77,IC50,B,assay format,other,9,D,2022,
CHEMBL5854231,CHEMBL5854231,COc1cc2nc(N)n3nc([C@@H]4CC[C@H](C)N(c5cnn(C(C)C(C)(C)O)c5)C4)nc3c2cc1F,,9.52,1,9.52,9.52,IC50,B,assay format,other,9,D,2022,
CHEMBL5854406,CHEMBL5854406,COc1cc(F)cc2c1nc(N)n1nc([C@@H]3CCCN(c4cnn(CC(C)(C)O)c4C)C3)nc21,,8.82,1,8.82,8.82,IC50,B,assay format,other,9,D,2022,
CHEMBL5854635,CHEMBL5854635,Nc1nc(-c2ccc(F)cc2)c(-c2ccc(=O)n(CCO)c2)c2nc(Cc3ncccc3F)nn12,,8.43,1,8.43,8.43,IC50,B,assay format,other,9,D,2020,
CHEMBL5854686,CHEMBL5854686,C[C@H](NC(=O)c1nc(N[C@@H](C)c2cccnc2)nc2ccsc12)c1cccnc1,,7.12,1,7.12,7.12,IC50,B,single protein format,single_protein,9,D,2022,
CHEMBL5854801,CHEMBL5854801,COc1cccc2c1nc(N)n1nc([C@@H]3CCCN(CC(C(F)(F)F)C(F)(F)F)C3)nc21,,9.52,1,9.52,9.52,Ki,B,assay format,other,9,D,2020,
CHEMBL5854847,CHEMBL5854847,COc1ccc(CNC(=O)c2nc(N[C@@H](C)c3ccccn3)nc3cc(C)sc23)cc1,,6.52,1,6.52,6.52,IC50,B,single protein format,single_protein,9,D,2022,
CHEMBL5854905,CHEMBL5854905,Nc1nc2c3c(ccc2c2nc(CCN4CCC5(CCNCC5)C4)nn12)OC(F)(F)O3,,7.41,1,7.41,7.41,Ki,B,assay format,other,9,D,2021,
CHEMBL5855188,CHEMBL5855188,COc1cc2nc(N)n3nc([C@@H]4C[C@@H](F)CN(c5cnn(CC(C)(C)O)c5)C4)nc3c2cc1F,,7.94,1,7.94,7.94,IC50,B,assay format,other,9,D,2022,
CHEMBL5855380,CHEMBL5855380,C[C@H](Nc1nc(C(=O)NCc2cncc(F)c2)c2sccc2n1)c1cccnc1,,6.52,1,6.52,6.52,IC50,B,single protein format,single_protein,9,D,2022,
CHEMBL5855888,CHEMBL5855888,COc1cccc2c1nc(N)n1nc([C@@H]3CCCN(CCN(C)C)C3)nc21,,8.27,1,8.27,8.27,Ki,B,assay format,other,9,D,2020,
CHEMBL5856098,CHEMBL5856098,Cc1cc(-c2c(-c3ccc(F)cc3)nc(N)n3nc(C(C)c4c(F)cccc4F)nc23)ccn1,,7.34,1,7.34,7.34,IC50,B,assay format,other,9,D,2020,
CHEMBL5856105,CHEMBL5856105,Nc1nc2c(OC(F)F)cccc2c2nc([C@@H]3CCCN(CC(F)F)C3)nn12,,8.92,1,8.92,8.92,Ki,B,assay format,other,9,D,2020,
CHEMBL5856435,CHEMBL5856435,Cc1ccc(-c2nc(N)nc3c2C(=O)OC3Cc2cc(F)ccc2F)o1,,6.6,1,6.6,6.6,IC50,B,assay format,other,9,D,2021,
CHEMBL5856769,CHEMBL5856769,CC(C)C(=O)NCC1CN(C(=O)c2nc(N[C@@H](C)c3cncc(F)c3)nc3ccsc23)C1,,7.12,1,7.12,7.12,IC50,B,single protein format,single_protein,9,D,2022,
CHEMBL5856905,CHEMBL5856905,COc1cccc2c(C(=O)NCc3cccc(CSc4nc5ccccc5[nH]4)n3)nc(N)nc12,,8.2,1,8.2,8.2,Ki,B,assay format,other,9,D,2018,
CHEMBL5856967,CHEMBL5856967,NC(=O)c1ccc(CC2OC(=O)c3c(-c4ccco4)nc(N)nc32)cc1,,6.66,1,6.66,6.66,IC50,B,assay format,other,9,D,2021,
CHEMBL5857008,CHEMBL5857008,Cc1cnc2ccc(-c3c(N4CCOCC4)nc(N)n4nc(Cc5ncccc5F)nc34)cn12,,8.59,1,8.59,8.59,IC50,B,assay format,other,9,D,2020,
CHEMBL5857491,CHEMBL5857491,Cn1cc(-c2nc(C(=O)NCc3c(F)cccc3F)c(N)nc2-c2ccc(F)cc2)ccc1=O,,8.64,1,8.64,8.64,IC50,B,assay format,other,9,D,2021,
CHEMBL5857771,CHEMBL5857771,CN1C(=O)c2c(-c3ccco3)nc(N)nc2C1Cc1ccc(F)cc1F,,7.79,1,7.79,7.79,IC50,B,assay format,other,9,D,2021,
CHEMBL5858319,CHEMBL5858319,CCC(C)(O)Cn1cc(N2CCC[C@@H](c3nc4c5cc(F)c(OC)cc5nc(N)n4n3)C2)cn1,,8.504999999999999,2,8.31,8.7,IC50,B,cell-based format,cell_based,9,D,2022,
CHEMBL5858682,CHEMBL5858682,O=C(NCc1ccccc1)c1nc(NCc2ccccc2)nc2ccsc12,,6.52,1,6.52,6.52,IC50,B,single protein format,single_protein,9,D,2022,
CHEMBL5858880,CHEMBL5858880,Nc1nc(-c2ccc(Br)o2)c2c(n1)C(Cc1ccc(F)cc1F)OC2=O,,7.73,1,7.73,7.73,IC50,B,assay format,other,9,D,2021,
CHEMBL5859012,CHEMBL5859012,Cc1cc(-c2c(-c3ncco3)nc(N)n3nc(Cc4ncccc4F)nc23)cc(Cl)n1,,7.6,1,7.6,7.6,IC50,B,assay format,other,9,D,2020,
CHEMBL5859340,CHEMBL5859340,CNc1cc2nc(N[C@@H](C)c3cccnc3)nc(C(=O)N3CC[C@H](F)C3)c2s1,,6.52,1,6.52,6.52,IC50,B,single protein format,single_protein,9,D,2022,
CHEMBL5859356,CHEMBL5859356,COc1cc(-c2c(-c3ccc(F)cc3)nc(N)n3nc(Cc4c(F)cccc4F)nc23)ccn1,,8.72,1,8.72,8.72,IC50,B,assay format,other,9,D,2020,
CHEMBL5859422,CHEMBL5859422,COc1cccc2c1nc(N)n1nc(C3CCN(c4cccc(F)c4)C3)nc21,,8.85,1,8.85,8.85,Ki,B,assay format,other,9,D,2020,
CHEMBL5859757,CHEMBL5859757,Cc1cc(-c2nnc(N)nc2-c2ccccc2F)cc(Cl)n1,,8.03,1,8.03,8.03,Ki,B,assay format,other,9,D,2021,
CHEMBL5859794,CHEMBL5859794,Cc1cc(-c2c(-c3ccccc3F)nc(N)n3cnnc23)cc(C(F)(F)F)n1,,8.75,2,8.75,8.75,IC50,B,assay format,other,9,D,2022,
CHEMBL5859819,CHEMBL5859819,Nc1nc2c(Cl)cccc2c2nc(C3CCCN(CCC(F)(F)F)C3)nn12,,8.01,1,8.01,8.01,Ki,B,assay format,other,9,D,2020,
CHEMBL5860246,CHEMBL5860246,C[C@H](Nc1nc(C(=O)N2CCC[C@@H]2C)c2sccc2n1)c1cncc(F)c1,,6.52,1,6.52,6.52,IC50,B,single protein format,single_protein,9,D,2022,
CHEMBL5860289,CHEMBL5860289,COc1cc2nc(N)n3nc([C@@H]4CCCN(c5cnn(CCC(C)(C)O)c5)C4)nc3c2cc1F,,8.23,1,8.23,8.23,IC50,B,cell-based format,cell_based,9,D,2022,
CHEMBL5860494,CHEMBL5860494,Cc1cc2nc(N[C@@H](C)c3cncc(F)c3)nc(C(=O)N3CC[C@H](O)C3)c2s1,,6.52,1,6.52,6.52,IC50,B,single protein format,single_protein,9,D,2022,
CHEMBL5860515,CHEMBL5860515,Cc1cc(-c2nnc(N)nc2-c2ccccc2F)cc(C(F)(F)F)n1,,8.26,1,8.26,8.26,Ki,B,assay format,other,9,D,2021,
CHEMBL5861218,CHEMBL5861218,Nc1nc(C(=O)NCC2CC3CCC2C3)c2cccc(F)c2n1,,7.5,1,7.5,7.5,Ki,B,assay format,other,9,D,2018,
CHEMBL5861429,CHEMBL5861429,Nc1nc2c3c(ccc2c2nc(CCN4CC(F)(F)C4)nn12)OC(F)(F)O3,,8.52,1,8.52,8.52,Ki,B,assay format,other,9,D,2021,
CHEMBL5861848,CHEMBL5861848,COc1cccc2c1nc(N)n1nc([C@@H]3CCCN(c4nncs4)C3)nc21,,8.72,1,8.72,8.72,Ki,B,assay format,other,9,D,2020,
CHEMBL5862231,CHEMBL5862231,COc1cc(F)cc2c1nc(N)n1nc([C@@H]3CCCN(c4nc(C)n(CC(C)(C)O)n4)C3)nc21,,8.96,1,8.96,8.96,IC50,B,assay format,other,9,D,2022,
CHEMBL5862916,CHEMBL5862916,Cc1ccc(-c2nc(N)nc3c2C(=O)N(C)C3Cc2ccc(F)cc2F)o1,,7.49,1,7.49,7.49,IC50,B,assay format,other,9,D,2021,
CHEMBL5863037,CHEMBL5863037,Nc1nnc(-c2ccc3ccccc3c2)c(-c2ccccc2)n1,,6.99,1,6.99,6.99,Ki,B,assay format,other,9,D,2021,
CHEMBL5863517,CHEMBL5863517,Nc1nc(-c2ccco2)c2c(n1)C(Cc1ccc(OC(F)(F)F)cc1)OC2=O,,6.97,1,6.97,6.97,IC50,B,assay format,other,9,D,2021,
CHEMBL5863671,CHEMBL5863671,Nc1nc(-c2ccco2)c2c(n1)C(Cc1ccc(Cl)cc1F)OC2=O,,7.41,1,7.41,7.41,IC50,B,assay format,other,9,D,2021,
CHEMBL5863927,CHEMBL5863927,CC1CCCN(c2nnc(N)nc2-c2ccccc2)C1,,7.31,1,7.31,7.31,Ki,B,assay format,other,9,D,2021,
CHEMBL5863958,CHEMBL5863958,COc1cc2nc(N)n3nc(C4CC(C)CN(c5cnn(C(C)(C)CO)c5)C4)nc3c2cc1F,,8.02,3,7.22,8.92,IC50,B,cell-based format,cell_based,9,D,2022,
CHEMBL5864167,CHEMBL5864167,CNc1cc2nc(N[C@@H](C)c3ccccn3)nc(C(=O)N3CC[C@@H](F)C3)c2s1,,6.52,1,6.52,6.52,IC50,B,single protein format,single_protein,9,D,2022,
CHEMBL5864321,CHEMBL5864321,COc1cc(F)cc2c1nc(N)n1nc(C3CC(F)CN(c4cn(CC(C)(C)O)nc4C)C3)nc21,,8.335,4,6.59,9.4,IC50,B,assay format,other,9,D,2022,
CHEMBL5864942,CHEMBL5864942,COc1cccc2c(C(=O)NCc3cccc(CN4CCOCC4)c3)nc(N)nc12,,8.15,1,8.15,8.15,Ki,B,assay format,other,9,D,2018,
CHEMBL5865001,CHEMBL5865001,Nc1nc(-c2ccc(F)cc2)c(-c2ccc3nccnc3c2)c2nc(Cc3ncccc3F)nn12,,7.6,1,7.6,7.6,IC50,B,assay format,other,9,D,2020,
CHEMBL5865101,CHEMBL5865101,Cc1cnc2ccc(-c3c(N4CCO[C@@H](C)C4)nc(N)n4nc(Cc5ncccc5F)nc34)cn12,,8.49,1,8.49,8.49,IC50,B,assay format,other,9,D,2020,
CHEMBL5865633,CHEMBL5865633,CC1CCN1C(=O)c1nc(N[C@@H](C)c2cncc(F)c2)nc2ccsc12,,7.12,1,7.12,7.12,IC50,B,single protein format,single_protein,9,D,2022,
CHEMBL5865636,CHEMBL5865636,Cc1cc(-c2nnc(N)nc2-c2ccccc2)cc(N2CCC2)n1,,8.52,1,8.52,8.52,Ki,B,assay format,other,9,D,2021,
CHEMBL5866213,CHEMBL5866213,C[C@H](Cc1nc2c3ccc4c(c3nc(N)n2n1)OC(F)(F)O4)N1Cc2ccncc2C1,,8.15,1,8.15,8.15,Ki,B,assay format,other,9,D,2021,
CHEMBL5866404,CHEMBL5866404,CNC(=O)NCC1CN(C(=O)c2nc(N[C@@H](C)c3cncc(F)c3)nc3ccsc23)C1,,6.52,1,6.52,6.52,IC50,B,single protein format,single_protein,9,D,2022,
CHEMBL5866760,CHEMBL5866760,COc1cccc2c1nc(N)n1nc([C@@H]3CCCN(C(=O)C(C)(C)C)C3)nc21,,8.36,1,8.36,8.36,Ki,B,assay format,other,9,D,2020,
CHEMBL5866893,CHEMBL5866893,Nc1nc2c3c(ccc2c2nc(CN4CCN(c5ccc(F)cc5)CC45CC5)nn12)OC(F)(F)O3,,8.46,1,8.46,8.46,Ki,B,assay format,other,9,D,2021,
CHEMBL5867019,CHEMBL5867019,Cc1csc(CN(CCc2nc3c4ccc5c(c4nc(N)n3n2)OC(F)(F)O5)CC2CC2)n1,,9.15,1,9.15,9.15,Ki,B,assay format,other,9,D,2021,
CHEMBL5867035,CHEMBL5867035,COc1cccc2c(C(=O)NCc3ncc(F)cc3F)nc(N)nc12,,8.54,1,8.54,8.54,Ki,B,assay format,other,9,D,2018,
CHEMBL5867243,CHEMBL5867243,C[C@H](Cc1nc2c3ccc4c(c3nc(N)n2n1)OC(F)(F)O4)N1CCCC(F)(F)C1,,8.37,1,8.37,8.37,Ki,B,assay format,other,9,D,2021,
CHEMBL5867675,CHEMBL5867675,Nc1cccc(Cc2nc3c(-c4ccc5nccn5c4)c(-c4ccc(F)cc4)nc(N)n3n2)n1,,8.469999999999999,2,8.2,8.74,IC50,B,assay format,other,9,D,2020,
CHEMBL5867976,CHEMBL5867976,Cn1cc(-c2nc(C(=O)NCc3c(F)cccc3F)c(N)nc2-c2ncco2)ccc1=O,,8.72,1,8.72,8.72,IC50,B,assay format,other,9,D,2021,
CHEMBL5868500,CHEMBL5868500,Cc1csc2c(C(=O)NC3CCC3)nc(N[C@@H](C)c3ccccn3)nc12,,7.52,1,7.52,7.52,IC50,B,single protein format,single_protein,9,D,2022,
CHEMBL5868733,CHEMBL5868733,Cc1cc2nc(N[C@@H](C)c3cncc(F)c3)nc(C(=O)N3CC(CO)C3)c2s1,,6.52,1,6.52,6.52,IC50,B,single protein format,single_protein,9,D,2022,
CHEMBL5869198,CHEMBL5869198,C[C@H](Nc1nc(C(=O)N2CCC(C)(C)C2)c2sccc2n1)c1cccnc1,,6.52,1,6.52,6.52,IC50,B,single protein format,single_protein,9,D,2022,
CHEMBL5869244,CHEMBL5869244,COc1cc(F)cc2c1nc(N)n1nc([C@@H]3CCCN(c4cnn(CC(C)(C)O)c4)C3)nc21,,8.55,1,8.55,8.55,IC50,B,assay format,other,9,D,2022,
CHEMBL5870124,CHEMBL5870124,C[C@H](Nc1nc(C(=O)NCc2ccccc2)c2sccc2n1)c1cccnc1,,7.52,1,7.52,7.52,IC50,B,single protein format,single_protein,9,D,2022,
CHEMBL5870810,CHEMBL5870810,C[C@H](Nc1nc(C(=O)NCC2CCC2)c2sccc2n1)c1ccccn1,,7.12,1,7.12,7.12,IC50,B,single protein format,single_protein,9,D,2022,
CHEMBL5870922,CHEMBL5870922,Cc1csc2c(C(=O)N3CCCC3)nc(N[C@@H](C)c3ccccn3)nc12,,7.52,1,7.52,7.52,IC50,B,single protein format,single_protein,9,D,2022,
CHEMBL5871022,CHEMBL5871022,COc1cccc2c1nc(N)n1nc([C@@H]3CCCN(Cc4cccnc4)C3)nc21,,8.42,1,8.42,8.42,Ki,B,assay format,other,9,D,2020,
CHEMBL5871375,CHEMBL5871375,COc1cc2nc(N)n3nc([C@@H]4CC[C@H](C)N(c5cn(CC6(O)CCC6)nc5C)C4)nc3c2cc1F,,7.68,1,7.68,7.68,IC50,B,assay format,other,9,D,2022,
CHEMBL5871446,CHEMBL5871446,CCC(C)(C)N1CCC[C@@H](c2nc3c4cccc(OC)c4nc(N)n3n2)C1,,7.48,1,7.48,7.48,Ki,B,assay format,other,9,D,2020,
CHEMBL5871682,CHEMBL5871682,COc1cc2nc(N)n3nc(C4CC(C)CN(c5cnn(C(C)C(C)O)c5)C4)nc3c2cc1F,,8.47,4,7.05,9.15,IC50,B,cell-based format,cell_based,9,D,2022,
CHEMBL5871859,CHEMBL5871859,CC(NC(=O)c1nc(-c2ccc3ncccc3c2)c(-c2ccn(C)n2)nc1N)c1ncccn1,,8.14,1,8.14,8.14,IC50,B,assay format,other,9,D,2022,
CHEMBL5872253,CHEMBL5872253,COc1cc2nc(N)n3nc(C4CCC(C)N(c5cnn(CC(C)O)c5)C4)nc3c2cc1F,,8.905000000000001,2,8.89,8.92,IC50,B,cell-based format,cell_based,9,D,2022,
CHEMBL5872406,CHEMBL5872406,COc1cncc(NC(=O)c2nc(N[C@@H](C)c3ccccn3)nc3ccsc23)c1,,6.52,1,6.52,6.52,IC50,B,single protein format,single_protein,9,D,2022,
CHEMBL5872486,CHEMBL5872486,COc1cccc2c1nc(N)n1nc([C@@H]3CCCN(Cc4cnc(C)s4)C3)nc21,,8.68,1,8.68,8.68,Ki,B,assay format,other,9,D,2020,
CHEMBL5872636,CHEMBL5872636,Cc1cc2nc(N[C@@H](C)c3cncc(F)c3)nc(C(=O)NCC3CCOC3)c2s1,,6.52,1,6.52,6.52,IC50,B,single protein format,single_protein,9,D,2022,
CHEMBL5872958,CHEMBL5872958,CN(C)Cc1nc2c3ccc4c(c3nc(N)n2n1)OC(F)(F)O4,,7.54,1,7.54,7.54,Ki,B,assay format,other,9,D,2021,
CHEMBL5872977,CHEMBL5872977,Cc1cc(Cl)cc(-c2nnc(N)nc2-c2ccccc2)c1,,8.66,1,8.66,8.66,Ki,B,assay format,other,9,D,2021,
CHEMBL5873032,CHEMBL5873032,CCn1cc(N2CCC[C@@H](c3nc4c5cc(F)c(OC)cc5nc(N)n4n3)C2)c(CO)n1,,8.24,1,8.24,8.24,IC50,B,assay format,other,9,D,2022,
CHEMBL5873125,CHEMBL5873125,Cc1cc(-c2c(-c3ncco3)nc(N)n3nc(Cc4c(F)cccc4F)nc23)cc(N)n1,,7.31,1,7.31,7.31,IC50,B,assay format,other,9,D,2020,
CHEMBL5873278,CHEMBL5873278,COc1cc2nc(N)n3nc([C@@H]4CCCN(c5cnn(CCCC(C)=O)c5)C4)nc3c2cc1F,,8.24,1,8.24,8.24,IC50,B,assay format,other,9,D,2022,
CHEMBL5873384,CHEMBL5873384,C[C@H](Nc1nc(C(=O)N2CC(NC(=O)c3ccc(-c4ccccc4)cc3)C2)c2sccc2n1)c1cncc(F)c1,,7.52,1,7.52,7.52,IC50,B,single protein format,single_protein,9,D,2022,
CHEMBL5874081,CHEMBL5874081,Cc1cc(-c2c(-c3ccc(F)cc3)nc(N)n3nc(Cc4cccc(Cl)c4)nc23)ccn1,,7.23,1,7.23,7.23,IC50,B,assay format,other,9,D,2020,
CHEMBL5874944,CHEMBL5874944,Cc1cc(-c2c(-c3ccccc3)nc(N)n3ccnc23)cc(Cl)n1,,9.57,1,9.57,9.57,IC50,B,assay format,other,9,D,2022,
CHEMBL5875103,CHEMBL5875103,COc1cccc2c1nc(N)n1nc([C@@H]3CCCN(CC(C)C)C3)nc21,,7.35,1,7.35,7.35,Ki,B,assay format,other,9,D,2020,
CHEMBL5875198,CHEMBL5875198,Nc1nc2c3c(ccc2c2nc(CC(CCl)CCl)nn12)OC(F)(F)O3,,8.64,1,8.64,8.64,Ki,B,assay format,other,9,D,2021,
CHEMBL5875672,CHEMBL5875672,Cn1cc(-c2c(-c3cccc(F)c3)nc(N)n3nc(Cc4ncccc4F)nc23)ccc1=O,,8.28,1,8.28,8.28,IC50,B,assay format,other,9,D,2020,
CHEMBL5876547,CHEMBL5876547,COc1cc2nc(N)n3nc([C@H]4CC[C@@H](C)N(c5cnn(C(C)C(C)O)c5)C4)nc3c2cc1F,,9.1,1,9.1,9.1,IC50,B,cell-based format,cell_based,9,D,2022,
CHEMBL5876564,CHEMBL5876564,CN1CCC[C@H]1Cc1nc2c(-c3ccc4ncn(C)c4c3)c(-c3ccc(F)cc3)nc(N)n2n1,,8.08,1,8.08,8.08,IC50,B,assay format,other,9,D,2020,
CHEMBL5876589,CHEMBL5876589,COc1cc2nc(N)n3nc([C@@H]4CC[C@H](C)N(c5cnn(C(C)C(C)O)c5)C4)nc3c2cc1F,,6.91,1,6.91,6.91,IC50,B,cell-based format,cell_based,9,D,2022,
CHEMBL5876807,CHEMBL5876807,Cc1cc(-c2nnc(N)nc2-c2ccccc2)cc(Cl)n1,,8.22,1,8.22,8.22,Ki,B,assay format,other,9,D,2021,
CHEMBL5877047,CHEMBL5877047,CCOc1ccc(-c2cnc3c(-c4ccnc(C)c4)c(-c4ccccc4)nc(N)n23)cc1,,7.26,1,7.26,7.26,Ki,B,assay format,other,9,D,2023,
CHEMBL5877105,CHEMBL5877105,COc1ccc([C@H](C)Nc2nc(C(=O)N3CC(NC(=O)OC(C)C)C3)c3sc(C)cc3n2)cc1,,7.12,1,7.12,7.12,IC50,B,single protein format,single_protein,9,D,2022,
CHEMBL5877367,CHEMBL5877367,COc1cc2nc(N)n3nc([C@@H]4CCCN(c5cn(CS(C)(=O)=O)nc5C)C4)nc3c2cc1F,,8.39,1,8.39,8.39,IC50,B,assay format,other,9,D,2022,
CHEMBL5877392,CHEMBL5877392,CC(C)c1nc(CNC(=O)c2nc(N)nc3c(F)cccc23)cs1,,9.22,1,9.22,9.22,Ki,B,assay format,other,9,D,2018,
CHEMBL5877408,CHEMBL5877408,CO[C@H]1CCN(C(=O)c2nc(N[C@@H](C)c3cncc(F)c3)nc3cc(C)sc23)C1,,6.52,1,6.52,6.52,IC50,B,single protein format,single_protein,9,D,2022,
CHEMBL5877429,CHEMBL5877429,Nc1cc(Cl)c(-c2ccncc2)c(-c2cccnc2)n1,,6.3,1,6.3,6.3,Ki,B,assay format,other,9,D,2019,
CHEMBL5877704,CHEMBL5877704,Cn1cc(N2CCCC(c3nc4c5cc(Cl)ccc5nc(N)n4n3)C2)cn1,,6.5,1,6.5,6.5,IC50,B,assay format,other,9,D,2022,
CHEMBL5878457,CHEMBL5878457,Cc1cc2nc(N[C@@H](C)c3cncc(F)c3)nc(C(=O)N3CCN(C(=O)NC(C)C)C3)c2s1,,7.12,1,7.12,7.12,IC50,B,single protein format,single_protein,9,D,2022,
CHEMBL5878466,CHEMBL5878466,C[C@H](Nc1nc(C(=O)N2CC[C@H](F)C2)c2sc(N)cc2n1)c1cccnc1,,6.52,1,6.52,6.52,IC50,B,single protein format,single_protein,9,D,2022,
CHEMBL5878949,CHEMBL5878949,Cc1cnc2ccc(-c3nc(C(=O)NCc4ncccc4F)c(N)nc3-c3ncco3)cn12,,8.62,1,8.62,8.62,IC50,B,assay format,other,9,D,2021,
CHEMBL5879357,CHEMBL5879357,Cc1cc(-c2c(-c3ccc(Cl)cc3F)nc(N)n3cnnc23)cc(C(F)F)n1,,8.52,3,8.52,8.52,IC50,B,assay format,other,9,D,2022,
CHEMBL5879566,CHEMBL5879566,COc1cc(-c2c(-c3ccccc3)nc(N)n3cnnc23)cc(C)n1,,9.49,1,9.49,9.49,IC50,B,assay format,other,9,D,2022,
CHEMBL5880072,CHEMBL5880072,Nc1nc(-c2ccc(F)cc2)c(-c2ccnnc2)c2nc(Cc3c(F)cccc3F)nn12,,7.2,1,7.2,7.2,IC50,B,assay format,other,9,D,2020,
CHEMBL5880402,CHEMBL5880402,Nc1nc(-c2ccccc2F)c(-c2ccncc2)c2nccn12,,7.26,1,7.26,7.26,Ki,B,assay format,other,9,D,2023,
CHEMBL5880889,CHEMBL5880889,COc1cccc2c1nc(N)n1nc([C@@H]3CCCN(c4nnc(C)s4)C3)nc21,,8.7,1,8.7,8.7,Ki,B,assay format,other,9,D,2020,
CHEMBL5880906,CHEMBL5880906,C[C@H](Nc1nc(C(=O)N2CC(NC(=O)c3cccnc3)C2)c2sccc2n1)c1cncc(F)c1,,7.12,1,7.12,7.12,IC50,B,single protein format,single_protein,9,D,2022,
CHEMBL5882133,CHEMBL5882133,Cn1cnc2ccc(-c3c(-c4ncco4)nc(N)n4nc(Cc5ncccc5F)nc34)cc21,,8.74,1,8.74,8.74,IC50,B,assay format,other,9,D,2020,
CHEMBL5882255,CHEMBL5882255,COc1cccc2c1nc(N)n1nc([C@H]3CC4CC[C@H]3N(CC(F)(F)F)C4)nc21,,7.27,1,7.27,7.27,Ki,B,assay format,other,9,D,2020,
CHEMBL5882436,CHEMBL5882436,CO[C@H]1CCN(C(=O)c2nc(N[C@@H](C)c3ccccn3)nc3c(C)csc23)C1,,6.52,1,6.52,6.52,IC50,B,single protein format,single_protein,9,D,2022,
CHEMBL5882611,CHEMBL5882611,CC(=O)N[C@H]1CCN(C(=O)c2nc(N[C@@H](C)c3cncc(F)c3)nc3ccsc23)C1,,6.52,1,6.52,6.52,IC50,B,single protein format,single_protein,9,D,2022,
CHEMBL5882686,CHEMBL5882686,Cn1cc(-c2c(-c3ccc(F)c(F)c3)nc(N)n3nc(Cc4ncccc4F)nc23)ccc1=O,,7.75,1,7.75,7.75,IC50,B,assay format,other,9,D,2020,
CHEMBL5882864,CHEMBL5882864,COc1cc2nc(N)n3nc([C@H]4CC[C@@H](C)N(c5cn(CC6(O)CCC6)nc5C)C4)nc3c2cc1F,,7.74,1,7.74,7.74,IC50,B,assay format,other,9,D,2022,
CHEMBL5882906,CHEMBL5882906,COc1cc2nc(N)n3nc([C@@H]4CCCN(c5cn(C6CCOCC6)nc5C)C4)nc3c2cc1F,,8.77,1,8.77,8.77,IC50,B,assay format,other,9,D,2022,
CHEMBL5883063,CHEMBL5883063,Nc1cc(Br)c(-c2ccncc2)c(-c2cccnc2)n1,,6.52,1,6.52,6.52,Ki,B,assay format,other,9,D,2019,
CHEMBL5883137,CHEMBL5883137,COc1cc2nc(N)n3nc([C@H]4CN(c5cn(CC(C)(C)O)nc5C)CCO4)nc3c2cc1F,,9.1,1,9.1,9.1,IC50,B,assay format,other,9,D,2022,
CHEMBL5883528,CHEMBL5883528,C[C@H](Cc1nc2c3ccc4c(c3nc(N)n2n1)OC(F)(F)O4)N1CCc2cccnc2C1,,8.85,1,8.85,8.85,Ki,B,assay format,other,9,D,2021,
CHEMBL5883591,CHEMBL5883591,Cc1cc2nc(N[C@@H](C)c3cccnc3)nc(C(=O)NCc3ccccn3)c2s1,,6.52,1,6.52,6.52,IC50,B,single protein format,single_protein,9,D,2022,
CHEMBL5883635,CHEMBL5883635,CO[C@H]1CCN(C(=O)c2nc(N[C@@H](C)c3cccnc3)nc3ccsc23)C1,,7.12,1,7.12,7.12,IC50,B,single protein format,single_protein,9,D,2022,
CHEMBL5883640,CHEMBL5883640,Cc1cc2nc(N[C@@H](C)c3cncc(F)c3)nc(C(=O)NC[C@@H](C)O)c2s1,,7.12,1,7.12,7.12,IC50,B,single protein format,single_protein,9,D,2022,
CHEMBL5884132,CHEMBL5884132,Cc1cc2nc(N[C@@H](C)c3ccccn3)nc(C(=O)N3CC[C@@H](O)C3)c2s1,,6.52,1,6.52,6.52,IC50,B,single protein format,single_protein,9,D,2022,
CHEMBL5884236,CHEMBL5884236,Nc1nc(-c2ccc(F)cc2)c(-c2ccc3nncn3c2)c2nc(Cc3ncccc3F)nn12,,7.43,1,7.43,7.43,IC50,B,assay format,other,9,D,2020,
CHEMBL5884317,CHEMBL5884317,C[C@H](Nc1nc(C(=O)NCCc2ccc(CO)cc2)c2sccc2n1)c1cncc(F)c1,,6.52,1,6.52,6.52,IC50,B,single protein format,single_protein,9,D,2022,
CHEMBL5884787,CHEMBL5884787,COc1cccc2c1nc(N)n1nc([C@@H]3CCCN(CC4CCCC4)C3)nc21,,8.01,1,8.01,8.01,Ki,B,assay format,other,9,D,2020,
CHEMBL5884856,CHEMBL5884856,Nc1nc(-c2cc3ccccc3o2)c(-c2ccncc2)c2nccn12,,6.26,1,6.26,6.26,Ki,B,assay format,other,9,D,2023,
CHEMBL5885005,CHEMBL5885005,CC1(O)CCN(c2cccc(CNC(=O)c3nc(N)nc4c(F)cccc34)n2)CC1,,8.28,1,8.28,8.28,Ki,B,assay format,other,9,D,2018,
CHEMBL5885319,CHEMBL5885319,COc1cc(F)cc2c1nc(N)n1nc(C3CC(C)CN(c4cnn(CC(C)(C)O)c4)C3)nc21,,8.530000000000001,2,8.06,9.0,IC50,B,cell-based format,cell_based,9,D,2022,
CHEMBL5885393,CHEMBL5885393,COCCNC(=O)c1nc(-c2ccc3ncc(C)n3c2)c(-c2ncco2)nc1N,,8.25,1,8.25,8.25,IC50,B,assay format,other,9,D,2021,
CHEMBL5885449,CHEMBL5885449,COC[C@H]1CCN(C(=O)c2nc(N[C@@H](C)c3ccccn3)nc3ccsc23)C1,,6.52,1,6.52,6.52,IC50,B,single protein format,single_protein,9,D,2022,
CHEMBL5885693,CHEMBL5885693,C[C@H](Nc1nc(C(=O)N2CC(NC(=O)C3CCOCC3)C2)c2sccc2n1)c1cncc(F)c1,,7.52,1,7.52,7.52,IC50,B,single protein format,single_protein,9,D,2022,
CHEMBL5886429,CHEMBL5886429,Cc1cc2nc(N[C@@H](C)c3cncc(F)c3)nc(C(=O)NCC(C)(C)O)c2s1,,7.12,1,7.12,7.12,IC50,B,single protein format,single_protein,9,D,2022,
CHEMBL5886658,CHEMBL5886658,Cc1cc2nc(N[C@@H](C)c3cccnc3)nc(C(=O)N3CC(O)C3)c2s1,,6.52,1,6.52,6.52,IC50,B,single protein format,single_protein,9,D,2022,
CHEMBL5886707,CHEMBL5886707,Cc1nc2c(s1)CCN([C@H](C)Cc1nc3c4ccc5c(c4nc(N)n3n1)OC(F)(F)O5)C2,,8.82,1,8.82,8.82,Ki,B,assay format,other,9,D,2021,
CHEMBL5886769,CHEMBL5886769,CC(C)(C)OC(=O)N[C@@H]1CCN(C(=O)c2nc(NCc3cncc(F)c3)nc3ccsc23)C1,,6.52,1,6.52,6.52,IC50,B,single protein format,single_protein,9,D,2022,
CHEMBL5886902,CHEMBL5886902,Cc1ccc(CCNC(=O)c2nc(N)nc3c(F)cccc23)nc1,,6.65,1,6.65,6.65,Ki,B,assay format,other,9,D,2018,
CHEMBL5887039,CHEMBL5887039,Cc1ncc(N2CCN(CCc3nc4c5ccc6c(c5nc(N)n4n3)OC(F)(F)O6)[C@H](C)C2)s1,,8.82,1,8.82,8.82,Ki,B,assay format,other,9,D,2021,
CHEMBL5887154,CHEMBL5887154,COc1cc2nc(N)n3nc([C@@H]4CCCN(c5cn(CS(C)(=O)=O)nc5C(F)F)C4)nc3c2cc1F,,8.17,1,8.17,8.17,IC50,B,assay format,other,9,D,2022,
CHEMBL5887205,CHEMBL5887205,C[C@H](Nc1nc(C(=O)NCCc2cccc(O)c2)c2sccc2n1)c1cccnc1,,6.52,1,6.52,6.52,IC50,B,single protein format,single_protein,9,D,2022,
CHEMBL5887665,CHEMBL5887665,Cc1cc(-c2c(-c3ccc(F)cc3F)nc(N)n3cnnc23)cc(C(F)F)n1,,8.63,3,8.63,8.63,IC50,B,assay format,other,9,D,2022,
CHEMBL5887812,CHEMBL5887812,Cc1cc2nc(N[C@@H](C)c3cccnc3)nc(C(=O)N3CCC3)c2s1,,6.52,1,6.52,6.52,IC50,B,single protein format,single_protein,9,D,2022,
CHEMBL5888362,CHEMBL5888362,C[C@H](Nc1nc(C(=O)N2CC[C@@H](O)C2)c2sccc2n1)c1cccc(F)c1,,6.52,1,6.52,6.52,IC50,B,single protein format,single_protein,9,D,2022,
CHEMBL5888544,CHEMBL5888544,C[C@@H]1C[C@H](F)CN1CCc1nc2c3ccc4c(c3nc(N)n2n1)OC(F)(F)O4,,8.82,1,8.82,8.82,Ki,B,assay format,other,9,D,2021,
CHEMBL5888550,CHEMBL5888550,CC(C)c1cccc(-c2cccc(CNC(=O)c3nc(N)nc4c(F)cccc34)n2)c1,,9.0,1,9.0,9.0,Ki,B,assay format,other,9,D,2018,
CHEMBL5888877,CHEMBL5888877,Cc1cc(-c2c(-c3ccccc3)nc(N)n3cnnc23)cc(Cl)n1,,10.1,3,10.1,10.1,IC50,B,assay format,other,9,D,2022,
CHEMBL5888901,CHEMBL5888901,CC(c1nc2c3ccc4c(c3nc(N)n2n1)OC(F)(F)O4)N1C[C@H](F)[C@@H](F)C1,,7.405,2,7.19,7.62,Ki,B,assay format,other,9,D,2021,
CHEMBL5889134,CHEMBL5889134,Cc1ccc(-c2nc(N)nc3c2C(=O)OC3Cc2ccc(F)cc2C(F)(F)F)o1,,7.7,1,7.7,7.7,IC50,B,assay format,other,9,D,2021,
CHEMBL5889416,CHEMBL5889416,CC(O)C(C)n1cc(N2CC(c3nc4c5cc(F)cc(F)c5nc(N)n4n3)CCC2C)cn1,,8.11,4,6.36,9.15,IC50,B,cell-based format,cell_based,9,D,2022,
CHEMBL5889473,CHEMBL5889473,CCNC(=O)C1CCN(C(=O)c2nc(N[C@@H](C)c3cncc(F)c3)nc3ccsc23)C1,,6.52,1,6.52,6.52,IC50,B,single protein format,single_protein,9,D,2022,
CHEMBL5889979,CHEMBL5889979,COc1cc2nc(N)n3nc([C@@H]4CCCN(c5cnn(C(C)(C)CO)c5)C4)nc3c2cc1F,,8.42,1,8.42,8.42,IC50,B,cell-based format,cell_based,9,D,2022,
CHEMBL5890601,CHEMBL5890601,CC(C)(C)OC(=O)N[C@H]1CCN(C(=O)c2nc(NCc3cncc(F)c3)nc3ccsc23)C1,,6.52,1,6.52,6.52,IC50,B,single protein format,single_protein,9,D,2022,
CHEMBL5892388,CHEMBL5892388,C[C@H](Nc1nc(C(=O)NCCC2CCN(C(=O)OC(C)(C)C)CC2)c2sccc2n1)c1ccccn1,,6.52,1,6.52,6.52,IC50,B,single protein format,single_protein,9,D,2022,
CHEMBL589251,CHEMBL589251,C=CCCCCCCCCCCOCCOCCOCCOCCOc1ccc(-c2nc3c([nH]2)c(=O)n(C)c(=O)n3C)cc1,,7.0,1,7.0,7.0,Ki,B,cell-based format,cell_based,9,D,2010,
CHEMBL5892683,CHEMBL5892683,COc1cccc2c1nc(N)n1nc([C@H]3CN(C4CCC(F)(F)CC4)CCO3)nc21,,8.52,1,8.52,8.52,Ki,B,assay format,other,9,D,2020,
CHEMBL5892694,CHEMBL5892694,C[C@H](Nc1nc(C(=O)Nc2ccccc2)c2sccc2n1)c1ccccn1,,6.52,1,6.52,6.52,IC50,B,single protein format,single_protein,9,D,2022,
CHEMBL5892880,CHEMBL5892880,Cc1cc(-c2c(-c3ccc(F)cc3)nc(N)n3nc(Cc4cccc(C#N)n4)nc23)ccn1,,6.99,1,6.99,6.99,IC50,B,assay format,other,9,D,2020,
CHEMBL5892943,CHEMBL5892943,C[C@H](Cc1nc2c3ccc4c(c3nc(N)n2n1)OC(F)(F)O4)N1CCc2nc(C3CC3)oc2C1,,8.62,1,8.62,8.62,Ki,B,assay format,other,9,D,2021,
CHEMBL5892945,CHEMBL5892945,Nc1nc2c3c(ccc2c2nc([C@@H]4CCCN(CC(F)F)C4)nn12)OC(F)(F)O3,,8.82,1,8.82,8.82,Ki,B,assay format,other,9,D,2021,
CHEMBL5892967,CHEMBL5892967,N#Cc1cccc(-c2nc(N)cnc2-c2cc(Cl)c3ncccc3c2)c1,,8.43,1,8.43,8.43,IC50,B,assay format,other,9,D,2022,
CHEMBL5893012,CHEMBL5893012,C[C@H](Nc1nc(C(=O)N2CCC[C@@H]2C)c2sccc2n1)c1cccnc1,,6.52,1,6.52,6.52,IC50,B,single protein format,single_protein,9,D,2022,
CHEMBL589348,CHEMBL589348,CC(C)n1cnc(CCNc2nc(NCC(c3ccccc3)c3ccccc3)c3ncn([C@@H]4C[C@H](NC(=O)C5CC5)[C@@H](O)[C@H]4O)c3n2)c1,,7.51,2,7.22,7.8,IC50;Ki,B;F,assay format;cell-based format,cell_based,9,D,2010,
CHEMBL5894292,CHEMBL5894292,Cn1cc(N2CCCC(c3nc4c5cc(F)c(F)cc5nc(N)n4n3)C2)cn1,,7.49,1,7.49,7.49,IC50,B,assay format,other,9,D,2022,
CHEMBL5894644,CHEMBL5894644,Cc1cc2nc(N[C@@H](C)c3cncc(F)c3)nc(C(=O)NC[C@H](C)O)c2s1,,6.52,1,6.52,6.52,IC50,B,single protein format,single_protein,9,D,2022,
CHEMBL5895541,CHEMBL5895541,Nc1nc2c3c(ccc2c2nc(CCN4CC(F)(C(F)(F)F)C4)nn12)OC(F)(F)O3,,8.47,1,8.47,8.47,Ki,B,assay format,other,9,D,2021,
CHEMBL5895809,CHEMBL5895809,Cc1cnc2ccc(-c3nc(C(=O)NC[C@H]4CCCO4)c(N)nc3-c3ncco3)cn12,,8.85,1,8.85,8.85,IC50,B,assay format,other,9,D,2021,
CHEMBL5895828,CHEMBL5895828,CC(NC(=O)c1nc(-c2cc(Cl)c3ncccc3c2)c(-c2ccn(C)n2)nc1N)c1cccc(C#N)n1,,8.96,1,8.96,8.96,IC50,B,assay format,other,9,D,2022,
CHEMBL5895917,CHEMBL5895917,Nc1nc2c3c(ccc2c2nc(CN4CCC(Oc5ccc(F)cc5)CC4)nn12)OC(F)(F)O3,,8.31,1,8.31,8.31,Ki,B,assay format,other,9,D,2021,
CHEMBL5896522,CHEMBL5896522,CO[C@@H]1CCN(C(=O)c2nc(N[C@@H](C)c3cncc(Cl)c3)nc3ccsc23)C1,,6.52,1,6.52,6.52,IC50,B,single protein format,single_protein,9,D,2022,
CHEMBL5896564,CHEMBL5896564,C[C@H](Nc1nc(C(=O)N2CCC(F)(F)C2)c2sccc2n1)c1cccnc1,,6.52,1,6.52,6.52,IC50,B,single protein format,single_protein,9,D,2022,
CHEMBL5896698,CHEMBL5896698,Cn1cc(-c2c(-c3ncco3)nc(N)n3nc(Cc4ncccc4OC(F)F)nc23)ccc1=O,,7.96,1,7.96,7.96,IC50,B,assay format,other,9,D,2020,
CHEMBL5896827,CHEMBL5896827,CCn1c(=O)c2c(C)c(CN3CCNC3=O)sc2n(CCOC)c1=O,,6.92,1,6.92,6.92,Ki,B,assay format,other,9,D,2019,
CHEMBL5896909,CHEMBL5896909,Cc1cccn2cc(CNC(=O)c3nc(N)nc4c(F)cccc34)nc12,,8.16,1,8.16,8.16,Ki,B,assay format,other,9,D,2018,
CHEMBL5897082,CHEMBL5897082,Cc1csc(CN(Cc2nc3c4ccc5c(c4nc(N)n3n2)OC(F)(F)O5)CC2CC2)n1,,8.85,1,8.85,8.85,Ki,B,assay format,other,9,D,2021,
CHEMBL5897128,CHEMBL5897128,COc1cc2nc(N)n3nc([C@H]4CC[C@H](C)N(c5cnn(C(C)C(C)O)c5)C4)nc3c2cc1F,,7.48,1,7.48,7.48,IC50,B,cell-based format,cell_based,9,D,2022,
CHEMBL5897259,CHEMBL5897259,Cn1cc(-c2nc(C(=O)NCc3ncccc3F)c(N)nc2-c2ncco2)ccc1=O,,8.51,1,8.51,8.51,IC50,B,assay format,other,9,D,2021,
CHEMBL5897519,CHEMBL5897519,Cc1cc(-c2c(-c3ccccc3)nc(N)n3ccnc23)cc(C(F)(F)F)n1,,9.12,1,9.12,9.12,IC50,B,assay format,other,9,D,2022,
CHEMBL5897776,CHEMBL5897776,Cc1cc(C)n(Cc2nc3c4ccc5c(c4nc(N)n3n2)OC(F)(F)O5)n1,,9.0,1,9.0,9.0,Ki,B,assay format,other,9,D,2021,
CHEMBL5897825,CHEMBL5897825,CC(NC(=O)c1nc(-c2cc(Cl)c3[nH]ncc3c2)c(-c2ccn(C)n2)nc1N)c1cccc(C#N)n1,,8.43,1,8.43,8.43,IC50,B,assay format,other,9,D,2022,
CHEMBL5897856,CHEMBL5897856,CC(C)(C)C(=O)N[C@H]1CCN(C(=O)c2nc(NCc3cncc(F)c3)nc3ccsc23)C1,,7.12,1,7.12,7.12,IC50,B,single protein format,single_protein,9,D,2022,
CHEMBL5897885,CHEMBL5897885,Cc1ccc(-c2nc(N)nc3c2C(=O)OC3Cc2ccc(F)cc2F)o1,,7.275,2,7.06,7.49,IC50,B,assay format,other,9,D,2021,
CHEMBL5897970,CHEMBL5897970,Cc1cc(-c2c(-c3ncco3)nc(N)n3nc(Cc4ncccc4F)nc23)cc(OC(F)F)n1,,7.57,1,7.57,7.57,IC50,B,assay format,other,9,D,2020,
CHEMBL5897980,CHEMBL5897980,Nc1nc2c3c(ccc2c2nc(CN4CCCC(F)(F)C4)nn12)OC(F)(F)O3,,8.38,1,8.38,8.38,Ki,B,assay format,other,9,D,2021,
CHEMBL5898014,CHEMBL5898014,COc1cccc2c1nc(N)n1nc([C@@H]3CCCN(c4ncc(C)s4)C3)nc21,,9.1,1,9.1,9.1,Ki,B,assay format,other,9,D,2020,
CHEMBL5898087,CHEMBL5898087,C[C@H](NC(=O)c1nc(-c2cc(Cl)c3ncccc3c2)c(-c2ccccc2)nc1N)c1ccccn1,,8.33,1,8.33,8.33,IC50,B,assay format,other,9,D,2022,
CHEMBL5898366,CHEMBL5898366,COc1cc2nc(N)n3nc([C@@H]4CCCN(c5cnc(OC(F)F)c(C)c5)C4)nc3c2cc1F,,7.86,1,7.86,7.86,IC50,B,assay format,other,9,D,2022,
CHEMBL5898399,CHEMBL5898399,C[C@H](Nc1nc(C(=O)N2CC(NC(=O)C3CCOC3)C2)c2sccc2n1)c1cncc(F)c1,,7.52,1,7.52,7.52,IC50,B,single protein format,single_protein,9,D,2022,
CHEMBL5898803,CHEMBL5898803,COc1cc2nc(N)n3nc([C@@H]4C[C@H](C)CN(c5cn(CC(C)(C)O)nc5C)C4)nc3c2cc1F,,8.96,1,8.96,8.96,IC50,B,cell-based format,cell_based,9,D,2022,
CHEMBL5898892,CHEMBL5898892,COc1cc(F)cc(CNc2nc(C(=O)N3CC(O)C3)c3sccc3n2)c1,,6.52,1,6.52,6.52,IC50,B,single protein format,single_protein,9,D,2022,
CHEMBL5899763,CHEMBL5899763,Cc1cc2nc(N[C@@H](C)c3ccccn3)nc(C(=O)N3CCC3)c2s1,,7.12,1,7.12,7.12,IC50,B,single protein format,single_protein,9,D,2022,
CHEMBL5900097,CHEMBL5900097,Cc1cc2nc(N[C@@H](C)c3ccccn3)nc(C(=O)N3CC(CNC(=O)OC(C)(C)C)C3)c2s1,,6.52,1,6.52,6.52,IC50,B,single protein format,single_protein,9,D,2022,
CHEMBL5900266,CHEMBL5900266,Nc1nc(-c2ccccc2)c(-c2ccncc2)c2nncn12,,8.68,1,8.68,8.68,IC50,B,assay format,other,9,D,2022,
CHEMBL5900294,CHEMBL5900294,CNc1cc2nc(N[C@@H](C)c3cncc(F)c3)nc(C(=O)N3CC(OC)C3)c2s1,,6.52,1,6.52,6.52,IC50,B,single protein format,single_protein,9,D,2022,
CHEMBL5900907,CHEMBL5900907,C[C@H](NC(=O)c1nc(-c2cc(Cl)c3ncccc3c2)c(-c2ccccc2)nc1N)c1cccc(C#N)n1,,8.615,2,8.27,8.96,IC50,B,assay format,other,9,D,2022,
CHEMBL5901757,CHEMBL5901757,Cc1ccc(-c2nc(N)nc3c2C(=O)OC3Cc2ccccc2C(F)(F)F)o1,,7.95,1,7.95,7.95,IC50,B,assay format,other,9,D,2021,
CHEMBL5902395,CHEMBL5902395,Cc1ccc(-c2nc(N)nc3c2C(=O)OC3Cc2ccccc2OC(F)F)o1,,6.89,1,6.89,6.89,IC50,B,assay format,other,9,D,2021,
CHEMBL5902694,CHEMBL5902694,COc1ccc(CNC(=O)c2nc(N[C@@H](C)c3ccncc3)nc3ccsc23)cn1,,6.52,1,6.52,6.52,IC50,B,single protein format,single_protein,9,D,2022,
CHEMBL5902859,CHEMBL5902859,Cc1cc2nc(N[C@@H](C)c3cncc(F)c3)nc(C(=O)N3CC(NC(=O)C4CCOC4)C3)c2s1,,7.52,3,7.52,7.52,IC50,B,single protein format,single_protein,9,D,2022,
CHEMBL5903127,CHEMBL5903127,Cc1cnc2ccc(-c3nc(C(=O)NC[C@@H]4CCCN4C)c(N)nc3-c3ccc(F)cc3)cn12,,8.28,1,8.28,8.28,IC50,B,assay format,other,9,D,2021,
CHEMBL5903320,CHEMBL5903320,C[C@H](Nc1nc(C(=O)N2CC[C@@H](F)C2)c2sccc2n1)c1cccnc1,,6.52,1,6.52,6.52,IC50,B,single protein format,single_protein,9,D,2022,
CHEMBL5903387,CHEMBL5903387,C[C@H](Nc1nc(C(=O)N2CCC(C(=O)OC(C)(C)C)C2)c2sccc2n1)c1cncc(F)c1,,6.52,1,6.52,6.52,IC50,B,single protein format,single_protein,9,D,2022,
CHEMBL5903479,CHEMBL5903479,Cc1ccc(-c2nc(N)nc3c2C(=O)N(C)C3=Cc2ccccc2F)o1,,8.14,1,8.14,8.14,IC50,B,assay format,other,9,D,2021,
CHEMBL5903842,CHEMBL5903842,Cn1cc(-c2c(-c3ccc4c(ccn4C)c3)nc(N)n3nc(Cc4ncccc4F)nc23)ccc1=O,,7.33,1,7.33,7.33,IC50,B,assay format,other,9,D,2020,
CHEMBL5903882,CHEMBL5903882,C[C@H](Nc1nc(C(=O)N2CC[C@@H](CO)C2)c2sccc2n1)c1cncc(F)c1,,6.52,1,6.52,6.52,IC50,B,single protein format,single_protein,9,D,2022,
CHEMBL5904020,CHEMBL5904020,Cc1cc2nc(N[C@@H](C)c3cncc(F)c3)nc(C(=O)N3CC(CNC(=O)CC(C)(C)C)C3)c2s1,,7.12,1,7.12,7.12,IC50,B,single protein format,single_protein,9,D,2022,
CHEMBL5904126,CHEMBL5904126,COc1ccc(CNC(=O)c2nc(NCc3cncc(F)c3)nc3ccsc23)cn1,,6.52,1,6.52,6.52,IC50,B,single protein format,single_protein,9,D,2022,
CHEMBL5904374,CHEMBL5904374,Nc1nc2c3c(ccc2c2nc(CCN4CCCC(F)(C(F)(F)F)C4)nn12)OC(F)(F)O3,,9.05,2,9.05,9.05,Ki,B,assay format,other,9,D,2021,
CHEMBL5904829,CHEMBL5904829,Cc1cc2nc(N[C@@H](C)c3cccnc3)nc(C(=O)NCCO)c2s1,,6.52,1,6.52,6.52,IC50,B,single protein format,single_protein,9,D,2022,
CHEMBL590484,CHEMBL590484,CC(C)C(=O)N[C@H]1C[C@@H](n2cnc3c(NCC(c4ccccc4)c4ccccc4)nc(NCCc4cn(C(C)C)cn4)nc32)[C@H](O)[C@@H]1O,,7.37,2,7.17,7.57,IC50;Ki,B;F,assay format;cell-based format,cell_based,9,D,2010,
CHEMBL5904905,CHEMBL5904905,C[C@@H](NC(=O)c1nc(-c2ccc3cccnc3c2)c(-c2ccccc2)nc1N)c1ccccn1,,8.6,1,8.6,8.6,IC50,B,assay format,other,9,D,2022,
CHEMBL5905858,CHEMBL5905858,Cc1nc2c(s1)CCN(CCc1nc3c4ccc5c(c4nc(N)n3n1)OC(F)(F)O5)C2,,8.74,1,8.74,8.74,Ki,B,assay format,other,9,D,2021,
CHEMBL5906428,CHEMBL5906428,COCC(Nc1nc(C(=O)N2CCCC2)c2sccc2n1)c1cccnc1,,6.52,1,6.52,6.52,IC50,B,single protein format,single_protein,9,D,2022,
CHEMBL5906623,CHEMBL5906623,CC(O)C(C)(C)n1cc(N2CCC[C@@H](c3nc4c5cc(F)cc(F)c5nc(N)n4n3)C2)cn1,,8.42,2,8.35,8.49,IC50,B,cell-based format,cell_based,9,D,2022,
CHEMBL5906749,CHEMBL5906749,CCCCN1CCC[C@@H](c2nc3c4cccc(OC)c4nc(N)n3n2)C1,,7.54,1,7.54,7.54,Ki,B,assay format,other,9,D,2020,
CHEMBL590718,CHEMBL590718,CCCC(=O)N[C@H]1C[C@@H](n2cnc3c(NCC(c4ccccc4)c4ccccc4)nc(NCCc4cn(C(C)C)cn4)nc32)[C@H](O)[C@@H]1O,,7.105,2,6.8,7.41,IC50;Ki,B;F,assay format;cell-based format,cell_based,9,D,2010,
CHEMBL5907517,CHEMBL5907517,Nc1nc(-c2ccc(F)cc2)c(-c2ccc(=O)n(C3CC3)c2)c2nc(Cc3ncccc3F)nn12,,7.7,1,7.7,7.7,IC50,B,assay format,other,9,D,2020,
CHEMBL5908007,CHEMBL5908007,CC(NC(=O)c1nc(-c2ccc3ncccc3c2)c(-c2ccn(C)n2)nc1N)c1ccccn1,,8.33,1,8.33,8.33,IC50,B,assay format,other,9,D,2022,
CHEMBL5908028,CHEMBL5908028,Nc1nc2c3c(ccc2c2nc(CCN4CCCC45CCNCC5)nn12)OC(F)(F)O3,,7.66,1,7.66,7.66,Ki,B,assay format,other,9,D,2021,
CHEMBL5908201,CHEMBL5908201,Cc1ccc(-c2nc(N)nc3c2C(=O)N(C)C3Cc2ccccc2F)o1,,7.53,1,7.53,7.53,IC50,B,assay format,other,9,D,2021,
CHEMBL5908312,CHEMBL5908312,CC(=O)N1CC(CCNC(=O)c2nc(N[C@@H](C)c3cncc(F)c3)nc3ccsc23)C1,,6.52,1,6.52,6.52,IC50,B,single protein format,single_protein,9,D,2022,
CHEMBL5908806,CHEMBL5908806,Cc1cc2nc(N[C@@H](C)c3cncc(F)c3)nc(C(=O)N3CC(CNC(=O)OC(C)(C)C)C3)c2s1,,6.52,1,6.52,6.52,IC50,B,single protein format,single_protein,9,D,2022,
CHEMBL5909090,CHEMBL5909090,C[C@H](Nc1nc(C(=O)NCCC2CCN(C(=O)OC(C)(C)C)CC2)c2sccc2n1)c1cncc(F)c1,,6.52,1,6.52,6.52,IC50,B,single protein format,single_protein,9,D,2022,
CHEMBL5909120,CHEMBL5909120,Nc1nc2cc(Cl)ccc2c2nc([C@@H]3CCCN(CC(F)F)C3)nn12,,8.89,1,8.89,8.89,Ki,B,assay format,other,9,D,2020,
CHEMBL5909324,CHEMBL5909324,Nc1nc(-c2ccccc2)c(-c2cc(F)c3[nH]ncc3c2)c2nncn12,,9.85,1,9.85,9.85,IC50,B,assay format,other,9,D,2022,
CHEMBL5909594,CHEMBL5909594,Cc1cc(-c2c(-c3cnn(C)c3)nc(N)n3ccnc23)ccn1,,7.26,1,7.26,7.26,Ki,B,assay format,other,9,D,2023,
CHEMBL5909841,CHEMBL5909841,Cc1ccc(CNC(=O)c2nc(N)nc3c(F)cccc23)nc1,,8.21,1,8.21,8.21,Ki,B,assay format,other,9,D,2018,
CHEMBL5910436,CHEMBL5910436,Cc1cc2nc(N[C@@H](C)c3cncc(F)c3)nc(C(=O)NCC(F)(F)F)c2s1,,7.52,1,7.52,7.52,IC50,B,single protein format,single_protein,9,D,2022,
CHEMBL5911177,CHEMBL5911177,C[C@H](Nc1nc(C(=O)N2CCCC2)c2sccc2n1)c1cncc(Cl)c1,,6.52,1,6.52,6.52,IC50,B,single protein format,single_protein,9,D,2022,
CHEMBL5911576,CHEMBL5911576,C[C@H](NC(=O)c1nc(N[C@@H](C)c2ccccn2)nc2ccsc12)c1ccccn1,,7.52,1,7.52,7.52,IC50,B,single protein format,single_protein,9,D,2022,
CHEMBL5911581,CHEMBL5911581,Nc1nc(-c2ncco2)c(-c2ccc3nccn3c2)nc1C(=O)NCc1ncccc1F,,7.68,1,7.68,7.68,IC50,B,assay format,other,9,D,2021,
CHEMBL5911819,CHEMBL5911819,C[C@H](CO)NC(=O)c1nc(N[C@@H](C)c2ccccn2)nc2ccsc12,,6.52,1,6.52,6.52,IC50,B,single protein format,single_protein,9,D,2022,
CHEMBL5912147,CHEMBL5912147,Cc1cc2nc(N[C@@H](C)c3ccccn3)nc(C(=O)NCc3cccnc3)c2s1,,7.12,1,7.12,7.12,IC50,B,single protein format,single_protein,9,D,2022,
CHEMBL5912720,CHEMBL5912720,Cc1ccc(-c2nc(N)n3nc(Cc4c(F)cccc4F)nc3c2-c2ccc(=O)n(C)c2)cn1,,7.24,1,7.24,7.24,IC50,B,assay format,other,9,D,2020,
CHEMBL5912890,CHEMBL5912890,CC(C)(O)Cn1cc(N2CCC[C@@H](c3nc4c5cc(F)c(OC(F)F)cc5nc(N)n4n3)C2)cn1,,8.13,1,8.13,8.13,IC50,B,cell-based format,cell_based,9,D,2022,
CHEMBL5913092,CHEMBL5913092,Cc1cnc2ccc(-c3c(N4CCOCC4)nc(N)n4nc(Cc5c(F)cccc5F)nc34)cn12,,9.7,1,9.7,9.7,IC50,B,assay format,other,9,D,2020,
CHEMBL5913219,CHEMBL5913219,COc1cc(F)cc2c1nc(N)n1nc(C3CCC(C)N(c4cnn(C(C)(C)C(C)O)c4)C3)nc21,,8.6,4,7.67,9.15,IC50,B,cell-based format,cell_based,9,D,2022,
CHEMBL5913263,CHEMBL5913263,CCCCCn1c2c(-c3cnn(Cc4ccccc4)c3)c[nH]c2c(=O)n2c(C)nnc12,,6.26,1,6.26,6.26,Ki,B,assay format,other,9,D,2022,
CHEMBL5913512,CHEMBL5913512,COC1(C)CN(C(=O)c2nc(N[C@@H](C)c3ccccn3)nc3cc(C)sc23)C1,,6.52,1,6.52,6.52,IC50,B,single protein format,single_protein,9,D,2022,
CHEMBL591356,CHEMBL591356,CCC(=O)N[C@H]1C[C@@H](n2cnc3c(NCC(c4ccccc4)c4ccccc4)nc(NCCc4cn(CC)cn4)nc32)[C@H](O)[C@@H]1O,,8.29,2,8.28,8.3,IC50;Ki,B;F,assay format;cell-based format,cell_based,9,D,2010,
CHEMBL5913910,CHEMBL5913910,C[C@H](Nc1nc(C(=O)N2CC(CNC(=O)OCC(C)(C)C)C2)c2sccc2n1)c1cncc(F)c1,,7.52,1,7.52,7.52,IC50,B,single protein format,single_protein,9,D,2022,
CHEMBL591423,CHEMBL591423,CCC(=O)N[C@H]1C[C@@H](n2cnc3c(NCC(c4ccccc4)c4ccccc4)nc(NCCc4cn(C)cn4)nc32)[C@H](O)[C@@H]1O,,8.335,2,8.33,8.34,IC50;Ki,B;F,assay format;cell-based format,cell_based,9,D,2010,
CHEMBL5914260,CHEMBL5914260,Cc1ccc(-c2nc(N)nc3c2C(=O)N(C)C3Cc2cc[n+]([O-])cc2)o1,,7.68,1,7.68,7.68,IC50,B,assay format,other,9,D,2021,
CHEMBL5915129,CHEMBL5915129,Nc1nc2c3c(ccc2c2nc([C@H]4CCCN(CCC(F)(F)F)C4)nn12)OC(F)(F)O3,,9.1,1,9.1,9.1,Ki,B,assay format,other,9,D,2020,
CHEMBL5915941,CHEMBL5915941,CC(C)n1cc(-c2c(-c3ncco3)nc(N)n3nc(Cc4ncccc4F)nc23)ccc1=O,,8.44,1,8.44,8.44,IC50,B,assay format,other,9,D,2020,
CHEMBL5916379,CHEMBL5916379,Cn1cc(-c2c(-c3ccc(F)cc3)nc(N)n3nc(Cc4nccs4)nc23)ccc1=O,,8.1,1,8.1,8.1,IC50,B,assay format,other,9,D,2020,
CHEMBL5916408,CHEMBL5916408,O=C(c1nc(NCc2cncc(F)c2)nc2ccsc12)N1CC[C@@H](O)C1,,6.52,1,6.52,6.52,IC50,B,single protein format,single_protein,9,D,2022,
CHEMBL5916520,CHEMBL5916520,Nc1nc(-c2ccc(Br)o2)c2c(n1)C(Cc1ccccc1OC(F)(F)F)OC2=O,,7.17,1,7.17,7.17,IC50,B,assay format,other,9,D,2021,
CHEMBL5916564,CHEMBL5916564,Cc1cnc2ccc(-c3c(-c4ncco4)nc(N)n4nc(C[C@H]5CCOC5)nc34)cn12,,9.3,1,9.3,9.3,IC50,B,assay format,other,9,D,2020,
CHEMBL5916649,CHEMBL5916649,Nc1nc2c3c(ccc2c2nc(CCN4CC(O)(C(F)(F)F)C4)nn12)OC(F)(F)O3,,7.92,1,7.92,7.92,Ki,B,assay format,other,9,D,2021,
CHEMBL5917069,CHEMBL5917069,C[C@@H]1CN(c2nsnc2Cl)CCN1CCc1nc2c3ccc4c(c3nc(N)n2n1)OC(F)(F)O4,,8.74,1,8.74,8.74,Ki,B,assay format,other,9,D,2021,
CHEMBL591710,CHEMBL591710,O=C(Nc1nc(-c2ccccc2)c(C(=O)c2ccccc2)s1)c1ccco1,,6.46,1,6.46,6.46,Ki,B,cell-based format,cell_based,9,D,2010,
CHEMBL5917399,CHEMBL5917399,CC(Cc1nc2c3ccc4c(c3nc(N)n2n1)OC(F)(F)O4)N1Cc2cccnc2C1,,8.66,2,8.4,8.92,Ki,B,assay format,other,9,D,2021,
CHEMBL5917446,CHEMBL5917446,COc1cccc2c1nc(N)n1nc([C@@H]3CCC(F)(F)CN3)nc21,,8.62,1,8.62,8.62,Ki,B,assay format,other,9,D,2020,
CHEMBL5917675,CHEMBL5917675,Nc1nc(-c2ccco2)c2c(n1)C(Cc1c(F)cccc1F)OC2=O,,7.33,1,7.33,7.33,IC50,B,assay format,other,9,D,2021,
CHEMBL5917737,CHEMBL5917737,COc1cc2nc(N)n3nc([C@@H]4CCCN(c5ccc(OC(F)F)nc5)C4)nc3c2cc1F,,8.07,1,8.07,8.07,IC50,B,assay format,other,9,D,2022,
CHEMBL5917788,CHEMBL5917788,CO[C@@H]1CCN(C(=O)c2nc(N[C@@H](C)c3ccccn3)nc3cc(C)sc23)C1,,7.52,1,7.52,7.52,IC50,B,single protein format,single_protein,9,D,2022,
CHEMBL5917926,CHEMBL5917926,Nc1nc(-c2ncco2)c(-c2ccc3nncn3c2)c2nc(Cc3ncccc3OC(F)F)nn12,,9.1,1,9.1,9.1,IC50,B,assay format,other,9,D,2020,
CHEMBL5918346,CHEMBL5918346,CCNC(=O)c1nc2c(-c3ccnc(OC)c3)c(-c3cccc(C#N)c3)nc(N)n2c1C,,7.26,1,7.26,7.26,Ki,B,assay format,other,9,D,2023,
CHEMBL5918437,CHEMBL5918437,COc1cc2nc(N)n3nc([C@@H]4CCCN(c5cnn(C(C)(C)C(C)O)c5)C4)nc3c2cc1F,,8.7,1,8.7,8.7,IC50,B,cell-based format,cell_based,9,D,2022,
CHEMBL5918530,CHEMBL5918530,COc1ccc(CNc2nc3c(OC)cc(F)cc3c3nc([C@@H]4C[C@H](F)CN(c5cnn(CC(C)(C)O)c5)C4)nn23)c(OC)c1,,8.59,1,8.59,8.59,IC50,B,assay format,other,9,D,2022,
CHEMBL5918540,CHEMBL5918540,Cc1cc2nc(N[C@@H](C)c3ccccn3)nc(C(=O)N3CC(C(=O)OC(C)(C)C)C3)c2s1,,7.52,1,7.52,7.52,IC50,B,single protein format,single_protein,9,D,2022,
CHEMBL5918596,CHEMBL5918596,COc1cccc2c1nc(N)n1nc([C@@H]3CCCN(CCC(F)(F)C(F)(F)F)C3)nc21,,9.4,1,9.4,9.4,Ki,B,assay format,other,9,D,2020,
CHEMBL5919017,CHEMBL5919017,Nc1nc(-c2ccc(F)cc2)c(-c2ccnc(Cl)c2)c2nc(Cc3ncccc3F)nn12,,7.25,1,7.25,7.25,IC50,B,assay format,other,9,D,2020,
CHEMBL5919036,CHEMBL5919036,COc1cc2nc(N)n3nc([C@@H]4CCCN(c5cnn(CC(C)(C)O)c5)C4)nc3c2cc1F,,8.43,1,8.43,8.43,IC50,B,assay format,other,9,D,2022,
CHEMBL5919731,CHEMBL5919731,Nc1nc2c3c(ccc2c2nc(CCN4CCCC5(CCNCC5)C4)nn12)OC(F)(F)O3,,7.57,1,7.57,7.57,Ki,B,assay format,other,9,D,2021,
CHEMBL591999,CHEMBL591999,CCCCC#Cc1nc(N)c2ncn([C@@H]3C[C@H](NC(=O)CC)[C@@H](O)[C@H]3O)c2n1,,7.835,2,7.75,7.92,IC50;Ki,B;F,assay format;cell-based format,cell_based,9,D,2010,
CHEMBL5920494,CHEMBL5920494,Cc1ccc(-c2nc(N)nc3c2C(=O)N(C)C3Cc2ccccc2C(F)(F)F)o1,,7.46,1,7.46,7.46,IC50,B,assay format,other,9,D,2021,
CHEMBL5921124,CHEMBL5921124,CC(C)Oc1cccc(CNC(=O)c2nc(N)nc3c(F)cccc23)n1,,9.0,1,9.0,9.0,Ki,B,assay format,other,9,D,2018,
CHEMBL5921153,CHEMBL5921153,COc1cc(F)cc2c1nc(N)n1nc(C3CC(C)CN(c4cn(C(C)(C)C(C)O)nc4C)C3)nc21,,8.15,3,7.89,9.05,IC50,B,cell-based format,cell_based,9,D,2022,
CHEMBL5921159,CHEMBL5921159,Nc1nc2c3c(ccc2c2nc([C@@H]4CCCN(c5cncnc5)C4)nn12)OC(F)(F)O3,,8.54,1,8.54,8.54,Ki,B,assay format,other,9,D,2021,
CHEMBL5921293,CHEMBL5921293,Cc1cc2nc(N[C@@H](C)c3cncc(F)c3)nc(C(=O)N3CC(N4CCCC4)C3)c2s1,,6.52,1,6.52,6.52,IC50,B,single protein format,single_protein,9,D,2022,
CHEMBL5921320,CHEMBL5921320,COc1cccc2c1nc(N)n1nc([C@H]3CCC[C@H](N)C3)nc21,,7.36,1,7.36,7.36,Ki,B,assay format,other,9,D,2020,
CHEMBL5921366,CHEMBL5921366,Nc1nc(C(=O)NCc2cccc(COc3ccccn3)n2)c2cccc(F)c2n1,,8.66,1,8.66,8.66,Ki,B,assay format,other,9,D,2018,
CHEMBL5921476,CHEMBL5921476,Cn1cc(-c2c(-n3cccn3)nc(N)n3nc(Cc4ncccc4F)nc23)ccc1=O,,6.91,1,6.91,6.91,IC50,B,assay format,other,9,D,2020,
CHEMBL5921531,CHEMBL5921531,C[C@H](O)CNC(=O)c1nc(N[C@@H](C)c2ccccn2)nc2ccsc12,,6.52,1,6.52,6.52,IC50,B,single protein format,single_protein,9,D,2022,
CHEMBL5921852,CHEMBL5921852,Cc1scnc1CNC(=O)c1nc(-c2ccc(=O)n(C)c2)c(-c2ncco2)nc1N,,8.46,1,8.46,8.46,IC50,B,assay format,other,9,D,2021,
CHEMBL5922314,CHEMBL5922314,Nc1nc(C(=O)NCc2ncccn2)c2cccc(I)c2n1,,6.64,1,6.64,6.64,Ki,B,assay format,other,9,D,2018,
CHEMBL592246,CHEMBL592246,Cc1cnn([C@H]2C[C@@H](n3cnc4c(N)nc(N[C@H](CO)Cc5ccccc5)nc43)[C@H](O)[C@@H]2O)c1,,6.945,2,6.64,7.25,IC50;Ki,B;F,assay format;cell-based format,cell_based,9,D,2010,
CHEMBL5922943,CHEMBL5922943,CO[C@@H]1CCN(C(=O)c2nc(N[C@@H](C)c3cccnc3)nc3ccsc23)C1,,7.32,2,7.12,7.52,IC50,B,single protein format,single_protein,9,D,2022,
CHEMBL5923318,CHEMBL5923318,Cc1cc2nc(N[C@@H](C)c3cncc(F)c3)nc(C(=O)N3CC[C@@H](CO)C3)c2s1,,6.52,1,6.52,6.52,IC50,B,single protein format,single_protein,9,D,2022,
CHEMBL5923815,CHEMBL5923815,Cc1cc(-c2c(-c3ccccc3)nc(N)n3cnnc23)cc(C)n1,,9.82,2,9.82,9.82,IC50,B,assay format,other,9,D,2022,
CHEMBL5924192,CHEMBL5924192,COc1cccc2c1nc(N)n1nc([C@@H]3CCCN(CCC4CC4)C3)nc21,,8.16,1,8.16,8.16,Ki,B,assay format,other,9,D,2020,
CHEMBL592435,CHEMBL592435,OC1CCC(Nc2nc(-c3ccccc3)nc3[nH]ccc23)CC1,DERENOFYLLINE,6.4,1,6.4,6.4,Ki,B,single protein format,single_protein,9,D,2010,2
CHEMBL5924694,CHEMBL5924694,Nc1nc(C(=O)NCc2cc(C3CC3)on2)c2cccc(F)c2n1,,7.85,1,7.85,7.85,Ki,B,assay format,other,9,D,2018,
CHEMBL592540,CHEMBL592540,CCC(=O)N[C@H]1C[C@@H](n2cnc3c(NC(CC)CC)nc(NCCc4cn(C(C)C)cn4)nc32)[C@H](O)[C@@H]1O,,8.09,2,8.08,8.1,IC50;Ki,B;F,assay format;cell-based format,cell_based,9,D,2010,
CHEMBL592541,CHEMBL592541,CCC(=O)N[C@H]1C[C@@H](n2cnc3c(NC(CC)CC)nc(NCCc4cn(CC)cn4)nc32)[C@H](O)[C@@H]1O,,8.42,2,8.27,8.57,IC50;Ki,B;F,assay format;cell-based format,cell_based,9,D,2010,
CHEMBL5925995,CHEMBL5925995,CCC(Nc1nc(C(=O)NCc2ccc(OC)nc2)c2sccc2n1)c1cccnc1,,6.52,1,6.52,6.52,IC50,B,single protein format,single_protein,9,D,2022,
CHEMBL5926325,CHEMBL5926325,C[C@H](Nc1nc(C(=O)N2CCC(F)(F)C2)c2sccc2n1)c1ccccn1,,6.52,1,6.52,6.52,IC50,B,single protein format,single_protein,9,D,2022,
CHEMBL5926486,CHEMBL5926486,Nc1nc(C(=O)NCc2ccccc2-c2ncccn2)c2cccc(F)c2n1,,9.05,1,9.05,9.05,Ki,B,assay format,other,9,D,2018,
CHEMBL5926970,CHEMBL5926970,C[C@H](Nc1nc(C(=O)N2CC(NC(=O)C3(C#N)CC3)C2)c2sccc2n1)c1cncc(F)c1,,7.12,1,7.12,7.12,IC50,B,single protein format,single_protein,9,D,2022,
CHEMBL5927062,CHEMBL5927062,COC(=O)c1cccc(CNC(=O)c2nc(N)nc3c(F)cccc23)n1,,7.64,1,7.64,7.64,Ki,B,assay format,other,9,D,2018,
CHEMBL5927275,CHEMBL5927275,COc1ccc(CNC(=O)c2nc(NCc3ccc(OC)nc3)nc3ccsc23)cn1,,7.12,1,7.12,7.12,IC50,B,single protein format,single_protein,9,D,2022,
CHEMBL5928083,CHEMBL5928083,COc1cc2nc(N)n3nc(C4CCC(C)N(c5cnn(C(C)C(C)O)c5)C4)nc3c2cc1F,,8.33,4,7.12,9.1,IC50,B,cell-based format,cell_based,9,D,2022,
CHEMBL5928153,CHEMBL5928153,Nc1nc(-c2ccc(F)cc2)c(-c2ccc3nncn3c2)c2nc(Cc3ncccc3OC(F)F)nn12,,10.0,1,10.0,10.0,IC50,B,assay format,other,9,D,2020,
CHEMBL5928245,CHEMBL5928245,COc1cccc2c(C(=O)NCc3ncccc3C(F)(F)F)nc(N)nc12,,8.59,1,8.59,8.59,Ki,B,assay format,other,9,D,2018,
CHEMBL5928309,CHEMBL5928309,COc1cc2nc(N)n3nc(C4CC(F)CN(c5cnn(C6CCOCC6)c5)C4)nc3c2cc1F,,7.955,2,7.17,8.74,IC50,B,assay format,other,9,D,2022,
CHEMBL5928407,CHEMBL5928407,Nc1nc(-c2ncco2)c(-c2ccc3nncn3c2)nc1C(=O)NCc1c(F)cccc1F,,8.43,1,8.43,8.43,IC50,B,assay format,other,9,D,2021,
CHEMBL5929156,CHEMBL5929156,COc1ccc(CNC(=O)c2nc(NCc3cccc(F)c3)nc3ccsc23)cn1,,7.12,1,7.12,7.12,IC50,B,single protein format,single_protein,9,D,2022,
CHEMBL5929296,CHEMBL5929296,Cc1csc2c(C(=O)N3CCCC3)nc(N[C@@H](C)c3cncc(F)c3)nc12,,7.52,1,7.52,7.52,IC50,B,single protein format,single_protein,9,D,2022,
CHEMBL5929331,CHEMBL5929331,COc1cc2nc(N)n3nc([C@@H]4CCCN(c5cnn(CC6(O)CCC6)c5)C4)nc3c2cc1F,,8.46,1,8.46,8.46,IC50,B,assay format,other,9,D,2022,
CHEMBL5929413,CHEMBL5929413,C[C@H](Nc1nc(C(=O)N2CC(NC(=O)C3CC3)C2)c2sccc2n1)c1cncc(F)c1,,7.52,1,7.52,7.52,IC50,B,single protein format,single_protein,9,D,2022,
CHEMBL5929573,CHEMBL5929573,Cc1cc2nc(N[C@@H](C)c3cncc(F)c3)nc(C(=O)N3CC(CC(=O)OC(C)(C)C)C3)c2s1,,7.52,1,7.52,7.52,IC50,B,single protein format,single_protein,9,D,2022,
CHEMBL5929797,CHEMBL5929797,Cn1cc(-c2nc(C(=O)NCc3c(F)cccc3F)c(N)nc2-n2nccn2)ccc1=O,,8.49,1,8.49,8.49,IC50,B,assay format,other,9,D,2021,
CHEMBL593040,CHEMBL593040,CCOc1ccccc1-c1cc(C(=O)NCc2ncccc2C)nc(N)n1,,6.97,1,6.97,6.97,Ki,B,cell-based format,cell_based,9,D,2009,
CHEMBL593058,CHEMBL593058,Nc1nc(C(=O)NCc2ccccn2)cc(-c2ccccc2Cl)n1,,7.51,1,7.51,7.51,Ki,B,cell-based format,cell_based,9,D,2009,
CHEMBL5931362,CHEMBL5931362,Cn1cc(-c2c(-c3ccc(C(F)F)cc3)nc(N)n3nc(Cc4ncccc4F)nc23)ccc1=O,,7.815,2,7.16,8.47,IC50,B,assay format,other,9,D,2020,
CHEMBL5931557,CHEMBL5931557,Cc1cc2nc(N[C@@H](C)c3cncc(F)c3)nc(C(=O)N3CCC3)c2s1,,7.12,1,7.12,7.12,IC50,B,single protein format,single_protein,9,D,2022,
CHEMBL5931811,CHEMBL5931811,C[C@@H]1CCN(C(=O)c2nc(N[C@@H](C)c3ccccn3)nc3ccsc23)C1,,7.12,1,7.12,7.12,IC50,B,single protein format,single_protein,9,D,2022,
CHEMBL5932058,CHEMBL5932058,C[C@H](Nc1nc(C(=O)N2CC(NC(=O)c3ccc(C(F)(F)F)o3)C2)c2sccc2n1)c1cncc(F)c1,,7.52,1,7.52,7.52,IC50,B,single protein format,single_protein,9,D,2022,
CHEMBL593216,CHEMBL593216,Cn1c(=O)c2[nH]c(Cc3ccco3)nc2n(Cc2ccco2)c1=O,,6.37,1,6.37,6.37,Ki,B,cell-based format,cell_based,9,D,2009,
CHEMBL593217,CHEMBL593217,CCn1c(=O)c2c(nc(Cc3ccccc3)n2C)n(Cc2ccco2)c1=O,,7.05,1,7.05,7.05,Ki,B,cell-based format,cell_based,9,D,2009,
CHEMBL593259,CHEMBL593259,Cc1cccc(-c2cc(C(=O)NCc3ccccn3)nc(N)n2)c1,,7.75,1,7.75,7.75,Ki,B,cell-based format,cell_based,9,D,2009,
CHEMBL5933018,CHEMBL5933018,COc1cc2nc(N)n3nc(C4CCC(C)N(c5cn(CC(C)(C)O)nc5C)C4)nc3c2cc1F,,7.865,2,7.36,8.37,IC50,B,assay format,other,9,D,2022,
CHEMBL5933059,CHEMBL5933059,Cc1cc(-c2c(-c3ccc(C)o3)nc(N)n3cnnc23)cc(C(F)(F)F)n1,,9.74,2,9.74,9.74,IC50,B,assay format,other,9,D,2022,
CHEMBL5933344,CHEMBL5933344,COc1ccc(CNC(=O)c2nc(N[C@@H](C)c3ccccn3)nc3ccsc23)cc1,,7.12,1,7.12,7.12,IC50,B,single protein format,single_protein,9,D,2022,
CHEMBL5933368,CHEMBL5933368,Nc1nc2c3c(ccc2c2nc(CN4CCC(F)(F)C4)nn12)OC(F)(F)O3,,8.74,1,8.74,8.74,Ki,B,assay format,other,9,D,2021,
CHEMBL5933436,CHEMBL5933436,COc1cc2nc(N)n3nc([C@@H]4CCCN(c5cnn(C6CCOCC6)c5C(F)F)C4)nc3c2cc1F,,9.15,1,9.15,9.15,IC50,B,assay format,other,9,D,2022,
CHEMBL5933538,CHEMBL5933538,COCC(Nc1nc(C(=O)NC2CC2)c2sccc2n1)c1cccnc1,,7.12,1,7.12,7.12,IC50,B,single protein format,single_protein,9,D,2022,
CHEMBL5933766,CHEMBL5933766,COc1cccc2c(C(=O)NC3(c4ccccn4)CC3)nc(N)nc12,,6.03,1,6.03,6.03,Ki,B,assay format,other,9,D,2018,
CHEMBL5933787,CHEMBL5933787,COc1cc2nc(N)n3nc([C@@H]4CCCN(c5ncn(CC(C)(C)O)n5)C4)nc3c2cc1F,,8.12,1,8.12,8.12,IC50,B,assay format,other,9,D,2022,
CHEMBL5934149,CHEMBL5934149,Cc1cc(-c2c(-c3ccccc3F)nc(N)n3cnnc23)cc(C)n1,,9.02,3,9.02,9.02,IC50,B,assay format,other,9,D,2022,
CHEMBL5934455,CHEMBL5934455,Cn1nc(C(F)(F)F)cc1Oc1nnc(N)nc1-c1ccccc1,,7.39,1,7.39,7.39,Ki,B,assay format,other,9,D,2021,
CHEMBL593508,CHEMBL593508,Cc1cccc(-c2cc(C(=O)NCc3ncccc3C)nc(N)n2)c1,,8.05,1,8.05,8.05,Ki,B,cell-based format,cell_based,9,D,2009,
CHEMBL5935139,CHEMBL5935139,COCCN1CCC[C@@H](c2nc3c4cccc(OC)c4nc(N)n3n2)C1,,8.51,1,8.51,8.51,Ki,B,assay format,other,9,D,2020,
CHEMBL5935519,CHEMBL5935519,Nc1nc2c3c(ccc2c2nc(CCN4CCC(F)(F)CC4)nn12)OC(F)(F)O3,,8.59,1,8.59,8.59,Ki,B,assay format,other,9,D,2021,
CHEMBL593572,CHEMBL593572,COCCn1c(=O)c2c(nc(Cc3cccs3)n2C)n(Cc2ccco2)c1=O,,6.16,1,6.16,6.16,Ki,B,cell-based format,cell_based,9,D,2009,
CHEMBL5936744,CHEMBL5936744,CCOC(=O)c1cn2c(N)nc(-c3ccccc3)c(-c3ccnc(C)c3)c2n1,,7.26,1,7.26,7.26,Ki,B,assay format,other,9,D,2023,
CHEMBL5937050,CHEMBL5937050,Cc1cc(-c2c(-c3ccccc3)nc(N)n3cnnc23)cc(C(F)(F)F)n1,,9.64,2,9.64,9.64,IC50,B,assay format,other,9,D,2022,
CHEMBL5937437,CHEMBL5937437,Cc1cc(-c2c(-c3ccc(Cl)cc3)nc(N)n3cnnc23)cc(C)n1,,9.32,1,9.32,9.32,IC50,B,assay format,other,9,D,2022,
CHEMBL593746,CHEMBL593746,COCc1cccc(CNC(=O)c2nc(N)nc(-c3ccco3)n2)n1,,8.06,1,8.06,8.06,Ki,B,cell-based format,cell_based,9,D,2009,
CHEMBL5938182,CHEMBL5938182,COc1cccc2c1nc(N)n1nc([C@@H]3CCCN(C4CCC(F)(F)CC4)C3)nc21,,8.23,1,8.23,8.23,Ki,B,assay format,other,9,D,2020,
CHEMBL5938328,CHEMBL5938328,Nc1nc(-c2ccccc2)c(-c2cc(F)c3ncccc3c2)c2nncn12,,9.8,2,9.8,9.8,IC50,B,assay format,other,9,D,2022,
CHEMBL5938716,CHEMBL5938716,C[C@H](NC(=O)c1nc(-c2ccc3ncccc3c2)c(-c2cccc(C#N)c2)nc1N)c1ccccn1,,8.42,1,8.42,8.42,IC50,B,assay format,other,9,D,2022,
CHEMBL5938890,CHEMBL5938890,COc1ccc(CNC(=O)c2nc(NCc3cncc(C)c3)nc3ccsc23)cn1,,6.52,1,6.52,6.52,IC50,B,single protein format,single_protein,9,D,2022,
CHEMBL5939109,CHEMBL5939109,C[C@H](Nc1nc(C(=O)N2CCCC2)c2sccc2n1)c1cncc(F)c1,,6.52,1,6.52,6.52,IC50,B,single protein format,single_protein,9,D,2022,
CHEMBL5939364,CHEMBL5939364,COC1CC(NC(=O)c2nc(N[C@@H](C)c3cccnc3)nc3ccsc23)C1,,6.52,1,6.52,6.52,IC50,B,single protein format,single_protein,9,D,2022,
CHEMBL5939518,CHEMBL5939518,Cc1ncc(-c2nc(N)cnc2-c2cc(Cl)c3ncccc3c2)s1,,8.03,1,8.03,8.03,IC50,B,assay format,other,9,D,2021,
CHEMBL5939534,CHEMBL5939534,C[C@@H]1CN(CCc2nc3c4ccc5c(c4nc(N)n3n2)OC(F)(F)O5)C[C@@H](C)O1,,7.44,1,7.44,7.44,Ki,B,assay format,other,9,D,2021,
CHEMBL5939717,CHEMBL5939717,Cc1cc2nc(N[C@@H](C)c3cncc(F)c3)nc(C(=O)N3CC[C@H](CO)C3)c2s1,,7.12,1,7.12,7.12,IC50,B,single protein format,single_protein,9,D,2022,
CHEMBL593973,CHEMBL593973,Cc1cccnc1CNC(=O)c1cc(-c2ccccc2F)nc(N)n1,,7.85,1,7.85,7.85,Ki,B,cell-based format,cell_based,9,D,2009,
CHEMBL593975,CHEMBL593975,Cc1cccnc1CNC(=O)c1cc(-c2cccc(F)c2)nc(N)n1,,8.05,1,8.05,8.05,Ki,B,cell-based format,cell_based,9,D,2009,
CHEMBL5939822,CHEMBL5939822,C[C@H](Nc1nc(C(=O)NCc2ccc(OCC3CC3)nc2)c2sccc2n1)c1ccccn1,,7.12,1,7.12,7.12,IC50,B,single protein format,single_protein,9,D,2022,
CHEMBL593986,CHEMBL593986,Nc1nc(C(=O)NCc2ccccn2)cc(-c2cccc(F)c2)n1,,7.75,1,7.75,7.75,Ki,B,cell-based format,cell_based,9,D,2009,
CHEMBL593999,CHEMBL593999,Cc1ccccc1CNC(=O)c1nc(N)nc(-c2ccco2)n1,,7.91,1,7.91,7.91,Ki,B,cell-based format,cell_based,9,D,2009,
CHEMBL594000,CHEMBL594000,Cc1cccc(CNC(=O)c2nc(N)nc(-c3ccco3)n2)c1,,8.12,1,8.12,8.12,Ki,B,cell-based format,cell_based,9,D,2009,
CHEMBL5940079,CHEMBL5940079,CN1C(=O)c2c(-c3ccco3)nc(N)nc2C1Cc1ccccc1F,,7.19,1,7.19,7.19,IC50,B,assay format,other,9,D,2021,
CHEMBL5940119,CHEMBL5940119,Cc1cnc2ccc(-c3c(-c4ccc(F)cc4)nc(N)n4nc(CC5CCOC5)nc34)cn12,,10.0,1,10.0,10.0,IC50,B,assay format,other,9,D,2020,
CHEMBL594136,CHEMBL594136,Cc1ccc(-c2cc(C(=O)NCc3cccn3C)nc(N)n2)o1,,8.6,1,8.6,8.6,Ki,B,cell-based format,cell_based,9,D,2009,
CHEMBL594137,CHEMBL594137,COc1cccc(-c2cc(C(=O)NCc3ncccc3C)nc(N)n2)c1,,7.62,1,7.62,7.62,Ki,B,cell-based format,cell_based,9,D,2009,
CHEMBL5941526,CHEMBL5941526,COC1CN(C(=O)c2nc(NCc3cncc(F)c3)nc3ccsc23)C1,,6.52,1,6.52,6.52,IC50,B,single protein format,single_protein,9,D,2022,
CHEMBL5941719,CHEMBL5941719,Nc1nc2c3c(ccc2c2nc(Cc4cccnc4N4CC[C@@H](c5ccc(F)cc5)C4)nn12)OC(F)(F)O3,,8.08,1,8.08,8.08,Ki,B,assay format,other,9,D,2021,
CHEMBL5941762,CHEMBL5941762,Nc1nc2c3c(ccc2c2nc(CN4Cc5ccc(F)cc5C4)nn12)OC(F)(F)O3,,8.57,1,8.57,8.57,Ki,B,assay format,other,9,D,2021,
CHEMBL5941809,CHEMBL5941809,CCn1cc([C@@]2(O)CCCC(c3nc4c5cc(F)c(OC)cc5nc(N)n4n3)C2)cn1,,7.55,2,6.42,8.68,IC50,B,assay format,other,9,D,2022,
CHEMBL594197,CHEMBL594197,Cc1ccc(-c2nc(N)nc(C(=O)NCc3ncccc3C)c2C)o1,,6.81,1,6.81,6.81,Ki,B,cell-based format,cell_based,9,D,2009,
CHEMBL594226,CHEMBL594226,Cc1ccc(-c2cc(C(=O)NCc3ncccc3C)nc(N)n2)cc1,,7.8,1,7.8,7.8,Ki,B,cell-based format,cell_based,9,D,2009,
CHEMBL5942523,CHEMBL5942523,COc1cc2nc(N)n3nc(C4CCC(C)N(c5cnn(C(C)(C)CO)c5)C4)nc3c2cc1F,,8.59,3,6.92,9.52,IC50,B,assay format,other,9,D,2022,
CHEMBL594271,CHEMBL594271,CCn1c(=O)c2c(nc(Cc3ccco3)n2C)n(Cc2ccco2)c1=O,,6.98,1,6.98,6.98,Ki,B,cell-based format,cell_based,9,D,2009,
CHEMBL5942988,CHEMBL5942988,Nc1nnc(-c2cc(Cl)cc(OS(=O)(=O)C(F)(F)F)c2)c(-c2ccccc2)n1,,7.89,1,7.89,7.89,Ki,B,assay format,other,9,D,2021,
CHEMBL5943058,CHEMBL5943058,Cc1csc2c(C(=O)N3CC[C@H](O)C3)nc(N[C@@H](C)c3cncc(F)c3)nc12,,6.52,1,6.52,6.52,IC50,B,single protein format,single_protein,9,D,2022,
CHEMBL5943580,CHEMBL5943580,COc1cccc2c1nc(N)n1nc([C@@H]3CCC[C@@H](N)C3)nc21,,6.94,1,6.94,6.94,Ki,B,assay format,other,9,D,2020,
CHEMBL594363,CHEMBL594363,Cc1ccc(-c2cc(C(=O)NCc3ncc[nH]3)nc(N)n2)o1,,9.0,1,9.0,9.0,Ki,B,cell-based format,cell_based,9,D,2009,
CHEMBL5943822,CHEMBL5943822,Cc1cc2nc(N[C@@H](C)c3cncc(F)c3)nc(C(=O)N3CCCC3)c2s1,,7.12,1,7.12,7.12,IC50,B,single protein format,single_protein,9,D,2022,
CHEMBL5943872,CHEMBL5943872,COc1cccc2c(C(=O)NCc3cccc(-c4ccccn4)n3)nc(N)nc12,,8.92,1,8.92,8.92,Ki,B,assay format,other,9,D,2018,
CHEMBL5944137,CHEMBL5944137,COc1cccc2c(C(=O)NCc3cccc(COCC4CC4)n3)nc(N)nc12,,8.89,1,8.89,8.89,Ki,B,assay format,other,9,D,2018,
CHEMBL5944347,CHEMBL5944347,COc1ccc([C@H](C)Nc2nc(C(=O)N3CC(NC(C)=O)C3)c3sc(C)cc3n2)cc1,,7.12,1,7.12,7.12,IC50,B,single protein format,single_protein,9,D,2022,
CHEMBL594454,CHEMBL594454,CCCn1ccnc1CNC(=O)c1cc(-c2ccc(C)o2)nc(N)n1,,8.22,1,8.22,8.22,Ki,B,cell-based format,cell_based,9,D,2009,
CHEMBL594455,CHEMBL594455,Cc1ccc(-c2cc(C(=O)NCc3nccn3C(C)C)nc(N)n2)o1,,8.26,1,8.26,8.26,Ki,B,cell-based format,cell_based,9,D,2009,
CHEMBL5944809,CHEMBL5944809,C[C@H](Nc1nc(C(=O)NCCC2CCN(C(=O)OC(C)(C)C)C2)c2sccc2n1)c1cncc(F)c1,,7.12,1,7.12,7.12,IC50,B,single protein format,single_protein,9,D,2022,
CHEMBL5944941,CHEMBL5944941,CC1(F)CN(Cc2nc3c4ccc5c(c4nc(N)n3n2)OC(F)(F)O5)C1,,8.85,1,8.85,8.85,Ki,B,assay format,other,9,D,2021,
CHEMBL5945006,CHEMBL5945006,CO[C@@H]1CCCN(CCc2nc3c4ccc5c(c4nc(N)n3n2)OC(F)(F)O5)C1,,7.89,1,7.89,7.89,Ki,B,assay format,other,9,D,2021,
CHEMBL5945120,CHEMBL5945120,Cc1cc2nc(N)n3nc([C@@H]4CC[C@H](C)N(c5cnn(CC(C)(C)O)c5)C4)nc3c2cc1F,,9.4,1,9.4,9.4,IC50,B,assay format,other,9,D,2022,
CHEMBL5945954,CHEMBL5945954,Cc1cc(-c2c(-c3ccc(F)cc3)nc(N)n3cnnc23)cc(C)n1,,9.28,2,9.28,9.28,IC50,B,assay format,other,9,D,2022,
CHEMBL5945995,CHEMBL5945995,O=C(c1nc(NCCc2ccc(O)cc2)nc2ccsc12)N1CCCC1,,6.52,1,6.52,6.52,IC50,B,single protein format,single_protein,9,D,2022,
CHEMBL594625,CHEMBL594625,O=C(NC1CCC1)[C@H]1S[C@@H](n2cnc3c(NCc4cccc(I)c4)ncnc32)[C@H](O)[C@@H]1O,,6.91,1,6.91,6.91,Ki,B,cell-based format,cell_based,9,D,2009,
CHEMBL5946276,CHEMBL5946276,Cc1cc2nc(N[C@@H](C)c3cncc(F)c3)nc(C(=O)N3CC(CN(C)C)C3)c2s1,,6.82,2,6.52,7.12,IC50,B,single protein format,single_protein,9,D,2022,
CHEMBL594662,CHEMBL594662,Cc1cccnc1CNC(=O)c1nc(N)nc(-c2ccco2)n1,,7.73,1,7.73,7.73,Ki,B,cell-based format,cell_based,9,D,2009,
CHEMBL594676,CHEMBL594676,Cc1cccnc1CNC(=O)c1cc(-c2ccco2)nc(N)n1,,8.55,2,8.55,8.55,Ki,B,cell-based format,cell_based,9,D,2009,
CHEMBL594677,CHEMBL594677,CCc1ccccc1-c1cc(C(=O)NCc2ccccn2)nc(N)n1,,7.04,1,7.04,7.04,Ki,B,cell-based format,cell_based,9,D,2009,
CHEMBL5946866,CHEMBL5946866,CC(C)(Cc1nc2c3ccc4c(c3nc(N)n2n1)OC(F)(F)O4)N1CC(F)C1,,7.51,1,7.51,7.51,Ki,B,assay format,other,9,D,2021,
CHEMBL5947174,CHEMBL5947174,C[C@H](Nc1nc(C(=O)NC[C@@H](C)O)c2sccc2n1)c1cncc(Cl)c1,,6.52,1,6.52,6.52,IC50,B,single protein format,single_protein,9,D,2022,
CHEMBL594728,CHEMBL594728,C#CCn1c(=O)c2[nH]c(Cc3c(F)cccc3F)nc2n(Cc2ccco2)c1=O,,6.34,1,6.34,6.34,Ki,B,cell-based format,cell_based,9,D,2009,
CHEMBL5947305,CHEMBL5947305,Cc1ccn(-c2nc(N)c(C#N)nc2-c2cc(Cl)c3ncccc3c2)n1,,8.62,1,8.62,8.62,IC50,B,assay format,other,9,D,2021,
CHEMBL594734,CHEMBL594734,CCCn1c(=O)c2c(nc(Cc3ccco3)n2C)n(Cc2ccco2)c1=O,,6.51,1,6.51,6.51,Ki,B,cell-based format,cell_based,9,D,2009,
CHEMBL5947343,CHEMBL5947343,C[C@H](Nc1nc(C(=O)NCCO)c2sccc2n1)c1cccnc1,,6.52,1,6.52,6.52,IC50,B,single protein format,single_protein,9,D,2022,
CHEMBL594735,CHEMBL594735,C=CCn1c(=O)c2c(nc(Cc3cccs3)n2C)n(Cc2ccco2)c1=O,,6.51,1,6.51,6.51,Ki,B,cell-based format,cell_based,9,D,2009,
CHEMBL5947725,CHEMBL5947725,CCC(Nc1nc(C(=O)N2CCCC2)c2sccc2n1)c1cccnc1,,6.52,1,6.52,6.52,IC50,B,single protein format,single_protein,9,D,2022,
CHEMBL5947862,CHEMBL5947862,Nc1nnc(-c2cc(Cl)nc(CF)c2)c(-c2ccccc2)n1,,8.71,1,8.71,8.71,Ki,B,assay format,other,9,D,2021,
CHEMBL5947989,CHEMBL5947989,Nc1nc(C(=O)NCc2ccccc2-n2cccn2)c2cccc(F)c2n1,,9.3,1,9.3,9.3,Ki,B,assay format,other,9,D,2018,
CHEMBL5948505,CHEMBL5948505,Cn1cc(-c2c(-c3ccc(C#N)cc3)nc(N)n3nc(Cc4ncccc4F)nc23)ccc1=O,,6.92,1,6.92,6.92,IC50,B,assay format,other,9,D,2020,
CHEMBL5948783,CHEMBL5948783,COc1ccc(CNc2nc(C(=O)NC3CCC3)c3sccc3n2)cn1,,7.12,1,7.12,7.12,IC50,B,single protein format,single_protein,9,D,2022,
CHEMBL594905,CHEMBL594905,COc1ccccc1CNC(=O)c1nc(N)nc(-c2ccco2)n1,,8.19,1,8.19,8.19,Ki,B,cell-based format,cell_based,9,D,2009,
CHEMBL594906,CHEMBL594906,Cc1cccnc1CNC(=O)c1cc(-c2ccccc2Cl)nc(N)n1,,7.62,1,7.62,7.62,Ki,B,cell-based format,cell_based,9,D,2009,
CHEMBL594907,CHEMBL594907,Cc1cccnc1CNC(=O)c1cc(-c2cccc(Cl)c2)nc(N)n1,,7.64,1,7.64,7.64,Ki,B,cell-based format,cell_based,9,D,2009,
CHEMBL5949139,CHEMBL5949139,N#Cc1ccc(OCc2cccc(CNC(=O)c3nc(N)nc4c(F)cccc34)n2)cc1,,8.42,1,8.42,8.42,Ki,B,assay format,other,9,D,2018,
CHEMBL5949200,CHEMBL5949200,COc1cccc2c1nc(N)n1nc([C@@H]3CCCN(c4ccccc4)C3)nc21,,7.47,1,7.47,7.47,Ki,B,assay format,other,9,D,2020,
CHEMBL5949377,CHEMBL5949377,Cc1cc(Cl)cc2c1nc(N)n1nc(C3CCCN(c4cnn(C)c4)C3)nc21,,6.48,1,6.48,6.48,IC50,B,assay format,other,9,D,2022,
CHEMBL5949467,CHEMBL5949467,COc1cc(F)cc2c1nc(N)n1nc([C@@H]3CCCN(c4cn(CC(C)(C)O)nc4C)C3)nc21,,9.4,1,9.4,9.4,IC50,B,assay format,other,9,D,2022,
CHEMBL594963,CHEMBL594963,Cn1c(Cc2cccs2)nc2c1c(=O)n(CC1CC1)c(=O)n2Cc1ccco1,,6.31,1,6.31,6.31,Ki,B,cell-based format,cell_based,9,D,2009,
CHEMBL5949734,CHEMBL5949734,Cc1cnc2ccc(-c3c(-c4ccc(F)cc4)nc(N)n4nc(CCN(C)C)nc34)cn12,,9.22,1,9.22,9.22,IC50,B,assay format,other,9,D,2020,
CHEMBL5949836,CHEMBL5949836,Cc1cc2nc(N[C@@H](C)c3ccccn3)nc(C(=O)NCCO)c2s1,,6.52,1,6.52,6.52,IC50,B,single protein format,single_protein,9,D,2022,
CHEMBL5950484,CHEMBL5950484,Nc1nc(C(=O)NCc2cccc(Cc3ccncc3)n2)c2cccc(F)c2n1,,8.8,1,8.8,8.8,Ki,B,assay format,other,9,D,2018,
CHEMBL5950652,CHEMBL5950652,C[C@H](Nc1nc(C(=O)NCCC2CCCC2)c2sccc2n1)c1ccccn1,,7.12,1,7.12,7.12,IC50,B,single protein format,single_protein,9,D,2022,
CHEMBL5950829,CHEMBL5950829,Cc1cc(-c2c(-c3ccccc3)nc(N)n3cnnc23)cc(C2CC2)n1,,9.11,2,9.11,9.11,IC50,B,assay format,other,9,D,2022,
CHEMBL595131,CHEMBL595131,COc1cccc(-c2cc(C(=O)NCc3ccccn3)nc(N)n2)c1,,7.55,1,7.55,7.55,Ki,B,cell-based format,cell_based,9,D,2009,
CHEMBL595132,CHEMBL595132,Cc1cccnc1CNC(=O)c1cc(-c2ccccc2)nc(N)n1,,8.22,1,8.22,8.22,Ki,B,cell-based format,cell_based,9,D,2009,
CHEMBL5951384,CHEMBL5951384,Cc1nc2c(s1)CN([C@H](C)Cc1nc3c4ccc5c(c4nc(N)n3n1)OC(F)(F)O5)CC2,,8.59,1,8.59,8.59,Ki,B,assay format,other,9,D,2021,
CHEMBL5951434,CHEMBL5951434,COc1cc2nc(N)n3nc([C@@H]4CCCN(c5cnn(C6CCC[C@@]6(C)O)c5)C4)nc3c2cc1F,,8.57,1,8.57,8.57,IC50,B,assay format,other,9,D,2022,
CHEMBL595144,CHEMBL595144,CCc1ccccc1-c1cc(C(=O)NCc2ncccc2C)nc(N)n1,,6.97,1,6.97,6.97,Ki,B,cell-based format,cell_based,9,D,2009,
CHEMBL595146,CHEMBL595146,Cc1ccc(-c2cc(C(=O)NCc3ccccn3)ncn2)o1,,7.01,1,7.01,7.01,Ki,B,cell-based format,cell_based,9,D,2009,
CHEMBL595174,CHEMBL595174,Cc1csc(-c2cc(C(=O)NCc3ccccn3)nc(N)n2)n1,,7.33,1,7.33,7.33,Ki,B,cell-based format,cell_based,9,D,2009,
CHEMBL5951900,CHEMBL5951900,COc1cc(F)cc2c1nc(N)n1nc([C@@H]3CC[C@H](C)N(c4cn(CC(C)(C)O)nc4C)C3)nc21,,9.7,1,9.7,9.7,IC50,B,assay format,other,9,D,2022,
CHEMBL5952173,CHEMBL5952173,C[C@H](Nc1nc(C(=O)NCCC2CCN(C(=O)OC(C)(C)C)C2)c2sccc2n1)c1ccccn1,,7.12,1,7.12,7.12,IC50,B,single protein format,single_protein,9,D,2022,
CHEMBL5952202,CHEMBL5952202,COCC(Nc1nc(C(=O)NC2COC2)c2sccc2n1)c1cccnc1,,6.52,1,6.52,6.52,IC50,B,single protein format,single_protein,9,D,2022,
CHEMBL5952310,CHEMBL5952310,C[C@H](Nc1nc(C(=O)N2CC(O)C2)c2sccc2n1)c1cccnc1,,6.52,1,6.52,6.52,IC50,B,single protein format,single_protein,9,D,2022,
CHEMBL5952384,CHEMBL5952384,Cn1cc(-c2c(-c3ccc(F)cc3)nc(N)n3nc(Cc4cccc(N)n4)nc23)ccc1=O,,7.57,1,7.57,7.57,IC50,B,assay format,other,9,D,2020,
CHEMBL5952508,CHEMBL5952508,CCC1CCC(c2nc3c4cc(F)c(OC)cc4nc(N)n3n2)CN1c1cnn(CC(C)(C)O)c1,,7.865,4,7.1,9.0,IC50,B,assay format,other,9,D,2022,
CHEMBL5952551,CHEMBL5952551,C[C@H](Nc1nc(C(=O)N2CCC2)c2sccc2n1)c1ccccn1,,7.12,1,7.12,7.12,IC50,B,single protein format,single_protein,9,D,2022,
CHEMBL5953034,CHEMBL5953034,COc1cccc2c1nc(N)n1nc([C@@H]3CC(F)(F)CN3)nc21,,9.3,1,9.3,9.3,Ki,B,assay format,other,9,D,2020,
CHEMBL5953187,CHEMBL5953187,CO[C@H]1CCN(C(=O)c2nc(N[C@@H](C)c3cncc(Cl)c3)nc3ccsc23)C1,,6.52,1,6.52,6.52,IC50,B,single protein format,single_protein,9,D,2022,
CHEMBL595363,CHEMBL595363,COc1ccccc1-c1cc(C(=O)NCc2ncccc2C)nc(N)n1,,7.52,1,7.52,7.52,Ki,B,cell-based format,cell_based,9,D,2009,
CHEMBL595364,CHEMBL595364,CCc1c(C(=O)NCc2ccccn2)nc(N)nc1-c1ccc(C)o1,,7.6,1,7.6,7.6,Ki,B,cell-based format,cell_based,9,D,2009,
CHEMBL595365,CHEMBL595365,Cc1cc(CNC(=O)c2cc(-c3ccc(C)o3)nc(N)n2)no1,,8.07,1,8.07,8.07,Ki,B,cell-based format,cell_based,9,D,2009,
CHEMBL595405,CHEMBL595405,Cc1ccccc1-c1cc(C(=O)NCc2ccccn2)nc(N)n1,,7.31,1,7.31,7.31,Ki,B,cell-based format,cell_based,9,D,2009,
CHEMBL5954196,CHEMBL5954196,COc1cc2nc(N)n3nc([C@@H]4CCCN(c5cn(CC(C)(C)O)nc5C5CC5)C4)nc3c2cc1F,,9.52,1,9.52,9.52,IC50,B,assay format,other,9,D,2022,
CHEMBL595431,CHEMBL595431,CCn1c(=O)c2[nH]c(Cc3cccs3)nc2n(Cc2ccco2)c1=O,,6.44,1,6.44,6.44,Ki,B,cell-based format,cell_based,9,D,2009,
CHEMBL5954665,CHEMBL5954665,C[C@H](Nc1nc(C(=O)NC2CC(O)C2)c2sccc2n1)c1ccccn1,,7.02,2,6.52,7.52,IC50,B,single protein format,single_protein,9,D,2022,
CHEMBL5955357,CHEMBL5955357,Cc1cnc2ccc(-c3c(N4CCCC4)nc(N)n4nc(Cc5ncccc5F)nc34)cn12,,8.09,1,8.09,8.09,IC50,B,assay format,other,9,D,2020,
CHEMBL5955472,CHEMBL5955472,C[C@H](Nc1nc(C(=O)NCC(F)(F)F)c2sccc2n1)c1ccccn1,,7.12,1,7.12,7.12,IC50,B,single protein format,single_protein,9,D,2022,
CHEMBL5955717,CHEMBL5955717,C[C@@H](NC(=O)c1nc(-c2cc(Cl)c3ncccc3c2)c(-c2ccccc2)nc1N)c1cccc(C#N)n1,,7.19,1,7.19,7.19,IC50,B,assay format,other,9,D,2022,
CHEMBL5956015,CHEMBL5956015,Cn1cc(-c2c(-c3ccc(F)cc3)nc(N)n3nc(Cc4ncccc4OC(F)F)nc23)ccc1=O,,8.505,2,8.46,8.55,IC50,B,assay format,other,9,D,2020,
CHEMBL5956234,CHEMBL5956234,C[C@H](Nc1nc(C(=O)N2CC[C@H](F)C2)c2sccc2n1)c1cncc(F)c1,,6.52,1,6.52,6.52,IC50,B,single protein format,single_protein,9,D,2022,
CHEMBL5956246,CHEMBL5956246,CCNC(=O)c1nc(N[C@@H](C)c2ccccn2)nc2ccsc12,,7.12,1,7.12,7.12,IC50,B,single protein format,single_protein,9,D,2022,
CHEMBL5956556,CHEMBL5956556,Cc1csc2c(C(=O)NCc3ccccc3)nc(N[C@@H](C)c3ccccn3)nc12,,7.52,1,7.52,7.52,IC50,B,single protein format,single_protein,9,D,2022,
CHEMBL595658,CHEMBL595658,CCCn1c(=O)c2c(nc(Cc3cccs3)n2C)n(Cc2ccco2)c1=O,,6.62,1,6.62,6.62,Ki,B,cell-based format,cell_based,9,D,2009,
CHEMBL5956581,CHEMBL5956581,CC(C)Oc1cccc(-c2cccc(CNC(=O)c3nc(N)nc4c(F)cccc34)n2)c1,,8.42,1,8.42,8.42,Ki,B,assay format,other,9,D,2018,
CHEMBL5956636,CHEMBL5956636,C[C@H](Nc1nc(C(=O)N[C@@H](C)CO)c2sccc2n1)c1ccccn1,,6.52,1,6.52,6.52,IC50,B,single protein format,single_protein,9,D,2022,
CHEMBL5956914,CHEMBL5956914,Nc1nnc(-c2cc(Cl)nc(C(F)F)c2)c(-c2ccccc2)n1,,8.9,1,8.9,8.9,Ki,B,assay format,other,9,D,2021,
CHEMBL5957047,CHEMBL5957047,COc1cccc2c(C(=O)NCc3nc(C)ccc3F)nc(N)nc12,,9.3,1,9.3,9.3,Ki,B,assay format,other,9,D,2018,
CHEMBL5957422,CHEMBL5957422,CC(C)n1cc(-c2c(-c3ccc(F)cc3)nc(N)n3nc(Cc4ncccc4F)nc23)ccc1=O,,8.775,2,8.4,9.15,IC50,B,assay format,other,9,D,2020,
CHEMBL5957693,CHEMBL5957693,Cc1cnc2ccc(-c3nc(C(=O)NCC4CCO4)c(N)nc3-c3ncco3)cn12,,8.48,2,8.26,8.7,IC50,B,assay format,other,9,D,2021,
CHEMBL5958175,CHEMBL5958175,COc1cc2nc(N)n3nc(C4CCC(C)N(c5cnn(C(C)(C)C(C)O)c5)C4)nc3c2cc1F,,7.855,4,6.76,8.89,IC50,B,cell-based format,cell_based,9,D,2022,
CHEMBL595843,CHEMBL595843,Nc1nc(C(=O)NCc2cccnc2)nc(-c2ccco2)n1,,7.06,1,7.06,7.06,Ki,B,cell-based format,cell_based,9,D,2009,
CHEMBL595844,CHEMBL595844,Nc1nc(C(=O)NCc2ccncc2)nc(-c2ccco2)n1,,6.38,1,6.38,6.38,Ki,B,cell-based format,cell_based,9,D,2009,
CHEMBL595845,CHEMBL595845,Nc1nc(C(=O)NCc2ccccn2)cc(-c2ccccc2)n1,,7.85,1,7.85,7.85,Ki,B,cell-based format,cell_based,9,D,2009,
CHEMBL5958542,CHEMBL5958542,C[C@H](Nc1nc(C(=O)NCCS(C)(=O)=O)c2sccc2n1)c1ccccn1,,6.52,1,6.52,6.52,IC50,B,single protein format,single_protein,9,D,2022,
CHEMBL595863,CHEMBL595863,COc1ccc(-c2cc(C(=O)NCc3ncccc3C)nc(N)n2)cc1,,6.81,1,6.81,6.81,Ki,B,cell-based format,cell_based,9,D,2009,
CHEMBL5959003,CHEMBL5959003,C[C@H](Nc1nc(C(=O)N2CCOC2)c2sccc2n1)c1ccccn1,,6.52,1,6.52,6.52,IC50,B,single protein format,single_protein,9,D,2022,
CHEMBL5959158,CHEMBL5959158,Cc1cnc2ccc(-c3c(N4CCOC[C@H]4C)nc(N)n4nc(Cc5ncccc5F)nc34)cn12,,7.14,1,7.14,7.14,IC50,B,assay format,other,9,D,2020,
CHEMBL5959365,CHEMBL5959365,COC[C@H](C)NC(=O)c1nc(-c2ccc3ncc(C)n3c2)c(-c2ncco2)nc1N,,8.5,1,8.5,8.5,IC50,B,assay format,other,9,D,2021,
CHEMBL5959432,CHEMBL5959432,Cc1nc2c(o1)CN(CCc1nc3c4ccc5c(c4nc(N)n3n1)OC(F)(F)O5)CC2,,8.82,1,8.82,8.82,Ki,B,assay format,other,9,D,2021,
CHEMBL596014,CHEMBL596014,O=C(NC1CC1)[C@H]1S[C@@H](n2cnc3c(NCc4cccc(I)c4)ncnc32)[C@H](O)[C@@H]1O,,7.82,1,7.82,7.82,Ki,B,cell-based format,cell_based,9,D,2009,
CHEMBL5960154,CHEMBL5960154,Cc1cc(-c2c(-c3ccccc3)nc(N)n3ccnc23)cc(C)n1,,9.03,1,9.03,9.03,IC50,B,assay format,other,9,D,2022,
CHEMBL596042,CHEMBL596042,CCNC(=O)[C@H]1S[C@@H](n2cnc3c(NCc4cccc(I)c4)ncnc32)[C@H](O)[C@@H]1O,,7.24,1,7.24,7.24,Ki,B,cell-based format,cell_based,9,D,2009,
CHEMBL5960438,CHEMBL5960438,C[C@@H](Cc1nc2c3ccc4c(c3nc(N)n2n1)OC(F)(F)O4)N1Cc2ccncc2C1,,8.11,1,8.11,8.11,Ki,B,assay format,other,9,D,2021,
CHEMBL596074,CHEMBL596074,Cc1cccnc1CNC(=O)c1cc(-c2ccccc2C#N)nc(N)n1,,6.91,1,6.91,6.91,Ki,B,cell-based format,cell_based,9,D,2009,
CHEMBL596075,CHEMBL596075,Cc1cccnc1CNC(=O)c1cc(-c2cccc(C#N)c2)nc(N)n1,,7.54,1,7.54,7.54,Ki,B,cell-based format,cell_based,9,D,2009,
CHEMBL596088,CHEMBL596088,Cc1ccc(-c2cc(C(=O)NCc3ccccn3)nc(N)n2)cc1,,7.44,1,7.44,7.44,Ki,B,cell-based format,cell_based,9,D,2009,
CHEMBL5960939,CHEMBL5960939,Nc1nc2c3c(ccc2c2nc(CC4CN(C5CCC5)C4)nn12)OC(F)(F)O3,,7.19,1,7.19,7.19,Ki,B,assay format,other,9,D,2021,
CHEMBL5960960,CHEMBL5960960,Cc1cc(-c2c(-c3ccc(F)cc3)nc(N)n3nc(Cc4cccc(Cl)n4)nc23)ccn1,,7.34,1,7.34,7.34,IC50,B,assay format,other,9,D,2020,
CHEMBL5961246,CHEMBL5961246,COc1cccc2c(C(=O)NCc3ncccc3F)nc(N)nc12,,8.85,1,8.85,8.85,Ki,B,assay format,other,9,D,2018,
CHEMBL5961247,CHEMBL5961247,C[C@@H]1CN(c2ccc(F)cc2)CCN1Cc1nc2c3ccc4c(c3nc(N)n2n1)OC(F)(F)O4,,8.68,1,8.68,8.68,Ki,B,assay format,other,9,D,2021,
CHEMBL5961440,CHEMBL5961440,COc1cc2nc(N)n3nc([C@@H]4CC[C@@H](C)N(c5cnn(C(C)C(C)O)c5)C4)nc3c2cc1F,,9.0,1,9.0,9.0,IC50,B,cell-based format,cell_based,9,D,2022,
CHEMBL5961763,CHEMBL5961763,CCO[C@H]1CCN(C(=O)c2nc(N[C@@H](C)c3ccccn3)nc3ccsc23)C1,,6.52,1,6.52,6.52,IC50,B,single protein format,single_protein,9,D,2022,
CHEMBL5962121,CHEMBL5962121,COc1ccc(CNc2nc(C(=O)N3CCCC3)c3sccc3n2)cn1,,7.12,1,7.12,7.12,IC50,B,single protein format,single_protein,9,D,2022,
CHEMBL5962878,CHEMBL5962878,Nc1nc(C(=O)NCc2ncccc2-c2ncccn2)c2cccc(F)c2n1,,8.4,1,8.4,8.4,Ki,B,assay format,other,9,D,2018,
CHEMBL596291,CHEMBL596291,COc1ccc(-c2cc(C(=O)NCc3ccccn3)nc(N)n2)cc1,,6.82,1,6.82,6.82,Ki,B,cell-based format,cell_based,9,D,2009,
CHEMBL5962913,CHEMBL5962913,C[C@H](Nc1nc(C(=O)N2CC(NC(=O)CC(C)(C)C)C2)c2sccc2n1)c1cncc(F)c1,,7.52,1,7.52,7.52,IC50,B,single protein format,single_protein,9,D,2022,
CHEMBL596307,CHEMBL596307,Cc1ccc(-c2nc(N)nc(C(=O)NCc3ccccn3)c2C)o1,,7.92,1,7.92,7.92,Ki,B,cell-based format,cell_based,9,D,2009,
CHEMBL596308,CHEMBL596308,Cc1ccc(-c2cc(C(=O)NCc3ccc[nH]3)nc(N)n2)o1,,8.7,1,8.7,8.7,Ki,B,cell-based format,cell_based,9,D,2009,
CHEMBL596346,CHEMBL596346,CCCn1c(=O)c2c(nc(Cc3ccccc3)n2C)n(Cc2ccco2)c1=O,,6.31,1,6.31,6.31,Ki,B,cell-based format,cell_based,9,D,2009,
CHEMBL5963481,CHEMBL5963481,Cn1cc(-c2c(-c3cc(F)cc(F)c3)nc(N)n3nc(Cc4ncccc4F)nc23)ccc1=O,,8.1,1,8.1,8.1,IC50,B,assay format,other,9,D,2020,
CHEMBL5963502,CHEMBL5963502,Cc1coc(-c2nc(N)n3nc(Cc4c(F)cccc4F)nc3c2-c2ccc(=O)n(C)c2)n1,,6.86,1,6.86,6.86,IC50,B,assay format,other,9,D,2020,
CHEMBL5963625,CHEMBL5963625,Nc1nc2c3c(ccc2c2nc(CC4CN(c5ccccn5)C4)nn12)OC(F)(F)O3,,6.77,1,6.77,6.77,Ki,B,assay format,other,9,D,2021,
CHEMBL5963630,CHEMBL5963630,Cc1occc1-c1nc(N)n2ccnc2c1-c1ccncc1,,7.26,1,7.26,7.26,Ki,B,assay format,other,9,D,2023,
CHEMBL5963684,CHEMBL5963684,Nc1nc(-c2ncco2)c(-c2ccc3ncnn3c2)nc1C(=O)NCc1ncccc1F,,8.08,1,8.08,8.08,IC50,B,assay format,other,9,D,2021,
CHEMBL5963751,CHEMBL5963751,COc1cccc2c(C(=O)NCc3cccc(C)c3)nc(N)nc12,,9.4,1,9.4,9.4,Ki,B,assay format,other,9,D,2018,
CHEMBL5963806,CHEMBL5963806,C#CC(C)(C)N1CCC[C@@H](c2nc3c4cccc(OC)c4nc(N)n3n2)C1,,7.7,1,7.7,7.7,Ki,B,assay format,other,9,D,2020,
CHEMBL5964116,CHEMBL5964116,Cc1cnc2ccc(-c3c(N4CCC4)nc(N)n4nc(Cc5ncccc5F)nc34)cn12,,8.72,1,8.72,8.72,IC50,B,assay format,other,9,D,2020,
CHEMBL5964242,CHEMBL5964242,CC1(F)CCN(CCc2nc3c4ccc5c(c4nc(N)n3n2)OC(F)(F)O5)CC1,,7.96,1,7.96,7.96,Ki,B,assay format,other,9,D,2021,
CHEMBL5964402,CHEMBL5964402,Nc1nc(-c2ccco2)c2c(n1)C(Cc1ccccc1Cl)OC2=O,,7.49,1,7.49,7.49,IC50,B,assay format,other,9,D,2021,
CHEMBL596460,CHEMBL596460,CNc1ncnc2c1ncn2[C@@H]1S[C@H](C(=O)NC2CC2)[C@@H](O)[C@H]1O,,6.79,1,6.79,6.79,Ki,B,cell-based format,cell_based,9,D,2009,
CHEMBL5965388,CHEMBL5965388,Cc1ccc(-c2nc(N)nc3c2C(=O)N(C)C3=Cc2ccc(F)cc2C(F)(F)F)o1,,8.47,1,8.47,8.47,IC50,B,assay format,other,9,D,2021,
CHEMBL596558,CHEMBL596558,CCCn1c(=O)c2[nH]c(Cc3ccccc3)nc2n(Cc2ccco2)c1=O,,6.38,1,6.38,6.38,Ki,B,cell-based format,cell_based,9,D,2009,
CHEMBL5965627,CHEMBL5965627,CN(C(=O)OC(C)(C)C)C1CN(C(=O)c2nc(NCc3cncc(F)c3)nc3ccsc23)C1,,6.52,1,6.52,6.52,IC50,B,single protein format,single_protein,9,D,2022,
CHEMBL5965998,CHEMBL5965998,CC(C)n1cc(-c2c(-c3ccccc3)nc(N)n3cnnc23)ccc1=O,,9.7,1,9.7,9.7,IC50,B,assay format,other,9,D,2022,
CHEMBL5966106,CHEMBL5966106,O=C(NCc1cccc(F)c1)c1nc(NCc2cccc(F)c2)nc2ccsc12,,6.52,1,6.52,6.52,IC50,B,single protein format,single_protein,9,D,2022,
CHEMBL5966778,CHEMBL5966778,CCn1cc(-c2c(-c3ccc(F)cc3)nc(N)n3nc(Cc4ncccc4F)nc23)ccc1=O,,8.615,2,8.55,8.68,IC50,B,assay format,other,9,D,2020,
CHEMBL5967163,CHEMBL5967163,COc1cccc2c(C(=O)NCc3cccc4c3OC(F)(F)O4)nc(N)nc12,,8.28,1,8.28,8.28,Ki,B,assay format,other,9,D,2018,
CHEMBL5967325,CHEMBL5967325,CC(NC(=O)c1nc(-c2cc(Cl)c3[nH]ncc3c2)c(-c2ccc(F)cc2)nc1N)c1ccccn1,,9.05,1,9.05,9.05,IC50,B,assay format,other,9,D,2022,
CHEMBL5967463,CHEMBL5967463,COc1ccc(CNC(=O)c2nc(N[C@@H](C)c3ccccn3)nc3ccsc23)cn1,,7.12,1,7.12,7.12,IC50,B,single protein format,single_protein,9,D,2022,
CHEMBL5968168,CHEMBL5968168,CO[C@@H]1CCN(C(=O)c2nc(N[C@@H](C)c3cccnc3)nc3cc(C)sc23)C1,,7.12,1,7.12,7.12,IC50,B,single protein format,single_protein,9,D,2022,
CHEMBL5968802,CHEMBL5968802,O=C(NC1CCC1)c1nc(NCc2cc(F)cc(F)c2)nc2ccsc12,,7.12,1,7.12,7.12,IC50,B,single protein format,single_protein,9,D,2022,
CHEMBL596904,CHEMBL596904,CCc1cnn([C@H]2C[C@@H](n3cnc4c(NCC(CC)CC)nc(NCCc5cn(CC)cn5)nc43)[C@H](O)[C@@H]2O)c1,,7.119999999999999,2,6.77,7.47,IC50;Ki,B;F,assay format;cell-based format,cell_based,9,D,2010,
CHEMBL5969060,CHEMBL5969060,Cn1cc(-c2c(-c3ccc(F)cc3)nc(N)n3nc(Cc4ncc(F)cc4F)nc23)ccc1=O,,7.66,1,7.66,7.66,IC50,B,assay format,other,9,D,2020,
CHEMBL5969196,CHEMBL5969196,Cc1cnc(-c2nc(N)n3nc(Cc4c(F)cccc4F)nc3c2-c2ccc(=O)n(C)c2)o1,,7.82,1,7.82,7.82,IC50,B,assay format,other,9,D,2020,
CHEMBL5969349,CHEMBL5969349,COc1cccc2c(C(=O)NCc3cccc(CSc4ccc(F)cc4)n3)nc(N)nc12,,8.49,1,8.49,8.49,Ki,B,assay format,other,9,D,2018,
CHEMBL5969464,CHEMBL5969464,Cc1ccccc1CC1OC(=O)c2c(-c3ccco3)nc(N)nc21,,7.51,1,7.51,7.51,IC50,B,assay format,other,9,D,2021,
CHEMBL5969594,CHEMBL5969594,Nc1nc2c3c(ccc2c2nc(CCN4CCC5(CCNCC5)CC4)nn12)OC(F)(F)O3,,6.5,1,6.5,6.5,Ki,B,assay format,other,9,D,2021,
CHEMBL5969669,CHEMBL5969669,CC1CCN(CCc2nc3c4ccc5c(c4nc(N)n3n2)OC(F)(F)O5)CC1,,7.57,1,7.57,7.57,Ki,B,assay format,other,9,D,2021,
CHEMBL5970150,CHEMBL5970150,COc1cc(F)cc2c1nc(N)n1nc(C3CCC(C)N(c4cnn(CC(C)(C)O)c4)C3)nc21,,8.005,4,7.26,9.22,IC50,B,assay format,other,9,D,2022,
CHEMBL5970157,CHEMBL5970157,COc1cc(F)cc2c1nc(N)n1nc([C@@H]3CCCN(c4cnn(C(C)(C)C(C)O)c4)C3)nc21,,8.875,2,8.7,9.05,IC50,B,cell-based format,cell_based,9,D,2022,
CHEMBL5970222,CHEMBL5970222,Nc1nc2c3c(ccc2c2nc(CN4Cc5cnc(C(F)(F)F)nc5C4)nn12)OC(F)(F)O3,,7.8,1,7.8,7.8,Ki,B,assay format,other,9,D,2021,
CHEMBL5970352,CHEMBL5970352,Cc1cc2nc(N[C@@H](C)c3cncc(F)c3)nc(C(=O)N3CC(NC(=O)c4ccoc4)C3)c2s1,,7.52,1,7.52,7.52,IC50,B,single protein format,single_protein,9,D,2022,
CHEMBL5970677,CHEMBL5970677,C[C@H](Nc1nc(C(=O)N2CC(CNS(C)(=O)=O)C2)c2sccc2n1)c1cncc(F)c1,,6.52,1,6.52,6.52,IC50,B,single protein format,single_protein,9,D,2022,
CHEMBL5970785,CHEMBL5970785,Nc1nc(-c2ccccc2)c(-c2cc(Cl)nc(C(F)(F)F)c2)c2nncn12,,9.64,1,9.64,9.64,IC50,B,assay format,other,9,D,2022,
CHEMBL5971095,CHEMBL5971095,COc1cccc2c(C(=O)NCc3ccccc3-c3ccccn3)nc(N)nc12,,8.64,1,8.64,8.64,Ki,B,assay format,other,9,D,2018,
CHEMBL5971741,CHEMBL5971741,C[C@H]1N(CCc2nc3c4ccc5c(c4nc(N)n3n2)OC(F)(F)O5)CCCC1(F)F,,8.92,1,8.92,8.92,Ki,B,assay format,other,9,D,2021,
CHEMBL5971764,CHEMBL5971764,COc1cccc2c(C(=O)NCc3ccccc3-c3cccnc3)nc(N)nc12,,8.04,1,8.04,8.04,Ki,B,assay format,other,9,D,2018,
CHEMBL5971795,CHEMBL5971795,Nc1nc(-c2ccco2)c2c(n1)C(Cc1ccccc1F)OC2=O,,7.1,3,6.97,7.83,IC50,B,assay format,other,9,D,2021,
CHEMBL5973173,CHEMBL5973173,C[C@H](Nc1nc(C(=O)NCCC2CC(C(=O)OC(C)(C)C)C2)c2sccc2n1)c1ccccn1,,6.52,1,6.52,6.52,IC50,B,single protein format,single_protein,9,D,2022,
CHEMBL5973300,CHEMBL5973300,C[C@@H]1N(CCc2nc3c4ccc5c(c4nc(N)n3n2)OC(F)(F)O5)CCCC1(F)F,,8.74,1,8.74,8.74,Ki,B,assay format,other,9,D,2021,
CHEMBL597354,CHEMBL597354,CCn1c(=O)c2c(nc(Cc3cccs3)n2C)n(Cc2ccccc2)c1=O,,6.12,1,6.12,6.12,Ki,B,cell-based format,cell_based,9,D,2010,
CHEMBL5974092,CHEMBL5974092,Cn1cc(-c2c(-c3ccccn3)nc(N)n3nc(Cc4c(F)cccc4F)nc23)ccc1=O,,8.1,1,8.1,8.1,IC50,B,assay format,other,9,D,2020,
CHEMBL5974116,CHEMBL5974116,Cn1cc(-c2nc(C(=O)NCc3nc(N)ccc3F)c(N)nc2-c2ncco2)ccc1=O,,8.28,1,8.28,8.28,IC50,B,assay format,other,9,D,2021,
CHEMBL5974170,CHEMBL5974170,Cc1ccc(-c2nc(N)nc3c2C(=O)OC3Cc2ccccc2F)o1,,7.68,1,7.68,7.68,IC50,B,assay format,other,9,D,2021,
CHEMBL5974533,CHEMBL5974533,C[C@H](Nc1nc(C(=O)N2CC[C@H](CO)C2)c2sccc2n1)c1cccnc1,,6.52,1,6.52,6.52,IC50,B,single protein format,single_protein,9,D,2022,
CHEMBL5974576,CHEMBL5974576,C[C@H](Nc1nc(C(=O)NCCc2ccccc2O)c2sccc2n1)c1cncc(F)c1,,6.52,1,6.52,6.52,IC50,B,single protein format,single_protein,9,D,2022,
CHEMBL5974806,CHEMBL5974806,Nc1nc(-c2ccc(F)cc2)c(-c2ccc3ncsc3c2)c2nc(Cc3ncccc3F)nn12,,9.15,1,9.15,9.15,IC50,B,assay format,other,9,D,2020,
CHEMBL5975293,CHEMBL5975293,COc1cc2nc(N)n3nc([C@H]4CCCCN(c5cnn(CC(C)(C)O)c5)C4)nc3c2cc1F,,7.5,1,7.5,7.5,IC50,B,assay format,other,9,D,2022,
CHEMBL5975339,CHEMBL5975339,C[C@H](NC(=O)c1nc(-c2ccc3ncccc3c2)c(-c2ccn(C)n2)nc1N)c1ccccn1,,8.54,1,8.54,8.54,IC50,B,assay format,other,9,D,2022,
CHEMBL597559,CHEMBL597559,CCn1c(=O)c2c(nc(Cc3ccco3)n2C)n(Cc2cccs2)c1=O,,6.66,1,6.66,6.66,Ki,B,cell-based format,cell_based,9,D,2010,
CHEMBL597560,CHEMBL597560,CCn1c(=O)c2c(nc(Cc3c(F)cccc3F)n2C)n(Cc2cccs2)c1=O,,6.75,1,6.75,6.75,Ki,B,cell-based format,cell_based,9,D,2010,
CHEMBL5975633,CHEMBL5975633,CO[C@@H]1CCN(C(=O)c2nc(N[C@@H](C)c3ccccn3)nc3c(C)csc23)C1,,7.52,1,7.52,7.52,IC50,B,single protein format,single_protein,9,D,2022,
CHEMBL5976255,CHEMBL5976255,C[C@H](Nc1nc(C(=O)N2CC[C@@H](F)C2)c2sccc2n1)c1ccccn1,,7.52,1,7.52,7.52,IC50,B,single protein format,single_protein,9,D,2022,
CHEMBL5976352,CHEMBL5976352,CC(NC(=O)c1nc(-c2ccc(=O)n(C)c2)c(-c2ncco2)nc1N)c1c(F)cccc1F,,8.28,1,8.28,8.28,IC50,B,assay format,other,9,D,2021,
CHEMBL5976790,CHEMBL5976790,COCCN1CCC(Cc2nc3c4ccc5c(c4nc(N)n3n2)OC(F)(F)O5)C1,,7.12,1,7.12,7.12,Ki,B,assay format,other,9,D,2021,
CHEMBL5977243,CHEMBL5977243,C[C@H](Nc1nc(C(=O)N2CC(CNC(=O)OC(C)(C)C)C2)c2sccc2n1)c1cncc(F)c1,,7.52,1,7.52,7.52,IC50,B,single protein format,single_protein,9,D,2022,
CHEMBL5977412,CHEMBL5977412,COc1ccc(CNC(=O)c2nc(NC(C)c3ccccn3)nc3ccsc23)cn1,,6.52,1,6.52,6.52,IC50,B,single protein format,single_protein,9,D,2022,
CHEMBL5977444,CHEMBL5977444,COc1cc2nc(N)n3nc([C@@H]4CCCN(c5cnn([C@H]6C[C@@](C)(O)C6)c5)C4)nc3c2cc1F,,8.52,1,8.52,8.52,IC50,B,assay format,other,9,D,2022,
CHEMBL5978030,CHEMBL5978030,COc1cccc2c1nc(N)n1nc([C@@H]3CCCN(CC(F)F)C3)nc21,,9.4,1,9.4,9.4,Ki,B,assay format,other,9,D,2020,
CHEMBL5978359,CHEMBL5978359,Cc1cc(-c2c(-c3ccc(F)cc3)nc(N)n3cnnc23)cc(Cl)n1,,9.77,2,9.77,9.77,IC50,B,assay format,other,9,D,2022,
CHEMBL5978384,CHEMBL5978384,Nc1nc2c3c(ccc2c2nc(CCN4Cc5ncccc5C4=O)nn12)OC(F)(F)O3,,8.19,1,8.19,8.19,Ki,B,assay format,other,9,D,2021,
CHEMBL5978641,CHEMBL5978641,C[C@H](Nc1nc(C(=O)NC[C@@H](C)O)c2sccc2n1)c1ccccn1,,6.52,1,6.52,6.52,IC50,B,single protein format,single_protein,9,D,2022,
CHEMBL5979159,CHEMBL5979159,C[C@H](Nc1nc(C(=O)N2CC[C@@H](F)C2)c2sc(N)cc2n1)c1cccnc1,,6.52,1,6.52,6.52,IC50,B,single protein format,single_protein,9,D,2022,
CHEMBL5979573,CHEMBL5979573,Nc1nc(-c2ccco2)c2c(n1)C(Cc1cccc(Cl)c1F)OC2=O,,7.13,1,7.13,7.13,IC50,B,assay format,other,9,D,2021,
CHEMBL5979585,CHEMBL5979585,Cn1c(=O)n(Cc2ccc(F)cc2F)c2nc(N)nc(-c3ccco3)c21,,7.52,1,7.52,7.52,IC50,B,assay format,other,9,D,2021,
CHEMBL5980480,CHEMBL5980480,N#Cc1cccc(-c2nc3[nH]ccc(=O)c3cc2-c2ccc3ncsc3c2)c1,,8.02,1,8.02,8.02,IC50,B,assay format,other,9,D,2022,
CHEMBL5980513,CHEMBL5980513,Cc1cc2nc(N[C@@H](C)c3cncc(F)c3)nc(C(=O)N3CC(O)C3)c2s1,,7.12,1,7.12,7.12,IC50,B,single protein format,single_protein,9,D,2022,
CHEMBL5980717,CHEMBL5980717,Cc1cc(-c2c(-c3cccc(F)c3)nc(N)n3cnnc23)cc(C(F)(F)F)n1,,9.26,2,9.26,9.26,IC50,B,assay format,other,9,D,2022,
CHEMBL5980764,CHEMBL5980764,CNc1cc2nc(N[C@@H](C)c3cncc(F)c3)nc(C(=O)N3CCCC3)c2s1,,6.52,1,6.52,6.52,IC50,B,single protein format,single_protein,9,D,2022,
CHEMBL5981235,CHEMBL5981235,COCCOc1ccc(N2CCN(Cc3nc4c5ccc6c(c5nc(N)n4n3)OC(F)(F)O6)C3(CC3)C2)cc1,,8.43,1,8.43,8.43,Ki,B,assay format,other,9,D,2021,
CHEMBL5981664,CHEMBL5981664,Cc1c(N2CC(C)CC(c3nc4c5cc(F)cc(F)c5nc(N)n4n3)C2)cnn1C(C)C(C)O,,7.795,4,6.61,9.0,IC50,B,cell-based format,cell_based,9,D,2022,
CHEMBL5981745,CHEMBL5981745,C[C@@H]1CCN(C(=O)c2nc(N[C@@H](C)c3cccnc3)nc3ccsc23)C1,,6.52,1,6.52,6.52,IC50,B,single protein format,single_protein,9,D,2022,
CHEMBL5981857,CHEMBL5981857,Cc1cc2nc(N[C@@H](C)c3ccccn3)nc(C(=O)N3CCCC3)c2s1,,7.52,1,7.52,7.52,IC50,B,single protein format,single_protein,9,D,2022,
CHEMBL5982241,CHEMBL5982241,C[C@H](Nc1nc(C(=O)NC[C@@H](C)O)c2sccc2n1)c1cncc(F)c1,,7.12,1,7.12,7.12,IC50,B,single protein format,single_protein,9,D,2022,
CHEMBL5982360,CHEMBL5982360,CC(=O)NC1CN(C(=O)c2nc(N[C@@H](C)c3ccccn3)nc3ccsc23)C1,,6.52,1,6.52,6.52,IC50,B,single protein format,single_protein,9,D,2022,
CHEMBL5982535,CHEMBL5982535,Nc1nc(-c2ccccc2)c(-c2ccnc(Cl)c2)c2nncn12,,8.66,1,8.66,8.66,IC50,B,assay format,other,9,D,2022,
CHEMBL5983865,CHEMBL5983865,CC(Nc1nc(C(=O)N2CC[C@@H](F)C2)c2sccc2n1)c1cccnc1,,6.52,1,6.52,6.52,IC50,B,single protein format,single_protein,9,D,2022,
CHEMBL5984547,CHEMBL5984547,COc1cc(F)cc2c1nc(N)n1nc([C@@H]3CCCN(c4cn(C(C)C(C)(C)O)nc4C)C3)nc21,,9.46,2,9.4,9.52,IC50,B,assay format,other,9,D,2022,
CHEMBL5984646,CHEMBL5984646,C[C@H](Nc1nc(C(=O)N2CCC2)c2sccc2n1)c1cncc(F)c1,,7.12,1,7.12,7.12,IC50,B,single protein format,single_protein,9,D,2022,
CHEMBL598551,CHEMBL598551,Cc1cccc(NC2=C(N)C(=O)c3ccccc3C2=O)c1,,6.1,1,6.1,6.1,Ki,B,single protein format,single_protein,9,D,2010,
CHEMBL5985967,CHEMBL5985967,CCn1c(=O)c2c(C)c(CN3CCNC3=O)sc2n(CC2CCO2)c1=O,,6.55,1,6.55,6.55,Ki,B,assay format,other,9,D,2019,
CHEMBL5986196,CHEMBL5986196,C[C@H](Nc1nc(C(=O)NCC2CCOCC2)c2sccc2n1)c1ccccn1,,6.52,1,6.52,6.52,IC50,B,single protein format,single_protein,9,D,2022,
CHEMBL5986528,CHEMBL5986528,C[C@H](NC(=O)c1nc(-c2cc(Cl)c3[nH]ncc3c2)c(-c2ccn(C)n2)nc1N)c1ccccn1,,8.8,1,8.8,8.8,IC50,B,assay format,other,9,D,2022,
CHEMBL5986561,CHEMBL5986561,CNc1cc(-c2c(-c3ccc(F)cc3)nc(N)n3nc(Cc4ncccc4F)nc23)ccn1,,7.72,1,7.72,7.72,IC50,B,assay format,other,9,D,2020,
CHEMBL5986667,CHEMBL5986667,Nc1nc(-c2ccco2)c2c(n1)C(Cc1cc(C(F)(F)F)cc(C(F)(F)F)c1)OC2=O,,6.52,1,6.52,6.52,IC50,B,assay format,other,9,D,2021,
CHEMBL5986887,CHEMBL5986887,O=C(NCC1CCN(Cc2ccccc2)CC1)c1nc(NCc2cncc(F)c2)nc2ccsc12,,7.12,1,7.12,7.12,IC50,B,single protein format,single_protein,9,D,2022,
CHEMBL5987060,CHEMBL5987060,COc1cccc(C(=O)N2CCC[C@@H](c3nc4c5cccc(OC)c5nc(N)n4n3)C2)c1,,8.72,1,8.72,8.72,Ki,B,assay format,other,9,D,2020,
CHEMBL5987432,CHEMBL5987432,COc1cccc2c(C(=O)NCc3ncc(C)cc3C)nc(N)nc12,,8.82,1,8.82,8.82,Ki,B,assay format,other,9,D,2018,
CHEMBL5988525,CHEMBL5988525,C[C@H](Nc1nc(C(=O)N2CCC2)c2sccc2n1)c1cccc(F)c1,,7.12,1,7.12,7.12,IC50,B,single protein format,single_protein,9,D,2022,
CHEMBL5988535,CHEMBL5988535,CC1=CCN(CCc2nc3c4ccc5c(c4nc(N)n3n2)OC(F)(F)O5)CC1,,8.42,1,8.42,8.42,Ki,B,assay format,other,9,D,2021,
CHEMBL5988572,CHEMBL5988572,CC(NC(=O)c1nc(-c2cc(Cl)c3ncccc3c2)c(-c2ccc(F)cc2)nc1N)c1cccc(C#N)n1,,8.82,2,8.72,8.92,IC50,B,assay format,other,9,D,2022,
CHEMBL5988628,CHEMBL5988628,COc1ccc(-c2nc(N)n3nc(Cc4ncccc4F)nc3c2-c2ccc(=O)n(C)c2)cc1,,7.965,2,7.55,8.38,IC50,B,assay format,other,9,D,2020,
CHEMBL5988700,CHEMBL5988700,Cc1cnc2ccc(-c3c(-c4ccc(F)cc4)nc(N)n4nc(C[C@H]5CCCN5C)nc34)cn12,,9.4,1,9.4,9.4,IC50,B,assay format,other,9,D,2020,
CHEMBL5989414,CHEMBL5989414,Nc1nc(-c2ccccc2)c(-c2ccc3ncccc3c2)nc1C(=O)NCCC1CCOCC1,,7.8,1,7.8,7.8,IC50,B,assay format,other,9,D,2022,
CHEMBL5989571,CHEMBL5989571,Nc1nc(-c2ccco2)c2c(n1)C(Cc1ccc(F)cc1Cl)OC2=O,,6.94,1,6.94,6.94,IC50,B,assay format,other,9,D,2021,
CHEMBL5989918,CHEMBL5989918,Cn1cc(N2CCCC(c3nc4c5cc(F)cc(F)c5nc(N)n4n3)C2)cn1,,9.3,1,9.3,9.3,IC50,B,assay format,other,9,D,2022,
CHEMBL5989992,CHEMBL5989992,Nc1nc2c3c(ccc2c2nc(CN4Cc5cccnc5C4)nn12)OC(F)(F)O3,,8.72,1,8.72,8.72,Ki,B,assay format,other,9,D,2021,
CHEMBL5990249,CHEMBL5990249,CCCCCn1c2cc[nH]c2c(=O)n2c(C)cnc12,,7.26,1,7.26,7.26,Ki,B,assay format,other,9,D,2022,
CHEMBL5990564,CHEMBL5990564,C[C@H](Nc1nc(C(=O)N2CC[C@H](S(C)(=O)=O)C2)c2sccc2n1)c1ccccn1,,6.52,1,6.52,6.52,IC50,B,single protein format,single_protein,9,D,2022,
CHEMBL5990688,CHEMBL5990688,COc1cc2nc(N)n3nc(C4CC(C)CN(c5cn(C(C)(C)CO)nc5C)C4)nc3c2cc1F,,7.62,3,7.01,9.1,IC50,B,cell-based format,cell_based,9,D,2022,
CHEMBL5990931,CHEMBL5990931,Cc1cc(-c2c(-c3ccc(F)cc3)nc(N)n3nc(Cc4c(F)cccc4F)nc23)c(C)cn1,,7.96,1,7.96,7.96,IC50,B,assay format,other,9,D,2020,
CHEMBL5991056,CHEMBL5991056,COc1cc2nc(N)n3nc([C@@H]4CCCN(c5cnn(C(C)C)c5)C4)nc3c2cc1F,,8.34,1,8.34,8.34,IC50,B,assay format,other,9,D,2022,
CHEMBL5991411,CHEMBL5991411,C[C@H](Nc1nc(C(=O)N2CCC2)c2sc(N)cc2n1)c1cccnc1,,6.52,1,6.52,6.52,IC50,B,single protein format,single_protein,9,D,2022,
CHEMBL5991486,CHEMBL5991486,COc1ccc(CNc2nc(C(=O)NCc3cccnc3)c3sccc3n2)cn1,,6.52,1,6.52,6.52,IC50,B,single protein format,single_protein,9,D,2022,
CHEMBL5991560,CHEMBL5991560,COCCC(=O)NC1CN(C(=O)c2nc(N[C@@H](C)c3cncc(F)c3)nc3cc(C)sc23)C1,,7.52,1,7.52,7.52,IC50,B,single protein format,single_protein,9,D,2022,
CHEMBL5991609,CHEMBL5991609,COc1cccc2c1nc(N)n1nc([C@@H]3CCCN(C(=O)C(C)(C)F)C3)nc21,,8.96,1,8.96,8.96,Ki,B,assay format,other,9,D,2020,
CHEMBL5992066,CHEMBL5992066,COc1cccc(CNC(=O)c2nc(N[C@@H](C)c3cccnc3)nc3cc(C)sc23)n1,,6.52,1,6.52,6.52,IC50,B,single protein format,single_protein,9,D,2022,
CHEMBL5992104,CHEMBL5992104,Nc1nnc(-c2ccc(F)c(Cl)c2)c(-c2ccccc2)n1,,7.11,1,7.11,7.11,Ki,B,assay format,other,9,D,2021,
CHEMBL5992187,CHEMBL5992187,COc1cc(F)cc2c1nc(N)n1nc(C3(F)CCCN(c4cnn(CC(C)(C)O)c4)C3)nc21,,7.64,2,6.91,8.37,IC50,B,assay format,other,9,D,2022,
CHEMBL5992575,CHEMBL5992575,CC(=O)NC1CN(C(=O)c2nc(N[C@@H](C)c3cncc(F)c3)nc3cc(C)sc23)C1,,6.52,1,6.52,6.52,IC50,B,single protein format,single_protein,9,D,2022,
CHEMBL5992670,CHEMBL5992670,Cc1cn(-c2nnc(N)nc2-c2ccccc2)cc(C)c1=O,,7.77,1,7.77,7.77,Ki,B,assay format,other,9,D,2021,
CHEMBL5992682,CHEMBL5992682,Cc1ncc(-c2nc(N)cnc2-c2ccc3ncccc3c2)s1,,7.26,1,7.26,7.26,IC50,B,assay format,other,9,D,2021,
CHEMBL5992992,CHEMBL5992992,Nc1nc2c3c(ccc2c2nc(CCN4Cc5cnc(C(F)(F)F)nc5C4)nn12)OC(F)(F)O3,,8.42,1,8.42,8.42,Ki,B,assay format,other,9,D,2021,
CHEMBL5993358,CHEMBL5993358,COc1cc2nc(N)n3nc([C@H]4C[C@@H](C)CN(C5=NC(CC(C)(C)O)N=C5)C4)nc3c2cc1F,,8.92,1,8.92,8.92,IC50,B,assay format,other,9,D,2022,
CHEMBL5993414,CHEMBL5993414,CC(C)NC(=O)N1CCN(C(=O)c2nc(N[C@@H](C)c3cncc(F)c3)nc3ccsc23)C1,,6.52,1,6.52,6.52,IC50,B,single protein format,single_protein,9,D,2022,
CHEMBL5993458,CHEMBL5993458,Cn1cc(-c2c(-c3ccc(F)cc3)nc(N)n3nc(Cc4ncccc4F)nc23)ccc1=O,,8.485,2,8.33,8.64,IC50,B,assay format,other,9,D,2020,
CHEMBL5993831,CHEMBL5993831,C[C@H](Nc1nc(C(=O)N2CCN(C(=O)N(C)C)C2)c2sccc2n1)c1cncc(F)c1,,6.52,1,6.52,6.52,IC50,B,single protein format,single_protein,9,D,2022,
CHEMBL599387,CHEMBL599387,CCc1cnn([C@H]2C[C@@H](n3cnc4c(N)nc(N[C@H](CO)Cc5ccccc5)nc43)[C@H](O)[C@@H]2O)c1,,6.975,2,6.74,7.21,IC50;Ki,B;F,assay format;cell-based format,cell_based,9,D,2010,
CHEMBL5993876,CHEMBL5993876,CNc1cc2nc(N[C@@H](C)c3cccnc3)nc(C(=O)N3CC[C@@H](F)C3)c2s1,,6.52,1,6.52,6.52,IC50,B,single protein format,single_protein,9,D,2022,
CHEMBL5994139,CHEMBL5994139,Cc1cc(-c2c(-c3ccc(Cl)cc3)nc(N)n3cnnc23)cc(CF)n1,,9.46,1,9.46,9.46,IC50,B,assay format,other,9,D,2022,
CHEMBL5994559,CHEMBL5994559,CCNC(=O)CC1CN(C(=O)c2nc(N[C@@H](C)c3cncc(F)c3)nc3cc(C)sc23)C1,,7.12,1,7.12,7.12,IC50,B,single protein format,single_protein,9,D,2022,
CHEMBL5994753,CHEMBL5994753,N#Cc1ccc(CC2OC(=O)c3c(-c4ccco4)nc(N)nc32)cc1F,,6.8,1,6.8,6.8,IC50,B,assay format,other,9,D,2021,
CHEMBL5994812,CHEMBL5994812,COc1ccc(Oc2cc(CNC(=O)c3nc(N[C@@H](C)c4cncc(F)c4)nc4ccsc34)ccn2)cc1,,6.52,1,6.52,6.52,IC50,B,single protein format,single_protein,9,D,2022,
CHEMBL5994826,CHEMBL5994826,COc1cccc(CNC(=O)c2nc(N[C@@H](C)c3cccnc3)nc3ccsc23)n1,,7.12,1,7.12,7.12,IC50,B,single protein format,single_protein,9,D,2022,
CHEMBL5994845,CHEMBL5994845,C[C@H](Nc1nc(C(=O)N2CC(NC(=O)C3CCC(F)(F)CC3)C2)c2sccc2n1)c1cncc(F)c1,,7.52,1,7.52,7.52,IC50,B,single protein format,single_protein,9,D,2022,
CHEMBL5995121,CHEMBL5995121,COC1CN(C(=O)c2nc(N[C@@H](C)c3cncc(F)c3)nc3ccsc23)C1,,6.52,1,6.52,6.52,IC50,B,single protein format,single_protein,9,D,2022,
CHEMBL599566,CHEMBL599566,CCc1cn([C@H]2C[C@@H](n3cnc4c(NCC(CC)CC)nc(NCCc5cn(CC)cn5)nc43)[C@H](O)[C@@H]2O)nn1,,7.32,1,7.32,7.32,Ki,B,cell-based format,cell_based,9,D,2010,
CHEMBL5996043,CHEMBL5996043,C[C@H](NC(=O)c1nc(-c2ccc3cccnc3c2)c(-c2ccccc2)nc1N)c1ccccn1,,8.47,1,8.47,8.47,IC50,B,assay format,other,9,D,2022,
CHEMBL5996505,CHEMBL5996505,C[C@H](Nc1nc(C(=O)N2CC(O)C2)c2sccc2n1)c1cncc(F)c1,,6.52,1,6.52,6.52,IC50,B,single protein format,single_protein,9,D,2022,
CHEMBL5996538,CHEMBL5996538,COc1cccc2c(C(=O)NCc3cccc(COc4ccc(F)cc4)n3)nc(N)nc12,,9.52,1,9.52,9.52,Ki,B,assay format,other,9,D,2018,
CHEMBL5997002,CHEMBL5997002,CCCCCn1c2c(-c3ccccc3)c[nH]c2c(=O)n2c(C)nnc12,,6.26,1,6.26,6.26,Ki,B,assay format,other,9,D,2022,
CHEMBL5997068,CHEMBL5997068,CCNC(=O)c1nc(NCCc2ccc(O)cc2)nc2ccsc12,,6.52,1,6.52,6.52,IC50,B,single protein format,single_protein,9,D,2022,
CHEMBL5997347,CHEMBL5997347,C[C@](C(=O)N[C@@H]1CCC[C@@H]1O)(c1ccccc1)n1ncc2c1nc(N)n1nc(-c3ccco3)nc21,,8.66,1,8.66,8.66,Ki,B,assay format,other,9,D,2022,
CHEMBL5997583,CHEMBL5997583,C[C@H](Nc1nc(C(=O)NC2CCN(C(=O)OC(C)(C)C)C2)c2sccc2n1)c1ccccn1,,7.52,2,7.52,7.52,IC50,B,single protein format,single_protein,9,D,2022,
CHEMBL5997802,CHEMBL5997802,Cc1cc2nc(N[C@@H](C)c3cncc(F)c3)nc(C(=O)N3CC(C(=O)OC(C)(C)C)C3)c2s1,,6.52,1,6.52,6.52,IC50,B,single protein format,single_protein,9,D,2022,
CHEMBL5998122,CHEMBL5998122,COc1cccc2c(C(=O)NCc3cccc(CO[C@H]4CCOC4)n3)nc(N)nc12,,8.96,1,8.96,8.96,Ki,B,assay format,other,9,D,2018,
CHEMBL5998181,CHEMBL5998181,Cc1cc(-c2nnc(N)nc2-c2cccc(F)c2)cc(Cl)n1,,8.07,1,8.07,8.07,Ki,B,assay format,other,9,D,2021,
CHEMBL5998391,CHEMBL5998391,COc1cc(F)cc2c1nc(N)n1nc(C3CC(C)CN(c4cn(C(C)C(C)O)nc4C)C3)nc21,,8.575,4,7.4,9.4,IC50,B,cell-based format,cell_based,9,D,2022,
CHEMBL5998665,CHEMBL5998665,COc1cccc2c1nc(N)n1nc(C3CNCC(F)(F)C3)nc21,,8.28,1,8.28,8.28,Ki,B,assay format,other,9,D,2020,
CHEMBL5998698,CHEMBL5998698,Cc1ccc(-c2nc(N)nc3c2C(=O)N(C)C3=Cc2ccccc2C(F)(F)F)o1,,8.33,1,8.33,8.33,IC50,B,assay format,other,9,D,2021,
CHEMBL5998795,CHEMBL5998795,Cc1cc(-c2c(-c3ccccc3)nc(N)n3cnnc23)ccn1,,9.2,1,9.2,9.2,IC50,B,assay format,other,9,D,2022,
CHEMBL5999152,CHEMBL5999152,Cc1cc2nc(N[C@@H](C)c3cncc(F)c3)nc(C(=O)NCCc3ccc(O)cc3)c2s1,,6.52,1,6.52,6.52,IC50,B,single protein format,single_protein,9,D,2022,
CHEMBL5999255,CHEMBL5999255,C[C@H](Nc1nc(C(=O)NCCc2ccc(O)cc2)c2sccc2n1)c1ccccn1,,6.52,1,6.52,6.52,IC50,B,single protein format,single_protein,9,D,2022,
CHEMBL5999728,CHEMBL5999728,Cn1cnc2ccc(-c3c(-c4ccc(F)cc4)nc(N)n4nc(Cc5ncccc5F)nc34)cc21,,10.0,1,10.0,10.0,IC50,B,assay format,other,9,D,2020,
CHEMBL5999742,CHEMBL5999742,COc1cccc2c1nc(N)n1nc([C@@H]3CCCN(CC4CCOCC4)C3)nc21,,8.3,1,8.3,8.3,Ki,B,assay format,other,9,D,2020,
CHEMBL5999768,CHEMBL5999768,CNc1cc2nc(N[C@@H](C)c3cccnc3)nc(C(=O)N3CCCC3)c2s1,,6.52,1,6.52,6.52,IC50,B,single protein format,single_protein,9,D,2022,
CHEMBL5999973,CHEMBL5999973,Cc1cc(-c2c(-c3ccc(F)cc3)nc(N)n3nc(Cc4nccs4)nc23)ccn1,,7.47,1,7.47,7.47,IC50,B,assay format,other,9,D,2020,
CHEMBL600008,CHEMBL600008,COc1ccc(N)c2c1C(=O)c1ccccc1C2=O,,6.28,1,6.28,6.28,Ki,B,single protein format,single_protein,9,D,2010,
CHEMBL6000234,CHEMBL6000234,COc1cccc2c(C(=O)NCc3nc(-c4ccccc4)c(C)o3)nc(N)nc12,,8.8,1,8.8,8.8,Ki,B,assay format,other,9,D,2018,
CHEMBL6000356,CHEMBL6000356,Cc1cc2nc(N[C@@H](C)c3ccccn3)nc(C(=O)NCc3nccs3)c2s1,,6.52,1,6.52,6.52,IC50,B,single protein format,single_protein,9,D,2022,
CHEMBL6000515,CHEMBL6000515,Cc1nc2c(o1)CN([C@H](C)Cc1nc3c4ccc5c(c4nc(N)n3n1)OC(F)(F)O5)CC2,,8.89,1,8.89,8.89,Ki,B,assay format,other,9,D,2021,
CHEMBL6000695,CHEMBL6000695,COc1cc2nc(N)n3nc([C@@H]4CCCN(c5cnn(C(C)C(C)O)c5C)C4)nc3c2cc1F,,8.45,2,8.43,8.47,IC50,B,cell-based format,cell_based,9,D,2022,
CHEMBL6001308,CHEMBL6001308,COc1cccc2c1nc(N)n1nc([C@H]3CCCCN(CC(F)(F)F)C3)nc21,,9.15,1,9.15,9.15,Ki,B,assay format,other,9,D,2020,
CHEMBL6001450,CHEMBL6001450,Cc1cc(-c2nnc(N)nc2-c2ccc(OC(F)F)cc2)cc(C)c1C#N,,6.31,1,6.31,6.31,Ki,B,assay format,other,9,D,2021,
CHEMBL6001537,CHEMBL6001537,C[C@H](Nc1nc(C(=O)N2CC(CNC(=O)C(C)(C)C)C2)c2sccc2n1)c1cncc(F)c1,,6.52,1,6.52,6.52,IC50,B,single protein format,single_protein,9,D,2022,
CHEMBL6001576,CHEMBL6001576,COc1ccc([C@H](C)Nc2nc(C(=O)NCc3cccnc3)c3sccc3n2)cc1,,7.52,1,7.52,7.52,IC50,B,single protein format,single_protein,9,D,2022,
CHEMBL6001821,CHEMBL6001821,Nc1nc2c3c(ccc2c2nc(Cc4cccnc4N4CC[C@@H](c5ccc(C(F)(F)F)cc5)C4)nn12)OC(F)(F)O3,,7.82,1,7.82,7.82,Ki,B,assay format,other,9,D,2021,
CHEMBL6001990,CHEMBL6001990,C[C@H](Nc1nc(C(=O)N2CC[C@@H](F)C2)c2sc(N)cc2n1)c1ccccn1,,6.52,1,6.52,6.52,IC50,B,single protein format,single_protein,9,D,2022,
CHEMBL6002145,CHEMBL6002145,Nc1nc2c3c(ccc2c2nc(CN4CC(O)(C(F)(F)F)C4)nn12)OC(F)(F)O3,,8.55,1,8.55,8.55,Ki,B,assay format,other,9,D,2021,
CHEMBL6002455,CHEMBL6002455,C[C@H](NC(=O)c1nc(-c2ccc3ncccc3c2)c(-c2cccc(C#N)c2)nc1N)c1cccc(C#N)n1,,7.1850000000000005,2,6.57,7.8,IC50,B,assay format,other,9,D,2022,
CHEMBL6003017,CHEMBL6003017,COc1cc2nc(N)n3nc([C@@H]4CCCN(c5cnn(C6CCOCC6)c5C)C4)nc3c2cc1F,,9.1,1,9.1,9.1,IC50,B,assay format,other,9,D,2022,
CHEMBL6003499,CHEMBL6003499,C[C@@H]1CC(F)(F)CCN1CCc1nc2c3ccc4c(c3nc(N)n2n1)OC(F)(F)O4,,8.66,1,8.66,8.66,Ki,B,assay format,other,9,D,2021,
CHEMBL6003531,CHEMBL6003531,Nc1nc(C(=O)NCC2CCN(c3ncc(F)cn3)CC2)c2cccc(F)c2n1,,8.1,1,8.1,8.1,Ki,B,assay format,other,9,D,2018,
CHEMBL6003783,CHEMBL6003783,Nc1nc(-c2ncco2)c(-c2ccc3[nH]cnc3c2)nc1C(=O)NCc1ncccc1F,,8.59,1,8.59,8.59,IC50,B,assay format,other,9,D,2021,
CHEMBL6003948,CHEMBL6003948,CC(C)n1cc(-c2c(-c3ncco3)nc(N)n3nc(Cc4c(F)cccc4F)nc23)ccc1=O,,9.15,1,9.15,9.15,IC50,B,assay format,other,9,D,2020,
CHEMBL6004061,CHEMBL6004061,O=C(c1nc(NCc2ccc(C(F)(F)F)nc2)nc2ccsc12)N1CCCC1,,6.52,1,6.52,6.52,IC50,B,single protein format,single_protein,9,D,2022,
CHEMBL6004096,CHEMBL6004096,C[C@H](Nc1nc(C(=O)N2CC(O)C2)c2sccc2n1)c1ccccn1,,6.52,1,6.52,6.52,IC50,B,single protein format,single_protein,9,D,2022,
CHEMBL6004101,CHEMBL6004101,Cc1ccc(-c2nc(N)nc3c2C(=O)OC3Cc2cc(Cl)ccc2F)o1,,7.03,1,7.03,7.03,IC50,B,assay format,other,9,D,2021,
CHEMBL6004183,CHEMBL6004183,C[C@H](Nc1nc(C(=O)N2CC(NC(=O)c3ccc(F)c(F)c3)C2)c2sccc2n1)c1cncc(F)c1,,7.52,1,7.52,7.52,IC50,B,single protein format,single_protein,9,D,2022,
CHEMBL6004547,CHEMBL6004547,Cn1ccc(-c2nc(N)cnc2-c2cc(Cl)c3[nH]ncc3c2)n1,,8.05,1,8.05,8.05,IC50,B,assay format,other,9,D,2021,
CHEMBL6004823,CHEMBL6004823,COCC1CN(C(=O)c2nc(N[C@@H](C)c3ccccn3)nc3cc(C)sc23)C1,,7.52,1,7.52,7.52,IC50,B,single protein format,single_protein,9,D,2022,
CHEMBL6004901,CHEMBL6004901,C[C@H](Nc1nc(C(=O)N2CC(C)(NC(=O)C3CC3)C2)c2sccc2n1)c1cncc(F)c1,,7.12,1,7.12,7.12,IC50,B,single protein format,single_protein,9,D,2022,
CHEMBL6004906,CHEMBL6004906,Nc1nc2c3c(ccc2c2nc(C4CCCN(c5cccc(F)c5)C4)nn12)OC(F)(F)O3,,8.075,2,7.23,8.92,Ki,B,assay format,other,9,D,2021,
CHEMBL6005043,CHEMBL6005043,COC[C@@H](Nc1nc(C(=O)N2CCC2)c2sccc2n1)c1cccnc1,,6.52,1,6.52,6.52,IC50,B,single protein format,single_protein,9,D,2022,
CHEMBL6005128,CHEMBL6005128,COCC(Nc1nc(C(=O)N2CC(OC)C2)c2sccc2n1)c1cccnc1,,7.12,1,7.12,7.12,IC50,B,single protein format,single_protein,9,D,2022,
CHEMBL6005180,CHEMBL6005180,CCCCCn1c2c(C)c[nH]c2c(=O)n2c(C)nnc12,,6.26,1,6.26,6.26,Ki,B,assay format,other,9,D,2022,
CHEMBL6005456,CHEMBL6005456,CC(C)NC(=O)c1nc(N[C@@H](C)c2ccccn2)nc2ccsc12,,7.52,1,7.52,7.52,IC50,B,single protein format,single_protein,9,D,2022,
CHEMBL6005679,CHEMBL6005679,Nc1nc2c3c(ccc2c2nc(CCN4Cc5cccnc5C4)nn12)OC(F)(F)O3,,8.19,1,8.19,8.19,Ki,B,assay format,other,9,D,2021,
CHEMBL6005680,CHEMBL6005680,C[C@H](Nc1nc(C(=O)N2CC(CN(C)C(=O)C(C)(C)C)C2)c2sccc2n1)c1cncc(F)c1,,7.52,1,7.52,7.52,IC50,B,single protein format,single_protein,9,D,2022,
CHEMBL6005886,CHEMBL6005886,Cc1cc(-c2nc(C(=O)NCc3ccccc3OC(F)(F)F)c(N)nc2-c2ccc(F)cc2)cc(C)n1,,7.89,1,7.89,7.89,IC50,B,assay format,other,9,D,2021,
CHEMBL6006340,CHEMBL6006340,C[C@H](Nc1nc(C(=O)N2CC(O)C2)c2sc(N)cc2n1)c1ccccn1,,6.52,1,6.52,6.52,IC50,B,single protein format,single_protein,9,D,2022,
CHEMBL6006454,CHEMBL6006454,CC(=O)NCC1CN(C(=O)c2nc(N[C@@H](C)c3cncc(F)c3)nc3ccsc23)C1,,6.52,1,6.52,6.52,IC50,B,single protein format,single_protein,9,D,2022,
CHEMBL6006540,CHEMBL6006540,COCC1CN(C(=O)c2nc(N[C@@H](C)c3ccccn3)nc3c(C)csc23)C1,,7.52,1,7.52,7.52,IC50,B,single protein format,single_protein,9,D,2022,
CHEMBL6006877,CHEMBL6006877,Cc1ccc(-c2nc(N)nc3c2C(=O)N(C)C3Cc2ccccc2OC(F)(F)F)o1,,7.25,1,7.25,7.25,IC50,B,assay format,other,9,D,2021,
CHEMBL6007054,CHEMBL6007054,Nc1nc(-c2ccc(F)cc2)c(-c2ccc(=O)n(C3CS(=O)(=O)C3)c2)c2nc(Cc3c(F)cccc3F)nn12,,7.25,1,7.25,7.25,IC50,B,assay format,other,9,D,2020,
CHEMBL6007073,CHEMBL6007073,Cn1cc(-c2c(-c3ncco3)nc(N)n3nc(Cc4ncccc4F)nc23)ccc1=O,,7.57,2,7.44,7.7,IC50,B,assay format,other,9,D,2020,
CHEMBL6007478,CHEMBL6007478,Cc1cnc2ccc(-c3c(-n4ccc(F)n4)nc(N)n4nc(Cc5ncccc5F)nc34)cn12,,9.7,1,9.7,9.7,IC50,B,assay format,other,9,D,2020,
CHEMBL6007580,CHEMBL6007580,C[C@H](Nc1nc(C(=O)N2CC(CN(C)C(=O)CC(C)(C)C)C2)c2sccc2n1)c1cncc(F)c1,,7.12,1,7.12,7.12,IC50,B,single protein format,single_protein,9,D,2022,
CHEMBL6007666,CHEMBL6007666,CO[C@@H]1CCN(C(=O)c2nc(N[C@@H](C)c3cncc(F)c3)nc3ccsc23)C1,,6.52,1,6.52,6.52,IC50,B,single protein format,single_protein,9,D,2022,
CHEMBL6007892,CHEMBL6007892,COc1cccc2c(C(=O)NC3CCc4ccccc4C3)nc(N)nc12,,7.7,1,7.7,7.7,Ki,B,assay format,other,9,D,2018,
CHEMBL6007989,CHEMBL6007989,O=C(c1nc(NCc2ccccn2)nc2ccsc12)N1CCCC1,,6.52,1,6.52,6.52,IC50,B,single protein format,single_protein,9,D,2022,
CHEMBL6008157,CHEMBL6008157,Nc1nc(-c2ccc(F)cc2)c(-c2ccc(=O)n(C3CCOC3)c2)c2nc(Cc3c(F)cccc3F)nn12,,8.11,1,8.11,8.11,IC50,B,assay format,other,9,D,2020,
CHEMBL6008177,CHEMBL6008177,Cc1cc(-c2c(-c3ccc(F)cc3)nc(N)n3nc(Cc4cccc(N(C)C)n4)nc23)ccn1,,7.37,1,7.37,7.37,IC50,B,assay format,other,9,D,2020,
CHEMBL600819,CHEMBL600819,N#Cc1c(N)nc2c(C(N)=O)c(Nc3ccccc3)sc2c1-c1ccccc1,,6.2,1,6.2,6.2,Ki,B,single protein format,single_protein,9,D,2010,
CHEMBL6008274,CHEMBL6008274,Nc1nc2c(O)cccc2c2nc([C@H]3CCC[C@@H](CCC(F)(F)F)C3)nn12,,7.8,1,7.8,7.8,Ki,B,assay format,other,9,D,2020,
CHEMBL6008530,CHEMBL6008530,COc1cc(Cl)cc2c1nc(N)n1nc(C3CCCN(c4cnn(C)c4)C3)nc21,,7.75,1,7.75,7.75,IC50,B,assay format,other,9,D,2022,
CHEMBL6008820,CHEMBL6008820,COc1cccc2c1nc(N)n1nc([C@@H]3CC(F)(F)CCO3)nc21,,8.72,1,8.72,8.72,Ki,B,assay format,other,9,D,2020,
CHEMBL6008951,CHEMBL6008951,COc1ccccc1-c1nc(N)n2nc(Cc3ncccc3F)nc2c1-c1ccc(=O)n(C)c1,,7.06,1,7.06,7.06,IC50,B,assay format,other,9,D,2020,
CHEMBL6009004,CHEMBL6009004,C[C@H](Nc1nc(C(=O)N2CCC[C@H]2C)c2sccc2n1)c1cncc(F)c1,,6.52,1,6.52,6.52,IC50,B,single protein format,single_protein,9,D,2022,
CHEMBL6009032,CHEMBL6009032,Cc1cc(-c2c(-c3ccc(F)cc3)nc(N)n3cnnc23)cc(CF)n1,,8.98,3,8.98,8.98,IC50,B,assay format,other,9,D,2022,
CHEMBL6009071,CHEMBL6009071,C[C@H](Nc1nc(C(=O)N2CC[C@@H](F)C2)c2sccc2n1)c1cncc(F)c1,,6.52,1,6.52,6.52,IC50,B,single protein format,single_protein,9,D,2022,
CHEMBL6009085,CHEMBL6009085,CC(NC(=O)c1nc(-c2ccc3ncccc3c2)c(-c2ccccc2)nc1N)c1ncccn1,,8.29,2,8.17,8.41,IC50,B,assay format,other,9,D,2022,
CHEMBL6009828,CHEMBL6009828,CO[C@@H]1CCN(C(=O)c2nc(N[C@@H](C)c3cncc(F)c3)nc3cc(C)sc23)C1,,7.12,1,7.12,7.12,IC50,B,single protein format,single_protein,9,D,2022,
CHEMBL6009863,CHEMBL6009863,N#Cc1cccc(-c2nc3[nH]ccc(=O)c3cc2-c2ccc3ncccc3c2)c1,,8.27,1,8.27,8.27,IC50,B,assay format,other,9,D,2022,
CHEMBL6010102,CHEMBL6010102,COc1cccc2c(C(=O)NCc3cccc(C4CC4)n3)nc(N)nc12,,9.52,1,9.52,9.52,Ki,B,assay format,other,9,D,2018,
CHEMBL6010427,CHEMBL6010427,O=C(c1nc(NCc2cncc(F)c2)nc2ccsc12)N1CCCC1,,6.52,1,6.52,6.52,IC50,B,single protein format,single_protein,9,D,2022,
CHEMBL601081,CHEMBL601081,CC(C)n1cnc(CCNc2nc(NCC(c3ccccc3)c3ccccc3)c3ncn([C@@H]4C[C@H](NC(=O)C(C)(C)C)[C@@H](O)[C@H]4O)c3n2)c1,,6.345,2,6.27,6.42,IC50;Ki,B;F,assay format;cell-based format,cell_based,9,D,2010,
CHEMBL6011129,CHEMBL6011129,C[C@H](Nc1nc(C(=O)NCC2CCN(Cc3ccccc3)CC2)c2sccc2n1)c1cccnc1,,6.52,1,6.52,6.52,IC50,B,single protein format,single_protein,9,D,2022,
CHEMBL6011536,CHEMBL6011536,CCC(Nc1nc(C(=O)N2CC[C@@H](OC)C2)c2sccc2n1)c1cccnc1,,7.12,1,7.12,7.12,IC50,B,single protein format,single_protein,9,D,2022,
CHEMBL6012073,CHEMBL6012073,CC(C)n1cc(-c2cc3c(=O)cc[nH]c3nc2-c2ccccc2)ccc1=O,,8.59,1,8.59,8.59,IC50,B,assay format,other,9,D,2022,
CHEMBL6012155,CHEMBL6012155,COc1cccc2c1nc(N)n1nc([C@@H]3CCCN(CC(F)(F)F)C3)nc21,,9.1,1,9.1,9.1,Ki,B,assay format,other,9,D,2020,
CHEMBL6012212,CHEMBL6012212,Cc1cc(-c2c(-c3ccc(Cl)cc3F)nc(N)n3cnnc23)cc(Cl)n1,,8.45,2,8.45,8.45,IC50,B,assay format,other,9,D,2022,
CHEMBL6012269,CHEMBL6012269,C[C@H](Nc1nc(C(=O)NC2COC2)c2sccc2n1)c1ccccn1,,6.52,1,6.52,6.52,IC50,B,single protein format,single_protein,9,D,2022,
CHEMBL6012545,CHEMBL6012545,COc1cccc2c(C(=O)NCc3cccc(COCC(C)C)n3)nc(N)nc12,,8.72,1,8.72,8.72,Ki,B,assay format,other,9,D,2018,
CHEMBL6012618,CHEMBL6012618,Cn1ccc(-c2nc(N)cnc2-c2cc(Cl)c3ncccc3c2)n1,,7.77,1,7.77,7.77,IC50,B,assay format,other,9,D,2021,
CHEMBL6012635,CHEMBL6012635,COc1cccc2c1nc(N)n1nc([C@@H]3CCCN(CCN4CCOCC4)C3)nc21,,8.82,1,8.82,8.82,Ki,B,assay format,other,9,D,2020,
CHEMBL6012996,CHEMBL6012996,Cc1cnc2ccc(-c3c(N4CCOC[C@@H]4C)nc(N)n4nc(Cc5ncccc5F)nc34)cn12,,7.37,1,7.37,7.37,IC50,B,assay format,other,9,D,2020,
CHEMBL6013039,CHEMBL6013039,C[C@H](Nc1nc(C(=O)NC2CC(O)C2)c2sccc2n1)c1cncc(Cl)c1,,7.12,1,7.12,7.12,IC50,B,single protein format,single_protein,9,D,2022,
CHEMBL6013060,CHEMBL6013060,Cc1ncc(N2CCN(Cc3nc4c5ccc6c(c5nc(N)n4n3)OC(F)(F)O6)[C@H](C)C2)s1,,8.4,1,8.4,8.4,Ki,B,assay format,other,9,D,2021,
CHEMBL6013361,CHEMBL6013361,COc1cccc2c1nc(N)n1nc([C@@H]3CC4CC[C@H]3N(CC(F)(F)F)C4)nc21,,8.0,1,8.0,8.0,Ki,B,assay format,other,9,D,2020,
CHEMBL6013704,CHEMBL6013704,Cc1nn(C(C)C(C)O)cc1N1CCC[C@@H](c2nc3c4cc(F)cc(F)c4nc(N)n3n2)C1,,9.075,2,9.05,9.1,IC50,B,cell-based format,cell_based,9,D,2022,
CHEMBL6013847,CHEMBL6013847,COc1cccc(CCNC(=O)c2nc(N[C@@H](C)c3ccccn3)nc3c(C)csc23)c1,,7.12,1,7.12,7.12,IC50,B,single protein format,single_protein,9,D,2022,
CHEMBL601413,CHEMBL601413,Nc1c(C(=O)Nc2ccccc2F)sc2nc3c(cc12)C(=O)CCC3,,6.52,1,6.52,6.52,Ki,B,single protein format,single_protein,9,D,2010,
CHEMBL6014360,CHEMBL6014360,COc1cccc2c1nc(N)n1nc([C@H]3CCC(F)(F)CN3)nc21,,9.52,1,9.52,9.52,Ki,B,assay format,other,9,D,2020,
CHEMBL6014503,CHEMBL6014503,COc1cc2nc(N)n3nc([C@@H]4CCCN(c5cnn(CS(C)(=O)=O)c5)C4)nc3c2cc1F,,7.93,1,7.93,7.93,IC50,B,assay format,other,9,D,2022,
CHEMBL6014957,CHEMBL6014957,CC(NC(=O)c1nc(-c2cc(Cl)c3ncccc3c2)c(-c2ccn(C)n2)nc1N)c1ccccn1,,8.8,1,8.8,8.8,IC50,B,assay format,other,9,D,2022,
CHEMBL601514,CHEMBL601514,CCC(=O)N[C@H]1C[C@@H](n2cnc3c(NCC(c4ccccc4)c4ccccc4)nc(NCCc4c[nH]cn4)nc32)[C@H](O)[C@@H]1O,,8.254999999999999,2,8.23,8.28,IC50;Ki,B;F,assay format;cell-based format,cell_based,9,D,2010,
CHEMBL601515,CHEMBL601515,CC(C)n1cnc(CCNc2nc(NCC(c3ccccc3)c3ccccc3)c3ncn([C@@H]4C[C@H](NC(=O)C5CCC5)[C@@H](O)[C@H]4O)c3n2)c1,,7.75,2,7.4,8.1,IC50;Ki,B;F,assay format;cell-based format,cell_based,9,D,2010,
CHEMBL6015199,CHEMBL6015199,Cc1cc2nc(N[C@@H](C)c3cncc(F)c3)nc(C(=O)N3CC(N(C)C(=O)OC(C)(C)C)C3)c2s1,,6.52,1,6.52,6.52,IC50,B,single protein format,single_protein,9,D,2022,
CHEMBL6015286,CHEMBL6015286,Cc1ccn(-c2nc(N)cnc2-c2cc(Cl)c3ncccc3c2)n1,,8.68,1,8.68,8.68,IC50,B,assay format,other,9,D,2021,
CHEMBL6016179,CHEMBL6016179,Cc1cc2nc(N[C@@H](C)c3ccccn3)nc(C(=O)NC[C@@H](C)O)c2s1,,6.52,1,6.52,6.52,IC50,B,single protein format,single_protein,9,D,2022,
CHEMBL6016382,CHEMBL6016382,Cc1cc2nc(N[C@@H](C)c3cncc(F)c3)nc(C(=O)N3CC(NC(=O)C4CCC4)C3)c2s1,,7.52,1,7.52,7.52,IC50,B,single protein format,single_protein,9,D,2022,
CHEMBL6016470,CHEMBL6016470,COc1cccc2c1nc(N)n1nc([C@@H]3CCCN(CC4(C)COC4)C3)nc21,,8.52,1,8.52,8.52,Ki,B,assay format,other,9,D,2020,
CHEMBL6016816,CHEMBL6016816,C[C@H]1CCN(C(=O)c2nc(N[C@@H](C)c3ccccn3)nc3ccsc23)C1,,6.52,1,6.52,6.52,IC50,B,single protein format,single_protein,9,D,2022,
CHEMBL6016827,CHEMBL6016827,Cc1cnc2ccc(-c3c(-c4ccc(F)cc4)nc(N)n4nc(C[C@@H]5CCCN5C)nc34)cn12,,9.52,1,9.52,9.52,IC50,B,assay format,other,9,D,2020,
CHEMBL601723,CHEMBL601723,NC1=C(Nc2cccc(C(F)(F)F)c2)C(=O)c2ccccc2C1=O,,6.25,1,6.25,6.25,Ki,B,single protein format,single_protein,9,D,2010,
CHEMBL6017263,CHEMBL6017263,Cn1cc(N2CCC[C@@H](c3nc4c5cc(Cl)cc(Cl)c5nc(N)n4n3)C2)cn1,,7.24,1,7.24,7.24,IC50,B,assay format,other,9,D,2022,
CHEMBL601730,CHEMBL601730,CCC(=O)N[C@H]1C[C@@H](n2cnc3c(NCC(c4ccccc4)c4ccccc4)nc(NCCc4cn(CC(=O)O)cn4)nc32)[C@H](O)[C@@H]1O,,7.01,1,7.01,7.01,Ki,B,cell-based format,cell_based,9,D,2010,
CHEMBL601731,CHEMBL601731,CCc1cnn([C@H]2C[C@@H](n3cnc4c(NCC(c5ccccc5)c5ccccc5)nc(NCCc5cn(CC)cn5)nc43)[C@H](O)[C@@H]2O)c1,,6.84,1,6.84,6.84,Ki,B,cell-based format,cell_based,9,D,2010,
CHEMBL601732,CHEMBL601732,Cc1nnnn1[C@H]1C[C@@H](n2cnc3c(NCC(c4ccccc4)c4ccccc4)nc(NCCc4cn(C(C)C)cn4)nc32)[C@H](O)[C@@H]1O,,7.21,2,7.0,7.42,IC50;Ki,B;F,assay format;cell-based format,cell_based,9,D,2010,
CHEMBL6017463,CHEMBL6017463,C[C@H](Nc1nc(C(=O)N2CC[C@H](F)C2)c2sccc2n1)c1ccccn1,,7.12,1,7.12,7.12,IC50,B,single protein format,single_protein,9,D,2022,
CHEMBL6017684,CHEMBL6017684,C[C@H]1CCN(C(=O)c2nc(N[C@@H](C)c3cccnc3)nc3ccsc23)C1,,6.52,1,6.52,6.52,IC50,B,single protein format,single_protein,9,D,2022,
CHEMBL6017871,CHEMBL6017871,Cc1cc(-c2c(-c3cnc4c(c3)CCN4)nc(N)n3ccnc23)cc(C)n1,,6.26,1,6.26,6.26,Ki,B,assay format,other,9,D,2023,
CHEMBL6017997,CHEMBL6017997,COc1cc(F)cc2c1nc(N)n1nc(C3CCCCN(c4cnn(CC(C)(C)O)c4)C3)nc21,,8.96,1,8.96,8.96,IC50,B,assay format,other,9,D,2022,
CHEMBL6018147,CHEMBL6018147,CC(C)(C)OC(=O)N1CC(NC(=O)c2nc(NCc3cncc(F)c3)nc3ccsc23)C1,,6.52,1,6.52,6.52,IC50,B,single protein format,single_protein,9,D,2022,
CHEMBL6018554,CHEMBL6018554,COc1cc(F)cc2c1nc(N)n1nc(C3CC(C)CN(c4cnn(CC(C)(C)O)c4C)C3)nc21,,8.45,2,7.68,9.22,IC50,B,cell-based format,cell_based,9,D,2022,
CHEMBL601856,CHEMBL601856,Nc1c(Oc2ccccc2)ccc2c1C(=O)c1ccccc1C2=O,,6.0,1,6.0,6.0,Ki,B,single protein format,single_protein,9,D,2010,
CHEMBL6018926,CHEMBL6018926,COc1cccc(C(=O)NC2CN(C(=O)c3nc(N[C@@H](C)c4cncc(F)c4)nc4ccsc34)C2)c1,,7.52,1,7.52,7.52,IC50,B,single protein format,single_protein,9,D,2022,
CHEMBL6019112,CHEMBL6019112,CC(O)C(C)n1cc(N2CCC[C@@H](c3nc4c5cc(F)cc(F)c5nc(N)n4n3)C2)cn1,,8.149999999999999,4,8.11,8.37,IC50,B,cell-based format,cell_based,9,D,2022,
CHEMBL6019365,CHEMBL6019365,C[C@H](Nc1nc(C(=O)N2CC(F)(F)C2)c2sccc2n1)c1ccccn1,,6.52,1,6.52,6.52,IC50,B,single protein format,single_protein,9,D,2022,
CHEMBL6019683,CHEMBL6019683,COc1cc2nc(N)n3nc([C@@H]4CCCN(c5cn(CC(C)(C)O)nc5C)C4)nc3c2cc1F,,9.3,1,9.3,9.3,IC50,B,assay format,other,9,D,2022,
CHEMBL6019752,CHEMBL6019752,Cc1nc2c3ccc4c(c3nc(N)n2n1)OC(F)(F)O4,,8.21,1,8.21,8.21,Ki,B,assay format,other,9,D,2021,
CHEMBL6019989,CHEMBL6019989,Nc1cccc(CNC(=O)c2nc(-c3ccc4nccn4c3)c(-c3ncco3)nc2N)n1,,8.51,1,8.51,8.51,IC50,B,assay format,other,9,D,2021,
CHEMBL6020805,CHEMBL6020805,CCN1CCC[C@@H](c2nc3c4cccc(OC)c4nc(N)n3n2)C1,,7.47,1,7.47,7.47,Ki,B,assay format,other,9,D,2020,
CHEMBL6020874,CHEMBL6020874,COc1cccc2c1nc(N)n1nc(C3CCCC(O)(c4cnn(CC(C)(C)O)c4)C3)nc21,,8.85,1,8.85,8.85,IC50,B,assay format,other,9,D,2022,
CHEMBL6021412,CHEMBL6021412,C[C@H](Nc1nc(C(=O)N2CCC2)c2sccc2n1)c1cncc(Cl)c1,,6.52,1,6.52,6.52,IC50,B,single protein format,single_protein,9,D,2022,
CHEMBL6021606,CHEMBL6021606,O=C(c1nc(NCc2cccc(Cl)c2)nc2ccsc12)N1CCC1,,6.52,1,6.52,6.52,IC50,B,single protein format,single_protein,9,D,2022,
CHEMBL6021795,CHEMBL6021795,COc1cc2nc(N)n3nc(C4CCC(C)N(c5cnn(C(C)(C)C(C)(C)O)c5)C4)nc3c2cc1F,,9.15,1,9.15,9.15,IC50,B,assay format,other,9,D,2022,
CHEMBL6021840,CHEMBL6021840,Cc1cc2nc(N[C@@H](C)c3ccccn3)nc(C(=O)N3CC(O)C3)c2s1,,6.52,1,6.52,6.52,IC50,B,single protein format,single_protein,9,D,2022,
CHEMBL6022055,CHEMBL6022055,Cn1cc(-c2c(-c3ccc(C(F)(F)F)cc3)nc(N)n3nc(Cc4ncccc4F)nc23)ccc1=O,,7.51,2,6.74,8.28,IC50,B,assay format,other,9,D,2020,
CHEMBL6022581,CHEMBL6022581,COc1cccc2c1nc(N)n1nc([C@@H]3CCCN(S(=O)(=O)c4ccccc4)C3)nc21,,8.92,1,8.92,8.92,Ki,B,assay format,other,9,D,2020,
CHEMBL6022643,CHEMBL6022643,CCNC(=O)c1cc2c(N)nc(-c3cccc(C#N)c3)c(C3(C(F)(F)F)CC3)n2n1,,7.26,1,7.26,7.26,Ki,B,assay format,other,9,D,2021,
CHEMBL6022771,CHEMBL6022771,COc1cccc2c1nc(N)n1nc([C@@H]3CCN(CC(F)(F)F)C3)nc21,,8.7,1,8.7,8.7,Ki,B,assay format,other,9,D,2020,
CHEMBL6022827,CHEMBL6022827,CC(C)n1cc(-c2cc3c(=O)cc[nH]c3nc2-c2ccccc2)cc(Cl)c1=O,,8.46,1,8.46,8.46,IC50,B,assay format,other,9,D,2022,
CHEMBL6022992,CHEMBL6022992,Cc1cc(-c2c(-c3ccc(F)cc3)nc(N)n3nc(Cc4ncccc4F)nc23)ccn1,,7.23,1,7.23,7.23,IC50,B,assay format,other,9,D,2020,
CHEMBL6023131,CHEMBL6023131,COc1cc(F)cc2c1nc(N)n1nc(C3CC(F)CN(c4cnn(CC5(O)CCC5)c4)C3)nc21,,8.25,4,6.36,9.05,IC50,B,assay format,other,9,D,2022,
CHEMBL6023160,CHEMBL6023160,O=C(c1nc(NCc2cncc(F)c2)nc2ccsc12)N1CC[C@@H](F)C1,,6.52,1,6.52,6.52,IC50,B,single protein format,single_protein,9,D,2022,
CHEMBL6023391,CHEMBL6023391,Nc1nc2c3c(ccc2c2nc(CCN4CC[C@H](c5ccccc5)C4)nn12)OC(F)(F)O3,,7.7,1,7.7,7.7,Ki,B,assay format,other,9,D,2021,
CHEMBL6023556,CHEMBL6023556,Cc1cnc2ccc(-c3nc(C(=O)NC[C@@H]4CCOC4)c(N)nc3-c3ncco3)cn12,,8.41,1,8.41,8.41,IC50,B,assay format,other,9,D,2021,
CHEMBL6023938,CHEMBL6023938,Nc1nnc(-c2cccc(C(F)(F)F)c2)c(-c2ccccc2)n1,,7.7,1,7.7,7.7,Ki,B,assay format,other,9,D,2021,
CHEMBL6023992,CHEMBL6023992,CC(C)(C)OC(=O)N[C@@H]1CCN(C(=O)c2nc(NCc3cc(F)cc(F)c3)nc3ccsc23)C1,,6.52,1,6.52,6.52,IC50,B,single protein format,single_protein,9,D,2022,
CHEMBL6024050,CHEMBL6024050,O=C(c1nc(NCCc2ccccc2)nc2ccsc12)N1CCCC1,,6.52,1,6.52,6.52,IC50,B,single protein format,single_protein,9,D,2022,
CHEMBL6024507,CHEMBL6024507,COc1cc2nc(N)n3nc(C4CC(F)CN(c5cnn(CC6(O)CCC6)c5)C4)nc3c2cc1F,,8.48,1,8.48,8.48,IC50,B,assay format,other,9,D,2022,
CHEMBL6024542,CHEMBL6024542,COc1cc2nc(N)n3nc([C@H]4CC[C@@H](C)N(c5cnn(C6CCC(C)(O)CC6)c5)C4)nc3c2cc1F,,9.15,1,9.15,9.15,IC50,B,assay format,other,9,D,2022,
CHEMBL6024674,CHEMBL6024674,C[C@H](Nc1nc(C(=O)NC(C)(C)C)c2sccc2n1)c1ccccn1,,7.12,1,7.12,7.12,IC50,B,single protein format,single_protein,9,D,2022,
CHEMBL6024738,CHEMBL6024738,C[C@@H]1CC[C@H](c2nc3c4cc(F)cc(F)c4nc(N)n3n2)CN1c1cnn(C(C)(CO)CO)c1,,8.85,1,8.85,8.85,IC50,B,cell-based format,cell_based,9,D,2022,
CHEMBL6024904,CHEMBL6024904,C[C@H](Nc1nc(C(=O)NCCNC(=O)C(C)(C)C)c2sccc2n1)c1cncc(F)c1,,6.52,1,6.52,6.52,IC50,B,single protein format,single_protein,9,D,2022,
CHEMBL6025396,CHEMBL6025396,Cc1ccc(-c2nc(N)nc3c2C(=O)N(C)C3Cc2ccc(F)cc2C(F)(F)F)o1,,6.82,1,6.82,6.82,IC50,B,assay format,other,9,D,2021,
CHEMBL6025959,CHEMBL6025959,C[C@H](c1nc2c3ccc4c(c3nc(N)n2n1)OC(F)(F)O4)N1CCCC(F)(F)C1,,7.05,1,7.05,7.05,Ki,B,assay format,other,9,D,2021,
CHEMBL6026137,CHEMBL6026137,Nc1nc2c3c(ccc2c2nc(CN4CCN(c5ccc(F)cn5)CC45CC5)nn12)OC(F)(F)O3,,8.47,1,8.47,8.47,Ki,B,assay format,other,9,D,2021,
CHEMBL6026258,CHEMBL6026258,CCOC(=O)Nc1nc2c(N)nc(-c3cccc(C#N)c3)cn2n1,,7.26,1,7.26,7.26,Ki,B,assay format,other,9,D,2021,
CHEMBL6026845,CHEMBL6026845,Nc1nc2c3c(ccc2c2nc(CCN4CCCC(O)(C(F)(F)F)C4)nn12)OC(F)(F)O3,,8.344999999999999,2,8.28,8.41,Ki,B,assay format,other,9,D,2021,
CHEMBL6026851,CHEMBL6026851,C[C@H](NC(=O)c1nc(-c2ccc3ncccc3c2)c(-c2ccccc2)nc1N)c1cccc(C#N)n1,,8.41,1,8.41,8.41,IC50,B,assay format,other,9,D,2022,
CHEMBL6027306,CHEMBL6027306,COc1cc2nc(N)n3nc([C@@H]4CCCN(c5cnn(C(C)C(C)(C)O)c5)C4)nc3c2cc1F,,8.96,2,8.77,9.15,IC50,B,assay format,other,9,D,2022,
CHEMBL6028641,CHEMBL6028641,Nc1nnc(-c2ccnc(C3CC3)c2)c(-c2ccccc2)n1,,7.45,1,7.45,7.45,Ki,B,assay format,other,9,D,2021,
CHEMBL6028644,CHEMBL6028644,C[C@H](Nc1nc(C(=O)N2CC[C@@H](NC(=O)OC(C)(C)C)C2)c2sccc2n1)c1ccccn1,,6.52,1,6.52,6.52,IC50,B,single protein format,single_protein,9,D,2022,
CHEMBL6028673,CHEMBL6028673,Nc1nc2ccccc2c2nc([C@@H]3CCCN(CC(F)F)C3)nn12,,7.96,1,7.96,7.96,Ki,B,assay format,other,9,D,2020,
CHEMBL6028839,CHEMBL6028839,Cc1cc2n(n1)CCN([C@H](C)Cc1nc3c4ccc5c(c4nc(N)n3n1)OC(F)(F)O5)C2,,8.42,1,8.42,8.42,Ki,B,assay format,other,9,D,2021,
CHEMBL6028914,CHEMBL6028914,COc1ccc([C@H](C)Nc2nc(C(=O)NCc3ccccn3)c3sccc3n2)cc1,,7.52,1,7.52,7.52,IC50,B,single protein format,single_protein,9,D,2022,
CHEMBL6029063,CHEMBL6029063,CS(=O)(=O)c1ccc(CC2OC(=O)c3c(-c4ccco4)nc(N)nc32)cc1,,6.82,1,6.82,6.82,IC50,B,assay format,other,9,D,2021,
CHEMBL6029118,CHEMBL6029118,C[C@](C(=O)NCC1(O)COC1)(c1ccccc1)n1ncc2c1nc(N)n1nc(-c3ccco3)nc21,,8.92,1,8.92,8.92,Ki,B,assay format,other,9,D,2022,
CHEMBL6029192,CHEMBL6029192,C[C@H](Nc1nc(C(=O)NCCc2cccc(O)c2)c2sccc2n1)c1cncc(F)c1,,7.52,1,7.52,7.52,IC50,B,single protein format,single_protein,9,D,2022,
CHEMBL6029669,CHEMBL6029669,C[C@H](Nc1nc(C(=O)N2CC[C@@H](NC(=O)OC(C)(C)C)C2)c2sccc2n1)c1cccnc1,,6.52,1,6.52,6.52,IC50,B,single protein format,single_protein,9,D,2022,
CHEMBL6029910,CHEMBL6029910,Nc1nc(-c2ccco2)c2c(n1)C(Cc1ccccc1)OC2=O,,7.4,1,7.4,7.4,IC50,B,assay format,other,9,D,2021,
CHEMBL6030476,CHEMBL6030476,C[C@H](Nc1nc(C(=O)N2CC(NC(=O)C(C)(C)C)C2)c2sccc2n1)c1ccccn1,,7.52,1,7.52,7.52,IC50,B,single protein format,single_protein,9,D,2022,
CHEMBL6030840,CHEMBL6030840,COc1cccc(-c2nc(N)n3nc(Cc4ncccc4F)nc3c2-c2ccc(=O)n(C)c2)c1,,8.305,2,8.17,8.44,IC50,B,assay format,other,9,D,2020,
CHEMBL603094,CHEMBL603094,Nc1ccc(Cl)c2c1C(=O)c1ccccc1C2=O,,6.6,1,6.6,6.6,Ki,B,single protein format,single_protein,9,D,2010,
CHEMBL603095,CHEMBL603095,Cn1c(=O)cc2c3c(c(N)ccc31)C(=O)c1ccccc1-2,,6.19,1,6.19,6.19,Ki,B,single protein format,single_protein,9,D,2010,
CHEMBL6031428,CHEMBL6031428,C[C@H](Nc1nc(C(=O)NCCc2cccc(O)c2)c2sccc2n1)c1ccccn1,,6.52,1,6.52,6.52,IC50,B,single protein format,single_protein,9,D,2022,
CHEMBL6031624,CHEMBL6031624,Cc1nc(Cc2nc3c(-c4ccc5nccn5c4)c(-c4ccc(F)cc4)nc(N)n3n2)cs1,,8.49,1,8.49,8.49,IC50,B,assay format,other,9,D,2020,
CHEMBL6031805,CHEMBL6031805,COc1cccc2c(C(=O)N[C@@H](CO)c3ccc4ccccc4n3)nc(N)nc12,,8.08,1,8.08,8.08,Ki,B,assay format,other,9,D,2018,
CHEMBL6031846,CHEMBL6031846,Cc1cnc2ccc(-c3c(N4CCC5(COC5)C4)nc(N)n4nc(Cc5ncccc5F)nc34)cn12,,6.1,1,6.1,6.1,IC50,B,assay format,other,9,D,2020,
CHEMBL6031856,CHEMBL6031856,Cc1ccc(-c2nc(N)nc3c2[nH]c(=O)n3Cc2ccccc2C(F)(F)F)o1,,6.75,1,6.75,6.75,IC50,B,assay format,other,9,D,2021,
CHEMBL6031982,CHEMBL6031982,COc1cccc2c(C(=O)NCc3cccc(C(C)(O)C(F)(F)F)n3)nc(N)nc12,,9.3,1,9.3,9.3,Ki,B,assay format,other,9,D,2018,
CHEMBL6032065,CHEMBL6032065,C[C@H](Nc1nc(C(=O)NCC2CCOCC2)c2sccc2n1)c1cncc(F)c1,,6.82,2,6.52,7.12,IC50,B,single protein format,single_protein,9,D,2022,
CHEMBL603209,CHEMBL603209,C=CCn1c(=O)c2c(nc(Cc3c(F)cccc3F)n2C)n(Cc2ccco2)c1=O,,6.42,1,6.42,6.42,Ki,B,cell-based format,cell_based,9,D,2009,
CHEMBL6032497,CHEMBL6032497,COc1cc(F)cc2c1nc(N)n1nc([C@@H]3CCCN(c4cnn(C(C)(C)CO)c4)C3)nc21,,9.3,1,9.3,9.3,IC50,B,assay format,other,9,D,2022,
CHEMBL6032927,CHEMBL6032927,Nc1nc(-c2ccccc2)c(-c2ccc3ncccc3c2)nc1C(=O)NC(O)c1ccccn1,,8.51,1,8.51,8.51,IC50,B,assay format,other,9,D,2022,
CHEMBL6032966,CHEMBL6032966,CC1(C)C=C(c2nnc(N)nc2-c2ccccc2)CC(C)(C)O1,,6.61,1,6.61,6.61,Ki,B,assay format,other,9,D,2021,
CHEMBL6033132,CHEMBL6033132,C[C@H](Nc1nc(C(=O)NCCO)c2sccc2n1)c1cncc(F)c1,,6.52,1,6.52,6.52,IC50,B,single protein format,single_protein,9,D,2022,
CHEMBL6033152,CHEMBL6033152,COCCc1nc2c(-c3ccc4ncc(C)n4c3)c(-c3ncco3)nc(N)n2n1,,8.96,1,8.96,8.96,IC50,B,assay format,other,9,D,2020,
CHEMBL6033186,CHEMBL6033186,COCCNC(=O)c1nc(NCc2cncc(F)c2)nc2ccsc12,,6.52,1,6.52,6.52,IC50,B,single protein format,single_protein,9,D,2022,
CHEMBL6033264,CHEMBL6033264,Cn1ccc(-c2nc(N)c(C#N)nc2-c2cc(Cl)c3ncccc3c2)n1,,8.8,1,8.8,8.8,IC50,B,assay format,other,9,D,2021,
CHEMBL6033717,CHEMBL6033717,Cn1cc(N2CCCC(c3nc4c5cc(F)ccc5nc(N)n4n3)C2)cn1,,6.98,1,6.98,6.98,IC50,B,assay format,other,9,D,2022,
CHEMBL6033797,CHEMBL6033797,COc1cc2nc(N)n3nc([C@@H]4CCCN(c5cc(C)c(=O)n(C(F)F)c5)C4)nc3c2cc1F,,9.22,1,9.22,9.22,IC50,B,assay format,other,9,D,2022,
CHEMBL6034114,CHEMBL6034114,CO[C@H]1CCN(C(=O)c2nc(N[C@@H](C)c3ccccn3)nc3ccsc23)C1,,7.52,1,7.52,7.52,IC50,B,single protein format,single_protein,9,D,2022,
CHEMBL6034255,CHEMBL6034255,COc1ccc(N2CCC[C@@H](c3nc4c5cc(F)c(OC)cc5nc(N)n4n3)C2)cn1,,8.41,1,8.41,8.41,IC50,B,assay format,other,9,D,2022,
CHEMBL6034884,CHEMBL6034884,Nc1nc(-c2ccco2)c2c(n1)C(Cc1c(F)cccc1Cl)OC2=O,,7.54,1,7.54,7.54,IC50,B,assay format,other,9,D,2021,
CHEMBL6035105,CHEMBL6035105,Nc1nc(C(=O)NCc2cccc(-c3ccccn3)n2)c2cccc(F)c2n1,,9.1,1,9.1,9.1,Ki,B,assay format,other,9,D,2018,
CHEMBL6035129,CHEMBL6035129,COc1ccc(CCNC(=O)c2nc(N[C@@H](C)c3cncc(F)c3)nc3ccsc23)cc1,,6.52,1,6.52,6.52,IC50,B,single protein format,single_protein,9,D,2022,
CHEMBL6035154,CHEMBL6035154,Nc1cc(Cl)c(-c2ccnc(F)c2)c(-c2ccncc2)n1,,6.26,1,6.26,6.26,Ki,B,assay format,other,9,D,2019,
CHEMBL6035291,CHEMBL6035291,C[C@@H](Cc1nc2c3ccc4c(c3nc(N)n2n1)OC(F)(F)O4)N1CC(C)(F)C1,,8.32,1,8.32,8.32,Ki,B,assay format,other,9,D,2021,
CHEMBL6035364,CHEMBL6035364,Cc1cc(-c2c(-c3ccc(Cl)cc3)nc(N)n3cnnc23)cc(C(F)(F)F)n1,,8.81,1,8.81,8.81,IC50,B,assay format,other,9,D,2022,
CHEMBL6035472,CHEMBL6035472,C[C@H](Nc1nc(C(=O)N2CC(NC(=O)c3ccccc3)C2)c2sccc2n1)c1cncc(F)c1,,7.52,1,7.52,7.52,IC50,B,single protein format,single_protein,9,D,2022,
CHEMBL603614,CHEMBL603614,Nc1nc(N[C@H](CO)Cc2ccccc2)nc2c1ncn2[C@@H]1C[C@H](n2cccn2)[C@@H](O)[C@H]1O,,6.15,1,6.15,6.15,Ki,B,cell-based format,cell_based,9,D,2010,
CHEMBL6036234,CHEMBL6036234,CN1CCN(CCc2nc3c4ccc5c(c4nc(N)n3n2)OC(F)(F)O5)CC1=O,,8.77,1,8.77,8.77,Ki,B,assay format,other,9,D,2021,
CHEMBL6036343,CHEMBL6036343,COc1cc2nc(N)n3nc(C4CCC(C)N(c5cn(C6CCOCC6)nc5C)C4)nc3c2cc1F,,9.22,1,9.22,9.22,IC50,B,assay format,other,9,D,2022,
CHEMBL6036826,CHEMBL6036826,COC(=O)C(Cc1nc2c3ccc4c(c3nc(N)n2n1)OC(F)(F)O4)C(=O)OC,,8.7,1,8.7,8.7,Ki,B,assay format,other,9,D,2021,
CHEMBL6037258,CHEMBL6037258,C[C@H](Nc1nc(C(=O)NCc2ccccn2)c2sccc2n1)c1cccnc1,,7.52,1,7.52,7.52,IC50,B,single protein format,single_protein,9,D,2022,
CHEMBL603748,CHEMBL603748,CCn1ccnc1CNC(=O)c1cc(-c2ccc(C)o2)nc(N)n1,,8.46,1,8.46,8.46,Ki,B,cell-based format,cell_based,9,D,2009,
CHEMBL6037711,CHEMBL6037711,Cn1c(=O)n(Cc2ccccc2F)c2nc(N)nc(-c3ccco3)c21,,7.36,1,7.36,7.36,IC50,B,assay format,other,9,D,2021,
CHEMBL6037884,CHEMBL6037884,Nc1nc2c3c(ccc2c2nc(CN4CC(F)(F)C4)nn12)OC(F)(F)O3,,8.23,1,8.23,8.23,Ki,B,assay format,other,9,D,2021,
CHEMBL603861,CHEMBL603861,COCCn1c(=O)c2c(nc(Cc3c(F)cccc3F)n2C)n(Cc2ccco2)c1=O,,6.31,1,6.31,6.31,Ki,B,cell-based format,cell_based,9,D,2009,
CHEMBL603878,CHEMBL603878,CCn1c(=O)c2c(nc(Cc3cccs3)n2C)n(Cc2cccs2)c1=O,,6.91,1,6.91,6.91,Ki,B,cell-based format,cell_based,9,D,2010,
CHEMBL603914,CHEMBL603914,Nc1c(C(=O)Nc2nccs2)sc2nc3c(cc12)C(=O)CCC3,,6.0,1,6.0,6.0,Ki,B,single protein format,single_protein,9,D,2010,
CHEMBL6039445,CHEMBL6039445,COc1cc(F)cc2c1nc(N)n1nc(C3CCC(C)N(c4cn(CC(C)(C)O)nc4C)C3)nc21,,7.3,1,7.3,7.3,IC50,B,assay format,other,9,D,2022,
CHEMBL6040129,CHEMBL6040129,CCOC(=O)N(C)C1CN(C(=O)c2nc(N[C@@H](C)c3cncc(F)c3)nc3cc(C)sc23)C1,,7.12,1,7.12,7.12,IC50,B,single protein format,single_protein,9,D,2022,
CHEMBL6040157,CHEMBL6040157,Cc1cc(-c2nnc(N)nc2-c2ccccc2)cc(C)[n+]1[O-],,7.51,1,7.51,7.51,Ki,B,assay format,other,9,D,2021,
CHEMBL6040445,CHEMBL6040445,CN1CCC[C@@H]1Cc1nc2c(-c3ccc4ncn(C)c4c3)c(-c3ccc(F)cc3)nc(N)n2n1,,9.0,1,9.0,9.0,IC50,B,assay format,other,9,D,2020,
CHEMBL6040738,CHEMBL6040738,C[C@@H](NC(=O)c1nc(-c2ccc3ncccc3c2)c(-c2ccccc2)nc1N)c1ncccn1,,8.74,1,8.74,8.74,IC50,B,assay format,other,9,D,2022,
CHEMBL604075,CHEMBL604075,Cn1c(=O)c2c(nc(Cc3ccco3)n2C)n(Cc2ccco2)c1=O,,6.83,1,6.83,6.83,Ki,B,cell-based format,cell_based,9,D,2009,
CHEMBL6041135,CHEMBL6041135,COc1cc(F)cc2c1nc(N)n1nc([C@@H]3CCCN(c4cnn(C(C)C(C)O)c4)C3)nc21,,8.905000000000001,4,8.72,9.0,IC50,B,cell-based format,cell_based,9,D,2022,
CHEMBL6041384,CHEMBL6041384,Nc1nc(-c2ccccc2)c(-c2cc(C(F)(F)F)c3[nH]ncc3c2)c2nncn12,,9.6,1,9.6,9.6,IC50,B,assay format,other,9,D,2022,
CHEMBL6041429,CHEMBL6041429,COc1cccc2c1nc(N)n1nc([C@@H]3CC4CC[C@@H]3N(CC(F)(F)F)C4)nc21,,9.52,1,9.52,9.52,Ki,B,assay format,other,9,D,2020,
CHEMBL6041527,CHEMBL6041527,O=C(NC1CCC1)c1nc(NCc2cnccn2)nc2ccsc12,,6.52,1,6.52,6.52,IC50,B,single protein format,single_protein,9,D,2022,
CHEMBL6041892,CHEMBL6041892,Cn1cnc2ccc(-c3c(-c4ncco4)nc(N)n4nc(Cc5c(F)cccc5F)nc34)cc21,,8.59,1,8.59,8.59,IC50,B,assay format,other,9,D,2020,
CHEMBL6042094,CHEMBL6042094,Nc1nc2c3c(ccc2c2nc(CCN4CCN(C5CCCC5)C(=O)C4)nn12)OC(F)(F)O3,,8.8,1,8.8,8.8,Ki,B,assay format,other,9,D,2021,
CHEMBL6042158,CHEMBL6042158,Cc1cnc2ccc(-c3nc(C(=O)NC[C@H]4CCOC4)c(N)nc3-c3ncco3)cn12,,8.77,1,8.77,8.77,IC50,B,assay format,other,9,D,2021,
CHEMBL6042312,CHEMBL6042312,CCOc1ccc(CNc2nc(C(=O)NCCc3cccc(O)c3)c3sccc3n2)cn1,,6.52,1,6.52,6.52,IC50,B,single protein format,single_protein,9,D,2022,
CHEMBL604283,CHEMBL604283,C#CCn1c(=O)c2[nH]c(Cc3cccs3)nc2n(Cc2ccco2)c1=O,,6.35,1,6.35,6.35,Ki,B,cell-based format,cell_based,9,D,2009,
CHEMBL6043044,CHEMBL6043044,C[C@H](Nc1nc(C(=O)N2CC(NC(=O)OC(C)(C)C)C2)c2sccc2n1)c1cncc(F)c1,,7.52,1,7.52,7.52,IC50,B,single protein format,single_protein,9,D,2022,
CHEMBL6043386,CHEMBL6043386,COc1cccc2c1nc(N)n1nc([C@H]3CC4CC[C@@H]3N(CC(F)(F)F)C4)nc21,,7.68,1,7.68,7.68,Ki,B,assay format,other,9,D,2020,
CHEMBL6043405,CHEMBL6043405,Nc1nc2c3c(ccc2c2nc(CCNC4(C(F)(F)F)CCC4)nn12)OC(F)(F)O3,,9.0,1,9.0,9.0,Ki,B,assay format,other,9,D,2021,
CHEMBL6043626,CHEMBL6043626,C[C@H](Nc1nc(C(=O)N2CC(C)(O)C2)c2sccc2n1)c1ccccn1,,6.52,1,6.52,6.52,IC50,B,single protein format,single_protein,9,D,2022,
CHEMBL6043653,CHEMBL6043653,Cn1cc(-c2c(-c3cccc(Cl)c3)nc(N)n3nc(Cc4ncccc4F)nc23)ccc1=O,,8.325,2,8.26,8.39,IC50,B,assay format,other,9,D,2020,
CHEMBL6043817,CHEMBL6043817,Cc1cc2nc(N[C@@H](C)c3cncc(F)c3)nc(C(=O)N3CC(NC(=O)C4CCCO4)C3)c2s1,,7.52,1,7.52,7.52,IC50,B,single protein format,single_protein,9,D,2022,
CHEMBL6044052,CHEMBL6044052,C[C@H](Nc1nc(C(=O)N2CC(CN(C)C(=O)OC(C)(C)C)C2)c2sccc2n1)c1cncc(F)c1,,6.52,1,6.52,6.52,IC50,B,single protein format,single_protein,9,D,2022,
CHEMBL6044247,CHEMBL6044247,COc1cccc2c(C(=O)NCc3cccc(C4(O)CCC4)n3)nc(N)nc12,,9.22,1,9.22,9.22,Ki,B,assay format,other,9,D,2018,
CHEMBL6044319,CHEMBL6044319,Nc1nc2c3c(ccc2c2nc(CN4CC(F)(C(F)(F)F)C4)nn12)OC(F)(F)O3,,8.85,1,8.85,8.85,Ki,B,assay format,other,9,D,2021,
CHEMBL6044347,CHEMBL6044347,COc1cc2nc(N)n3nc([C@@H]4CCCN(c5cnn(C)c5)C4)nc3c2cc1F,,8.565,2,8.43,8.7,IC50,B,assay format,other,9,D,2022,
CHEMBL6044356,CHEMBL6044356,COc1cc2nc(N)n3nc(C4CCC(C)N(c5cnn(C(C)C(C)(C)O)c5)C4)nc3c2cc1F,,9.22,1,9.22,9.22,IC50,B,assay format,other,9,D,2022,
CHEMBL6044836,CHEMBL6044836,Cc1c(-c2c(-c3ccc(F)cc3)nc(N)n3nc(Cc4ncccc4F)nc23)ccc(=O)n1C,,7.825,2,7.51,8.14,IC50,B,assay format,other,9,D,2020,
CHEMBL604535,CHEMBL604535,COc1ccc(Cl)cc1Nc1nc(N)nc(-c2oc3ccccc3c2C)n1,,7.5,1,7.5,7.5,Ki,B,single protein format,single_protein,9,D,2010,
CHEMBL604536,CHEMBL604536,N#Cc1c(N)nc2c(oc3ccccc32)c1-c1ccccc1,,7.22,1,7.22,7.22,Ki,B,single protein format,single_protein,9,D,2010,
CHEMBL6045440,CHEMBL6045440,COc1cccc2c(C(=O)NC(C)(C)c3ccccn3)nc(N)nc12,,6.38,1,6.38,6.38,Ki,B,assay format,other,9,D,2018,
CHEMBL604591,CHEMBL604591,CCC(CC)CNc1nc(NCCc2cn(CC)cn2)nc2c1ncn2[C@@H]1C[C@H](n2cc(CO)cn2)[C@@H](O)[C@H]1O,,8.274999999999999,2,8.27,8.28,IC50;Ki,B;F,assay format;cell-based format,cell_based,9,D,2010,
CHEMBL6046114,CHEMBL6046114,C[C@H](Cc1nc2c3ccc4c(c3nc(N)n2n1)OC(F)(F)O4)N1CCCC(C)(F)C1,,7.859999999999999,2,7.8,7.92,Ki,B,assay format,other,9,D,2021,
CHEMBL6046146,CHEMBL6046146,C[C@H]1COCCN1CCc1nc2c3ccc4c(c3nc(N)n2n1)OC(F)(F)O4,,8.11,1,8.11,8.11,Ki,B,assay format,other,9,D,2021,
CHEMBL6046217,CHEMBL6046217,Nc1nc2c3c(ccc2c2nc([C@@H]4CCCN(CC(F)(F)F)C4)nn12)OC(F)(F)O3,,9.0,1,9.0,9.0,Ki,B,assay format,other,9,D,2021,
CHEMBL6046222,CHEMBL6046222,CN1C(=O)c2c(-c3ccco3)nc(N)nc2C1Cc1ccccc1OC(F)(F)F,,7.94,1,7.94,7.94,IC50,B,assay format,other,9,D,2021,
CHEMBL6046518,CHEMBL6046518,COc1cccc2c1nc(N)n1nc([C@@H]3CCCN(C(=O)c4ocnc4C)C3)nc21,,8.82,1,8.82,8.82,Ki,B,assay format,other,9,D,2020,
CHEMBL6046888,CHEMBL6046888,Cc1cnc2ccc(-c3nc(C(=O)NC(C)C)c(N)nc3-c3ncco3)cn12,,8.57,1,8.57,8.57,IC50,B,assay format,other,9,D,2021,
CHEMBL6047138,CHEMBL6047138,COc1ccc([C@H](C)Nc2nc(C(=O)N3CCC3)c3sccc3n2)cc1,,6.52,1,6.52,6.52,IC50,B,single protein format,single_protein,9,D,2022,
CHEMBL6047348,CHEMBL6047348,CO[C@H]1CCN(C(=O)c2nc(N[C@@H](C)c3cncc(F)c3)nc3ccsc23)C1,,6.52,1,6.52,6.52,IC50,B,single protein format,single_protein,9,D,2022,
CHEMBL6047499,CHEMBL6047499,CCNC(=O)c1cn2c(NCC)nc(-c3ccccc3)c(-c3cc(C)nc(C)c3)c2n1,,7.26,1,7.26,7.26,Ki,B,assay format,other,9,D,2023,
CHEMBL6047655,CHEMBL6047655,COc1cc2nc(N)n3nc([C@H]4C[C@H](F)CN(c5cnn(CC(C)(C)O)c5)C4)nc3c2cc1F,,6.92,1,6.92,6.92,IC50,B,assay format,other,9,D,2022,
CHEMBL6047759,CHEMBL6047759,COc1cc2nc(N)n3nc([C@@H]4CCCN(c5cn(C6CCOCC6)nc5C(F)F)C4)nc3c2cc1F,,9.15,1,9.15,9.15,IC50,B,assay format,other,9,D,2022,
CHEMBL6048084,CHEMBL6048084,O=C(NCCO)c1nc(NCc2cc(F)cc(F)c2)nc2ccsc12,,6.52,1,6.52,6.52,IC50,B,single protein format,single_protein,9,D,2022,
CHEMBL6048794,CHEMBL6048794,COc1cc2nc(N)n3nc(C4CCC(C)N(c5cnn(C6CCOCC6)c5)C4)nc3c2cc1F,,8.89,1,8.89,8.89,IC50,B,assay format,other,9,D,2022,
CHEMBL6048795,CHEMBL6048795,C[C@@H]1CC[C@@H](C)N1CCc1nc2c3ccc4c(c3nc(N)n2n1)OC(F)(F)O4,,7.96,1,7.96,7.96,Ki,B,assay format,other,9,D,2021,
CHEMBL604885,CHEMBL604885,CCSCCn1c(=O)c2c(nc(Cc3cccs3)n2C)n(Cc2ccco2)c1=O,,6.05,1,6.05,6.05,Ki,B,cell-based format,cell_based,9,D,2009,
CHEMBL604896,CHEMBL604896,CCn1c(=O)c2[nH]c(Cc3ccco3)nc2n(Cc2ccco2)c1=O,,6.28,1,6.28,6.28,Ki,B,cell-based format,cell_based,9,D,2009,
CHEMBL6048981,CHEMBL6048981,Cc1cc2nc(N[C@@H](C)c3cccnc3)nc(C(=O)NCC3CCOCC3)c2s1,,6.52,1,6.52,6.52,IC50,B,single protein format,single_protein,9,D,2022,
CHEMBL6049075,CHEMBL6049075,COc1ccc(C)c(CNC(=O)c2nc(N)nc3c(F)cccc23)n1,,9.1,1,9.1,9.1,Ki,B,assay format,other,9,D,2018,
CHEMBL6049490,CHEMBL6049490,CCc1nnc2n1CCN(Cc1nc3c4ccc5c(c4nc(N)n3n1)OC(F)(F)O5)C2,,6.96,1,6.96,6.96,Ki,B,assay format,other,9,D,2021,
CHEMBL6049646,CHEMBL6049646,Cc1csc(-c2cccc(CNC(=O)c3nc(N)nc4c(F)cccc34)n2)n1,,8.38,1,8.38,8.38,Ki,B,assay format,other,9,D,2018,
CHEMBL6049760,CHEMBL6049760,COc1cc(F)cc2c1nc(N)n1nc(C3CCC(C)N(c4cnn(C(C)(C)CO)c4)C3)nc21,,8.29,4,6.43,9.52,IC50,B,assay format,other,9,D,2022,
CHEMBL6049846,CHEMBL6049846,Nc1nc2c3c(ccc2c2nc(CCNC4CC5(CNC5)C4)nn12)OC(F)(F)O3,,7.05,1,7.05,7.05,Ki,B,assay format,other,9,D,2021,
CHEMBL6050610,CHEMBL6050610,Nc1nc2c3c(ccc2c2nc(CCN4CC5CC4C(F)(F)C5)nn12)OC(F)(F)O3,,8.49,2,8.46,8.52,Ki,B,assay format,other,9,D,2021,
CHEMBL6050921,CHEMBL6050921,Cc1ccn(-c2nc(N)cnc2-c2cc(Cl)c3[nH]ncc3c2)n1,,8.26,1,8.26,8.26,IC50,B,assay format,other,9,D,2021,
CHEMBL6050950,CHEMBL6050950,O=C(c1nc(NCc2cccc(Cl)c2)nc2ccsc12)N1CCCC1,,6.52,1,6.52,6.52,IC50,B,single protein format,single_protein,9,D,2022,
CHEMBL6051293,CHEMBL6051293,COc1ccc([C@@H](C)Nc2nc(C(=O)NCc3ccc(OC)nc3)c3sccc3n2)cc1,,7.52,1,7.52,7.52,IC50,B,single protein format,single_protein,9,D,2022,
CHEMBL6051616,CHEMBL6051616,Nc1nc2c3c(ccc2c2nc(C4CCCN(c5cc(F)cc(F)c5)C4)nn12)OC(F)(F)O3,,7.885,2,6.85,8.92,Ki,B,assay format,other,9,D,2021,
CHEMBL6052161,CHEMBL6052161,Cc1ncccc1CNc1nc(C(=O)N2CCCC2)c2sccc2n1,,6.52,1,6.52,6.52,IC50,B,single protein format,single_protein,9,D,2022,
CHEMBL6052186,CHEMBL6052186,Cc1cc(-c2c(-c3ccccc3)nc(N)n3c(CN4CCOCC4)cnc23)cc(C)n1,,7.26,1,7.26,7.26,Ki,B,assay format,other,9,D,2023,
CHEMBL6052555,CHEMBL6052555,COc1cc2nc(N)n3nc([C@H]4C[C@@H](C)CN(c5cn(CC(C)(C)O)nc5C)C4)nc3c2cc1F,,7.48,1,7.48,7.48,IC50,B,cell-based format,cell_based,9,D,2022,
CHEMBL6053070,CHEMBL6053070,COc1cccc2c(C(=O)NCc3ncccc3C)nc(N)nc12,,9.05,1,9.05,9.05,Ki,B,assay format,other,9,D,2018,
CHEMBL6053179,CHEMBL6053179,COc1cc2nc(N)n3nc([C@@H]4CCCN(c5cnn(CCC[C@H](C)O)c5)C4)nc3c2cc1F,,8.11,1,8.11,8.11,IC50,B,assay format,other,9,D,2022,
CHEMBL6053191,CHEMBL6053191,O=C(c1nc(NCc2cc(F)cc(F)c2)nc2ccsc12)N1CCC1,,6.52,1,6.52,6.52,IC50,B,single protein format,single_protein,9,D,2022,
CHEMBL6053595,CHEMBL6053595,Nc1nnc(Oc2ccccc2)c(-c2ccccc2)n1,,7.17,1,7.17,7.17,Ki,B,assay format,other,9,D,2021,
CHEMBL6053680,CHEMBL6053680,Cc1cc2nc(N[C@@H](C)c3cccnc3)nc(C(=O)N3CCCC3)c2s1,,6.52,1,6.52,6.52,IC50,B,single protein format,single_protein,9,D,2022,
CHEMBL6054459,CHEMBL6054459,Cc1cc2nc(N[C@@H](C)c3cncc(F)c3)nc(C(=O)NCCC3CN(C(=O)OC(C)(C)C)C3)c2s1,,6.52,1,6.52,6.52,IC50,B,single protein format,single_protein,9,D,2022,
CHEMBL6054643,CHEMBL6054643,C[C@H](Nc1nc(C(=O)NCc2ccc(C#N)nc2)c2sccc2n1)c1ccccn1,,6.52,1,6.52,6.52,IC50,B,single protein format,single_protein,9,D,2022,
CHEMBL6054676,CHEMBL6054676,C[C@H](Nc1nc(C(=O)NC2CCC2)c2sccc2n1)c1ccccn1,,7.52,1,7.52,7.52,IC50,B,single protein format,single_protein,9,D,2022,
CHEMBL6054882,CHEMBL6054882,Nc1nc2c3c(ccc2c2nc(CC(CO)CO)nn12)OC(F)(F)O3,,8.57,1,8.57,8.57,Ki,B,assay format,other,9,D,2021,
CHEMBL6054989,CHEMBL6054989,C[C@H](O)CNC(=O)c1nc(N[C@@H](C)c2cncc(F)c2)nc2ccsc12,,6.52,1,6.52,6.52,IC50,B,single protein format,single_protein,9,D,2022,
CHEMBL6055099,CHEMBL6055099,COc1cccc2c1nc(N)n1nc([C@@H]3CCCNC3)nc21,,7.03,1,7.03,7.03,Ki,B,assay format,other,9,D,2020,
CHEMBL6055126,CHEMBL6055126,COc1cc(OC)cc(-c2nnc(N)nc2-c2ccccc2)c1,,6.97,1,6.97,6.97,Ki,B,assay format,other,9,D,2021,
CHEMBL6055282,CHEMBL6055282,COc1cccc2c(C(=O)NCc3nc(C)ccc3C)nc(N)nc12,,9.7,1,9.7,9.7,Ki,B,assay format,other,9,D,2018,
CHEMBL6055525,CHEMBL6055525,Cc1cnc2ccc(-c3c(N4CCCC4)nc(N)n4nc(Cc5c(F)cccc5F)nc34)cn12,,9.4,1,9.4,9.4,IC50,B,assay format,other,9,D,2020,
CHEMBL6055738,CHEMBL6055738,Nc1nc2c3c(ccc2c2nc(CCN4Cc5ccc(F)cc5C4)nn12)OC(F)(F)O3,,8.68,1,8.68,8.68,Ki,B,assay format,other,9,D,2021,
CHEMBL6056306,CHEMBL6056306,Nc1nc2c3c(ccc2c2nc(CC(C(F)F)N4Cc5cccnc5C4)nn12)OC(F)(F)O3,,8.42,2,8.18,8.66,Ki,B,assay format,other,9,D,2021,
CHEMBL6056501,CHEMBL6056501,Cc1cc(-c2c(-c3ccc(F)cc3)nc(N)n3ccnc23)cc(C)n1,,9.0,1,9.0,9.0,IC50,B,assay format,other,9,D,2022,
CHEMBL6056767,CHEMBL6056767,Cc1cc2nc(N[C@@H](C)c3cncc(F)c3)nc(C(=O)N3CC(CNC(=O)C(C)(C)C)C3)c2s1,,6.52,1,6.52,6.52,IC50,B,single protein format,single_protein,9,D,2022,
CHEMBL6056860,CHEMBL6056860,C[C@H](Nc1nc(C(=O)N2CCC2)c2sccc2n1)c1cccnc1,,6.52,1,6.52,6.52,IC50,B,single protein format,single_protein,9,D,2022,
CHEMBL6057131,CHEMBL6057131,C[C@H](Nc1nc(C(=O)N2CC(F)(F)C2)c2sccc2n1)c1cccnc1,,6.52,1,6.52,6.52,IC50,B,single protein format,single_protein,9,D,2022,
CHEMBL6057843,CHEMBL6057843,Cc1cnc2ccc(-c3c(-n4cc(F)cn4)nc(N)n4nc(Cc5ncccc5F)nc34)cn12,,9.7,1,9.7,9.7,IC50,B,assay format,other,9,D,2020,
CHEMBL6057866,CHEMBL6057866,COc1cccc2c(C(=O)NCc3cccn(C)c3=O)nc(N)nc12,,9.05,1,9.05,9.05,Ki,B,assay format,other,9,D,2018,
CHEMBL6057896,CHEMBL6057896,Cc1cnc2ccc(-c3c(-c4ncco4)nc(N)n4nc(Cc5ncccc5F)nc34)cn12,,9.3,1,9.3,9.3,IC50,B,assay format,other,9,D,2020,
CHEMBL6058216,CHEMBL6058216,Cn1cc(-c2nc(CNC(=O)c3c(F)cccc3F)c(N)nc2-c2ccc(F)cc2)ccc1=O,,8.62,1,8.62,8.62,IC50,B,assay format,other,9,D,2021,
CHEMBL6058998,CHEMBL6058998,COc1cc2nc(N)n3nc([C@@H]4CCCN(c5cnn(C6CCCC6O)c5)C4)nc3c2cc1F,,8.46,2,8.28,8.64,IC50,B,assay format,other,9,D,2022,
CHEMBL6059304,CHEMBL6059304,COc1cccc2c(C(=O)NCc3ccc(F)cn3)nc(N)nc12,,8.18,1,8.18,8.18,Ki,B,assay format,other,9,D,2018,
CHEMBL6059617,CHEMBL6059617,C[C@H](Nc1nc(C(=O)N2CC(NC(=O)CCC3CCOCC3)C2)c2sccc2n1)c1cncc(F)c1,,7.52,1,7.52,7.52,IC50,B,single protein format,single_protein,9,D,2022,
CHEMBL6060138,CHEMBL6060138,N#Cc1cccc(CNC(=O)c2nc(-c3ccc4ncccc4c3)c(-c3ccccc3)nc2N)n1,,9.1,1,9.1,9.1,IC50,B,assay format,other,9,D,2022,
CHEMBL6060340,CHEMBL6060340,COc1cc2nc(N)n3nc(C4CCCN(c5cnn(CC(C)(C)O)c5)C4=O)nc3c2cc1F,,7.78,1,7.78,7.78,IC50,B,assay format,other,9,D,2022,
CHEMBL6060468,CHEMBL6060468,N#Cc1ccc(CC2OC(=O)c3c(-c4ccco4)nc(N)nc32)cc1,,6.6,1,6.6,6.6,IC50,B,assay format,other,9,D,2021,
CHEMBL6060791,CHEMBL6060791,C[C@H](Nc1nc(C(=O)N2CC[C@H](CO)C2)c2sccc2n1)c1cncc(F)c1,,6.52,1,6.52,6.52,IC50,B,single protein format,single_protein,9,D,2022,
CHEMBL6061450,CHEMBL6061450,Cc1cc2nc(N[C@@H](C)c3cncc(F)c3)nc(C(=O)N3CC[C@@H]3C)c2s1,,7.52,1,7.52,7.52,IC50,B,single protein format,single_protein,9,D,2022,
CHEMBL6061509,CHEMBL6061509,CNC(=O)N1CCN(C(=O)c2nc(N[C@@H](C)c3cncc(F)c3)nc3ccsc23)C1,,6.52,1,6.52,6.52,IC50,B,single protein format,single_protein,9,D,2022,
CHEMBL6061562,CHEMBL6061562,C[C@@H](Cc1nc2c3ccc4c(c3nc(N)n2n1)OC(F)(F)O4)N1CCCC(C)(F)C1,,8.065000000000001,2,7.92,8.21,Ki,B,assay format,other,9,D,2021,
CHEMBL6062145,CHEMBL6062145,Nc1nnc(-c2cc(Cl)cc(Cl)c2)c(-c2ccccn2)n1,,7.21,1,7.21,7.21,Ki,B,assay format,other,9,D,2021,
CHEMBL6062244,CHEMBL6062244,Nc1nnc(-c2cc(Cl)cc(C(F)(F)F)c2)c(-c2ncccn2)n1,,6.58,1,6.58,6.58,Ki,B,assay format,other,9,D,2021,
CHEMBL6062291,CHEMBL6062291,Cc1cc(-c2c(-c3ccc(F)cc3F)nc(N)n3cnnc23)cc(C(F)(F)F)n1,,9.12,3,8.4,9.12,IC50,B,assay format,other,9,D,2022,
CHEMBL6062375,CHEMBL6062375,C[C@H](Nc1nc(C(=O)NC2CC2)c2sccc2n1)c1ccccn1,,7.52,1,7.52,7.52,IC50,B,single protein format,single_protein,9,D,2022,
CHEMBL6062402,CHEMBL6062402,COc1cc(F)cc2c1nc(N)n1nc([C@@H]3CCCN(c4cnn(C(C)C(C)O)c4C)C3)nc21,,8.83,2,8.77,8.89,IC50,B,cell-based format,cell_based,9,D,2022,
CHEMBL6062538,CHEMBL6062538,Nc1nc(-n2nccn2)c(-c2ccc3nccn3c2)c2nc(Cc3ncccc3F)nn12,,8.285,2,8.11,8.46,IC50,B,assay format,other,9,D,2020,
CHEMBL6062606,CHEMBL6062606,C[C@H](Nc1nc(C(=O)N2CCCC2)c2sccc2n1)c1ccnc(F)c1,,6.52,1,6.52,6.52,IC50,B,single protein format,single_protein,9,D,2022,
CHEMBL6062615,CHEMBL6062615,CCn1c(=O)c2c(C)c(Cn3cn[nH]c3=O)sc2n(CCC(F)(F)F)c1=O,,6.1,1,6.1,6.1,Ki,B,assay format,other,9,D,2019,
CHEMBL6062730,CHEMBL6062730,Nc1nc(-c2ccco2)c2c(n1)C(Cc1ccccc1C(F)(F)F)OC2=O,,7.8,1,7.8,7.8,IC50,B,assay format,other,9,D,2021,
CHEMBL6063006,CHEMBL6063006,COc1cc2nc(N)n3nc(C4CCC(C)N(c5cnn(CC6(O)CCC6)c5)C4)nc3c2cc1F,,8.92,1,8.92,8.92,IC50,B,assay format,other,9,D,2022,
CHEMBL6063154,CHEMBL6063154,Nc1nc2c3c(ccc2c2nc(C[C@@H](N)C4CC4)nn12)OC(F)(F)O3,,6.75,1,6.75,6.75,Ki,B,assay format,other,9,D,2021,
CHEMBL6063161,CHEMBL6063161,Cc1ccc(-c2nc(N)n3cnnc3c2-c2cc(C)nc(Cl)c2)cc1,,9.74,1,9.74,9.74,IC50,B,assay format,other,9,D,2022,
CHEMBL6063175,CHEMBL6063175,Cc1csc2c(C(=O)N3CCC3)nc(N[C@@H](C)c3cncc(F)c3)nc12,,7.52,1,7.52,7.52,IC50,B,single protein format,single_protein,9,D,2022,
CHEMBL6063197,CHEMBL6063197,Nc1nc(-c2ncco2)c(-c2ccc3nccn3c2)c2nc(Cc3ncccc3F)nn12,,8.184999999999999,2,7.85,8.52,IC50,B,assay format,other,9,D,2020,
CHEMBL6063959,CHEMBL6063959,COC1CN(C(=O)c2nc(N[C@@H](C)c3cccnc3)nc3ccsc23)C1,,7.12,1,7.12,7.12,IC50,B,single protein format,single_protein,9,D,2022,
CHEMBL6064167,CHEMBL6064167,C[C@H](Nc1nc(C(=O)N[C@@H]2CC[C@H](O)C2)c2sccc2n1)c1cncc(F)c1,,7.12,1,7.12,7.12,IC50,B,single protein format,single_protein,9,D,2022,
CHEMBL6064185,CHEMBL6064185,Cc1cnc2ccc(-c3c(-c4ncco4)nc(N)n4nc(C[C@H]5CCCO5)nc34)cn12,,9.7,1,9.7,9.7,IC50,B,assay format,other,9,D,2020,
CHEMBL6064222,CHEMBL6064222,Nc1nc2c3c(ccc2c2nc(CN4CCN(c5cccc(F)c5)CC45CC5)nn12)OC(F)(F)O3,,8.06,1,8.06,8.06,Ki,B,assay format,other,9,D,2021,
CHEMBL6064227,CHEMBL6064227,Cc1csc2c(C(=O)NCCc3cccc(O)c3)nc(N[C@@H](C)c3ccccn3)nc12,,7.12,1,7.12,7.12,IC50,B,single protein format,single_protein,9,D,2022,
CHEMBL6064366,CHEMBL6064366,COc1cccc(CNC(=O)c2nc(N[C@@H](C)c3ccccn3)nc3c(C)csc23)n1,,7.52,1,7.52,7.52,IC50,B,single protein format,single_protein,9,D,2022,
CHEMBL6065208,CHEMBL6065208,C[C@@H](c1nc2c3ccc4c(c3nc(N)n2n1)OC(F)(F)O4)N1CCCC(F)(F)C1,,7.6,1,7.6,7.6,Ki,B,assay format,other,9,D,2021,
CHEMBL606535,CHEMBL606535,COCCn1c(=O)c2c(nc(Cc3ccccc3)n2C)n(Cc2ccco2)c1=O,,6.04,1,6.04,6.04,Ki,B,cell-based format,cell_based,9,D,2009,
CHEMBL6065523,CHEMBL6065523,COc1cccc2c1nc(N)n1nc([C@H]3CCC[C@@H](N)C3)nc21,,7.04,1,7.04,7.04,Ki,B,assay format,other,9,D,2020,
CHEMBL606630,CHEMBL606630,CNc1ncnc2c1ncn2[C@@H]1S[C@H](C(=O)NC2CCC2)[C@@H](O)[C@H]1O,,6.97,1,6.97,6.97,Ki,B,cell-based format,cell_based,9,D,2009,
CHEMBL606753,CHEMBL606753,CCn1c(=O)c2c(nc(Cc3cccs3)n2C)n(Cc2ccco2)c1=O,,7.08,1,7.08,7.08,Ki,B,cell-based format,cell_based,9,D,2009,
CHEMBL5751946,CHEMBL6069801,COc1cccc2c(C(=O)NCc3cccc(Cc4ccc(N5CCOCC5)nc4)n3)nc(N)nc12,,8.8,1,8.8,8.8,Ki,B,assay format,other,9,D,2018,
CHEMBL5815718,CHEMBL6070893,COc1cccc2c(C(=O)NCc3cccc(Cc4cncc(-c5ncco5)c4)n3)nc(N)nc12,,8.68,1,8.68,8.68,Ki,B,assay format,other,9,D,2018,
CHEMBL5804441,CHEMBL6070908,COCCOc1ccc(Oc2cccc(CNC(=O)c3nc(N)nc4c(F)cccc34)n2)cc1,,8.43,1,8.43,8.43,Ki,B,assay format,other,9,D,2018,
CHEMBL5819222,CHEMBL6070923,COCOC(C)(C)c1ccc(Cc2cccc(CNC(=O)c3nc(N)nc4c(OC)cccc34)n2)cn1,,8.64,1,8.64,8.64,Ki,B,assay format,other,9,D,2018,
CHEMBL5916204,CHEMBL6070986,COc1cncc(Oc2cccc(CNC(=O)c3nc(N)nc4c(OC)cccc34)n2)c1,,8.3,1,8.3,8.3,Ki,B,assay format,other,9,D,2018,
CHEMBL5933668,CHEMBL6070993,COCCOc1cccc(Cc2cccc(CNC(=O)c3nc(N)nc4c(OC)cccc34)n2)c1,,8.72,1,8.72,8.72,Ki,B,assay format,other,9,D,2018,
CHEMBL6015530,CHEMBL6071062,COCCOc1ccc(N2CCN(c3cccc(CNC(=O)c4nc(N)nc5c(OC)cccc45)n3)CC2)cc1,,8.37,1,8.37,8.37,Ki,B,assay format,other,9,D,2018,
CHEMBL6052036,CHEMBL6071103,COc1cccc2c(C(=O)NCc3cccc(Cc4cncc(N5CCOCC5)c4)n3)nc(N)nc12,,8.6,1,8.6,8.6,Ki,B,assay format,other,9,D,2018,
CHEMBL607539,CHEMBL607539,Nc1nc(C(=O)NCc2ccccn2)nc(-c2ccco2)n1,,7.6,1,7.6,7.6,Ki,B,cell-based format,cell_based,9,D,2009,
CHEMBL607542,CHEMBL607542,CNc1nc(C(=O)NCc2ccccn2)cc(-c2ccc(C)o2)n1,,7.2,1,7.2,7.2,Ki,B,cell-based format,cell_based,9,D,2009,
CHEMBL607550,CHEMBL607550,COc1ccccc1-c1cc(C(=O)NCc2ccccn2)nc(N)n1,,7.24,1,7.24,7.24,Ki,B,cell-based format,cell_based,9,D,2009,
CHEMBL608093,CHEMBL608093,N#Cc1ccccc1-c1cc(C(=O)NCc2ccccn2)nc(N)n1,,6.59,1,6.59,6.59,Ki,B,cell-based format,cell_based,9,D,2009,
CHEMBL608100,CHEMBL608100,Cc1cccnc1CNC(=O)c1cc(N)nc(-c2ccco2)c1,,6.9,1,6.9,6.9,Ki,B,cell-based format,cell_based,9,D,2009,
CHEMBL608102,CHEMBL608102,Cc1ccc(-c2cc(C(=O)NCc3ncccc3C)nc(N)n2)o1,,8.52,1,8.52,8.52,Ki,B,cell-based format,cell_based,9,D,2009,
CHEMBL608383,CHEMBL608383,Cc1ccc(-c2cc(C(=O)NCc3ccccn3)nc(N)n2)o1,,8.4,1,8.4,8.4,Ki,B,cell-based format,cell_based,9,D,2009,
CHEMBL608980,CHEMBL608980,Nc1nc(C(=O)NCc2ccccn2)cc(-c2cccc(Cl)c2)n1,,7.51,1,7.51,7.51,Ki,B,cell-based format,cell_based,9,D,2009,
CHEMBL609304,CHEMBL609304,N#Cc1cccc(-c2cc(C(=O)NCc3ccccn3)nc(N)n2)c1,,6.89,1,6.89,6.89,Ki,B,cell-based format,cell_based,9,D,2009,
CHEMBL609308,CHEMBL609308,Cc1cc(C)nc(CNC(=O)c2cc(-c3ccc(C)o3)nc(N)n2)c1,,8.02,1,8.02,8.02,Ki,B,cell-based format,cell_based,9,D,2009,
CHEMBL609578,CHEMBL609578,Cc1cccc(CNC(=O)c2cc(-c3ccc(C)o3)nc(N)n2)n1,,8.6,1,8.6,8.6,Ki,B,cell-based format,cell_based,9,D,2009,
CHEMBL609603,CHEMBL609603,Nc1nc(C(=O)NCc2ccccc2Cl)nc(-c2ccco2)n1,,8.31,1,8.31,8.31,Ki,B,cell-based format,cell_based,9,D,2009,
CHEMBL610738,CHEMBL610738,Cc1ccc(C)c(CNC(=O)c2cc(-c3ccc(C)o3)nc(N)n2)n1,,8.52,1,8.52,8.52,Ki,B,cell-based format,cell_based,9,D,2009,
CHEMBL611020,CHEMBL611020,Cc1ccc(-c2cc(C(=O)NCc3ccc(C)c(C)n3)nc(N)n2)o1,,8.52,1,8.52,8.52,Ki,B,cell-based format,cell_based,9,D,2009,
CHEMBL611021,CHEMBL611021,Oc1cccc(-c2nc(N3CCCCC3)c3nc[nH]c3n2)c1,,6.5,1,6.5,6.5,Ki,B,cell-based format,cell_based,9,D,2019,
CHEMBL611048,CHEMBL611048,Cc1ccc(-c2cc(C(=O)NCc3cscn3)nc(N)n2)o1,,8.19,1,8.19,8.19,Ki,B,cell-based format,cell_based,9,D,2009,
CHEMBL611335,CHEMBL611335,Cc1ccc(-c2cc(C(=O)NCc3ccc(C)n3C)nc(N)n2)o1,,8.3,1,8.3,8.3,Ki,B,cell-based format,cell_based,9,D,2009,
CHEMBL611337,CHEMBL611337,Cc1ccccc1-c1cc(C(=O)NCc2ncccc2C)nc(N)n1,,7.55,1,7.55,7.55,Ki,B,cell-based format,cell_based,9,D,2009,
CHEMBL611944,CHEMBL611944,Cc1csc(-c2cc(C(=O)NCc3ncccc3C)nc(N)n2)n1,,6.23,1,6.23,6.23,Ki,B,cell-based format,cell_based,9,D,2009,
CHEMBL611954,CHEMBL611954,Nc1nc(C(=O)NCc2ccccn2)cc(-c2ccccc2F)n1,,7.77,1,7.77,7.77,Ki,B,cell-based format,cell_based,9,D,2009,
CHEMBL611955,CHEMBL611955,CCc1c(C(=O)NCc2ncccc2C)nc(N)nc1-c1ccc(C)o1,,6.74,1,6.74,6.74,Ki,B,cell-based format,cell_based,9,D,2009,
CHEMBL611964,CHEMBL611964,CCOc1ccccc1-c1cc(C(=O)NCc2ccccn2)nc(N)n1,,6.6,1,6.6,6.6,Ki,B,cell-based format,cell_based,9,D,2009,
CHEMBL61259,CHEMBL61259,CCn1c(C#Cc2ccccc2)nc2c(N)ncnc21,,6.22,1,6.22,6.22,Ki,B,cell-based format,cell_based,9,D,2001,
CHEMBL62350,CHEMBL62350,Cn1c(=O)c2nc(-c3ccccc3)[nH]c2n(C)c1=O,8-PHENYL THEOPHYLLINE,6.34,1,6.34,6.34,IC50,B,assay format,other,9,D,2001,
CHEMBL63520,CHEMBL63520,Nc1nc2c(cnn2CCCc2ccc(O)c(O)c2)c2nc(-c3ccco3)nn12,,7.22,1,7.22,7.22,IC50,F,assay format,other,9,D,1998,
CHEMBL66393,CHEMBL66393,OC[C@H]1O[C@@H](n2cnc3c(NCc4cccc(I)c4)ncnc32)[C@H](O)[C@@H]1O,,6.92,3,6.85,7.69,Ki,B,assay format;cell-based format,cell_based,8;9,D;H,1998;2005,
CHEMBL66811,CHEMBL66811,Nc1nc2c(cnn2Cc2ccc(OCc3ccccc3)cc2)c2nc(-c3ccco3)nn12,,6.3,1,6.3,6.3,IC50,F,assay format,other,9,D,1998,
CHEMBL67026,CHEMBL67026,Nc1nc2c(cnn2CCCc2ccc(O)cc2)c2nc(-c3ccco3)nn12,,8.0,3,7.32,8.82,IC50;Ki,B;F,assay format;cell-based format,cell_based,9,D,1998;2010,
CHEMBL67134,CHEMBL67134,Nc1nc2c(cnn2CCc2ccc(OCc3ccccc3)cc2)c2nc(-c3ccco3)nn12,,7.05,1,7.05,7.05,IC50,F,assay format,other,9,D,1998,
CHEMBL67994,CHEMBL67994,Nc1nc2c(cnn2CCc2ccc(O)cc2)c2nc(-c3ccco3)nn12,,7.85,1,7.85,7.85,IC50,F,assay format,other,9,D,1998,
CHEMBL68500,CHEMBL68500,O=c1[nH]c(=O)c2nc3ccccc3nc2[nH]1,ALLOXAZINE,6.03,1,6.03,6.03,Ki,B,cell-based format,cell_based,9,D,2005,
CHEMBL68738,CHEMBL68738,OC[C@H]1O[C@@H](n2cnc3c(NC4CCCC4)ncnc32)[C@H](O)[C@@H]1O,N6-CYCLOPENTYLADENOSINE,6.33,3,6.1,6.42,Ki,B,assay format;cell-based format,cell_based,8;9,D;H,1998;2005,
CHEMBL69794,CHEMBL69794,COc1ccc(CCCn2ncc3c2nc(N)n2nc(-c4ccco4)nc32)cc1OC,,8.135,2,7.7,8.57,IC50;Ki,B;F,assay format;cell-based format,cell_based,9,D,1998,
CHEMBL7608,CHEMBL7608,Oc1c(-c2ccco2)nnc2nc3ccccc3n12,,7.050000000000001,2,6.62,7.48,Ki,B,assay format;cell-based format,cell_based,8;9,D;H,2001;2012,
CHEMBL78595,CHEMBL78595,Cc1[nH]c2nc(-c3ccccc3)nc(N[C@H]3CC[C@H](O)CC3)c2c1C,,6.12,1,6.12,6.12,Ki,B,single protein format,single_protein,9,D,1999,
CHEMBL81616,CHEMBL81616,CC(=O)NCCNc1[nH]c(-c2ccccc2)nc2nc(C)c(C)c1-2,,7.32,3,7.32,7.64,IC50;Ki,B,cell-based format;single protein format,mixed,9,D,1999,
CHEMBL81863,CHEMBL81863,Cc1[nH]c2nc(-c3ccccc3)nc(NCc3ccncc3)c2c1C,,6.09,1,6.09,6.09,Ki,B,single protein format,single_protein,9,D,1999,
CHEMBL82197,CHEMBL82197,Cc1[nH]c2nc(-c3ccccc3)nc(NCCN3CCNC3=O)c2c1C,,6.22,3,6.14,6.67,IC50;Ki,B,cell-based format;single protein format,mixed,9,D,1999,
CHEMBL86771,CHEMBL86771,Nc1ccc(N)c2c1C(=O)c1ccccc1C2=O,,6.5,1,6.5,6.5,Ki,B,single protein format,single_protein,9,D,2010,
CHEMBL88147,CHEMBL88147,O=C(Cc1ccccc1)Nc1nc2ccc(Cl)cc2c2nc(-c3ccco3)nn12,,7.6,1,7.6,7.6,Ki,B,cell-based format,cell_based,9,D,2012,
CHEMBL95384,CHEMBL95384,Cc1ccc2c(O)cc(-c3ccccc3F)nc2n1,,6.865,2,6.33,7.4,Ki,B,cell membrane format;tissue-based format,other,8,H,2000;2004,
CHEMBL97337,CHEMBL97337,Cc1ccc2c(N)cc(-c3ccccc3)nc2n1,,6.529999999999999,2,6.38,6.68,Ki,B,cell membrane format;tissue-based format,other,8,H,2000;2004,
CHEMBL97549,CHEMBL97549,Cc1ccc2c(O)cc(-c3ccccc3)nc2n1,,6.3,2,6.26,6.34,Ki,B,cell membrane format;tissue-based format,other,8,H,2000;2004,
CHEMBL97624,CHEMBL97624,Cc1ccc2c(NC3CCCCC3)cc(-c3ccccc3)nc2n1,,6.195,2,6.08,6.31,Ki,B,cell membrane format;tissue-based format,other,8,H,2000;2004,
CHEMBL97687,CHEMBL97687,Oc1cc(-c2ccccc2)nc2nc(Br)ccc12,,7.09,2,7.0,7.18,Ki,B,cell membrane format;tissue-based format,other,8,H,2000;2004,
CHEMBL97757,CHEMBL97757,Oc1cc(-c2ccccc2)nc2nc(F)ccc12,,6.77,1,6.77,6.77,Ki,B,tissue-based format,other,8,H,2000,
CHEMBL97760,CHEMBL97760,Oc1cc(-c2ccccc2)nc2nc(Cl)ccc12,,6.675,2,6.35,7.0,Ki,B,cell membrane format;tissue-based format,other,8,H,2000;2004,
CHEMBL97937,CHEMBL97937,Nc1nc(-n2cc(C(=O)NCc3ccc(Cl)cc3)cn2)nc2c1ncn2[C@@H]1O[C@H](CO)[C@@H](O)[C@H]1O,,6.15,1,6.15,6.15,Ki,B,single protein format,single_protein,8,H,2002,
CHEMBL98278,CHEMBL98278,Nc1nc(-c2cnn(Cc3ccccc3)c2)nc2c1ncn2[C@@H]1O[C@H](CO)[C@@H](O)[C@H]1O,,8.82,1,8.82,8.82,Ki,B,cell-based format,cell_based,9,D,2004,
CHEMBL98597,CHEMBL98597,Cc1ccc(-c2cnn(-c3nc(N)c4ncn([C@@H]5O[C@H](CO)[C@@H](O)[C@H]5O)c4n3)c2)cc1,,6.31,1,6.31,6.31,Ki,B,single protein format,single_protein,8,H,2002,
CHEMBL98659,CHEMBL98659,CCCNC(=O)c1cnn(-c2nc(N)c3ncn([C@@H]4O[C@H](CO)[C@@H](O)[C@H]4O)c3n2)c1,,6.92,1,6.92,6.92,Ki,B,single protein format,single_protein,8,H,2002,
CHEMBL99169,CHEMBL99169,CCNC(=O)c1cnn(-c2nc(N)c3ncn([C@@H]4O[C@H](CO)[C@@H](O)[C@H]4O)c3n2)c1,,6.42,1,6.42,6.42,Ki,B,single protein format,single_protein,8,H,2002,
CHEMBL99983,CHEMBL99983,Nc1nc(-c2cnn(CC3CCCCC3)c2)nc2c1ncn2[C@@H]1O[C@H](CO)[C@@H](O)[C@H]1O,,6.06,1,6.06,6.06,Ki,B,single protein format,single_protein,8,H,2002,
