molecule_chembl_id,parent_molecule_chembl_id,canonical_smiles,pref_name,pchembl_median,pchembl_n,pchembl_min,pchembl_max,standard_types,assay_types,bao_labels,evidence_level,assay_confidence_scores,assay_relationship_types,document_years,max_phase,mw,clogp,tpsa,hbd,hba,rotb,n_rings,n_arom_rings,fsp3,qed
CHEMBL526110,CHEMBL526110,O=[N+]([O-])c1cccc(Nc2nccc(-c3cnn4ncccc34)n2)c1,,9.52,1,9.52,9.52,IC50,B,single protein format,single_protein,9,D,2008,,333.31100000000004,2.8381000000000007,111.14,1,7,4,4,4,0.0,0.45124866345835496
CHEMBL317703,CHEMBL317703,NS(=O)(=O)c1ccc(Nc2cc(-c3ccc([N+](=O)[O-])cc3)[nH]n2)cc1,,9.48,1,9.48,9.48,IC50,B,single protein format,single_protein,8,H,2003,,359.367,2.3759000000000006,144.01,3,6,5,3,3,0.0,0.4710153883929621
CHEMBL321517,CHEMBL321517,Nc1ccc(-c2cc(Nc3ccc(S(N)(=O)=O)cc3)[nH]n2)cc1,,9.47,1,9.47,9.47,IC50,B,single protein format,single_protein,8,H,2003,,329.385,2.0499,126.88999999999997,4,5,4,3,3,0.0,0.5447916495594595
CHEMBL476577,CHEMBL476577,CC(=O)NC1CN(c2ccc(Nc3ncc(F)c(-c4cnc(C)n4C(C)C)n3)cc2)C1,,9.3,1,9.3,9.3,IC50,B,single protein format,single_protein,8,H,2008,,423.4960000000002,3.4368200000000018,87.97000000000001,2,6,6,4,3,0.36363636363636365,0.6315804358141601
CHEMBL4088242,CHEMBL4088242,CC[C@@H](C)Oc1nc(Nc2ccc(S(N)(=O)=O)cc2)nc(N)c1C=O,,9.1,1,9.1,9.1,IC50,B,single protein format,single_protein,9,D,2017,,365.41500000000013,1.4396000000000002,150.29,3,8,7,2,2,0.26666666666666666,0.623581136468043
CHEMBL4446357,CHEMBL4446357,C[C@@]1(O)CCC[C@H]1n1c(=O)c(C(F)F)cc2cnc(NC3CCN(S(C)(=O)=O)CC3)nc21,EBVACICLIB,9.05,2,8.05,10.05,EC50;Ki,B,cell-based format;single protein format,mixed,9,D,2021,2,471.5300000000003,2.041,117.42,2,7,5,4,2,0.65,0.6852759585897815
CHEMBL5171657,CHEMBL5171657,CCc1cnn2c(NCc3ccc[n+]([O-])c3)cc(C3CCCC[C@H]3CCO)nc12,,9.0,1,9.0,9.0,IC50,B,cell-based format,cell_based,9,D,2022,,395.5070000000003,3.193400000000002,89.39,2,5,7,4,3,0.5,0.47366330392107014
CHEMBL509406,CHEMBL509406,Cc1ncc(-c2nc(Nc3ccc(C(=O)NC4CCN(C)CC4)c(F)c3)ncc2F)n1C(C)C,,9.0,1,9.0,9.0,IC50,B,single protein format,single_protein,8,H,2008,,469.5400000000002,4.075220000000003,87.97,2,6,6,4,3,0.4166666666666667,0.5658536505803158
CHEMBL1964249,CHEMBL1964249,COCCOCCOCCOCCN(C)S(=O)(=O)c1ccc(N/C=C2\C(=O)Nc3ccc4ncsc4c32)cc1,,9.0,1,9.0,9.0,IC50,B,single protein format,single_protein,8,H,2001,,576.6970000000001,3.0181000000000013,128.32,2,10,16,4,3,0.38461538461538464,0.19533551420579584
CHEMBL186890,CHEMBL186890,Clc1ccc(Nc2nccc(-c3cnn4ncccc34)n2)cc1Cl,,9.0,1,9.0,9.0,Ki,B,single protein format,single_protein,9,D,2004,,357.20400000000006,4.236700000000001,68.0,1,5,3,4,4,0.0,0.5941222218012333
CHEMBL184510,CHEMBL184510,Fc1cc(F)cc(Nc2nccc(-c3cnn4ncccc34)n2)c1,,9.0,1,9.0,9.0,Ki,B,single protein format,single_protein,9,D,2004,,324.29400000000004,3.208100000000001,68.0,1,5,3,4,4,0.0,0.6266029600672957
CHEMBL478409,CHEMBL478409,COCCNS(=O)(=O)c1ccc(Nc2nccc(-c3cnc(C)n3C(C)C)n2)cc1,,9.0,1,9.0,9.0,IC50,B,single protein format,single_protein,8,H,2008,,430.53400000000016,2.8977200000000005,111.02999999999999,2,7,9,3,3,0.35,0.5021777703664401
CHEMBL1171950,CHEMBL1171950,NCCCn1nc(C(N)=O)c2c1-c1nc(Nc3ccccc3)ncc1CC2,,9.0,1,9.0,9.0,IC50,B,single protein format,single_protein,8,H,2010,,363.4250000000001,1.6299999999999992,124.74000000000001,3,6,6,4,3,0.2631578947368421,0.6111916337718877
CHEMBL559513,CHEMBL559513,CN1CCN(c2cccc(Nc3ncc4c(n3)-c3c(c(C(N)=O)nn3C)CC4)c2)CC1,,9.0,1,9.0,9.0,IC50,B,single protein format,single_protein,8,H,2009,,418.5050000000003,1.5699999999999996,105.19999999999999,2,7,4,5,3,0.36363636363636365,0.6625200810088372
CHEMBL4292930,CHEMBL4292930,Cc1cnn2c(NCc3ccc[n+]([O-])c3)cc(N3CCCC[C@@H]3CCO)nc12,,9.0,1,9.0,9.0,IC50,B,cell-based format,cell_based,9,D,2017,,382.4680000000003,2.0245200000000003,92.63,2,6,6,4,3,0.45,0.5005436909062704
CHEMBL5266005,CHEMBL5266005,CCc1cnn2c(NCc3ccc[n+]([O-])c3)cc(N3CCCC[C@@H]3CCO)nc12,,9.0,1,9.0,9.0,IC50,B,single protein format,single_protein,9,D,2022,,396.4950000000003,2.2785000000000006,92.63,2,6,7,4,3,0.47619047619047616,0.4701697526686685
CHEMBL5201870,CHEMBL5201870,COCc1cc(C(=O)Nc2cc([C@H]3CC[C@@H](OC(=O)NC(C)C)C3)[nH]n2)n(C)n1,TEGTOCICLIB,8.96,1,8.96,8.96,IC50,B,single protein format,single_protein,9,D,2024,2,404.47100000000006,2.3125999999999998,123.15999999999998,3,6,7,3,2,0.5789473684210527,0.6506771406942764
CHEMBL318999,CHEMBL318999,Nc1nc(Nc2ccc(S(N)(=O)=O)cc2)nc(OCC2CCCCC2)c1N=O,,8.96,1,8.96,8.96,IC50,B,single protein format,single_protein,8,H,2003,,406.4680000000003,2.8068,162.64999999999998,3,9,7,3,2,0.4117647058823529,0.5908643977358338
CHEMBL411224,CHEMBL411224,CC(C)Cc1cccc2c1/C(=N/Nc1ccc(S(N)(=O)=O)cc1)C(=O)N2,,8.92,1,8.92,8.92,IC50,B,single protein format,single_protein,8,H,2001,,372.4500000000001,2.3007999999999997,113.64999999999998,3,5,5,3,2,0.2222222222222222,0.6988053432306995
CHEMBL1984548,CHEMBL1984548,Cn1cc(Nc2ncc(Cl)c(Nc3ccccc3C(N)=O)n2)cn1,,8.9,1,8.9,8.9,Ki,F,assay format,other,8,H,,,343.77800000000013,2.4495999999999993,110.75,3,6,5,3,3,0.06666666666666667,0.6558632666198123
CHEMBL359794,CHEMBL359794,N#Cc1ccc(Nc2nccc(-c3cnn4ncccc34)n2)cc1,,8.85,2,8.7,9.0,IC50;Ki,B,single protein format,single_protein,9,D,2004;2008,,313.32400000000007,2.8015800000000004,91.79,1,6,3,4,4,0.0,0.6250388767170548
CHEMBL73303,CHEMBL73303,NS(=O)(=O)c1ccc(Nc2nccc(-c3cnc4ccccn34)n2)cc1,,8.85,2,8.7,9.0,IC50,B,single protein format,single_protein,8,H,2008;2011,,366.40600000000006,2.1822999999999997,115.27,2,6,4,4,4,0.0,0.5719011043903953
CHEMBL3919361,CHEMBL3919361,O=C1NCC2(CCCCC2)n2c1cc1cnc(Nc3ccc(N4CCC(N5CCOCC5)CC4)cn3)nc12,,8.84,3,6.07,9.07,IC50,B,single protein format,single_protein,8,H,2016,,516.6500000000004,3.2737000000000016,100.44000000000001,2,8,4,7,3,0.5714285714285714,0.5451342341783468
CHEMBL270544,CHEMBL270544,CC(C)=Cc1cccc2c1/C(=N/Nc1ccc(S(N)(=O)=O)cc1)C(=O)N2,GW396574X,8.82,1,8.82,8.82,IC50,B,single protein format,single_protein,8,H,2001,,370.4340000000001,2.525499999999999,113.64999999999998,3,5,4,3,2,0.1111111111111111,0.717603536252837
CHEMBL445945,CHEMBL445945,NS(=O)(=O)c1ccc(N/C=C2\C(=O)Nc3ccc4ncccc4c32)cc1,,8.82,1,8.82,8.82,IC50,B,single protein format,single_protein,8,H,2001,,366.4020000000001,2.2873,114.17999999999999,3,5,3,4,3,0.0,0.6154518929235094
CHEMBL409892,CHEMBL409892,NS(=O)(=O)c1ccc(N/N=C2\C(=O)Nc3ccc4ncccc4c32)cc1,GW305178X,8.8,1,8.8,8.8,IC50,B,single protein format,single_protein,8,H,2001,,367.3900000000001,1.6504999999999999,126.54,3,6,3,4,3,0.0,0.6067983099278363
CHEMBL1994669,CHEMBL1994669,Cn1cc(Nc2ncc(Br)c(Nc3ccccc3C(N)=O)n2)cn1,,8.8,1,8.8,8.8,Ki,F,assay format,other,8,H,,,388.2290000000001,2.558699999999999,110.75,3,6,5,3,3,0.06666666666666667,0.6197004746895874
CHEMBL3894860,CHEMBL3894860,CN1CCN(c2ccc(Nc3ncc4cc5n(c4n3)C3(CCCCC3)CNC5=O)nc2)CC1,TRILACICLIB,8.78,2,8.78,8.78,IC50,B,single protein format,single_protein,8,H,2016,4,446.55900000000037,2.724500000000001,91.21,2,7,3,6,3,0.5,0.6392153051534564
CHEMBL271136,CHEMBL271136,COc1cccc(OC)c1CNC(=O)c1ccc2c(c1)/C(=N/Nc1ccc(S(N)(=O)=O)cc1)C(=O)N2,,8.77,1,8.77,8.77,IC50,B,single protein format,single_protein,8,H,2001,,509.5440000000002,2.0494999999999997,161.20999999999998,4,8,8,4,3,0.125,0.33793665698669445
CHEMBL3890528,CHEMBL3890528,O=C1NCC2(CCCCC2)n2c1cc1cnc(Nc3ccc(N4CCNCC4)cn3)nc12,,8.745000000000001,2,8.52,8.97,IC50,B,single protein format,single_protein,8,H,2016,,432.53200000000027,2.3823,100.0,3,7,3,6,3,0.4782608695652174,0.5842845755931495
CHEMBL429142,CHEMBL429142,CC(C)CC(=O)c1ccc2c(c1)/C(=C/Nc1ccc(S(N)(=O)=O)cc1)C(=O)N2,,8.72,1,8.72,8.72,IC50,B,single protein format,single_protein,8,H,2001,,399.4720000000001,2.9678999999999993,118.35999999999999,3,5,6,3,2,0.2,0.5096911095150761
CHEMBL388978,CHEMBL388978,CN[C@@H]1C[C@H]2O[C@@](C)([C@@H]1OC)n1c3ccccc3c3c4c(c5c6ccccc6n2c5c31)C(=O)NC4,STAUROSPORINE,8.719999999999999,8,8.09,10.0,IC50;Kd,B,single protein format,single_protein,8;9,D;H,2005;2008;2009;2010;2016;2023,,466.5410000000003,4.354000000000003,69.45,2,4,2,8,5,0.32142857142857145,0.4058424794083466
CHEMBL411887,CHEMBL411887,C/C(Nc1ccc(S(N)(=O)=O)cc1)=C1/C(=O)Nc2ccc(-c3cnco3)cc21,,8.7,1,8.7,8.7,IC50,B,single protein format,single_protein,8,H,2001,,396.4280000000001,2.784200000000001,127.32,3,6,4,4,3,0.05263157894736842,0.5820319567093475
CHEMBL455657,CHEMBL455657,CN[C@H]1CCN(C(=O)c2ccc(Nc3ncc(F)c(-c4cnc(C)n4C(C)C)n3)cc2)C1,,8.7,1,8.7,8.7,IC50,B,single protein format,single_protein,8,H,2008,,437.52300000000025,3.546020000000002,87.97000000000001,2,6,6,4,3,0.391304347826087,0.6133120916033137
CHEMBL454648,CHEMBL454648,Cc1ncc(-c2nc(Nc3ccc(C(=O)N(C)C)c(F)c3)ncc2F)n1C(C)C,,8.7,1,8.7,8.7,IC50,B,single protein format,single_protein,8,H,2008,,400.4330000000001,3.953020000000003,75.94,1,5,5,3,3,0.3,0.7017913631220895
CHEMBL3298985,CHEMBL3298985,CC[C@@H](NC(=O)N1CCc2cnc(NC3CCOCC3)nc2C1)c1ccc(C#N)c(Cl)c1,,8.7,1,8.7,8.7,IC50,B,single protein format,single_protein,9,D,2014,,454.9620000000002,3.811580000000003,103.17000000000002,2,6,5,4,2,0.4782608695652174,0.7115371130785223
CHEMBL453862,CHEMBL453862,Cc1ncc(-c2nc(Nc3ccc(C(=O)N(C)C)cc3)ncc2F)n1C(C)C,,8.7,1,8.7,8.7,IC50,B,single protein format,single_protein,8,H,2008,,382.4430000000001,3.813920000000003,75.94,1,5,5,3,3,0.3,0.7260792256615411
CHEMBL364370,CHEMBL364370,Fc1ccc(Nc2nccc(-c3cnn4ncccc34)n2)cc1F,,8.7,1,8.7,8.7,Ki,B,single protein format,single_protein,9,D,2004,,324.2940000000001,3.208100000000001,68.0,1,5,3,4,4,0.0,0.6266029600672955
CHEMBL190446,CHEMBL190446,C[C@H](C(=O)Nc1cc(C2CC2)[nH]n1)c1ccc(N2Cc3ccccc3C2=O)cc1,,8.7,2,8.7,8.7,IC50,B,single protein format,single_protein,8,H,2008,,386.4550000000001,4.189700000000003,78.09,2,3,5,5,3,0.2608695652173913,0.6901267824900046
CHEMBL3648117,CHEMBL3648117,C[C@H](O)[C@@H](C)Nc1nc(Nc2ccc(S(C)(=N)=O)cc2)ncc1Br,,8.7,1,8.7,8.7,IC50,B,single protein format,single_protein,9,D,2013,,414.32900000000006,3.199370000000001,110.99,4,7,6,2,2,0.3333333333333333,0.5778899060382321
CHEMBL4457608,CHEMBL4457608,O=C1Nc2ccc([N+](=O)[O-])cc2/C1=C1/Nc2ccc(O)cc2/C1=N\O,,8.7,1,8.7,8.7,IC50,B,single protein format,single_protein,9,D,2019,,338.27900000000005,2.2676,137.09,4,7,1,4,2,0.0,0.2068743138591991
CHEMBL187081,CHEMBL187081,COc1cccc(Nc2nccc(-c3cnn4ncccc34)n2)c1,PYRAZOLOPYRIDAZINE 1,8.7,1,8.7,8.7,Ki,B,single protein format,single_protein,9,D,2004,,318.34000000000003,2.9385000000000003,77.23,1,6,4,4,4,0.058823529411764705,0.6232002385599055
CHEMBL355631,CHEMBL355631,COc1cc[nH]c1/C=C1\C(=O)Nc2ccc(F)c(C#C[C@@H]3CCCN3)c21,,8.7,1,8.7,8.7,IC50,B,single protein format,single_protein,9,D,2016,,351.38100000000014,2.7586000000000004,66.15,3,3,2,4,2,0.25,0.5757582001552121
CHEMBL3648116,CHEMBL3648116,C[C@H](Nc1nc(Nc2ccc(S(C)(=N)=O)cc2)ncc1Br)C(C)(C)O,,8.7,1,8.7,8.7,IC50,B,single protein format,single_protein,9,D,2013,,428.3560000000001,3.5894700000000026,110.99000000000001,4,7,6,2,2,0.375,0.5597870262122403
CHEMBL178769,CHEMBL178769,CN(C)S(=O)(=O)c1ccc(Nc2cc(N[C@H]3CC[C@H](N)CC3)nc3c(Br)cnn23)cc1Cl,,8.7,1,8.7,8.7,IC50,B,single protein format,single_protein,9,D,2005,,542.8910000000003,3.8209000000000017,117.65,3,7,6,4,3,0.4,0.4333011354816165
CHEMBL3298199,CHEMBL3298199,C[C@@H](NC(=O)N1CCc2cnc(N[C@H]3CCO[C@@H](CO)C3)nc2C1)c1ccc(Cl)c(Cl)c1,,8.7,1,8.7,8.7,IC50,B,single protein format,single_protein,9,D,2014,,480.3960000000003,3.5641000000000025,99.61000000000001,3,6,5,4,2,0.5,0.6054820385988293
CHEMBL460102,CHEMBL460102,Cc1ncc(-c2nc(Nc3ccc(C(=O)N4CC[C@H](N(C)C)C4)cc3)ncc2F)n1C(C)C,,8.7,1,8.7,8.7,IC50,B,single protein format,single_protein,8,H,2008,,451.5500000000002,3.888220000000003,79.18,1,6,6,4,3,0.4166666666666667,0.612663098089647
CHEMBL487067,CHEMBL487067,Cc1ncc(-c2ccnc(Nc3ccc(C(=O)NCCO)cc3)n2)n1C(C)C,,8.7,1,8.7,8.7,IC50,B,single protein format,single_protein,8,H,2008,,380.4520000000001,2.69512,104.96000000000001,3,6,7,3,3,0.3,0.5820293655849209
CHEMBL260416,CHEMBL260416,O=C(Nc1n[nH]c2nc(-c3ccc(O)c(Br)c3)ccc12)C1CC1,,8.7,1,8.7,8.7,IC50,B,single protein format,single_protein,8,H,2003,,373.21000000000015,3.4415000000000004,90.9,3,4,3,4,3,0.1875,0.6560527907285337
CHEMBL259838,CHEMBL259838,O=C(Nc1n[nH]c2nc(-c3ccc(O)c(Cl)c3)ccc12)C1CC1,,8.7,1,8.7,8.7,IC50,B,single protein format,single_protein,8,H,2003,,328.7590000000001,3.3324000000000007,90.9,3,4,3,4,3,0.1875,0.6874186817919911
CHEMBL462385,CHEMBL462385,Cc1ncc(-c2nc(Nc3ccc(C(=O)NCCN(C)C)c(F)c3)ncc2F)n1C(C)C,,8.7,1,8.7,8.7,IC50,B,single protein format,single_protein,8,H,2008,,443.5020000000001,3.542620000000003,87.97,2,6,8,3,3,0.36363636363636365,0.5537631499889353
CHEMBL462192,CHEMBL462192,Cc1ncc(-c2nc(Nc3ccc(C(=O)N4CCCN(C)CC4)cc3)ncc2F)n1C(C)C,,8.7,1,8.7,8.7,IC50,B,single protein format,single_protein,8,H,2008,,451.5500000000002,3.889820000000003,79.18,1,6,5,4,3,0.4166666666666667,0.6341157485141544
CHEMBL559845,CHEMBL559845,Cn1nc(C(N)=O)c2c1-c1nc(Nc3ccccc3)ncc1CC2,,8.7,1,8.7,8.7,IC50,B,single protein format,single_protein,8,H,2009,,320.35600000000017,1.8182,98.72000000000001,2,5,3,4,3,0.17647058823529413,0.766702711684713
CHEMBL560817,CHEMBL560817,CN1CCN(c2ccc(Nc3ncc4c(n3)-c3c(c(C(N)=O)nn3C)CC4)cc2)CC1,,8.7,1,8.7,8.7,IC50,B,single protein format,single_protein,8,H,2009,,418.5050000000002,1.5699999999999994,105.19999999999999,2,7,4,5,3,0.36363636363636365,0.6625200810088373
CHEMBL192602,CHEMBL192602,C[C@H](C(=O)Nc1cc(C2CC2)[nH]n1)c1ccc(N2CCNC2=O)cc1,,8.7,2,8.7,8.7,IC50,B,single protein format,single_protein,8,H,2008,,339.39900000000006,2.5589000000000004,90.12,3,3,5,4,2,0.3888888888888889,0.7818169248368421
CHEMBL460087,CHEMBL460087,CN[C@H]1CCN(C(=O)c2ccc(Nc3nccc(-c4cnc(C)n4C(C)C)n3)cc2)C1,,8.7,1,8.7,8.7,IC50,B,single protein format,single_protein,8,H,2008,,419.5330000000002,3.4069200000000013,87.97000000000001,2,6,6,4,3,0.391304347826087,0.6366605952533151
CHEMBL213713,CHEMBL213713,COc1cc(F)c(F)c(F)c1C(=O)c1cnc(NC2CCN(S(C)(=O)=O)CC2)nc1N,,8.7,1,8.7,8.7,Ki,B,single protein format,single_protein,9,D,2006,,459.45000000000033,1.5516,127.50999999999999,2,8,6,3,2,0.3888888888888889,0.4921131629125975
CHEMBL488257,CHEMBL488257,CNC(=O)c1ccc(Nc2nccc(-c3cnc(C)n3C3CCCC3)n2)cc1,,8.7,1,8.7,8.7,IC50,B,single protein format,single_protein,8,H,2008,,376.46400000000017,3.8668200000000033,84.73,2,5,5,4,3,0.3333333333333333,0.7061024594823802
CHEMBL194721,CHEMBL194721,FC(F)(F)c1cnc(Nc2ccc3[nH]cnc3c2)nc1Nc1ccccc1Cl,,8.7,1,8.7,8.7,IC50,B,single protein format,single_protein,8,H,2006,,404.78300000000013,5.5123000000000015,78.52000000000001,3,5,4,4,4,0.05555555555555555,0.4175966607132624
CHEMBL495696,CHEMBL495696,N#Cc1cccc(Nc2nccc(-c3cnn4ncccc34)n2)c1,GW778894X,8.7,1,8.7,8.7,IC50,B,single protein format,single_protein,9,D,2008,,313.324,2.8015800000000004,91.79,1,6,3,4,4,0.0,0.6250388767170548
CHEMBL271953,CHEMBL271953,NS(=O)(=O)c1ccc(N/N=C2\C(=O)Nc3ccc(C(=O)NCc4cccnc4)cc32)cc1,,8.68,1,8.68,8.68,IC50,B,single protein format,single_protein,8,H,2001,,450.4800000000002,1.4272999999999998,155.64,4,7,6,4,3,0.047619047619047616,0.41637318601094775
CHEMBL409731,CHEMBL409731,COC(=O)c1ccc2c(c1)/C(=C/Nc1ccc(S(N)(=O)=O)cc1)C(=O)N2,,8.68,1,8.68,8.68,IC50,B,single protein format,single_protein,8,H,2001,,373.3900000000001,1.5256999999999996,127.58999999999997,3,6,4,3,2,0.058823529411764705,0.5507342771966784
CHEMBL4568087,CHEMBL4568087,Cn1cc(-c2cnc3c(-c4csc(C(=O)N[C@@H]5CCCC[C@@H]5N)c4)cnn3c2)cn1,,8.66,1,8.66,8.66,IC50,B,assay format,other,9,D,2016,,421.5300000000002,2.8580000000000005,103.13,2,6,4,5,4,0.3333333333333333,0.5273865559203794
CHEMBL269882,CHEMBL269882,NS(=O)(=O)c1ccc(N/N=C2\C(=O)Nc3ccc4[nH]nc(Cl)c4c32)cc1,,8.66,1,8.66,8.66,IC50,B,single protein format,single_protein,8,H,2001,,390.8120000000001,1.6320000000000001,142.32999999999998,4,6,3,4,3,0.0,0.5025233303490172
CHEMBL269827,CHEMBL269827,NS(=O)(=O)c1ccc(N/N=C2\C(=O)Nc3ccc(-c4cnco4)cc32)cc1,GW276655X,8.64,1,8.64,8.64,IC50,B,single protein format,single_protein,8,H,2001,,383.3890000000001,1.7573,139.68,3,7,4,4,3,0.0,0.5865693770049644
CHEMBL3904602,CHEMBL3904602,CC(C)N1CCN(c2ccc(Nc3ncc4cc5n(c4n3)C3(CCCCC3)CNC5=O)nc2)CC1,LEROCICLIB,8.635,2,8.45,8.82,IC50,B,single protein format,single_protein,8,H,2016,3,474.61300000000045,3.5031000000000017,91.21,2,7,4,6,3,0.5384615384615384,0.5979854842384498
CHEMBL5095094,CHEMBL5095094,CC(C)c1c2cc(-c3nc(Nc4ccc(N5CCNCC5)cn4)ncc3F)ccc2nn1C,CULMERCICLIB,8.62,1,8.62,8.62,IC50,B,single protein format,single_protein,9,D,2024,2,446.53400000000016,3.841000000000002,83.78999999999999,2,7,5,5,4,0.3333333333333333,0.4818652686394648
CHEMBL4077071,CHEMBL4077071,CN1CCN(Cc2ccc(NC(=O)c3n[nH]cc3Nc3ncnc4[nH]ccc34)cc2)CC1,,8.61,1,8.61,8.61,IC50,B,single protein format,single_protein,9,D,2023,,431.50400000000013,2.4242999999999997,117.85999999999999,4,7,6,5,4,0.2727272727272727,0.3702812337181308
CHEMBL270132,CHEMBL270132,NS(=O)(=O)c1ccc(N/C=C2\C(=O)Nc3ccc(-c4cnco4)cc32)cc1,,8.6,1,8.6,8.6,IC50,B,single protein format,single_protein,8,H,2001,,382.4010000000001,2.3941,127.32,3,6,4,4,3,0.0,0.5946714242124717
CHEMBL411426,CHEMBL411426,CC(C)c1cccc2c1/C(=N/Nc1ccc(S(N)(=O)=O)cc1)C(=O)N2,,8.6,1,8.6,8.6,IC50,B,single protein format,single_protein,8,H,2001,,358.4230000000001,2.2257,113.64999999999998,3,5,4,3,2,0.17647058823529413,0.727184435187834
CHEMBL1964259,CHEMBL1964259,O=C1Nc2ccc3ncsc3c2/C1=C/Nc1ccc(S(=O)(=O)NCCOCCO)cc1,,8.594999999999999,2,7.92,9.27,IC50,B,single protein format,single_protein,8;9,D;H,2001;2016,,460.53700000000026,1.9886000000000004,129.65,4,8,9,4,3,0.2,0.28380357070030204
CHEMBL5568620,CHEMBL5568620,CC(C)c1c2cc(-c3ccnc(Nc4ccc5c(N6CCN(C)CC6)ncnc5c4)n3)ccc2nn1C,,8.55,1,8.55,8.55,IC50,B,single protein format,single_protein,9,D,2024,,493.6190000000003,4.592300000000003,87.89000000000001,1,8,5,6,5,0.32142857142857145,0.38034194877975835
CHEMBL1794055,CHEMBL1794055,NS(=O)(=O)c1ccc(NC=C2C(=O)Nc3ccc4ncsc4c32)cc1,GW589933X,8.55,1,8.55,8.55,IC50,B,single protein format,single_protein,8,H,2001,,372.4310000000001,2.3487999999999998,114.17999999999999,3,6,3,4,3,0.0,0.6107255292471006
CHEMBL271595,CHEMBL271595,NS(=O)(=O)c1ccc(N/C=C2\C(=O)Nc3ccc4ncsc4c32)cc1,GW297361X,8.55,1,8.55,8.55,IC50,B,single protein format,single_protein,8,H,2008,,372.4310000000001,2.3487999999999998,114.17999999999999,3,6,3,4,3,0.0,0.6107255292471006
CHEMBL1234833,CHEMBL1234833,CC(C)c1cnn2c(NCc3ccccc3)cc(N[C@@H](CO)[C@H](O)CO)nc12,,8.52,1,8.52,8.52,IC50,B,single protein format,single_protein,9,D,2019,,385.46800000000013,1.5907999999999995,114.94000000000001,5,7,9,3,3,0.4,0.37989969616339336
CHEMBL518383,CHEMBL518383,O=C(Nc1ccc(F)cc1)c1n[nH]cc1NC(=O)c1c(F)cccc1F,,8.52,1,8.52,8.52,IC50,B,single protein format,single_protein,8,H,2008,,360.2950000000001,3.3316000000000017,86.88,3,3,4,3,3,0.0,0.6669613411065499
CHEMBL453629,CHEMBL453629,Cc1ncc(-c2ccnc(Nc3ccc(C(=O)NCCN(C)C)c(F)c3)n2)n1C(C)C,,8.52,1,8.52,8.52,IC50,B,single protein format,single_protein,8,H,2008,,425.51200000000017,3.403520000000002,87.97,2,6,8,3,3,0.36363636363636365,0.5751501285719761
CHEMBL488084,CHEMBL488084,Cc1ncc(-c2ccnc(Nc3ccc(C(N)=O)cc3)n2)n1C(C)C,,8.52,1,8.52,8.52,IC50,B,single protein format,single_protein,8,H,2008,,336.39900000000006,3.0719200000000013,98.72,2,5,5,3,3,0.2222222222222222,0.7458047532048985
CHEMBL401303,CHEMBL401303,Clc1ccccc1-c1cc(NCc2cccnc2)n2ncc(Br)c2n1,,8.52,1,8.52,8.52,IC50,B,single protein format,single_protein,9,D,2013,,414.6940000000001,4.819300000000003,55.11,1,4,4,4,4,0.05555555555555555,0.5200505625587005
CHEMBL455195,CHEMBL455195,CCC1CC(C(=O)Nc2ncc(SCc3ncc(C(C)(C)C)o3)s2)CCN1,,8.52,1,8.52,8.52,IC50,B,single protein format,single_protein,8,H,2008,,408.5930000000002,4.437600000000003,80.05000000000001,2,7,6,3,2,0.631578947368421,0.6881036872489679
CHEMBL2163996,CHEMBL2163996,N[C@H]1CC[C@H](Nc2cc(Nc3ccc(F)c(Cl)c3)n3ncc(Cl)c3n2)CC1,,8.52,1,8.52,8.52,IC50,B,single protein format,single_protein,8,H,2012,,409.29600000000016,4.600600000000002,80.27,3,5,4,4,3,0.3333333333333333,0.5870112456516862
CHEMBL453655,CHEMBL453655,CNC(=O)c1ccc(Nc2ncc(F)c(-c3cnc(C)n3C(C)C)n2)cc1,,8.52,1,8.52,8.52,IC50,B,single protein format,single_protein,8,H,2008,,368.4160000000001,3.471720000000002,84.73,2,5,5,3,3,0.2631578947368421,0.7202690042286473
CHEMBL354634,CHEMBL354634,COc1cc[nH]c1/C=C1\C(=O)Nc2ccc(F)c(C#C[C@@H](O)[C@@H](N)[C@@H](C)O)c21,,8.52,1,8.52,8.52,IC50,B,single protein format,single_protein,9,D,2016,,385.3950000000001,1.0756000000000001,120.60000000000001,5,5,4,3,2,0.25,0.3983714841907959
CHEMBL384304,CHEMBL384304,COc1ccc(F)c(F)c1C(=O)c1cnc(NC2CCN(S(C)(=O)=O)CC2)nc1N,RG-547,8.52,3,8.3,9.28,Kd;Ki,B,single protein format;subcellular format,mixed,8;9,D;H,2006;2011;2017,2,441.4600000000003,1.4125,127.50999999999999,2,8,6,3,2,0.3888888888888889,0.6444372200934387
CHEMBL508129,CHEMBL508129,CNC(=O)c1ccc(Nc2nccc(-c3cnc(C)n3C(C)C)n2)cc1,,8.52,1,8.52,8.52,IC50,B,single protein format,single_protein,8,H,2008,,350.42600000000004,3.332620000000002,84.73,2,5,5,3,3,0.2631578947368421,0.7371414638908076
CHEMBL490481,CHEMBL490481,O=C(Cc1ccc(Cc2cccs2)cc1)Nc1cc(C2CC2)[nH]n1,,8.52,2,8.52,8.52,IC50,B,single protein format,single_protein,8,H,2008,,337.44800000000015,4.120600000000001,57.78,2,3,6,4,3,0.2631578947368421,0.7106695267890725
CHEMBL3648109,CHEMBL3648109,C[C@@H](O)[C@@H](C)Nc1nc(Nc2ccc(S(=N)(=O)CCO)cc2)ncc1Br,,8.52,1,8.52,8.52,IC50,B,single protein format,single_protein,9,D,2013,,444.35500000000013,2.5618700000000008,131.22,5,8,8,2,2,0.375,0.4229523180358263
CHEMBL478407,CHEMBL478407,Cc1ncc(-c2ccnc(Nc3ccc(F)cc3)n2)n1C(C)C,,8.52,1,8.52,8.52,IC50,B,single protein format,single_protein,8,H,2008,,311.36400000000003,4.112120000000003,55.63,1,4,4,3,3,0.23529411764705882,0.7874657740562173
CHEMBL4644434,CHEMBL4644434,CC(C)c1cnn2c(NCc3ccccc3)cc(N[C@@H](CO)[C@@H](O)CO)nc12,,8.52,1,8.52,8.52,IC50,B,single protein format,single_protein,9,D,2020,,385.46800000000013,1.5907999999999995,114.94000000000001,5,7,9,3,3,0.4,0.37989969616339336
CHEMBL477785,CHEMBL477785,Cc1ncc(-c2ccnc(Nc3ccc(N4CCN(S(=O)(=O)CCN(C)C)CC4)cc3)n2)n1C(C)C,,8.52,1,8.52,8.52,IC50,B,single protein format,single_protein,8,H,2008,,512.6840000000003,2.9864200000000007,99.49000000000001,1,8,9,4,3,0.48,0.4672096993179471
CHEMBL186101,CHEMBL186101,Cc1cc(C)cc(Nc2nccc(-c3cnn4ncccc34)n2)c1,,8.52,1,8.52,8.52,Ki,B,single protein format,single_protein,9,D,2004,,316.36800000000005,3.5467400000000007,68.0,1,5,3,4,4,0.1111111111111111,0.6258446787041012
CHEMBL269883,CHEMBL269883,CC(C)COC(=O)c1ccc2c(c1)/C(=C/Nc1ccc(S(N)(=O)=O)cc1)C(=O)N2,GW416981X,8.52,1,8.52,8.52,IC50,B,single protein format,single_protein,8,H,2001,,415.4710000000001,2.5519,127.58999999999997,3,6,6,3,2,0.2,0.49139177710792536
CHEMBL3644026,CHEMBL3644026,C[C@@H](O)[C@@H](C)Oc1nc(Nc2ccc(S(=O)(=O)CCO)cc2)ncc1C(F)(F)F,,8.52,1,8.52,8.52,IC50,B,single protein format,single_protein,9,D,2014,,435.42400000000015,2.1531000000000002,121.64000000000001,3,8,8,2,2,0.4117647058823529,0.5767718557331689
CHEMBL497564,CHEMBL497564,c1cc(Nc2nccc(-c3cnn4ncccc34)n2)cc(-c2cocn2)c1,,8.52,1,8.52,8.52,IC50,B,single protein format,single_protein,9,D,2008,,355.3610000000001,3.584900000000002,94.03,1,7,4,5,5,0.0,0.5263272511294822
CHEMBL311464,CHEMBL311464,NCCSc1cc(-c2ccc[nH]2)c2c3c(ccc(F)c13)NC2=O,,8.52,1,8.52,8.52,IC50,B,single protein format,single_protein,8,H,2003,,327.38400000000007,3.5905000000000014,70.91,3,3,4,4,3,0.11764705882352941,0.6413635719341743
CHEMBL1977223,CHEMBL1977223,CCCC(=O)Nc1n[nH]c2ccc(-c3cn(Cc4ccccc4)nn3)cc12,,8.5,1,8.5,8.5,Ki,F,assay format,other,8,H,,,360.42100000000005,3.6083000000000016,88.49,2,4,6,4,4,0.2,0.549679524676743
CHEMBL1964255,CHEMBL1964255,N=C(N)NS(=O)(=O)c1ccc(N/C=C2\C(=O)Nc3ccc4ncsc4c32)cc1,,8.48,1,8.48,8.48,IC50,B,single protein format,single_protein,8,H,2001,,414.47200000000015,1.8731699999999998,150.06,5,7,4,4,3,0.0,0.24981424189385487
CHEMBL2064555,CHEMBL2064555,CN(C)C[C@@H](NC(=O)c1ccc2[nH]nc(-c3nc4ccccc4[nH]3)c2c1)c1ccccc1,,8.47,1,8.47,8.47,Ki,B,single protein format,single_protein,9,D,2012,,424.5080000000001,4.138900000000002,89.69999999999999,3,4,6,5,5,0.16,0.38217894025556
CHEMBL215803,CHEMBL215803,C[C@@H]1C[C@H]2CN1CCn1nc3c(cccc3c1O)-c1nc3c(cccc3nc1O)O2,,8.47,1,8.47,8.47,IC50,B,single protein format,single_protein,9,D,2006,,403.4420000000002,2.912900000000001,96.53000000000002,2,7,0,6,4,0.3181818181818182,0.46594316248327444
CHEMBL2163995,CHEMBL2163995,N[C@H]1CC[C@H](Nc2cc(Nc3ccc(F)c(Cl)c3)n3ncc(Br)c3n2)CC1,,8.47,1,8.47,8.47,IC50,B,single protein format,single_protein,8,H,2012,,453.7470000000001,4.709700000000002,80.27,3,5,4,4,3,0.3333333333333333,0.5329766863215604
CHEMBL271160,CHEMBL271160,CC(C)Oc1cccc2c1/C(=N/Nc1ccc(S(N)(=O)=O)cc1)C(=O)N2,,8.47,1,8.47,8.47,IC50,B,single protein format,single_protein,8,H,2001,,374.4220000000001,1.8894999999999997,122.88,3,6,5,3,2,0.17647058823529413,0.6897973544822076
CHEMBL3648112,CHEMBL3648112,COc1cc(Nc2ncc(Br)c(N[C@H](C)[C@H](C)O)n2)ccc1S(C)(=N)=O,,8.46,2,8.4,8.52,IC50,B,single protein format,single_protein,9,D,2013,,444.35500000000013,3.2079700000000013,120.22,4,8,7,2,2,0.375,0.5176903654040255
CHEMBL3648115,CHEMBL3648115,COc1cc(Nc2ncc(Br)c(N[C@H](C)C(C)(C)O)n2)ccc1S(C)(=N)=O,,8.46,2,8.22,8.7,IC50,B,single protein format,single_protein,9,D,2013,,458.3820000000002,3.5980700000000017,120.22,4,8,7,2,2,0.4117647058823529,0.5004852818610591
CHEMBL1964251,CHEMBL1964251,O=C1Nc2ccc3ncsc3c2/C1=C/Nc1ccc(S(=O)(=O)NCCc2c[nH]cn2)cc1,,8.44,1,8.44,8.44,IC50,B,single protein format,single_protein,8,H,2001,,466.5480000000002,2.945500000000001,128.87,4,7,7,5,4,0.09523809523809523,0.3100762419747418
CHEMBL3648122,CHEMBL3648122,CCS(=N)(=O)c1ccc(Nc2ncc(Br)c(N[C@@H](C)[C@H](C)O)n2)cc1,,8.4,1,8.4,8.4,IC50,B,single protein format,single_protein,9,D,2013,,428.35600000000005,3.5894700000000013,110.99000000000001,4,7,7,2,2,0.375,0.5365487613485995
CHEMBL178179,CHEMBL178179,CN(C)S(=O)(=O)c1ccc(Nc2cc(N[C@H]3CC[C@H](N)CC3)nc3c(C4CCCC4)cnn23)cc1,,8.4,1,8.4,8.4,IC50,B,single protein format,single_protein,9,D,2005,,497.66900000000044,4.062600000000003,117.65,3,7,7,5,3,0.52,0.4504214394212229
CHEMBL3648113,CHEMBL3648113,CN=S(C)(=O)c1ccc(Nc2ncc(Br)c(N[C@H](C)[C@@H](C)O)n2)cc1OC,,8.4,1,8.4,8.4,IC50,B,single protein format,single_protein,9,D,2013,,458.3820000000002,3.259000000000002,108.73,3,8,7,2,2,0.4117647058823529,0.584537668298721
CHEMBL191003,CHEMBL191003,Nc1nc(Nc2ccc(S(N)(=O)=O)cc2)nn1C(=O)c1c(F)cccc1F,JNJ-7706621,8.4,3,7.64,8.7,IC50;Kd,B,single protein format,single_protein,9,D,2006;2008;2022,,394.36300000000006,1.217999999999999,145.98999999999998,3,7,4,3,3,0.0,0.6027885397158542
CHEMBL293068,CHEMBL293068,O=C1Nc2ccc(C(=O)O)cc2/C1=C/c1[nH]cc2c1CCOC2=O,,8.4,1,8.4,8.4,IC50,B,single protein format,single_protein,8,H,2003,,324.29200000000014,1.9185,108.49000000000001,3,4,2,4,2,0.11764705882352941,0.5775074717751626
CHEMBL3648111,CHEMBL3648111,COc1cc(Nc2ncc(Br)c(N[C@H](C)[C@@H](C)O)n2)ccc1S(C)(=N)=O,,8.4,1,8.4,8.4,IC50,B,single protein format,single_protein,9,D,2013,,444.35500000000013,3.2079700000000013,120.22,4,8,7,2,2,0.375,0.5176903654040255
CHEMBL3357950,CHEMBL3357950,C[C@@H](NC(=O)N1CCc2cnc(Nc3cnn(C)c3)nc2C1)c1ccc(Cl)c(Cl)c1,,8.4,1,8.4,8.4,IC50,B,single protein format,single_protein,9,D,2014,,446.3420000000002,4.089400000000003,87.97000000000001,2,5,4,4,3,0.3,0.6305720395256554
CHEMBL3648118,CHEMBL3648118,COC[C@@H](Nc1nc(Nc2ccc(S(C)(=N)=O)cc2)ncc1Br)[C@@H](C)O,,8.4,1,8.4,8.4,IC50,B,single protein format,single_protein,9,D,2013,,444.3550000000001,2.8258700000000014,120.22,4,8,8,2,2,0.375,0.4942706514004594
CHEMBL3648108,CHEMBL3648108,C[C@H](Nc1nc(Nc2ccc(S(=N)(=O)CCO)cc2)ncc1Br)C(C)(C)O,,8.4,1,8.4,8.4,IC50,B,single protein format,single_protein,9,D,2013,,458.3820000000001,2.9519700000000015,131.22,5,8,8,2,2,0.4117647058823529,0.41108173712426427
CHEMBL5188322,CHEMBL5188322,NC(=O)c1ccc(Nc2nc(N[C@H]3CC[C@H](N)CC3)nc3c2ncn3C2CCCC2)cc1,,8.4,1,8.4,8.4,IC50,B,single protein format,single_protein,9,D,2022,,434.54800000000023,3.465700000000002,136.77,4,7,6,5,3,0.4782608695652174,0.466077636875268
CHEMBL3648107,CHEMBL3648107,C[C@@H](Nc1nc(Nc2ccc(S(=N)(=O)CCO)cc2)ncc1Br)C(C)(C)O,,8.4,1,8.4,8.4,IC50,B,single protein format,single_protein,9,D,2013,,458.3820000000001,2.9519700000000015,131.22,5,8,8,2,2,0.4117647058823529,0.41108173712426427
CHEMBL2163997,CHEMBL2163997,N#Cc1cnn2c(Nc3ccc(F)c(Cl)c3)cc(N[C@H]3CC[C@H](N)CC3)nc12,,8.4,1,8.4,8.4,IC50,B,single protein format,single_protein,8,H,2012,,399.8610000000002,3.818880000000002,104.06,3,6,4,4,3,0.3157894736842105,0.6156960125133157
CHEMBL518826,CHEMBL518826,CCCN(C)[C@H]1CCN(C(=O)c2ccc(Nc3nccc(-c4cnc(C)n4C(C)C)n3)cc2)C1,,8.4,1,8.4,8.4,IC50,B,single protein format,single_protein,8,H,2008,,461.6140000000002,4.529320000000004,79.17999999999999,1,6,8,4,3,0.46153846153846156,0.5309922580049495
CHEMBL4741442,CHEMBL4741442,C[C@H](CO)Nc1nc(Nc2ccc(S(N)(=O)=O)cc2)ncc1Br,,8.4,2,8.4,8.4,IC50,B,single protein format,single_protein,9,D,2020;2023,,402.27400000000006,1.4227999999999996,130.23000000000002,4,7,6,2,2,0.23076923076923078,0.5749825437502778
CHEMBL73243,CHEMBL73243,COCCCNS(=O)(=O)c1ccc(Nc2nccc(-c3cnc4ccccn34)n2)cc1,,8.4,1,8.4,8.4,IC50,B,single protein format,single_protein,8,H,2004,,438.51300000000015,2.8497000000000012,110.50999999999999,2,7,9,4,4,0.19047619047619047,0.3866727202624695
CHEMBL3648106,CHEMBL3648106,CC(CO)Sc1nc(Nc2ccc(S(C)(=N)=O)cc2)ncc1Br,,8.4,1,8.4,8.4,IC50,B,single protein format,single_protein,9,D,2013,,417.3540000000001,3.4910700000000014,98.96,3,7,6,2,2,0.2857142857142857,0.49169896143766567
CHEMBL485618,CHEMBL485618,CCn1c(-c2ccnc(Nc3ccc(S(=O)(=O)NCCOC)cc3)n2)cnc1C,,8.4,1,8.4,8.4,IC50,B,single protein format,single_protein,8,H,2008,,416.5070000000002,2.3367199999999997,111.03,2,7,9,3,3,0.3157894736842105,0.5150871047686602
CHEMBL468963,CHEMBL468963,CN1CCN(c2ccc(Nc3nccc(-c4cnn5ncccc45)n3)cc2C(F)(F)F)CC1,GW779439X,8.4,1,8.4,8.4,IC50,B,single protein format,single_protein,9,D,2008,,454.46000000000015,3.7005000000000026,74.48,1,7,4,5,4,0.2727272727272727,0.5040707579098099
CHEMBL213207,CHEMBL213207,c1cnc2[nH]cc(-c3ccnc(NCC4CCCCC4)n3)c2c1,,8.4,1,8.4,8.4,Ki,F,assay format,other,8,H,,,307.401,4.012100000000002,66.49000000000001,2,4,4,4,3,0.3888888888888889,0.7639410160641054
CHEMBL3648096,CHEMBL3648096,Cc1cc(Nc2ncc(Br)c(N[C@H](C)[C@H](C)O)n2)ccc1S(C)(=N)=O,,8.4,1,8.4,8.4,IC50,B,single protein format,single_protein,9,D,2013,,428.3560000000001,3.5077900000000017,110.99000000000001,4,7,6,2,2,0.375,0.5605678171971298
CHEMBL3648095,CHEMBL3648095,CCS(=N)(=O)c1ccc(Nc2ncc(Br)c(N[C@H](C)[C@H](C)O)n2)cc1,,8.4,1,8.4,8.4,IC50,B,single protein format,single_protein,9,D,2013,,428.35600000000005,3.5894700000000013,110.99000000000001,4,7,7,2,2,0.375,0.5365487613485995
CHEMBL489477,CHEMBL489477,O=C(Cc1ccc(-c2ccccc2)c(F)c1)Nc1cc(C2CC2)[nH]n1,,8.4,2,8.4,8.4,IC50,B,single protein format,single_protein,8,H,2008,,335.3820000000001,4.274400000000003,57.78,2,2,5,4,3,0.2,0.7312204853181441
CHEMBL1983315,CHEMBL1983315,Cc1ccccc1-c1c(-c2ccc3[nH]nc(C)c3c2)nnn1Cc1ccccc1,,8.4,1,8.4,8.4,Ki,F,assay format,other,8,H,,,379.4670000000001,5.153540000000005,59.39,1,3,4,5,5,0.125,0.46949343785891134
CHEMBL60541,CHEMBL60541,CNS(=O)(=O)c1ccc2c(c1)/C(=C/c1[nH]cc3c1CCOC3=O)C(=O)N2,,8.4,1,8.4,8.4,IC50,B,single protein format,single_protein,8,H,2003,,373.3900000000002,1.1283999999999998,117.35999999999999,3,5,3,4,2,0.17647058823529413,0.5506605503703911
CHEMBL3648076,CHEMBL3648076,C[C@@H](Nc1nc(Nc2ccc(S(=N)(=O)CC3CC3)cc2)ncc1Br)C(C)(C)O,,8.4,1,8.4,8.4,IC50,B,single protein format,single_protein,9,D,2013,,468.42100000000016,4.369670000000004,110.99000000000001,4,7,8,3,2,0.47368421052631576,0.4580367601616124
CHEMBL514197,CHEMBL514197,COc1cc(-c2ccc3c(-c4nc5c(N6CCN(C)CC6)cccc5[nH]4)n[nH]c3c2)ccc1O,,8.39,1,8.39,8.39,IC50,B,single protein format,single_protein,9,D,2009,,454.5340000000001,4.239200000000004,93.3,3,6,4,6,5,0.23076923076923078,0.37618307755575836
CHEMBL1964244,CHEMBL1964244,O=C1Nc2ccc3ncsc3c2/C1=C/Nc1ccc(S(=O)(=O)Nc2ccccc2)cc1,,8.37,1,8.37,8.37,IC50,B,single protein format,single_protein,8,H,2001,,448.5290000000001,4.502200000000002,100.19,3,6,5,5,4,0.0,0.39040769011682575
CHEMBL1964250,CHEMBL1964250,COCCOCCOCCOCCNS(=O)(=O)c1ccc(N/C=C2\C(=O)Nc3ccc4ncsc4c32)cc1,,8.35,1,8.35,8.35,IC50,B,single protein format,single_protein,8,H,2001,,562.6700000000001,2.6759000000000013,137.11,3,10,16,4,3,0.36,0.17773995761112188
CHEMBL410883,CHEMBL410883,NC(=O)c1ccc2c(c1)/C(=N/Nc1ccc(S(N)(=O)=O)cc1)C(=O)N2,,8.35,1,8.35,8.35,IC50,B,single protein format,single_protein,8,H,2001,,359.3670000000001,0.20119999999999955,156.73999999999998,4,6,4,3,2,0.0,0.5735675778366436
CHEMBL272667,CHEMBL272667,Cc1c([N+](=O)[O-])ccc2c1/C(=N/Nc1ccc(S(N)(=O)=O)cc1)C(=O)N2,,8.34,1,8.34,8.34,IC50,B,single protein format,single_protein,8,H,2001,,375.3660000000001,1.3189199999999999,156.79,3,7,4,3,2,0.06666666666666667,0.5400676473221704
CHEMBL314397,CHEMBL314397,NS(=O)(=O)c1ccc(/N=N/c2c(O)[nH]c3cccc(I)c23)cc1,,8.34,1,8.34,8.34,IC50,B,single protein format,single_protein,8,H,2001,,442.23800000000006,3.5409000000000015,120.9,3,5,3,3,3,0.0,0.425041448966933
CHEMBL1964247,CHEMBL1964247,CN(C)S(=O)(=O)c1ccc(N/C=C2\C(=O)Nc3ccc4ncsc4c32)cc1,,8.34,1,8.34,8.34,IC50,B,single protein format,single_protein,8,H,2001,,400.4850000000001,2.9517000000000007,91.4,2,6,4,4,3,0.1111111111111111,0.6572450101385053
CHEMBL1964246,CHEMBL1964246,O=C1Nc2ccc3ncsc3c2/C1=C/Nc1ccc(S(=O)(=O)NCCO)cc1,,8.33,1,8.33,8.33,IC50,B,single protein format,single_protein,8,H,2001,,416.48400000000015,1.9720000000000002,120.42,4,7,6,4,3,0.1111111111111111,0.4561705850621592
CHEMBL5186159,CHEMBL5186159,NS(=O)(=O)c1ccc(Nc2ncc3c(n2)N(C2CCCC2)C(=O)C32CC2)cc1,,8.31,1,8.31,8.31,IC50,B,cell-based format,cell_based,9,D,2022,,399.47600000000034,2.1884000000000006,118.28,2,6,4,5,2,0.42105263157894735,0.8134994052280682
CHEMBL427909,CHEMBL427909,O=C(Nc1n[nH]c2nc(-c3ccc(O)cc3)c(-c3ccccc3)cc12)C1CC1,,8.3,1,8.3,8.3,IC50,B,single protein format,single_protein,8,H,2003,,370.41200000000015,4.346000000000002,90.9,3,4,4,5,4,0.13636363636363635,0.49812393229429147
CHEMBL3354186,CHEMBL3354186,COC1CCN(c2nccc(Nc3cc4[nH]c(-c5cn[nH]c5)cc4cn3)n2)CC1,,8.3,1,8.3,8.3,IC50,B,single protein format,single_protein,9,D,2014,,390.45100000000014,3.101800000000001,107.63999999999999,3,7,5,5,4,0.3,0.48046552074209614
CHEMBL452601,CHEMBL452601,C[C@H]1CNC[C@H](C(=O)Nc2ncc(SCc3ncc(C(C)(C)C)o3)s2)C1,,8.3,1,8.3,8.3,IC50,B,single protein format,single_protein,8,H,2008,,394.5660000000002,3.905000000000003,80.05,2,7,5,3,2,0.6111111111111112,0.7487478906531033
CHEMBL72548,CHEMBL72548,CN(C)CCNS(=O)(=O)c1ccc(Nc2nccc(-c3cnc4ccccn34)n2)cc1,,8.3,1,8.3,8.3,IC50,B,single protein format,single_protein,8,H,2004,,437.5290000000001,2.3748000000000005,104.52000000000001,2,7,8,4,4,0.19047619047619047,0.43602758757950383
CHEMBL72509,CHEMBL72509,Clc1cccc(Nc2nccc(-c3cnc4ccccn34)n2)c1,,8.3,1,8.3,8.3,IC50,B,single protein format,single_protein,8,H,2004,,321.771,4.188300000000003,55.11,1,4,3,4,4,0.0,0.6144997210739218
CHEMBL3099763,CHEMBL3099763,COC(=O)[C@H](Cc1ccc(O)cc1)NC(=O)c1cc(C(=O)O)c2cc(/C=C/c3ccc(Cl)cc3)ccc2n1,,8.3,1,8.3,8.3,Kd,B,single protein format,single_protein,9,D,2014,,530.9640000000002,4.976500000000004,125.82,3,6,8,4,4,0.10344827586206896,0.21658912289484386
CHEMBL4579344,CHEMBL4579344,Cc1cc(C)c(CNc2nc(N[C@@H](C)[C@@H](C)O)nc3c2ncn3C(C)C)cn1,,8.3,1,8.3,8.3,IC50,B,single protein format,single_protein,9,D,2019,,383.5000000000001,3.212340000000002,100.78000000000002,3,7,7,3,3,0.5,0.5757482037685429
CHEMBL79498,CHEMBL79498,O=C1Nc2ccc(F)c3c(S[C@H]4CCNC4)cc(-c4ccc[nH]4)c1c23,,8.3,1,8.3,8.3,IC50,B,single protein format,single_protein,8,H,2003,,353.4220000000001,3.9937000000000022,56.92,3,3,3,5,3,0.21052631578947367,0.6671788213266365
CHEMBL70824,CHEMBL70824,CN(C)CCCN(C)S(=O)(=O)c1ccc(Nc2nccc(-c3cnc4ccccn34)n2)cc1,,8.3,1,8.3,8.3,IC50,B,single protein format,single_protein,8,H,2004,,465.58300000000014,3.1071000000000017,95.73,1,7,9,4,4,0.2608695652173913,0.40573148080115196
CHEMBL260163,CHEMBL260163,O=C(Nc1n[nH]c2cc(-c3ccc(O)cc3)ccc12)C1CC1,,8.3,1,8.3,8.3,IC50,B,single protein format,single_protein,8,H,2003,,293.3260000000001,3.2840000000000016,78.01,3,3,3,4,3,0.17647058823529413,0.6931199898600002
CHEMBL260417,CHEMBL260417,O=C(Nc1n[nH]c2nc(-c3ccc(O)cc3)c(Br)cc12)C1CC1,,8.3,1,8.3,8.3,IC50,B,single protein format,single_protein,8,H,2003,,373.21000000000015,3.4415000000000004,90.9,3,4,3,4,3,0.1875,0.6560527907285337
CHEMBL1999153,CHEMBL1999153,FC(F)(F)c1ccccc1CNc1nccc(-c2c[nH]c3ncccc23)n1,,8.3,1,8.3,8.3,Ki,F,assay format,other,8,H,,,369.35,4.650800000000002,66.49000000000001,2,4,4,4,4,0.10526315789473684,0.5494843349068154
CHEMBL573578,CHEMBL573578,CC(C)(C)n1nc(Cc2cccc3ccccc23)c2c(N)ncnc21,,8.3,1,8.3,8.3,IC50,B,assay format,other,9,D,2005,,331.4230000000001,3.9075000000000024,69.62,1,4,2,4,4,0.25,0.6044722837697473
CHEMBL1241849,CHEMBL1241849,CN(C)CCNS(=O)(=O)c1ccc(Nc2cccc(-c3cnc4ccccn34)c2)cc1,,8.3,1,8.3,8.3,IC50,B,single protein format,single_protein,8,H,2006,,435.5530000000001,3.584800000000002,78.74000000000001,2,5,8,4,4,0.17391304347826086,0.4422792402354375
CHEMBL5195030,CHEMBL5195030,CC[C@@H](Nc1nc(NCc2cnc(C)cc2C)c2ncn(C(C)C)c2n1)[C@H](C)O,,8.3,1,8.3,8.3,IC50,B,cell-based format,cell_based,9,D,2022,,397.5270000000001,3.6024400000000028,100.78,3,7,8,3,3,0.5238095238095238,0.5337135031905841
CHEMBL481562,CHEMBL481562,O=C(NC1CC1)c1n[nH]c2cc(-c3ccc(O)cc3)c(Br)cc12,,8.3,1,8.3,8.3,IC50,B,single protein format,single_protein,9,D,2009,,372.2220000000001,3.590200000000001,78.01,3,3,3,4,3,0.17647058823529413,0.657633177944694
CHEMBL3109950,CHEMBL3109950,CN(C)S(=O)(=O)c1ccc(Nc2cc3[nH]c(-c4cn[nH]c4)cc3cn2)cc1,,8.3,1,8.3,8.3,IC50,B,single protein format,single_protein,9,D,2024,,382.44900000000007,2.946900000000001,106.77,3,5,5,4,4,0.1111111111111111,0.49192050068577775
CHEMBL415471,CHEMBL415471,N#CCCc1cc(-c2ccc[nH]2)c2c3c(ccc(F)c13)NC2=O,,8.3,1,8.3,8.3,IC50,B,single protein format,single_protein,8,H,2003,,305.312,3.9958800000000014,68.68,2,2,3,4,3,0.1111111111111111,0.7677194688543781
CHEMBL1964288,CHEMBL1964288,c1ccc(Cn2cc(-c3ccc4[nH]nc(-c5cn(Cc6ccccc6)nn5)c4c3)nn2)cc1,,8.3,1,8.3,8.3,Ki,F,assay format,other,8,H,,,432.4910000000001,4.176500000000002,90.1,1,5,6,6,6,0.08,0.42648564823516033
CHEMBL500804,CHEMBL500804,O=C(NC1=NNC2=CC=CC21)C1CC1,,8.3,1,8.3,8.3,IC50,B,single protein format,single_protein,8,H,2008,,189.218,0.49919999999999987,53.49,2,3,1,3,0,0.4,0.6307391892244607
CHEMBL4764173,CHEMBL4764173,CC[C@H](Nc1nc(NCc2ccccc2)c2ncn(C(C)C)c2n1)[C@@H](C)O,,8.3,1,8.3,8.3,IC50,B,single protein format,single_protein,9,D,2020,,368.4850000000001,3.5906000000000025,87.89,3,6,8,3,3,0.45,0.5630910780011928
CHEMBL3639469,CHEMBL3639469,Cc1cc(Nc2ncc(Br)c(N[C@H](C)C(C)(C)O)n2)ccc1S(C)(=N)=O,,8.275,2,8.15,8.4,IC50,B,single protein format,single_protein,9,D,2013,,442.38300000000015,3.897890000000002,110.99000000000001,4,7,6,2,2,0.4117647058823529,0.5402134058234348
CHEMBL4095226,CHEMBL4095226,Nc1nccc(-c2c[nH]c3ncc(-c4ccc(F)cc4)cc23)n1,,8.26,1,8.26,8.26,IC50,B,single protein format,single_protein,9,D,2024,,305.31600000000003,3.408200000000001,80.48,2,4,2,4,4,0.0,0.594474908909873
CHEMBL3644033,CHEMBL3644033,C[C@@H](O)[C@@H](C)Oc1nc(Nc2ccc(S(C)(=O)=O)cc2)ncc1C(F)(F)F,,8.25,2,8.1,8.4,IC50,B,single protein format,single_protein,9,D,2014,,405.3980000000001,2.7906000000000013,101.41000000000001,2,7,6,2,2,0.375,0.762003890948654
CHEMBL1964242,CHEMBL1964242,O=C1Nc2ccc3ncsc3c2/C1=C/Nc1ccc(S(=O)(=O)NCc2ccccc2)cc1,,8.25,1,8.25,8.25,IC50,B,single protein format,single_protein,8,H,2001,,462.55600000000015,4.179900000000003,100.19,3,6,6,5,4,0.043478260869565216,0.3734093732169062
CHEMBL1964245,CHEMBL1964245,CNS(=O)(=O)c1ccc(N/C=C2\C(=O)Nc3ccc4ncsc4c32)cc1,,8.25,1,8.25,8.25,IC50,B,single protein format,single_protein,8,H,2001,,386.4580000000001,2.6095000000000006,100.19000000000001,3,6,4,4,3,0.058823529411764705,0.5986632402848575
CHEMBL1964253,CHEMBL1964253,CN(c1ccccn1)S(=O)(=O)c1ccc(N/C=C2\C(=O)Nc3ccc4ncsc4c32)cc1,,8.25,1,8.25,8.25,IC50,B,single protein format,single_protein,8,H,2001,,463.54400000000015,3.9215000000000018,104.29,2,7,5,5,4,0.045454545454545456,0.4348894876340168
CHEMBL1964260,CHEMBL1964260,CS(=O)(=O)c1ccc(N/C=C2\C(=O)Nc3ccc4ncsc4c32)cc1,,8.24,1,8.24,8.24,IC50,B,single protein format,single_protein,8,H,2001,,371.4430000000001,3.1049000000000007,88.16,2,6,3,4,3,0.058823529411764705,0.690871676084458
CHEMBL1234086,CHEMBL1234086,CNS(=O)(=O)Cc1ccc(N/N=C2\C(=O)Nc3ccc4ncsc4c32)cc1,,8.24,1,8.24,8.24,IC50,B,single protein format,single_protein,8,H,2001,,401.4730000000001,2.1137999999999995,112.55,3,7,5,4,3,0.11764705882352941,0.5670080057553453
CHEMBL5280928,CHEMBL5280928,CC(=O)c1c(C)c2cnc(NC3CCN(S(C)(=O)=O)CC3)nc2n(C2CCCC2)c1=O,,8.23,1,8.23,8.23,Ki,B,cell-based format,cell_based,9,D,2024,,447.5610000000004,2.25352,114.25999999999999,1,7,5,4,2,0.6190476190476191,0.699285949040907
CHEMBL186708,CHEMBL186708,c1cnn2ncc(-c3ccnc(Nc4ccc5c(c4)OCCCO5)n3)c2c1,,8.22,1,8.22,8.22,Ki,B,single protein format,single_protein,9,D,2004,,360.3770000000002,3.0912000000000015,86.46000000000001,1,7,3,5,4,0.15789473684210525,0.6006154682731522
CHEMBL434337,CHEMBL434337,Cc1ccc2c(-c3ccnc(Nc4ccc5c(c4)OCCO5)n3)cnn2n1,,8.22,1,8.22,8.22,Ki,B,single protein format,single_protein,9,D,2004,,360.3770000000001,3.00952,86.46000000000001,1,7,3,5,4,0.15789473684210525,0.6008255712031766
CHEMBL510436,CHEMBL510436,Cc1ncc(-c2ccnc(Nc3ccc(C(=O)N(C)C)c(F)c3)n2)n1C(C)C,,8.22,1,8.22,8.22,IC50,B,single protein format,single_protein,8,H,2008,,382.4430000000001,3.813920000000003,75.94,1,5,5,3,3,0.3,0.7260792256615411
CHEMBL3644024,CHEMBL3644024,CC(C)S(=O)(=O)c1ccc(Nc2ncc(C(F)(F)F)c(O[C@H](C)[C@@H](C)O)n2)cc1,,8.22,1,8.22,8.22,IC50,B,single protein format,single_protein,9,D,2014,,433.4520000000001,3.569200000000002,101.41000000000001,2,7,7,2,2,0.4444444444444444,0.6883254764874649
CHEMBL3648072,CHEMBL3648072,C[C@@H](Nc1nc(Nc2ccc(S(C)(=N)=O)cc2)ncc1Br)C(C)(C)O,,8.22,1,8.22,8.22,IC50,B,single protein format,single_protein,9,D,2013,,428.3560000000001,3.5894700000000026,110.99000000000001,4,7,6,2,2,0.375,0.5597870262122403
CHEMBL361894,CHEMBL361894,c1cnn2ncc(-c3ccnc(Nc4ccc5c(c4)OCCO5)n3)c2c1,GW806290X,8.22,1,8.22,8.22,Ki,B,single protein format,single_protein,9,D,2004,,346.35000000000014,2.701100000000001,86.46000000000001,1,7,3,5,4,0.1111111111111111,0.6101417780312128
CHEMBL520353,CHEMBL520353,Cc1ncc(-c2ccnc(Nc3ccc(S(=O)(=O)NCCCOC(C)C)cc3)n2)n1C,,8.22,1,8.22,8.22,IC50,B,single protein format,single_protein,8,H,2008,,444.56100000000026,3.022520000000001,111.03,2,7,10,3,3,0.38095238095238093,0.46244539211578806
CHEMBL1241567,CHEMBL1241567,CCCCOc1c(C(=O)c2c(F)cc(C)cc2F)ccc2[nH]ncc12,,8.22,1,8.22,8.22,IC50,B,single protein format,single_protein,8,H,2006,,344.361,4.559420000000003,54.980000000000004,1,3,6,3,3,0.2631578947368421,0.5267410872289626
CHEMBL3648110,CHEMBL3648110,C[C@H](O)[C@@H](C)Nc1nc(Nc2ccc(S(=N)(=O)CCO)cc2)ncc1Br,,8.22,3,8.15,8.52,IC50,B,single protein format,single_protein,9,D,2013,,444.35500000000013,2.5618700000000008,131.22,5,8,8,2,2,0.375,0.4229523180358263
CHEMBL460103,CHEMBL460103,Cc1ncc(-c2nc(Nc3ccc(C(=O)N4CC[C@@H](N(C)C)C4)cc3)ncc2F)n1C(C)C,,8.22,1,8.22,8.22,IC50,B,single protein format,single_protein,8,H,2008,,451.5500000000002,3.888220000000003,79.18,1,6,6,4,3,0.4166666666666667,0.612663098089647
CHEMBL215086,CHEMBL215086,COc1cc(F)c(F)cc1C(=O)c1cnc(NC2CCN(S(C)(=O)=O)CC2)nc1N,,8.22,1,8.22,8.22,Ki,B,single protein format,single_protein,9,D,2006,,441.4600000000003,1.4124999999999996,127.50999999999999,2,8,6,3,2,0.3888888888888889,0.6444372200934387
CHEMBL3648114,CHEMBL3648114,CN=S(C)(=O)c1ccc(Nc2ncc(Br)c(N[C@H](C)[C@H](C)O)n2)cc1OC,,8.22,1,8.22,8.22,IC50,B,single protein format,single_protein,9,D,2013,,458.3820000000002,3.259000000000002,108.73,3,8,7,2,2,0.4117647058823529,0.584537668298721
CHEMBL3648119,CHEMBL3648119,COC[C@H](Nc1nc(Nc2ccc(S(C)(=N)=O)cc2)ncc1Br)[C@H](C)O,,8.22,1,8.22,8.22,IC50,B,single protein format,single_protein,9,D,2013,,444.3550000000001,2.8258700000000014,120.22,4,8,8,2,2,0.375,0.4942706514004594
CHEMBL103355,CHEMBL103355,Cc1ccc(F)c(Nc2ccnc(Nc3ccc(S(N)(=O)=O)cc3)n2)c1,,8.22,1,8.22,8.22,IC50,B,single protein format,single_protein,8,H,2003,,373.4130000000001,3.05872,109.99999999999999,3,6,5,3,3,0.058823529411764705,0.6339672299548095
CHEMBL476993,CHEMBL476993,Cc1ncc(-c2nc(Nc3ccc(N4CCN(C(=O)CO)CC4)cc3)ncc2F)n1C(C)C,,8.22,1,8.22,8.22,IC50,B,single protein format,single_protein,8,H,2008,,453.5220000000002,2.753020000000001,99.41,2,7,6,4,3,0.391304347826087,0.5920661137706766
CHEMBL6020156,CHEMBL6020156,Cc1nc2c(F)cc(-c3nc(Nc4ccc5c(n4)CCN(C/C=N/O)C5)ncc3F)cc2n1C(C)C,,8.22,1,8.22,8.22,IC50,B,single protein format,single_protein,9,D,2020,,492.5340000000002,4.617520000000003,104.35000000000002,2,8,6,5,4,0.32,0.2299615536876176
CHEMBL359554,CHEMBL359554,c1ccc(Nc2nccc(-c3cnn4ncccc34)n2)cc1,,8.2,2,8.1,8.3,IC50;Ki,B,single protein format,single_protein,9,D,2004;2008,,288.314,2.929900000000001,68.0,1,5,3,4,4,0.0,0.6274849706440263
CHEMBL4562323,CHEMBL4562323,CC(C)c1cnn2c(NCc3ccccc3-n3cccn3)nc(OC3CCCNC3)nc12,,8.19,1,8.19,8.19,IC50,B,single protein format,single_protein,9,D,2019,,432.53200000000027,3.1763000000000012,94.19,2,7,7,5,4,0.391304347826087,0.46316119950663176
CHEMBL6002674,CHEMBL6002674,CNCCN1CCc2nc(Nc3ncc(F)c(-c4cc(F)c5nc(C)n(C(C)(C)C)c5c4)n3)ccc2C1,,8.18,1,8.18,8.18,IC50,B,single protein format,single_protein,9,D,2020,,506.6050000000003,4.551020000000004,83.79,2,7,6,5,4,0.4074074074074074,0.39694696561866505
CHEMBL4442620,CHEMBL4442620,C[C@@H](O)[C@@H](C)Oc1nc(Nc2ccc(S(=N)(=O)C3CC3)cc2)ncc1C(F)(F)F,RONICICLIB,8.175,2,8.05,8.3,IC50,B,cell-based format;single protein format,mixed,9,D,2020;2021,2,430.45200000000017,3.9551700000000025,108.19000000000001,3,7,7,3,2,0.4444444444444444,0.6137860935627715
CHEMBL410072,CHEMBL410072,CC(C)(CO)CNC(=O)c1ccc2c(c1)/C(=N/Nc1ccc(S(N)(=O)=O)cc1)C(=O)N2,GW301784X,8.17,1,8.17,8.17,IC50,B,single protein format,single_protein,8,H,2001,,445.5010000000002,0.8506,162.98,5,7,7,3,2,0.25,0.39674173794896994
CHEMBL2158843,CHEMBL2158843,NS(=O)(=O)c1cccc(Nc2nccc(-c3ccnc(NCCCO)c3)n2)c1,,8.17,1,8.17,8.17,IC50,B,single protein format,single_protein,8,H,2012,,400.46400000000017,1.7238999999999995,143.12,4,8,8,3,3,0.16666666666666666,0.4186051070280924
CHEMBL256558,CHEMBL256558,Cc1ccc(CC(=O)Nc2n[nH]c3ccc(N4CCCS4(=O)=O)cc23)cc1,,8.15,1,8.15,8.15,IC50,B,single protein format,single_protein,8,H,2008,,384.4610000000001,2.5924200000000006,95.16,2,4,4,4,3,0.2631578947368421,0.7227302525936138
CHEMBL268507,CHEMBL268507,COc1ccc(F)cc1C(=O)c1cnc(NC2CCN(S(C)(=O)=O)CC2)nc1N,,8.15,1,8.15,8.15,Ki,B,single protein format,single_protein,9,D,2006,,423.47000000000025,1.2733999999999999,127.50999999999999,2,8,6,3,2,0.3888888888888889,0.6652104234441504
CHEMBL360573,CHEMBL360573,CN(C)S(=O)(=O)c1ccc(Nc2cc(N[C@H]3CC[C@H](N)CC3)nc3c(C#N)cnn23)cc1,,8.15,1,8.15,8.15,IC50,B,single protein format,single_protein,9,D,2005,,454.5600000000003,2.27668,141.44000000000003,3,8,6,4,3,0.38095238095238093,0.5149544652831654
CHEMBL3084839,CHEMBL3084839,N[C@H]1CC[C@H](Nc2nc(Nc3ccccc3)c3ncn(C4CCCC4)c3n2)CC1,,8.15,1,8.15,8.15,IC50,B,single protein format,single_protein,9,D,2022,,391.5230000000003,4.366800000000003,93.67999999999999,3,6,5,5,3,0.5,0.5979845766906392
CHEMBL312726,CHEMBL312726,NCCCc1cc(-c2ccc[nH]2)c2c3c(ccc(F)c13)NC2=O,,8.15,1,8.15,8.15,IC50,B,single protein format,single_protein,8,H,2003,,309.34400000000005,3.431000000000001,70.91,3,2,4,4,3,0.16666666666666666,0.6907124064810023
CHEMBL495557,CHEMBL495557,CC(C)(C)c1cnc(CSc2cnc(N[C@H]3CC[C@H](O)CC3)s2)o1,,8.15,1,8.15,8.15,IC50,B,single protein format,single_protein,8,H,2008,,367.54000000000013,4.436300000000004,71.18,2,7,5,3,2,0.6470588235294118,0.7615796450540552
CHEMBL3648083,CHEMBL3648083,CN=S(C)(=O)c1ccc(Nc2ncc(Br)c(N[C@H](C)[C@H](C)O)n2)cc1,,8.15,1,8.15,8.15,IC50,B,single protein format,single_protein,9,D,2013,,428.3560000000001,3.2504000000000017,99.5,3,7,6,2,2,0.375,0.6534364899528865
CHEMBL150261,CHEMBL150261,N[C@H]1CC[C@H](Nc2nc(NCc3ccccc3)c3ncn(C4CCCC4)c3n2)CC1,,8.15,1,8.15,8.15,IC50,B,single protein format,single_protein,9,D,2022,,405.5500000000003,4.235300000000003,93.67999999999999,3,6,6,5,3,0.5217391304347826,0.5680044654674818
CHEMBL407709,CHEMBL407709,NS(=O)(=O)c1ccc(N/N=C2\C(=O)Nc3ccc4ncsc4c32)cc1,,8.15,1,8.15,8.15,IC50,B,single protein format,single_protein,8,H,2001,,373.4190000000001,1.712,126.54,3,7,3,4,3,0.0,0.6025252603067026
CHEMBL3648125,CHEMBL3648125,Cc1cc(Nc2ncc(Br)c(N[C@@H](C)C(C)(C)O)n2)ccc1S(C)(=N)=O,,8.15,1,8.15,8.15,IC50,B,single protein format,single_protein,9,D,2013,,442.38300000000015,3.897890000000002,110.99000000000001,4,7,6,2,2,0.4117647058823529,0.5402134058234348
CHEMBL402158,CHEMBL402158,O=C(Cc1cccc(Br)c1)Nc1n[nH]c2ccc(N3CCCS3(=O)=O)cc12,,8.15,1,8.15,8.15,IC50,B,single protein format,single_protein,8,H,2008,,449.33000000000027,3.046500000000001,95.16,2,4,4,4,3,0.2222222222222222,0.6403479757698541
CHEMBL3648094,CHEMBL3648094,CCS(=N)(=O)c1ccc(Nc2ncc(Br)c(N[C@H](COC)[C@H](C)O)n2)cc1,,8.15,1,8.15,8.15,IC50,B,single protein format,single_protein,9,D,2013,,458.3820000000001,3.2159700000000013,120.22000000000001,4,8,9,2,2,0.4117647058823529,0.4555039344116316
CHEMBL402370,CHEMBL402370,O=C(Cc1ccc(Br)cc1)Nc1n[nH]c2ccc(N3CCCS3(=O)=O)cc12,,8.15,1,8.15,8.15,IC50,B,single protein format,single_protein,8,H,2008,,449.33000000000027,3.046500000000001,95.16,2,4,4,4,3,0.2222222222222222,0.6403479757698541
CHEMBL23254,CHEMBL23254,CC(C)[C@H](CO)Nc1nc(Nc2ccc(C(=O)O)c(Cl)c2)c2ncn(C(C)C)c2n1,PURVALANOL B,8.135000000000002,2,8.05,8.22,IC50,B,single protein format,single_protein,9,D,1998,,432.9120000000001,3.9312000000000022,125.19000000000001,4,7,8,3,3,0.4,0.4215416660802581
CHEMBL5994315,CHEMBL5994315,Cc1nc2c(F)cc(-c3nc(Nc4ccc5c(n4)CCN(CC(=O)O)C5)ncc3F)cc2n1C(C)C,,8.13,1,8.13,8.13,IC50,B,single protein format,single_protein,9,D,2021,,493.51800000000026,4.2421200000000026,109.06,2,7,6,5,4,0.32,0.4105843024288564
CHEMBL5800538,CHEMBL5800538,Cc1nc2c(F)cc(-c3nc(Nc4ccc5c(n4)CCN(C(=O)O)C5)ncc3F)cc2n1C(C)C,,8.13,1,8.13,8.13,IC50,B,single protein format,single_protein,9,D,2020,,479.4910000000002,4.835520000000003,109.06,2,6,4,5,4,0.2916666666666667,0.4312556618068037
CHEMBL1964257,CHEMBL1964257,NS(=O)(=O)Cc1ccc(N/C=C2\C(=O)Nc3ccc4ncsc4c32)cc1,,8.12,1,8.12,8.12,IC50,B,single protein format,single_protein,8,H,2001,,386.4580000000001,2.4899000000000004,114.17999999999999,3,6,4,4,3,0.058823529411764705,0.5961793064851878
CHEMBL188938,CHEMBL188938,O=[N+]([O-])c1ccc(Nc2nccc(-c3cnn4ncccc34)n2)cc1,,8.11,2,7.7,8.52,IC50;Ki,B,single protein format,single_protein,9,D,2004;2008,,333.31100000000004,2.8381,111.14,1,7,4,4,4,0.0,0.45124866345835496
CHEMBL4756353,CHEMBL4756353,CN(C)C/C=C/C(=O)Nc1ccc(C(=O)Nc2ncc(SCc3ncc(C(C)(C)C)o3)s2)cc1,,8.11,1,8.11,8.11,IC50,B,single protein format,single_protein,9,D,2020,,499.66200000000026,5.029500000000004,100.36000000000001,2,8,9,3,3,0.3333333333333333,0.31454878967706673
CHEMBL3642650,CHEMBL3642650,Clc1ccccc1-c1cc(NCc2ccncc2)n2ncc(Br)c2n1,,8.11,2,8.0,8.22,IC50,B,single protein format,single_protein,9,D,2013,,414.6940000000001,4.819300000000003,55.11,1,4,4,4,4,0.05555555555555555,0.5200505625587005
CHEMBL488085,CHEMBL488085,Cc1ncc(-c2ccnc(Nc3ccc(C(=O)N(C)C)cc3)n2)n1C(C)C,,8.1,1,8.1,8.1,IC50,B,single protein format,single_protein,8,H,2008,,364.4530000000001,3.674820000000002,75.94,1,5,5,3,3,0.3,0.7473696279485287
CHEMBL334285,CHEMBL334285,O=C(Nc1cccc2c1C(=O)c1c(-c3ccc(C(=O)N4CCNCC4)s3)n[nH]c1-2)NN1CCOCC1,,8.1,1,8.1,8.1,IC50,B,single protein format,single_protein,9,D,2019,,507.5760000000003,1.7637000000000003,131.69,4,8,4,6,3,0.3333333333333333,0.3310275568077003
CHEMBL484571,CHEMBL484571,CN(C)CCNS(=O)(=O)c1ccc(Nc2nccc(-c3cnc4cccnn34)n2)cc1,,8.1,1,8.1,8.1,IC50,B,single protein format,single_protein,8,H,2008,,438.5170000000001,1.7697999999999996,117.41000000000001,2,8,8,4,4,0.2,0.4274257415585765
CHEMBL3648102,CHEMBL3648102,CC(O)C(C)Sc1nc(Nc2ccc(S(C)(=N)=O)cc2)ncc1Br,,8.1,1,8.1,8.1,IC50,B,single protein format,single_protein,9,D,2013,,431.3810000000001,3.879570000000002,98.96,3,7,6,2,2,0.3333333333333333,0.4743790550002358
CHEMBL520187,CHEMBL520187,COCCNS(=O)(=O)c1ccc(Nc2nccc(-c3cnc(C)n3C)n2)cc1,,8.1,1,8.1,8.1,IC50,B,single protein format,single_protein,8,H,2008,,402.48000000000013,1.8538199999999994,111.02999999999999,2,7,8,3,3,0.2777777777777778,0.5532491312460125
CHEMBL3648128,CHEMBL3648128,CC(C)(O)CSc1nc(Nc2ccc(S(C)(=N)=O)cc2)ncc1Br,,8.1,2,8.1,8.1,IC50,B,single protein format,single_protein,9,D,2013,,431.3810000000001,3.8811700000000027,98.96,3,7,6,2,2,0.3333333333333333,0.47435588549409313
CHEMBL485240,CHEMBL485240,CCCS(=O)(=O)c1ccc(Nc2nccc(-c3cnc(C)n3C(C)C)n2)cc1,,8.1,1,8.1,8.1,IC50,B,single protein format,single_protein,8,H,2008,,399.52000000000015,4.156720000000003,89.77,1,6,7,3,3,0.35,0.6416143519545244
CHEMBL1987034,CHEMBL1987034,N#CCOc1ccc(Nc2nc(Nc3cccc(S(N)(=O)=O)c3)ncc2Br)cc1,,8.1,1,8.1,8.1,Ki,F,assay format,other,8,H,,,475.3280000000001,3.276080000000001,143.01999999999998,3,8,7,3,3,0.05555555555555555,0.47258528619166695
CHEMBL3648082,CHEMBL3648082,COc1cc(Nc2ncc(Br)c(O[C@H](C)[C@H](C)O)n2)ccc1S(C)(=N)=O,,8.1,1,8.1,8.1,IC50,B,single protein format,single_protein,9,D,2013,,445.3390000000001,3.174870000000001,117.41999999999999,3,8,7,2,2,0.375,0.599318272988133
CHEMBL3648074,CHEMBL3648074,C[C@@H](Nc1nc(Nc2ccc(S(=N)(=O)C3CC3)cc2)ncc1Br)C(C)(C)O,,8.1,1,8.1,8.1,IC50,B,single protein format,single_protein,9,D,2013,,454.3940000000001,4.1220700000000035,110.99000000000001,4,7,7,3,2,0.4444444444444444,0.501002090924209
CHEMBL411425,CHEMBL411425,CCc1cccc2c1/C(=N/Nc1ccc(S(N)(=O)=O)cc1)C(=O)N2,,8.1,1,8.1,8.1,IC50,B,single protein format,single_protein,8,H,2001,,344.3960000000001,1.6646999999999996,113.64999999999998,3,5,4,3,2,0.125,0.7319543384136644
CHEMBL478828,CHEMBL478828,COc1ccc(Nc2nccc(-c3cnc(C)n3C(C)C)n2)cc1,,8.1,1,8.1,8.1,IC50,B,single protein format,single_protein,8,H,2008,,323.4000000000001,3.981620000000002,64.86,1,5,5,3,3,0.2777777777777778,0.7690894581317329
CHEMBL367150,CHEMBL367150,CN(C)S(=O)(=O)c1ccc(Nc2cc(N[C@H]3CC[C@H](N)CC3)nc3c(Cl)cnn23)cc1,,8.1,1,8.1,8.1,IC50,B,single protein format,single_protein,9,D,2005,,463.99500000000023,3.0584000000000016,117.65,3,7,6,4,3,0.4,0.5137284385124811
CHEMBL1986855,CHEMBL1986855,COc1ccc(CNc2cc(-c3c[nH]c4ncccc34)cc(F)n2)cc1,,8.1,1,8.1,8.1,Ki,F,assay format,other,8,H,,,348.3810000000001,4.384700000000002,62.83,2,4,5,4,4,0.1,0.5253463683945777
CHEMBL515001,CHEMBL515001,Cc1ncc(-c2nc(Nc3ccc(N4CCOCC4)cc3)ncc2F)n1C(C)C,,8.1,1,8.1,8.1,IC50,B,single protein format,single_protein,8,H,2008,,396.47,3.9487200000000033,68.1,1,6,5,4,3,0.38095238095238093,0.7043815287143901
CHEMBL187750,CHEMBL187750,Oc1ccc2c(-c3ccnc(Nc4cccc(C(F)(F)F)c4)n3)cnn2n1,,8.1,1,8.1,8.1,Ki,B,single protein format,single_protein,9,D,2004,,372.31,3.654300000000001,88.23,2,6,3,4,4,0.058823529411764705,0.5707093517709912
CHEMBL5794081,CHEMBL5794081,Cc1nc2c(F)cc(-c3nc(Nc4ccc5c(n4)CCN(CCC(N)NO)C5)ncc3F)cc2n1C(C)C,,8.07,1,8.07,8.07,IC50,B,single protein format,single_protein,9,D,2020,,523.5920000000002,3.8112200000000014,130.04000000000002,4,9,8,5,4,0.38461538461538464,0.20116589126821594
CHEMBL6020742,CHEMBL6020742,Cc1nc2c(F)cc(-c3nc(Nc4ccc5c(n4)CCN(CC(N)=NO)C5)ncc3F)cc2n1C(C)C,,8.07,1,8.07,8.07,IC50,B,single protein format,single_protein,9,D,2021,,507.54900000000026,3.903920000000001,130.37,3,8,6,5,4,0.32,0.15503625022636683
CHEMBL272165,CHEMBL272165,NS(=O)(=O)c1ccc(N/N=C2\C(=O)Nc3ccc(C(=O)NCc4ccncc4)cc32)cc1,GW300657X,8.05,1,8.05,8.05,IC50,B,single protein format,single_protein,8,H,2001,,450.4800000000002,1.4273000000000002,155.64,4,7,6,4,3,0.047619047619047616,0.41637318601094775
CHEMBL1234087,CHEMBL1234087,O=C1Nc2ccc(-c3cnco3)cc2/C1=C/Nc1ccc2c(c1)CS(=O)(=O)C2,,8.05,1,8.05,8.05,IC50,B,single protein format,single_protein,8,H,2001,,393.42400000000015,3.1751000000000014,101.29999999999998,2,6,3,5,3,0.1,0.6630099404928472
CHEMBL294884,CHEMBL294884,CNS(=O)(=O)c1ccc2c(c1)/C(=C/c1[nH]cc3c1CCNC3=O)C(=O)N2,,8.05,1,8.05,8.05,IC50,B,single protein format,single_protein,8,H,2003,,372.4060000000002,0.7013999999999998,120.16,4,4,3,4,2,0.17647058823529413,0.5929048683301487
CHEMBL5287128,CHEMBL5287128,C[C@@H](O)[C@@H](C)Nc1nc(Nc2ccc([S@](=N)(=O)C3CC3)cc2)ncc1C(F)(F)F,,8.05,1,8.05,8.05,IC50,B,single protein format,single_protein,9,D,2022,,429.46800000000013,3.9882700000000018,110.99,4,7,7,3,2,0.4444444444444444,0.5297233920285055
CHEMBL4282338,CHEMBL4282338,C[C@@H](O)[C@@H](C)Oc1nc(Nc2ccc([S@](=N)(=O)C3CC3)cc2)ncc1C(F)(F)F,,8.05,1,8.05,8.05,IC50,B,single protein format,single_protein,9,D,2017,,430.45200000000017,3.9551700000000025,108.19000000000001,3,7,7,3,2,0.4444444444444444,0.6137860935627715
CHEMBL255718,CHEMBL255718,O=C(Cc1ccc(O)cc1)Nc1n[nH]c2ccc(N3CCCS3(=O)=O)cc12,,8.05,1,8.05,8.05,IC50,B,single protein format,single_protein,8,H,2008,,386.4330000000002,1.9896,115.38999999999999,3,5,4,4,3,0.2222222222222222,0.6341968925681376
CHEMBL291324,CHEMBL291324,Nc1nc(N)c(N=O)c(=O)[nH]1,,8.05,1,8.05,8.05,IC50,B,single protein format,single_protein,8,H,2006,,155.11700000000002,-0.6678000000000004,127.21999999999997,3,6,1,1,1,0.0,0.46322299170423153
CHEMBL3775792,CHEMBL3775792,CC(C)c1n[nH]c2c(NCc3ccc(-c4ccccn4)cc3)nc(NCC(C)(C)O)nc12,,8.05,1,8.05,8.05,IC50,B,cell-based format,cell_based,9,D,2023,,431.54400000000015,4.333200000000003,111.64000000000001,4,7,8,4,4,0.3333333333333333,0.3283961635082809
CHEMBL254979,CHEMBL254979,O=C(Cc1ccc2ccccc2c1)Nc1n[nH]c2ccc(N3CCCS3(=O)=O)cc12,,8.05,1,8.05,8.05,IC50,B,single protein format,single_protein,8,H,2008,,420.49400000000026,3.4372000000000016,95.16,2,4,4,5,4,0.18181818181818182,0.5287172836626515
CHEMBL3648120,CHEMBL3648120,CCS(=N)(=O)c1ccc(Nc2ncc(Br)c(N[C@H](COC)[C@@H](C)O)n2)cc1,,8.05,1,8.05,8.05,IC50,B,single protein format,single_protein,9,D,2013,,458.3820000000001,3.2159700000000013,120.22000000000001,4,8,9,2,2,0.4117647058823529,0.4555039344116316
CHEMBL3648121,CHEMBL3648121,CCS(=N)(=O)c1ccc(Nc2ncc(Br)c(N[C@@H](COC)[C@H](C)O)n2)cc1,,8.05,1,8.05,8.05,IC50,B,single protein format,single_protein,9,D,2013,,458.3820000000001,3.2159700000000013,120.22000000000001,4,8,9,2,2,0.4117647058823529,0.4555039344116316
CHEMBL514690,CHEMBL514690,Cc1ncc(-c2ccnc(Nc3ccc(N4CCOCC4)cc3)n2)n1C(C)C,,8.05,1,8.05,8.05,IC50,B,single protein format,single_protein,8,H,2008,,378.48000000000013,3.8096200000000024,68.1,1,6,5,4,3,0.38095238095238093,0.7281249526931556
CHEMBL2158844,CHEMBL2158844,Clc1cccc(Nc2nccc(-c3ccnc(N4CCOCC4)c3)n2)c1,,8.05,1,8.05,8.05,IC50,B,single protein format,single_protein,8,H,2012,,367.8400000000002,3.7722000000000024,63.17,1,6,4,4,3,0.21052631578947367,0.7568817274967742
CHEMBL496785,CHEMBL496785,CC(C)(C)c1cnc(CSc2cnc(NC3CCCCC3)s2)o1,,8.05,1,8.05,8.05,IC50,B,single protein format,single_protein,8,H,2008,,351.54100000000017,5.465500000000005,50.95,1,6,5,3,2,0.6470588235294118,0.7243197079504871
CHEMBL3648084,CHEMBL3648084,CCOC(=O)N=S(C)(=O)c1ccc(Nc2ncc(Br)c(N[C@H](C)C(C)(C)O)n2)cc1,,8.05,1,8.05,8.05,IC50,B,single protein format,single_protein,9,D,2013,,500.41900000000015,4.167200000000003,125.8,3,8,7,2,2,0.42105263157894735,0.5174683851562759
CHEMBL58224,CHEMBL58224,O=C1Nc2cccc(C3CCNCC3)c2/C1=C/c1[nH]cc2c1CCOC2=O,,8.05,1,8.05,8.05,IC50,B,single protein format,single_protein,8,H,2003,,363.41700000000014,2.6873000000000014,83.22,3,4,2,5,2,0.3333333333333333,0.5658609365879624
CHEMBL3298418,CHEMBL3298418,Cc1cc(Nc2ncc3c(n2)CN(C(=O)N[C@H](C)c2ccc(Cl)c(Cl)c2)CC3)ccn1,,8.05,1,8.05,8.05,IC50,B,single protein format,single_protein,9,D,2014,,457.3650000000002,5.059320000000004,83.04,2,5,4,4,3,0.2727272727272727,0.5724959988494319
CHEMBL490480,CHEMBL490480,Cc1cc(CC(=O)Nc2cc(C3CC3)[nH]n2)ccc1-c1ccccc1,,8.05,2,8.05,8.05,IC50,B,single protein format,single_protein,8,H,2008,,331.41900000000004,4.443720000000003,57.78,2,2,5,4,3,0.23809523809523808,0.7257729754746979
CHEMBL455467,CHEMBL455467,Cc1ncc(-c2ccnc(Nc3ccc(C(=O)N4CCN(C)CC4)cc3)n2)n1C(C)C,,8.05,1,8.05,8.05,IC50,B,single protein format,single_protein,8,H,2008,,419.5330000000002,3.3606200000000017,79.18,1,6,5,4,3,0.391304347826087,0.6831880484436627
CHEMBL362560,CHEMBL362560,COc1ccc(-c2[nH]nc3c2C(=O)c2c(NC(=O)NNC(=O)c4ccc(O)cc4)cccc2-3)cc1,,8.05,1,8.05,8.05,IC50,B,single protein format,single_protein,8,H,2006,,469.45700000000016,3.4688000000000008,145.43999999999997,5,6,4,5,4,0.04,0.2549087875010039
CHEMBL508739,CHEMBL508739,Cc1cc(Nc2ncc(F)c(-c3cnc(C)n3C(C)C)n2)ccc1C(=O)N(C)C,,8.05,1,8.05,8.05,IC50,B,single protein format,single_protein,8,H,2008,,396.47000000000014,4.122340000000003,75.94,1,5,5,3,3,0.3333333333333333,0.7019886246269899
CHEMBL408210,CHEMBL408210,CCOC(=O)c1cccc2c1/C(=C/Nc1ccc(S(N)(=O)=O)cc1)C(=O)N2,,8.05,1,8.05,8.05,IC50,B,single protein format,single_protein,8,H,2001,,387.4170000000001,1.9158,127.58999999999997,3,6,5,3,2,0.1111111111111111,0.5311559737173941
CHEMBL103104,CHEMBL103104,NS(=O)(=O)c1ccc(Nc2cc(-c3cccc(O)c3)n[nH]2)cc1,GW831090X,8.04,1,8.04,8.04,IC50,B,single protein format,single_protein,8,H,2003,,330.36899999999997,2.1733000000000002,121.1,4,5,4,3,3,0.0,0.5839735311261713
CHEMBL272380,CHEMBL272380,NS(=O)(=O)c1ccc(N/N=C2\C(=O)Nc3cccc(/C=C/c4ccc(O)cc4)c32)cc1,,8.03,1,8.03,8.03,IC50,B,single protein format,single_protein,8,H,2001,,434.47700000000015,2.9783000000000017,133.88,4,6,5,4,3,0.0,0.36179687644367703
CHEMBL2112297,CHEMBL2112297,O=C1Nc2ccc3ncsc3c2/C1=C/Nc1ccc(S(=O)(=O)N[n+]2ccc3ccccc3c2)cc1,,8.02,1,8.02,8.02,IC50,B,single protein format,single_protein,8,H,2001,,500.58500000000015,4.074500000000002,104.07,3,6,5,6,5,0.0,0.24929763601952962
CHEMBL271952,CHEMBL271952,NS(=O)(=O)c1ccc(N/N=C2\C(=O)Nc3ccc4[nH]nnc4c32)cc1,,8.02,1,8.02,8.02,IC50,B,single protein format,single_protein,8,H,2001,,357.3550000000001,0.3735999999999998,155.21999999999997,4,7,3,4,3,0.0,0.49641962856228883
CHEMBL4788136,CHEMBL4788136,C=CC(=O)Nc1ccc(C(=O)N2CC[C@@H](Nc3ncc(SCc4ncc(C(C)(C)C)o4)s3)C2)cc1,,8.01,1,8.01,8.01,IC50,B,single protein format,single_protein,9,D,2020,,511.6730000000003,5.172000000000005,100.36000000000001,2,8,8,4,3,0.36,0.3177438952388173
CHEMBL3644032,CHEMBL3644032,C[C@@H](O)[C@@H](C)Oc1nc(Nc2ccc(S(=O)(=O)C3CC3)cc2)ncc1C(F)(F)F,,8.01,2,7.8,8.22,IC50,B,single protein format,single_protein,9,D,2014,,431.43600000000015,3.3232000000000017,101.41000000000001,2,7,7,3,2,0.4444444444444444,0.6934546685406945
CHEMBL1276446,CHEMBL1276446,O=C1Nc2ccc3ncsc3c2/C1=C/Nc1ccc(S(=O)(=O)Nc2ccccn2)cc1,,8.01,1,8.01,8.01,IC50,B,single protein format,single_protein,8,H,2001,,449.5170000000001,3.8972000000000016,113.08,3,7,5,5,4,0.0,0.3984641157851307
CHEMBL3644034,CHEMBL3644034,C[C@@H](Oc1nc(Nc2ccc(S(C)(=O)=O)cc2)ncc1C(F)(F)F)C(C)(C)O,,8.01,2,7.92,8.1,IC50,B,single protein format,single_protein,9,D,2014,,419.42500000000007,3.180700000000002,101.41,2,7,6,2,2,0.4117647058823529,0.7415142242771937
CHEMBL1992220,CHEMBL1992220,CCNC(=O)NC1CCC(Nc2nc(Cl)cc(-c3c[nH]c4ncccc34)n2)CC1,,8.0,1,8.0,8.0,Ki,F,assay format,other,8,H,,,413.9130000000002,3.7155000000000014,107.62,4,5,5,4,3,0.4,0.4766750920367528
CHEMBL255262,CHEMBL255262,O=C(Cc1cccc(F)c1)Nc1n[nH]c2ccc(N3CCCS3(=O)=O)cc12,,8.0,1,8.0,8.0,IC50,B,single protein format,single_protein,8,H,2008,,388.4240000000002,2.4231000000000007,95.16,2,4,4,4,3,0.2222222222222222,0.7175813852246646
CHEMBL1998159,CHEMBL1998159,Cc1n[nH]c2cnc(-c3cncc(OCC(N)Cc4cccc(C(F)(F)F)c4)c3)cc12,,8.0,1,8.0,8.0,Ki,F,assay format,other,8,H,,,427.43000000000006,4.295920000000002,89.71,2,5,6,4,4,0.22727272727272727,0.47903941275721845
CHEMBL102926,CHEMBL102926,Cc1nc2ccccn2c1-c1ccnc(Nc2ccc(OCC(O)CN(C)C)cc2)n1,,8.0,3,7.5,9.0,IC50,B,single protein format,single_protein,8,H,2003;2005;2006,,418.5010000000002,3.1446200000000015,87.81,2,7,8,4,4,0.2608695652173913,0.45444408336851766
CHEMBL402157,CHEMBL402157,O=C(Cc1ccc(Cl)cc1)Nc1n[nH]c2ccc(N3CCCS3(=O)=O)cc12,,8.0,1,8.0,8.0,IC50,B,single protein format,single_protein,8,H,2008,,404.87900000000025,2.937400000000001,95.16,2,4,4,4,3,0.2222222222222222,0.6984150681408504
CHEMBL257831,CHEMBL257831,CN(C)c1ccc(CC(=O)Nc2n[nH]c3ccc(N4CCCS4(=O)=O)cc23)cc1,,8.0,1,8.0,8.0,IC50,B,single protein format,single_protein,8,H,2008,,413.5030000000002,2.3500000000000005,98.4,2,5,5,4,3,0.3,0.6690681071283457
CHEMBL404504,CHEMBL404504,O=C(Cc1cccc(Cl)c1)Nc1n[nH]c2ccc(N3CCCS3(=O)=O)cc12,,8.0,1,8.0,8.0,IC50,B,single protein format,single_protein,8,H,2008,,404.87900000000025,2.937400000000001,95.16,2,4,4,4,3,0.2222222222222222,0.6984150681408504
CHEMBL403605,CHEMBL403605,Cc1cccc(CC(=O)Nc2n[nH]c3ccc(N4CCCS4(=O)=O)cc23)c1,,8.0,1,8.0,8.0,IC50,B,single protein format,single_protein,8,H,2008,,384.4610000000002,2.5924200000000006,95.16,2,4,4,4,3,0.2631578947368421,0.7227302525936136
CHEMBL178785,CHEMBL178785,CN(C)S(=O)(=O)c1ccc(Nc2cc(N[C@H]3CC[C@H](N)CC3)nc3c(Br)cnn23)cc1,,8.0,1,8.0,8.0,IC50,B,single protein format,single_protein,9,D,2005,,508.44600000000025,3.1675000000000013,117.65,3,7,6,4,3,0.4,0.4683105521045745
CHEMBL2103840,CHEMBL2103840,CCc1cnn2c(NCc3ccc[n+]([O-])c3)cc(N3CCCC[C@H]3CCO)nc12,DINACICLIB,8.0,7,7.05,9.0,IC50;Kd,B,cell-based format;single protein format;subcellular format,mixed,9,D,2016;2017;2021;2022;2023;2024,3,396.4950000000003,2.2785000000000006,92.63,2,6,7,4,3,0.47619047619047616,0.4701697526686685
CHEMBL365229,CHEMBL365229,FC(F)(F)c1cc(Br)cc(Nc2nccc(-c3cnn4ncccc34)n2)c1,,8.0,1,8.0,8.0,Ki,B,single protein format,single_protein,9,D,2004,,435.2070000000001,4.7112000000000025,68.0,1,5,3,4,4,0.058823529411764705,0.5050642640022348
CHEMBL415789,CHEMBL415789,CSc1ccc(CC(=O)Nc2n[nH]c3ccc(N4CCCS4(=O)=O)cc23)cc1,,8.0,1,8.0,8.0,IC50,B,single protein format,single_protein,8,H,2008,,416.52800000000025,3.0059000000000013,95.16,2,5,5,4,3,0.2631578947368421,0.6236398771942111
CHEMBL1171948,CHEMBL1171948,NC(=O)Cn1nc(C(N)=O)c2c1-c1nc(Nc3ccccc3)ncc1CC2,,8.0,1,8.0,8.0,IC50,B,single protein format,single_protein,8,H,2010,,363.38100000000014,0.7664999999999993,141.81,3,6,5,4,3,0.16666666666666666,0.6109594632651834
CHEMBL188665,CHEMBL188665,FC(F)(F)c1cc(Nc2nccc(-c3cnn4ncccc34)n2)ccc1Cl,,8.0,1,8.0,8.0,Ki,B,single protein format,single_protein,9,D,2004,,390.7560000000001,4.602100000000002,68.0,1,5,3,4,4,0.058823529411764705,0.5533163650004712
CHEMBL360206,CHEMBL360206,COc1cc(Nc2nccc(-c3cnn4ncccc34)n2)cc(C(F)(F)F)c1,,8.0,1,8.0,8.0,Ki,B,single protein format,single_protein,9,D,2004,,386.3370000000001,3.957300000000002,77.23,1,6,4,4,4,0.1111111111111111,0.572194227522789
CHEMBL359999,CHEMBL359999,COc1cc(Nc2nccc(-c3cnn4ncccc34)n2)cc(OC)c1,GW801372X,8.0,1,8.0,8.0,Ki,B,single protein format,single_protein,9,D,2004,,348.36600000000016,2.9471000000000007,86.46000000000001,1,7,5,4,4,0.1111111111111111,0.593174663044944
CHEMBL189455,CHEMBL189455,c1cnn2ncc(-c3ccnc(Nc4ccc5c(c4)OCO5)n3)c2c1,,8.0,1,8.0,8.0,Ki,B,single protein format,single_protein,9,D,2004,,332.3230000000001,2.6586000000000007,86.46000000000001,1,7,3,5,4,0.058823529411764705,0.6169489367504181
CHEMBL189963,CHEMBL189963,CC(=O)c1c(C)c2cnc(Nc3ccc(N4CCNCC4)cn3)nc2n(C2CCCC2)c1=O,PALBOCICLIB,8.0,1,8.0,8.0,IC50,B,single protein format,single_protein,8,H,2016,4,447.54300000000035,2.965820000000001,105.03999999999999,2,8,5,5,3,0.4583333333333333,0.5754108874418277
CHEMBL3648073,CHEMBL3648073,C[C@H](O)[C@@H](C)Oc1nc(Nc2ccc(S(C)(=N)=O)cc2)ncc1Br,,8.0,1,8.0,8.0,IC50,B,single protein format,single_protein,9,D,2013,,415.3130000000001,3.166270000000001,108.19000000000001,3,7,6,2,2,0.3333333333333333,0.6690364758072626
CHEMBL3354187,CHEMBL3354187,COC1CCN(c2nccc(Nc3cc4c(cn3)cc(-c3cn[nH]c3)n4C(C)C)n2)CC1,,8.0,1,8.0,8.0,IC50,B,single protein format,single_protein,9,D,2014,,432.5320000000002,4.156100000000003,96.78000000000002,2,7,6,5,4,0.391304347826087,0.4722013538464229
CHEMBL3298678,CHEMBL3298678,O=C(N[C@H](CO)c1ccc(Cl)c(F)c1)N1CCc2cnc(NC3CCOCC3)nc2C1,,8.0,1,8.0,8.0,IC50,B,single protein format,single_protein,9,D,2014,,449.9140000000003,2.6613000000000016,99.61000000000001,3,6,5,4,2,0.47619047619047616,0.648642023314942
CHEMBL319903,CHEMBL319903,NS(=O)(=O)c1ccc(Nc2cc(-c3ccc(Br)cc3)[nH]n2)cc1,,8.0,1,8.0,8.0,IC50,B,single protein format,single_protein,8,H,2003,,393.266,3.230200000000001,100.86999999999999,3,4,4,3,3,0.0,0.6335848099642242
CHEMBL409690,CHEMBL409690,NS(=O)(=O)c1ccc(N/N=C2\C(=O)Nc3ccc(O)cc32)cc1,,8.0,1,8.0,8.0,IC50,B,single protein format,single_protein,8,H,2001,,332.34100000000007,0.8079000000000001,133.88,4,6,3,3,2,0.0,0.48725051843722855
CHEMBL4173631,CHEMBL4173631,Cn1cc(-c2ccc(S(=O)(=O)N3CCC(Nc4ccc(C#N)cn4)CC3)cc2)cn1,,8.0,1,8.0,8.0,IC50,B,single protein format,single_protein,9,D,2022,,422.5140000000001,2.6189800000000005,103.91,1,6,5,4,3,0.2857142857142857,0.6778242997276559
CHEMBL3655762,CHEMBL3655762,CC[C@H](Nc1nc(NCc2cnc(C)cc2C)c2ncn(C(C)C)c2n1)[C@@H](C)O,CYC-065,8.0,4,7.05,8.35,IC50,B,single protein format,single_protein,9,D,2013;2022;2024,2,397.5270000000001,3.6024400000000028,100.78,3,7,8,3,3,0.5238095238095238,0.5337135031905841
CHEMBL5774332,CHEMBL5774332,Cc1nc2c(F)cc(-c3nc(Nc4ccc5c(n4)CCN(C[C@@H]4CN(C)CCO4)C5)ncc3F)cc2n1C(C)(C)C,,7.99,1,7.99,7.99,IC50,B,single protein format,single_protein,9,D,2020,,562.6690000000002,4.662220000000004,84.23000000000002,1,8,5,6,4,0.4666666666666667,0.37613568024478805
CHEMBL5886747,CHEMBL5886747,Cc1nc2c(F)cc(-c3nc(Nc4ccc5c(n4)CCNC5)ncc3F)cc2n1C1(C)CC1,,7.99,1,7.99,7.99,IC50,B,single protein format,single_protein,9,D,2020,,447.4930000000002,4.3732200000000025,80.55000000000001,2,6,4,6,4,0.3333333333333333,0.4835634293555472
CHEMBL6017199,CHEMBL6017199,COC(=O)C(=O)N1CCc2nc(Nc3ncc(F)c(-c4cc(F)c5nc(C)n(C(C)C)c5c4)n3)ccc2C1,,7.98,1,7.98,7.98,IC50,B,single protein format,single_protein,9,D,2020,,521.5280000000002,3.8571200000000028,115.13000000000001,1,8,4,5,4,0.3076923076923077,0.31812191370491
CHEMBL319103,CHEMBL319103,NS(=O)(=O)c1ccc(Nc2cc(-c3cccc(NS(=O)(=O)c4ccccc4)c3)[nH]n2)cc1,,7.97,1,7.97,7.97,IC50,B,single protein format,single_protein,8,H,2003,,469.54800000000006,3.2685000000000013,147.03999999999996,4,6,7,4,4,0.0,0.326569434673191
CHEMBL421578,CHEMBL421578,CS(=O)(=O)Nc1cccc(-c2cc(Nc3ccc(S(N)(=O)=O)cc3)[nH]n2)c1,,7.97,1,7.97,7.97,IC50,B,single protein format,single_protein,8,H,2003,,407.47700000000015,1.8391999999999997,147.03999999999996,4,6,6,3,3,0.0625,0.49008589751491033
CHEMBL4641226,CHEMBL4641226,C=CC(=O)N1CCC(C(=O)Nc2ncc(SCc3ncc(C(C)(C)C)o3)s2)CC1,,7.97,1,7.97,7.97,IC50,B,single protein format,single_protein,9,D,2020,,434.5870000000003,4.084000000000003,88.33,1,7,6,3,2,0.5,0.5442759333657011
CHEMBL181114,CHEMBL181114,N[C@H]1CC[C@H](Nc2cc(Nc3ccc(S(=O)(=O)c4cccs4)cc3)n3ncc(Cl)c3n2)CC1,,7.96,1,7.96,7.96,IC50,B,single protein format,single_protein,9,D,2005,,503.0530000000002,4.7024000000000035,114.41,3,8,6,5,4,0.2727272727272727,0.34970647293989743
CHEMBL3298982,CHEMBL3298982,O=C(N[C@H](CO)c1ccc(Cl)c(Cl)c1)N1CCc2cnc(NC3CCOCC3)nc2C1,,7.96,1,7.96,7.96,IC50,B,single protein format,single_protein,9,D,2014,,466.36900000000037,3.175600000000002,99.61000000000001,3,6,5,4,2,0.47619047619047616,0.626309852011019
CHEMBL3642647,CHEMBL3642647,Fc1ccccc1-c1cc(NCc2cccnc2)n2ncc(Br)c2n1,,7.96,1,7.96,7.96,IC50,B,single protein format,single_protein,9,D,2013,,398.23900000000003,4.305000000000002,55.11,1,4,4,4,4,0.05555555555555555,0.5569750099011301
CHEMBL3644023,CHEMBL3644023,C=CCS(=O)(=O)c1ccc(Nc2ncc(C(F)(F)F)c(O[C@H](C)C(C)(C)O)n2)cc1,,7.96,1,7.96,7.96,IC50,B,single protein format,single_protein,9,D,2014,,445.46300000000014,3.736900000000002,101.41000000000001,2,7,8,2,2,0.3684210526315789,0.5971275435976907
CHEMBL273060,CHEMBL273060,NS(=O)(=O)c1ccc(N/N=C2\C(=O)Nc3ccc(I)cc32)cc1,,7.96,1,7.96,7.96,IC50,B,single protein format,single_protein,8,H,2001,,442.23800000000006,1.7069,113.65,3,5,3,3,2,0.0,0.4962457864938375
CHEMBL4644893,CHEMBL4644893,C=CC(=O)Nc1ccc(C(=O)N2CCCC(C(=O)Nc3ncc(SCc4ncc(C(C)(C)C)o4)s3)C2)cc1,,7.96,1,7.96,7.96,IC50,B,single protein format,single_protein,9,D,2020,,553.7100000000002,5.336300000000005,117.43,2,8,8,4,3,0.37037037037037035,0.2857207737844555
CHEMBL484738,CHEMBL484738,Cc1ncc(-c2ccnc(Nc3ccc(S(N)(=O)=O)cc3)n2)n1C,,7.96,1,7.96,7.96,IC50,B,single protein format,single_protein,8,H,2008,,344.4000000000001,1.57652,115.78999999999999,2,6,4,3,3,0.13333333333333333,0.7420988666446705
CHEMBL453895,CHEMBL453895,Cc1ncc(-c2ccnc(Nc3ccc(C(=O)NC4CCN(C)CC4)c(F)c3)n2)n1C(C)C,,7.96,1,7.96,7.96,IC50,B,single protein format,single_protein,8,H,2008,,451.5500000000003,3.9361200000000025,87.97,2,6,6,4,3,0.4166666666666667,0.5903806174715605
CHEMBL3648089,CHEMBL3648089,CCOC(=O)N=S(=O)(CC)c1ccc(Nc2ncc(Br)c(N[C@H](C)[C@H](C)O)n2)cc1,,7.96,1,7.96,7.96,IC50,B,single protein format,single_protein,9,D,2013,,500.4190000000001,4.167200000000003,125.8,3,8,8,2,2,0.42105263157894735,0.49335639736096787
CHEMBL3648104,CHEMBL3648104,CC(Sc1nc(Nc2ccc(S(C)(=N)=O)cc2)ncc1Br)C(C)(C)O,,7.96,1,7.96,7.96,IC50,B,single protein format,single_protein,9,D,2013,,445.40800000000013,4.269670000000003,98.96000000000001,3,7,6,2,2,0.375,0.45381834610656996
CHEMBL5416114,CHEMBL5499107,N[C@H]1CCN(c2c3c(nc4ccc(-c5ccnc(NC(=O)C6CC6)n5)cc24)CCCCC3)C1,,7.94,1,7.94,7.94,IC50,B,single protein format,single_protein,9,D,2024,,442.56700000000046,3.846600000000003,97.02999999999999,2,6,4,6,3,0.46153846153846156,0.5959772518939848
CHEMBL4777844,CHEMBL4777844,CN(C)C/C=C/C(=O)N1CCC(C(=O)Nc2ncc(SCc3ncc(C(C)(C)C)o3)s2)CC1,,7.94,1,7.94,7.94,IC50,B,single protein format,single_protein,9,D,2020,,491.68300000000033,4.015800000000003,91.57000000000001,1,8,8,3,2,0.5652173913043478,0.44048541633810606
CHEMBL3648123,CHEMBL3648123,CCS(=N)(=O)c1ccc(Nc2ncc(Br)c(N[C@H](C)C(C)(C)O)n2)cc1,,7.9350000000000005,2,7.57,8.3,IC50,B,single protein format,single_protein,9,D,2013,,442.3830000000001,3.9795700000000025,110.99000000000001,4,7,7,2,2,0.4117647058823529,0.5163744336324644
CHEMBL3298310,CHEMBL3298310,CC[C@@H](NC(=O)N1CCc2cnc(N[C@@H](C)CO)nc2C1)c1ccc(Cl)c(Cl)c1,,7.92,1,7.92,7.92,IC50,B,single protein format,single_protein,9,D,2014,,438.35900000000015,3.7951000000000024,90.38000000000001,3,5,6,3,2,0.45,0.638613158336899
CHEMBL260103,CHEMBL260103,COc1ccc2c(c1)/C(=N/Nc1ccc(S(N)(=O)=O)cc1)C(=O)N2,,7.92,1,7.92,7.92,IC50,B,single protein format,single_protein,8,H,2001,,346.36800000000005,1.1108999999999998,122.88,3,6,4,3,2,0.06666666666666667,0.7157558395277016
CHEMBL311992,CHEMBL311992,NCCOc1cc(-c2ccc[nH]2)c2c3c(ccc(F)c13)NC2=O,,7.92,1,7.92,7.92,IC50,B,single protein format,single_protein,8,H,2003,,311.31600000000003,2.8772,80.14,3,3,4,4,3,0.11764705882352941,0.6928572129498723
CHEMBL432491,CHEMBL432491,NS(=O)(=O)c1ccc2c(c1)/C(=C/c1[nH]cc3c1CCOC3=O)C(=O)N2,,7.92,1,7.92,7.92,IC50,B,single protein format,single_protein,8,H,2003,,359.36300000000017,0.8676999999999999,131.35,3,5,2,4,2,0.125,0.5406502011986172
CHEMBL411865,CHEMBL411865,NS(=O)(=O)c1ccc(N/N=C2\C(=O)Nc3cccc(CCc4ccc(O)cc4)c32)cc1,,7.92,1,7.92,7.92,IC50,B,single protein format,single_protein,8,H,2001,,436.4930000000002,2.5931000000000006,133.88,4,6,6,4,3,0.09090909090909091,0.44081363418432884
CHEMBL3644027,CHEMBL3644027,COC[C@@H](C)Oc1nc(Nc2ccc(S(C)(=O)=O)cc2)ncc1C(F)(F)F,,7.92,1,7.92,7.92,IC50,B,single protein format,single_protein,9,D,2014,,405.3980000000001,3.0562000000000014,90.41000000000001,1,7,7,2,2,0.375,0.7571002044951155
CHEMBL309573,CHEMBL309573,COCCNS(=O)(=O)c1ccc(Nc2nccc(-c3cnc4ccccn34)n2)cc1,,7.92,1,7.92,7.92,IC50,B,single protein format,single_protein,8,H,2004,,424.4860000000001,2.4596,110.50999999999999,2,7,8,4,4,0.15,0.4181030619162037
CHEMBL3648085,CHEMBL3648085,CCOC(=O)N=S(C)(=O)c1ccc(Nc2ncc(Br)c(N[C@H](C)[C@H](C)O)n2)cc1,,7.92,1,7.92,7.92,IC50,B,single protein format,single_protein,9,D,2013,,486.3920000000001,3.7771000000000026,125.8,3,8,7,2,2,0.3888888888888889,0.5401119766796807
CHEMBL4569508,CHEMBL4569508,O=C(NCC(F)(F)F)c1cc(-c2cnn3cc(-c4ccc(OCCN5CCCCC5)cc4)cnc23)cs1,,7.92,1,7.92,7.92,IC50,B,assay format,other,9,D,2016,,529.5880000000004,5.2816000000000045,71.76000000000002,1,6,8,5,4,0.34615384615384615,0.33631040466497225
CHEMBL3644021,CHEMBL3644021,C[C@@H](O)[C@@H](C)Oc1nc(Nc2ccc(S(=O)(=O)C(F)F)cc2)ncc1C(F)(F)F,,7.92,1,7.92,7.92,IC50,B,single protein format,single_protein,9,D,2014,,441.37800000000004,3.3834000000000017,101.41000000000001,2,7,7,2,2,0.375,0.635480721208672
CHEMBL4758168,CHEMBL4758168,CN(C)C/C=C/C(=O)Nc1ccc(C(=O)N2CC[C@@H](Nc3ncc(SCc4ncc(C(C)(C)C)o4)s3)C2)cc1,,7.92,1,7.92,7.92,IC50,B,single protein format,single_protein,9,D,2020,,568.7690000000001,5.103800000000005,103.60000000000001,2,9,10,4,3,0.42857142857142855,0.25714311471545326
CHEMBL456963,CHEMBL456963,O=C(NC1CCCCC1)c1n[nH]cc1NC(=O)c1c(F)cccc1F,,7.92,1,7.92,7.92,IC50,B,single protein format,single_protein,8,H,2008,,348.35300000000007,3.002700000000001,86.88,3,3,4,3,2,0.35294117647058826,0.7937123102429329
CHEMBL272028,CHEMBL272028,NS(=O)(=O)c1ccc(N/N=C2\C(=O)Nc3ccc(C(=O)NCCc4c[nH]cn4)cc32)cc1,GW300660X,7.92,1,7.92,7.92,IC50,B,single protein format,single_protein,8,H,2001,,453.4840000000002,0.7979000000000005,171.43,5,7,7,4,3,0.1,0.3310765003776643
CHEMBL82767,CHEMBL82767,NCCNc1cc(-c2ccc[nH]2)c2c3c(ccc(F)c13)NC2=O,,7.92,1,7.92,7.92,IC50,B,single protein format,single_protein,8,H,2003,,310.33200000000005,2.9103000000000003,82.94,4,3,4,4,3,0.11764705882352941,0.5977563145802608
CHEMBL1171949,CHEMBL1171949,NC(=O)c1nn(CC2CCNCC2)c2c1CCc1cnc(Nc3ccccc3)nc1-2,,7.92,1,7.92,7.92,IC50,B,single protein format,single_protein,8,H,2010,,403.49,2.2807999999999993,110.75,3,6,5,5,3,0.36363636363636365,0.6027560879625532
CHEMBL1081263,CHEMBL1081263,N[C@H](CNc1ncc(-c2ccc3cnccc3c2)s1)Cc1ccc(C(F)(F)F)cc1,,7.91,1,7.91,7.91,IC50,B,single protein format,single_protein,8,H,2010,,428.4830000000001,5.359000000000003,63.83,2,5,6,4,4,0.18181818181818182,0.43404816023913806
CHEMBL103115,CHEMBL103115,NS(=O)(=O)c1ccc(Nc2cc(-c3ccc(O)c(F)c3)n[nH]2)cc1,GW831091X,7.9,1,7.9,7.9,IC50,B,single protein format,single_protein,8,H,2003,,348.359,2.3124000000000002,121.1,4,5,4,3,3,0.0,0.5763832050082328
CHEMBL1986943,CHEMBL1986943,OC1CCC(Nc2nc(Cl)cc(-c3c[nH]c4ncccc34)n2)CC1,,7.9,2,7.9,7.9,Ki,F,assay format,other,8,H,,,343.81800000000015,3.388700000000001,86.72,3,5,3,4,3,0.35294117647058826,0.6344614746232909
CHEMBL1995813,CHEMBL1995813,NC1CCCCC1Nc1nccc(-c2c[nH]c3ncccc23)n1,,7.9,1,7.9,7.9,Ki,F,assay format,other,8,H,,,308.38900000000007,2.7017000000000007,92.50999999999999,3,5,3,4,3,0.35294117647058826,0.6915740910440962
CHEMBL1991078,CHEMBL1991078,COc1ccc(C(=O)Nc2n[nH]c3ccc(-c4cn(Cc5ccccc5)nn4)cc23)cc1OC,,7.9,1,7.9,7.9,Ki,F,assay format,other,8,H,,,454.49000000000024,4.139200000000002,106.95,2,6,7,5,5,0.12,0.3828056283427196
CHEMBL1990162,CHEMBL1990162,N#Cc1ccc(C(=O)Nc2n[nH]c3ccc(-c4cn(Cc5ccccc5)nn4)cc23)cc1,,7.9,1,7.9,7.9,Ki,F,assay format,other,8,H,,,419.44800000000015,3.9936800000000012,112.28,2,5,5,5,5,0.041666666666666664,0.4472146379732988
CHEMBL1966204,CHEMBL1966204,O=C(Nc1n[nH]c2ccc(-c3cn(Cc4ccccc4)nn3)cc12)c1ccc(F)cc1,,7.9,1,7.9,7.9,Ki,F,assay format,other,8,H,,,412.4280000000001,4.2611000000000026,88.49,2,4,5,5,5,0.043478260869565216,0.45144471741018855
CHEMBL592030,CHEMBL592030,NCCCn1cc(-c2cc(-c3cc4ccccc4s3)c3[nH]ncc3c2)c2nc(N)ncc21,,7.9,1,7.9,7.9,Ki,F,assay format,other,8,H,,,439.5480000000001,4.787300000000003,111.42999999999999,3,6,5,6,6,0.125,0.357630628910453
CHEMBL148580,CHEMBL148580,COc1ccc(-c2[nH]nc3c2C(=O)c2c(NC(=O)CN4CCN(C(=N)N)CC4)cccc2-3)cc1,,7.89,1,7.89,7.89,IC50,B,single protein format,single_protein,9,D,2019,,459.5100000000002,1.7462699999999998,140.42999999999998,4,6,5,5,3,0.25,0.2631935616938283
CHEMBL515839,CHEMBL515839,Cc1ncc(-c2ccnc(Nc3ccc(S(=O)(=O)CC4CCCO4)cc3)n2)n1C(C)C,,7.89,1,7.89,7.89,IC50,B,single protein format,single_protein,8,H,2008,,441.5570000000003,3.9257200000000028,99.0,1,7,7,4,3,0.4090909090909091,0.5930193198165792
CHEMBL409104,CHEMBL409104,NS(=O)(=O)c1ccc(N/N=C2\C(=O)Nc3cccc(Oc4ccccc4)c32)cc1,,7.89,1,7.89,7.89,IC50,B,single protein format,single_protein,8,H,2001,,408.43900000000014,2.8946000000000014,122.88000000000001,3,6,5,4,3,0.0,0.5603376011368469
CHEMBL1944698,CHEMBL1944698,CN1C/C=C/CCOc2cccc(c2)-c2ccnc(n2)Nc2cccc(c2)C1,ZOTIRACICLIB,7.89,5,6.61,8.52,IC50;Kd,B,cell-based format;single protein format;subcellular format,mixed,9,D,2012;2016;2017;2020;2024,2,372.4720000000001,4.657700000000004,50.28,1,5,0,4,3,0.21739130434782608,0.5818841653795377
CHEMBL411490,CHEMBL411490,Cc1ccc2c(c1Cl)/C(=N/Nc1ccc(S(N)(=O)=O)cc1)C(=O)N2,,7.89,1,7.89,7.89,IC50,B,single protein format,single_protein,8,H,2001,,364.81400000000014,2.0641199999999995,113.64999999999998,3,5,3,3,2,0.06666666666666667,0.7230480158554613
CHEMBL1964258,CHEMBL1964258,O=C1Nc2ccc3ncsc3c2/C1=C/Nc1ccc(CS(=O)(=O)NCCO)cc1,,7.89,1,7.89,7.89,IC50,B,single protein format,single_protein,8,H,2001,,430.5110000000002,2.1131,120.42,4,7,7,4,3,0.15789473684210525,0.42628161566529277
CHEMBL405145,CHEMBL405145,O=C(Nc1n[nH]c2nc(-c3ccc(O)cc3)ccc12)C1CC1,,7.89,1,7.89,7.89,IC50,B,single protein format,single_protein,8,H,2003,,294.31400000000014,2.6790000000000003,90.9,3,4,3,4,3,0.1875,0.6923200521171139
CHEMBL385733,CHEMBL385733,COc1cccc(F)c1C(=O)c1cnc(NC2CCN(S(C)(=O)=O)CC2)nc1N,,7.89,1,7.89,7.89,Ki,B,single protein format,single_protein,9,D,2006,,423.47000000000025,1.2733999999999996,127.50999999999999,2,8,6,3,2,0.3888888888888889,0.6652104234441504
CHEMBL3298984,CHEMBL3298984,C[C@@H](NC(=O)N1CCc2cnc(NC3CCOCC3)nc2C1)c1ccc(Cl)c(F)c1,,7.89,1,7.89,7.89,IC50,B,single protein format,single_protein,9,D,2014,,433.9150000000002,3.688900000000003,79.38000000000001,2,5,4,4,2,0.47619047619047616,0.7683215924887469
CHEMBL272833,CHEMBL272833,NS(=O)(=O)c1ccc(N/N=C2\C(=O)Nc3ccc4[nH]ncc4c32)cc1,,7.89,1,7.89,7.89,IC50,B,single protein format,single_protein,8,H,2001,,356.3670000000001,0.9785999999999999,142.32999999999998,4,6,3,4,3,0.0,0.5174120794874837
CHEMBL5267773,CHEMBL5267773,Cc1c(C(=O)NCCc2ccc(N3CCCC3C)cc2)[nH]c2ccc(Cl)cc12,,7.89,1,7.89,7.89,IC50,B,single protein format,single_protein,9,D,2023,,395.934,5.090920000000004,48.13,2,2,5,4,3,0.34782608695652173,0.6315958332913318
CHEMBL3298309,CHEMBL3298309,CC[C@@H](NC(=O)N1CCc2cnc(N[C@@H](C)CO)nc2C1)c1ccc(F)c(F)c1,,7.89,1,7.89,7.89,IC50,B,single protein format,single_protein,9,D,2014,,405.4490000000001,2.7665000000000015,90.38000000000001,3,5,6,3,2,0.45,0.6876408524696421
CHEMBL473631,CHEMBL473631,CN1CCN(c2cccc3[nH]c(-c4n[nH]c5cc(-c6ccc(O)cc6)ccc45)nc23)CC1,,7.88,1,7.88,7.88,IC50,B,single protein format,single_protein,9,D,2009,,424.50800000000015,4.230600000000003,84.07,3,5,3,6,5,0.2,0.40366813833752924
CHEMBL5979303,CHEMBL5979303,Cc1nc2c(F)cc(-c3nc(Nc4ccc5c(n4)CCN(CCS(C)(=O)=O)C5)ncc3F)cc2n1C(C)(C)C,,7.88,1,7.88,7.88,IC50,B,single protein format,single_protein,9,D,2020,,555.6550000000002,4.3762200000000036,105.9,1,8,6,5,4,0.4074074074074074,0.373868502960316
CHEMBL5844694,CHEMBL5844694,Cc1nc2c(F)cc(-c3nc(Nc4ccc5c(n4)CCN(C(=O)CCO)C5)ncc3F)cc2n1C(C)C,,7.87,1,7.87,7.87,IC50,B,single protein format,single_protein,9,D,2020,,507.5450000000003,4.066520000000002,109.06,2,7,6,5,4,0.34615384615384615,0.4050182412136735
CHEMBL4213219,CHEMBL4213219,Cc1nc2c(F)cc(-c3nc(Nc4ccc5c(n4)CCN(C(=O)CO)C5)ncc3F)cc2n1C(C)C,,7.87,1,7.87,7.87,IC50,B,single protein format,single_protein,9,D,2020,,493.51800000000026,3.676420000000002,109.06,2,7,5,5,4,0.32,0.43659667175484923
CHEMBL454645,CHEMBL454645,CC1CCC(C(=O)Nc2ncc(SCc3ncc(C(C)(C)C)o3)s2)CN1,,7.85,1,7.85,7.85,IC50,B,single protein format,single_protein,8,H,2008,,394.56600000000014,4.047500000000003,80.05000000000001,2,7,5,3,2,0.6111111111111112,0.7449735754808501
CHEMBL3648093,CHEMBL3648093,CCOC(=O)N=S(C)(=O)c1ccc(Nc2ncc(Br)c(O[C@H](C)[C@H](C)O)n2)cc1,,7.85,1,7.85,7.85,IC50,B,single protein format,single_protein,9,D,2013,,487.37600000000015,3.7440000000000024,123.0,2,8,7,2,2,0.3888888888888889,0.6056913598888168
CHEMBL83369,CHEMBL83369,O=C1Nc2ccc(F)c3c(SCCO)cc(-c4ccc[nH]4)c1c23,,7.85,1,7.85,7.85,IC50,B,single protein format,single_protein,8,H,2003,,328.368,3.624100000000001,65.12,3,3,4,4,3,0.11764705882352941,0.6409322369733275
CHEMBL515854,CHEMBL515854,COCCS(=O)(=O)c1ccc(Nc2nccc(-c3cnc(C)n3C(C)C)n2)cc1,,7.85,1,7.85,7.85,IC50,B,single protein format,single_protein,8,H,2008,,415.5190000000002,3.3931200000000024,99.00000000000001,1,7,8,3,3,0.35,0.6018579801981552
CHEMBL6004741,CHEMBL6004741,Cc1nc2c(F)cc(-c3nc(Nc4ccc5c(n4)CCN(CC=NO)C5)ncc3F)cc2n1C(C)C,,7.85,1,7.85,7.85,IC50,B,single protein format,single_protein,9,D,2021,,492.5340000000002,4.617520000000003,104.35000000000002,2,8,6,5,4,0.32,0.2299615536876176
CHEMBL6026840,CHEMBL6026840,Cc1nc2c(F)cc(-c3nc(Nc4ccc5c(n4)CCN(CC=NO)C5)ncc3F)cc2n1C(C)(C)C,,7.85,1,7.85,7.85,IC50,B,single protein format,single_protein,9,D,2020,,506.56100000000026,4.7916200000000035,104.35000000000002,2,8,5,5,4,0.34615384615384615,0.22780046100867574
CHEMBL424696,CHEMBL424696,c1ccc(Nc2ncc(-c3ccnc(OC4CCCCC4)n3)s2)nc1,,7.85,1,7.85,7.85,IC50,B,single protein format,single_protein,9,D,2006,,353.4510000000001,4.450200000000002,72.82000000000001,1,7,5,4,3,0.3333333333333333,0.7303910842593023
CHEMBL391229,CHEMBL391229,O=C1Nc2ccc3ncsc3c2/C1=C/Nc1ccc2c(c1)CS(=O)(=O)C2,,7.85,1,7.85,7.85,IC50,B,single protein format,single_protein,8,H,2001,,383.4540000000002,3.1298000000000012,88.16,2,6,2,5,3,0.1111111111111111,0.6639935517689236
CHEMBL556881,CHEMBL556881,Cn1nc(C(N)=O)c2c1-c1nc(Nc3ccc(N4CCOCC4)cc3)ncc1CC2,,7.85,1,7.85,7.85,IC50,B,single protein format,single_protein,8,H,2009,,405.4620000000003,1.654799999999999,111.19000000000001,2,7,4,5,3,0.3333333333333333,0.6788769224697007
CHEMBL402759,CHEMBL402759,O=C(Cc1ccc(-c2ccccc2)cc1)Nc1n[nH]c2ccc(N3CCCS3(=O)=O)cc12,,7.85,1,7.85,7.85,IC50,B,single protein format,single_protein,8,H,2008,,446.5320000000003,3.9510000000000023,95.16,2,4,5,5,4,0.16666666666666666,0.48525732975638586
CHEMBL5830076,CHEMBL5830076,Cc1nc2c(F)cc(-c3nc(Nc4ccc5c(n4)CCN(C(=O)CCN(C)C)C5)ncc3F)cc2n1C(C)(C)C,,7.84,1,7.84,7.84,IC50,B,single protein format,single_protein,9,D,2020,,548.6420000000003,4.809920000000004,92.07,1,7,6,5,4,0.41379310344827586,0.36976795391680817
CHEMBL5903034,CHEMBL5903034,Cc1nc2c(F)cc(-c3nc(Nc4ccc5c(n4)CCN(CCN(C)CB(O)O)C5)ncc3F)cc2n1C(C)C,,7.84,1,7.84,7.84,IC50,B,single protein format,single_protein,9,D,2021,,550.4230000000002,3.101320000000001,115.46000000000001,3,9,9,5,4,0.4074074074074074,0.2706149506661547
CHEMBL5964675,CHEMBL5964675,Cc1nc2c(F)cc(-c3nc(Nc4ccc5c(n4)CCN(C[C@H]4CNCCO4)C5)ncc3F)cc2n1C(C)(C)C,,7.84,1,7.84,7.84,IC50,B,single protein format,single_protein,9,D,2020,,548.6420000000003,4.320020000000003,93.02000000000001,2,8,5,6,4,0.4482758620689655,0.3811141762981239
CHEMBL4438497,CHEMBL4438497,Cc1nc2c(F)cc(-c3nc(Nc4ccc5c(n4)CCN(CCN(C)C(N)=S)C5)ncc3F)cc2n1C(C)C,,7.84,1,7.84,7.84,IC50,B,single protein format,single_protein,9,D,2020,,551.6710000000003,4.332920000000002,101.02000000000001,2,7,7,5,4,0.37037037037037035,0.32509218415051894
CHEMBL5897984,CHEMBL5897984,Cc1nc2c(F)cc(-c3nc(Nc4ccc5c(n4)CCN(C[C@H]4CNCCO4)C5)ncc3F)cc2n1C(C)C,,7.84,1,7.84,7.84,IC50,B,single protein format,single_protein,9,D,2021,,534.6150000000002,4.145920000000003,93.02000000000001,2,8,6,6,4,0.42857142857142855,0.3813601001682339
CHEMBL3545083,CHEMBL3545083,COCCN1CCN(Cc2ccc(-c3n[nH]c4c3C(=O)c3c(NC(=O)NN5CCOCC5)cccc3-4)cc2)CC1,RGB-286638,7.83,2,7.14,8.52,IC50;Kd,B,single protein format;subcellular format,mixed,9,D,2017;2022,1,545.6440000000002,2.4208000000000007,115.06,3,8,8,6,3,0.41379310344827586,0.3093922698692974
CHEMBL5941698,CHEMBL5941698,C=C(CN1CCN(C)CC1)N1CCc2nc(Nc3ncc(F)c(-c4cc(F)c5nc(C)n(C6CCCC6)c5c4)n3)ccc2C1,,7.83,1,7.83,7.83,IC50,B,single protein format,single_protein,9,D,2020,,599.7340000000002,5.452820000000005,78.24,1,8,7,7,4,0.45454545454545453,0.30056073352618334
CHEMBL4206061,CHEMBL4206061,Cc1nc2c(F)cc(-c3nc(Nc4ccc5c(n4)CCN(C(=O)CN4CCN(C)CC4)C5)ncc3F)cc2n1C(C)C,,7.83,1,7.83,7.83,IC50,B,single protein format,single_protein,9,D,2021,,575.6680000000002,3.9315200000000026,95.31,1,8,6,6,4,0.43333333333333335,0.3697444687057151
CHEMBL411886,CHEMBL411886,NS(=O)(=O)c1ccc(N/N=C2\C(=O)Nc3ccc([N+](=O)[O-])cc32)cc1,,7.82,1,7.82,7.82,IC50,B,single protein format,single_protein,8,H,2001,,361.3390000000001,1.0105000000000002,156.79000000000002,3,7,4,3,2,0.0,0.5446109179369196
CHEMBL412091,CHEMBL412091,NS(=O)(=O)c1ccc(N/N=C2\C(=O)Nc3ccc(S(=O)(=O)O)cc32)cc1,,7.82,1,7.82,7.82,IC50,B,single protein format,single_protein,8,H,2001,,396.4060000000001,0.34900000000000037,168.01999999999998,4,7,4,3,2,0.0,0.426794276248174
CHEMBL485619,CHEMBL485619,COCCNS(=O)(=O)c1ccc(Nc2nccc(-c3cnc(C)n3CC(C)C)n2)cc1,,7.82,1,7.82,7.82,IC50,B,single protein format,single_protein,8,H,2008,,444.5610000000002,2.9728200000000014,111.02999999999999,2,7,10,3,3,0.38095238095238093,0.46252039555808594
CHEMBL265903,CHEMBL265903,CS(=O)(=O)N1CCC(Nc2ncc(C(=O)c3c(F)cccc3F)c(N)n2)CC1,,7.82,1,7.82,7.82,Ki,B,single protein format,single_protein,9,D,2006,,411.4340000000002,1.4039,118.28,2,7,5,3,2,0.35294117647058826,0.7141988637075148
CHEMBL264406,CHEMBL264406,CC(C)(C)n1nc(-c2cccc3ccccc23)c2c(N)ncnc21,,7.82,1,7.82,7.82,IC50,B,assay format,other,9,D,2005,,317.3960000000001,3.9837000000000025,69.62,1,4,1,4,4,0.21052631578947367,0.576208338553045
CHEMBL310529,CHEMBL310529,O=C1Nc2ccc(F)c3c(S(=O)(=O)CCO)cc(-c4ccc[nH]4)c1c23,,7.82,1,7.82,7.82,IC50,B,single protein format,single_protein,8,H,2003,,360.36600000000004,2.3057,99.25999999999999,3,4,4,4,3,0.11764705882352941,0.6647145232337475
CHEMBL1800464,CHEMBL1800464,Nc1nc(NC2CCCC2)cc(-c2cc(N3C[C@H](O)[C@@H](O)C3)ccc2O)n1,,7.82,1,7.82,7.82,IC50,B,single protein format,single_protein,8,H,2011,,371.4410000000001,1.3276999999999999,127.76,5,8,4,4,2,0.47368421052631576,0.5445242027977676
CHEMBL455194,CHEMBL455194,CC1CC(C(=O)Nc2ncc(SCc3ncc(C(C)(C)C)o3)s2)CCN1,,7.82,1,7.82,7.82,IC50,B,single protein format,single_protein,8,H,2008,,394.5660000000002,4.047500000000003,80.05000000000001,2,7,5,3,2,0.6111111111111112,0.74497357548085
CHEMBL5865665,CHEMBL5865665,Cc1nc2c(F)cc(-c3nc(Nc4ccc5c(n4)CCNC5)ncc3F)cc2n1C(C)C1CC1,,7.82,1,7.82,7.82,IC50,B,single protein format,single_protein,9,D,2020,,461.5200000000002,4.835220000000003,80.55000000000001,2,6,5,6,4,0.36,0.44297110954716357
CHEMBL5813772,CHEMBL5813772,Cc1nc2c(F)cc(-c3nc(Nc4ccc5c(n4)CCN(C)C5)ncc3F)cc2n1C(C)C,,7.81,1,7.81,7.81,IC50,B,single protein format,single_protein,9,D,2020,,449.5090000000002,4.787320000000003,71.76000000000002,1,6,4,5,4,0.3333333333333333,0.483195548078559
CHEMBL1081295,CHEMBL1081295,Nc1cc2cc(-c3cnc(NC[C@@H](N)Cc4ccc(C(F)(F)F)cc4)s3)ccc2cn1,,7.81,1,7.81,7.81,IC50,B,single protein format,single_protein,8,H,2010,,443.49800000000005,4.941200000000003,89.85,3,6,6,4,4,0.18181818181818182,0.39270941452357205
CHEMBL302449,CHEMBL302449,Cn1c2ccccc2c2c3c(c4c5ccccc5n(CCC#N)c4c21)CNC3=O,GO-6976,7.8,1,7.8,7.8,Ki,F,assay format,other,8,H,,,378.4350000000002,4.596480000000004,62.75,1,2,2,6,5,0.16666666666666666,0.4880340142942995
CHEMBL2002346,CHEMBL2002346,c1ccc(CNc2cc(-c3c[nH]c4ncccc34)ncn2)cc1,,7.8,1,7.8,7.8,Ki,F,assay format,other,8,H,,,301.353,3.6320000000000006,66.49000000000001,2,4,4,4,4,0.05555555555555555,0.6038017772069565
CHEMBL565459,CHEMBL565459,Cc1cnc(Nc2ccccc2)nc1-c1c[nH]c(C(=O)N[C@H](CO)c2ccccc2)c1,,7.8,1,7.8,7.8,Ki,B,single protein format,single_protein,8,H,2009,,413.4810000000001,3.9871200000000018,102.93,4,5,7,4,4,0.125,0.3668920029880438
CHEMBL3298414,CHEMBL3298414,O=C(N[C@H](CO)c1ccc(F)c(Cl)c1)N1CCc2cnc(NC3CCOCC3)nc2C1,,7.8,1,7.8,7.8,IC50,B,single protein format,single_protein,9,D,2014,,449.9140000000003,2.6613000000000016,99.61000000000001,3,6,5,4,2,0.47619047619047616,0.648642023314942
CHEMBL2005509,CHEMBL2005509,CNC(=O)NC1CCC(Nc2nc(Cl)cc(-c3c[nH]c4ncccc34)n2)CC1,,7.8,1,7.8,7.8,Ki,F,assay format,other,8,H,,,399.88600000000014,3.325400000000002,107.62,4,5,4,4,3,0.3684210526315789,0.5031727925108328
CHEMBL2158857,CHEMBL2158857,NS(=O)(=O)c1cccc(Nc2nccc(-c3ccnc(N4CCCCC4)c3)n2)c1,,7.8,1,7.8,7.8,IC50,B,single protein format,single_protein,8,H,2012,,410.50300000000027,2.919900000000001,114.1,2,7,5,4,3,0.25,0.6645125911550949
CHEMBL1983111,CHEMBL1983111,CC(=O)NCC(=O)N1C2CCC1c1cc(Nc3ncc(C(F)(F)F)c(NC4CCC4)n3)ccc12,,7.8,1,7.8,7.8,Ki,F,assay format,other,8,H,,,474.4870000000002,4.057700000000002,99.25000000000001,3,6,6,5,2,0.4782608695652174,0.5841980653138985
CHEMBL4648005,CHEMBL4648005,C=CC(=O)Nc1ccc(NC2CCCC(Nc3ncc(SCc4ncc(C(C)(C)C)o4)s3)C2)cc1,,7.8,1,7.8,7.8,IC50,B,assay format,other,9,D,2021,,511.71700000000027,6.680600000000006,92.08000000000001,3,8,9,4,3,0.4230769230769231,0.217902978829446
CHEMBL361833,CHEMBL361833,N[C@H]1CC[C@H](Nc2cc(Nc3ccc(S(=O)(=O)c4ccccc4)cc3)n3ncc(Br)c3n2)CC1,,7.8,1,7.8,7.8,IC50,B,single protein format,single_protein,9,D,2005,,541.4749999999999,4.7500000000000036,114.41,3,7,6,5,4,0.25,0.3228717328379293
CHEMBL272389,CHEMBL272389,CS(=O)(=O)c1ccc2c(c1)/C(=N/Nc1ccc(S(N)(=O)=O)cc1)C(=O)N2,,7.8,1,7.8,7.8,IC50,B,single protein format,single_protein,8,H,2001,,394.43400000000014,0.5058000000000005,147.79,3,7,4,3,2,0.06666666666666667,0.6434874213890696
CHEMBL523735,CHEMBL523735,NC(=O)c1ccc(Nc2nccc(-c3cnn4ncccc34)n2)cc1,,7.8,1,7.8,7.8,IC50,B,single protein format,single_protein,9,D,2008,,331.33900000000006,2.0287999999999995,111.09,2,6,4,4,4,0.0,0.5916948697299129
CHEMBL5280635,CHEMBL5280635,CCc1c(C(=O)NCCc2ccc(N3CCOCC3)cc2)[nH]c2ccc(C)cc12,,7.8,1,7.8,7.8,IC50,B,single protein format,single_protein,9,D,2023,,391.5150000000001,3.8478200000000022,57.36000000000001,2,3,6,4,3,0.375,0.6710909351206302
CHEMBL1241473,CHEMBL1241473,COc1cc(Nc2ncc([N+](=O)[O-])c(Nc3ccccc3C(N)=O)n2)cc(OC)c1OC,,7.8,1,7.8,7.8,Ki,F,assay format,other,8,H,,,440.4160000000003,2.9967000000000006,163.76,3,10,9,3,3,0.15,0.3326440116518102
CHEMBL307808,CHEMBL307808,COCCNS(=O)(=O)c1ccc(Nc2nccc(-c3cnc4ccc(Sc5ccccc5)cn34)n2)cc1,,7.8,1,7.8,7.8,IC50,B,single protein format,single_protein,8,H,2004,,532.6510000000002,4.610800000000002,110.50999999999999,2,8,10,5,5,0.11538461538461539,0.25100956422384246
CHEMBL478241,CHEMBL478241,Cc1ncc(-c2ccnc(Nc3ccc(N4CCN(C(=O)CN(C)C)CC4)cc3)n2)n1C(C)C,,7.8,1,7.8,7.8,IC50,B,single protein format,single_protein,8,H,2008,,462.60200000000026,3.1832200000000013,82.42000000000002,1,7,7,4,3,0.44,0.577412053185981
CHEMBL1985406,CHEMBL1985406,CCCC(=O)Nc1n[nH]c2ccc(-c3cccc(F)c3F)cc12,,7.8,1,7.8,7.8,Ki,F,assay format,other,8,H,,,315.32300000000004,4.246700000000002,57.78,2,2,4,3,3,0.17647058823529413,0.7560560147901285
CHEMBL3648127,CHEMBL3648127,CCC(CO)Sc1nc(Nc2ccc(S(C)(=N)=O)cc2)ncc1Br,,7.8,1,7.8,7.8,IC50,B,single protein format,single_protein,9,D,2013,,431.38100000000003,3.8811700000000027,98.96,3,7,7,2,2,0.3333333333333333,0.4546640970270998
CHEMBL3648126,CHEMBL3648126,CC(C)Nc1nc(Nc2ccc(S(C)(=N)=O)cc2)ncc1Br,,7.8,1,7.8,7.8,IC50,B,single protein format,single_protein,9,D,2013,,384.30300000000005,3.838470000000002,90.76,3,6,5,2,2,0.2857142857142857,0.7287991858788049
CHEMBL255932,CHEMBL255932,Nc1ccc(CC(=O)Nc2n[nH]c3ccc(N4CCCS4(=O)=O)cc23)cc1,,7.8,1,7.8,7.8,IC50,B,single protein format,single_protein,8,H,2008,,385.4490000000002,1.8661999999999999,121.18,3,5,4,4,3,0.2222222222222222,0.5920619362335824
CHEMBL4542247,CHEMBL4542247,Cc1nc2c(F)cc(-c3nc(Nc4ccc5c(n4)CCN(CCN(C)C)C5)ncc3F)cc2n1C1(C)CC1,,7.79,1,7.79,7.79,IC50,B,single protein format,single_protein,9,D,2020,,518.6160000000003,4.647220000000004,75.0,1,7,7,6,4,0.42857142857142855,0.3818596505559499
CHEMBL4550287,CHEMBL4550287,Cc1nc2c(F)cc(-c3nc(Nc4ccc5c(n4)CCN(CCN(C)C)C5)ncc3F)cc2n1C(C)C1CC1,,7.79,1,7.79,7.79,IC50,B,single protein format,single_protein,9,D,2020,,532.6430000000001,5.109220000000005,75.0,1,7,8,6,4,0.4482758620689655,0.3380815636679112
CHEMBL5869281,CHEMBL5869281,Cc1nc2c(F)cc(-c3nc(Nc4ccc5c(n4)CCN(C[C@H]4CN(C)CCO4)C5)ncc3F)cc2n1C(C)(C)C,,7.79,1,7.79,7.79,IC50,B,single protein format,single_protein,9,D,2020,,562.6690000000002,4.662220000000004,84.23000000000002,1,8,5,6,4,0.4666666666666667,0.37613568024478805
CHEMBL4463172,CHEMBL4463172,Cc1nc2c(F)cc(-c3nc(Nc4ccc5c(n4)CCN(CCN(C)C(=N)N)C5)ncc3F)cc2n1C(C)C,,7.79,1,7.79,7.79,IC50,B,single protein format,single_protein,9,D,2020,,534.6190000000003,3.9827900000000014,124.87,3,7,7,5,4,0.37037037037037035,0.2402303835881433
CHEMBL5964401,CHEMBL5964401,CCC(CC)n1c(C)nc2c(F)cc(-c3nc(Nc4ccc5c(n4)CCNC5)ncc3F)cc21,,7.78,1,7.78,7.78,IC50,B,single protein format,single_protein,9,D,2020,,463.53600000000023,5.225320000000004,80.55,2,6,6,5,4,0.36,0.40785044333498927
CHEMBL1080893,CHEMBL1080893,Cc1n[nH]c2ccc(-c3nnc(NC[C@@H](N)Cc4cccc(Cl)c4)s3)cc12,,7.77,1,7.77,7.77,IC50,B,single protein format,single_protein,8,H,2010,,398.92300000000006,4.025120000000001,92.50999999999999,3,6,6,4,4,0.21052631578947367,0.4557323492304891
CHEMBL192042,CHEMBL192042,C[C@H](C(=O)Nc1cc(C2CC2)[nH]n1)c1ccc(N2CCN(C)C2=O)cc1,,7.77,2,7.77,7.77,IC50,B,single protein format,single_protein,8,H,2008,,353.4260000000001,2.9011000000000013,81.33000000000001,2,3,5,4,2,0.42105263157894735,0.8670915819063313
CHEMBL515311,CHEMBL515311,Cc1ncc(-c2ccnc(Nc3ccc(N4CCN(C(=O)[C@H](C)O)CC4)cc3)n2)n1C(C)C,,7.77,1,7.77,7.77,IC50,B,single protein format,single_protein,8,H,2008,,449.5590000000002,3.0024200000000016,99.41,2,7,6,4,3,0.4166666666666667,0.5967415811821252
CHEMBL409868,CHEMBL409868,CN(C)C(=O)c1ccc2c(c1)/C(=N/Nc1ccc(S(N)(=O)=O)cc1)C(=O)N2,,7.77,1,7.77,7.77,IC50,B,single protein format,single_protein,8,H,2001,,387.4210000000001,0.8041,133.95999999999998,3,6,4,3,2,0.11764705882352941,0.6674255527635508
CHEMBL180814,CHEMBL180814,CC(C)c1cnn2c(Nc3ccc(S(=O)(=O)N(C)C)cc3)cc(O[C@H]3CC[C@H](N)CC3)nc12,,7.77,1,7.77,7.77,IC50,B,single protein format,single_protein,9,D,2005,,472.61500000000035,3.495300000000002,114.85,2,7,7,4,3,0.4782608695652174,0.5407376192234913
CHEMBL509012,CHEMBL509012,CC(C)C1CC(C(=O)Nc2ncc(SCc3ncc(C(C)(C)C)o3)s2)CCN1,,7.77,1,7.77,7.77,IC50,B,single protein format,single_protein,8,H,2008,,422.62000000000023,4.683600000000004,80.05000000000001,2,7,6,3,2,0.65,0.6578938751222544
CHEMBL563641,CHEMBL563641,CN1CCN(c2ccc(Nc3ncc4c(n3)-c3c(c(C(N)=O)nn3C)C(C)(C)C4)cc2)CC1,,7.77,1,7.77,7.77,IC50,B,single protein format,single_protein,8,H,2009,,446.55900000000025,2.3050999999999995,105.19999999999999,2,7,4,5,3,0.4166666666666667,0.6335110413125171
CHEMBL477786,CHEMBL477786,Cc1ncc(-c2ccnc(Nc3ccc(N4CCN(C(=O)CO)CC4)cc3)n2)n1C(C)C,,7.77,1,7.77,7.77,IC50,B,single protein format,single_protein,8,H,2008,,435.5320000000002,2.6139200000000002,99.41,2,7,6,4,3,0.391304347826087,0.6139438404259498
CHEMBL5198461,CHEMBL5198461,NCCCCNc1ccc(Nc2nc(N[C@H]3CC[C@H](N)CC3)nc3c2ncn3C2CCCC2)cc1,,7.77,1,7.77,7.77,IC50,B,single protein format,single_protein,9,D,2022,,477.66100000000034,4.5176000000000025,131.73,5,8,10,5,3,0.5769230769230769,0.26938133100393835
CHEMBL1080911,CHEMBL1080911,Cc1n[nH]c2ccc(-c3nnc(NC[C@@H](N)Cc4ccc(C(F)(F)F)cc4)s3)cc12,,7.77,1,7.77,7.77,IC50,B,single protein format,single_protein,8,H,2010,,432.475,4.390520000000002,92.50999999999999,3,6,6,4,4,0.25,0.4202664494882425
CHEMBL487066,CHEMBL487066,Cc1ncc(-c2ccnc(Nc3ccc(C(=O)NC4CC4)cc3)n2)n1C(C)C,,7.77,1,7.77,7.77,IC50,B,single protein format,single_protein,8,H,2008,,376.46400000000017,3.8652200000000025,84.72999999999999,2,5,6,4,3,0.3333333333333333,0.6822132255313087
CHEMBL4462493,CHEMBL4462493,CCC(CC)n1c(C)nc2c(F)cc(-c3nc(Nc4ccc5c(n4)CCN(CCN(C)C)C5)ncc3F)cc21,,7.76,1,7.76,7.76,IC50,B,single protein format,single_protein,9,D,2020,,534.6590000000003,5.499320000000005,75.0,1,7,9,5,4,0.4482758620689655,0.3039693650081011
CHEMBL103382,CHEMBL103382,NS(=O)(=O)c1ccc(Nc2cc(-c3ccc(F)cc3)[nH]n2)cc1,,7.76,1,7.76,7.76,IC50,B,single protein format,single_protein,8,H,2003,,332.35999999999996,2.6068000000000007,100.86999999999999,3,4,4,3,3,0.0,0.683344189104973
CHEMBL3648103,CHEMBL3648103,CCC(Sc1nc(Nc2ccc(S(C)(=N)=O)cc2)ncc1Br)C(C)O,,7.75,1,7.75,7.75,IC50,B,single protein format,single_protein,9,D,2013,,445.4080000000001,4.269670000000004,98.96000000000001,3,7,7,2,2,0.375,0.4349791261300685
CHEMBL442186,CHEMBL442186,O=C1Nc2ccc(F)c3c(SC[C@@H]4CCCN4)cc(-c4ccc[nH]4)c1c23,,7.75,1,7.75,7.75,IC50,B,single protein format,single_protein,8,H,2003,,367.44900000000007,4.383800000000003,56.92,3,3,4,5,3,0.25,0.5998321720344294
CHEMBL5748748,CHEMBL5748748,CC1(C)CCc2nc3c(F)cc(-c4nc(Nc5ccc6c(n5)CCN(C(=O)CO)C6)ncc4F)cc3n21,,7.75,1,7.75,7.75,IC50,B,single protein format,single_protein,9,D,2022,,505.52900000000034,3.4684000000000017,109.06,2,7,4,6,4,0.34615384615384615,0.437209883000854
CHEMBL451462,CHEMBL451462,Cc1ncc(-c2nc(Nc3ccc(C(=O)N4CCN(C)CC4)cc3)ncc2F)n1C(C)C,,7.75,1,7.75,7.75,IC50,B,single protein format,single_protein,8,H,2008,,437.5230000000002,3.4997200000000026,79.18,1,6,5,4,3,0.391304347826087,0.6582602412976112
CHEMBL79364,CHEMBL79364,O=C1Nc2ccc(F)c3c(OCCCO)cc(-c4ccc[nH]4)c1c23,,7.75,1,7.75,7.75,IC50,B,single protein format,single_protein,8,H,2003,,326.327,3.3009000000000013,74.35,3,3,5,4,3,0.16666666666666666,0.6298536089454767
CHEMBL5956134,CHEMBL5956134,Cc1nc2c(F)cc(-c3nc(Nc4ccc5c(n4)CCN(CC(C)(C)N)C5)ncc3F)cc2n1C(C)(C)C,,7.75,1,7.75,7.75,IC50,B,single protein format,single_protein,9,D,2020,,520.6320000000003,5.068920000000004,97.78,2,7,5,5,4,0.42857142857142855,0.37920461528794863
CHEMBL83775,CHEMBL83775,COc1cc(-c2ccc[nH]2)c2c3c(ccc(F)c13)NC2=O,,7.75,1,7.75,7.75,IC50,B,single protein format,single_protein,8,H,2003,,282.274,3.548300000000001,54.12,2,2,2,4,3,0.0625,0.7549000641925
CHEMBL5873158,CHEMBL5873158,Cc1nc2c(F)cc(-c3nc(Nc4ccc5c(n4)CCNC5)ncc3F)cc2n1C(C)(C)C,,7.73,1,7.73,7.73,IC50,B,single protein format,single_protein,9,D,2020,,449.5090000000002,4.619220000000003,80.55000000000001,2,6,3,5,4,0.3333333333333333,0.47516899888295094
CHEMBL5950534,CHEMBL5950534,Cc1nc2c(F)cc(-c3nc(Nc4ccc5c(n4)C[C@@H](C)NC5)ncc3F)cc2n1C(C)(C)C,,7.73,2,7.51,7.95,IC50,B,single protein format,single_protein,9,D,2020,,463.5360000000002,5.0077200000000035,80.55000000000001,2,6,3,5,4,0.36,0.44474608309820857
CHEMBL5758951,CHEMBL5758951,Cc1nc2c(F)cc(-c3nc(Nc4ccc5c(n4)CCN(CCN4CCC(B(O)O)CC4)C5)ncc3F)cc2n1C(C)(C)C,,7.73,1,7.73,7.73,IC50,B,single protein format,single_protein,9,D,2020,,604.5150000000002,4.270420000000004,115.46000000000001,3,9,7,6,4,0.4838709677419355,0.2662492049671754
CHEMBL2028663,CHEMBL2028663,CC(C)(C)c1nc(-c2cccc(NS(=O)(=O)c3c(F)cccc3F)c2F)c(-c2ccnc(N)n2)s1,DABRAFENIB,7.72,1,7.72,7.72,Kd,B,subcellular format,other,9,D,2017,4,519.5740000000002,5.364900000000003,110.86,2,7,5,4,4,0.17391304347826086,0.3670492157866047
CHEMBL3648092,CHEMBL3648092,CCOC(=O)N=S(=O)(CC)c1ccc(Nc2ncc(Br)c(O[C@H](C)[C@H](C)O)n2)cc1,,7.72,1,7.72,7.72,IC50,B,single protein format,single_protein,9,D,2013,,501.40300000000013,4.134100000000003,123.0,2,8,8,2,2,0.42105263157894735,0.5536489536624705
CHEMBL457979,CHEMBL457979,Cc1ncc(-c2ccnc(Nc3ccc(S(=O)(=O)Cc4ccccc4)cc3)n2)n1C(C)C,,7.72,1,7.72,7.72,IC50,B,single protein format,single_protein,8,H,2008,,447.5640000000002,4.946920000000004,89.77000000000001,1,6,7,4,4,0.20833333333333334,0.4312370878589287
CHEMBL457177,CHEMBL457177,O=C(N[C@H]1CC[C@H](O)CC1)c1n[nH]cc1NC(=O)c1c(F)cccc1F,,7.72,1,7.72,7.72,IC50,B,single protein format,single_protein,8,H,2008,,364.35200000000003,1.9734999999999994,107.10999999999999,4,4,4,3,2,0.35294117647058826,0.6652911398770662
CHEMBL272684,CHEMBL272684,NS(=O)(=O)c1ccc(N/N=C2\C(=O)Nc3cccc(-c4cc[nH]n4)c32)cc1,,7.72,1,7.72,7.72,IC50,B,single protein format,single_protein,8,H,2001,,382.4050000000001,1.4923999999999997,142.32999999999998,4,6,4,4,3,0.0,0.5057474097271575
CHEMBL2158845,CHEMBL2158845,NS(=O)(=O)c1cccc(Nc2nccc(-c3ccnc(N4CCOCC4)c3)n2)c1,,7.72,1,7.72,7.72,IC50,B,single protein format,single_protein,8,H,2012,,412.47500000000025,1.7661999999999998,123.33,2,8,5,4,3,0.21052631578947367,0.6498071453764808
CHEMBL4438059,CHEMBL4438059,Cc1nc2c(F)cc(-c3nc(Nc4ccc5c(n4)CCN(CCN(C)C)C5)ncc3F)cc2n1C1CCCCC1,,7.72,1,7.72,7.72,IC50,B,single protein format,single_protein,9,D,2020,,546.6700000000002,5.643420000000006,75.0,1,7,7,6,4,0.4666666666666667,0.3214134608960793
CHEMBL562104,CHEMBL562104,CNC(=O)c1nn(C)c2c1CCc1cnc(Nc3ccccc3)nc1-2,,7.72,1,7.72,7.72,IC50,B,single protein format,single_protein,8,H,2009,,334.38300000000004,2.0789,84.73,2,5,3,4,3,0.2222222222222222,0.7659229232659915
CHEMBL1080913,CHEMBL1080913,Cc1n[nH]c2ccc(-c3nnc(NC[C@@H](N)Cc4ccc(F)c(F)c4)s3)cc12,,7.72,1,7.72,7.72,IC50,B,single protein format,single_protein,8,H,2010,,400.458,3.6499200000000016,92.50999999999999,3,6,6,4,4,0.21052631578947367,0.4594495513159409
CHEMBL5189978,CHEMBL5189978,NCCCNCCCCNC(=O)c1ccc(Nc2nc(N[C@H]3CC[C@H](N)CC3)nc3c2ncn3C2CCCC2)cc1,,7.72,1,7.72,7.72,IC50,B,single protein format,single_protein,9,D,2022,,562.7670000000003,3.8152000000000017,160.82999999999998,6,9,14,5,3,0.6,0.16049923240580746
CHEMBL5755607,CHEMBL5755607,Cc1nc2c(F)cc(-c3nc(Nc4ccc5c(n4)CCN(CCN=C(N)N)C5)ncc3F)cc2n1C(C)C,,7.71,3,6.17,7.82,IC50,B,single protein format,single_protein,9,D,2020;2021,,520.5920000000003,3.4309200000000013,136.16000000000003,3,7,7,5,4,0.34615384615384615,0.2490936687892036
CHEMBL452602,CHEMBL452602,C[C@@H]1CNC[C@H](C(=O)Nc2ncc(SCc3ncc(C(C)(C)C)o3)s2)C1,,7.7,1,7.7,7.7,IC50,B,single protein format,single_protein,8,H,2008,,394.5660000000002,3.905000000000003,80.05,2,7,5,3,2,0.6111111111111112,0.7487478906531033
CHEMBL5176691,CHEMBL5176691,NCCCCNC(=O)c1ccc(Nc2nc(N[C@H]3CC[C@H](N)CC3)nc3c2ncn3C2CCCC2)cc1,,7.7,1,7.7,7.7,IC50,B,single protein format,single_protein,9,D,2022,,505.6710000000005,3.8355000000000024,148.8,5,8,10,5,3,0.5555555555555556,0.2610147054668363
CHEMBL3421973,CHEMBL3421973,CN1CCN(c2ccc(Nc3ncc(Cl)c(-c4c[nH]c5cnccc45)n3)cc2)CC1,,7.7,1,7.7,7.7,IC50,B,cell-based format,cell_based,9,D,2015,,419.92000000000013,4.168700000000002,72.97,2,6,4,5,4,0.22727272727272727,0.5169138666318006
CHEMBL1969588,CHEMBL1969588,Clc1cc(-c2c[nH]c3ncccc23)cc(NCc2ccccc2)n1,,7.7,1,7.7,7.7,Ki,F,assay format,other,8,H,,,334.81,4.890400000000002,53.6,2,3,4,4,4,0.05263157894736842,0.5223129672012894
CHEMBL5933703,CHEMBL5933703,CNCCN1CCc2nc(Nc3ncc(F)c(-c4cc(F)c5nc(C)n(C6(C)CC6)c5c4)n3)ccc2C1,,7.7,1,7.7,7.7,IC50,B,single protein format,single_protein,9,D,2020,,504.58900000000034,4.305020000000003,83.79,2,7,7,6,4,0.4074074074074074,0.38818896720592766
CHEMBL186288,CHEMBL186288,COc1ccc2c(-c3ccnc(Nc4ccc([N+](=O)[O-])cc4)n3)cnn2n1,,7.7,1,7.7,7.7,Ki,B,single protein format,single_protein,9,D,2004,,363.33700000000005,2.846700000000001,120.36999999999999,1,8,5,4,4,0.058823529411764705,0.4243432543935478
CHEMBL3648071,CHEMBL3648071,C[C@@H](O)[C@@H](C)Nc1nc(Nc2ccc(S(C)(=N)=O)cc2)ncc1Br,,7.7,1,7.7,7.7,IC50,B,single protein format,single_protein,9,D,2013,,414.32900000000006,3.199370000000001,110.99,4,7,6,2,2,0.3333333333333333,0.5778899060382321
CHEMBL359963,CHEMBL359963,CC(C)c1ccc(Nc2nccc(-c3cnn4ncccc34)n2)cc1,GW805758X,7.7,2,7.4,8.0,IC50;Ki,B,single protein format,single_protein,9,D,2004;2008,,330.39500000000004,4.053300000000002,68.0,1,5,4,4,4,0.15789473684210525,0.6111231290718466
CHEMBL1987073,CHEMBL1987073,O=C(Nc1n[nH]c2ccc(-c3cn(Cc4ccccc4)nn3)cc12)c1ccc(Cl)cc1,,7.7,1,7.7,7.7,Ki,F,assay format,other,8,H,,,428.88300000000015,4.775400000000003,88.49,2,4,5,5,5,0.043478260869565216,0.42150104878005695
CHEMBL1986263,CHEMBL1986263,CCn1c(C)c(-c2ccnc(Nc3cccc(OC)c3)n2)sc1=O,,7.7,1,7.7,7.7,Ki,F,assay format,other,8,H,,,342.42400000000004,3.4473200000000013,69.03999999999999,1,6,5,3,3,0.23529411764705882,0.7689863608129293
CHEMBL295484,CHEMBL295484,Cc1nc(C)c(-c2ccnc(Nc3ccc(N(C)C)c([N+](=O)[O-])c3)n2)s1,,7.7,1,7.7,7.7,Ki,B,single protein format,single_protein,8,H,2004,,370.43800000000005,3.9347400000000023,97.08,1,8,5,3,3,0.23529411764705882,0.5365261901616954
CHEMBL186680,CHEMBL186680,COc1cc(Nc2nccc(-c3cnn4nc(C)ccc34)n2)cc(C(F)(F)F)c1,,7.7,1,7.7,7.7,Ki,B,single protein format,single_protein,9,D,2004,,400.3640000000001,4.265720000000003,77.23,1,6,4,4,4,0.15789473684210525,0.5514734576221476
CHEMBL191834,CHEMBL191834,C[C@H](C(=O)Nc1cc(C2CC2)[nH]n1)c1ccc(N2CCOC2=O)cc1,,7.7,2,7.7,7.7,IC50,B,single protein format,single_protein,8,H,2008,,340.3830000000001,2.9859000000000018,87.32,2,4,5,4,2,0.3888888888888889,0.8757820650492887
CHEMBL496567,CHEMBL496567,CC(C)(C)c1cnc(CSc2cnc(N[C@H]3CC[C@H](N)CC3)s2)o1,,7.7,1,7.7,7.7,IC50,B,single protein format,single_protein,8,H,2008,,366.55600000000015,4.402700000000003,76.97,2,7,5,3,2,0.6470588235294118,0.7637137369474282
CHEMBL254367,CHEMBL254367,O=C(Cc1cccc2ccccc12)Nc1n[nH]c2ccc(N3CCCS3(=O)=O)cc12,,7.7,1,7.7,7.7,IC50,B,single protein format,single_protein,8,H,2008,,420.49400000000026,3.4372000000000016,95.16,2,4,4,5,4,0.18181818181818182,0.5287172836626515
CHEMBL5908734,CHEMBL5908734,Cc1nc2c(F)cc(-c3nc(Nc4ccc5c(n4)CCN(CCO)C5)ncc3F)cc2n1C(C)C,,7.7,1,7.7,7.7,IC50,B,single protein format,single_protein,9,D,2020,,479.53500000000025,4.149820000000003,91.99000000000001,2,7,6,5,4,0.36,0.4292625112821071
CHEMBL297570,CHEMBL297570,CC(C)(C)c1cnc(CSc2cnc(NC(=O)C3CCCNC3)s2)o1,,7.7,1,7.7,7.7,IC50,B,single protein format,single_protein,8,H,2008,,380.53900000000016,3.6590000000000016,80.05,2,7,5,3,2,0.5882352941176471,0.770773758794448
CHEMBL255263,CHEMBL255263,O=C(Cc1ccc(F)cc1)Nc1n[nH]c2ccc(N3CCCS3(=O)=O)cc12,,7.7,1,7.7,7.7,IC50,B,single protein format,single_protein,8,H,2008,,388.4240000000002,2.4231000000000007,95.16,2,4,4,4,3,0.2222222222222222,0.7175813852246646
CHEMBL603097,CHEMBL603097,COc1ccc2nc3[nH]nc(C)c3c(OC)c2c1,,7.7,1,7.7,7.7,IC50,B,single protein format,single_protein,8,H,2010,,243.26599999999996,2.43672,60.03,1,4,2,3,3,0.23076923076923078,0.7505771884226243
CHEMBL1996980,CHEMBL1996980,CNCC(=O)NC1CCC(Nc2nc(Cl)cc(-c3c[nH]c4ncccc34)n2)CC1,,7.7,1,7.7,7.7,Ki,F,assay format,other,8,H,,,413.9130000000002,2.732,107.62,4,6,6,4,3,0.4,0.4626791199283435
CHEMBL5899535,CHEMBL5899535,Cc1nc2c(F)cc(-c3nc(Nc4ccc5c(n4)CCN(C(=O)C4CC(O)C4)C5)ncc3F)cc2n1C(C)C,,7.69,1,7.69,7.69,IC50,B,single protein format,single_protein,9,D,2021,,533.5830000000002,4.455020000000004,109.06,2,7,5,6,4,0.39285714285714285,0.39004139317398023
CHEMBL5939038,CHEMBL5939038,CN(C)[C@H]1CCN(C(=O)c2ccc(Nc3ncc(F)c(-c4cc(F)c5nc6n(c5c4)C(C)(C)CC6)n3)nc2)C1,,7.69,1,7.69,7.69,IC50,B,single protein format,single_protein,9,D,2022,,532.5990000000003,4.367500000000002,92.07,1,7,5,6,4,0.39285714285714285,0.40821161630974667
CHEMBL5791509,CHEMBL5791509,Cc1nc2c(F)cc(-c3nc(Nc4ccc5c(n4)CCN(C(=O)CC4CC(O)C4)C5)ncc3F)cc2n1C1CC1,,7.69,1,7.69,7.69,IC50,B,single protein format,single_protein,9,D,2020,,545.5940000000002,4.599120000000004,109.06,2,7,6,7,4,0.41379310344827586,0.36456889620777877
CHEMBL1800449,CHEMBL1800449,Nc1nccc(-c2cc(N3C[C@H](O)[C@@H](O)C3)ccc2O)n1,,7.68,1,7.68,7.68,IC50,B,single protein format,single_protein,8,H,2011,,288.307,-0.02679999999999999,115.73,4,7,2,3,2,0.2857142857142857,0.6131063592686258
CHEMBL5938059,CHEMBL5938059,Cc1nc2c(F)cc(-c3nc(Nc4ccc5c(n4)CCN(CCN)C5)ncc3F)cc2n1C(C)(C)C,,7.68,1,7.68,7.68,IC50,B,single protein format,single_protein,9,D,2020,,492.5780000000003,4.290320000000003,97.78,2,7,5,5,4,0.38461538461538464,0.4289001383363779
CHEMBL5981008,CHEMBL5981008,CC(=N)NCCN1CCc2nc(Nc3ncc(F)c(-c4cc(F)c5nc(C)n(C(C)C)c5c4)n3)ccc2C1,,7.68,1,7.68,7.68,IC50,B,single protein format,single_protein,9,D,2020,,519.6040000000003,4.744290000000004,107.64,3,7,7,5,4,0.37037037037037035,0.2390315524223779
CHEMBL2158855,CHEMBL2158855,NS(=O)(=O)c1cccc(Nc2nccc(-c3ccnc(N4CC5CCC(C4)O5)c3)n2)c1,,7.68,1,7.68,7.68,IC50,B,single protein format,single_protein,8,H,2012,,438.51300000000026,2.2972,123.33,2,8,5,5,3,0.2857142857142857,0.6219554493531344
CHEMBL3642648,CHEMBL3642648,Fc1ccccc1-c1cc(NCc2cccnc2)n2ncc(Cl)c2n1,,7.68,1,7.68,7.68,IC50,B,single protein format,single_protein,9,D,2013,,353.788,4.195900000000002,55.11,1,4,4,4,4,0.05555555555555555,0.597223863590454
CHEMBL272217,CHEMBL272217,NS(=O)(=O)c1ccc(N/N=C2\C(=O)Nc3cccc(OCCc4ccncc4)c32)cc1,,7.68,1,7.68,7.68,IC50,B,single protein format,single_protein,8,H,2008,,437.4810000000002,2.1187999999999994,135.77,3,7,7,4,3,0.09523809523809523,0.4845675593393246
CHEMBL271182,CHEMBL271182,CCc1ccc2c(c1)NC(=O)/C2=N\Nc1ccc(S(N)(=O)=O)cc1,,7.68,1,7.68,7.68,IC50,B,single protein format,single_protein,8,H,2001,,344.3960000000001,1.6646999999999998,113.65,3,5,4,3,2,0.125,0.7319543384136644
CHEMBL1794054,CHEMBL1794054,NS(=O)(=O)c1ccc(N/N=C2\C(=O)Nc3cccc(CCc4ccncc4)c32)cc1,,7.68,1,7.68,7.68,IC50,B,single protein format,single_protein,8,H,2001,,421.4820000000002,2.2824999999999998,126.54,3,6,6,4,3,0.09523809523809523,0.5264695542493469
CHEMBL3644019,CHEMBL3644019,C[C@@H](Oc1nc(Nc2ccc(S(=O)(=O)C3CC3)cc2)ncc1C(F)(F)F)C(C)(C)O,,7.68,1,7.68,7.68,IC50,B,single protein format,single_protein,9,D,2014,,445.4630000000001,3.7133000000000034,101.41,2,7,7,3,2,0.47368421052631576,0.6698947757508638
CHEMBL5172816,CHEMBL5172816,NCCCNCCCCNc1ccc(Nc2nc(N[C@H]3CC[C@H](N)CC3)nc3c2ncn3C2CCCC2)cc1,,7.68,1,7.68,7.68,IC50,B,single protein format,single_protein,9,D,2022,,534.7570000000005,4.497300000000002,143.76,6,9,14,5,3,0.6206896551724138,0.1647353064174954
CHEMBL5571022,CHEMBL5571022,CN(C)C(=O)c1cc2cnc(Nc3ccc(S(N)(=O)=O)cc3)nc2n1C1CCCC1,,7.68,1,7.68,7.68,IC50,B,single protein format,single_protein,9,D,2024,,428.51800000000026,2.6392000000000007,123.20999999999998,2,6,5,4,3,0.35,0.6438936445678611
CHEMBL3644022,CHEMBL3644022,C[C@@H](O)[C@@H](C)Oc1nc(Nc2ccc(S(=O)(=O)C3CCCC3)cc2)ncc1C(F)(F)F,,7.68,1,7.68,7.68,IC50,B,single protein format,single_protein,9,D,2014,,459.49000000000024,4.103400000000003,101.41000000000001,2,7,7,3,2,0.5,0.6427104170659486
CHEMBL5971879,CHEMBL5971879,Cc1nc2c(F)cc(-c3nc(Nc4ccc5c(n4)CCN[C@H]5C)ncc3F)cc2n1C(C)(C)C,,7.675,2,7.51,7.84,IC50,B,single protein format,single_protein,9,D,2020,,463.5360000000002,5.180220000000004,80.55000000000001,2,6,3,5,4,0.36,0.4358153545222351
CHEMBL4213756,CHEMBL4213756,COCCN1CCc2nc(Nc3ncc(F)c(-c4cc(F)c5nc(C)n(C(C)C)c5c4)n3)ccc2C1,,7.67,1,7.67,7.67,IC50,B,single protein format,single_protein,9,D,2020,,493.56200000000024,4.803920000000004,80.99,1,7,7,5,4,0.38461538461538464,0.3959524534714988
CHEMBL254170,CHEMBL254170,CS(=O)(=O)c1ccc(CC(=O)Nc2n[nH]c3ccc(N4CCCS4(=O)=O)cc23)cc1,,7.66,1,7.66,7.66,IC50,B,single protein format,single_protein,8,H,2008,,448.52600000000024,1.6875000000000002,129.29999999999998,2,6,5,4,3,0.2631578947368421,0.6109990541108415
CHEMBL412097,CHEMBL412097,C/C(Nc1ccc(S(N)(=O)=O)cc1)=C1/C(=O)Nc2ccc(Cl)cc21,,7.66,1,7.66,7.66,IC50,B,single protein format,single_protein,8,H,2001,,363.8260000000001,2.7826000000000013,101.28999999999999,3,4,3,3,2,0.0625,0.7295627348958785
CHEMBL50894,CHEMBL50894,O=C1Cc2c([nH]c3ccc([N+](=O)[O-])cc23)-c2ccccc2N1,ALSTERPAULLONE,7.66,2,7.5,7.82,IC50;Ki,B;F,assay format;single protein format,mixed,8,H,2006,,293.282,3.2377000000000002,88.03,2,3,1,4,3,0.0625,0.5329812130059154
CHEMBL1207227,CHEMBL1207227,O=C1C(c2c(O)[nH]c3ccc(S(=O)(=O)O)cc23)=Nc2ccccc21,,7.66,1,7.66,7.66,IC50,B,single protein format,single_protein,8,H,2006,,342.33200000000005,2.4373000000000005,119.82,3,5,2,4,3,0.0,0.6178783236796794
CHEMBL2035044,CHEMBL2035044,CN1C/C=C/CCOc2cc(ccn2)-c2ccnc(n2)Nc2cccc(c2)C1,,7.66,1,7.66,7.66,IC50,B,single protein format,single_protein,8,H,2012,,373.4600000000001,4.052700000000002,63.17,1,6,0,4,3,0.22727272727272727,0.5999155011222638
CHEMBL4207796,CHEMBL4207796,Cc1nc2c(F)cc(-c3nc(Nc4ccc5c(n4)CCN(CCF)C5)ncc3F)cc2n1C(C)C,,7.65,1,7.65,7.65,IC50,B,single protein format,single_protein,9,D,2020,,481.52600000000024,5.1270200000000035,71.76000000000002,1,6,6,5,4,0.36,0.4119066480412298
CHEMBL309767,CHEMBL309767,NCCS(=O)(=O)c1cc(-c2ccc[nH]2)c2c3c(ccc(F)c13)NC2=O,,7.64,1,7.64,7.64,IC50,B,single protein format,single_protein,8,H,2003,,359.38200000000006,2.2721,105.05000000000001,3,4,4,4,3,0.11764705882352941,0.6643963009112506
CHEMBL5281464,CHEMBL5281464,Cc1c(C(=O)NCCc2ccc(N3CCOCC3)cc2)[nH]c2ccc(Cl)cc12,,7.64,1,7.64,7.64,IC50,B,single protein format,single_protein,9,D,2023,,397.906,3.9388200000000024,57.36000000000001,2,3,5,4,3,0.3181818181818182,0.6852050132478911
CHEMBL2158858,CHEMBL2158858,CNC(=O)Nc1ccc(-c2cc(-c3ccnc(Nc4cccc(S(N)(=O)=O)c4)n3)ccn2)cc1,,7.64,1,7.64,7.64,IC50,B,single protein format,single_protein,8,H,2012,,475.53400000000016,3.347900000000001,151.98999999999995,4,7,6,4,4,0.043478260869565216,0.3335992233750167
CHEMBL5399420,CHEMBL5399420,CN1CCN(Cc2ccc(NC(=O)c3n[nH]cc3Nc3ccncn3)cc2)CC1,,7.64,1,7.64,7.64,IC50,B,single protein format,single_protein,9,D,2023,,392.4670000000001,1.9429999999999996,102.07,3,7,6,4,3,0.3,0.589145359949819
CHEMBL514913,CHEMBL514913,CCn1c(-c2ccnc(Nc3ccc(S(C)(=O)=O)cc3)n2)cnc1C,,7.64,1,7.64,7.64,IC50,B,single protein format,single_protein,8,H,2008,,357.4390000000001,2.815520000000001,89.77,1,6,5,3,3,0.23529411764705882,0.7550695512437522
CHEMBL5858311,CHEMBL5858311,C=CC(=O)Nc1ccc(C(=O)N2CCC[C@@H](Nc3ncc(/C=C/c4ncc(C(C)(C)C)o4)s3)C2)cc1,,7.64,1,7.64,7.64,IC50,B,assay format,other,9,D,2021,,505.64400000000023,5.440200000000005,100.36000000000001,2,7,7,4,3,0.3333333333333333,0.41486722713337243
CHEMBL3357951,CHEMBL3357951,C[C@@H](NC(=O)N1CCc2cnc(Nc3ccnn3C)nc2C1)c1ccc(Cl)c(Cl)c1,,7.64,1,7.64,7.64,IC50,B,single protein format,single_protein,9,D,2014,,446.3420000000002,4.089400000000003,87.97000000000001,2,5,4,4,3,0.3,0.6305720395256554
CHEMBL4753350,CHEMBL4753350,C=CC(=O)Nc1ccc(C(=O)N2CCCC(Nc3ncc(/C=C/c4ncc(C(C)(C)C)o4)s3)C2)cc1,,7.64,1,7.64,7.64,IC50,B,single protein format,single_protein,9,D,2020,,505.64400000000023,5.440200000000005,100.36000000000001,2,7,7,4,3,0.3333333333333333,0.41486722713337243
CHEMBL5775091,CHEMBL5775091,Cc1nc2c(F)cc(-c3nc(Nc4ccc5c(n4)CCN(CCS(C)(=O)=NC#N)C5)ncc3F)cc2n1C(C)C,,7.63,1,7.63,7.63,IC50,B,single protein format,single_protein,9,D,2021,,565.6540000000002,4.736400000000004,124.97999999999999,1,9,7,5,4,0.37037037037037035,0.31883924682496
CHEMBL103285,CHEMBL103285,NS(=O)(=O)c1ccc(Nc2cc(-c3cccc(Br)c3)[nH]n2)cc1,,7.63,1,7.63,7.63,IC50,B,single protein format,single_protein,8,H,2003,,393.266,3.230200000000001,100.86999999999999,3,4,4,3,3,0.0,0.6335848099642242
CHEMBL4753717,CHEMBL4753717,CN(C)CC/C=C/C(=O)Nc1ccc(C(=O)N2CCCC(C(=O)Nc3ncc(SCc4ncc(C(C)(C)C)o4)s3)C2)cc1,,7.63,1,7.63,7.63,IC50,B,single protein format,single_protein,9,D,2020,,624.8330000000002,5.658200000000005,120.67,2,9,11,4,3,0.45161290322580644,0.20724956682950912
CHEMBL255463,CHEMBL255463,O=C(Cc1ccccc1Cl)Nc1n[nH]c2ccc(N3CCCS3(=O)=O)cc12,,7.62,1,7.62,7.62,IC50,B,single protein format,single_protein,8,H,2008,,404.87900000000025,2.937400000000001,95.16,2,4,4,4,3,0.2222222222222222,0.6984150681408504
CHEMBL5289560,CHEMBL5289560,CCc1c(C(=O)NCCc2ccc(N3CCOCC3)cc2)[nH]c2ccc(C(F)(F)F)cc12,,7.62,1,7.62,7.62,IC50,B,single protein format,single_protein,9,D,2023,,445.48500000000007,4.558200000000004,57.36000000000001,2,3,6,4,3,0.375,0.5850602493047489
CHEMBL216126,CHEMBL216126,COc1ccccc1C(=O)c1cnc(NC2CCN(S(C)(=O)=O)CC2)nc1N,,7.62,1,7.62,7.62,Ki,B,single protein format,single_protein,9,D,2006,,405.4800000000002,1.1342999999999999,127.50999999999999,2,8,6,3,2,0.3888888888888889,0.6848800114786248
CHEMBL476518,CHEMBL476518,Cc1ncc(-c2ccnc(Nc3ccc(N(C)C)cc3)n2)n1C(C)C,,7.62,1,7.62,7.62,IC50,B,single protein format,single_protein,8,H,2008,,336.44300000000004,4.0390200000000025,58.870000000000005,1,5,5,3,3,0.3157894736842105,0.76183724643946
CHEMBL3648124,CHEMBL3648124,CCS(=N)(=O)c1ccc(Nc2ncc(Br)c(N[C@@H](C)C(C)(C)O)n2)cc1,,7.62,1,7.62,7.62,IC50,B,single protein format,single_protein,9,D,2013,,442.3830000000001,3.9795700000000025,110.99000000000001,4,7,7,2,2,0.4117647058823529,0.5163744336324644
CHEMBL560818,CHEMBL560818,Cn1nc(C(N)=O)c2c1-c1nc(Nc3ccccc3)ncc1CC2(C)C,,7.62,1,7.62,7.62,IC50,B,single protein format,single_protein,8,H,2009,,348.4100000000002,2.553300000000001,98.72000000000001,2,5,3,4,3,0.2631578947368421,0.7577461563906984
CHEMBL401377,CHEMBL401377,Brc1cnn2c(NCc3ccncc3)cc(-c3ccccc3)nc12,,7.62,2,7.54,7.7,IC50,B,single protein format,single_protein,9,D,2013,,380.2490000000001,4.165900000000002,55.11,1,4,4,4,4,0.05555555555555555,0.5776234266167142
CHEMBL1081628,CHEMBL1081628,N[C@H](CNc1nnc(-c2ccc3[nH]ncc3c2)s1)Cc1ccc(C(F)(F)F)cc1,,7.62,1,7.62,7.62,IC50,B,single protein format,single_protein,8,H,2010,,418.44800000000015,4.082100000000001,92.51,3,6,6,4,4,0.21052631578947367,0.4387886631142409
CHEMBL5765852,CHEMBL5765852,CCN1CCC(COc2ccc(Nc3cc(-c4cc(F)c5nc6n(c5c4)C(C)(C)CC6)c(F)cn3)nc2)CC1,,7.61,1,7.61,7.61,IC50,B,single protein format,single_protein,9,D,2022,,532.6390000000002,6.307100000000006,68.1,1,6,7,6,4,0.43333333333333335,0.3010344878364159
CHEMBL319685,CHEMBL319685,COc1cccc(-c2cc(Nc3ccc(S(N)(=O)=O)cc3)[nH]n2)c1,,7.61,1,7.61,7.61,IC50,B,single protein format,single_protein,8,H,2003,,344.396,2.4762999999999993,110.09999999999998,3,5,5,3,3,0.0625,0.6584389791067684
CHEMBL6031262,CHEMBL6031262,C/C(=N/O)N(C)CCN1CCc2nc(Nc3ncc(F)c(-c4cc(F)c5nc(C)n(C(C)C)c5c4)n3)ccc2C1,,7.61,2,7.4,7.82,IC50,B,single protein format,single_protein,9,D,2021,,549.6300000000002,4.896920000000004,107.59000000000002,2,8,7,5,4,0.39285714285714285,0.14516049728552582
CHEMBL5895271,CHEMBL5895271,C=CC(=O)Nc1ccc(OC(=O)N2CCCC(Nc3ncc(SCc4ncc(C(C)(C)C)o4)s3)C2)cc1,,7.61,1,7.61,7.61,IC50,B,assay format,other,9,D,2021,,541.6990000000002,5.920700000000005,109.59,2,9,8,4,3,0.38461538461538464,0.2671306485484454
CHEMBL1965631,CHEMBL1965631,CN(C)CC(=O)Nc1n[nH]c2ccc(-c3cn(Cc4ccccc4)nn3)cc12,,7.6,1,7.6,7.6,Ki,F,assay format,other,8,H,,,375.4360000000001,2.3697999999999997,91.73,2,5,6,4,4,0.2,0.5398036755426752
CHEMBL3644028,CHEMBL3644028,C#CCOc1nc(Nc2ccc(S(C)(=O)=O)cc2)ncc1C(F)(F)F,,7.6,1,7.6,7.6,IC50,B,single protein format,single_protein,9,D,2014,,371.34000000000003,2.6545000000000005,81.17999999999999,1,6,5,2,2,0.2,0.8141819689576656
CHEMBL1988163,CHEMBL1988163,NS(=O)(=O)c1cccc(Nc2ncc3ccn(-c4ccccc4)c3n2)c1,,7.6,1,7.6,7.6,Ki,F,assay format,other,8,H,,,365.41800000000006,2.8115000000000006,102.89999999999999,2,5,4,4,4,0.0,0.5787683939396956
CHEMBL4439999,CHEMBL4439999,Cc1nc2c(F)cc(-c3nc(Nc4ccc5c(n4)CCN(CCN(C)CC[Si](C)(C)C)C5)ncc3F)cc2n1C(C)C,,7.6,1,7.6,7.6,IC50,B,single protein format,single_protein,9,D,2020,,592.8150000000003,6.427520000000007,75.0,1,7,10,5,4,0.4838709677419355,0.21287364065857148
CHEMBL1991063,CHEMBL1991063,Cc1n[nH]c2ccc(-c3cncc(OCC(N)Cc4ccc(Cl)c(Cl)c4)c3)cc12,,7.6,1,7.6,7.6,Ki,F,assay format,other,8,H,,,427.3350000000001,5.188920000000003,76.82,2,4,6,4,4,0.18181818181818182,0.4441635782268037
CHEMBL3752910,CHEMBL3752910,Cc1ccc(C(=O)Nc2cccc(C(F)(F)F)c2)cc1Nc1nc(-c2cccnc2)nc2c1cnn2C,,7.6,1,7.6,7.6,Kd,B,single protein format,single_protein,9,D,2018,,503.48800000000017,5.748420000000004,97.62,2,6,5,5,5,0.11538461538461539,0.3171059369433006
CHEMBL5201965,CHEMBL5201965,NCCCNCCCCNC(=O)c1ccc(CNc2nc(N[C@H]3CC[C@H](N)CC3)nc3c2ncn3C2CCCC2)cc1,,7.6,1,7.6,7.6,IC50,B,single protein format,single_protein,9,D,2022,,576.7940000000002,3.6837000000000026,160.82999999999998,6,9,15,5,3,0.6129032258064516,0.1482847186093606
CHEMBL1979970,CHEMBL1979970,CCCC(=O)Nc1n[nH]c2nnc(-c3cccc(F)c3F)cc12,,7.6,1,7.6,7.6,Ki,F,assay format,other,8,H,,,317.29900000000004,3.0367000000000006,83.56,2,4,4,3,3,0.2,0.7744741041731756
CHEMBL1969151,CHEMBL1969151,CN(C)C1CCC(Nc2nc(Cl)cc(-c3c[nH]c4ncccc34)n2)CC1,,7.6,1,7.6,7.6,Ki,F,assay format,other,8,H,,,370.88800000000015,3.958000000000002,69.73,2,5,4,4,3,0.42105263157894735,0.6801326052865294
CHEMBL510578,CHEMBL510578,O=C(NCC1CC1)c1n[nH]cc1NC(=O)c1c(F)cccc1F,,7.6,1,7.6,7.6,IC50,B,single protein format,single_protein,8,H,2008,,320.29900000000004,2.08,86.88,3,3,5,3,2,0.26666666666666666,0.788086913952013
CHEMBL3648078,CHEMBL3648078,C[C@@H](Nc1nc(Nc2ccc(S(=N)(=O)C3CCCC3)cc2)ncc1Br)C(C)(C)O,,7.6,1,7.6,7.6,IC50,B,single protein format,single_protein,9,D,2013,,482.4480000000002,4.902270000000004,110.99000000000001,4,7,7,3,2,0.5,0.44678139153524926
CHEMBL1761791,CHEMBL1761791,Nc1nc(Nc2cccnc2)sc1C(=O)c1ccccc1F,,7.6,1,7.6,7.6,IC50,B,single protein format,single_protein,8,H,2011,,314.34499999999997,3.234000000000001,80.9,2,6,4,3,3,0.0,0.7226049199118049
CHEMBL272026,CHEMBL272026,NS(=O)(=O)c1ccc(N/N=C2\C(=O)Nc3ccc(C(=O)NCCCn4ccnc4)cc32)cc1,GW290597X,7.6,1,7.6,7.6,IC50,B,single protein format,single_protein,8,H,2001,,467.51100000000025,1.1189000000000002,160.57,4,7,8,4,3,0.14285714285714285,0.28673701181567984
CHEMBL2426395,CHEMBL2426395,COc1ccc(NC(=S)NC(=O)c2cn(-c3ccccc3)nc2-c2ccc(OC)cc2)cc1,,7.6,1,7.6,7.6,IC50,B,cell-based format,cell_based,9,D,2013,,458.5430000000002,4.683300000000003,77.41000000000001,2,5,6,4,4,0.08,0.4086252719870146
CHEMBL1974870,CHEMBL1974870,Cc1n[nH]c2ccc(-c3cncc(OCC(N)Cc4cccc(Cl)c4)c3)cc12,,7.6,2,7.6,7.6,Ki,F,assay format,other,8,H,,,392.89000000000004,4.535520000000003,76.82,2,4,6,4,4,0.18181818181818182,0.5048327630237109
CHEMBL3823659,CHEMBL3823659,CC(=O)N1CCC(n2cc(Nc3ncc(Cl)c(-c4cnc5ccccn45)n3)cn2)CC1,,7.6,1,7.6,7.6,IC50,B,single protein format,single_protein,9,D,2016,,436.9070000000002,3.568200000000002,93.24000000000001,1,6,4,5,4,0.2857142857142857,0.5253255572248863
CHEMBL485431,CHEMBL485431,Cc1ncc(-c2ccnc(Nc3ccc(S(=O)(=O)NCCN(C)C)cc3)n2)n1C,,7.6,1,7.6,7.6,IC50,B,single protein format,single_protein,8,H,2008,,415.5230000000002,1.7690199999999996,105.03999999999999,2,7,8,3,3,0.3157894736842105,0.5775674699823181
CHEMBL3099753,CHEMBL3099753,COC[C@H](Cc1ccc(O)cc1)NC(=O)c1cc(C(=O)O)c2cc(/C=C/c3ccc(Cl)cc3)ccc2n1,,7.6,1,7.6,7.6,Kd,B,single protein format,single_protein,9,D,2014,,516.9810000000002,5.449900000000005,108.75,3,5,9,4,4,0.13793103448275862,0.255195405639148
CHEMBL1975128,CHEMBL1975128,Nc1n[nH]c2ccc(-c3nnn(Cc4ccccc4)c3I)cc12,,7.6,1,7.6,7.6,Ki,F,assay format,other,8,H,,,416.226,3.0565000000000015,85.41,2,4,3,4,4,0.0625,0.5031287456477928
CHEMBL1995811,CHEMBL1995811,O=C(Nc1n[nH]c2ccc(-c3cn(Cc4ccccc4)nn3)cc12)c1cc(F)ccc1F,,7.6,1,7.6,7.6,Ki,F,assay format,other,8,H,,,430.4180000000001,4.4002000000000026,88.49,2,4,5,5,5,0.043478260869565216,0.43262851050772066
CHEMBL5397283,CHEMBL5397283,N#Cc1ccc2c(CCNc3ccc(S(F)(F)(F)(F)F)cc3C(=O)O)c[nH]c2c1,,7.595000000000001,2,7.06,8.13,IC50;Kd,B,single protein format,single_protein,9,D,2023,,431.3860000000001,6.049780000000002,88.91,3,3,6,3,3,0.1111111111111111,0.4146994996653977
CHEMBL1964256,CHEMBL1964256,CNS(=O)(=O)Cc1ccc(N/C=C2\C(=O)Nc3ccc4ncsc4c32)cc1,,7.58,1,7.58,7.58,IC50,B,single protein format,single_protein,8,H,2001,,400.4850000000001,2.7506000000000004,100.19000000000001,3,6,5,4,3,0.1111111111111111,0.5720082703380529
CHEMBL186163,CHEMBL186163,Nc1nc2ccc(C(=O)c3c(F)cccc3F)cn2c1C(=S)c1c(F)cccc1F,,7.58,1,7.58,7.58,IC50,B,single protein format,single_protein,8,H,2004,,429.3980000000001,4.470200000000002,60.39,1,4,4,4,4,0.0,0.2954882340177912
CHEMBL319467,CHEMBL319467,NS(=O)(=O)c1ccc(Nc2nc(OCC3CCCCC3)c3nc[nH]c3n2)cc1,,7.575,8,6.6,8.3,IC50,B,single protein format,single_protein,8;9,D;H,2003;2006;2016;2019,,402.48000000000013,2.7030000000000003,135.88,3,7,6,4,3,0.3888888888888889,0.5764669728982801
CHEMBL3648105,CHEMBL3648105,CCC(Sc1nc(Nc2ccc(S(C)(=N)=O)cc2)ncc1Br)C(C)(C)O,,7.57,1,7.57,7.57,IC50,B,single protein format,single_protein,9,D,2013,,459.4350000000001,4.659770000000004,98.96000000000001,3,7,7,2,2,0.4117647058823529,0.41156225503386
CHEMBL491447,CHEMBL491447,Cn1cc(C2=C(c3coc4cc(CO)ccc34)C(=O)NC2=O)c2cccc(CO)c21,,7.57,1,7.57,7.57,IC50,B,single protein format,single_protein,8,H,2009,,402.4060000000001,2.4763000000000006,104.7,3,5,4,5,4,0.13043478260869565,0.4550802032879844
CHEMBL5751847,CHEMBL5751847,Cc1nc2c(F)cc(-c3nc(Nc4ccc5c(n4)CCN(CC(N)=NO)C5)ncc3F)cc2n1C(C)(C)C,,7.57,1,7.57,7.57,IC50,B,single protein format,single_protein,9,D,2020,,521.5760000000002,4.078020000000002,130.37,3,8,5,5,4,0.34615384615384615,0.15504102587625954
CHEMBL5205172,CHEMBL5205172,NCCCCNC(=O)c1ccc(CNc2nc(N[C@H]3CC[C@H](N)CC3)nc3c2ncn3C2CCCC2)cc1,,7.57,1,7.57,7.57,IC50,B,single protein format,single_protein,9,D,2022,,519.6980000000005,3.7040000000000024,148.8,5,8,11,5,3,0.5714285714285714,0.24079701938763698
CHEMBL3642646,CHEMBL3642646,Fc1ccccc1-c1cc(NCc2ccncc2)n2ncc(Br)c2n1,,7.5600000000000005,2,7.5,7.62,IC50,B,single protein format,single_protein,9,D,2013,,398.23900000000003,4.3050000000000015,55.11,1,4,4,4,4,0.05555555555555555,0.5569750099011302
CHEMBL5953254,CHEMBL5953254,Cc1nc2c(F)cc(-c3nc(Nc4ccc5c(n4)CCN(CCN(C)CCP(=O)(O)O)C5)ncc3F)cc2n1C(C)(C)C,,7.56,1,7.56,7.56,IC50,B,single protein format,single_protein,9,D,2020,,614.6380000000001,4.441120000000004,132.53,3,8,9,5,4,0.4482758620689655,0.23257322967546953
CHEMBL1230607,CHEMBL1230607,CC(C)CC(=O)Nc1n[nH]c2c1CN(C(=O)C1CCN(C)CC1)C2(C)C,PHA-793887,7.555,2,7.01,8.1,IC50;Kd,B,single protein format;subcellular format,mixed,9,D,2017;2020,1,361.4900000000002,2.3134000000000006,81.33,2,4,4,3,1,0.7368421052631579,0.8622393374431375
CHEMBL495558,CHEMBL495558,CC(C)(C)c1cnc(CSc2cnc(NC3CCCC(O)C3)s2)o1,,7.55,1,7.55,7.55,IC50,B,single protein format,single_protein,8,H,2008,,367.54000000000013,4.436300000000005,71.18,2,7,5,3,2,0.6470588235294118,0.7615796450540552
CHEMBL298445,CHEMBL298445,Cc1nc(N)sc1-c1ccnc(Nc2cccc([N+](=O)[O-])c2)n1,,7.55,2,6.4,8.7,Ki,B,single protein format,single_protein,8;9,D;H,2004;2019,,328.3570000000001,3.142520000000001,119.86,2,8,4,3,3,0.07142857142857142,0.5572340903898156
CHEMBL3648087,CHEMBL3648087,CCOC(=O)N=S(C)(=O)c1ccc(Nc2ncc(Br)c(N[C@@H](COC)[C@H](C)O)n2)cc1,,7.55,1,7.55,7.55,IC50,B,single protein format,single_protein,9,D,2013,,516.4180000000002,3.4036000000000017,135.03,3,9,9,2,2,0.42105263157894735,0.458317185297328
CHEMBL5894670,CHEMBL5894670,Cc1nc2c(F)cc(-c3nc(Nc4ccc5c(n4)CCN(C(=O)NCCO)C5)ncc3F)cc2n1C(C)C,,7.55,1,7.55,7.55,IC50,B,single protein format,single_protein,9,D,2020,,522.5600000000003,3.859420000000002,121.09,3,7,6,5,4,0.34615384615384615,0.35165115404990177
CHEMBL79356,CHEMBL79356,NCC[S+]([O-])c1cc(-c2ccc[nH]2)c2c3c(ccc(F)c13)NC2=O,,7.55,1,7.55,7.55,IC50,B,single protein format,single_protein,8,H,2003,,343.38300000000004,2.6060000000000008,93.97,3,3,4,4,3,0.11764705882352941,0.6356639527971195
CHEMBL5856237,CHEMBL5856237,Cc1nc2c(F)cc(-c3nc(Nc4ccc5c(n4)CCN(C(=O)[C@@H](C)N(C)C)C5)ncc3F)cc2n1C(C)C,,7.55,1,7.55,7.55,IC50,B,single protein format,single_protein,9,D,2020,,534.6150000000002,4.634220000000004,92.07,1,7,6,5,4,0.39285714285714285,0.3855341063657283
CHEMBL272668,CHEMBL272668,NS(=O)(=O)c1ccc(N/C=C2\C(=O)Nc3ccc(C(=O)O)cc32)cc1,,7.55,1,7.55,7.55,IC50,B,single protein format,single_protein,8,H,2001,,359.3630000000001,1.4373,138.58999999999997,4,5,4,3,2,0.0,0.6093017475298969
CHEMBL2426394,CHEMBL2426394,COc1ccc(-c2nn(-c3ccccc3)cc2C(=O)NC(=S)Nc2ccc(C)cc2)cc1,,7.54,1,7.54,7.54,IC50,B,cell-based format,cell_based,9,D,2013,,442.5440000000001,4.983120000000003,68.18,2,4,5,4,4,0.08,0.4266859939982249
CHEMBL5988596,CHEMBL5988596,Cc1nc2c(F)cc(-c3nc(Nc4ccc5c(n4)CCN(CC(C)(C)N(C)C)C5)ncc3F)cc2n1C(C)(C)C,,7.54,1,7.54,7.54,IC50,B,single protein format,single_protein,9,D,2020,,548.6860000000003,5.671820000000006,75.0,1,7,6,5,4,0.4666666666666667,0.33270712267151176
CHEMBL5911327,CHEMBL5911327,Cc1nc2c(F)cc(-c3nc(Nc4ccc5c(n4)CCN(CCCN(C)C)C5)ncc3F)cc2n1C(C)(C)C,,7.54,1,7.54,7.54,IC50,B,single protein format,single_protein,9,D,2020,,534.6590000000003,5.283320000000005,75.0,1,7,7,5,4,0.4482758620689655,0.345652017883433
CHEMBL565137,CHEMBL565137,CNC(=O)c1nn(C)c2c1C(C)(C)Cc1cnc(Nc3ccc(OC4CCN(C)CC4)cc3)nc1-2,,7.54,1,7.54,7.54,IC50,B,single protein format,single_protein,8,H,2009,,475.59700000000026,3.2870000000000017,97.2,2,7,5,5,3,0.46153846153846156,0.5844465602557889
CHEMBL114917,CHEMBL114917,COc1cccc(CC(=O)Nc2cc(C3CC3)[nH]n2)c1,,7.54,2,7.54,7.54,IC50,B,single protein format,single_protein,8,H,2008,,271.32,2.4768999999999997,67.00999999999999,2,3,5,3,2,0.3333333333333333,0.8775350133360744
CHEMBL4786429,CHEMBL4786429,CN(C)C/C=C/C(=O)Nc1cccc(C(=O)Nc2ncc(SCc3ncc(C(C)(C)C)o3)s2)c1,,7.54,1,7.54,7.54,IC50,B,single protein format,single_protein,9,D,2020,,499.66200000000026,5.029500000000004,100.36000000000001,2,8,9,3,3,0.3333333333333333,0.31454878967706673
CHEMBL6060984,CHEMBL6060984,COCC(=O)N1CCc2nc(Nc3ncc(F)c(-c4cc(F)c5nc(C)n(C(C)C)c5c4)n3)ccc2C1,,7.54,1,7.54,7.54,IC50,B,single protein format,single_protein,9,D,2021,,507.5450000000003,4.3305200000000035,98.05999999999999,1,7,6,5,4,0.34615384615384615,0.4148393586938208
CHEMBL185971,CHEMBL185971,COc1cc(F)c(C(=S)c2c(N)nc3ccc(C(=O)c4c(F)cccc4F)cn23)c(F)c1,,7.54,1,7.54,7.54,IC50,B,single protein format,single_protein,8,H,2004,,459.42400000000015,4.478800000000002,69.62,1,5,5,4,4,0.045454545454545456,0.2708496339167407
CHEMBL5994564,CHEMBL5994564,Cc1nc2c(F)cc(-c3nc(Nc4ccc5c(n4)CCN(C[C@@H]4CCCN4C)C5)ncc3F)cc2n1C1CC1,,7.54,1,7.54,7.54,IC50,B,single protein format,single_protein,9,D,2020,,530.6270000000002,5.005720000000005,75.0,1,7,6,7,4,0.4482758620689655,0.3758489634494535
CHEMBL5814867,CHEMBL5814867,CNCC(=O)N1CCc2nc(Nc3ncc(F)c(-c4cc(F)c5nc(C)n(C(C)C)c5c4)n3)ccc2C1,,7.535,2,7.53,7.54,IC50,B,single protein format,single_protein,9,D,2020,,506.56100000000026,3.903520000000003,100.86,2,7,6,5,4,0.34615384615384615,0.4090557739563624
CHEMBL509730,CHEMBL509730,CC(C)Nc1cc(N[C@H]2CC[C@H](N)CC2)nc2c(C#N)cnn12,,7.52,1,7.52,7.52,IC50,B,single protein format,single_protein,8,H,2008,,313.40899999999993,2.1030799999999994,104.05999999999999,3,6,4,3,2,0.5625,0.7982927570603466
CHEMBL2426397,CHEMBL2426397,COc1ccc(-c2nn(-c3ccccc3)cc2C(=O)NC(=S)Nc2ccc(Cl)cc2)cc1,,7.52,1,7.52,7.52,IC50,B,cell-based format,cell_based,9,D,2013,,462.9620000000001,5.328100000000004,68.18,2,4,5,4,4,0.041666666666666664,0.3923167472876048
CHEMBL48362,CHEMBL48362,CN1CCC(c2c(O)cc(O)c3c2O/C(=C\c2ccc(S(N)(=O)=O)cc2)C3=O)CC1,,7.52,1,7.52,7.52,IC50,B,single protein format,single_protein,8,H,2002,,430.4820000000002,2.1706000000000003,130.16,3,7,3,4,2,0.2857142857142857,0.6362996484902261
CHEMBL364767,CHEMBL364767,Cc1[nH]c([N+](=O)[O-])c(C)c1-c1ccnc(Nc2ccc(F)cc2)n1,,7.52,1,7.52,7.52,Ki,B,single protein format,single_protein,8,H,2004,,327.319,3.8794400000000016,96.74,2,5,4,3,3,0.125,0.5596954936700534
CHEMBL431336,CHEMBL431336,Cc1nc(N)sc1-c1ccnc(Nc2ccc(O)cc2)n1,,7.52,1,7.52,7.52,Ki,B,single protein format,single_protein,8,H,2004,,299.35900000000004,2.9399200000000008,96.95,3,7,3,3,3,0.07142857142857142,0.6433243692201225
CHEMBL58483,CHEMBL58483,O=C1Nc2cccc(CCO)c2/C1=C/c1[nH]cc2c1CCOC2=O,,7.52,1,7.52,7.52,IC50,B,single protein format,single_protein,8,H,2003,,324.3360000000001,1.7551,91.42000000000002,3,4,3,4,2,0.2222222222222222,0.5924492671793421
CHEMBL254171,CHEMBL254171,O=C(Cc1ccc(-c2ccncc2)cc1)Nc1n[nH]c2ccc(N3CCCS3(=O)=O)cc12,,7.52,1,7.52,7.52,IC50,B,single protein format,single_protein,8,H,2008,,447.5200000000003,3.346000000000002,108.04999999999998,2,5,5,5,4,0.17391304347826086,0.4878101537591325
CHEMBL574737,CHEMBL574737,CN[C@@H]1C[C@H]2O[C@@](C)([C@@H]1OC)n1c3ccccc3c3c4c(c5c6ccccc6n2c5c31)C(=O)N[C@H]4O,UCN-01,7.52,1,7.52,7.52,IC50,B,single protein format,single_protein,9,D,2010,2,482.54000000000025,3.844900000000002,89.68,3,5,2,8,5,0.32142857142857145,0.3557833243272794
CHEMBL84944,CHEMBL84944,CC(C)C(CO)Nc1nc(NCc2cccc(O)c2)c2ncn(C(C)C)c2n1,,7.52,1,7.52,7.52,IC50,B,single protein format,single_protein,9,D,2000,,384.4840000000001,3.1537000000000015,108.11999999999999,4,7,8,3,3,0.45,0.47233732711587945
CHEMBL258040,CHEMBL258040,O=C(Cc1ccc(N2CCCCC2)cc1)Nc1n[nH]c2ccc(N3CCCS3(=O)=O)cc12,,7.52,1,7.52,7.52,IC50,B,single protein format,single_protein,8,H,2008,,453.5680000000002,3.274300000000002,98.4,2,5,5,5,3,0.391304347826087,0.6178454655144927
CHEMBL576257,CHEMBL576257,Cc1cc(Nc2cnc(C#N)c(N[C@@H](C)c3ccc(F)cn3)n2)n[nH]1,,7.52,1,7.52,7.52,IC50,B,single protein format,single_protein,8,H,2009,,338.35,2.8306000000000004,115.19999999999999,3,7,5,3,3,0.1875,0.6548736697586564
CHEMBL360530,CHEMBL360530,Cc1[nH]c(C#N)c(C)c1-c1ccnc(Nc2cccc(O)c2)n1,,7.52,1,7.52,7.52,Ki,B,single protein format,single_protein,8,H,2004,,305.34100000000007,3.409420000000001,97.62,3,5,3,3,3,0.11764705882352941,0.6885753304787392
CHEMBL231950,CHEMBL231950,C/C(=C1/SC(=N)NC1=O)c1ccc(-c2ccc(S(N)(=O)=O)cc2)o1,,7.52,1,7.52,7.52,IC50,B,single protein format,single_protein,8,H,2007,,363.4200000000001,2.12277,126.24999999999999,3,6,3,3,2,0.06666666666666667,0.7201067625981278
CHEMBL5209307,CHEMBL5209307,CCCc1cnc(NC(=O)[C@@H](C)c2ccc(NC(C)=O)cc2)s1,,7.51,1,7.51,7.51,IC50,B,single protein format,single_protein,9,D,2022,,331.44100000000003,3.7962000000000025,71.09,2,4,6,2,2,0.35294117647058826,0.845612227903298
CHEMBL6009610,CHEMBL6009610,Cc1nc2c(F)cc(-c3nc(Nc4ccc5c(n4)CCN(CCN(C)C)[C@@H]5C)ncc3F)cc2n1C(C)(C)C,,7.51,1,7.51,7.51,IC50,B,single protein format,single_protein,9,D,2021,,534.6590000000002,5.454220000000006,75.0,1,7,6,5,4,0.4482758620689655,0.3523957998364799
CHEMBL5178263,CHEMBL5178263,NCCCNCCCCNCCCNc1ccc(Nc2nc(N[C@H]3CC[C@H](N)CC3)nc3c2ncn3C2CCCC2)cc1,,7.51,1,7.51,7.51,IC50,B,single protein format,single_protein,9,D,2022,,591.8530000000001,4.477000000000003,155.79000000000002,7,10,18,5,3,0.65625,0.10531656195029353
CHEMBL564884,CHEMBL564884,CNC(=O)c1nn(C)c2c1C(C)(C)Cc1cnc(Nc3cccc(N4CCN(C)CC4)c3)nc1-2,,7.51,1,7.51,7.51,IC50,B,single protein format,single_protein,8,H,2009,,460.58600000000024,2.5658000000000003,91.21,2,7,4,5,3,0.44,0.6183384741740715
CHEMBL5763679,CHEMBL5763679,Cc1nc2c(F)cc(-c3nc(Nc4ccc5c(n4)CCN(C(=O)CN4CCOCC4)C5)ncc3F)cc2n1C(C)C,,7.51,1,7.51,7.51,IC50,B,single protein format,single_protein,9,D,2020,,562.6250000000003,4.016320000000003,101.30000000000001,1,8,6,6,4,0.41379310344827586,0.376290396315438
CHEMBL2158854,CHEMBL2158854,NS(=O)(=O)c1cccc(Nc2nccc(-c3ccnc(N4C5CCC4COC5)c3)n2)c1,,7.51,1,7.51,7.51,IC50,B,single protein format,single_protein,8,H,2012,,438.51300000000026,2.2972,123.33,2,8,5,5,3,0.2857142857142857,0.6219554493531344
CHEMBL2143507,CHEMBL2143507,CC(=O)Nc1ccc(C(C)C(=O)Nc2ncc(C(C)C)s2)cc1,,7.51,1,7.51,7.51,IC50,B,single protein format,single_protein,9,D,2022,,331.44100000000003,3.967100000000003,71.09,2,4,5,2,2,0.35294117647058826,0.8706920877052794
CHEMBL1084715,CHEMBL1084715,CCNc1nc(C)c(-c2ccnc(Nc3ccc(CNC(C)=O)cc3)n2)s1,,7.5,1,7.5,7.5,Ki,B,single protein format,single_protein,8,H,2010,,382.49300000000005,3.7200200000000017,91.83,3,7,7,3,3,0.2631578947368421,0.5767699008325796
CHEMBL2426396,CHEMBL2426396,COc1ccc(-c2nn(-c3ccccc3)cc2C(=O)NC(=S)Nc2ccc(F)cc2)cc1,,7.5,1,7.5,7.5,IC50,B,cell-based format,cell_based,9,D,2013,,446.50700000000006,4.813800000000003,68.18,2,4,5,4,4,0.041666666666666664,0.43067941096316525
CHEMBL3655764,CHEMBL3655764,CC[C@H](Nc1nc(NCc2cccc(Cl)c2)c2ncn(C(C)C)c2n1)[C@@H](C)O,,7.5,2,7.0,8.0,IC50,B,single protein format,single_protein,9,D,2013,,402.9300000000001,4.244000000000003,87.89,3,6,8,3,3,0.45,0.5218263967519243
CHEMBL5775776,CHEMBL5775776,Cc1nc2c(F)cc(-c3nc(Nc4ccc5c(n4)CCN(CCN4CC=C(B(O)O)CC4)C5)ncc3F)cc2n1C(C)(C)C,,7.5,1,7.5,7.5,IC50,B,single protein format,single_protein,9,D,2020,,602.4990000000001,3.9757200000000035,115.46000000000001,3,9,7,6,4,0.41935483870967744,0.27047723020306347
CHEMBL1969920,CHEMBL1969920,CN(Cc1ccccc1)c1cc(-c2c[nH]c3ncccc23)cc(Cl)n1,,7.5,1,7.5,7.5,Ki,F,assay format,other,8,H,,,348.83700000000005,4.9147000000000025,44.81,1,3,4,4,4,0.1,0.5325546395668477
CHEMBL1241566,CHEMBL1241566,Cc1ccc(F)c(Nc2nccc(-c3ccc(S(N)(=O)=O)cc3)n2)c1,,7.5,1,7.5,7.5,IC50,B,single protein format,single_protein,8,H,2006,,358.3980000000001,2.98212,97.96999999999998,2,5,4,3,3,0.058823529411764705,0.747041771846141
CHEMBL1975418,CHEMBL1975418,c1ccc(Cn2nnc(-c3ccc4[nH]ncc4c3)c2C2CC2)cc1,,7.5,1,7.5,7.5,Ki,F,assay format,other,8,H,,,315.3800000000001,3.7471000000000023,59.39,1,3,4,5,4,0.21052631578947367,0.6237704150542738
CHEMBL5834517,CHEMBL5834517,CC(=O)N1CCc2nc(Nc3ncc(F)c(-c4cc(F)c5nc(C)n(C(C)C)c5c4)n3)ccc2C1,,7.5,1,7.5,7.5,IC50,B,single protein format,single_protein,9,D,2020,,477.51900000000023,4.704020000000003,88.83,1,6,4,5,4,0.32,0.45826097689657913
CHEMBL1973720,CHEMBL1973720,NC1CCC(Nc2nc(Cl)cc(-c3c[nH]c4ncccc34)n2)CC1,,7.5,2,7.5,7.5,Ki,F,assay format,other,8,H,,,342.8340000000001,3.355100000000001,92.50999999999999,3,5,3,4,3,0.35294117647058826,0.6345940603449258
CHEMBL1977128,CHEMBL1977128,N#Cc1cccc(C(=O)Nc2n[nH]c3ccc(-c4cn(Cc5ccccc5)nn4)cc23)c1,,7.5,1,7.5,7.5,Ki,F,assay format,other,8,H,,,419.44800000000015,3.9936800000000012,112.28,2,5,5,5,5,0.041666666666666664,0.4472146379732988
CHEMBL5982253,CHEMBL5982253,Cc1nc2c(F)cc(-c3nc(Nc4ccc5c(n4)C[C@@H](C)N(CCN(C)C)C5)ncc3F)cc2n1C(C)(C)C,,7.49,2,7.35,7.63,IC50,B,single protein format,single_protein,9,D,2020,,534.6590000000002,5.281720000000005,75.0,1,7,6,5,4,0.4482758620689655,0.3606975718975305
CHEMBL5947385,CHEMBL5947385,C=CC(=O)N1CCc2nc(Nc3ncc(F)c(-c4cc(F)c5nc(C)n(C(C)C)c5c4)n3)ccc2C1,,7.49,1,7.49,7.49,IC50,B,single protein format,single_protein,9,D,2020,,489.53000000000026,4.870120000000004,88.83,1,6,5,5,4,0.2692307692307692,0.40257348243306545
CHEMBL3940661,CHEMBL3940661,CS(=N)(=O)c1ccc(Nc2ncc(Br)c(Nc3ccccc3)n2)cc1,,7.48,1,7.48,7.48,IC50,B,single protein format,single_protein,9,D,2013,,418.3200000000001,4.761770000000003,90.76,3,6,5,3,3,0.058823529411764705,0.5558243467527589
CHEMBL3648100,CHEMBL3648100,CCC(C)Sc1nc(Nc2ccc(S(C)(=N)=O)cc2)ncc1Br,,7.48,1,7.48,7.48,IC50,B,single protein format,single_protein,9,D,2013,,415.38200000000006,4.908770000000003,78.73,2,6,6,2,2,0.3333333333333333,0.5178684247023364
CHEMBL1241662,CHEMBL1241662,Nc1nc2ccc(C(=O)c3c(F)cccc3Cl)cc2n1Cc1c(F)cccc1F,,7.48,1,7.48,7.48,IC50,B,single protein format,single_protein,8,H,2006,,415.8020000000001,4.968500000000002,60.91,1,3,4,4,4,0.047619047619047616,0.47867101926979083
CHEMBL5287016,CHEMBL5287016,CCc1c(C(=O)NCCc2ccc(N3CCCCC3)cc2)[nH]c2ccc(C)cc12,,7.48,1,7.48,7.48,IC50,B,single protein format,single_protein,9,D,2023,,389.54300000000006,5.001520000000005,48.13,2,2,6,4,3,0.4,0.6230728746869572
CHEMBL57256,CHEMBL57256,CN(C)S(=O)(=O)c1ccc2c(c1)/C(=C/c1[nH]cc3c1CCOC3=O)C(=O)N2,,7.48,1,7.48,7.48,IC50,B,single protein format,single_protein,8,H,2003,,387.41700000000026,1.4706000000000001,108.57,2,5,3,4,2,0.2222222222222222,0.6124110151947814
CHEMBL183941,CHEMBL183941,Nc1nc2ccc(C(=O)c3c(F)cccc3Cl)cn2c1C(=O)c1c(F)cccc1F,,7.48,1,7.48,7.48,IC50,B,single protein format,single_protein,8,H,2004,,429.7850000000001,4.449200000000002,77.46000000000001,1,4,4,4,4,0.0,0.4861425945302145
CHEMBL457888,CHEMBL457888,Cc1ncc(-c2ccnc(Nc3ccc(S(=O)(=O)CCCN4CCOCC4)cc3)n2)n1C(C)C,,7.48,1,7.48,7.48,IC50,B,single protein format,single_protein,8,H,2008,,484.62600000000043,3.469020000000002,102.24000000000001,1,8,9,4,3,0.4583333333333333,0.4925968725827371
CHEMBL5942702,CHEMBL5942702,C#CCN1CCc2nc(Nc3ncc(F)c(-c4cc(F)c5nc(C)n(C(C)C)c5c4)n3)ccc2C1,,7.47,1,7.47,7.47,IC50,B,single protein format,single_protein,9,D,2020,,473.53100000000023,4.790720000000003,71.76,1,6,5,5,4,0.3076923076923077,0.42043270814544154
CHEMBL273061,CHEMBL273061,NS(=O)(=O)c1ccc(N/N=C2\C(=O)Nc3ccc(F)cc32)cc1,,7.47,1,7.47,7.47,IC50,B,single protein format,single_protein,8,H,2001,,334.33200000000005,1.2414,113.65,3,5,3,3,2,0.0,0.7327821219271442
CHEMBL4212532,CHEMBL4212532,Cc1nc2c(F)cc(-c3nc(Nc4ccc5c(n4)CCN(C(=O)CN(C)C)C5)ncc3F)cc2n1C(C)C,,7.47,1,7.47,7.47,IC50,B,single protein format,single_protein,9,D,2020,,520.5880000000003,4.245720000000003,92.07,1,7,6,5,4,0.37037037037037035,0.4065043990454653
CHEMBL115319,CHEMBL115319,O=C(Nc1cc(C2CC2)[nH]n1)c1ccc(Br)cc1,,7.47,2,7.47,7.47,IC50,B,single protein format,single_protein,8,H,2008,,306.163,3.3019000000000016,57.78,2,2,3,3,2,0.23076923076923078,0.9138238640963621
CHEMBL5280144,CHEMBL5280144,Cc1c(C(=O)NCCc2ccc(F)cc2)[nH]c2cc(F)ccc12,,7.47,1,7.47,7.47,IC50,B,single protein format,single_protein,9,D,2023,,314.33500000000004,3.727020000000002,44.89,2,1,4,3,3,0.16666666666666666,0.7570972950506295
CHEMBL101801,CHEMBL101801,NC(=O)c1ccc(Nc2nc(N)c(N=O)c(OCC3CCCCC3)n2)cc1,,7.47,1,7.47,7.47,IC50,B,single protein format,single_protein,8,H,2003,,370.4130000000002,3.258300000000002,145.57999999999998,3,8,7,3,2,0.3888888888888889,0.6339037156205285
CHEMBL609040,CHEMBL609040,O=C1Nc2cc3c(O)cccc3c3c4c(cc1c23)OCO4,,7.46,1,7.46,7.46,IC50,B,single protein format,single_protein,8,H,2010,,279.25100000000003,2.993000000000001,67.79,2,4,0,5,3,0.0625,0.6206789574842945
CHEMBL5905735,CHEMBL5905735,Cc1nc2c(F)cc(-c3nc(Nc4ccc5c(n4)CCN(C(C)C)C5)ncc3F)cc2n1C(C)C,,7.46,1,7.46,7.46,IC50,B,single protein format,single_protein,9,D,2020,,477.5630000000002,5.565920000000005,71.76000000000002,1,6,5,5,4,0.38461538461538464,0.40545989716872527
CHEMBL258805,CHEMBL258805,COc1ccc2c(c1)/C(=C/c1cnc[nH]1)C(=O)N2,SU-9516,7.46,3,6.96,7.66,IC50,B,cell-based format;single protein format,mixed,8;9,D;H,2003;2006;2014,1,241.25000000000003,1.9109999999999994,67.00999999999999,2,3,2,3,2,0.07692307692307693,0.7890978640626071
CHEMBL561440,CHEMBL561440,CNC(=O)c1nn(C)c2c1C(C)(C)Cc1cnc(Nc3ccc(CN(C)C)cc3)nc1-2,,7.46,1,7.46,7.46,IC50,B,single protein format,single_protein,8,H,2009,,419.53300000000013,2.8756000000000013,87.97,2,6,5,4,3,0.391304347826087,0.6612257897454502
CHEMBL4872952,CHEMBL4872952,Cc1n[nH]c2ccc(-c3cncc(N[C@@H](CO)c4cccc(F)c4)n3)cc12,,7.46,1,7.46,7.46,IC50,B,single protein format,single_protein,9,D,2021,,363.3960000000001,3.6129200000000017,86.72,3,5,5,4,4,0.15,0.5041763862852783
CHEMBL5921721,CHEMBL5921721,Cc1nc2c(F)cc(-c3nc(Nc4ccc5c(n4)CCN(CCN(C)CC[Si](C)(C)C)C5)ncc3F)cc2n1C(C)(C)C,,7.46,1,7.46,7.46,IC50,B,single protein format,single_protein,9,D,2020,,606.8420000000002,6.601620000000008,75.0,1,7,9,5,4,0.5,0.21523955049551602
CHEMBL23327,CHEMBL23327,CC(C)[C@H](CO)Nc1nc(Nc2cccc(Cl)c2)c2ncn(C(C)C)c2n1,PURVALANOLA,7.46,3,7.16,8.4,IC50,B,single protein format,single_protein,8;9,D;H,1998;2003,,388.90300000000013,4.233000000000002,87.89,3,6,7,3,3,0.42105263157894735,0.5608864758432107
CHEMBL1080561,CHEMBL1080561,Cc1n[nH]c2ccc(-c3nnc(NC[C@@H](N)Cc4cccc(C(F)(F)F)c4)s3)cc12,,7.46,1,7.46,7.46,IC50,B,single protein format,single_protein,8,H,2010,,432.475,4.390520000000002,92.50999999999999,3,6,6,4,4,0.25,0.4202664494882425
CHEMBL5976517,CHEMBL5976517,Cc1nc2c(F)cc(-c3nc(Nc4ccc5c(n4)CCN(CC#CCN(C)C)C5)ncc3F)cc2n1C(C)C,,7.45,1,7.45,7.45,IC50,B,single protein format,single_protein,9,D,2020,,530.6270000000003,4.722520000000004,75.0,1,7,6,5,4,0.3793103448275862,0.3616757211642257
CHEMBL1092754,CHEMBL1092754,Cn1cc(/C=C2\Oc3cccc(O)c3C2=O)c2c(-c3ccc(C(=O)NCCO)cc3)ccnc21,,7.45,1,7.45,7.45,IC50,B,single protein format,single_protein,8,H,2010,,455.47000000000014,3.284200000000002,113.68,3,6,5,5,4,0.11538461538461539,0.3981862361254801
CHEMBL270054,CHEMBL270054,NS(=O)(=O)c1ccc(N/N=C2\C(=O)Nc3ccc(Cl)cc32)cc1,GW280670X,7.445,2,7.37,7.52,IC50,B,single protein format,single_protein,8,H,2001;2004,,350.7870000000001,1.7557,113.65,3,5,3,3,2,0.0,0.7315363964559438
CHEMBL507722,CHEMBL507722,Cc1ncc(-c2nc(Nc3ccc(C(=O)NC4CCN(C)CC4)cc3)ncc2F)n1C(C)C,,7.44,1,7.44,7.44,IC50,B,single protein format,single_protein,8,H,2008,,451.5500000000002,3.9361200000000034,87.97,2,6,6,4,3,0.4166666666666667,0.5903806174715607
CHEMBL455450,CHEMBL455450,C[C@H]1CNC[C@@H](C(=O)Nc2ncc(SCc3ncc(C(C)(C)C)o3)s2)C1,,7.44,1,7.44,7.44,IC50,B,single protein format,single_protein,8,H,2008,,394.5660000000002,3.905000000000003,80.05,2,7,5,3,2,0.6111111111111112,0.7487478906531033
CHEMBL457887,CHEMBL457887,Cc1ncc(-c2ccnc(Nc3ccc(S(=O)(=O)CCCN(C)C)cc3)n2)n1C(C)C,,7.44,1,7.44,7.44,IC50,B,single protein format,single_protein,8,H,2008,,442.5890000000003,3.6984200000000023,93.00999999999999,1,7,9,3,3,0.4090909090909091,0.539982457697604
CHEMBL550959,CHEMBL550959,CNC(=O)c1nn(C)c2c1C(C)(C)Cc1cnc(Nc3ccc(CN4CCOCC4)cc3)nc1-2,,7.44,1,7.44,7.44,IC50,B,single protein format,single_protein,8,H,2009,,461.5700000000003,2.6462000000000003,97.2,2,7,5,5,3,0.44,0.6028866088682846
CHEMBL3644020,CHEMBL3644020,C[C@@H](O)[C@@H](C)Oc1nc(Nc2ccc(S(=O)(=O)c3ccccc3)cc2)ncc1C(F)(F)F,,7.44,1,7.44,7.44,IC50,B,single protein format,single_protein,9,D,2014,,467.4690000000001,4.219900000000003,101.41000000000001,2,7,7,3,3,0.23809523809523808,0.5365171477941449
CHEMBL255255,CHEMBL255255,O=C(Cc1ccccc1)Nc1n[nH]c2ccc(N3CCCS3(=O)=O)cc12,,7.44,1,7.44,7.44,IC50,B,single protein format,single_protein,8,H,2008,,370.43400000000014,2.284,95.16,2,4,4,4,3,0.2222222222222222,0.7365033561206829
CHEMBL2426391,CHEMBL2426391,COc1ccc(NC(=S)NC(=O)c2cn(-c3ccccc3)nc2-c2ccc(F)cc2)cc1,,7.44,1,7.44,7.44,IC50,B,cell-based format,cell_based,9,D,2013,,446.5070000000001,4.813800000000003,68.18,2,4,5,4,4,0.041666666666666664,0.4306794109631651
CHEMBL115220,CHEMBL115220,O=C(Cc1ccc2ccccc2c1)Nc1cc(C2CC2)n[nH]1,,7.43,1,7.43,7.43,IC50,B,single protein format,single_protein,8,H,2006,,291.354,3.621500000000001,57.78,2,2,4,4,3,0.2222222222222222,0.7709944880652141
CHEMBL455468,CHEMBL455468,Cc1ncc(-c2ccnc(Nc3ccc(C(=O)NC4CCN(C)CC4)cc3)n2)n1C(C)C,,7.43,1,7.43,7.43,IC50,B,single protein format,single_protein,8,H,2008,,433.5600000000003,3.7970200000000025,87.97,2,6,6,4,3,0.4166666666666667,0.6148516148205239
CHEMBL2426387,CHEMBL2426387,COc1ccc(NC(=S)NC(=O)c2cn(-c3ccccc3)nc2-c2ccc(Cl)cc2)cc1,,7.43,1,7.43,7.43,IC50,B,cell-based format,cell_based,9,D,2013,,462.9620000000001,5.328100000000004,68.18,2,4,5,4,4,0.041666666666666664,0.3923167472876048
CHEMBL191144,CHEMBL191144,C[C@H](C(=O)Nc1cc(C2CC2)[nH]n1)c1ccc(N2CCCC2=O)cc1,,7.43,2,7.43,7.43,IC50,B,single protein format,single_protein,8,H,2008,,338.4110000000001,3.1561000000000012,78.09,2,3,5,4,2,0.42105263157894735,0.878868045334964
CHEMBL5894084,CHEMBL5894084,Cc1nc2c(F)cc(-c3nc(Nc4ccc5c(n4)CCN(C(=O)CN)C5)ncc3F)cc2n1C(C)C,,7.43,1,7.43,7.43,IC50,B,single protein format,single_protein,9,D,2021,,492.5340000000003,3.6428200000000013,114.85,2,7,5,5,4,0.32,0.43707864912871736
CHEMBL5811164,CHEMBL5811164,Cc1nc2c(F)cc(-c3nc(Nc4ccc5c(n4)CCC(C(=O)CN)C5)ncc3F)cc2n1C(C)C,,7.43,1,7.43,7.43,IC50,B,single protein format,single_protein,9,D,2020,,491.5460000000003,4.432120000000003,111.61000000000001,2,7,6,5,4,0.34615384615384615,0.4103186345637253
CHEMBL5833493,CHEMBL5833493,Cc1nc2c(F)cc(-c3nc(Nc4ccc5c(n4)CCN(C(=O)CC(C)(C)O)C5)ncc3F)cc2n1C(C)C,,7.43,1,7.43,7.43,IC50,B,single protein format,single_protein,9,D,2020,,535.5990000000003,4.845120000000004,109.06,2,7,6,5,4,0.39285714285714285,0.363487725083696
CHEMBL5186025,CHEMBL5186025,O=C1Nc2ccc(Br)cc2/C1=N/NC(=O)c1cc2cc(Br)ccc2o1,,7.42,1,7.42,7.42,IC50,B,single protein format,single_protein,9,D,2021,,463.08500000000015,4.044000000000002,83.7,2,4,2,4,3,0.0,0.5633534325149389
CHEMBL5953872,CHEMBL5953872,COC(=O)N1CCc2nc(Nc3ncc(F)c(-c4cc(F)c5nc(C)n(C(C)C)c5c4)n3)ccc2C1,,7.42,1,7.42,7.42,IC50,B,single protein format,single_protein,9,D,2020,,493.51800000000026,4.923920000000003,98.05999999999999,1,7,4,5,4,0.32,0.43072987708901855
CHEMBL5935222,CHEMBL5935222,COC(=O)CN1CCc2nc(Nc3ncc(F)c(-c4cc(F)c5nc(C)n(C(C)C)c5c4)n3)ccc2C1,,7.42,1,7.42,7.42,IC50,B,single protein format,single_protein,9,D,2021,,507.5450000000003,4.3305200000000035,98.05999999999999,1,8,6,5,4,0.34615384615384615,0.3853426764583836
CHEMBL507167,CHEMBL507167,N[C@H]1CC[C@H](NC(=O)c2n[nH]cc2NC(=O)c2c(F)cccc2F)CC1,,7.42,1,7.42,7.42,IC50,B,single protein format,single_protein,8,H,2008,,363.3680000000001,1.9398999999999993,112.89999999999998,4,4,4,3,2,0.35294117647058826,0.6647523554526977
CHEMBL72510,CHEMBL72510,Cc1nc2ccccn2c1-c1ccnc(Nc2ccc(S(N)(=O)=O)cc2)n1,,7.42,1,7.42,7.42,IC50,B,single protein format,single_protein,8,H,2004,,380.4330000000001,2.4907199999999996,115.27,2,6,4,4,4,0.05555555555555555,0.5619432455937916
CHEMBL5818702,CHEMBL5818702,C/C(=N/O)N(C)CCN1CCc2nc(Nc3ncc(F)c(-c4cc(F)c5nc(C)n(C(C)(C)C)c5c4)n3)ccc2C1,,7.4,1,7.4,7.4,IC50,B,single protein format,single_protein,9,D,2020,,563.6570000000003,5.071020000000004,107.59000000000002,2,8,6,5,4,0.41379310344827586,0.144945437896449
CHEMBL5414905,CHEMBL5414905,CCc1cnn2c(NCc3nc4ccc(F)c(F)c4[nH]3)cc(N3CCCC[C@H]3CCO)nc12,,7.4,1,7.4,7.4,IC50,B,cell-based format,cell_based,9,D,2023,,455.5130000000003,3.799600000000003,94.37,3,6,7,5,4,0.43478260869565216,0.3925087421024628
CHEMBL1968930,CHEMBL1968930,CC(C)(CN)CNc1nc(Cl)cc(-c2c[nH]c3ncccc23)n1,,7.4,1,7.4,7.4,Ki,F,assay format,other,8,H,,,330.82300000000004,3.070100000000001,92.50999999999999,3,5,5,3,3,0.3125,0.6251138147972216
CHEMBL1982271,CHEMBL1982271,CN(C)CC(=O)NC1CCC(Nc2nc(Cl)cc(-c3c[nH]c4ncccc34)n2)CC1,,7.4,1,7.4,7.4,Ki,F,assay format,other,8,H,,,427.94000000000017,3.074200000000001,98.83000000000001,3,6,6,4,3,0.42857142857142855,0.5227141439111591
CHEMBL300767,CHEMBL300767,COc1ccc2c(c1)/C(=C/c1[nH]cc3c1CCOC3=O)C(=O)N2,,7.4,1,7.4,7.4,IC50,B,single protein format,single_protein,8,H,2003,,310.309,2.2288999999999994,80.42,2,4,2,4,2,0.17647058823529413,0.6582337248880736
CHEMBL297412,CHEMBL297412,Cc1nc(C)c(-c2ccnc(Nc3ccc(F)cc3)n2)s1,,7.4,1,7.4,7.4,Ki,B,single protein format,single_protein,8,H,2004,,300.36199999999997,4.099640000000002,50.7,1,5,3,3,3,0.13333333333333333,0.7909110256494286
CHEMBL482193,CHEMBL482193,CC[C@H](CO)Nc1nc(NCc2ccccc2)n2ncc(C(C)C)c2n1,,7.4,1,7.4,7.4,IC50,B,cell-based format,cell_based,9,D,2009,,354.45800000000014,3.042600000000001,87.37,3,6,8,3,3,0.42105263157894735,0.5762532578171192
CHEMBL524059,CHEMBL524059,O=C(O)c1ccc(Nc2nccc(-c3cnn4ncccc34)n2)cc1,,7.4,1,7.4,7.4,IC50,B,single protein format,single_protein,9,D,2008,,332.32300000000004,2.6281000000000008,105.3,2,6,4,4,4,0.0,0.5915297277625372
CHEMBL1987448,CHEMBL1987448,Nc1cc(-c2c[nH]c3ncccc23)cc(Cl)n1,,7.4,1,7.4,7.4,Ki,F,assay format,other,8,H,,,244.68500000000003,2.860500000000001,67.59,2,3,1,3,3,0.0,0.6470429431474597
CHEMBL3655772,CHEMBL3655772,CC[C@H](Nc1nc(NCc2ccc(C(F)(F)F)nc2)c2ncn(C(C)C)c2n1)[C@@H](C)O,,7.4,1,7.4,7.4,IC50,B,single protein format,single_protein,9,D,2013,,437.47000000000014,4.004400000000003,100.78,3,7,8,3,3,0.5,0.4896000127022983
CHEMBL1995932,CHEMBL1995932,Cc1cccc(CNc2cc(-c3c[nH]c4ncccc34)ncn2)c1,,7.4,1,7.4,7.4,Ki,F,assay format,other,8,H,,,315.38000000000005,3.9404200000000014,66.49000000000001,2,4,4,4,4,0.10526315789473684,0.5984136759529515
CHEMBL495751,CHEMBL495751,CCN(CC)CCNC(=O)c1cccc(Nc2nccc(-c3cnn4ncccc34)n2)c1,,7.4,1,7.4,7.4,IC50,B,single protein format,single_protein,9,D,2008,,430.51600000000013,3.001500000000001,100.34,2,7,9,4,4,0.2608695652173913,0.4209550023336283
CHEMBL1965836,CHEMBL1965836,Cc1n[nH]c2ccc(-c3cncc(OCC(N)Cc4cccc(OC(F)(F)F)c4)c3)cc12,,7.4,1,7.4,7.4,Ki,F,assay format,other,8,H,,,442.44100000000003,4.780720000000003,86.05,2,5,7,4,4,0.21739130434782608,0.4302390389765871
CHEMBL3655768,CHEMBL3655768,CC[C@H](Nc1nc(NCC2CC2)c2ncn(C(C)C)c2n1)[C@@H](C)O,,7.4,1,7.4,7.4,IC50,B,single protein format,single_protein,9,D,2013,,332.45200000000006,2.800400000000001,87.89,3,6,8,3,2,0.7058823529411765,0.6888055059010233
CHEMBL3655770,CHEMBL3655770,CC[C@H](Nc1nc(NCc2ccncc2)c2ncn(C(C)C)c2n1)[C@@H](C)O,,7.4,1,7.4,7.4,IC50,B,single protein format,single_protein,9,D,2013,,369.4730000000001,2.985600000000002,100.78,3,7,8,3,3,0.47368421052631576,0.5609738333846452
CHEMBL5979966,CHEMBL5979966,Cc1nc2c(F)cc(-c3nc(Nc4ccc5c(n4)CCN(CCN4CCN(C)CC4)C5)ncc3F)cc2n1C(C)(C)C,,7.4,1,7.4,7.4,IC50,B,single protein format,single_protein,9,D,2020,,575.7120000000002,4.579020000000003,78.24000000000001,1,8,6,6,4,0.4838709677419355,0.358221275602794
CHEMBL258039,CHEMBL258039,CCN(CC)c1ccc(CC(=O)Nc2n[nH]c3ccc(N4CCCS4(=O)=O)cc23)cc1,,7.4,1,7.4,7.4,IC50,B,single protein format,single_protein,8,H,2008,,441.55700000000024,3.130200000000001,98.4,2,5,7,4,3,0.36363636363636365,0.5869879964797997
CHEMBL422897,CHEMBL422897,CN1CCC(c2c(O)cc(O)c3c(=O)cc(-c4ccccc4Cl)oc23)C(O)C1,,7.4,2,7.4,7.4,Ki,F,assay format,other,8,H,,,401.8460000000001,3.3046000000000015,94.14,3,6,2,4,3,0.2857142857142857,0.6095989367593201
CHEMBL1980435,CHEMBL1980435,COc1cccc(C(=O)Nc2n[nH]c3ccc(-c4cn(Cc5ccccc5)nn4)cc23)c1,,7.4,1,7.4,7.4,Ki,F,assay format,other,8,H,,,424.4640000000001,4.130600000000002,97.72,2,5,6,5,5,0.08333333333333333,0.42711955629972814
CHEMBL5574741,CHEMBL5574741,Cn1cnc(S(=O)(=O)N2CCC(Nc3ncc(C#N)c(-c4cnn(CC(F)(F)F)c4)n3)CC2)c1,,7.395,2,6.94,7.85,IC50,B,cell-based format;tissue-based format,cell_based,9,D,2024,,495.4910000000002,1.772779999999999,134.62,1,8,6,4,3,0.42105263157894735,0.546852567924094
CHEMBL572157,CHEMBL572157,Cc1cnc(Nc2cccc(C)c2C)nc1-c1c[nH]c(C(=O)N[C@H](CO)c2cccc(Cl)c2)c1,,7.39,1,7.39,7.39,Ki,B,single protein format,single_protein,8,H,2009,,475.98000000000013,5.257360000000005,102.93,4,5,7,4,4,0.19230769230769232,0.29183310509361354
CHEMBL2426384,CHEMBL2426384,Cc1ccc(-c2nn(-c3ccccc3)cc2C(=O)NC(=S)Nc2ccc(F)cc2)cc1,,7.39,1,7.39,7.39,IC50,B,cell-based format,cell_based,9,D,2013,,430.50800000000015,5.113620000000003,58.95,2,3,4,4,4,0.041666666666666664,0.44173276990735477
CHEMBL5976927,CHEMBL5976927,Cc1nc2c(F)cc(-c3nc(Nc4ccc5c(n4)CCN(C(=O)C4CC(N)C4)C5)ncc3F)cc2n1C(C)C,,7.39,1,7.39,7.39,IC50,B,single protein format,single_protein,9,D,2020,,532.5990000000003,4.421420000000003,114.85,2,7,5,6,4,0.39285714285714285,0.39100174715172137
CHEMBL3648101,CHEMBL3648101,CC(O)CSc1nc(Nc2ccc(S(C)(=N)=O)cc2)ncc1Br,,7.39,1,7.39,7.39,IC50,B,single protein format,single_protein,9,D,2013,,417.3540000000001,3.4910700000000014,98.96,3,7,6,2,2,0.2857142857142857,0.49169896143766567
CHEMBL1081451,CHEMBL1081451,N[C@H](CNc1nnc(-c2ccc3[nH]ncc3c2)s1)Cc1ccc(Cl)cc1,,7.39,1,7.39,7.39,IC50,B,single protein format,single_protein,8,H,2010,,384.8960000000002,3.7167000000000012,92.51,3,6,6,4,4,0.16666666666666666,0.4708442488817871
CHEMBL3642651,CHEMBL3642651,CC(C)c1cc(NCc2ccncc2)n2ncc(Br)c2n1,,7.38,1,7.38,7.38,IC50,B,single protein format,single_protein,9,D,2013,,346.2320000000001,3.622300000000002,55.11,1,4,4,3,3,0.26666666666666666,0.7839621754960868
CHEMBL2426386,CHEMBL2426386,Cc1ccc(NC(=S)NC(=O)c2cn(-c3ccccc3)nc2-c2ccc(Cl)cc2)cc1,,7.38,1,7.38,7.38,IC50,B,cell-based format,cell_based,9,D,2013,,446.9630000000002,5.627920000000004,58.949999999999996,2,3,4,4,4,0.041666666666666664,0.3988219152491637
CHEMBL5532236,CHEMBL5532236,CCC(=O)Nc1ccc(CNc2nc(O[C@@H]3CCCNC3)nc3c(C(C)C)cnn23)cc1,,7.38,1,7.38,7.38,IC50,B,single protein format,single_protein,9,D,2024,,437.5480000000001,3.339100000000002,105.47,3,7,8,4,3,0.4782608695652174,0.49626859776883797
CHEMBL488256,CHEMBL488256,CNC(=O)c1ccc(Nc2nccc(-c3cnc(C)n3CC3CC3)n2)cc1,,7.38,1,7.38,7.38,IC50,B,single protein format,single_protein,8,H,2008,,362.4370000000001,3.1617200000000016,84.73,2,5,6,4,3,0.3,0.7035311520854919
CHEMBL3648088,CHEMBL3648088,CCOC(=O)N=S(=O)(CC)c1ccc(Nc2ncc(Br)c(N[C@H](C)C(C)(C)O)n2)cc1,,7.38,1,7.38,7.38,IC50,B,single protein format,single_protein,9,D,2013,,514.4460000000001,4.557300000000004,125.8,3,8,8,2,2,0.45,0.4683700099473151
CHEMBL1800450,CHEMBL1800450,Cc1cc(-c2cc(N3C[C@H](O)[C@@H](O)C3)ccc2O)nc(N)n1,,7.38,1,7.38,7.38,IC50,B,single protein format,single_protein,8,H,2011,,302.33400000000006,0.2816199999999998,115.73,4,7,2,3,2,0.3333333333333333,0.6294827059611819
CHEMBL1800455,CHEMBL1800455,Nc1nc(-c2cc(N3C[C@H](O)[C@@H](O)C3)ccc2O)cc(C2CCCC2)n1,,7.38,1,7.38,7.38,IC50,B,single protein format,single_protein,8,H,2011,,356.4260000000002,1.6307999999999998,115.73,4,7,3,4,2,0.47368421052631576,0.6604116614455019
CHEMBL272387,CHEMBL272387,NS(=O)(=O)c1ccc(N/N=C2\C(=O)Nc3ccc(S(N)(=O)=O)cc32)cc1,,7.37,1,7.37,7.37,IC50,B,single protein format,single_protein,8,H,2001,,395.42200000000014,-0.2502999999999991,173.81,4,7,4,3,2,0.0,0.5192045468446616
CHEMBL271183,CHEMBL271183,NS(=O)(=O)c1ccc(N/N=C2\C(=O)Nc3cc(Br)ccc32)cc1,,7.37,1,7.37,7.37,IC50,B,single protein format,single_protein,8,H,2001,,395.238,1.8648,113.65,3,5,3,3,2,0.0,0.6887454700537915
CHEMBL5816005,CHEMBL5816005,Cc1nc2c(F)cc(-c3nc(Nc4ccc5c(n4)CCN(CCN4CCOCC4)C5)ncc3F)cc2n1C(C)(C)C,,7.37,1,7.37,7.37,IC50,B,single protein format,single_protein,9,D,2020,,562.6690000000003,4.663820000000004,84.23000000000002,1,8,6,6,4,0.4666666666666667,0.3633441692237469
CHEMBL3644025,CHEMBL3644025,C#CCS(=O)(=O)c1ccc(Nc2ncc(C(F)(F)F)c(O[C@H](C)C(C)(C)O)n2)cc1,,7.37,1,7.37,7.37,IC50,B,single protein format,single_protein,9,D,2014,,443.4470000000002,3.1841000000000017,101.41000000000001,2,7,7,2,2,0.3684210526315789,0.6340154829431922
CHEMBL2426390,CHEMBL2426390,Cc1ccc(NC(=S)NC(=O)c2cn(-c3ccccc3)nc2-c2ccc(F)cc2)cc1,,7.37,1,7.37,7.37,IC50,B,cell-based format,cell_based,9,D,2013,,430.50800000000015,5.113620000000004,58.949999999999996,2,3,4,4,4,0.041666666666666664,0.4417327699073547
CHEMBL190281,CHEMBL190281,O=c1c(Br)cc2cnc(Nc3ccc(N4CCNCC4)cc3)nc2n1C1CCCC1,,7.37,1,7.37,7.37,IC50,B,single protein format,single_protein,9,D,2015,,469.3870000000004,3.822300000000002,75.08000000000001,2,6,4,5,3,0.4090909090909091,0.6054397618652523
CHEMBL3642649,CHEMBL3642649,Fc1ccccc1-c1cc(NCc2ccncc2)n2ncc(Cl)c2n1,,7.365,2,7.19,7.54,IC50,B,single protein format,single_protein,9,D,2013,,353.788,4.195900000000002,55.11,1,4,4,4,4,0.05555555555555555,0.597223863590454
CHEMBL5194832,CHEMBL5194832,C[C@@H]1CCC[C@H]1N1C(=O)C2(CC2)c2cnc(Nc3ccc(S(=O)(=O)N[C@@H]4CCCN(C)C4)cc3)nc21,,7.36,1,7.36,7.36,IC50,B,cell-based format,cell_based,9,D,2022,,510.66400000000027,3.1595000000000013,107.53,2,7,6,6,2,0.5769230769230769,0.6146690285602022
CHEMBL498659,CHEMBL1187319,O=C(N[C@H]1CCCNC1)c1n[nH]cc1NC(=O)c1c(F)cccc1F,,7.36,1,7.36,7.36,IC50,B,single protein format,single_protein,8,H,2008,,349.34100000000007,1.421999999999999,98.91,4,4,4,3,2,0.3125,0.6708794971994269
CHEMBL2426393,CHEMBL2426393,O=C(NC(=S)Nc1ccc(Cl)cc1)c1cn(-c2ccccc2)nc1-c1ccc(F)cc1,,7.36,1,7.36,7.36,IC50,B,cell-based format,cell_based,9,D,2013,,450.92600000000016,5.458600000000002,58.95,2,3,4,4,4,0.0,0.4052931425039689
CHEMBL3099761,CHEMBL3099761,COC(=O)[C@H](Cc1ccc(O)cc1)NC(=O)c1cc(C(=O)O)c2cc(-c3cccc(C(F)(F)F)c3)ccc2n1,,7.35,2,7.3,7.4,Kd,B,single protein format,single_protein,9,D,2014,,538.4780000000002,4.838500000000003,125.82,3,6,7,4,4,0.14285714285714285,0.2876719710673892
CHEMBL5562769,CHEMBL5562769,CNCc1ccc(-n2cc(-c3nc(NC4CCN(S(C)(=O)=O)CC4)ncc3C#N)cn2)c(Cl)c1,,7.35,2,6.95,7.75,IC50,B,cell-based format;tissue-based format,cell_based,9,D,2024,,501.0160000000002,2.4096800000000007,128.82999999999998,2,8,7,4,3,0.36363636363636365,0.5056560677262192
CHEMBL5941236,CHEMBL5941236,CC1(C)CCc2nc3c(F)cc(-c4nc(Nc5ccc(OCC6CCN(CCCO)CC6)cn5)ncc4F)cc3n21,,7.35,1,7.35,7.35,IC50,B,single protein format,single_protein,9,D,2022,,563.6530000000004,5.064600000000005,101.22,2,8,9,6,4,0.4666666666666667,0.2913978456547253
CHEMBL6013826,CHEMBL6013826,Cc1nc2c(F)cc(-c3nc(Nc4ccc5c(n4)CCN(CCN(C)C)[C@H]5C)ncc3F)cc2n1C(C)(C)C,,7.35,2,7.08,7.62,IC50,B,single protein format,single_protein,9,D,2020,,534.6590000000002,5.454220000000006,75.0,1,7,6,5,4,0.4482758620689655,0.3523957998364799
CHEMBL6058303,CHEMBL6058303,Cc1nc2c(F)cc(-c3nc(Nc4ccc5c(n4)C[C@H](C)N(CCN(C)C)C5)ncc3F)cc2n1C(C)(C)C,,7.35,1,7.35,7.35,IC50,B,single protein format,single_protein,9,D,2021,,534.6590000000002,5.281720000000005,75.0,1,7,6,5,4,0.4482758620689655,0.3606975718975305
CHEMBL559844,CHEMBL559844,CNC(=O)c1nn(C)c2c1CCc1cnc(Nc3ccc(N4CCN(C)CC4)cc3)nc1-2,,7.35,1,7.35,7.35,IC50,B,single protein format,single_protein,8,H,2009,,432.53200000000027,1.8306999999999998,91.21,2,7,4,5,3,0.391304347826087,0.649947476845692
CHEMBL188392,CHEMBL188392,NC(=O)c1cc(F)c(C(=O)c2c(N)nc3ccc(C(=O)c4c(Cl)cccc4Cl)cn23)c(F)c1,,7.34,1,7.34,7.34,IC50,B,single protein format,single_protein,8,H,2004,,489.26500000000016,4.062400000000001,120.55000000000001,2,5,5,4,4,0.0,0.4099273302984853
CHEMBL271843,CHEMBL271843,Cc1ccc2c(c1)/C(=N/Nc1ccc(S(N)(=O)=O)cc1)C(=O)N2,GW275944X,7.34,1,7.34,7.34,IC50,B,single protein format,single_protein,8,H,2001,,330.3690000000001,1.4107199999999998,113.64999999999998,3,5,3,3,2,0.06666666666666667,0.7382594848108335
CHEMBL5287042,CHEMBL5287042,CCc1c(C(=O)NCCc2ccccc2)[nH]c2ccc(C)cc12,,7.34,1,7.34,7.34,IC50,B,single protein format,single_protein,9,D,2023,,306.4090000000001,4.0112200000000025,44.89,2,1,5,3,3,0.25,0.7347141504267914
CHEMBL151546,CHEMBL151546,NC(=O)Nc1cccc2c1C(=O)c1c(-c3csc(Cl)c3)n[nH]c1-2,,7.34,1,7.34,7.34,IC50,B,single protein format,single_protein,9,D,2019,,344.783,3.4936000000000016,100.87,3,4,2,4,3,0.0,0.5184134950472205
CHEMBL475948,CHEMBL475948,Cc1ncc(-c2nc(Nc3ccc(N4CCC[C@H]4C(=O)N(C)C)cc3)ncc2F)n1C(C)C,,7.34,1,7.34,7.34,IC50,B,single protein format,single_protein,8,H,2008,,451.5500000000001,4.169120000000003,79.18,1,6,6,4,3,0.4166666666666667,0.6060774557751947
CHEMBL379218,CHEMBL379218,Cc1n[nH]c2ccc(-c3cncc(OC[C@@H](N)Cc4ccccc4)c3)cc12,,7.34,1,7.34,7.34,Ki,B,single protein format,single_protein,9,D,2006,,358.445,3.8821200000000022,76.82,2,4,6,4,4,0.18181818181818182,0.5482499950490909
CHEMBL2158848,CHEMBL2158848,Cc1cccc(Nc2nccc(-c3ccnc(N4CCOCC4)c3)n2)c1,,7.34,1,7.34,7.34,IC50,B,single protein format,single_protein,8,H,2012,,347.4220000000002,3.427220000000002,63.17,1,6,4,4,3,0.25,0.7800785262771122
CHEMBL560102,CHEMBL560102,CNC(=O)c1nn(C)c2c1C(C)(C)Cc1cnc(Nc3cccc(OC4CCN(C)CC4)c3)nc1-2,,7.33,1,7.33,7.33,IC50,B,single protein format,single_protein,8,H,2009,,475.59700000000026,3.2870000000000026,97.2,2,7,5,5,3,0.46153846153846156,0.5844465602557889
CHEMBL445813,CHEMBL445813,O=C(NC1CCNCC1)c1n[nH]cc1NC(=O)c1c(Cl)cccc1Cl,AT-7519,7.33,5,6.77,8.0,IC50;Kd,B,single protein format;subcellular format,mixed,8;9,D;H,2008;2011;2017;2020;2023,2,382.2510000000001,2.4505999999999997,98.91,4,4,4,3,2,0.3125,0.652926389014013
CHEMBL2426383,CHEMBL2426383,COc1ccc(NC(=S)NC(=O)c2cn(-c3ccccc3)nc2-c2ccc(C)cc2)cc1,,7.33,1,7.33,7.33,IC50,B,cell-based format,cell_based,9,D,2013,,442.54400000000015,4.983120000000003,68.18,2,4,5,4,4,0.08,0.4266859939982248
CHEMBL4448494,CHEMBL4448494,Cc1nc2c(F)cc(-c3nc(Nc4ccc5c(n4)CCN(CCN(C)C)C5)ncc3F)cc2n1C(C)C,,7.32,1,7.32,7.32,IC50,B,single protein format,single_protein,9,D,2020,,506.6050000000003,4.719120000000004,75.0,1,7,7,5,4,0.4074074074074074,0.3888130964565123
CHEMBL3648090,CHEMBL3648090,CCOC(=O)N=S(C)(=O)c1ccc(Nc2ncc(Br)c(N[C@H](C)C(C)(C)O)n2)cc1C,,7.32,1,7.32,7.32,IC50,B,single protein format,single_protein,9,D,2013,,514.4460000000001,4.475620000000003,125.8,3,8,7,2,2,0.45,0.4941472620579203
CHEMBL81196,CHEMBL81196,NCCCNc1cc(-c2ccc[nH]2)c2c3c(ccc(F)c13)NC2=O,,7.32,1,7.32,7.32,IC50,B,single protein format,single_protein,8,H,2003,,324.35900000000004,3.3004000000000007,82.94,4,3,5,4,3,0.16666666666666666,0.5434749626014929
CHEMBL5439308,CHEMBL5439308,N#Cc1ccc2c(CCNc3ccc(C(F)(F)F)cc3C(=O)O)c[nH]c2c1,,7.32,2,7.0,7.64,IC50;Kd,B,single protein format,single_protein,9,D,2023,,373.33400000000006,4.4111800000000025,88.91,3,3,5,3,3,0.15789473684210525,0.6179941445966455
CHEMBL5834090,CHEMBL5834090,Cc1nc2c(F)cc(-c3nc(Nc4ccc5c(n4)CCN(CCN(C)CCO)C5)ncc3F)cc2n1C(C)(C)C,,7.32,1,7.32,7.32,IC50,B,single protein format,single_protein,9,D,2020,,550.6580000000002,4.255720000000004,95.23000000000002,2,8,8,5,4,0.4482758620689655,0.3362711531742376
CHEMBL5273925,CHEMBL5273925,CC(C)(C)c1coc(CSc2cnc(NC(=O)C3CCNCC3)s2)n1,,7.32,1,7.32,7.32,IC50,B,single protein format,single_protein,9,D,2020,,380.53900000000016,3.6590000000000016,80.05,2,7,5,3,2,0.5882352941176471,0.770773758794448
CHEMBL114851,CHEMBL114851,O=C(Cc1ccccc1)Nc1cc(C2CC2)[nH]n1,,7.32,2,7.32,7.32,IC50,B,single protein format,single_protein,8,H,2008,,241.29399999999995,2.4683,57.78,2,2,4,3,2,0.2857142857142857,0.863496100487293
CHEMBL5591731,CHEMBL5591731,N#Cc1cnc(NC2CCN(S(=O)(=O)c3ccccn3)CC2)nc1-c1cnn(CC(F)(F)F)c1,,7.3149999999999995,2,6.78,7.85,IC50,B,cell-based format;tissue-based format,cell_based,9,D,2024,,492.4870000000002,2.43428,129.69,1,8,6,4,3,0.35,0.5554662487574193
CHEMBL3655765,CHEMBL3655765,CC[C@H](Nc1nc(NCc2cccc(F)c2)c2ncn(C(C)C)c2n1)[C@@H](C)O,,7.3100000000000005,2,6.92,7.7,IC50,B,single protein format,single_protein,9,D,2013,,386.47500000000014,3.7297000000000033,87.89,3,6,8,3,3,0.45,0.5467325141726204
CHEMBL3648079,CHEMBL3648079,C[C@@H](Nc1nc(Nc2ccc(S(=O)(CC=O)=NS(=O)(=O)CC[Si](C)(C)C)cc2)ncc1Br)C(C)(C)O,,7.31,1,7.31,7.31,IC50,B,single protein format,single_protein,9,D,2013,,620.6680000000002,4.247800000000004,150.71,3,9,12,2,2,0.5,0.23376481564656798
CHEMBL3644030,CHEMBL3644030,C=CCOc1nc(Nc2ccc(S(C)(=O)=O)cc2)ncc1C(F)(F)F,,7.31,1,7.31,7.31,IC50,B,single protein format,single_protein,9,D,2014,,373.35600000000005,3.207300000000002,81.17999999999999,1,6,6,2,2,0.2,0.7834250530601891
CHEMBL2426392,CHEMBL2426392,O=C(NC(=S)Nc1ccc(F)cc1)c1cn(-c2ccccc2)nc1-c1ccc(F)cc1,,7.31,1,7.31,7.31,IC50,B,cell-based format,cell_based,9,D,2013,,434.4710000000001,4.944300000000003,58.95,2,3,4,4,4,0.0,0.4467222253876287
CHEMBL58466,CHEMBL58466,O=C1Nc2cccc(C3CCNCC3)c2/C1=C/c1[nH]cc2c1CCNC2=O,,7.31,1,7.31,7.31,IC50,B,single protein format,single_protein,8,H,2003,,362.4330000000001,2.2603,86.02000000000001,4,3,2,5,2,0.3333333333333333,0.6183544457440738
CHEMBL183158,CHEMBL183158,Cc1ccc(Nc2nccc(-c3c(C)[nH]c(C#N)c3C)n2)cc1[N+](=O)[O-],,7.3,1,7.3,7.3,Ki,B,single protein format,single_protein,8,H,2004,,348.3660000000001,3.920440000000002,120.53,2,6,4,3,3,0.16666666666666666,0.5443127803091619
CHEMBL1972158,CHEMBL1972158,Nc1n[nH]c2ccc(-c3nnn(Cc4ccccc4)c3-c3ccccc3)cc12,,7.3,1,7.3,7.3,Ki,F,assay format,other,8,H,,,366.42800000000005,4.118900000000003,85.41,2,4,4,5,5,0.045454545454545456,0.5009500326040828
CHEMBL419753,CHEMBL419753,O=C(Nc1cc(C2CCCC2)[nH]n1)c1ccc(Br)cc1,,7.3,2,7.3,7.3,IC50,B,single protein format,single_protein,8,H,2008,,334.217,4.082100000000002,57.78,2,2,3,3,2,0.3333333333333333,0.8884520197756268
CHEMBL1992363,CHEMBL1992363,CN(C)c1ccc(C(=O)Nc2n[nH]c3ccc(-c4cn(Cc5ccccc5)nn4)cc23)cc1,,7.3,1,7.3,7.3,Ki,F,assay format,other,8,H,,,437.5070000000001,4.188000000000002,91.73,2,5,6,5,5,0.12,0.4156581328366685
CHEMBL187006,CHEMBL187006,Cc1ccc2c(-c3ccnc(Nc4cccc(C(F)(F)F)c4)n3)cnn2n1,,7.3,1,7.3,7.3,Ki,B,single protein format,single_protein,9,D,2004,,370.338,4.257120000000002,68.0,1,5,3,4,4,0.1111111111111111,0.5837072761625595
CHEMBL379495,CHEMBL379495,COc1ccc(C(=O)Nc2ncc(SCc3ncc(C(C)(C)C)o3)s2)cc1OC,,7.3,1,7.3,7.3,IC50,B,single protein format,single_protein,9,D,2006,,433.55500000000023,4.990400000000005,86.48,1,8,7,3,3,0.35,0.5252812529456151
CHEMBL79049,CHEMBL79049,CCCCOc1c(C(=O)c2c(F)cc(F)cc2F)c[nH]c2nncc1-2,,7.3,1,7.3,7.3,IC50,B,single protein format,single_protein,8,H,2006,,349.312,3.7367000000000026,67.87,1,4,6,3,1,0.23529411764705882,0.5437549243294257
CHEMBL244378,CHEMBL244378,O=C(O)c1ccccc1Nc1ccnc(Nc2ccc3cn[nH]c3c2)n1,,7.3,1,7.3,7.3,Ki,F,assay format,other,8,H,,,346.35,3.5383000000000004,115.82000000000001,4,6,5,4,4,0.0,0.43661414826500927
CHEMBL184253,CHEMBL184253,Cc1[nH]c(C#N)c(C)c1-c1ccnc(Nc2ccc(O)cc2)n1,,7.3,1,7.3,7.3,Ki,B,single protein format,single_protein,8,H,2004,,305.341,3.409420000000001,97.62,3,5,3,3,3,0.11764705882352941,0.6441349267659853
CHEMBL1966816,CHEMBL1966816,O=C(Nc1cccc(C(F)(F)F)n1)Nc1ccnc2c(F)cccc12,,7.3,1,7.3,7.3,Ki,F,assay format,other,8,H,,,350.27500000000003,4.431700000000001,66.91,2,3,2,3,3,0.0625,0.6720177403065248
CHEMBL235849,CHEMBL235849,CS(=O)(=O)Cc1ccc(N/C=C2\C(=O)Nc3ccc4ncsc4c32)cc1,,7.3,1,7.3,7.3,IC50,B,single protein format,single_protein,8,H,2001,,385.47000000000014,3.2460000000000013,88.16,2,6,4,4,3,0.1111111111111111,0.6732961717717298
CHEMBL3655767,CHEMBL3655767,CC[C@H](Nc1nc(NC2CC2)c2ncn(C(C)C)c2n1)[C@@H](C)O,,7.3,1,7.3,7.3,IC50,B,single protein format,single_protein,9,D,2013,,318.425,2.552800000000001,87.89,3,6,7,3,2,0.6875,0.7269811037441523
CHEMBL3655771,CHEMBL3655771,CC[C@H](Nc1nc(NCc2cc(C)nc(C)c2)c2ncn(C(C)C)c2n1)[C@@H](C)O,,7.3,1,7.3,7.3,IC50,B,single protein format,single_protein,9,D,2013,,397.5270000000001,3.6024400000000028,100.78,3,7,8,3,3,0.5238095238095238,0.5337135031905841
CHEMBL3655773,CHEMBL3655773,CC[C@H](Nc1nc(NCc2cccc(C)n2)c2ncn(C(C)C)c2n1)[C@@H](C)O,,7.3,1,7.3,7.3,IC50,B,single protein format,single_protein,9,D,2013,,383.5000000000001,3.294020000000002,100.78,3,7,8,3,3,0.5,0.548531385801924
CHEMBL186054,CHEMBL186054,COc1ccc(Nc2nccc(-c3cnn4ncccc34)n2)cc1OC,PYRAZOLOPYRIDAZINE 2,7.3,1,7.3,7.3,Ki,B,single protein format,single_protein,9,D,2004,,348.36600000000016,2.9471000000000007,86.46000000000001,1,7,5,4,4,0.1111111111111111,0.593174663044944
CHEMBL1800451,CHEMBL1800451,CCc1cc(-c2cc(N3C[C@H](O)[C@@H](O)C3)ccc2O)nc(N)n1,,7.3,1,7.3,7.3,IC50,B,single protein format,single_protein,8,H,2011,,316.36100000000005,0.5355999999999999,115.73,4,7,3,3,2,0.375,0.6527201037224174
CHEMBL364408,CHEMBL364408,Cc1c[nH]c(C)c1-c1ccnc(Nc2cccc([N+](=O)[O-])c2)n1,,7.3,1,7.3,7.3,Ki,B,single protein format,single_protein,8,H,2004,,309.32900000000006,3.7403400000000016,96.74,2,5,4,3,3,0.125,0.5649621036933
CHEMBL570002,CHEMBL570002,Cc1cc(Nc2cnc(C#N)c(N[C@@H](C)c3ncc(F)cn3)n2)n[nH]1,,7.3,1,7.3,7.3,IC50,B,single protein format,single_protein,8,H,2009,,339.338,2.225599999999999,128.09,3,8,5,3,3,0.2,0.6453000450526283
CHEMBL5799961,CHEMBL5799961,Cc1nc2c(F)cc(-c3nc(Nc4ccc5c(n4)CCN(C(C)CN(C)C)C5)ncc3F)cc2n1C(C)(C)C,,7.3,1,7.3,7.3,IC50,B,single protein format,single_protein,9,D,2020,,534.6590000000002,5.281720000000005,75.0,1,7,6,5,4,0.4482758620689655,0.3606975718975305
CHEMBL1997534,CHEMBL1997534,COc1cccc(C(C)NC(=O)c2cc(C)c(-c3ccc4[nH]nc(C)c4c3)s2)c1,,7.3,1,7.3,7.3,Ki,F,assay format,other,8,H,,,405.5230000000001,5.407840000000005,67.00999999999999,2,4,5,4,4,0.21739130434782608,0.4665905418875238
CHEMBL2002649,CHEMBL2002649,COc1ccc2c(c1)C(=Cc1c[nH]cn1)C(=O)N2,,7.3,1,7.3,7.3,Ki,F,assay format,other,8,H,,,241.25000000000003,1.9109999999999994,67.00999999999999,2,3,2,3,2,0.07692307692307693,0.7890978640626071
CHEMBL513354,CHEMBL513354,CCN(CC)Cc1cccc(Nc2nccc(-c3cnn4ncccc34)n2)c1,,7.3,1,7.3,7.3,IC50,B,single protein format,single_protein,9,D,2008,,373.46400000000006,3.771700000000002,71.24,1,6,7,4,4,0.23809523809523808,0.5316391768607998
CHEMBL1970903,CHEMBL1970903,Cc1n[nH]c2ccc(-c3cncc(OCC(N)Cc4c[nH]c5ccccc45)c3)cc12,,7.3,1,7.3,7.3,Ki,F,assay format,other,8,H,,,397.482,4.363420000000002,92.60999999999999,3,4,6,5,5,0.16666666666666666,0.3967766478103931
CHEMBL385190,CHEMBL385190,CCS(=O)(=O)N1CCC(Nc2ncc(C(=O)c3ccccc3OC)c(N)n2)CC1,,7.29,1,7.29,7.29,Ki,B,single protein format,single_protein,9,D,2006,,419.50700000000023,1.5243999999999995,127.51,2,8,7,3,2,0.42105263157894735,0.6468209945963084
CHEMBL1080569,CHEMBL1080569,N[C@H](CNc1nnc(-c2ccc3cnccc3c2)s1)Cc1ccc(C(F)(F)F)cc1,,7.29,2,7.28,7.3,IC50,B,single protein format,single_protein,8,H,2010;2011,,429.4710000000001,4.754000000000003,76.72,2,6,6,4,4,0.19047619047619047,0.46243522327987535
CHEMBL3099762,CHEMBL3099762,COC(=O)[C@H](Cc1ccc(O)cc1)NC(=O)c1cc(C(=O)O)c2cc(CCc3ccc(Cl)cc3)ccc2n1,,7.29,2,7.26,7.32,Kd,B,single protein format,single_protein,9,D,2014,,532.9800000000002,4.591300000000003,125.82,3,6,9,4,4,0.1724137931034483,0.26904763499629
CHEMBL5499697,CHEMBL5499697,N[C@H]1CCN(c2c3c(nc4ccc(-c5ccnc(NC(=O)C6CC6)c5)cc24)CCCC3)C1,,7.29,1,7.29,7.29,IC50,B,single protein format,single_protein,9,D,2024,,427.5520000000004,4.061500000000003,84.13999999999999,2,5,4,6,3,0.4230769230769231,0.6559339496189036
CHEMBL4552628,CHEMBL4552628,Cc1sc(C(=O)N[C@@H]2[C@H](N)CCCC2(F)F)cc1-c1cnn2cc(Cl)cnc12,,7.29,1,7.29,7.29,IC50,B,assay format,other,9,D,2016,,425.89200000000005,3.664520000000002,85.31,2,5,3,4,3,0.3888888888888889,0.6701270287962229
CHEMBL4208172,CHEMBL4208172,CCN1CCN(Cc2ccc(Nc3ncc(F)c(-c4cc(F)c5nc6n(c5c4)C(C)(C)CC6)n3)nc2)CC1,,7.29,1,7.29,7.29,IC50,B,single protein format,single_protein,9,D,2022,,518.6160000000003,4.728900000000003,75.0,1,7,6,6,4,0.42857142857142855,0.3956244035747743
CHEMBL3648086,CHEMBL3648086,CCOC(=O)N=S(=O)(CC)c1ccc(Nc2ncc(Br)c(N[C@@H](COC)[C@H](C)O)n2)cc1,,7.29,1,7.29,7.29,IC50,B,single protein format,single_protein,9,D,2013,,530.4450000000002,3.793700000000002,135.03,3,9,10,2,2,0.45,0.41930202885191536
CHEMBL1800456,CHEMBL1800456,Nc1nc(-c2cc(N3C[C@H](O)[C@@H](O)C3)ccc2O)cc(C2CCCCC2)n1,,7.28,1,7.28,7.28,IC50,B,single protein format,single_protein,8,H,2011,,370.45300000000026,2.0208999999999993,115.73,4,7,3,4,2,0.5,0.6530895142545992
CHEMBL2426382,CHEMBL2426382,Cc1ccc(NC(=S)NC(=O)c2cn(-c3ccccc3)nc2-c2ccc(C)cc2)cc1,,7.28,1,7.28,7.28,IC50,B,cell-based format,cell_based,9,D,2013,,426.5450000000002,5.2829400000000035,58.949999999999996,2,3,4,4,4,0.08,0.4358752282637582
CHEMBL363069,CHEMBL363069,Nc1nc2ccc(C(=O)c3c(Cl)cccc3Cl)cn2c1C(=O)c1c(F)cc(O)cc1F,,7.28,1,7.28,7.28,IC50,B,single protein format,single_protein,8,H,2004,,462.23900000000015,4.669100000000002,97.69000000000001,2,5,4,4,4,0.0,0.4299892839678872
CHEMBL4472486,CHEMBL4472486,CN1CCN(Cc2ccc(NC(=O)Nc3ccc(Oc4ccnc(N)n4)cc3)cc2C(F)(F)F)CC1,,7.28,1,7.28,7.28,Kd,B,cell-based format,cell_based,9,D,2019,,501.5130000000002,4.261300000000002,108.64,3,7,6,4,3,0.2916666666666667,0.4631599749902582
CHEMBL189350,CHEMBL189350,Nc1nc2ccc(C(=O)c3c(Cl)cccc3Cl)cn2c1C(=O)c1c(F)cccc1F,,7.28,1,7.28,7.28,IC50,B,single protein format,single_protein,8,H,2004,,446.2400000000001,4.9635000000000025,77.46000000000001,1,4,4,4,4,0.0,0.44973682952501376
CHEMBL522891,CHEMBL522891,O=C(Nc1c[nH]nc1-c1nc2ccccc2[nH]1)c1ccccc1,,7.28,1,7.28,7.28,IC50,B,single protein format,single_protein,8,H,2009,,303.32500000000005,3.205300000000001,86.46000000000001,3,3,3,4,4,0.0,0.542925687469513
CHEMBL5172659,CHEMBL5172659,COc1ccc2c(c1)/C(=N/NC(=O)c1cc3cc(Br)ccc3o1)C(=O)N2,,7.28,1,7.28,7.28,IC50,B,single protein format,single_protein,9,D,2021,,414.21500000000003,3.2901000000000007,92.93,2,5,3,4,3,0.05555555555555555,0.6437536825741794
CHEMBL4863726,CHEMBL4863726,Cc1n[nH]c2ccc(-c3cncc(NC4CCCC(O)C4)n3)cc12,,7.28,1,7.28,7.28,IC50,B,single protein format,single_protein,9,D,2021,,323.40000000000003,3.0437200000000013,86.72,3,5,3,4,3,0.3888888888888889,0.6894610398356293
CHEMBL5583697,CHEMBL5583697,Cn1cnc(S(=O)(=O)N2CCC(Nc3ncc(C(F)(F)F)c(-c4cnn(CC(F)(F)F)c4)n3)CC2)c1,,7.275,2,6.48,8.07,IC50,B,cell-based format;tissue-based format,cell_based,9,D,2024,,538.4780000000001,2.919900000000001,110.83,1,7,6,4,3,0.47368421052631576,0.4808029041304458
CHEMBL5432928,CHEMBL5432928,O=C(O)c1cc(C(F)(F)F)ccc1NCCc1c[nH]c2cc(Br)ccc12,,7.275,2,6.8,7.75,IC50;Kd,B,single protein format,single_protein,9,D,2023,,427.22,5.302000000000001,65.12,3,2,5,3,3,0.16666666666666666,0.5178650108453023
CHEMBL3648081,CHEMBL3648081,C[C@H](O)[C@@H](C)Oc1nc(Nc2ccc(S(=O)(CCO)=NS(=O)(=O)CC[Si](C)(C)C)cc2)ncc1Br,,7.27,1,7.27,7.27,IC50,B,single protein format,single_protein,9,D,2013,,609.6410000000003,3.618000000000003,151.07,3,9,12,2,2,0.5238095238095238,0.3066612428495668
CHEMBL5976683,CHEMBL5976683,Cc1nc2c(F)cc(-c3nc(Nc4ccc5c(n4)CCN(C(=O)NCCN(C)C)C5)ncc3F)cc2n1C(C)C,,7.27,1,7.27,7.27,IC50,B,single protein format,single_protein,9,D,2020,,549.6300000000002,4.428720000000004,104.1,2,7,7,5,4,0.39285714285714285,0.3515642643580739
CHEMBL83499,CHEMBL83499,O=C1Nc2ccc(F)c3c(NCCO)cc(-c4ccc[nH]4)c1c23,,7.27,1,7.27,7.27,IC50,B,single protein format,single_protein,8,H,2003,,311.31600000000003,2.943900000000001,77.15,4,3,4,4,3,0.11764705882352941,0.5981294816462326
CHEMBL271822,CHEMBL271822,COc1ccc2c(c1Cl)/C(=N/Nc1ccc(S(N)(=O)=O)cc1)C(=O)N2,,7.27,1,7.27,7.27,IC50,B,single protein format,single_protein,8,H,2001,,380.8130000000001,1.764299999999999,122.88,3,6,4,3,2,0.06666666666666667,0.6972723498577491
CHEMBL271137,CHEMBL271137,NS(=O)(=O)c1ccc(N/C=C2\C(=O)Nc3cccc(CO)c32)cc1,,7.27,1,7.27,7.27,IC50,B,single protein format,single_protein,8,H,2001,,345.3800000000001,1.2314000000000003,121.52,4,5,4,3,2,0.0625,0.6210689866053974
CHEMBL549675,CHEMBL549675,CNC(=O)c1nn(C)c2c1C(C)(C)Cc1cnc(Nc3ccc(CN4CCN(C)CC4)cc3)nc1-2,,7.26,1,7.26,7.26,IC50,B,single protein format,single_protein,8,H,2009,,474.6130000000003,2.561400000000001,91.21,2,7,5,5,3,0.46153846153846156,0.587287941169258
CHEMBL4466497,CHEMBL4466497,Cc1nc2c(F)cc(-c3nc(Nc4ccc5c(n4)CCN(CCN(C)C)C5)ncc3F)cc2n1C(C)(C)C,,7.26,1,7.26,7.26,IC50,B,single protein format,single_protein,9,D,2020,,520.6320000000003,4.893220000000005,75.0,1,7,6,5,4,0.42857142857142855,0.3879032404798252
CHEMBL1081830,CHEMBL1081830,N[C@H](CNc1ncc(-c2ccc3nnn(N)c3c2)s1)Cc1ccc(C(F)(F)F)cc1,,7.26,1,7.26,7.26,IC50,B,single protein format,single_protein,8,H,2010,,433.46300000000014,3.269300000000001,107.67,3,7,6,4,4,0.21052631578947367,0.4030172360170314
CHEMBL5572638,CHEMBL6070229,N[C@H]1CCN(c2c3c(nc4ccc(-c5ccnc(NC(=O)C6CC6)n5)cc24)CCCC3)C1,,7.26,1,7.26,7.26,IC50,B,single protein format,single_protein,9,D,2024,,428.5400000000004,3.456500000000002,97.02999999999999,2,6,4,6,3,0.44,0.6605917770749592
CHEMBL2163999,CHEMBL2163999,N[C@H]1CC[C@H](Nc2cc(Nc3ccc(F)c(Cl)c3)n3nccc3n2)CC1,,7.26,1,7.26,7.26,IC50,B,single protein format,single_protein,8,H,2012,,374.8510000000001,3.9472000000000023,80.27,3,5,4,4,3,0.3333333333333333,0.6439776467598031
CHEMBL6043427,CHEMBL6043427,CN1CCC(COc2ccc(Nc3ncc(F)c(-c4cc(F)c5nc6n(c5c4)C(C)(C)CC6)n3)nc2)CC1,,7.26,1,7.26,7.26,IC50,B,single protein format,single_protein,9,D,2022,,519.6000000000003,5.312000000000005,80.99,1,7,6,6,4,0.42857142857142855,0.36968321924943953
CHEMBL519422,CHEMBL519422,CCn1c(-c2ccnc(Nc3ccc(C(=O)NC)cc3)n2)cnc1C,,7.25,1,7.25,7.25,IC50,B,single protein format,single_protein,8,H,2008,,336.39900000000006,2.7716200000000013,84.73,2,5,5,3,3,0.2222222222222222,0.7482358298592214
CHEMBL115933,CHEMBL115933,O=C(Cc1ccc(-c2ccccc2)cc1)Nc1cc(C2CC2)[nH]n1,,7.25,2,7.25,7.25,IC50,B,single protein format,single_protein,8,H,2008,,317.3920000000001,4.135300000000002,57.78,2,2,5,4,3,0.2,0.7429425424098121
CHEMBL232556,CHEMBL232556,Cc1cc(N2C(=O)CN(C)C2=O)c2oc(-c3ccc(O)c(O)c3)c(O)c(=O)c2c1,,7.25,1,7.25,7.25,IC50,B,single protein format,single_protein,8,H,2007,,396.35500000000013,2.283620000000001,131.52,3,7,2,4,3,0.15,0.44720164345929897
CHEMBL4860265,CHEMBL4860265,Cc1n[nH]c2ccc(-c3cncc(N[C@@H](CO)c4ccc(F)cc4)n3)cc12,,7.25,1,7.25,7.25,IC50,B,single protein format,single_protein,9,D,2021,,363.3960000000001,3.6129200000000017,86.72,3,5,5,4,4,0.15,0.5041763862852783
CHEMBL2426399,CHEMBL2426399,COc1ccc(NC(=S)NC(=O)c2cn(-c3ccccc3)nc2-c2ccccc2)cc1,,7.25,1,7.25,7.25,IC50,B,cell-based format,cell_based,9,D,2013,,428.5170000000001,4.674700000000003,68.18,2,4,5,4,4,0.041666666666666664,0.4521427982093231
CHEMBL1080891,CHEMBL1080891,Cc1n[nH]c2ccc(-c3nnc(NC[C@@H](N)Cc4ccccc4Cl)s3)cc12,,7.24,1,7.24,7.24,IC50,B,single protein format,single_protein,8,H,2010,,398.92300000000006,4.025120000000001,92.50999999999999,3,6,6,4,4,0.21052631578947367,0.4557323492304891
CHEMBL5784667,CHEMBL5784667,Cc1nc2c(F)cc(-c3nc(Nc4ccc5c(n4)CCN(C(=O)C(C)N(C)C)C5)ncc3F)cc2n1C(C)C,,7.24,1,7.24,7.24,IC50,B,single protein format,single_protein,9,D,2020,,534.6150000000002,4.634220000000004,92.07,1,7,6,5,4,0.39285714285714285,0.3855341063657283
CHEMBL1922219,CHEMBL1922219,CC[C@H](Nc1nc(NCc2cccnc2)c2ncn(C(C)C)c2n1)[C@@H](C)O,,7.24,2,6.96,7.52,IC50,B,cell-based format;single protein format,mixed,9,D,2014;2022,,369.4730000000001,2.985600000000002,100.78,3,7,8,3,3,0.47368421052631576,0.5609738333846452
CHEMBL572162,CHEMBL572162,Cc1cnc(Nc2ccccc2F)nc1-c1c[nH]c(C(=O)N[C@H](CO)c2ccccc2)c1,,7.24,1,7.24,7.24,Ki,B,single protein format,single_protein,8,H,2009,,431.4710000000001,4.126220000000002,102.93,4,5,7,4,4,0.125,0.3524283581785139
CHEMBL2426389,CHEMBL2426389,O=C(NC(=S)Nc1ccc(Cl)cc1)c1cn(-c2ccccc2)nc1-c1ccc(Cl)cc1,,7.24,1,7.24,7.24,IC50,B,cell-based format,cell_based,9,D,2013,,467.3810000000002,5.972900000000003,58.95,2,3,4,4,4,0.0,0.36317747582139304
CHEMBL4453997,CHEMBL4453997,COc1ccc(-c2n[nH]c3c2C(=O)c2c(C=O)cccc2-3)cc1,,7.24,1,7.24,7.24,IC50,B,single protein format,single_protein,9,D,2019,,304.305,3.1092000000000013,72.05,1,4,3,4,3,0.05555555555555555,0.5902699412326755
CHEMBL564470,CHEMBL564470,CNC(=O)c1nn(C)c2c1C(C)(C)Cc1cnc(Nc3cccc(CN4CCN(C)CC4)c3)nc1-2,,7.23,1,7.23,7.23,IC50,B,single protein format,single_protein,8,H,2009,,474.6130000000003,2.561400000000001,91.21,2,7,5,5,3,0.46153846153846156,0.587287941169258
CHEMBL361348,CHEMBL361348,CC(C)c1cnn2c(Nc3ccc(S(=O)(=O)N(C)C)cc3)cc(N[C@H]3CC[C@H](N)CC3)nc12,,7.23,1,7.23,7.23,IC50,B,single protein format,single_protein,9,D,2005,,471.6310000000003,3.5284000000000013,117.64999999999999,3,7,7,4,3,0.4782608695652174,0.4823861795237667
CHEMBL2426388,CHEMBL2426388,O=C(NC(=S)Nc1ccc(F)cc1)c1cn(-c2ccccc2)nc1-c1ccc(Cl)cc1,,7.23,1,7.23,7.23,IC50,B,cell-based format,cell_based,9,D,2013,,450.92600000000016,5.458600000000003,58.95,2,3,4,4,4,0.0,0.40529314250396886
CHEMBL4643057,CHEMBL4643057,C=CC(=O)Nc1cccc(C(=O)Nc2ncc(SCc3ncc(C(C)(C)C)o3)s2)c1,,7.23,1,7.23,7.23,IC50,B,single protein format,single_protein,9,D,2020,,442.5660000000002,5.097700000000004,97.12,2,7,7,3,3,0.23809523809523808,0.3903486497119094
CHEMBL5952782,CHEMBL5952782,Cc1nc2c(F)cc(-c3nc(Nc4ccc5c(n4)CCN(C(=O)C4CC(N(C)C)C4)C5)ncc3F)cc2n1C(C)C,,7.23,1,7.23,7.23,IC50,B,single protein format,single_protein,9,D,2020,,560.6530000000002,5.024320000000005,92.07,1,7,6,6,4,0.43333333333333335,0.3539343773886602
CHEMBL560301,CHEMBL560301,CNC(=O)c1nn(C)c2c1C(C)(C)Cc1cnc(Nc3ccc(N(C)C)cc3)nc1-2,,7.23,1,7.23,7.23,IC50,B,single protein format,single_protein,8,H,2009,,405.5060000000001,2.8800000000000017,87.97,2,6,4,4,3,0.36363636363636365,0.6939914685531735
CHEMBL5772567,CHEMBL5772567,CCOP(=O)(CCN(C)CCN1CCc2nc(Nc3ncc(F)c(-c4cc(F)c5nc(C)n(C(C)(C)C)c5c4)n3)ccc2C1)OCC,,7.23,1,7.23,7.23,IC50,B,single protein format,single_protein,9,D,2020,,670.7459999999999,6.529520000000007,110.53,1,10,13,5,4,0.5151515151515151,0.157770858539539
CHEMBL3298823,CHEMBL3298823,O=C(CC1CNC(=O)c2cc(-c3cn[nH]c3)cn21)NCc1cccc(F)c1,,7.22,1,7.22,7.22,IC50,B,single protein format,single_protein,9,D,2013,,367.3840000000001,2.0082999999999993,91.81,3,3,5,4,3,0.21052631578947367,0.6441332266602342
CHEMBL5805137,CHEMBL5805137,Cc1nc2c(F)cc(-c3nc(Nc4ccc5c(n4)CCN(CC(F)(F)F)C5)ncc3F)cc2n1C(C)C,,7.22,1,7.22,7.22,IC50,B,single protein format,single_protein,9,D,2020,,517.5060000000002,5.719820000000004,71.76000000000002,1,6,5,5,4,0.36,0.3416762755903825
CHEMBL46401,CHEMBL46401,Cc1nc(N(C)C)sc1-c1ccnc(Nc2cccc([N+](=O)[O-])c2)n1,,7.22,1,7.22,7.22,Ki,B,single protein format,single_protein,8,H,2004,,356.4110000000001,3.6263200000000024,97.08,1,8,5,3,3,0.1875,0.5505099808386165
CHEMBL480442,CHEMBL480442,CC(C)c1cnn2c(NCc3ccc(Cl)cc3)nc(N[C@@H](CO)C(C)C)nc12,,7.22,1,7.22,7.22,IC50,B,cell-based format,cell_based,9,D,2009,,402.9300000000001,3.942000000000002,87.37,3,6,8,3,3,0.45,0.528572621891644
CHEMBL5845923,CHEMBL5845923,CCOP(=O)(OCC)C1(O)CCN(CCN2CCc3nc(Nc4ncc(F)c(-c5cc(F)c6nc(C)n(C(C)(C)C)c6c5)n4)ccc3C2)C1,,7.22,1,7.22,7.22,IC50,B,single protein format,single_protein,9,D,2020,,698.7559999999999,5.9920200000000055,130.76,2,11,11,6,4,0.5294117647058824,0.17920683380120547
CHEMBL47527,CHEMBL47527,Cc1nc(C)c(-c2ccnc(Nc3cccc(O)c3)n2)s1,,7.22,1,7.22,7.22,Ki,B,single protein format,single_protein,8,H,2004,,298.371,3.6661400000000013,70.93,2,6,3,3,3,0.13333333333333333,0.7717474283646342
CHEMBL1800465,CHEMBL1800465,Nc1nc(NC2CCCCC2)cc(-c2cc(N3C[C@H](O)[C@@H](O)C3)ccc2O)n1,,7.22,1,7.22,7.22,IC50,B,single protein format,single_protein,8,H,2011,,385.4680000000001,1.7178,127.76,5,8,4,4,2,0.5,0.5382061379086757
CHEMBL188312,CHEMBL188312,COc1cccc(Nc2nccc(-c3cnn4nc(OC)ccc34)n2)c1,,7.22,1,7.22,7.22,Ki,B,single protein format,single_protein,9,D,2004,,348.3660000000001,2.9471000000000007,86.46000000000001,1,7,5,4,4,0.1111111111111111,0.5931746630449442
CHEMBL407981,CHEMBL407981,CCN1CCN(CCCC(=O)Nc2n[nH]c3nc(-c4ccc(O)cc4)c(Br)cc23)CC1,,7.22,1,7.22,7.22,IC50,B,single protein format,single_protein,8,H,2003,,487.4020000000002,3.449200000000001,97.38,3,6,7,4,3,0.4090909090909091,0.4726072989285069
CHEMBL2348155,CHEMBL2348155,Nc1nccc(-n2cc(-c3ccc(Cl)cc3)c3cnccc32)n1,,7.22,1,7.22,7.22,IC50,B,single protein format,single_protein,9,D,2013,,321.771,3.7181000000000015,69.62,1,4,2,4,4,0.0,0.6106249554986869
CHEMBL411491,CHEMBL411491,NS(=O)(=O)c1ccc(N/N=C2\C(=O)Nc3ccc(Br)cc32)cc1,,7.22,1,7.22,7.22,IC50,B,single protein format,single_protein,8,H,2001,,395.23800000000006,1.8648,113.65,3,5,3,3,2,0.0,0.6887454700537914
CHEMBL181293,CHEMBL181293,CCN[C@H]1CC[C@H](Nc2cc(Nc3ccc(S(=O)(=O)N(C)C)cc3)n3ncc(C(C)C)c3n2)CC1,,7.21,1,7.21,7.21,IC50,B,single protein format,single_protein,9,D,2005,,499.68500000000034,4.1792000000000025,103.65999999999998,3,7,9,4,3,0.52,0.40574027626655385
CHEMBL453651,CHEMBL453651,CNC(=O)c1ccc(Nc2nccc(-c3cnc(COC)n3C(C)C)n2)cc1,,7.21,1,7.21,7.21,IC50,B,single protein format,single_protein,8,H,2008,,380.4520000000001,3.170600000000002,93.96,2,6,7,3,3,0.3,0.6538265344678509
CHEMBL5888813,CHEMBL5888813,Cc1nc2c(F)cc(-c3nc(Nc4ccc5c(n4)CCN(CC[Si](C)(C)C)C5)ncc3F)cc2n1C(C)C,,7.21,1,7.21,7.21,IC50,B,single protein format,single_protein,9,D,2020,,535.7190000000003,6.495720000000006,71.76000000000002,1,6,7,5,4,0.42857142857142855,0.27263102547748064
CHEMBL79848,CHEMBL79848,O=C1Nc2ccc(F)c3c(OCCO)cc(-c4ccc[nH]4)c1c23,,7.21,1,7.21,7.21,IC50,B,single protein format,single_protein,8,H,2003,,312.3,2.910800000000001,74.35,3,3,4,4,3,0.11764705882352941,0.6932374780617956
CHEMBL379193,CHEMBL379193,CCOC(=O)CCC(=O)NS(=O)(=O)c1ccc(Nc2nc(N)n(C(=O)c3c(F)cccc3F)n2)cc1,,7.21,1,7.21,7.21,IC50,B,single protein format,single_protein,9,D,2006,,522.4900000000002,1.7187999999999992,175.37,3,10,9,3,3,0.19047619047619047,0.3508643145749959
CHEMBL408019,CHEMBL408019,O=C(Nc1n[nH]c2nc(-c3cccc(O)c3)ccc12)C1CC1,,7.21,1,7.21,7.21,IC50,B,single protein format,single_protein,8,H,2003,,294.31400000000014,2.6790000000000003,90.9,3,4,3,4,3,0.1875,0.6923200521171139
CHEMBL1076721,CHEMBL1076721,COc1ccc(C2=NNC(=O)/C2=N\Nc2cccnc2)cc1,,7.21,1,7.21,7.21,Ki,B,single protein format,single_protein,8,H,2010,,295.302,1.3922,87.97,2,6,4,3,2,0.06666666666666667,0.8343695870364096
CHEMBL5853767,CHEMBL5853767,Cc1nc2c(F)cc(-c3nc(Nc4ccc5c(n4)CCN(C[C@@H]4CNCCO4)C5)ncc3F)cc2n1C(C)C,,7.21,1,7.21,7.21,IC50,B,single protein format,single_protein,9,D,2021,,534.6150000000002,4.145920000000003,93.02000000000001,2,8,6,6,4,0.42857142857142855,0.3813601001682339
CHEMBL410293,CHEMBL410293,NS(=O)(=O)c1ccc(N/C=C2\C(=O)Nc3cc(CO)ccc32)cc1,,7.21,1,7.21,7.21,IC50,B,single protein format,single_protein,8,H,2001,,345.38000000000005,1.2313999999999998,121.52,4,5,4,3,2,0.0625,0.6210689866053974
CHEMBL321939,CHEMBL321939,NS(=O)(=O)c1ccc(Nc2cc(-c3cccc(NC(=O)Nc4cc(C(F)(F)F)ccc4F)c3)[nH]n2)cc1,,7.21,1,7.21,7.21,IC50,B,single protein format,single_protein,8,H,2003,,534.4950000000001,5.269600000000002,142.0,5,5,6,4,4,0.043478260869565216,0.21435673382917908
CHEMBL5811976,CHEMBL5811976,Cc1nc2c(F)cc(-c3nc(Nc4ccc5c(n4)CCN(C[C@@H]4CNCCO4)C5)ncc3F)cc2n1C(C)(C)C,,7.21,1,7.21,7.21,IC50,B,single protein format,single_protein,9,D,2020,,548.6420000000003,4.320020000000003,93.02000000000001,2,8,5,6,4,0.4482758620689655,0.3811141762981239
CHEMBL365608,CHEMBL365608,C=C(c1ccc2nc(N)c(C(=O)c3c(F)cccc3F)n2c1)c1c(F)cccc1F,,7.2,1,7.2,7.2,IC50,B,single protein format,single_protein,8,H,2004,,411.35800000000006,4.765400000000002,60.39,1,3,4,4,4,0.0,0.38895798960434036
CHEMBL1976455,CHEMBL1976455,O=C(Nc1cnccn1)Nc1ccnc2ccc(C(F)(F)F)cc12,,7.2,1,7.2,7.2,Ki,F,assay format,other,8,H,,,333.273,3.6876000000000007,79.8,2,4,2,3,3,0.06666666666666667,0.7494762486169588
CHEMBL3648097,CHEMBL3648097,CCOc1nc(Nc2ccc(S(=N)(=O)CC)cc2)ncc1Br,,7.2,1,7.2,7.2,IC50,B,single protein format,single_protein,9,D,2013,,385.28700000000003,3.8069700000000024,87.96,2,6,6,2,2,0.2857142857142857,0.7896860167649393
CHEMBL1980253,CHEMBL1980253,Clc1cc(-c2c[nH]c3ncccc23)nc(NC2CCOCC2)n1,,7.2,1,7.2,7.2,Ki,F,assay format,other,8,H,,,329.79100000000017,3.2642000000000007,75.72,2,5,3,4,3,0.3125,0.7212396123649543
CHEMBL2426385,CHEMBL2426385,Cc1ccc(-c2nn(-c3ccccc3)cc2C(=O)NC(=S)Nc2ccc(Cl)cc2)cc1,,7.2,1,7.2,7.2,IC50,B,cell-based format,cell_based,9,D,2013,,446.9630000000002,5.627920000000003,58.95,2,3,4,4,4,0.041666666666666664,0.39882191524916377
CHEMBL1972221,CHEMBL1972221,CCCS(=O)(=O)Nc1ccc(-c2ccc3[nH]nc(NC(=O)CC)c3c2)cc1,,7.2,1,7.2,7.2,Ki,F,assay format,other,8,H,,,386.47700000000015,3.730100000000002,103.94999999999999,3,4,7,3,3,0.2631578947368421,0.5753495539505514
CHEMBL3952214,CHEMBL3952214,CC(C)n1cnnc1-c1cccc(N2Cc3ccccc3C2=O)n1,,7.2,1,7.2,7.2,IC50,B,single protein format,single_protein,9,D,2020,,319.3680000000001,3.0814000000000012,63.910000000000004,0,4,3,4,3,0.2222222222222222,0.7439973346079563
CHEMBL1965660,CHEMBL1965660,NC(=O)c1cc(-c2ccnc(N)n2)[nH]c1-c1ccc(Cl)cc1Cl,,7.2,2,7.2,7.2,Ki,F,assay format,other,8,H,,,348.193,3.1266000000000007,110.68,3,4,3,3,3,0.0,0.6751353896145609
CHEMBL3822989,CHEMBL3822989,CC(=O)N1CCC(n2cc(Nc3ncc(Cl)c(-c4cnn5ccccc45)n3)c(C)n2)CC1,,7.2,1,7.2,7.2,IC50,B,single protein format,single_protein,9,D,2016,,450.93400000000025,3.8766200000000026,93.24000000000001,1,6,4,5,4,0.3181818181818182,0.5068518187247316
CHEMBL1969473,CHEMBL1969473,c1ccc(Cn2nnc(-c3ccc4[nH]ncc4c3)c2-c2ccccc2)cc1,,7.2,1,7.2,7.2,Ki,F,assay format,other,8,H,,,351.41300000000007,4.536700000000003,59.39,1,3,4,5,5,0.045454545454545456,0.5171454657917565
CHEMBL1995740,CHEMBL1995740,COc1cc(-c2ccc3c(c2)Nc2ccc([N+](=O)[O-])cc2NC3=O)ccc1O,,7.2,1,7.2,7.2,Ki,F,assay format,other,8,H,,,377.3560000000001,4.285300000000003,113.73,3,6,3,4,3,0.05,0.4635239375227427
CHEMBL82768,CHEMBL82768,CC(C)(N)CNc1cc(-c2ccc[nH]2)c2c3c(ccc(F)c13)NC2=O,,7.19,1,7.19,7.19,IC50,B,single protein format,single_protein,8,H,2003,,338.3860000000001,3.688900000000001,82.94,4,3,4,4,3,0.21052631578947367,0.5853877273135277
CHEMBL5977920,CHEMBL5977920,CN1CCC(Oc2ccc(Nc3ncc(F)c(-c4cc(F)c5nc6n(c5c4)C(C)(C)CC6)n3)nc2)CC1,,7.19,1,7.19,7.19,IC50,B,single protein format,single_protein,9,D,2022,,505.5730000000003,5.0644000000000045,80.99,1,7,5,6,4,0.4074074074074074,0.40587767054347945
CHEMBL299032,CHEMBL299032,CC(C)NS(=O)(=O)c1ccc2c(c1)/C(=C/c1[nH]cc3c1CCOC3=O)C(=O)N2,,7.19,1,7.19,7.19,IC50,B,single protein format,single_protein,8,H,2003,,401.44400000000024,1.9069999999999998,117.35999999999999,3,5,4,4,2,0.2631578947368421,0.5343509044175275
CHEMBL5592661,CHEMBL5592661,CS(=O)(=O)N1CCC(Nc2ncc(C(F)(F)F)c(-c3cnn(-c4ccc(C#N)cc4Cl)c3)n2)CC1,,7.185,2,6.52,7.85,IC50,B,cell-based format;tissue-based format,cell_based,9,D,2024,,525.9440000000003,3.709080000000002,116.8,1,7,5,4,3,0.3333333333333333,0.5393683611311456
CHEMBL5786556,CHEMBL5786556,CN(C)[C@H]1CCN(c2ccc(Nc3ncc(F)c(-c4cc(F)c5nc6n(c5c4)C(C)(C)CC6)n3)nc2)C1,,7.18,1,7.18,7.18,IC50,B,single protein format,single_protein,9,D,2022,,504.58900000000034,4.731700000000004,75.0,1,7,5,6,4,0.4074074074074074,0.42113501017126603
CHEMBL488436,CHEMBL488436,Cc1ncc(-c2ccnc(Nc3ccc(S(C)(=O)=O)cc3)n2)n1C(C)C,AZD-5438,7.18,2,6.14,8.22,IC50;Kd,B,single protein format;subcellular format,mixed,8;9,D;H,2008;2017,1,371.4660000000001,3.376520000000002,89.77000000000001,1,6,5,3,3,0.2777777777777778,0.7394031145969058
CHEMBL5941223,CHEMBL5941223,Cc1nc2c(F)cc(-c3nc(Nc4ccc5c(n4)CCNC5)ncc3F)cc2n1C1CCC(C)CC1,,7.18,1,7.18,7.18,IC50,B,single protein format,single_protein,9,D,2020,,489.5740000000003,5.615420000000004,80.55000000000001,2,6,4,6,4,0.4074074074074074,0.38760143441509526
CHEMBL184115,CHEMBL184115,COc1ccccc1C(=O)c1c(N)nc2ccc(C(=O)c3c(F)cccc3F)cn12,,7.17,1,7.17,7.17,IC50,B,single protein format,single_protein,8,H,2004,,407.37600000000003,3.665300000000001,86.69,1,5,5,4,4,0.045454545454545456,0.5103949328277522
CHEMBL458547,CHEMBL458547,COCCNS(=O)(=O)c1ccc(Nc2nccc(-c3c(C)nc(C)n3C)n2)cc1,,7.17,1,7.17,7.17,IC50,B,single protein format,single_protein,8,H,2008,,416.5070000000002,2.1622399999999997,111.02999999999999,2,7,8,3,3,0.3157894736842105,0.5413992216295387
CHEMBL60990,CHEMBL60990,O=C1Nc2ccc(C(=O)O)cc2/C1=C/c1[nH]cc2c1CCNC2=O,,7.17,1,7.17,7.17,IC50,B,single protein format,single_protein,8,H,2003,,323.3080000000001,1.4915,111.28999999999999,4,3,2,4,2,0.11764705882352941,0.6273867266072463
CHEMBL58139,CHEMBL58139,CN(C)S(=O)(=O)c1ccc2c(c1)/C(=C/c1[nH]cc3c1CCNC3=O)C(=O)N2,,7.17,1,7.17,7.17,IC50,B,single protein format,single_protein,8,H,2003,,386.4330000000002,1.0435999999999999,111.37,3,4,3,4,2,0.2222222222222222,0.6845985257629021
CHEMBL325606,CHEMBL325606,NC(=O)c1ccc(C(=O)Nc2cc(C3CC3)[nH]n2)cc1,,7.17,2,7.17,7.17,IC50,B,single protein format,single_protein,8,H,2008,,270.292,1.6383,100.86999999999999,3,3,4,3,2,0.21428571428571427,0.7866782775407694
CHEMBL6002613,CHEMBL6002613,Cc1nc2c(F)cc(-c3nc(Nc4ccc5c(n4)CCN(CCN4CCP(C)(=O)CC4)C5)ncc3F)cc2n1C(C)(C)C,,7.17,1,7.17,7.17,IC50,B,single protein format,single_protein,9,D,2020,,608.6780000000002,5.640120000000006,92.07,1,8,6,6,4,0.4838709677419355,0.2814717411308426
CHEMBL115994,CHEMBL115994,O=C(Cc1ccc(OC(F)(F)F)cc1)Nc1cc(C2CC2)[nH]n1,,7.17,2,7.17,7.17,IC50,B,single protein format,single_protein,8,H,2008,,325.29,3.3669000000000002,67.00999999999999,2,3,5,3,2,0.3333333333333333,0.8855722453432707
CHEMBL4856767,CHEMBL4856767,Cc1n[nH]c2ccc(-c3cncc(N[C@@H](CO)c4ccccc4)n3)cc12,,7.17,1,7.17,7.17,IC50,B,single protein format,single_protein,9,D,2021,,345.40600000000006,3.473820000000001,86.72,3,5,5,4,4,0.15,0.5154533351683899
CHEMBL1800452,CHEMBL1800452,CC(C)c1cc(-c2cc(N3C[C@H](O)[C@@H](O)C3)ccc2O)nc(N)n1,,7.17,1,7.17,7.17,IC50,B,single protein format,single_protein,8,H,2011,,330.38800000000003,1.0965999999999998,115.73,4,7,3,3,2,0.4117647058823529,0.6656763752152229
CHEMBL47590,CHEMBL47590,CNc1nc(C)c(-c2ccnc(Nc3ccc(O)cc3)n2)s1,,7.16,1,7.16,7.16,Ki,B,single protein format,single_protein,8,H,2004,,313.386,3.399420000000001,82.96000000000001,3,7,4,3,3,0.13333333333333333,0.6403588787441356
CHEMBL1922212,CHEMBL1922212,CC[C@H](Nc1nc(NCc2cccnc2)c2ncn(C(C)C)c2n1)C(C)(C)O,,7.16,1,7.16,7.16,IC50,B,cell-based format,cell_based,9,D,2014,,383.50000000000017,3.3757000000000024,100.78,3,7,8,3,3,0.5,0.5480508116875934
CHEMBL2426398,CHEMBL2426398,Cc1ccc(NC(=S)NC(=O)c2cn(-c3ccccc3)nc2-c2ccccc2)cc1,,7.16,1,7.16,7.16,IC50,B,cell-based format,cell_based,9,D,2013,,412.51800000000014,4.974520000000004,58.949999999999996,2,3,4,4,4,0.041666666666666664,0.46456821374360213
CHEMBL3298983,CHEMBL3298983,C[C@@H](NC(=O)N1CCc2cnc(NC3CCOCC3)nc2C1)c1ccc2cc[nH]c2c1,,7.16,1,7.16,7.16,IC50,B,single protein format,single_protein,9,D,2014,,420.51700000000017,3.3777000000000017,95.17000000000002,3,5,4,5,3,0.43478260869565216,0.6014852782691733
CHEMBL1080912,CHEMBL1080912,Cc1n[nH]c2ccc(-c3nnc(NC[C@@H](N)Cc4ccc(Cl)cc4Cl)s3)cc12,,7.16,1,7.16,7.16,IC50,B,single protein format,single_protein,8,H,2010,,433.3680000000001,4.678520000000002,92.50999999999999,3,6,6,4,4,0.21052631578947367,0.4107659103092181
CHEMBL565460,CHEMBL565460,Cc1cccc([C@@H](CO)NC(=O)c2cc(-c3nc(Nc4ccccc4)ncc3C)c[nH]2)c1,,7.16,1,7.16,7.16,Ki,B,single protein format,single_protein,8,H,2009,,427.5080000000001,4.295540000000002,102.93,4,5,7,4,4,0.16,0.35222508355676263
CHEMBL2011932,CHEMBL2011932,COc1ccc(-c2nc3c(NCCCNC(=O)C4(CN)CC4)c(Br)cnc3[nH]2)cc1,,7.16,1,7.16,7.16,IC50,B,single protein format,single_protein,8,H,2012,,473.3750000000001,3.0531000000000006,117.94999999999999,4,6,9,4,3,0.38095238095238093,0.3551024980212717
CHEMBL209280,CHEMBL209280,Nc1nc(Nc2ccc(S(=O)(=O)NC(=O)CCC(=O)O)cc2)nn1C(=O)c1c(F)cccc1F,,7.15,1,7.15,7.15,IC50,B,single protein format,single_protein,9,D,2006,,494.4360000000001,1.2402999999999993,186.36999999999995,4,9,8,3,3,0.10526315789473684,0.35480636041630287
CHEMBL5915046,CHEMBL5915046,CC1(C)CCc2nc3c(F)cc(-c4nc(Nc5ccc(OC6CCN(CCO)CC6)cn5)ncc4F)cc3n21,,7.15,1,7.15,7.15,IC50,B,single protein format,single_protein,9,D,2022,,535.5990000000003,4.426900000000003,101.22,2,8,7,6,4,0.42857142857142855,0.35864069459655235
CHEMBL2426381,CHEMBL2426381,O=C(NC(=S)Nc1ccc(Cl)cc1)c1cn(-c2ccccc2)nc1-c1ccccc1,,7.15,1,7.15,7.15,IC50,B,cell-based format,cell_based,9,D,2013,,432.93600000000015,5.319500000000003,58.95,2,3,4,4,4,0.0,0.4283578001154621
CHEMBL3298312,CHEMBL3298312,CC[C@@H](NC(=O)N1CCc2cnc(N[C@@H](C)CO)nc2C1)c1ccc(OC)c(Cl)c1,,7.15,1,7.15,7.15,IC50,B,single protein format,single_protein,9,D,2014,,433.94000000000017,3.1503000000000014,99.61000000000001,3,6,7,3,2,0.47619047619047616,0.6198771277830986
CHEMBL5532052,CHEMBL5532052,CC[C@H](CO)Nc1nc(NCc2ccc(NC(=O)C3CCOCC3)cc2)n2ncc(C(C)C)c2n1,,7.15,1,7.15,7.15,IC50,B,single protein format,single_protein,9,D,2024,,481.60100000000034,3.407700000000002,125.7,4,8,10,4,3,0.52,0.347140591451532
CHEMBL1080740,CHEMBL1080740,Cc1n[nH]c2ccc(-c3nnc(NC[C@@H](N)Cc4ccc(Cl)cc4)s3)cc12,,7.14,1,7.14,7.14,IC50,B,single protein format,single_protein,8,H,2010,,398.92300000000006,4.025120000000001,92.50999999999999,3,6,6,4,4,0.21052631578947367,0.4557323492304891
CHEMBL5781074,CHEMBL5781074,Cc1nc2c(F)cc(-c3nc(Nc4ccc5c(n4)CCNC5)ncc3F)cc2n1C1CCC1,,7.14,1,7.14,7.14,IC50,B,single protein format,single_protein,9,D,2020,,447.4930000000002,4.589220000000003,80.55000000000001,2,6,4,6,4,0.3333333333333333,0.4764073354247339
CHEMBL5983466,CHEMBL5983466,Cc1nc2c(F)cc(-c3nc(Nc4ccc5c(n4)CCN(CCN(C)CCN(C)C)C5)ncc3F)cc2n1C(C)(C)C,,7.14,1,7.14,7.14,IC50,B,single protein format,single_protein,9,D,2020,,577.7280000000002,4.825020000000004,78.24000000000001,1,8,9,5,4,0.4838709677419355,0.30340606543290805
CHEMBL3973367,CHEMBL3973367,COc1cc(F)ccc1-c1nc(Nc2cc(F)c(F)c(CS(C)(=O)=NC#N)c2)ncc1F,,7.14,1,7.14,7.14,IC50,B,cell-based format,cell_based,8,H,2015,,465.4320000000002,4.531080000000003,100.26,1,7,6,3,3,0.15,0.4241304581319311
CHEMBL82251,CHEMBL82251,CCc1cc(-c2ccc[nH]2)c2c3c(ccc(F)c13)NC2=O,,7.14,1,7.14,7.14,IC50,B,single protein format,single_protein,8,H,2003,,280.302,4.102100000000002,44.89,2,1,2,4,3,0.11764705882352941,0.7289125621144066
CHEMBL1087281,CHEMBL1087281,Cc1n[nH]c2ccc(-c3nnc(NC[C@@H](N)Cc4ccccc4)s3)cc12,,7.14,1,7.14,7.14,IC50,B,single protein format,single_protein,8,H,2010,,364.478,3.3717200000000007,92.50999999999999,3,6,6,4,4,0.21052631578947367,0.4877132109664181
CHEMBL5972036,CHEMBL5972036,C#CCN1CCCC1CN1CCc2nc(Nc3ncc(F)c(-c4cc(F)c5nc(C)n(C(C)C)c5c4)n3)ccc2C1,,7.13,1,7.13,7.13,IC50,B,single protein format,single_protein,9,D,2020,,556.6650000000002,5.255120000000005,75.0,1,7,7,6,4,0.41935483870967744,0.311617932841704
CHEMBL324577,CHEMBL324577,NC(=O)c1ccc(CC(=O)Nc2cc(C3CC3)[nH]n2)cc1,,7.13,2,7.13,7.13,IC50,B,single protein format,single_protein,8,H,2008,,284.31899999999996,1.5671999999999997,100.86999999999999,3,3,5,3,2,0.26666666666666666,0.7763089885328867
CHEMBL538195,CHEMBL538195,Cn1nc(C(=O)NCCO)c2c1-c1nc(Nc3ccccc3)ncc1CC2,,7.13,1,7.13,7.13,IC50,B,single protein format,single_protein,8,H,2009,,364.40900000000016,1.4414,104.96000000000001,3,6,5,4,3,0.2631578947368421,0.6327434022445423
CHEMBL1081439,CHEMBL1081439,N[C@H](CNc1nnc(-c2ccc3[nH]ncc3c2)s1)Cc1ccc(F)cc1,,7.13,1,7.13,7.13,IC50,B,single protein format,single_protein,8,H,2010,,368.44100000000014,3.202400000000001,92.51,3,6,6,4,4,0.16666666666666666,0.4859687854003147
CHEMBL271842,CHEMBL271842,Nc1ccc2c(c1)/C(=N/Nc1ccc(S(N)(=O)=O)cc1)C(=O)N2,,7.13,1,7.13,7.13,IC50,B,single protein format,single_protein,8,H,2001,,331.3570000000001,0.6845000000000003,139.67,4,6,3,3,2,0.0,0.48360202037943056
CHEMBL2426380,CHEMBL2426380,O=C(NC(=S)Nc1ccc(F)cc1)c1cn(-c2ccccc2)nc1-c1ccccc1,,7.12,1,7.12,7.12,IC50,B,cell-based format,cell_based,9,D,2013,,416.4810000000001,4.805200000000003,58.95,2,3,4,4,4,0.0,0.4691615383846755
CHEMBL3099764,CHEMBL3099764,CCCCCCc1ccc2nc(C(=O)N[C@@H](Cc3ccc(O)cc3)C(=O)OC)cc(C(=O)O)c2c1,,7.12,1,7.12,7.12,Kd,B,single protein format,single_protein,9,D,2014,,478.54500000000024,4.275500000000003,125.82000000000001,3,6,11,3,3,0.3333333333333333,0.27740995566523496
CHEMBL5596897,CHEMBL5596897,O=C(c1ccc([N+](=O)[O-])cc1)[C@H]1[C@H](c2cn(-c3ccccc3)nc2-c2ccccc2)[C@@H]2CC3CCCCC3N2[C@]12C(=O)Nc1ccc(Cl)cc12,,7.12,1,7.12,7.12,IC50,B,single protein format,single_protein,9,D,2024,,684.1960000000001,8.177900000000006,110.36999999999998,1,6,6,9,5,0.275,0.10982672965241728
CHEMBL1086736,CHEMBL1086736,COc1ccncc1C1=NNC(=O)/C1=N\Nc1ccccc1,,7.12,1,7.12,7.12,Ki,B,single protein format,single_protein,8,H,2010,,295.302,1.3921999999999999,87.97,2,6,4,3,2,0.06666666666666667,0.8343695870364096
CHEMBL1964243,CHEMBL1964243,CC(=O)NS(=O)(=O)c1ccc(N/C=C2\C(=O)Nc3ccc4ncsc4c32)cc1,,7.12,1,7.12,7.12,IC50,B,single protein format,single_protein,8,H,2001,,414.46800000000013,2.5262000000000002,117.26,3,7,4,4,3,0.05555555555555555,0.5649477850293484
CHEMBL568483,CHEMBL568483,Cc1cc(Cl)ccc1Nc1ncc(C)c(-c2c[nH]c(C(=O)N[C@H](CO)c3cccc(Cl)c3)c2)n1,,7.12,1,7.12,7.12,Ki,B,single protein format,single_protein,8,H,2009,,496.3980000000002,5.602340000000003,102.93,4,5,7,4,4,0.16,0.2667396644884689
CHEMBL392776,CHEMBL392776,Cc1cc(N2CCCS2(=O)=O)c2oc(-c3ccc(O)c(Br)c3)c(O)c(=O)c2c1,,7.12,1,7.12,7.12,IC50,B,single protein format,single_protein,8,H,2007,,466.30900000000014,3.482020000000002,108.05000000000001,2,6,2,4,3,0.21052631578947367,0.5990035216057116
CHEMBL271594,CHEMBL271594,CC(C)c1ccc2c(c1)NC(=O)/C2=N/Nc1ccc(S(N)(=O)=O)cc1,GW300653X,7.12,1,7.12,7.12,IC50,B,single protein format,single_protein,8,H,2001,,358.42300000000006,2.2257,113.65,3,5,4,3,2,0.17647058823529413,0.727184435187834
CHEMBL4846069,CHEMBL4846069,COc1ccc(CC(=O)Nc2cc(C3CCC3)[nH]n2)cc1,,7.115,2,6.87,7.36,IC50;Kd,B,single protein format,single_protein,9,D,2021,,285.347,2.867000000000001,67.00999999999999,2,3,5,3,2,0.375,0.8873277068326937
CHEMBL310755,CHEMBL310755,CCOc1cc(-c2ccc[nH]2)c2c3c(ccc(F)c13)NC2=O,,7.11,1,7.11,7.11,IC50,B,single protein format,single_protein,8,H,2003,,296.301,3.9384000000000015,54.12,2,2,3,4,3,0.11764705882352941,0.7688949985818071
CHEMBL1809191,CHEMBL1809191,CC(=O)N1CCN(c2ccc(Nc3nccc(-c4cnc5ccccn45)n3)cc2)CC1,,7.11,1,7.11,7.11,IC50,B,single protein format,single_protein,8,H,2011,,413.4850000000002,3.203400000000002,78.66000000000001,1,6,4,5,4,0.21739130434782608,0.5535788651234443
CHEMBL2035042,CHEMBL2035042,CN1C/C=C/CCn2ccc3ccc(cc32)-c2ccnc(n2)Nc2cccc(c2)C1,,7.11,1,7.11,7.11,IC50,B,single protein format,single_protein,8,H,2012,,395.51000000000016,5.2336000000000045,45.980000000000004,1,4,0,5,4,0.2,0.4140399426894467
CHEMBL4463874,CHEMBL4463874,Cc1nc2c(F)cc(-c3nc(Nc4ccc5c(n4)CCN(CCN(C)CCNC(=N)N)C5)ncc3F)cc2n1C(C)C,,7.11,1,7.11,7.11,IC50,B,single protein format,single_protein,9,D,2020,,577.6880000000002,3.5723900000000013,136.9,4,8,10,5,4,0.41379310344827586,0.16468150804741633
CHEMBL3648091,CHEMBL3648091,CCOC(=O)N=S(C)(=O)c1ccc(Nc2ncc(Br)c(N[C@H](C)[C@H](C)O)n2)cc1C,,7.11,1,7.11,7.11,IC50,B,single protein format,single_protein,9,D,2013,,500.41900000000015,4.0855200000000025,125.8,3,8,7,2,2,0.42105263157894735,0.5193345491534977
CHEMBL1081438,CHEMBL1081438,N[C@H](CNc1nnc(-c2ccc3[nH]nc(-c4ccccc4)c3c2)s1)Cc1cccc(C(F)(F)F)c1,,7.1,1,7.1,7.1,IC50,B,single protein format,single_protein,8,H,2010,,494.54600000000016,5.749100000000003,92.51,3,6,7,5,5,0.16,0.26799360024286084
CHEMBL380500,CHEMBL380500,Nc1nccc(-c2c3c(O)ccnc3n3c(N)nccc23)n1,VARIOLIN B,7.1,1,7.1,7.1,IC50,B,cell-based format,cell_based,9,D,2024,,293.29,1.2094999999999998,128.24,3,7,1,4,4,0.0,0.4807716889991821
CHEMBL5817708,CHEMBL5817708,CC1(C)CCc2nc3c(F)cc(-c4nc(Nc5ccc(CN6CCN(C(=O)CO)CC6)cn5)ncc4F)cc3n21,,7.1,1,7.1,7.1,IC50,B,single protein format,single_protein,9,D,2022,,548.5980000000003,3.2279000000000018,112.30000000000001,2,8,6,6,4,0.39285714285714285,0.3778981139558385
CHEMBL1084546,CHEMBL1084546,CN(c1ncccc1CNc1nc(Nc2ccc3c(c2)CC(=O)N3)ncc1C(F)(F)F)S(C)(=O)=O,PF-00562271,7.1,1,7.1,7.1,Ki,F,assay format,other,8,H,,1,507.49800000000016,3.1365000000000007,129.21,3,8,7,4,3,0.23809523809523808,0.4449652129709726
CHEMBL365341,CHEMBL365341,C[C@H](C(=O)Nc1cc(C2CC2)[nH]n1)c1ccc(N2CCCC2)cc1,,7.1,2,7.1,7.1,IC50,B,single protein format,single_protein,8,H,2008,,324.4280000000001,3.629500000000002,61.02,2,3,5,4,2,0.47368421052631576,0.8826815542315805
CHEMBL295127,CHEMBL295127,Cc1nc(C)c(-c2ccnc(Nc3ccccc3)n2)s1,,7.1,1,7.1,7.1,Ki,B,single protein format,single_protein,8,H,2004,,282.372,3.9605400000000017,50.7,1,5,3,3,3,0.13333333333333333,0.7896509249132736
CHEMBL362722,CHEMBL362722,Cc1[nH]c(C(N)=O)c(C)c1-c1ccnc(Nc2ccc(F)cc2)n1,,7.1,1,7.1,7.1,Ki,B,single protein format,single_protein,8,H,2004,,325.34700000000004,3.070140000000001,96.69000000000001,3,4,4,3,3,0.11764705882352941,0.6865314082411407
CHEMBL419931,CHEMBL419931,CC(C)n1cnc2c(NCc3ccccc3O)nc(NCCCO)nc21,,7.1,1,7.1,7.1,IC50,B,single protein format,single_protein,8,H,2007,,356.4300000000002,2.5192,108.12,4,7,8,3,3,0.3888888888888889,0.4593054946604119
CHEMBL1983595,CHEMBL1983595,O=C(Nc1n[nH]c2ccc(-c3cn(Cc4ccccc4)nn3)cc12)c1cccc(Cl)c1,,7.1,1,7.1,7.1,Ki,F,assay format,other,8,H,,,428.88300000000015,4.775400000000003,88.49,2,4,5,5,5,0.043478260869565216,0.42150104878005695
CHEMBL396523,CHEMBL396523,O=C(O)c1ccccc1Nc1ccnc(Nc2ccc3[nH]ncc3c2)n1,,7.1,1,7.1,7.1,Ki,F,assay format,other,8,H,,,346.35,3.5383000000000004,115.82,4,6,5,4,4,0.0,0.43661414826500927
CHEMBL3354188,CHEMBL3354188,COC1CCN(c2nccc(Nc3cc4c(ccn4C(C)C)cn3)n2)CC1,,7.1,1,7.1,7.1,IC50,B,single protein format,single_protein,9,D,2014,,366.46900000000016,3.7660000000000027,68.1,1,6,5,4,3,0.45,0.741361081125838
CHEMBL5590319,CHEMBL5590319,O=C(c1ccccc1[N+](=O)[O-])[C@H]1[C@H](c2cn(-c3ccccc3)nc2-c2ccccc2)[C@@H]2CC3CCCCC3N2[C@]12C(=O)Nc1ccc(Cl)cc12,,7.1,1,7.1,7.1,IC50,B,single protein format,single_protein,9,D,2024,,684.1960000000001,8.177900000000006,110.36999999999998,1,6,6,9,5,0.275,0.10982672965241728
CHEMBL1725279,CHEMBL1725279,Oc1c2ccccc2c2c3c(cccc13)N=N2,SP-600125,7.1,1,7.1,7.1,Ki,F,assay format,other,8,H,,,220.231,4.427400000000002,44.95,1,3,0,4,3,0.0,0.4376344498110722
CHEMBL2004631,CHEMBL2004631,Nc1n[nH]c2ccc(-c3nnn(Cc4ccccc4)c3C3CC3)cc12,,7.1,1,7.1,7.1,Ki,F,assay format,other,8,H,,,330.3950000000001,3.3293000000000017,85.41,2,4,4,5,4,0.21052631578947367,0.6008347252563722
CHEMBL5888788,CHEMBL5888788,Cc1nc2c(F)cc(-c3nc(Nc4ccc5c(n4)CCN(C(=O)CN(C)C)C5)ncc3F)cc2n1CC1CC1,,7.1,1,7.1,7.1,IC50,B,single protein format,single_protein,9,D,2020,,532.5990000000002,4.0748200000000026,92.07,1,7,7,6,4,0.39285714285714285,0.3836170277222571
CHEMBL2002726,CHEMBL2002726,Cc1n[nH]c2ccc(-c3cncc(OCC(N)Cc4ccccc4)c3)cc12,,7.1,1,7.1,7.1,Ki,F,assay format,other,8,H,,,358.445,3.8821200000000022,76.82,2,4,6,4,4,0.18181818181818182,0.5482499950490909
CHEMBL1964444,CHEMBL1964444,Cc1ccc2nccc(NC(=O)Nc3cccc(C(F)(F)F)n3)c2c1,,7.1,1,7.1,7.1,Ki,F,assay format,other,8,H,,,346.312,4.601020000000002,66.91,2,3,2,3,3,0.11764705882352941,0.7124811055084103
CHEMBL59110,CHEMBL59110,O=C1Nc2ccc(F)cc2/C1=C/c1[nH]cc2c1CCOC2=O,,7.09,1,7.09,7.09,IC50,B,single protein format,single_protein,8,H,2003,,298.273,2.3594,71.19,2,3,1,4,2,0.125,0.6269097974821346
CHEMBL507142,CHEMBL507142,CNC(=O)c1ccc(Nc2nccc(-c3cnc(C4CC4)n3C(C)C)n2)cc1,,7.09,1,7.09,7.09,IC50,B,single protein format,single_protein,8,H,2008,,376.46400000000017,3.901600000000003,84.73,2,5,6,4,3,0.3333333333333333,0.6814522695187295
CHEMBL559639,CHEMBL559639,Cn1nc(C(=O)NC2CC2)c2c1-c1nc(Nc3ccccc3)ncc1CC2,,7.09,1,7.09,7.09,IC50,B,single protein format,single_protein,8,H,2009,,360.4210000000001,2.6115000000000004,84.73,2,5,4,5,3,0.3,0.7470537672105517
CHEMBL5505838,CHEMBL5505838,CC(=O)Nc1ccc(CNc2nc(N3CCC[C@@H]3CO)nc3c(C(C)C)cnn23)cc1,,7.09,1,7.09,7.09,IC50,B,single protein format,single_protein,9,D,2024,,423.52100000000013,2.779300000000001,107.68,3,7,7,4,3,0.45454545454545453,0.5362349393816452
CHEMBL5573043,CHEMBL5573043,CNCc1ccc(-n2cc(-c3nc(NC4CCN(S(C)(=O)=O)CC4)ncc3C(F)(F)F)cn2)c(Cl)c1,,7.09,2,6.58,7.6,IC50,B,cell-based format;tissue-based format,cell_based,9,D,2024,,544.0030000000002,3.5568000000000026,105.04,2,7,7,4,3,0.4090909090909091,0.46930187867621953
CHEMBL603469,CHEMBL603469,C[C@]12O[C@H](C[C@]1(O)CO)n1c3ccccc3c3c4c(c5c6ccccc6n2c5c31)CNC4=O,LESTAURTINIB,7.09,2,6.48,7.7,Kd,B,single protein format;subcellular format,mixed,8;9,D;H,2009;2017,3,439.47100000000023,3.474400000000002,88.65,3,4,1,8,5,0.2692307692307692,0.3732159623688665
CHEMBL5279564,CHEMBL5279564,CN(C)CC(=O)Nc1cc(Nc2ncc(F)c(Nc3c(F)cccc3F)n2)ccc1F,,7.08,1,7.08,7.08,IC50,B,single protein format,single_protein,9,D,2024,,434.3970000000001,4.0203000000000015,82.18,3,6,7,3,3,0.15,0.48760864737163173
CHEMBL366230,CHEMBL366230,C[C@H](C(=O)Nc1cc(C2CC2)[nH]n1)c1ccccc1,,7.08,2,7.08,7.08,IC50,B,single protein format,single_protein,8,H,2008,,255.321,3.029300000000001,57.78,2,2,4,3,2,0.3333333333333333,0.8818483247125987
CHEMBL2035043,CHEMBL2035043,C1=C/Cn2ccc3ccc(cc32)-c2ccnc(n2)Nc2cccc(c2)COC/1,,7.08,1,7.08,7.08,IC50,B,single protein format,single_protein,8,H,2012,,368.44000000000017,4.928300000000005,51.97,1,4,0,5,4,0.13043478260869565,0.4473163626330303
CHEMBL483590,CHEMBL483590,COCCN(C)S(=O)(=O)c1ccc(Nc2nccc(-c3cnc(C)n3C3CC3)n2)cc1,,7.08,1,7.08,7.08,IC50,B,single protein format,single_protein,8,H,2008,,442.54500000000024,2.993920000000001,102.24,1,7,9,4,3,0.38095238095238093,0.5433792178568865
CHEMBL2113092,CHEMBL2113092,CCCCOc1cc(Nc2ccc(S(N)(=O)=O)cc2)nc(N)c1C(=O)c1c(F)cccc1F,,7.08,1,7.08,7.08,IC50,B,single protein format,single_protein,9,D,2005,,476.50500000000017,3.7429000000000014,137.39999999999998,3,7,9,3,3,0.18181818181818182,0.3159055442150703
CHEMBL5181709,CHEMBL5181709,Cc1nc2ccc(-c3ccnc4[nH]c(C5CCN(CC(=O)N(C)C)CC5)cc34)cc2n1C(C)C,,7.08,1,7.08,7.08,IC50,B,single protein format,single_protein,9,D,2021,,458.61000000000024,4.736520000000004,70.05000000000001,1,4,5,5,4,0.4444444444444444,0.46912023673818254
CHEMBL277351,CHEMBL277351,COc1cc(F)ccc1C(=O)c1cnc(NC2CCN(S(C)(=O)=O)CC2)nc1N,,7.08,1,7.08,7.08,Ki,B,single protein format,single_protein,9,D,2006,,423.47000000000025,1.2733999999999999,127.50999999999999,2,8,6,3,2,0.3888888888888889,0.6652104234441504
CHEMBL550964,CHEMBL550964,CNC(=O)c1nn(C)c2c1C(C)(C)Cc1cnc(Nc3cccc(CN(C)C)c3)nc1-2,,7.08,1,7.08,7.08,IC50,B,single protein format,single_protein,8,H,2009,,419.53300000000013,2.8756000000000013,87.97,2,6,5,4,3,0.391304347826087,0.6612257897454502
CHEMBL323392,CHEMBL323392,O=C(Nc1cc(C2CC2)[nH]n1)c1ccc(Cl)c(Cl)c1,,7.08,2,7.08,7.08,IC50,B,single protein format,single_protein,8,H,2008,,296.15700000000004,3.8462000000000023,57.78,2,2,3,3,2,0.23076923076923078,0.9035589102646283
CHEMBL5569715,CHEMBL5569715,CC(C)(O)Cn1cc(-c2nc(NC3CCN(S(=O)(=O)C4CC4)CC3)ncc2C(F)(F)F)cn1,,7.075,2,6.4,7.75,IC50,B,cell-based format;tissue-based format,cell_based,9,D,2024,,488.53600000000023,2.4983000000000004,113.24000000000001,2,7,7,4,2,0.65,0.6157043261176846
CHEMBL6019056,CHEMBL6019056,CNC1CC(C(=O)N2CCc3nc(Nc4ncc(F)c(-c5cc(F)c6nc(C)n(C(C)C)c6c5)n4)ccc3C2)C1,,7.07,1,7.07,7.07,IC50,B,single protein format,single_protein,9,D,2020,,546.6260000000001,4.682120000000004,100.86,2,7,6,6,4,0.41379310344827586,0.36216343334360956
CHEMBL115264,CHEMBL115264,O=C(Nc1cc(C2CC2)[nH]n1)c1ccc(Cl)cc1,,7.07,2,7.07,7.07,IC50,B,single protein format,single_protein,8,H,2008,,261.712,3.192800000000001,57.78,2,2,3,3,2,0.23076923076923078,0.8914391314582907
CHEMBL296468,CHEMBL296468,CC(C)(C)c1cnc(CSc2cnc(NC(=O)C3CCNCC3)s2)o1,BMS-387032,7.0649999999999995,12,6.69,7.42,IC50;Kd;Ki,B,cell-based format;single protein format;subcellular format,mixed,8;9,D;H,2008;2013;2015;2017,1,380.53900000000016,3.6590000000000016,80.05,2,7,5,3,2,0.5882352941176471,0.770773758794448
CHEMBL3967592,CHEMBL3967592,O=C1NCC2(CCCCC2)n2c1cc1cnc(Nc3ccc(C(=O)N4CCNCC4)cn3)nc12,,7.0600000000000005,2,6.91,7.21,IC50,B,single protein format,single_protein,8,H,2016,,460.5420000000003,2.0180999999999996,117.07000000000001,3,7,3,6,3,0.4583333333333333,0.5474077993073239
CHEMBL72461,CHEMBL72461,Cc1nc2ccccn2c1-c1ccnc(Nc2ccccc2)n1,,7.0600000000000005,2,6.68,7.44,IC50,B,single protein format,single_protein,8,H,2003;2004,,301.353,3.843320000000002,55.11,1,4,3,4,4,0.05555555555555555,0.6243564742854276
CHEMBL5556607,CHEMBL5556607,CC(C)(O)Cn1cc(-c2nc(NC3CCN(S(=O)(=O)C4CC4)CC3)ncc2C#N)cn1,,7.0600000000000005,2,6.84,7.28,IC50,B,cell-based format;tissue-based format,cell_based,9,D,2024,,445.54900000000026,1.3511799999999992,137.03000000000003,2,8,7,4,2,0.6,0.6514956814651863
CHEMBL5200108,CHEMBL5200108,O=C(Cc1ccc(B2C=CC=CN2)cc1)Nc1cc(C2CC2)[nH]n1,,7.06,1,7.06,7.06,IC50,B,single protein format,single_protein,9,D,2022,,318.1890000000001,1.8791,69.81,3,3,5,4,2,0.2222222222222222,0.737391140402325
CHEMBL301639,CHEMBL301639,O=C1Nc2ccc(Cl)cc2/C1=C/c1[nH]cc2c1CCOC2=O,,7.06,1,7.06,7.06,IC50,B,single protein format,single_protein,8,H,2003,,314.7280000000001,2.8737000000000004,71.19,2,3,1,4,2,0.125,0.6278093095202851
CHEMBL5943083,CHEMBL5943083,Cc1nc2c(F)cc(-c3nc(Nc4ccc5c(n4)CCN(C(=O)CN(C)C)C5)ncc3F)cc2n1C1CCC(C)CC1,,7.06,1,7.06,7.06,IC50,B,single protein format,single_protein,9,D,2020,,574.6800000000001,5.416020000000005,92.07,1,7,6,6,4,0.45161290322580644,0.3290199463838988
CHEMBL5419439,CHEMBL5419439,CN(C)CCN(C)c1ccc2cc1COC/C=C/COCc1cccc(c1)-c1ccnc(n1)N2,,7.06,1,7.06,7.06,IC50,B,single protein format,single_protein,9,D,2024,,459.5940000000002,4.488000000000003,62.75,1,7,4,4,3,0.3333333333333333,0.5770165159318771
CHEMBL2322701,CHEMBL2322701,Cc1[nH]nc2c1N=C(c1ccccc1Cl)c1cc(N)ccc1N2,,7.06,1,7.06,7.06,IC50,B,single protein format,single_protein,9,D,2013,,323.78700000000003,4.179820000000001,79.09,3,4,1,4,3,0.058823529411764705,0.4596721625638218
CHEMBL232557,CHEMBL232557,Cc1cc(N2CCCS2(=O)=O)c2oc(-c3ccc(O)c(O)c3)c(O)c(=O)c2c1,,7.06,1,7.06,7.06,IC50,B,single protein format,single_protein,8,H,2007,,403.41200000000015,2.4251200000000015,128.28,3,7,2,4,3,0.21052631578947367,0.5606272971711116
CHEMBL4076947,CHEMBL4076947,Cc1cc(Nc2nccc3nc(-c4c(Cl)cc(C#N)cc4Cl)[nH]c23)ncn1,,7.05,1,7.05,7.05,Ki,B,single protein format,single_protein,9,D,2017,,396.24100000000004,4.645400000000002,103.17,2,6,3,4,4,0.05555555555555555,0.5227808725601052
CHEMBL5970937,CHEMBL5970937,CNCC(=O)N1CCc2nc(Nc3ncc(F)c(-c4cc(F)c5nc(C)n(C6CCC(C)CC6)c5c4)n3)ccc2C1,,7.05,1,7.05,7.05,IC50,B,single protein format,single_protein,9,D,2020,,560.6530000000002,5.073820000000005,100.86,2,7,6,6,4,0.43333333333333335,0.33948745765734356
CHEMBL1800457,CHEMBL1800457,Nc1nc(-c2cc(N3C[C@H](O)[C@@H](O)C3)ccc2O)cc(C2CCCCCC2)n1,,7.05,1,7.05,7.05,IC50,B,single protein format,single_protein,8,H,2011,,384.4800000000003,2.4110000000000005,115.73,4,7,3,4,2,0.5238095238095238,0.600642595185137
CHEMBL1922218,CHEMBL1922218,CC[C@@H](Nc1nc(NCc2cccnc2)c2ncn(C(C)C)c2n1)[C@H](C)O,,7.05,1,7.05,7.05,IC50,B,cell-based format,cell_based,9,D,2014,,369.4730000000001,2.985600000000002,100.78,3,7,8,3,3,0.47368421052631576,0.5609738333846452
CHEMBL4294760,CHEMBL4294760,CSc1ncc2c(n1)CCc1cnc(Nc3ccc(C(=O)N(C)CCN(C)C)cc3)nc1-2,,7.05,1,7.05,7.05,IC50,B,single protein format,single_protein,9,D,2018,,449.5840000000003,3.1313000000000013,87.14,1,8,7,4,3,0.34782608695652173,0.4348776749131016
CHEMBL463579,CHEMBL463579,O=C(Nc1ccc(F)cc1)c1n[nH]cc1NC(=O)C1CCCCC1,,7.05,1,7.05,7.05,IC50,B,single protein format,single_protein,8,H,2008,,330.3630000000002,3.3199000000000023,86.88,3,3,4,3,2,0.35294117647058826,0.8034746333925756
CHEMBL185310,CHEMBL185310,Cc1cc(Nc2nccc(-c3c(C)[nH]c(C#N)c3C)n2)ccc1F,,7.05,1,7.05,7.05,Ki,B,single protein format,single_protein,8,H,2004,,321.359,4.151340000000002,77.39,2,4,3,3,3,0.16666666666666666,0.7593880207357115
CHEMBL3655777,CHEMBL3655777,CCC(Nc1nc(NCc2cccnc2)c2ncn(C(C)C)c2n1)C(O)C(F)(F)F,,7.05,1,7.05,7.05,IC50,B,single protein format,single_protein,9,D,2013,,423.4430000000001,3.5280000000000027,100.78,3,7,8,3,3,0.47368421052631576,0.5095601659572936
CHEMBL112136,CHEMBL112136,O=C(Nc1cc(C2CCC2)[nH]n1)c1ccc(Br)cc1,,7.05,2,7.05,7.05,IC50,B,single protein format,single_protein,8,H,2008,,320.19,3.692000000000002,57.78,2,2,3,3,2,0.2857142857142857,0.9059638257511397
CHEMBL3354185,CHEMBL3354185,COC1CCN(c2nccc(Nc3cc4[nH]c(-c5cn[nH]c5)nc4cn3)n2)CC1,,7.05,1,7.05,7.05,IC50,B,single protein format,single_protein,9,D,2014,,391.43900000000014,2.4968000000000004,120.52999999999999,3,8,5,5,4,0.3157894736842105,0.4744980015347146
CHEMBL2386747,CHEMBL2386747,COC(=N)c1nc2ccc3ncnc(Nc4ccc(Cl)cc4Cl)c3c2s1,,7.05,1,7.05,7.05,IC50,B,single protein format,single_protein,9,D,2022,,404.28200000000015,5.261670000000001,83.78,2,7,3,4,4,0.058823529411764705,0.3594412753584903
CHEMBL180714,CHEMBL180714,CCN(CC)[C@H]1CC[C@H](Nc2cc(Nc3ccc(S(=O)(=O)N(C)C)cc3)n3ncc(C(C)C)c3n2)CC1,,7.04,1,7.04,7.04,IC50,B,single protein format,single_protein,9,D,2005,,527.7390000000001,4.911500000000004,94.86999999999999,2,7,10,4,3,0.5555555555555556,0.3867461933161403
CHEMBL3688339,CHEMBL3688339,CC(=O)c1cnc2ccc(-c3cc(Cl)c(O)c(Cl)c3)nc2c1N[C@H]1CC[C@H](CN(C)C)CC1,,7.04,1,7.04,7.04,Kd,B,subcellular format,other,9,D,2017,,487.43100000000027,6.044100000000006,78.35,2,6,6,4,3,0.4,0.4127893168227666
CHEMBL4761001,CHEMBL4761001,CN(C)C/C=C/C(=O)Nc1ccc(C(=O)N2CCCC(Nc3ncc(SCc4ncc(C(C)(C)C)o4)s3)C2)cc1,,7.04,1,7.04,7.04,IC50,B,single protein format,single_protein,9,D,2020,,582.7960000000002,5.493900000000005,103.60000000000001,2,9,10,4,3,0.4482758620689655,0.23886073049701165
CHEMBL360596,CHEMBL360596,COc1cc(F)c(C(=O)c2c(N)nc3ccc(C(=O)c4c(F)cccc4F)cn23)c(F)c1,,7.04,1,7.04,7.04,IC50,B,single protein format,single_protein,8,H,2004,,443.3560000000001,3.943500000000002,86.69,1,5,5,4,4,0.045454545454545456,0.37303782951290776
CHEMBL5831789,CHEMBL5831789,CN(C)C/C=C/C(=O)Nc1ccc(C(=O)N2CCC[C@@H](Nc3ncc(SCc4ncc(C(C)(C)C)o4)s3)C2)cc1,,7.04,1,7.04,7.04,IC50,B,assay format,other,9,D,2021,,582.7960000000002,5.493900000000005,103.60000000000001,2,9,10,4,3,0.4482758620689655,0.23886073049701165
CHEMBL5884004,CHEMBL5884004,Cc1nc2c(F)cc(-c3nc(Nc4ccc5c(n4)CCN(C(=O)[C@H](C)N(C)C)C5)ncc3F)cc2n1C1CC1,,7.04,1,7.04,7.04,IC50,B,single protein format,single_protein,9,D,2020,,532.5990000000002,4.388220000000003,92.07,1,7,6,6,4,0.39285714285714285,0.3938827208512511
CHEMBL5789562,CHEMBL5789562,Cc1nc2c(F)cc(-c3nc(Nc4ccc5c(n4)CCN(C(=O)[C@H]4CCCN4C)C5)ncc3F)cc2n1C1CC1,,7.03,1,7.03,7.03,IC50,B,single protein format,single_protein,9,D,2020,,544.6100000000002,4.532320000000004,92.07,1,7,5,7,4,0.41379310344827586,0.39470075763460777
CHEMBL3644029,CHEMBL3644029,CS(=O)(=O)c1ccc(Nc2ncc(C(F)(F)F)c(OCCC(F)(F)F)n2)cc1,,7.03,1,7.03,7.03,IC50,B,single protein format,single_protein,9,D,2014,,429.34200000000016,3.9737000000000027,81.18,1,6,6,2,2,0.3333333333333333,0.7002411204508988
CHEMBL3354189,CHEMBL3354189,COC1CCN(c2nccc(Nc3cc4c(ccn4C4CCCC4)cn3)n2)CC1,,7.03,1,7.03,7.03,IC50,B,single protein format,single_protein,9,D,2014,,392.5070000000003,4.300200000000003,68.1,1,6,5,5,3,0.5,0.698180884095537
CHEMBL1081104,CHEMBL1081104,N[C@H](CNc1cc(-c2ccc3cnccc3c2)no1)Cc1ccc(C(F)(F)F)cc1,,7.03,1,7.03,7.03,IC50,B,single protein format,single_protein,8,H,2010,,412.4150000000001,4.890500000000003,76.97,2,5,6,4,4,0.18181818181818182,0.47153859093882416
CHEMBL5802135,CHEMBL5802135,C=CC(=O)NC1CCN(C(=O)C2CCCC(Nc3ncc(SCc4ncc(C(C)(C)C)o4)s3)C2)CC1,,7.03,1,7.03,7.03,IC50,B,assay format,other,9,D,2021,,531.7480000000002,4.984800000000004,100.36000000000001,2,8,8,4,2,0.6153846153846154,0.3657822336374453
CHEMBL411696,CHEMBL411696,CCOc1cccc2c1/C(=N/Nc1ccc(S(N)(=O)=O)cc1)C(=O)N2,,7.03,1,7.03,7.03,IC50,B,single protein format,single_protein,8,H,2001,,360.3950000000001,1.501,122.88,3,6,5,3,2,0.125,0.6974234572556248
CHEMBL5874515,CHEMBL5874515,Cc1nc2c(F)cc(-c3nc(Nc4ccc5c(n4)CCN(C(=O)[C@@H]4CCCN4C)C5)ncc3F)cc2n1C1CC1,,7.03,1,7.03,7.03,IC50,B,single protein format,single_protein,9,D,2020,,544.6100000000002,4.532320000000004,92.07,1,7,5,7,4,0.41379310344827586,0.39470075763460777
CHEMBL1080902,CHEMBL1080902,COc1ccc(C2=NNC(=O)/C2=N\Nc2cccc(OC)c2)cc1,,7.02,1,7.02,7.02,Ki,B,single protein format,single_protein,8,H,2010,,324.3400000000001,2.0058,84.31,2,6,5,3,2,0.11764705882352941,0.8240786861317506
CHEMBL364631,CHEMBL364631,Nc1nc2ccc(C(=O)c3c(Cl)cccc3Cl)cn2c1C(=O)c1c(F)cc(C(=O)O)cc1F,,7.02,1,7.02,7.02,IC50,B,single protein format,single_protein,8,H,2004,,490.2490000000002,4.6617000000000015,114.76,2,5,5,4,4,0.0,0.39356930014666874
CHEMBL508506,CHEMBL508506,CC1NCCCC1C(=O)Nc1ncc(SCc2ncc(C(C)(C)C)o2)s1,,7.02,1,7.02,7.02,IC50,B,single protein format,single_protein,8,H,2008,,394.56600000000014,4.047500000000003,80.05,2,7,5,3,2,0.6111111111111112,0.7449735754808501
CHEMBL5290362,CHEMBL5290362,N[C@H](COc1cncc(-c2ccc3[nH]nc(NC(=O)c4ccccc4)c3c2)c1)Cc1ccccc1,,7.01,1,7.01,7.01,IC50,B,single protein format,single_protein,9,D,2022,,463.5410000000002,4.826000000000003,105.91999999999999,3,5,8,5,5,0.10714285714285714,0.30574662965341215
CHEMBL5401158,CHEMBL5401158,O=C(Nc1ccc(N2CCNCC2)cc1)c1n[nH]cc1Nc1cc(Oc2ccccc2)ncn1,,7.01,1,7.01,7.01,IC50,B,single protein format,single_protein,9,D,2023,,456.51000000000016,3.397500000000001,120.09000000000002,4,8,7,5,4,0.16666666666666666,0.33404244696080904
CHEMBL5836990,CHEMBL5836990,Cc1nc2c(F)cc(-c3nc(Nc4ccc5c(n4)CCNC5)ncc3F)cc2n1C(C)C,,7.01,2,6.25,7.77,IC50,B,single protein format,single_protein,9,D,2020,,435.48200000000014,4.445120000000003,80.55000000000001,2,6,4,5,4,0.30434782608695654,0.4932033099611319
CHEMBL1982660,CHEMBL1982660,COc1ccc2c(NC(=O)Nc3cccc(C(F)(F)F)n3)ccnc2c1,,7.0,2,7.0,7.0,Ki,F,assay format,other,8,H,,,362.31100000000004,4.301200000000002,76.14,2,4,3,3,3,0.11764705882352941,0.7283080185085233
CHEMBL188785,CHEMBL188785,COc1ccc2c(-c3ccnc(Nc4ccc5c(c4)OCCO5)n3)cnn2n1,,7.0,1,7.0,7.0,Ki,B,single protein format,single_protein,9,D,2004,,376.37600000000015,2.7096999999999998,95.69,1,8,4,5,4,0.15789473684210525,0.5808186655157678
CHEMBL185323,CHEMBL185323,Cc1[nH]c(C#N)c(C)c1-c1ccnc(Nc2ccc(F)cc2)n1,,7.0,1,7.0,7.0,Ki,B,single protein format,single_protein,8,H,2004,,307.33200000000005,3.842920000000002,77.39,2,4,3,3,3,0.11764705882352941,0.7703253538074248
CHEMBL1973893,CHEMBL1973893,CCCS(=O)(=O)Nc1ccc(-c2ccc3[nH]nc(NC(C)=O)c3c2)cc1,,7.0,1,7.0,7.0,Ki,F,assay format,other,8,H,,,372.4500000000001,3.3400000000000016,103.94999999999999,3,4,6,3,3,0.2222222222222222,0.617112145009576
CHEMBL1974328,CHEMBL1974328,Cc1cccc(Nc2nc(NC3CCCCC3N)cnc2C(N)=O)c1,,7.0,1,7.0,7.0,Ki,F,assay format,other,8,H,,,340.4310000000001,2.3093199999999996,118.94999999999999,4,6,5,3,2,0.3888888888888889,0.6629929982859932
CHEMBL2005936,CHEMBL2005936,CCCC(=O)Nc1n[nH]c2ccc(-c3nnn(Cc4ccccc4)c3-c3ccccc3)cc12,,7.0,1,7.0,7.0,Ki,F,assay format,other,8,H,,,436.5190000000001,5.275300000000004,88.49000000000001,2,4,7,5,5,0.15384615384615385,0.36348602928658014
CHEMBL495545,CHEMBL495545,CN1CCN(c2ccc(Nc3nccc(-c4cnn5ncccc45)n3)cc2)CC1,,7.0,1,7.0,7.0,IC50,B,single protein format,single_protein,9,D,2008,,386.46300000000014,2.681700000000001,74.48,1,7,4,5,4,0.23809523809523808,0.5779099795844673
CHEMBL1967662,CHEMBL1967662,CC(C)(CO)CCCNc1cc(-c2c[nH]c3ncccc23)cc(Cl)n1,,7.0,1,7.0,7.0,Ki,F,assay format,other,8,H,,,358.8730000000001,4.488900000000003,73.83,3,4,7,3,3,0.3684210526315789,0.4294859494848527
CHEMBL1982400,CHEMBL1982400,c1ccc(Cn2cc(-c3ccc4[nH]nc(-c5ccccc5)c4c3)nn2)cc1,,7.0,1,7.0,7.0,Ki,F,assay format,other,8,H,,,351.41300000000007,4.536700000000003,59.39,1,3,4,5,5,0.045454545454545456,0.5171454657917565
CHEMBL5209174,CHEMBL5209174,CC(C)NC(=O)O[C@@H]1CC[C@H](c2cc(NC(=O)Cc3ccccc3)n[nH]2)C1,,7.0,1,7.0,7.0,IC50,B,cell-based format,cell_based,9,D,2022,,370.45300000000003,3.361600000000002,96.11000000000001,3,4,6,3,2,0.45,0.7263339027239863
CHEMBL296586,CHEMBL296586,O=C1Cc2c([nH]c3ccc(Br)cc23)-c2ccccc2N1,KENPAULLONE,7.0,1,7.0,7.0,Ki,F,assay format,other,8,H,,,327.181,4.092000000000002,44.89,2,1,0,4,3,0.0625,0.6416609516725437
CHEMBL5173190,CHEMBL5173190,COc1cc(CC(=O)Nc2cc([C@H]3CC[C@@H](OC(=O)NC(C)C)C3)[nH]n2)ccn1,,7.0,1,7.0,7.0,IC50,B,cell-based format,cell_based,9,D,2022,,401.4670000000001,2.7652,118.22999999999999,3,6,7,3,2,0.5,0.6564854005669643
CHEMBL2158859,CHEMBL2158859,CNC(=O)Nc1ccc(-c2cc(-c3ccnc(Nc4cccc(S(=O)(=O)NC)c4)n3)ccn2)cc1,,7.0,1,7.0,7.0,IC50,B,single protein format,single_protein,8,H,2012,,489.56100000000015,3.608600000000002,138.0,4,7,7,4,4,0.08333333333333333,0.3110720897716327
CHEMBL5170812,CHEMBL5170812,Cc1ncc(CC(=O)Nc2cc([C@H]3CC[C@@H](OC(=O)NC(C)C)C3)[nH]n2)s1,,7.0,1,7.0,7.0,IC50,B,cell-based format,cell_based,9,D,2022,,391.49700000000007,3.126520000000001,108.99999999999999,3,6,6,3,2,0.5555555555555556,0.7008681118611976
CHEMBL5179286,CHEMBL5179286,CC(C)NC(=O)O[C@@H]1CC[C@H](c2cc(NC(=O)Cc3ccccc3S(C)(=O)=O)n[nH]2)C1,,7.0,1,7.0,7.0,IC50,B,cell-based format,cell_based,9,D,2022,,448.54500000000013,2.7651000000000003,130.25,3,6,7,3,2,0.47619047619047616,0.5970381690470131
CHEMBL1996339,CHEMBL1996339,C=CCNc1cc(-c2c[nH]c3ncccc23)cc(Cl)n1,,7.0,1,7.0,7.0,Ki,F,assay format,other,8,H,,,284.75,3.8762000000000016,53.6,2,3,4,3,3,0.06666666666666667,0.5646205085522867
CHEMBL2203628,CHEMBL2203628,N#CCNc1nc(Nc2ccccc2)ncc1Br,,7.0,1,7.0,7.0,IC50,B,single protein format,single_protein,8,H,2011,,304.15100000000007,2.9181800000000004,73.63,2,5,4,2,2,0.08333333333333333,0.8496249665374916
CHEMBL432116,CHEMBL432116,Cc1nc(C)c(-c2ccnc(Nc3cccc(F)c3)n2)s1,,7.0,1,7.0,7.0,Ki,B,single protein format,single_protein,8,H,2004,,300.36199999999997,4.099640000000002,50.7,1,5,3,3,3,0.13333333333333333,0.7909110256494286
CHEMBL5179057,CHEMBL5179057,CC(C)NC(=O)O[C@H]1CC[C@@H](c2cc(NC(=O)c3ccnn3C)n[nH]2)C1,,7.0,1,7.0,7.0,IC50,B,cell-based format,cell_based,9,D,2022,,360.418,2.1662,113.93,3,5,5,3,2,0.5294117647058824,0.7559588153349195
CHEMBL1978099,CHEMBL1978099,CNC(=O)COc1ccc(Nc2nc(Nc3ccc(C)c(S(N)(=O)=O)c3)ncc2F)cc1,,7.0,1,7.0,7.0,Ki,F,assay format,other,8,H,,,460.4910000000002,2.183519999999999,148.32999999999998,4,8,8,3,3,0.15,0.3997332369870189
CHEMBL433068,CHEMBL433068,Cc1nc(C)c(-c2ccnc(Nc3ccc(N(C)C)c(Cl)c3)n2)s1,,7.0,1,7.0,7.0,Ki,B,single protein format,single_protein,8,H,2004,,359.886,4.679940000000003,53.940000000000005,1,6,4,3,3,0.23529411764705882,0.7325176762549942
CHEMBL2348160,CHEMBL2348160,Nc1nccc(-n2cc(-c3ccoc3)c3cnccc32)n1,,7.0,1,7.0,7.0,IC50,B,single protein format,single_protein,9,D,2013,,277.28700000000003,2.6577,82.76,1,5,2,4,4,0.0,0.6087005691280818
CHEMBL453217,CHEMBL453217,Cc1cc(C)cc(Nc2nccc(-c3nc(C)cs3)n2)c1,,7.0,1,7.0,7.0,Ki,B,single protein format,single_protein,8,H,2008,,296.399,4.2689600000000025,50.7,1,5,3,3,3,0.1875,0.7839158470728617
CHEMBL1980562,CHEMBL1980562,CS(=O)(=O)NC1CCC(Nc2nc(Cl)cc(-c3c[nH]c4ncccc34)n2)CC1,,7.0,1,7.0,7.0,Ki,F,assay format,other,8,H,,,420.9260000000002,2.9456000000000016,112.66,3,6,5,4,3,0.3888888888888889,0.5467760478568128
CHEMBL5070887,CHEMBL5070887,Cc1cnc(Nc2ccnn2C)nc1-c1cc2n(c1)C(=O)N([C@H](CO)c1cccc(Cl)c1)C2,,7.0,1,7.0,7.0,IC50,B,single protein format,single_protein,9,D,2022,,463.9290000000002,3.901320000000003,101.1,2,6,6,5,4,0.21739130434782608,0.44942031974299596
CHEMBL1969561,CHEMBL1969561,CC(C)N(C)C(=O)c1c(-c2ccc3[nH]ncc3c2)nnn1Cc1ccccc1,,7.0,1,7.0,7.0,Ki,F,assay format,other,8,H,,,374.4480000000001,3.350100000000001,79.70000000000002,1,4,5,4,4,0.23809523809523808,0.5809052905520269
CHEMBL5187579,CHEMBL5187579,Cc1cc(CC(=O)Nc2cc([C@H]3CCC[C@@H](OC(=O)NC4(C)CC4)CC3)[nH]n2)on1,,7.0,1,7.0,7.0,IC50,B,cell-based format,cell_based,9,D,2022,,415.4940000000002,3.582320000000002,122.14,3,6,6,4,2,0.6190476190476191,0.6199610927309098
CHEMBL281948,CHEMBL281948,COC(=O)[C@@]1(O)C[C@H]2O[C@]1(C)n1c3ccccc3c3c4c(c5c6ccccc6n2c5c31)C(=O)NC4,K-252A,7.0,1,7.0,7.0,Kd,B,subcellular format,other,9,D,2017,,467.4810000000003,3.655100000000002,94.72,2,5,1,8,5,0.25925925925925924,0.3671668610956925
CHEMBL1971029,CHEMBL1971029,CNS(=O)(=O)c1ccccc1Nc1nc(Nc2cc(N3CCN(C(C)=O)CC3)ccc2OC)ncc1Br,,7.0,1,7.0,7.0,Ki,F,assay format,other,8,H,,,590.5040000000004,3.3115000000000014,128.79,3,9,8,4,3,0.2916666666666667,0.3620830965527265
CHEMBL1993424,CHEMBL1993424,NS(=O)(=O)c1cccc(Nc2ncc3ccn(Cc4ccccc4)c3n2)c1,,7.0,1,7.0,7.0,Ki,F,assay format,other,8,H,,,379.4450000000001,2.8706000000000014,102.89999999999999,2,5,5,4,4,0.05263157894736842,0.5549446381950036
CHEMBL5192247,CHEMBL5192247,COCc1cc(C(=O)Nc2cc([C@H]3CC[C@@H](OC(=O)N(C)C(C)C)C3)[nH]n2)n(C)n1,,7.0,1,7.0,7.0,IC50,B,cell-based format,cell_based,9,D,2022,,418.4980000000001,2.6548000000000007,114.36999999999999,2,6,7,3,2,0.6,0.7144264254342148
CHEMBL5195597,CHEMBL5195597,CS(=O)(=O)N1CCC(Nc2ncc3c(n2)N(C2CCCC2)C(=O)C32CC2)CC1,,6.99,1,6.99,6.99,IC50,B,cell-based format,cell_based,9,D,2022,,405.52400000000046,1.6332999999999989,95.5,1,6,4,5,1,0.7368421052631579,0.818091311041043
CHEMBL5542924,CHEMBL5542924,CCC(=O)Nc1ccc(CNc2nc(N[C@H](CC)CO)nc3c(C(C)C)cnn23)cc1,,6.99,1,6.99,6.99,IC50,B,single protein format,single_protein,9,D,2024,,425.53700000000015,3.3911000000000016,116.47,4,7,10,3,3,0.45454545454545453,0.39331058879636216
CHEMBL5431565,CHEMBL5431565,O=C(Nc1ccc(Cl)cc1)N1CCN(c2nnc(Cc3ccccc3)c3ccccc23)CC1,,6.99,1,6.99,6.99,IC50,B,single protein format,single_protein,9,D,2022,,457.96500000000026,5.228100000000005,61.36000000000001,1,4,4,5,4,0.19230769230769232,0.45560715559669196
CHEMBL474619,CHEMBL474619,COc1cc(O)ccc1-c1ccc2c(-c3nc4c(N5CCN(C)CC5)cccc4[nH]3)n[nH]c2c1,,6.99,1,6.99,6.99,IC50,B,single protein format,single_protein,9,D,2009,,454.5340000000002,4.239200000000002,93.30000000000001,3,6,4,6,5,0.23076923076923078,0.3761830775557582
CHEMBL185854,CHEMBL185854,Nc1nc2ccc(C(=O)c3c(F)cccc3F)cn2c1C(=O)c1c(F)cccc1Cl,,6.99,1,6.99,6.99,IC50,B,single protein format,single_protein,8,H,2004,,429.7850000000001,4.449200000000001,77.46000000000001,1,4,4,4,4,0.0,0.4861425945302145
CHEMBL3298308,CHEMBL3298308,C[C@@H](CO)Nc1ncc2c(n1)CN(C(=O)N[C@H](C)c1ccc(Cl)c(Cl)c1)CC2,,6.98,1,6.98,6.98,IC50,B,single protein format,single_protein,9,D,2014,,424.3320000000002,3.405000000000002,90.38,3,5,5,3,2,0.42105263157894735,0.6846848449509872
CHEMBL1088613,CHEMBL1088613,Cc1n[nH]c2ccc(-c3nnc(NC[C@@H](N)Cc4ccccc4F)s3)cc12,,6.98,1,6.98,6.98,IC50,B,single protein format,single_protein,8,H,2010,,382.468,3.5108200000000007,92.50999999999999,3,6,6,4,4,0.21052631578947367,0.4745235148588236
CHEMBL428690,CHEMBL428690,CN1CC[C@H](c2c(O)cc(O)c3c(=O)cc(-c4ccccc4Cl)oc23)[C@H](O)C1,ALVOCIDIB,6.965,10,6.26,8.0,IC50;Kd;Ki,B,cell-based format;single protein format,mixed,8;9,D;H,2005;2006;2008;2013;2019;2020;2022,3,401.8460000000001,3.3046000000000015,94.14,3,6,2,4,3,0.2857142857142857,0.6095989367593201
CHEMBL3946675,CHEMBL3946675,COc1cc(F)ccc1-c1nc(Nc2cc(Br)cc(CS(C)(=N)=O)c2)ncc1F,,6.96,3,6.92,7.07,IC50,B,cell-based format,cell_based,8,H,2015,,483.33800000000014,5.113070000000003,87.96,2,6,6,3,3,0.15789473684210525,0.5088212412200365
CHEMBL1922209,CHEMBL1922209,CCC(O)[C@H](CC)Nc1nc(NCc2cccnc2)c2ncn(C(C)C)c2n1,,6.96,1,6.96,6.96,IC50,B,cell-based format,cell_based,9,D,2014,,383.5000000000001,3.375700000000002,100.77999999999999,3,7,9,3,3,0.5,0.52060265473847
CHEMBL44119,CHEMBL44119,CNc1nc(C)c(-c2ccnc(Nc3cccc(O)c3)n2)s1,,6.96,1,6.96,6.96,Ki,B,single protein format,single_protein,8,H,2004,,313.386,3.399420000000001,82.96000000000001,3,7,4,3,3,0.13333333333333333,0.6845387639047094
CHEMBL5774473,CHEMBL5774473,C#CCN1CCC(N2CCc3nc(Nc4ncc(F)c(-c5cc(F)c6nc(C)n(C(C)C)c6c5)n4)ccc3C2)C1,,6.96,1,6.96,6.96,IC50,B,single protein format,single_protein,9,D,2021,,542.6380000000001,4.865020000000004,75.0,1,7,6,6,4,0.4,0.3488031127710188
CHEMBL14619,CHEMBL14619,CCCCOc1c(C(=O)c2ccccc2)cnc2[nH]ncc12,SQ-67563,6.96,1,6.96,6.96,IC50,B,single protein format,single_protein,8,H,2008,,295.34200000000004,3.3678000000000017,67.87,1,4,6,3,3,0.23529411764705882,0.5589938435214911
CHEMBL2158862,CHEMBL2158862,CNC(=O)Nc1ccc(-c2cc(-c3ccnc(Nc4ccc(C)c(S(=O)(=O)NC)c4)n3)ccn2)cc1,,6.96,1,6.96,6.96,IC50,B,single protein format,single_protein,8,H,2012,,503.5880000000002,3.9170200000000026,138.0,4,7,7,4,4,0.12,0.29986361733611366
CHEMBL2207208,CHEMBL2207208,Cn1cc(Nc2ncc(C3CC3)c(NCCCNC(=O)C3CCC3)n2)cn1,,6.96,1,6.96,6.96,IC50,B,single protein format,single_protein,8,H,2012,,369.4730000000001,2.5494000000000003,96.76,3,6,9,4,2,0.5789473684210527,0.5879386444151413
CHEMBL45408,CHEMBL45408,Cc1nc(C)c(-c2ccnc(Nc3cccc([N+](=O)[O-])c3)n2)s1,,6.96,1,6.96,6.96,Ki,B,single protein format,single_protein,8,H,2004,,327.369,3.8687400000000016,93.84,1,7,4,3,3,0.13333333333333333,0.5772569847127196
CHEMBL497854,CHEMBL497854,Cc1cc(CNc2ncc(Br)c(Nc3cc(C4CC4)[nH]n3)n2)on1,,6.96,1,6.96,6.96,IC50,B,single protein format,single_protein,8,H,2008,,390.2450000000001,3.491720000000001,104.55,3,7,6,4,3,0.3333333333333333,0.5918232543222571
CHEMBL497477,CHEMBL497477,O=C(NC1CCNCC1)c1n[nH]cc1NC(=O)c1c(F)cccc1Cl,,6.96,1,6.96,6.96,IC50,B,single protein format,single_protein,8,H,2008,,365.79600000000005,1.9362999999999988,98.91,4,4,4,3,2,0.3125,0.6650268046072603
CHEMBL5751375,CHEMBL5751375,Cc1nc2c(F)cc(-c3nc(Nc4ccc5c(n4)CCNC5)ncc3F)cc2n1CC1CC1,,6.96,1,6.96,6.96,IC50,B,single protein format,single_protein,9,D,2020,,447.4930000000002,4.274220000000003,80.55000000000001,2,6,5,6,4,0.3333333333333333,0.4755762520489892
CHEMBL5438882,CHEMBL5438882,COc1ccc(NC(=O)N2CCN(c3nnc(Cc4ccccc4)c4ccccc34)CC2)cc1,,6.96,1,6.96,6.96,IC50,B,single protein format,single_protein,9,D,2022,,453.54600000000016,4.583300000000004,70.59,1,5,5,5,4,0.2222222222222222,0.4788930843376077
CHEMBL2348156,CHEMBL2348156,Nc1nccc(-n2cc(-c3ccccc3Cl)c3cnccc32)n1,,6.96,1,6.96,6.96,IC50,B,single protein format,single_protein,9,D,2013,,321.771,3.7181000000000015,69.62,1,4,2,4,4,0.0,0.6106249554986869
CHEMBL5760424,CHEMBL5760424,C#CN1CCC(N2CCc3nc(Nc4ncc(F)c(-c5cc(F)c6nc(C)n(C(C)C)c6c5)n4)ccc3C2)C1,,6.96,1,6.96,6.96,IC50,B,single protein format,single_protein,9,D,2020,,528.6110000000002,4.8225200000000035,75.0,1,7,5,6,4,0.3793103448275862,0.3723654184333083
CHEMBL3822619,CHEMBL3822619,CCc1nn(C2CCN(C(C)=O)CC2)cc1Nc1ncc(Cl)c(-c2cnn3ccccc23)n1,,6.95,1,6.95,6.95,IC50,B,single protein format,single_protein,9,D,2016,,464.9610000000001,4.130600000000003,93.24,1,6,5,5,4,0.34782608695652173,0.4769805895970691
CHEMBL4781539,CHEMBL4781539,C=CC(=O)Nc1ccc(C(=O)N2CCCC(Nc3ncc(SCc4ncc(C(C)(C)C)o4)s3)C2)cc1,,6.945,2,6.92,6.97,IC50,B,assay format;single protein format,mixed,9,D,2020;2021,,525.7000000000003,5.562100000000005,100.36000000000001,2,8,8,4,3,0.38461538461538464,0.29320833168504784
CHEMBL4453095,CHEMBL4453095,Cc1nc2c(F)cc(-c3nc(Nc4ccc5c(n4)CCN(CCN(C)C)C5)ncc3F)cc2n1[C@H]1CC[C@H](C)CC1,,6.94,1,6.94,6.94,IC50,B,single protein format,single_protein,9,D,2020,,560.6970000000002,5.8894200000000065,75.0,1,7,7,6,4,0.4838709677419355,0.3021636012353583
CHEMBL5424761,CHEMBL5424761,O=C(c1ccccc1)N1CCN(c2nnc(Cc3ccccc3)c3ccccc23)CC1,,6.94,1,6.94,6.94,IC50,B,single protein format,single_protein,9,D,2022,,408.5050000000001,4.183000000000003,49.330000000000005,0,4,4,5,4,0.19230769230769232,0.5082565786209962
CHEMBL2036792,CHEMBL2036792,CNc1ncc2c(-c3ccc(N4CCNCC4)cc3)nn(CC3CCC(N)CC3)c2n1,,6.94,1,6.94,6.94,IC50,B,single protein format,single_protein,9,D,2019,,420.5650000000002,2.4620999999999995,96.92,3,7,5,5,3,0.5217391304347826,0.5833137604292891
CHEMBL5537062,CHEMBL5537062,CC[C@@H](CO)Nc1nc(NCc2ccc(NC(=O)C3CCN(C(C)=O)CC3)cc2)n2ncc(C(C)C)c2n1,,6.94,1,6.94,6.94,IC50,B,single protein format,single_protein,9,D,2024,,522.6540000000003,3.239600000000001,136.78,4,8,10,4,3,0.5185185185185185,0.3185556214296319
CHEMBL6064669,CHEMBL6064669,CCN1CCC(c2ccc(Nc3ncc(F)c(-c4cc(F)c5nc6n(c5c4)C(C)(C)CC6)n3)nc2)CC1,,6.93,2,6.92,6.94,IC50,B,single protein format,single_protein,9,D,2022,,503.60100000000034,5.790700000000006,71.75999999999999,1,6,5,6,4,0.42857142857142855,0.3717050426307856
CHEMBL5841163,CHEMBL5841163,CCN1CCN(c2ccc(Nc3ncc(F)c(-c4cc(F)c5nc6n(c5c4)C(C)(C)CC6)n3)nc2)CC1,,6.93,1,6.93,6.93,IC50,B,single protein format,single_protein,9,D,2022,,504.58900000000034,4.733300000000003,75.0,1,7,5,6,4,0.4074074074074074,0.4210749258173797
CHEMBL378420,CHEMBL378420,Nc1nc(Nc2ccc(S(=O)(=O)NC(=O)CCN3CCOCC3)cc2)nn1C(=O)c1c(F)cccc1F,,6.93,1,6.93,6.93,IC50,B,single protein format,single_protein,9,D,2006,,535.5330000000002,1.0977999999999997,161.53999999999996,3,10,8,4,3,0.2727272727272727,0.3808142618424961
CHEMBL4525034,CHEMBL4525034,CCOP(=O)(OCC)N(C)CCN1CCc2nc(Nc3ncc(F)c(-c4cc(F)c5nc(C)n(C(C)C)c5c4)n3)ccc2C1,,6.93,1,6.93,6.93,IC50,B,single protein format,single_protein,9,D,2021,,628.665,6.270420000000006,110.53000000000002,1,9,12,5,4,0.4666666666666667,0.1803253216987313
CHEMBL1081105,CHEMBL1081105,N[C@H](CCc1cc(-c2ccc3cnccc3c2)no1)Cc1ccc(C(F)(F)F)cc1,,6.93,1,6.93,6.93,IC50,B,single protein format,single_protein,8,H,2010,,411.4270000000001,5.411200000000004,64.94,1,4,6,4,4,0.21739130434782608,0.4606836948626462
CHEMBL5976175,CHEMBL5976175,CCOP(=O)(OCC)N(C)CC[N+]1([O-])CCc2nc(Nc3ncc(F)c(-c4cc(F)c5nc(C)n(C(C)C)c5c4)n3)ccc2C1,,6.93,1,6.93,6.93,IC50,B,single protein format,single_protein,9,D,2020,,644.664,6.283020000000007,130.35000000000002,1,9,12,5,4,0.4666666666666667,0.10679198482109206
CHEMBL5287079,CHEMBL5287079,N[C@H](COc1cncc(-c2ccc3[nH]nc(NC(=O)c4ccccc4)c3c2)c1)c1ccccc1,,6.92,1,6.92,6.92,IC50,B,single protein format,single_protein,9,D,2022,,449.5140000000002,4.956000000000003,105.91999999999999,3,5,7,5,5,0.07407407407407407,0.325766885699786
CHEMBL186800,CHEMBL186800,Nc1nc2ccc(C(=O)c3c(F)cccc3F)cn2c1C(=O)c1c(Cl)cccc1Cl,,6.92,1,6.92,6.92,IC50,B,single protein format,single_protein,8,H,2004,,446.2400000000001,4.9635000000000025,77.46000000000001,1,4,4,4,4,0.0,0.44973682952501376
CHEMBL233553,CHEMBL233553,CNS(=O)(=O)c1ccc(-c2ccc(/C=C3\SC(=N)NC3=O)o2)cc1,,6.92,1,6.92,6.92,IC50,B,single protein format,single_protein,8,H,2007,,363.4200000000001,1.9933699999999999,112.26,3,6,4,3,2,0.06666666666666667,0.719328109036339
CHEMBL438721,CHEMBL438721,NS(=O)(=O)c1ccc(N/N=C2\C(=O)Nc3ccccc32)cc1,,6.92,1,6.92,6.92,IC50,B,single protein format,single_protein,8,H,2001,,316.34200000000004,1.1023,113.65,3,5,3,3,2,0.0,0.7356933922394078
CHEMBL378248,CHEMBL378248,NCC(=O)NS(=O)(=O)c1ccc(Nc2nc(N)n(C(=O)c3c(F)cccc3F)n2)cc1,,6.92,1,6.92,6.92,IC50,B,single protein format,single_protein,9,D,2006,,451.41500000000013,0.33419999999999994,175.08999999999997,4,9,6,3,3,0.058823529411764705,0.41149894177157265
CHEMBL202695,CHEMBL202695,CN(C)S(=O)(=O)c1ccc(Nc2cc(N[C@H]3CC[C@H](N)CC3)nc3ncnn23)cc1,,6.92,1,6.92,6.92,IC50,B,single protein format,single_protein,9,D,2006,,430.53800000000024,1.7999999999999994,130.54000000000002,3,8,6,4,3,0.42105263157894735,0.539564679627783
CHEMBL525194,CHEMBL525194,c1cnn2ncc(-c3ccnc(NC4CC4)n3)c2c1,,6.92,1,6.92,6.92,IC50,B,single protein format,single_protein,9,D,2008,,252.28099999999998,1.7605999999999997,68.0,1,5,3,4,3,0.23076923076923078,0.7689062756757481
CHEMBL322568,CHEMBL322568,CSc1ccc(Nc2nc(N)c(N=O)c(OCC3CCCCC3)n2)cc1,,6.92,1,6.92,6.92,IC50,B,single protein format,single_protein,8,H,2003,,373.48200000000014,4.881300000000003,102.49000000000001,2,8,7,3,2,0.4444444444444444,0.5263523177093432
CHEMBL3919796,CHEMBL3919796,COc1cc(F)ccc1-c1nc(Nc2cc(Br)cc(CS(C)(=O)=NC#N)c2)ncc1F,,6.92,1,6.92,6.92,IC50,B,cell-based format,cell_based,8,H,2015,,508.3480000000002,5.015380000000003,100.26,1,7,6,3,3,0.15,0.4699783110846667
CHEMBL5870326,CHEMBL5870326,Cc1nc2c(F)cc(-c3nc(Nc4ccc5c(n4)CCN(C(=O)NCCN(C)C)C5)ncc3F)cc2n1C1CC1,,6.91,1,6.91,6.91,IC50,B,single protein format,single_protein,9,D,2020,,547.6140000000001,4.182720000000003,104.1,2,7,7,6,4,0.39285714285714285,0.35775957330895064
CHEMBL83443,CHEMBL83443,CC(C)Cc1cc(-c2ccc[nH]2)c2c3c(ccc(F)c13)NC2=O,,6.91,1,6.91,6.91,IC50,B,single protein format,single_protein,8,H,2003,,308.35600000000005,4.738200000000003,44.89,2,1,3,4,3,0.21052631578947367,0.7210472901969827
CHEMBL189136,CHEMBL189136,Nc1nc2ccc(C(=O)c3c(F)cccc3F)cn2c1C(=O)c1c(F)cccc1F,,6.91,1,6.91,6.91,IC50,B,single protein format,single_protein,8,H,2004,,413.3300000000001,3.9349000000000016,77.46000000000001,1,4,4,4,4,0.0,0.406265374757651
CHEMBL4744627,CHEMBL4744627,C=CC(=O)N1CCc2cc(S(=O)(=O)N3CCCC(Nc4ncc(SCc5ncc(C(C)(C)C)o5)s4)C3)ccc21,,6.91,1,6.91,6.91,IC50,B,single protein format,single_protein,9,D,2020,,587.7930000000001,5.061200000000005,108.64,1,9,8,5,3,0.4444444444444444,0.28781723808787624
CHEMBL5870086,CHEMBL5870086,C=CC(=O)N1CCc2cc(S(=O)(=O)N3CCC[C@@H](Nc4ncc(SCc5ncc(C(C)(C)C)o5)s4)C3)ccc21,,6.91,1,6.91,6.91,IC50,B,assay format,other,9,D,2021,,587.7930000000001,5.061200000000005,108.64,1,9,8,5,3,0.4444444444444444,0.28781723808787624
CHEMBL245336,CHEMBL245336,CNC(=O)CN1CCC(Nc2ncc(Cl)c(-c3c[nH]c4ccccc34)n2)CC1,,6.91,1,6.91,6.91,IC50,B,single protein format,single_protein,8,H,2007,,398.89800000000014,2.9006000000000007,85.94000000000001,3,5,5,4,3,0.35,0.614875981862534
CHEMBL509032,CHEMBL509032,COc1cc(N2CCC(N3CCN(C)CC3)CC2)ccc1Nc1ncc(Cl)c(Nc2ccccc2S(=O)(=O)C(C)C)n1,TAE-684,6.9,1,6.9,6.9,Ki,F,assay format,other,8,H,,,614.216,5.024100000000003,102.92999999999999,2,10,9,5,3,0.4666666666666667,0.3417369623091553
CHEMBL1986499,CHEMBL1986499,Nc1n[nH]c2ccc(-c3nnn(Cc4ccccc4)c3-c3ccc(F)cc3)cc12,,6.9,1,6.9,6.9,Ki,F,assay format,other,8,H,,,384.41800000000006,4.258000000000002,85.41,2,4,4,5,5,0.045454545454545456,0.4848321732838805
CHEMBL565612,CHEMBL565612,CN1CCN(c2nc(C3=C(c4c[nH]c5ccccc45)C(=O)NC3=O)c3ccccc3n2)CC1,SOTRASTAURIN,6.9,1,6.9,6.9,Ki,F,assay format,other,8,H,,2,438.49100000000027,2.4301000000000004,94.21999999999998,2,6,3,6,4,0.2,0.4774001293705332
CHEMBL475251,CHEMBL475251,COc1cc(Nc2ncc(F)c(Nc3ccc4c(n3)NC(=O)C(C)(C)O4)n2)cc(OC)c1OC,R-406,6.9,1,6.9,6.9,Ki,F,assay format,other,8,H,,2,470.4610000000003,3.6332000000000013,128.75,3,10,7,4,3,0.2727272727272727,0.4706880685636287
CHEMBL5542804,CHEMBL5542804,CC[C@H](CO)Nc1nc(NCc2ccc(NC(=O)C3CCN(C(C)=O)CC3)cc2)n2ncc(C(C)C)c2n1,,6.9,1,6.9,6.9,IC50,B,single protein format,single_protein,9,D,2024,,522.6540000000003,3.239600000000001,136.78,4,8,10,4,3,0.5185185185185185,0.3185556214296319
CHEMBL4746993,CHEMBL4746993,C=CC(=O)Nc1ccc(C(=O)N2CCCC(Nc3ncc(SCc4ncc(C(C)(C)C)o4)s3)C2)c(OC)c1,,6.9,1,6.9,6.9,IC50,B,single protein format,single_protein,9,D,2020,,555.7260000000002,5.570700000000006,109.59000000000002,2,9,9,4,3,0.4074074074074074,0.2605112324031684
CHEMBL1994438,CHEMBL1994438,NC1CCCCC1Nc1nc(Cl)cc(-c2c[nH]c3ncccc23)n1,,6.9,1,6.9,6.9,Ki,F,assay format,other,8,H,,,342.83400000000006,3.355100000000001,92.50999999999999,3,5,3,4,3,0.35294117647058826,0.6345940603449258
CHEMBL1990912,CHEMBL1990912,OCCNc1cc2cc(-c3cccnc3)ccc2cn1,,6.9,1,6.9,6.9,Ki,F,assay format,other,8,H,,,265.31600000000003,2.7010000000000005,58.04,2,4,4,3,3,0.125,0.7611917049428282
CHEMBL2006933,CHEMBL2006933,CSc1cnc2c(ccc3cnccc32)c1O,,6.9,1,6.9,6.9,Ki,F,assay format,other,8,H,,,242.303,3.210500000000001,46.010000000000005,1,4,1,3,3,0.07692307692307693,0.5254836710405861
CHEMBL1969221,CHEMBL1969221,CN(C)c1ccc(-c2c(-c3ccc4[nH]nc(N)c4c3)nnn2Cc2ccccc2)cc1,,6.9,1,6.9,6.9,Ki,F,assay format,other,8,H,,,409.49700000000007,4.184900000000002,88.65,2,5,5,5,5,0.125,0.4544644756542428
CHEMBL1987948,CHEMBL1987948,CS(=O)(=O)NC1CCCC(Nc2nc(Cl)cc(-c3c[nH]c4ncccc34)n2)C1,,6.9,1,6.9,6.9,Ki,F,assay format,other,8,H,,,420.92600000000016,2.9456000000000007,112.66,3,6,5,4,3,0.3888888888888889,0.546776047856813
CHEMBL2002456,CHEMBL2002456,CC(C)(C)Oc1cc(-c2ccncc2)cc2[nH]nc(N)c12,,6.9,1,6.9,6.9,Ki,F,assay format,other,8,H,,,282.34700000000004,3.3844000000000003,76.82,2,4,2,3,3,0.25,0.7550241774813821
CHEMBL2001751,CHEMBL2001751,NC(COc1cncc(-c2ccc3c(c2)C(=Cc2ccco2)C(=O)N3)c1)Cc1c[nH]c2ccccc12,,6.9,1,6.9,6.9,Ki,F,assay format,other,8,H,,,476.5360000000002,5.264400000000003,106.16999999999999,3,5,7,6,5,0.10344827586206896,0.27776888579731807
CHEMBL3972676,CHEMBL3972676,CN1CCN(C(=O)c2ccc(Nc3ncc4cc5n(c4n3)C3(CCCC3)CNC5=O)nc2)CC1,,6.9,2,6.73,7.07,IC50,B,single protein format,single_protein,8,H,2016,,460.54200000000037,1.9701999999999995,108.27999999999999,2,7,3,6,3,0.4583333333333333,0.6151933395175069
CHEMBL312273,CHEMBL312273,CC(=O)NCCNc1cc(-c2ccc[nH]2)c2c3c(ccc(F)c13)NC2=O,,6.9,1,6.9,6.9,IC50,B,single protein format,single_protein,8,H,2003,,352.3690000000001,3.0877000000000008,86.02000000000001,4,3,5,4,3,0.15789473684210525,0.5324157389730158
CHEMBL2000685,CHEMBL2000685,CC(=NNC(=N)N)c1cc(NC(=O)c2cccc(C(=O)Nc3cc(C(C)=NNC(=N)N)cc(C(C)=NNC(=N)N)c3)c2)cc(C(C)=NNC(=N)N)c1,,6.9,1,6.9,6.9,Ki,F,assay format,other,8,H,,,708.7959999999998,1.0194800000000037,355.23999999999995,14,10,12,3,3,0.125,0.07190035832805194
CHEMBL1970821,CHEMBL1970821,OCCCCNc1cc(-c2c[nH]c3ncccc23)cc(Cl)n1,,6.9,1,6.9,6.9,Ki,F,assay format,other,8,H,,,316.7920000000001,3.4627000000000017,73.83,3,4,6,3,3,0.25,0.4807376312522794
CHEMBL5900559,CHEMBL5900559,C=CC(=O)Nc1ccc(C(=O)N2CCC[C@@H](Nc3ncc(SCc4ncc(C(C)(C)C)o4)s3)C2)c(OC)c1,,6.9,1,6.9,6.9,IC50,B,assay format,other,9,D,2021,,555.7260000000002,5.570700000000006,109.59000000000002,2,9,9,4,3,0.4074074074074074,0.2605112324031684
CHEMBL5900599,CHEMBL5900599,CCn1c(C)nc2c(F)cc(-c3nc(Nc4ccc5c(n4)CCNC5)ncc3F)cc21,,6.9,1,6.9,6.9,IC50,B,single protein format,single_protein,9,D,2021,,421.4550000000002,3.884120000000002,80.55,2,6,4,5,4,0.2727272727272727,0.5205541650790625
CHEMBL359623,CHEMBL359623,Cc1ccc(Nc2nccc(-c3c(C)[nH]c(C#N)c3C)n2)cc1O,,6.89,1,6.89,6.89,Ki,B,single protein format,single_protein,8,H,2004,,319.36800000000005,3.717840000000002,97.62,3,5,3,3,3,0.16666666666666666,0.6832789179136083
CHEMBL5879318,CHEMBL5879318,CNCC(=O)N1CCc2nc(Nc3ncc(F)c(-c4cc(F)c5nc(C)n(C6CCC6)c5c4)n3)ccc2C1,,6.89,1,6.89,6.89,IC50,B,single protein format,single_protein,9,D,2020,,518.5720000000002,4.047620000000003,100.86,2,7,6,6,4,0.37037037037037035,0.3972545586224021
CHEMBL3648080,CHEMBL3648080,C[C@H](O)[C@@H](C)Nc1nc(Nc2ccc(S(=O)(CC=O)=NS(=O)(=O)CC[Si](C)(C)C)cc2)ncc1Br,,6.89,1,6.89,6.89,IC50,B,single protein format,single_protein,9,D,2013,,606.6410000000003,3.857700000000003,150.70999999999998,3,9,12,2,2,0.47619047619047616,0.24174585171577392
CHEMBL2105728,CHEMBL2105728,CC1(COc2ccc3c(c2)ncn3-c2ccc3cccc(N4CCC(N)CC4)c3n2)COC1,CRENOLANIB,6.89,1,6.89,6.89,Kd,B,subcellular format,other,9,D,2017,3,443.5510000000004,3.916500000000001,78.43,1,6,5,6,4,0.38461538461538464,0.503802926026981
CHEMBL3934141,CHEMBL3934141,COc1cc(CS(C)(=O)=NC#N)cc(Nc2ncc(F)c(-c3ccc(F)cc3OC)n2)c1,,6.89,1,6.89,6.89,IC50,B,cell-based format,cell_based,8,H,2015,,459.4780000000002,4.261480000000002,109.49,1,8,7,3,3,0.19047619047619047,0.5258086612126639
CHEMBL5956369,CHEMBL5956369,Cc1nc2c(F)cc(-c3nc(Nc4ccc5c(n4)CCNC5)ncc3F)cc2n1C1CCCC1,,6.89,1,6.89,6.89,IC50,B,single protein format,single_protein,9,D,2020,,461.52000000000027,4.979320000000003,80.55000000000001,2,6,4,6,4,0.36,0.4462731525244261
CHEMBL2011927,CHEMBL2011927,COc1ccc(-c2nc3c(OCC4CCNCC4)c(Br)cnc3[nH]2)cc1,,6.88,1,6.88,6.88,IC50,B,single protein format,single_protein,8,H,2012,,417.30699999999996,3.7744000000000018,72.06,2,5,5,4,3,0.3684210526315789,0.6614475336107171
CHEMBL590109,CHEMBL590109,NCCn1cc(-c2cc(-c3cc4ccccc4s3)c3[nH]ncc3c2)c2nc(N)ncc21,,6.875,2,6.85,6.9,IC50;Ki,B;F,assay format;single protein format,mixed,8,H,2010,,425.52100000000013,4.397200000000002,111.42999999999999,3,6,4,6,6,0.08695652173913043,0.387622769913101
CHEMBL5435746,CHEMBL5435746,O=C(Nc1ccc(N2CCNCC2)cc1)c1n[nH]cc1Nc1cc(OC2CCCC2)ncn1,,6.87,1,6.87,6.87,IC50,B,single protein format,single_protein,9,D,2023,,448.5310000000003,2.9266000000000005,120.09000000000002,4,8,7,5,3,0.391304347826087,0.43551919839369363
CHEMBL3823278,CHEMBL3823278,CC(=O)N1CCC(n2cc(Nc3ncc(Cl)c(-c4cnc5ccccn45)n3)c(C)n2)CC1,,6.87,1,6.87,6.87,IC50,B,single protein format,single_protein,9,D,2016,,450.93400000000025,3.8766200000000017,93.24000000000001,1,6,4,5,4,0.3181818181818182,0.5068518187247317
CHEMBL2011926,CHEMBL2011926,COc1ccc(-c2nc3c(NCC4CCNCC4)c(Br)cnc3[nH]2)cc1,,6.87,1,6.87,6.87,IC50,B,single protein format,single_protein,8,H,2012,,416.323,3.807500000000002,74.86,3,5,5,4,3,0.3684210526315789,0.5900659306442302
CHEMBL4519788,CHEMBL4519788,O=C1CCC(N2C(=O)c3cccc(OCCCCCOc4ccc(CC(=O)Nc5cc(C6CCC6)[nH]n5)cc4)c3C2=O)C(=O)N1,,6.87,1,6.87,6.87,Kd,B,single protein format,single_protein,9,D,2023,,613.6710000000003,3.8877000000000015,159.79,3,8,13,6,3,0.3939393939393939,0.19342398371120367
CHEMBL5561839,CHEMBL5561839,CC(C)n1nnc2ccc(-c3ccnc(Nc4cc(C(=O)N5CCCC5)ccn4)c3)cc21,,6.87,1,6.87,6.87,IC50,B,single protein format,single_protein,9,D,2024,,427.5120000000003,4.448800000000004,88.83,1,6,5,5,4,0.2916666666666667,0.5062106573252849
CHEMBL1081437,CHEMBL1081437,N[C@H](CNc1nnc(-c2ccc3[nH]nc(C4CC4)c3c2)s1)Cc1ccc(C(F)(F)F)cc1,,6.87,1,6.87,6.87,IC50,B,single protein format,single_protein,8,H,2010,,458.5130000000001,4.959500000000003,92.51,3,6,7,5,4,0.3181818181818182,0.36408487404986983
CHEMBL4461442,CHEMBL4461442,Cc1nc2c(F)cc(-c3nc(Nc4ccc5c(n4)CCN(CCN(C)P(C)(C)=O)C5)ncc3F)cc2n1C(C)C,,6.87,1,6.87,6.87,IC50,B,single protein format,single_protein,9,D,2020,,568.6130000000002,5.627020000000005,92.07,1,7,8,5,4,0.42857142857142855,0.2737767795694865
CHEMBL1081296,CHEMBL1081296,N[C@H](CNc1ncc(-c2ccc3cncnc3c2)s1)Cc1ccc(C(F)(F)F)cc1,,6.87,1,6.87,6.87,IC50,B,single protein format,single_protein,8,H,2010,,429.4710000000001,4.754000000000003,76.72,2,6,6,4,4,0.19047619047619047,0.46243522327987535
CHEMBL5925248,CHEMBL5925248,Cc1nc2c(F)cc(-c3nc(Nc4ccc5c(n4)CCN(C[C@H](C)N(C)C)C5)ncc3F)cc2n1C1CC1,,6.87,1,6.87,6.87,IC50,B,single protein format,single_protein,9,D,2020,,518.6160000000002,4.861620000000004,75.0,1,7,7,6,4,0.42857142857142855,0.3744841985014371
CHEMBL524266,CHEMBL524266,Nc1nccc(-c2cc3c([nH]2)[C@@H](CCF)CNC3=O)n1,,6.86,1,6.86,6.86,IC50,B,single protein format,single_protein,8,H,2009,,275.287,1.2405,96.68999999999998,3,4,3,3,2,0.3076923076923077,0.7847525287877285
CHEMBL571722,CHEMBL571722,Cc1cnc(Nc2cccc3c2OCCO3)nc1-c1c[nH]c(C(=O)N[C@H](CO)c2cccc(Cl)c2)c1,,6.86,1,6.86,6.86,Ki,B,single protein format,single_protein,8,H,2009,,505.9620000000001,4.411720000000002,121.39,4,7,7,5,4,0.19230769230769232,0.2932756862348949
CHEMBL1081852,CHEMBL1081852,N[C@H](CNc1ncc(-c2ccc3[nH]c(=O)oc3c2)s1)Cc1ccc(C(F)(F)F)cc1,,6.86,1,6.86,6.86,IC50,B,single protein format,single_protein,8,H,2010,,434.4430000000001,4.245300000000002,96.93999999999998,3,6,6,4,4,0.2,0.4217099978911848
CHEMBL565211,CHEMBL565211,CNC(=O)c1nn(C)c2c1C(C)(C)Cc1cnc(Nc3ccc(N4CCOCC4)cc3)nc1-2,,6.86,1,6.86,6.86,IC50,B,single protein format,single_protein,8,H,2009,,447.54300000000023,2.6506000000000007,97.2,2,7,4,5,3,0.4166666666666667,0.6345907758057626
CHEMBL5423237,CHEMBL5423237,O=C(c1ccc(Cl)cc1)N1CCN(c2nnc(Cc3ccccc3)c3ccccc23)CC1,,6.86,1,6.86,6.86,IC50,B,single protein format,single_protein,9,D,2022,,442.9500000000002,4.836400000000004,49.330000000000005,0,4,4,5,4,0.19230769230769232,0.45362349382714784
CHEMBL1235529,CHEMBL1235529,O=S1(=O)NCCCNc2nc(ncc2Br)Nc2cccc1c2,,6.85,1,6.85,6.85,IC50,B,single protein format,single_protein,8,H,2011,,384.25900000000007,2.076599999999999,96.01,3,6,0,3,2,0.23076923076923078,0.6438142196736493
CHEMBL584754,CHEMBL584754,Cc1ccccc1Nc1ncc(C)c(-c2c[nH]c(C(=O)N[C@H](CO)c3ccccc3)c2)n1,,6.85,1,6.85,6.85,Ki,B,single protein format,single_protein,8,H,2009,,427.5080000000001,4.295540000000002,102.93,4,5,7,4,4,0.16,0.35222508355676263
CHEMBL496569,CHEMBL496569,O=C(Nc1c[nH]nc1-c1nc2cc(CN3CCOCC3)ccc2[nH]1)c1ccccc1,,6.85,1,6.85,6.85,IC50,B,single protein format,single_protein,8,H,2009,,402.4580000000001,3.0375000000000005,98.93,3,5,5,5,4,0.22727272727272727,0.47657160204511717
CHEMBL463580,CHEMBL463580,O=C(Nc1c[nH]nc1C(=O)Nc1ccc(F)cc1)c1ccccc1,,6.85,1,6.85,6.85,IC50,B,single protein format,single_protein,8,H,2008,,324.31500000000005,3.053400000000001,86.88,3,3,4,3,3,0.0,0.6891326171221587
CHEMBL442957,CHEMBL442957,Cc1nc(C)c(-c2ccnc(Nc3ccc(O)cc3)n2)s1,,6.85,1,6.85,6.85,Ki,B,single protein format,single_protein,8,H,2004,,298.371,3.6661400000000013,70.93,2,6,3,3,3,0.13333333333333333,0.7219391274239676
CHEMBL457388,CHEMBL457388,O=C(NC1CCNCC1)c1n[nH]cc1NC(=O)c1c(F)cccc1F,,6.85,1,6.85,6.85,IC50,B,single protein format,single_protein,8,H,2008,,349.34100000000007,1.421999999999999,98.91,4,4,4,3,2,0.3125,0.6708794971994269
CHEMBL212264,CHEMBL212264,Nc1nc(Nc2ccc(S(=O)(=O)NC(=O)[C@H](N)CO)cc2)nn1C(=O)c1c(F)cccc1F,,6.85,1,6.85,6.85,IC50,B,single protein format,single_protein,9,D,2006,,481.44100000000014,-0.30489999999999995,195.32,5,10,7,3,3,0.1111111111111111,0.2986584390582153
CHEMBL2158864,CHEMBL2158864,CNC(=O)Nc1ccc(-c2cc(-c3ccnc(Nc4ccc(Cl)c(S(=O)(=O)NC)c4)n3)ccn2)cc1,,6.85,1,6.85,6.85,IC50,B,single protein format,single_protein,8,H,2012,,524.0060000000002,4.262000000000002,138.0,4,7,7,4,4,0.08333333333333333,0.28367673088501216
CHEMBL3642655,CHEMBL3642655,CN1CCN(c2cc(NCc3cccnc3)n3ncc(Br)c3n2)CC1,,6.85,1,6.85,6.85,IC50,B,single protein format,single_protein,9,D,2013,,402.3000000000001,2.2507,61.59,1,6,4,4,3,0.35294117647058826,0.7226442229886373
CHEMBL388956,CHEMBL388956,COc1c(O)cc2c3c(cc4ccc(O)cc4c13)NC2=O,ARISTOLACTAM AIIIA,6.85,1,6.85,6.85,IC50,B,single protein format,single_protein,8,H,2010,,281.26700000000005,2.9785000000000004,78.78999999999999,3,4,1,4,3,0.0625,0.5990768396772663
CHEMBL454646,CHEMBL454646,CC1CNCC(C(=O)Nc2ncc(SCc3ncc(C(C)(C)C)o3)s2)C1,,6.85,1,6.85,6.85,IC50,B,single protein format,single_protein,8,H,2008,,394.5660000000002,3.905000000000003,80.05,2,7,5,3,2,0.6111111111111112,0.7487478906531033
CHEMBL264345,CHEMBL264345,Cc1[nH]c(C#N)c(C)c1-c1ccnc(Nc2cccc([N+](=O)[O-])c2)n1,,6.85,1,6.85,6.85,Ki,B,single protein format,single_protein,8,H,2004,,334.3390000000001,3.612020000000001,120.53000000000002,2,6,4,3,3,0.11764705882352941,0.555117214165127
CHEMBL6021833,CHEMBL6021833,Cc1nc2c(F)cc(-c3nc(Nc4ccc5c(n4)CCNC5)ncc3F)cc2n1C1CC1,,6.84,1,6.84,6.84,IC50,B,single protein format,single_protein,9,D,2020,,433.4660000000002,4.199120000000002,80.55000000000001,2,6,4,6,4,0.30434782608695654,0.5022079489068391
CHEMBL5775801,CHEMBL5775801,Cc1nc2c(F)cc(-c3nc(Nc4ccc5c(n4)CCNC5)ncc3F)cc2n1C1CCCCC1,,6.84,1,6.84,6.84,IC50,B,single protein format,single_protein,9,D,2020,,475.5470000000003,5.369420000000003,80.55000000000001,2,6,4,6,4,0.38461538461538464,0.4131442107667329
CHEMBL3895782,CHEMBL3895782,O=C1NCC2(CCCCC2)n2c1cc1cnc(Nc3ccc(C(=O)N4CCN(C5CCC5)CC4)cn3)nc12,,6.835,2,6.7,6.97,IC50,B,single protein format,single_protein,8,H,2016,,514.6340000000005,3.2830000000000013,108.28,2,7,4,7,3,0.5357142857142857,0.5500850394716713
CHEMBL522464,CHEMBL522464,Cn1cc(C2=C(c3coc4ccccc34)C(=O)NC2=O)c2cccc(CO)c21,,6.83,1,6.83,6.83,IC50,B,single protein format,single_protein,8,H,2009,,372.38000000000017,2.9840000000000013,84.47000000000001,2,4,3,5,4,0.09090909090909091,0.5416701560614354
CHEMBL3932121,CHEMBL3932121,Cc1c(-c2ccnc(Nc3ccc(N4CCNCC4)cc3)n2)sc(=O)n1C,,6.83,1,6.83,6.83,Ki,B,single protein format,single_protein,9,D,2016,,382.49300000000005,2.3654200000000003,75.08000000000001,2,7,4,4,3,0.3157894736842105,0.7215977326217992
CHEMBL4461579,CHEMBL4461579,Cc1nc2c(F)cc(-c3nc(Nc4ccc5c(n4)CCN(CCN(C)C(=S)n4ccnc4)C5)ncc3F)cc2n1C(C)C,,6.83,1,6.83,6.83,IC50,B,single protein format,single_protein,9,D,2020,,602.7190000000002,5.119020000000004,92.82,1,8,7,6,5,0.3333333333333333,0.2549937219683322
CHEMBL4855785,CHEMBL4855785,Cc1n[nH]c2ccc(-c3cncc(NC(CO)c4ccccc4)n3)cc12,,6.83,1,6.83,6.83,IC50,B,single protein format,single_protein,9,D,2021,,345.40600000000006,3.473820000000001,86.72,3,5,5,4,4,0.15,0.5154533351683899
CHEMBL4303287,CHEMBL4303287,CN(C)C/C=C/C(=O)Nc1cccc(C(=O)Nc2cccc(Nc3ncc(Cl)c(-c4c[nH]c5ccccc45)n3)c2)c1,,6.83,2,6.65,7.01,IC50,B,single protein format,single_protein,9,D,2019;2020,,566.0650000000002,6.330500000000004,115.04,4,6,9,5,5,0.0967741935483871,0.15522601452347834
CHEMBL364587,CHEMBL364587,CC(C)(C)c1ccc(Nc2nccc(-c3cnn4ncccc34)n2)cc1,,6.82,1,6.82,6.82,Ki,B,single protein format,single_protein,9,D,2004,,344.422,4.227400000000003,68.0,1,5,3,4,4,0.2,0.6022966832072502
CHEMBL1084630,CHEMBL1084630,CCNc1nc(C)c(-c2ccnc(Nc3ccc(N4CCOCC4)cc3)n2)s1,,6.82,1,6.82,6.82,Ki,B,single protein format,single_protein,8,H,2010,,396.5200000000002,3.9205200000000024,75.2,2,8,6,4,3,0.35,0.6539320697833751
CHEMBL185871,CHEMBL185871,CCC(C)c1ccc(Nc2nccc(-c3cnn4ncccc34)n2)cc1,,6.82,1,6.82,6.82,Ki,B,single protein format,single_protein,9,D,2004,,344.422,4.443400000000003,68.0,1,5,5,4,4,0.2,0.5793975009998595
CHEMBL582829,CHEMBL582829,Cc1cnc(Nc2cccc(F)c2C)nc1-c1c[nH]c(C(=O)N[C@H](CO)c2cccc(Cl)c2)c1,,6.82,1,6.82,6.82,Ki,B,single protein format,single_protein,8,H,2009,,479.9430000000002,5.088040000000004,102.93,4,5,7,4,4,0.16,0.29553025788391785
CHEMBL5775992,CHEMBL5775992,Cc1nc2c(F)cc(-c3nc(Nc4ccc5c(n4)CCN(C(=O)C(C)(C)N(C)C)C5)ncc3F)cc2n1C(C)C,,6.82,1,6.82,6.82,IC50,B,single protein format,single_protein,9,D,2020,,548.6420000000003,5.024320000000005,92.07,1,7,6,5,4,0.41379310344827586,0.3616057823334547
CHEMBL73189,CHEMBL73189,Cc1nc2ccccn2c1-c1ccnc(Nc2cccc(Cl)c2)n1,,6.82,1,6.82,6.82,IC50,B,single protein format,single_protein,8,H,2004,,335.79800000000006,4.4967200000000025,55.11,1,4,3,4,4,0.05555555555555555,0.5987366689210039
CHEMBL1933343,CHEMBL1933343,Cc1cnc2nc1-c1cccc(c1)OCC/C=C/CN(C)Cc1cccc(c1)N2,,6.82,1,6.82,6.82,IC50,B,single protein format,single_protein,8,H,2012,,386.4990000000001,4.966120000000004,50.28000000000001,1,5,0,4,3,0.25,0.5531727121645472
CHEMBL1082152,CHEMBL1082152,Cn1cc(C2=C(c3cccc(NCC(O)CO)c3)C(=O)NC2=O)c2cc(F)ccc21,,6.82,1,6.82,6.82,Kd,B,single protein format,single_protein,8,H,2010,,409.41700000000014,1.6496999999999997,103.59,4,5,6,4,3,0.18181818181818182,0.4637933512322448
CHEMBL3099752,CHEMBL3099752,COC[C@H](Cc1ccc(O)cc1)NC(=O)c1cc(C(=O)O)c2cc(-c3cccc(C(F)(F)F)c3)ccc2n1,,6.8100000000000005,2,6.62,7.0,Kd;Ki,B,single protein format,single_protein,9,D,2014,,524.4950000000002,5.311900000000004,108.75,3,5,8,4,4,0.17857142857142858,0.2882929905973305
CHEMBL5570663,CHEMBL5570663,Cn1cc(S(=O)(=O)N2CCC(Nc3ncc(C(F)(F)F)c(-c4cnn(CC(F)(F)F)c4)n3)CC2)cn1,,6.8100000000000005,2,6.23,7.39,IC50,B,cell-based format;tissue-based format,cell_based,9,D,2024,,538.4780000000002,2.919900000000001,110.83000000000001,1,7,6,4,3,0.47368421052631576,0.48080290413044524
CHEMBL5537078,CHEMBL5537078,CC(C)c1cnn2c(NCc3ccc(NC(=O)C4CCOCC4)cc3)nc(NC3CCOCC3)nc12,,6.81,1,6.81,6.81,IC50,B,single protein format,single_protein,9,D,2024,,493.6120000000004,3.815800000000002,114.7,3,8,8,5,3,0.5384615384615384,0.43396723710841906
CHEMBL6012656,CHEMBL6012656,Cc1nc2c(F)cc(-c3nc(Nc4ccc5c(n4)CCN(C(=O)CN4CCOCC4)C5)ncc3F)cc2n1C1CC1,,6.81,1,6.81,6.81,IC50,B,single protein format,single_protein,9,D,2021,,560.6090000000003,3.7703200000000026,101.30000000000001,1,8,6,7,4,0.41379310344827586,0.38052672554685574
CHEMBL2011940,CHEMBL2011940,Nc1cccc(-c2nc3c(NCCCNC(=O)C4CCC4)c(Br)cnc3[nH]2)c1,,6.81,1,6.81,6.81,IC50,B,single protein format,single_protein,8,H,2012,,443.3490000000001,3.6879000000000017,108.72,4,5,7,4,3,0.35,0.32911660482934857
CHEMBL1084629,CHEMBL1084629,CNc1nc(C)c(-c2ccnc(Nc3ccc(N4CCOCC4)cc3)n2)s1,,6.81,1,6.81,6.81,Ki,B,single protein format,single_protein,8,H,2010,,382.49300000000017,3.530420000000002,75.2,2,8,5,4,3,0.3157894736842105,0.6990261472451785
CHEMBL5859057,CHEMBL5859057,Cc1nc2c(F)cc(-c3nc(Nc4ccc5c(n4)CCN(C(=O)CN4CCCCC4)C5)ncc3F)cc2n1C1CC1,,6.81,1,6.81,6.81,IC50,B,single protein format,single_protein,9,D,2020,,558.6370000000003,4.924020000000004,92.07,1,7,6,7,4,0.43333333333333335,0.3590763257272503
CHEMBL1642655,CHEMBL1642655,CC(C)(C)c1ccc(C(=O)Nc2cn3cc(-n4ccnc4)ccc3n2)cc1,,6.805,2,6.8,6.81,IC50,B,single protein format,single_protein,9,D,2017;2024,,359.43300000000005,4.0698000000000025,64.22,1,3,3,4,4,0.19047619047619047,0.5996179630322237
CHEMBL4518287,CHEMBL4518287,C=CS(=O)(=O)c1ccc(Nc2nc(OCC3CCCCC3)c3nc[nH]c3n2)cc1,,6.8,1,6.8,6.8,IC50,B,single protein format,single_protein,9,D,2022,,413.5030000000002,3.972800000000003,109.86,2,7,7,4,3,0.35,0.6028138863182171
CHEMBL458421,CHEMBL458421,O=C(Nc1c[nH]nc1-c1nc2cc(CN3CCOCC3)ccc2[nH]1)Nc1c(F)cccc1F,,6.8,1,6.8,6.8,IC50,B,single protein format,single_protein,8,H,2009,,453.4530000000001,3.7074000000000016,110.96000000000001,4,5,5,5,4,0.22727272727272727,0.36826539474480596
CHEMBL505474,CHEMBL505474,CC(C)(C)c1cnc(CSc2cnc(NC3CCCC(N)C3)s2)o1,,6.8,1,6.8,6.8,IC50,B,single protein format,single_protein,8,H,2008,,366.55600000000015,4.402700000000003,76.97,2,7,5,3,2,0.6470588235294118,0.7637137369474282
CHEMBL47249,CHEMBL47249,C=CCNc1nc(C)c(-c2ccnc(Nc3cccc([N+](=O)[O-])c3)n2)s1,,6.8,1,6.8,6.8,Ki,B,single protein format,single_protein,8,H,2004,,368.4220000000001,4.158220000000003,105.87,2,8,7,3,3,0.11764705882352941,0.36628105905409214
CHEMBL1974250,CHEMBL1974250,O=C(NCc1ccccc1)c1c[nH]n2c(=O)cc(-c3ccncc3)nc12,,6.8,1,6.8,6.8,Ki,F,assay format,other,8,H,,,345.362,2.0145999999999997,92.15,2,4,4,4,4,0.05263157894736842,0.5917521471192395
CHEMBL2348161,CHEMBL2348161,Nc1nccc(-n2cc(-c3ccncc3)c3cnccc32)n1,,6.8,1,6.8,6.8,IC50,B,single protein format,single_protein,9,D,2013,,288.314,2.4597000000000007,82.51,1,5,2,4,4,0.0,0.6123496395415828
CHEMBL3979266,CHEMBL3979266,CCS(=O)(Cc1cc(F)cc(Nc2ncc(F)c(-c3ccc(F)cc3OC)n2)c1)=NC#N,,6.8,1,6.8,6.8,IC50,B,cell-based format,cell_based,8,H,2015,,461.4690000000002,4.782080000000003,100.25999999999999,1,7,7,3,3,0.19047619047619047,0.5083840623731367
CHEMBL5285495,CHEMBL5285495,C[C@@H](CO)Nc1nc(N)c(N=O)c(OCC2CCCCC2)n1,,6.8,1,6.8,6.8,IC50,B,single protein format,single_protein,9,D,2020,,309.37000000000006,2.2085,122.72,3,8,7,2,1,0.7142857142857143,0.6596375025883064
CHEMBL1809117,CHEMBL1809117,N#Cc1cscc1-c1c[nH]c(=O)c2cc(-c3ccncc3)sc12,,6.8,1,6.8,6.8,IC50,B,assay format,other,8,H,2011,,335.413,4.251780000000001,69.53999999999999,1,5,2,4,4,0.0,0.5951111152421195
CHEMBL364172,CHEMBL364172,N#C/C=C(/c1ccc2nc(N)c(C(=O)c3c(F)cccc3F)n2c1)c1c(F)cccc1F,,6.8,1,6.8,6.8,IC50,B,single protein format,single_protein,8,H,2004,,436.36800000000005,4.659180000000002,84.18,1,4,4,4,4,0.0,0.28657421198349087
CHEMBL189235,CHEMBL189235,COc1ccc2c(-c3ccnc(Nc4cccc(C(F)(F)F)c4)n3)cnn2n1,,6.8,1,6.8,6.8,Ki,B,single protein format,single_protein,9,D,2004,,386.33700000000005,3.957300000000002,77.23,1,6,4,4,4,0.1111111111111111,0.572194227522789
CHEMBL523923,CHEMBL523923,O=C(Nc1cccnc1)Nc1c[nH]nc1-c1nc2cc(CN3CCOCC3)ccc2[nH]1,,6.8,1,6.8,6.8,IC50,B,single protein format,single_protein,8,H,2009,,418.4610000000003,2.8242000000000003,123.85,4,6,5,5,4,0.23809523809523808,0.39512107626199944
CHEMBL1966524,CHEMBL1966524,NC(COc1cncc(-c2cc3ccncc3s2)c1)Cc1c[nH]c2ccccc12,,6.8,1,6.8,6.8,Ki,F,assay format,other,8,H,,,400.5070000000001,4.788400000000003,76.82,2,5,6,5,5,0.13043478260869565,0.42964992091249243
CHEMBL3955818,CHEMBL3955818,CC(C)(C)CCN1CCN(c2ccc(Nc3ncc4cc5n(c4n3)C3(CCCC3)CNC5=O)nc2)CC1,,6.8,2,6.54,7.06,IC50,B,single protein format,single_protein,8,H,2016,,502.6670000000005,4.140800000000003,91.21,2,7,5,6,3,0.5714285714285714,0.5418099560043466
CHEMBL2348158,CHEMBL2348158,Nc1nccc(-n2cc(C3=CCOCC3)c3cnccc32)n1,,6.8,1,6.8,6.8,IC50,B,single protein format,single_protein,9,D,2013,,293.33,2.2014000000000005,78.85,1,5,2,4,3,0.1875,0.7832992030885915
CHEMBL565160,CHEMBL565160,CNC(=O)c1nn(C)c2c1C(C)(C)Cc1cnc(Nc3cccc(CN4CCOCC4)c3)nc1-2,,6.8,1,6.8,6.8,IC50,B,single protein format,single_protein,8,H,2009,,461.5700000000003,2.6462000000000003,97.2,2,7,5,5,3,0.44,0.6028866088682846
CHEMBL3967588,CHEMBL3967588,COc1cc(F)ccc1-c1nc(Nc2cc(Cl)cc(CS(C)(=O)=NC#N)c2)ncc1F,,6.8,1,6.8,6.8,IC50,B,cell-based format,cell_based,8,H,2015,,463.89700000000016,4.906280000000003,100.26,1,7,6,3,3,0.15,0.521331918654324
CHEMBL3655769,CHEMBL3655769,CC[C@H](Nc1nc(NC2CCC2)c2ncn(C(C)C)c2n1)[C@@H](C)O,,6.8,1,6.8,6.8,IC50,B,single protein format,single_protein,9,D,2013,,332.45200000000006,2.942900000000002,87.89,3,6,7,3,2,0.7058823529411765,0.722366900922915
CHEMBL1998068,CHEMBL1998068,COCC(C)Nc1cc(-c2c[nH]c3ncccc23)cc(Cl)n1,,6.8,1,6.8,6.8,Ki,F,assay format,other,8,H,,,316.7920000000001,3.725100000000002,62.83,2,4,5,3,3,0.25,0.7040896499197409
CHEMBL1980391,CHEMBL1980391,COc1cc2c(cc1F)C(c1ccccc1Cl)=Nc1c(n[nH]c1C)N2,RG-1530,6.8,1,6.8,6.8,Ki,F,assay format,other,8,H,,1,356.78800000000007,4.745320000000002,62.300000000000004,2,4,2,4,3,0.1111111111111111,0.5447286127028788
CHEMBL1981720,CHEMBL1981720,O=C(Nc1cnccn1)Nc1ccnc2ccccc12,,6.8,1,6.8,6.8,Ki,F,assay format,other,8,H,,,265.276,2.668800000000001,79.8,2,4,2,3,3,0.0,0.746139464534418
CHEMBL2000393,CHEMBL2000393,O=c1[nH]c2cnc(-n3cnc4ccc(F)cc43)nc2n1C1CCOc2c(F)cccc21,,6.8,1,6.8,6.8,Ki,F,assay format,other,8,H,,,420.3790000000002,3.108600000000002,90.62000000000002,1,5,2,6,5,0.14285714285714285,0.47399128461235496
CHEMBL1972339,CHEMBL1972339,Cc1n[nH]c2ccc(-c3nnn(Cc4ccccc4)c3-c3ccc(F)cc3)cc12,,6.8,1,6.8,6.8,Ki,F,assay format,other,8,H,,,383.43000000000006,4.984220000000003,59.39,1,3,4,5,5,0.08695652173913043,0.4758878415325277
CHEMBL2000271,CHEMBL2000271,Cc1n[nH]c2ccc(-c3cncc(OCC(CN)Cc4ccccc4)c3)cc12,,6.8,1,6.8,6.8,Ki,F,assay format,other,8,H,,,372.47200000000004,4.1297200000000025,76.82,2,4,7,4,4,0.21739130434782608,0.5113134726690931
CHEMBL1996817,CHEMBL1996817,CCCCOc1ncnc2[nH]cc(-c3ccccc3)c12,,6.8,1,6.8,6.8,Ki,F,assay format,other,8,H,,,267.33200000000005,3.8038000000000016,50.800000000000004,1,3,5,3,3,0.25,0.7151652373164736
CHEMBL1971017,CHEMBL1971017,NC(=O)c1cc2c(-c3cccc(F)c3)cncc2s1,,6.8,1,6.8,6.8,Ki,F,assay format,other,8,H,,,272.304,3.2013000000000007,55.980000000000004,1,3,2,3,3,0.0,0.7784581528861729
CHEMBL1998432,CHEMBL1998432,NC1CCCC(Nc2nc(Cl)cc(-c3c[nH]c4ncccc34)n2)C1,,6.8,1,6.8,6.8,Ki,F,assay format,other,8,H,,,342.8340000000001,3.355100000000001,92.50999999999999,3,5,3,4,3,0.35294117647058826,0.6345940603449258
CHEMBL4761637,CHEMBL4761637,C=CC(=O)Nc1ccc(C(=O)Nc2cccc(C(=O)Nc3ncc(SCc4ncc(C(C)(C)C)o4)s3)c2)cc1,,6.79,1,6.79,6.79,IC50,B,single protein format,single_protein,9,D,2020,,561.6890000000002,6.350000000000005,126.22000000000001,3,8,9,4,4,0.17857142857142858,0.1605279757248514
CHEMBL4876497,CHEMBL4876497,Cc1n[nH]c2ccc(-c3cc(N[C@@H](CO)c4ccccc4)cnc3Cl)cc12,,6.79,1,6.79,6.79,IC50,B,single protein format,single_protein,9,D,2021,,378.8630000000001,4.7322200000000025,73.83,3,4,5,4,4,0.14285714285714285,0.4386843786084386
CHEMBL495754,CHEMBL495754,CC(C)(C)c1cnc(CSc2cnc(NCC3CCCCC3)s2)o1,,6.78,1,6.78,6.78,IC50,B,single protein format,single_protein,8,H,2008,,365.5680000000002,5.713100000000005,50.95,1,6,6,3,2,0.6666666666666666,0.6641417535879524
CHEMBL1084454,CHEMBL1084454,Cc1nc(C)c(-c2ccnc(Nc3ccc(N)cc3)n2)s1,,6.78,1,6.78,6.78,Ki,B,single protein format,single_protein,8,H,2010,,297.387,3.542740000000001,76.72,2,6,3,3,3,0.13333333333333333,0.7230092236847833
CHEMBL4463716,CHEMBL4463716,C#CCN(C)CCN1CCc2nc(Nc3ncc(F)c(-c4cc(F)c5nc(C)n(C(C)C)c5c4)n3)ccc2C1,,6.78,1,6.78,6.78,IC50,B,single protein format,single_protein,9,D,2020,,530.6270000000002,4.722520000000004,75.0,1,7,8,5,4,0.3793103448275862,0.330508525212058
CHEMBL324186,CHEMBL324186,O=C(O)c1ccc(C(=O)Nc2cc(C3CC3)[nH]n2)cc1,,6.78,2,6.78,6.78,IC50,B,single protein format,single_protein,8,H,2008,,271.27599999999995,2.2375999999999996,95.08,3,3,4,3,2,0.21428571428571427,0.7942547880612453
CHEMBL319831,CHEMBL319831,Nc1cccc(-c2cc(Nc3ccc(S(N)(=O)=O)cc3)[nH]n2)c1,,6.78,1,6.78,6.78,IC50,B,single protein format,single_protein,8,H,2003,,329.385,2.0498999999999996,126.88999999999997,4,5,4,3,3,0.0,0.5447916495594595
CHEMBL5557384,CHEMBL5557384,CC(C)N1CCN(C(=O)c2ccnc(Nc3cc(-c4ccc5nnn(C(C)C)c5c4)ccn3)c2)CC1,,6.78,1,6.78,6.78,IC50,B,single protein format,single_protein,9,D,2024,,484.60800000000023,4.379000000000004,92.07000000000001,1,7,6,5,4,0.37037037037037035,0.43418002291847474
CHEMBL3673434,CHEMBL3673434,COc1cc(F)ccc1-c1ccnc(NC(=O)[C@H]2CCC[C@@H](NC(C)=O)C2)c1,,6.78,1,6.78,6.78,IC50,B,single protein format,single_protein,9,D,2015,,385.43900000000025,3.529700000000002,80.32,2,4,5,3,2,0.38095238095238093,0.8251529629555441
CHEMBL8817,CHEMBL8817,CN1CC[C@@H](c2c(O)cc(O)c3c(=O)cc(-c4ccccc4Cl)oc23)[C@@H](O)C1,,6.77,1,6.77,6.77,IC50,B,assay format,other,9,D,2022,,401.8460000000001,3.3046000000000015,94.14,3,6,2,4,3,0.2857142857142857,0.6095989367593201
CHEMBL404747,CHEMBL404747,O=C(Cc1ccccc1)Nc1n[nH]c2ccc(N3CCCC3=O)cc12,,6.77,1,6.77,6.77,IC50,B,single protein format,single_protein,8,H,2008,,334.37900000000013,2.8709000000000007,78.09,2,3,4,4,3,0.21052631578947367,0.7699458968120992
CHEMBL189657,CHEMBL189657,CCn1c(-c2nonc2N)nc2cnccc21,,6.77,1,6.77,6.77,IC50,B,single protein format,single_protein,9,D,2005,,230.231,1.0834,95.65,1,6,2,3,3,0.2,0.7073094099366266
CHEMBL4742169,CHEMBL4742169,CC(C)N1c2cc(Nc3nccc(-c4cncc5ccccc45)n3)ccc2N(C)C(=O)[C@H]1C,,6.77,1,6.77,6.77,IC50,B,single protein format,single_protein,9,D,2020,,438.5350000000002,5.015100000000004,74.25,1,6,4,5,4,0.23076923076923078,0.48252369097184156
CHEMBL192126,CHEMBL192126,C[C@@H](C(=O)Nc1cc(C2CC2)[nH]n1)c1ccc(N2Cc3ccccc3C2=O)cc1,,6.77,2,6.77,6.77,IC50,B,single protein format,single_protein,8,H,2008,,386.4550000000001,4.189700000000003,78.09,2,3,5,5,3,0.2608695652173913,0.6901267824900046
CHEMBL3959283,CHEMBL3959283,CCS(=O)(Cc1cccc(Nc2ncc(F)c(-c3ccc(F)cc3OC)n2)c1)=NC#N,,6.77,1,6.77,6.77,IC50,B,cell-based format,cell_based,8,H,2015,,443.47900000000016,4.642980000000003,100.25999999999999,1,7,7,3,3,0.19047619047619047,0.5340059934738205
CHEMBL3642652,CHEMBL3642652,CC(C)(C)c1cc(NCc2ccncc2)n2ncc(Br)c2n1,,6.77,1,6.77,6.77,IC50,B,single protein format,single_protein,9,D,2013,,360.259,3.796400000000003,55.11,1,4,3,3,3,0.3125,0.7721016100106272
CHEMBL576683,CHEMBL576683,Cc1cnc(Nc2cccc3c2OC(F)(F)O3)nc1-c1c[nH]c(C(=O)N[C@H](CO)c2cccc(Cl)c2)c1,,6.77,1,6.77,6.77,Ki,B,single protein format,single_protein,8,H,2009,,527.9150000000002,4.962020000000003,121.39,4,7,7,5,4,0.16,0.2678078459281565
CHEMBL5556871,CHEMBL5556871,CCC(=O)Nc1ccc(CNc2nc(NC3CCCNC3)nc3c(C(C)C)cnn23)cc1,,6.76,1,6.76,6.76,IC50,B,single protein format,single_protein,9,D,2024,,436.56400000000014,3.372200000000002,108.27,4,7,8,4,3,0.4782608695652174,0.42866880953845504
CHEMBL5763252,CHEMBL5763252,CN1CCC(OCc2ccc(Nc3ncc(F)c(-c4cc(F)c5nc6n(c5c4)C(C)(C)CC6)n3)nc2)CC1,,6.76,1,6.76,6.76,IC50,B,single protein format,single_protein,9,D,2022,,519.6000000000003,5.202200000000005,80.99,1,7,6,6,4,0.42857142857142855,0.37494168969350444
CHEMBL5542666,CHEMBL5542666,CCC(=O)Nc1ccc(CNc2nc(N[C@@H](CC)CO)nc3c(C(C)C)cnn23)cc1,,6.76,1,6.76,6.76,IC50,B,single protein format,single_protein,9,D,2024,,425.53700000000015,3.3911000000000016,116.47,4,7,10,3,3,0.45454545454545453,0.39331058879636216
CHEMBL3099750,CHEMBL3099750,CNC(=O)[C@H](Cc1ccc(O)cc1)NC(=O)c1cc(C(=O)O)c2cc(/C=C/c3ccc(Cl)cc3)ccc2n1,,6.76,2,6.52,7.0,Kd;Ki,B,single protein format,single_protein,9,D,2014,,529.9800000000001,4.549500000000002,128.62,4,5,8,4,4,0.10344827586206896,0.24784081307015293
CHEMBL4776271,CHEMBL4776271,C=CC(=O)NC1CCN(C(=O)N2CCCC(Nc3ncc(SCc4ncc(C(C)(C)C)o4)s3)C2)CC1,,6.76,1,6.76,6.76,IC50,B,single protein format,single_protein,9,D,2020,,532.7360000000002,4.483800000000004,103.60000000000001,2,8,7,4,2,0.6,0.40014791290289314
CHEMBL3897217,CHEMBL3897217,COc1cc(F)ccc1-c1nc(Nc2cc(F)c(F)c(CS(C)(=N)=O)c2)ncc1F,,6.75,3,6.68,6.77,IC50,B,cell-based format,cell_based,8,H,2015,,440.42200000000014,4.628770000000003,87.96,2,6,6,3,3,0.15789473684210525,0.5460138673106586
CHEMBL3981911,CHEMBL3981911,COc1cc(F)ccc1-c1nc(Nc2cc(Cl)cc(CS(C)(=N)=O)c2)ncc1F,,6.75,1,6.75,6.75,IC50,B,cell-based format,cell_based,8,H,2015,,438.8870000000001,5.0039700000000025,87.96,2,6,6,3,3,0.15789473684210525,0.5647876910430845
CHEMBL3905335,CHEMBL3905335,COc1cc(F)ccc1-c1nc(Nc2cc(CS(C)(=N)=O)cc(C(F)(F)F)c2)ncc1F,,6.75,1,6.75,6.75,IC50,B,cell-based format,cell_based,8,H,2015,,472.4390000000001,5.369370000000003,87.96,2,6,6,3,3,0.2,0.4712581827575951
CHEMBL3905910,CHEMBL3905910,CN1CC[C@@H](c2c(O)cc(O)c3c(=O)cc(-c4ccc(C(F)(F)F)cc4Cl)oc23)[C@@H]1CO,VORUCICLIB,6.75,1,6.75,6.75,IC50,B,single protein format,single_protein,9,D,2022,2,469.8430000000001,4.323400000000003,94.14,3,6,3,4,3,0.3181818181818182,0.5285972878375598
CHEMBL254269,CHEMBL254269,CNCCN(C)C(=O)c1cc(Sc2cnc(Nc3cccc(Br)n3)s2)ccc1C,,6.75,1,6.75,6.75,IC50,B,single protein format,single_protein,8,H,2008,,492.46800000000013,4.795220000000004,70.15,2,7,8,3,3,0.25,0.44079893930908165
CHEMBL233149,CHEMBL233149,N=C1NC(=O)/C(=C/c2ccc(-c3ccc(S(N)(=O)=O)cc3)o2)S1,,6.75,1,6.75,6.75,IC50,B,single protein format,single_protein,8,H,2007,,349.3930000000001,1.7326700000000002,126.24999999999999,3,6,3,3,2,0.0,0.7275009579097264
CHEMBL193643,CHEMBL193643,Nc1nc(Nc2ccc(S(N)(=O)=O)cc2)ccc1C(=O)c1c(F)cccc1F,,6.75,1,6.75,6.75,IC50,B,single protein format,single_protein,9,D,2005,,404.3980000000001,2.564,128.17,3,6,5,3,3,0.0,0.5608532212395182
CHEMBL5558477,CHEMBL5558477,CC[C@@H](CO)Nc1nc(NCc2ccc(NC(=O)C3(F)CC3)cc2)n2ncc(C(C)C)c2n1,,6.75,1,6.75,6.75,IC50,B,single protein format,single_protein,9,D,2024,,455.53800000000024,3.483200000000002,116.47,4,7,10,4,3,0.4782608695652174,0.3697682222399564
CHEMBL559301,CHEMBL559301,Nc1nc(O)c(Cc2nn3c(COc4ccc(Cl)cc4)nnc3s2)s1,,6.75,1,6.75,6.75,IC50,B,single protein format,single_protein,8,H,2009,,394.869,2.753300000000001,111.45,2,9,5,4,4,0.14285714285714285,0.5348161455236339
CHEMBL336242,CHEMBL336242,O=C(Nc1cc(CN[C@H]2Cc3ccc(Cl)cc3C2)n[nH]1)Nc1cccc2c1[C@@H]1CCCN1C2=O,,6.735,2,6.36,7.11,IC50,B,single protein format,single_protein,8;9,D;H,2006,,476.96800000000025,4.254800000000002,102.15,4,4,5,6,3,0.32,0.4416660294493446
CHEMBL4793573,CHEMBL4793573,C=CC(=O)NC1CCC(C(=O)N2CCCC(Nc3ncc(SCc4ncc(C(C)(C)C)o4)s3)C2)CC1,,6.73,1,6.73,6.73,IC50,B,single protein format,single_protein,9,D,2020,,531.7480000000002,4.984800000000004,100.36000000000001,2,8,8,4,2,0.6153846153846154,0.3657822336374453
CHEMBL2011934,CHEMBL2011934,COc1ccc(-c2nc3c(NCCCN(C)C(=O)C4CCC4)c(Br)cnc3[nH]2)cc1,,6.73,1,6.73,6.73,IC50,B,single protein format,single_protein,8,H,2012,,472.3870000000001,4.456500000000004,83.13999999999999,2,5,8,4,3,0.4090909090909091,0.47349304960028843
CHEMBL5512555,CHEMBL5512555,CC(=O)N1CCC(C(=O)Nc2ccc(CNc3nc(NC4CCOCC4)nc4c(C(C)C)cnn34)cc2)CC1,,6.73,1,6.73,6.73,IC50,B,single protein format,single_protein,9,D,2024,,534.6650000000002,3.647700000000002,125.78000000000002,3,8,8,5,3,0.5357142857142857,0.3999484944618136
CHEMBL1081831,CHEMBL1081831,N[C@H](CNc1ncc(-c2ccc3c(c2)CC(=O)N3)s1)Cc1ccc(C(F)(F)F)cc1,,6.73,1,6.73,6.73,IC50,B,single protein format,single_protein,8,H,2010,,432.4710000000001,4.305400000000002,80.03999999999999,3,5,6,4,3,0.23809523809523808,0.5425073796154463
CHEMBL141247,CHEMBL141247,O=C(Nc1ccccn1)Nc1cccc2c1[C@H]1CCCN1C2=O,,6.73,2,6.36,7.1,IC50,B,single protein format,single_protein,8;9,D;H,2006,,308.34100000000007,3.016300000000001,74.33000000000001,2,3,2,4,2,0.23529411764705882,0.8952620495802048
CHEMBL392775,CHEMBL392775,Cc1cc(N2CCCS2(=O)=O)c2oc(-c3ccc(O)c(Cl)c3)c(O)c(=O)c2c1,,6.72,1,6.72,6.72,IC50,B,single protein format,single_protein,8,H,2007,,421.8580000000002,3.3729200000000024,108.05000000000001,2,6,2,4,3,0.21052631578947367,0.656320944135405
CHEMBL4161364,CHEMBL4161364,N=c1[nH]c(=O)[nH]c2c1cnn2-c1ccc(S(N)(=O)=O)cc1,,6.72,1,6.72,6.72,IC50,B,single protein format,single_protein,9,D,2017,,306.307,-0.8312299999999999,150.48,4,5,2,3,3,0.0,0.488115495475182
CHEMBL5284748,CHEMBL5284748,NC[C@@H](CNc1cncc(-c2ccc3[nH]nc(NC(=O)c4ccccc4)c3c2)c1)c1ccccc1,,6.72,1,6.72,6.72,IC50,B,single protein format,single_protein,9,D,2022,,462.55700000000013,5.031600000000004,108.72,4,5,8,5,5,0.10714285714285714,0.25856976619435545
CHEMBL188303,CHEMBL188303,Cc1ccc2c(-c3ccnc(Nc4ccc(C(F)(F)F)cc4)n3)cnn2n1,,6.72,1,6.72,6.72,Ki,B,single protein format,single_protein,9,D,2004,,370.338,4.257120000000002,68.0,1,5,3,4,4,0.1111111111111111,0.5837072761625595
CHEMBL1823630,CHEMBL1823630,N[C@H](CNc1nnc(-c2ccc3c(c2)CC(=O)N3)s1)Cc1ccc(C(F)(F)F)cc1,,6.72,1,6.72,6.72,IC50,B,single protein format,single_protein,8,H,2011,,433.4590000000001,3.700400000000002,92.93,3,6,6,4,3,0.25,0.5513186348840267
CHEMBL3960677,CHEMBL3960677,COc1cc(CS(C)(=N)=O)cc(Nc2ncc(F)c(-c3ccc(F)cc3OC)n2)c1,,6.72,3,6.68,6.82,IC50,B,cell-based format,cell_based,8,H,2015,,434.4680000000002,4.359170000000002,97.19,2,7,7,3,3,0.2,0.5735532561186387
CHEMBL292864,CHEMBL292864,O=C1Nc2ccc(Br)cc2/C1=C/c1[nH]cc2c1CCOC2=O,,6.72,1,6.72,6.72,IC50,B,single protein format,single_protein,8,H,2003,,359.1790000000002,2.982800000000001,71.19,2,3,1,4,2,0.125,0.6075493082657233
CHEMBL365248,CHEMBL365248,COc1ccc2c(-c3ccnc(Nc4cccc(OC(F)(F)F)c4)n3)cnn2n1,GW810372X,6.72,1,6.72,6.72,Ki,B,single protein format,single_protein,9,D,2004,,402.336,3.8371000000000013,86.46,1,7,5,4,4,0.1111111111111111,0.5428080147690607
CHEMBL5411187,CHEMBL5411187,COc1ccc(Cc2nnc(N3CCN(C(=S)Nc4cccc(Cl)c4)CC3)c3ccccc23)cc1,,6.72,1,6.72,6.72,IC50,B,single protein format,single_protein,9,D,2022,,504.0590000000002,5.401600000000005,53.52000000000001,1,5,5,5,4,0.2222222222222222,0.3657165868280064
CHEMBL188417,CHEMBL188417,COc1cc(Nc2nccc(-c3cnn4nc(OC)ccc34)n2)cc(OC)c1,,6.72,1,6.72,6.72,Ki,B,single protein format,single_protein,9,D,2004,,378.3920000000001,2.955700000000001,95.69000000000001,1,8,6,4,4,0.15789473684210525,0.547076762031414
CHEMBL5415967,CHEMBL5415967,O=C(Nc1ccc(N2CCNCC2)cc1)c1n[nH]cc1Nc1cc(C2CC2)ncn1,,6.71,1,6.71,6.71,IC50,B,single protein format,single_protein,9,D,2023,,404.4780000000002,2.4825999999999997,110.86000000000001,4,7,6,5,3,0.3333333333333333,0.499445065875393
CHEMBL5759958,CHEMBL5759958,Cc1nc2c(F)cc(-c3nc(Nc4ccc5c(n4)CCN(C(=O)CN(C)C)C5)ncc3F)cc2n1C1CCCC1,,6.71,1,6.71,6.71,IC50,B,single protein format,single_protein,9,D,2020,,546.6260000000001,4.779920000000004,92.07,1,7,6,6,4,0.41379310344827586,0.37218832712647637
CHEMBL482967,CHEMBL482967,Cc1nc(N)sc1-c1ccnc(Nc2ccc(N3CCOCC3)cc2)n1,CYC-116,6.705,2,6.41,7.0,Ki,B;F,assay format;single protein format,mixed,8,H,2010,1,368.46600000000024,3.070920000000001,89.19,2,8,4,4,3,0.2777777777777778,0.7313327991439837
CHEMBL430703,CHEMBL430703,CC(C)c1cc(NC(=O)c2ccc(Br)cc2)n[nH]1,,6.7,2,6.7,6.7,IC50,B,single protein format,single_protein,8,H,2008,,308.179,3.547900000000002,57.78,2,2,3,2,2,0.23076923076923078,0.9107888776523184
CHEMBL510566,CHEMBL510566,C[C@@H]1CNC[C@@H](C(=O)Nc2ncc(SCc3ncc(C(C)(C)C)o3)s2)C1,,6.7,1,6.7,6.7,IC50,B,single protein format,single_protein,8,H,2008,,394.5660000000002,3.905000000000003,80.05,2,7,5,3,2,0.6111111111111112,0.7487478906531033
CHEMBL1080892,CHEMBL1080892,Cc1n[nH]c2ccc(-c3nnc(NC[C@@H](N)Cc4ccccc4C(F)(F)F)s3)cc12,,6.7,1,6.7,6.7,IC50,B,single protein format,single_protein,8,H,2010,,432.475,4.390520000000002,92.50999999999999,3,6,6,4,4,0.25,0.4202664494882425
CHEMBL52387,CHEMBL52387,CCC(CO)Nc1nc(NCc2ccccc2)c2ncn(C(C)C)c2n1,(RS)-ROSCOVITINE,6.7,1,6.7,6.7,Ki,F,assay format,other,8,H,,,354.4580000000001,3.2021000000000015,87.89,3,6,8,3,3,0.42105263157894735,0.5756719627819336
CHEMBL1630118,CHEMBL1630118,O=C(NO)c1ccc(-c2ccc3ncnc(Nc4ccc(OCc5cccc(F)c5)c(Cl)c4)c3c2)s1,,6.7,1,6.7,6.7,IC50,B,single protein format,single_protein,8,H,2010,,520.9730000000002,6.592400000000003,96.37,3,7,7,5,5,0.038461538461538464,0.16532374284548304
CHEMBL1968459,CHEMBL1968459,CCCCNc1cc(-c2c[nH]c3ncccc23)ncn1,,6.7,1,6.7,6.7,Ki,F,assay format,other,8,H,,,267.336,3.2319000000000004,66.49000000000001,2,4,5,3,3,0.26666666666666666,0.6964138943737035
CHEMBL2035046,CHEMBL2035046,C1=C/COCc2cncc(c2)-c2ccnc(n2)Nc2cccc(c2)COC/1,,6.7,1,6.7,6.7,IC50,B,single protein format,single_protein,8,H,2012,,360.41700000000014,3.885200000000002,69.16000000000001,1,6,0,4,3,0.19047619047619047,0.6136301087470265
CHEMBL2006439,CHEMBL2006439,Clc1cc(-c2c[nH]c3ncccc23)nc(NC2CCCCC2)n1,,6.7,1,6.7,6.7,Ki,F,assay format,other,8,H,,,327.8190000000002,4.417900000000002,66.49000000000001,2,4,3,4,3,0.35294117647058826,0.6988177474205068
CHEMBL1971172,CHEMBL1971172,CC(C)(CNc1cc(-c2c[nH]c3ncccc23)cc(Cl)n1)CNS(C)(=O)=O,,6.7,1,6.7,6.7,Ki,F,assay format,other,8,H,,,407.92700000000013,3.265600000000002,99.76999999999998,3,5,7,3,3,0.3333333333333333,0.5217639726590911
CHEMBL402910,CHEMBL402910,CCN(CC)c1ccc2[nH]nc(NC(=O)Cc3ccccc3)c2c1,,6.7,1,6.7,6.7,IC50,B,single protein format,single_protein,8,H,2008,,322.41200000000003,3.590300000000002,61.02,2,3,6,3,3,0.2631578947368421,0.7288733962494809
CHEMBL1922123,CHEMBL1922123,CC[C@@H](Nc1nc(NCc2cccnc2)c2ncn(C(C)C)c2n1)C(C)(C)O,,6.7,1,6.7,6.7,IC50,B,cell-based format,cell_based,9,D,2014,,383.50000000000017,3.3757000000000024,100.78,3,7,8,3,3,0.5,0.5480508116875934
CHEMBL1738757,CHEMBL1738757,CNC(=O)c1cc(Oc2ccc(NC(=O)Nc3cc(C(C)(C)C)nn3-c3ccc4ncccc4c3)c(F)c2)ccn1,REBASTINIB,6.7,1,6.7,6.7,Kd,B,subcellular format,other,9,D,2017,2,553.5980000000003,6.048000000000005,123.06,3,6,6,5,5,0.16666666666666666,0.23533930873193032
CHEMBL3937866,CHEMBL3937866,COc1cc(F)ccc1-c1nc(Nc2cc(CS(C)(=O)=NC#N)cc(C(F)(F)F)c2)ncc1F,,6.7,1,6.7,6.7,IC50,B,cell-based format,cell_based,8,H,2015,,497.4490000000001,5.271680000000003,100.26,1,7,6,3,3,0.19047619047619047,0.36787592212777664
CHEMBL5285163,CHEMBL5285163,CS(=O)(=O)N1CCC(Nc2ncc3cc(CCO)c(=O)n(C4CCCC4)c3n2)CC1,,6.7,1,6.7,6.7,EC50,B,cell-based format,cell_based,9,D,2021,,435.55000000000035,1.2772999999999988,117.42,2,7,6,4,2,0.65,0.7016871861454308
CHEMBL1809113,CHEMBL1809113,N#Cc1ccc(F)c(-c2c[nH]c(=O)c3cc(-c4ccncc4)sc23)c1,,6.7,1,6.7,6.7,IC50,B,assay format,other,8,H,2011,,347.374,4.329380000000001,69.53999999999999,1,4,2,4,4,0.0,0.5866462317386383
CHEMBL1991188,CHEMBL1991188,COc1cccc(C(C)NC(=O)c2ccc(-c3ccncc3F)cc2OC)c1,,6.7,1,6.7,6.7,Ki,F,assay format,other,8,H,,,380.4190000000001,4.395900000000003,60.45,1,4,6,3,3,0.18181818181818182,0.6887474663968322
CHEMBL1988838,CHEMBL1988838,Cc1cnc(Nc2cccc(S(N)(=O)=O)c2)nc1Nc1ccc(OCC(N)=O)cc1,,6.7,1,6.7,6.7,Ki,F,assay format,other,8,H,,,428.4740000000002,1.7837199999999998,162.32,4,8,8,3,3,0.10526315789473684,0.4218077589289476
CHEMBL1800459,CHEMBL1800459,Nc1nc(-c2cc(N3C[C@H](O)[C@@H](O)C3)ccc2O)cc(C2CCNCC2)n1,,6.7,1,6.7,6.7,IC50,B,single protein format,single_protein,8,H,2011,,371.4410000000002,0.4401999999999993,127.76,5,8,3,4,2,0.47368421052631576,0.5258575315691661
CHEMBL1988331,CHEMBL1988331,Cc1cccc(CNc2cc(-c3c[nH]c4ncccc34)cc(Cl)n2)c1C,,6.7,1,6.7,6.7,Ki,F,assay format,other,8,H,,,362.8640000000001,5.507240000000003,53.6,2,3,4,4,4,0.14285714285714285,0.4706469029139366
CHEMBL1983157,CHEMBL1983157,CCCCNc1cc(-c2ccncc2)cc2[nH]nc(N)c12,,6.7,1,6.7,6.7,Ki,F,assay format,other,8,H,,,281.36300000000006,3.4191000000000003,79.62,3,4,5,3,3,0.25,0.6259847510237423
CHEMBL1682358,CHEMBL1682358,Nc1n[nH]c2ccc(-c3cc(Cc4ccccc4)no3)cc12,,6.7,1,6.7,6.7,Ki,F,assay format,other,8,H,,,290.326,3.390900000000002,80.73,2,4,3,4,4,0.058823529411764705,0.6057272979509855
CHEMBL84436,CHEMBL84436,CC(C)n1cnc2c(NCc3ccccc3)nc(NC[C@@H](C)O)nc21,,6.7,1,6.7,6.7,IC50,B,single protein format,single_protein,9,D,2000,,340.4310000000001,2.8120000000000007,87.89,3,6,7,3,3,0.3888888888888889,0.612886007216034
CHEMBL379975,CHEMBL379975,O=C1NC(=O)c2c1c(-c1ccccc1Cl)cc1[nH]c3ccc(O)cc3c21,,6.7,1,6.7,6.7,Ki,F,assay format,other,8,H,,,362.7720000000001,4.2307000000000015,82.19,3,3,1,5,4,0.0,0.44302740510940675
CHEMBL419720,CHEMBL419720,CN(C)CC(O)COc1ccc(Nc2ncc(Br)c(N(CCCC(F)(F)F)c3ccccc3)n2)cc1,,6.7,1,6.7,6.7,IC50,B,single protein format,single_protein,8,H,2003,,568.4380000000002,5.764600000000005,73.75,2,7,12,3,3,0.36,0.2877902670193967
CHEMBL1996111,CHEMBL1996111,CN(C)C(=O)c1c(-c2ccc3[nH]ncc3c2)nnn1Cc1ccccc1,,6.7,1,6.7,6.7,Ki,F,assay format,other,8,H,,,346.3940000000001,2.5715000000000003,79.70000000000002,1,4,4,4,4,0.15789473684210525,0.6158161027435856
CHEMBL312018,CHEMBL312018,O=C1Nc2ccc(F)c3ccc(-c4ccc[nH]4)c1c23,,6.69,1,6.69,6.69,IC50,B,single protein format,single_protein,8,H,2003,,252.24800000000002,3.5397000000000016,44.89,2,1,1,4,3,0.0,0.6832117463289039
CHEMBL572361,CHEMBL572361,CCc1ccccc1Nc1ncc(C)c(-c2c[nH]c(C(=O)N[C@H](CO)c3ccccc3)c2)n1,,6.68,1,6.68,6.68,Ki,B,single protein format,single_protein,8,H,2009,,441.53500000000014,4.549520000000002,102.93,4,5,8,4,4,0.19230769230769232,0.32123988514468566
CHEMBL5555560,CHEMBL5555560,CCC(=O)Nc1ccc(CNc2nc(NC(CO)CO)nc3c(C(C)C)cnn23)cc1,,6.68,1,6.68,6.68,IC50,B,single protein format,single_protein,9,D,2024,,427.5090000000001,1.9733999999999996,136.70000000000002,5,8,10,3,3,0.42857142857142855,0.3312266966987491
CHEMBL571484,CHEMBL571484,Cc1cnc(Nc2cccc3c2OCO3)nc1-c1c[nH]c(C(=O)N[C@H](CO)c2cccc(Cl)c2)c1,,6.68,1,6.68,6.68,Ki,B,single protein format,single_protein,8,H,2009,,491.9350000000002,4.369220000000002,121.39,4,7,7,5,4,0.16,0.3026421320721588
CHEMBL5774696,CHEMBL5774696,Cc1nc2c(F)cc(-c3nc(Nc4ccc5c(n4)CCN(C[C@H](C)N)C5)ncc3F)cc2n1C1CC1,,6.68,1,6.68,6.68,IC50,B,single protein format,single_protein,9,D,2020,,490.5620000000003,4.258720000000002,97.78,2,7,6,6,4,0.38461538461538464,0.41680894205639124
CHEMBL5555057,CHEMBL5555057,CC(=O)Nc1ccc(CNc2nc(NC3CCCNC3)nc3c(C(C)C)cnn23)cc1,,6.67,1,6.67,6.67,IC50,B,single protein format,single_protein,9,D,2024,,422.5370000000001,2.982100000000001,108.27,4,7,7,4,3,0.45454545454545453,0.46348562771665897
CHEMBL365046,CHEMBL365046,Nc1nc2ccc(C(=O)c3c(F)cccc3F)cn2c1C(=S)c1ccccc1,,6.67,1,6.67,6.67,IC50,B,single protein format,single_protein,8,H,2004,,393.41800000000006,4.192000000000002,60.39,1,4,4,4,4,0.0,0.4171864108883987
CHEMBL6014795,CHEMBL6014795,Cc1nc2c(F)cc(-c3nc(Nc4ccc5c(n4)CCN(C(=O)C4CCCN4)C5)ncc3F)cc2n1C1CC1,,6.67,1,6.67,6.67,IC50,B,single protein format,single_protein,9,D,2020,,530.5830000000002,4.190120000000003,100.86000000000001,2,7,5,7,4,0.39285714285714285,0.3991172901485295
CHEMBL6038282,CHEMBL6038282,Cc1nc2c(F)cc(-c3nc(Nc4ccc5c(n4)CCN(C(=O)[C@@H]4CCCN4)C5)ncc3F)cc2n1C1CC1,,6.67,1,6.67,6.67,IC50,B,single protein format,single_protein,9,D,2021,,530.5830000000002,4.190120000000003,100.86000000000001,2,7,5,7,4,0.39285714285714285,0.3991172901485295
CHEMBL3944304,CHEMBL3944304,COc1cc(F)ccc1-c1nc(Nc2cccc(CS(=O)(=NC#N)C3CC3)c2)ncc1F,,6.66,1,6.66,6.66,IC50,B,cell-based format,cell_based,8,H,2015,,455.4900000000002,4.785480000000003,100.26,1,7,7,4,3,0.22727272727272727,0.5145521340147249
CHEMBL1922120,CHEMBL1922120,CCC(O)[C@@H](CC)Nc1nc(NCc2cccnc2)c2ncn(C(C)C)c2n1,,6.66,1,6.66,6.66,IC50,B,cell-based format,cell_based,9,D,2014,,383.5000000000001,3.375700000000002,100.77999999999999,3,7,9,3,3,0.5,0.52060265473847
CHEMBL482211,CHEMBL482211,CC[C@H](CO)Nc1nc(NCc2ccccc2)c2ncc(C(C)C)n2n1,,6.66,1,6.66,6.66,IC50,B,cell-based format,cell_based,9,D,2009,,354.4580000000001,3.042600000000001,87.36999999999999,3,6,8,3,3,0.42105263157894735,0.5762532578171193
CHEMBL3953160,CHEMBL3953160,COc1cc(F)ccc1-c1nc(Nc2cc(C)cc(CS(C)(=O)=NC#N)c2)ncc1F,,6.66,1,6.66,6.66,IC50,B,cell-based format,cell_based,8,H,2015,,443.47900000000016,4.561300000000003,100.26,1,7,6,3,3,0.19047619047619047,0.5607203601500055
CHEMBL4077967,CHEMBL4077967,CN(C)Cc1ccc2ccc(Cl)c(C3=C(c4cn(C)c5ccccc45)C(=O)NC3=O)c2c1,,6.66,1,6.66,6.66,IC50,B,single protein format,single_protein,9,D,2017,,443.93400000000014,4.613700000000004,54.34,1,3,4,5,4,0.15384615384615385,0.46834392604970226
CHEMBL563366,CHEMBL563366,CNC(=O)c1nn(C)c2c1C(C)(C)Cc1cnc(Nc3cccc(N(C)C)c3)nc1-2,,6.66,1,6.66,6.66,IC50,B,single protein format,single_protein,8,H,2009,,405.5060000000001,2.8800000000000017,87.97,2,6,4,4,3,0.36363636363636365,0.6939914685531735
CHEMBL5419652,CHEMBL5419652,N#Cc1ccc(Nc2nccc(C(=O)Nc3cnccc3-c3ccc(F)cc3)n2)cc1,,6.66,1,6.66,6.66,IC50,B,single protein format,single_protein,9,D,2023,,410.4120000000001,4.545280000000003,103.59,2,6,5,4,4,0.0,0.5004298136706119
CHEMBL102636,CHEMBL102636,COc1ccc(Nc2nc(N)c(N=O)c(OCC3CCCCC3)n2)cc1,,6.66,1,6.66,6.66,IC50,B,single protein format,single_protein,8,H,2003,,357.4140000000002,4.168000000000003,111.72,2,8,7,3,2,0.4444444444444444,0.7151887459527273
CHEMBL418203,CHEMBL418203,CN1CCC(c2c(O)cc(O)c3c(=O)cc(-c4ccccc4Cl)oc23)[C@@H](O)C1,,6.66,1,6.66,6.66,IC50,B,single protein format,single_protein,8,H,2002,,401.8460000000001,3.3046000000000015,94.14,3,6,2,4,3,0.2857142857142857,0.6095989367593201
CHEMBL112442,CHEMBL112442,CCCC(=O)Nc1cc(C2CC2)[nH]n1,,6.65,2,6.65,6.65,IC50,B,single protein format,single_protein,8,H,2008,,193.24999999999997,2.0257,57.78,2,2,4,2,1,0.6,0.7682039426650861
CHEMBL519715,CHEMBL519715,COc1cc(Nc2ncc3c(C)nc(-c4ccccc4)n3n2)cc(OC)c1OC,,6.64,1,6.64,6.64,IC50,B,single protein format,single_protein,8,H,2008,,391.43100000000015,3.8691200000000023,82.80000000000001,1,7,6,4,4,0.19047619047619047,0.534130339457573
CHEMBL2035049,CHEMBL2035049,C1=C/Cn2ccc3ccc(cc32)-c2ccnc(n2)Nc2ccc(OCCN3CCCC3)c(c2)COC/1,,6.64,1,6.64,6.64,IC50,B,single protein format,single_protein,8,H,2012,,481.6000000000005,5.402900000000005,64.44,1,6,4,6,4,0.3103448275862069,0.39377533956887045
CHEMBL496162,CHEMBL496162,CC(C)Oc1ccc2c(-c3ccnc(Nc4ccc(N5CCN(C)CC5)cc4)n3)cnn2n1,,6.64,1,6.64,6.64,IC50,B,single protein format,single_protein,9,D,2008,,444.54300000000023,3.4689000000000023,83.71,1,8,6,5,4,0.3333333333333333,0.48406367217338125
CHEMBL5175160,CHEMBL5175160,CNS(=O)(=O)c1ccc(Nc2ncc3c(n2)N([C@H]2CCC[C@@H]2C)C(=O)C32CC2)cc1,,6.64,1,6.64,6.64,IC50,B,cell-based format,cell_based,9,D,2022,,427.5300000000003,2.695100000000001,104.28999999999999,2,6,5,5,2,0.47619047619047616,0.7603041755003793
CHEMBL251796,CHEMBL251796,Cc1ccc(Sc2cnc(Nc3cccc(Br)n3)s2)cc1C(=O)N1CCN(C(=O)[C@@H](C)N)CC1,,6.64,1,6.64,6.64,IC50,B,single protein format,single_protein,8,H,2008,,561.531,4.1354200000000025,104.45,2,8,6,4,3,0.30434782608695654,0.4363484379426589
CHEMBL516003,CHEMBL516003,O=C(Nc1ccccc1F)Nc1c[nH]nc1-c1nc2cc(CN3CCOCC3)ccc2[nH]1,,6.64,1,6.64,6.64,IC50,B,single protein format,single_protein,8,H,2009,,435.4630000000003,3.5683000000000016,110.96000000000001,4,5,5,5,4,0.22727272727272727,0.3830600246887368
CHEMBL365847,CHEMBL365847,CC(=O)c1c(C)c2cnc(Nc3ccc(N4CCNCC4)cc3)nc2n(C2CCCC2)c1=O,,6.64,1,6.64,6.64,IC50,B,single protein format,single_protein,9,D,2015,,446.55500000000035,3.570820000000002,92.15,2,7,5,5,3,0.44,0.5789990771237561
CHEMBL3912866,CHEMBL3912866,COc1cc(F)ccc1-c1nc(Nc2cc(CS(C)(=N)=O)cc(C(F)(F)C(F)(F)F)c2)ncc1F,,6.64,1,6.64,6.64,IC50,B,cell-based format,cell_based,8,H,2015,,522.4460000000001,6.004670000000003,87.96,2,6,7,3,3,0.23809523809523808,0.37163868858260246
CHEMBL524629,CHEMBL524629,CC(C)(C)c1cnc(CSc2cnc(NCC3CCNCC3)s2)o1,,6.64,1,6.64,6.64,IC50,B,single protein format,single_protein,8,H,2008,,366.55600000000015,4.132400000000002,62.980000000000004,2,7,6,3,2,0.6470588235294118,0.7495680336966989
CHEMBL5202522,CHEMBL5202522,Nc1nc(N[C@H]2CC3CCC2C3)sc1C(=O)c1ccccc1[N+](=O)[O-],,6.63,1,6.63,6.63,IC50,B,single protein format,single_protein,9,D,2022,,358.42300000000006,3.4650000000000025,111.15,2,7,5,4,2,0.4117647058823529,0.48083461684051343
CHEMBL3099751,CHEMBL3099751,CN(C)C(=O)[C@H](Cc1ccc(O)cc1)NC(=O)c1cc(C(=O)O)c2cc(/C=C/c3ccc(Cl)cc3)ccc2n1,,6.63,2,6.46,6.8,Kd;Ki,B,single protein format,single_protein,9,D,2014,,544.0070000000002,4.891700000000003,119.83000000000001,3,5,8,4,4,0.13333333333333333,0.2721131610074625
CHEMBL3822583,CHEMBL3822583,CC(=O)N1CCC(n2ncc(Nc3ncc(Cl)c(-c4cnc5ccccn45)n3)c2C)CC1,,6.63,1,6.63,6.63,IC50,B,single protein format,single_protein,9,D,2016,,450.93400000000025,3.8766200000000026,93.24,1,6,4,5,4,0.3181818181818182,0.5068518187247316
CHEMBL4449998,CHEMBL4449998,Cc1nc2c(F)cc(-c3nc(Nc4ccc5c(n4)CCN(CCN(C)C)C5)ncc3F)cc2n1CC1CC1,,6.63,1,6.63,6.63,IC50,B,single protein format,single_protein,9,D,2020,,518.6160000000003,4.548220000000004,75.0,1,7,8,6,4,0.42857142857142855,0.36689597127085155
CHEMBL46817,CHEMBL46817,Cc1nc(C)c(-c2ccnc(Nc3ccc(N(C)C)cc3)n2)s1,,6.63,2,6.6,6.66,Ki,B,single protein format,single_protein,8,H,2004;2010,,325.441,4.0265400000000025,53.940000000000005,1,6,4,3,3,0.23529411764705882,0.784760444719944
CHEMBL1083151,CHEMBL1083151,COc1cc(Nc2nccc(-c3sc(C)nc3C)n2)cc(OC)c1OC,,6.62,1,6.62,6.62,Ki,B,single protein format,single_protein,8,H,2010,,372.45000000000016,3.986340000000003,78.39,1,8,6,3,3,0.2777777777777778,0.7008036934603721
CHEMBL571038,CHEMBL571038,Cc1cnc(Nc2ccccc2Cl)nc1-c1c[nH]c(C(=O)N[C@H](CO)c2ccccc2)c1,,6.62,1,6.62,6.62,Ki,B,single protein format,single_protein,8,H,2009,,447.92600000000016,4.640520000000002,102.93,4,5,7,4,4,0.125,0.33023356788652236
CHEMBL5407116,CHEMBL5407116,S=C(Nc1ccccc1)N1CCN(c2nnc(Cc3ccccc3)c3ccccc23)CC1,,6.62,1,6.62,6.62,IC50,B,single protein format,single_protein,9,D,2022,,439.5880000000002,4.739600000000004,44.29,1,4,4,5,4,0.19230769230769232,0.46358371099220197
CHEMBL5170195,CHEMBL5170195,COc1cc(F)ccc1-c1ccnc2[nH]c(-c3ccc(CN4CCOCC4)cc3)cc12,,6.62,1,6.62,6.62,IC50,B,single protein format,single_protein,9,D,2021,,417.4840000000003,4.876800000000005,50.379999999999995,1,4,5,5,4,0.24,0.5030367084555963
CHEMBL477038,CHEMBL477038,Cn1cc(C2=C(c3coc4cc(CO)ccc34)C(=O)NC2=O)c2cc(F)ccc21,,6.62,1,6.62,6.62,IC50,B,single protein format,single_protein,8,H,2009,,390.37000000000006,3.123100000000001,84.47,2,4,3,5,4,0.09090909090909091,0.5266524862968391
CHEMBL4864688,CHEMBL4864688,O=C(CCCOc1ccc(CC(=O)Nc2cc(C3CCC3)[nH]n2)cc1)NCCCCNc1cccc2c1C(=O)N(C1CCC(=O)NC1=O)C2=O,,6.615,2,6.42,6.81,IC50;Kd,B,single protein format,single_protein,9,D,2021,,683.7660000000001,3.427100000000001,191.69,5,9,16,6,3,0.4166666666666667,0.11119945934024682
CHEMBL482368,CHEMBL482368,COc1cc(-c2ccc3c(-c4nc5c(N6CCN(C)CC6)cccc5[nH]4)n[nH]c3c2)ccc1N,,6.61,1,6.61,6.61,IC50,B,single protein format,single_protein,9,D,2009,,453.5500000000001,4.115800000000002,99.08999999999999,3,6,4,6,5,0.23076923076923078,0.3542493015764111
CHEMBL560839,CHEMBL560839,CNC(=O)c1nn(C)c2c1C(C)(C)Cc1cnc(Nc3cccc(N4CCOCC4)c3)nc1-2,,6.61,1,6.61,6.61,IC50,B,single protein format,single_protein,8,H,2009,,447.54300000000023,2.6506000000000007,97.2,2,7,4,5,3,0.4166666666666667,0.6345907758057626
CHEMBL210581,CHEMBL210581,COCCOCC(=O)NS(=O)(=O)c1ccc(Nc2nc(N)n(C(=O)c3c(F)cccc3F)n2)cc1,,6.61,1,6.61,6.61,IC50,B,single protein format,single_protein,9,D,2006,,510.4790000000002,1.0384999999999998,167.52999999999997,3,10,10,3,3,0.2,0.3352460825036784
CHEMBL6033665,CHEMBL6033665,Cc1nc2c(F)cc(-c3nc(Nc4ccc5c(n4)CCNC5)ncc3F)cc2n1C,,6.605,2,6.31,6.9,IC50,B,single protein format,single_protein,9,D,2020,,407.4280000000001,3.4012200000000012,80.55000000000001,2,6,3,5,4,0.23809523809523808,0.5418968117604589
CHEMBL340384,CHEMBL340384,NC(=O)c1cn(-c2ccc(O)cc2Cl)c2cc(-c3ccncc3)ccc2c1=O,,6.6,1,6.6,6.6,Ki,F,assay format,other,8,H,,,391.8140000000001,3.510600000000002,98.21000000000001,2,4,3,4,4,0.0,0.5579234443828824
CHEMBL2002613,CHEMBL2002613,COc1cc(OC)cc(C(=O)Nc2n[nH]c3ccc(-c4cn(Cc5ccccc5)nn4)cc23)c1,,6.6,1,6.6,6.6,Ki,F,assay format,other,8,H,,,454.4900000000002,4.139200000000002,106.95000000000002,2,6,7,5,5,0.12,0.38280562834271975
CHEMBL1682553,CHEMBL1682553,CC(C)Nc1c(-c2ccc3[nH]ncc3c2)nc2ncccn12,,6.6,1,6.6,6.6,Ki,F,assay format,other,8,H,,,292.346,3.092900000000001,70.9,2,4,3,4,4,0.1875,0.608464922974876
CHEMBL3917892,CHEMBL3917892,CCS(=N)(=O)Cc1cc(F)cc(Nc2ncc(F)c(-c3ccc(F)cc3OC)n2)c1,,6.6,3,6.54,6.66,IC50,B,cell-based format,cell_based,8,H,2015,,436.4590000000002,4.879770000000003,87.96000000000001,2,6,7,3,3,0.2,0.551204632077013
CHEMBL3949630,CHEMBL3949630,COc1cc(F)ccc1-c1nc(Nc2cc(F)cc(CS(=O)(=NC#N)C3CC3)c2)ncc1F,,6.6,1,6.6,6.6,IC50,B,cell-based format,cell_based,8,H,2015,,473.48000000000025,4.924580000000004,100.26,1,7,7,4,3,0.22727272727272727,0.4888889898933889
CHEMBL1992922,CHEMBL1992922,OCC(CO)Nc1ncnc2[nH]cc(-c3ccccc3)c12,,6.6,1,6.6,6.6,Ki,F,assay format,other,8,H,,,284.3190000000001,1.3899999999999992,94.06,4,5,5,3,3,0.2,0.5678334235102849
CHEMBL362558,CHEMBL362558,O=C1NC(=O)C(c2cnc3ccccn23)=C1c1cn2c3c(cc(F)cc13)CN(C(=O)N1CCCCC1)CC2,LY-2090314,6.6,1,6.6,6.6,Ki,F,assay format,other,8,H,,2,512.5450000000005,3.416800000000002,91.95,1,4,2,7,4,0.2857142857142857,0.4169219651816076
CHEMBL1997643,CHEMBL1997643,COc1ccccc1C(=O)Nc1n[nH]c2ccc(-c3cn(Cc4ccccc4)nn3)cc12,,6.6,1,6.6,6.6,Ki,F,assay format,other,8,H,,,424.4640000000001,4.130600000000002,97.72,2,5,6,5,5,0.08333333333333333,0.42711955629972814
CHEMBL2005718,CHEMBL2005718,CS(=O)(=O)NCCNc1cc(-c2c[nH]c3ncccc23)cc(Cl)n1,,6.6,1,6.6,6.6,Ki,F,assay format,other,8,H,,,365.84600000000006,2.239399999999999,99.77000000000001,3,5,6,3,3,0.2,0.4592297121931903
CHEMBL1992634,CHEMBL1992634,Brc1cnc2[nH]cc(-c3ccccc3)c2c1,,6.6,1,6.6,6.6,Ki,F,assay format,other,8,H,,,273.13300000000004,3.9924000000000017,28.68,1,1,1,3,3,0.0,0.7130454721594232
CHEMBL1991674,CHEMBL1991674,OC1CCC(Nc2cc(Cl)nc(-c3c[nH]c4ncccc34)n2)CC1,,6.6,1,6.6,6.6,Ki,F,assay format,other,8,H,,,343.8180000000001,3.388700000000001,86.72,3,5,3,4,3,0.35294117647058826,0.6344614746232909
CHEMBL1809110,CHEMBL1809110,O=c1[nH]cc(-c2ccc(N3CCOCC3)cc2)c2sc(-c3cn[nH]c3)cc12,,6.6,1,6.6,6.6,IC50,B,assay format,other,8,H,2011,,378.457,3.4833000000000016,74.00999999999999,2,5,3,5,4,0.2,0.572360762829118
CHEMBL1989646,CHEMBL1989646,Cc1c(-c2ccc3[nH]nc(N)c3c2)nnn1Cc1ccccc1,,6.6,1,6.6,6.6,Ki,F,assay format,other,8,H,,,304.35699999999997,2.760320000000001,85.41,2,4,3,4,4,0.11764705882352941,0.6091815101530806
CHEMBL5828906,CHEMBL5828906,Cc1nc2c(F)cc(-c3nc(Nc4ccc5c(n4)CCN(C[C@@H](C)N)C5)ncc3F)cc2n1C1CC1,,6.6,1,6.6,6.6,IC50,B,single protein format,single_protein,9,D,2020,,490.5620000000003,4.258720000000002,97.78,2,7,6,6,4,0.38461538461538464,0.41680894205639124
CHEMBL1800460,CHEMBL1800460,CN(C)c1cc(-c2cc(N3C[C@H](O)[C@@H](O)C3)ccc2O)nc(N)n1,,6.6,1,6.6,6.6,IC50,B,single protein format,single_protein,8,H,2011,,331.37600000000003,0.03919999999999996,118.97,4,8,3,3,2,0.375,0.6223438973141984
CHEMBL1976420,CHEMBL1976420,CCc1c(-c2ccc(C(C)(C)O)cc2)[nH]c2nccnc12,,6.6,1,6.6,6.6,Ki,F,assay format,other,8,H,,,281.359,3.4147000000000016,61.8,2,3,3,3,3,0.29411764705882354,0.772992190695588
CHEMBL417228,CHEMBL417228,COc1ccc2c(c1)/C(=C/c1[nH]cc3c1CCNC3=O)C(=O)N2,,6.6,1,6.6,6.6,IC50,B,single protein format,single_protein,8,H,2003,,309.32500000000005,1.8018999999999994,83.22,3,3,2,4,2,0.17647058823529413,0.7397665712445333
CHEMBL1973395,CHEMBL1973395,OC1CCN(c2ncnc3[nH]cc(-c4ccccc4)c23)CC1,,6.6,1,6.6,6.6,Ki,F,assay format,other,8,H,,,294.3580000000001,2.586000000000001,65.03999999999999,2,4,2,4,3,0.29411764705882354,0.7622255146626498
CHEMBL2005387,CHEMBL2005387,CC(C)(O)CNc1cc(-c2c[nH]c3ncccc23)cc(Cl)n1,,6.6,1,6.6,6.6,Ki,F,assay format,other,8,H,,,316.7920000000001,3.461100000000001,73.83,3,4,4,3,3,0.25,0.6444032235394745
CHEMBL1975787,CHEMBL1975787,NC(=O)c1cc2c(-c3ccc(F)cc3F)cncc2s1,,6.6,1,6.6,6.6,Ki,F,assay format,other,8,H,,,290.294,3.3404000000000007,55.980000000000004,1,3,2,3,3,0.0,0.7866225436403639
CHEMBL5406341,CHEMBL5406341,Cn1cc(CCNc2ccc([N+](=O)[O-])cc2C(=O)O)c2ccc(Br)cc21,,6.6,1,6.6,6.6,IC50,B,single protein format,single_protein,9,D,2023,,418.24700000000007,4.201800000000002,97.39999999999999,2,4,6,3,3,0.16666666666666666,0.4620233800635213
CHEMBL2006456,CHEMBL2006456,CC(C)CNC1CCC(Nc2nc(Cl)cc(-c3c[nH]c4ncccc34)n2)CC1,,6.6,1,6.6,6.6,Ki,F,assay format,other,8,H,,,398.9420000000001,4.642000000000003,78.52,3,5,6,4,3,0.47619047619047616,0.526872316149499
CHEMBL1967887,CHEMBL1967887,Cc1n[nH]c2ccc(-c3cncc(OCCN)c3)cc12,,6.6,1,6.6,6.6,Ki,F,assay format,other,8,H,,,268.32,2.2708200000000005,76.82,2,4,4,3,3,0.2,0.7606470522611053
CHEMBL1966343,CHEMBL1966343,CC(C)Cc1cc(-c2ccc3[nH]nc(N)c3c2)on1,,6.6,1,6.6,6.6,Ki,F,assay format,other,8,H,,,256.30899999999997,2.9985999999999997,80.73,2,4,3,3,3,0.2857142857142857,0.7544262364747092
CHEMBL4752238,CHEMBL4752238,C=CC(=O)Nc1ccc(O[C@@H]2CCC[C@@H](Nc3ncc(SCc4ncc(C(C)(C)C)o4)s3)C2)c(C(F)(F)F)c1,,6.6,1,6.6,6.6,IC50,B,single protein format,single_protein,9,D,2020,,580.6980000000004,7.666300000000006,89.28,2,8,9,4,3,0.4444444444444444,0.19833284893375017
CHEMBL443962,CHEMBL443962,COc1ccc(-c2cnc3c(Br)cnn3c2)cc1,,6.6,1,6.6,6.6,Ki,F,assay format,other,8,H,,,304.147,3.1674000000000015,39.42,0,3,2,3,3,0.07692307692307693,0.7298139482883765
CHEMBL3099758,CHEMBL3099758,COC(=O)[C@H](Cc1ccc(O)cc1)NC(=O)c1cc(C(=O)O)c2cc(-c3cc(Cl)cc(Cl)c3)ccc2n1,,6.6,2,6.5,6.7,Kd;Ki,B,single protein format,single_protein,9,D,2014,,539.3710000000002,5.126500000000003,125.82,3,6,7,4,4,0.1111111111111111,0.2782988875251756
CHEMBL556214,CHEMBL556214,Cc1nnc2sc(Cc3sc(N)nc3O)nn12,,6.6,1,6.6,6.6,IC50,B,single protein format,single_protein,8,H,2009,,268.327,0.8293199999999998,102.22,2,8,2,3,3,0.25,0.7133447386150563
CHEMBL232749,CHEMBL232749,Cc1cc(N2CCCS2(=O)=O)c2oc(-c3ccc(O)cc3)c(O)c(=O)c2c1,,6.6,1,6.6,6.6,IC50,B,single protein format,single_protein,8,H,2007,,387.4130000000001,2.719520000000001,108.05000000000001,2,6,2,4,3,0.21052631578947367,0.6999526242690712
CHEMBL1682345,CHEMBL1682345,c1ccc(Cn2cc(-c3ccc4[nH]ncc4c3)nn2)cc1,,6.6,1,6.6,6.6,Ki,F,assay format,other,8,H,,,275.31500000000005,2.8697,59.39,1,3,3,4,4,0.0625,0.6251373324550802
CHEMBL1964340,CHEMBL1964340,COCCNc1cc(-c2c[nH]c3ncccc23)cc(Cl)n1,,6.6,1,6.6,6.6,Ki,F,assay format,other,8,H,,,302.76500000000004,3.3366000000000007,62.83,2,4,5,3,3,0.2,0.560337159718823
CHEMBL1975647,CHEMBL1975647,O=C(Nc1cnccn1)Nc1ccnc2c(F)cccc12,,6.6,1,6.6,6.6,Ki,F,assay format,other,8,H,,,283.266,2.807900000000001,79.8,2,4,2,3,3,0.0,0.7575303900917084
CHEMBL206659,CHEMBL206659,CS(=O)(=O)c1ccc(Nc2cc(N[C@H]3CC[C@H](N)CC3)nc3ncnn23)cc1,,6.6,1,6.6,6.6,IC50,B,single protein format,single_protein,9,D,2006,,401.49600000000015,1.9531999999999998,127.3,3,8,5,4,3,0.3888888888888889,0.5919024600882523
CHEMBL570111,CHEMBL570111,Cc1cnc(Nc2cccc3c2CCCC3)nc1-c1c[nH]c(C(=O)N[C@H](CO)c2cccc(Cl)c2)c1,,6.6,1,6.6,6.6,Ki,B,single protein format,single_protein,8,H,2009,,502.01800000000014,5.519320000000005,102.93,4,5,7,5,4,0.25,0.26684492498656487
CHEMBL1958401,CHEMBL1958401,O=c1cc(-c2ccncc2)nc(NC2CCCCC2)[nH]1,,6.6,1,6.6,6.6,Ki,F,assay format,other,8,H,,,270.3359999999999,2.5765000000000002,70.67,2,4,3,3,2,0.4,0.8989235942844861
CHEMBL3823301,CHEMBL3823301,CC(=O)N1CCC(n2ncc(Nc3ncc(Cl)c(-c4cnn5ccccc45)n3)c2C)CC1,,6.59,1,6.59,6.59,IC50,B,single protein format,single_protein,9,D,2016,,450.93400000000025,3.8766200000000026,93.24,1,6,4,5,4,0.3181818181818182,0.5068518187247316
CHEMBL1083152,CHEMBL1083152,CNc1nc(C)c(-c2ccnc(Nc3cc(OC)c(OC)c(OC)c3)n2)s1,,6.59,1,6.59,6.59,Ki,B,single protein format,single_protein,8,H,2010,,387.4650000000001,3.7196200000000026,90.42000000000002,2,9,7,3,3,0.2777777777777778,0.6338898031603336
CHEMBL133342,CHEMBL133342,CC[C@@H](CO)Nc1nc(NCc2ccccc2)c2ncn(C(C)C)c2n1,(S)-ROSCOVITINE,6.58,2,6.16,7.0,IC50,B,single protein format,single_protein,9,D,2021;2022,,354.4580000000001,3.2021000000000015,87.89,3,6,8,3,3,0.42105263157894735,0.5756719627819336
CHEMBL3959867,CHEMBL3959867,CCOc1cc(F)ccc1-c1nc(Nc2cc(F)cc(CS(C)(=N)=O)c2)ncc1F,,6.58,3,6.29,6.62,IC50,B,cell-based format,cell_based,8,H,2015,,436.4590000000001,4.879770000000003,87.96,2,6,7,3,3,0.2,0.5512046320770132
CHEMBL3986852,CHEMBL3986852,O=C1NCC2(CCCCC2)n2c1cc1cnc(Nc3ccc(N4CCN(CC5CC5)CC4)cn3)nc12,,6.58,1,6.58,6.58,IC50,B,single protein format,single_protein,8,H,2016,,486.6240000000004,3.5047000000000024,91.21000000000001,2,7,5,7,3,0.5555555555555556,0.5703345681351585
CHEMBL210765,CHEMBL210765,CN1CCN(CCC(=O)NS(=O)(=O)c2ccc(Nc3nc(N)n(C(=O)c4c(F)cccc4F)n3)cc2)CC1,,6.58,1,6.58,6.58,IC50,B,single protein format,single_protein,9,D,2006,,548.5760000000001,1.0130000000000012,155.55,3,10,8,4,3,0.30434782608695654,0.3714017499122003
CHEMBL382607,CHEMBL382607,N[C@H]1CC[C@H](Nc2cc(Nc3ccc(S(=O)(=O)c4ccccc4)cc3)n3ncnc3n2)CC1,,6.58,1,6.58,6.58,IC50,B,single protein format,single_protein,9,D,2006,,463.5670000000002,3.382500000000002,127.3,3,8,6,5,4,0.2608695652173913,0.39708133211445285
CHEMBL4756935,CHEMBL4756935,C=CC(=O)Nc1ccc(S(=O)(=O)N2CCCC(Nc3ncc(SCc4ncc(C(C)(C)C)o4)s3)C2)cc1,,6.58,1,6.58,6.58,IC50,B,single protein format,single_protein,9,D,2020,,561.7550000000001,5.110600000000004,117.43,2,9,9,4,3,0.4,0.2733989124261929
CHEMBL5940888,CHEMBL5940888,C=CC(=O)Nc1ccc(S(=O)(=O)N2CCC[C@@H](Nc3ncc(SCc4ncc(C(C)(C)C)o4)s3)C2)cc1,,6.58,1,6.58,6.58,IC50,B,assay format,other,9,D,2021,,561.7550000000001,5.110600000000004,117.43,2,9,9,4,3,0.4,0.2733989124261929
CHEMBL3978185,CHEMBL3978185,CS(=N)(=O)Cc1cccc(Nc2ncc(F)c(-c3cccc4c3OCCC4)n2)c1,,6.57,1,6.57,6.57,IC50,B,cell-based format,cell_based,8,H,2015,,412.49000000000024,4.527870000000003,87.96000000000001,2,6,5,4,3,0.23809523809523808,0.6428939374369046
CHEMBL380331,CHEMBL380331,NS(=O)(=O)c1ccc(Nc2cc(N[C@H]3CC[C@H](N)CC3)nc3ncnn23)cc1,,6.57,1,6.57,6.57,IC50,B,single protein format,single_protein,9,D,2006,,402.48400000000015,1.1971,153.31999999999996,4,8,5,4,3,0.35294117647058826,0.49630546104225925
CHEMBL57446,CHEMBL57446,Cc1cccc2c1/C(=C/c1[nH]cc3c1CCOC3=O)C(=O)N2,,6.57,1,6.57,6.57,IC50,B,single protein format,single_protein,8,H,2003,,294.30999999999995,2.52872,71.19,2,3,1,4,2,0.17647058823529413,0.626895356549878
CHEMBL2035052,CHEMBL2035052,C1=C/COCc2cc(ccc2OCCN2CCCC2)Nc2nccc(n2)-c2ccnc(c2)OCC/1,,6.57,1,6.57,6.57,IC50,B,single protein format,single_protein,8,H,2012,,473.57700000000017,4.612100000000003,81.63000000000001,1,8,4,5,3,0.37037037037037035,0.5503377889129704
CHEMBL5281785,CHEMBL5281785,O=C(Nc1n[nH]c2ccc(-c3cncc(NC[C@H](O)c4ccccc4)c3)cc12)c1ccccc1,,6.57,1,6.57,6.57,IC50,B,single protein format,single_protein,9,D,2022,,449.5140000000001,5.022700000000003,102.93,4,5,7,5,5,0.07407407407407407,0.27930259087581594
CHEMBL212049,CHEMBL212049,Cc1cnc(OC2CCCCC2)nc1-c1cnc(Nc2ccccn2)s1,,6.57,1,6.57,6.57,IC50,B,single protein format,single_protein,9,D,2006,,367.478,4.758620000000003,72.82000000000001,1,7,5,4,3,0.3684210526315789,0.7008642854697913
CHEMBL5807535,CHEMBL5807535,C=CC(=O)NCc1ccc(C(=O)N2CCCC(Nc3ncc(SCc4ncc(C(C)(C)C)o4)s3)C2)cc1,,6.57,1,6.57,6.57,IC50,B,assay format,other,9,D,2021,,539.7270000000003,5.239800000000005,100.36000000000001,2,8,9,4,3,0.4074074074074074,0.2833057116102265
CHEMBL185099,CHEMBL185099,Cc1[nH]c(Br)c(C)c1-c1ccnc(Nc2ccc(F)cc2)n1,,6.57,1,6.57,6.57,Ki,B,single protein format,single_protein,8,H,2004,,361.2180000000001,4.733740000000003,53.6,2,3,3,3,3,0.125,0.7089737655354741
CHEMBL225519,CHEMBL225519,O=C1NCCc2[nH]c(-c3ccncc3)cc21,,6.5600000000000005,2,6.5,6.62,IC50;Ki,B;F,assay format;single protein format,mixed,8,H,2008,,213.24000000000004,1.3626,57.78,2,2,1,3,2,0.16666666666666666,0.7511080462384994
CHEMBL1082016,CHEMBL1082016,Cn1c(=O)[nH]c2ccc(-c3cnc(NC[C@@H](N)Cc4ccc(C(F)(F)F)cc4)s3)cc21,,6.56,1,6.56,6.56,IC50,B,single protein format,single_protein,8,H,2010,,447.48600000000005,3.990800000000002,88.73,3,5,6,4,4,0.23809523809523808,0.4170607275744659
CHEMBL3942483,CHEMBL3942483,O=C1NCC2(CCCC2)n2c1cc1cnc(Nc3ccc(C(=O)N4CCN(CC5CC5)CC4)cn3)nc12,,6.550000000000001,2,6.41,6.69,IC50,B,single protein format,single_protein,8,H,2016,,500.6070000000004,2.750400000000001,108.28,2,7,5,7,3,0.5185185185185185,0.5545968255650625
CHEMBL1688215,CHEMBL1688215,Nc1nccc(-c2ccc3c(N)n[nH]c3c2)n1,,6.55,1,6.55,6.55,IC50,B,single protein format,single_protein,8,H,2010,,226.243,1.1842999999999997,106.49999999999999,3,5,1,3,3,0.0,0.5773115580238032
CHEMBL5832188,CHEMBL5832188,Cc1nc2c(F)cc(-c3nc(Nc4ccc5c(n4)CCN(C(=O)CN(C)C)C5)ncc3F)cc2n1C1CCCCC1,,6.55,1,6.55,6.55,IC50,B,single protein format,single_protein,9,D,2020,,560.653,5.1700200000000045,92.07,1,7,6,6,4,0.43333333333333335,0.34790928809634486
CHEMBL5423185,CHEMBL5423185,O=C(O)c1cc(S(F)(F)(F)(F)F)ccc1NCCc1c[nH]c2ccccc12,,6.55,2,6.52,6.58,IC50;Kd,B,single protein format,single_protein,9,D,2023,,406.3760000000001,6.178100000000003,65.12,3,2,6,3,3,0.11764705882352941,0.4285537948977427
CHEMBL1964252,CHEMBL1964252,Cc1cccc(C)c1NS(=O)(=O)c1ccc(N/C=C2\C(=O)Nc3ccc4ncsc4c32)cc1,,6.55,1,6.55,6.55,IC50,B,single protein format,single_protein,8,H,2001,,476.5830000000002,5.119040000000004,100.19000000000001,3,6,5,5,4,0.08333333333333333,0.3473044770964177
CHEMBL577193,CHEMBL577193,Cc1cnc(Nc2ccccc2)nc1-c1c[nH]c(C(=O)N[C@H](CO)c2cccc(Cl)c2)c1,,6.54,1,6.54,6.54,Ki,B,single protein format,single_protein,8,H,2009,,447.92600000000016,4.640520000000003,102.93,4,5,7,4,4,0.125,0.33023356788652236
CHEMBL5398705,CHEMBL5398705,O=C(Nc1ccccc1)N1CCN(c2nnc(Cc3ccccc3)c3ccccc23)CC1,,6.54,1,6.54,6.54,IC50,B,single protein format,single_protein,9,D,2022,,423.5200000000001,4.5747000000000035,61.36000000000001,1,4,4,5,4,0.19230769230769232,0.5221680441735655
CHEMBL3655775,CHEMBL3655775,CC(C)n1cnc2c(NCc3cccnc3)nc(NC[C@@H](C)O)nc21,,6.54,1,6.54,6.54,IC50,B,single protein format,single_protein,9,D,2013,,341.4190000000001,2.2070000000000003,100.78,3,7,7,3,3,0.4117647058823529,0.6054606030072053
CHEMBL3890286,CHEMBL3890286,CCN(CC)C1CCN(C(=O)c2ccc(Nc3ncc4cc5n(c4n3)C3(CCCCC3)CNC5=O)nc2)C1,,6.54,1,6.54,6.54,IC50,B,single protein format,single_protein,8,H,2016,,516.6500000000004,3.5290000000000017,108.27999999999999,2,7,6,6,3,0.5357142857142857,0.5160058554044882
CHEMBL4752989,CHEMBL4752989,CN(C)C/C=C/C(=O)Nc1cccc(C(=O)N2CCCC(Nc3ncc(SCc4ncc(C(C)(C)C)o4)s3)C2)c1,,6.54,1,6.54,6.54,IC50,B,single protein format,single_protein,9,D,2020,,582.7960000000003,5.493900000000005,103.60000000000001,2,9,10,4,3,0.4482758620689655,0.23886073049701165
CHEMBL3923419,CHEMBL3923419,CCOc1cc(F)ccc1-c1nc(Nc2cc(F)cc(CS(C)(=O)=NC#N)c2)ncc1F,,6.54,1,6.54,6.54,IC50,B,cell-based format,cell_based,8,H,2015,,461.46900000000016,4.782080000000004,100.26,1,7,7,3,3,0.19047619047619047,0.5083840623731369
CHEMBL48109,CHEMBL48109,Cc1nc(C)c(-c2ccnc(Nc3ccc(C(F)(F)F)cc3)n2)s1,,6.54,1,6.54,6.54,Ki,B,single protein format,single_protein,8,H,2004,,350.36899999999997,4.979340000000002,50.7,1,5,3,3,3,0.1875,0.7237475942178221
CHEMBL324942,CHEMBL324942,O=C(Nc1cc(C2CC2)n[nH]1)c1ccccc1,,6.54,2,6.54,6.54,IC50,B,single protein format,single_protein,8,H,2008,,227.26700000000002,2.5394000000000005,57.78,2,2,3,3,2,0.23076923076923078,0.8461034867721645
CHEMBL1083150,CHEMBL1083150,CNc1ccc(Nc2nccc(-c3sc(C)nc3C)n2)cc1,,6.54,1,6.54,6.54,Ki,B,single protein format,single_protein,8,H,2010,,311.41400000000004,4.002240000000002,62.730000000000004,2,6,4,3,3,0.1875,0.762214303428436
CHEMBL1081853,CHEMBL1081853,N[C@H](CNc1ncc(-c2ccc3[nH]c(=O)sc3c2)s1)Cc1ccc(C(F)(F)F)cc1,,6.54,1,6.54,6.54,IC50,B,single protein format,single_protein,8,H,2010,,450.51100000000014,4.713800000000003,83.79999999999998,3,6,6,4,4,0.2,0.39716621878696823
CHEMBL84347,CHEMBL84347,CCN(CC)CCNc1cc(-c2ccc[nH]2)c2c3c(ccc(F)c13)NC2=O,,6.53,1,6.53,6.53,IC50,B,single protein format,single_protein,8,H,2003,,366.4400000000001,4.293400000000002,60.16,3,3,7,4,3,0.2857142857142857,0.584444814695473
CHEMBL458548,CHEMBL458548,Cc1ncc(-c2ccnc(Nc3ccc(S(=O)(=O)CCCN(C)C)cc3)n2)n1C,,6.53,1,6.53,6.53,IC50,B,single protein format,single_protein,8,H,2008,,414.53500000000025,2.6545200000000007,93.00999999999999,1,7,8,3,3,0.35,0.6055747732419822
CHEMBL1083785,CHEMBL1083785,CNc1nc(C)c(-c2ccnc(Nc3ccc(N4CCN(C(C)=O)CC4)cc3)n2)s1,,6.53,1,6.53,6.53,Ki,B,single protein format,single_protein,8,H,2010,,423.5460000000002,3.362320000000002,86.28000000000002,2,8,5,4,3,0.3333333333333333,0.6506603006205399
CHEMBL5765752,CHEMBL5765752,Cc1nc2c(F)cc(-c3nc(Nc4ccc5c(n4)CCN(C(=O)CCN(C)C)C5)ncc3F)cc2n1C1CCC1,,6.53,1,6.53,6.53,IC50,B,single protein format,single_protein,9,D,2020,,546.6260000000001,4.779920000000004,92.07,1,7,7,6,4,0.41379310344827586,0.3567377887611209
CHEMBL5883845,CHEMBL5883845,Cc1nc2c(F)cc(-c3nc(Nc4ccc5c(n4)CCN(C(=O)CN(C)C)C5)ncc3F)cc2n1C1CCC1,,6.53,1,6.53,6.53,IC50,B,single protein format,single_protein,9,D,2021,,532.5990000000002,4.389820000000004,92.07,1,7,6,6,4,0.39285714285714285,0.3938436763087797
CHEMBL3913590,CHEMBL3913590,CC(C)N1CCN(C(=O)c2ccc(Nc3ncc4cc5n(c4n3)C3(CCCCC3)CNC5=O)nc2)CC1,,6.525,2,6.43,6.62,IC50,B,single protein format,single_protein,8,H,2016,,502.6230000000005,3.1389000000000014,108.27999999999999,2,7,4,6,3,0.5185185185185185,0.5642606058325292
CHEMBL5269468,CHEMBL5269468,C[C@@H](CO)Nc1nc(N)c(/[N+]([O-])=N/C#N)c(OCC2CCCCC2)n1,,6.52,1,6.52,6.52,IC50,B,single protein format,single_protein,9,D,2020,,349.3950000000002,1.8856799999999998,155.51,3,9,7,2,1,0.6666666666666666,0.29142538949320185
CHEMBL3099755,CHEMBL3099755,COC(=O)[C@H](Cc1ccc(O)cc1)NC(=O)c1cc(C(=O)O)c2cc(-c3cccc(Cl)c3)ccc2n1,,6.52,3,6.52,6.85,Kd;Ki,B,single protein format,single_protein,9,D,2014,,504.9260000000003,4.473100000000003,125.82,3,6,7,4,4,0.1111111111111111,0.31680793392135453
CHEMBL1800462,CHEMBL1800462,CN1CCN(c2cc(-c3cc(N4C[C@H](O)[C@@H](O)C4)ccc3O)nc(N)n2)CC1,,6.52,1,6.52,6.52,IC50,B,single protein format,single_protein,8,H,2011,,386.45600000000013,-0.27500000000000036,122.21000000000001,4,9,3,4,2,0.47368421052631576,0.5642387579446773
CHEMBL5935906,CHEMBL5935906,CNCCN1CCc2nc(Nc3ncc(F)c(-c4cc(F)c5nc(C)n(C6CC6)c5c4)n3)ccc2C1,,6.52,1,6.52,6.52,IC50,B,single protein format,single_protein,9,D,2020,,490.5620000000003,4.130920000000002,83.79,2,7,7,6,4,0.38461538461538464,0.4030411587343901
CHEMBL5417371,CHEMBL5417371,COc1ccc(C(=O)N2CCN(c3nnc(Cc4ccccc4)c4ccccc34)CC2)cc1,,6.52,1,6.52,6.52,IC50,B,single protein format,single_protein,9,D,2022,,438.5310000000001,4.191600000000004,58.56,0,5,5,5,4,0.2222222222222222,0.46764574863144254
CHEMBL419534,CHEMBL419534,CN(C)CC(O)COc1ccc(Nc2ncc(Br)c(Nc3ccccc3)n2)cc1,,6.52,1,6.52,6.52,IC50,B,single protein format,single_protein,8,H,2003,,458.36000000000007,4.027600000000002,82.54,3,7,9,3,3,0.23809523809523808,0.4468116903175241
CHEMBL293113,CHEMBL293113,O=C1Nc2ccc(F)cc2/C1=C/c1[nH]cc2c1CCNC2=O,,6.52,1,6.52,6.52,IC50,B,single protein format,single_protein,8,H,2003,,297.289,1.9323999999999997,73.99000000000001,3,2,1,4,2,0.125,0.7036696573412266
CHEMBL47132,CHEMBL47132,Cc1nc(C)c(-c2ccnc(Nc3cccc(C#N)c3)n2)s1,,6.52,1,6.52,6.52,Ki,B,single protein format,single_protein,8,H,2004,,307.382,3.8322200000000013,74.49000000000001,1,6,3,3,3,0.125,0.7955783634708052
CHEMBL211514,CHEMBL211514,Cc1ccc(Cl)c(N(CC#N)c2cc(Nc3ccc(OC[C@@H](O)CN(C)C)cc3)ncn2)c1,,6.52,2,6.19,6.85,IC50,B,single protein format,single_protein,9,D,2006,,466.97300000000024,4.145000000000003,97.54,2,8,10,3,3,0.2916666666666667,0.4299926219500204
CHEMBL45477,CHEMBL45477,CN1CCC(c2c(O)cc(O)c3c2O/C(=C\c2ccc([N+](=O)[O-])cc2)C3=O)CC1,,6.51,1,6.51,6.51,IC50,B,single protein format,single_protein,8,H,2002,,396.39900000000017,3.431400000000002,113.14000000000001,2,7,3,4,2,0.2857142857142857,0.4641170707401445
CHEMBL5409788,CHEMBL5409788,COc1ccc(Cc2nnc(N3CCN(C(=O)Nc4ccc(Cl)c(C(F)(F)F)c4)CC3)c3ccccc23)cc1,,6.51,1,6.51,6.51,IC50,B,single protein format,single_protein,9,D,2022,,555.9880000000002,6.255500000000006,70.59,1,5,5,5,4,0.25,0.3148714215877795
CHEMBL3301610,CHEMBL3301610,CCN1CCN(Cc2ccc(Nc3ncc(F)c(-c4cc(F)c5nc(C)n(C(C)C)c5c4)n3)nc2)CC1,ABEMACICLIB,6.51,3,6.51,7.28,IC50,B,single protein format,single_protein,9,D,2020;2022,4,506.6050000000003,4.936920000000004,75.0,1,7,7,5,4,0.4074074074074074,0.38068830735885517
CHEMBL4797409,CHEMBL4797409,C=CC(=O)Nc1cccc(C(=O)N2CCCC(Nc3ncc(SCc4ncc(C(C)(C)C)o4)s3)C2)c1,,6.51,1,6.51,6.51,IC50,B,single protein format,single_protein,9,D,2020,,525.7000000000003,5.562100000000005,100.36000000000001,2,8,8,4,3,0.38461538461538464,0.29320833168504784
CHEMBL3962241,CHEMBL3962241,COc1cc(F)ccc1-c1nc(Nc2cc(F)cc(CS(C)(=N)=O)c2)ncc1F,,6.51,3,6.5,6.66,IC50,B,cell-based format,cell_based,8,H,2015,,422.43200000000013,4.489670000000003,87.96,2,6,6,3,3,0.15789473684210525,0.6111817622800649
CHEMBL361697,CHEMBL361697,Clc1cc(Cl)cc(Nc2nccc(-c3cnn4ncccc34)n2)c1,,6.51,1,6.51,6.51,Ki,B,single protein format,single_protein,9,D,2004,,357.20400000000006,4.236700000000003,68.0,1,5,3,4,4,0.0,0.5941222218012332
CHEMBL272414,CHEMBL272414,CN(C)c1ccc2c(c1)/C(=C/Nc1ccc(S(N)(=O)=O)cc1)C(=O)N2,GW416469X,6.51,1,6.51,6.51,IC50,B,single protein format,single_protein,8,H,2001,,358.4230000000001,1.8050999999999997,104.53,3,5,4,3,2,0.11764705882352941,0.7231448082062464
CHEMBL2348154,CHEMBL2348154,Nc1nccc(-n2cc(-c3cccnc3Cl)c3cnccc32)n1,,6.51,1,6.51,6.51,IC50,B,single protein format,single_protein,9,D,2013,,322.759,3.113100000000001,82.51,1,5,2,4,4,0.0,0.5732738887446064
CHEMBL5867735,CHEMBL5867735,Cc1nc2c(F)cc(-c3nc(Nc4ccc5c(n4)CN(CCN(C)C)C5=O)ncc3F)cc2n1C(C)C,,6.51,1,6.51,6.51,IC50,B,single protein format,single_protein,9,D,2020,,506.56100000000026,4.316820000000003,92.07,1,7,7,5,4,0.34615384615384615,0.399219533096921
CHEMBL2348164,CHEMBL2348164,Nc1nccc(-n2cc(-c3ccccc3)c3cnccc32)n1,,6.51,1,6.51,6.51,IC50,B,single protein format,single_protein,9,D,2013,,287.326,3.064700000000001,69.62,1,4,2,4,4,0.0,0.6148647558317336
CHEMBL5424372,CHEMBL5424372,COc1ccc(NC(=S)N2CCN(c3nnc(Cc4ccccc4)c4ccccc34)CC2)cc1,,6.51,1,6.51,6.51,IC50,B,single protein format,single_protein,9,D,2022,,469.6140000000002,4.748200000000004,53.52,1,5,5,5,4,0.2222222222222222,0.42351827200005876
CHEMBL1987261,CHEMBL1987261,CC(C)(CN)CNc1cc(-c2c[nH]c3ncccc23)cc(F)n1,,6.5,1,6.5,6.5,Ki,F,assay format,other,8,H,,,313.38000000000005,3.160800000000001,79.61999999999999,3,4,5,3,3,0.29411764705882354,0.6321521545442832
CHEMBL1986666,CHEMBL1986666,O=C(O)c1ccccc1Nc1ncnc(Nc2ccc3cn[nH]c3c2)n1,,6.5,1,6.5,6.5,Ki,F,assay format,other,8,H,,,347.338,2.9333,128.70999999999998,4,7,5,4,4,0.0,0.4335887296729712
CHEMBL5177986,CHEMBL5177986,Cn1cc(S(=O)(=O)N2CCC(Nc3ncc4c(n3)N([C@@H]3CCC[C@@H](O)C3)C(=O)C43CC3)CC2)cn1,,6.5,1,6.5,6.5,IC50,B,cell-based format,cell_based,9,D,2022,,501.61300000000045,1.156999999999999,133.55,2,8,5,6,2,0.6521739130434783,0.6234977440199744
CHEMBL5839538,CHEMBL5839538,Cc1nc2c(F)cc(-c3nc(Nc4ccc5c(n4)CCN(C(=O)CCN(C)C)C5)ncc3F)cc2n1C1CC1,,6.5,1,6.5,6.5,IC50,B,single protein format,single_protein,9,D,2020,,532.5990000000002,4.389820000000004,92.07,1,7,7,6,4,0.39285714285714285,0.37749416616228426
CHEMBL1965845,CHEMBL1965845,COc1cccc(C(C)NC(=O)N2CC=C(c3c[nH]c4ncccc34)CC2)c1,,6.5,1,6.5,6.5,Ki,F,assay format,other,8,H,,,376.4600000000001,4.131400000000002,70.25,2,3,4,4,3,0.2727272727272727,0.7191711183236456
CHEMBL1988173,CHEMBL1988173,Cc1cc(Cl)ccc1NC(=S)NNC(=O)C(O)(c1ccccc1)c1ccccc1,,6.5,1,6.5,6.5,Ki,F,assay format,other,8,H,,,425.9410000000001,3.902120000000001,73.39,4,3,4,3,3,0.09090909090909091,0.3766319559878974
CHEMBL3421981,CHEMBL3421981,c1cc2c(-c3ccnc4[nH]ccc34)c[nH]c2cn1,,6.5,1,6.5,6.5,IC50,B,cell-based format,cell_based,9,D,2015,,234.262,3.1062000000000003,57.36,2,2,1,4,4,0.0,0.5313446542836318
CHEMBL1967704,CHEMBL1967704,Cc1n[nH]c2ccc(-c3cncc(OCCNS(C)(=O)=O)c3)cc12,,6.5,1,6.5,6.5,Ki,F,assay format,other,8,H,,,346.4120000000001,1.8613199999999999,96.97,2,5,6,3,3,0.25,0.6641558762940416
CHEMBL1968850,CHEMBL1968850,O=C1Nc2ccccc2Nc2nnc(Cl)cc21,,6.5,1,6.5,6.5,Ki,F,assay format,other,8,H,,,246.65699999999998,2.4392999999999994,66.91,2,4,0,3,2,0.0,0.7492839235898866
CHEMBL1969523,CHEMBL1969523,Cc1cccc(Nc2nccc(Nc3c(NC(C)C(C)(C)C)c(=O)c3=O)n2)c1,,6.5,1,6.5,6.5,Ki,F,assay format,other,8,H,,,379.4640000000002,3.7147200000000016,96.01,3,7,6,3,3,0.3333333333333333,0.5618335866473665
CHEMBL1970913,CHEMBL1970913,CCCC(=O)Nc1nn(C(=O)CC)c2nc3ccccc3cc12,,6.5,1,6.5,6.5,Ki,F,assay format,other,8,H,,,310.357,3.373300000000002,76.88,1,4,4,3,3,0.29411764705882354,0.8011679191087869
CHEMBL576048,CHEMBL576048,Cc1cnc(Nc2ccc(Cl)cc2F)nc1-c1c[nH]c(C(=O)N[C@H](CO)c2cccc(Cl)c2)c1,,6.5,1,6.5,6.5,Ki,B,single protein format,single_protein,8,H,2009,,500.3610000000001,5.4330200000000035,102.93,4,5,7,4,4,0.125,0.2710147819574178
CHEMBL2035047,CHEMBL2035047,CN1C/C=C/COCc2ccc(o2)-c2ccnc(n2)Nc2cccc(c2)C1,,6.5,1,6.5,6.5,IC50,B,single protein format,single_protein,8,H,2012,,362.4330000000001,3.998400000000003,63.42,1,6,0,4,3,0.23809523809523808,0.6100616877664796
CHEMBL1982957,CHEMBL1982957,NC(=O)c1cccc(-c2cnc3[nH]cc(-c4ccccc4)c3c2)c1,,6.5,1,6.5,6.5,Ki,F,assay format,other,8,H,,,313.36,3.995800000000002,71.77000000000001,2,2,3,4,4,0.0,0.5999181015733859
CHEMBL1977346,CHEMBL1977346,O=C1Nc2ccccc2Nc2nnc(I)cc21,,6.5,1,6.5,6.5,Ki,F,assay format,other,8,H,,,338.108,2.3904999999999994,66.91,2,4,0,3,2,0.0,0.7241906210517662
CHEMBL5872006,CHEMBL5872006,Cc1nc2c(F)cc(-c3nc(Nc4ccc5c(n4)CCN(C[C@H]4CCCN4C)C5)ncc3F)cc2n1C1CC1,,6.5,1,6.5,6.5,IC50,B,single protein format,single_protein,9,D,2020,,530.6270000000002,5.005720000000005,75.0,1,7,6,7,4,0.4482758620689655,0.3758489634494535
CHEMBL392642,CHEMBL392642,CSc1ccccc1CNc1ncc([N+](=O)[O-])c(NCC2CCC(CN)CC2)n1,,6.5,1,6.5,6.5,Ki,F,assay format,other,8,H,,,416.5510000000003,3.8958000000000013,119.0,3,8,9,3,2,0.5,0.31986726367398033
CHEMBL1989006,CHEMBL1989006,OCCNc1cc(-c2c[nH]c3ncccc23)cc(Cl)n1,,6.5,1,6.5,6.5,Ki,F,assay format,other,8,H,,,288.738,2.6825,73.83,3,4,4,3,3,0.14285714285714285,0.6454127926436044
CHEMBL5757792,CHEMBL5757792,C=C(CCN(C)C)N1CCc2nc(Nc3ncc(F)c(-c4cc(F)c5nc(C)n(C6CC6)c5c4)n3)ccc2C1,,6.5,1,6.5,6.5,IC50,B,single protein format,single_protein,9,D,2021,,530.6270000000002,5.376920000000005,75.0,1,7,8,6,4,0.3793103448275862,0.3280020400916287
CHEMBL1999918,CHEMBL1999918,NC(=O)c1cc2c(-c3ccc(Br)c(F)c3F)cncc2s1,,6.5,1,6.5,6.5,Ki,F,assay format,other,8,H,,,369.19,4.102900000000001,55.980000000000004,1,3,2,3,3,0.0,0.6917721400363961
CHEMBL5557963,CHEMBL5557963,CCC(=O)Nc1ccc(CNc2nc(NC3CCOCC3)nc3c(C(C)C)cnn23)cc1,,6.5,1,6.5,6.5,IC50,B,single protein format,single_protein,9,D,2024,,437.5480000000002,3.7992000000000026,105.47,3,7,8,4,3,0.4782608695652174,0.49215367061131754
CHEMBL1169805,CHEMBL1169805,Cc1cc(CNC(=O)c2nn(C)c3c2CCc2cnc(Nc4ccc(N5CCN(C)CC5)cc4)nc2-3)ccn1,,6.5,1,6.5,6.5,IC50,B,single protein format,single_protein,8,H,2010,,523.6450000000002,3.104520000000001,104.1,2,8,6,6,4,0.3448275862068966,0.3974503032735583
CHEMBL178737,CHEMBL178737,O=C1NC(=O)C(c2cnc3ccccn23)=C1c1cn2c3c(cccc13)CN(C(=O)N1CCOCC1)CC2,,6.5,1,6.5,6.5,Ki,F,assay format,other,8,H,,,496.5270000000005,2.1239999999999997,101.18,1,5,2,7,4,0.25925925925925924,0.4287207981799624
CHEMBL5532122,CHEMBL5532122,CC[C@H](CO)Nc1nc(NCc2ccc(NC(C)=O)cc2)n2ncc(C(C)C)c2n1,,6.5,1,6.5,6.5,IC50,B,single protein format,single_protein,9,D,2024,,411.51000000000016,3.0010000000000012,116.47,4,7,9,3,3,0.42857142857142855,0.42758044588009453
CHEMBL1190711,CHEMBL1190711,COc1ccc(-c2cc3nccn3c(Nc3ncccc3C(N)=O)n2)cc1OC,,6.5,1,6.5,6.5,Ki,F,assay format,other,8,H,,,390.4030000000002,2.651,116.66,2,7,6,4,4,0.1,0.5196773557177122
CHEMBL243088,CHEMBL243088,O=C(O)c1ccccc1Nc1ccnc(Nc2cccc(O)c2)n1,,6.5,1,6.5,6.5,Ki,F,assay format,other,8,H,,,322.324,3.3676000000000013,107.37,4,6,5,3,3,0.0,0.5701763663392926
CHEMBL1990254,CHEMBL1990254,NCC(NC(=O)c1ccc(-c2ccncc2)cc1)c1ccccc1,,6.5,2,6.3,6.7,Ki,F,assay format,other,8,H,,,317.392,3.1784000000000017,68.00999999999999,2,3,5,3,3,0.1,0.7592217806309234
CHEMBL243298,CHEMBL243298,O=C(O)c1ccccc1Nc1ccnc(Nc2cccc(F)c2)n1,,6.5,1,6.5,6.5,Ki,F,assay format,other,8,H,,,324.315,3.8011000000000017,87.14,3,5,5,3,3,0.0,0.6615168638387949
CHEMBL189607,CHEMBL189607,Nc1nc2ccc(C(=O)c3c(F)cccc3F)cn2c1C(=O)c1ccccc1,,6.49,1,6.49,6.49,IC50,B,single protein format,single_protein,8,H,2004,,377.3500000000001,3.6567000000000016,77.46000000000001,1,4,4,4,4,0.0,0.5508398831467456
CHEMBL4649135,CHEMBL4649135,CCn1cnc2c(NCc3nc4ccc(F)c(F)c4[nH]3)nc(N3CCCC[C@H]3CCO)nc21,,6.49,1,6.49,6.49,IC50,B,single protein format,single_protein,9,D,2019,,456.5010000000003,3.354100000000002,107.78,3,7,7,5,4,0.45454545454545453,0.39139995822657375
CHEMBL217537,CHEMBL217537,COc1ccccc1C(=O)c1cnc(NC2CCN(C(C)=O)CC2)nc1N,,6.49,1,6.49,6.49,Ki,B,single protein format,single_protein,9,D,2006,,369.4250000000002,1.7211999999999998,110.44,2,7,5,3,2,0.3684210526315789,0.7721405996760389
CHEMBL1076581,CHEMBL1076581,N[C@H](CNc1nnc(-c2ccc3[nH]ncc3c2)s1)Cc1ccc(Cl)cc1Cl,,6.49,1,6.49,6.49,IC50,B,single protein format,single_protein,8,H,2010,,419.34100000000024,4.370100000000002,92.51,3,6,6,4,4,0.16666666666666666,0.4317018718858196
CHEMBL3932396,CHEMBL3932396,COCCOC(=O)N=S(C)(=O)Cc1cc(F)cc(Nc2ncc(F)c(-c3ccc(F)cc3OC)n2)c1,,6.48,1,6.48,6.48,IC50,B,cell-based format,cell_based,8,H,2015,,524.5210000000002,4.693900000000004,112.00000000000001,1,8,9,3,3,0.2608695652173913,0.4013607564551603
CHEMBL3960348,CHEMBL3960348,COc1cc(F)ccc1-c1nc(Nc2cccc(CS(C)(=O)=NC#N)c2)ncc1F,,6.48,3,6.24,6.62,IC50,B,cell-based format,cell_based,8,H,2015,,429.4520000000001,4.252880000000002,100.26,1,7,6,3,3,0.15,0.5880927981276252
CHEMBL3949057,CHEMBL3949057,CCOC(=O)N=S(C)(=O)Cc1cccc(Nc2ncc(F)c(-c3cccc4c3OCCC4)n2)c1,,6.48,1,6.48,6.48,IC50,B,cell-based format,cell_based,8,H,2015,,484.5530000000003,5.105600000000004,102.77,1,7,6,4,3,0.2916666666666667,0.5188162044804667
CHEMBL561179,CHEMBL561179,Nc1ccc(-c2nn3c(COc4ccc(Cl)cc4)nnc3s2)cc1,,6.48,1,6.48,6.48,IC50,B,single protein format,single_protein,8,H,2009,,357.8260000000001,3.6674000000000015,78.33,1,6,4,4,4,0.0625,0.5636664090043467
CHEMBL5950277,CHEMBL5950277,Cc1nc2c(F)cc(-c3nc(Nc4ccc5c(n4)CCN(C(=O)NCCO)C5)ncc3F)cc2n1C1CC1,,6.48,1,6.48,6.48,IC50,B,single protein format,single_protein,9,D,2020,,520.5440000000002,3.6134200000000014,121.09,3,7,6,6,4,0.34615384615384615,0.3551611706518372
CHEMBL2035182,CHEMBL2035182,COCCOc1ccc2cc1CN(C)C/C=C/COCc1ccc(s1)-c1ccnc(n1)N2,,6.48,1,6.48,6.48,IC50,B,single protein format,single_protein,8,H,2012,,452.58000000000015,4.492100000000003,68.74000000000001,1,8,4,4,3,0.3333333333333333,0.4619358585845442
CHEMBL4777981,CHEMBL4777981,COc1ccc(F)cc1-c1c(F)cnc2[nH]c(C3=CCN([C@H]4CC[C@H](C(=O)O)CC4)CC3)cc12,,6.48,1,6.48,6.48,IC50,B,single protein format,single_protein,9,D,2022,,467.51600000000036,5.249200000000004,78.45,2,4,5,5,3,0.38461538461538464,0.5360022641250926
CHEMBL4788401,CHEMBL4788401,C=CC(=O)Nc1ccc(O[C@@H]2CCC[C@@H](Nc3ncc(SCc4ncc(C(C)(C)C)o4)s3)C2)cc1,,6.48,1,6.48,6.48,IC50,B,single protein format,single_protein,9,D,2020,,512.7010000000002,6.647500000000006,89.28,2,8,9,4,3,0.4230769230769231,0.24507208671822542
CHEMBL5418073,CHEMBL5418073,S=C(Nc1ccc(Cl)cc1)N1CCN(c2nnc(Cc3ccccc3)c3ccccc23)CC1,,6.47,1,6.47,6.47,IC50,B,single protein format,single_protein,9,D,2022,,474.03300000000024,5.393000000000004,44.29,1,4,4,5,4,0.19230769230769232,0.40060688864987043
CHEMBL4115060,CHEMBL4115060,C[C@@H](O)CN1CCN(c2ccc(Nc3ncc4cc5n(c4n3)C3(CCCCC3)CNC5=O)nc2)CC1,,6.47,1,6.47,6.47,IC50,B,single protein format,single_protein,8,H,2016,,490.6120000000005,2.4755000000000003,111.44000000000001,3,8,5,6,3,0.5384615384615384,0.5002867007410997
CHEMBL445607,CHEMBL445607,O=C1Nc2cccc(CCO)c2/C1=C/c1[nH]cc2c1CCNC2=O,,6.47,1,6.47,6.47,IC50,B,single protein format,single_protein,8,H,2003,,323.3520000000001,1.3281,94.22,4,3,3,4,2,0.2222222222222222,0.6419219443896798
CHEMBL318522,CHEMBL318522,O=C(Nc1n[nH]c2cc(-c3cccs3)ccc12)C1CC1,,6.47,1,6.47,6.47,IC50,B,single protein format,single_protein,8,H,2003,,283.3560000000001,3.6399000000000017,57.78,2,3,3,4,3,0.2,0.7706759457685758
CHEMBL393929,CHEMBL393929,O=C1N=C(NCc2cccs2)S/C1=C\c1ccc2ncccc2c1,,6.47,1,6.47,6.47,Ki,B,single protein format,single_protein,9,D,2007,,351.4560000000001,4.056400000000003,54.35,1,5,3,4,3,0.05555555555555555,0.7232585106805465
CHEMBL1081119,CHEMBL1081119,N[C@H](CNc1nnc(-c2ccc3cnccc3c2)o1)Cc1ccc(C(F)(F)F)cc1,,6.46,1,6.46,6.46,IC50,B,single protein format,single_protein,8,H,2010,,413.40300000000013,4.2855000000000025,89.86,2,6,6,4,4,0.19047619047619047,0.49030667919810833
CHEMBL203407,CHEMBL203407,NS(=O)(=O)c1ccc(Nc2cc(OC3CCCCC3)nc3ncnn23)cc1,,6.46,1,6.46,6.46,IC50,B,single protein format,single_protein,9,D,2006,,388.4530000000001,2.2268,124.5,2,7,5,4,3,0.35294117647058826,0.6864223137866166
CHEMBL3099749,CHEMBL3099749,CCC[C@H](Cc1ccc(O)cc1)NC(=O)c1cc(C(=O)O)c2cc(-c3cccc(C(F)(F)F)c3)ccc2n1,,6.46,2,6.4,6.52,Kd;Ki,B,single protein format,single_protein,9,D,2014,,522.5230000000001,6.465600000000005,99.52000000000001,3,4,8,4,4,0.20689655172413793,0.24649370512460372
CHEMBL497306,CHEMBL497306,COc1cccc(F)c1C(=O)Nc1c[nH]nc1C(=O)NC1CCNCC1,,6.46,1,6.46,6.46,IC50,B,single protein format,single_protein,8,H,2008,,361.3770000000002,1.2914999999999999,108.13999999999999,4,5,5,3,2,0.35294117647058826,0.6418480348633488
CHEMBL5198038,CHEMBL5198038,CC(C)n1cc(-c2ccnc3[nH]c(C4CCN(CC(=O)N(C)C)CC4)cc23)ccc1=O,,6.46,1,6.46,6.46,IC50,B,single protein format,single_protein,9,D,2021,,421.5450000000002,3.2401000000000018,74.23,1,4,5,4,3,0.4583333333333333,0.6863696475590343
CHEMBL5196242,CHEMBL5196242,CC(C)(C)n1nc(-c2cccc(NC(=O)/C(C#N)=C/c3ccccc3O)c2)c2c(=O)[nH]cnc21,,6.46,1,6.46,6.46,Ki,B,single protein format,single_protein,9,D,2022,,454.4900000000002,3.792880000000001,136.69,3,6,4,4,4,0.16,0.3169137966883163
CHEMBL3967732,CHEMBL3967732,O=C1NCC2(CCCCC2)n2c1cc1cnc(Nc3ccc(N4CCN(C5CCC5)CC4)cn3)nc12,,6.46,2,6.2,6.72,IC50,B,single protein format,single_protein,8,H,2016,,486.6240000000004,3.6472000000000024,91.21000000000001,2,7,4,7,3,0.5555555555555556,0.5817123778287036
CHEMBL5774515,CHEMBL5774515,Cc1nc2c(F)cc(-c3nc(Nc4ccc5c(n4)CCN(C(=O)OCCN(C)C)C5)ncc3F)cc2n1C1CC1,,6.46,1,6.46,6.46,IC50,B,single protein format,single_protein,9,D,2020,,548.5980000000002,4.609720000000004,101.30000000000001,1,8,7,6,4,0.39285714285714285,0.3574603756784197
CHEMBL2011935,CHEMBL2011935,COc1ccc(-c2nc3c(NCCCNC(=O)C4CC(O)C4)c(Br)cnc3[nH]2)cc1,,6.46,1,6.46,6.46,IC50,B,single protein format,single_protein,8,H,2012,,474.3590000000001,3.0851000000000006,112.16,4,6,8,4,3,0.38095238095238093,0.37364349025804466
CHEMBL5440832,CHEMBL5440832,COc1ccc(Cc2nnc(N3CCN(C(=O)Nc4ccc(OC)cc4)CC3)c3ccccc23)cc1,,6.46,1,6.46,6.46,IC50,B,single protein format,single_protein,9,D,2022,,483.57200000000023,4.591900000000004,79.82000000000001,1,6,6,5,4,0.25,0.4321212009927231
CHEMBL3972796,CHEMBL3972796,CCOC(=O)N=S(C)(=O)Cc1cccc(Nc2ncc(F)c(-c3cccc4c3OCC4)n2)c1,,6.46,1,6.46,6.46,IC50,B,cell-based format,cell_based,8,H,2015,,470.52600000000024,4.715500000000004,102.77,1,7,6,4,3,0.2608695652173913,0.5561986437242576
CHEMBL4445727,CHEMBL4445727,CCn1c(C)nc2c(F)cc(-c3nc(Nc4ccc5c(n4)CCN(CCN(C)C)C5)ncc3F)cc21,,6.45,1,6.45,6.45,IC50,B,single protein format,single_protein,9,D,2020,,492.5780000000004,4.158120000000003,75.0,1,7,7,5,4,0.38461538461538464,0.4152947612377266
CHEMBL5555666,CHEMBL5555666,CC[C@@H](CO)Nc1nc(NCc2ccc(NC(=O)C3CCOCC3)cc2)n2ncc(C(C)C)c2n1,,6.45,1,6.45,6.45,IC50,B,single protein format,single_protein,9,D,2024,,481.60100000000034,3.407700000000002,125.7,4,8,10,4,3,0.52,0.347140591451532
CHEMBL5531956,CHEMBL5531956,CC[C@@H](CO)Nc1nc(NCc2ccc(NC(C)=O)cc2)n2ncc(C(C)C)c2n1,,6.45,1,6.45,6.45,IC50,B,single protein format,single_protein,9,D,2024,,411.51000000000016,3.0010000000000012,116.47,4,7,9,3,3,0.42857142857142855,0.42758044588009453
CHEMBL5932825,CHEMBL5932825,Cc1nc2c(F)cc(-c3nc(Nc4ccc5c(n4)CCN(C(=O)CN(C)C)C5)ncc3F)cc2n1C1CC1,,6.449999999999999,2,6.38,6.52,IC50,B,single protein format,single_protein,9,D,2020,,518.5720000000002,3.9997200000000026,92.07,1,7,6,6,4,0.37037037037037035,0.41257277633973594
CHEMBL1800458,CHEMBL1800458,Nc1nc(-c2cc(N3C[C@H](O)[C@@H](O)C3)ccc2O)cc(C2CCCNC2)n1,,6.44,1,6.44,6.44,IC50,B,single protein format,single_protein,8,H,2011,,371.4410000000002,0.4401999999999993,127.76,5,8,3,4,2,0.47368421052631576,0.5258575315691661
CHEMBL3823522,CHEMBL3823522,COc1nn(C2CCN(C(C)=O)CC2)cc1Nc1ncc(Cl)c(-c2cnn3ccccc23)n1,,6.44,1,6.44,6.44,IC50,B,single protein format,single_protein,9,D,2016,,466.9330000000001,3.5768000000000013,102.47,1,7,5,5,4,0.3181818181818182,0.47918201995791365
CHEMBL5950426,CHEMBL5950426,Cc1nc2c(F)cc(-c3nc(Nc4ccc5c(n4)CCN(C(=O)N(C)CCN(C)C)C5)ncc3F)cc2n1C1CC1,,6.44,1,6.44,6.44,IC50,B,single protein format,single_protein,9,D,2020,,561.6410000000002,4.524920000000004,95.31,1,7,7,6,4,0.41379310344827586,0.3544522900137074
CHEMBL365245,CHEMBL365245,Cc1[nH]c(Cl)c(C)c1-c1ccnc(Nc2ccc(F)cc2)n1,,6.44,1,6.44,6.44,Ki,B,single protein format,single_protein,8,H,2004,,316.76700000000005,4.624640000000002,53.6,2,3,3,3,3,0.125,0.7407127430780197
CHEMBL564829,CHEMBL564829,CNC(=O)c1nn(C)c2c1C(C)(C)Cc1cnc(Nc3ccc(N4CCN(C)CC4)cc3)nc1-2,MILCICLIB,6.44,3,6.13,7.35,IC50;Kd,B,single protein format;subcellular format,mixed,8;9,D;H,2009;2017,2,460.58600000000024,2.5658000000000003,91.21,2,7,4,5,3,0.44,0.6183384741740715
CHEMBL1823663,CHEMBL1823663,CN1CC([C@@H](NC(=O)c2ccc3cnccc3c2)c2ccc(Cl)c(Cl)c2)C1,,6.44,1,6.44,6.44,IC50,B,single protein format,single_protein,8,H,2011,,400.3090000000002,4.574300000000004,45.230000000000004,1,3,4,4,3,0.23809523809523808,0.6977953726451446
CHEMBL405042,CHEMBL405042,C/C(Nc1ccc(S(N)(=O)=O)cc1)=C1/C(=O)Nc2ccccc21,GW335962X,6.44,1,6.44,6.44,IC50,B,single protein format,single_protein,8,H,2001,,329.38100000000003,2.1292,101.28999999999999,3,4,3,3,2,0.0625,0.7508029063308355
CHEMBL5754925,CHEMBL5754925,Cc1nc2c(F)cc(-c3nc(Nc4ccc5c(n4)CCN(C[C@@H](O)CN(C)C)C5)ncc3F)cc2n1C1CC1,,6.43,1,6.43,6.43,IC50,B,single protein format,single_protein,9,D,2020,,534.6150000000001,3.8340200000000024,95.22999999999999,2,8,8,6,4,0.42857142857142855,0.35231534042486673
CHEMBL5421048,CHEMBL5421048,Cn1cc(CCNc2ccc([N+](=O)[O-])cc2C(=O)O)c2ccc(F)cc21,,6.43,1,6.43,6.43,IC50,B,single protein format,single_protein,9,D,2023,,357.34100000000007,3.578400000000001,97.39999999999999,2,4,6,3,3,0.16666666666666666,0.519039067163707
CHEMBL5981421,CHEMBL5981421,CCN1CCC(COc2ccc(Nc3ncc(F)c(-c4cc(F)c5nc6n(c5c4)C(C)(C)CC6)n3)nc2)CC1,,6.43,1,6.43,6.43,IC50,B,single protein format,single_protein,9,D,2022,,533.6270000000002,5.702100000000005,80.99,1,7,7,6,4,0.4482758620689655,0.3262999344903105
CHEMBL5207533,CHEMBL5207533,C[C@H]1CC[C@@H](n2c3cnccc3c3cnc(Nc4ccc5c(n4)CCN(C(=O)CO)C5)nc32)CC1,,6.43,1,6.43,6.43,IC50,B,single protein format,single_protein,9,D,2021,,471.5650000000004,3.7463000000000015,109.06,2,7,4,6,4,0.4230769230769231,0.4665423564898454
CHEMBL4062453,CHEMBL4062453,CN(C)CCn1cc(-c2ccn3c(-c4ccc(C(N)=O)c(OCc5cccc(F)c5)c4)cnc3c2)cn1,,6.43,1,6.43,6.43,IC50,B,single protein format,single_protein,9,D,2017,,498.56200000000024,4.243400000000003,90.68,1,5,9,5,5,0.17857142857142858,0.32828176322152275
CHEMBL2011928,CHEMBL2011928,COc1ccc(-c2nc3c(NCCCNC(C)=O)c(Br)cnc3[nH]2)cc1,,6.43,1,6.43,6.43,IC50,B,single protein format,single_protein,8,H,2012,,418.295,3.334100000000001,91.93,3,5,7,3,3,0.2777777777777778,0.5122845927747438
CHEMBL503917,CHEMBL503917,N#Cc1cnn2cccnc12,,6.43,1,6.43,6.43,IC50,B,single protein format,single_protein,8,H,2008,,144.13699999999997,0.6009799999999998,53.980000000000004,0,3,0,2,2,0.0,0.5436577757102758
CHEMBL3943554,CHEMBL3943554,CC(C)C1CN(c2ccc(Nc3ncc4cc5n(c4n3)C3(CCCCC3)CNC5=O)nc2)CCN1,,6.425000000000001,2,6.16,6.69,IC50,B,single protein format,single_protein,8,H,2016,,474.6130000000004,3.4069000000000003,100.00000000000001,3,7,4,6,3,0.5384615384615384,0.532837078458619
CHEMBL3976450,CHEMBL3976450,CCS(=N)(=O)Cc1cccc(Nc2ncc(F)c(-c3ccc(F)cc3OC)n2)c1,,6.42,3,6.39,6.46,IC50,B,cell-based format,cell_based,8,H,2015,,418.46900000000016,4.740670000000003,87.96000000000001,2,6,7,3,3,0.2,0.5785910711959069
CHEMBL82603,CHEMBL82603,Cc1cc(-c2ccc[nH]2)c2c3c(ccc(F)c13)NC2=O,,6.42,1,6.42,6.42,IC50,B,single protein format,single_protein,8,H,2003,,266.275,3.8481200000000015,44.89,2,1,1,4,3,0.0625,0.6900693640353772
CHEMBL3956661,CHEMBL3956661,CC1(C)CN(c2ccc(Nc3ncc4cc5n(c4n3)C3(CCCCC3)CNC5=O)nc2)CCN1CC1CC1,,6.42,1,6.42,6.42,IC50,B,single protein format,single_protein,8,H,2016,,514.6780000000005,4.283300000000002,91.21000000000001,2,7,5,7,3,0.5862068965517241,0.5250644391519652
CHEMBL14762,CHEMBL14762,CC[C@H](CO)Nc1nc(NCc2ccccc2)c2ncn(C(C)C)c2n1,SELICICLIB,6.415,10,6.16,7.05,IC50,B,cell-based format;single protein format,mixed,8;9,D;H,2000;2006;2008;2009;2013;2019;2020;2024,2,354.4580000000001,3.2021000000000015,87.89,3,6,8,3,3,0.42105263157894735,0.5756719627819336
CHEMBL3823007,CHEMBL3823007,Cc1nn(C2CCNCC2)cc1Nc1ncc(Cl)c(-c2cnc3ccccn23)n1,,6.41,1,6.41,6.41,IC50,B,single protein format,single_protein,9,D,2016,,408.89700000000016,3.617720000000002,84.96,2,6,4,5,4,0.3,0.5361486247500211
CHEMBL3822543,CHEMBL3822543,Cc1c(Nc2ncc(Cl)c(-c3cnc4ccccn34)n2)cnn1C1CCNCC1,,6.41,1,6.41,6.41,IC50,B,single protein format,single_protein,9,D,2016,,408.89700000000016,3.617720000000002,84.96000000000001,2,6,4,5,4,0.3,0.5361486247500211
CHEMBL1922211,CHEMBL1922211,CC[C@H](Nc1nc(NCc2cccnc2)c2ncn(C(C)C)c2n1)C(O)C(C)(C)C,,6.41,1,6.41,6.41,IC50,B,cell-based format,cell_based,9,D,2014,,411.5540000000002,4.011800000000003,100.78,3,7,8,3,3,0.5454545454545454,0.5146689261295989
CHEMBL3648098,CHEMBL3648098,C[C@H](CO)Nc1nc(Nc2ccc(S(C)(=O)=NS(=O)(=O)CC[Si](C)(C)C)cc2)ncc1Br,,6.41,1,6.41,6.41,IC50,B,single protein format,single_protein,9,D,2013,,564.6040000000003,3.900100000000003,133.64,3,8,10,2,2,0.47368421052631576,0.3702685566937036
CHEMBL2163607,CHEMBL2163607,N[C@H]1CC[C@H](Nc2cc(Nc3ccccc3Cl)n3nccc3n2)CC1,,6.41,1,6.41,6.41,IC50,B,single protein format,single_protein,8,H,2012,,356.8610000000001,3.8081000000000014,80.27,3,5,4,4,3,0.3333333333333333,0.6620029610224188
CHEMBL526133,CHEMBL526133,O=c1nc(-c2ccc3[nH]ncc3c2)cc(-c2ccccc2)[nH]1,,6.4,1,6.4,6.4,Ki,F,assay format,other,8,H,,,288.30999999999995,2.980200000000001,74.43,2,3,2,4,4,0.0,0.5951911462428789
CHEMBL485602,CHEMBL485602,COCCN(C)S(=O)(=O)c1ccc(Nc2nccc(-c3cnc(C)n3C)n2)cc1,,6.4,1,6.4,6.4,IC50,B,single protein format,single_protein,8,H,2008,,416.5070000000002,2.19602,102.24,1,7,8,3,3,0.3157894736842105,0.6004226049020739
CHEMBL47636,CHEMBL47636,Cc1nc(C)c(-c2ccnc(Nc3cccc(N)c3)n2)s1,,6.4,1,6.4,6.4,Ki,B,single protein format,single_protein,8,H,2004,,297.387,3.542740000000001,76.72,2,6,3,3,3,0.13333333333333333,0.7230092236847833
CHEMBL47302,CHEMBL47302,Cc1nc(C)c(-c2ccnc(N)n2)s1,,6.4,1,6.4,6.4,Ki,B,single protein format,single_protein,9,D,2019,,206.27399999999997,1.79914,64.69,1,5,1,2,2,0.2222222222222222,0.7722880600324504
CHEMBL2003524,CHEMBL2003524,CCc1nc2c(c3cc(OC)c(OC)cc13)C(=O)NC2=O,,6.4,1,6.4,6.4,Ki,F,assay format,other,8,H,,,286.287,1.6979999999999997,77.52000000000001,1,5,3,3,2,0.26666666666666666,0.8688679802741013
CHEMBL555229,CHEMBL555229,Sc1nn2c(COc3ccc(Cl)cc3)nnc2s1,,6.4,1,6.4,6.4,IC50,B,single protein format,single_protein,8,H,2009,,298.78000000000003,2.706900000000001,52.31,1,6,3,3,3,0.1,0.7554832171484077
CHEMBL2005216,CHEMBL2005216,CS(=O)(=O)NC1CCC(Nc2cc(Cl)nc(-c3c[nH]c4ncccc34)n2)CC1,,6.4,1,6.4,6.4,Ki,F,assay format,other,8,H,,,420.9260000000002,2.9456000000000007,112.66,3,6,5,4,3,0.3888888888888889,0.5467760478568128
CHEMBL243518,CHEMBL243518,Cc1ccc(Nc2nccc(Nc3ccccc3C(=O)O)n2)cc1F,,6.4,1,6.4,6.4,Ki,F,assay format,other,8,H,,,338.3420000000001,4.109520000000002,87.14,3,5,5,3,3,0.05555555555555555,0.6488441560390292
CHEMBL1682554,CHEMBL1682554,CCCCNc1c(-c2ccc3[nH]ncc3c2)nc2ncccn12,,6.4,1,6.4,6.4,Ki,F,assay format,other,8,H,,,306.373,3.4846000000000013,70.9,2,4,5,4,4,0.23529411764705882,0.5537237434987562
CHEMBL1802728,CHEMBL1802728,CCN(CC)C(=O)c1ccc(Nc2nc(OCC3CCCCC3)c3nc[nH]c3n2)cc1,,6.4,1,6.4,6.4,IC50,B,single protein format,single_protein,9,D,2018,,422.53300000000024,4.537600000000003,96.03000000000002,2,6,8,4,3,0.4782608695652174,0.5533302529768507
CHEMBL5527858,CHEMBL5527858,CC(=O)Nc1ccc(CNc2nc(N3CCC[C@@H](O)C3)nc3c(C(C)C)cnn23)cc1,,6.4,1,6.4,6.4,IC50,B,single protein format,single_protein,9,D,2024,,423.52100000000013,2.779300000000001,107.68,3,7,6,4,3,0.45454545454545453,0.559459612418199
CHEMBL1989293,CHEMBL1989293,O=C1Nc2ccccc2Nc2cc(-c3ccncc3F)ccc21,,6.4,1,6.4,6.4,Ki,F,assay format,other,8,H,,,305.312,4.197000000000002,54.02,2,3,1,4,3,0.0,0.7082880761856352
CHEMBL5517681,CHEMBL5517681,CC(=O)Nc1ccc(CNc2nc(N3CCC[C@H](O)C3)nc3c(C(C)C)cnn23)cc1,,6.4,1,6.4,6.4,IC50,B,single protein format,single_protein,9,D,2024,,423.52100000000013,2.779300000000001,107.68,3,7,6,4,3,0.45454545454545453,0.559459612418199
CHEMBL491758,CHEMBL491758,Fc1cnc(Nc2ccccc2)nc1Nc1ccccc1,,6.4,1,6.4,6.4,Ki,F,assay format,other,8,H,,,280.30600000000004,4.102900000000002,49.84,2,4,4,3,3,0.0,0.7549981290947186
CHEMBL3109949,CHEMBL3109949,COc1ccc(Nc2cc3[nH]c(-c4cn[nH]c4)cc3cn2)cc1,,6.4,1,6.4,6.4,IC50,B,single protein format,single_protein,9,D,2024,,305.341,3.7052000000000014,78.61999999999999,3,4,4,4,4,0.058823529411764705,0.536889292679072
CHEMBL2003482,CHEMBL2003482,O=C(Cc1ccc(Cl)cc1)Nc1[nH]nc2c1CCC2,,6.4,1,6.4,6.4,Ki,F,assay format,other,8,H,,,275.7390000000001,2.7330000000000005,57.78,2,2,3,3,2,0.2857142857142857,0.904842249329252
CHEMBL1964804,CHEMBL1964804,CS(=O)(=O)NCCOc1cncc(-c2ccc3cnccc3c2)c1,,6.4,1,6.4,6.4,Ki,F,assay format,other,8,H,,,343.4080000000001,2.2248,81.18,1,5,6,3,3,0.17647058823529413,0.6942281648808476
CHEMBL5199065,CHEMBL5199065,CCC(CC)c1cc(N[C@H]2CC[C@H](N)C2)n2nccc2n1,ISTISOCICLIB,6.4,1,6.4,6.4,IC50,B,single protein format,single_protein,9,D,2022,2,287.411,2.9246000000000008,68.24,2,4,5,3,2,0.625,0.8869208417006942
CHEMBL1971943,CHEMBL1971943,Cc1c[nH]c2nccc(Oc3c(F)cc(Nc4cc(Cl)nc(N)n4)cc3F)c12,BAY-549,6.4,1,6.4,6.4,Ki,F,assay format,other,8,H,,,402.7920000000001,4.711020000000001,101.74,3,6,4,4,4,0.05555555555555555,0.4271167608646694
CHEMBL1985095,CHEMBL1985095,NC(=O)Cn1cc(-c2cc(-c3cc4ccccc4s3)c3[nH]ncc3c2)c2nc(N)ncc21,,6.4,1,6.4,6.4,Ki,F,assay format,other,8,H,,,439.50400000000013,3.923800000000001,128.5,3,6,4,6,6,0.043478260869565216,0.38336548203722454
CHEMBL3940387,CHEMBL3940387,CC(C)c1c2cc(-c3ccnc(N[C@H]4CC[C@H](NC5CCOCC5)CC4)n3)ccc2nn1C,,6.4,1,6.4,6.4,IC50,B,single protein format,single_protein,9,D,2022,,448.61500000000035,4.645400000000004,76.89000000000001,2,6,6,5,3,0.5769230769230769,0.5718382403110897
CHEMBL1972290,CHEMBL1972290,NCCNc1cc(-c2c[nH]c3ncccc23)cc(Cl)n1,,6.4,1,6.4,6.4,Ki,F,assay format,other,8,H,,,287.75399999999996,2.6489000000000003,79.61999999999999,3,4,4,3,3,0.14285714285714285,0.6445945623306854
CHEMBL1983589,CHEMBL1983589,NC1CCC(Nc2cc(Cl)nc(-c3c[nH]c4ncccc34)n2)CC1,,6.4,1,6.4,6.4,Ki,F,assay format,other,8,H,,,342.8340000000001,3.355100000000001,92.50999999999999,3,5,3,4,3,0.35294117647058826,0.6345940603449258
CHEMBL5431456,CHEMBL5431456,COc1ccc(Cc2nnc(N3CCN(C(=S)Nc4ccc(OC)cc4)CC3)c3ccccc23)cc1,,6.4,1,6.4,6.4,IC50,B,single protein format,single_protein,9,D,2022,,499.6400000000002,4.756800000000005,62.750000000000014,1,6,6,5,4,0.25,0.38134217990895414
CHEMBL203571,CHEMBL203571,CCN(CC)c1cc(Nc2ccc(S(N)(=O)=O)cc2)n2ncnc2n1,,6.4,1,6.4,6.4,IC50,B,single protein format,single_protein,9,D,2006,,361.43100000000004,1.3615,118.51,2,7,6,3,3,0.26666666666666666,0.6802251112969034
CHEMBL1982506,CHEMBL1982506,COc1cc2cnc3c(c2cc1OC)C(=O)NC3=O,,6.4,1,6.4,6.4,Ki,F,assay format,other,8,H,,,258.233,1.1356,77.52000000000001,1,5,2,3,2,0.15384615384615385,0.8170410383637126
CHEMBL1981079,CHEMBL1981079,NC(=O)c1cc(-c2ccnc(N)n2)[nH]c1-c1ccc(Cl)cc1F,,6.4,1,6.4,6.4,Ki,F,assay format,other,8,H,,,331.738,2.6123000000000003,110.68,3,4,3,3,3,0.0,0.6845750834082229
CHEMBL5512517,CHEMBL5512517,CC[C@@H](CO)Nc1cc(NCc2ccc(NC(C)=O)cc2)n2ncc(C(C)C)c2n1,,6.39,1,6.39,6.39,IC50,B,single protein format,single_protein,9,D,2024,,410.5220000000001,3.6060000000000025,103.58,4,6,9,3,3,0.4090909090909091,0.42969249457044767
CHEMBL3787112,CHEMBL3787112,Nc1ncnc2c1c(-c1cccc(O)c1)cn2[C@H]1C[C@@H](CN2CCC2)C1,,6.39,1,6.39,6.39,IC50,B,single protein format,single_protein,9,D,2016,,349.4380000000002,3.0429000000000013,80.2,2,5,4,5,3,0.4,0.7566370655080715
CHEMBL569720,CHEMBL569720,Cc1cc(Nc2nc(N[C@@H](C)c3ncc(F)cn3)c(C#N)nc2C)n[nH]1,,6.39,1,6.39,6.39,IC50,B,single protein format,single_protein,8,H,2009,,353.3650000000001,2.534019999999999,128.09,3,8,5,3,3,0.25,0.6381634411493973
CHEMBL3921855,CHEMBL3921855,COc1cc(F)ccc1-c1nc(Nc2cccc(CS(=N)(=O)C3CC3)c2)ncc1F,,6.39,1,6.39,6.39,IC50,B,cell-based format,cell_based,8,H,2015,,430.48000000000013,4.8831700000000025,87.96,2,6,7,4,3,0.23809523809523808,0.5576090289851638
CHEMBL102241,CHEMBL102241,COc1ccc(-c2cc(Nc3ccc(S(N)(=O)=O)cc3)[nH]n2)cc1F,,6.39,1,6.39,6.39,IC50,B,single protein format,single_protein,8,H,2003,,362.386,2.6154,110.09999999999998,3,5,5,3,3,0.0625,0.6461532192458234
CHEMBL3934257,CHEMBL3934257,COc1cc(F)ccc1-c1nc(Nc2cc(F)cc(CS(=N)(=O)C3CC3)c2)ncc1F,,6.39,3,6.24,6.42,IC50,B,cell-based format,cell_based,8,H,2015,,448.4700000000002,5.022270000000003,87.96,2,6,7,4,3,0.23809523809523808,0.5298211484971882
CHEMBL248370,CHEMBL248370,CCNC(=O)N1CCC(Nc2ncc(C#N)c(-c3c[nH]c4cc(F)ccc34)n2)CC1,,6.38,1,6.38,6.38,IC50,B,single protein format,single_protein,8,H,2007,,407.45300000000015,3.241480000000001,109.73,3,5,4,4,3,0.3333333333333333,0.6150446298671801
CHEMBL2035045,CHEMBL2035045,CN1C/C=C/COCc2cncc(c2)-c2ccnc(n2)Nc2cccc(c2)C1,,6.38,1,6.38,6.38,IC50,B,single protein format,single_protein,8,H,2012,,373.4600000000001,3.8004000000000024,63.17,1,6,0,4,3,0.22727272727272727,0.6049253150886973
CHEMBL6044246,CHEMBL6044246,Cc1nc2c(F)cc(-c3nc(Nc4ccc5c(n4)CCN(CC(=O)N(C)C)C5)ncc3F)cc2n1C1CC1,,6.38,1,6.38,6.38,IC50,B,single protein format,single_protein,9,D,2021,,518.5720000000002,3.9997200000000026,92.07,1,7,6,6,4,0.37037037037037035,0.41257277633973594
CHEMBL5517691,CHEMBL5517691,CC(=O)Nc1ccc(CNc2nc(O[C@@H]3CCCNC3)nc3c(C(C)C)cnn23)cc1,,6.38,1,6.38,6.38,IC50,B,single protein format,single_protein,9,D,2024,,423.5210000000001,2.9490000000000016,105.47,3,7,7,4,3,0.45454545454545453,0.536462024040883
CHEMBL3916775,CHEMBL3916775,CNC(=O)N=S(C)(=O)Cc1cccc(Nc2ncc(F)c(-c3ccc(F)cc3OC)n2)c1,,6.37,1,6.37,6.37,IC50,B,cell-based format,cell_based,8,H,2015,,461.4940000000002,4.111200000000003,105.57000000000001,2,6,6,3,3,0.19047619047619047,0.5723683401130202
CHEMBL5436482,CHEMBL5436482,COc1cccc(NC(=S)N2CCN(c3nnc(Cc4ccccc4)c4ccccc34)CC2)c1,,6.37,1,6.37,6.37,IC50,B,single protein format,single_protein,9,D,2022,,469.61400000000026,4.748200000000004,53.52,1,5,5,5,4,0.2222222222222222,0.42351827200005876
CHEMBL365209,CHEMBL365209,Nc1nc2ccc(C(=O)c3ccccc3Cl)cn2c1C(=O)c1c(F)cccc1F,,6.37,1,6.37,6.37,IC50,B,single protein format,single_protein,8,H,2004,,411.79500000000013,4.310100000000001,77.46000000000001,1,4,4,4,4,0.0,0.5074999365588637
CHEMBL1083786,CHEMBL1083786,CC(=O)N1CCN(c2ccc(Nc3nccc(-c4sc(C)nc4C)n3)cc2)CC1,,6.37,1,6.37,6.37,Ki,B,single protein format,single_protein,8,H,2010,,408.53100000000023,3.6290400000000025,74.25,1,7,4,4,3,0.3333333333333333,0.7106186120950793
CHEMBL489833,CHEMBL489833,Cn1cc(C2=C(c3coc4cc(CO)ccc34)C(=O)NC2=O)c2cc(Br)ccc21,,6.365,2,6.26,6.47,IC50,B,single protein format,single_protein,8,H,2009,,451.27600000000007,3.746500000000002,84.47,2,4,3,5,4,0.09090909090909091,0.4651497163702475
CHEMBL5518081,CHEMBL5518081,CC(=O)Nc1ccc(CNc2nc(NC3COC3)nc3c(C(C)C)cnn23)cc1,,6.36,1,6.36,6.36,IC50,B,single protein format,single_protein,9,D,2024,,395.4670000000001,2.6289000000000007,105.47,3,7,7,4,3,0.4,0.5646332909507084
CHEMBL189937,CHEMBL189937,Cc1c(Br)c(=O)n(C2CCCC2)c2nc(Nc3ccc(N4CCNCC4)cc3)ncc12,,6.36,1,6.36,6.36,IC50,B,single protein format,single_protein,9,D,2015,,483.4140000000002,4.130720000000002,75.08000000000001,2,6,4,5,3,0.43478260869565216,0.581579007385941
CHEMBL5439522,CHEMBL5439522,Cn1cc(CCNc2ccc([N+](=O)[O-])cc2C(=O)O)c2ccc(Cl)cc21,,6.36,1,6.36,6.36,IC50,B,single protein format,single_protein,9,D,2023,,373.7960000000001,4.0927000000000024,97.39999999999999,2,4,6,3,3,0.16666666666666666,0.5005871248420719
CHEMBL1630108,CHEMBL1630108,O=C(/C=C/c1ccc(-c2ccc3ncnc(Nc4ccc(OCc5cccc(F)c5)c(Cl)c4)c3c2)s1)NO,,6.36,1,6.36,6.36,IC50,B,single protein format,single_protein,8,H,2010,,547.0110000000002,6.9920000000000035,96.37,3,7,8,5,5,0.03571428571428571,0.11018852094249913
CHEMBL1630107,CHEMBL1630107,O=C(/C=C/c1ccc(-c2ccc3ncnc(Nc4ccc(OCc5cccc(F)c5)c(Cl)c4)c3c2)o1)NO,,6.36,1,6.36,6.36,IC50,B,single protein format,single_protein,8,H,2010,,530.9430000000003,6.523500000000003,109.51,3,7,8,5,5,0.03571428571428571,0.11887762604463163
CHEMBL361196,CHEMBL361196,O=C(Nc1ncnc2oc(-c3cccnc3)cc12)C1CC1,,6.36,1,6.36,6.36,IC50,B,single protein format,single_protein,8,H,2004,,280.2870000000001,2.633300000000001,80.91000000000001,1,5,3,4,3,0.2,0.7972283287783973
CHEMBL5558295,CHEMBL5558295,CC(=O)Nc1ccc(CNc2nc(O[C@H]3CCCNC3)nc3c(C(C)C)cnn23)cc1,,6.36,1,6.36,6.36,IC50,B,single protein format,single_protein,9,D,2024,,423.5210000000001,2.9490000000000016,105.47,3,7,7,4,3,0.45454545454545453,0.536462024040883
CHEMBL1800463,CHEMBL1800463,Nc1nc(NCCN2CCOCC2)cc(-c2cc(N3C[C@H](O)[C@@H](O)C3)ccc2O)n1,,6.35,1,6.35,6.35,IC50,B,single protein format,single_protein,8,H,2011,,416.4820000000001,-0.2826999999999989,140.23000000000002,5,10,6,4,2,0.5,0.4268582900712873
CHEMBL1800453,CHEMBL1800453,CCCCCCc1cc(-c2cc(N3C[C@H](O)[C@@H](O)C3)ccc2O)nc(N)n1,,6.35,1,6.35,6.35,IC50,B,single protein format,single_protein,8,H,2011,,372.4690000000001,2.096,115.73,4,7,7,3,2,0.5,0.5500664914852184
CHEMBL385373,CHEMBL385373,COc1ccc(Cl)cc1C(=O)c1cnc(NC2CCN(S(C)(=O)=O)CC2)nc1N,,6.35,1,6.35,6.35,Ki,B,single protein format,single_protein,9,D,2006,,439.9250000000003,1.7877,127.50999999999999,2,8,6,3,2,0.3888888888888889,0.6517395365962638
CHEMBL521871,CHEMBL521871,CN(C)CC(O)COc1ccc(Nc2nccc(-c3cnn4nc(N5CCOCC5)ccc34)n2)cc1,,6.35,1,6.35,6.35,IC50,B,single protein format,single_protein,9,D,2008,,490.5680000000003,2.0677999999999988,113.17,2,10,9,5,4,0.36,0.3614549251538295
CHEMBL571056,CHEMBL571056,CCc1ccccc1Nc1ncc(C)c(-c2c[nH]c(C(=O)N[C@H](CO)c3cccc(Cl)c3)c2)n1,,6.35,1,6.35,6.35,Ki,B,single protein format,single_protein,8,H,2009,,475.9800000000002,5.202920000000005,102.93,4,5,8,4,4,0.19230769230769232,0.28016460035613333
CHEMBL182419,CHEMBL182419,O=C(Nc1ncnc2oc(-c3cccnc3)cc12)C1CCCC1,,6.35,1,6.35,6.35,IC50,B,single protein format,single_protein,8,H,2004,,308.3410000000002,3.4135000000000018,80.91000000000001,1,5,3,4,3,0.29411764705882354,0.8015473215050706
CHEMBL2064628,CHEMBL2064628,CN(C)C[C@@H](OC(=O)N1Cc2c(NC(=O)C(C)(C)C)n[nH]c2C1(C)C)c1ccccc1,,6.35,1,6.35,6.35,IC50,B,single protein format,single_protein,9,D,2012,,427.5490000000001,3.8845000000000027,90.56,2,5,5,3,2,0.5217391304347826,0.7556067766828464
CHEMBL578201,CHEMBL578201,Cc1cc(Nc2nc(N[C@@H](C)c3ccc(F)cn3)c(C#N)nc2C)n[nH]1,,6.34,1,6.34,6.34,IC50,B,single protein format,single_protein,8,H,2009,,352.3770000000001,3.1390200000000004,115.19999999999999,3,7,5,3,3,0.23529411764705882,0.6458305052425696
CHEMBL2158861,CHEMBL2158861,CNC(=O)Nc1ccc(-c2cc(-c3ccnc(Nc4ccc(C)c(S(=O)(=O)N(C)C)c4)n3)ccn2)cc1,,6.34,1,6.34,6.34,IC50,B,single protein format,single_protein,8,H,2012,,517.6150000000002,4.259220000000004,129.20999999999998,3,7,7,4,4,0.15384615384615385,0.3340054418924427
CHEMBL189047,CHEMBL189047,C[C@@H](C(=O)Nc1cc(C2CC2)[nH]n1)c1ccc(N2CCNC2=O)cc1,,6.34,2,6.34,6.34,IC50,B,single protein format,single_protein,8,H,2008,,339.39900000000006,2.5589000000000004,90.12,3,3,5,4,2,0.3888888888888889,0.7818169248368421
CHEMBL1630117,CHEMBL1630117,O=C(NO)c1ccc(-c2ccc3ncnc(Nc4ccc(OCc5cccc(F)c5)c(Cl)c4)c3c2)o1,,6.34,1,6.34,6.34,IC50,B,single protein format,single_protein,8,H,2010,,504.90500000000026,6.1239000000000035,109.51,3,7,7,5,5,0.038461538461538464,0.18068091895411578
CHEMBL5190590,CHEMBL5190590,CNS(=O)(=O)c1ccc(Nc2ncc3c(n2)N(c2cc(F)ccc2Cl)C(=O)C32CC2)cc1,,6.34,1,6.34,6.34,IC50,B,cell-based format,cell_based,9,D,2022,,473.91700000000026,3.630700000000002,104.28999999999999,2,6,5,5,3,0.19047619047619047,0.5860499219579081
CHEMBL3961663,CHEMBL3961663,CC(C)(C)CCN1CCN(c2ccc(Nc3ncc4cc5n(c4n3)C3(CCCC3)CNC5=O)nc2)CC1(C)C,,6.34,1,6.34,6.34,IC50,B,single protein format,single_protein,8,H,2016,,530.7210000000005,4.919400000000004,91.21,2,7,5,6,3,0.6,0.483859539442696
CHEMBL5404411,CHEMBL5404411,COc1ccc(Cc2nnc(N3CCN(C(=O)c4ccccc4)CC3)c3ccccc23)cc1,,6.34,1,6.34,6.34,IC50,B,single protein format,single_protein,9,D,2022,,438.5310000000001,4.191600000000004,58.56000000000001,0,5,5,5,4,0.2222222222222222,0.46764574863144254
CHEMBL5203908,CHEMBL5203908,CNS(=O)(=O)c1ccc(Nc2ncc3c(n2)N([C@@H](C)C2CC2)C(=O)C32CC2)cc1,,6.34,1,6.34,6.34,IC50,B,cell-based format,cell_based,9,D,2022,,413.50300000000027,2.3049999999999997,104.28999999999999,2,6,6,5,2,0.45,0.7530804427176169
CHEMBL188074,CHEMBL188074,COc1cccc(OC)c1C(=S)c1c(N)nc2ccc(C(=O)c3c(F)cccc3F)cn12,,6.33,1,6.33,6.33,IC50,B,single protein format,single_protein,8,H,2004,,453.47000000000014,4.209200000000003,78.85,1,6,6,4,4,0.08695652173913043,0.348142098616501
CHEMBL402548,CHEMBL402548,CO[C@@H](C(=O)N1Cc2[nH]nc(NC(=O)c3ccc(N4CCN(C)CC4)cc3)c2C1)c1ccccc1,DANUSERTIB,6.33,1,6.33,6.33,IC50,B,single protein format,single_protein,9,D,2006,2,474.56500000000034,2.643700000000001,93.79999999999998,2,6,6,5,3,0.34615384615384615,0.5706345117127313
CHEMBL5202653,CHEMBL5202653,CC(=O)N(c1ccc(-c2cnn(C)c2)cc1)C1CCC(Nc2ccc(C#N)cn2)CC1,,6.33,1,6.33,6.33,IC50,B,single protein format,single_protein,9,D,2022,,414.51300000000015,4.129980000000003,86.84,1,5,5,4,3,0.3333333333333333,0.6782842954873368
CHEMBL5402829,CHEMBL5402829,O=C(Nc1cnccc1-c1ccc(F)cc1)c1ccnc(Nc2ccc(F)cc2)n1,,6.33,1,6.33,6.33,IC50,B,single protein format,single_protein,9,D,2023,,403.39200000000005,4.812700000000002,79.8,2,5,5,4,4,0.0,0.49979890683316497
CHEMBL1086088,CHEMBL1086088,CCNc1nc(C)c(-c2ccnc(Nc3cc(OC)c(OC)c(OC)c3)n2)s1,,6.33,1,6.33,6.33,Ki,B,single protein format,single_protein,8,H,2010,,401.49200000000013,4.109720000000003,90.42000000000002,2,9,8,3,3,0.3157894736842105,0.5827596217297475
CHEMBL3644031,CHEMBL3644031,CS(=O)(=O)c1ccc(Nc2ncc(C(F)(F)F)c(OC3CCCCC3)n2)cc1,,6.32,1,6.32,6.32,IC50,B,single protein format,single_protein,9,D,2014,,415.4370000000003,4.354000000000003,81.18,1,6,5,3,2,0.4444444444444444,0.7818306407639081
CHEMBL260928,CHEMBL260928,O=C(Nc1n[nH]c2cc(-c3ccsc3)ccc12)C1CC1,,6.32,1,6.32,6.32,IC50,B,single protein format,single_protein,8,H,2003,,283.3560000000001,3.6399000000000017,57.78,2,3,3,4,3,0.2,0.7706759457685758
CHEMBL3927078,CHEMBL3927078,CS(=N)(=O)Cc1cccc(Nc2ncc(F)c(-c3ccc(F)cc3OCc3ccccc3)n2)c1,,6.32,3,6.07,6.55,IC50,B,cell-based format,cell_based,8,H,2015,,480.5400000000002,5.920970000000004,87.96000000000001,2,6,8,4,4,0.12,0.3268049141028978
CHEMBL5274920,CHEMBL5274920,C=CC(=O)Nc1ccc(C(=O)Nc2n[nH]c3ccc(-c4cncc(NC(=O)[C@@H](N)Cc5ccccc5)c4)cc23)cc1,,6.32,1,6.32,6.32,IC50,B,single protein format,single_protein,9,D,2022,,545.6030000000002,4.510200000000003,154.89000000000001,5,6,9,5,5,0.06451612903225806,0.17171611120594207
CHEMBL3354192,CHEMBL3354192,COC1CCN(c2nccc(Nc3cc4c(C(C)C)n[nH]c4cn3)n2)CC1,,6.32,1,6.32,6.32,IC50,B,single protein format,single_protein,9,D,2014,,367.4570000000001,3.230100000000001,91.85,2,7,5,4,3,0.47368421052631576,0.7150758077269257
CHEMBL3822858,CHEMBL3822858,COc1nn(C2CCN(C(C)=O)CC2)cc1Nc1ncc(Cl)c(-c2cnc3ccccn23)n1,,6.31,1,6.31,6.31,IC50,B,single protein format,single_protein,9,D,2016,,466.9330000000001,3.5768000000000013,102.47,1,7,5,5,4,0.3181818181818182,0.47918201995791365
CHEMBL254050,CHEMBL254050,CC(=O)N1CCN(C(=O)c2cc(Sc3cnc(Nc4cccc(Br)n4)s3)ccc2C)CC1,,6.31,1,6.31,6.31,IC50,B,single protein format,single_protein,8,H,2008,,532.489,4.808120000000004,78.43,1,7,5,4,3,0.2727272727272727,0.47571077549587176
CHEMBL103039,CHEMBL103039,NS(=O)(=O)c1ccc(Nc2cc(-c3cccc(N4CCOCC4)c3)[nH]n2)cc1,,6.31,1,6.31,6.31,IC50,B,single protein format,single_protein,8,H,2003,,399.47600000000017,2.3043000000000005,113.33999999999999,3,6,5,4,3,0.21052631578947367,0.6067064479011853
CHEMBL2000832,CHEMBL2000832,COc1cc(-c2ccc3c(c2)Nc2ccc(C(=O)NCc4cccc(F)c4)cc2NC3=O)ccc1O,,6.3,1,6.3,6.3,Ki,F,assay format,other,8,H,,,483.4990000000002,5.446200000000004,99.69000000000001,4,5,5,5,4,0.07142857142857142,0.302726611062723
CHEMBL107530,CHEMBL107530,Nc1nc(Nc2cccc(Br)c2)nc(OCC2CCCCC2)c1N=O,,6.3,1,6.3,6.3,IC50,B,single protein format,single_protein,8,H,2003,,406.2840000000003,4.9219000000000035,102.49000000000001,2,7,6,3,2,0.4117647058823529,0.6603338794337028
CHEMBL1682346,CHEMBL1682346,Nc1n[nH]c2ccc(-c3cn(Cc4ccccc4)nn3)cc12,,6.3,1,6.3,6.3,Ki,F,assay format,other,8,H,,,290.33000000000004,2.4519,85.41,2,4,3,4,4,0.0625,0.6066146405721698
CHEMBL1172241,CHEMBL1172241,Cc1cc(CNC(=O)c2nn(CCCN)c3c2CCc2cnc(Nc4cccc(CC(=O)N(C)C)c4)nc2-3)ccn1,NERVIANO,6.3,1,6.3,6.3,IC50,B,single protein format,single_protein,8,H,2010,,553.6710000000002,2.7952200000000005,143.95,3,8,10,5,4,0.3333333333333333,0.27199560803251127
CHEMBL1998611,CHEMBL1998611,NC(=O)c1sc2c(Br)ccc(Cl)c2c1N,,6.3,1,6.3,6.3,Ki,F,assay format,other,8,H,,,305.58400000000006,2.9983000000000004,69.11,2,3,1,2,2,0.0,0.8500732930229411
CHEMBL1998826,CHEMBL1998826,Cc1n[nH]c2ccc(-c3cncc(OCCN(C)S(C)(=O)=O)c3)cc12,,6.3,1,6.3,6.3,Ki,F,assay format,other,8,H,,,360.4390000000001,2.20352,88.18,1,5,6,3,3,0.29411764705882354,0.7279770520507898
CHEMBL260929,CHEMBL260929,O=C(Nc1n[nH]c2cc(-c3ccc[nH]3)ccc12)C1CC1,,6.3,1,6.3,6.3,IC50,B,single protein format,single_protein,8,H,2003,,266.30400000000003,2.906500000000001,73.57,3,2,3,4,3,0.2,0.6815826671304636
CHEMBL1999556,CHEMBL1999556,NC(=O)c1cc2c(-c3ccccc3)cncc2s1,,6.3,1,6.3,6.3,Ki,F,assay format,other,8,H,,,254.31400000000002,3.0622000000000016,55.980000000000004,1,3,2,3,3,0.0,0.7637242730102001
CHEMBL257625,CHEMBL257625,CCNc1ccc2[nH]nc(NC(=O)Cc3ccccc3)c2c1,,6.3,1,6.3,6.3,IC50,B,single protein format,single_protein,8,H,2008,,294.358,3.1759000000000013,69.81,3,3,5,3,3,0.17647058823529413,0.6766376694836673
CHEMBL1982711,CHEMBL1982711,NC(=O)c1ccc(-c2c[nH]c3nccc(Cl)c23)cc1,,6.3,1,6.3,6.3,Ki,F,assay format,other,8,H,,,271.707,2.9822000000000006,71.77000000000001,2,2,2,3,3,0.0,0.7520014710396823
CHEMBL189352,CHEMBL189352,COc1ccc2c(-c3ccnc(Nc4ccc(C#N)cc4)n3)cnn2n1,,6.3,1,6.3,6.3,Ki,B,single protein format,single_protein,9,D,2004,,343.35,2.810180000000001,101.02,1,7,4,4,4,0.05555555555555555,0.6077312036241519
CHEMBL1991728,CHEMBL1991728,CC(=NNC(=N)N)c1cc(NC(=O)NCCCCCCNC(=O)Nc2cc(C(C)=NNC(=N)N)cc(C(C)=NNC(=N)N)c2)cc(C(C)=NNC(=N)N)c1,,6.3,1,6.3,6.3,Ki,F,assay format,other,8,H,,,746.8899999999998,1.0184800000000054,379.29999999999995,16,10,17,2,2,0.3125,0.04712857093840959
CHEMBL1981047,CHEMBL1981047,COC(C(=O)N1Cc2[nH]nc(NC(=O)c3ccc(N4CCN(C)CC4)cc3)c2C1)c1ccccc1,,6.3,1,6.3,6.3,Ki,F,assay format,other,8,H,,,474.56500000000034,2.643700000000001,93.79999999999998,2,6,6,5,3,0.34615384615384615,0.5706345117127313
CHEMBL1980178,CHEMBL1980178,CC(=O)NC1CCCC(Nc2nc(Cl)cc(-c3c[nH]c4ncccc34)n2)C1,,6.3,1,6.3,6.3,Ki,F,assay format,other,8,H,,,384.8710000000001,3.5325000000000015,95.59,3,5,4,4,3,0.3684210526315789,0.5978322950367074
CHEMBL1983855,CHEMBL1983855,CNCCOc1cncc(-c2ccc3[nH]nc(C)c3c2)c1,,6.3,1,6.3,6.3,Ki,F,assay format,other,8,H,,,282.34700000000004,2.5315200000000004,62.83,2,4,5,3,3,0.25,0.705889520696693
CHEMBL1975440,CHEMBL1975440,NC(=O)c1ccc(Nc2ncnc3[nH]cc(-c4ccccc4)c23)cc1,,6.3,1,6.3,6.3,Ki,F,assay format,other,8,H,,,329.36300000000006,3.4674000000000014,96.69,3,4,4,4,4,0.0,0.5338994387297966
CHEMBL1974310,CHEMBL1974310,NC(=O)c1cc2c(-c3ccc(F)cc3)cncc2s1,,6.3,1,6.3,6.3,Ki,F,assay format,other,8,H,,,272.304,3.2013000000000007,55.980000000000004,1,3,2,3,3,0.0,0.7784581528861729
CHEMBL1985723,CHEMBL1985723,CC(C)(CN)CNc1cc(-c2c[nH]c3ncccc23)cc(Cl)n1,,6.3,1,6.3,6.3,Ki,F,assay format,other,8,H,,,329.8350000000001,3.6751000000000014,79.61999999999999,3,4,5,3,3,0.29411764705882354,0.623802694035552
CHEMBL214183,CHEMBL214183,COc1c(C(=O)c2cnc(NC3CCN(S(C)(=O)=O)CC3)nc2N)cc(F)c(F)c1F,,6.3,1,6.3,6.3,Ki,B,single protein format,single_protein,9,D,2006,,459.4500000000002,1.5515999999999999,127.50999999999999,2,8,6,3,2,0.3888888888888889,0.4921131629125975
CHEMBL1967878,CHEMBL1967878,Cc1cc(Nc2ncc(F)c(NC3C4C=CC(C4)C3C(N)=O)n2)ccc1N1CCN(C)CC1,CENISERTIB,6.3,1,6.3,6.3,Ki,F,assay format,other,8,H,,2,451.55000000000035,2.5074200000000006,99.40999999999998,3,7,6,5,2,0.4583333333333333,0.5805608630318185
CHEMBL1987745,CHEMBL1987745,O=C1Nc2ccccc2Nc2cc(-c3ccncc3Cl)ccc21,,6.3,1,6.3,6.3,Ki,F,assay format,other,8,H,,,321.767,4.711300000000002,54.02,2,3,1,4,3,0.0,0.6820666426443367
CHEMBL1964290,CHEMBL1964290,Cc1cccc(-c2[nH]c(-c3ccnc(N)n3)cc2C(N)=O)c1C,,6.3,1,6.3,6.3,Ki,F,assay format,other,8,H,,,307.3570000000001,2.4366399999999997,110.68,3,4,3,3,3,0.11764705882352941,0.6896899169481803
CHEMBL1957231,CHEMBL1957231,COc1ccc(-c2ocnc2C(=O)NCc2ccn3ccnc3c2)cc1Cl,,6.3,1,6.3,6.3,IC50,B,single protein format,single_protein,8,H,2012,,382.807,3.5813000000000024,81.66,1,5,5,4,4,0.10526315789473684,0.5701643249634152
CHEMBL1957228,CHEMBL1957228,COc1ccc(-c2ocnc2C(=O)NCc2ccnnc2)cc1Cl,,6.3,1,6.3,6.3,IC50,B,single protein format,single_protein,8,H,2012,,344.75800000000004,2.723600000000001,90.14,1,6,5,3,3,0.125,0.7649677150609355
CHEMBL1957092,CHEMBL1957092,COc1ccc(-c2ocnc2C(=O)NCc2ccncc2)cc1F,,6.3,1,6.3,6.3,IC50,B,single protein format,single_protein,8,H,2012,,327.315,2.814300000000001,77.25,1,5,5,3,3,0.11764705882352941,0.7795396611872015
CHEMBL1981511,CHEMBL1981511,Cc1cc(-c2ccc3c(c2)Nc2ccccc2NC3=O)ccn1,,6.3,1,6.3,6.3,Ki,F,assay format,other,8,H,,,301.34900000000005,4.366320000000003,54.019999999999996,2,3,1,4,3,0.05263157894736842,0.7016094451776738
CHEMBL193456,CHEMBL193456,CN(C)S(=O)(=O)c1ccc(Nc2ccc(C(=O)c3c(F)cccc3F)c(N)n2)cc1,,6.3,1,6.3,6.3,IC50,B,single protein format,single_protein,9,D,2005,,432.4520000000001,3.166900000000002,105.39,2,6,6,3,3,0.1,0.5799309798172847
CHEMBL5832698,CHEMBL5832698,Cc1nc2c(F)cc(-c3nc(Nc4ccc5c(n4)CCN(C(=O)[C@@H](C)N(C)C)C5)ncc3F)cc2n1C1CC1,,6.3,2,6.25,6.35,IC50,B,single protein format,single_protein,9,D,2020,,532.5990000000002,4.388220000000003,92.07,1,7,6,6,4,0.39285714285714285,0.3938827208512511
CHEMBL1990415,CHEMBL1990415,O=C(Nc1n[nH]c2nc3ccccc3cc12)c1ccncc1,,6.3,1,6.3,6.3,Ki,F,assay format,other,8,H,,,289.29800000000006,2.758400000000001,83.56,2,4,2,4,4,0.0,0.5940525237462637
CHEMBL1957091,CHEMBL1957091,COc1ccc(-c2ocnc2C(=O)NCc2ccncc2)cc1Cl,,6.3,1,6.3,6.3,IC50,B,single protein format,single_protein,8,H,2012,,343.77,3.3286000000000016,77.25,1,5,5,3,3,0.11764705882352941,0.7684948333195062
CHEMBL100391,CHEMBL100391,CN(C)CC(O)COc1ccc(Nc2ncc(Cl)c(Nc3ccccc3)n2)cc1,,6.3,1,6.3,6.3,IC50,B,single protein format,single_protein,8,H,2003,,413.90900000000005,3.9185000000000016,82.54,3,7,9,3,3,0.23809523809523808,0.49004776890017343
CHEMBL3965161,CHEMBL3965161,COc1cc(F)ccc1-c1nc(Nc2cccc(CS(C)(=N)=O)c2)ncc1F,,6.3,2,6.27,6.33,IC50,B,cell-based format,cell_based,8,H,2015,,404.44200000000006,4.350570000000002,87.96,2,6,6,3,3,0.15789473684210525,0.6376967379111368
CHEMBL496568,CHEMBL496568,CC(C)(C)c1cnc(CSc2cnc(N[C@H]3CC[C@@H](N)CC3)s2)o1,,6.3,1,6.3,6.3,IC50,B,single protein format,single_protein,8,H,2008,,366.55600000000015,4.402700000000003,76.97,2,7,5,3,2,0.6470588235294118,0.7637137369474282
CHEMBL477063,CHEMBL477063,COc1cnc(CN/C=C2\C(=O)NC(=O)c3ccc(I)cc32)cc1O,,6.3,1,6.3,6.3,IC50,B,single protein format,single_protein,8,H,2009,,451.2200000000001,1.8010999999999995,100.55,3,6,4,3,2,0.11764705882352941,0.3726791314205352
CHEMBL336961,CHEMBL336961,O=C1Cc2c([nH]c3ccc(Br)cc23)-c2ncccc2N1,AZAKENPAULLONE,6.3,1,6.3,6.3,Ki,F,assay format,other,8,H,,,328.169,3.487000000000001,57.78,2,2,0,4,3,0.06666666666666667,0.663652306602305
CHEMBL5285145,CHEMBL5285145,N[C@@H](COc1cncc(-c2ccc3[nH]nc(NC(=O)c4ccccc4)c3c2)c1)Cc1ccccc1,,6.3,1,6.3,6.3,IC50,B,single protein format,single_protein,9,D,2022,,463.5410000000002,4.826000000000003,105.91999999999999,3,5,8,5,5,0.10714285714285714,0.30574662965341215
CHEMBL3352835,CHEMBL3352835,COC1CCN(c2nccc(Nc3cc(NC(=O)c4c(Cl)cccc4Cl)ccn3)n2)CC1,,6.3,1,6.3,6.3,IC50,B,single protein format,single_protein,9,D,2014,,473.36400000000026,4.789500000000004,92.27000000000001,2,7,6,4,3,0.2727272727272727,0.5319943173574383
CHEMBL333605,CHEMBL333605,O=C(Nc1cc(C2CC2)[nH]n1)c1cccc(C(F)(F)F)c1,,6.3,2,6.3,6.3,IC50,B,single protein format,single_protein,8,H,2008,,295.264,3.558200000000002,57.78,2,2,3,3,2,0.2857142857142857,0.9092978445185997
CHEMBL3947713,CHEMBL3947713,CC1(C)CN(c2ccc(Nc3ncc4cc5n(c4n3)C3(CCCCC3)CNC5=O)nc2)CCN1C1CC1,,6.3,1,6.3,6.3,IC50,B,single protein format,single_protein,8,H,2016,,500.65100000000047,4.035700000000002,91.21000000000001,2,7,4,7,3,0.5714285714285714,0.5587783576419859
CHEMBL5190046,CHEMBL5190046,CNS(=O)(=O)c1ccc(Nc2ncc3c(n2)N([C@@H]2CCC[C@@]2(C)O)C(=O)C32CC2)cc1,,6.295,2,6.13,6.46,IC50,B,cell-based format,cell_based,9,D,2022,,443.52900000000034,1.8099999999999992,124.52000000000001,3,7,5,5,2,0.47619047619047616,0.6436150130018363
CHEMBL2011941,CHEMBL2011941,O=C(NCCCNc1c(Br)cnc2[nH]c(-c3ccc(OCCN4CCCCC4)cc3)nc12)C1CCC1,,6.29,1,6.29,6.29,IC50,B,single protein format,single_protein,8,H,2012,,555.5210000000003,4.970400000000005,95.17,3,6,11,5,3,0.5185185185185185,0.2894635463809139
CHEMBL5417190,CHEMBL5417190,COc1ccc(Cc2nnc(N3CCN(C(=O)Nc4ccccc4)CC3)c3ccccc23)cc1,,6.29,1,6.29,6.29,IC50,B,single protein format,single_protein,9,D,2022,,453.54600000000016,4.583300000000004,70.59,1,5,5,5,4,0.2222222222222222,0.4788930843376077
CHEMBL522563,CHEMBL522563,O=C(Nc1c[nH]nc1-c1nc2ccc(CN3CCOCC3)cc2[nH]1)c1ccc(F)cc1,,6.28,1,6.28,6.28,IC50,B,single protein format,single_protein,8,H,2009,,420.44800000000015,3.1766000000000014,98.93,3,5,5,5,4,0.22727272727272727,0.46064162731483765
CHEMBL5396190,CHEMBL5396190,COc1ccc(Cc2nnc(N3CCN(C(=S)Nc4ccccc4)CC3)c3ccccc23)cc1,,6.28,1,6.28,6.28,IC50,B,single protein format,single_protein,9,D,2022,,469.61400000000015,4.748200000000004,53.52000000000001,1,5,5,5,4,0.2222222222222222,0.42351827200005876
CHEMBL3655763,CHEMBL3655763,CC[C@H](Nc1nc(NCc2ccc(C)nc2)c2ncn(C(C)C)c2n1)[C@@H](C)O,,6.28,1,6.28,6.28,IC50,B,single protein format,single_protein,9,D,2013,,383.5000000000001,3.294020000000002,100.78,3,7,8,3,3,0.5,0.548531385801924
CHEMBL3354191,CHEMBL3354191,COC1CCN(c2nccc(Nc3cc4c(cn3)c(N)nn4C(C)C)n2)CC1,,6.28,1,6.28,6.28,IC50,B,single protein format,single_protein,9,D,2014,,382.4720000000002,2.7432000000000007,107.01,2,8,5,4,3,0.47368421052631576,0.6935631143570914
CHEMBL2042042,CHEMBL2042042,C[C@@H](/C=C\C(F)(F)F)Oc1cc(-c2cc(-c3cc(CN(C)C)cs3)cnc2N)ccc1C(N)=O,,6.28,1,6.28,6.28,IC50,B,single protein format,single_protein,8,H,2012,,490.5510000000003,5.105600000000005,94.47,2,6,8,3,3,0.25,0.4283533587924812
CHEMBL57639,CHEMBL57639,O=C1Nc2ccc(Br)cc2/C1=C/c1[nH]cc2c1CCNC2=O,,6.28,1,6.28,6.28,IC50,B,single protein format,single_protein,8,H,2003,,358.19500000000016,2.5558000000000005,73.99000000000001,3,2,1,4,2,0.125,0.6858124954099359
CHEMBL5181384,CHEMBL5181384,CC(C)(C)n1nc(-c2cccc(NC(=O)/C(C#N)=C/c3ccc(O)cc3)c2)c2c(=O)[nH]cnc21,,6.28,1,6.28,6.28,Ki,B,single protein format,single_protein,9,D,2022,,454.4900000000002,3.792880000000001,136.69,3,6,4,4,4,0.16,0.3169137966883163
CHEMBL2158865,CHEMBL2158865,CNC(=O)Nc1ccc(-c2cc(-c3ccnc(Nc4ccc(Cl)c(S(=O)(=O)N(C)C)c4)n3)ccn2)cc1,,6.28,1,6.28,6.28,IC50,B,single protein format,single_protein,8,H,2012,,538.0330000000002,4.604200000000003,129.20999999999998,3,7,7,4,4,0.12,0.3138415286645344
CHEMBL1084969,CHEMBL1084969,CC(=O)N1CCN(c2ccc(Nc3nccc(-c4sc(N)nc4C)n3)cc2)CC1,,6.28,1,6.28,6.28,Ki,B,single protein format,single_protein,8,H,2010,,409.51900000000023,2.902820000000001,100.27000000000001,2,8,4,4,3,0.3,0.683225242189646
CHEMBL251795,CHEMBL251795,Cc1ccc(Sc2cnc(Nc3cccc(Br)n3)s2)cc1C(=O)N1CCN(C(=O)[C@H](C)N)CC1,,6.28,1,6.28,6.28,IC50,B,single protein format,single_protein,8,H,2008,,561.531,4.1354200000000025,104.45,2,8,6,4,3,0.30434782608695654,0.4363484379426589
CHEMBL5436647,CHEMBL5436647,COc1ccc(Cc2nnc(N3CCN(C(=S)Nc4ccc(Cl)cc4)CC3)c3ccccc23)cc1,,6.27,1,6.27,6.27,IC50,B,single protein format,single_protein,9,D,2022,,504.0590000000002,5.401600000000005,53.52000000000001,1,5,5,5,4,0.2222222222222222,0.3657165868280064
CHEMBL254895,CHEMBL254895,Cc1ccc(Sc2cnc(Nc3cccc(Br)n3)s2)cc1C(=O)N1CCN(C(=O)CN)CC1,,6.27,1,6.27,6.27,IC50,B,single protein format,single_protein,8,H,2008,,547.504,3.746920000000002,104.45,2,8,6,4,3,0.2727272727272727,0.45335024494488385
CHEMBL3925377,CHEMBL3925377,CC1CN(c2ccc(Nc3ncc4cc5n(c4n3)C3(CCCCC3)CNC5=O)nc2)CCN1CC(C)(C)O,,6.27,1,6.27,6.27,IC50,B,single protein format,single_protein,8,H,2016,,518.6660000000005,3.2541000000000024,111.44000000000001,3,8,5,6,3,0.5714285714285714,0.4720972110582594
CHEMBL393525,CHEMBL393525,Cc1ccc([N+](=O)[O-])cc1S(=O)(=O)N(C)/N=C/c1cnc2ccc(Br)cn12,,6.27,1,6.27,6.27,Kd,B,assay format,other,9,D,2016,,452.2900000000001,2.968020000000001,110.17999999999999,0,6,5,3,3,0.125,0.3359129546911549
CHEMBL289422,CHEMBL289422,O=C1NC(=O)c2c1c1c3ccccc3n3c1c1c2c2ccccc2n1[C@H]1CC[C@@H]3O1,,6.27,1,6.27,6.27,IC50,B,single protein format,single_protein,8,H,2004,,393.40200000000016,4.607200000000002,65.26,1,3,0,8,5,0.16666666666666666,0.390964952826924
CHEMBL509772,CHEMBL509772,CC(C)(C)c1cnc(CSc2cnc(NC3CCNCC3)s2)o1,,6.27,1,6.27,6.27,IC50,B,single protein format,single_protein,8,H,2008,,352.5290000000001,3.884800000000002,62.980000000000004,2,7,5,3,2,0.625,0.7962688685016545
CHEMBL3822943,CHEMBL3822943,CCOc1nn(C2CCN(C(C)=O)CC2)cc1Nc1ncc(Cl)c(-c2cnn3ccccc23)n1,,6.26,1,6.26,6.26,IC50,B,single protein format,single_protein,9,D,2016,,480.96000000000015,3.9669000000000025,102.47,1,7,6,5,4,0.34782608695652173,0.4451043717836473
CHEMBL2348159,CHEMBL2348159,Nc1nccc(-n2cc(-c3cc[nH]n3)c3cnccc32)n1,,6.26,1,6.26,6.26,IC50,B,single protein format,single_protein,9,D,2013,,277.29100000000005,1.7877999999999998,98.3,2,5,2,4,4,0.0,0.581703436720982
CHEMBL245535,CHEMBL245535,CC(=O)NCC(=O)N1CCC(Nc2ncc(Cl)c(-c3c[nH]c4ccccc34)n2)CC1,,6.26,1,6.26,6.26,IC50,B,single protein format,single_protein,8,H,2007,,426.9080000000002,2.8173000000000012,103.01,3,5,5,4,3,0.3333333333333333,0.58173343162911
CHEMBL392614,CHEMBL392614,CCNC(=O)N1CCC[C@H](Nc2ncc(Cl)c(-c3c[nH]c4ccccc34)n2)C1,,6.26,1,6.26,6.26,IC50,B,single protein format,single_protein,8,H,2007,,398.89800000000014,3.884100000000002,85.94000000000001,3,4,4,4,3,0.35,0.6220115247951175
CHEMBL186952,CHEMBL186952,Nc1nc2ccc(C(=O)c3c(F)cccc3F)cn2c1C(=O)c1cccs1,,6.26,1,6.26,6.26,IC50,B,single protein format,single_protein,8,H,2004,,383.3790000000001,3.7182000000000013,77.46000000000001,1,5,4,4,4,0.0,0.5450806364582723
CHEMBL5270227,CHEMBL5270227,N[C@H](Cc1ccccc1)C(=O)Nc1cncc(-c2ccc3[nH]nc(NC(=O)c4ccccc4)c3c2)c1,,6.26,1,6.26,6.26,IC50,B,single protein format,single_protein,9,D,2022,,476.54000000000013,4.385700000000003,125.79000000000002,4,5,7,5,5,0.07142857142857142,0.2772568375171713
CHEMBL5762588,CHEMBL5762588,Cc1nc2c(F)cc(-c3nc(Nc4ccc5c(n4)CCN(CC(C)(C)N)C5)ncc3F)cc2n1C1CC1,,6.25,1,6.25,6.25,IC50,B,single protein format,single_protein,9,D,2020,,504.58900000000034,4.648820000000003,97.78,2,7,6,6,4,0.4074074074074074,0.3945009099573932
CHEMBL3934755,CHEMBL3934755,CCOC(=O)N=S(C)(=O)Cc1cc(F)cc(Nc2ncc(F)c(-c3ccc(F)cc3OC)n2)c1,,6.25,1,6.25,6.25,IC50,B,cell-based format,cell_based,8,H,2015,,494.4950000000002,5.067400000000005,102.77,1,7,7,3,3,0.22727272727272727,0.48932404196670903
CHEMBL2158011,CHEMBL2158011,CCN(CC)S(=O)(=O)c1cccc(Nc2nccc(-c3ccnc(-c4ccc(NC(=O)NC)cc4)c3)n2)c1,,6.25,1,6.25,6.25,IC50,B,single protein format,single_protein,8,H,2012,,531.6420000000002,4.7310000000000025,129.20999999999998,3,7,9,4,4,0.18518518518518517,0.2846794941408007
CHEMBL1234085,CHEMBL1234085,CNS(=O)(=O)c1ccc(N/C=C2\C(=O)Nc3ccccc32)cc1,,6.25,1,6.25,6.25,IC50,B,single protein format,single_protein,8,H,2001,,329.38100000000003,1.9997999999999996,87.30000000000001,3,4,4,3,2,0.0625,0.7488458542381545
CHEMBL5848732,CHEMBL5848732,Cc1nc2c(F)cc(-c3nc(Nc4ncc5c(n4)CCNC5)ncc3F)cc2n1C(C)C,,6.25,1,6.25,6.25,IC50,B,single protein format,single_protein,9,D,2021,,436.47000000000014,3.8401200000000015,93.44,2,7,4,5,4,0.3181818181818182,0.5020309596860684
CHEMBL5559108,CHEMBL5559108,CC[C@H](CO)Nc1nc(NCc2ccc(NC(=O)C3(F)CC3)cc2)n2ncc(C(C)C)c2n1,,6.24,1,6.24,6.24,IC50,B,single protein format,single_protein,9,D,2024,,455.53800000000024,3.483200000000002,116.47,4,7,10,4,3,0.4782608695652174,0.3697682222399564
CHEMBL5280467,CHEMBL5280467,O=C(Nc1n[nH]c2ccc(-c3cncc(NC[C@H](CO)c4ccccc4)c3)cc12)c1ccccc1,,6.24,1,6.24,6.24,IC50,B,single protein format,single_protein,9,D,2022,,463.5410000000001,5.0652000000000035,102.93,4,5,8,5,5,0.10714285714285714,0.2574328510623289
CHEMBL2442291,CHEMBL2442291,Cc1nnc(-c2cccc(-c3cnn4ccc(NCCN)nc34)c2)o1,,6.24,1,6.24,6.24,IC50,B,single protein format,single_protein,9,D,2013,,335.3710000000001,2.1253199999999994,107.16,2,7,5,4,4,0.17647058823529413,0.5749948746726322
CHEMBL3896827,CHEMBL3896827,CC1CN(c2ccc(Nc3ncc4cc5n(c4n3)C3(CCCCC3)CNC5=O)nc2)CC(C)N1CC1CC1,,6.24,1,6.24,6.24,IC50,B,single protein format,single_protein,8,H,2016,,514.6780000000005,4.281700000000003,91.21000000000001,2,7,5,7,3,0.5862068965517241,0.5251100571850221
CHEMBL4527978,CHEMBL4527978,CC/C=N/c1c(C#N)c2n(c1C(=O)Nc1ccccc1)CCC2,,6.24,1,6.24,6.24,IC50,B,single protein format,single_protein,9,D,2020,,306.36900000000014,3.670580000000002,70.17999999999999,1,3,4,3,2,0.2777777777777778,0.8754484087827391
CHEMBL553906,CHEMBL553906,Cc1nnc2sc(-c3ccc(N)cc3)nn12,,6.24,1,6.24,6.24,IC50,B,single protein format,single_protein,8,H,2009,,231.28400000000002,1.7434199999999997,69.1,1,5,1,3,3,0.1,0.647598921550106
CHEMBL3421962,CHEMBL3421962,CN1CCN(c2ccc(Nc3cc(-c4c[nH]c5cnccc45)ncn3)cc2)CC1,,6.24,1,6.24,6.24,IC50,B,cell-based format,cell_based,9,D,2015,,385.47500000000014,3.5153000000000016,72.97,2,6,4,5,4,0.22727272727272727,0.560040778041594
CHEMBL563150,CHEMBL563150,Cn1nc(C(=O)Nc2ccccc2)c2c1-c1nc(Nc3ccccc3)ncc1CC2,,6.24,1,6.24,6.24,IC50,B,single protein format,single_protein,8,H,2009,,396.4540000000002,3.9716000000000022,84.73,2,5,4,5,4,0.13043478260869565,0.5452047189146098
CHEMBL396614,CHEMBL396614,N=C1NC(=O)/C(=C/c2ccc(-c3ccc(S(N)(=O)=O)c(Cl)c3)o2)S1,,6.24,1,6.24,6.24,IC50,B,single protein format,single_protein,8,H,2007,,383.8380000000001,2.38607,126.24999999999999,3,6,3,3,2,0.0,0.701170309982414
CHEMBL3655776,CHEMBL3655776,CC(C)n1cnc2c(NCc3cccnc3)nc(NCC(O)C(F)(F)F)nc21,,6.24,1,6.24,6.24,IC50,B,single protein format,single_protein,9,D,2013,,395.38900000000007,2.749400000000001,100.78,3,7,7,3,3,0.4117647058823529,0.5654896409046445
CHEMBL233554,CHEMBL233554,CN(C)CCNS(=O)(=O)c1ccc(-c2ccc(/C=C3\SC(=N)NC3=O)o2)cc1,,6.24,1,6.24,6.24,IC50,B,single protein format,single_protein,8,H,2007,,420.5160000000001,1.9251700000000003,115.50000000000001,3,7,7,3,2,0.2222222222222222,0.5896818128816786
CHEMBL574738,CHEMBL574738,CCN1CCN(Cc2ccc(NC(=O)Nc3ccc(Oc4cc(NC)ncn4)cc3)cc2C(F)(F)F)CC1,AST-487,6.234999999999999,2,6.12,6.35,Kd,B,single protein format,single_protein,8;9,D;H,2008;2011,1,529.5670000000001,5.1109000000000036,94.65,3,7,8,4,3,0.34615384615384615,0.3733441496106457
CHEMBL5641843,CHEMBL5641843,Cc1nn2c(-c3ccc(Br)cc3)ccnc2c1/C(N)=N/O,,6.23,1,6.23,6.23,IC50,B,single protein format,single_protein,9,D,2023,,346.1880000000001,2.5617199999999998,88.8,2,4,2,3,3,0.07142857142857142,0.3230361823842414
CHEMBL507249,CHEMBL507249,O[C@H]1CC[C@H](c2n[nH]cc2-c2ccnc(NC3CCCC3)n2)CC1,,6.23,1,6.23,6.23,IC50,B,single protein format,single_protein,8,H,2009,,327.4320000000002,3.239700000000002,86.72,3,5,4,4,2,0.6111111111111112,0.8023071887204157
CHEMBL5269885,CHEMBL5269885,C=CC(=O)Nc1ccc(C(=O)Nc2n[nH]c3ccc(-c4cncc(N[C@H](CO)Cc5ccccc5)c4)cc23)cc1,,6.22,1,6.22,6.22,IC50,B,single protein format,single_protein,9,D,2022,,532.6040000000003,5.017200000000003,132.03,5,6,10,5,5,0.0967741935483871,0.1605911162081257
CHEMBL188673,CHEMBL188673,COc1ccccc1C(=O)c1ccc2nc(N)c(C(=O)c3c(F)cccc3F)n2c1,,6.22,1,6.22,6.22,IC50,B,single protein format,single_protein,8,H,2004,,407.37600000000003,3.665300000000001,86.69,1,5,5,4,4,0.045454545454545456,0.5103949328277522
CHEMBL3975020,CHEMBL3975020,CC(C)N1CCN(c2ccc(Nc3ncc4cc5n(c4n3)C3(CCCCC3)CNC5=O)nn2)CC1,,6.22,1,6.22,6.22,IC50,B,single protein format,single_protein,8,H,2016,,475.60100000000045,2.8981000000000003,104.1,2,8,4,6,3,0.56,0.5937002418833358
CHEMBL1242833,CHEMBL1242833,CC(C)(C)Nc1nc(C(F)(F)F)nc2ccc(Nc3ccccc3)cc12,,6.22,1,6.22,6.22,IC50,B,single protein format,single_protein,8,H,2006,,360.38300000000004,5.602600000000003,49.84,2,4,3,3,3,0.2631578947368421,0.638008940971893
CHEMBL397531,CHEMBL397531,CCNC(=O)N1CCC(Nc2ncc(Cl)c(-c3cnc4ccccn34)n2)CC1,,6.22,1,6.22,6.22,IC50,B,single protein format,single_protein,8,H,2007,,399.88600000000014,3.0505000000000013,87.45,2,5,4,4,3,0.3684210526315789,0.703598204531165
CHEMBL418985,CHEMBL418985,CS(=O)(=O)Nc1ccc(Nc2cc(-c3cccc(Br)c3)[nH]n2)cc1,,6.22,1,6.22,6.22,IC50,B,single protein format,single_protein,8,H,2003,,407.29300000000006,3.9543000000000017,86.88000000000001,3,4,5,3,3,0.0625,0.5978177860403882
CHEMBL420135,CHEMBL420135,COc1cccc(C(=O)Nc2cc(C3CC3)[nH]n2)c1,,6.22,2,6.22,6.22,IC50,B,single protein format,single_protein,8,H,2008,,257.29299999999995,2.548,67.00999999999999,2,3,4,3,2,0.2857142857142857,0.8840966366440008
CHEMBL1081629,CHEMBL1081629,Cc1cc2cc(-c3nnc(NC[C@@H](N)Cc4ccc(C(F)(F)F)cc4)s3)ccc2cn1,,6.22,1,6.22,6.22,IC50,B,single protein format,single_protein,8,H,2010,,443.49800000000005,5.062420000000004,76.72,2,6,6,4,4,0.22727272727272727,0.4355197012097541
CHEMBL4114182,CHEMBL4114182,C[C@@H]1CN(c2ccc(Nc3ncc4cc5n(c4n3)C3(CCCCC3)CNC5=O)nc2)C[C@H](C)N1C[C@@H](C)O,,6.22,1,6.22,6.22,IC50,B,single protein format,single_protein,8,H,2016,,518.6660000000005,3.2525000000000026,111.44000000000001,3,8,5,6,3,0.5714285714285714,0.4721037675442186
CHEMBL278894,CHEMBL278894,CC(C)(C)Nc1nc(C(F)(F)F)nc2ccc(-c3cccc(N)c3)cc12,,6.22,1,6.22,6.22,IC50,B,single protein format,single_protein,9,D,2021,,360.38300000000004,5.108200000000004,63.83,2,4,2,3,3,0.2631578947368421,0.6236175893986413
CHEMBL217443,CHEMBL217443,CCOC(=O)N1CCC(Nc2ncc(C(=O)c3ccccc3OC)c(N)n2)CC1,,6.22,1,6.22,6.22,Ki,B,single protein format,single_protein,9,D,2006,,399.45100000000025,2.3312,119.67,2,8,6,3,2,0.4,0.7104058890552952
CHEMBL3884319,CHEMBL3884319,CC1(C)C(=O)N([C@H]2CCc3c(O)cccc32)c2nc(Nc3ccccc3)ncc21,,6.22,1,6.22,6.22,IC50,B,single protein format,single_protein,9,D,2017,,386.45500000000004,4.2375000000000025,78.35000000000001,2,5,3,5,3,0.2608695652173913,0.7040072502917633
CHEMBL5426122,CHEMBL5426122,S=C(Nc1cccc(Cl)c1)N1CCN(c2nnc(Cc3ccccc3)c3ccccc23)CC1,,6.21,1,6.21,6.21,IC50,B,single protein format,single_protein,9,D,2022,,474.03300000000024,5.393000000000004,44.29,1,4,4,5,4,0.19230769230769232,0.40060688864987043
CHEMBL4297488,CHEMBL4297488,CC(C)c1cnn2c(NCc3ccccc3)cc(NC[C@H]3CCNC[C@@H]3O)nc12,CT-7001,6.21,1,6.21,6.21,IC50,B,single protein format,single_protein,9,D,2019,2,394.5230000000002,2.8471000000000015,86.51,4,6,7,4,3,0.45454545454545453,0.4930250349810918
CHEMBL73645,CHEMBL73645,Cc1nc2ccccn2c1-c1ccnc(Nc2ccc(Cl)cc2)n1,,6.21,1,6.21,6.21,IC50,B,single protein format,single_protein,8,H,2004,,335.79800000000006,4.4967200000000025,55.11,1,4,3,4,4,0.05555555555555555,0.5987366689210039
CHEMBL392615,CHEMBL392615,CNC(=O)CN1CCC[C@@H](Nc2ncc(Cl)c(-c3c[nH]c4ccccc34)n2)C1,,6.21,1,6.21,6.21,IC50,B,single protein format,single_protein,8,H,2007,,398.89800000000014,2.9006000000000007,85.94000000000001,3,5,5,4,3,0.35,0.614875981862534
CHEMBL5283549,CHEMBL5283549,O=C(Nc1n[nH]c2ccc(-c3cncc(NC[C@@H](CO)Cc4ccccc4)c3)cc12)c1ccccc1,,6.21,1,6.21,6.21,IC50,B,single protein format,single_protein,9,D,2022,,477.56800000000015,5.140300000000003,102.93,4,5,9,5,5,0.13793103448275862,0.23540055041127003
CHEMBL3642653,CHEMBL3642653,N#Cc1cnn2c(NCc3ccncc3)cc(-c3ccccc3)nc12,,6.21,1,6.21,6.21,IC50,B,single protein format,single_protein,9,D,2013,,326.36300000000006,3.2750800000000018,78.9,1,5,4,4,4,0.05263157894736842,0.6224456373272159
CHEMBL233970,CHEMBL233970,N=C1NC(=O)/C(=C/c2ccc(-c3ccc(S(N)(=O)=O)c(C(F)(F)F)c3)o2)S1,,6.21,1,6.21,6.21,IC50,B,single protein format,single_protein,8,H,2007,,417.3900000000001,2.7514700000000003,126.24999999999999,3,6,3,3,2,0.06666666666666667,0.6622305131204483
CHEMBL3621496,CHEMBL3621496,CN1CCN(C(=O)c2ccc3c(c2)[nH]c2c(C(N)=O)ccc(-c4ccccc4F)c23)CC1,,6.21,1,6.21,6.21,IC50,B,single protein format,single_protein,9,D,2015,,430.4830000000002,3.6137000000000015,82.43,2,3,3,5,4,0.2,0.5209341759713185
CHEMBL3955667,CHEMBL3955667,C[C@H](O)CN1CCN(c2ccc(Nc3ncc4cc5n(c4n3)C3(CCCCC3)CNC5=O)nc2)C[C@@H]1C,,6.21,1,6.21,6.21,IC50,B,single protein format,single_protein,8,H,2016,,504.63900000000046,2.8640000000000008,111.44000000000001,3,8,5,6,3,0.5555555555555556,0.48649778889933143
CHEMBL1986970,CHEMBL1986970,COCCN(C)C(=O)c1c(-c2ccc3[nH]ncc3c2)nnn1Cc1ccccc1,,6.2,1,6.2,6.2,Ki,F,assay format,other,8,H,,,390.4470000000001,2.5881000000000007,88.93,1,5,7,4,4,0.23809523809523808,0.5239258705255829
CHEMBL1979933,CHEMBL1979933,O=C(O)c1ccccc1Nc1ncnc(Nc2cccc(F)c2)n1,,6.2,1,6.2,6.2,Ki,F,assay format,other,8,H,,,325.303,3.1961000000000004,100.03,3,6,5,3,3,0.0,0.6620503325149644
CHEMBL2000894,CHEMBL2000894,Cc1cc(O)ccc1-n1cc(C(=O)NN)c(=O)c2ccc(-c3ccncc3)cc21,,6.2,1,6.2,6.2,Ki,F,assay format,other,8,H,,,386.41100000000006,2.6702200000000005,110.24,3,5,3,4,4,0.045454545454545456,0.28482613240912497
CHEMBL421207,CHEMBL421207,O=C(Nc1n[nH]c2cc(-c3ccco3)ccc12)C1CC1,,6.2,1,6.2,6.2,IC50,B,single protein format,single_protein,8,H,2003,,267.288,3.171400000000001,70.92,2,3,3,4,3,0.2,0.7652587738426168
CHEMBL2000071,CHEMBL2000071,OCCCNc1ncnc2[nH]cc(-c3ccccc3)c12,,6.2,1,6.2,6.2,Ki,F,assay format,other,8,H,,,268.32000000000005,2.4192,73.83,3,4,5,3,3,0.2,0.6212397497980424
CHEMBL1976936,CHEMBL1976936,OC1CCCC(Nc2cc(Cl)nc(-c3c[nH]c4ncccc34)n2)C1,,6.2,1,6.2,6.2,Ki,F,assay format,other,8,H,,,343.8180000000001,3.388700000000001,86.72,3,5,3,4,3,0.35294117647058826,0.6344614746232909
CHEMBL1975500,CHEMBL1975500,COc1cc(-c2ccc3c(c2)Nc2ccc(C(=O)NCCNC(C)=O)cc2NC3=O)ccc1O,,6.2,1,6.2,6.2,Ki,F,assay format,other,8,H,,,460.49000000000024,3.2430000000000008,128.79,5,6,6,4,3,0.16,0.3593662605509649
CHEMBL1957102,CHEMBL1957102,COc1ccc(-c2ocnc2C(=O)NCc2ccnc(Cl)c2)cc1Cl,,6.2,1,6.2,6.2,IC50,B,single protein format,single_protein,8,H,2012,,378.21500000000003,3.982000000000002,77.25,1,5,5,3,3,0.11764705882352941,0.6798752572724012
CHEMBL1994830,CHEMBL1994830,Nc1nnc(-c2cc3c(Oc4ccc(Cl)cc4)cncc3s2)o1,,6.2,1,6.2,6.2,Ki,F,assay format,other,8,H,,,344.7830000000001,4.374200000000002,87.06,1,7,3,4,4,0.0,0.5932704598029149
CHEMBL1966040,CHEMBL1966040,FC(F)(F)c1cccc(CNc2cc(-c3c[nH]c4ncccc34)ncn2)c1,,6.2,1,6.2,6.2,Ki,F,assay format,other,8,H,,,369.35,4.650800000000002,66.49000000000001,2,4,4,4,4,0.10526315789473684,0.5494843349068154
CHEMBL1957226,CHEMBL1957226,COc1cc(CNC(=O)c2ncoc2-c2ccc(OC)c(Cl)c2)ccn1,,6.2,1,6.2,6.2,IC50,B,single protein format,single_protein,8,H,2012,,373.7960000000001,3.337200000000002,86.48,1,6,6,3,3,0.16666666666666666,0.7127411796798696
CHEMBL1969502,CHEMBL1969502,O=C1NN=Cc2c[nH]c3cc(NC(=O)C4CC4c4ccccc4)cc1c23,,6.2,1,6.2,6.2,Ki,F,assay format,other,8,H,,,344.374,2.987400000000002,86.35,3,3,3,5,3,0.15,0.682085554565901
CHEMBL3984385,CHEMBL3984385,COc1cc(F)ccc1-c1nc(Nc2cc(CS(C)(=O)=NC#N)cc(C(F)(F)C(F)(F)F)c2)ncc1F,,6.2,1,6.2,6.2,IC50,B,cell-based format,cell_based,8,H,2015,,547.4560000000001,5.906980000000003,100.26,1,7,7,3,3,0.22727272727272727,0.29184015845164823
CHEMBL1968070,CHEMBL1968070,NC(=O)c1cccc2c1Nc1nnc(Cl)cc1C(=O)N2,,6.2,1,6.2,6.2,Ki,F,assay format,other,8,H,,,289.682,1.5381999999999998,110.0,3,5,1,3,2,0.0,0.7373349617575984
CHEMBL1967564,CHEMBL1967564,CCCC(=O)Nc1n[nH]c2nc3ccccc3cc12,,6.2,1,6.2,6.2,Ki,F,assay format,other,8,H,,,254.293,2.8497000000000003,70.67,2,3,3,3,3,0.21428571428571427,0.7545928879364325
CHEMBL1964399,CHEMBL1964399,COc1ccc(Nc2nccc(Nc3c(NC(C)C(C)(C)C)c(=O)c3=O)n2)cc1OC,,6.2,1,6.2,6.2,Ki,F,assay format,other,8,H,,,425.48900000000026,3.4235000000000015,114.47,3,9,8,3,3,0.36363636363636365,0.466991093089682
CHEMBL2003229,CHEMBL2003229,CN(C)c1cc(-c2ccncc2)cc2[nH]nc(N)c12,,6.2,1,6.2,6.2,Ki,F,assay format,other,8,H,,,253.30899999999997,2.2731,70.83,2,4,2,3,3,0.14285714285714285,0.7346497611906287
CHEMBL2003637,CHEMBL2003637,O=[N+]([O-])c1cccc(-c2nnc3ccc(N4CCCCC4)nn23)c1,,6.2,1,6.2,6.2,Ki,F,assay format,other,8,H,,,324.34400000000005,2.6898,89.46,0,6,3,4,3,0.3125,0.5433586299147518
CHEMBL246970,CHEMBL246970,NCC1CCC(CNc2nc(NCc3ccccc3Cl)ncc2[N+](=O)[O-])CC1,,6.2,1,6.2,6.2,Ki,F,assay format,other,8,H,,,404.9020000000002,3.827300000000002,119.0,3,7,8,3,2,0.47368421052631576,0.4514185045773344
CHEMBL232123,CHEMBL232123,Cc1cc(N)c2oc(-c3ccc(O)c(O)c3)c(O)c(=O)c2c1,,6.2,1,6.2,6.2,IC50,B,single protein format,single_protein,8,H,2007,,299.2820000000001,2.4674200000000006,116.92000000000002,4,6,1,3,3,0.0625,0.4048759540276126
CHEMBL437747,CHEMBL437747,CCCn1c(C2CCNCC2)nc(-c2ccc(Cl)c(Cl)c2)c1-c1ccnc(NC2CCCCC2)n1,,6.2,1,6.2,6.2,Ki,F,assay format,other,8,H,,,513.5170000000003,6.935500000000006,67.66,2,5,7,5,3,0.5185185185185185,0.3584645921195936
CHEMBL2207198,CHEMBL2207198,O=C(NCCCNc1nc(Nc2ccc(N3CCOCC3)cc2)ncc1C1CC1)C1CCC1,,6.2,1,6.2,6.2,IC50,B,single protein format,single_protein,8,H,2012,,450.5870000000004,3.6525000000000016,91.41,3,7,10,5,2,0.56,0.47602068382063173
CHEMBL4471323,CHEMBL4471323,CCC1SCC(=O)N1c1c(C#N)c2n(c1C(=O)Nc1ccccc1)CCC2,,6.2,1,6.2,6.2,IC50,B,single protein format,single_protein,9,D,2020,,380.4730000000001,3.3741800000000026,78.13,1,4,4,4,2,0.35,0.8820274408459158
CHEMBL1682341,CHEMBL1682341,c1ccc(Cc2cn(-c3ccc4[nH]ncc4c3)nn2)cc1,,6.2,1,6.2,6.2,Ki,F,assay format,other,8,H,,,275.31500000000005,2.7344,59.39,1,3,3,4,4,0.0625,0.6251219094382543
CHEMBL115047,CHEMBL115047,CCc1cc(NC(=O)c2ccc(Br)cc2)n[nH]1,,6.2,2,6.2,6.2,IC50,B,single protein format,single_protein,8,H,2008,,294.152,2.9869000000000003,57.78,2,2,3,2,2,0.16666666666666666,0.9139453233030894
CHEMBL1682359,CHEMBL1682359,CCCc1cc(-c2ccc3[nH]ncc3c2)on1,,6.2,1,6.2,6.2,Ki,F,assay format,other,8,H,,,227.267,3.1704000000000008,54.71,1,3,3,3,3,0.23076923076923078,0.7472510521839762
CHEMBL1957085,CHEMBL1957085,COc1ccc(-c2ocnc2C(=O)NCc2ccncc2)cc1,,6.199999999999999,2,6.1,6.3,IC50,B,single protein format,single_protein,8,H,2012,,309.325,2.675200000000001,77.25,1,5,5,3,3,0.11764705882352941,0.7837716418246529
CHEMBL3938919,CHEMBL3938919,C[C@H](O)CN1[C@H](C)CN(c2ccc(Nc3ncc4cc5n(c4n3)C3(CCCCC3)CNC5=O)nc2)C[C@@H]1C,,6.19,1,6.19,6.19,IC50,B,single protein format,single_protein,8,H,2016,,518.6660000000004,3.252500000000002,111.44000000000001,3,8,5,6,3,0.5714285714285714,0.4721037675442186
CHEMBL232737,CHEMBL232737,Cc1cc(N2CCN(C)CC2)c2oc(-c3ccc(O)c(O)c3)c(O)c(=O)c2c1,,6.19,1,6.19,6.19,IC50,B,single protein format,single_protein,8,H,2007,,382.4160000000001,2.6370200000000015,97.38,3,7,2,4,3,0.2857142857142857,0.5863245971778386
CHEMBL6007400,CHEMBL6007400,Cc1nc2c(F)cc(-c3nc(Nc4ccc5c(n4)CCN(C[C@@H](C)N(C)C)C5)ncc3F)cc2n1C1CC1,,6.19,1,6.19,6.19,IC50,B,single protein format,single_protein,9,D,2020,,518.6160000000002,4.861620000000004,75.0,1,7,7,6,4,0.42857142857142855,0.3744841985014371
CHEMBL3934575,CHEMBL3934575,CC1CN(c2ccc(Nc3ncc4cc5n(c4n3)C3(CCCCC3)CNC5=O)nc2)CCN1CCC(C)(C)C,,6.19,1,6.19,6.19,IC50,B,single protein format,single_protein,8,H,2016,,530.7210000000005,4.919400000000004,91.21000000000001,2,7,5,6,3,0.6,0.483859539442696
CHEMBL114432,CHEMBL114432,CCCc1cc(NC(=O)c2ccc(Br)cc2)n[nH]1,,6.19,2,6.19,6.19,IC50,B,single protein format,single_protein,8,H,2008,,308.179,3.3770000000000016,57.78,2,2,4,2,2,0.23076923076923078,0.9094848533134681
CHEMBL260231,CHEMBL260231,O=C(Nc1n[nH]c2nc(-c3cccs3)c(Br)cc12)C1CC1,,6.19,1,6.19,6.19,IC50,B,single protein format,single_protein,8,H,2003,,363.2400000000002,3.7974000000000014,70.67,2,4,3,4,3,0.21428571428571427,0.7437309949783781
CHEMBL568937,CHEMBL568937,Cc1cnc(Nc2cccc3c2CCC3)nc1-c1c[nH]c(C(=O)N[C@H](CO)c2cccc(Cl)c2)c1,,6.19,1,6.19,6.19,Ki,B,single protein format,single_protein,8,H,2009,,487.9910000000001,5.1292200000000046,102.93,4,5,7,5,4,0.2222222222222222,0.28920948353737996
CHEMBL5787921,CHEMBL5787921,CN[C@H](C)C(=O)N1CCc2nc(Nc3ncc(F)c(-c4cc(F)c5nc(C)n(C6CC6)c5c4)n3)ccc2C1,,6.18,1,6.18,6.18,IC50,B,single protein format,single_protein,9,D,2020,,518.5720000000002,4.046020000000002,100.86,2,7,6,6,4,0.37037037037037035,0.39727955801002307
CHEMBL5179962,CHEMBL5179962,CNS(=O)(=O)c1ccc(Nc2ncc3c(n2)N([C@@H]2CCC[C@@H](O)C2)C(=O)C32CC2)cc1,,6.18,2,6.17,6.19,IC50,B,cell-based format,cell_based,9,D,2022,,443.52900000000034,1.8099999999999992,124.52000000000001,3,7,5,5,2,0.47619047619047616,0.6436150130018363
CHEMBL455946,CHEMBL455946,NS(=O)(=O)c1ccc(NC(=O)c2n[nH]c3ccccc23)cc1,,6.18,1,6.18,6.18,IC50,B,single protein format,single_protein,8,H,2008,,316.34200000000004,1.4626000000000001,117.94,3,4,3,3,3,0.0,0.6775697728496161
CHEMBL1234089,CHEMBL1234089,N=C(N)NS(=O)(=O)c1ccc(N/C=C2\C(=O)Nc3ccccc32)cc1,,6.18,1,6.18,6.18,IC50,B,single protein format,single_protein,8,H,2001,,357.3950000000001,1.2634699999999994,137.17,5,5,4,3,2,0.0,0.31863937064385944
CHEMBL2035048,CHEMBL2035048,C1=C/COCc2ccc(o2)-c2ccnc(n2)Nc2cccc(c2)COC/1,,6.17,1,6.17,6.17,IC50,B,single protein format,single_protein,8,H,2012,,349.39000000000016,4.0832000000000015,69.41000000000001,1,6,0,4,3,0.2,0.6167678883039786
CHEMBL74680,CHEMBL74680,Clc1cccc(Nc2nccc(-n3cnc4ccccc43)n2)c1,,6.17,1,6.17,6.17,IC50,B,single protein format,single_protein,8,H,2004,,321.771,4.212500000000002,55.63,1,4,3,4,4,0.0,0.6137697250552575
CHEMBL44712,CHEMBL44712,Cc1nc(C)c(-c2ccnc(Nc3cccc(Cl)c3)n2)s1,,6.17,1,6.17,6.17,Ki,B,single protein format,single_protein,8,H,2004,,316.817,4.613940000000001,50.7,1,5,3,3,3,0.13333333333333333,0.7660416819449388
CHEMBL4446626,CHEMBL4446626,Cc1nc2c(F)cc(-c3nc(Nc4ccc5c(n4)CCN(CCN(C)C)C5)ncc3F)cc2n1C1CCCC1,,6.17,1,6.17,6.17,IC50,B,single protein format,single_protein,9,D,2020,,532.6430000000003,5.253320000000005,75.0,1,7,7,6,4,0.4482758620689655,0.3483395417658777
CHEMBL1823655,CHEMBL1823655,O=C(N[C@@H](c1ccc(Cl)c(Cl)c1)C1CNC1)c1ccc2cnccc2c1,,6.17,1,6.17,6.17,IC50,B,single protein format,single_protein,8,H,2011,,386.28200000000015,4.232100000000003,54.02,2,3,4,4,3,0.2,0.705688993222725
CHEMBL4439321,CHEMBL4439321,COc1cc(F)ccc1-c1ncnc(Nc2cccc(C[S@](C)(=N)=O)c2)n1,ATUVECICLIB,6.165,2,6.0,6.33,IC50,B,single protein format,single_protein,9,D,2020;2022,1,387.4400000000001,3.6064700000000007,100.85000000000001,2,7,6,3,3,0.16666666666666666,0.6700796222358171
CHEMBL4744850,CHEMBL4744850,CN(C)C/C=C/C(=O)Nc1ccc(S(=O)(=O)N2CCCC(Nc3ncc(SCc4ncc(C(C)(C)C)o4)s3)C2)cc1,,6.16,1,6.16,6.16,IC50,B,single protein format,single_protein,9,D,2020,,618.8510000000002,5.042400000000004,120.67,2,10,11,4,3,0.4642857142857143,0.2248628176636591
CHEMBL507536,CHEMBL507536,CC(C)(C)c1cnc(CSc2cnc(N)s2)o1,,6.16,1,6.16,6.16,IC50,B,single protein format,single_protein,8,H,2008,,269.395,3.3031000000000015,64.94,1,6,3,2,2,0.45454545454545453,0.8659946718326631
CHEMBL5633539,CHEMBL5633539,NC(=O)c1cccc2[nH]c(NC(=O)c3cccc(C(=O)N4CCC(Nc5ncc(I)cn5)CC4)c3)nc12,,6.16,1,6.16,6.16,IC50,B,single protein format,single_protein,9,D,2023,,610.4159999999999,3.025400000000001,158.98999999999995,4,7,6,5,4,0.2,0.24444341885310886
CHEMBL477863,CHEMBL477863,CCCOc1ccc(CN/C=C2\C(=O)NC(=O)c3ccc(I)cc32)nc1O,,6.16,1,6.16,6.16,IC50,B,single protein format,single_protein,8,H,2009,,479.27400000000006,2.581300000000001,100.55000000000001,3,6,6,3,2,0.21052631578947367,0.3348089058864761
CHEMBL5505818,CHEMBL5505818,CCC(=O)Nc1ccc(CNc2nc(O[C@H]3CCCNC3)nc3c(C(C)C)cnn23)cc1,,6.16,1,6.16,6.16,IC50,B,single protein format,single_protein,9,D,2024,,437.5480000000001,3.339100000000002,105.47,3,7,8,4,3,0.4782608695652174,0.49626859776883797
CHEMBL2163984,CHEMBL2163984,Fc1ccc(Nc2cc(NC3CCCNC3)nc3ccnn23)cc1Cl,,6.16,1,6.16,6.16,IC50,B,single protein format,single_protein,8,H,2012,,360.82399999999996,3.4293000000000013,66.28,3,5,4,4,3,0.29411764705882354,0.6648797348033815
CHEMBL430507,CHEMBL430507,CN(C)CC(O)COc1ccc(Nc2nccc(N(CC#N)c3cc(Cl)ccc3Cl)n2)cc1,,6.16,1,6.16,6.16,IC50,B,single protein format,single_protein,8,H,2003,,487.39100000000025,4.489980000000004,97.54,2,8,10,3,3,0.2608695652173913,0.404077422590028
CHEMBL460746,CHEMBL460746,O=C(NC(=S)Nc1ccc(O)c(-c2nc3ccccc3s2)c1)c1ccc([N+](=O)[O-])cc1,,6.16,1,6.16,6.16,IC50,B,single protein format,single_protein,8,H,2009,,450.50100000000015,4.703900000000003,117.39000000000001,3,7,4,4,4,0.0,0.1784374811518259
CHEMBL3890659,CHEMBL3890659,CCN(CC)C1CCN(C2CCN(c3ccc(Nc4ncc5cc6n(c5n4)C4(CCCCC4)CNC6=O)nc3)CC2)C1,,6.16,1,6.16,6.16,IC50,B,single protein format,single_protein,8,H,2016,,571.7740000000002,4.357600000000002,94.45,2,8,7,7,3,0.625,0.43227677579330565
CHEMBL6056335,CHEMBL6056335,CN(C)C/C=C/C(=O)Nc1ccc(S(=O)(=O)N2CCC[C@@H](Nc3ncc(SCc4ncc(C(C)(C)C)o4)s3)C2)cc1,,6.16,1,6.16,6.16,IC50,B,assay format,other,9,D,2021,,618.8510000000002,5.042400000000004,120.67,2,10,11,4,3,0.4642857142857143,0.2248628176636591
CHEMBL295398,CHEMBL295398,Cc1nc(N)sc1-c1ccnc(Nc2ccc(N(C)C)cc2)n1,,6.16,1,6.16,6.16,Ki,B,single protein format,single_protein,8,H,2004,,326.4290000000001,3.300320000000002,79.96,2,7,4,3,3,0.1875,0.765554418199386
CHEMBL1922121,CHEMBL1922121,CC[C@@H](Nc1nc(NCc2cccnc2)c2ncn(C(C)C)c2n1)C(O)C(C)C,,6.16,1,6.16,6.16,IC50,B,cell-based format,cell_based,9,D,2014,,397.52700000000016,3.6217000000000024,100.78,3,7,9,3,3,0.5238095238095238,0.5067954394255264
CHEMBL4455210,CHEMBL4455210,Cc1nc2c(F)cc(-c3nc(Nc4ccc5c(n4)CCN(CCN(C)C)C5)ncc3F)cc2n1C1CC1,,6.16,1,6.16,6.16,IC50,B,single protein format,single_protein,9,D,2020,,504.58900000000034,4.473120000000003,75.0,1,7,7,6,4,0.4074074074074074,0.3979867330636259
CHEMBL3823030,CHEMBL3823030,Cc1nn(C2CCN(C(=O)[C@@H](C)O)CC2)c(C)c1Nc1ncc(Cl)c(-c2cnn3ccccc23)n1,,6.16,1,6.16,6.16,IC50,B,single protein format,single_protein,9,D,2016,,494.9870000000001,3.5459400000000016,113.47,2,7,5,5,4,0.375,0.4358318387657016
CHEMBL269850,CHEMBL269850,NS(=O)(=O)c1ccc(N/C=C2\C(=O)Nc3ccccc32)cc1,,6.16,1,6.16,6.16,IC50,B,single protein format,single_protein,8,H,2001,,315.35400000000004,1.7391,101.28999999999999,3,4,3,3,2,0.0,0.7508460799020745
CHEMBL111897,CHEMBL111897,COc1ccc(C(=O)Nc2cc(C3CC3)[nH]n2)cc1,,6.15,2,6.15,6.15,IC50,B,single protein format,single_protein,8,H,2008,,257.293,2.548,67.00999999999999,2,3,4,3,2,0.2857142857142857,0.884096636644001
CHEMBL5573816,CHEMBL5573816,CS(=O)(=O)N1CCC(Nc2ncc(C(F)(F)F)c(-c3cnn(CC(F)(F)F)c3)n2)CC1,,6.15,1,6.15,6.15,IC50,B,tissue-based format,other,9,D,2024,,472.41500000000025,2.757100000000001,93.01,1,6,5,3,2,0.5625,0.6732498770179007
CHEMBL5573253,CHEMBL5573253,CN1CCC(n2cc(-c3nc(NC4CCN(S(C)(=O)=O)CC4)ncc3C(F)(F)F)cn2)CC1,,6.15,1,6.15,6.15,IC50,B,tissue-based format,other,9,D,2024,,487.55200000000025,2.461500000000001,96.25,1,7,5,4,2,0.65,0.6921992136593279
CHEMBL1760035,CHEMBL1760035,COc1cc(Nc2nccc(Nc3cnc4ccccc4c3)n2)cc(OC)c1OC,,6.15,1,6.15,6.15,IC50,B,single protein format,single_protein,8,H,2011,,403.44200000000023,4.5378000000000025,90.42000000000002,2,8,7,4,4,0.13636363636363635,0.4648654864455768
CHEMBL5999796,CHEMBL5999796,Cc1nc2c(F)cc(-c3nc(Nc4ccc5c(n4)CCN(C(C)C)C5)ncc3F)cc2n1C1CC1,,6.15,1,6.15,6.15,IC50,B,single protein format,single_protein,9,D,2020,,475.54700000000025,5.319920000000004,71.76000000000002,1,6,5,6,4,0.38461538461538464,0.4212920731205847
CHEMBL5639303,CHEMBL5639303,COc1ccc(-c2ccnc3c(-c4noc(C)n4)c(C)nn23)cc1,,6.15,1,6.15,6.15,IC50,B,single protein format,single_protein,9,D,2023,,321.34,3.071740000000001,78.34,0,6,3,4,4,0.17647058823529413,0.5768447436717221
CHEMBL2035055,CHEMBL2035055,CN1C/C=C/COCc2ccc(s2)-c2ccnc(n2)Nc2ccc(OCCN3CCCC3)c(c2)C1,,6.15,1,6.15,6.15,IC50,B,single protein format,single_protein,8,H,2012,,491.66100000000046,4.941500000000004,62.75000000000001,1,8,4,5,3,0.4074074074074074,0.5187382118494384
CHEMBL5542095,CHEMBL5542095,CC(=O)Nc1ccc(CNc2nc(NC(CO)CO)nc3c(C(C)C)cnn23)cc1,,6.15,1,6.15,6.15,IC50,B,single protein format,single_protein,9,D,2024,,413.4820000000001,1.5832999999999993,136.70000000000002,5,8,9,3,3,0.4,0.35662834234670443
CHEMBL5542710,CHEMBL5542710,CC(=O)Nc1ccc(CNc2nc(NC3CCOCC3)nc3c(C(C)C)cnn23)cc1,,6.15,1,6.15,6.15,IC50,B,single protein format,single_protein,9,D,2024,,423.5210000000002,3.4091000000000014,105.47,3,7,7,4,3,0.45454545454545453,0.5346970311251544
CHEMBL3656841,CHEMBL3656841,COC[C@@H](C)N[C@H]1CC[C@H](Nc2cc(-c3cccc(NCC4(C#N)CCOCC4)n3)c(Cl)cn2)CC1,,6.15,1,6.15,6.15,IC50,B,single protein format,single_protein,9,D,2022,,513.0860000000004,4.876880000000003,104.12,3,8,10,4,2,0.5925925925925926,0.4136232274385792
CHEMBL2436977,CHEMBL2436977,CN1CCN(Cc2ccc(-c3cnc4[nH]cc(-c5cnc6[nH]ccc6c5)c4c3)cc2)CC1,,6.14,1,6.14,6.14,IC50,B,single protein format,single_protein,9,D,2013,,422.5360000000002,4.520600000000003,63.839999999999996,2,4,4,6,5,0.23076923076923078,0.44697585402164364
CHEMBL203569,CHEMBL203569,NS(=O)(=O)c1ccc(Nc2cc(NC3CCCCC3)nc3ncnn23)cc1,,6.14,1,6.14,6.14,IC50,B,single protein format,single_protein,9,D,2006,,387.4690000000001,2.2599,127.3,3,7,5,4,3,0.35294117647058826,0.6125060597085381
CHEMBL5414410,CHEMBL5414410,O=C(Nc1ccc(Cl)c(C(F)(F)F)c1)N1CCN(c2nnc(Cc3ccccc3)c3ccccc23)CC1,,6.14,1,6.14,6.14,IC50,B,single protein format,single_protein,9,D,2022,,525.9620000000002,6.2469000000000054,61.36000000000001,1,4,4,5,4,0.2222222222222222,0.34213005843012323
CHEMBL5197170,CHEMBL5197170,CC(C)n1cc(-c2ccnc3[nH]c(C4CCN(CC(=O)N5CCCCC5)CC4)cc23)ccc1=O,,6.14,1,6.14,6.14,IC50,B,single protein format,single_protein,9,D,2021,,461.61000000000035,4.164400000000003,74.23,1,4,5,5,3,0.5185185185185185,0.6190713791960167
CHEMBL443198,CHEMBL443198,O=C(CO)Nc1c[nH]nc1C(=O)Nc1ccc(F)cc1,,6.14,1,6.14,6.14,IC50,B,single protein format,single_protein,8,H,2008,,278.243,0.7319,107.11000000000001,4,4,4,2,2,0.08333333333333333,0.6609885601309395
CHEMBL3920205,CHEMBL3920205,CC1CCN(C2CCN(c3ccc(Nc4ncc5cc6n(c5n4)C4(CCCCC4)CNC6=O)nc3)CC2)C1,,6.13,1,6.13,6.13,IC50,B,single protein format,single_protein,8,H,2016,,514.6780000000005,4.283300000000003,91.21,2,7,4,7,3,0.5862068965517241,0.536915690751238
CHEMBL3099756,CHEMBL3099756,COC(=O)[C@H](Cc1ccc(O)cc1)NC(=O)c1cc(C(=O)O)c2cc(-c3ccccc3Cl)ccc2n1,,6.13,2,6.1,6.16,Kd;Ki,B,single protein format,single_protein,9,D,2014,,504.9260000000003,4.473100000000003,125.82,3,6,7,4,4,0.1111111111111111,0.31680793392135453
CHEMBL5591779,CHEMBL5591779,CC(=O)N[C@H]1CC[C@H](c2ncc(Cl)c(Nc3ccccc3S(=O)(=O)C(C)C)n2)CC1,,6.13,1,6.13,6.13,IC50,B,single protein format,single_protein,9,D,2024,,450.99200000000025,4.2180000000000035,101.05,2,6,6,3,2,0.47619047619047616,0.6828281058281909
CHEMBL3916385,CHEMBL3916385,CCN(CC)C1CCN(c2ccc(Nc3ncc4cc5n(c4n3)C3(CCCCC3)CNC5=O)nc2)CC1,,6.12,1,6.12,6.12,IC50,B,single protein format,single_protein,8,H,2016,,502.6670000000005,4.283300000000003,91.21,2,7,6,6,3,0.5714285714285714,0.5197698552162565
CHEMBL5273413,CHEMBL5273413,C=CC(=O)Nc1ccc(C(=O)Nc2n[nH]c3ccc(-c4cncc(N[C@H](CO)c5ccccc5)c4)cc23)cc1,,6.12,1,6.12,6.12,IC50,B,single protein format,single_protein,9,D,2022,,518.5770000000002,5.147200000000004,132.03,5,6,9,5,5,0.06666666666666667,0.1715861140514436
CHEMBL5505745,CHEMBL5505745,CCC(=O)Nc1ccc(CNc2nc(NC3CCNCC3)nc3c(C(C)C)cnn23)cc1,,6.12,1,6.12,6.12,IC50,B,single protein format,single_protein,9,D,2024,,436.56400000000014,3.372200000000002,108.27,4,7,8,4,3,0.4782608695652174,0.42866880953845504
CHEMBL448316,CHEMBL448316,O=C(NC1CCNCC1)c1n[nH]cc1NC(=O)c1c(F)cc(F)cc1F,,6.12,1,6.12,6.12,IC50,B,single protein format,single_protein,8,H,2008,,367.3310000000001,1.5610999999999993,98.91,4,4,4,3,2,0.3125,0.6591307593450373
CHEMBL5207871,CHEMBL5207871,CC(C)n1cc(-c2ccnc3[nH]c(C4CCN(CC(=O)N5CCCC5)CC4)cc23)ccc1=O,,6.12,1,6.12,6.12,IC50,B,single protein format,single_protein,9,D,2021,,447.5830000000003,3.774300000000003,74.23,1,4,5,5,3,0.5,0.6460939252308174
CHEMBL3906489,CHEMBL3906489,CCOC(=O)N=S(C)(=O)Cc1cccc(Nc2ncc(F)c(-c3ccc(F)cc3OC)n2)c1,,6.11,1,6.11,6.11,IC50,B,cell-based format,cell_based,8,H,2015,,476.50500000000017,4.928300000000005,102.77,1,7,7,3,3,0.22727272727272727,0.5158112309630238
CHEMBL5177698,CHEMBL5177698,CNc1nc(C(=O)/C=C/c2ccc(OC)cc2)c(C)s1,,6.11,1,6.11,6.11,IC50,B,cell-based format,cell_based,9,D,2021,,288.37199999999996,3.397920000000002,51.22,1,5,5,2,2,0.2,0.6765108033551989
CHEMBL5169515,CHEMBL5169515,C[C@@H]1CCC[C@H]1N1C(=O)C2(CC2)c2cnc(Nc3ccc(S(=O)(=O)NCCO)cc3)nc21,,6.11,1,6.11,6.11,IC50,B,cell-based format,cell_based,9,D,2022,,457.55600000000015,2.0575999999999994,124.52000000000001,3,7,7,5,2,0.5,0.5811735267000022
CHEMBL3655774,CHEMBL3655774,CC[C@H](Nc1nc(NCc2ncccc2C)c2ncn(C(C)C)c2n1)[C@@H](C)O,,6.11,1,6.11,6.11,IC50,B,single protein format,single_protein,9,D,2013,,383.5000000000001,3.294020000000002,100.78,3,7,8,3,3,0.5,0.548531385801924
CHEMBL3892881,CHEMBL3892881,CS(=N)(=O)Cc1cccc(Nc2ncc(F)c(-c3ccc(F)cc3OCc3ccc(F)cc3)n2)c1,,6.11,1,6.11,6.11,IC50,B,cell-based format,cell_based,8,H,2015,,498.5300000000002,6.060070000000004,87.96000000000001,2,6,8,4,4,0.12,0.30835017782377616
CHEMBL2003271,CHEMBL2003271,NC(=O)c1sc2ccc(Cl)c(Cl)c2c1NC(=O)c1ccc(Cl)cc1,,6.1,1,6.1,6.1,Ki,F,assay format,other,8,H,,,399.68600000000004,5.212700000000002,72.19,2,3,3,3,3,0.0,0.6340684500033615
CHEMBL1995592,CHEMBL1995592,Cc1cc(O)ccc1-n1c2cc(Cl)ccc2c(=O)c2c(N)nc(N)nc21,,6.1,1,6.1,6.1,Ki,F,assay format,other,8,H,,,367.79600000000016,2.76572,120.05,3,6,1,4,4,0.05555555555555555,0.44477328682830947
CHEMBL187139,CHEMBL187139,COc1cc(Nc2nccc(-c3cnn4nc(OC)ccc34)n2)cc(C(F)(F)F)c1,,6.1,1,6.1,6.1,Ki,B,single protein format,single_protein,9,D,2004,,416.36300000000006,3.965900000000002,86.46000000000001,1,7,5,4,4,0.15789473684210525,0.5268927702838937
CHEMBL3109955,CHEMBL3109955,Clc1ccccc1Nc1cc2[nH]c(-c3cn[nH]c3)cc2cn1,,6.1,1,6.1,6.1,IC50,B,single protein format,single_protein,9,D,2024,,309.76000000000005,4.350000000000001,69.39,3,3,3,4,4,0.0,0.526711847797894
CHEMBL1998121,CHEMBL1998121,NCCC(C(=O)Nc1ccc2[nH]ncc2c1)c1ccc(Cl)c(Cl)c1,,6.1,1,6.1,6.1,Ki,F,assay format,other,8,H,,,363.24800000000005,3.940800000000002,83.8,3,3,5,3,3,0.17647058823529413,0.6420124761735885
CHEMBL4538174,CHEMBL4538174,C[C@@H](NC(=O)Nc1cc2[nH]ncc2c(CO)n1)c1ccccc1,ERKi,6.1,1,6.1,6.1,IC50,B,single protein format,single_protein,9,D,2021,,311.34499999999997,2.3329000000000004,102.93,4,4,4,3,3,0.1875,0.5934901125570401
CHEMBL2003682,CHEMBL2003682,O=c1cc(-c2ccncc2)nc(NCc2cc(F)cc(F)c2)[nH]1,,6.1,1,6.1,6.1,Ki,F,assay format,other,8,H,,,314.29499999999996,2.7222,70.67,2,4,4,3,3,0.0625,0.7766106321143083
CHEMBL1983932,CHEMBL1983932,COc1ccc2c(NC(=O)Nc3cccc(Br)n3)ccnc2c1,,6.1,1,6.1,6.1,Ki,F,assay format,other,8,H,,,373.2100000000001,4.044900000000002,76.14,2,4,3,3,3,0.0625,0.6796469027745133
CHEMBL1682357,CHEMBL1682357,c1ccc(Cc2cc(-c3ccc4[nH]ncc4c3)on2)cc1,,6.1,1,6.1,6.1,Ki,F,assay format,other,8,H,,,275.311,3.8087000000000018,54.71,1,3,3,4,4,0.058823529411764705,0.618262074619897
CHEMBL1983025,CHEMBL1983025,CCC(N)(C#Cc1cnc(N)c2c(-c3ccc(NC(=O)Nc4cccc(C)c4)cc3)csc12)CC,,6.1,1,6.1,6.1,Ki,F,assay format,other,8,H,,,483.6410000000002,6.366920000000004,106.06,4,5,5,4,4,0.21428571428571427,0.24757136474048366
CHEMBL83980,CHEMBL83980,CC(C)n1cnc2c(NCc3ccccc3)nc(NCCCO)nc21,BOHEMINE,6.1,1,6.1,6.1,IC50,B,single protein format,single_protein,9,D,2000,,340.43100000000015,2.8136000000000005,87.89,3,6,8,3,3,0.3888888888888889,0.5466156280785328
CHEMBL1800218,CHEMBL1800218,Nc1nccc(-c2cc(N3CCOCC3)ccc2O)n1,,6.1,1,6.1,6.1,IC50,B,single protein format,single_protein,8,H,2011,,272.30799999999994,1.268,84.5,2,6,2,3,2,0.2857142857142857,0.8560676819261599
CHEMBL2007296,CHEMBL2007296,CCCOc1cccc(C(C)NC(=O)c2ccc(-c3ccncc3)cc2)c1,,6.1,1,6.1,6.1,Ki,F,assay format,other,8,H,,,360.457,5.028400000000004,51.22,1,3,7,3,3,0.21739130434782608,0.642898008995056
CHEMBL5555640,CHEMBL5555640,CCC(=O)Nc1ccc(CNc2nc(NC3CCN(C)CC3)nc3c(C(C)C)cnn23)cc1,,6.1,1,6.1,6.1,IC50,B,single protein format,single_protein,9,D,2024,,450.5910000000002,3.714400000000002,99.47999999999999,3,7,8,4,3,0.5,0.4809834793261187
CHEMBL5276424,CHEMBL5276424,O=C(Nc1n[nH]c2ccc(-c3cncc(NC[C@@H](O)c4ccccc4)c3)cc12)c1ccccc1,,6.1,1,6.1,6.1,IC50,B,single protein format,single_protein,9,D,2022,,449.5140000000001,5.022700000000003,102.93,4,5,7,5,5,0.07407407407407407,0.27930259087581594
CHEMBL513846,CHEMBL513846,Cc1nc2ccccn2c1-c1csc(Nc2ccc(O)cc2)n1,,6.1,1,6.1,6.1,Ki,F,assay format,other,8,H,,,322.39300000000003,4.215420000000002,62.45,2,5,3,4,4,0.058823529411764705,0.5545149987271781
CHEMBL220241,CHEMBL220241,CCn1c(-c2nonc2N)nc2cnc(Oc3cccc(NC(=O)c4ccc(OCCN5CCOCC5)cc4)c3)cc21,GSK-269962A,6.1,1,6.1,6.1,Ki,F,assay format,other,8,H,,,570.6100000000005,3.839000000000003,155.68,2,11,10,6,5,0.27586206896551724,0.2514867782064568
CHEMBL3897592,CHEMBL3897592,C[C@@H](O)CN1CCN(c2ccc(Nc3ncc4cc5n(c4n3)C3(CCCC3)CNC5=O)nc2)C[C@@H]1C,,6.1,1,6.1,6.1,IC50,B,single protein format,single_protein,8,H,2016,,490.6120000000004,2.4738999999999995,111.44000000000001,3,8,5,6,3,0.5384615384615384,0.5002824040139425
CHEMBL1970104,CHEMBL1970104,CC(C)(C)c1ccc2nc(-c3n[nH]c4ccccc34)[nH]c2c1,,6.1,2,6.1,6.1,Ki,F,assay format,other,8,H,,,290.37,4.403700000000003,57.36,2,2,1,4,4,0.2222222222222222,0.5454977800749662
CHEMBL46429,CHEMBL46429,CNc1nc(C)c(-c2ccnc(Nc3cccc([N+](=O)[O-])c3)n2)s1,,6.1,1,6.1,6.1,Ki,B,single protein format,single_protein,8,H,2004,,342.38400000000007,3.602020000000002,105.87,2,8,5,3,3,0.13333333333333333,0.5387156230536
CHEMBL2007002,CHEMBL2007002,COc1cc(-c2ccc3[nH]nc(C(=O)Nc4ccccc4)c3c2)ccc1O,,6.1,1,6.1,6.1,Ki,F,assay format,other,8,H,,,359.38500000000005,4.196400000000002,87.24,3,4,4,4,4,0.047619047619047616,0.5096324649749834
CHEMBL210618,CHEMBL210618,CCOc1nc(NC(=O)Cc2cc(OC)ccc2OC)cc(N)c1C#N,,6.095,2,6.09,6.1,Ki,B;F,assay format;single protein format,mixed,8;9,D;H,2006,,356.3820000000001,2.13258,119.49000000000001,2,7,7,2,2,0.2777777777777778,0.779550881544171
CHEMBL186396,CHEMBL186396,CN1CCN(CCOc2cc(F)c(C(=O)c3c(N)nc4ccc(C(=O)c5c(Cl)cccc5Cl)cn34)c(F)c2)CC1,,6.09,1,6.09,6.09,IC50,B,single protein format,single_protein,8,H,2004,,588.442,4.589700000000003,93.16999999999999,1,7,8,5,4,0.25,0.30129734084127635
CHEMBL5268968,CHEMBL5268968,O=C(Nc1n[nH]c2ccc(-c3cncc(NC[C@@H](CO)c4ccccc4)c3)cc12)c1ccccc1,,6.09,1,6.09,6.09,IC50,B,single protein format,single_protein,9,D,2022,,463.5410000000001,5.0652000000000035,102.93,4,5,8,5,5,0.10714285714285714,0.2574328510623289
CHEMBL3298311,CHEMBL3298311,C[C@@H](CO)Nc1ncc2c(n1)CN(C(=O)N[C@H](C)c1ccc(C(F)(F)F)c(F)c1)CC2,,6.09,1,6.09,6.09,IC50,B,single protein format,single_protein,9,D,2014,,441.42900000000014,3.2561000000000018,90.38,3,5,5,3,2,0.45,0.6201004577884162
CHEMBL551258,CHEMBL551258,Clc1ccc(OCc2nnc3sc(SSc4nn5c(COc6ccc(Cl)cc6)nnc5s4)nn23)cc1,,6.09,1,6.09,6.09,IC50,B,single protein format,single_protein,8,H,2009,,595.5440000000001,5.949200000000003,104.62,0,12,9,6,6,0.1,0.18634124304354005
CHEMBL5527848,CHEMBL5527848,CC(C)c1cnn2c(NCc3ccc(NC(=O)C4(F)CC4)cc3)nc(NC3CCOCC3)nc12,,6.09,1,6.09,6.09,IC50,B,single protein format,single_protein,9,D,2024,,467.5490000000003,3.891300000000003,105.47,3,7,8,5,3,0.5,0.46151765726639227
CHEMBL5569109,CHEMBL5569109,CS(=O)(=O)N1CCC(Nc2ncc(C(F)(F)F)c(-c3cnn(-c4ccccc4Cl)c3)n2)CC1,,6.08,1,6.08,6.08,IC50,B,tissue-based format,other,9,D,2024,,500.93400000000025,3.8374000000000024,93.01,1,6,5,4,3,0.35,0.571978978416316
CHEMBL3655766,CHEMBL3655766,CC[C@H](Nc1nc(NCc2cccnc2)c2ncn(CC3CC3)c2n1)[C@@H](C)O,,6.08,1,6.08,6.08,IC50,B,single protein format,single_protein,9,D,2013,,381.4840000000002,2.8147000000000015,100.78,3,7,9,4,3,0.5,0.5238199451395357
CHEMBL2148124,CHEMBL2148124,CCN1CCN(Cc2ccc(NC(=O)c3cccc(-c4ccc5nc(NC(=O)C6CC6)sc5n4)c3)cc2C(F)(F)F)CC1,,6.08,1,6.08,6.08,Kd,B,single protein format,single_protein,9,D,2014,,608.6900000000003,6.1154000000000055,90.46,2,7,8,6,4,0.3548387096774194,0.2508073916805219
CHEMBL5288241,CHEMBL5288241,C=CC(=O)Nc1ccc(C(=O)Nc2n[nH]c3ccc(-c4cncc(NC[C@@H](O)c5ccccc5)c4)cc23)cc1,,6.08,1,6.08,6.08,IC50,B,single protein format,single_protein,9,D,2022,,518.5770000000002,5.147200000000004,132.03,5,6,9,5,5,0.06666666666666667,0.1715861140514436
CHEMBL5089164,CHEMBL5089164,Cn1ccc2cc(Nc3ncc(C(F)(F)F)c(N[C@H]4CC[C@@H](N)CC4)n3)ccc2c1=O,,6.08,1,6.08,6.08,IC50,B,single protein format,single_protein,9,D,2022,,432.4500000000003,3.7727000000000013,97.86000000000001,3,6,4,4,3,0.38095238095238093,0.58067484742337
CHEMBL3822962,CHEMBL3822962,CCc1c(Nc2ncc(Cl)c(-c3cnn4ccccc34)n2)cnn1C1CCN(C(C)=O)CC1,,6.08,1,6.08,6.08,IC50,B,single protein format,single_protein,9,D,2016,,464.9610000000003,4.130600000000003,93.24000000000001,1,6,5,5,4,0.34782608695652173,0.47698058959706885
CHEMBL5401267,CHEMBL5401267,CS(=O)(=O)N1CCc2cc(Nc3ncc(C(F)(F)F)c(NCCCN)n3)ccc2C1,,6.08,1,6.08,6.08,IC50,B,single protein format,single_protein,9,D,2024,,444.4830000000003,2.3174,113.24,3,7,7,3,2,0.4444444444444444,0.5618797440392734
CHEMBL5092606,CHEMBL5092606,CN(C)C(=O)c1ccc(Nc2ncc(C(F)(F)F)c(N[C@H]3CC[C@@H](N)CC3)n2)cc1,,6.08,1,6.08,6.08,IC50,B,single protein format,single_protein,9,D,2022,,422.4550000000002,3.622600000000001,96.17,3,6,5,3,2,0.45,0.6811721245478705
CHEMBL5196783,CHEMBL5196783,CCCn1cc(/C=N/N=C2\C(=O)Nc3ccc(C)cc32)c2ccccc21,,6.07,1,6.07,6.07,IC50,B,single protein format,single_protein,9,D,2021,,344.41800000000006,4.135020000000003,58.75,1,3,4,4,3,0.19047619047619047,0.5612155627366041
CHEMBL583042,CHEMBL583042,Cc1cnc(Nc2ccc(F)cc2Cl)nc1-c1c[nH]c(C(=O)N[C@H](CO)c2cccc(Cl)c2)c1,,6.07,2,6.07,6.07,Ki,B,single protein format,single_protein,8;9,D;H,2009;2024,,500.3610000000001,5.4330200000000035,102.93,4,5,7,4,4,0.125,0.2710147819574178
CHEMBL456163,CHEMBL456163,CC(=O)Nc1c[nH]nc1C(=O)Nc1ccc(F)cc1,,6.07,1,6.07,6.07,IC50,B,single protein format,single_protein,8,H,2008,,262.24399999999997,1.7594999999999996,86.88,3,3,3,2,2,0.08333333333333333,0.7872357154987847
CHEMBL5416999,CHEMBL5416999,COc1ccc2cc1COC/C=C/COCc1cccc(c1)-c1ccnc(n1)N2,,6.07,1,6.07,6.07,IC50,B,single protein format,single_protein,9,D,2024,,389.45500000000004,4.498800000000003,65.5,1,6,1,4,3,0.21739130434782608,0.6184423774882238
CHEMBL1630110,CHEMBL1630110,O=C(/C=C/c1ccc(-c2ccc3ncnc(Nc4ccc(OCc5cccc(F)c5)c(Cl)c4)c3c2)cc1)NO,,6.07,1,6.07,6.07,IC50,B,single protein format,single_protein,8,H,2010,,540.9820000000003,6.930500000000004,96.37,3,6,8,5,5,0.03333333333333333,0.11212570380832998
CHEMBL1630114,CHEMBL1630114,Nc1ccccc1NC(=O)/C=C/c1cccc(-c2ccc3ncnc(Nc4ccc(OCc5cccc(F)c5)c(Cl)c4)c3c2)c1,,6.07,1,6.07,6.07,IC50,B,single protein format,single_protein,8,H,2010,,616.0960000000002,8.645999999999999,102.16,3,6,9,6,6,0.027777777777777776,0.11110450345870104
CHEMBL329040,CHEMBL329040,NS(=O)(=O)c1cccc(Nc2cc(-c3ccc(F)cc3)n[nH]2)c1,,6.06,1,6.06,6.06,IC50,B,single protein format,single_protein,8,H,2003,,332.36,2.6068000000000007,100.87,3,4,4,3,3,0.0,0.6833441891049729
CHEMBL489245,CHEMBL489245,COc1ccc(CN/C=C2\C(=O)NC(=O)c3ccc(I)cc32)cc1O,,6.06,1,6.06,6.06,IC50,B,single protein format,single_protein,8,H,2009,,450.2320000000001,2.406100000000001,87.66000000000001,3,5,4,3,2,0.1111111111111111,0.3785977500868496
CHEMBL189440,CHEMBL189440,N#C/C=C(\c1ccc2nc(N)c(C(=O)c3c(F)cccc3F)n2c1)c1c(F)cccc1F,,6.05,1,6.05,6.05,IC50,B,single protein format,single_protein,8,H,2004,,436.36800000000005,4.659180000000002,84.18,1,4,4,4,4,0.0,0.28657421198349087
CHEMBL3099757,CHEMBL3099757,COC(=O)[C@H](Cc1ccc(O)cc1)NC(=O)c1cc(C(=O)O)c2cc(-c3ccc(Cl)cc3)ccc2n1,,6.05,2,6.05,6.05,Kd;Ki,B,single protein format,single_protein,9,D,2014,,504.9260000000003,4.473100000000003,125.82,3,6,7,4,4,0.1111111111111111,0.31680793392135453
CHEMBL1801932,CHEMBL1801932,CC(C)c1cnn2c(NCc3ccccc3)cc(NCCCCCCN)nc12,,6.05,1,6.05,6.05,IC50,B,single protein format,single_protein,9,D,2019,,380.5400000000003,4.395800000000003,80.27,3,5,11,3,3,0.45454545454545453,0.4297924314874813
CHEMBL384356,CHEMBL384356,CCCC(=O)N1CCC(Nc2ncc(C(=O)c3ccccc3OC)c(N)n2)CC1,,6.05,1,6.05,6.05,Ki,B,single protein format,single_protein,9,D,2006,,397.4790000000002,2.5014000000000003,110.44,2,7,7,3,2,0.42857142857142855,0.6906928110890488
CHEMBL315837,CHEMBL315837,CC(C)n1cnc2c(NC3CCCC3)nc(NCCCO)nc21,,6.05,1,6.05,6.05,IC50,B,single protein format,single_protein,9,D,2000,,318.42500000000007,2.5560000000000005,87.89,3,6,7,3,2,0.6875,0.6800709978395025
CHEMBL3673435,CHEMBL3673435,COc1cc(F)ccc1-c1ccnc(NC(=O)C2CCC(NC(C)=O)C2)c1,,6.04,1,6.04,6.04,IC50,B,single protein format,single_protein,9,D,2015,,371.4120000000002,3.1396000000000006,80.32,2,4,5,3,2,0.35,0.8461725620285844
CHEMBL5434594,CHEMBL5434594,Cc1ccc2c(CCNc3ccc([N+](=O)[O-])cc3C(=O)O)cn(C)c2c1,,6.04,1,6.04,6.04,IC50,B,single protein format,single_protein,9,D,2023,,353.3780000000001,3.747720000000002,97.4,2,4,6,3,3,0.21052631578947367,0.5194787416517564
CHEMBL3918318,CHEMBL3918318,C[C@H]1CN(c2ccc(Nc3ncc4cc5n(c4n3)C3(CCCCC3)CNC5=O)nc2)CCN1,,6.04,1,6.04,6.04,IC50,B,single protein format,single_protein,8,H,2016,,446.55900000000037,2.7708000000000004,100.00000000000001,3,7,3,6,3,0.5,0.5688313209492473
CHEMBL1630109,CHEMBL1630109,O=C(/C=C/c1cccc(-c2ccc3ncnc(Nc4ccc(OCc5cccc(F)c5)c(Cl)c4)c3c2)c1)NO,,6.04,1,6.04,6.04,IC50,B,single protein format,single_protein,8,H,2010,,540.9820000000003,6.930500000000004,96.37,3,6,8,5,5,0.03333333333333333,0.11212570380832998
CHEMBL3651854,CHEMBL3651854,Cc1cc(Nc2nc(Nc3ccccc3S(=O)(=O)C(C)C)c3c(C)[nH]nc3n2)c(OC(C)C)cc1C1CCN(C)CC1,,6.04,1,6.04,6.04,IC50,B,single protein format,single_protein,9,D,2016,,591.782,6.235440000000006,125.13,3,9,9,5,4,0.45161290322580644,0.2075001880186004
CHEMBL5286683,CHEMBL5286683,C=CC(=O)Nc1ccc(C(=O)Nc2n[nH]c3ccc(-c4cncc(NC[C@H](O)c5ccccc5)c4)cc23)cc1,,6.04,1,6.04,6.04,IC50,B,single protein format,single_protein,9,D,2022,,518.5770000000002,5.147200000000004,132.03,5,6,9,5,5,0.06666666666666667,0.1715861140514436
CHEMBL5413829,CHEMBL5413829,O=C(O)c1cc(OC(F)(F)F)ccc1NCCc1c[nH]c2ccccc12,,6.03,1,6.03,6.03,IC50,B,single protein format,single_protein,9,D,2023,,364.32300000000004,4.419300000000002,74.35,3,3,6,3,3,0.16666666666666666,0.605339444974516
CHEMBL1800461,CHEMBL1800461,Nc1nc(-c2cc(N3C[C@H](O)[C@@H](O)C3)ccc2O)cc(N2CCOCC2)n1,,6.03,1,6.03,6.03,IC50,B,single protein format,single_protein,8,H,2011,,373.41300000000024,-0.19020000000000037,128.2,4,9,3,4,2,0.4444444444444444,0.5785064099225777
CHEMBL3896841,CHEMBL3896841,CC(C)(O)CN1CCN(c2ccc(Nc3ncc4cc5n(c4n3)C3(CCCC3)CNC5=O)nc2)CC1,,6.03,1,6.03,6.03,IC50,B,single protein format,single_protein,8,H,2016,,490.6120000000005,2.4755000000000003,111.44000000000001,3,8,5,6,3,0.5384615384615384,0.5002867007410997
CHEMBL3099754,CHEMBL3099754,COC(=O)[C@H](Cc1ccc(O)cc1)NC(=O)c1cc(C(=O)O)c2cc(-c3cccs3)ccc2n1,,6.025,2,6.0,6.05,Kd;Ki,B,single protein format,single_protein,9,D,2014,,476.5100000000002,3.8812000000000015,125.82,3,7,7,4,4,0.12,0.3456569560497788
CHEMBL515631,CHEMBL515631,CCCOc1cnc(CN/C=C2\C(=O)NC(=O)c3ccc(C(C)(C)C)cc32)cc1O,,6.02,1,6.02,6.02,IC50,B,single protein format,single_protein,8,H,2009,,409.48600000000016,3.2742000000000027,100.55,3,6,6,3,2,0.34782608695652173,0.5000936143730536
CHEMBL5589612,CHEMBL5589612,CO[C@@]1(C)[C@H](O)C(=O)C(C)=C2OC(=O)c3c(C)cc(O)c(C)c3O[C@@H]21,,6.02,3,6.0,6.19,IC50,B,cell-based format,cell_based,9,D,2024,,348.35100000000006,1.5495400000000001,102.29000000000002,2,7,1,3,1,0.4444444444444444,0.7423881192441742
CHEMBL193287,CHEMBL193287,N[C@H](C(=O)Nc1cc(C2CC2)[nH]n1)c1ccccc1,,6.02,2,6.02,6.02,IC50,B,single protein format,single_protein,8,H,2008,,256.30899999999997,1.9255999999999993,83.8,3,3,4,3,2,0.2857142857142857,0.7810870985955842
CHEMBL3125732,CHEMBL3125732,COc1ccc(-c2nc3cc(-c4csc(C(N)=O)c4)cnc3[nH]2)cc1,,6.01,1,6.01,6.01,IC50,B,single protein format,single_protein,9,D,2014,,350.403,3.4609000000000014,93.89000000000001,2,5,4,4,4,0.05555555555555555,0.5891997656990234
CHEMBL187969,CHEMBL187969,CN(C)CCOc1cc(F)c(C(=O)c2c(N)nc3ccc(C(=O)c4c(Cl)cccc4Cl)cn23)c(F)c1,,6.01,1,6.01,6.01,IC50,B,single protein format,single_protein,8,H,2004,,533.3620000000002,4.903900000000004,89.93,1,6,8,4,4,0.16,0.32426872907356813
CHEMBL3109953,CHEMBL3109953,COc1ccccc1Nc1cc2[nH]c(-c3cn[nH]c3)cc2cn1,,6.01,1,6.01,6.01,IC50,B,single protein format,single_protein,9,D,2024,,305.34100000000007,3.7052000000000005,78.61999999999999,3,4,4,4,4,0.058823529411764705,0.536889292679072
CHEMBL1682360,CHEMBL1682360,c1cc2[nH]ncc2cc1-c1cc(CN2CCCCC2)no1,,6.0,1,6.0,6.0,Ki,F,assay format,other,8,H,,,282.3469999999999,3.203800000000001,57.95,1,4,3,4,3,0.375,0.8011159154087031
CHEMBL5283398,CHEMBL5283398,CN(C)CCCNC(=O)Cc1cccc(Nc2nc(OCC3CCCCC3)c3nc[nH]c3n2)c1,,6.0,1,6.0,6.0,IC50,B,single protein format,single_protein,9,D,2018,,465.6020000000004,3.666000000000002,108.06000000000002,3,7,11,4,3,0.52,0.3709033159774418
CHEMBL1992231,CHEMBL1992231,O=C(O)c1ccccc1Nc1ncnc(Nc2ccc(F)cc2)n1,,6.0,1,6.0,6.0,Ki,F,assay format,other,8,H,,,325.303,3.1961000000000004,100.03,3,6,5,3,3,0.0,0.6620503325149644
CHEMBL1990541,CHEMBL1990541,CCOC(=O)c1c(NC(=O)C2C(C)(C)C2(C)C)sc2cnccc12,,6.0,1,6.0,6.0,Ki,F,assay format,other,8,H,,,346.45200000000006,4.093700000000004,68.28999999999999,1,5,4,3,2,0.5,0.8466190151155244
CHEMBL1964777,CHEMBL1964777,NC(=O)c1cc2c(Oc3cccc(F)c3)cncc2s1,,6.0,1,6.0,6.0,Ki,F,assay format,other,8,H,,,288.303,3.326600000000001,65.21000000000001,1,4,3,3,3,0.0,0.8035981557568098
CHEMBL333382,CHEMBL333382,O=C(Nc1cc(C2CCCCC2)[nH]n1)c1ccc(Br)cc1,,6.0,1,6.0,6.0,IC50,B,single protein format,single_protein,8,H,2008,,348.24399999999997,4.472200000000003,57.78,2,2,3,3,2,0.375,0.8596911466886066
CHEMBL3972093,CHEMBL3972093,CC1CN(c2ccc(Nc3ncc4cc5n(c4n3)C3(CCCC3)CNC5=O)nc2)CCN1CC1CC1,,6.0,1,6.0,6.0,IC50,B,single protein format,single_protein,8,H,2016,,486.6240000000005,3.5031000000000025,91.21000000000001,2,7,5,7,3,0.5555555555555556,0.5703488016571313
CHEMBL1966069,CHEMBL1966069,c1ccc2c(c1)nnn2Cc1cn(-c2ccc3[nH]ncc3c2)nn1,,6.0,1,6.0,6.0,Ki,F,assay format,other,8,H,,,316.32800000000003,1.9365999999999992,90.1,1,5,3,5,5,0.0625,0.549131708894013
CHEMBL1989136,CHEMBL1989136,O=C1Nc2ccccc2Nc2cc(-c3ccncc3)ccc21,,6.0,1,6.0,6.0,Ki,F,assay format,other,8,H,,,287.322,4.057900000000002,54.02,2,3,1,4,3,0.0,0.7093882810973923
CHEMBL3961115,CHEMBL3961115,CCOCCN1CCN(c2ccc(Nc3ncc4cc5n(c4n3)C3(CCCC3)CNC5=O)nc2)CC1,,6.0,1,6.0,6.0,IC50,B,single protein format,single_protein,8,H,2016,,490.6120000000005,2.7411000000000003,100.44000000000001,2,8,7,6,3,0.5384615384615384,0.4879227227874325
CHEMBL504155,CHEMBL504155,CC(=O)Nc1c[nH]nc1-c1nc2ccccc2[nH]1,,6.0,1,6.0,6.0,IC50,B,single protein format,single_protein,8,H,2009,,241.25400000000002,1.9113999999999995,86.46000000000001,3,3,2,3,3,0.08333333333333333,0.6401346372774073
CHEMBL1969664,CHEMBL1969664,N#Cc1ccc2[nH]c(O)c(-c3ccc(CN4CCOCC4)cn3)c2c1,AZD-1080,6.0,1,6.0,6.0,Ki,F,assay format,other,8,H,,1,334.3790000000001,2.639380000000001,85.17,2,5,3,4,3,0.2631578947368421,0.768976962384502
CHEMBL340259,CHEMBL340259,O=C1NC(=O)C2=C1c1cn(c3ccccc13)CCOCCOCCOCCn1cc2c2ccccc21,INDOLYLYLMALEIMIDE 2,6.0,1,6.0,6.0,IC50,B,single protein format,single_protein,9,D,2003,,485.54000000000036,3.226600000000002,83.72,1,5,0,6,4,0.2857142857142857,0.3868996966453111
CHEMBL114577,CHEMBL114577,O=C(Nc1cc(C2CC2)[nH]n1)c1cccc(Br)c1,,6.0,2,6.0,6.0,IC50,B,single protein format,single_protein,8,H,2008,,306.163,3.3019000000000016,57.78,2,2,3,3,2,0.23076923076923078,0.9138238640963621
CHEMBL3906916,CHEMBL3906916,C[C@@H]1CN(c2ccc(Nc3ncc4cc5n(c4n3)C3(CCCCC3)CNC5=O)nc2)C[C@H](C)N1,,6.0,1,6.0,6.0,IC50,B,single protein format,single_protein,8,H,2016,,460.58600000000035,3.159300000000001,100.00000000000001,3,7,3,6,3,0.52,0.5520456436232039
CHEMBL1984274,CHEMBL1984274,O=C1C(=NNc2cccc3c(=O)[nH][nH]c(=O)c23)C(c2ccccc2)=NN1c1ccccc1,,6.0,1,6.0,6.0,Ki,F,assay format,other,8,H,,,424.42,2.4354000000000005,122.77999999999997,3,6,4,5,4,0.0,0.43552488049197524
CHEMBL1977814,CHEMBL1977814,Cc1nn(C)c2c1c(=O)c1cc(Cl)ccc1n2OCC(C)C,,6.0,1,6.0,6.0,Ki,F,assay format,other,8,H,,,319.7920000000001,2.9346200000000016,49.05,0,3,3,3,3,0.375,0.7455066199463447
CHEMBL326310,CHEMBL326310,O=C(Nc1cc(C2CC2)[nH]n1)c1cccc(Cl)c1,,6.0,2,6.0,6.0,IC50,B,single protein format,single_protein,8,H,2008,,261.712,3.192800000000001,57.78,2,2,3,3,2,0.23076923076923078,0.8914391314582907
CHEMBL101810,CHEMBL101810,CN(C)CC(O)COc1ccc(Nc2nccc(Nc3cc(C(F)(F)F)ccc3F)n2)cc1,,6.0,1,6.0,6.0,IC50,B,single protein format,single_protein,8,H,2003,,465.4510000000001,4.423000000000003,82.54,3,7,9,3,3,0.2727272727272727,0.40368993611753656
CHEMBL101311,CHEMBL101311,CN(C)CC(O)COc1ccc(Nc2nccc(Nc3cc(Cl)ccc3Cl)n2)cc1,,6.0,1,6.0,6.0,IC50,B,single protein format,single_protein,8,H,2003,,448.3540000000001,4.571900000000003,82.54,3,7,9,3,3,0.23809523809523808,0.4424050097235205
CHEMBL1964248,CHEMBL1964248,CN(C)CCNS(=O)(=O)c1ccc(N/C=C2\C(=O)Nc3ccccc32)cc1,,6.0,1,6.0,6.0,IC50,B,single protein format,single_protein,8,H,2001,,386.4770000000001,1.9315999999999993,90.54,3,5,7,3,2,0.21052631578947367,0.6328429255363591
CHEMBL115446,CHEMBL115446,O=C(Nc1cc(C2CC2)[nH]n1)c1ccccc1Cl,,6.0,1,6.0,6.0,IC50,B,single protein format,single_protein,8,H,2008,,261.712,3.192800000000001,57.78,2,2,3,3,2,0.23076923076923078,0.8914391314582907
CHEMBL1992740,CHEMBL1992740,CCN1CCN(CCCC(=O)Nc2n[nH]c3nnc(-c4cccc(F)c4F)cc23)CC1,,6.0,1,6.0,6.0,Ki,F,assay format,other,8,H,,,429.47500000000025,2.6543,90.03999999999999,2,6,7,4,3,0.42857142857142855,0.6002763863443701
CHEMBL4088216,CHEMBL4088216,CN1C(=O)[C@@H](N2CCc3cn(Cc4ccccc4)nc3C2=O)COc2ccccc21,TP-030-1,6.0,1,6.0,6.0,IC50,B,single protein format,single_protein,9,D,2021,,402.45400000000024,2.353699999999999,67.67,0,4,3,5,3,0.2608695652173913,0.6745825305125924
CHEMBL513330,CHEMBL513330,Clc1ccc(CNc2nccc(-c3cnn4ncccc34)n2)cc1,GW781673X,6.0,1,6.0,6.0,IC50,B,single protein format,single_protein,9,D,2008,,336.78600000000006,3.4518000000000004,68.0,1,5,4,4,4,0.058823529411764705,0.6178864349220644
CHEMBL2006276,CHEMBL2006276,COc1cccc2c1Nc1cc(Nc3ccncc3)ccc1C(=O)N2,,6.0,1,6.0,6.0,Ki,F,assay format,other,8,H,,,332.36300000000006,4.143100000000001,75.28,3,5,3,4,3,0.05263157894736842,0.6718559342328575
CHEMBL2002992,CHEMBL2002992,CC(N)C1CCC(C(=O)Nc2ccnc3[nH]ccc23)CC1,,6.0,1,6.0,6.0,Ki,F,assay format,other,8,H,,,286.37900000000013,2.655000000000001,83.80000000000001,3,3,3,3,2,0.5,0.8107077911896503
CHEMBL191845,CHEMBL191845,O=C1NC2C=CC=CC2/C1=C/Nc1ccc(S(=O)(=O)Nc2nccs2)cc1,,6.0,1,6.0,6.0,IC50,B,single protein format,single_protein,8,H,2005,,400.48500000000007,2.4803000000000006,100.19000000000001,3,6,5,4,2,0.1111111111111111,0.6697632222113664
CHEMBL1922122,CHEMBL1922122,CC[C@@H](Nc1nc(NCc2cccnc2)c2ncn(C(C)C)c2n1)C(O)C(C)(C)C,,6.0,1,6.0,6.0,IC50,B,cell-based format,cell_based,9,D,2014,,411.5540000000002,4.011800000000003,100.78,3,7,8,3,3,0.5454545454545454,0.5146689261295989
CHEMBL101119,CHEMBL101119,CN(C)CC(O)COc1ccc(Nc2cc(N(CC#N)c3cc(Cl)ccc3Cl)ncn2)cc1,,6.0,1,6.0,6.0,IC50,B,single protein format,single_protein,8,H,2003,,487.3910000000002,4.489980000000004,97.54,2,8,10,3,3,0.2608695652173913,0.404077422590028
CHEMBL1996791,CHEMBL1996791,Nc1ncnc2c1c(I)nn2C1CCC(O)CC1,,6.0,1,6.0,6.0,Ki,F,assay format,other,8,H,,,359.17100000000016,1.4891,89.85000000000001,2,5,1,3,2,0.5454545454545454,0.7534017327276684
CHEMBL4097778,CHEMBL4097778,CN1C(=O)[C@@H](N2CCc3cn(CC4CCS(=O)(=O)CC4)nc3C2=O)COc2ccccc21,TP-030n,6.0,1,6.0,6.0,IC50,B,single protein format,single_protein,9,D,2021,,458.5400000000003,1.1301999999999994,101.81000000000002,0,6,3,5,2,0.5,0.683445922436075
CHEMBL127907,CHEMBL127907,COc1cc2ncnc(Nc3cccc(O)c3)c2cc1OC,,6.0,1,6.0,6.0,IC50,B,single protein format,single_protein,8,H,2007,,297.3140000000001,3.0962000000000014,76.50000000000001,2,6,4,3,3,0.125,0.7703386054174645
CHEMBL4073198,CHEMBL4073198,COCCn1cc(NC(=O)c2csc(-c3nncn3C(C)C)n2)cn1,,6.0,1,6.0,6.0,IC50,B,single protein format,single_protein,9,D,2017,,361.43100000000004,2.0777,99.75,1,7,7,3,3,0.4,0.6914761827097196
CHEMBL446024,CHEMBL446024,FC(F)(F)CNc1nccc(-c2cnn3ncccc23)n1,GW683003X,6.0,1,6.0,6.0,IC50,B,single protein format,single_protein,9,D,2008,,294.24000000000007,2.160499999999999,68.0,1,5,3,3,3,0.16666666666666666,0.8014341496770114
CHEMBL1996447,CHEMBL1996447,CCCCOc1cc(-c2ccncc2)cc2[nH]nc(N)c12,,6.0,1,6.0,6.0,Ki,F,assay format,other,8,H,,,282.34700000000004,3.386,76.82,2,4,5,3,3,0.25,0.7031777633210534
CHEMBL1234088,CHEMBL1234088,O=C1Nc2ccccc2/C1=C/Nc1ccc(S(=O)(=O)Nc2nccs2)cc1,,6.0,1,6.0,6.0,IC50,B,single protein format,single_protein,8,H,2001,,398.46900000000005,3.349000000000001,100.19000000000001,3,6,5,4,3,0.0,0.5724703553520264
CHEMBL1994538,CHEMBL1994538,O=C(Nc1cnccn1)Nc1ccnc2c(C(F)(F)F)cccc12,,6.0,1,6.0,6.0,Ki,F,assay format,other,8,H,,,333.273,3.6876000000000007,79.8,2,4,2,3,3,0.06666666666666667,0.7494762486169588
CHEMBL122264,CHEMBL122264,c1ccc(Nc2nc(OCC3CCCCC3)c3[nH]cnc3n2)cc1,,6.0,1,6.0,6.0,IC50,B,single protein format,single_protein,9,D,2009,,323.4,4.055600000000003,75.72,2,5,5,4,3,0.3888888888888889,0.7404207102639435
CHEMBL271673,CHEMBL1206416,Nc1c(S(=O)(=O)O)cc(Nc2ccc(Cl)cc2)c2c1C(=O)c1ccccc1C2=O,,6.0,1,6.0,6.0,IC50,B,single protein format,single_protein,9,D,2023,,428.85300000000024,3.6879000000000017,126.56,3,6,3,4,3,0.0,0.33519048168880683
CHEMBL1994241,CHEMBL1994241,COc1cc(C=C(C#N)c2nc3ccccc3[nH]2)c(Br)cc1O,,6.0,1,6.0,6.0,Ki,F,assay format,other,8,H,,,370.206,4.103780000000002,81.92999999999999,2,4,3,3,3,0.058823529411764705,0.6803213781596346
CHEMBL4549667,CHEMBL4549667,CN1C(=O)[C@@H](N2CCc3c(nn(Cc4ccccc4)c3Br)C2=O)COc2ccccc21,TP-030-2,6.0,1,6.0,6.0,IC50,B,single protein format,single_protein,9,D,2021,,481.3500000000002,3.116200000000001,67.67,0,4,3,5,3,0.2608695652173913,0.5769432783627203
CHEMBL1993166,CHEMBL1993166,CC(=NNC(=N)N)c1cc(NC(=O)NCCCN(C)CCCNC(=O)Nc2cc(C(C)=NNC(=N)N)cc(C(C)=NNC(=N)N)c2)cc(C(C)=NNC(=N)N)c1,,6.0,1,6.0,6.0,Ki,F,assay format,other,8,H,,,775.9319999999997,0.1700800000000064,382.53999999999996,16,11,18,2,2,0.3333333333333333,0.041866706240092956
CHEMBL116070,CHEMBL116070,NC(=O)c1cc2c(Oc3ccc(Br)cc3)cncc2s1,,6.0,1,6.0,6.0,Ki,F,assay format,other,8,H,,,349.209,3.950000000000001,65.21000000000001,1,4,3,3,3,0.0,0.7786657316123767
CHEMBL1972362,CHEMBL1972362,CS(=O)(=O)c1ccc(-c2cncc3sc(C(N)=O)cc23)cc1,,6.0,1,6.0,6.0,Ki,F,assay format,other,8,H,,,332.40600000000006,2.465700000000001,90.12,1,5,3,3,3,0.06666666666666667,0.7975049211522062
