molecule_chembl_id,parent_molecule_chembl_id,canonical_smiles,pref_name,pchembl_median,pchembl_n,pchembl_min,pchembl_max,standard_types,assay_types,bao_labels,evidence_level,assay_confidence_scores,assay_relationship_types,document_years,max_phase,mw,clogp,tpsa,hbd,hba,rotb,n_rings,n_arom_rings,fsp3,qed
CHEMBL5407182,CHEMBL5499239,O=C(N[C@@H]1CNCC[C@H]1c1cccc(F)c1)c1cc2c(s1)CCCn1ncc(Cl)c1-2,,10.7,1,10.7,10.7,IC50,B,single protein format,single_protein,9,D,2023,,444.96300000000025,4.225800000000004,58.95,2,4,3,5,3,0.36363636363636365,0.6353176160894729
CHEMBL5406146,CHEMBL5499004,O=C(N[C@@H]1CNCC[C@H]1c1ccc(F)c(F)c1)c1cc2c(s1)OCCn1ncc(Br)c1-2,,10.64,1,10.64,10.64,IC50,B,single protein format,single_protein,9,D,2023,,509.3760000000002,3.920200000000003,68.18,2,5,3,5,3,0.3333333333333333,0.5620977350407745
CHEMBL5414576,CHEMBL5498989,O=C(N[C@@H]1CNCC[C@H]1c1cc(F)c(F)c(F)c1)c1ccc2c(c1)OCCn1nccc1-2,,10.46,1,10.46,10.46,IC50,B,single protein format,single_protein,9,D,2023,,442.4410000000002,3.2353000000000014,68.18,2,4,3,5,3,0.30434782608695654,0.6115743499428306
CHEMBL5398425,CHEMBL5498925,O=C(N[C@@H]1CNCC[C@H]1c1cccc(F)c1)c1cc2c(s1)CCCn1ncc(Br)c1-2,,10.44,1,10.44,10.44,IC50,B,single protein format,single_protein,9,D,2023,,489.41400000000027,4.334900000000004,58.95,2,4,3,5,3,0.36363636363636365,0.5759971994718408
CHEMBL5437264,CHEMBL5500143,O=C(N[C@@H]1CNCC[C@H]1c1ccc(F)c(F)c1)c1cc2c(s1)OCCn1ncc(Cl)c1-2,,10.28,1,10.28,10.28,IC50,B,single protein format,single_protein,9,D,2023,,464.92500000000024,3.8111000000000033,68.18,2,5,3,5,3,0.3333333333333333,0.6182168988552393
CHEMBL5428430,CHEMBL5500043,O=C(N[C@@H]1CNCC[C@H]1c1cc(F)cc(F)c1)c1cc2c(s1)CCCn1ncc(Br)c1-2,,10.27,1,10.27,10.27,IC50,B,single protein format,single_protein,9,D,2023,,507.4040000000002,4.474000000000004,58.95,2,4,3,5,3,0.36363636363636365,0.5502480541856453
CHEMBL5400934,CHEMBL5498546,O=C(N[C@@H]1CNCC[C@H]1c1cc(F)c(F)c(F)c1)c1cc2c(s1)OCCn1ncc(Br)c1-2,,10.08,1,10.08,10.08,IC50,B,single protein format,single_protein,9,D,2023,,527.3660000000002,4.059300000000004,68.18,2,5,3,5,3,0.3333333333333333,0.5047903628470417
CHEMBL5408482,CHEMBL5499172,O=C(N[C@@H]1CNCC[C@H]1c1ccc(F)c(F)c1)c1cc2c(s1)CCCn1ncc(Br)c1-2,,10.04,1,10.04,10.04,IC50,B,single protein format,single_protein,9,D,2023,,507.4040000000002,4.474000000000004,58.95,2,4,3,5,3,0.36363636363636365,0.5502480541856453
CHEMBL3899716,CHEMBL3899716,Cc1cc(-c2cn(CCN3CCC3)c(C3CCN(c4ncnc(N)c4Br)CC3)n2)ccc1F,,10.0,2,10.0,10.0,IC50,B,single protein format,single_protein,8,H,2015,,514.4470000000001,4.222020000000003,76.1,1,6,6,5,3,0.4583333333333333,0.5311502924601142
CHEMBL5438374,CHEMBL5500150,O=C(N[C@@H]1CNCC[C@H]1c1cc(F)c(F)c(F)c1)c1cc2c(s1)OCCn1ncc(Cl)c1-2,,9.92,1,9.92,9.92,IC50,B,single protein format,single_protein,9,D,2023,,482.91500000000025,3.9502000000000033,68.18,2,5,3,5,3,0.3333333333333333,0.5546882464856291
CHEMBL5399312,CHEMBL5498566,O=C(N[C@@H]1CNCC[C@H]1c1ccc(Cl)c(C(F)(F)F)c1)c1cc2c(s1)OCCn1ncc(Br)c1-2,,9.85,1,9.85,9.85,IC50,B,single protein format,single_protein,9,D,2023,,575.8380000000002,5.314200000000002,68.18,2,5,3,5,3,0.36363636363636365,0.4440889458143284
CHEMBL3966806,CHEMBL3966806,CC(C)c1cc(-c2cn(CCN3CCC3)c(C3CCN(c4ncnc(N)c4Br)CC3)n2)ccn1,,9.82,2,9.82,9.82,IC50,B,single protein format,single_protein,8,H,2015,,525.4990000000001,4.292900000000003,88.99,1,7,7,5,3,0.52,0.4923703718942552
CHEMBL379300,CHEMBL379300,Cc1n[nH]c2ccc(-c3cncc(OC[C@@H](N)Cc4c[nH]c5ccccc45)c3)cc12,A-443654,9.8,3,8.6,9.8,IC50;Ki,B,cell-based format;single protein format,mixed,8;9,D;H,2006;2007;2009,,397.482,4.363420000000002,92.60999999999999,3,4,6,5,5,0.16666666666666666,0.3967766478103931
CHEMBL573326,CHEMBL573326,N[C@H](COc1cncc(-c2ccc3c(c2)C(c2ccco2)C(=O)N3)c1)Cc1c[nH]c2ccccc12,,9.77,1,9.77,9.77,IC50,B,single protein format,single_protein,8,H,2009,,464.5250000000002,4.855700000000003,106.16999999999999,3,5,7,6,5,0.14285714285714285,0.31908354935530336
CHEMBL210954,CHEMBL210954,CC(C)(Cc1ccco1)C1C(=O)Nc2ccc(-c3cncc(OC[C@@H](N)Cc4c[nH]c5ccccc45)c3)cc21,,9.77,1,9.77,9.77,IC50,B,single protein format,single_protein,9,D,2006,,520.6330000000003,6.076300000000005,106.16999999999999,3,5,9,6,5,0.25,0.218513855895357
CHEMBL523586,CHEMBL523586,NC[C@H](Cc1cccc(F)c1)NC(=O)c1cc(Br)c(-c2ccnc3[nH]ccc23)s1,,9.76,2,9.0,10.52,IC50;Ki,B,single protein format,single_protein,8,H,2009,,473.3710000000001,4.492800000000003,83.79999999999998,3,4,6,4,4,0.14285714285714285,0.38594382148899137
CHEMBL469590,CHEMBL469590,NCC(Cc1ccccc1)NC(=O)c1cc(Br)c(-c2ccnc3[nH]ccc23)s1,,9.7,2,9.0,10.4,IC50;Ki,B,single protein format,single_protein,8,H,2009,,455.3810000000001,4.353700000000003,83.79999999999998,3,4,6,4,4,0.14285714285714285,0.4042512481600572
CHEMBL5411877,CHEMBL5499076,CCc1cnn2c1-c1cc(C(=O)N[C@@H]3CNCC[C@H]3c3ccc(F)c(F)c3)sc1OCC2,,9.66,1,9.66,9.66,IC50,B,single protein format,single_protein,9,D,2023,,458.53400000000016,3.720100000000002,68.18,2,5,4,5,3,0.391304347826087,0.6254790095941343
CHEMBL496690,CHEMBL496690,NC[C@H](Cc1ccc(F)cc1)NC(=O)c1cc(Br)c(-c2ccnc3[nH]ccc23)s1,,9.61,2,9.0,10.22,IC50;Ki,B,single protein format,single_protein,8,H,2009,,473.37100000000015,4.492800000000003,83.79999999999998,3,4,6,4,4,0.14285714285714285,0.38594382148899137
CHEMBL470597,CHEMBL470597,NC[C@H](Cc1ccccc1)NC(=O)c1cc(Br)c(-c2ccnc3[nH]ccc23)s1,,9.61,2,9.0,10.22,IC50;Ki,B,single protein format,single_protein,8,H,2009,,455.3810000000001,4.353700000000003,83.79999999999998,3,4,6,4,4,0.14285714285714285,0.4042512481600572
CHEMBL6038712,CHEMBL6038712,CC1(C)C(=O)Nc2ncnc(N3CCC(c4nc(-c5cncc(F)c5)ccc4NCCN4CCCC4)CC3)c21,,9.52,1,9.52,9.52,IC50,B,single protein format,single_protein,8,H,2020,,530.6520000000003,4.194100000000003,99.17,2,8,7,6,3,0.4827586206896552,0.46921683502724726
CHEMBL6009143,CHEMBL6009143,CN(C)CCNc1ccc(-c2cc(Cl)nn2C)nc1C1CCN(c2ncnc3c2C(C)(C)C(=O)N3)CC1,,9.52,1,9.52,9.52,IC50,B,single protein format,single_protein,8,H,2020,,524.0730000000003,3.5127000000000015,104.1,2,8,7,5,3,0.5,0.4845909884106632
CHEMBL6005110,CHEMBL6005110,CC(C)(C)NCCNc1ccc(-c2noc(C(F)F)n2)nc1C1CCN(c2ncnc3c2C(C)(C)C(=O)N3)CC1,,9.52,1,9.52,9.52,IC50,B,single protein format,single_protein,8,H,2020,,555.6340000000001,4.2729000000000035,133.99,3,10,8,5,3,0.5555555555555556,0.345998980804579
CHEMBL5741074,CHEMBL5741074,CC(C)NCCNc1ccc(-c2nnc(C(F)F)s2)nc1C1CCN(c2ncnc3c2C(C)(C)C(=O)N3)CC1,,9.52,1,9.52,9.52,IC50,B,single protein format,single_protein,8,H,2020,,557.6750000000002,4.351300000000003,120.85,3,10,9,5,3,0.5384615384615384,0.329802100964989
CHEMBL5995978,CHEMBL5995978,CCNCCNc1ccc(-c2cncc(F)c2)nc1C1CCN(c2ncnc3c2C(C)(C)C(=O)N3)CC1,,9.52,1,9.52,9.52,IC50,B,single protein format,single_protein,8,H,2020,,504.6140000000004,3.7078000000000024,107.96000000000001,3,8,8,5,3,0.4444444444444444,0.3987228370187762
CHEMBL5748077,CHEMBL5748077,CC1(C)C(=O)Nc2ncnc(N3CCC(c4nc(-c5ccc(F)nc5)ccc4NCCN4CCCC4)CC3)c21,,9.52,1,9.52,9.52,IC50,B,single protein format,single_protein,8,H,2020,,530.6520000000003,4.194100000000003,99.17,2,8,7,6,3,0.4827586206896552,0.4389337495688504
CHEMBL5753779,CHEMBL5753779,CC(C)NCCNc1cc(F)c(-c2cncc(F)c2)nc1C1CCN(c2ncnc3c2C(C)(C)C(=O)N3)CC1,,9.52,1,9.52,9.52,IC50,B,single protein format,single_protein,8,H,2020,,536.6310000000002,4.235400000000003,107.96000000000001,3,8,8,5,3,0.4642857142857143,0.3672686916158092
CHEMBL5405650,CHEMBL5498957,O=C(N[C@@H]1CNCC[C@H]1c1cc(F)cc(F)c1)c1ccc2c(c1)OCCn1nccc1-2,,9.52,1,9.52,9.52,IC50,B,single protein format,single_protein,9,D,2023,,424.4510000000002,3.0962000000000014,68.18,2,4,3,5,3,0.30434782608695654,0.6782034807726605
CHEMBL3936990,CHEMBL3936990,CCc1c(N)ncnc1N1CCC(c2nc(-c3ccc(F)c(C)c3)cn2CC2CN(C)C2)CC1,,9.52,2,9.52,9.52,IC50,B,single protein format,single_protein,8,H,2015,,463.6050000000003,3.8778200000000034,76.10000000000001,1,6,6,5,3,0.5,0.5980077160782371
CHEMBL5805382,CHEMBL5805382,CC(C)NCCNc1ccc(-c2cc(C(F)(F)F)nn2C)nc1C1CCN(c2ncnc3c2C(C)(C)C(=O)N3)CC1,,9.52,1,9.52,9.52,IC50,B,single protein format,single_protein,8,H,2020,,571.6520000000002,4.314500000000003,112.89000000000001,3,8,8,5,3,0.5357142857142857,0.34307271526376243
CHEMBL5823407,CHEMBL5823407,CN(C)CCNc1ccc(-c2nnc(C(F)F)s2)nc1C1CCN(c2ncnc3c2C(C)(C)C(=O)N3)CC1,,9.52,1,9.52,9.52,IC50,B,single protein format,single_protein,8,H,2020,,543.6480000000001,3.914900000000002,112.06,2,10,8,5,3,0.52,0.4366488663711868
CHEMBL5842594,CHEMBL5842594,COc1cncc(-c2ccc(NCCN3CCCC3)c(C3CCN(c4ncnc5c4C(C)(C)C(=O)N5)CC3)n2)c1,,9.52,1,9.52,9.52,IC50,B,single protein format,single_protein,8,H,2020,,542.6880000000002,4.063600000000003,108.39999999999999,2,9,8,6,3,0.5,0.4355217141273946
CHEMBL5864230,CHEMBL5864230,CC(C)(C)NCCNc1ccc(-c2nnc(C(F)F)s2)nc1C1CCN(c2ncnc3c2C(C)(C)C(=O)N3)CC1,,9.52,1,9.52,9.52,IC50,B,single protein format,single_protein,8,H,2020,,571.7020000000002,4.741400000000004,120.85,3,10,8,5,3,0.5555555555555556,0.32928020228801225
CHEMBL5866601,CHEMBL5866601,CC(C)(C)NCCNc1ccc(-c2nnc(C3CC3)s2)nc1C1CCN(c2ncnc3c2C(C)(C)C(=O)N3)CC1,,9.52,1,9.52,9.52,IC50,B,single protein format,single_protein,8,H,2020,,561.7600000000002,4.681200000000004,120.85,3,10,8,6,3,0.5862068965517241,0.3366461407228126
CHEMBL5884975,CHEMBL5884975,CC(C)NCCNc1ccc(-c2cnc(F)c(F)c2)nc1C1CCN(c2ncnc3c2C(C)(C)C(=O)N3)CC1,,9.52,1,9.52,9.52,IC50,B,single protein format,single_protein,8,H,2020,,536.6310000000002,4.235400000000003,107.96000000000001,3,8,8,5,3,0.4642857142857143,0.2900053896372611
CHEMBL5740682,CHEMBL5740682,CC(C)NCCNc1ccc(-c2cc(Cl)nn2C)nc1C1CCN(c2ncnc3c2C(C)(C)C(=O)N3)CC1,,9.52,1,9.52,9.52,IC50,B,single protein format,single_protein,8,H,2020,,538.1000000000003,3.9491000000000023,112.89000000000001,3,8,8,5,3,0.5185185185185185,0.37019202709740995
CHEMBL482536,CHEMBL482536,NC[C@H](Cc1cccc(C(F)(F)F)c1)NC(=O)c1cc(Br)c(-c2ccnc3[nH]ccc23)s1,,9.5,2,9.0,10.0,IC50;Ki,B,single protein format,single_protein,8,H,2009,,523.378,5.372500000000002,83.79999999999998,3,4,6,4,4,0.18181818181818182,0.31782894035367937
CHEMBL3679636,CHEMBL3679636,N[C@]1(c2ccc(-c3nc4ccc5nnc(C(F)F)n5c4cc3-c3ccccc3)cc2)C[C@](O)(C2CC2)C1,,9.47,2,9.47,9.47,IC50,B,single protein format,single_protein,8;9,D;H,2013,,497.5490000000003,5.638000000000005,89.33,2,5,5,7,5,0.27586206896551724,0.32816433630248487
CHEMBL376569,CHEMBL376569,Cc1n[nH]c2cnc(-c3cncc(OC[C@@H](N)Cc4c[nH]c5ccccc45)c3)cc12,,9.47,1,9.47,9.47,IC50,B,single protein format,single_protein,9,D,2007,,398.4700000000001,3.758420000000001,105.5,3,5,6,5,5,0.17391304347826086,0.40383273975395245
CHEMBL1098938,CHEMBL1098938,CCn1c(-c2nonc2N)nc2c(C#CC(C)(C)O)nc(OC[C@H](N)Cc3ccccc3)cc21,,9.46,2,9.22,9.7,IC50;Ki,B,single protein format,single_protein,8,H,2009,,461.5260000000002,2.1546000000000003,151.13000000000002,3,9,7,4,4,0.3333333333333333,0.35157549329217197
CHEMBL3679632,CHEMBL3679632,C[C@]1(O)C[C@@](N)(c2ccc(-c3nc4ccc5nnc(C(F)F)n5c4cc3-c3ccccc3)cc2)C1,,9.42,2,9.42,9.42,IC50,B,single protein format,single_protein,8;9,D;H,2013,,471.51100000000014,5.247900000000004,89.33,2,5,4,6,5,0.2222222222222222,0.3738433191936123
CHEMBL520788,CHEMBL520788,NC[C@H](Cc1ccccc1C(F)(F)F)NC(=O)c1cc(Br)c(-c2ccnc3[nH]ccc23)s1,,9.41,2,8.52,10.3,IC50;Ki,B,single protein format,single_protein,8,H,2009,,523.378,5.372500000000002,83.79999999999998,3,4,6,4,4,0.18181818181818182,0.31782894035367937
CHEMBL5789687,CHEMBL5789687,CC(C)(C)NCCNc1ccc(-c2nnc(C(F)(F)F)o2)nc1C1CCN(c2ncnc3c2C(C)(C)C(=O)N3)CC1,,9.4,1,9.4,9.4,IC50,B,single protein format,single_protein,8,H,2020,,573.6240000000001,4.354100000000003,133.99,3,10,7,5,3,0.5555555555555556,0.35029528935294657
CHEMBL5749375,CHEMBL5749375,CC(C)(C)NCCNc1ccc(-c2nc(C(F)(F)F)no2)nc1C1CCN(c2ncnc3c2C(C)(C)C(=O)N3)CC1,,9.4,1,9.4,9.4,IC50,B,single protein format,single_protein,8,H,2020,,573.6240000000001,4.354100000000003,133.99,3,10,7,5,3,0.5555555555555556,0.35029528935294657
CHEMBL5897793,CHEMBL5897793,CC(C)(C)NCCNc1ccc(-c2cncc(F)c2)nc1C1CCN(c2ncnc3c2C(C)(C)C(=O)N3)CC1,,9.4,1,9.4,9.4,IC50,B,single protein format,single_protein,8,H,2020,,532.6680000000002,4.486400000000004,107.96000000000001,3,8,7,5,3,0.4827586206896552,0.38234570503747367
CHEMBL5169427,CHEMBL5169427,CC(C)NC[C@@H](C(=O)N1CCN(c2ncnc3c2[C@H](C)CC(=O)N3)[C@H]2C[C@H]21)c1ccc(Cl)cc1,,9.4,1,9.4,9.4,IC50,B,cell-based format,cell_based,9,D,2022,,483.0160000000002,3.147000000000002,90.46000000000001,2,6,6,5,2,0.52,0.6569822487505326
CHEMBL6062151,CHEMBL6062151,Cc1nc(C)c(-c2ccc(NCCNC(C)C)c(C3CCN(c4ncnc5c4C(C)(C)C(=O)N5)CC3)n2)s1,,9.4,1,9.4,9.4,IC50,B,single protein format,single_protein,8,H,2020,,534.7340000000003,4.635540000000004,107.96,3,9,8,5,3,0.5357142857142857,0.3590364267257103
CHEMBL5767678,CHEMBL5767678,CN(CCNc1ccc(-c2nnc(C(F)(F)F)o2)nc1C1CCN(c2ncnc3c2C(C)(C)C(=O)N3)CC1)C(C)(C)C,,9.4,1,9.4,9.4,IC50,B,single protein format,single_protein,8,H,2020,,587.6510000000001,4.696300000000004,125.19999999999999,2,10,7,5,3,0.5714285714285714,0.40200196122710924
CHEMBL5979579,CHEMBL5979579,CC1C(=O)Nc2ncnc(N3CCC(c4nc(-c5ccsc5)ccc4NCCN(C)C)CC3)c21,,9.4,1,9.4,9.4,IC50,B,single protein format,single_protein,8,H,2020,,477.63800000000026,4.013200000000003,86.28,2,8,7,5,3,0.44,0.5316353781543626
CHEMBL3906990,CHEMBL3906990,CCc1c(N)ncnc1N1CCC(c2nc(-c3ccc(F)c(Cl)c3)cn2CCN2CCCC2)CC1,,9.4,2,9.4,9.4,IC50,B,single protein format,single_protein,8,H,2015,,498.0500000000004,4.757000000000004,76.10000000000001,1,6,7,5,3,0.5,0.5070181619118695
CHEMBL5908330,CHEMBL5908330,Cc1nnc(-c2ccc(NCCN3CCCC3)c(C3CCN(c4ncnc5c4C(C)(C)C(=O)N5)CC3)n2)s1,,9.4,1,9.4,9.4,IC50,B,single protein format,single_protein,8,H,2020,,533.7060000000002,3.8199200000000024,112.06000000000002,2,10,7,6,3,0.5555555555555556,0.4679963780063935
CHEMBL5890153,CHEMBL5890153,CC1(C)C(=O)Nc2ncnc(N3CCC(c4nc(-c5nc(C(F)(F)F)no5)ccc4NCCN4CCCC4)CC3)c21,,9.4,1,9.4,9.4,IC50,B,single protein format,single_protein,8,H,2020,,571.608,4.061800000000003,125.2,2,10,7,6,3,0.5555555555555556,0.42890684985010696
CHEMBL5833393,CHEMBL5833393,CC1(C)C(=O)Nc2ncnc(N3CCC(c4nc(-c5nnc(C(F)(F)F)o5)ccc4NCC4CCCN4)CC3)c21,,9.4,1,9.4,9.4,IC50,B,single protein format,single_protein,8,H,2020,,557.581,3.7180000000000017,133.99,3,10,6,6,3,0.5384615384615384,0.4117527490950186
CHEMBL6031186,CHEMBL6031186,CC(C)(C)NCCNc1ccc(-c2cnn(C(F)F)c2)nc1C1CCN(c2ncnc3c2C(C)(C)C(=O)N3)CC1,,9.4,1,9.4,9.4,IC50,B,single protein format,single_protein,8,H,2020,,553.6620000000003,4.543900000000003,112.89000000000001,3,8,8,5,3,0.5357142857142857,0.34865338281862746
CHEMBL3969572,CHEMBL3969572,CNC(=O)C1CCN(c2cnc(C(=O)Nc3csc(-c4nncn4C4CC4)n3)cc2-n2cnc(C3CC3)c2)CC1,,9.4,2,9.4,9.4,IC50,B,single protein format,single_protein,8,H,2015,,558.6720000000001,3.4093000000000018,135.75,2,9,8,7,4,0.4444444444444444,0.3358979541774331
CHEMBL5422811,CHEMBL5499424,O=C(N[C@@H]1CNCC[C@H]1c1ccc(F)c(F)c1)c1ccc2c(c1)OCCn1nccc1-2,,9.4,1,9.4,9.4,IC50,B,single protein format,single_protein,9,D,2023,,424.4510000000002,3.0962000000000014,68.18,2,4,3,5,3,0.30434782608695654,0.6782034807726605
CHEMBL5841437,CHEMBL5841437,Cc1cc(-c2ccc(NCCN3CCCC3)c(C3CCN(c4ncnc5c4C(C)(C)C(=O)N5)CC3)n2)n(C)n1,,9.4,1,9.4,9.4,IC50,B,single protein format,single_protein,8,H,2020,,529.6930000000002,3.701920000000002,104.10000000000001,2,8,7,6,3,0.5517241379310345,0.47757184662082686
CHEMBL6008954,CHEMBL6008954,CC1C(=O)Nc2ncnc(N3CCC(c4nc(-c5ccnc(F)c5)ccc4NCCN4CCCC4)CC3)c21,,9.4,1,9.4,9.4,IC50,B,single protein format,single_protein,8,H,2020,,516.6250000000003,4.020000000000003,99.17,2,8,7,6,3,0.4642857142857143,0.45459570065893273
CHEMBL5430096,CHEMBL5499679,O=C(N[C@@H]1CNCC[C@H]1c1ccc(F)c(F)c1)c1cc2c(s1)OCCn1ncc(CCO)c1-2,,9.38,1,9.38,9.38,IC50,B,single protein format,single_protein,9,D,2023,,474.5330000000003,2.6925000000000012,88.41000000000001,3,6,5,5,3,0.391304347826087,0.5293708852897057
CHEMBL5405389,CHEMBL5498808,O=C(N[C@@H]1CNCC[C@H]1c1ccc(Cl)cc1)c1cc2c(s1)OCCn1ncc(Br)c1-2,,9.35,1,9.35,9.35,IC50,B,single protein format,single_protein,9,D,2023,,507.84100000000024,4.295400000000003,68.18,2,5,3,5,3,0.3333333333333333,0.5547762407104392
CHEMBL244695,CHEMBL244695,O=C(O)c1ccc2c(c1)C1C=CCC1C(C(=O)O)N2,,9.32,1,9.32,9.32,Kd,B,single protein format,single_protein,9,D,2018,,259.26099999999997,1.9231999999999996,86.63,3,3,2,3,1,0.2857142857142857,0.7062765809665104
CHEMBL5891816,CHEMBL5891816,CC(C)NCCNc1ccc(-c2noc(C(F)(F)F)n2)nc1C1CCN(c2ncnc3c2C(C)(C)C(=O)N3)CC1,,9.3,1,9.3,9.3,IC50,B,single protein format,single_protein,8,H,2020,,559.5970000000001,3.964000000000002,133.99,3,10,8,5,3,0.5384615384615384,0.34826630269142983
CHEMBL5956719,CHEMBL5956719,CC1C(=O)Nc2ncnc(N3CCC(c4nc(-c5cncc(F)c5)ccc4NCCN4CCCC4)CC3)c21,,9.3,1,9.3,9.3,IC50,B,single protein format,single_protein,8,H,2020,,516.6250000000003,4.020000000000003,99.17,2,8,7,6,3,0.4642857142857143,0.4859593414489077
CHEMBL5822890,CHEMBL5822890,CC1(C)C(=O)Nc2ncnc(N3CCC(c4nc(-c5nnc(C(F)F)o5)ccc4NCCN4CCCC4)CC3)c21,,9.3,1,9.3,9.3,IC50,B,single protein format,single_protein,8,H,2020,,553.618,3.9806000000000026,125.2,2,10,8,6,3,0.5555555555555556,0.42312391958169604
CHEMBL5797313,CHEMBL5797313,CC(C)NCCNc1ccc(-c2nnc(C(F)(F)F)o2)nc1C1CCN(c2ncnc3c2C(C)(C)C(=O)N3)CC1,,9.3,1,9.3,9.3,IC50,B,single protein format,single_protein,8,H,2020,,559.5970000000002,3.964000000000002,133.99,3,10,8,5,3,0.5384615384615384,0.34826630269142983
CHEMBL3943127,CHEMBL3943127,CCNCCn1cc(-c2ccc(F)c(C(F)(F)F)c2)nc1C1CCN(c2ncnc(N)c2OC(C)C)CC1,,9.28,2,9.28,9.28,IC50,B,single protein format,single_protein,8,H,2015,,535.5900000000001,4.8609000000000036,94.12,2,7,9,4,3,0.5,0.29856087197855846
CHEMBL3640741,CHEMBL3640741,CC(=O)NC1CCN(c2cccc(-c3ccc4nc(-c5cccnc5N)n(-c5ccc(C6(N)CCC6)cc5)c4n3)c2)CC1,,9.27,4,8.84,9.7,IC50;Kd,B,single protein format,single_protein,8;9,D;H,2013,,572.7170000000002,5.174500000000004,127.97999999999999,3,7,6,7,5,0.29411764705882354,0.2559573100850727
CHEMBL4802156,CHEMBL4802156,CC(=O)N(C)C1CCN(c2cccc(-c3ccc4nc(-c5cccnc5N)n(-c5ccc(C6(N)CCC6)cc5)c4n3)c2)CC1,VEVORISERTIB,9.26,1,9.26,9.26,IC50,B,single protein format,single_protein,9,D,2022,1,586.7440000000001,5.516700000000005,119.19,2,7,6,7,5,0.3142857142857143,0.2690289884841913
CHEMBL597793,CHEMBL597793,NC1(COCc2ccc(Cl)cc2)CCN(c2ncnc3[nH]ccc23)CC1,,9.23,1,9.23,9.23,IC50,F,cell-based format,cell_based,9,D,2010,,371.87200000000007,3.125800000000001,80.06,2,5,5,4,3,0.3684210526315789,0.7198389537540593
CHEMBL5814683,CHEMBL5814683,CC1C(=O)Nc2ncnc(N3CC=C(c4nc(-c5cncc(F)c5)ccc4NCCN4CCCC4)CC3)c21,,9.22,1,9.22,9.22,IC50,B,single protein format,single_protein,8,H,2020,,514.6090000000004,3.929700000000003,99.17,2,8,7,6,3,0.39285714285714285,0.48948443377135314
CHEMBL5888865,CHEMBL5888865,CC1C(=O)Nc2ncnc(N3CCC(c4nc(-c5nccs5)ccc4NCCN4CCCC4)CC3)c21,,9.22,1,9.22,9.22,IC50,B,single protein format,single_protein,8,H,2020,,504.6640000000004,3.942400000000003,99.17,2,9,7,6,3,0.5,0.49921916031173075
CHEMBL226330,CHEMBL226330,N[C@H](COc1cncc(-c2cc3cn[nH]c3cn2)c1)Cc1c[nH]c2ccccc12,,9.22,1,9.22,9.22,IC50,B,single protein format,single_protein,9,D,2007,,384.44300000000015,3.450000000000001,105.5,3,5,6,5,5,0.13636363636363635,0.41576289947352346
CHEMBL6049824,CHEMBL6049824,CC(C)NCCNc1ccc(-c2nnc(C(F)F)o2)nc1C1CCN(c2ncnc3c2C(C)(C)C(=O)N3)CC1,,9.22,1,9.22,9.22,IC50,B,single protein format,single_protein,8,H,2020,,541.6070000000002,3.8828000000000022,133.99,3,10,9,5,3,0.5384615384615384,0.34269739684125144
CHEMBL226898,CHEMBL226898,Cc1n[nH]c2cnc(-c3cncc(OC[C@@H](N)Cc4cccc(C(F)(F)F)c4)c3)cc12,,9.22,1,9.22,9.22,IC50,B,single protein format,single_protein,9,D,2007,,427.43000000000006,4.295920000000002,89.71,2,5,6,4,4,0.22727272727272727,0.47903941275721845
CHEMBL5197007,CHEMBL5197007,CC(C)NC[C@@H](C(=O)N1CCN(c2ncnc3c2[C@H](C)OC(=O)N3)[C@H]2C[C@H]21)c1ccc(Cl)cc1,,9.22,1,9.22,9.22,IC50,B,cell-based format,cell_based,9,D,2022,,484.98800000000017,3.3244000000000016,99.69,2,7,6,5,2,0.5,0.6483001056195157
CHEMBL5994226,CHEMBL5994226,CC1C(=O)Nc2ncnc(N3CCC(c4nc(-c5cc(C(F)(F)F)nn5C)ccc4NCCN4CCCC4)CC3)c21,,9.22,1,9.22,9.22,IC50,B,single protein format,single_protein,8,H,2020,,569.636,4.2382000000000035,104.10000000000001,2,8,7,6,3,0.5357142857142857,0.43574778671111974
CHEMBL5189707,CHEMBL5189707,CC(C)NC[C@@H](C(=O)N1[C@@H]2CC[C@H]1CN(c1ncnc3c1[C@H](C)OC(=O)N3)C2)c1ccc(Cl)cc1,,9.22,1,9.22,9.22,IC50,B,cell-based format,cell_based,9,D,2022,,499.0150000000002,3.714500000000002,99.69,2,7,6,5,2,0.52,0.6257687017711219
CHEMBL5404104,CHEMBL5498753,O=C(N[C@@H]1CNCC[C@H]1c1ccc(C(F)(F)F)c(Cl)c1)c1cc2c(s1)OCCn1ncc(Br)c1-2,,9.21,1,9.21,9.21,IC50,B,single protein format,single_protein,9,D,2023,,575.8380000000002,5.314200000000002,68.18,2,5,3,5,3,0.36363636363636365,0.4440889458143284
CHEMBL1099276,CHEMBL1099276,CCn1c(-c2nonc2N)nc2c(C#CC(C)(C)O)nc(O[C@@H](CN)c3ccccc3)cc21,,9.2,2,9.0,9.4,IC50;Ki,B,single protein format,single_protein,8,H,2009,,447.49900000000014,2.2846,151.13000000000002,3,9,6,4,4,0.30434782608695654,0.3780275973797877
CHEMBL1099297,CHEMBL1099297,CCn1c(-c2nonc2N)nc2c(C#CC(C)(C)O)nc(O[C@@H](CCN)c3ccccc3)cc21,,9.2,2,8.7,9.7,IC50;Ki,B,single protein format,single_protein,8,H,2009,,461.5260000000002,2.6747000000000005,151.13000000000002,3,9,7,4,4,0.3333333333333333,0.3527347395122947
CHEMBL5892762,CHEMBL5892762,COc1cncc(-c2ccc(NCCNC(C)C)c(C3CCN(c4ncnc5c4C(C)C(=O)N5)CC3)n2)c1,,9.15,1,9.15,9.15,IC50,B,single protein format,single_protein,8,H,2020,,516.6500000000003,3.7917000000000023,117.19000000000001,3,9,9,5,3,0.4642857142857143,0.3651983173191862
CHEMBL3679635,CHEMBL3679635,N[C@]1(c2ccc(-c3nc4ccc5nnc(C6NCNN6)n5c4cc3-c3ccccc3)cc2)C[C@](O)(C2CC2)C1,,9.15,2,9.15,9.15,IC50,B,single protein format,single_protein,8;9,D;H,2013,,518.6250000000002,3.353900000000002,125.42,5,8,5,8,5,0.3,0.23991533536206675
CHEMBL3927358,CHEMBL3927358,Cc1cc(-c2cn(CCNC3CCCC3)c(C3CCN(c4ncnc(N)c4C#N)CC3)n2)ccc1F,,9.15,2,9.15,9.15,IC50,B,single protein format,single_protein,8,H,2015,,488.61500000000024,4.157700000000003,108.67999999999999,2,7,7,5,3,0.48148148148148145,0.5140108533140947
CHEMBL575631,CHEMBL575631,Cc1ccc(C2C(=O)Nc3ccc(-c4cncc(OC[C@@H](N)Cc5c[nH]c6ccccc56)c4)cc32)o1,,9.15,1,9.15,9.15,IC50,B,single protein format,single_protein,8,H,2009,,478.55200000000025,5.164120000000003,106.17,3,5,7,6,5,0.1724137931034483,0.29944564434100523
CHEMBL5790375,CHEMBL5790375,COc1cncc(-c2ccc(NCCN(C)C)c(C3CCN(c4ncnc5c4C(C)C(=O)N5)CC3)n2)c1,,9.15,1,9.15,9.15,IC50,B,single protein format,single_protein,8,H,2020,,502.6230000000003,3.3553000000000015,108.39999999999999,2,9,8,5,3,0.4444444444444444,0.47925841708173494
CHEMBL5182446,CHEMBL5182446,C[C@@H]1CC(=O)Nc2ncnc(N3CCN(C(=O)[C@H](CNC4CC4)c4ccc(Cl)cc4)[C@@H]4C[C@@H]43)c21,,9.15,1,9.15,9.15,IC50,B,cell-based format,cell_based,9,D,2022,,481.00000000000017,2.9010000000000016,90.46000000000001,2,6,6,6,2,0.52,0.660361766575252
CHEMBL6032470,CHEMBL6032470,COc1cc(-c2ccc(NCCN3CCCC3)c(C3CCN(c4ncnc5c4C(C)C(=O)N5)CC3)n2)c(F)cn1,,9.15,1,9.15,9.15,IC50,B,single protein format,single_protein,8,H,2020,,546.6510000000002,4.028600000000003,108.4,2,9,8,6,3,0.4827586206896552,0.4329316382887055
CHEMBL3980521,CHEMBL3980521,CC(C)CNCCn1cc(-c2ccc(F)c(C(F)(F)F)c2)nc1C1CCN(c2ncnc(N)c2C#N)CC1,,9.15,2,9.15,9.15,IC50,B,single protein format,single_protein,8,H,2015,,530.5740000000001,4.581480000000003,108.68,2,7,8,4,3,0.46153846153846156,0.3241549229446199
CHEMBL5988357,CHEMBL5988357,CC1C(=O)Nc2ncnc(N3CCC(c4nc(-c5cccnc5F)ccc4NCCN4CCCC4)CC3)c21,,9.15,1,9.15,9.15,IC50,B,single protein format,single_protein,8,H,2020,,516.6250000000003,4.020000000000003,99.17,2,8,7,6,3,0.4642857142857143,0.45459570065893273
CHEMBL426140,CHEMBL426140,Cc1ccc(CC(C)(C)C2C(=O)Nc3ccc(-c4cncc(OC[C@@H](N)Cc5c[nH]c6ccccc56)c4)cc32)o1,,9.15,1,9.15,9.15,IC50,B,single protein format,single_protein,9,D,2006,,534.6600000000003,6.384720000000006,106.17,3,5,9,6,5,0.2727272727272727,0.2033213180993362
CHEMBL3640738,CHEMBL3640738,CN(C)C(=O)C1CCN(c2cccc(-c3ccc4nc(-c5cccnc5N)n(-c5ccc(C6(N)CCC6)cc5)c4n3)c2)CC1,,9.149999999999999,4,8.6,9.7,IC50;Kd,B,single protein format,single_protein,8;9,D;H,2013,,586.7440000000001,5.374200000000004,119.19,2,7,6,7,5,0.3142857142857143,0.27440700113909244
CHEMBL5850573,CHEMBL5850573,CC1C(=O)Nc2ncnc(N3CCN(c4nc(-c5cncc(F)c5)ccc4NCCN(C)C)CC3)c21,,9.1,1,9.1,9.1,IC50,B,single protein format,single_protein,8,H,2020,,491.5750000000003,2.4284,102.41,2,9,7,5,3,0.4,0.5158573662058068
CHEMBL207544,CHEMBL207544,C#Cc1ncc(OC[C@@H](N)Cc2c[nH]c3ccccc23)cc1-c1ccc2cnccc2c1,,9.1,1,9.1,9.1,IC50,B,single protein format,single_protein,9,D,2006,,418.5000000000001,4.708200000000002,76.82,2,4,6,5,5,0.1111111111111111,0.39172121442936886
CHEMBL572908,CHEMBL572908,CCc1ncc(OC[C@@H](N)Cc2c[nH]c3ccccc23)cc1-c1ccc2cnccc2c1,,9.1,1,9.1,9.1,IC50,B,single protein format,single_protein,8,H,2009,,422.53200000000015,5.289300000000004,76.82,2,4,7,5,5,0.18518518518518517,0.37361389070055556
CHEMBL3986943,CHEMBL3986943,CCOc1c(N)ncnc1N1CCC(c2nc(-c3ccc(F)c(C)c3)cn2CCN(CC)CC)CC1,,9.1,2,9.1,9.1,IC50,B,single protein format,single_protein,8,H,2015,,495.6470000000004,4.4943200000000045,85.33,1,7,10,4,3,0.5185185185185185,0.4433887346020678
CHEMBL5776408,CHEMBL5776408,CC1C(=O)Nc2ncnc(N3CCC(c4nc(-c5ccsc5)ccc4NCCN4CCCC4)CC3)c21,,9.1,1,9.1,9.1,IC50,B,single protein format,single_protein,8,H,2020,,503.6760000000004,4.547400000000003,86.28,2,8,7,6,3,0.48148148148148145,0.4892589456492363
CHEMBL3960355,CHEMBL3960355,N#Cc1c(N)ncnc1N1CCC(c2nc(-c3ccc(F)c(C(F)(F)F)c3)cn2CCNC2CCCC2)CC1,,9.1,2,9.1,9.1,IC50,B,single protein format,single_protein,8,H,2015,,542.585,4.868080000000004,108.68,2,7,7,5,3,0.48148148148148145,0.41031770450767563
CHEMBL3701762,CHEMBL3701762,CC1(O)CC(N)(c2ccc(-c3nc4n(c3-c3ccccc3)COc3ccc(-c5ccn[nH]5)cc3-4)cc2)C1,,9.1,2,9.1,9.1,IC50,B,cell-based format,cell_based,8;9,D;H,2014,,489.57900000000024,5.322900000000003,101.97999999999999,3,5,4,7,5,0.2,0.317015143922092
CHEMBL3640740,CHEMBL3640740,Nc1ncccc1-c1nc2ccc(-c3cccc(N4CCC(C(=O)N5CCOCC5)CC4)c3)nc2n1-c1ccc(C2(N)CCC2)cc1,,9.085,4,8.47,9.7,IC50;Kd,B,single protein format,single_protein,8;9,D;H,2013,,628.7810000000002,5.1448000000000045,128.42000000000002,2,8,6,8,5,0.35135135135135137,0.2645133786519023
CHEMBL3640733,CHEMBL3640733,CC(C)(C)C(=O)Nc1cccc(-c2ccc3nc(-c4cccnc4N)n(-c4ccc(C5(N)CCC5)cc4)c3n2)c1,,9.085,4,8.77,9.4,IC50;Kd,B,single protein format,single_protein,8;9,D;H,2013,,531.6640000000003,6.054200000000004,124.74000000000001,3,6,5,6,5,0.25,0.25337726402709676
CHEMBL209826,CHEMBL209826,CC(C)(Cc1cccs1)C1C(=O)Nc2ccc(-c3cncc(OC[C@@H](N)Cc4c[nH]c5ccccc45)c3)cc21,,9.05,1,9.05,9.05,IC50,B,single protein format,single_protein,9,D,2006,,536.7010000000002,6.544800000000006,93.03,3,5,9,6,5,0.25,0.1992851756958207
CHEMBL229320,CHEMBL229320,Cc1n[nH]c2ccc(-c3cncc(OC[C@@H](N)Cc4cccc(I)c4)c3)cc12,,9.05,1,9.05,9.05,IC50,B,single protein format,single_protein,9,D,2007,,484.341,4.486720000000003,76.82,2,4,6,4,4,0.18181818181818182,0.39586429041721244
CHEMBL572884,CHEMBL572884,N[C@H](COc1cncc(-c2ccc3c(c2)C(c2cccs2)C(=O)N3)c1)Cc1c[nH]c2ccccc12,,9.05,1,9.05,9.05,IC50,B,single protein format,single_protein,8,H,2009,,480.5930000000002,5.324200000000004,93.03,3,5,7,6,5,0.14285714285714285,0.29375747470949154
CHEMBL3971598,CHEMBL3971598,Cc1cc(-c2cn(CCN(C)C)c(C3CCN(c4ncnc(N)c4C#N)CC3)n2)ccc1F,,9.05,2,9.05,9.05,IC50,B,single protein format,single_protein,8,H,2015,,448.5500000000002,3.187100000000001,99.89,1,7,6,4,3,0.4166666666666667,0.6180854344314775
CHEMBL6009652,CHEMBL6009652,CC1C(=O)Nc2ncnc(N3CCC(c4nc(-c5ccoc5)ccc4NCCN4CCCC4)CC3)c21,,9.05,1,9.05,9.05,IC50,B,single protein format,single_protein,8,H,2020,,487.6080000000004,4.0789000000000035,99.42,2,8,7,6,3,0.48148148148148145,0.5144067102828812
CHEMBL3975211,CHEMBL3975211,N#CC1CN(c2cnc(C(=O)Nc3csc(-c4nncn4C4CC4)n3)cc2-n2cnc(C3CC3)c2)C1,,9.05,2,9.05,9.05,IC50,B,single protein format,single_protein,8,H,2015,,498.5760000000003,3.4066800000000024,130.44,1,9,7,7,4,0.375,0.4102075777807784
CHEMBL470598,CHEMBL470598,NC[C@H](CC1CCCCC1)NC(=O)c1cc(Br)c(-c2ccnc3[nH]ccc23)s1,,9.05,2,9.0,9.1,IC50;Ki,B,single protein format,single_protein,8,H,2009,,461.42900000000014,5.081400000000004,83.79999999999998,3,4,6,4,3,0.42857142857142855,0.47873045834689526
CHEMBL3640739,CHEMBL3640739,CCN(CC)C(=O)C1CCN(c2cccc(-c3ccc4nc(-c5cccnc5N)n(-c5ccc(C6(N)CCC6)cc5)c4n3)c2)CC1,,9.04,4,8.38,9.7,IC50;Kd,B,single protein format,single_protein,8;9,D;H,2013,,614.7980000000001,6.154400000000005,119.19,2,7,8,7,5,0.35135135135135137,0.2150462952042906
CHEMBL4441825,CHEMBL4441825,Cn1ncc(Cl)c1-c1cc(C(=O)N[C@@H]2CN[C@H](CCO)C[C@H]2c2ccc(F)c(F)c2)oc1Cl,,9.01,1,9.01,9.01,IC50,B,assay format,other,9,D,2019,,499.34500000000025,3.891600000000002,92.32000000000001,3,5,6,4,3,0.36363636363636365,0.4789275558185517
CHEMBL593375,CHEMBL593375,Cc1occc1-c1nc(N)c(OC[C@@H](N)Cc2c[nH]c3ccccc23)cc1-c1cnc2[nH]nc(C)c2c1,,9.0,1,9.0,9.0,IC50,B,single protein format,single_protein,9,D,2010,,493.57100000000014,4.909040000000003,144.66000000000003,4,7,7,6,6,0.17857142857142858,0.247205165954228
CHEMBL226148,CHEMBL226148,N[C@H](COc1cncc(-c2ccc3[nH]nc(Cl)c3c2)c1)Cc1c[nH]c2ccccc12,,9.0,1,9.0,9.0,IC50,B,single protein format,single_protein,9,D,2007,,417.90000000000015,4.708400000000003,92.60999999999999,3,4,6,5,5,0.13043478260869565,0.3727783523213521
CHEMBL498052,CHEMBL498052,NC[C@H](Cc1ccccc1F)NC(=O)c1cc(Br)c(-c2ccnc3[nH]ccc23)s1,,9.0,1,9.0,9.0,IC50,B,single protein format,single_protein,8,H,2009,,473.37100000000004,4.492800000000003,83.79999999999998,3,4,6,4,4,0.14285714285714285,0.38594382148899153
CHEMBL3953878,CHEMBL3953878,Cn1ncc(Cl)c1-c1cc(C(=O)N[C@H](CN)Cc2cccc(F)c2)oc1Cl,,9.0,1,9.0,9.0,IC50,B,cell-based format,cell_based,9,D,2011,,411.2640000000001,3.4258000000000015,86.08,2,4,6,3,3,0.2222222222222222,0.6510273028485919
CHEMBL593813,CHEMBL593813,Cc1occc1-c1nc(N)c(OC[C@@H](N)Cc2c(Cl)[nH]c3ccccc23)cc1-c1cnc2[nH]nc(C)c2n1,,9.0,1,9.0,9.0,IC50,B,single protein format,single_protein,9,D,2010,,529.0040000000001,4.957440000000002,157.55,4,8,7,6,6,0.18518518518518517,0.2262198743251811
CHEMBL2219422,CHEMBL2219422,Cn1ncc(Cl)c1-c1cc(C(=O)N[C@H](CN)Cc2cccc(F)c2)sc1Cl,AFURESERTIB,9.0,5,7.2,10.1,IC50;Kd;Ki,B,assay format;cell-based format;single protein format;subcellular format,mixed,9,D,2011;2017;2019;2022,3,427.3320000000001,3.894300000000002,72.94,2,4,6,3,3,0.2222222222222222,0.6270547192559123
CHEMBL595459,CHEMBL595459,Cc1occc1-c1nc(N)c(OC[C@@H](N)Cc2c[nH]c3ccccc23)cc1-c1cc2c(C)n[nH]c2cn1,,9.0,1,9.0,9.0,IC50,B,single protein format,single_protein,9,D,2010,,493.57100000000014,4.909040000000003,144.66000000000003,4,7,7,6,6,0.17857142857142858,0.247205165954228
CHEMBL594072,CHEMBL594072,Cc1occc1-c1nc(N)c(OC[C@@H](N)Cc2c(C(N)=O)[nH]c3ccccc23)cc1-c1cnc2[nH]nc(C)c2n1,,9.0,1,9.0,9.0,IC50,B,single protein format,single_protein,9,D,2010,,537.5840000000002,3.402940000000002,200.64,5,9,8,6,6,0.17857142857142858,0.1928049771271904
CHEMBL4435124,CHEMBL4597087,Cn1ncc(Cl)c1-c1ccc(C(=O)N[C@@H]2CNCC[C@H]2c2cccc(F)c2)s1,,9.0,1,9.0,9.0,IC50,B,assay format,other,9,D,2019,,418.9250000000002,3.816600000000002,58.95,2,4,4,4,3,0.3,0.6768225594306762
CHEMBL594933,CHEMBL594933,Cc1n[nH]c2cnc(-c3cc(OC[C@@H](N)Cc4c[nH]c5ccccc45)cnc3-c3ccoc3)cc12,,9.0,1,9.0,9.0,IC50,B,single protein format,single_protein,8,H,2010,,464.5290000000001,5.018420000000003,118.63999999999999,3,6,7,6,6,0.14814814814814814,0.3052868400128892
CHEMBL1258664,CHEMBL1258664,Cc1c[nH]c2ncnc(N3CCN(C(=O)[C@H](N)Cc4ccc(Cl)cc4)CC3)c12,,9.0,1,9.0,9.0,IC50,B,single protein format,single_protein,8,H,2010,,398.8980000000001,2.13832,91.14,2,5,4,4,3,0.35,0.7021397227375071
CHEMBL3919089,CHEMBL3919089,Nc1ncnc(N2CCC(c3nc(-c4ccc(F)c(C(F)(F)F)c4)cn3CCN3CCC3)CC2)c1Cl,,9.0,2,9.0,9.0,IC50,B,single protein format,single_protein,8,H,2015,,523.9660000000003,4.823300000000004,76.10000000000001,1,6,6,5,3,0.4583333333333333,0.46673493621767564
CHEMBL1258781,CHEMBL1258781,N[C@H](Cc1ccc(Cl)cc1)C(=O)N1CCN(c2ncnc3[nH]cc(Cl)c23)CC1,,9.0,1,9.0,9.0,IC50,B,single protein format,single_protein,8,H,2010,,419.3160000000001,2.4833000000000007,91.14000000000001,2,5,4,4,3,0.3157894736842105,0.6782793762651493
CHEMBL3900870,CHEMBL3900870,CC1Cc2c(ccc(F)c2F)N1C(=S)Cc1nc(N2CCOCC2)c(F)c(=S)[nH]1,,9.0,2,9.0,9.0,IC50,B,assay format;cell-based format,cell_based,8,H,2015,,440.5160000000002,3.714190000000002,44.39,1,5,3,4,2,0.42105263157894735,0.7345101848255716
CHEMBL3941283,CHEMBL3941283,Nc1ncnc(N2CCC(c3nc(-c4ccc(F)c(C(F)(F)F)c4)cn3CCN3CCCC3)CC2)c1C=O,,9.0,2,9.0,9.0,IC50,B,single protein format,single_protein,8,H,2015,,531.5580000000004,4.372500000000003,93.17000000000002,1,7,7,5,3,0.46153846153846156,0.35750578127689736
CHEMBL596583,CHEMBL596583,Cc1occc1-c1ncc(OC[C@@H](N)Cc2c[nH]c3ccccc23)cc1-c1cnc2[nH]nc(C)c2n1,,9.0,1,9.0,9.0,IC50,B,single protein format,single_protein,9,D,2010,,479.5440000000002,4.721840000000002,131.53,3,7,7,6,6,0.18518518518518517,0.30174312090833627
CHEMBL605410,CHEMBL605410,Cc1occc1-c1nc(N)c(OC[C@@H](N)Cc2c(C#N)[nH]c3ccccc23)cc1-c1cnc2[nH]nc(C)c2n1,,9.0,1,9.0,9.0,IC50,B,single protein format,single_protein,9,D,2010,,519.5690000000002,4.175720000000002,181.33999999999997,4,9,7,6,6,0.17857142857142858,0.2403864225804274
CHEMBL596072,CHEMBL596072,Cc1n[nH]c2ncc(-c3cc(OC[C@@H](N)Cc4c[nH]c5ccccc45)cnc3-c3ccoc3)cc12,,9.0,1,9.0,9.0,IC50,B,single protein format,single_protein,8,H,2010,,464.5290000000001,5.018420000000003,118.63999999999999,3,6,7,6,6,0.14814814814814814,0.3052868400128892
CHEMBL603197,CHEMBL603197,Cc1n[nH]c2cnc(-c3cc(OC[C@@H](N)Cc4c[nH]c5ccccc45)cnc3-c3ccoc3)nc12,,9.0,1,9.0,9.0,IC50,B,single protein format,single_protein,8,H,2010,,465.5170000000001,4.413420000000003,131.52999999999997,3,7,7,6,6,0.15384615384615385,0.3180439479284189
CHEMBL595944,CHEMBL595944,Cc1occc1-c1nc(N)c(OC[C@@H](N)Cc2c[nH]c3ccccc23)cc1-c1cnc2[nH]nc(C)c2n1,,9.0,1,9.0,9.0,IC50,B,single protein format,single_protein,9,D,2010,,494.55900000000014,4.304040000000001,157.55,4,8,7,6,6,0.18518518518518517,0.2556427870415416
CHEMBL3112850,CHEMBL3112850,O=C(Cc1nc(N2CCOCC2)cc(=O)[nH]1)N1CCc2c(Br)cccc21,,9.0,2,9.0,9.0,IC50,B,assay format;cell-based format,cell_based,8;9,D;H,2015,,419.2790000000001,1.5007999999999997,78.53,1,5,3,4,2,0.3888888888888889,0.8162572765922708
CHEMBL5195664,CHEMBL5222221,CC(C)NC[C@@H](C(=O)N1CCN(c2ncnc3c2N(C)CC(=O)N3)CC1)c1ccc(Cl)cc1,,8.96,1,8.96,8.96,IC50,B,cell-based format,cell_based,9,D,2022,,471.9930000000003,1.9486999999999994,93.70000000000002,2,7,6,4,2,0.4782608695652174,0.6645953534120692
CHEMBL3640744,CHEMBL3640744,CC(C)C(=O)N1CCN(c2cccc(-c3ccc4nc(-c5cccnc5N)n(-c5ccc(C6(N)CCC6)cc5)c4n3)c2)CC1,,8.96,2,8.96,8.96,Kd,B,single protein format,single_protein,8;9,D;H,2013,,586.7440000000001,5.374200000000004,119.19,2,7,6,7,5,0.3142857142857143,0.27440700113909244
CHEMBL3922577,CHEMBL3922577,O=C(Nc1csc(-c2nncn2C2CC2)n1)c1cc(-n2cnc(C3CC3)c2)c(N2CC3CC3C2)cn1,,8.96,2,8.96,8.96,IC50,B,single protein format,single_protein,8,H,2015,,499.6040000000003,3.9030000000000022,106.64999999999999,1,8,7,8,4,0.44,0.4109217621969048
CHEMBL5425811,CHEMBL5499570,O=C(N[C@H]1CNCC[C@@H]1c1ccc(F)c(F)c1)c1cc2c(s1)OCCn1ncc(Br)c1-2,,8.96,1,8.96,8.96,IC50,B,single protein format,single_protein,9,D,2023,,509.3760000000002,3.920200000000003,68.18,2,5,3,5,3,0.3333333333333333,0.5620977350407745
CHEMBL210403,CHEMBL210403,COc1ccc2ccccc2c1C[C@H](N)COc1cncc(-c2ccc3[nH]nc(C)c3c2)c1,,8.96,1,8.96,8.96,Ki,B,single protein format,single_protein,9,D,2006,,438.5310000000001,5.0439200000000035,86.05,2,5,7,5,5,0.18518518518518517,0.3716073332163945
CHEMBL574087,CHEMBL574087,CCc1n[nH]c2ccc(-c3cncc(OC[C@@H](N)Cc4c[nH]c5ccccc45)c3)cc12,,8.94,1,8.94,8.94,IC50,B,single protein format,single_protein,8,H,2009,,411.50900000000007,4.6174000000000035,92.60999999999999,3,4,7,5,5,0.2,0.36436802110677596
CHEMBL3640747,CHEMBL3640747,Nc1ncccc1-c1nc2ccc(-c3cccc(N4CCS(=O)(=O)CC4)c3)nc2n1-c1ccc(C2(N)CCC2)cc1,,8.925,4,8.75,9.1,IC50;Kd,B,single protein format,single_protein,8;9,D;H,2013,,565.7030000000003,4.304400000000003,133.02,2,8,5,7,5,0.25806451612903225,0.32224795183678545
CHEMBL3902880,CHEMBL3902880,C[C@H](n1cnnc1-c1nc(NC(=O)c2cc(-n3cnc(C4CC4)c3)c(N3CCN(CC(F)(F)F)CC3)cn2)cs1)C(F)(F)F,,8.92,2,8.92,8.92,IC50,B,single protein format,single_protein,8,H,2015,,640.6180000000005,4.919600000000004,109.88999999999999,1,9,8,6,4,0.46153846153846156,0.2706292435193258
CHEMBL210940,CHEMBL210940,CC(C)(Cc1cc[nH]c1)C1C(=O)Nc2ccc(-c3cncc(OC[C@@H](N)Cc4c[nH]c5ccccc45)c3)cc21,,8.92,1,8.92,8.92,IC50,B,single protein format,single_protein,9,D,2006,,519.6490000000002,5.8114000000000035,108.82,4,4,9,6,5,0.25,0.1969771383311986
CHEMBL572670,CHEMBL572670,N[C@H](COc1cncc(-c2ccc3[nH]nc(-c4ccc[nH]4)c3c2)c1)Cc1c[nH]c2ccccc12,,8.92,1,8.92,8.92,IC50,B,single protein format,single_protein,8,H,2009,,448.53000000000014,5.050100000000003,108.39999999999998,4,4,7,6,6,0.1111111111111111,0.2739811490795563
CHEMBL6061476,CHEMBL6061476,C[C@H](NC(=O)C1(CN)CCN(c2ncnc3[nH]ccc23)CC1)c1ccc(Cl)cc1,,8.92,1,8.92,8.92,IC50,B,single protein format,single_protein,8,H,2016,,412.9250000000002,3.0340000000000016,99.93,3,5,5,4,3,0.38095238095238093,0.5976664333424512
CHEMBL226625,CHEMBL226625,Cc1n[nH]c2ccc(-c3cncc(OC[C@@H](N)Cc4cccc(C(F)(F)F)c4)c3)cc12,,8.92,1,8.92,8.92,IC50,B,single protein format,single_protein,9,D,2007,,426.442,4.900920000000003,76.82,2,4,6,4,4,0.21739130434782608,0.45977585740764654
CHEMBL227322,CHEMBL227322,Cc1n[nH]c2ccc(-c3cncc(OC[C@@H](N)Cc4cc(C(F)(F)F)ccc4F)c3)cc12,,8.92,1,8.92,8.92,IC50,B,single protein format,single_protein,9,D,2007,,444.432,5.040020000000003,76.82,2,4,6,4,4,0.21739130434782608,0.4087167622509417
CHEMBL4451854,CHEMBL4596143,Cn1ncc(Cl)c1-c1csc(C(=O)N[C@@H]2CNCC[C@H]2c2cccc(F)c2)c1,,8.9,1,8.9,8.9,IC50,B,assay format,other,9,D,2019,,418.9250000000001,3.816600000000003,58.95,2,4,4,4,3,0.3,0.6768225594306762
CHEMBL227367,CHEMBL227367,Cc1n[nH]c2ccc(-c3cncc(OC[C@@H](N)Cc4ccc(Br)c(F)c4)c3)cc12,,8.89,1,8.89,8.89,IC50,B,single protein format,single_protein,9,D,2007,,455.331,4.783720000000003,76.82,2,4,6,4,4,0.18181818181818182,0.4387632840693744
CHEMBL3701776,CHEMBL3701776,CC1(O)CC(N)(c2ccc(-c3nc4n(c3-c3ccccc3)COc3cc(C(N)=O)ccc3-4)cc2)C1,,8.89,2,8.89,8.89,IC50,B,cell-based format,cell_based,8;9,D;H,2014,,466.5410000000003,4.0317000000000025,116.38999999999999,3,5,4,6,4,0.21428571428571427,0.419865247872166
CHEMBL576733,CHEMBL576733,N[C@H](COc1cncc(-c2ccc3[nH]nc(-c4cccs4)c3c2)c1)Cc1c[nH]c2ccccc12,,8.89,1,8.89,8.89,IC50,B,single protein format,single_protein,8,H,2009,,465.58200000000016,5.783500000000004,92.60999999999999,3,5,7,6,6,0.1111111111111111,0.27845818431214703
CHEMBL5193325,CHEMBL5193325,COC1CCC(NC[C@@H](C(=O)N2CCN(c3ncnc4c3[C@H](C)CC(=O)N4)[C@H]3C[C@H]32)c2ccc(Cl)cc2)CC1,,8.89,1,8.89,8.89,IC50,B,cell-based format,cell_based,9,D,2022,,553.1070000000001,3.696200000000003,99.69,2,7,7,6,2,0.5862068965517241,0.54010458260565
CHEMBL3701763,CHEMBL3701763,CC1(O)CC(N)(c2ccc(-c3nc4n(c3-c3ccccc3)COc3ccc(-c5cn[nH]c5)cc3-4)cc2)C1,,8.89,2,8.89,8.89,IC50,B,cell-based format,cell_based,8;9,D;H,2014,,489.57900000000024,5.322900000000003,101.97999999999999,3,5,4,7,5,0.2,0.317015143922092
CHEMBL5798563,CHEMBL5798563,NCC1(C(=O)N[C@@H](CCO)c2ccc(Cl)cc2)CCN(c2ncnc3[nH]ccc23)CC1,,8.89,1,8.89,8.89,IC50,B,single protein format,single_protein,8,H,2016,,442.95100000000025,2.3965000000000005,120.16,4,6,7,4,3,0.4090909090909091,0.44562712781713604
CHEMBL5091595,CHEMBL5091595,C[C@@H]1C[C@@H](O)c2ncnc(N3CCN(C(=O)[C@H](CNCCC(=O)NCCCCCCCCNc4cccc5c4C(=O)N(C4CCC(=O)NC4=O)C5=O)c4ccc(Cl)cc4)CC3)c21,,8.89,1,8.89,8.89,Kd,B,assay format,other,9,D,2021,,870.4519999999999,4.052800000000005,206.26999999999998,5,12,19,7,3,0.5111111111111111,0.08553352412268023
CHEMBL3966203,CHEMBL3966203,N#Cc1c(N)ncnc1N1CCC(c2nc(-c3cnc(F)c(Cl)c3)cn2CCN2CCC2)CC1,,8.89,2,8.89,8.89,IC50,B,single protein format,single_protein,8,H,2015,,481.9670000000003,3.071180000000002,112.77999999999999,1,8,6,5,3,0.43478260869565216,0.5342773089433319
CHEMBL3640737,CHEMBL3640737,C[C@@H](O)CNC(=O)c1cccc(-c2ccc3nc(-c4cccnc4N)n(-c4ccc(C5(N)CCC5)cc4)c3n2)c1,,8.870000000000001,4,8.82,8.92,IC50;Kd,B,single protein format,single_protein,8;9,D;H,2013,,533.6360000000003,4.180200000000002,144.97000000000003,4,7,7,6,5,0.22580645161290322,0.2455308272093165
CHEMBL4440965,CHEMBL4440965,CNC(=O)C[C@@H]1C[C@@H](c2ccc(F)c(F)c2)[C@H](NC(=O)c2cc(-c3c(Cl)cnn3C)c(Cl)o2)CN1,,8.86,1,8.86,8.86,IC50,B,assay format,other,9,D,2019,,526.3710000000002,3.6453000000000015,101.19000000000001,3,5,6,4,3,0.34782608695652173,0.4556128018617733
CHEMBL575811,CHEMBL575811,N[C@H](COc1cncc(-c2ccc3c(c2)C(Cc2ccco2)C(=O)N3)c1)Cc1ccccc1,,8.85,1,8.85,8.85,IC50,B,single protein format,single_protein,8,H,2009,,439.51500000000016,4.568800000000004,90.38,2,5,8,5,4,0.18518518518518517,0.41975868344001416
CHEMBL3893968,CHEMBL3893968,C[C@H](n1cnnc1-c1nc(NC(=O)c2cc(-n3cnc(C4CC4)c3)c(N3CC(C)(C#N)C3)cn2)cs1)C(F)(F)F,,8.85,2,8.85,8.85,IC50,B,single protein format,single_protein,8,H,2015,,568.5890000000005,4.585180000000004,130.44,1,9,7,6,4,0.4,0.3427987364384662
CHEMBL3948454,CHEMBL3948454,CNCCn1cc(-c2ccnc(C(F)(F)F)c2)nc1C1CCN(c2ncnc(N)c2Cl)CC1,,8.85,2,8.85,8.85,IC50,B,single protein format,single_protein,8,H,2015,,480.9260000000003,3.592900000000001,97.78,2,7,6,4,3,0.42857142857142855,0.5559953530378866
CHEMBL226849,CHEMBL226849,N[C@H](COc1cncc(-c2ccc3c(c2)/C(=C\c2ccco2)C(=O)N3)c1)Cc1ccccc1,,8.85,1,8.85,8.85,IC50,B,single protein format,single_protein,9,D,2007,,437.49900000000014,4.783100000000004,90.38,2,5,7,5,4,0.1111111111111111,0.4061063553488196
CHEMBL3701752,CHEMBL3701752,NC1(c2ccc(-c3nc4n(c3-c3ccccc3)COc3ncccc3-4)cc2)CC(O)(C2CC2)C1,,8.85,2,8.85,8.85,IC50,B,cell-based format,cell_based,8;9,D;H,2014,,450.54200000000026,4.717900000000004,86.19,2,5,4,7,4,0.2857142857142857,0.4699645058899216
CHEMBL4554668,CHEMBL4554668,Cn1ncc(Cl)c1-c1cc(C(=O)N[C@@H]2CN[C@H](CC(=O)NCCO)C[C@H]2c2ccc(Cl)c(Cl)c2)oc1Cl,,8.85,1,8.85,8.85,IC50,B,assay format,other,9,D,2019,,589.3070000000004,4.036400000000002,121.42000000000002,4,6,8,4,3,0.375,0.3150819346211226
CHEMBL263664,CHEMBL263664,NC1(Cc2ccc(Cl)cc2)CCN(c2ncnc3[nH]ccc23)CC1,,8.85,2,8.52,9.18,IC50,F,cell-based format,cell_based,9,D,2010,,341.8460000000001,3.1517000000000017,70.83,2,4,3,4,3,0.3333333333333333,0.7673453722981184
CHEMBL3954981,CHEMBL3954981,Cc1cc(-c2cn(CCNCC(C)C)c(C3CCN(c4ncnc(N)c4C#N)CC3)n2)ccc1F,,8.85,2,8.85,8.85,IC50,B,single protein format,single_protein,8,H,2015,,476.6040000000002,3.871100000000002,108.67999999999999,2,7,8,4,3,0.46153846153846156,0.47513171968001044
CHEMBL3701753,CHEMBL3701753,CC1(O)CC(N)(c2ccc(-c3nc4n(c3-c3ccccc3)COc3ncccc3-4)cc2)C1,,8.85,2,8.85,8.85,IC50,B,cell-based format,cell_based,8;9,D;H,2014,,424.5040000000002,4.327800000000003,86.19,2,5,3,6,4,0.23076923076923078,0.5113113294928086
CHEMBL3890352,CHEMBL3890352,Nc1ncnc(N2CCC(c3nc(-c4ccc(F)c(C(F)(F)F)c4)cn3CCN3CCC3)CC2)c1C=O,,8.85,2,8.85,8.85,IC50,B,single protein format,single_protein,8,H,2015,,517.5310000000003,3.982400000000003,93.17000000000002,1,7,7,5,3,0.44,0.3743694901027266
CHEMBL3640743,CHEMBL3640743,Nc1ncccc1-c1nc2ccc(-c3cccc(N4CCN(C(=O)C5CC5)CC4)c3)nc2n1-c1ccc(C2(N)CCC2)cc1,,8.845,4,8.73,8.96,IC50;Kd,B,single protein format,single_protein,8;9,D;H,2013,,584.7280000000002,5.128200000000004,119.18999999999998,2,7,6,8,5,0.3142857142857143,0.2840728820419341
CHEMBL4795065,CHEMBL4795065,C=CC(=O)Nc1ccc2[nH]c(=O)n(C3CCN(Cc4ccc(-c5nc6cc[nH]c(=O)c6cc5-c5ccccc5)cc4)CC3)c2c1,Borussertib,8.83,14,7.03,9.7,EC50;IC50;Kd;Ki,B;F,assay format;cell-based format;single protein format,mixed,8;9,D;H,2019;2020;2021;2023,,596.691,5.861700000000005,115.88,3,5,7,7,6,0.16666666666666666,0.199736610891702
CHEMBL3967010,CHEMBL3967010,N#Cc1c(N)ncnc1N1CCC(c2nc(-c3ccc(F)c(Cl)c3)cn2CCN2CCCC2)CC1,,8.82,2,8.82,8.82,IC50,B,single protein format,single_protein,8,H,2015,,495.0060000000004,4.0662800000000034,99.89,1,7,6,5,3,0.44,0.5509799669545448
CHEMBL577377,CHEMBL577377,N[C@H](COc1cncc(-c2ccc3c(c2)C(F)(F)C(=O)N3)c1)Cc1c[nH]c2ccccc12,,8.82,1,8.82,8.82,IC50,B,single protein format,single_protein,8,H,2009,,434.44600000000014,4.222600000000003,93.03,3,4,6,5,4,0.16666666666666666,0.4236128638423317
CHEMBL378843,CHEMBL378843,N[C@H](COc1cnc(-c2ccco2)c(-c2ccc3cnccc3c2)c1)Cc1c[nH]c2ccccc12,,8.82,1,8.82,8.82,IC50,B,single protein format,single_protein,9,D,2006,,460.53700000000015,5.986900000000004,89.96000000000001,2,5,7,6,6,0.10344827586206896,0.30552739123197187
CHEMBL3640735,CHEMBL3640735,CC(C)(O)C(=O)Nc1cccc(-c2ccc3nc(-c4cccnc4N)n(-c4ccc(C5(N)CCC5)cc4)c3n2)c1,,8.82,4,8.79,8.85,IC50;Kd,B,single protein format,single_protein,8;9,D;H,2013,,533.6360000000003,4.779000000000003,144.97000000000003,4,7,6,6,5,0.22580645161290322,0.24575147172471445
CHEMBL3894849,CHEMBL3894849,CNCCn1cc(-c2ccc(F)c(C(F)(F)F)c2)nc1C1CCN(c2ncnc(N)c2C#N)CC1,,8.82,2,8.82,8.82,IC50,B,single protein format,single_protein,8,H,2015,,488.4930000000003,3.5552800000000007,108.68,2,7,6,4,3,0.391304347826087,0.5109837410128949
CHEMBL374805,CHEMBL374805,N[C@H](COc1cncc(-c2ccc3[nH]ncc3c2)c1)Cc1c[nH]c2ccccc12,,8.82,1,8.82,8.82,IC50,B,single protein format,single_protein,9,D,2007,,383.45500000000015,4.055000000000002,92.60999999999999,3,4,6,5,5,0.13043478260869565,0.412280962535338
CHEMBL576348,CHEMBL576348,N[C@H](COc1cncc(-c2ccc3c(c2)C(c2ccc[nH]2)C(=O)N3)c1)Cc1c[nH]c2ccccc12,,8.82,1,8.82,8.82,IC50,B,single protein format,single_protein,8,H,2009,,463.54100000000017,4.590800000000002,108.82,4,4,7,6,5,0.14285714285714285,0.283004929569674
CHEMBL212067,CHEMBL212067,O=C1Nc2ccc(N[C@H](COc3cncc(-c4ccc5c(c4)C(F)(F)C(=O)N5)c3)Cc3c[nH]c4ccccc34)cc2C1(F)F,,8.82,1,8.82,8.82,IC50,B,single protein format,single_protein,9,D,2006,,601.5600000000002,6.419900000000004,108.13999999999999,4,5,8,7,5,0.15625,0.15365943602609422
CHEMBL3976987,CHEMBL3976987,C[C@H](n1cnnc1-c1nc(NC(=O)c2cc(-n3cnc(C4CC4)c3)c(N3CCC(C(F)(F)F)CC3)cn2)cs1)C(F)(F)F,,8.82,2,8.82,8.82,IC50,B,single protein format,single_protein,8,H,2015,,625.6030000000005,6.014000000000005,106.64999999999999,1,8,7,6,4,0.46153846153846156,0.250745668768862
CHEMBL5175332,CHEMBL5175332,CC(C)NC[C@@H](C(=O)N1CCN(c2ncnc3c2[C@H](C)OC(=O)N3)CC1)c1ccc(Cl)cc1,,8.82,1,8.82,8.82,IC50,B,cell-based format,cell_based,9,D,2022,,472.9770000000002,3.1835000000000013,99.69,2,7,6,4,2,0.4782608695652174,0.6655347228248152
CHEMBL3912471,CHEMBL3912471,CCOc1c(N)ncnc1N1CCC(c2nc(-c3ccc(F)c(C(F)(F)F)c3)cn2CCNC(C)C)CC1,,8.82,2,8.82,8.82,IC50,B,single protein format,single_protein,8,H,2015,,535.59,4.8609000000000036,94.12,2,7,9,4,3,0.5,0.37810352751165466
CHEMBL3701766,CHEMBL3701766,CNC(=O)c1ccc2c(c1)-c1nc(-c3ccc(C4(N)CC(C)(O)C4)cc3)c(-c3ccccc3)n1CO2,,8.82,2,8.82,8.82,IC50,B,cell-based format,cell_based,8;9,D;H,2014,,480.56800000000027,4.292400000000002,102.40000000000002,3,5,4,6,4,0.2413793103448276,0.404399582515673
CHEMBL3899490,CHEMBL3899490,CNCCn1cc(-c2ccnc(C(F)(F)F)c2)nc1C1CCN(c2ncnc(N)c2Br)CC1,,8.82,2,8.82,8.82,IC50,B,single protein format,single_protein,8,H,2015,,525.3770000000002,3.7020000000000017,97.78,2,7,6,4,3,0.42857142857142855,0.5067593693866672
CHEMBL4207231,CHEMBL4207231,O=C(N1CCN(c2ncnc3[nH]cc(Br)c23)CC1)C1(c2ccc(Cl)cc2)CCNCC1,,8.82,1,8.82,8.82,IC50,B,single protein format,single_protein,9,D,2017,,503.83200000000033,3.3438000000000017,77.15,2,5,3,5,3,0.4090909090909091,0.5732297192076559
CHEMBL3701767,CHEMBL3701767,CC1(O)CC(N)(c2ccc(-c3nc4n(c3-c3ccccc3)COc3ccc(C(N)=O)cc3-4)cc2)C1,,8.8,2,8.8,8.8,IC50,B,cell-based format,cell_based,8;9,D;H,2014,,466.5410000000003,4.0317000000000025,116.38999999999999,3,5,4,6,4,0.21428571428571427,0.419865247872166
CHEMBL3701749,CHEMBL3701749,NC1(c2ccc(-c3nc4n(c3-c3ccccc3)COc3cnccc3-4)cc2)CC(O)(C2CC2)C1,,8.8,2,8.8,8.8,IC50,B,cell-based format,cell_based,8;9,D;H,2014,,450.54200000000026,4.717900000000004,86.19,2,5,4,7,4,0.2857142857142857,0.4699645058899216
CHEMBL3983282,CHEMBL3983282,N#Cc1c(N)ncnc1N1CCC(c2nc(-c3ccc(F)c(C(F)(F)F)c3)cn2CCNCC2CC2)CC1,,8.8,2,8.8,8.8,IC50,B,single protein format,single_protein,8,H,2015,,528.5580000000001,4.335480000000003,108.68,2,7,8,5,3,0.46153846153846156,0.33085600782040603
CHEMBL5206905,CHEMBL5206905,CC(C)NC[C@@H](C(=O)N1CCN(c2ncnc3c2[C@H](C)CC(=O)N3)CC1)c1ccc(Cl)cc1,,8.8,2,8.8,8.8,IC50,B,cell-based format,cell_based,9,D,2022,,471.0050000000002,3.0061000000000018,90.46000000000001,2,6,6,4,2,0.5,0.6740826817355133
CHEMBL5180219,CHEMBL5180219,CC(C)NC[C@@H](C(=O)N1C[C@H]2CC[C@@H](C1)N2c1ncnc2c1[C@H](C)OC(=O)N2)c1ccc(Cl)cc1,,8.8,1,8.8,8.8,IC50,B,cell-based format,cell_based,9,D,2022,,499.0150000000002,3.714500000000002,99.69,2,7,6,5,2,0.52,0.6257687017711219
CHEMBL3941451,CHEMBL3941451,Nc1ncnc(N2CCC(c3nc(-c4ccc(F)c(C(F)(F)F)c4)cn3CCN3CCC3)CC2)c1-c1cnoc1,,8.8,2,8.8,8.8,IC50,B,single protein format,single_protein,8,H,2015,,556.5680000000003,4.824900000000004,102.13000000000001,1,8,7,6,4,0.4074074074074074,0.32338529190104626
CHEMBL3948085,CHEMBL3948085,CCOc1c(N)ncnc1N1CCC(c2nc(-c3ccc(F)c(C)c3)cn2CCN(C)C)CC1,,8.77,2,8.77,8.77,IC50,B,single protein format,single_protein,8,H,2015,,467.5930000000003,3.714120000000003,85.33,1,7,8,4,3,0.48,0.5404564456374406
CHEMBL3962884,CHEMBL3962884,C[C@H](n1cnnc1-c1nc(NC(=O)c2cc(-n3cnc(C4CC4)c3)c(N3CCC(F)CC3)cn2)cs1)C(F)(F)F,,8.77,2,8.77,8.77,IC50,B,single protein format,single_protein,8,H,2015,,575.5960000000005,5.173600000000005,106.64999999999999,1,8,7,6,4,0.44,0.3030566320805247
CHEMBL3949795,CHEMBL3949795,CNCCn1cc(-c2ccnc(C(F)(F)F)c2)nc1C1CCN(c2ncnc(N)c2C#N)CC1,,8.77,2,8.77,8.77,IC50,B,single protein format,single_protein,8,H,2015,,471.49100000000027,2.8111800000000002,121.57,2,8,6,4,3,0.4090909090909091,0.5629641956457111
CHEMBL3944201,CHEMBL3944201,Nc1ncnc(N2CCC(c3nc(-c4ccc(F)c(F)c4)cn3CCN3CCCC3)CC2)c1Br,,8.77,2,8.77,8.77,IC50,B,single protein format,single_protein,8,H,2015,,532.4370000000004,4.442800000000004,76.10000000000001,1,6,6,5,3,0.4583333333333333,0.5061709774381733
CHEMBL3969016,CHEMBL3969016,CNCCn1cc(-c2ccc(F)c(C)c2)nc1C1CCN(c2ncnc(N)c2C#N)CC1,,8.77,2,8.77,8.77,IC50,B,single protein format,single_protein,8,H,2015,,434.52300000000025,2.8449,108.68,2,7,6,4,3,0.391304347826087,0.6139677723484428
CHEMBL3917308,CHEMBL3917308,C[C@H](n1cnnc1-c1nc(NC(=O)c2cc(-n3cnc(C4CC4)c3)c(N3CCC(C#N)CC3)cn2)cs1)C(F)(F)F,,8.77,2,8.77,8.77,IC50,B,single protein format,single_protein,8,H,2015,,582.6160000000004,4.975280000000004,130.44,1,9,7,6,4,0.4230769230769231,0.323133550767501
CHEMBL3930015,CHEMBL3930015,C[C@H](n1cnnc1-c1nc(NC(=O)c2cc(-n3cnc(C4CC4)c3)c(N3CC(C(F)F)C3)cn2)cs1)C(F)(F)F,,8.77,2,8.77,8.77,IC50,B,single protein format,single_protein,8,H,2015,,579.5590000000004,4.936600000000004,106.64999999999999,1,8,8,6,4,0.4166666666666667,0.295011282474117
CHEMBL3649671,CHEMBL3649671,Nc1nccnc1-c1nc2ccc(-c3ccccc3)nc2n1-c1ccc(C2(N)CCC2)cc1,,8.77,2,8.77,8.77,IC50,B,single protein format,single_protein,8;9,D;H,2014,,433.5190000000003,4.464600000000003,108.52999999999999,2,6,4,6,5,0.15384615384615385,0.4329872103669281
CHEMBL4169791,CHEMBL4169791,CCOC(=O)c1c(C)nc(NNC(=O)c2cccc3c(=O)c4ccccc4[nH]c23)nc1-c1ccc(OC)cc1,,8.76,1,8.76,8.76,IC50,B,single protein format,single_protein,9,D,2017,,523.5490000000003,4.388920000000002,135.29999999999998,3,8,7,5,5,0.13793103448275862,0.16241393563149828
CHEMBL3640742,CHEMBL3640742,CCC(=O)N1CCN(c2cccc(-c3ccc4nc(-c5cccnc5N)n(-c5ccc(C6(N)CCC6)cc5)c4n3)c2)CC1,,8.76,4,8.67,8.85,IC50;Kd,B,single protein format,single_protein,8;9,D;H,2013,,572.7170000000002,5.128200000000003,119.19,2,7,6,7,5,0.29411764705882354,0.2895781409102065
CHEMBL3640734,CHEMBL3640734,CC(=O)OC(C)(C)C(=O)Nc1cccc(-c2ccc3nc(-c4cccnc4N)n(-c4ccc(C5(N)CCC5)cc4)c3n2)c1,,8.75,4,8.35,9.15,IC50;Kd,B,single protein format,single_protein,8;9,D;H,2013,,575.6730000000003,5.349800000000004,151.04000000000002,3,8,7,6,5,0.24242424242424243,0.21977952508182802
CHEMBL3905950,CHEMBL3905950,COC1(C)CN(c2cnc(C(=O)Nc3csc(-c4nncn4C4CC4)n3)cc2-n2cnc(C3CC3)c2)C1,,8.74,2,8.74,8.74,IC50,B,single protein format,single_protein,8,H,2015,,517.6190000000003,3.6720000000000024,115.87999999999998,1,9,8,7,4,0.44,0.37640502169619655
CHEMBL3701775,CHEMBL3701775,CCONC(=O)c1ccc2c(c1)-c1nc(-c3ccc(C4(N)CC(C)(O)C4)cc3)c(-c3ccccc3)n1CO2,,8.74,2,8.74,8.74,IC50,B,cell-based format,cell_based,8;9,D;H,2014,,510.59400000000034,4.614100000000003,111.63000000000001,3,6,6,6,4,0.26666666666666666,0.3266917921206442
CHEMBL374808,CHEMBL374808,N[C@H](COc1cncc(-c2ccc3[nH]nc(C(F)(F)F)c3c2)c1)Cc1c[nH]c2ccccc12,,8.74,1,8.74,8.74,IC50,B,single protein format,single_protein,9,D,2007,,451.45200000000017,5.073800000000002,92.60999999999999,3,4,6,5,5,0.16666666666666666,0.3359571908443284
CHEMBL4874391,CHEMBL5028968,Cn1nccc1-c1ccc(C(=O)N[C@@H]2CNCC[C@H]2c2cc(F)cc(F)c2)cc1F,,8.74,1,8.74,8.74,IC50,B,cell-based format,cell_based,9,D,2021,,414.43100000000004,3.379900000000002,58.95,2,3,4,4,3,0.2727272727272727,0.6883069589354837
CHEMBL3980219,CHEMBL3980219,Nc1ncnc(N2CCC(c3nc(-c4ccc(F)c(Cl)c4)cn3CCN3CCCC3)CC2)c1Br,,8.74,2,8.74,8.74,IC50,B,single protein format,single_protein,8,H,2015,,548.8920000000004,4.957100000000005,76.10000000000001,1,6,6,5,3,0.4583333333333333,0.4694148242719979
CHEMBL4202879,CHEMBL4202879,O=C(N1CCN(c2ncnc3[nH]cc(Cl)c23)CC1)C1(c2ccc(Br)cc2)CCNCC1,,8.74,1,8.74,8.74,IC50,B,single protein format,single_protein,9,D,2017,,503.8320000000003,3.3438000000000017,77.15,2,5,3,5,3,0.4090909090909091,0.5732297192076559
CHEMBL3701770,CHEMBL3701770,CNC(=O)c1ccc2c(c1)OCn1c-2nc(-c2ccc(C3(N)CC(C)(O)C3)cc2)c1-c1ccccc1,,8.74,2,8.74,8.74,IC50,B,cell-based format,cell_based,8;9,D;H,2014,,480.56800000000027,4.292400000000003,102.4,3,5,4,6,4,0.2413793103448276,0.40439958251567293
CHEMBL3897512,CHEMBL3897512,C[C@H](n1cnnc1-c1nc(NC(=O)c2cc(-n3cnc(C4CC4)c3)c(N3CCN(CC4CC4)CC3)cn2)cs1)C(F)(F)F,,8.74,2,8.74,8.74,IC50,B,single protein format,single_protein,8,H,2015,,612.6860000000006,4.767300000000005,109.88999999999999,1,9,9,7,4,0.5,0.2881202562651253
CHEMBL226627,CHEMBL226627,Cc1n[nH]c2ccc(-c3cncc(OC[C@@H](N)Cc4ccc(F)c(C(F)(F)F)c4)c3)cc12,,8.74,1,8.74,8.74,IC50,B,single protein format,single_protein,9,D,2007,,444.432,5.040020000000004,76.82,2,4,6,4,4,0.21739130434782608,0.40871676225094167
CHEMBL229968,CHEMBL229968,Cc1n[nH]c2ccc(-c3cncc(OC[C@@H](N)Cc4ccc(Cl)c(Cl)c4)c3)cc12,,8.74,1,8.74,8.74,IC50,B,single protein format,single_protein,9,D,2007,,427.3350000000001,5.188920000000003,76.82,2,4,6,4,4,0.18181818181818182,0.4441635782268037
CHEMBL3979677,CHEMBL3979677,C[C@H](n1cnnc1-c1nc(NC(=O)c2cc(-n3cnc(C4CC4)c3)c(N3CCN4CCCC4C3)cn2)cs1)C(F)(F)F,,8.74,2,8.74,8.74,IC50,B,single protein format,single_protein,8,H,2015,,598.6590000000006,4.519700000000005,109.88999999999999,1,9,7,7,4,0.48148148148148145,0.33088866173219866
CHEMBL5082198,CHEMBL5082198,C[C@@H]1C[C@@H](O)c2ncnc(N3CCN(C(=O)[C@H](CNCCC(=O)NCCCCCCCCNc4cccc5c4C(=O)N(C4CCC(=O)N(C)C4=O)C5=O)c4ccc(Cl)cc4)CC3)c21,,8.74,1,8.74,8.74,Kd,B,assay format,other,9,D,2021,,884.4789999999998,4.395000000000005,197.48,4,12,19,7,3,0.5217391304347826,0.09807476885594747
CHEMBL3701733,CHEMBL3701733,COc1ccc2c(c1)-c1nc(-c3ccc(C4(N)CC(O)(C5CC5)C4)cc3)c(-c3ccccc3)n1CO2,,8.74,2,8.74,8.74,IC50,B,cell-based format,cell_based,8;9,D;H,2014,,479.5800000000002,5.3315000000000055,82.53000000000002,2,5,5,7,4,0.3,0.4042439854251276
CHEMBL3701769,CHEMBL3701769,CCNC(=O)c1ccc2c(c1)-c1nc(-c3ccc(C4(N)CC(C)(O)C4)cc3)c(-c3ccccc3)n1CO2,,8.74,2,8.74,8.74,IC50,B,cell-based format,cell_based,8;9,D;H,2014,,494.59500000000025,4.682500000000003,102.40000000000002,3,5,5,6,4,0.26666666666666666,0.3738366247910217
CHEMBL378963,CHEMBL378963,N[C@H](COc1cnc(Cl)c(-c2ccc3cnccc3c2)c1)Cc1c[nH]c2ccccc12,,8.74,1,8.74,8.74,IC50,B,single protein format,single_protein,9,D,2006,,428.9230000000002,5.380300000000003,76.82,2,4,6,5,5,0.12,0.3557854783657385
CHEMBL3925596,CHEMBL3925596,C[C@H](n1cnnc1-c1nc(NC(=O)c2cc(-n3cnc(C4CC4)c3)c(N3CCN(C4CC4)CC3)cn2)cs1)C(F)(F)F,,8.74,2,8.74,8.74,IC50,B,single protein format,single_protein,8,H,2015,,598.6590000000006,4.519700000000005,109.88999999999999,1,9,8,7,4,0.48148148148148145,0.3154705538783573
CHEMBL4454791,CHEMBL4597931,Cn1ncc(Cl)c1-c1ccc(C(=O)N[C@@H]2CNCC[C@H]2c2ccc(Cl)cc2)s1,,8.74,1,8.74,8.74,IC50,B,assay format,other,9,D,2019,,435.3800000000002,4.330900000000003,58.95,2,4,4,4,3,0.3,0.6415608544009291
CHEMBL3954144,CHEMBL3954144,C[C@H](n1cnnc1-c1nc(NC(=O)c2cc(-n3cnc(C4CC4)c3)c(N3CCCOCC3)cn2)cs1)C(F)(F)F,,8.72,2,8.72,8.72,IC50,B,single protein format,single_protein,8,H,2015,,573.6050000000006,4.462000000000004,115.88,1,9,7,6,4,0.44,0.3446409384066406
CHEMBL5073195,CHEMBL5073195,Cc1ncsc1-c1ccc([C@H](C)NC(=O)[C@H]2C[C@H](O)CN2C(=O)[C@@H](NC(=O)CCCCCCCCCCC(=O)NCCNC[C@@H](C(=O)N2CCN(c3ncnc4c3[C@H](C)C[C@H]4O)CC2)c2ccc(Cl)cc2)C(C)(C)C)cc1,,8.72,1,8.72,8.72,Kd,B,assay format,other,9,D,2021,,1097.868999999999,7.511820000000008,222.31999999999996,6,13,25,7,4,0.5862068965517241,0.035519587187460566
CHEMBL5440366,CHEMBL5500239,O=C(N[C@@H]1CNCC[C@H]1c1cccc(F)c1)c1cc2c(s1)CCCn1nccc1-2,,8.72,1,8.72,8.72,IC50,B,single protein format,single_protein,9,D,2023,,410.51800000000026,3.5724000000000027,58.95,2,4,3,5,3,0.36363636363636365,0.6940505539759879
CHEMBL3940867,CHEMBL3940867,N#Cc1c(N)ncnc1N1CCC(c2nc(-c3ccc(F)c(Cl)c3)cn2CCN2CCC2)CC1,,8.72,2,8.72,8.72,IC50,B,single protein format,single_protein,8,H,2015,,480.9790000000004,3.6761800000000022,99.89,1,7,6,5,3,0.4166666666666667,0.574011410638551
CHEMBL3948895,CHEMBL3948895,O=C(Nc1csc(-c2nncn2C2CC2)n1)c1cc(-n2cnc(C3CC3)c2)c(N2CCC3(CC2)COC3)cn1,,8.72,2,8.72,8.72,IC50,B,single protein format,single_protein,8,H,2015,,543.6570000000004,4.0637000000000025,115.88,1,9,7,8,4,0.48148148148148145,0.37102408649995045
CHEMBL4204854,CHEMBL4204854,O=C(N1CCN(c2ncnc3[nH]cc(Cl)c23)CC1)C1(c2ccc(Cl)cc2)CCNCC1,,8.72,1,8.72,8.72,IC50,B,single protein format,single_protein,9,D,2017,,459.3810000000003,3.234700000000001,77.15,2,5,3,5,3,0.4090909090909091,0.6292172591806225
CHEMBL3909615,CHEMBL3909615,COC1CCN(c2cnc(C(=O)Nc3csc(-c4nncn4[C@@H](C)C(F)(F)F)n3)cc2-n2cnc(C3CC3)c2)C1,,8.72,2,8.72,8.72,IC50,B,single protein format,single_protein,8,H,2015,,573.605,4.4604000000000035,115.87999999999998,1,9,8,6,4,0.44,0.32861747268476144
CHEMBL597414,CHEMBL597414,NC1(Cc2ccc(Cl)cc2Cl)CCN(c2ncnc3[nH]ccc23)CC1,,8.72,1,8.72,8.72,IC50,F,cell-based format,cell_based,9,D,2010,,376.2910000000001,3.805100000000002,70.83,2,4,3,4,3,0.3333333333333333,0.7294778638198625
CHEMBL3935565,CHEMBL3935565,CC1(C#N)CN(c2cnc(C(=O)Nc3csc(-c4nncn4C4CC4)n3)cc2-n2cnc(C3CC3)c2)C1,,8.72,2,8.72,8.72,IC50,B,single protein format,single_protein,8,H,2015,,512.6030000000003,3.7967800000000027,130.44,1,9,7,7,4,0.4,0.3956963736243254
CHEMBL3984164,CHEMBL3984164,Cc1cc(-c2cn(CCN(C)C)c(C3CCN(c4ncnc(N)c4OC(C)C)CC3)n2)ccc1F,,8.72,2,8.72,8.72,IC50,B,single protein format,single_protein,8,H,2015,,481.62000000000023,4.102620000000003,85.33,1,7,8,4,3,0.5,0.5183622193454732
CHEMBL3895898,CHEMBL3895898,CC(C)(C)NCCn1cc(-c2ccc(F)c(C(F)(F)F)c2)nc1C1CCN(c2ncnc(N)c2C#N)CC1,,8.72,2,8.72,8.72,IC50,B,single protein format,single_protein,8,H,2015,,530.5740000000002,4.723980000000004,108.68,2,7,6,4,3,0.46153846153846156,0.443967761484433
CHEMBL3924482,CHEMBL3924482,C[C@H](n1cnnc1-c1nc(NC(=O)c2cc(-n3cnc(C4CC4)c3)c(N3CC(N4CCOCC4)C3)cn2)cs1)C(F)(F)F,,8.72,2,8.72,8.72,IC50,B,single protein format,single_protein,8,H,2015,,614.6580000000006,3.7561000000000027,119.11999999999999,1,10,8,7,4,0.48148148148148145,0.3165570047666295
CHEMBL5190230,CHEMBL5222106,CC(C)NC[C@@H](C(=O)N1C2CCC1CN(c1ncnc3c1N(C)CC(=O)N3)C2)c1ccc(Cl)cc1,,8.72,1,8.72,8.72,IC50,B,cell-based format,cell_based,9,D,2022,,498.0310000000003,2.4797000000000002,93.70000000000002,2,7,6,5,2,0.52,0.6328500014660486
CHEMBL3965271,CHEMBL3965271,Nc1ncnc(N2CCC(c3nc(-c4ccc(F)c(C(F)(F)F)c4)cn3CCN3CCC3)CC2)c1-c1cc[nH]c1,,8.72,2,8.72,8.72,IC50,B,single protein format,single_protein,8,H,2015,,554.5960000000003,5.165000000000004,91.89000000000001,2,6,7,6,4,0.39285714285714285,0.30669280176427915
CHEMBL4447967,CHEMBL4447967,Cn1ncc(Cl)c1-c1cc(C(=O)N[C@@H]2CN[C@H](CC(=O)O)C[C@H]2c2ccc(Cl)c(Cl)c2)oc1Cl,,8.71,1,8.71,8.71,IC50,B,assay format,other,9,D,2019,,546.2380000000004,5.012500000000004,109.39000000000001,3,5,6,4,3,0.3181818181818182,0.4013100335710223
CHEMBL1258780,CHEMBL1258780,N[C@H](Cc1ccc(Cl)cc1)C(=O)N1CCN(c2ncnc3[nH]cc(C4CC4)c23)CC1,,8.7,1,8.7,8.7,IC50,B,single protein format,single_protein,8,H,2010,,424.9360000000002,2.707300000000001,91.14000000000001,2,5,5,5,3,0.4090909090909091,0.65667871307509
CHEMBL1258665,CHEMBL1258665,CCc1c[nH]c2ncnc(N3CCN(C(=O)[C@H](N)Cc4ccc(Cl)cc4)CC3)c12,,8.7,1,8.7,8.7,IC50,B,single protein format,single_protein,8,H,2010,,412.9250000000001,2.3923000000000005,91.14,2,5,5,4,3,0.38095238095238093,0.670985548359048
CHEMBL5288938,CHEMBL5288938,C[C@@H]1C[C@@H](O)c2ncnc(N3CCN(C(=O)[C@H](CNCCCCCCCCCCCc4cccc5c4CN(C4CCC(=O)NC4=O)C5=O)c4ccc(Cl)cc4)CC3)c21,,8.7,1,8.7,8.7,IC50,B,single protein format,single_protein,9,D,2021,,812.4560000000001,6.207200000000006,148.07,3,9,18,7,3,0.5555555555555556,0.10085939434771796
CHEMBL1257402,CHEMBL1257402,NC[C@@H](C(=O)N1CCN(c2ncnc3[nH]ccc23)CC1)c1ccc(Cl)cc1,,8.7,1,8.7,8.7,IC50,B,single protein format,single_protein,8,H,2010,,384.8710000000002,2.002400000000001,91.14000000000001,2,5,4,4,3,0.3157894736842105,0.7175085050648926
CHEMBL498051,CHEMBL498051,NC[C@H](Cc1ccncc1)NC(=O)c1cc(Br)c(-c2ccnc3[nH]ccc23)s1,,8.7,1,8.7,8.7,Ki,B,single protein format,single_protein,8,H,2009,,456.3690000000001,3.7487000000000013,96.69,3,5,6,4,4,0.15,0.4118687808713062
CHEMBL3961056,CHEMBL3961056,Cc1cc(-c2cn(CCN3CCC3)c(C3CCN(c4ncnc(N)c4C#N)CC3)n2)ccc1F,,8.7,2,8.7,8.7,IC50,B,single protein format,single_protein,8,H,2015,,460.56100000000015,3.331200000000001,99.89,1,7,6,5,3,0.44,0.6021980806025673
CHEMBL209513,CHEMBL209513,C=Cc1ncc(OC[C@@H](N)Cc2c[nH]c3ccccc23)cc1-c1ccc2cnccc2c1,,8.7,1,8.7,8.7,IC50,B,single protein format,single_protein,9,D,2006,,420.51600000000013,5.369900000000004,76.82,2,4,7,5,5,0.1111111111111111,0.37106712576955947
CHEMBL2325992,CHEMBL2325992,CN(C)CCC(NC(=O)C1(N)CCN(c2ncnc3[nH]ccc23)CC1)c1ccc(Cl)cc1,,8.7,1,8.7,8.7,IC50,B,single protein format,single_protein,9,D,2013,,455.99400000000014,2.7182000000000013,103.17000000000002,3,6,7,4,3,0.43478260869565216,0.5058029553974108
CHEMBL383264,CHEMBL383264,N[C@H](COc1cncc(-c2ccc3cnccc3c2)c1)Cc1c[nH]c2ccccc12,,8.7,4,6.38,8.89,IC50;Ki,B;F,cell-based format;single protein format,mixed,8;9,D;H,2006,,394.4780000000001,4.726900000000003,76.82,2,4,6,5,5,0.12,0.4365759404347882
CHEMBL3904291,CHEMBL3904291,CC(C)Oc1c(N)ncnc1N1CCC(c2nc(-c3ccc(F)c(Cl)c3)cn2CCN2CCCC2)CC1,,8.7,2,8.7,8.7,IC50,B,single protein format,single_protein,8,H,2015,,528.0760000000001,4.981800000000004,85.33,1,7,8,5,3,0.5185185185185185,0.4417998316282206
CHEMBL3701750,CHEMBL3701750,CC1(O)CC(N)(c2ccc(-c3nc4n(c3-c3ccccc3)COc3cnccc3-4)cc2)C1,,8.7,2,8.7,8.7,IC50,B,cell-based format,cell_based,8;9,D;H,2014,,424.5040000000002,4.327800000000003,86.19,2,5,3,6,4,0.23076923076923078,0.5113113294928086
CHEMBL3649668,CHEMBL3649668,NC1(c2ccc(-n3c(C4CC4)nc4ccc(-c5cccc(N6CCOCC6)c5)nc43)cc2)CCC1,,8.7,2,8.7,8.7,IC50,B,single protein format,single_protein,8;9,D;H,2014,,465.6010000000004,5.139400000000005,69.2,1,5,5,7,4,0.3793103448275862,0.4420118784087189
CHEMBL1258900,CHEMBL1258900,Cc1c[nH]c2ncnc(N3CCN(C(=O)[C@H](CN)Cc4ccc(Cl)cc4)CC3)c12,,8.7,1,8.7,8.7,IC50,B,single protein format,single_protein,8,H,2010,,412.9250000000001,2.3859200000000005,91.14,2,5,5,4,3,0.38095238095238093,0.670956857689769
CHEMBL3946920,CHEMBL3946920,COCC1CN(c2cnc(C(=O)Nc3csc(-c4nncn4[C@@H](C)C(F)(F)F)n3)cc2-n2cnc(C3CC3)c2)C1,,8.7,2,8.7,8.7,IC50,B,single protein format,single_protein,8,H,2015,,573.605,4.317900000000003,115.87999999999998,1,9,9,6,4,0.44,0.31492946745910205
CHEMBL596290,CHEMBL596290,Cc1n[nH]c2ncc(-c3cc(OC[C@@H](N)Cc4c[nH]c5ccccc45)cnc3-c3ccoc3)nc12,,8.7,1,8.7,8.7,IC50,B,single protein format,single_protein,8,H,2010,,465.5170000000001,4.413420000000003,131.52999999999997,3,7,7,6,6,0.15384615384615385,0.3180439479284189
CHEMBL469591,CHEMBL469591,CNCC(Cc1ccccc1)NC(=O)c1cc(Br)c(-c2ccnc3[nH]ccc23)s1,,8.7,1,8.7,8.7,IC50,B,single protein format,single_protein,8,H,2009,,469.4080000000001,4.6144000000000025,69.81,3,4,7,4,4,0.18181818181818182,0.3702691866789941
CHEMBL1099290,CHEMBL1099290,CCn1c(-c2nonc2N)nc2c(C#CC(C)(C)O)nc(CN(C)C)cc21,,8.7,1,8.7,8.7,IC50,B,single protein format,single_protein,8,H,2009,,369.4290000000001,1.2673999999999999,119.12,2,8,4,3,3,0.4444444444444444,0.6599470453860149
CHEMBL523523,CHEMBL523523,CCn1c(-c2nonc2N)nc2c(C#CCO)ncc(OCCCN)c21,,8.7,1,8.7,8.7,IC50,B,single protein format,single_protein,9,D,2008,,357.3740000000002,0.15479999999999927,151.13000000000002,3,9,6,3,3,0.375,0.4134274765429904
CHEMBL1257512,CHEMBL1257512,NC[C@@H](C(=O)N1CCN(c2ncnc3[nH]cc(Cl)c23)CC1)c1ccc(Cl)c(Cl)c1,,8.7,1,8.7,8.7,IC50,B,single protein format,single_protein,8,H,2010,,453.7610000000003,3.3092000000000024,91.14000000000001,2,5,4,4,3,0.3157894736842105,0.6322683897070259
CHEMBL3953748,CHEMBL3953748,COC1(C)CN(c2cnc(C(=O)Nc3csc(-c4nncn4[C@@H](C)C(F)(F)F)n3)cc2-n2cnc(C3CC3)c2)C1,,8.7,2,8.7,8.7,IC50,B,single protein format,single_protein,8,H,2015,,573.605,4.4604000000000035,115.87999999999998,1,9,8,6,4,0.44,0.32861747268476144
CHEMBL3970127,CHEMBL3970127,CC1Cc2c(ccc(F)c2Cl)N1C(=O)Cc1nc(N2CCOCC2)c(F)c(=O)[nH]1,,8.7,2,8.7,8.7,IC50,B,assay format;cell-based format,cell_based,8,H,2015,,424.8350000000002,2.0584,78.53,1,5,3,4,2,0.42105263157894735,0.8156227487779506
CHEMBL482537,CHEMBL482537,NC[C@H](Cc1ccc(C(F)(F)F)cc1)NC(=O)c1cc(Br)c(-c2ccnc3[nH]ccc23)s1,,8.7,2,8.7,8.7,IC50;Ki,B,single protein format,single_protein,8,H,2009,,523.378,5.372500000000002,83.79999999999998,3,4,6,4,4,0.18181818181818182,0.31782894035367937
CHEMBL3910755,CHEMBL3910755,CC1Cc2c(ccc(F)c2F)N1C(=O)Cc1nc(N2CCOCC2)cc(=O)[nH]1,,8.7,4,8.4,9.0,IC50,B,assay format;cell-based format,cell_based,8,H,2015,,390.39000000000016,1.405,78.53,1,5,3,4,2,0.42105263157894735,0.8574285938488871
CHEMBL3701773,CHEMBL3701773,CCONC(=O)c1ccc2c(c1)OCn1c-2nc(-c2ccc(C3(N)CC(C)(O)C3)cc2)c1-c1ccccc1,,8.68,2,8.68,8.68,IC50,B,cell-based format,cell_based,8;9,D;H,2014,,510.5940000000003,4.614100000000004,111.63,3,6,6,6,4,0.26666666666666666,0.3266917921206442
CHEMBL390372,CHEMBL390372,Cc1n[nH]c2ccc(-c3cncc(OC[C@@H](N)Cc4cccc(Br)c4)c3)cc12,,8.68,1,8.68,8.68,IC50,B,single protein format,single_protein,9,D,2007,,437.341,4.644620000000002,76.82,2,4,6,4,4,0.18181818181818182,0.4607431225574106
CHEMBL3916178,CHEMBL3916178,CCOc1c(N)ncnc1N1CCC(c2nc(-c3ccc(F)c(C)c3)cn2CCN2CCC2)CC1,,8.68,2,8.68,8.68,IC50,B,single protein format,single_protein,8,H,2015,,479.6040000000004,3.858220000000003,85.33,1,7,8,5,3,0.5,0.5251136045276377
CHEMBL3961404,CHEMBL3961404,C[C@H](n1cnnc1-c1nc(NC(=O)c2cc(-n3cnc(C4CC4)c3)c(N3CCC4(CC3)COC4)cn2)cs1)C(F)(F)F,,8.68,2,8.68,8.68,IC50,B,single protein format,single_protein,8,H,2015,,599.6430000000006,4.8521000000000045,115.88,1,9,7,7,4,0.48148148148148145,0.3206295271124093
CHEMBL3910789,CHEMBL3910789,CCc1c(N)ncnc1N1CCC(c2nc(-c3ccnc(C(F)(F)F)c3)cn2CCNC)CC1,,8.68,2,8.68,8.68,IC50,B,single protein format,single_protein,8,H,2015,,474.5350000000002,3.501900000000002,97.78,2,7,7,4,3,0.4782608695652174,0.5408940792460796
CHEMBL3928772,CHEMBL3928772,CCOc1c(N)ncnc1N1CCC(c2nc(-c3ccc(F)c(Cl)c3)cn2CCN2CCCC2)CC1,,8.68,2,8.68,8.68,IC50,B,single protein format,single_protein,8,H,2015,,514.0490000000003,4.593300000000004,85.33,1,7,8,5,3,0.5,0.4710574403064482
CHEMBL3961734,CHEMBL3961734,C[C@H](n1cnnc1-c1nc(NC(=O)c2cc(-n3cnc(C4CC4)c3)c(N3CCC(F)(F)C3)cn2)cs1)C(F)(F)F,,8.68,2,8.68,8.68,IC50,B,single protein format,single_protein,8,H,2015,,579.5590000000004,5.080700000000004,106.64999999999999,1,8,7,6,4,0.4166666666666667,0.3045076407235253
CHEMBL208790,CHEMBL208790,Cc1[nH]c2ccccc2c1C[C@H](N)COc1cncc(-c2ccc3[nH]nc(C)c3c2)c1,,8.68,1,8.68,8.68,Ki,B,single protein format,single_protein,9,D,2006,,411.50900000000007,4.671840000000003,92.61,3,4,6,5,5,0.2,0.37845592826565705
CHEMBL3218297,CHEMBL3218011,O=C(NCc1cccc(O)c1)Nc1nc(-c2ccncc2)cs1,,8.67,1,8.67,8.67,IC50,B,single protein format,single_protein,9,D,2012,,326.38100000000003,3.232400000000002,87.14,3,5,4,3,3,0.0625,0.6867305860959965
CHEMBL3701758,CHEMBL3701758,CC1(O)CC(N)(c2ccc(-c3nc4n(c3-c3ccccc3)COc3ccc(CO)cc3-4)cc2)C1,,8.66,2,8.66,8.66,IC50,B,cell-based format,cell_based,8;9,D;H,2014,,453.54200000000026,4.425100000000003,93.53,3,5,4,6,4,0.25,0.4252054304204644
CHEMBL3893936,CHEMBL3893936,COC1(C)CCN(c2cnc(C(=O)Nc3csc(-c4nncn4[C@@H](C)C(F)(F)F)n3)cc2-n2cnc(C3CC3)c2)CC1,,8.66,2,8.66,8.66,IC50,B,single protein format,single_protein,8,H,2015,,601.6589999999999,5.240600000000005,115.87999999999998,1,9,8,6,4,0.48148148148148145,0.2916355347635261
CHEMBL3977147,CHEMBL3977147,Nc1ncnc(N2CCC(c3nc(-c4ccnc(C(F)(F)F)c4)cn3CCN3CCC3)CC2)c1Br,,8.66,2,8.66,8.66,IC50,B,single protein format,single_protein,8,H,2015,,551.4150000000004,4.1883000000000035,88.99,1,7,6,5,3,0.4782608695652174,0.4918100036995188
CHEMBL3908126,CHEMBL3908126,O=C(Nc1csc(-c2nncn2C2CC2)n1)c1cc(-n2cnc(C3CC3)c2)c(N2CC(C(F)F)C2)cn1,,8.66,2,8.66,8.66,IC50,B,single protein format,single_protein,8,H,2015,,523.5730000000002,4.148200000000003,106.64999999999999,1,8,8,7,4,0.4166666666666667,0.36982415052612677
CHEMBL3891980,CHEMBL3891980,C=Cc1c(N)ncnc1N1CCC(c2nc(-c3ccnc(C(C)C)c3)cn2CCN2CCC2)CC1,,8.66,2,8.66,8.66,IC50,B,single protein format,single_protein,8,H,2015,,472.64100000000036,4.1734000000000036,88.99,1,7,8,5,3,0.48148148148148145,0.5261477481895025
CHEMBL3986793,CHEMBL3986793,Nc1ncnc(N2CCC(c3nc(-c4ccc(F)c(C(F)(F)F)c4)cn3CCN3CCCC3)CC2)c1Cl,,8.66,2,8.66,8.66,IC50,B,single protein format,single_protein,8,H,2015,,537.9930000000004,5.213400000000005,76.10000000000001,1,6,6,5,3,0.48,0.4348839836230012
CHEMBL5948798,CHEMBL5948798,NC1(C(=O)N[C@@H](CCO)c2ccc(Br)cc2)CCN(c2ncnc3[nH]ccc23)CC1,,8.66,1,8.66,8.66,IC50,B,single protein format,single_protein,8,H,2016,,473.3750000000003,2.258,120.16,4,6,6,4,3,0.38095238095238093,0.43614769216434807
CHEMBL3953359,CHEMBL3953359,C[C@H](n1cnnc1-c1nc(NC(=O)c2cc(-n3cnc(C4CC4)c3)c(N3CC4CC4C3)cn2)cs1)C(F)(F)F,,8.66,2,8.66,8.66,IC50,B,single protein format,single_protein,8,H,2015,,555.5900000000005,4.691400000000004,106.64999999999999,1,8,7,7,4,0.44,0.3526233234137205
CHEMBL3898363,CHEMBL3898363,N#CC1CCN(c2cnc(C(=O)Nc3csc(-c4nncn4C4CC4)n3)cc2-n2cnc(C3CC3)c2)CC1,,8.66,2,8.66,8.66,IC50,B,single protein format,single_protein,8,H,2015,,526.6300000000002,4.186880000000003,130.44,1,9,7,7,4,0.4230769230769231,0.37938009741039297
CHEMBL494089,CHEMBL494089,CCn1c(-c2nonc2N)nc2c(C#CC(C)(C)O)ncc(OC[C@H]3CCCNC3)c21,GSK-690693,8.66,9,6.26,9.22,IC50;Kd;Ki,B,cell-based format;single protein format;subcellular format,mixed,8;9,D;H,2008;2011;2014;2017;2018;2020,1,425.4930000000002,1.5841999999999998,137.14000000000001,3,9,5,4,3,0.5238095238095238,0.5202565020980736
CHEMBL4574111,CHEMBL4595158,Nc1cccc(-c2ccc3nc(-c4cccnc4N)n(-c4ccc(C5(N)CCC5)cc4)c3n2)c1,,8.655000000000001,2,8.59,8.72,IC50,B,cell-based format,cell_based,9,D,2016,,447.5460000000003,4.651800000000002,121.66,3,6,4,6,5,0.14814814814814814,0.3447628737178932
CHEMBL5712063,CHEMBL5712063,C=CC(=O)Nc1cc2c(cc1Cl)[nH]c(=O)n2C1CCN(Cc2ccc(-c3nc4cc[nH]c(=O)c4cc3-c3ccccc3)cc2)CC1,,8.655000000000001,2,8.39,8.92,IC50;Ki,B,cell-based format,cell_based,9,D,2019,,631.1360000000003,6.515100000000005,115.88,3,5,7,7,6,0.16666666666666666,0.17386261284146412
CHEMBL3908356,CHEMBL3908356,CNC(=O)C1CCN(c2cnc(C(=O)Nc3csc(-c4nncn4[C@@H](C)C(F)(F)F)n3)cc2-n2cnc(C3CC3)c2)CC1,,8.64,2,8.64,8.64,IC50,B,single protein format,single_protein,8,H,2015,,614.6579999999998,4.197700000000003,135.75,2,9,8,6,4,0.4444444444444444,0.3016379071669198
CHEMBL3967750,CHEMBL3967750,CCc1c(N)ncnc1N1CCC(c2nc(-c3ccc(F)c(C)c3)cn2CC2CNC2)CC1,,8.64,2,8.64,8.64,IC50,B,single protein format,single_protein,8,H,2015,,449.57800000000026,3.5356200000000015,84.89000000000001,2,6,6,5,3,0.48,0.5988937290003519
CHEMBL3981085,CHEMBL3981085,COc1c(N)ncnc1N1CCC(c2nc(-c3ccc(F)c(C)c3)cn2CC2CNC2)CC1,,8.64,2,8.64,8.64,IC50,B,single protein format,single_protein,8,H,2015,,451.55000000000024,2.981820000000001,94.12,2,7,6,5,3,0.4583333333333333,0.5950195780781241
CHEMBL3894578,CHEMBL3894578,Nc1ncnc(N2CCC(c3nc(-c4ccc(F)c(C(F)(F)F)c4)cn3CCN3CCC3)CC2)c1Br,,8.64,2,8.64,8.64,IC50,B,single protein format,single_protein,8,H,2015,,568.4170000000004,4.932400000000005,76.10000000000001,1,6,6,5,3,0.4583333333333333,0.4254348444416699
CHEMBL3701726,CHEMBL3701726,NC1(c2ccc(-c3nc4n(c3-c3ccccc3)COc3c(F)cccc3-4)cc2)CC(O)(C2CC2)C1,,8.64,2,8.64,8.64,IC50,B,cell-based format,cell_based,8;9,D;H,2014,,467.54400000000027,5.462000000000005,73.3,2,4,4,7,4,0.27586206896551724,0.417943699378617
CHEMBL3986247,CHEMBL3986247,O=C(Nc1csc(-c2nncn2C2CC2)n1)c1cc(-n2cnc(C3CC3)c2)c(N2CC(N3CCOCC3)C2)cn1,,8.64,2,8.64,8.64,IC50,B,single protein format,single_protein,8,H,2015,,558.6720000000003,2.9677000000000007,119.11999999999999,1,10,8,8,4,0.48148148148148145,0.34809957353662785
CHEMBL3972479,CHEMBL3972479,Cc1cc(-c2cn(CCNCC3CC3)c(C3CCN(c4ncnc(N)c4C#N)CC3)n2)ccc1F,,8.64,2,8.64,8.64,IC50,B,single protein format,single_protein,8,H,2015,,474.5880000000002,3.6251000000000015,108.67999999999999,2,7,8,5,3,0.46153846153846156,0.4800356785723811
CHEMBL3926976,CHEMBL3926976,C[C@H](n1cnnc1-c1nc(NC(=O)c2cc(-n3cnc(C4CC4)c3)c(N3CCN4C(=O)OCC4C3)cn2)cs1)C(F)(F)F,,8.64,2,8.64,8.64,IC50,B,single protein format,single_protein,8,H,2015,,614.6140000000006,3.8761000000000028,136.19,1,10,7,7,4,0.4230769230769231,0.3290058988356089
CHEMBL3903522,CHEMBL3903522,Nc1ncnc(N2CCC(c3nc(-c4ccc(F)c(C(F)(F)F)c4)cn3CCN3CCC3)CC2)c1-c1ccc(F)cc1,,8.64,2,8.64,8.64,IC50,B,single protein format,single_protein,8,H,2015,,583.6090000000004,5.976000000000005,76.10000000000001,1,6,7,6,4,0.36666666666666664,0.27017992108702715
CHEMBL3927877,CHEMBL3927877,N#Cc1c(N)ncnc1N1CCC(c2nc(-c3ccc(F)c(C(F)(F)F)c3)cn2CCN2CCCCC2)CC1,,8.64,2,8.64,8.64,IC50,B,single protein format,single_protein,8,H,2015,,542.5850000000002,4.821780000000004,99.89,1,7,6,5,3,0.48148148148148145,0.4459516810113693
CHEMBL3904498,CHEMBL3904498,COC1CCN(c2cnc(C(=O)Nc3csc(-c4nncn4[C@@H](C)C(F)(F)F)n3)cc2-n2cnc(C3CC3)c2)CC1,,8.64,2,8.64,8.64,IC50,B,single protein format,single_protein,8,H,2015,,587.632,4.850500000000005,115.87999999999998,1,9,8,6,4,0.46153846153846156,0.3111730447985522
CHEMBL3679633,CHEMBL3679633,N=C(c1ccccc1)n1c(=N)ccc2nc(-c3ccc(C4(N)CCC4)cc3)c(-c3ccccc3)cc21,,8.64,2,8.64,8.64,IC50,B,single protein format,single_protein,8;9,D;H,2013,,469.5920000000003,6.061340000000004,91.54,3,4,4,6,5,0.12903225806451613,0.2204416775012477
CHEMBL3640745,CHEMBL3640745,CC(C)(C)C(=O)N1CCN(c2cccc(-c3ccc4nc(-c5cccnc5N)n(-c5ccc(C6(N)CCC6)cc5)c4n3)c2)CC1,,8.620000000000001,4,8.47,8.77,IC50;Kd,B,single protein format,single_protein,8;9,D;H,2013,,600.7710000000002,5.764300000000004,119.19,2,7,5,7,5,0.3333333333333333,0.26310391958924745
CHEMBL5187287,CHEMBL5187287,CC(C)NC[C@@H](C(=O)N1CCN(c2ncnc3c2C(C)CC(=O)N3)CC1)c1ccc(Cl)cc1,,8.62,1,8.62,8.62,IC50,B,cell-based format,cell_based,9,D,2022,,471.0050000000002,3.0061000000000018,90.46000000000001,2,6,6,4,2,0.5,0.6740826817355133
CHEMBL258837,CHEMBL258837,N#Cc1c[nH]c2ncnc(N3CC4(CCNCC4)c4ccccc43)c12,,8.62,3,7.3,8.7,IC50,B,cell-based format;single protein format,mixed,8;9,D;H,2008;2010,,330.395,2.602480000000001,80.63,2,5,1,5,3,0.3157894736842105,0.7167090549856664
CHEMBL3938454,CHEMBL3938454,COc1cc(-c2cn(CCN3CCC3)c(C3CCN(c4ncnc(N)c4C#N)CC3)n2)ccc1F,,8.62,2,8.62,8.62,IC50,B,single protein format,single_protein,8,H,2015,,476.5600000000002,3.0313800000000013,109.11999999999999,1,8,7,5,3,0.44,0.5542865943669912
CHEMBL3933597,CHEMBL3933597,COc1cc(-c2cn(CCN3CCC3)c(C3CCN(c4ncnc(N)c4C(N)=O)CC3)n2)ccc1F,,8.62,2,8.62,8.62,IC50,B,single protein format,single_protein,8,H,2015,,494.5750000000002,2.2586000000000004,128.42000000000002,2,8,8,5,3,0.44,0.4880339965994047
CHEMBL3899813,CHEMBL3899813,C[C@H](n1cnnc1-c1nc(NC(=O)c2cc(-n3cnc(C4CC4)c3)c(N3CC4CN(C)CC4C3)cn2)cs1)C(F)(F)F,,8.62,2,8.62,8.62,IC50,B,single protein format,single_protein,8,H,2015,,598.6590000000004,4.233100000000004,109.88999999999999,1,9,7,7,4,0.48148148148148145,0.3367403477881156
CHEMBL3701774,CHEMBL3701774,CC1(O)CC(N)(c2ccc(-c3nc4n(c3-c3ccccc3)COc3ccc(C(=O)NCCO)cc3-4)cc2)C1,,8.62,2,8.62,8.62,IC50,B,cell-based format,cell_based,8;9,D;H,2014,,510.59400000000034,3.6549000000000023,122.63000000000001,4,6,6,6,4,0.26666666666666666,0.31408737475823956
CHEMBL3912769,CHEMBL3912769,CC(C)c1cc(-c2cn(CCN3CCC3)c(C3CCN(c4ncnc(N)c4Cl)CC3)n2)ccn1,,8.62,2,8.62,8.62,IC50,B,single protein format,single_protein,8,H,2015,,481.0480000000001,4.183800000000002,88.99,1,7,7,5,3,0.52,0.5420143728540858
CHEMBL227050,CHEMBL227050,Cc1ccc(C[C@H](N)COc2cncc(-c3ccc4[nH]nc(C)c4c3)c2)cc1F,,8.62,1,8.62,8.62,IC50,B,single protein format,single_protein,9,D,2007,,390.4620000000001,4.329640000000003,76.82,2,4,6,4,4,0.21739130434782608,0.5137297295451728
CHEMBL3978053,CHEMBL3978053,O=C(Nc1csc(-c2nncn2C2CC2)n1)c1cc(-n2cnc(C3CC3)c2)c(N2CCN(CC3CC3)CC2)cn1,,8.6,2,8.6,8.6,IC50,B,single protein format,single_protein,8,H,2015,,556.7000000000003,3.978900000000003,109.88999999999999,1,9,9,8,4,0.5,0.329776836228839
CHEMBL3980922,CHEMBL3980922,Nc1ncnc(N2CCC(c3nc(-c4ccnc(C(F)(F)F)c4)cn3CCN3CCC3)CC2)c1Cl,,8.6,2,8.6,8.6,IC50,B,single protein format,single_protein,8,H,2015,,506.9640000000004,4.079200000000004,88.99,1,7,6,5,3,0.4782608695652174,0.5385588415282313
CHEMBL4552655,CHEMBL4552655,Cn1ncc(Cl)c1-c1cc(C(=O)N[C@@H]2CNCC[C@@H]2c2ccc(F)c(F)c2)oc1Cl,,8.6,1,8.6,8.6,IC50,B,assay format,other,9,D,2019,,455.29200000000014,4.140600000000003,72.09,2,4,4,4,3,0.3,0.6206691390752149
CHEMBL4460525,CHEMBL4460525,CC(=O)NCC[C@@H]1C[C@@H](c2ccc(F)c(F)c2)[C@H](NC(=O)c2cc(-c3c(Cl)cnn3C)c(Cl)o2)CN1,,8.6,1,8.6,8.6,IC50,B,assay format,other,9,D,2019,,540.3980000000001,4.035400000000002,101.19000000000001,3,5,7,4,3,0.375,0.42033627842683596
CHEMBL517163,CHEMBL517163,COc1cc2c(cc1Nc1nc(Nc3cccc4c3C(=O)NC4)c3cc[nH]c3n1)N(C(=O)CN(C)C)CC2,,8.6,1,8.6,8.6,IC50,B,single protein format,single_protein,8,H,2009,,512.5740000000003,3.147800000000001,127.50999999999998,4,8,7,6,4,0.25925925925925924,0.2974651515329561
CHEMBL573359,CHEMBL573359,Cc1cc(C[C@H](N)COc2cncc(-c3cc4c(C)n[nH]c4cn3)c2)ccc1F,,8.6,1,8.6,8.6,IC50,B,single protein format,single_protein,8,H,2009,,391.45000000000005,3.7246400000000017,89.71,2,5,6,4,4,0.22727272727272727,0.5227690331286658
CHEMBL3896910,CHEMBL3896910,CCN(CC)CCn1cc(-c2ccc(F)c(C)c2)nc1C1CCN(c2ncnc(N)c2C#N)CC1,,8.6,2,8.6,8.6,IC50,B,single protein format,single_protein,8,H,2015,,476.6040000000003,3.9673000000000025,99.89000000000001,1,7,8,4,3,0.46153846153846156,0.5250591044501038
CHEMBL3920406,CHEMBL3920406,O=C(Nc1csc(-c2nncn2C2CC2)n1)c1cc(-n2cnc(C3CC3)c2)c(N2CCC(F)CC2)cn1,,8.6,2,8.6,8.6,IC50,B,single protein format,single_protein,8,H,2015,,519.6100000000004,4.385200000000004,106.64999999999999,1,8,7,7,4,0.44,0.3860394728942455
CHEMBL3903066,CHEMBL3903066,COCCNCCn1cc(-c2ccc(F)c(C(F)(F)F)c2)nc1C1CCN(c2ncnc(N)c2C#N)CC1,,8.6,2,8.6,8.6,IC50,B,single protein format,single_protein,8,H,2015,,532.5460000000002,3.571880000000001,117.91,2,8,9,4,3,0.44,0.3173427041930404
CHEMBL3919834,CHEMBL3919834,CC(C)NCCn1cc(-c2ccc(F)c(C(F)(F)F)c2)nc1C1CCN(c2ncnc(N)c2C(N)=O)CC1,,8.6,2,8.6,8.6,IC50,B,single protein format,single_protein,8,H,2015,,534.5620000000001,3.5610999999999997,127.97999999999999,3,7,8,4,3,0.44,0.3771893188379539
CHEMBL226996,CHEMBL226996,Cc1cc(C[C@H](N)COc2cncc(-c3ccc4[nH]nc(C)c4c3)c2)ccc1Br,,8.6,1,8.6,8.6,IC50,B,single protein format,single_protein,9,D,2007,,451.36800000000017,4.953040000000003,76.82,2,4,6,4,4,0.21739130434782608,0.43491553225068963
CHEMBL572907,CHEMBL572907,N[C@H](COc1cncc(-c2ccc3[nH]nc(C4CC4)c3c2)c1)Cc1c[nH]c2ccccc12,,8.59,1,8.59,8.59,IC50,B,single protein format,single_protein,8,H,2009,,423.52000000000015,4.932400000000004,92.60999999999999,3,4,7,6,5,0.23076923076923078,0.3459277654315791
CHEMBL3891820,CHEMBL3891820,CCc1c(N)ncnc1N1CCC(c2nc(-c3ccc(F)c(C)c3)cn2CCN(CC)CC)CC1,,8.59,2,8.59,8.59,IC50,B,single protein format,single_protein,8,H,2015,,479.64800000000037,4.658020000000005,76.10000000000001,1,6,9,4,3,0.5185185185185185,0.48116119738385776
CHEMBL3903012,CHEMBL3903012,C[C@H](n1cnnc1-c1nc(NC(=O)c2cc(-n3cnc(C4CC4)c3)c(N3CC4(CCOCC4)C3)cn2)cs1)C(F)(F)F,,8.59,2,8.59,8.59,IC50,B,single protein format,single_protein,8,H,2015,,599.6430000000006,4.8521000000000045,115.88,1,9,7,7,4,0.48148148148148145,0.3206295271124093
CHEMBL4451765,CHEMBL4451765,Cn1ncc(Cl)c1-c1cc(C(=O)N[C@@H]2CN[C@H](CCCO)C[C@H]2c2ccc(Cl)c(Cl)c2)oc1Cl,,8.59,1,8.59,8.59,IC50,B,assay format,other,9,D,2019,,546.2820000000004,5.310300000000005,92.32000000000001,3,5,7,4,3,0.391304347826087,0.3738993960369601
CHEMBL5877555,CHEMBL5877555,COc1cc(C(C)=O)nn2c(-c3ccccc3)c(-c3ccc(C4(N)CCC4)cc3)nc12,,8.59,1,8.59,8.59,IC50,B,single protein format,single_protein,8,H,2017,,412.4930000000002,4.612400000000004,82.50999999999999,1,5,5,5,4,0.24,0.48406075224678596
CHEMBL3962807,CHEMBL3962807,N#Cc1c(N)ncnc1N1CCC(c2nc(-c3ccc(F)c(C(F)(F)F)c3)cn2CCN2CCC2)CC1,,8.59,2,8.59,8.59,IC50,B,single protein format,single_protein,8,H,2015,,514.5310000000003,4.041580000000003,99.89,1,7,6,5,3,0.44,0.49580946175407736
CHEMBL3913659,CHEMBL3913659,CCN(CC)CCn1cc(-c2ccc(F)c(C)c2)nc1C1CCN(c2ncnc(N)c2OC(C)C)CC1,,8.59,2,8.59,8.59,IC50,B,single protein format,single_protein,8,H,2015,,509.6740000000004,4.882820000000004,85.33000000000001,1,7,10,4,3,0.5357142857142857,0.4167627774973858
CHEMBL5804752,CHEMBL5804752,CC[C@H](NC(=O)C1(N)CCN(c2ncnc3[nH]ccc23)CC1)c1ccc(Cl)cc1,,8.59,1,8.59,8.59,IC50,B,single protein format,single_protein,8,H,2016,,412.9250000000002,3.1765000000000017,99.93,3,5,5,4,3,0.38095238095238093,0.597206574253254
CHEMBL4475923,CHEMBL4475923,CNC(=O)C[C@@H]1C[C@@H](c2ccc(Cl)c(Cl)c2)[C@H](NC(=O)c2cc(-c3c(Cl)cnn3C)c(Cl)o2)CN1,,8.58,1,8.58,8.58,IC50,B,assay format,other,9,D,2019,,559.2810000000001,4.673900000000003,101.19000000000001,3,5,6,4,3,0.34782608695652173,0.407781056693745
CHEMBL3930708,CHEMBL3930708,CC1Cc2c(ccc(F)c2Cl)N1C(=O)Cc1nc(N2CCOCC2)cc(=O)[nH]1,,8.575,4,8.15,9.0,IC50,B,assay format;cell-based format,cell_based,8,H,2015,,406.8450000000002,1.9192999999999998,78.53,1,5,3,4,2,0.42105263157894735,0.8421233584304713
CHEMBL3897066,CHEMBL3897066,Cn1cc(-c2ccc(F)c(C(F)(F)F)c2)nc1C1CCN(c2ncnc(N)c2-c2ccc(C#N)cc2)CC1,,8.57,2,8.57,8.57,IC50,B,single protein format,single_protein,8,H,2015,,521.5220000000003,5.539880000000005,96.65,1,6,4,5,4,0.25925925925925924,0.3544342923866592
CHEMBL4867422,CHEMBL5028582,Cn1nccc1-c1ccc(C(=O)N[C@@H]2CNCC[C@H]2c2ccc(F)c(F)c2)cc1F,,8.57,1,8.57,8.57,IC50,B,cell-based format,cell_based,9,D,2021,,414.43100000000004,3.379900000000002,58.95,2,3,4,4,3,0.2727272727272727,0.6883069589354837
CHEMBL3927590,CHEMBL3927590,Nc1ncnc(N2CCC(c3nc(-c4ccc(F)c(C(F)(F)F)c4)cn3CCN3CCC3)CC2)c1[N+](=O)[O-],,8.57,2,8.57,8.57,IC50,B,single protein format,single_protein,8,H,2015,,534.5180000000004,4.078100000000003,119.24000000000001,1,8,7,5,3,0.4583333333333333,0.2737084892234228
CHEMBL3963056,CHEMBL3963056,Cc1cc(-c2cn(CCN(C)C(C)C)c(C3CCN(c4ncnc(N)c4C#N)CC3)n2)ccc1F,,8.57,2,8.57,8.57,IC50,B,single protein format,single_protein,8,H,2015,,476.6040000000002,3.965700000000002,99.89,1,7,7,4,3,0.46153846153846156,0.55075126273927
CHEMBL3963748,CHEMBL3963748,O=C(Nc1csc(-c2nncn2C2CC2)n1)c1cc(-n2cnc(C3CC3)c2)c(N2CCN3C(=O)OCC3C2)cn1,,8.57,2,8.57,8.57,IC50,B,single protein format,single_protein,8,H,2015,,558.6280000000003,3.0877000000000017,136.19,1,10,7,8,4,0.4230769230769231,0.3628269561239283
CHEMBL3964706,CHEMBL3964706,O=C(Nc1csc(-c2nncn2C2CC2)n1)c1cc(-n2cnc(C3CC3)c2)c(N2CCN3CCCC3C2)cn1,,8.57,2,8.57,8.57,IC50,B,single protein format,single_protein,8,H,2015,,542.6730000000003,3.7313000000000027,109.88999999999999,1,9,7,8,4,0.48148148148148145,0.37627513199959967
CHEMBL3909180,CHEMBL3909180,CC(C)N(C)CCn1cc(-c2ccc(F)c(C(F)(F)F)c2)nc1C1CCN(c2ncnc(N)c2C#N)CC1,,8.57,2,8.57,8.57,IC50,B,single protein format,single_protein,8,H,2015,,530.5740000000002,4.676080000000003,99.89000000000001,1,7,7,4,3,0.46153846153846156,0.44311221700580117
CHEMBL3908552,CHEMBL3908552,Nc1ncnc(N2CCC(c3nc(-c4ccnc(C(F)(F)F)c4)cn3CCN3CCC3)CC2)c1-c1cnoc1,,8.57,2,8.57,8.57,IC50,B,single protein format,single_protein,8,H,2015,,539.5660000000004,4.0808000000000035,115.02,1,9,7,6,4,0.4230769230769231,0.3709382390501636
CHEMBL5818600,CHEMBL5818600,NCC1(C(=O)NC(CCO)c2ccc(Cl)cc2)CCN(c2ncnc3[nH]ccc23)CC1,,8.57,1,8.57,8.57,IC50,B,single protein format,single_protein,8,H,2016,,442.95100000000025,2.3965000000000005,120.16,4,6,7,4,3,0.4090909090909091,0.44562712781713604
CHEMBL3985943,CHEMBL3985943,Cc1cc(-c2cn(CCN3CCC3)c(C3CCN(c4ncnc(N)c4OC(C)C)CC3)n2)ccc1F,,8.57,2,8.57,8.57,IC50,B,single protein format,single_protein,8,H,2015,,493.6310000000002,4.2467200000000025,85.33,1,7,8,5,3,0.5185185185185185,0.5021833622029847
CHEMBL1099298,CHEMBL1099298,CCn1c(-c2nonc2N)nc2c(C#CC(C)(C)O)nc(O[C@H](CCN)c3ccccc3)cc21,,8.56,2,8.4,8.72,IC50;Ki,B,single protein format,single_protein,8,H,2009,,461.5260000000002,2.6747000000000005,151.13000000000002,3,9,7,4,4,0.3333333333333333,0.3527347395122947
CHEMBL4517950,CHEMBL4517950,Cn1ncc(Cl)c1-c1cc(C(=O)N[C@@H]2CN[C@H](CCO)C[C@H]2c2ccc(Cl)c(Cl)c2)oc1Cl,,8.56,1,8.56,8.56,IC50,B,assay format,other,9,D,2019,,532.2550000000003,4.920200000000005,92.32000000000001,3,5,6,4,3,0.36363636363636365,0.41954742665695355
CHEMBL1254114,CHEMBL1254114,CCCc1cc(-c2cncc(OC[C@@H](N)Cc3c[nH]c4ccccc34)c2)cc2c(C)n[nH]c12,,8.55,1,8.55,8.55,IC50,B,cell-based format,cell_based,8,H,2009,,439.5630000000001,5.315920000000003,92.60999999999999,3,4,8,5,5,0.25925925925925924,0.30519319912654896
CHEMBL3951747,CHEMBL3951747,Nc1ncnc(N2CCC(c3nc(-c4ccnc(C(F)(F)F)c4)cn3CCNCCCCl)CC2)c1Br,,8.55,2,8.55,8.55,IC50,B,single protein format,single_protein,8,H,2015,,587.8760000000004,4.701100000000004,97.78,2,7,9,4,3,0.4782608695652174,0.2766601853214653
CHEMBL3895494,CHEMBL3895494,COC1CCN(c2cnc(C(=O)Nc3csc(-c4nncn4C4CC4)n3)cc2-n2cnc(C3CC3)c2)C1,,8.55,2,8.55,8.55,IC50,B,single protein format,single_protein,8,H,2015,,517.6190000000003,3.6720000000000024,115.87999999999998,1,9,8,7,4,0.44,0.37640502169619655
CHEMBL3954180,CHEMBL3954180,O=C(Nc1csc(-c2nncn2C2CC2)n1)c1cc(-n2cnc(C3CC3)c2)c(N2CCN(C3CC3)CC2)cn1,,8.55,2,8.55,8.55,IC50,B,single protein format,single_protein,8,H,2015,,542.6730000000003,3.7313000000000027,109.88999999999999,1,9,8,8,4,0.48148148148148145,0.3587421934651764
CHEMBL3957053,CHEMBL3957053,CCN(CCn1cc(-c2ccc(F)c(C)c2)nc1C1CCN(c2ncnc(N)c2C#N)CC1)C(C)C,,8.55,2,8.55,8.55,IC50,B,single protein format,single_protein,8,H,2015,,490.63100000000037,4.355800000000003,99.89000000000001,1,7,8,4,3,0.48148148148148145,0.5008241760595105
CHEMBL5409113,CHEMBL5499304,O=C(N[C@@H]1CNCC[C@H]1c1cc(F)cc(F)c1)c1ccc2c(c1)OCCn1ncc(Cl)c1-2,,8.55,1,8.55,8.55,IC50,B,single protein format,single_protein,9,D,2023,,458.89600000000024,3.7496000000000027,68.18,2,4,3,5,3,0.30434782608695654,0.627000013513299
CHEMBL3957940,CHEMBL3957940,O=C(Nc1csc(-c2nncn2C2CC2)n1)c1cc(-n2cnc(C3CC3)c2)c(N2CC(F)(F)C2)cn1,,8.55,2,8.55,8.55,IC50,B,single protein format,single_protein,8,H,2015,,509.5460000000003,3.9022000000000023,106.64999999999999,1,8,7,7,4,0.391304347826087,0.4026872742283579
CHEMBL5195745,CHEMBL5195745,CC(C)NC[C@@H](C(=O)N1C2CCC1CN(c1ncnc3c1[C@H](C)CC(=O)N3)C2)c1ccc(Cl)cc1,,8.55,1,8.55,8.55,IC50,B,cell-based format,cell_based,9,D,2022,,497.04300000000023,3.5371000000000015,90.46000000000001,2,6,6,5,2,0.5384615384615384,0.6354165362204998
CHEMBL388312,CHEMBL388312,N[C@H](COc1cncc(-c2cc3c(Cl)n[nH]c3cn2)c1)Cc1cccc(C(F)(F)F)c1,,8.54,1,8.54,8.54,IC50,B,single protein format,single_protein,9,D,2007,,447.8480000000001,4.640900000000003,89.71,2,5,6,4,4,0.19047619047619047,0.44912865032714805
CHEMBL3953443,CHEMBL3953443,O=C(Nc1csc(-c2nncn2C2CC2)n1)c1cc(-n2cnc(C3CC3)c2)c(N2CCN(CC(F)(F)F)CC2)cn1,,8.54,2,8.54,8.54,IC50,B,single protein format,single_protein,8,H,2015,,584.6320000000002,4.131200000000003,109.88999999999999,1,9,8,7,4,0.46153846153846156,0.32940098489579034
CHEMBL4445510,CHEMBL4445510,Cn1ncc(Cl)c1-c1cc(C(=O)N[C@@H]2CNCC[C@H]2c2ccc(Cl)c(Cl)c2)oc1Cl,,8.54,1,8.54,8.54,IC50,B,assay format,other,9,D,2019,,488.2020000000002,5.169200000000004,72.09,2,4,4,4,3,0.3,0.5320586255038162
CHEMBL4213657,CHEMBL4213657,O=C(N1CCN(c2ncnc3[nH]cc(Cl)c23)CC1)C1(c2ccc(Cl)c(Cl)c2)CCNCC1,,8.54,1,8.54,8.54,IC50,B,single protein format,single_protein,9,D,2017,,493.82600000000036,3.8881000000000014,77.15,2,5,3,5,3,0.4090909090909091,0.5788262250636721
CHEMBL3911853,CHEMBL3911853,Nc1ncnc(N2CCC(c3nc(-c4ccc(F)cc4)cn3CCN3CCCC3)CC2)c1Br,,8.54,2,8.54,8.54,IC50,B,single protein format,single_protein,8,H,2015,,514.4470000000003,4.303700000000004,76.10000000000001,1,6,6,5,3,0.4583333333333333,0.5288577765012316
CHEMBL577795,CHEMBL577795,Nc1n[nH]c2ccc(-c3cncc(OC[C@@H](N)Cc4c[nH]c5ccccc45)c3)cc12,,8.54,1,8.54,8.54,IC50,B,single protein format,single_protein,8,H,2009,,398.4700000000001,3.6372000000000018,118.63,4,5,6,5,5,0.13043478260869565,0.3481768853537984
CHEMBL3890076,CHEMBL3890076,Cc1cc(-c2cn(CCNC(C)C)c(C3CCN(c4ncnc(N)c4C#N)CC3)n2)ccc1F,,8.54,2,8.54,8.54,IC50,B,single protein format,single_protein,8,H,2015,,462.5770000000002,3.6235000000000017,108.67999999999999,2,7,7,4,3,0.44,0.5518766967636843
CHEMBL3701735,CHEMBL3701735,COc1ccc2c(c1)-c1nc(-c3ccc(C4(N)CC(C)(O)C4)cc3)c(-c3ccccc3)n1CO2,,8.54,2,8.54,8.54,IC50,B,cell-based format,cell_based,8;9,D;H,2014,,453.54200000000014,4.941400000000004,82.53000000000002,2,5,4,6,4,0.25,0.457313215719147
CHEMBL3968352,CHEMBL3968352,N#Cc1c(N)ncnc1N1CCC(c2nc(-c3ccc(F)c(C(F)(F)F)c3)cn2CC2CCCN2)CC1,,8.54,2,8.54,8.54,IC50,B,single protein format,single_protein,8,H,2015,,514.5310000000002,4.087880000000003,108.68,2,7,5,5,3,0.44,0.4939639344846391
CHEMBL2177390,CHEMBL2177390,CC(C)NC[C@@H](C(=O)N1CCN(c2ncnc3c2[C@H](C)C[C@H]3O)CC1)c1ccc(Cl)cc1,IPATASERTIB,8.525,8,6.8,9.19,IC50;Kd,B,assay format;cell-based format;single protein format,mixed,8;9,D;H,2012;2019;2020;2021;2022,3,458.0060000000002,3.1010000000000018,81.59,2,6,6,4,2,0.5416666666666666,0.6932733327579151
CHEMBL3672065,CHEMBL3672065,Cc1cccc(-c2nc(C3CCN(Cc4ccc(-c5nc6nccn6cc5-c5ccccc5F)cc4)CC3)n[nH]2)n1,,8.52,2,8.52,8.52,IC50,B,cell-based format,cell_based,9,D,2015,,544.6380000000001,6.0705200000000055,87.89,1,6,6,7,6,0.21875,0.2738598198335089
CHEMBL470410,CHEMBL470410,CNCC(NC(=O)c1cc(Br)c(-c2ccnc3[nH]ccc23)s1)c1ccccc1,,8.52,1,8.52,8.52,IC50,B,single protein format,single_protein,8,H,2009,,455.3810000000001,4.744400000000002,69.81,3,4,6,4,4,0.14285714285714285,0.39335415949488894
CHEMBL605733,CHEMBL605733,Cc1n[nH]c2ccc(-c3cc(OC[C@@H](N)Cc4ccccc4)cnc3-c3cc(Cl)ccc3O)cc12,,8.52,1,8.52,8.52,IC50,B,single protein format,single_protein,8,H,2010,,484.98700000000014,5.908120000000005,97.05,3,5,7,5,5,0.14285714285714285,0.26666959881628893
CHEMBL593374,CHEMBL593374,Cc1occc1-c1nc(N)c(OC[C@@H](N)Cc2c[nH]c3ccccc23)cc1-c1ccc2[nH]nc(C)c2c1,,8.52,1,8.52,8.52,IC50,B,single protein format,single_protein,9,D,2010,,492.58300000000014,5.514040000000003,131.76999999999998,4,6,7,6,6,0.1724137931034483,0.2321771771049804
CHEMBL3112851,CHEMBL3112851,Cc1cccc2c1CCN2C(=O)Cc1nc(N2CCOCC2)cc(=O)[nH]1,,8.52,2,8.52,8.52,IC50,B,assay format;cell-based format,cell_based,8;9,D;H,2015,,354.4100000000001,1.0467199999999999,78.53,1,5,3,4,2,0.42105263157894735,0.8912753914470786
CHEMBL522351,CHEMBL522351,CCn1c(-c2nonc2N)nc2c(C#CC(C)(C)O)ncc(OCCCNC[C@H](O)CO)c21,,8.52,1,8.52,8.52,IC50,B,single protein format,single_protein,9,D,2008,,459.50700000000023,-0.08249999999999852,177.6,5,11,10,3,3,0.5238095238095238,0.20219334908054867
CHEMBL2325993,CHEMBL2325993,CN(C)CCCC(NC(=O)C1(N)CCN(c2ncnc3[nH]ccc23)CC1)c1ccc(Cl)cc1,,8.52,1,8.52,8.52,IC50,B,single protein format,single_protein,9,D,2013,,470.0210000000002,3.1083000000000016,103.17000000000002,3,6,8,4,3,0.4583333333333333,0.46806648420826424
CHEMBL594523,CHEMBL594523,Cc1nc(-c2ccoc2)c(-c2cnc3[nH]nc(C)c3n2)cc1OC[C@@H](N)Cc1c[nH]c2ccccc12,,8.52,1,8.52,8.52,IC50,B,single protein format,single_protein,9,D,2010,,479.5440000000002,4.721840000000003,131.53,3,7,7,6,6,0.18518518518518517,0.30174312090833627
CHEMBL3961556,CHEMBL3961556,Nc1ncnc(N2CCC(c3nc(-c4ccc(O)c(C(F)(F)F)c4)cn3CCN3CCCC3)CC2)c1Cl,,8.52,2,8.52,8.52,IC50,B,single protein format,single_protein,8,H,2015,,536.0020000000004,4.779900000000004,96.33,2,7,6,5,3,0.48,0.46869104771860365
CHEMBL1171994,CHEMBL1171994,Cc1c[nH]c2ncnc(N3CC[C@](N)(CNC(=O)c4ccc(F)cc4)C3)c12,,8.52,1,8.52,8.52,IC50,B,single protein format,single_protein,8,H,2010,,368.41600000000005,1.74302,99.93,3,5,4,4,3,0.3157894736842105,0.6513832755551021
CHEMBL512480,CHEMBL512480,NCC(C(=O)Nc1ccc(-c2ccnc3[nH]ccc23)s1)c1ccccc1,,8.52,1,8.52,8.52,IC50,B,single protein format,single_protein,8,H,2009,,362.458,3.972400000000002,83.80000000000001,3,4,5,4,4,0.1,0.502128233189289
CHEMBL3112849,CHEMBL3112849,O=C(Cc1nc(N2CCOCC2)cc(=O)[nH]1)N1CCc2c(Cl)cccc21,,8.52,2,8.52,8.52,IC50,B,assay format;cell-based format,cell_based,8;9,D;H,2015,,374.82800000000015,1.3916999999999997,78.53,1,5,3,4,2,0.3888888888888889,0.8779960155077944
CHEMBL1099296,CHEMBL1099296,CCn1c(-c2nonc2N)nc2c(C#CC(C)(C)O)nc(O[C@H](CN)c3ccccc3)cc21,,8.52,2,8.52,8.52,IC50;Ki,B,single protein format,single_protein,8,H,2009,,447.49900000000014,2.2846,151.13000000000002,3,9,6,4,4,0.30434782608695654,0.3780275973797877
CHEMBL1098939,CHEMBL1098939,CCn1c(-c2nonc2N)nc2c(C#CC(C)(C)O)nc(OC[C@@H](N)Cc3ccccc3)cc21,,8.52,1,8.52,8.52,IC50,B,single protein format,single_protein,8,H,2009,,461.5260000000002,2.1546000000000003,151.13000000000002,3,9,7,4,4,0.3333333333333333,0.35157549329217197
CHEMBL1098316,CHEMBL1098316,CCn1c(-c2nonc2N)nc2c(C#CC(C)(C)O)nc(CNC)cc21,,8.52,1,8.52,8.52,IC50,B,single protein format,single_protein,8,H,2009,,355.40200000000004,0.9251999999999998,127.91000000000001,3,8,4,3,3,0.4117647058823529,0.5896284724656363
CHEMBL2325727,CHEMBL2325727,CN(C)CC[C@H](NC(=O)C1(N)CCN(c2ncnc3[nH]ccc23)CC1)c1ccc(Cl)cc1,,8.52,3,7.68,8.55,IC50,B,single protein format,single_protein,8;9,D;H,2013;2016;2022,,455.99400000000014,2.7182000000000013,103.17000000000002,3,6,7,4,3,0.43478260869565216,0.5058029553974108
CHEMBL1097974,CHEMBL1097974,CCn1c(-c2nonc2N)nc2c(C#CC(C)(C)O)nc(CCCN)cc21,,8.52,1,8.52,8.52,IC50,B,single protein format,single_protein,8,H,2009,,369.42900000000014,1.0971000000000002,141.9,3,8,5,3,3,0.4444444444444444,0.5674976367116881
CHEMBL5762410,CHEMBL5762410,NCCC(NC(=O)C1(N)CCN(c2ncnc3[nH]ccc23)CC1)c1ccc(Cl)cc1,,8.52,1,8.52,8.52,IC50,B,single protein format,single_protein,8,H,2016,,427.94000000000017,2.1153000000000004,125.94999999999999,4,6,6,4,3,0.38095238095238093,0.47698231065826235
CHEMBL1096634,CHEMBL1096634,CCn1c(-c2nonc2N)nc2c(C#CC(C)(C)O)nc(OC[C@H](N)c3ccccc3)cc21,GSK-943949A,8.52,1,8.52,8.52,IC50,B,single protein format,single_protein,8,H,2009,,447.49900000000014,2.2846,151.13000000000002,3,9,6,4,4,0.30434782608695654,0.3780275973797877
CHEMBL521642,CHEMBL521642,CCn1c(-c2nonc2N)nc2c(C#CC(C)(C)O)ncc(OC[C@@H]3CCCNC3)c21,,8.52,3,6.4,8.7,IC50,B,cell-based format;single protein format,mixed,8;9,D;H,2008;2010,,425.4930000000002,1.5841999999999998,137.14000000000001,3,9,5,4,3,0.5238095238095238,0.5202565020980736
CHEMBL4457064,CHEMBL4597153,Cn1ncc(Cl)c1-c1cc(C(=O)N[C@@H]2CNCC[C@H]2c2ccc(F)c(F)c2)oc1Cl,,8.52,1,8.52,8.52,IC50,B,assay format,other,9,D,2019,,455.29200000000014,4.140600000000003,72.09,2,4,4,4,3,0.3,0.6206691390752149
CHEMBL3701772,CHEMBL3701772,CC1(O)CC(N)(c2ccc(-c3nc4n(c3-c3ccccc3)COc3cc(C(=O)NCCO)ccc3-4)cc2)C1,,8.51,2,8.51,8.51,IC50,B,cell-based format,cell_based,8;9,D;H,2014,,510.59400000000034,3.6549000000000023,122.63000000000001,4,6,6,6,4,0.26666666666666666,0.31408737475823956
CHEMBL375919,CHEMBL375919,Cc1n[nH]c2ccc(-c3cncc(OC[C@@H](N)Cc4ccc(F)c(Cl)c4)c3)cc12,,8.51,1,8.51,8.51,IC50,B,single protein format,single_protein,9,D,2007,,410.88000000000005,4.674620000000003,76.82,2,4,6,4,4,0.18181818181818182,0.4837367200084597
CHEMBL375717,CHEMBL375717,Cc1n[nH]c2ccc(-c3cncc(OC[C@@H](N)Cc4ccc(C(F)(F)F)c(F)c4)c3)cc12,,8.51,1,8.51,8.51,IC50,B,single protein format,single_protein,9,D,2007,,444.432,5.040020000000004,76.82,2,4,6,4,4,0.21739130434782608,0.40871676225094167
CHEMBL5869641,CHEMBL5869641,CNC(=O)c1cc(-c2cc[nH]n2)c2nc(-c3ccc(C4(N)CCC4)cc3)c(-c3ccccc3)n2n1,,8.51,1,8.51,8.51,IC50,B,single protein format,single_protein,8,H,2017,,463.54500000000024,4.150900000000002,113.99,3,5,5,6,5,0.18518518518518517,0.36229003261338233
CHEMBL3701778,CHEMBL3701778,CC1(O)CC(O)(c2ccc(-c3nc4n(c3-c3ccccc3)COc3cc(C(=O)O)ccc3-4)cc2)C1,,8.51,2,8.51,8.51,IC50,B,cell-based format,cell_based,8;9,D;H,2014,,468.50900000000024,4.664600000000003,104.81000000000002,3,5,4,6,4,0.21428571428571427,0.4022718147476569
CHEMBL388311,CHEMBL388311,N[C@H](COc1cncc(-c2ccc3c(c2)/C(=C/c2ccc[nH]2)C(=O)N3)c1)Cc1ccccc1,,8.51,2,7.8,9.22,IC50,B,single protein format,single_protein,8;9,D;H,2007;2009,,436.5150000000001,4.518200000000003,93.03,3,4,7,5,4,0.1111111111111111,0.3715244675133377
CHEMBL4593086,CHEMBL4593086,Cn1ncc(Cl)c1-c1cc(C(=O)N[C@@H]2CN[C@H](CC(=O)NCC(O)CO)C[C@H]2c2ccc(Cl)c(Cl)c2)oc1Cl,,8.5,1,8.5,8.5,IC50,B,assay format,other,9,D,2019,,619.3330000000003,3.397300000000002,141.65000000000003,5,7,9,4,3,0.4,0.2474166599499705
CHEMBL1965836,CHEMBL1965836,Cc1n[nH]c2ccc(-c3cncc(OCC(N)Cc4cccc(OC(F)(F)F)c4)c3)cc12,,8.5,1,8.5,8.5,Ki,F,assay format,other,8,H,,,442.44100000000003,4.780720000000003,86.05,2,5,7,4,4,0.21739130434782608,0.4302390389765871
CHEMBL3940961,CHEMBL3940961,CC1Cc2c(cccc2C(F)(F)F)N1C(=O)Cc1nc(N2CCOCC2)cc(=O)[nH]1,,8.5,4,8.3,8.7,IC50,B,assay format;cell-based format,cell_based,8,H,2015,,422.40700000000015,2.1456,78.53,1,5,3,4,2,0.45,0.8202822387883312
CHEMBL3932198,CHEMBL3932198,CC1Cc2cc(F)ccc2N1C(=O)Cc1nc(N2CCOCC2)cc(=O)[nH]1,,8.5,4,8.3,8.7,IC50,B,assay format;cell-based format,cell_based,8,H,2015,,372.4000000000002,1.2658999999999998,78.53,1,5,3,4,2,0.42105263157894735,0.8778468936047333
CHEMBL210740,CHEMBL210740,Cc1n[nH]c2ccc(-c3cncc(OC[C@@H](N)Cc4ccc5ccccc5c4)c3)cc12,,8.49,1,8.49,8.49,Ki,B,single protein format,single_protein,9,D,2006,,408.50500000000005,5.035320000000003,76.82,2,4,6,5,5,0.15384615384615385,0.41283813165106925
CHEMBL4438877,CHEMBL4438877,Cn1ncc(Cl)c1-c1cc(C(=O)N[C@@H]2CN[C@H](CC(N)=O)C[C@H]2c2ccc(Cl)c(Cl)c2)oc1Cl,,8.49,1,8.49,8.49,IC50,B,assay format,other,9,D,2019,,545.2540000000004,4.413200000000002,115.17999999999999,3,5,6,4,3,0.3181818181818182,0.42477418172857334
CHEMBL5407425,CHEMBL5499039,O=C(N[C@@H]1CNCC[C@H]1c1cc(F)cc(F)c1)c1cc2c(s1)OCCn1nccc1-2,,8.49,1,8.49,8.49,IC50,B,single protein format,single_protein,9,D,2023,,430.4800000000002,3.157700000000002,68.18,2,5,3,5,3,0.3333333333333333,0.6700019667811608
CHEMBL3924518,CHEMBL3924518,O=C(Nc1csc(-c2nncn2C2CC2)n1)c1cc(-n2cnc(C3CC3)c2)c(N2CCC(C(F)(F)F)CC2)cn1,,8.49,2,8.49,8.49,IC50,B,single protein format,single_protein,8,H,2015,,569.6170000000001,5.2256000000000045,106.64999999999999,1,8,7,7,4,0.46153846153846156,0.32505592305166475
CHEMBL3943452,CHEMBL3943452,COC1CCN(c2cnc(C(=O)Nc3csc(-c4nncn4C4CC4)n3)cc2-n2cnc(C3CC3)c2)CC1,,8.49,2,8.49,8.49,IC50,B,single protein format,single_protein,8,H,2015,,531.6460000000002,4.062100000000004,115.87999999999998,1,9,8,7,4,0.46153846153846156,0.3618984720776577
CHEMBL3959291,CHEMBL3959291,N#Cc1c(N)ncnc1N1CCC(c2nc(-c3ccc(F)c(C(F)(F)F)c3)cn2CCN2CCCC2)CC1,,8.49,2,8.49,8.49,IC50,B,single protein format,single_protein,8,H,2015,,528.5580000000002,4.431680000000004,99.89,1,7,6,5,3,0.46153846153846156,0.47266923112732817
CHEMBL2325741,CHEMBL2325741,NC1(C(=O)N[C@@H](CCO)c2ccc(Cl)cc2)CCN(c2nc[nH]c3nccc2-3)CC1,CAPIVASERTIB,8.49,7,7.47,9.05,IC50,B,assay format;cell-based format;single protein format,mixed,8;9,D;H,2013;2016;2019;2020;2021,4,428.9240000000002,2.1004999999999994,120.16000000000001,4,6,6,4,1,0.38095238095238093,0.47688881400359556
CHEMBL212566,CHEMBL212566,O=C1Cc2cc(N[C@H](COc3cncc(-c4ccc5c(c4)CC(=O)N5)c3)Cc3c[nH]c4ccccc34)ccc2N1,,8.49,1,8.49,8.49,IC50,B,single protein format,single_protein,9,D,2006,,529.6000000000003,5.3213000000000035,108.13999999999999,4,5,8,7,5,0.15625,0.21760300895219567
CHEMBL579246,CHEMBL579246,N[C@H](COc1cncc(-c2ccc3c(c2)CC(=O)N3)c1)Cc1c[nH]c2ccccc12,,8.49,1,8.49,8.49,IC50,B,single protein format,single_protein,8,H,2009,,398.4660000000001,3.673300000000002,93.03,3,4,6,5,4,0.16666666666666666,0.4619466534212773
CHEMBL3940627,CHEMBL3940627,Nc1ncnc(N2CCC(c3nc(-c4ccc(F)c(F)c4)cn3CCN3CCCC3)CC2)c1Cl,,8.49,2,8.49,8.49,IC50,B,single protein format,single_protein,8,H,2015,,487.98600000000044,4.333700000000004,76.10000000000001,1,6,6,5,3,0.4583333333333333,0.5573213678995517
CHEMBL574269,CHEMBL574269,N[C@H](COc1cncc(-c2ccc3c(c2)C(C2CC2)C(=O)N3)c1)Cc1c[nH]c2ccccc12,,8.48,1,8.48,8.48,IC50,B,single protein format,single_protein,8,H,2009,,438.5310000000001,4.624400000000003,93.03,3,4,7,6,4,0.25925925925925924,0.3923690927778415
CHEMBL4441416,CHEMBL4441416,Cn1ncc(Cl)c1-c1cc(C(=O)N[C@@H]2CN[C@H](CCNS(C)(=O)=O)C[C@H]2c2ccc(F)c(F)c2)oc1Cl,,8.48,1,8.48,8.48,IC50,B,assay format,other,9,D,2019,,576.4530000000003,3.448500000000003,118.26,3,6,8,4,3,0.391304347826087,0.3783832535379949
CHEMBL227271,CHEMBL227271,Cc1n[nH]c2ccc(-c3cncc(OC[C@@H](N)Cc4cccc(OC(F)(F)F)c4)c3)cc12,,8.48,1,8.48,8.48,IC50,B,single protein format,single_protein,9,D,2007,,442.44100000000003,4.780720000000003,86.05,2,5,7,4,4,0.21739130434782608,0.4302390389765871
CHEMBL378827,CHEMBL378827,CC(C)(CC1CC1)C1C(=O)Nc2ccc(-c3cncc(OC[C@@H](N)Cc4c[nH]c5ccccc45)c3)cc21,,8.48,1,8.48,8.48,IC50,B,single protein format,single_protein,9,D,2006,,494.6390000000003,6.040700000000005,93.03,3,4,9,6,4,0.3548387096774194,0.264408379786075
CHEMBL4567295,CHEMBL4567295,Cn1ncc(Cl)c1-c1cc(C(=O)N[C@@H]2CN[C@H](CC(O)CO)C[C@H]2c2ccc(F)c(F)c2)oc1Cl,,8.48,1,8.48,8.48,IC50,B,assay format,other,9,D,2019,,529.3710000000003,3.2525000000000013,112.55000000000001,4,6,7,4,3,0.391304347826087,0.3741089886373309
CHEMBL3912632,CHEMBL3912632,Nc1ncnc(N2CCC(c3nc(-c4ccc(F)cc4)cn3CCN3CCCC3)CC2)c1Cl,,8.48,2,8.48,8.48,IC50,B,single protein format,single_protein,8,H,2015,,469.99600000000044,4.194600000000004,76.10000000000001,1,6,6,5,3,0.4583333333333333,0.5828726385086559
CHEMBL4590906,CHEMBL4590906,CN(C)CC[C@@H]1C[C@@H](c2ccc(Cl)c(Cl)c2)[C@H](NC(=O)c2cc(-c3c(Cl)cnn3C)c(Cl)o2)CN1,,8.47,1,8.47,8.47,IC50,B,assay format,other,9,D,2019,,559.3250000000002,5.489500000000005,75.33,2,5,7,4,3,0.4166666666666667,0.40084779694807443
CHEMBL5286570,CHEMBL5286570,CN1CCN(C(C(=O)N2CCN(c3ncnc4[nH]cc(Br)c34)CC2)c2ccc(Cl)cc2)CC1,,8.47,1,8.47,8.47,IC50,B,single protein format,single_protein,9,D,2022,,532.874,3.0111000000000017,71.6,1,6,4,5,3,0.43478260869565216,0.5570553970805923
CHEMBL4531735,CHEMBL4531735,CC(=O)OCC[C@@H]1C[C@@H](c2ccc(F)c(F)c2)[C@H](NC(=O)c2cc(-c3c(Cl)cnn3C)c(Cl)o2)CN1,,8.47,1,8.47,8.47,IC50,B,assay format,other,9,D,2019,,541.3820000000001,4.462400000000002,98.39,2,6,7,4,3,0.375,0.42901705089049114
CHEMBL5962920,CHEMBL5962920,NC1(C(=O)N[C@@H](CCn2ccnc2)c2ccc(Cl)cc2)CCN(c2ncnc3[nH]ccc23)CC1,,8.47,1,8.47,8.47,IC50,B,single protein format,single_protein,8,H,2016,,478.9880000000003,3.053300000000001,117.75,3,6,7,5,4,0.3333333333333333,0.37549202827370914
CHEMBL3972635,CHEMBL3972635,Cc1cc(-c2cn(CCN3CCCC3)c(C3CCN(c4ncnc(N)c4C#N)CC3)n2)ccc1F,,8.46,2,8.46,8.46,IC50,B,single protein format,single_protein,8,H,2015,,474.5880000000002,3.721300000000002,99.89,1,7,6,5,3,0.46153846153846156,0.5811131991043892
CHEMBL210246,CHEMBL210246,N[C@H](COc1cncc(-c2ccc3cnc(F)cc3c2)c1)Cc1c[nH]c2ccccc12,,8.46,1,8.46,8.46,IC50,B,single protein format,single_protein,9,D,2006,,412.46800000000013,4.866000000000003,76.82,2,4,6,5,5,0.12,0.39037905173203685
CHEMBL211018,CHEMBL211018,N[C@H](COc1cncc(-c2ccc3cnccc3c2)c1)Cc1ccc2ccccc2c1,,8.46,1,8.46,8.46,Ki,B,single protein format,single_protein,9,D,2006,,405.50100000000015,5.398800000000004,61.03,1,4,6,5,5,0.1111111111111111,0.4109039303482011
CHEMBL3649667,CHEMBL3649667,NC1(c2ccc(-n3c(C4CCCCC4)nc4ccc(-c5cccc(N6CCOCC6)c5)nc43)cc2)CCC1,,8.46,2,8.46,8.46,IC50,B,single protein format,single_protein,8;9,D;H,2014,,507.68200000000036,6.309700000000007,69.2,1,5,5,7,4,0.4375,0.3428152213084027
CHEMBL5177491,CHEMBL5177491,CC(C)NC[C@@H](C(=O)N1CC2CCC(C1)N2c1ncnc2c1[C@H](C)CC(=O)N2)c1ccc(Cl)cc1,,8.46,1,8.46,8.46,IC50,B,cell-based format,cell_based,9,D,2022,,497.04300000000023,3.5371000000000015,90.46000000000001,2,6,6,5,2,0.5384615384615384,0.6354165362204998
CHEMBL3899777,CHEMBL3899777,N#Cc1c(N)ncnc1N1CCC(c2nc(-c3ccc(F)c(C(F)(F)F)c3)cn2CCN)CC1,,8.44,2,8.44,8.44,IC50,B,single protein format,single_protein,8,H,2015,,474.46600000000024,3.2945800000000016,122.67,2,7,5,4,3,0.36363636363636365,0.5441790962793575
CHEMBL229917,CHEMBL229917,Cc1n[nH]c2ccc(-c3cncc(OC[C@@H](N)Cc4ccc(Cl)c(F)c4)c3)cc12,,8.44,1,8.44,8.44,IC50,B,single protein format,single_protein,9,D,2007,,410.88000000000005,4.674620000000003,76.82,2,4,6,4,4,0.18181818181818182,0.4837367200084597
CHEMBL3931731,CHEMBL3931731,Nc1ncnc(N2CCC(c3nc(-c4ccnc(C(F)(F)F)c4)cn3CCNC3CC3)CC2)c1Cl,,8.44,2,8.44,8.44,IC50,B,single protein format,single_protein,8,H,2015,,506.9640000000003,4.125500000000003,97.78,2,7,7,5,3,0.4782608695652174,0.4970216020641159
CHEMBL3640746,CHEMBL3640746,C[C@@H]1CN(c2cccc(-c3ccc4nc(-c5cccnc5N)n(-c5ccc(C6(N)CCC6)cc5)c4n3)c2)C[C@H](C)O1,,8.434999999999999,4,8.36,8.51,IC50;Kd,B,single protein format,single_protein,8;9,D;H,2013,,545.6910000000004,5.683200000000004,108.11000000000001,2,7,5,7,5,0.30303030303030304,0.292355654313748
CHEMBL4513257,CHEMBL4597416,NCc1ccc(-n2c(-c3cccnc3N)nc3ccc(-c4ccccc4)nc32)cc1,,8.43,1,8.43,8.43,IC50,B,cell-based format,cell_based,9,D,2016,,392.4660000000001,4.190400000000002,95.64,2,5,4,5,5,0.041666666666666664,0.47804953349853724
CHEMBL3701734,CHEMBL3701734,COc1ccc2c(c1)OCn1c-2nc(-c2ccc(C3(N)CC(O)(C4CC4)C3)cc2)c1-c1ccccc1,,8.43,2,8.43,8.43,IC50,B,cell-based format,cell_based,8;9,D;H,2014,,479.58000000000027,5.331500000000004,82.53,2,5,5,7,4,0.3,0.4042439854251277
CHEMBL3701717,CHEMBL3701717,NC1(c2ccc(-c3nc4n(c3-c3ccccc3)COc3cccc(F)c3-4)cc2)CC(O)(C2CC2)C1,,8.43,2,8.43,8.43,IC50,B,cell-based format,cell_based,8;9,D;H,2014,,467.54400000000027,5.462000000000005,73.3,2,4,4,7,4,0.27586206896551724,0.417943699378617
CHEMBL4470606,CHEMBL4470606,Cn1ncc(Cl)c1-c1cc(C(=O)N[C@@H]2CN[C@H](CC(O)CO)C[C@H]2c2ccc(Cl)c(Cl)c2)oc1Cl,,8.42,1,8.42,8.42,IC50,B,assay format,other,9,D,2019,,562.2810000000003,4.281100000000003,112.55000000000001,4,6,7,4,3,0.391304347826087,0.3423241795984735
CHEMBL3893943,CHEMBL3893943,O=C(Nc1csc(-c2nncn2C2CC2)n1)c1cc(-n2cnc(C3CC3)c2)c(N2CCCOCC2)cn1,,8.42,2,8.42,8.42,IC50,B,single protein format,single_protein,8,H,2015,,517.6190000000004,3.673600000000002,115.88,1,9,7,7,4,0.44,0.3947876119979774
CHEMBL5278435,CHEMBL5278435,COc1ccc(C(=O)NNC(=O)c2cc3nc(-c4cnc(N)nc4)nc(N4CCOCC4)c3s2)cc1,,8.42,1,8.42,8.42,IC50,B,cell-based format,cell_based,9,D,2023,,506.5480000000003,1.6504999999999999,157.48,3,11,5,5,4,0.21739130434782608,0.33995615328545803
CHEMBL5278357,CHEMBL5278357,COc1ccc(-c2cc3c(C)nc(N)nc3n(C3CCC(OCCO)CC3)c2=O)cn1,,8.42,2,8.42,8.42,IC50,B,cell-based format,cell_based,9,D,2023,,425.48900000000026,2.2453200000000004,125.38000000000001,2,8,6,4,3,0.45454545454545453,0.6158991705318289
CHEMBL2325994,CHEMBL2325994,NC1(C(=O)NC(CCCN2CCCC2)c2ccc(Cl)cc2)CCN(c2ncnc3[nH]ccc23)CC1,,8.42,2,8.4,8.44,IC50,B,single protein format,single_protein,8;9,D;H,2013;2016,,496.0590000000002,3.642500000000002,103.17000000000002,3,6,8,5,3,0.5,0.440547780120703
CHEMBL3640748,CHEMBL3640748,Nc1ncccc1-c1nc2ccc(Nc3ccccc3)nc2n1-c1ccc(C2(N)CCC2)cc1,,8.42,2,8.42,8.42,IC50,B,single protein format,single_protein,8;9,D;H,2013,,447.5460000000003,5.146200000000003,107.67,3,6,5,6,5,0.14814814814814814,0.34402281664601536
CHEMBL599849,CHEMBL599849,NC1(C(=O)NCc2ccc(Cl)cc2Cl)CCN(c2ncnc3[nH]ccc23)CC1,,8.42,1,8.42,8.42,IC50,F,cell-based format,cell_based,9,D,2010,,419.3160000000002,2.878800000000001,99.93,3,5,4,4,3,0.3157894736842105,0.6040718075143374
CHEMBL2325729,CHEMBL2325729,NC1(C(=O)N[C@@H](CCN2CCCCC2)c2ccc(Cl)cc2)CCN(c2ncnc3[nH]ccc23)CC1,,8.415,2,8.4,8.43,IC50,B,single protein format,single_protein,8;9,D;H,2013;2016,,496.0590000000002,3.642500000000002,103.17000000000002,3,6,7,5,3,0.5,0.462078833035678
CHEMBL2325743,CHEMBL2325743,C[C@H](NC(=O)C1(N)CCN(c2ncnc3[nH]ccc23)CC1)c1ccc(Cl)cc1,,8.41,2,8.4,8.42,IC50,B,single protein format,single_protein,8;9,D;H,2013;2016,,398.89800000000025,2.7864000000000013,99.93,3,5,4,4,3,0.35,0.627061366676676
CHEMBL3701754,CHEMBL3701754,NC1(c2ccc(-c3nc4n(c3-c3ccccc3)COc3ncccc3-4)cc2)CCC1,,8.41,2,8.41,8.41,IC50,B,cell-based format,cell_based,8;9,D;H,2014,,394.4780000000002,4.966900000000003,65.96,1,4,3,6,4,0.2,0.5329126873193668
CHEMBL524998,CHEMBL524998,COc1ccc(C[C@@H](CN)NC(=O)c2cc(Br)c(-c3ccnc4[nH]ccc34)s2)cc1,,8.41,2,8.3,8.52,IC50;Ki,B,single protein format,single_protein,8,H,2009,,485.4070000000001,4.362300000000002,93.03,3,5,7,4,4,0.18181818181818182,0.3627551100376967
CHEMBL227368,CHEMBL227368,Cc1ccc(F)cc1C[C@H](N)COc1cncc(-c2ccc3[nH]nc(C)c3c2)c1,,8.41,1,8.41,8.41,IC50,B,single protein format,single_protein,9,D,2007,,390.4620000000001,4.329640000000002,76.82,2,4,6,4,4,0.21739130434782608,0.5137297295451729
CHEMBL573133,CHEMBL573133,Cc1ccc(F)cc1C[C@H](N)COc1cncc(-c2cc3c(C)n[nH]c3cn2)c1,,8.41,1,8.41,8.41,IC50,B,single protein format,single_protein,8,H,2009,,391.4500000000001,3.7246400000000017,89.71,2,5,6,4,4,0.22727272727272727,0.5227690331286657
CHEMBL5773950,CHEMBL5773950,COc1cc(OC)c2nc(-c3ccc(C4(N)CCC4)cc3)c(-c3ccccc3)n2n1,,8.41,1,8.41,8.41,IC50,B,single protein format,single_protein,8,H,2017,,400.4820000000001,4.418400000000003,74.67,1,5,5,5,4,0.25,0.5367789518137107
CHEMBL574764,CHEMBL574764,N[C@H](COc1cncc(-c2ccc3[nH]nc(-c4ccccc4)c3c2)c1)Cc1c[nH]c2ccccc12,,8.41,1,8.41,8.41,IC50,B,single protein format,single_protein,8,H,2009,,459.55300000000017,5.722000000000003,92.60999999999999,3,4,7,6,6,0.10344827586206896,0.28455956203486543
CHEMBL5960399,CHEMBL5960399,NC(=O)c1cc(C(N)=O)c2nc(-c3ccc(C4(N)CCC4)cc3)c(-c3ccccc3)n2n1,,8.41,1,8.41,8.41,IC50,B,single protein format,single_protein,8,H,2017,,426.48000000000013,2.599,142.39,3,5,5,5,4,0.16666666666666666,0.44946949970801314
CHEMBL3701727,CHEMBL3701727,NC1(c2ccc(-c3nc4n(c3-c3ccccc3)COc3ccccc3-4)cc2)CC(O)(C2CC2)C1,,8.41,2,8.41,8.41,IC50,B,cell-based format,cell_based,8;9,D;H,2014,,449.55400000000026,5.322900000000005,73.3,2,4,4,7,4,0.27586206896551724,0.4420953122655776
CHEMBL4871106,CHEMBL4871106,NC(=O)c1cccc2c(N[C@H](CN3CCC3)c3ccc(Cl)c(C(F)(F)F)c3)ncnc12,RUPITASERTIB,8.4,1,8.4,8.4,IC50,B,assay format,other,9,D,2021,2,449.86400000000003,4.259800000000003,84.14,2,5,6,4,3,0.2857142857142857,0.5871247149075708
CHEMBL3971967,CHEMBL3971967,C[C@H]1Cc2ccccc2N1C(=S)Cc1nc(N2CCOCC2)cc(=S)[nH]1,,8.4,2,8.4,8.4,IC50,B,assay format;cell-based format,cell_based,8,H,2015,,386.5460000000001,3.296890000000002,44.39,1,5,3,4,2,0.42105263157894735,0.8169193865699417
CHEMBL1202518,CHEMBL430530,COc1ccc(O)c(C(=O)c2ccc(C(=O)N[C@@H]3CCCNCC3NC(=O)c3ccncc3)cc2)c1F,,8.4,1,8.4,8.4,IC50,B,single protein format,single_protein,8,H,2004,,506.5340000000003,2.4463,129.64999999999998,4,7,7,4,3,0.25925925925925924,0.36237384472856304
CHEMBL4860970,CHEMBL4860970,NC(=O)c1cccc2c(N[C@H](CN3CCC3)c3ccc(F)c(F)c3)ncnc12,,8.4,1,8.4,8.4,IC50,B,assay format,other,9,D,2021,,383.402,2.865800000000002,84.14,2,5,6,4,3,0.25,0.6838531225558313
CHEMBL3973987,CHEMBL3973987,CCO/C=C/c1c(N)ncnc1N1CCC(c2nc(-c3ccc(F)c(C(F)(F)F)c3)cn2CCN(C)C)CC1,,8.4,2,8.4,8.4,IC50,B,single protein format,single_protein,8,H,2015,,547.6010000000001,5.033000000000005,85.33,1,7,9,4,3,0.4444444444444444,0.2970579781493989
CHEMBL3672483,CHEMBL3672483,COC(=O)c1cccc(-c2cnc3cc(-c4ccccc4)c(-c4ccc(C5(N)CCC5)cc4)nn23)c1,,8.4,2,8.4,8.4,IC50,B,cell-based format,cell_based,9,D,2015,,474.5640000000003,5.854800000000006,82.50999999999999,1,5,5,6,5,0.16666666666666666,0.32296526886837934
CHEMBL5767632,CHEMBL5767632,C[C@H](NC(=O)C1(N)CCN(c2ncnc3[nH]cc(Br)c23)CC1)c1ccc(Cl)cc1,,8.4,1,8.4,8.4,IC50,B,single protein format,single_protein,8,H,2016,,477.7940000000002,3.5489000000000024,99.93,3,5,4,4,3,0.35,0.5335076673373557
CHEMBL208761,CHEMBL208761,CC1C(=O)Nc2ccc(N[C@H](COc3cncc(-c4ccc5c(c4)C(C)C(=O)N5)c3)Cc3c[nH]c4ccccc34)cc21,,8.4,1,8.4,8.4,IC50,B,single protein format,single_protein,9,D,2006,,557.6540000000001,6.443300000000005,108.13999999999999,4,5,8,7,5,0.20588235294117646,0.17554975607505205
CHEMBL4556790,CHEMBL4595425,Cn1nccc1-c1ccc(C(=O)N[C@@H]2CNCC[C@H]2c2ccc(F)c(F)c2)c(F)c1,,8.4,1,8.4,8.4,IC50,B,cell-based format,cell_based,9,D,2021,,414.43100000000004,3.379900000000002,58.95,2,3,4,4,3,0.2727272727272727,0.6883069589354837
CHEMBL4589576,CHEMBL4589576,Cn1ncc(Cl)c1-c1cc(C(=O)N[C@@H]2CN[C@H](CC(=O)NC3CC3)C[C@H]2c2ccc(Cl)c(Cl)c2)oc1Cl,,8.4,1,8.4,8.4,IC50,B,assay format,other,9,D,2019,,585.3190000000003,5.206500000000004,101.19000000000001,3,5,7,5,3,0.4,0.35393354251909864
CHEMBL3699804,CHEMBL3699804,O=C(Cc1nc(N2CCOCC2)cc(=O)[nH]1)N1CCc2cc(F)c(F)cc21,,8.4,2,8.4,8.4,IC50,B,assay format;cell-based format,cell_based,8;9,D;H,2015,,376.3630000000001,1.0164999999999997,78.53,1,5,3,4,2,0.3888888888888889,0.8653893465099662
CHEMBL1095624,CHEMBL1095624,CCn1c(-c2nonc2N)nc2c(C#CC(C)(C)O)nc(CCN)cc21,,8.4,1,8.4,8.4,IC50,B,single protein format,single_protein,8,H,2009,,355.4020000000001,0.7070000000000001,141.9,3,8,4,3,3,0.4117647058823529,0.5807625146529782
CHEMBL3672027,CHEMBL3672027,Cc1nc2nc(-c3ccc(CN4CC(c5n[nH]c(-c6ccccn6)n5)C4)cc3)c(-c3ccccc3)cn2c1Br,,8.4,2,8.4,8.4,IC50,B,cell-based format,cell_based,9,D,2015,,577.4900000000001,5.913720000000004,87.89,1,6,6,7,6,0.16666666666666666,0.26483125118366346
CHEMBL471059,CHEMBL471059,CCNCC(Cc1ccccc1)NC(=O)c1cc(Br)c(-c2ccnc3[nH]ccc23)s1,,8.4,1,8.4,8.4,IC50,B,single protein format,single_protein,8,H,2009,,483.4350000000001,5.004500000000005,69.81,3,4,8,4,4,0.21739130434782608,0.3303263476624532
CHEMBL2325728,CHEMBL2325728,NC1(C(=O)N[C@@H](CCN2CCCC2)c2ccc(Cl)cc2)CCN(c2ncnc3[nH]ccc23)CC1,,8.4,1,8.4,8.4,IC50,B,single protein format,single_protein,9,D,2013,,482.03200000000027,3.2524000000000006,103.17000000000002,3,6,7,5,3,0.48,0.4783277286250215
CHEMBL574262,CHEMBL574262,CC1C(=O)Nc2ccc(-c3cncc(OC[C@@H](N)Cc4c[nH]c5ccccc45)c3)cc21,,8.4,1,8.4,8.4,IC50,B,single protein format,single_protein,8,H,2009,,412.4930000000001,4.234300000000002,93.03,3,4,6,5,4,0.2,0.4417059331185254
CHEMBL5078362,CHEMBL5078362,Cc1ncsc1-c1ccc([C@H](C)NC(=O)[C@@H]2C[C@@H](O)CN2C(=O)[C@@H](NC(=O)CCCCCCCCCCC(=O)NCCNC[C@@H](C(=O)N2CCN(c3ncnc4c3[C@H](C)C[C@H]4O)CC2)c2ccc(Cl)cc2)C(C)(C)C)cc1,,8.4,1,8.4,8.4,Kd,B,assay format,other,9,D,2021,,1097.868999999999,7.511820000000008,222.31999999999996,6,13,25,7,4,0.5862068965517241,0.035519587187460566
CHEMBL4468352,CHEMBL1233481,COc1ccc(O)c(C(=O)c2ccc(C(=O)N[C@@H]3CCCNC[C@H]3NC(=O)c3ccncc3)cc2)c1F,,8.4,1,8.4,8.4,IC50,B,cell-based format,cell_based,9,D,2019,,506.5340000000003,2.4463,129.64999999999998,4,7,7,4,3,0.25925925925925924,0.36237384472856304
CHEMBL1173350,CHEMBL1173350,Clc1c[nH]c2ncnc(N3CCC4(CCNCC4)C3)c12,,8.4,1,8.4,8.4,IC50,B,single protein format,single_protein,8,H,2010,,291.786,2.1912000000000003,56.84,2,4,1,4,2,0.5714285714285714,0.8455718533715524
CHEMBL3685329,CHEMBL3685329,CNC[C@@H](Nc1ncnc2c(C(N)=O)cccc12)c1cccc(F)c1,,8.4,1,8.4,8.4,IC50,B,assay format,other,9,D,2021,,339.374,2.2404,92.93,3,5,6,3,3,0.16666666666666666,0.6403652826569805
CHEMBL5778261,CHEMBL5778261,CCOc1cc(C(N)=O)nn2c(-c3ccccc3)c(-c3ccc(C4(N)CCC4)cc3)nc12,,8.39,1,8.39,8.39,IC50,B,single protein format,single_protein,8,H,2017,,427.50800000000027,3.8988000000000023,108.53,2,5,6,5,4,0.24,0.4850892409203843
CHEMBL3922798,CHEMBL3922798,CCc1c(N)ncnc1N1CCC(c2nc(-c3ccc(F)c(C(F)(F)F)c3)cn2CCN2CCC2)CC1,,8.39,2,8.39,8.39,IC50,B,single protein format,single_protein,8,H,2015,,517.5750000000003,4.732300000000004,76.10000000000001,1,6,7,5,3,0.5,0.4569016583962855
CHEMBL3972741,CHEMBL3972741,N#Cc1c(N)ncnc1N1CCC(c2nc(-c3ccc(OC(F)F)c(F)c3)cn2CCN2CCC2)CC1,,8.39,2,8.39,8.39,IC50,B,single protein format,single_protein,8,H,2015,,512.5400000000003,3.6241800000000026,109.11999999999999,1,8,8,5,3,0.44,0.4875561378538335
CHEMBL3932390,CHEMBL3932390,CCOc1c(N)ncnc1N1CCC(c2nc(-c3ccc(F)c(C(F)(F)F)c3)cn2CCN2CCC2)CC1,,8.39,2,8.39,8.39,IC50,B,single protein format,single_protein,8,H,2015,,533.5740000000002,4.5686000000000035,85.33,1,7,8,5,3,0.5,0.4248751841650031
CHEMBL2325738,CHEMBL2325738,NC1(C(=O)NC(CCO)c2ccc(Cl)cc2)CCN(c2ncnc3[nH]ccc23)CC1,,8.39,2,8.38,8.4,IC50,B,single protein format,single_protein,8;9,D;H,2013;2016,,428.9240000000002,2.1489000000000003,120.16,4,6,6,4,3,0.38095238095238093,0.4771433854195004
CHEMBL5199199,CHEMBL5199199,C[C@@H]1CC(=O)Nc2ncnc(N3CCN(C(=O)[C@H](CNC4C5COCC54)c4ccc(Cl)cc4)[C@@H]4C[C@@H]43)c21,,8.39,1,8.39,8.39,IC50,B,cell-based format,cell_based,9,D,2022,,523.0370000000001,2.3834,99.69000000000001,2,7,6,7,2,0.5555555555555556,0.600593145947304
CHEMBL5316198,CHEMBL5316198,NC1(c2ccc(-c3nc4n(c3-c3ccccc3)COc3ccncc3-4)cc2)CC(O)(C2CC2)C1,,8.38,2,8.38,8.38,IC50,B,cell-based format,cell_based,8;9,D;H,2014,,450.54200000000026,4.717900000000003,86.19,2,5,4,7,4,0.2857142857142857,0.46996450588992167
CHEMBL3649688,CHEMBL3649688,NC1(c2ccc(-n3c(-c4ccccc4)nc4ccc(Nc5ccccc5)nc43)cc2)CCC1,,8.38,2,8.38,8.38,IC50,B,single protein format,single_protein,8;9,D;H,2014,,431.54300000000023,6.169000000000004,68.76,2,4,5,6,5,0.14285714285714285,0.34916624385794776
CHEMBL597803,CHEMBL597803,CN(Cc1ccc(Cl)cc1)C(=O)C1(N)CCN(c2ncnc3[nH]ccc23)CC1,,8.38,1,8.38,8.38,IC50,F,cell-based format,cell_based,9,D,2010,,398.89800000000014,2.5676000000000005,91.13999999999999,2,5,4,4,3,0.35,0.704343807258956
CHEMBL5849470,CHEMBL5849470,CC(=O)NCCC(NC(=O)C1(N)CCN(c2ncnc3[nH]ccc23)CC1)c1ccc(Cl)cc1,,8.38,1,8.38,8.38,IC50,B,single protein format,single_protein,8,H,2016,,469.9770000000002,2.292700000000001,129.03,4,6,7,4,3,0.391304347826087,0.41988812182325774
CHEMBL5740367,CHEMBL5740367,COc1ccc2nc(-c3ccc(C4(N)CCC4)cc3)c(-c3ccccc3)n2n1,,8.38,1,8.38,8.38,IC50,B,single protein format,single_protein,8,H,2017,,370.456,4.409800000000003,65.44,1,4,4,5,4,0.21739130434782608,0.5778161524845824
CHEMBL3944209,CHEMBL3944209,CCc1c(N)ncnc1N1CCC(c2nc(-c3ccnc(C(C)C)c3)cn2CCN2CCC2)CC1,,8.38,2,8.38,8.38,IC50,B,single protein format,single_protein,8,H,2015,,474.6570000000004,4.092800000000004,88.99,1,7,8,5,3,0.5555555555555556,0.525824189447649
CHEMBL3906488,CHEMBL3906488,Nc1ncnc(N2CCC(c3nc(-c4cccc(C(F)(F)F)c4)cn3CCN3CCCC3)CC2)c1Br,,8.38,2,8.38,8.38,IC50,B,single protein format,single_protein,8,H,2015,,564.4540000000004,5.183400000000005,76.10000000000001,1,6,6,5,3,0.48,0.4448429906071454
CHEMBL3931504,CHEMBL3931504,C=Cc1c(N)ncnc1N1CCC(c2nc(-c3ccc(F)c(C(F)(F)F)c3)cn2CCN2CCC2)CC1,,8.38,2,8.38,8.38,IC50,B,single protein format,single_protein,8,H,2015,,515.5590000000002,4.812900000000004,76.10000000000001,1,6,7,5,3,0.4230769230769231,0.4553392702565615
CHEMBL5273774,CHEMBL5273774,CC(C)c1c(Oc2ccc(CN)cc2Cl)ccc2c1B(O)OC2,,8.38,1,8.38,8.38,IC50,B,single protein format,single_protein,8,H,2016,,331.60800000000006,2.932100000000001,64.71000000000001,2,4,4,3,2,0.29411764705882354,0.8455504921477932
CHEMBL3640736,CHEMBL3640736,C[C@H](O)CNC(=O)c1cccc(-c2ccc3nc(-c4cccnc4N)n(-c4ccc(C5(N)CCC5)cc4)c3n2)c1,,8.379999999999999,4,8.15,8.61,IC50;Kd,B,single protein format,single_protein,8;9,D;H,2013,,533.6360000000003,4.180200000000002,144.97000000000003,4,7,7,6,5,0.22580645161290322,0.2455308272093165
CHEMBL447168,CHEMBL447168,CN(C)CC(=O)N1CCN(c2ncc3cc(-c4ccccc4)c(-c4ccc(CN5CCC(c6nnc(-c7ccccn7)[nH]6)CC5)cc4)nc3n2)CC1,,8.370000000000001,2,8.22,8.52,IC50,B,cell-based format;single protein format,mixed,8,H,2008,,693.8599999999999,5.128700000000005,123.16000000000003,1,10,9,8,6,0.325,0.21818854091991324
CHEMBL5912239,CHEMBL5912239,COc1cc(-c2cc[nH]n2)c2nc(-c3ccc(C4(N)CCC4)cc3)c(-c3ccccc3)n2n1,,8.37,1,8.37,8.37,IC50,B,single protein format,single_protein,8,H,2017,,436.5190000000002,4.799900000000003,94.11999999999999,2,5,5,6,5,0.19230769230769232,0.4127122905143348
CHEMBL5909930,CHEMBL5909930,CN1CCN(CC[C@H](NC(=O)C2(N)CCN(c3ncnc4[nH]ccc34)CC2)c2ccc(Cl)cc2)CC1,,8.37,1,8.37,8.37,IC50,B,single protein format,single_protein,8,H,2016,,511.0740000000003,2.4040000000000026,106.41,3,7,7,5,3,0.5,0.4478199089586878
CHEMBL3649686,CHEMBL3649686,CN(C)C(=O)c1cccc(-c2ccc3nc(-c4ccccc4)n(-c4ccc(C5(N)CCC5)cc4)c3n2)c1,,8.37,2,8.37,8.37,IC50,B,single protein format,single_protein,8;9,D;H,2014,,487.60700000000026,5.794200000000005,77.04,1,4,5,6,5,0.1935483870967742,0.3401910962810102
CHEMBL4207643,CHEMBL4207643,O=C(N1CCN(c2ncnc3[nH]cc(Br)c23)CC1)C1(c2ccc(Cl)c(Cl)c2)CCNCC1,,8.37,1,8.37,8.37,IC50,B,single protein format,single_protein,9,D,2017,,538.2770000000002,3.997200000000002,77.15,2,5,3,5,3,0.4090909090909091,0.5278258987575098
CHEMBL3649672,CHEMBL3649672,NC1(c2ccc(-n3c(-c4cccnc4)nc4ccc(-c5ccccc5)nc43)cc2)CCC1,,8.37,2,8.37,8.37,IC50,B,single protein format,single_protein,8;9,D;H,2014,,417.51600000000025,5.487400000000003,69.62,1,4,4,6,5,0.14814814814814814,0.41989030661475446
CHEMBL575824,CHEMBL575824,N[C@H](COc1cncc(-c2ccc3[nH]c(=O)oc3c2)c1)Cc1c[nH]c2ccccc12,,8.37,1,8.37,8.37,IC50,B,single protein format,single_protein,8,H,2009,,400.4380000000001,3.6132000000000017,109.93,3,5,6,5,5,0.13043478260869565,0.4032705332017978
CHEMBL3891300,CHEMBL3891300,CCC(C)(C)NCCn1cc(-c2ccc(F)c(C(F)(F)F)c2)nc1C1CCN(c2ncnc(N)c2C#N)CC1,,8.37,2,8.37,8.37,IC50,B,single protein format,single_protein,8,H,2015,,544.6010000000001,5.114080000000004,108.68,2,7,8,4,3,0.48148148148148145,0.3793433913593372
CHEMBL209503,CHEMBL209503,Oc1nc2ccc(N[C@H](COc3cncc(-c4ccc5nc(O)sc5c4)c3)Cc3c[nH]c4ccccc34)cc2s1,,8.37,1,8.37,8.37,IC50,B,single protein format,single_protein,9,D,2006,,565.6800000000002,6.962700000000006,116.18,4,9,8,7,7,0.1,0.15734143117537583
CHEMBL3649679,CHEMBL3649679,NC1(c2ccc(-n3c(-c4cccc(O)c4)nc4ccc(-c5cccc(N6CCOCC6)c5)nc43)cc2)CCC1,,8.36,2,8.36,8.36,IC50,B,single protein format,single_protein,8;9,D;H,2014,,517.6330000000004,5.634600000000004,89.42999999999999,2,6,5,7,5,0.25,0.3139113360238216
CHEMBL3701761,CHEMBL3701761,CC1(O)CC(N)(c2ccc(-c3nc4n(c3-c3ccccc3)COc3ccc(C#N)cc3-4)cc2)C1,,8.36,2,8.36,8.36,IC50,B,cell-based format,cell_based,8;9,D;H,2014,,448.52600000000024,4.804480000000003,97.09,2,5,3,6,4,0.21428571428571427,0.46903133497241184
CHEMBL5883799,CHEMBL5883799,COc1cc(-c2cn[nH]c2)c2nc(-c3ccc(C4(N)CCC4)cc3)c(-c3ccccc3)n2n1,,8.36,1,8.36,8.36,IC50,B,single protein format,single_protein,8,H,2017,,436.51900000000023,4.799900000000003,94.11999999999999,2,5,5,6,5,0.19230769230769232,0.4127122905143348
CHEMBL3701768,CHEMBL3701768,CN(C)C(=O)c1ccc2c(c1)-c1nc(-c3ccc(C4(N)CC(C)(O)C4)cc3)c(-c3ccccc3)n1CO2,,8.36,2,8.36,8.36,IC50,B,cell-based format,cell_based,8;9,D;H,2014,,494.59500000000025,4.634600000000003,93.61,2,5,4,6,4,0.26666666666666666,0.4313516834347371
CHEMBL447328,CHEMBL447328,c1ccc(-c2cc3c(ccn4cnnc34)nc2-c2ccc(CN3CCC(c4n[nH]c(-c5ccccn5)n4)CC3)cc2)cc1,,8.350000000000001,2,8.3,8.4,IC50,B,cell-based format,cell_based,8;9,D;H,2009,,563.6690000000003,6.171200000000006,100.78,1,7,6,8,7,0.17647058823529413,0.258177280377503
CHEMBL3973753,CHEMBL3973753,O=C(Nc1csc(-c2nncn2C2CC2)n1)c1cc(-n2cnc(C3CC3)c2)c(N2CC3(CCOCC3)C2)cn1,,8.35,2,8.35,8.35,IC50,B,single protein format,single_protein,8,H,2015,,543.6570000000004,4.0637000000000025,115.88,1,9,7,8,4,0.48148148148148145,0.37102408649995045
CHEMBL5998995,CHEMBL5998995,CNCCC(NC(=O)C1(N)CCN(c2ncnc3[nH]ccc23)CC1)c1ccc(Cl)cc1,,8.35,1,8.35,8.35,IC50,B,single protein format,single_protein,8,H,2016,,441.9670000000001,2.3760000000000003,111.95999999999998,4,6,7,4,3,0.4090909090909091,0.44755596524858987
CHEMBL4519793,CHEMBL4519793,Cn1ncc(Cl)c1-c1cc(C(=O)N[C@@H]2CN[C@H](CCn3cncn3)C[C@H]2c2ccc(Cl)c(Cl)c2)oc1Cl,,8.35,1,8.35,8.35,IC50,B,assay format,other,9,D,2019,,583.3070000000002,5.219600000000004,102.80000000000001,2,6,7,5,4,0.3333333333333333,0.3095951746186146
CHEMBL3925183,CHEMBL3925183,CC(C)Oc1c(N)ncnc1N1CCC(c2nc(-c3ccc(F)c(C(F)(F)F)c3)cn2CC2CNC2)CC1,,8.35,2,8.35,8.35,IC50,B,single protein format,single_protein,8,H,2015,,533.5740000000001,4.470800000000003,94.12,2,7,7,5,3,0.5,0.433028577670329
CHEMBL3974201,CHEMBL3974201,Cc1cc(-c2cn(CC3CNC3)c(C3CCN(c4ncnc(N)c4C(C)C)CC3)n2)ccc1F,,8.35,2,8.35,8.35,IC50,B,single protein format,single_protein,8,H,2015,,463.6050000000002,4.096620000000002,84.89,2,6,6,5,3,0.5,0.5726698720015794
CHEMBL5914656,CHEMBL5914656,NC1(C(=O)N[C@@H](CCCO)c2ccc(Cl)cc2)CCN(c2ncnc3[nH]ccc23)CC1,,8.35,1,8.35,8.35,IC50,B,single protein format,single_protein,8,H,2016,,442.95100000000025,2.5390000000000006,120.16,4,6,7,4,3,0.4090909090909091,0.44597504506952457
CHEMBL379209,CHEMBL379209,N#Cc1ncc(OC[C@@H](N)Cc2c[nH]c3ccccc23)cc1-c1ccc2cnccc2c1,,8.34,1,8.34,8.34,IC50,B,single protein format,single_protein,9,D,2006,,419.4880000000001,4.598580000000002,100.61,2,5,6,5,5,0.11538461538461539,0.41891331140440274
CHEMBL3701718,CHEMBL3701718,CC1(O)CC(N)(c2ccc(-c3nc4n(c3-c3ccccc3)COc3cccc(F)c3-4)cc2)C1,,8.34,2,8.34,8.34,IC50,B,cell-based format,cell_based,8;9,D;H,2014,,441.5060000000002,5.071900000000004,73.3,2,4,3,6,4,0.2222222222222222,0.46549623790543015
CHEMBL5712042,CHEMBL5712042,C=CC(=O)Nc1cccc(C(=O)NC2CCN(Cc3ccc(-c4nc5cc[nH]c(=O)c5cc4-c4ccccc4)cc3)CC2)c1,,8.34,7,6.28,8.82,IC50;Kd;Ki,B,cell-based format;single protein format,mixed,8;9,D;H,2019;2020,,583.6920000000001,5.776000000000005,107.19,3,5,8,6,5,0.16666666666666666,0.20100535426169494
CHEMBL4866810,CHEMBL5028665,Cn1nccc1-c1ccc(C(=O)N[C@@H]2CNCC[C@H]2c2cc(F)cc(F)c2)c(F)c1,,8.34,1,8.34,8.34,IC50,B,cell-based format,cell_based,9,D,2021,,414.43100000000004,3.379900000000002,58.95,2,3,4,4,3,0.2727272727272727,0.6883069589354837
CHEMBL4163627,CHEMBL4163627,CCOC(=O)c1c(C)nc(NNC(=O)c2cccc3c(=O)c4ccccc4[nH]c23)nc1-c1ccccc1,,8.33,1,8.33,8.33,IC50,B,single protein format,single_protein,9,D,2017,,493.52300000000025,4.380320000000003,126.06999999999998,3,7,6,5,5,0.10714285714285714,0.1820282726196667
CHEMBL3640732,CHEMBL3640732,Nc1ncccc1-c1nc2ccc(-c3cccc(NC(=O)C4CC4)c3)nc2n1-c1ccc(C2(N)CCC2)cc1,,8.33,4,8.15,8.51,IC50;Kd,B,single protein format,single_protein,8;9,D;H,2013,,515.6210000000004,5.4181000000000035,124.74,3,6,6,7,5,0.22580645161290322,0.27738682242186435
CHEMBL1684800,CHEMBL1684800,COc1ccc(Cn2ncc(NC(=O)c3cc(NC(=O)Nc4ccc(Cl)c(C(F)(F)F)c4)ccc3C)c2N)cc1,,8.33,1,8.33,8.33,IC50,B,assay format,other,9,D,2011,,572.975,6.399120000000004,123.3,4,5,7,4,4,0.14814814814814814,0.20400897061303122
CHEMBL3900512,CHEMBL3900512,CN(C)CCn1cc(-c2ccc(F)c(C(F)(F)F)c2)nc1C1CCN(c2ncnc(N)c2C2CC2)CC1,,8.32,2,8.32,8.32,IC50,B,single protein format,single_protein,8,H,2015,,517.5750000000003,4.9032000000000036,76.10000000000001,1,6,7,5,3,0.5,0.4494562625814655
CHEMBL3935483,CHEMBL3935483,CCc1c(N)ncnc1N1CCC(c2nc(-c3ccc(F)c(OC)c3)cn2CCN2CCC2)CC1,,8.32,2,8.32,8.32,IC50,B,single protein format,single_protein,8,H,2015,,479.6040000000004,3.722100000000003,85.33,1,7,8,5,3,0.5,0.5270034660151766
CHEMBL3649674,CHEMBL3649674,NC1(c2ccc(-n3c(-c4ccccc4O)nc4ccc(-c5ccccc5)nc43)cc2)CCC1,,8.32,2,8.32,8.32,IC50,B,single protein format,single_protein,8;9,D;H,2014,,432.52700000000027,5.798000000000004,76.96,2,4,4,6,5,0.14285714285714285,0.37634935191376234
CHEMBL3957657,CHEMBL3957657,Cc1cc(-c2cn(CCN(C)C)c(C3CCN(c4ncnc(N)c4-c4cn[nH]c4)CC3)n2)ccc1F,,8.32,2,8.32,8.32,IC50,B,single protein format,single_protein,8,H,2015,,489.6030000000002,3.7055200000000017,104.77999999999999,2,7,7,5,4,0.38461538461538464,0.4077736245984917
CHEMBL6063748,CHEMBL6063748,CNC(=O)c1cc(OCC2CC2)c2nc(-c3ccc(C4(N)CCC4)cc3)c(-c3ccccc3)n2n1,,8.32,1,8.32,8.32,IC50,B,single protein format,single_protein,8,H,2017,,467.5730000000002,4.5496000000000025,94.53999999999999,2,5,7,6,4,0.32142857142857145,0.4158503957387726
CHEMBL5069422,CHEMBL5069422,NC1(C(=O)N[C@@H](CCN2CCN(C(=O)CCOCCOCCOCCOCCOCCNc3cccc4c3C(=O)N(C3CCC(=O)NC3=O)C4=O)CC2)c2ccc(Cl)cc2)CCN(c2ncnc3[nH]ccc23)CC1,,8.32,1,8.32,8.32,Kd,B,single protein format,single_protein,9,D,2022,,1044.6079999999997,2.28720000000001,265.21000000000004,5,17,27,8,4,0.5294117647058824,0.04237724088117331
CHEMBL3649680,CHEMBL3649680,COc1ccc(-c2nc3ccc(-c4cccc(N5CCOCC5)c4)nc3n2-c2ccc(C3(N)CCC3)cc2)cc1,,8.32,2,8.32,8.32,IC50,B,single protein format,single_protein,8;9,D;H,2014,,531.6600000000004,5.937600000000005,78.43,1,6,6,7,5,0.2727272727272727,0.29231695986287365
CHEMBL3701732,CHEMBL3701732,COc1cccc2c1-c1nc(-c3ccc(C4(N)CC(O)(C5CC5)C4)cc3)c(-c3ccccc3)n1CO2,,8.32,2,8.32,8.32,IC50,B,cell-based format,cell_based,8;9,D;H,2014,,479.5800000000002,5.3315000000000055,82.53000000000002,2,5,5,7,4,0.3,0.4042439854251276
CHEMBL3952378,CHEMBL3952378,Nc1ncnc(N2CCC(c3nc(-c4ccc(F)c(Cl)c4)cn3CCN3CCCC3)CC2)c1C1CCC1,,8.31,2,8.31,8.31,IC50,B,single protein format,single_protein,8,H,2015,,524.0880000000004,5.462100000000006,76.10000000000001,1,6,7,6,3,0.5357142857142857,0.4427924378945283
CHEMBL1773730,CHEMBL1773730,CC(=O)Nc1nc2ccc(-c3cnc(Cl)c(NS(=O)(=O)c4ccccc4Cl)c3)cc2s1,,8.31,1,8.31,8.31,IC50,B,cell-based format,cell_based,9,D,2011,,493.3970000000001,5.424300000000002,101.04999999999998,2,6,5,4,4,0.05,0.3615811226839311
CHEMBL2325996,CHEMBL2325996,NC1(C(=O)NC(CCCN2CCCCC2)c2ccc(Cl)cc2)CCN(c2ncnc3[nH]ccc23)CC1,,8.3,1,8.3,8.3,IC50,B,single protein format,single_protein,9,D,2013,,510.08600000000024,4.032600000000003,103.17000000000002,3,6,8,5,3,0.5185185185185185,0.42332018991750014
CHEMBL3672088,CHEMBL3672088,CSc1nc2nc(-c3ccc(CN4CCC(c5n[nH]c(-c6cccc(C)n6)n5)CC4)cc3)c(-c3ccccc3)cn2n1,,8.3,2,8.3,8.3,IC50,B,cell-based format,cell_based,9,D,2015,,573.7300000000001,6.048320000000007,100.78,1,8,7,7,6,0.25,0.23053324481713403
CHEMBL4523032,CHEMBL4297188,Nc1ncccc1-c1nc2ccc(-c3ccccc3)nc2n1-c1ccc(C2(N)CCC2)cc1,MIRANSERTIB,8.3,7,6.51,8.89,IC50,B,assay format;cell-based format;single protein format,mixed,9,D,2016;2022,2,432.5310000000003,5.069600000000003,95.64,2,5,4,6,5,0.14814814814814814,0.4133392868917088
CHEMBL1258552,CHEMBL1258552,N[C@H](Cc1ccc(Cl)cc1)C(=O)N1CCN(c2ncnc3[nH]ccc23)CC1,,8.3,1,8.3,8.3,IC50,B,single protein format,single_protein,8,H,2010,,384.8710000000001,1.8298999999999999,91.14000000000001,2,5,4,4,3,0.3157894736842105,0.715672416786714
CHEMBL2325983,CHEMBL2325983,NC1(C(=O)NC(c2ccc(Cl)cc2)C2CC2)CCN(c2ncnc3[nH]ccc23)CC1,,8.3,1,8.3,8.3,IC50,B,single protein format,single_protein,9,D,2013,,424.93600000000015,3.1765000000000017,99.93,3,5,5,5,3,0.4090909090909091,0.5837001613099505
CHEMBL2016891,CHEMBL2016891,COC(=O)c1cc(NCCN2CCCC2)c(C)c(N2CCN(c3ncnc4[nH]nc(Br)c34)CC2)c1,,8.3,1,8.3,8.3,IC50,B,single protein format,single_protein,8,H,2012,,543.47,3.0447200000000008,102.51,2,9,7,5,3,0.5,0.4356556635413648
CHEMBL5946028,CHEMBL5946028,COCCOc1cc(C(N)=O)nn2c(-c3ccccc3)c(-c3ccc(C4(N)CCC4)cc3)nc12,,8.3,1,8.3,8.3,IC50,B,single protein format,single_protein,8,H,2017,,457.5340000000003,3.5253000000000014,117.75999999999999,2,6,8,5,4,0.2692307692307692,0.39098221251440907
CHEMBL3672084,CHEMBL3672084,CSc1nc2nc(-c3ccc(CN4CC(c5n[nH]c(-c6ccccn6)n5)C4)cc3)c(-c3ccccc3)cn2n1,,8.3,2,8.3,8.3,IC50,B,cell-based format,cell_based,9,D,2015,,531.6490000000001,4.959700000000004,100.78,1,8,7,7,6,0.1724137931034483,0.288639552114276
CHEMBL573778,CHEMBL573778,Cc1n[nH]c2cnc(-c3cncc(OC[C@@H](N)Cc4ccc(Br)cc4)c3)cc12,,8.3,1,8.3,8.3,IC50,B,single protein format,single_protein,8,H,2009,,438.32900000000006,4.039620000000002,89.71,2,5,6,4,4,0.19047619047619047,0.4744359647267379
CHEMBL3672480,CHEMBL3672480,N#Cc1cccc(-c2cnc3cc(-c4ccccc4)c(-c4ccc(C5(N)CCC5)cc4)nn23)c1,,8.3,2,8.3,8.3,IC50,B,cell-based format,cell_based,9,D,2015,,441.53800000000024,5.939880000000006,80.0,1,4,4,6,5,0.13793103448275862,0.3742340900094348
CHEMBL1236822,CHEMBL1236822,NC[C@H](Cc1ccc(Cl)cc1)C(=O)N1CCN(c2ncnc3[nH]ccc23)CC1,,8.3,1,8.3,8.3,IC50,B,single protein format,single_protein,8,H,2010,,398.89800000000014,2.0774999999999997,91.14000000000001,2,5,5,4,3,0.35,0.6861690218412395
CHEMBL3699759,CHEMBL3699759,NC1(c2ccc(-c3nc4c(Br)cc(Cl)cn4c3-c3ccccc3)cc2)CCC1,,8.3,2,8.3,8.3,IC50,B,single protein format,single_protein,8;9,D;H,2015,,452.7830000000002,6.422100000000005,43.31999999999999,1,2,3,5,4,0.17391304347826086,0.38946922979612153
CHEMBL3672499,CHEMBL3672499,COc1cncc(-c2cnc3cc(-c4ccccc4)c(-c4ccc(C5(N)CCC5)cc4)nn23)c1,,8.3,2,8.3,8.3,IC50,B,cell-based format,cell_based,9,D,2015,,447.54200000000026,5.471800000000005,78.33,1,5,5,6,5,0.17857142857142858,0.38639983186152693
CHEMBL1096626,CHEMBL1096626,CCn1c(-c2nonc2N)nc2c(C#CC(C)(C)O)nc(OC[C@@H](N)c3ccccc3)cc21,GSK-938890A,8.3,1,8.3,8.3,IC50,B,single protein format,single_protein,8,H,2009,,447.49900000000014,2.2846,151.13000000000002,3,9,6,4,4,0.30434782608695654,0.3780275973797877
CHEMBL229855,CHEMBL229855,Cc1n[nH]c2ccc(-c3cncc(OC[C@@H](N)Cc4ccc(Br)cc4)c3)cc12,,8.3,1,8.3,8.3,IC50,B,single protein format,single_protein,9,D,2007,,437.341,4.644620000000002,76.82,2,4,6,4,4,0.18181818181818182,0.4607431225574106
CHEMBL3672083,CHEMBL3672083,CSc1nc2nc(-c3ccc(CN4CC(c5n[nH]c(-c6cccc(C)n6)n5)C4)cc3)c(-c3ccccc3)cn2n1,,8.3,2,8.3,8.3,IC50,B,cell-based format,cell_based,9,D,2015,,545.6760000000002,5.268120000000005,100.78,1,8,7,7,6,0.2,0.2709768496580992
CHEMBL3216643,CHEMBL281464,COc1ccc(O)c(C(=O)c2ccc(C(=O)O[C@@H]3CCCNCC3NC(=O)c3ccncc3)cc2)c1F,,8.3,1,8.3,8.3,IC50,B,single protein format,single_protein,8,H,2004,,507.51800000000026,2.8733000000000013,126.85000000000001,3,8,7,4,3,0.25925925925925924,0.3292347226798161
CHEMBL3672042,CHEMBL3672042,CCc1cnn2cc(-c3ccccc3)c(-c3ccc(CN4CC(c5n[nH]c(-c6cccc(C)n6)n5)C4)cc3)nc12,,8.3,2,8.3,8.3,IC50,B,cell-based format,cell_based,9,D,2015,,526.6480000000003,5.713620000000005,87.89,1,6,7,7,6,0.21875,0.286557597003264
CHEMBL3900660,CHEMBL3900660,CCOc1c(N)ncnc1N1CCC(c2nc(-c3ccc(F)c(C(F)(F)F)c3)cn2CC2CNC2)CC1,,8.3,2,8.3,8.3,IC50,B,single protein format,single_protein,8,H,2015,,519.5470000000001,4.082300000000003,94.12,2,7,7,5,3,0.48,0.4545208882927839
CHEMBL3672051,CHEMBL3672051,COC(=O)c1cnn2cc(-c3c(F)cccc3F)c(-c3ccc(CN4CCC(c5n[nH]c(-c6ccccn6)n5)CC4)cc3)nc12,,8.3,2,8.3,8.3,IC50,B,cell-based format,cell_based,9,D,2015,,606.637,5.687800000000006,114.19,1,8,7,7,6,0.21212121212121213,0.2308056566815109
CHEMBL1773604,CHEMBL1773604,COc1ccc(S(=O)(=O)Nc2cc(-c3ccc4nc(NC(C)=O)sc4c3)cnc2Cl)cc1,,8.3,1,8.3,8.3,IC50,B,cell-based format,cell_based,9,D,2011,,488.9780000000002,4.779500000000003,110.28000000000002,2,7,6,4,4,0.09523809523809523,0.3777799827441244
CHEMBL3701777,CHEMBL3701777,CC1(O)CC(O)(c2ccc(-c3nc4n(c3-c3ccccc3)COc3ccc(C(=O)O)cc3-4)cc2)C1,,8.3,2,8.3,8.3,IC50,B,cell-based format,cell_based,8;9,D;H,2014,,468.50900000000024,4.664600000000003,104.81000000000002,3,5,4,6,4,0.21428571428571427,0.4022718147476569
CHEMBL3649685,CHEMBL3649685,NC1(c2ccc(-n3c(-c4ccnnc4)nc4ccc(-c5cccc(N6CCOCC6)c5)nc43)cc2)CCC1,,8.3,2,8.3,8.3,IC50,B,single protein format,single_protein,8;9,D;H,2014,,503.61000000000047,4.719000000000005,94.98,1,7,5,7,5,0.26666666666666666,0.3708272551809931
CHEMBL3970476,CHEMBL3970476,CC1Cc2c(Cl)cccc2N1C(=O)Cc1nc(N2CCOCC2)cc(=O)[nH]1,,8.3,6,8.3,9.0,IC50,B,assay format;cell-based format,cell_based,8,H,2015,,388.8550000000002,1.7801999999999993,78.53,1,5,3,4,2,0.42105263157894735,0.8666895319374015
CHEMBL1773605,CHEMBL1773605,CC(=O)Nc1nc2ccc(-c3cnc(Cl)c(NS(=O)(=O)c4ccccc4)c3)cc2s1,,8.3,1,8.3,8.3,IC50,B,cell-based format,cell_based,9,D,2011,,458.9520000000001,4.770900000000002,101.04999999999998,2,6,5,4,4,0.05,0.4192733369449
CHEMBL427422,CHEMBL427422,Cc1n[nH]c2cnc(-c3cncc(OC[C@@H](N)Cc4cccc(F)c4F)c3)cc12,,8.3,1,8.3,8.3,IC50,B,single protein format,single_protein,9,D,2007,,395.41300000000007,3.555320000000002,89.71,2,5,6,4,4,0.19047619047619047,0.521093393248098
CHEMBL4529738,CHEMBL4529738,Cn1ncc(Cl)c1-c1coc(C(=O)N[C@@H]2CNCC[C@H]2c2ccc(F)c(F)c2)c1,,8.29,1,8.29,8.29,IC50,B,assay format,other,9,D,2019,,420.84700000000015,3.4872000000000023,72.09,2,4,4,4,3,0.3,0.6774331126426503
CHEMBL2375968,CHEMBL2375968,COc1ncc(-c2cc3c(C)nc(N)nc3n([C@H]3CC[C@H](OCO)CC3)c2=O)cc1F,,8.28,1,8.28,8.28,IC50,B,cell-based format,cell_based,9,D,2013,,429.4520000000002,2.34192,125.38,2,8,5,4,3,0.42857142857142855,0.5922120358969151
CHEMBL4751394,CHEMBL4751394,NC(=O)c1ccc2nc(-c3ccc(C4(N)CCC4)cc3)c(-c3ccccc3)n2n1,BAY-1125976,8.28,9,7.36,9.05,IC50;Kd,B;F,cell-based format;single protein format,mixed,8;9,D;H,2017;2021;2023,1,383.45500000000004,3.5001000000000024,99.3,2,4,4,5,4,0.17391304347826086,0.5632488000301975
CHEMBL3701728,CHEMBL3701728,CC1(O)CC(N)(c2ccc(-c3nc4n(c3-c3ccccc3)COc3ccccc3-4)cc2)C1,,8.28,2,8.28,8.28,IC50,B,cell-based format,cell_based,8;9,D;H,2014,,423.5160000000002,4.932800000000004,73.3,2,4,3,6,4,0.2222222222222222,0.48989774626746985
CHEMBL2325995,CHEMBL2325995,NC1(C(=O)NC(CCCN2CCOCC2)c2ccc(Cl)cc2)CCN(c2ncnc3[nH]ccc23)CC1,,8.275,2,8.25,8.3,IC50,B,single protein format,single_protein,8;9,D;H,2013;2016,,512.0580000000002,2.8789000000000007,112.4,3,7,8,5,3,0.5,0.42596949655180927
CHEMBL5712046,CHEMBL5712046,C=CC(=O)Nc1cc(Br)cc(C(=O)NC2CCN(Cc3ccc(-c4nc5cc[nH]c(=O)c5cc4-c4ccccc4)cc3)CC2)c1,,8.274999999999999,2,8.12,8.43,IC50;Ki,B,cell-based format,cell_based,9,D,2019,,662.5880000000002,6.538500000000005,107.19,3,5,8,6,5,0.16666666666666666,0.1638054002773945
CHEMBL3924599,CHEMBL3924599,CC(C)NCCn1cc(-c2ccc(F)c(C(F)(F)F)c2)nc1C1CCN(c2ncnc(N)c2C#N)CC1,,8.27,2,8.27,8.27,IC50,B,single protein format,single_protein,8,H,2015,,516.5470000000003,4.333880000000002,108.68,2,7,7,4,3,0.44,0.4500538211617099
CHEMBL5828090,CHEMBL5828090,CC(C)(O)C[C@H](NC(=O)C1(N)CCN(c2ncnc3[nH]ccc23)CC1)c1ccc(Cl)cc1,,8.27,1,8.27,8.27,IC50,B,single protein format,single_protein,8,H,2016,,456.9780000000002,2.927500000000002,120.16,4,6,6,4,3,0.43478260869565216,0.4523227539614714
CHEMBL574268,CHEMBL574268,N[C@H](COc1cncc(-c2ccc3c(c2)C(=O)C(=O)N3)c1)Cc1c[nH]c2ccccc12,,8.27,1,8.27,8.27,IC50,B,single protein format,single_protein,8,H,2009,,412.44900000000007,3.3135000000000012,110.1,3,5,6,5,4,0.125,0.42098125280203574
CHEMBL5789489,CHEMBL5789489,Cc1c[nH]c2ncnc(N3CCC(N)(C(=O)N[C@@H](CC(C)(C)O)c4ccc(Cl)cc4)CC3)c12,,8.27,1,8.27,8.27,IC50,B,single protein format,single_protein,8,H,2020,,471.0050000000003,3.235920000000002,120.16000000000001,4,6,6,4,3,0.4583333333333333,0.4386601028493176
CHEMBL3701755,CHEMBL3701755,NC1(c2ccc(-c3nc4n(c3-c3ccccc3)COc3nccnc3-4)cc2)CC(O)(C2CC2)C1,,8.27,2,8.27,8.27,IC50,B,cell-based format,cell_based,8;9,D;H,2014,,451.53000000000026,4.112900000000003,99.08,2,6,4,7,4,0.2962962962962963,0.48443413997216217
CHEMBL211281,CHEMBL211281,c1ccc2c(C[C@@H](COc3cncc(-c4cc5ccncc5s4)c3)Nc3cc4ccncc4s3)c[nH]c2c1,,8.27,1,8.27,8.27,IC50,B,single protein format,single_protein,9,D,2006,,533.6820000000001,7.551500000000004,75.72,2,7,8,7,7,0.1,0.21090075264155794
CHEMBL4528363,CHEMBL4528363,CC(C)(N)c1ccc(-n2c(-c3cccnc3N)nc3ccc(-c4ccccc4)nc32)cc1,,8.27,1,8.27,8.27,IC50,B,cell-based format,cell_based,9,D,2016,,420.5200000000001,4.925500000000002,95.64,2,5,4,5,5,0.11538461538461539,0.4299338735097486
CHEMBL1096291,CHEMBL1096291,CCn1c(-c2nonc2N)nc2c(C#CC(C)(C)O)nc(OCCN)cc21,,8.260000000000002,2,8.22,8.3,IC50;Ki,B,single protein format,single_protein,8,H,2009,,371.4010000000001,0.5433000000000004,151.13000000000002,3,9,5,3,3,0.4117647058823529,0.5457034010026308
CHEMBL3701751,CHEMBL3701751,NC1(c2ccc(-c3nc4n(c3-c3ccccc3)COc3cnccc3-4)cc2)CCC1,,8.26,2,8.26,8.26,IC50,B,cell-based format,cell_based,8;9,D;H,2014,,394.4780000000002,4.966900000000003,65.96,1,4,3,6,4,0.2,0.5329126873193668
CHEMBL5994474,CHEMBL5994474,CCc1c(N)ncnc1N1CC[C@@H](c2nc(-c3ccc(F)c(C(F)(F)F)c3)cn2CCN2CCC2)[C@@H](F)C1,,8.26,1,8.26,8.26,IC50,B,single protein format,single_protein,8,H,2018,,535.5650000000002,4.680300000000004,76.10000000000001,1,6,7,5,3,0.5,0.44313514038972357
CHEMBL5828780,CHEMBL5828780,Cc1cc(-c2cn(CC3CNC3)c([C@@H]3CCN(c4ncnc(N)c4C(C)C)C[C@@H]3F)n2)ccc1F,,8.26,1,8.26,8.26,IC50,B,single protein format,single_protein,8,H,2018,,481.59500000000014,4.044620000000003,84.89,2,6,6,5,3,0.5,0.5527838333842194
CHEMBL3931890,CHEMBL3931890,CC1Cc2c(ccc(F)c2F)N1C(=O)Cc1nc(N2CCOCC2)c(F)c(=O)[nH]1,,8.26,4,7.82,8.7,IC50,B,assay format;cell-based format,cell_based,8,H,2015,,408.38000000000017,1.5441,78.53,1,5,3,4,2,0.42105263157894735,0.8338945744061514
CHEMBL6002524,CHEMBL6002524,CCOc1c(N)ncnc1N1CC[C@H](c2nc(-c3ccc(F)c(C(F)(F)F)c3)cn2CCN2CCC2)[C@H](F)C1,,8.26,1,8.26,8.26,IC50,B,single protein format,single_protein,8,H,2018,,551.5640000000003,4.516600000000004,85.33,1,7,8,5,3,0.5,0.41244177071528865
CHEMBL5744233,CHEMBL5744233,Nc1ncnc(N2CC[C@@H](c3nc(-c4ccc(F)c(C(F)(F)F)c4)cn3CCN3CCC3)[C@H](F)C2)c1Cl,,8.26,1,8.26,8.26,IC50,B,single protein format,single_protein,8,H,2018,,541.9560000000002,4.7713000000000045,76.10000000000001,1,6,6,5,3,0.4583333333333333,0.45311361004161477
CHEMBL5842501,CHEMBL5842501,CCc1c(N)ncnc1N1CCC(O)(c2nc(-c3ccc(F)c(C)c3)cn2CCN2CCC2)CC1,,8.26,1,8.26,8.26,IC50,B,single protein format,single_protein,8,H,2018,,479.6040000000003,3.1259200000000025,96.33,2,7,7,5,3,0.5,0.5374657092718766
CHEMBL5743486,CHEMBL5743486,NC(=O)c1c(N)ncnc1N1CC[C@@H](c2nc(-c3ccc(F)c(C(F)(F)F)c3)cn2CCN2CCC2)[C@@H](F)C1,,8.26,1,8.26,8.26,IC50,B,single protein format,single_protein,8,H,2018,,550.5360000000003,3.216800000000002,119.18999999999998,2,7,7,5,3,0.44,0.4338532085284934
CHEMBL5742125,CHEMBL5742125,CC(C)c1c(N)ncnc1N1CC[C@@H](c2nc(-c3ccc(F)c(C(F)(F)F)c3)cn2CCN)[C@@H](F)C1,,8.26,1,8.26,8.26,IC50,B,single protein format,single_protein,8,H,2018,,509.52700000000016,4.4943000000000035,98.88000000000001,2,6,6,4,3,0.4583333333333333,0.47526488305060643
CHEMBL3701765,CHEMBL3701765,COc1ccc2c(n1)-c1nc(-c3ccc(C4(N)CC(C)(O)C4)cc3)c(-c3ccccc3)n1CO2,,8.26,2,8.26,8.26,IC50,B,cell-based format,cell_based,8;9,D;H,2014,,454.5300000000002,4.336400000000002,95.42,2,6,4,6,4,0.25925925925925924,0.4764281374858818
CHEMBL3970663,CHEMBL3970663,Cc1cc(-c2cn(CCNC(C)(C)C)c(C3CCN(c4ncnc(N)c4-c4cn[nH]c4)CC3)n2)ccc1F,,8.26,2,8.26,8.26,IC50,B,single protein format,single_protein,8,H,2015,,517.6570000000003,4.532020000000003,113.57000000000001,3,7,7,5,4,0.42857142857142855,0.3299816040998425
CHEMBL5834891,CHEMBL5834891,Cc1cc(-c2cn(CCN3CCC3)c([C@@H]3CCN(c4ncnc(N)c4C(C)C)C[C@@H]3F)n2)ccc1F,,8.26,2,8.26,8.26,IC50,B,single protein format,single_protein,8,H,2018,,495.6220000000001,4.530920000000004,76.1,1,6,7,5,3,0.5185185185185185,0.5190895328589352
CHEMBL6012581,CHEMBL6012581,CCOc1c(N)ncnc1N1CC[C@@H](c2nc(-c3ccc(F)c(C(F)(F)F)c3)cn2CCN2CCC2)[C@@H](F)C1,,8.26,2,8.26,8.26,IC50,B,single protein format,single_protein,8,H,2018,,551.5640000000003,4.516600000000004,85.33,1,7,8,5,3,0.5,0.41244177071528865
CHEMBL5980065,CHEMBL5980065,Cc1cc(-c2cn(CCN(C)C)c([C@H]3CCN(c4ncnc(N)c4Cl)C[C@H]3F)n2)ccc1F,,8.26,1,8.26,8.26,IC50,B,single protein format,single_protein,8,H,2018,,475.97500000000014,3.916820000000002,76.1,1,6,6,4,3,0.43478260869565216,0.5820905345926194
CHEMBL5829074,CHEMBL5829074,CN(C)CCn1cc(-c2ccc(F)c(C(F)(F)F)c2)nc1[C@@H]1CCN(c2ncnc(N)c2Cl)C[C@@H]1F,,8.26,2,8.26,8.26,IC50,B,single protein format,single_protein,8,H,2018,,529.9450000000003,4.627200000000003,76.10000000000001,1,6,6,4,3,0.43478260869565216,0.46940520330683455
CHEMBL6039001,CHEMBL6039001,Cc1cc(-c2cn(CCN3CCC3)c(C3(O)CCN(c4ncnc(N)c4Cl)CC3)n2)ccc1F,,8.26,1,8.26,8.26,IC50,B,single protein format,single_protein,8,H,2018,,485.9950000000002,3.216920000000001,96.33,2,7,6,5,3,0.4583333333333333,0.552995909463047
CHEMBL5808434,CHEMBL5808434,Cc1cc(-c2cn(CCN3CCC3)c(C3(O)CCN(c4ncnc(N)c4C#N)CC3)n2)ccc1F,,8.26,1,8.26,8.26,IC50,B,single protein format,single_protein,8,H,2018,,476.5600000000002,2.4352,120.11999999999999,2,8,6,5,3,0.44,0.5566705238965715
CHEMBL5761334,CHEMBL5761334,Cc1cc(-c2cn(CCN3CCC3)c([C@@H]3CCN(c4ncnc(N)c4C(N)=O)C[C@@H]3F)n2)ccc1F,,8.26,2,8.26,8.26,IC50,B,single protein format,single_protein,8,H,2018,,496.56600000000014,2.506420000000001,119.18999999999998,2,7,7,5,3,0.44,0.5158358305420955
CHEMBL5854125,CHEMBL5854125,Cc1cc(-c2cn(CCN3CCC3)c(C3CCN(c4ncnc(N)c4C(C)C)CC3(F)F)n2)ccc1F,,8.26,1,8.26,8.26,IC50,B,single protein format,single_protein,8,H,2018,,513.6120000000002,4.828120000000004,76.1,1,6,7,5,3,0.5185185185185185,0.4879420505889307
CHEMBL5904510,CHEMBL5904510,Cc1cc(-c2cn(CCN3CCC3)c([C@@H]3CCN(c4ncnc(N)c4C#N)C[C@@H]3F)n2)ccc1F,,8.26,1,8.26,8.26,IC50,B,single protein format,single_protein,8,H,2018,,478.5510000000001,3.2792000000000012,99.89,1,7,6,5,3,0.44,0.5803692497035371
CHEMBL3918391,CHEMBL3918391,CC1Cc2cc(F)ccc2N1C(=O)Cc1nc(N2CCOCC2)c(F)c(=O)[nH]1,,8.26,4,8.0,8.52,IC50,B,assay format;cell-based format,cell_based,8,H,2015,,390.3900000000002,1.4049999999999998,78.53,1,5,3,4,2,0.42105263157894735,0.8574285938488869
CHEMBL5824895,CHEMBL5824895,Cc1cc(-c2cn(CCN3CCC3)c([C@@H]3CCN(c4ncnc(N)c4OC(C)C)C[C@@H]3F)n2)ccc1F,,8.26,1,8.26,8.26,IC50,B,single protein format,single_protein,8,H,2018,,511.62100000000015,4.194720000000003,85.33,1,7,8,5,3,0.5185185185185185,0.485321956107404
CHEMBL5089002,CHEMBL5089002,CN1C(=O)CCC(N2C(=O)c3cccc(NCCOCCOCCOCCOCCOCCC(=O)N4CCN(CC[C@H](NC(=O)C5(N)CCN(c6ncnc7[nH]ccc67)CC5)c5ccc(Cl)cc5)CC4)c3C2=O)C1=O,,8.26,1,8.26,8.26,Kd,B,single protein format,single_protein,9,D,2022,,1058.6349999999993,2.6294000000000084,256.42,4,17,27,8,4,0.5384615384615384,0.04946003694307853
CHEMBL5779819,CHEMBL5779819,CN(C)CCn1cc(-c2ccc(F)c(C(F)(F)F)c2)nc1[C@@H]1CCN(c2ncnc(N)c2C#N)C[C@@H]1F,,8.26,1,8.26,8.26,IC50,B,single protein format,single_protein,8,H,2018,,520.5100000000003,3.845480000000002,99.89000000000001,1,7,6,4,3,0.4166666666666667,0.4931909919001459
CHEMBL5778528,CHEMBL5778528,N#Cc1c(N)ncnc1N1CC[C@@H](c2nc(-c3ccc(F)c(C(F)(F)F)c3)cn2CCN2CCC2)[C@@H](F)C1,,8.26,1,8.26,8.26,IC50,B,single protein format,single_protein,8,H,2018,,532.5210000000002,3.9895800000000037,99.89,1,7,6,5,3,0.44,0.47951168540411987
CHEMBL5913723,CHEMBL5913723,Cc1cc(-c2cn(CCN3CCC3)c(C3CCN(c4ncnc(N)c4C#N)CC3(F)F)n2)ccc1F,,8.26,1,8.26,8.26,IC50,B,single protein format,single_protein,8,H,2018,,496.5410000000001,3.5764000000000014,99.89,1,7,6,5,3,0.44,0.5568918593798744
CHEMBL5911309,CHEMBL5911309,Cc1cc(-c2cn(CCN(C)C)c([C@@H]3CCN(c4ncnc(N)c4C#N)C[C@@H]3F)n2)ccc1F,,8.26,1,8.26,8.26,IC50,B,single protein format,single_protein,8,H,2018,,466.54000000000013,3.1351000000000004,99.89,1,7,6,4,3,0.4166666666666667,0.5957265119836943
CHEMBL3922949,CHEMBL3922949,Cc1cc(-c2cn(CCN3CCC3)c(C3CCN(c4ncnc(N)c4-c4cn[nH]c4)CC3)n2)ccc1F,,8.26,2,8.26,8.26,IC50,B,single protein format,single_protein,8,H,2015,,501.61400000000015,3.8496200000000016,104.77999999999999,2,7,7,6,4,0.4074074074074074,0.3963250136848881
CHEMBL5944492,CHEMBL5944492,NCCn1cc(-c2ccc(F)c(C(F)(F)F)c2)nc1[C@@H]1CCN(c2ncnc(N)c2Cl)C[C@@H]1F,,8.26,1,8.26,8.26,IC50,B,single protein format,single_protein,8,H,2018,,501.89100000000013,4.024300000000002,98.88000000000001,2,6,5,4,3,0.38095238095238093,0.5122728031681119
CHEMBL4444441,CHEMBL4595315,Cn1ncc(Br)c1-c1ccc(C(=O)N[C@@H]2CNCC[C@H]2c2cccc(F)c2)s1,,8.26,1,8.26,8.26,IC50,B,assay format,other,9,D,2019,,463.3760000000002,3.9257000000000026,58.95,2,4,4,4,3,0.3,0.6168787009483996
CHEMBL5947732,CHEMBL5947732,N#Cc1c[nH]c2ncnc(N3CC[C@@H](c4nc(-c5ccc(F)c(C(F)(F)F)c5)cn4CCN4CCC4)[C@@H](F)C3)c12,,8.26,1,8.26,8.26,IC50,B,single protein format,single_protein,8,H,2018,,556.5430000000001,4.888680000000005,89.65999999999998,1,6,6,6,4,0.4074074074074074,0.340509285222563
CHEMBL5865583,CHEMBL5865583,Cc1cc(-c2cn(CCNC(C)C)c([C@@H]3CCN(c4ncnc(N)c4C(C)C)C[C@@H]3F)n2)ccc1F,,8.26,1,8.26,8.26,IC50,B,single protein format,single_protein,8,H,2018,,497.6380000000002,4.823220000000004,84.89,2,6,8,4,3,0.5185185185185185,0.4640849920122474
CHEMBL5996297,CHEMBL5996297,CN(C)CCn1cc(-c2ccc(F)c(C(F)(F)F)c2)nc1[C@H]1CCN(c2ncnc(N)c2C(N)=O)C[C@H]1F,,8.26,1,8.26,8.26,IC50,B,single protein format,single_protein,8,H,2018,,538.5250000000004,3.0727,119.19,2,7,7,4,3,0.4166666666666667,0.4440141937696808
CHEMBL5757773,CHEMBL5757773,N#Cc1c[nH]c2ncnc(N3CC[C@@H](c4nc(-c5ccnc(C(F)(F)F)c5)cn4CCN4CCC4)[C@@H](F)C3)c12,,8.26,1,8.26,8.26,IC50,B,single protein format,single_protein,8,H,2018,,539.5410000000002,4.144580000000003,102.55,1,7,6,6,4,0.4230769230769231,0.3675432951022072
CHEMBL5764623,CHEMBL5764623,CC(C)c1c(N)ncnc1N1CC[C@@H](c2nc(-c3ccc(F)c(C(F)(F)F)c3)cn2CCN(C)C)[C@@H](F)C1,,8.26,1,8.26,8.26,IC50,B,single protein format,single_protein,8,H,2018,,537.5810000000001,5.097200000000005,76.10000000000001,1,6,7,4,3,0.5,0.4231100020082978
CHEMBL5898103,CHEMBL5898103,Cc1cc(-c2cn(CCN3CCC3)c(C3(O)CCN(c4ncnc(N)c4C(C)C)CC3)n2)ccc1F,,8.26,1,8.26,8.26,IC50,B,single protein format,single_protein,8,H,2018,,493.6310000000002,3.6869200000000024,96.33,2,7,7,5,3,0.5185185185185185,0.5182227341883563
CHEMBL5758647,CHEMBL5758647,CNCCn1cc(-c2ccc(F)c(C)c2)nc1[C@@H]1CCN(c2ncnc(N)c2C(C)C)C[C@@H]1F,,8.26,1,8.26,8.26,IC50,B,single protein format,single_protein,8,H,2018,,469.58400000000023,4.044620000000002,84.89,2,6,7,4,3,0.48,0.5432603835824841
CHEMBL4524940,CHEMBL4524940,Cn1ncc(Cl)c1-c1cc(C(=O)N[C@@H]2CN[C@H](CCN3CCCCC3)C[C@H]2c2ccc(Cl)c(Cl)c2)oc1Cl,,8.25,1,8.25,8.25,IC50,B,assay format,other,9,D,2019,,599.3900000000004,6.413800000000006,75.33000000000001,2,5,7,5,3,0.48148148148148145,0.3284215896417559
CHEMBL229918,CHEMBL229918,Cc1n[nH]c2ccc(-c3cncc(OC[C@@H](N)Cc4cccc(Cl)c4Cl)c3)cc12,,8.25,1,8.25,8.25,IC50,B,single protein format,single_protein,9,D,2007,,427.3350000000001,5.188920000000003,76.82,2,4,6,4,4,0.18181818181818182,0.4441635782268037
CHEMBL3934916,CHEMBL3934916,Cc1cc(-c2cn(CCNC3CCCC3)c(C3CCN(c4ncnc(N)c4C(N)=O)CC3)n2)ccc1F,,8.25,2,8.25,8.25,IC50,B,single protein format,single_protein,8,H,2015,,506.6300000000003,3.38492,127.98,3,7,8,5,3,0.48148148148148145,0.42721937452946007
CHEMBL4217723,CHEMBL4217723,O=C(N1CCN(c2ncnc3[nH]cc(Cl)c23)CC1)C1(c2cccc(Br)c2)CCNCC1,,8.25,1,8.25,8.25,IC50,B,single protein format,single_protein,9,D,2017,,503.8320000000003,3.3438000000000008,77.15,2,5,3,5,3,0.4090909090909091,0.5732297192076559
CHEMBL3649676,CHEMBL3649676,Nc1ccccc1-c1nc2ccc(-c3ccccc3)nc2n1-c1ccc(C2(N)CCC2)cc1,,8.25,2,8.25,8.25,IC50,B,single protein format,single_protein,8;9,D;H,2014,,431.5430000000003,5.674600000000005,82.75,2,4,4,6,5,0.14285714285714285,0.35898393284227165
CHEMBL5779455,CHEMBL5779455,CCN(CC)CC[C@H](NC(=O)C1(N)CCN(c2ncnc3[nH]ccc23)CC1)c1ccc(Cl)cc1,,8.25,1,8.25,8.25,IC50,B,single protein format,single_protein,8,H,2016,,484.0480000000001,3.498400000000003,103.17000000000002,3,6,9,4,3,0.48,0.4301273366088289
CHEMBL1258910,CHEMBL1258910,Cc1ccc(-c2nc3c(C)nc(N)nc3n([C@H]3CC[C@H](OCCO)CC3)c2=O)cn1,,8.24,1,8.24,8.24,IC50,B,cell-based format,cell_based,9,D,2010,,410.47800000000024,1.9401399999999998,129.04000000000002,2,8,5,4,3,0.47619047619047616,0.6527705963091568
CHEMBL3649670,CHEMBL3649670,Cn1cc(-c2nc3ccc(-c4ccccc4)nc3n2-c2ccc(C3(N)CCC3)cc2)c(N)n1,,8.24,2,8.24,8.24,IC50,B,single protein format,single_protein,8;9,D;H,2014,,435.5350000000003,4.408100000000001,100.57,2,5,4,6,5,0.19230769230769232,0.43551167814459096
CHEMBL1257295,CHEMBL1257295,Cc1ccc(-c2nc3c(C)nc(N)nc3n([C@H]3CC[C@H](O)CC3)c2=O)cn1,,8.24,1,8.24,8.24,IC50,B,cell-based format,cell_based,9,D,2010,,366.4250000000001,1.9235399999999998,119.81000000000002,2,7,2,4,3,0.42105263157894735,0.7107180302750529
CHEMBL3649684,CHEMBL3649684,NC1(c2ccc(-n3c(-c4ncccn4)nc4ccc(-c5cccc(N6CCOCC6)c5)nc43)cc2)CCC1,,8.24,2,8.24,8.24,IC50,B,single protein format,single_protein,8;9,D;H,2014,,503.61000000000047,4.719000000000005,94.98,1,7,5,7,5,0.26666666666666666,0.3708272551809931
CHEMBL3925163,CHEMBL3925163,CC1Cc2cc(F)c(F)cc2N1C(=O)Cc1nc(N2CCOCC2)cc(=O)[nH]1,,8.235,4,7.77,8.7,IC50,B,assay format;cell-based format,cell_based,8,H,2015,,390.3900000000002,1.4049999999999998,78.53,1,5,3,4,2,0.42105263157894735,0.8574285938488869
CHEMBL2375957,CHEMBL2375957,COc1ncc(-c2cc3c(C)nc(N)nc3n([C@H]3CC[C@H](OCC(N)=O)CC3)c2=O)cc1F,,8.23,1,8.23,8.23,IC50,B,cell-based format,cell_based,9,D,2013,,456.4780000000003,1.8774199999999994,148.23999999999998,2,8,6,4,3,0.4090909090909091,0.5710842602234673
CHEMBL3949523,CHEMBL3949523,Nc1ncnc(N2CCC(c3nc(-c4cccc(F)c4)cn3CCN3CCCC3)CC2)c1Br,,8.23,2,8.23,8.23,IC50,B,single protein format,single_protein,8,H,2015,,514.4470000000003,4.303700000000004,76.10000000000001,1,6,6,5,3,0.4583333333333333,0.5288577765012316
CHEMBL229799,CHEMBL229799,Cc1n[nH]c2ccc(-c3cncc(OC[C@@H](N)Cc4cccc(Cl)c4)c3)cc12,,8.23,1,8.23,8.23,IC50,B,single protein format,single_protein,9,D,2007,,392.89000000000004,4.535520000000003,76.82,2,4,6,4,4,0.18181818181818182,0.5048327630237109
CHEMBL210034,CHEMBL210034,CC(C)(Cc1ccccc1)C1C(=O)Nc2ccc(-c3cncc(OC[C@@H](N)Cc4c[nH]c5ccccc45)c3)cc21,,8.23,1,8.23,8.23,IC50,B,single protein format,single_protein,9,D,2006,,530.6720000000003,6.483300000000005,93.03,3,4,9,6,5,0.23529411764705882,0.2032554205806653
CHEMBL3649682,CHEMBL3649682,NC1(c2ccc(-n3c(-c4cccc(Cl)c4)nc4ccc(-c5cccc(N6CCOCC6)c5)nc43)cc2)CCC1,,8.23,2,8.23,8.23,IC50,B,single protein format,single_protein,8;9,D;H,2014,,536.0790000000003,6.582400000000005,69.2,1,5,5,7,5,0.25,0.2750393655500177
CHEMBL577379,CHEMBL577379,N[C@H](COc1cncc(-c2ccc3c(c2)C(c2ccccc2)C(=O)N3)c1)Cc1c[nH]c2ccccc12,,8.23,1,8.23,8.23,IC50,B,single protein format,single_protein,8,H,2009,,474.5640000000002,5.262700000000004,93.03,3,4,7,6,5,0.13333333333333333,0.299873972988043
CHEMBL254099,CHEMBL254099,CSc1ncc2cc(-c3ccccc3)c(-c3ccc(CN4CCC(c5nnc(-c6ccccn6)[nH]5)CC4)cc3)nc2n1,,8.225,2,8.03,8.42,IC50,B,cell-based format;single protein format,mixed,8;9,D;H,2008,,570.7260000000002,6.640400000000007,96.37,1,8,7,7,6,0.21212121212121213,0.1685574037558032
CHEMBL3672066,CHEMBL3672066,Brc1cnc2nc(-c3ccc(CN4CC(c5n[nH]c(-c6ccccn6)n5)C4)cc3)c(-c3ccccc3)cn12,,8.22,2,8.22,8.22,IC50,B,cell-based format,cell_based,9,D,2015,,563.4630000000002,5.605300000000004,87.89,1,6,6,7,6,0.13793103448275862,0.28380846476131305
CHEMBL3672068,CHEMBL3672068,Cc1cccc(-c2nc(C3CN(Cc4ccc(-c5nc6nc(C)c(Br)n6cc5-c5ccccc5)cc4)C3)n[nH]2)n1,,8.22,2,8.22,8.22,IC50,B,cell-based format,cell_based,9,D,2015,,591.517,6.222140000000007,87.89,1,6,6,7,6,0.1935483870967742,0.247514018590661
CHEMBL3672557,CHEMBL3672557,Cc1cc(-c2ccc3nn4cc(-c5ccccc5)c(-c5ccc(C6(N)CCC6)cc5)nc4c3c2)[nH]n1,,8.22,2,8.22,8.22,IC50,B,single protein format,single_protein,8;9,D;H,2015,,470.58000000000027,6.252920000000006,84.89,2,4,4,7,6,0.16666666666666666,0.31874194251078636
CHEMBL512858,CHEMBL512858,NCC(NC(=O)c1cc(C2CC2)c(-c2ccnc3[nH]ccc23)s1)c1ccccc1,,8.22,1,8.22,8.22,IC50,B,single protein format,single_protein,8,H,2009,,402.5230000000001,4.598600000000003,83.79999999999998,3,4,6,5,4,0.21739130434782608,0.4406852424278622
CHEMBL493874,CHEMBL493874,CCn1c(-c2nonc2N)nc2c(C#CC(C)(C)O)ncc(OCCCN)c21,,8.22,1,8.22,8.22,IC50,B,single protein format,single_protein,9,D,2008,,385.42800000000017,0.9334000000000002,151.13000000000002,3,9,6,3,3,0.4444444444444444,0.41551054666715137
CHEMBL213618,CHEMBL213618,CNc1nccc(-c2ccc(C(=O)N[C@H](CN)Cc3ccc(Cl)cc3Cl)s2)n1,,8.22,1,8.22,8.22,IC50,B,single protein format,single_protein,9,D,2006,,436.3680000000001,3.8534000000000015,92.93,3,6,7,3,3,0.21052631578947367,0.5233000289969314
CHEMBL3701736,CHEMBL3701736,COc1ccc2c(c1)OCn1c-2nc(-c2ccc(C3(N)CC(C)(O)C3)cc2)c1-c1ccccc1,,8.22,2,8.22,8.22,IC50,B,cell-based format,cell_based,8;9,D;H,2014,,453.5420000000002,4.941400000000003,82.53,2,5,4,6,4,0.25,0.45731321571914685
CHEMBL4876446,CHEMBL4876446,NC(=O)c1cccc2c(N[C@H](CN3CCC3)c3cccc(C(F)(F)F)c3)ncnc12,,8.22,1,8.22,8.22,IC50,B,assay format,other,9,D,2021,,415.419,3.6064000000000025,84.14,2,5,6,4,3,0.2857142857142857,0.6426992988329812
CHEMBL594755,CHEMBL594755,Cc1occc1-c1nc(N)c(OC[C@@H](N)Cc2ccccc2)cc1-c1cnc2[nH]nc(C)c2n1,,8.22,1,8.22,8.22,IC50,B,single protein format,single_protein,9,D,2010,,455.5220000000001,3.8227400000000022,141.76,3,8,7,5,5,0.2,0.33613082299788716
CHEMBL4846712,CHEMBL4846712,NC(=O)c1cccc2c(N[C@H](CN3CCC3)c3ccc(F)c(C(F)(F)F)c3)ncnc12,,8.22,1,8.22,8.22,IC50,B,assay format,other,9,D,2021,,433.409,3.7455000000000025,84.14,2,5,6,4,3,0.2857142857142857,0.5788625161550669
CHEMBL3667044,CHEMBL3667044,Clc1cnc2nc(-c3ccc(CN4CC(c5nnc(-c6ccccn6)[nH]5)C4)cc3)c(-c3ccccc3)cn12,,8.22,2,8.22,8.22,IC50,B,cell-based format,cell_based,9,D,2015,,519.0120000000002,5.496200000000004,87.88999999999999,1,6,6,7,6,0.13793103448275862,0.31322742001907833
CHEMBL3112862,CHEMBL3112862,CC1Cc2ccccc2N1C(=O)Cc1nc(N2CCOCC2)cc(=O)[nH]1,,8.22,2,8.22,8.22,IC50,B,assay format;cell-based format,cell_based,8;9,D;H,2015,,354.41,1.1268,78.53,1,5,3,4,2,0.42105263157894735,0.8938661883885446
CHEMBL5192188,CHEMBL5192188,CC(C)NC[C@@H](C(=O)N1CCN(c2ncnc3c2C(C)OC(=O)N3)CC1)c1ccc(Cl)cc1,,8.22,1,8.22,8.22,IC50,B,cell-based format,cell_based,9,D,2022,,472.9770000000002,3.1835000000000013,99.69,2,7,6,4,2,0.4782608695652174,0.6655347228248152
CHEMBL1096290,CHEMBL1096290,CCn1c(-c2nonc2N)nc2c(C#CC(C)(C)O)nc(CN3CCCC3)cc21,GSK-1000163A,8.22,1,8.22,8.22,IC50,B,single protein format,single_protein,8,H,2009,,395.4670000000002,1.8015999999999999,119.12,2,8,4,4,3,0.5,0.6419983757973993
CHEMBL575427,CHEMBL575427,Cc1cc(F)ccc1C[C@H](N)COc1cncc(-c2cc3c(C)n[nH]c3cn2)c1,,8.22,1,8.22,8.22,IC50,B,single protein format,single_protein,8,H,2009,,391.4500000000001,3.7246400000000017,89.71,2,5,6,4,4,0.22727272727272727,0.5227690331286657
CHEMBL3672486,CHEMBL3672486,NC1(c2ccc(-c3nn4c(-c5cccc(CO)c5)cnc4cc3-c3ccccc3)cc2)CCC1,,8.22,2,8.22,8.22,IC50,B,cell-based format,cell_based,9,D,2015,,446.55400000000026,5.560500000000004,76.44,2,4,5,6,5,0.1724137931034483,0.37053111220973267
CHEMBL1098241,CHEMBL1098241,CCn1c(-c2nonc2N)nc2c(C#CC(C)(C)O)nc(CN)cc21,,8.22,1,8.22,8.22,IC50,B,single protein format,single_protein,8,H,2009,,341.37500000000006,0.6644999999999996,141.9,3,8,3,3,3,0.375,0.5898597672564587
CHEMBL376394,CHEMBL376394,Cc1cc(F)ccc1C[C@H](N)COc1cncc(-c2ccc3[nH]nc(C)c3c2)c1,,8.22,1,8.22,8.22,IC50,B,single protein format,single_protein,9,D,2007,,390.4620000000001,4.329640000000002,76.82,2,4,6,4,4,0.21739130434782608,0.5137297295451729
CHEMBL4518523,CHEMBL4518523,Cn1ncc(Cl)c1-c1cc(C(=O)N[C@@H]2CN[C@H](CCN3CCC(O)CC3)C[C@H]2c2ccc(Cl)c(Cl)c2)oc1Cl,,8.22,1,8.22,8.22,IC50,B,assay format,other,9,D,2019,,615.3890000000005,5.384600000000006,95.56,3,6,7,5,3,0.48148148148148145,0.3305154678585527
CHEMBL2325739,CHEMBL2325739,NC1(C(=O)NC(CCCO)c2ccc(Cl)cc2)CCN(c2ncnc3[nH]ccc23)CC1,,8.22,1,8.22,8.22,IC50,B,single protein format,single_protein,9,D,2013,,442.95100000000025,2.5390000000000006,120.16,4,6,7,4,3,0.4090909090909091,0.44597504506952457
CHEMBL3954017,CHEMBL3954017,COc1c(N)ncnc1N1CCC(c2nc(-c3ccc(F)c(C(F)(F)F)c3)cn2CCN2CCC2)CC1,,8.21,2,8.21,8.21,IC50,B,single protein format,single_protein,8,H,2015,,519.5470000000003,4.178500000000003,85.33,1,7,7,5,3,0.48,0.469058604209087
CHEMBL1080561,CHEMBL1080561,Cc1n[nH]c2ccc(-c3nnc(NC[C@@H](N)Cc4cccc(C(F)(F)F)c4)s3)cc12,,8.21,1,8.21,8.21,IC50,B,single protein format,single_protein,8,H,2010,,432.475,4.390520000000002,92.50999999999999,3,6,6,4,4,0.25,0.4202664494882425
CHEMBL375485,CHEMBL375485,N[C@H](COc1cncc(-c2cc3c(-c4ccco4)n[nH]c3cn2)c1)Cc1ccccc1,,8.21,1,8.21,8.21,IC50,B,single protein format,single_protein,9,D,2007,,411.4650000000001,4.228700000000003,102.85000000000001,2,6,7,5,5,0.125,0.4154457349846317
CHEMBL3957616,CHEMBL3957616,Nc1ncnc(N2CCC(c3nc(-c4cccc(Cl)c4)cn3CCN3CCCC3)CC2)c1C1CCC1,,8.21,2,8.21,8.21,IC50,B,single protein format,single_protein,8,H,2015,,506.0980000000006,5.323000000000006,76.10000000000001,1,6,7,6,3,0.5357142857142857,0.4678181089740574
CHEMBL3679629,CHEMBL3679629,N=C(N)n1c(=N)ccc2nc(-c3ccc(C4(N)CCC4)cc3)c(-c3ccccc3)cc21,,8.21,2,8.21,8.21,IC50,B,single protein format,single_protein,8;9,D;H,2013,,408.50900000000007,3.9292400000000027,117.56,4,4,3,5,4,0.16,0.3037687426572386
CHEMBL3701760,CHEMBL3701760,CC1(O)CC(N)(c2ccc(-c3nc4n(c3-c3ccccc3)COc3cc(C#N)ccc3-4)cc2)C1,,8.21,2,8.21,8.21,IC50,B,cell-based format,cell_based,8;9,D;H,2014,,448.52600000000024,4.804480000000003,97.09,2,5,3,6,4,0.21428571428571427,0.46903133497241184
CHEMBL2325734,CHEMBL2325734,NC1(C(=O)NC(CCS(N)(=O)=O)c2ccc(Cl)cc2)CCN(c2ncnc3[nH]ccc23)CC1,,8.205,2,8.19,8.22,IC50,B,single protein format,single_protein,8;9,D;H,2013;2016,,492.0050000000002,1.4451,160.09,4,7,7,4,3,0.38095238095238093,0.3885748782241281
CHEMBL1615189,CHEMBL1615189,CC(=O)Nc1nc2ccc(-c3cnc(Cl)c(NS(=O)(=O)c4ccc(F)cc4)c3)cc2s1,,8.2,1,8.2,8.2,IC50,B,cell-based format,cell_based,9,D,2011,,476.9420000000001,4.910000000000002,101.04999999999998,2,6,5,4,4,0.05,0.39840579712229873
CHEMBL3649683,CHEMBL3649683,NC1(c2ccc(-n3c(-c4ccc(Cl)cc4)nc4ccc(-c5cccc(N6CCOCC6)c5)nc43)cc2)CCC1,,8.2,2,8.2,8.2,IC50,B,single protein format,single_protein,8;9,D;H,2014,,536.0790000000003,6.582400000000005,69.2,1,5,5,7,5,0.25,0.2750393655500177
CHEMBL6064984,CHEMBL6064984,Cc1c[nH]c2ncnc(N3CCC(N)(C(=O)N[C@@H](CCN4CCNCC4)c4ccc(Cl)cc4)CC3)c12,,8.2,1,8.2,8.2,IC50,B,single protein format,single_protein,8,H,2020,,511.07400000000035,2.3702200000000007,115.2,4,7,7,5,3,0.5,0.3854529149130141
CHEMBL443661,CHEMBL443661,CN(C)CCN1CCN(c2ncc3cc(-c4ccccc4)c(-c4ccc(CN5CCC(c6nnc(-c7ccccn7)[nH]6)CC5)cc4)nc3n2)CC1,,8.2,2,8.0,8.4,IC50,B,single protein format,single_protein,8,H,2008,,679.877,5.602100000000006,106.09,1,10,10,8,6,0.35,0.19673024044894266
CHEMBL3904672,CHEMBL3904672,CCN(CCn1cc(-c2ccc(F)c(C)c2)nc1C1CCN(c2ncnc(N)c2OC(C)C)CC1)C(C)C,,8.2,2,8.2,8.2,IC50,B,single protein format,single_protein,8,H,2015,,523.7010000000004,5.271320000000005,85.33000000000001,1,7,10,4,3,0.5517241379310345,0.3873797181615627
CHEMBL6008744,CHEMBL6008744,NC1(C(=O)N[C@@H](CCN2CCNCC2)c2ccc(Cl)cc2)CCN(c2ncnc3[nH]ccc23)CC1,,8.2,1,8.2,8.2,IC50,B,single protein format,single_protein,8,H,2016,,497.04700000000025,2.0618,115.19999999999999,4,7,7,5,3,0.48,0.3954787781577208
CHEMBL5906957,CHEMBL5906957,CNC(=O)c1cc(OC)c2nc(-c3ccc(C4(N)CCC4)cc3)c(-c3ccccc3)n2n1,,8.2,1,8.2,8.2,IC50,B,single protein format,single_protein,8,H,2017,,427.50800000000015,3.7694000000000027,94.53999999999999,2,5,5,5,4,0.24,0.505611315969556
CHEMBL1987679,CHEMBL1987679,NC(COc1cncc(-c2ccc3[nH]c(=O)oc3c2)c1)Cc1c[nH]c2ccccc12,,8.2,1,8.2,8.2,Ki,F,assay format,other,8,H,,,400.4380000000001,3.6132000000000017,109.93,3,5,6,5,5,0.13043478260869565,0.4032705332017978
CHEMBL5788486,CHEMBL5788486,NC1(C(=O)NC(Cc2ncc[nH]2)c2ccc(Cl)cc2)CCN(c2ncnc3[nH]ccc23)CC1,,8.2,1,8.2,8.2,IC50,B,single protein format,single_protein,8,H,2016,,464.9610000000003,2.7323000000000013,128.61,4,6,6,5,4,0.30434782608695654,0.3470333390474869
CHEMBL5395510,CHEMBL5498581,O=C(N[C@@H]1CNCC[C@H]1c1ccc(F)c(F)c1)c1cc2c(s1)OCCn1nccc1-2,,8.2,1,8.2,8.2,IC50,B,single protein format,single_protein,9,D,2023,,430.4800000000002,3.157700000000002,68.18,2,5,3,5,3,0.3333333333333333,0.6700019667811608
CHEMBL3987123,CHEMBL3987123,Cc1cc(-c2cn(CC3CNC3)c(C3CCN(c4ncnc(N)c4OC(C)C)CC3)n2)ccc1F,,8.19,2,8.19,8.19,IC50,B,single protein format,single_protein,8,H,2015,,479.6040000000002,3.7604200000000025,94.12,2,7,7,5,3,0.5,0.5328531377019339
CHEMBL4546392,CHEMBL4546392,Cn1ncc(Cl)c1-c1cc(C(=O)N[C@@H]2CN[C@H](CCN3CCCC3)C[C@H]2c2ccc(Cl)c(Cl)c2)oc1Cl,,8.19,1,8.19,8.19,IC50,B,assay format,other,9,D,2019,,585.3630000000004,6.023700000000006,75.33000000000001,2,5,7,5,3,0.46153846153846156,0.35484585851897826
CHEMBL4465572,CHEMBL4597527,Cn1ncc(Cl)c1-c1cc(C(=O)NC2CNCCC2c2ccc(F)c(F)c2)oc1Cl,,8.19,1,8.19,8.19,IC50,B,assay format,other,9,D,2019,,455.29200000000014,4.140600000000003,72.09,2,4,4,4,3,0.3,0.6206691390752149
CHEMBL3701724,CHEMBL3701724,CC1(O)CC(N)(c2ccc(-c3nc4n(c3-c3ccccc3)COc3ccc(F)cc3-4)cc2)C1,,8.19,2,8.19,8.19,IC50,B,cell-based format,cell_based,8;9,D;H,2014,,441.5060000000002,5.071900000000004,73.3,2,4,3,6,4,0.2222222222222222,0.46549623790543015
CHEMBL376959,CHEMBL376959,O=Nc1c(O)[nH]c2ccc(N[C@H](COc3cncc(-c4ccc5[nH]c(O)c(N=O)c5c4)c3)Cc3c[nH]c4ccccc34)cc12,,8.19,1,8.19,8.19,IC50,B,single protein format,single_protein,9,D,2006,,587.5960000000002,7.501700000000005,180.83999999999995,6,9,10,7,7,0.09375,0.0895512626595756
CHEMBL603675,CHEMBL603675,CC(C)(C)c1ccc(CC2(N)CCN(c3ccnc4[nH]ncc34)CC2)cc1,,8.19,1,8.19,8.19,IC50,F,cell-based format,cell_based,9,D,2010,,363.50900000000007,3.7958000000000025,70.83,2,4,3,4,3,0.45454545454545453,0.74250223800208
CHEMBL3701756,CHEMBL3701756,CC1(O)CC(N)(c2ccc(-c3nc4n(c3-c3ccccc3)COc3nccnc3-4)cc2)C1,,8.19,2,8.19,8.19,IC50,B,cell-based format,cell_based,8;9,D;H,2014,,425.4920000000002,3.722800000000003,99.08,2,6,3,6,4,0.24,0.5190143922520566
CHEMBL5977643,CHEMBL5977643,NC(=O)CC(NC(=O)C1(N)CCN(c2ncnc3[nH]ccc23)CC1)c1ccc(Cl)cc1,,8.18,1,8.18,8.18,IC50,B,single protein format,single_protein,8,H,2016,,441.9230000000001,1.6419000000000008,143.01999999999998,4,6,6,4,3,0.3333333333333333,0.45753823932412696
CHEMBL3917410,CHEMBL3917410,CC(C)c1c(N)ncnc1N1CCC(c2nc(-c3ccc(F)c(C(F)(F)F)c3)cn2CCN2CCC2)CC1,,8.18,2,8.18,8.18,IC50,B,single protein format,single_protein,8,H,2015,,531.6020000000001,5.293300000000006,76.10000000000001,1,6,7,5,3,0.5185185185185185,0.4176439794623059
CHEMBL263510,CHEMBL263510,Cc1n[nH]c2ccc(-c3cncc(OC[C@@H](N)Cc4csc5ccccc45)c3)cc12,,8.18,1,8.18,8.18,Ki,B,single protein format,single_protein,9,D,2006,,414.53400000000005,5.096820000000004,76.82,2,5,6,5,5,0.16666666666666666,0.40536611876564177
CHEMBL3701747,CHEMBL3701747,CC1(O)CC(N)(c2ccc(-c3nc4n(c3-c3ccccc3)COc3ccncc3-4)cc2)C1,,8.18,2,8.18,8.18,IC50,B,cell-based format,cell_based,8;9,D;H,2014,,424.5040000000002,4.327800000000003,86.19,2,5,3,6,4,0.23076923076923078,0.5113113294928086
CHEMBL3968744,CHEMBL3968744,CCc1c(N)ncnc1N1CCC(c2nc(-c3ccc(F)c(C(F)(F)F)c3)cn2CCN)CC1,,8.18,2,8.18,8.18,IC50,B,single protein format,single_protein,8,H,2015,,477.5100000000002,3.9853000000000023,98.88000000000001,2,6,6,4,3,0.43478260869565216,0.5212839850675725
CHEMBL3943569,CHEMBL3943569,CCOc1c(N)ncnc1N1CCC(c2nc(-c3ccc(F)c(C)c3)cn2CC2CNC2)CC1,,8.18,2,8.18,8.18,IC50,B,single protein format,single_protein,8,H,2015,,465.5770000000003,3.371920000000002,94.12,2,7,7,5,3,0.48,0.5524776695022813
CHEMBL3895450,CHEMBL3895450,Nc1ncnc(N2CCC(c3nc(-c4ccc(F)c(C(F)(F)F)c4)cn3CCN3CCC3)CC2)c1OCC(F)(F)F,,8.18,2,8.18,8.18,IC50,B,single protein format,single_protein,8,H,2015,,587.5440000000004,5.111000000000005,85.33000000000001,1,7,8,5,3,0.5,0.36691386425196104
CHEMBL3975180,CHEMBL3975180,CCc1c(N)ncnc1N1CCC(c2nc(-c3ccc(F)c(C)c3)cn2CCN2CCCC2)CC1,,8.18,2,8.18,8.18,IC50,B,single protein format,single_protein,8,H,2015,,477.6320000000004,4.4120200000000045,76.10000000000001,1,6,7,5,3,0.5185185185185185,0.5432218268067973
CHEMBL3900809,CHEMBL3900809,CCOc1c(N)ncnc1N1CCC(c2nc(-c3ccc(F)c(C)c3)cn2CCN2CCCC2)CC1,,8.18,2,8.18,8.18,IC50,B,single protein format,single_protein,8,H,2015,,493.6310000000004,4.248320000000004,85.33,1,7,8,5,3,0.5185185185185185,0.5021416647931847
CHEMBL5834899,CHEMBL5834899,COC(=O)c1cc(-c2cc[nH]n2)c2nc(-c3ccc(C4(N)CCC4)cc3)c(-c3ccccc3)n2n1,,8.18,1,8.18,8.18,IC50,B,single protein format,single_protein,8,H,2017,,464.5290000000003,4.577900000000002,111.19,2,6,5,6,5,0.18518518518518517,0.3684810493009044
CHEMBL3137336,CHEMBL3137336,Cn1ncc(Cl)c1-c1cc(C(=O)N[C@H](CN)Cc2ccc(F)c(F)c2)oc1Cl,UPROSERTIB,8.175,6,6.36,10.18,IC50;Kd,B,assay format;cell-based format;single protein format;subcellular format,mixed,9,D,2011;2016;2017;2019;2022,2,429.25400000000013,3.5649000000000015,86.08,2,4,6,3,3,0.2222222222222222,0.6276675785601484
CHEMBL3932421,CHEMBL3932421,C=Cc1c(N)ncnc1N1CCC(c2nc(-c3ccc(F)c(C(F)(F)F)c3)cn2CCN2CCCC2)CC1,,8.17,2,8.17,8.17,IC50,B,single protein format,single_protein,8,H,2015,,529.5860000000001,5.203000000000006,76.10000000000001,1,6,7,5,3,0.4444444444444444,0.4241523632177199
CHEMBL5187508,CHEMBL5187508,C[C@@H]1CC(=O)Nc2ncnc(N3CCN(C(=O)[C@H](CN)c4ccc(Cl)cc4)[C@@H]4C[C@@H]43)c21,,8.17,1,8.17,8.17,IC50,B,cell-based format,cell_based,9,D,2022,,440.9350000000001,2.1077,104.45,2,6,4,5,2,0.45454545454545453,0.7540380495458365
CHEMBL576372,CHEMBL576372,Cc1n[nH]c2cnc(-c3cncc(OC[C@@H](N)Cc4cccc(OCC5CCNCC5)c4)c3)cc12,,8.17,1,8.17,8.17,IC50,B,single protein format,single_protein,8,H,2009,,472.5930000000003,3.655520000000002,110.97,3,7,9,5,4,0.37037037037037035,0.34089830944476496
CHEMBL211827,CHEMBL211827,N[C@H](COc1cncc(-c2ccc3cnccc3c2)c1)Cc1n[nH]c2ccccc12,,8.17,1,8.17,8.17,Ki,B,single protein format,single_protein,9,D,2006,,395.4660000000001,4.121900000000003,89.71000000000001,2,5,6,5,5,0.125,0.4513221841981227
CHEMBL226745,CHEMBL226745,Cc1n[nH]c2ccc(-c3cncc(OC[C@@H](N)Cc4cccc(OCC5CCNCC5)c4)c3)cc12,,8.17,1,8.17,8.17,IC50,B,single protein format,single_protein,9,D,2007,,471.60500000000025,4.260520000000003,98.08,3,6,9,5,4,0.35714285714285715,0.3374297566012903
CHEMBL5880268,CHEMBL5880268,COc1cc(Br)nn2c(-c3ccccc3)c(-c3ccc(C4(N)CCC4)cc3)nc12,,8.16,1,8.16,8.16,IC50,B,single protein format,single_protein,8,H,2017,,449.3520000000003,5.172300000000004,65.44,1,4,4,5,4,0.21739130434782608,0.4668888464931077
CHEMBL2325982,CHEMBL2325982,CCC(NC(=O)C1(N)CCN(c2ncnc3[nH]ccc23)CC1)c1ccc(Cl)cc1,,8.16,2,8.15,8.17,IC50,B,single protein format,single_protein,8;9,D;H,2013;2016,,412.9250000000002,3.1765000000000017,99.93,3,5,5,4,3,0.38095238095238093,0.597206574253254
CHEMBL3927188,CHEMBL3927188,Nc1ncnc(N2CCC(c3nc(-c4ccc(F)c(C(F)(F)F)c4)cn3CCN3CCC3)CC2)c1-c1cn[nH]c1,,8.16,2,8.16,8.16,IC50,B,single protein format,single_protein,8,H,2015,,555.5840000000003,4.560000000000003,104.78,2,7,7,6,4,0.4074074074074074,0.32233790818986435
CHEMBL3701720,CHEMBL3701720,NC1(c2ccc(-c3nc4n(c3-c3ccsc3)COc3cccc(F)c3-4)cc2)CC(O)(C2CC2)C1,,8.15,2,8.15,8.15,IC50,B,cell-based format,cell_based,8;9,D;H,2014,,473.57300000000026,5.523500000000005,73.3,2,5,4,7,4,0.2962962962962963,0.409162731555618
CHEMBL3699754,CHEMBL3699754,NC1(c2ccc(-c3nc4c(Cl)cc(Cl)cn4c3-c3ccccc3)cc2)CCC1,,8.15,2,8.15,8.15,IC50,B,single protein format,single_protein,8;9,D;H,2015,,408.3320000000002,6.313000000000005,43.31999999999999,1,2,3,5,4,0.17391304347826086,0.4315523325547265
CHEMBL3976254,CHEMBL3976254,Cc1cc(-c2cn(CC3CNC3)c(C3CCN(c4ncnc(N)c4OCC(F)(F)F)CC3)n2)ccc1F,,8.15,2,8.15,8.15,IC50,B,single protein format,single_protein,8,H,2015,,519.5470000000003,3.9143200000000027,94.12,2,7,7,5,3,0.48,0.4573297301333134
CHEMBL3672085,CHEMBL3672085,CSc1nc2nc(-c3ccc(CN4CCC(c5n[nH]c(-c6ccccn6)n5)CC4)cc3)c(-c3ccccc3)cn2n1,,8.15,2,8.15,8.15,IC50,B,cell-based format,cell_based,9,D,2015,,559.7030000000001,5.739900000000006,100.78,1,8,7,7,6,0.22580645161290322,0.24725444110788003
CHEMBL3672045,CHEMBL3672045,Cc1nc2nc(-c3ccc(CN4CC(c5n[nH]c(-c6ccccn6)n5)C4)cc3)c(-c3ccccc3)c(C)n2n1,,8.15,2,8.15,8.15,IC50,B,cell-based format,cell_based,9,D,2015,,513.6090000000002,4.854640000000003,100.78,1,7,6,7,6,0.2,0.33959159179194587
CHEMBL3672050,CHEMBL3672050,COC(=O)c1cnn2cc(-c3c(F)cccc3F)c(-c3ccc(CN4CCC(c5n[nH]c(-c6cccc(C)n6)n5)CC4)cc3)nc12,,8.15,2,8.15,8.15,IC50,B,cell-based format,cell_based,9,D,2015,,620.664,5.996220000000006,114.19,1,8,7,7,6,0.23529411764705882,0.21647174083556606
CHEMBL5562761,CHEMBL5562761,O=S(=O)(Nc1cncc(-c2ccc3nccc(-c4ccncc4)c3c2)c1)c1ccccc1F,,8.15,1,8.15,8.15,IC50,B,cell-based format,cell_based,9,D,2023,,456.5020000000001,5.298700000000003,84.84,1,5,5,5,5,0.0,0.388003893340841
CHEMBL1632372,CHEMBL1632372,CCC1SCc2ncnc(N3CCN(C(=O)[C@H](N)Cc4ccc(Cl)cc4)CC3)c21,,8.15,1,8.15,8.15,IC50,B,single protein format,single_protein,8,H,2010,,431.9930000000002,3.0465000000000018,75.35000000000001,1,6,5,4,2,0.47619047619047616,0.7836864606742393
CHEMBL2325737,CHEMBL2325737,NC1(C(=O)NC(CO)c2ccc(Cl)cc2)CCN(c2ncnc3[nH]ccc23)CC1,,8.15,1,8.15,8.15,IC50,B,single protein format,single_protein,9,D,2013,,414.89700000000016,1.7587999999999997,120.16,4,6,5,4,3,0.35,0.504585190303669
CHEMBL1773734,CHEMBL1773734,CC(=O)Nc1nc2ccc(-c3cnc(Cl)c(NS(=O)(=O)c4ccc(C(C)(C)C)cc4)c3)cc2s1,,8.15,1,8.15,8.15,IC50,B,cell-based format,cell_based,9,D,2011,,515.0600000000002,6.068400000000004,101.04999999999998,2,6,5,4,4,0.20833333333333334,0.31469718343421954
CHEMBL2325736,CHEMBL2325736,CS(=O)(=O)NCCC(NC(=O)C1(N)CCN(c2ncnc3[nH]ccc23)CC1)c1ccc(Cl)cc1,,8.15,1,8.15,8.15,IC50,B,single protein format,single_protein,9,D,2013,,506.03200000000027,1.7058000000000006,146.1,4,7,8,4,3,0.4090909090909091,0.36413540258451377
CHEMBL4568343,CHEMBL4568343,COCC[C@@H]1C[C@@H](c2ccc(Cl)c(Cl)c2)[C@H](NC(=O)c2cc(-c3c(Cl)cnn3C)c(Cl)o2)CN1,,8.15,1,8.15,8.15,IC50,B,assay format,other,9,D,2019,,546.2820000000002,5.574300000000005,81.32,2,5,7,4,3,0.391304347826087,0.40510328082941116
CHEMBL3112847,CHEMBL3112847,O=C(Cc1nc(N2CCOCC2)cc(=O)[nH]1)N1CCc2cc(F)ccc21,,8.15,2,8.15,8.15,IC50,B,assay format;cell-based format,cell_based,8;9,D;H,2015,,358.3730000000001,0.8774000000000002,78.53,1,5,3,4,2,0.3888888888888889,0.8812034923090539
CHEMBL2016889,CHEMBL2016889,Cc1c(NCCN2CCCC2)cc(CCC(C)(C)C)cc1N1CCN(c2ncnc3[nH]nc(Br)c23)CC1,,8.15,1,8.15,8.15,IC50,B,single protein format,single_protein,8,H,2012,,569.596,5.236820000000005,76.21000000000001,2,7,8,5,3,0.6071428571428571,0.3845987946012538
CHEMBL225789,CHEMBL225789,Nc1cc2[nH]nc(Cl)c2cc1-c1cncc(OC[C@@H](N)Cc2c[nH]c3ccccc23)c1,,8.15,1,8.15,8.15,IC50,B,single protein format,single_protein,9,D,2007,,432.9150000000002,4.290600000000002,118.63,4,5,6,5,5,0.13043478260869565,0.2982987378200635
CHEMBL3639709,CHEMBL3639709,c1ccc(-c2cn3nc(C4CC4)nc3nc2-c2ccc(CN3CC(c4n[nH]c(-c5ccccn5)n4)C3)cc2)cc1,,8.15,2,8.15,8.15,IC50,B,cell-based format,cell_based,9,D,2015,,525.6200000000002,5.115200000000003,100.78,1,7,7,8,6,0.22580645161290322,0.308897903909956
CHEMBL3672498,CHEMBL3672498,CCOC(=O)c1cncc(-c2cnc3cc(-c4ccccc4)c(-c4ccc(C5(N)CCC5)cc4)nn23)c1,,8.15,2,8.15,8.15,IC50,B,cell-based format,cell_based,9,D,2015,,489.5790000000003,5.639900000000005,95.39999999999999,1,6,6,6,5,0.2,0.3102353502502509
CHEMBL3672033,CHEMBL3672033,COC(=O)c1cnn2cc(-c3ccc(F)cc3F)c(-c3ccc(CN4CC(c5n[nH]c(-c6ccccn6)n5)C4)cc3)nc12,,8.15,2,8.15,8.15,IC50,B,cell-based format,cell_based,9,D,2015,,578.5830000000001,4.907600000000004,114.19,1,8,7,7,6,0.16129032258064516,0.26607880344078744
CHEMBL1823663,CHEMBL1823663,CN1CC([C@@H](NC(=O)c2ccc3cnccc3c2)c2ccc(Cl)c(Cl)c2)C1,,8.15,1,8.15,8.15,IC50,B,single protein format,single_protein,8,H,2011,,400.3090000000002,4.574300000000004,45.230000000000004,1,3,4,4,3,0.23809523809523808,0.6977953726451446
CHEMBL3672026,CHEMBL3672026,Cc1cccc(-c2nc(C3CN(Cc4ccc(-c5nc6ncc(C)n6cc5-c5ccccc5)cc4)C3)n[nH]2)n1,,8.15,2,8.15,8.15,IC50,B,cell-based format,cell_based,9,D,2015,,512.6210000000002,5.459640000000006,87.89,1,6,6,7,6,0.1935483870967742,0.31889064020120844
CHEMBL499555,CHEMBL499555,Nc1nnc2c3cc(-c4ccccc4)c(-c4ccc(CN5CCC(c6n[nH]c(-c7ccccn7)n6)CC5)cc4)nc3ccn12,,8.145,2,7.74,8.55,IC50,B,cell-based format,cell_based,8;9,D;H,2009,,578.6840000000002,5.7534000000000045,126.8,2,8,6,8,7,0.17647058823529413,0.2553074794391035
CHEMBL210209,CHEMBL210209,CC(C)(Cc1ncc[nH]1)C1C(=O)Nc2ccc(-c3cncc(OC[C@@H](N)Cc4c[nH]c5ccccc45)c3)cc21,,8.14,1,8.14,8.14,IC50,B,single protein format,single_protein,9,D,2006,,520.6370000000003,5.206400000000003,121.71000000000001,4,5,9,6,5,0.25806451612903225,0.2126568059190431
CHEMBL226850,CHEMBL226850,N[C@H](COc1cncc(-c2cc3cn[nH]c3cn2)c1)Cc1cccc(C(F)(F)F)c1,,8.14,1,8.14,8.14,IC50,B,single protein format,single_protein,9,D,2007,,413.40300000000013,3.9875000000000025,89.71,2,5,6,4,4,0.19047619047619047,0.49898699362051147
CHEMBL3975500,CHEMBL3975500,CCOC1CN(c2cc(N)ncn2)CCC1c1nc(-c2ccc(F)c(C)c2)cn1CCN(CC)C(C)C,,8.14,2,8.14,8.14,IC50,B,single protein format,single_protein,8,H,2015,,509.6740000000003,4.499120000000005,85.33,1,7,10,4,3,0.5357142857142857,0.43071377626250723
CHEMBL3948660,CHEMBL3948660,Nc1ncnc(N2CCC(c3nc(-c4ccc(C(F)(F)F)c(F)c4)cn3CCN3CCC3)CC2)c1C1CCC1,,8.14,2,8.14,8.14,IC50,B,single protein format,single_protein,8,H,2015,,543.6130000000002,5.437400000000005,76.10000000000001,1,6,7,6,3,0.5357142857142857,0.40039109825510455
CHEMBL579053,CHEMBL579053,N[C@H](COc1cncc(-c2ccc3c(c2)C(c2ncc[nH]2)C(=O)N3)c1)Cc1c[nH]c2ccccc12,,8.14,1,8.14,8.14,IC50,B,single protein format,single_protein,8,H,2009,,464.52900000000017,3.985800000000002,121.70999999999998,4,5,7,6,5,0.14814814814814814,0.29019779091019543
CHEMBL5873344,CHEMBL5873344,NC(=O)c1cc(-c2cc[nH]n2)c2nc(-c3ccc(C4(N)CCC4)cc3)c(-c3ccccc3)n2n1,,8.14,1,8.14,8.14,IC50,B,single protein format,single_protein,8,H,2017,,449.5180000000002,3.890200000000002,127.98,3,5,5,6,5,0.15384615384615385,0.3749698641398437
CHEMBL3649675,CHEMBL3649675,NC1(c2ccc(-n3c(-c4cccnc4F)nc4ccc(-c5ccccc5)nc43)cc2)CCC1,,8.14,2,8.14,8.14,IC50,B,single protein format,single_protein,8;9,D;H,2014,,435.50600000000026,5.626500000000004,69.62,1,4,4,6,5,0.14814814814814814,0.37174371751661534
CHEMBL4536780,CHEMBL4598293,Cn1ncc(Cl)c1-c1cc(C(=O)NC2CNCCC2c2ccc(C(F)(F)F)cc2)oc1Cl,,8.14,1,8.14,8.14,IC50,B,assay format,other,9,D,2019,,487.3090000000002,4.881200000000003,72.09,2,4,4,4,3,0.3333333333333333,0.5505853479471149
CHEMBL599448,CHEMBL599448,NC1(C(=O)NCc2ccc(Cl)cc2)CCN(c2ccnc3[nH]ccc23)CC1,,8.14,1,8.14,8.14,IC50,F,cell-based format,cell_based,9,D,2010,,383.8830000000001,2.830400000000001,87.03999999999999,3,4,4,4,3,0.3,0.6461271102655564
CHEMBL3649669,CHEMBL3649669,Nc1ncnc(Cl)c1-c1nc2ccc(-c3ccccc3)nc2n1-c1ccc(C2(N)CCC2)cc1,,8.14,2,8.14,8.14,IC50,B,single protein format,single_protein,8;9,D;H,2014,,467.9640000000003,5.118000000000004,108.52999999999999,2,6,4,6,5,0.15384615384615385,0.35500955144682933
CHEMBL209281,CHEMBL209281,Oc1nc2ccc(N[C@H](COc3cncc(-c4ccc5nc(O)oc5c4)c3)Cc3c[nH]c4ccccc34)cc2o1,,8.13,1,8.13,8.13,IC50,B,single protein format,single_protein,9,D,2006,,533.5440000000002,6.025700000000004,142.46000000000004,4,9,8,7,7,0.1,0.18419459097403176
CHEMBL575385,CHEMBL575385,N[C@H](COc1cncc(-c2cnc3c(c2)CC(=O)N3)c1)Cc1c[nH]c2ccccc12,,8.13,1,8.13,8.13,IC50,B,single protein format,single_protein,8,H,2009,,399.4540000000001,3.0683000000000007,105.91999999999999,3,5,6,5,4,0.17391304347826086,0.4620253606004307
CHEMBL446134,CHEMBL446134,O=C1NCCc2nc(-c3ccc(CN4CCC(c5nnc(-c6ccccn6)[nH]5)CC4)cc3)c(-c3ccccc3)cc21,,8.13,2,7.8,8.46,IC50,B,single protein format,single_protein,8,H,2008,,541.6590000000002,5.261200000000005,99.69,2,6,6,7,5,0.24242424242424243,0.3042288580266013
CHEMBL1171673,CHEMBL1171673,Cc1c[nH]c2ncnc(N3CCC(N)(CNC(=O)c4ccc(F)cc4)C3)c12,,8.13,1,8.13,8.13,IC50,B,single protein format,single_protein,8,H,2010,,368.41600000000005,1.74302,99.93,3,5,4,4,3,0.3157894736842105,0.6513832755551021
CHEMBL262341,CHEMBL262341,O=C1N=CC=C2N=C(c3ccc(CN4CCC(c5n[nH]c(-c6ccccn6)n5)CC4)cc3)C(c3ccccc3)=CC12,,8.13,2,7.8,8.46,IC50,B,cell-based format;single protein format,mixed,8,H,2008,,539.6430000000003,5.243700000000005,99.49000000000001,1,6,6,7,4,0.21212121212121213,0.3611361598145435
CHEMBL5780547,CHEMBL5780547,NC1(C(=O)N[C@@H](CCO)c2ccc(Cl)cc2)CCN(c2ncnc3[nH]cnc23)CC1,,8.12,1,8.12,8.12,IC50,B,single protein format,single_protein,8,H,2016,,429.9120000000002,1.5438999999999992,133.05,4,7,6,4,3,0.4,0.4667064466754262
CHEMBL3962020,CHEMBL3962020,NC(=O)c1c(N)ncnc1N1CCC(c2nc(-c3ccc(F)c(Cl)c3)cn2CCN2CCC2)CC1,,8.12,2,8.12,8.12,IC50,B,single protein format,single_protein,8,H,2015,,498.99400000000037,2.9034000000000013,119.18999999999998,2,7,7,5,3,0.4166666666666667,0.513620108834276
CHEMBL3927440,CHEMBL3927440,CCc1c(N)ncnc1N1CCC(c2nc(-c3ccc(F)c(C(F)(F)F)c3)cn2CCN2CCCC2)CC1,,8.12,2,8.12,8.12,IC50,B,single protein format,single_protein,8,H,2015,,531.6020000000002,5.122400000000004,76.10000000000001,1,6,7,5,3,0.5185185185185185,0.42669434666134415
CHEMBL4212000,CHEMBL4212000,O=C(N1CCN(c2ncnc3[nH]cc(Br)c23)CC1)C1(c2cccc(Br)c2)CCNCC1,,8.12,1,8.12,8.12,IC50,B,single protein format,single_protein,9,D,2017,,548.2830000000001,3.4529000000000014,77.15,2,5,3,5,3,0.4090909090909091,0.5249481346828262
CHEMBL3896892,CHEMBL3896892,N#Cc1c(N)ncnc1N1CCC(c2nc(-c3cccc(C(F)(F)F)c3)cn2CCN2CCCC2)CC1,,8.12,2,8.12,8.12,IC50,B,single protein format,single_protein,8,H,2015,,510.5680000000004,4.292580000000004,99.89,1,7,6,5,3,0.46153846153846156,0.5280294432128226
CHEMBL3890225,CHEMBL3890225,N#Cc1c(N)ncnc1N1CCC(c2nc(-c3ccc(F)c(F)c3)cn2CCN2CCCC2)CC1,,8.12,2,8.12,8.12,IC50,B,single protein format,single_protein,8,H,2015,,478.5510000000004,3.551980000000003,99.89,1,7,6,5,3,0.44,0.5783092483552518
CHEMBL3905494,CHEMBL3905494,CC(C)Oc1c(N)ncnc1N1CCC(c2nc(-c3ccc(F)c(C(F)(F)F)c3)cn2CCN(C)C)CC1,,8.12,2,8.12,8.12,IC50,B,single protein format,single_protein,8,H,2015,,535.59,4.813000000000004,85.33,1,7,8,4,3,0.5,0.414460407892617
CHEMBL5782008,CHEMBL5782008,CN(C)CC[C@@H](NC(=O)C1(N)CCN(c2ncnc3[nH]ccc23)CC1)c1ccc(Cl)cc1,,8.115,2,7.68,8.55,IC50,B,single protein format,single_protein,8,H,2016;2022,,455.99400000000014,2.7182000000000013,103.17000000000002,3,6,7,4,3,0.43478260869565216,0.5058029553974108
CHEMBL3127379,CHEMBL3127379,Nc1ncnc(N2CCN(C(=O)C(N)Cc3ccc(Cl)cc3)CC2)c1Br,,8.11,2,8.11,8.11,IC50,B,single protein format,single_protein,9,D,2014,,439.74500000000006,1.693300000000001,101.36999999999999,2,6,4,3,2,0.35294117647058826,0.7516562565644267
CHEMBL508794,CHEMBL508794,Nc1nnc2c3cc(-c4ccccc4)c(-c4ccc(CN5CCC(n6cnc(-c7ccccn7)c6)CC5)cc4)nc3ccn12,,8.11,2,7.74,8.48,IC50,B,cell-based format,cell_based,8;9,D;H,2009,,577.6960000000003,6.289300000000006,103.05,1,7,6,8,7,0.17142857142857143,0.24779176357649085
CHEMBL3649673,CHEMBL3649673,NC1(c2ccc(-n3c(-c4ccccc4)nc4ccc(-c5ccccc5)nc43)cc2)CCC1,,8.11,2,8.11,8.11,IC50,B,single protein format,single_protein,8;9,D;H,2014,,416.52800000000025,6.092400000000004,56.730000000000004,1,3,4,6,5,0.14285714285714285,0.3854846047508387
CHEMBL226577,CHEMBL226577,COc1ccc(F)cc1C[C@H](N)COc1cncc(-c2ccc3[nH]nc(C)c3c2)c1,,8.11,1,8.11,8.11,IC50,B,single protein format,single_protein,9,D,2007,,406.4610000000001,4.029820000000003,86.05,2,5,7,4,4,0.21739130434782608,0.4839585106774848
CHEMBL1171993,CHEMBL1171993,N#Cc1c[nH]c2ncnc(N3CC[C@](N)(CNC(=O)c4ccc(F)cc4)C3)c12,,8.11,1,8.11,8.11,IC50,B,single protein format,single_protein,8,H,2010,,379.3990000000001,1.3062800000000003,123.72,3,6,4,4,3,0.2631578947368421,0.6278254719135102
CHEMBL3963881,CHEMBL3963881,CCc1c(N)ncnc1N1CCC(c2nc(-c3ccc(F)c(C(F)(F)F)c3)cn2CCN2CC(C)C2)CC1,,8.11,2,8.11,8.11,IC50,B,single protein format,single_protein,8,H,2015,,531.6020000000001,4.978300000000004,76.10000000000001,1,6,7,5,3,0.5185185185185185,0.43378752204005094
CHEMBL2325997,CHEMBL2325997,CC(NC(=O)C1(N)CCN(c2ncnc3[nH]ccc23)CC1)c1ccc(Cl)cc1,,8.11,2,8.1,8.12,IC50,B,single protein format,single_protein,8;9,D;H,2013;2016,,398.89800000000025,2.7864000000000013,99.93,3,5,4,4,3,0.35,0.627061366676676
CHEMBL5804316,CHEMBL5804316,NC(=O)NCCC(NC(=O)C1(N)CCN(c2ncnc3[nH]ccc23)CC1)c1ccc(Cl)cc1,,8.11,1,8.11,8.11,IC50,B,single protein format,single_protein,8,H,2016,,470.96500000000015,1.8249000000000006,155.04999999999998,5,6,7,4,3,0.36363636363636365,0.3544346951776165
CHEMBL1170447,CHEMBL1170447,N#Cc1c[nH]c2ncnc(N3CC[C@](N)(CNC(=O)c4ccc(F)cc4F)C3)c12,,8.11,1,8.11,8.11,IC50,B,single protein format,single_protein,8,H,2010,,397.3890000000001,1.4453800000000006,123.72,3,6,4,4,3,0.2631578947368421,0.6121497235213091
CHEMBL488428,CHEMBL488428,O=c1ccc(-c2nnc(C3CCN(Cc4ccc(-c5nc6cc[nH]c(=O)c6cc5-c5ccccc5)cc4)CC3)[nH]2)c[nH]1,,8.105,2,7.21,9.0,IC50,B,single protein format,single_protein,8,H,2008,,555.6420000000002,5.110100000000004,123.41999999999999,3,6,6,7,6,0.18181818181818182,0.26247745851920623
CHEMBL3904712,CHEMBL3904712,CC(C)Oc1c(N)ncnc1N1CCC(c2nc(-c3ccc(F)c(C(F)(F)F)c3)cn2CCN2CCC2)CC1,,8.1,2,8.1,8.1,IC50,B,single protein format,single_protein,8,H,2015,,547.601,4.957100000000005,85.33,1,7,8,5,3,0.5185185185185185,0.39936296788476866
CHEMBL4447158,CHEMBL4447158,Cn1ncc(Cl)c1-c1cc(C(=O)N[C@@H]2CN[C@H](CC(=O)NC3CCC3)C[C@H]2c2ccc(Cl)c(Cl)c2)oc1Cl,,8.1,1,8.1,8.1,IC50,B,assay format,other,9,D,2019,,599.3460000000003,5.596600000000005,101.19000000000001,3,5,7,5,3,0.4230769230769231,0.32871686552616963
CHEMBL1258331,CHEMBL1258331,N[C@H](Cc1ccc(Cl)cc1)C(=O)N1CCN(c2ccnc3[nH]ccc23)CC1,,8.1,1,8.1,8.1,IC50,B,single protein format,single_protein,8,H,2010,,383.8830000000001,2.4349000000000007,78.25,2,4,4,4,3,0.3,0.7249150470249647
CHEMBL3976247,CHEMBL3976247,CCOc1c(N)ncnc1N1CCC(c2nc(-c3ccc(F)c(C(F)(F)F)c3)cn2CCN(C)C)CC1,,8.1,2,8.1,8.1,IC50,B,single protein format,single_protein,8,H,2015,,521.5630000000002,4.424500000000004,85.33,1,7,8,4,3,0.48,0.4393536381379756
CHEMBL3701757,CHEMBL3701757,CCC1(O)CC(N)(c2ccc(-c3nc4n(c3-c3ccccc3)COc3nccnc3-4)cc2)C1,,8.1,2,8.1,8.1,IC50,B,cell-based format,cell_based,8;9,D;H,2014,,439.5190000000002,4.112900000000003,99.08,2,6,4,6,4,0.2692307692307692,0.49643560313447693
CHEMBL1098944,CHEMBL1098944,CCn1c(-c2nonc2N)nc2c(C#CC(C)(C)O)nc(OC[C@@H](C)N)cc21,,8.1,1,8.1,8.1,IC50,B,single protein format,single_protein,8,H,2009,,385.4280000000001,0.9318000000000006,151.13000000000002,3,9,5,3,3,0.4444444444444444,0.5446272607593712
CHEMBL3931848,CHEMBL3931848,C=Cc1c(N)ncnc1N1CCC(c2nc(-c3ccc(F)c(C(F)(F)F)c3)cn2CCN(C)C)CC1,,8.1,2,8.1,8.1,IC50,B,single protein format,single_protein,8,H,2015,,503.54800000000023,4.6688000000000045,76.10000000000001,1,6,7,4,3,0.4,0.4726179891428459
CHEMBL3672061,CHEMBL3672061,Fc1ccc(-c2cn3ccnc3nc2-c2ccc(CN3CCC(c4n[nH]c(-c5ccccn5)n4)CC3)cc2)cc1,,8.1,2,8.1,8.1,IC50,B,cell-based format,cell_based,9,D,2015,,530.6110000000003,5.762100000000005,87.89,1,6,6,7,6,0.1935483870967742,0.2945451569263836
CHEMBL469802,CHEMBL469802,NCCC(NC(=O)c1cc(Br)c(-c2ccnc3[nH]ccc23)s1)c1ccccc1,,8.1,1,8.1,8.1,IC50,B,single protein format,single_protein,8,H,2009,,455.3810000000001,4.873800000000003,83.79999999999998,3,4,6,4,4,0.14285714285714285,0.38784248934668647
CHEMBL4585120,CHEMBL4585120,Cn1ncc(Cl)c1-c1cc(C(=O)N[C@@H]2CNCC[C@H]2c2cccc(C(F)(F)F)c2)oc1Cl,,8.1,1,8.1,8.1,IC50,B,assay format,other,9,D,2019,,487.3090000000002,4.881200000000003,72.09,2,4,4,4,3,0.3333333333333333,0.5505853479471149
CHEMBL5811000,CHEMBL5811000,CCOc1cc(C(=O)NC)nn2c(-c3ccccc3)c(-c3ccc(C4(N)CCC4)cc3)nc12,,8.1,1,8.1,8.1,IC50,B,single protein format,single_protein,8,H,2017,,441.5350000000003,4.159500000000003,94.53999999999999,2,5,6,5,4,0.2692307692307692,0.4685456790846854
CHEMBL469781,CHEMBL469781,Cc1cc(C(=O)NC(CN)c2ccccc2)sc1-c1ccnc2[nH]ccc12,,8.1,1,8.1,8.1,IC50,B,single protein format,single_protein,8,H,2009,,376.4850000000001,4.029620000000002,83.80000000000001,3,4,5,4,4,0.14285714285714285,0.49161813337958515
CHEMBL3672074,CHEMBL3672074,COc1nn2cc(-c3c(F)cccc3F)c(-c3ccc(CN4CC(c5n[nH]c(-c6cccc(C)n6)n5)C4)cc3)nc2c1CO,,8.1,2,8.1,8.1,IC50,B,cell-based format,cell_based,9,D,2015,,594.6260000000002,4.930320000000005,117.35000000000001,2,8,8,7,6,0.21875,0.2548795564311524
CHEMBL1773606,CHEMBL1773606,CC(=O)Nc1nc2ccc(-c3cnc(Cl)c(NS(=O)(=O)c4ccccc4C(F)(F)F)c3)cc2s1,,8.1,1,8.1,8.1,IC50,B,cell-based format,cell_based,9,D,2011,,526.9490000000001,5.7897000000000025,101.04999999999998,2,6,5,4,4,0.09523809523809523,0.3205062104792666
CHEMBL1079175,CHEMBL1079175,NC1(c2ccc(-c3nc4ccn5c(=O)[nH]nc5c4cc3-c3ccccc3)cc2)CCC1,MK-2206,8.1,10,6.52,8.3,IC50;Kd,B;F,cell-based format;single protein format;subcellular format,mixed,8;9,D;H,2010;2014;2017;2020;2021;2022;2023,2,407.4770000000002,4.242700000000003,89.07,2,4,3,6,5,0.16,0.46806813215040144
CHEMBL3898401,CHEMBL3898401,C[C@@H]1Cc2ccccc2N1C(=O)Cc1nc(N2CCOCC2)cc(=S)[nH]1,,8.1,2,8.1,8.1,IC50,B,assay format;cell-based format,cell_based,8,H,2015,,370.478,2.4960900000000006,61.46,1,5,3,4,2,0.42105263157894735,0.8414433588992187
CHEMBL1760773,CHEMBL1760773,Cc1cc(F)ccc1S(=O)(=O)NC[C@@H](O)CN1CCC[C@@]2(CCN(c3ncnc(N)c3C3CC3)C2)C1,,8.1,1,8.1,8.1,IC50,B,single protein format,single_protein,8,H,2011,,518.6590000000004,2.0154199999999998,124.67999999999999,3,8,8,5,2,0.6,0.4848701904387684
CHEMBL2375963,CHEMBL2375963,COc1ncc(-c2cc3c(C)nc(N)nc3n([C@H]3CC[C@@H](OCC(N)=O)CC3)c2=O)cc1F,,8.09,1,8.09,8.09,IC50,B,cell-based format,cell_based,9,D,2013,,456.4780000000003,1.8774199999999994,148.23999999999998,2,8,6,4,3,0.4090909090909091,0.5710842602234673
CHEMBL3981168,CHEMBL3981168,Nc1ncnc(N2CCC(c3nc(-c4cccc(C(F)(F)F)c4)cn3CCN3CCCC3)CC2)c1C1CCC1,,8.09,2,8.09,8.09,IC50,B,single protein format,single_protein,8,H,2015,,539.6500000000003,5.688400000000006,76.10000000000001,1,6,7,6,3,0.5517241379310345,0.415935582052498
CHEMBL3959379,CHEMBL3959379,CCOc1c(N)ncnc1N1CCC(c2nc(-c3ccnc(C(F)(F)F)c3)cn2CCN2CCC2)CC1,,8.09,2,8.09,8.09,IC50,B,single protein format,single_protein,8,H,2015,,516.5720000000002,3.824500000000003,98.21999999999998,1,8,8,5,3,0.52,0.4826347576446475
CHEMBL583705,CHEMBL583705,Cn1cccc1C1C(=O)Nc2ccc(-c3cncc(OC[C@@H](N)Cc4c[nH]c5ccccc45)c3)cc21,,8.09,1,8.09,8.09,IC50,B,single protein format,single_protein,8,H,2009,,477.56800000000027,4.601200000000003,97.96000000000001,3,4,7,6,5,0.1724137931034483,0.31906774255791215
CHEMBL3978595,CHEMBL3978595,Nc1ncnc(N2CCC(c3nc(-c4cccc(F)c4)cn3CCN3CCCC3)CC2)c1Cl,,8.09,2,8.09,8.09,IC50,B,single protein format,single_protein,8,H,2015,,469.99600000000044,4.194600000000004,76.10000000000001,1,6,6,5,3,0.4583333333333333,0.5828726385086559
CHEMBL3701737,CHEMBL3701737,NC1(c2ccc(-c3nc4n(c3-c3ccccc3)COc3cccc(Cl)c3-4)cc2)CC(O)(C2CC2)C1,,8.09,2,8.09,8.09,IC50,B,cell-based format,cell_based,8;9,D;H,2014,,483.9990000000003,5.9763000000000055,73.3,2,4,4,7,4,0.27586206896551724,0.3744233753689475
CHEMBL379963,CHEMBL379963,Cn1cccc1CC(C)(C)C1C(=O)Nc2ccc(-c3cncc(OC[C@@H](N)Cc4c[nH]c5ccccc45)c3)cc21,,8.09,1,8.09,8.09,IC50,B,single protein format,single_protein,9,D,2006,,533.6760000000003,5.821800000000005,97.96000000000001,3,4,9,6,5,0.2727272727272727,0.2223170874624951
CHEMBL3954781,CHEMBL3954781,CCc1c(N)ncnc1N1CCC(c2nc(-c3ccc(F)c(F)c3)cn2CCN2CCCC2)CC1,,8.09,2,8.09,8.09,IC50,B,single protein format,single_protein,8,H,2015,,481.59500000000037,4.242700000000004,76.10000000000001,1,6,7,5,3,0.5,0.5440296730433489
CHEMBL4160193,CHEMBL4160193,CCOC(=O)c1c(C)nc(NNC(=O)c2cccc3c(=O)c4ccccc4[nH]c23)nc1-c1ccccc1F,,8.09,1,8.09,8.09,IC50,B,single protein format,single_protein,9,D,2017,,511.51300000000026,4.519420000000003,126.06999999999998,3,7,6,5,5,0.10714285714285714,0.17384046633010827
CHEMBL3679630,CHEMBL3679630,CC(=N)n1c(=N)ccc2nc(-c3ccc(C4(N)CCC4)cc3)c(-c3ccccc3)cc21,,8.09,2,8.09,8.09,IC50,B,single protein format,single_protein,8;9,D;H,2013,,407.5210000000001,5.0329400000000035,91.54,3,4,3,5,4,0.19230769230769232,0.3281282784873149
CHEMBL595939,CHEMBL595939,Cc1occc1-c1ncc(OC[C@@H](N)Cc2c[nH]c3ccccc23)cc1-c1ccc2[nH]nc(C)c2c1,,8.09,2,7.08,9.1,IC50,B,cell-based format;single protein format,mixed,8;9,D;H,2010,,477.5680000000002,5.931840000000005,105.74999999999999,3,5,7,6,6,0.1724137931034483,0.26415617365729954
CHEMBL3974713,CHEMBL3974713,Cc1cc(-c2cn(CCNCC3CC3)c(C3CCN(c4ncnc(N)c4C(N)=O)CC3)n2)ccc1F,,8.08,2,8.08,8.08,IC50,B,single protein format,single_protein,8,H,2015,,492.60300000000024,2.8523200000000006,127.98,3,7,9,5,3,0.46153846153846156,0.39194363024749174
CHEMBL210349,CHEMBL210349,Cc1n[nH]c2ccc(-c3cncc(OC[C@@H](N)Cc4cccc5ccccc45)c3)cc12,,8.08,1,8.08,8.08,Ki,B,single protein format,single_protein,9,D,2006,,408.50500000000005,5.035320000000003,76.82,2,4,6,5,5,0.15384615384615385,0.41283813165106925
CHEMBL229314,CHEMBL229314,Cc1n[nH]c2ccc(-c3cncc(OC[C@@H](N)Cc4cccc(F)c4)c3)cc12,,8.08,1,8.08,8.08,IC50,B,single protein format,single_protein,9,D,2007,,376.435,4.021220000000002,76.82,2,4,6,4,4,0.18181818181818182,0.532799813635848
CHEMBL3918965,CHEMBL3918965,N#Cc1c(N)ncnc1N1CCC(c2nc(-c3cccc(Cl)c3)cn2CCN2CCCC2)CC1,,8.08,2,8.08,8.08,IC50,B,single protein format,single_protein,8,H,2015,,477.0160000000004,3.9271800000000034,99.89,1,7,6,5,3,0.44,0.5748606683974034
CHEMBL573592,CHEMBL573592,Cc1n[nH]c2cnc(-c3cncc(OC[C@@H](N)Cc4cccc(F)c4)c3)cc12,,8.08,1,8.08,8.08,IC50,B,single protein format,single_protein,8,H,2009,,377.42300000000006,3.416220000000001,89.71,2,5,6,4,4,0.19047619047619047,0.5373765860349224
CHEMBL226383,CHEMBL226383,N[C@H](COc1cncc(-c2cc3c(-c4ccccc4)n[nH]c3cn2)c1)Cc1ccccc1,,8.08,1,8.08,8.08,IC50,B,single protein format,single_protein,9,D,2007,,421.50400000000013,4.6357000000000035,89.71,2,5,7,5,5,0.11538461538461539,0.39969298601109454
CHEMBL506077,CHEMBL506077,Oc1nnc2c3cc(-c4ccccc4)c(-c4ccc(CN5CCC(c6n[nH]c(-c7ccccn7)n6)CC5)cc4)nc3ccn12,,8.08,2,7.57,8.59,IC50,B,cell-based format,cell_based,8;9,D;H,2009,,579.6680000000002,5.8768000000000065,121.01,2,8,6,8,7,0.17647058823529413,0.2507224976806866
CHEMBL207338,CHEMBL207338,Cc1n[nH]c2ccc(-c3cncc(NC[C@@H](N)Cc4ccccc4)c3)cc12,,8.08,1,8.08,8.08,Ki,B,single protein format,single_protein,9,D,2006,,357.461,3.9152200000000024,79.62,3,4,6,4,4,0.18181818181818182,0.4886260799931239
CHEMBL3951639,CHEMBL3951639,NC(=O)c1c(N)ncnc1N1CCC(c2nc(-c3ccc(F)c(C(F)(F)F)c3)cn2CCNC2CCCC2)CC1,,8.08,2,8.08,8.08,IC50,B,single protein format,single_protein,8,H,2015,,560.5999999999999,4.095300000000003,127.97999999999999,3,7,8,5,3,0.48148148148148145,0.35416157128105596
CHEMBL3701725,CHEMBL3701725,CC1(O)CC(N)(c2ccc(-c3nc4n(c3-c3ccccc3)COc3cc(F)ccc3-4)cc2)C1,,8.07,2,8.07,8.07,IC50,B,cell-based format,cell_based,8;9,D;H,2014,,441.5060000000002,5.071900000000004,73.3,2,4,3,6,4,0.2222222222222222,0.46549623790543015
CHEMBL3701759,CHEMBL3701759,CC1(O)CC(N)(c2ccc(-c3nc4n(c3-c3ccccc3)COc3cc(CO)ccc3-4)cc2)C1,,8.07,2,8.07,8.07,IC50,B,cell-based format,cell_based,8;9,D;H,2014,,453.54200000000026,4.425100000000003,93.53,3,5,4,6,4,0.25,0.4252054304204644
CHEMBL448991,CHEMBL448991,CN1CC(N2CCN(c3ncc4cc(-c5ccccc5)c(-c5ccc(CN6CCC(c7nnc(-c8ccccn8)[nH]7)CC6)cc5)nc4n3)CC2)C1,,8.07,2,7.92,8.22,IC50,B,cell-based format;single protein format,mixed,8,H,2008,,677.8609999999999,5.354500000000004,106.09,1,10,8,9,6,0.35,0.2266240259247581
CHEMBL438483,CHEMBL438483,Cc1n[nH]c2ccc(-c3cncc(OC[C@@H](N)Cc4cccc(F)c4F)c3)cc12,,8.07,1,8.07,8.07,IC50,B,single protein format,single_protein,9,D,2007,,394.425,4.160320000000003,76.82,2,4,6,4,4,0.18181818181818182,0.5148406430875752
CHEMBL4450403,CHEMBL4450403,Cn1ncc(Cl)c1-c1cc(C(=O)N[C@@H]2CN[C@H](CCN3CCOCC3)C[C@H]2c2ccc(Cl)c(Cl)c2)oc1Cl,,8.06,1,8.06,8.06,IC50,B,assay format,other,9,D,2019,,601.3620000000004,5.260100000000005,84.56,2,6,7,5,3,0.46153846153846156,0.384794966064385
CHEMBL1773732,CHEMBL1773732,CC(=O)Nc1nc2ccc(-c3cnc(Cl)c(NS(=O)(=O)c4ccc(Cl)cc4)c3)cc2s1,,8.06,1,8.06,8.06,IC50,B,cell-based format,cell_based,9,D,2011,,493.3970000000001,5.424300000000002,101.04999999999998,2,6,5,4,4,0.05,0.3615811226839311
CHEMBL453586,CHEMBL453586,CC(=O)N1CCN(c2ncc3cc(-c4ccccc4)c(-c4ccc(CN5CCC(c6nnc(-c7ccccn7)[nH]6)CC5)cc4)nc3n2)CC1,,8.06,2,7.82,8.3,IC50,B,cell-based format;single protein format,mixed,8,H,2008,,650.7909999999999,5.587000000000004,119.92000000000002,1,9,7,8,6,0.2894736842105263,0.2359377295619394
CHEMBL3672490,CHEMBL3672490,NC1(c2ccc(-c3nn4c(-c5ccc(F)c(CO)c5)cnc4cc3-c3ccccc3)cc2)CCC1,,8.05,2,8.05,8.05,IC50,B,cell-based format,cell_based,9,D,2015,,464.5440000000002,5.699600000000004,76.44,2,4,5,6,5,0.1724137931034483,0.34985433795862114
CHEMBL3939239,CHEMBL3939239,Cc1cc(-c2cn(CCN3CCCC3)c(C3CCN(c4ncnc(N)c4OC(C)C)CC3)n2)ccc1F,,8.05,2,8.05,8.05,IC50,B,single protein format,single_protein,8,H,2015,,507.65800000000024,4.636820000000004,85.33,1,7,8,5,3,0.5357142857142857,0.47552418987955475
CHEMBL3112853,CHEMBL3112853,O=C(Cc1nc(N2CCOCC2)cc(=O)[nH]1)N1CCc2c1cccc2C(F)(F)F,,8.05,2,8.05,8.05,IC50,B,assay format;cell-based format,cell_based,8,H,2015,,408.3800000000001,1.7571,78.53,1,5,3,4,2,0.42105263157894735,0.8375448526565351
CHEMBL1760769,CHEMBL1760769,Cc1ccccc1S(=O)(=O)NC[C@@H](O)CN1CCC[C@@]2(CCN(c3ncnc(N)c3C3CC3)C2)C1,,8.05,1,8.05,8.05,IC50,B,single protein format,single_protein,8,H,2011,,500.6690000000005,1.87632,124.67999999999999,3,8,8,5,2,0.6,0.5018326609682751
CHEMBL1760771,CHEMBL1760771,Nc1ncnc(N2CC[C@@]3(CCCN(C[C@H](O)CNS(=O)(=O)c4ccccc4Cl)C3)C2)c1C1CC1,,8.05,1,8.05,8.05,IC50,B,single protein format,single_protein,8,H,2011,,521.0870000000002,2.2213000000000003,124.68,3,8,8,5,2,0.5833333333333334,0.4836493449425478
CHEMBL3968774,CHEMBL3968774,CCc1c(N)ncnc1N1CCC(c2nc(-c3ccc(F)c(C)c3)cn2CCN(CC)C(C)C)CC1,,8.05,2,8.05,8.05,IC50,B,single protein format,single_protein,8,H,2015,,493.67500000000035,5.0465200000000054,76.10000000000001,1,6,9,4,3,0.5357142857142857,0.4497483960486214
CHEMBL3938237,CHEMBL3938237,Nc1ncnc(N2CCC(c3nc(-c4ccc(F)c(C(F)(F)F)c4)cn3CCN3CCCCC3)CC2)c1Cl,,8.05,2,8.05,8.05,IC50,B,single protein format,single_protein,8,H,2015,,552.0200000000003,5.603500000000006,76.10000000000001,1,6,6,5,3,0.5,0.4017515816019321
CHEMBL3672493,CHEMBL3672493,NC1(c2ccc(-c3nn4c(-c5cn[nH]c5)cnc4cc3-c3ccccc3)cc2)CCC1,,8.05,2,8.05,8.05,IC50,B,cell-based format,cell_based,9,D,2015,,406.4930000000002,4.791300000000003,84.89,2,4,4,6,5,0.16,0.44928876125426376
CHEMBL4579551,CHEMBL4598166,Cc1cnn(C)c1-c1ccc(C(=O)N[C@@H]2CNCC[C@H]2c2cccc(F)c2)s1,,8.05,1,8.05,8.05,IC50,B,assay format,other,9,D,2019,,398.5070000000001,3.4716200000000024,58.95,2,4,4,4,3,0.3333333333333333,0.707532084498553
CHEMBL493269,CHEMBL493269,CCn1c(-c2nonc2N)nc2c(C#CC(C)(C)O)ncc(OCCCCN)c21,,8.05,1,8.05,8.05,IC50,B,single protein format,single_protein,9,D,2008,,399.4550000000002,1.3235000000000001,151.13000000000002,3,9,7,3,3,0.47368421052631576,0.39441006025278597
CHEMBL1080740,CHEMBL1080740,Cc1n[nH]c2ccc(-c3nnc(NC[C@@H](N)Cc4ccc(Cl)cc4)s3)cc12,,8.05,1,8.05,8.05,IC50,B,single protein format,single_protein,8,H,2010,,398.92300000000006,4.025120000000001,92.50999999999999,3,6,6,4,4,0.21052631578947367,0.4557323492304891
CHEMBL3112867,CHEMBL3112867,C[C@@H]1Cc2ccccc2N1C(=O)Cc1nc(N2CCOCC2)cc(=O)[nH]1,,8.05,6,7.92,8.3,IC50,B,assay format;cell-based format,cell_based,8;9,D;H,2015,,354.41,1.1268,78.53,1,5,3,4,2,0.42105263157894735,0.8938661883885446
CHEMBL3672060,CHEMBL3672060,Cc1cccc(-c2nc(C3CCN(Cc4ccc(-c5nc6nccn6cc5-c5ccc(F)cc5)cc4)CC3)n[nH]2)n1,,8.05,2,8.05,8.05,IC50,B,cell-based format,cell_based,9,D,2015,,544.6380000000001,6.0705200000000055,87.89,1,6,6,7,6,0.21875,0.2738598198335089
CHEMBL3956468,CHEMBL3956468,Nc1ncnc(N2CCC(c3nc(-c4ccc(F)c(C(F)(F)F)c4)cn3CCN3CCCCC3)CC2)c1Br,,8.05,2,8.05,8.05,IC50,B,single protein format,single_protein,8,H,2015,,596.4710000000003,5.7126000000000055,76.10000000000001,1,6,6,5,3,0.5,0.3677135374325233
CHEMBL1773735,CHEMBL1773735,CC(=O)Nc1nc2ccc(-c3cnc(Cl)c(NS(=O)(=O)c4ccccc4F)c3)cc2s1,,8.05,1,8.05,8.05,IC50,B,cell-based format,cell_based,9,D,2011,,476.9420000000001,4.910000000000002,101.04999999999998,2,6,5,4,4,0.05,0.39840579712229873
CHEMBL2325987,CHEMBL2325987,CC(NC(=O)C1(N)CCN(c2ncnc3[nH]ccc23)CC1)c1ccc(F)cc1,,8.05,1,8.05,8.05,IC50,B,single protein format,single_protein,9,D,2013,,382.4430000000002,2.2721,99.93,3,5,4,4,3,0.35,0.6427744637654826
CHEMBL5865809,CHEMBL5865809,NC1(C(=O)N[C@@H](CCO)c2ccc(Cl)cc2)CCN(c2ncnc3[nH]cc(Cl)c23)CC1,,8.04,1,8.04,8.04,IC50,B,single protein format,single_protein,8,H,2016,,463.3690000000002,2.8023000000000007,120.16,4,6,6,4,3,0.38095238095238093,0.4464193224342551
CHEMBL5837119,CHEMBL5837119,COc1nn2c(-c3ccccc3)c(-c3ccc(C4(N)CCC4)cc3)nc2c(C)c1C,,8.04,1,8.04,8.04,IC50,B,single protein format,single_protein,8,H,2017,,398.5100000000002,5.026640000000004,65.44,1,4,4,5,4,0.28,0.5237504174861224
CHEMBL3916864,CHEMBL3916864,CN(C)CCn1cc(-c2ccc(F)c(C(F)(F)F)c2)nc1C1CCN(c2ncnc(N)c2C#N)CC1,,8.04,2,8.04,8.04,IC50,B,single protein format,single_protein,8,H,2015,,502.5200000000003,3.8974800000000016,99.89000000000001,1,7,6,4,3,0.4166666666666667,0.5106003790297889
CHEMBL3985540,CHEMBL3985540,CCc1c(N)ncnc1N1CCC(c2nc(-c3ccc(F)c(Cl)c3)cn2CCN2CCC2)CC1,,8.04,2,8.04,8.04,IC50,B,single protein format,single_protein,8,H,2015,,484.02300000000037,4.366900000000004,76.10000000000001,1,6,7,5,3,0.48,0.5375444874268293
CHEMBL4855363,CHEMBL5028476,Cn1nccc1-c1cc(F)c(C(=O)N[C@@H]2CNCC[C@H]2c2ccc(F)c(F)c2)cc1F,,8.04,1,8.04,8.04,IC50,B,cell-based format,cell_based,9,D,2021,,432.4210000000001,3.519000000000002,58.95,2,3,4,4,3,0.2727272727272727,0.6206740151405316
CHEMBL3927446,CHEMBL3927446,CC(C)Oc1c(N)ncnc1N1CCC(c2nc(-c3ccnc(C(F)(F)F)c3)cn2CCN2CCC2)CC1,,8.04,2,8.04,8.04,IC50,B,single protein format,single_protein,8,H,2015,,530.5990000000002,4.213000000000004,98.21999999999998,1,8,8,5,3,0.5384615384615384,0.46260839875855364
CHEMBL3899177,CHEMBL3899177,CCc1c(N)ncnc1N1CCC(c2nc(-c3ccc(F)c(C(F)(F)F)c3)cn2CCN2CCCCC2)CC1,,8.03,2,8.03,8.03,IC50,B,single protein format,single_protein,8,H,2015,,545.6290000000001,5.5125000000000055,76.10000000000001,1,6,7,5,3,0.5357142857142857,0.3947177625056734
CHEMBL5290589,CHEMBL5290589,Cc1c(Oc2ccc(CN)cc2F)ccc2c1B(O)OC2,,8.03,1,8.03,8.03,IC50,B,single protein format,single_protein,8,H,2016,,287.09900000000005,1.6028199999999995,64.71000000000001,2,4,3,3,2,0.2,0.8416333640018964
CHEMBL3961562,CHEMBL3961562,Nc1ncnc(N2CCC(c3nc(-c4ccc(F)c(F)c4)cn3CCN3CCCC3)CC2)c1C1CCC1,,8.03,2,8.03,8.03,IC50,B,single protein format,single_protein,8,H,2015,,507.63300000000055,4.947800000000005,76.10000000000001,1,6,7,6,3,0.5357142857142857,0.48788800312069075
CHEMBL3950203,CHEMBL3950203,N#Cc1c(N)ncnc1N1CCC(c2nc(-c3ccc(F)c(F)c3)cn2CCN2CCC2)CC1,,8.03,2,8.03,8.03,IC50,B,single protein format,single_protein,8,H,2015,,464.52400000000034,3.161880000000002,99.89,1,7,6,5,3,0.4166666666666667,0.5981284603048792
CHEMBL4591854,CHEMBL4595846,Cn1ncc(Cl)c1-c1cc(C(=O)N[C@@H]2CNCC[C@H]2c2ccc(C(F)(F)F)cc2)oc1Cl,,8.03,1,8.03,8.03,IC50,B,assay format,other,9,D,2019,,487.3090000000002,4.881200000000003,72.09,2,4,4,4,3,0.3333333333333333,0.5505853479471149
CHEMBL3961106,CHEMBL3961106,CN(C)CCn1cc(-c2ccc(F)c(C(F)(F)F)c2)nc1C1CCN(c2ncnc(N)c2Br)CC1,,8.03,2,8.03,8.03,IC50,B,single protein format,single_protein,8,H,2015,,556.4060000000001,4.788300000000003,76.10000000000001,1,6,6,4,3,0.43478260869565216,0.44063966738643856
CHEMBL3982706,CHEMBL3982706,CCc1c(N)ncnc1N1CCC(c2nc(-c3cccc(C(F)(F)F)c3)cn2CCN2CCCC2)CC1,,8.02,2,8.02,8.02,IC50,B,single protein format,single_protein,8,H,2015,,513.6120000000003,4.983300000000004,76.10000000000001,1,6,7,5,3,0.5185185185185185,0.48018809295263976
CHEMBL488654,CHEMBL488654,c1ccc(-c2cc3cnc(N4CCOCC4)nc3nc2-c2ccc(CN3CCC(c4nnc(-c5ccccn5)[nH]4)CC3)cc2)cc1,,8.01,2,7.72,8.3,IC50,B,cell-based format;single protein format,mixed,8,H,2008,,609.738,5.755100000000005,108.84,1,9,7,8,6,0.2777777777777778,0.24183049850149096
CHEMBL2325740,CHEMBL2325740,COCCC(NC(=O)C1(N)CCN(c2ncnc3[nH]ccc23)CC1)c1ccc(Cl)cc1,,8.01,2,8.0,8.02,IC50,B,single protein format,single_protein,8;9,D;H,2013;2016,,442.95100000000014,2.8030000000000017,109.16,3,6,7,4,3,0.4090909090909091,0.5187443735764292
CHEMBL3701722,CHEMBL3701722,CC1(O)CC(N)(c2ccc(-c3nc4n(c3-c3ccsc3)COc3cccc(F)c3-4)cc2)C1,,8.01,2,8.01,8.01,IC50,B,cell-based format,cell_based,8;9,D;H,2014,,447.5350000000002,5.1334000000000035,73.3,2,5,3,6,4,0.24,0.45648812436515723
CHEMBL203624,CHEMBL203624,N[C@H](CNc1cncc(/C=C/c2ccncc2)c1)Cc1c[nH]c2ccccc12,,8.01,1,8.01,8.01,IC50,B,single protein format,single_protein,9,D,2006,,369.4720000000001,4.1102000000000025,79.62,3,4,7,4,4,0.13043478260869565,0.4579418891266555
CHEMBL3947888,CHEMBL3947888,N#Cc1c(N)ncnc1N1CCC(c2nc(-c3ccnc(C(F)(F)F)c3)cn2CCN2CCC2)CC1,,8.01,2,8.01,8.01,IC50,B,single protein format,single_protein,8,H,2015,,497.52900000000034,3.297480000000002,112.77999999999999,1,8,6,5,3,0.4583333333333333,0.5521323113708384
CHEMBL3904852,CHEMBL3904852,CC(C)(C)NCCn1cc(-c2ccc(F)c(C(F)(F)F)c2)nc1C1CCN(c2ncnc(N)c2C(N)=O)CC1,,8.01,2,8.01,8.01,IC50,B,single protein format,single_protein,8,H,2015,,548.5890000000002,3.951200000000001,127.97999999999999,3,7,7,4,3,0.46153846153846156,0.3816099556457533
CHEMBL5758529,CHEMBL5758529,NCC(NC(=O)C1(N)CCN(c2ncnc3[nH]ccc23)CC1)c1ccc(Cl)cc1,,8.01,1,8.01,8.01,IC50,B,single protein format,single_protein,8,H,2016,,413.91300000000024,1.7252000000000012,125.94999999999999,4,6,5,4,3,0.35,0.5042421133831997
CHEMBL3913177,CHEMBL3913177,C=Cc1c(N)ncnc1N1CCC(c2nc(-c3ccc(F)c(F)c3)cn2CCN2CCCC2)CC1,,8.01,2,8.01,8.01,IC50,B,single protein format,single_protein,8,H,2015,,479.57900000000035,4.323300000000003,76.10000000000001,1,6,7,5,3,0.4230769230769231,0.543930025325278
CHEMBL574995,CHEMBL574995,N[C@H](COc1cncc(-c2ccc3[nH]nc(-c4nccs4)c3c2)c1)Cc1c[nH]c2ccccc12,,8.01,1,8.01,8.01,IC50,B,single protein format,single_protein,8,H,2009,,466.57000000000016,5.178500000000003,105.5,3,6,7,6,6,0.11538461538461539,0.30066437995566236
CHEMBL6065879,CHEMBL6065879,COc1cc(-c2cccnc2)c2nc(-c3ccc(C4(N)CCC4)cc3)c(-c3ccccc3)n2n1,,8.01,1,8.01,8.01,IC50,B,single protein format,single_protein,8,H,2017,,447.5420000000002,5.471800000000005,78.33,1,5,5,6,5,0.17857142857142858,0.38639983186152693
CHEMBL605838,CHEMBL605838,Cc1n[nH]c2ccc(-c3cc(OC[C@@H](N)Cc4c[nH]c5cccnc45)cnc3-c3ccoc3)cc12,,8.0,1,8.0,8.0,IC50,B,single protein format,single_protein,8,H,2010,,464.52900000000017,5.018420000000003,118.64,3,6,7,6,6,0.14814814814814814,0.3052868400128892
CHEMBL227366,CHEMBL227366,Cc1n[nH]c2ccc(-c3cncc(OC[C@@H](N)Cc4ccc(Br)cc4F)c3)cc12,,8.0,1,8.0,8.0,IC50,B,single protein format,single_protein,9,D,2007,,455.331,4.783720000000003,76.82,2,4,6,4,4,0.18181818181818182,0.4387632840693744
CHEMBL5783615,CHEMBL5783615,NC1(C(=O)N[C@@H](CCN2CCOCC2)c2ccc(Cl)cc2)CCN(c2ncnc3[nH]ccc23)CC1,,8.0,1,8.0,8.0,IC50,B,single protein format,single_protein,8,H,2016,,498.03100000000023,2.4888000000000012,112.4,3,7,7,5,3,0.48,0.4593651971884537
CHEMBL3696287,CHEMBL3696287,O=C(Cc1nc(N2CCOCC2)cc(=O)[nH]1)Nc1ccc(F)c(I)c1,,8.0,2,8.0,8.0,IC50,B,assay format;cell-based format,cell_based,8;9,D;H,2015,,458.23100000000005,1.5313999999999997,87.32000000000001,2,5,4,3,2,0.3125,0.6794346174869565
CHEMBL3910308,CHEMBL3910308,Cc1c(N)ncnc1N1CCC(c2nc(-c3ccc(F)c(C(F)(F)F)c3)cn2CCN2CCCC2)CC1,,8.0,2,8.0,8.0,IC50,B,single protein format,single_protein,8,H,2015,,517.5750000000003,4.868420000000004,76.10000000000001,1,6,6,5,3,0.5,0.47058339020209233
CHEMBL1794065,CHEMBL521658,CCn1c(-c2nonc2N)nc2c(C#CC(C)(C)O)ncc(OCC3CCNCC3)c21,GSK-554170A,8.0,1,8.0,8.0,IC50,B,single protein format,single_protein,9,D,2008,,425.4930000000002,1.5841999999999998,137.14000000000001,3,9,5,4,3,0.5238095238095238,0.5202565020980736
CHEMBL470596,CHEMBL470596,CC(C)NCC(Cc1ccccc1)NC(=O)c1cc(Br)c(-c2ccnc3[nH]ccc23)s1,,8.0,1,8.0,8.0,IC50,B,single protein format,single_protein,8,H,2009,,497.46200000000016,5.393000000000004,69.81,3,4,8,4,4,0.25,0.30571982767279626
CHEMBL577797,CHEMBL577797,Cc1cc(C2C(=O)Nc3ccc(-c4cncc(OC[C@@H](N)Cc5c[nH]c6ccccc56)c4)cc32)oc1C,,8.0,1,8.0,8.0,IC50,B,single protein format,single_protein,8,H,2009,,492.57900000000024,5.472540000000004,106.17,3,5,7,6,5,0.2,0.27924337581718284
CHEMBL595709,CHEMBL595709,Cc1n[nH]c2ccc(-c3cc(OC[C@@H](N)Cc4ccccc4)cnc3-c3ccoc3)cc12,,8.0,1,8.0,8.0,IC50,B,single protein format,single_protein,8,H,2010,,424.5040000000001,5.142120000000004,89.96,2,5,7,5,5,0.15384615384615385,0.37742447721611116
CHEMBL3672541,CHEMBL3672541,NC1(c2ccc(-c3nc4c5cc(-c6ccc(F)c(CO)c6)ccc5nn4cc3-c3ccccc3)cc2)CCC1,,8.0,2,8.0,8.0,IC50,B,single protein format,single_protein,8;9,D;H,2015,,514.6040000000002,6.8528000000000056,76.44,2,4,5,7,6,0.15151515151515152,0.2637231397270487
CHEMBL1998121,CHEMBL1998121,NCCC(C(=O)Nc1ccc2[nH]ncc2c1)c1ccc(Cl)c(Cl)c1,,8.0,1,8.0,8.0,Ki,F,assay format,other,8,H,,,363.24800000000005,3.940800000000002,83.8,3,3,5,3,3,0.17647058823529413,0.6420124761735885
CHEMBL3672067,CHEMBL3672067,Cc1cn2cc(-c3ccccc3)c(-c3ccc(CN4CC(c5n[nH]c(-c6ccccn6)n5)C4)cc3)nc2n1,,8.0,2,8.0,8.0,IC50,B,cell-based format,cell_based,9,D,2015,,498.5940000000002,5.151220000000006,87.89,1,6,6,7,6,0.16666666666666666,0.3416835491710443
CHEMBL3679631,CHEMBL3679631,N=C(c1ccccc1)n1c(=N)ccc2nc(-c3ccc(C4(N)CC(F)(F)C4)cc3)c(-c3ccccc3)cc21,,8.0,2,8.0,8.0,IC50,B,single protein format,single_protein,8;9,D;H,2013,,505.5720000000003,6.3065400000000045,91.54,3,4,4,6,5,0.12903225806451613,0.1973976805761005
CHEMBL3672091,CHEMBL3672091,COC(=O)c1cn2cc(-c3ccccc3)c(-c3ccc(CN4CC(c5n[nH]c(-c6ccccn6)n5)C4)cc3)nc2n1,,8.0,2,8.0,8.0,IC50,B,cell-based format,cell_based,9,D,2015,,542.6030000000002,4.629400000000003,114.19000000000001,1,8,7,7,6,0.16129032258064516,0.2906141761236651
CHEMBL499554,CHEMBL499554,CN(C)CCN1CCN(c2ccc3nc(-c4ccccc4)c(-c4ccc(CN5CCC(c6nnc(-c7ccccn7)[nH]6)CC5)cc4)nc3n2)CC1,,8.0,1,8.0,8.0,IC50,B,single protein format,single_protein,8,H,2008,,679.877,5.602100000000006,106.09,1,10,10,8,6,0.35,0.19673024044894266
CHEMBL3672558,CHEMBL3672558,COC(=O)/C=C/c1ccc2nn3cc(-c4ccccc4)c(-c4ccc(C5(N)CCC5)cc4)nc3c2c1,,8.0,2,8.0,8.0,IC50,B,single protein format,single_protein,8;9,D;H,2015,,474.5640000000003,5.740600000000005,82.50999999999999,1,5,5,6,5,0.16666666666666666,0.25941440610305344
CHEMBL3672556,CHEMBL3672556,NC1(c2ccc(-c3nc4c5cc(-c6ccn[nH]6)ccc5nn4cc3-c3ccccc3)cc2)CCC1,,8.0,2,8.0,8.0,IC50,B,single protein format,single_protein,8;9,D;H,2015,,456.5530000000003,5.944500000000003,84.89,2,4,4,7,6,0.13793103448275862,0.3435256470626668
CHEMBL211065,CHEMBL211065,Cc1cc(CC(C)(C)C2C(=O)Nc3ccc(-c4cncc(OC[C@@H](N)Cc5c[nH]c6ccccc56)c4)cc32)oc1C,,8.0,1,8.0,8.0,IC50,B,single protein format,single_protein,9,D,2006,,548.6870000000002,6.693140000000006,106.17,3,5,9,6,5,0.29411764705882354,0.19020564290079567
CHEMBL3672041,CHEMBL3672041,Cc1cccc(-c2nc(C3CN(Cc4ccc(-c5nc6nc(C7CC7)nn6cc5-c5ccccc5)cc4)C3)n[nH]2)n1,,8.0,2,8.0,8.0,IC50,B,cell-based format,cell_based,9,D,2015,,539.6470000000003,5.423620000000005,100.78000000000002,1,7,7,8,6,0.25,0.2889421871974909
CHEMBL3672555,CHEMBL3672555,Cc1cc(-c2ccc3c(c2)nn2cc(-c4ccccc4)c(-c4ccc(C5(N)CCC5)cc4)nc32)[nH]n1,,8.0,2,8.0,8.0,IC50,B,single protein format,single_protein,8;9,D;H,2015,,470.58000000000027,6.252920000000006,84.89,2,4,4,7,6,0.16666666666666666,0.31874194251078636
CHEMBL5978634,CHEMBL5978634,CCCCOc1cc(OCC)nn2c(-c3ccccc3)c(-c3ccc(C4(N)CCC4)cc3)nc12,,8.0,1,8.0,8.0,IC50,B,single protein format,single_protein,8,H,2017,,456.59000000000026,5.978800000000006,74.67,1,5,9,5,4,0.35714285714285715,0.31370597866053873
CHEMBL594517,CHEMBL594517,Cc1n[nH]c2ccc(-c3cc(OC[C@@H](N)Cc4ccccc4)cnc3-c3cc(F)ccc3O)cc12,,8.0,1,8.0,8.0,IC50,B,single protein format,single_protein,8,H,2010,,468.5320000000001,5.393820000000004,97.05,3,5,7,5,5,0.14285714285714285,0.29741709926679555
CHEMBL1967302,CHEMBL1967302,NC(COc1cncc(-c2ccc3c(c2)CC(=O)N3)c1)Cc1c[nH]c2ccccc12,,8.0,1,8.0,8.0,Ki,F,assay format,other,8,H,,,398.4660000000001,3.673300000000002,93.03,3,4,6,5,4,0.16666666666666666,0.4619466534212773
CHEMBL4856439,CHEMBL4856439,NC(=O)c1cccc2c(N[C@H](CN3CCC3)c3ccc(Cl)c(F)c3)ncnc12,,8.0,1,8.0,8.0,IC50,B,assay format,other,9,D,2021,,399.857,3.3801000000000023,84.14,2,5,6,4,3,0.25,0.6634256679716253
CHEMBL606467,CHEMBL606467,Cc1n[nH]c2ncc(-c3cc(OC[C@@H](N)Cc4c[nH]c5ccccc45)c(C#N)nc3-c3ccoc3)nc12,,8.0,1,8.0,8.0,IC50,B,single protein format,single_protein,9,D,2010,,490.52700000000016,4.285100000000003,155.31999999999994,3,8,7,6,6,0.14814814814814814,0.2992837259469214
CHEMBL3672076,CHEMBL3672076,COc1nn2cc(-c3c(F)cccc3F)c(-c3ccc(CN4CCC(c5n[nH]c(-c6ccccn6)n5)CC4)cc3)nc2c1CO,,8.0,2,8.0,8.0,IC50,B,cell-based format,cell_based,9,D,2015,,608.6530000000001,5.402100000000007,117.35000000000001,2,8,8,7,6,0.24242424242424243,0.23594681155489186
CHEMBL1940249,CHEMBL1940249,CC(C)n1cc(C(=O)c2cncc(N[C@@H]3CNC[C@@H]3c3ccc(F)cc3)n2)c2c(N)ncnc21,,8.0,1,8.0,8.0,Ki,B,single protein format,single_protein,8,H,2011,,460.51700000000017,2.9220000000000006,123.64,3,8,6,5,4,0.2916666666666667,0.3754091096003095
CHEMBL3699780,CHEMBL3699780,CN(C)CC1CN(C(=O)Cc2nc(N3CCOCC3)cc(=O)[nH]2)c2ccccc21,,8.0,2,8.0,8.0,IC50,B,assay format;cell-based format,cell_based,8;9,D;H,2015,,397.4790000000001,0.8410000000000006,81.76999999999998,1,6,5,4,2,0.47619047619047616,0.8053614229789705
CHEMBL3905309,CHEMBL3905309,Cc1cc(-c2cn(CCN3CCCC3)c(C3CCN(c4ncnc(N)c4C(N)=O)CC3)n2)ccc1F,,8.0,2,8.0,8.0,IC50,B,single protein format,single_protein,8,H,2015,,492.60300000000024,2.948520000000001,119.18999999999998,2,7,7,5,3,0.46153846153846156,0.5203841114072674
CHEMBL3672046,CHEMBL3672046,Cc1cccc(-c2nc(C3CN(Cc4ccc(-c5nc6nc(C)nn6c(C)c5-c5ccccc5)cc4)C3)n[nH]2)n1,,8.0,2,8.0,8.0,IC50,B,cell-based format,cell_based,9,D,2015,,527.6360000000002,5.163060000000005,100.78000000000002,1,7,6,7,6,0.22580645161290322,0.3191585278572496
CHEMBL573334,CHEMBL573334,N[C@H](COc1cncc(-c2ccc3c(c2)C(c2ccccn2)C(=O)N3)c1)Cc1c[nH]c2ccccc12,,7.99,1,7.99,7.99,IC50,B,single protein format,single_protein,8,H,2009,,475.5520000000002,4.657700000000004,105.91999999999999,3,5,7,6,5,0.13793103448275862,0.3175402003747373
CHEMBL502393,CHEMBL502393,Nc1ccc(-c2nnc(C3CCN(Cc4ccc(-c5nc6cc[nH]c(=O)c6cc5-c5ccccc5)cc4)CC3)[nH]2)cn1,,7.99,2,7.58,8.4,IC50,B,single protein format,single_protein,8,H,2008,,554.6580000000001,5.3990000000000045,129.46999999999997,3,7,6,7,6,0.18181818181818182,0.2513813148376069
CHEMBL4438248,CHEMBL4597086,Cn1nccc1-c1ccc(C(=O)N[C@@H]2CNCC[C@H]2c2ccc(Cl)cc2)s1,,7.99,1,7.99,7.99,IC50,B,assay format,other,9,D,2019,,400.93500000000006,3.677500000000002,58.95,2,4,4,4,3,0.3,0.7019347918483841
CHEMBL211774,CHEMBL211774,CC(C)(Cc1ccccn1)C1C(=O)Nc2ccc(-c3cncc(OC[C@@H](N)Cc4c[nH]c5ccccc45)c3)cc21,,7.99,1,7.99,7.99,IC50,B,single protein format,single_protein,9,D,2006,,531.6600000000002,5.878300000000004,105.91999999999999,3,5,9,6,5,0.24242424242424243,0.2203160273693142
CHEMBL4519558,CHEMBL4595504,CC(=O)Nc1cccc(-c2ccc3nc(-c4cccnc4N)n(-c4ccc(C5(N)CCC5)cc4)c3n2)c1,,7.99,4,7.39,8.64,IC50,B,cell-based format,cell_based,9,D,2016,,489.5830000000003,5.028000000000003,124.74000000000001,3,6,5,6,5,0.1724137931034483,0.3180574127220725
CHEMBL576386,CHEMBL576386,N[C@H](COc1cncc(-c2ccc3c(c2)C(c2cccnc2)C(=O)N3)c1)Cc1c[nH]c2ccccc12,,7.98,1,7.98,7.98,IC50,B,single protein format,single_protein,8,H,2009,,475.5520000000002,4.657700000000004,105.91999999999999,3,5,7,6,5,0.13793103448275862,0.3175402003747373
CHEMBL4467439,CHEMBL4467439,CCC[C@@H]1C[C@@H](c2ccc(Cl)c(Cl)c2)[C@H](NC(=O)c2cc(-c3c(Cl)cnn3C)c(Cl)o2)CN1,,7.98,1,7.98,7.98,IC50,B,assay format,other,9,D,2019,,530.2830000000001,6.337900000000005,72.09,2,4,6,4,3,0.391304347826087,0.3905702940072606
CHEMBL211690,CHEMBL211690,CC(C)(Cc1cccnc1)C1C(=O)Nc2ccc(-c3cncc(OC[C@@H](N)Cc4c[nH]c5ccccc45)c3)cc21,,7.98,1,7.98,7.98,IC50,B,single protein format,single_protein,9,D,2006,,531.6600000000003,5.878300000000005,105.91999999999999,3,5,9,6,5,0.24242424242424243,0.22031602736931405
CHEMBL445464,CHEMBL445464,Cc1nnc2c3cc(-c4ccccc4)c(-c4ccc(CN5CCC(c6n[nH]c(-c7ccccn7)n6)CC5)cc4)nc3ccn12,,7.975,2,7.61,8.34,IC50,B,cell-based format,cell_based,8;9,D;H,2009,,577.6960000000003,6.479620000000007,100.78,1,7,6,8,7,0.2,0.24143462656661327
CHEMBL4445702,CHEMBL4597199,Cn1nccc1-c1ccc(C(=O)N[C@@H]2CNCC[C@H]2c2cccc(F)c2)s1,,7.97,1,7.97,7.97,IC50,B,assay format,other,9,D,2019,,384.48,3.1632000000000016,58.95,2,4,4,4,3,0.3,0.7264747467452216
CHEMBL5712048,CHEMBL5712048,C=CC(=O)Nc1ccc2c(c1)n(C1CCN(Cc3ccc(-c4nc5cc[nH]c(=O)c5cc4-c4ccccc4)cc3)CC1)c(=O)n2C,,7.97,3,6.02,8.52,IC50;Ki,B,cell-based format;single protein format,mixed,8;9,D;H,2019;2020,,610.718,5.872100000000006,105.02000000000001,2,5,7,7,6,0.1891891891891892,0.22008784023689862
CHEMBL4128457,CHEMBL4128457,C[C@@H]1CC(=O)Nc2ncnc(N3CCC(c4nc(-c5ccc(F)c(C(F)(F)F)c5)cn4CCN4CCCC4)CC3)c21,,7.965,2,7.41,8.52,IC50,B,cell-based format,cell_based,9,D,2018,,571.6229999999999,5.423500000000005,79.17999999999999,1,6,6,6,3,0.5172413793103449,0.39821811023667597
CHEMBL3971065,CHEMBL3971065,CC1Cc2c(Br)cccc2N1C(=O)Cc1nc(N2CCOCC2)cc(=O)[nH]1,,7.965,4,7.41,8.52,IC50,B,assay format;cell-based format,cell_based,8,H,2015,,433.30600000000027,1.8892999999999993,78.53,1,5,3,4,2,0.42105263157894735,0.8002816098701381
CHEMBL252857,CHEMBL252857,CNc1ncc2cc(-c3ccccc3)c(-c3ccc(CN4CCC(c5nnc(-c6ccccn6)[nH]5)CC4)cc3)nc2n1,,7.960000000000001,2,7.7,8.22,IC50,B,cell-based format;single protein format,mixed,8,H,2008,,553.6740000000002,5.960200000000007,108.4,2,8,7,7,6,0.21212121212121213,0.2493216818126597
CHEMBL5830195,CHEMBL5830195,CCOc1cc(OCC)c2nc(-c3ccc(C4(N)CCC4)cc3)c(-c3ccccc3)n2n1,,7.96,1,7.96,7.96,IC50,B,single protein format,single_protein,8,H,2017,,428.5360000000002,5.198600000000004,74.67,1,5,7,5,4,0.3076923076923077,0.4379444379898583
CHEMBL3672063,CHEMBL3672063,Cc1cccc(-c2nc(C3CCN(Cc4ccc(-c5nc6ncc(Br)n6cc5-c5ccc(F)cc5)cc4)CC3)n[nH]2)n1,,7.96,2,7.96,7.96,IC50,B,cell-based format,cell_based,9,D,2015,,623.5339999999999,6.833020000000006,87.89,1,6,6,7,6,0.21875,0.21890753415621442
CHEMBL3980207,CHEMBL3980207,NC(=O)c1c(N)ncnc1N1CCC(c2nc(-c3ccc(F)c(C(F)(F)F)c3)cn2CCN2CCCCC2)CC1,,7.96,2,7.96,7.96,IC50,B,single protein format,single_protein,8,H,2015,,560.6,4.049000000000003,119.18999999999998,2,7,7,5,3,0.48148148148148145,0.41869307463885314
CHEMBL446966,CHEMBL446966,COc1ccc(-c2nnc(C3CCN(Cc4ccc(-c5nc6cc[nH]c(=O)c6cc5-c5ccccc5)cc4)CC3)[nH]2)cn1,,7.96,2,7.4,8.52,IC50,B,single protein format,single_protein,8,H,2008,,569.6690000000001,5.8254000000000055,112.67999999999999,2,7,7,7,6,0.20588235294117646,0.2489171393205495
CHEMBL3699768,CHEMBL3699768,NC(=O)c1cc(Br)c2nc(-c3ccc(C4(N)CCC4)cc3)c(-c3ccccc3)n2c1,,7.96,2,7.96,7.96,IC50,B,single protein format,single_protein,8;9,D;H,2015,,461.3630000000002,4.867600000000003,86.41,2,3,4,5,4,0.16666666666666666,0.45489837506508274
CHEMBL5316199,CHEMBL5316199,Cc1ccc2c(n1)-c1nc(-c3ccc(C4(N)CC(C)(O)C4)cc3)c(-c3ccccc3)n1CO2,,7.96,2,7.96,7.96,IC50,B,cell-based format,cell_based,8;9,D;H,2014,,438.5310000000002,4.636220000000003,86.19000000000001,2,5,3,6,4,0.25925925925925924,0.486817721923763
CHEMBL3696300,CHEMBL3696300,O=C(Cc1nc(N2CCOCC2)cc(=O)[nH]1)N1CCc2c1ccc(F)c2F,,7.96,2,7.96,7.96,IC50,B,assay format;cell-based format,cell_based,8;9,D;H,2015,,376.3630000000001,1.0165,78.53,1,5,3,4,2,0.3888888888888889,0.8653893465099662
CHEMBL3966620,CHEMBL3966620,CC(C)c1cc(-c2cn(CCN3CCC3)c(C3CCN(c4ncnc(N)c4C#N)CC3)n2)ccn1,,7.96,2,7.96,7.96,IC50,B,single protein format,single_protein,8,H,2015,,471.61300000000017,3.4020800000000015,112.78,1,8,7,5,3,0.5,0.5578123702457157
CHEMBL500993,CHEMBL500993,OC1CCN(c2ncc3cc(-c4ccccc4)c(-c4ccc(CN5CCC(c6nnc(-c7ccccn7)[nH]6)CC5)cc4)nc3n2)CC1,,7.96,2,7.77,8.15,IC50,B,cell-based format;single protein format,mixed,8,H,2008,,623.7649999999999,5.879600000000006,119.84,2,9,7,8,6,0.2972972972972973,0.2246798222853758
CHEMBL1632376,CHEMBL1632376,C[C@@H]1SCc2ncnc(N3CCN(C(=O)[C@H](N)Cc4ccc(F)cc4)CC3)c21,,7.96,1,7.96,7.96,IC50,B,single protein format,single_protein,8,H,2010,,401.5110000000002,2.1420999999999992,75.35000000000001,1,6,4,4,2,0.45,0.8461184697227304
CHEMBL3672072,CHEMBL3672072,CNc1c(-c2ccccc2)c(-c2ccc(CN3CC(c4n[nH]c(-c5cccc(C)n5)n4)C3)cc2)nc2nc(C)cn12,,7.96,2,7.96,7.96,IC50,B,cell-based format,cell_based,9,D,2015,,541.6630000000001,5.501340000000004,99.92,2,7,7,7,6,0.21875,0.27523819872706734
CHEMBL427426,CHEMBL427426,Cc1cc(C[C@H](N)COc2cncc(-c3ccc4[nH]nc(C)c4c3)c2)ccc1F,,7.96,1,7.96,7.96,IC50,B,single protein format,single_protein,9,D,2007,,390.46200000000016,4.329640000000002,76.82,2,4,6,4,4,0.21739130434782608,0.5137297295451727
CHEMBL3672497,CHEMBL3672497,NC1(c2ccc(-c3nn4c(-c5ccc6cn[nH]c6c5)cnc4cc3-c3ccccc3)cc2)CCC1,,7.96,2,7.96,7.96,IC50,B,cell-based format,cell_based,9,D,2015,,456.5530000000003,5.944500000000003,84.89,2,4,4,7,6,0.13793103448275862,0.3435256470626668
CHEMBL3699783,CHEMBL3699783,COCC1Cc2ccccc2N1C(=O)Cc1nc(N2CCOCC2)cc(=O)[nH]1,,7.96,2,7.96,7.96,IC50,B,assay format;cell-based format,cell_based,8;9,D;H,2015,,384.4360000000002,0.7533000000000001,87.75999999999999,1,6,5,4,2,0.45,0.8187435166731063
CHEMBL3672496,CHEMBL3672496,NC1(c2ccc(-c3nn4c(-c5ccn[nH]5)cnc4cc3-c3ccccc3)cc2)CCC1,,7.96,2,7.96,7.96,IC50,B,cell-based format,cell_based,9,D,2015,,406.4930000000002,4.791300000000003,84.89,2,4,4,6,5,0.16,0.44928876125426376
CHEMBL6032267,CHEMBL6032267,NC1(C(=O)N[C@@H](CCO)c2ccc(Cl)cc2)CCN(c2ncnc3[nH]cc(Br)c23)CC1,,7.96,1,7.96,7.96,IC50,B,single protein format,single_protein,8,H,2016,,507.8200000000002,2.9114000000000004,120.16,4,6,6,4,3,0.38095238095238093,0.4071532602320074
CHEMBL3925391,CHEMBL3925391,CC1Cc2c(ccc(F)c2F)N1C(=O)Cc1nc(N2CCOCC2)c(F)c(=S)[nH]1,,7.96,2,7.96,7.96,IC50,B,assay format;cell-based format,cell_based,8,H,2015,,424.44800000000015,2.9133900000000006,61.46,1,5,3,4,2,0.42105263157894735,0.7682122533437782
CHEMBL3892575,CHEMBL3892575,Nc1ncnc(N2CCC(c3nc(-c4ccc(F)cc4)cn3CCN3CCCC3)CC2)c1C1CCC1,,7.96,2,7.96,7.96,IC50,B,single protein format,single_protein,8,H,2015,,489.64300000000054,4.808700000000004,76.10000000000001,1,6,7,6,3,0.5357142857142857,0.5134132318270398
CHEMBL3672048,CHEMBL3672048,CNc1c(-c2ccccc2)c(-c2ccc(CN3CC(c4n[nH]c(-c5cccc(C)n5)n4)C3)cc2)nc2nc(C)nn12,,7.96,2,7.96,7.96,IC50,B,cell-based format,cell_based,9,D,2015,,542.6510000000001,4.896340000000004,112.81,2,8,7,7,6,0.22580645161290322,0.2930704537538798
CHEMBL3701743,CHEMBL3701743,CC1(O)CC(N)(c2ccc(-c3nc4n(c3-c3ccccc3)COc3cccnc3-4)cc2)C1,,7.96,2,7.96,7.96,IC50,B,cell-based format,cell_based,8;9,D;H,2014,,424.5040000000002,4.327800000000003,86.19,2,5,3,6,4,0.23076923076923078,0.5113113294928086
CHEMBL3701742,CHEMBL3701742,NC1(c2ccc(-c3nc4n(c3-c3ccccc3)COc3cccnc3-4)cc2)CC(O)(C2CC2)C1,,7.96,2,7.96,7.96,IC50,B,cell-based format,cell_based,8;9,D;H,2014,,450.54200000000026,4.717900000000003,86.19,2,5,4,7,4,0.2857142857142857,0.46996450588992167
CHEMBL5968260,CHEMBL5968260,NC1(c2ccc(-c3nc4c(-c5cc[nH]n5)cc(C(=O)NCCO)nn4c3-c3ccccc3)cc2)CCC1,,7.96,1,7.96,7.96,IC50,B,single protein format,single_protein,8,H,2017,,493.5710000000003,3.5134000000000025,134.22,4,6,7,6,5,0.21428571428571427,0.27410849296036316
CHEMBL2347053,CHEMBL2347053,O=C1Nc2ccccc2/C1=C/c1c[nH]nc1-c1ccccc1[N+](=O)[O-],,7.96,1,7.96,7.96,IC50,B,single protein format,single_protein,9,D,2013,,332.3190000000001,3.4776000000000016,100.92,2,4,3,4,3,0.0,0.435391786991985
CHEMBL6002820,CHEMBL6002820,Cc1c(Oc2ccc([C@@H](C)N)cc2F)ccc2c1B(O)OC2,,7.96,1,7.96,7.96,IC50,B,single protein format,single_protein,8,H,2016,,301.12600000000003,2.1638199999999994,64.71000000000001,2,4,3,3,2,0.25,0.852793493226288
CHEMBL3935986,CHEMBL3935986,N#Cc1c(N)ncnc1N1CCC(c2nc(-c3ccc(F)c(C(F)(F)F)c3)cn2C2CCNC2)CC1,,7.96,2,7.96,7.96,IC50,B,single protein format,single_protein,8,H,2015,,500.50400000000025,3.870280000000003,108.68,2,7,4,5,3,0.4166666666666667,0.5237476614392348
CHEMBL229800,CHEMBL229800,Cc1n[nH]c2ccc(-c3cncc(OC[C@@H](N)Cc4ccc(Cl)cc4)c3)cc12,,7.96,1,7.96,7.96,IC50,B,single protein format,single_protein,9,D,2007,,392.89000000000004,4.535520000000003,76.82,2,4,6,4,4,0.18181818181818182,0.5048327630237109
CHEMBL3976678,CHEMBL3976678,CC(C)N(C)CCn1cc(-c2ccc(F)c(C(F)(F)F)c2)nc1C1CCN(c2ncnc(N)c2C(N)=O)CC1,,7.96,2,7.96,7.96,IC50,B,single protein format,single_protein,8,H,2015,,548.5890000000002,3.9033000000000007,119.19,2,7,8,4,3,0.46153846153846156,0.4099501950037042
CHEMBL4129817,CHEMBL4129817,C[C@@H]1CC(=O)Nc2ncnc(N3CCC(c4nc(C(F)(F)F)cn4CCN4CCCC4)CC3)c21,,7.96,1,7.96,7.96,IC50,B,cell-based format,cell_based,9,D,2018,,477.5350000000003,3.6174000000000026,79.17999999999999,1,6,5,5,2,0.6521739130434783,0.7089007511801543
CHEMBL2376092,CHEMBL2376092,Cc1nc(N)nc2c1cc(-c1cn[nH]c1)c(=O)n2[C@H]1CC[C@@H](OCO)CC1,,7.95,1,7.95,7.95,IC50,B,cell-based format,cell_based,9,D,2013,,370.41300000000024,1.5223199999999995,131.94,3,7,4,4,3,0.4444444444444444,0.5932010379438973
CHEMBL1170263,CHEMBL1170263,Cc1c[nH]c2ncnc(N3CC[C@](N)(CNC(=O)c4ccc(Cl)cc4)C3)c12,,7.94,1,7.94,7.94,IC50,B,single protein format,single_protein,8,H,2010,,384.87100000000004,2.257320000000001,99.93,3,5,4,4,3,0.3157894736842105,0.6402597379251046
CHEMBL3649666,CHEMBL3649666,Cc1ccccc1-c1nc2ccc(-c3cccc(N4CCOCC4)c3)nc2n1-c1ccc(C2(N)CCC2)cc1,,7.94,2,7.94,7.94,IC50,B,single protein format,single_protein,8;9,D;H,2014,,515.6610000000005,6.237420000000007,69.2,1,5,5,7,5,0.2727272727272727,0.30018811325981376
CHEMBL3672049,CHEMBL3672049,Cc1nc2nc(-c3ccc(CN4CC(c5n[nH]c(-c6ccccn6)n5)C4)cc3)c(-c3ccccc3)c(NC(C)C)n2n1,,7.9350000000000005,4,7.82,8.05,IC50,B,cell-based format,cell_based,9,D,2015,,556.678,5.366520000000004,112.81,2,8,8,7,6,0.25,0.2574559887001392
CHEMBL1632384,CHEMBL1632384,CC(C)NC[C@H](Cc1ccc(Cl)cc1)C(=O)N1CCN(c2ncnc3c2[C@H](C)SC3)CC1,,7.93,2,6.86,9.0,IC50,B,cell-based format;single protein format,mixed,8,H,2010,,474.07400000000035,3.9433000000000034,61.36000000000001,1,6,7,4,2,0.5416666666666666,0.6567217785269358
CHEMBL502426,CHEMBL502426,CS(=O)(=O)N1CCN(c2ncc3cc(-c4ccccc4)c(-c4ccc(CN5CCC(c6nnc(-c7ccccn7)[nH]6)CC5)cc4)nc3n2)CC1,,7.925000000000001,2,7.7,8.15,IC50,B,cell-based format;single protein format,mixed,8,H,2008,,686.8459999999999,5.000100000000004,136.99,1,10,8,8,6,0.2972972972972973,0.23298941098442497
CHEMBL3960331,CHEMBL3960331,Nc1ncnc(N2CCC(c3nc(-c4ccc(F)c(C(F)(F)F)c4)cn3CCN3CCCC3)CC2)c1-c1ccc(C(=O)O)cc1,,7.92,2,7.92,7.92,IC50,B,single protein format,single_protein,8,H,2015,,623.6550000000004,5.925200000000006,113.40000000000002,2,7,8,6,4,0.375,0.2325993057409403
CHEMBL1773728,CHEMBL1773728,CC(=O)Nc1nc2ccc(-c3cnc(Cl)c(NS(=O)(=O)c4cccc(C(F)(F)F)c4)c3)cc2s1,,7.92,1,7.92,7.92,IC50,B,cell-based format,cell_based,9,D,2011,,526.9490000000001,5.7897000000000025,101.04999999999998,2,6,5,4,4,0.09523809523809523,0.3205062104792666
CHEMBL3905187,CHEMBL3905187,CCc1c(N)ncnc1N1CCC(c2nc(-c3cccc(Cl)c3)cn2CCN2CCCC2)CC1,,7.92,2,7.92,7.92,IC50,B,single protein format,single_protein,8,H,2015,,480.0600000000004,4.617900000000004,76.10000000000001,1,6,7,5,3,0.5,0.5325675608803131
CHEMBL574986,CHEMBL574986,Cc1n[nH]c2cnc(-c3cncc(OC[C@@H](N)Cc4ccc(F)c(F)c4F)c3)cc12,,7.92,1,7.92,7.92,IC50,B,single protein format,single_protein,8,H,2009,,413.4030000000001,3.694420000000002,89.71,2,5,6,4,4,0.19047619047619047,0.47074380943581184
CHEMBL1098943,CHEMBL1098943,CCn1c(-c2nonc2N)nc2c(C#CC(C)(C)O)nc(OCCNC)cc21,,7.92,1,7.92,7.92,IC50,B,single protein format,single_protein,8,H,2009,,385.4280000000001,0.8040000000000002,137.14000000000001,3,9,6,3,3,0.4444444444444444,0.4154462044117475
CHEMBL3972216,CHEMBL3972216,C=Cc1c(N)ncnc1N1CCC(c2nc(-c3ccc(F)c(C(F)(F)F)c3)cn2CCN2CCCCC2)CC1,,7.92,2,7.92,7.92,IC50,B,single protein format,single_protein,8,H,2015,,543.613,5.593100000000006,76.10000000000001,1,6,7,5,3,0.4642857142857143,0.3916401498332834
CHEMBL1773731,CHEMBL1773731,CC(=O)Nc1nc2ccc(-c3cnc(Cl)c(NS(=O)(=O)c4cccc(Cl)c4)c3)cc2s1,,7.92,1,7.92,7.92,IC50,B,cell-based format,cell_based,9,D,2011,,493.3970000000001,5.424300000000002,101.04999999999998,2,6,5,4,4,0.05,0.3615811226839311
CHEMBL3919344,CHEMBL3919344,CC(C)CNCCn1cc(-c2ccc(F)c(C(F)(F)F)c2)nc1C1CCN(c2ncnc(N)c2C(N)=O)CC1,,7.92,2,7.92,7.92,IC50,B,single protein format,single_protein,8,H,2015,,548.589,3.808700000000001,127.97999999999999,3,7,9,4,3,0.46153846153846156,0.2740911358912993
CHEMBL3703157,CHEMBL3703157,NC(=O)c1cc(Cl)c2nc(-c3ccc(C4(N)CCC4)cc3)c(-c3ccccc3)n2c1,,7.92,2,7.92,7.92,IC50,B,single protein format,single_protein,8;9,D;H,2015,,416.91200000000015,4.758500000000003,86.41,2,3,4,5,4,0.16666666666666666,0.5025102562804127
CHEMBL5950067,CHEMBL5950067,CSc1nn2c(-c3ccccc3)c(-c3ccc(C4(N)CCC4)cc3)nc2c(C)c1C,,7.92,1,7.92,7.92,IC50,B,single protein format,single_protein,8,H,2017,,414.5780000000003,5.739940000000005,56.21,1,4,4,5,4,0.28,0.4326986416643111
CHEMBL3943810,CHEMBL3943810,O=C(Cc1nc(N2CCOC3CCCC32)cc(=O)[nH]1)N1CCc2c(F)cccc21,,7.92,2,7.92,7.92,IC50,B,assay format;cell-based format,cell_based,8,H,2015,,398.4380000000001,1.7984999999999995,78.53,1,5,3,5,2,0.47619047619047616,0.8531177054287564
CHEMBL3926375,CHEMBL3926375,CC1CN(c2cc(=O)[nH]c(CC(=O)N3CCc4c(Cl)cccc43)n2)CCO1,,7.92,2,7.92,7.92,IC50,B,assay format;cell-based format,cell_based,8,H,2015,,388.8550000000001,1.7802000000000002,78.53000000000002,1,5,3,4,2,0.42105263157894735,0.8666895319374017
CHEMBL596073,CHEMBL596073,Cc1n[nH]c2ccc(-c3cc(OC[C@@H](N)Cc4c[nH]c5ccccc45)cnc3-c3ccoc3)nc12,,7.92,1,7.92,7.92,IC50,B,single protein format,single_protein,8,H,2010,,464.52900000000017,5.018420000000003,118.64,3,6,7,6,6,0.14814814814814814,0.3052868400128892
CHEMBL5967812,CHEMBL5967812,C[C@@H](NC(=O)C1(CN)CCN(c2ncnc3[nH]ccc23)CC1)c1ccc(Cl)cc1,,7.92,1,7.92,7.92,IC50,B,single protein format,single_protein,8,H,2016,,412.9250000000002,3.0340000000000016,99.93,3,5,5,4,3,0.38095238095238093,0.5976664333424512
CHEMBL6026023,CHEMBL6026023,C[C@H](NC(=O)C1(N)CCN(c2ncnc3[nH]cc(Cl)c23)CC1)c1ccc(Cl)cc1,,7.92,1,7.92,7.92,IC50,B,single protein format,single_protein,8,H,2016,,433.3430000000002,3.4398000000000017,99.93,3,5,4,4,3,0.35,0.5855222316760741
CHEMBL3911401,CHEMBL3911401,CCc1c(N)ncnc1N1CCC(c2nc(-c3ccc(F)c(C(F)(F)F)c3)cn2CCN(C)C)CC1,,7.92,2,7.92,7.92,IC50,B,single protein format,single_protein,8,H,2015,,505.56400000000025,4.588200000000004,76.10000000000001,1,6,7,4,3,0.48,0.47375014389341413
CHEMBL5956984,CHEMBL5956984,N#CCC(NC(=O)C1(N)CCN(c2ncnc3[nH]ccc23)CC1)c1ccc(Cl)cc1,,7.92,1,7.92,7.92,IC50,B,single protein format,single_protein,8,H,2016,,423.90800000000013,2.680180000000001,123.72,3,6,5,4,3,0.3333333333333333,0.5791672935254809
CHEMBL3901741,CHEMBL3901741,Nc1ncnc(N2CCC(c3nc(-c4ccc(F)c(C(F)(F)F)c4)cn3CCN3CCC3)CC2)c1-c1ccc(C(=O)O)cc1,,7.92,2,7.92,7.92,IC50,B,single protein format,single_protein,8,H,2015,,609.6280000000004,5.535100000000004,113.40000000000002,2,7,8,6,4,0.3548387096774194,0.25077703303155563
CHEMBL2177375,CHEMBL2177375,C[C@@H]1C[C@@H](O)c2ncnc(N3CCN(C(=O)[C@H](CNCCF)c4ccc(Cl)cc4)CC3)c21,,7.92,1,7.92,7.92,IC50,B,assay format,other,9,D,2012,,461.9690000000002,2.6621000000000006,81.59,2,6,7,4,2,0.5217391304347826,0.616860555961765
CHEMBL227323,CHEMBL227323,Cc1n[nH]c2ccc(-c3cncc(OC[C@@H](N)Cc4ccc(C(F)(F)F)cc4F)c3)cc12,,7.92,1,7.92,7.92,IC50,B,single protein format,single_protein,9,D,2007,,444.432,5.040020000000003,76.82,2,4,6,4,4,0.21739130434782608,0.4087167622509417
CHEMBL210089,CHEMBL210089,N[C@H](COc1cc(-c2ccc3cnccc3c2)cnc1Cl)Cc1c[nH]c2ccccc12,,7.92,1,7.92,7.92,IC50,B,single protein format,single_protein,9,D,2006,,428.9230000000002,5.380300000000004,76.82,2,4,6,5,5,0.12,0.3557854783657385
CHEMBL3672090,CHEMBL3672090,COC(=O)c1cn2cc(-c3ccccc3)c(-c3ccc(CN4CC(c5n[nH]c(-c6cccc(C)n6)n5)C4)cc3)nc2n1,,7.92,2,7.92,7.92,IC50,B,cell-based format,cell_based,9,D,2015,,556.6300000000002,4.937820000000004,114.19000000000001,1,8,7,7,6,0.1875,0.2752521249276166
CHEMBL5189610,CHEMBL5189610,CC(C)NC[C@@H](C(=O)N1CCN(c2ncnc3c2[C@H](C(F)(F)F)CC(=O)N3)CC1)c1ccc(Cl)cc1,,7.92,1,7.92,7.92,IC50,B,cell-based format,cell_based,9,D,2022,,524.9750000000003,3.5485000000000015,90.46000000000001,2,6,6,4,2,0.5,0.6005185751985824
CHEMBL3701746,CHEMBL3701746,CCC1(O)CC(N)(c2ccc(-c3nc4n(c3-c3ccccc3)COc3ccncc3-4)cc2)C1,,7.92,2,7.92,7.92,IC50,B,cell-based format,cell_based,8;9,D;H,2014,,438.5310000000002,4.717900000000004,86.19,2,5,4,6,4,0.25925925925925924,0.4815885620481875
CHEMBL388978,CHEMBL388978,CN[C@@H]1C[C@H]2O[C@@](C)([C@@H]1OC)n1c3ccccc3c3c4c(c5c6ccccc6n2c5c31)C(=O)NC4,STAUROSPORINE,7.92,17,6.34,8.82,EC50;IC50;Kd,B;F,assay format;cell-based format;single protein format,mixed,8;9,D;H,2006;2008;2009;2011;2014;2015;2016;2017;2018;2019,,466.5410000000003,4.354000000000003,69.45,2,4,2,8,5,0.32142857142857145,0.4058424794083466
CHEMBL4173126,CHEMBL4173126,CCOC(=O)c1c(C)nc(NNC(=O)c2cccc3c(=O)c4ccccc4[nH]c23)nc1CC(C)C,,7.92,1,7.92,7.92,IC50,B,single protein format,single_protein,9,D,2017,,473.5330000000003,3.9118200000000023,126.06999999999998,3,7,7,4,4,0.2692307692307692,0.21099755756061211
CHEMBL3672028,CHEMBL3672028,COC(=O)c1cnn2cc(-c3c(F)cccc3F)c(-c3ccc(CN4CC(c5n[nH]c(-c6cccc(C)n6)n5)C4)cc3)nc12,,7.92,2,7.92,7.92,IC50,B,cell-based format,cell_based,9,D,2015,,592.61,5.216020000000005,114.19,1,8,7,7,6,0.1875,0.2513145305877803
CHEMBL2325733,CHEMBL2325733,NC1(C(=O)NC(CS(N)(=O)=O)c2ccc(Cl)cc2)CCN(c2ncnc3[nH]ccc23)CC1,,7.92,1,7.92,7.92,IC50,B,single protein format,single_protein,9,D,2013,,477.9780000000003,1.0550000000000002,160.09,4,7,6,4,3,0.35,0.4123391189469826
CHEMBL3900963,CHEMBL3900963,NC(=O)c1c(N)ncnc1N1CCC(c2nc(-c3ccc(F)c(C(F)(F)F)c3)cn2CCNCC2CC2)CC1,,7.92,2,7.92,7.92,IC50,B,single protein format,single_protein,8,H,2015,,546.573,3.562700000000002,127.97999999999999,3,7,9,5,3,0.46153846153846156,0.2766077952374664
CHEMBL3112848,CHEMBL3112848,O=C(Cc1nc(N2CCOCC2)cc(=O)[nH]1)N1CCc2c(F)cccc21,,7.92,6,7.75,8.3,IC50,B,assay format;cell-based format,cell_based,8;9,D;H,2015,,358.3730000000001,0.8774000000000002,78.53,1,5,3,4,2,0.3888888888888889,0.8812034923090539
CHEMBL229798,CHEMBL229798,Cc1n[nH]c2ccc(-c3cncc(OC[C@@H](N)Cc4ccc(F)c(F)c4F)c3)cc12,,7.92,1,7.92,7.92,IC50,B,single protein format,single_protein,9,D,2007,,412.415,4.299420000000002,76.82,2,4,6,4,4,0.18181818181818182,0.46317031020242183
CHEMBL3701740,CHEMBL3701740,COc1cc(OC)c2c(c1)OCn1c-2nc(-c2ccc(C3(N)CC(O)(C4CC4)C3)cc2)c1-c1ccccc1,,7.92,2,7.92,7.92,IC50,B,cell-based format,cell_based,8;9,D;H,2014,,509.60600000000034,5.340100000000004,91.76,2,6,6,7,4,0.3225806451612903,0.3646096454906213
CHEMBL2177378,CHEMBL2177378,C[C@@H]1C[C@@H](O)c2ncnc(N3CCN(C(=O)[C@H](CNC(C)(C)CO)c4ccc(Cl)cc4)CC3)c21,,7.91,2,7.12,8.7,IC50,B,assay format;cell-based format,cell_based,9,D,2012,,488.0320000000002,2.4635000000000007,101.82000000000001,3,7,7,4,2,0.56,0.5510133417930655
CHEMBL4449509,CHEMBL4449509,C=CC[C@@H]1C[C@@H](c2ccc(Cl)c(Cl)c2)[C@H](NC(=O)c2cc(-c3c(Cl)cnn3C)c(Cl)o2)CN1,,7.91,1,7.91,7.91,IC50,B,assay format,other,9,D,2019,,528.2670000000003,6.1139000000000046,72.09,2,4,6,4,3,0.30434782608695654,0.37893838557059034
CHEMBL453995,CHEMBL453995,OCCN1CCN(c2ncc3cc(-c4ccccc4)c(-c4ccc(CN5CCC(c6nnc(-c7ccccn7)[nH]6)CC5)cc4)nc3n2)CC1,,7.91,2,7.77,8.05,IC50,B,cell-based format;single protein format,mixed,8,H,2008,,652.8069999999999,5.0328000000000035,123.08000000000001,2,10,9,8,6,0.3157894736842105,0.2198670896974307
CHEMBL259967,CHEMBL259967,c1ccc(-c2cc3cnccc3nc2-c2ccc(CN3CCC(c4n[nH]c(-c5ccccn5)n4)CC3)cc2)cc1,,7.905,2,7.68,8.13,IC50,B,cell-based format;single protein format,mixed,8,H,2008,,523.6440000000002,6.5235000000000065,83.48,1,6,6,7,6,0.18181818181818182,0.26746950056461244
CHEMBL1171647,CHEMBL1171647,CCc1c[nH]c2ncnc(N3CC[C@](N)(CNC(=O)c4ccc(F)cc4F)C3)c12,,7.905,2,6.51,9.3,IC50,B,cell-based format;single protein format,mixed,8;9,D;H,2010,,400.4330000000001,2.1361,99.93,3,5,5,4,3,0.35,0.6093583379973848
CHEMBL3649665,CHEMBL3649665,COC(=O)c1ccccc1-c1nc2ccc(-c3cccc(N4CCOCC4)c3)nc2n1-c1ccc(C2(N)CCC2)cc1,,7.9,2,7.9,7.9,IC50,B,single protein format,single_protein,8;9,D;H,2014,,559.6700000000003,5.715600000000005,95.49999999999999,1,7,6,7,5,0.2647058823529412,0.2661300956633159
CHEMBL1966524,CHEMBL1966524,NC(COc1cncc(-c2cc3ccncc3s2)c1)Cc1c[nH]c2ccccc12,,7.9,1,7.9,7.9,Ki,F,assay format,other,8,H,,,400.5070000000001,4.788400000000003,76.82,2,5,6,5,5,0.13043478260869565,0.42964992091249243
CHEMBL5914899,CHEMBL5914899,NC1(C(=O)N[C@H](CCCN2CCCCC2)c2ccc(Cl)cc2)CCN(c2ncnc3[nH]ccc23)CC1,,7.9,2,7.32,8.48,IC50,B,single protein format,single_protein,8,H,2016;2022,,510.08600000000024,4.032600000000003,103.17000000000002,3,6,8,5,3,0.5185185185185185,0.42332018991750014
CHEMBL512135,CHEMBL512135,NCC(NC(=O)c1cc(Br)c(-c2ccnc3[nH]ccc23)s1)c1ccccc1,,7.9,2,7.7,8.1,IC50;Ki,B,single protein format,single_protein,8,H,2009,,441.3540000000001,4.483700000000002,83.79999999999998,3,4,5,4,4,0.1,0.42703020196038244
CHEMBL6064010,CHEMBL6064010,NC1(C(=O)N[C@@H](CCCN2CCCCC2)c2ccc(Cl)cc2)CCN(c2ncnc3[nH]ccc23)CC1,,7.9,2,7.32,8.48,IC50,B,single protein format,single_protein,8,H,2016;2022,,510.08600000000024,4.032600000000003,103.17000000000002,3,6,8,5,3,0.5185185185185185,0.42332018991750014
CHEMBL3935564,CHEMBL3935564,CC1CN(c2cc(=O)[nH]c(CC(=O)Nc3ccc(F)cc3)n2)CCO1,,7.9,4,7.58,8.22,IC50,B,assay format;cell-based format,cell_based,8,H,2015,,346.3620000000001,1.3152999999999997,87.32000000000001,2,5,4,3,2,0.35294117647058826,0.8717169988068332
CHEMBL447114,CHEMBL447114,O=c1[nH]ccc2nc(-c3ccc(CN4CCC(c5nnc(-c6ncccn6)[nH]5)CC4)cc3)c(-c3ccccc3)cc12,,7.895,2,7.64,8.15,IC50,B,single protein format,single_protein,8,H,2008,,540.6310000000002,5.211800000000005,116.34,2,7,6,7,6,0.1875,0.29781251347963533
CHEMBL3672038,CHEMBL3672038,Cc1cccc(-c2nc(C3CN(Cc4ccc(-c5nc6nc(C)cn6cc5-c5ccccc5)cc4)C3)n[nH]2)n1,,7.89,2,7.89,7.89,IC50,B,cell-based format,cell_based,9,D,2015,,512.6210000000002,5.4596400000000065,87.89,1,6,6,7,6,0.1935483870967742,0.31889064020120844
CHEMBL1822054,CHEMBL1822054,CC(=O)Nc1cn2nc(-c3cnc(Cl)c(NS(=O)(=O)c4ccc(F)cc4)c3)ccc2n1,,7.89,1,7.89,7.89,IC50,B,cell-based format,cell_based,9,D,2011,,460.87800000000016,3.3430000000000017,118.35000000000001,2,6,5,4,4,0.05263157894736842,0.44080329853550093
CHEMBL3112864,CHEMBL3112864,CC1CN(C(=O)Cc2nc(N3CCOCC3)cc(=O)[nH]2)c2ccccc21,,7.89,2,7.89,7.89,IC50,B,assay format;cell-based format,cell_based,8;9,D;H,2015,,354.41,1.2992999999999995,78.53,1,5,3,4,2,0.42105263157894735,0.8988529656987453
CHEMBL1773736,CHEMBL1773736,CC(=O)Nc1nc2ccc(-c3cnc(Cl)c(NS(=O)(=O)c4cccc(F)c4)c3)cc2s1,,7.89,1,7.89,7.89,IC50,B,cell-based format,cell_based,9,D,2011,,476.9420000000001,4.910000000000002,101.04999999999998,2,6,5,4,4,0.05,0.39840579712229873
CHEMBL1099281,CHEMBL1099281,CCn1c(-c2nonc2N)nc2c(C#CC(C)(C)O)nc(OC[C@H](C)N)cc21,,7.89,1,7.89,7.89,IC50,B,single protein format,single_protein,8,H,2009,,385.4280000000001,0.9318000000000006,151.13000000000002,3,9,5,3,3,0.4444444444444444,0.5446272607593712
CHEMBL3899172,CHEMBL3899172,N#Cc1c(N)ncnc1N1CCC(c2nc(-c3ccc(F)cc3)cn2CCN2CCCC2)CC1,,7.89,2,7.89,7.89,IC50,B,single protein format,single_protein,8,H,2015,,460.5610000000004,3.412880000000002,99.89,1,7,6,5,3,0.44,0.6016216365810081
CHEMBL1773733,CHEMBL1773733,CC(=O)Nc1nc2ccc(-c3cnc(Cl)c(NS(=O)(=O)c4cccc(C(C)(C)C)c4)c3)cc2s1,,7.89,1,7.89,7.89,IC50,B,cell-based format,cell_based,9,D,2011,,515.0600000000002,6.068400000000004,101.04999999999998,2,6,5,4,4,0.20833333333333334,0.31469718343421954
CHEMBL3932866,CHEMBL3932866,N#Cc1c(N)ncnc1N1CCC(c2nc(-c3ccnc(F)c3)cn2CCN2CCC2)CC1,,7.89,2,7.89,7.89,IC50,B,single protein format,single_protein,8,H,2015,,447.52200000000033,2.4177800000000005,112.77999999999999,1,8,6,5,3,0.43478260869565216,0.5734505928880496
CHEMBL3672052,CHEMBL3672052,Cc1cccc(-c2nc(C3CCN(Cc4ccc(-c5nc6nc(C)nn6cc5-c5cccc(F)c5)cc4)CC3)n[nH]2)n1,,7.89,2,7.89,7.89,IC50,B,cell-based format,cell_based,9,D,2015,,559.653,5.773940000000005,100.78000000000002,1,7,6,7,6,0.25,0.27632879860750365
CHEMBL449989,CHEMBL449989,OCCN1CCN(c2ccc3nc(-c4ccccc4)c(-c4ccc(CN5CCC(c6nnc(-c7ccccn7)[nH]6)CC5)cc4)nc3n2)CC1,,7.89,1,7.89,7.89,IC50,B,single protein format,single_protein,8,H,2008,,652.8069999999999,5.0328000000000035,123.08000000000001,2,10,9,8,6,0.3157894736842105,0.2198670896974307
CHEMBL1234354,CHEMBL1234354,COc1ccc(-c2cc3c(C)nc(N)nc3n([C@H]3CC[C@H](OCCO)CC3)c2=O)cn1,PF-04691502,7.89,1,7.89,7.89,IC50,B,cell-based format,cell_based,9,D,2013,2,425.48900000000026,2.2453200000000004,125.38000000000001,2,8,6,4,3,0.45454545454545453,0.6158991705318289
CHEMBL226744,CHEMBL226744,Cc1n[nH]c2ccc(-c3cncc(OC[C@@H](N)Cc4ccc5c(c4)OC(F)(F)C(F)(F)O5)c3)cc12,,7.89,1,7.89,7.89,IC50,B,single protein format,single_protein,9,D,2007,,488.4410000000001,4.8389200000000026,95.28,2,6,6,5,4,0.25,0.3774260207931241
CHEMBL4546484,CHEMBL4597417,CC(=O)Nc1cccc(-c2ccc3nc(-c4cccnc4N)n(-c4ccc(CN)cc4)c3n2)c1,,7.89,1,7.89,7.89,IC50,B,cell-based format,cell_based,9,D,2016,,449.5180000000002,4.148800000000001,124.74000000000001,3,6,5,5,5,0.07692307692307693,0.37018202244709514
CHEMBL3974261,CHEMBL3974261,Cc1cc(-c2cn(CCNCC(C)C)c(C3CCN(c4ncnc(N)c4C(N)=O)CC3)n2)ccc1F,,7.89,2,7.89,7.89,IC50,B,single protein format,single_protein,8,H,2015,,494.61900000000026,3.09832,127.98,3,7,9,4,3,0.46153846153846156,0.3900386821043711
CHEMBL598194,CHEMBL598194,NC1(C(=O)NCc2ccc(Cl)cc2)CCN(c2ncnc3[nH]ccc23)CC1,,7.89,1,7.89,7.89,IC50,B,single protein format,single_protein,9,D,2013,,384.8710000000001,2.2253999999999996,99.93,3,5,4,4,3,0.3157894736842105,0.6400744783228407
CHEMBL3920419,CHEMBL3920419,CCc1c(N)ncnc1N1CCC(c2nc(-c3ccnc(C(F)(F)F)c3)cn2CCN2CCC2)CC1,,7.89,2,7.89,7.89,IC50,B,single protein format,single_protein,8,H,2015,,500.5730000000003,3.9882000000000035,88.99,1,7,7,5,3,0.52,0.5248201075183462
CHEMBL3701729,CHEMBL3701729,NC1(c2ccc(-c3nc4n(c3-c3ccccc3)COc3ccccc3-4)cc2)CCC1,,7.89,2,7.89,7.89,IC50,B,cell-based format,cell_based,8;9,D;H,2014,,393.4900000000002,5.571900000000004,53.06999999999999,1,3,3,6,4,0.19230769230769232,0.49485433887269936
CHEMBL3983708,CHEMBL3983708,CCC(C)(C)NCCn1cc(-c2ccc(F)c(C(F)(F)F)c2)nc1C1CCN(c2ncnc(N)c2C(N)=O)CC1,,7.89,2,7.89,7.89,IC50,B,single protein format,single_protein,8,H,2015,,562.6160000000001,4.341300000000002,127.97999999999999,3,7,9,4,3,0.48148148148148145,0.33114561665606623
CHEMBL2016887,CHEMBL2016887,Cc1c(NCCN2CCCC2)cc(C(=O)Nc2ccccc2)cc1N1CCN(c2ncnc3[nH]nc(Br)c23)CC1,,7.89,1,7.89,7.89,IC50,B,single protein format,single_protein,8,H,2012,,604.557,4.5104200000000025,105.31000000000002,3,8,8,6,4,0.3793103448275862,0.2700746561534654
CHEMBL3980667,CHEMBL3980667,Cc1ccc(-c2cn(CCN3CCC3)c(C3CCN(c4ncnc(N)c4C#N)CC3)n2)cc1Cl,,7.89,2,7.89,7.89,IC50,B,single protein format,single_protein,8,H,2015,,477.0160000000002,3.845500000000002,99.89,1,7,6,5,3,0.44,0.5763101869350494
CHEMBL226382,CHEMBL226382,C=Cc1n[nH]c2cnc(-c3cncc(OC[C@@H](N)Cc4ccccc4)c3)cc12,,7.89,1,7.89,7.89,IC50,B,single protein format,single_protein,9,D,2007,,371.4440000000001,3.6117000000000017,89.71,2,5,7,4,4,0.13636363636363635,0.517885285451757
CHEMBL593142,CHEMBL593142,Cc1n[nH]c2ccc(-c3cc(OC[C@@H](N)Cc4c[nH]c5ccncc45)cnc3-c3ccoc3)cc12,,7.89,1,7.89,7.89,IC50,B,single protein format,single_protein,8,H,2010,,464.52900000000017,5.018420000000003,118.64,3,6,7,6,6,0.14814814814814814,0.3052868400128892
CHEMBL3672492,CHEMBL3672492,NC(=O)c1cccc(-c2cnc3cc(-c4ccccc4)c(-c4ccc(C5(N)CCC5)cc4)nn23)c1,,7.89,2,7.89,7.89,IC50,B,cell-based format,cell_based,9,D,2015,,459.5530000000003,5.167100000000005,99.3,2,4,5,6,5,0.13793103448275862,0.3788109314452016
CHEMBL502854,CHEMBL502854,Sc1nnc2c3cc(-c4ccccc4)c(-c4ccc(CN5CCC(c6n[nH]c(-c7ccccn7)n6)CC5)cc4)nc3ccn12,,7.885,2,7.77,8.0,IC50,B,cell-based format,cell_based,8;9,D;H,2009,,595.7360000000002,6.459900000000006,100.78,2,8,6,8,7,0.17647058823529413,0.21290139881363462
CHEMBL259753,CHEMBL259753,c1ccc(-c2cc3ncccc3nc2-c2ccc(CN3CCC(c4n[nH]c(-c5ccccn5)n4)CC3)cc2)cc1,,7.885,2,7.52,8.25,IC50,B,cell-based format;single protein format,mixed,8,H,2008,,523.6440000000002,6.5235000000000065,83.48,1,6,6,7,6,0.18181818181818182,0.26746950056461244
CHEMBL444136,CHEMBL444136,O=c1[nH]ccc2nc(-c3ccc(CN4CCC(c5nnc(-c6cnccn6)[nH]5)CC4)cc3)c(-c3ccccc3)cc12,,7.880000000000001,2,7.36,8.4,IC50,B,single protein format,single_protein,8,H,2008,,540.6310000000002,5.211800000000005,116.34,2,7,6,7,6,0.1875,0.29781251347963533
CHEMBL448926,CHEMBL448926,c1ccc(-c2cc3cnc(-n4ccnc4)nc3nc2-c2ccc(CN3CCC(c4nnc(-c5ccccn5)[nH]4)CC3)cc2)cc1,,7.880000000000001,2,7.46,8.3,IC50,B,cell-based format;single protein format,mixed,8,H,2008,,590.6950000000002,6.104200000000005,114.19,1,8,7,8,7,0.17142857142857143,0.23676998084982154
CHEMBL375716,CHEMBL375716,Cc1n[nH]c2ccc(-c3cncc(OC[C@@H](N)Cc4cc(F)cc(C(F)(F)F)c4)c3)cc12,,7.88,1,7.88,7.88,IC50,B,single protein format,single_protein,9,D,2007,,444.432,5.040020000000004,76.82,2,4,6,4,4,0.21739130434782608,0.40871676225094167
CHEMBL607374,CHEMBL607374,Cc1n[nH]c2ccc(-c3cc(OC[C@@H](N)Cc4c[nH]c5cc(F)ccc45)cnc3-c3ccoc3)cc12,,7.88,2,6.66,9.1,IC50,B,cell-based format;single protein format,mixed,8;9,D;H,2010,,481.5310000000002,5.762520000000004,105.75,3,5,7,6,6,0.14285714285714285,0.268722535409265
CHEMBL1632373,CHEMBL1632373,C[C@@H]1SCc2ncnc(N3CCN(C(=O)[C@H](N)Cc4ccc(Cl)cc4)CC3)c21,,7.87,2,6.74,9.0,IC50,B,cell-based format;single protein format,mixed,8,H,2010,,417.9660000000002,2.6564000000000005,75.35000000000001,1,6,4,4,2,0.45,0.8237440317413228
CHEMBL1632368,CHEMBL1632368,CC(C)NCC(Cc1ccc(Cl)c(F)c1)C(=O)N1CCN(c2ncnc3c2[C@H](C)SC3)CC1,,7.869999999999999,2,7.04,8.7,IC50,B,cell-based format;single protein format,mixed,8,H,2010,,492.06400000000036,4.082400000000003,61.36000000000001,1,6,7,4,2,0.5416666666666666,0.629329000554471
CHEMBL4442226,CHEMBL4442226,Cn1ncc(Cl)c1-c1csc(C(=O)N[C@@H]2CNCC[C@H]2c2ccc(Cl)cc2)c1,,7.86,1,7.86,7.86,IC50,B,assay format,other,9,D,2019,,435.3800000000001,4.330900000000002,58.95,2,4,4,4,3,0.3,0.6415608544009294
CHEMBL4450141,CHEMBL4450141,Cn1ncc(Cl)c1-c1ccc(C(=O)N[C@@H]2CNCC[C@H]2c2ccc(Cl)cc2)o1,,7.86,1,7.86,7.86,IC50,B,assay format,other,9,D,2019,,419.31200000000024,3.8624000000000027,72.09,2,4,4,4,3,0.3,0.6738780755590229
CHEMBL2177361,CHEMBL2177361,C[C@@H]1C[C@@H](O)c2ncnc(N3CCN(C(=O)[C@H](CNCC4CC4)c4ccc(C(F)(F)F)c(F)c4)CC3)c21,,7.855,2,7.19,8.52,IC50,B,assay format;cell-based format,cell_based,9,D,2012,,521.5590000000002,3.6071000000000026,81.59,2,6,7,5,2,0.5769230769230769,0.5423001456890354
CHEMBL2016893,CHEMBL2016893,Cc1c(NCCN2CCCC2)cc(C(=O)CCC(F)(F)F)cc1N1CCN(c2ncnc3[nH]nc(Br)c23)CC1,XL-418,7.855,2,6.71,9.0,IC50,B,cell-based format;single protein format,mixed,8;9,D;H,2012,1,609.4949999999999,4.783320000000004,93.28000000000002,2,8,9,5,3,0.5384615384615384,0.335214844669246
CHEMBL3968336,CHEMBL3968336,O=C(Cc1nc(N2CCOCC2)cc(=O)[nH]1)N1c2ccccc2CC1CF,,7.855,4,7.82,7.89,IC50,B,assay format;cell-based format,cell_based,8,H,2015,,372.4000000000001,1.0764,78.53,1,5,4,4,2,0.42105263157894735,0.8688991127795239
CHEMBL5849633,CHEMBL5849633,NC1(C(=O)N[C@@H](CCO)c2ccc(Cl)cc2)CCN(c2ncnc3[nH]nc(Br)c23)CC1,,7.85,1,7.85,7.85,IC50,B,single protein format,single_protein,8,H,2016,,508.8080000000002,2.3064,133.05,4,7,6,4,3,0.4,0.4014127729696857
CHEMBL3688934,CHEMBL3688934,C[C@H]1COCCN1c1nc(N2CCOC[C@@H]2C)c2ccc(-c3cccc(N)c3)nc2n1,,7.85,2,7.85,7.85,IC50,B,single protein format,single_protein,8;9,D;H,2015,,420.5170000000001,2.7241999999999997,89.63,1,8,3,5,3,0.43478260869565216,0.647196621986021
CHEMBL3972162,CHEMBL3972162,Cc1cc(-c2cn(CCN3CCC3)c(C3CCN(c4ncnc(N)c4C(N)=O)CC3)n2)ccc1F,,7.85,2,7.85,7.85,IC50,B,single protein format,single_protein,8,H,2015,,478.5760000000002,2.558420000000001,119.18999999999998,2,7,7,5,3,0.44,0.5355685892375086
CHEMBL2177817,CHEMBL2177817,Nc1ncccc1-c1nc2cccnc2n1-c1ccc(NC(=O)c2ccccc2)cc1,,7.85,1,7.85,7.85,IC50,B,cell-based format,cell_based,8,H,2012,,406.4490000000001,4.317000000000002,98.72,2,5,4,5,5,0.0,0.46316469018401085
CHEMBL5169446,CHEMBL5169446,CC(C)NC[C@@H](C(=O)N1CCN(c2ncnc3c2[C@@H]2C[C@@H]2C(=O)N3)CC1)c1ccc(Cl)cc1,,7.85,1,7.85,7.85,IC50,B,cell-based format,cell_based,9,D,2022,,468.98900000000026,2.6160000000000005,90.46000000000001,2,6,6,5,2,0.5,0.6769230759781051
CHEMBL4216977,CHEMBL4216977,COc1ccc(C2(C(=O)N3CCN(c4ncnc5[nH]cc(Br)c45)CC3)CCNCC2)cc1,,7.85,1,7.85,7.85,IC50,B,single protein format,single_protein,9,D,2017,,499.41300000000024,2.6990000000000007,86.38,2,6,4,5,3,0.43478260869565216,0.5745054727513317
CHEMBL4855657,CHEMBL4855657,NC(=O)c1cccc2c(N[C@H](CN3CCC3)c3cccc(Cl)c3)ncnc12,,7.85,1,7.85,7.85,IC50,B,assay format,other,9,D,2021,,381.867,3.2410000000000023,84.14,2,5,6,4,3,0.25,0.6843401098339312
CHEMBL3973734,CHEMBL3973734,NC(=O)c1c(N)ncnc1N1CCC(c2nc(-c3ccc(F)c(Cl)c3)cn2CCN2CCCC2)CC1,,7.85,2,7.85,7.85,IC50,B,single protein format,single_protein,8,H,2015,,513.0210000000004,3.2935000000000016,119.18999999999998,2,7,7,5,3,0.44,0.4981298114096453
CHEMBL3949501,CHEMBL3949501,NC(=O)c1c(N)ncnc1N1CCC(c2nc(-c3ccc(F)c(C(F)(F)F)c3)cn2CCN2CCC2)CC1,,7.85,2,7.85,7.85,IC50,B,single protein format,single_protein,8,H,2015,,532.5460000000002,3.2688000000000015,119.18999999999998,2,7,7,5,3,0.44,0.44850398264508134
CHEMBL3701748,CHEMBL3701748,NC1(c2ccc(-c3nc4n(c3-c3ccccc3)COc3ccncc3-4)cc2)CCC1,,7.85,2,7.85,7.85,IC50,B,cell-based format,cell_based,8;9,D;H,2014,,394.4780000000002,4.966900000000003,65.96,1,4,3,6,4,0.2,0.5329126873193668
CHEMBL3699774,CHEMBL3699774,Cc1cc(C(N)=O)cn2c(-c3ccccc3)c(-c3ccc(C4(N)CCC4)cc3)nc12,,7.85,2,7.85,7.85,IC50,B,single protein format,single_protein,8;9,D;H,2015,,396.49400000000026,4.413520000000003,86.41,2,3,4,5,4,0.2,0.5354990186281832
CHEMBL3981380,CHEMBL3981380,COC1(C)CCN(c2cnc(C(=O)Nc3csc(-c4nncn4C4CC4)n3)cc2-n2cnc(C3CC3)c2)CC1,,7.85,2,7.85,7.85,IC50,B,single protein format,single_protein,8,H,2015,,545.6730000000002,4.452200000000004,115.87999999999998,1,9,8,7,4,0.48148148148148145,0.34524705051462723
CHEMBL3696296,CHEMBL3696296,C#Cc1cc(NC(=O)Cc2nc(N3CCOCC3)cc(=O)[nH]2)ccc1F,,7.85,2,7.85,7.85,IC50,B,assay format;cell-based format,cell_based,8;9,D;H,2015,,356.35699999999997,0.9080999999999995,87.32,2,5,4,3,2,0.2777777777777778,0.795402587389983
CHEMBL3672082,CHEMBL3672082,Cc1cccc(-c2nc(C3CN(Cc4ccc(-c5nc6nc(-c7ccccn7)nn6c(NC(C)C)c5-c5ccccc5)cc4)C3)n[nH]2)n1,,7.85,2,7.85,7.85,IC50,B,cell-based format,cell_based,9,D,2015,,633.7640000000001,6.428520000000008,125.7,2,9,9,8,7,0.21621621621621623,0.1850072593626175
CHEMBL227326,CHEMBL227326,Cc1n[nH]c2ccc(-c3cncc(OC[C@@H](N)Cc4cccc5c4OC(F)(F)O5)c3)cc12,,7.85,1,7.85,7.85,IC50,B,single protein format,single_protein,9,D,2007,,438.4340000000001,4.203620000000003,95.28,2,6,6,5,4,0.21739130434782608,0.4684807350911376
CHEMBL3672073,CHEMBL3672073,COc1nn2cc(-c3c(F)cccc3F)c(-c3ccc(CN4CC(c5n[nH]c(-c6ccccn6)n5)C4)cc3)nc2c1CO,,7.85,2,7.85,7.85,IC50,B,cell-based format,cell_based,9,D,2015,,580.5990000000002,4.6219000000000054,117.35000000000001,2,8,8,7,6,0.1935483870967742,0.2679296974870397
CHEMBL3672029,CHEMBL3672029,COC(=O)c1cnn2cc(-c3c(F)cccc3F)c(-c3ccc(CN4CC(c5n[nH]c(-c6ccccn6)n5)C4)cc3)nc12,,7.85,2,7.85,7.85,IC50,B,cell-based format,cell_based,9,D,2015,,578.5830000000001,4.907600000000004,114.19,1,8,7,7,6,0.16129032258064516,0.26607880344078744
CHEMBL1080913,CHEMBL1080913,Cc1n[nH]c2ccc(-c3nnc(NC[C@@H](N)Cc4ccc(F)c(F)c4)s3)cc12,,7.85,1,7.85,7.85,IC50,B,single protein format,single_protein,8,H,2010,,400.458,3.6499200000000016,92.50999999999999,3,6,6,4,4,0.21052631578947367,0.4594495513159409
CHEMBL3982415,CHEMBL3982415,Nc1ncnc(N2CCC(c3nc(-c4ccc(F)c(C(F)(F)F)c4)cn3CCN3CCCC3)CC2)c1Br,,7.85,2,7.85,7.85,IC50,B,single protein format,single_protein,8,H,2015,,582.4440000000004,5.322500000000005,76.10000000000001,1,6,6,5,3,0.48,0.39687421428992864
CHEMBL3672530,CHEMBL3672530,NC1(c2ccc(-c3nc4c5ccc(-c6ccc(O)nc6)cc5nn4cc3-c3ccccc3)cc2)CCC1,,7.85,2,7.85,7.85,IC50,B,single protein format,single_protein,8;9,D;H,2015,,483.5750000000003,6.3220000000000045,89.33,2,5,4,7,6,0.12903225806451613,0.3061572122658789
CHEMBL576135,CHEMBL576135,Cc1n[nH]c2cnc(-c3cncc(OC[C@@H](N)Cc4cccc5c4OC(F)(F)O5)c3)cc12,,7.85,1,7.85,7.85,IC50,B,single protein format,single_protein,8,H,2009,,439.42200000000014,3.5986200000000013,108.17,2,7,6,5,4,0.22727272727272727,0.4725702803337927
CHEMBL5786800,CHEMBL5786800,Cc1c[nH]c2ncnc(N3CCC(N)(C(=O)N[C@@H](CCO)c4ccc(Cl)cc4)CC3)c12,,7.85,1,7.85,7.85,IC50,B,single protein format,single_protein,8,H,2016,,442.9510000000002,2.45732,120.16000000000001,4,6,6,4,3,0.4090909090909091,0.4651003613073163
CHEMBL3911266,CHEMBL3911266,CC1(C)CN(C(=O)Cc2nc(N3CCOCC3)cc(=O)[nH]2)c2cccc(Cl)c21,,7.85,2,7.85,7.85,IC50,B,assay format;cell-based format,cell_based,8,H,2015,,402.882,2.1267999999999994,78.53,1,5,3,4,2,0.45,0.8503938665447626
CHEMBL1257177,CHEMBL1257177,COc1ccc(-c2nc3c(C)nc(N)nc3n([C@H]3CC[C@H](O)CC3)c2=O)cn1,,7.84,1,7.84,7.84,IC50,B,cell-based format,cell_based,9,D,2010,,382.42400000000015,1.6237199999999998,129.04000000000002,2,8,3,4,3,0.42105263157894735,0.6990334828141578
CHEMBL447348,CHEMBL447348,CN(C)C(=O)N1CCN(c2ncc3cc(-c4ccccc4)c(-c4ccc(CN5CCC(c6nnc(-c7ccccn7)[nH]6)CC5)cc4)nc3n2)CC1,,7.82,2,7.75,7.89,IC50,B,cell-based format;single protein format,mixed,8,H,2008,,679.8329999999999,5.722100000000005,123.16000000000003,1,9,7,8,6,0.3076923076923077,0.225701314658927
CHEMBL3926535,CHEMBL3926535,NCCn1cc(-c2ccc(F)c(C(F)(F)F)c2)nc1C1CCN(c2ncnc(N)c2C(N)=O)CC1,,7.82,2,7.82,7.82,IC50,B,single protein format,single_protein,8,H,2015,,492.4810000000003,2.5218,141.97,3,7,6,4,3,0.36363636363636365,0.44899881951795206
CHEMBL6028545,CHEMBL6028545,NC1(c2ccc(-c3nc4c(-c5cc[nH]n5)ccnn4c3-c3ccccc3)cc2)CCC1,,7.82,1,7.82,7.82,IC50,B,single protein format,single_protein,8,H,2017,,406.4930000000002,4.791300000000003,84.89,2,4,4,6,5,0.16,0.44928876125426376
CHEMBL6065650,CHEMBL6065650,NC1(c2ccc(-c3nc4c(-c5cc[nH]n5)cc(Cl)nn4c3-c3ccccc3)cc2)CCC1,,7.82,1,7.82,7.82,IC50,B,single protein format,single_protein,8,H,2017,,440.9380000000002,5.444700000000003,84.89,2,4,4,6,5,0.16,0.3891027972200863
CHEMBL594749,CHEMBL594749,Cc1n[nH]c2ccc(-c3cc(OC[C@@H](N)Cc4ccccc4)cnc3-c3ccc[nH]3)cc12,,7.82,1,7.82,7.82,IC50,B,single protein format,single_protein,8,H,2010,,423.52000000000004,4.877220000000003,92.60999999999999,3,4,7,5,5,0.15384615384615385,0.34790286621720223
CHEMBL3955767,CHEMBL3955767,NC(=O)c1c(N)ncnc1N1CCC(c2nc(-c3ccc(F)c(C(F)(F)F)c3)cn2CCN2CCCC2)CC1,,7.82,2,7.82,7.82,IC50,B,single protein format,single_protein,8,H,2015,,546.5730000000001,3.6589000000000027,119.18999999999998,2,7,7,5,3,0.46153846153846156,0.4343376081096676
CHEMBL4875495,CHEMBL5029027,Cn1nccc1-c1ccc(C(=O)N[C@@H]2CNCC[C@H]2c2cc(F)cc(F)c2)c(Cl)c1,,7.82,1,7.82,7.82,IC50,B,cell-based format,cell_based,9,D,2021,,430.8860000000001,3.8942000000000023,58.95,2,3,4,4,3,0.2727272727272727,0.6597707750662801
CHEMBL3954073,CHEMBL3954073,C=C(C)c1c(N)ncnc1N1CCC(c2nc(-c3ccc(F)c(C(F)(F)F)c3)cn2CCN(C)C)CC1,,7.82,2,7.82,7.82,IC50,B,single protein format,single_protein,8,H,2015,,517.5750000000002,5.058900000000006,76.10000000000001,1,6,7,4,3,0.4230769230769231,0.4418827896347366
CHEMBL454859,CHEMBL454859,CN(C)C1CCN(c2ncc3cc(-c4ccccc4)c(-c4ccc(CN5CCC(c6nnc(-c7ccccn7)[nH]6)CC5)cc4)nc3n2)CC1,,7.82,2,7.64,8.0,IC50,B,cell-based format;single protein format,mixed,8,H,2008,,650.8349999999999,6.448900000000006,102.85,1,9,8,8,6,0.3333333333333333,0.19916014379139588
CHEMBL226529,CHEMBL226529,Cc1n[nH]c2ccc(-c3cncc(OC[C@@H](N)Cc4ccccc4OC(F)(F)F)c3)cc12,,7.82,1,7.82,7.82,IC50,B,single protein format,single_protein,9,D,2007,,442.44100000000003,4.780720000000003,86.05,2,5,7,4,4,0.21739130434782608,0.4302390389765871
CHEMBL3943038,CHEMBL3943038,Cc1cc(-c2cn(CC3CNC3)c(C3CCN(c4ncnc(N)c4C#N)CC3)n2)ccc1F,,7.82,2,7.82,7.82,IC50,B,single protein format,single_protein,8,H,2015,,446.53400000000016,2.844900000000001,108.67999999999999,2,7,5,5,3,0.4166666666666667,0.6202668476340335
CHEMBL3936879,CHEMBL3936879,CCc1cc(-c2cn(CCN3CCC3)c(C3CCN(c4ncnc(N)c4C#N)CC3)n2)ccn1,,7.82,2,7.82,7.82,IC50,B,single protein format,single_protein,8,H,2015,,457.5860000000002,2.8410800000000007,112.78,1,8,7,5,3,0.48,0.5762413150240623
CHEMBL3675415,CHEMBL3675415,CNCC(Nc1ncnc2c(C(N)=O)cccc12)c1cccc(F)c1,,7.82,1,7.82,7.82,IC50,B,assay format,other,9,D,2021,,339.374,2.2404,92.93,3,5,6,3,3,0.16666666666666666,0.6403652826569805
CHEMBL247797,CHEMBL247797,CNC(=O)Nc1ccc(CNc2c(C(=O)Nc3ccc(SC(F)(F)F)cc3)cnn2C)cn1,,7.82,1,7.82,7.82,IC50,B,single protein format,single_protein,8,H,2007,,479.48800000000006,4.042700000000002,112.97000000000001,4,6,7,3,3,0.2,0.38063684576913487
CHEMBL3672554,CHEMBL3672554,NC1(c2ccc(-c3nc4c5ccc(-c6ccn[nH]6)cc5nn4cc3-c3ccccc3)cc2)CCC1,,7.82,2,7.82,7.82,IC50,B,single protein format,single_protein,8;9,D;H,2015,,456.5530000000003,5.944500000000003,84.89,2,4,4,7,6,0.13793103448275862,0.3435256470626668
CHEMBL3975681,CHEMBL3975681,Cc1cc(-c2cn(CCNC(C)C)c(C3CCN(c4ncnc(N)c4C(N)=O)CC3)n2)ccc1F,,7.82,2,7.82,7.82,IC50,B,single protein format,single_protein,8,H,2015,,480.59200000000027,2.850720000000001,127.98,3,7,8,4,3,0.44,0.45221083979565063
CHEMBL3696307,CHEMBL3696307,O=C(Cc1nc(N2CCOCC2)cc(=O)[nH]1)Nc1cccc2sccc12,,7.82,2,7.82,7.82,IC50,B,assay format;cell-based format,cell_based,8;9,D;H,2015,,370.4340000000001,2.0023999999999997,87.32000000000001,2,6,4,4,3,0.2777777777777778,0.7335014049943642
CHEMBL380196,CHEMBL380196,Nc1c(-c2cncc(OC[C@@H](N)Cc3c[nH]c4ccccc34)c2)ccc2cnccc12,,7.82,1,7.82,7.82,IC50,B,single protein format,single_protein,9,D,2006,,409.4930000000001,4.309100000000002,102.83999999999999,3,5,6,5,5,0.12,0.36272845305385554
CHEMBL3701771,CHEMBL3701771,CN(C)C(=O)c1ccc2c(c1)OCn1c-2nc(-c2ccc(C3(N)CC(C)(O)C3)cc2)c1-c1ccccc1,,7.82,2,7.82,7.82,IC50,B,cell-based format,cell_based,8;9,D;H,2014,,494.59500000000025,4.634600000000003,93.61,2,5,4,6,4,0.26666666666666666,0.4313516834347371
CHEMBL3893935,CHEMBL3893935,C[C@H]1Cc2ccccc2N1C(=O)Cc1nc(N2CCOCC2)c(F)c(=O)[nH]1,,7.82,2,7.82,7.82,IC50,B,assay format;cell-based format,cell_based,8,H,2015,,372.40000000000003,1.2659,78.53,1,5,3,4,2,0.42105263157894735,0.8778468936047334
CHEMBL595476,CHEMBL595476,Cc1n[nH]c2ccc(-c3cc(OC[C@@H](N)Cc4ccccc4)cnc3-c3ccccc3O)cc12,,7.82,1,7.82,7.82,IC50,B,single protein format,single_protein,8,H,2010,,450.5420000000001,5.254720000000004,97.05,3,5,7,5,5,0.14285714285714285,0.3144516024829322
CHEMBL407718,CHEMBL407718,Fc1ccc2c(c1)C1(CCNCC1)CN2c1ncnc2[nH]ccc12,,7.8149999999999995,2,7.12,8.51,IC50,B,cell-based format;single protein format,mixed,8;9,D;H,2008,,323.375,2.8699000000000003,56.839999999999996,2,4,1,5,3,0.3333333333333333,0.7229101381179597
CHEMBL253693,CHEMBL253693,CSc1ncc2cc(-c3ccccc3)c(-c3ccc(CN4CCC(n5ncc6c(N)ncnc65)CC4)cc3)nc2n1,,7.8100000000000005,2,7.22,8.4,IC50,B,cell-based format;single protein format,mixed,8;9,D;H,2008,,559.7030000000003,5.639700000000007,111.53,1,9,6,7,6,0.22580645161290322,0.20463084548473057
CHEMBL3982597,CHEMBL3982597,CC1Cc2c(Br)cccc2N1C(=O)Cc1nc(N2CCOCC2)c(F)c(=O)n1C,,7.8100000000000005,4,7.8,7.82,IC50,B,assay format;cell-based format,cell_based,8,H,2015,,465.3230000000003,2.0387999999999993,67.67,0,5,3,4,2,0.45,0.6945341315867167
CHEMBL3896158,CHEMBL3896158,CC1Cc2ccc(F)cc2N1C(=O)Cc1nc(N2CCOCC2)cc(=O)[nH]1,,7.8100000000000005,4,7.57,8.05,IC50,B,assay format;cell-based format,cell_based,8,H,2015,,372.4000000000002,1.2658999999999998,78.53,1,5,3,4,2,0.42105263157894735,0.8778468936047333
CHEMBL3964685,CHEMBL3964685,O=C(Cc1nc(N2CCOCC2)cc(=O)[nH]1)N1c2ccccc2CC1C1CC1,,7.8100000000000005,4,7.32,8.3,IC50,B,assay format;cell-based format,cell_based,8,H,2015,,380.44800000000015,1.5169,78.53,1,5,4,5,2,0.47619047619047616,0.870101331202569
CHEMBL449964,CHEMBL449964,Clc1ccc2c(c1)C1(CCNCC1)CN2c1ncnc2[nH]ccc12,,7.805,2,7.29,8.32,IC50,B,cell-based format;single protein format,mixed,8;9,D;H,2008,,339.83,3.3842000000000017,56.839999999999996,2,4,1,5,3,0.3333333333333333,0.7132773885367304
CHEMBL3916147,CHEMBL3916147,CC1Cc2c(ccc(F)c2F)N1C(=O)Cc1nc(N2CCOCC2)cc(=O)n1C,,7.805,4,7.72,7.89,IC50,B,assay format;cell-based format,cell_based,8,H,2015,,404.4170000000002,1.4154,67.67,0,5,3,4,2,0.45,0.7741353703535487
CHEMBL3701719,CHEMBL3701719,NC1(c2ccc(-c3nc4n(c3-c3ccccc3)COc3cccc(F)c3-4)cc2)CCC1,,7.8,2,7.8,7.8,IC50,B,cell-based format,cell_based,8;9,D;H,2014,,411.4800000000002,5.711000000000004,53.06999999999999,1,3,3,6,4,0.19230769230769232,0.4696959045938472
CHEMBL3699788,CHEMBL3699788,C[C@@H]1CN(C(=O)Cc2nc(N3CCOCC3)cc(=O)[nH]2)c2ccccc21,,7.8,2,7.8,7.8,IC50,B,assay format;cell-based format,cell_based,8;9,D;H,2015,,354.41,1.2992999999999995,78.53,1,5,3,4,2,0.42105263157894735,0.8988529656987453
CHEMBL3923786,CHEMBL3923786,C=C(C)c1c(N)ncnc1N1CCC(c2nc(-c3ccc(F)c(C(F)(F)F)c3)cn2CCN2CCCCC2)CC1,,7.8,2,7.8,7.8,IC50,B,single protein format,single_protein,8,H,2015,,557.64,5.983200000000006,76.10000000000001,1,6,7,5,3,0.4827586206896552,0.3602735056413081
CHEMBL5921561,CHEMBL5921561,C[C@H](NC(=O)C1(N)CCN(c2ncnc3[nH]ccc23)CC1)c1ccc(C(F)(F)F)cc1,,7.8,1,7.8,7.8,IC50,B,single protein format,single_protein,8,H,2016,,432.4500000000002,3.1518000000000024,99.93,3,5,4,4,3,0.38095238095238093,0.5882227025445913
CHEMBL470192,CHEMBL470192,NCC(NC(=O)c1ccc(-c2c[nH]c3ncccc23)s1)c1ccccc1,,7.8,1,7.8,7.8,IC50,B,single protein format,single_protein,8,H,2009,,362.458,3.7212000000000023,83.8,3,4,5,4,4,0.1,0.5058069716814868
CHEMBL5996984,CHEMBL5996984,N#Cc1ccc([C@H](CCO)NC(=O)C2(N)CCN(c3ncnc4[nH]ccc34)CC2)cc1,,7.8,1,7.8,7.8,IC50,B,single protein format,single_protein,8,H,2016,,419.48900000000015,1.3671799999999994,143.95,4,7,6,4,3,0.36363636363636365,0.4721606291083343
CHEMBL2325735,CHEMBL2325735,CS(=O)(=O)NCC(NC(=O)C1(N)CCN(c2ncnc3[nH]ccc23)CC1)c1ccc(Cl)cc1,,7.8,1,7.8,7.8,IC50,B,single protein format,single_protein,9,D,2013,,492.0050000000002,1.3157000000000008,146.1,4,7,7,4,3,0.38095238095238093,0.38942997264759216
CHEMBL226848,CHEMBL226848,N[C@H](COc1cncc(-c2ccc3c(c2)CC(=O)N3)c1)Cc1ccccc1,,7.8,1,7.8,7.8,IC50,B,single protein format,single_protein,8,H,2009,,359.4290000000001,3.192000000000002,77.24000000000001,2,4,6,4,3,0.18181818181818182,0.7085310328598511
CHEMBL3940462,CHEMBL3940462,CNCCn1cc(-c2ccc(F)c(C)c2)nc1C1CCN(c2ncnc(N)c2C(N)=O)CC1,,7.8,2,7.8,7.8,IC50,B,single protein format,single_protein,8,H,2015,,452.5380000000003,2.0721199999999995,127.97999999999999,3,7,7,4,3,0.391304347826087,0.5005818103707707
CHEMBL1171840,CHEMBL1171840,Cc1c[nH]c2ncnc(N3CCC(N)(CNC(=O)Oc4ccccc4)C3)c12,,7.8,1,7.8,7.8,IC50,B,single protein format,single_protein,8,H,2010,,366.42500000000007,1.962519999999999,109.16000000000001,3,6,4,4,3,0.3157894736842105,0.6512083642922402
CHEMBL3939097,CHEMBL3939097,CCc1c(N)ncnc1N1CCC(c2nc(-c3cccc(Cl)c3)cn2CCN2CCC2)CC1,,7.8,2,7.8,7.8,IC50,B,single protein format,single_protein,8,H,2015,,466.03300000000036,4.227800000000004,76.10000000000001,1,6,7,5,3,0.48,0.5623793831228708
CHEMBL5747730,CHEMBL5747730,CNC(=O)c1cc(-c2ncc[nH]2)c2nc(-c3ccc(C4(N)CCC4)cc3)c(-c3ccccc3)n2n1,,7.8,1,7.8,7.8,IC50,B,single protein format,single_protein,8,H,2017,,463.5450000000003,4.150900000000002,113.99,3,5,5,6,5,0.18518518518518517,0.36229003261338233
CHEMBL5783920,CHEMBL5783920,Nc1ncc(-c2cc(S(=O)(=O)c3ccccc3Cl)cc(N3CCOCC3)n2)cn1,,7.8,1,7.8,7.8,IC50,B,cell-based format,cell_based,8,H,2022,,431.9050000000002,2.4436,111.3,1,8,4,4,3,0.21052631578947367,0.669969683840586
CHEMBL3899097,CHEMBL3899097,Cc1cc(-c2cn(CC3CNC3)c(C3CCC(c4ncnc(N)c4C(C)C)CC3)n2)ccc1F,,7.8,2,7.8,7.8,IC50,B,single protein format,single_protein,8,H,2015,,462.6170000000002,5.1540200000000045,81.65,2,5,6,5,3,0.5185185185185185,0.5291733019673188
CHEMBL3672538,CHEMBL3672538,NC1(c2ccc(-c3nc4c5cc(-c6cccc(CO)c6)ccc5nn4cc3-c3ccccc3)cc2)CCC1,,7.8,2,7.8,7.8,IC50,B,single protein format,single_protein,8;9,D;H,2015,,496.61400000000026,6.7137000000000056,76.44,2,4,5,7,6,0.15151515151515152,0.2779706957207122
CHEMBL3974191,CHEMBL3974191,C=Cc1c(N)ncnc1N1CCC(c2nc(-c3ccc(F)cc3)cn2CCN2CCCC2)CC1,,7.8,2,7.8,7.8,IC50,B,single protein format,single_protein,8,H,2015,,461.58900000000034,4.184200000000003,76.10000000000001,1,6,7,5,3,0.4230769230769231,0.5688133867814297
CHEMBL3672527,CHEMBL3672527,NC(=O)c1cccc(-c2ccc3c(c2)nn2cc(-c4ccccc4)c(-c4ccc(C5(N)CCC5)cc4)nc32)c1,,7.8,2,7.8,7.8,IC50,B,single protein format,single_protein,8;9,D;H,2015,,509.6130000000003,6.320300000000005,99.3,2,4,5,7,6,0.12121212121212122,0.2840042114096308
CHEMBL3672071,CHEMBL3672071,CNc1c(-c2ccccc2)c(-c2ccc(CN3CC(c4n[nH]c(-c5ccccn5)n4)C3)cc2)nc2nc(C)cn12,,7.8,2,7.8,7.8,IC50,B,cell-based format,cell_based,9,D,2015,,527.6360000000002,5.192920000000004,99.92,2,7,7,7,6,0.1935483870967742,0.2946105901292169
CHEMBL5832331,CHEMBL5832331,NC1(C(=O)N[C@@H](CCO)c2ccc(Cl)cc2)CCN(c2ncnc3[nH]cc(C4CC4)c23)CC1,,7.8,1,7.8,7.8,IC50,B,single protein format,single_protein,8,H,2016,,468.9890000000003,3.026300000000001,120.16,4,6,7,5,3,0.4583333333333333,0.42274743630673073
CHEMBL3968655,CHEMBL3968655,Nc1ncnc(N2CCC(c3nc(-c4ccc(Cl)c(F)c4)cn3CCN3CCCC3)CC2)c1Br,,7.8,2,7.8,7.8,IC50,B,single protein format,single_protein,8,H,2015,,548.8920000000005,4.957100000000005,76.10000000000001,1,6,6,5,3,0.4583333333333333,0.4694148242719979
CHEMBL3980688,CHEMBL3980688,CCc1c(N)ncnc1N1CCC(c2nc(-c3cccc(OC(F)(F)F)c3)cn2CCN2CCC2)CC1,,7.8,2,7.8,7.8,IC50,B,single protein format,single_protein,8,H,2015,,515.5840000000003,4.473000000000003,85.33,1,7,8,5,3,0.5,0.4737553680509958
CHEMBL5316196,CHEMBL5316196,COc1cccc2c1OCn1c-2nc(-c2ccc(C3(N)CC(O)(C4CC4)C3)cc2)c1-c1ccccc1,,7.8,2,7.8,7.8,IC50,B,cell-based format,cell_based,8;9,D;H,2014,,479.58000000000027,5.331500000000004,82.53,2,5,5,7,4,0.3,0.4042439854251277
CHEMBL594309,CHEMBL594309,Cc1n[nH]c2ccc(-c3cc(OC[C@@H](N)Cc4c[nH]c5c(F)cccc45)cnc3-c3ccoc3)cc12,,7.79,2,6.58,9.0,IC50,B,cell-based format;single protein format,mixed,8;9,D;H,2010,,481.5310000000002,5.762520000000004,105.75,3,5,7,6,6,0.14285714285714285,0.268722535409265
CHEMBL3964324,CHEMBL3964324,CC1Cc2c(OC(F)F)cccc2N1C(=O)Cc1nc(N2CCOCC2)cc(=O)[nH]1,,7.79,4,7.48,8.1,IC50,B,assay format;cell-based format,cell_based,8,H,2015,,420.4160000000002,1.7281999999999997,87.75999999999999,1,6,5,4,2,0.45,0.7928559605510639
CHEMBL3672012,CHEMBL3672012,c1ccc(-c2cn3ccnc3nc2-c2ccc(CN3CCC(c4cnc5ccccc5n4)CC3)cc2)cc1,,7.78,4,7.16,8.4,IC50,B,cell-based format,cell_based,9,D,2015,,496.6180000000003,6.386100000000006,59.21,0,5,5,7,6,0.1875,0.2769326316735096
CHEMBL3923440,CHEMBL3923440,CCc1c(N)ncnc1N1CCC(c2nc(-c3ccnc(Cl)c3)cn2CCN2CCC2)CC1,,7.78,2,7.78,7.78,IC50,B,single protein format,single_protein,8,H,2015,,467.0210000000003,3.6228000000000025,88.99,1,7,7,5,3,0.5,0.5316200866908853
CHEMBL3897233,CHEMBL3897233,Nc1ncnc(N2CCC(c3nc(-c4ccc(F)c(C(F)(F)F)c4)cn3CC3CNC3)CC2)c1Cl,,7.78,2,7.78,7.78,IC50,B,single protein format,single_protein,8,H,2015,,509.9390000000002,4.337000000000003,84.89000000000001,2,6,5,5,3,0.43478260869565216,0.49783023471998034
CHEMBL2178597,CHEMBL2178597,C[C@@H]1C[C@@H](O)c2ncnc(N3CCN(C(=O)[C@H](CNC(C)(C)C)c4ccc(C(F)(F)F)c(F)c4)CC3)c21,,7.779999999999999,2,7.04,8.52,IC50,B,assay format;cell-based format,cell_based,9,D,2012,,523.5750000000002,3.995600000000003,81.59,2,6,5,4,2,0.5769230769230769,0.5771823451872501
CHEMBL2178598,CHEMBL2178598,C[C@@H]1C[C@@H](O)c2ncnc(N3CCN(C(=O)[C@H](CNC(C)(C)CO)c4ccc(C(F)(F)F)c(F)c4)CC3)c21,,7.775,2,7.33,8.22,IC50,B,assay format;cell-based format,cell_based,9,D,2012,,539.5740000000001,2.9680000000000017,101.82000000000001,3,7,7,4,2,0.5769230769230769,0.46536166606161833
CHEMBL3127378,CHEMBL3127378,Nc1ncnc(N2CCN(C(=O)C(N)Cc3ccc(Cl)cc3)CC2)c1Cl,,7.77,2,7.77,7.77,IC50,B,single protein format,single_protein,9,D,2014,,395.2940000000001,1.584200000000001,101.36999999999999,2,6,4,3,2,0.35294117647058826,0.815434778091286
CHEMBL5814619,CHEMBL5814619,CSc1ccc2nc(-c3ccc(C4(N)CCC4)cc3)c(-c3ccccc3)n2n1,,7.77,1,7.77,7.77,IC50,B,single protein format,single_protein,8,H,2017,,386.524,5.123100000000004,56.209999999999994,1,4,4,5,4,0.21739130434782608,0.4944901429763758
CHEMBL3699758,CHEMBL3699758,Cc1cc(Br)c2nc(-c3ccc(C4(N)CCC4)cc3)c(-c3ccccc3)n2c1,,7.77,2,7.77,7.77,IC50,B,single protein format,single_protein,8;9,D;H,2015,,432.36500000000024,6.077120000000005,43.31999999999999,1,2,3,5,4,0.20833333333333334,0.42664709107707377
CHEMBL1760760,CHEMBL1760760,CCOCCN(C[C@@H](O)CN1CCC2(CCN(c3ncnc4[nH]nc(C)c34)C2)C1)S(=O)(=O)c1c(C)cccc1C,,7.77,1,7.77,7.77,IC50,B,single protein format,single_protein,8,H,2011,,571.7480000000003,2.2686600000000006,127.78,2,9,11,5,3,0.6071428571428571,0.3332373039441942
CHEMBL3672529,CHEMBL3672529,NC1(c2ccc(-c3nc4c5ccc(-c6cn[nH]c6)cc5nn4cc3-c3ccccc3)cc2)CCC1,,7.77,2,7.77,7.77,IC50,B,single protein format,single_protein,8;9,D;H,2015,,456.5530000000003,5.944500000000003,84.89,2,4,4,7,6,0.13793103448275862,0.3435256470626668
CHEMBL503980,CHEMBL503980,C[C@@H]1CN(c2ncc3cc(-c4ccccc4)c(-c4ccc(CN5CCC(c6nnc(-c7ccccn7)[nH]6)CC5)cc4)nc3n2)CCN1,,7.77,2,7.44,8.1,IC50,B,cell-based format;single protein format,mixed,8,H,2008,,622.7810000000001,5.716600000000006,111.64000000000001,2,9,7,8,6,0.2972972972972973,0.23105651728036422
CHEMBL5712045,CHEMBL5712045,C=CC(=O)Nc1ccccc1C(=O)NC1CCN(Cc2ccc(-c3nc4cc[nH]c(=O)c4cc3-c3ccccc3)cc2)CC1,,7.77,4,6.78,8.39,IC50;Ki,B,cell-based format;single protein format,mixed,8;9,D;H,2019;2020,,583.6920000000001,5.776000000000005,107.19,3,5,8,6,5,0.16666666666666666,0.20100535426169494
CHEMBL1760772,CHEMBL1760772,Nc1ncnc(N2CC[C@@]3(CCCN(C[C@H](O)CNS(=O)(=O)c4ccccc4Br)C3)C2)c1C1CC1,,7.77,1,7.77,7.77,IC50,B,single protein format,single_protein,8,H,2011,,565.5379999999999,2.3304,124.68,3,8,8,5,2,0.5833333333333334,0.44579450394030945
CHEMBL3696293,CHEMBL3696293,O=C(Cc1nc(N2CCOCC2)cc(=O)[nH]1)Nc1cccc2occc12,,7.77,2,7.77,7.77,IC50,B,assay format;cell-based format,cell_based,8;9,D;H,2015,,354.3660000000001,1.5338999999999994,100.46000000000001,2,6,4,4,3,0.2777777777777778,0.7369851570171564
CHEMBL4871853,CHEMBL4871853,NC(=O)c1cccc2c(N[C@H](CN3CCC3)c3ccc(C(F)(F)F)cc3)ncnc12,,7.77,1,7.77,7.77,IC50,B,assay format,other,9,D,2021,,415.419,3.6064000000000025,84.14,2,5,6,4,3,0.2857142857142857,0.6426992988329812
CHEMBL3699753,CHEMBL3699753,CCOC(=O)c1cc(Br)c2nc(-c3ccc(C4(N)CCC4)cc3)c(-c3ccccc3)n2c1,,7.77,2,7.77,7.77,IC50,B,single protein format,single_protein,8;9,D;H,2015,,490.40100000000024,5.945400000000005,69.61999999999999,1,4,5,5,4,0.23076923076923078,0.35150641089269247
CHEMBL1081104,CHEMBL1081104,N[C@H](CNc1cc(-c2ccc3cnccc3c2)no1)Cc1ccc(C(F)(F)F)cc1,,7.77,1,7.77,7.77,IC50,B,single protein format,single_protein,8,H,2010,,412.4150000000001,4.890500000000003,76.97,2,5,6,4,4,0.18181818181818182,0.47153859093882416
CHEMBL4576518,CHEMBL4597165,NCc1ccc(-n2c(-c3cccnc3N)nc3ccc(-c4cn[nH]c4)nc32)cc1,,7.77,1,7.77,7.77,IC50,B,cell-based format,cell_based,9,D,2016,,382.4310000000001,2.913500000000001,124.32000000000001,3,6,4,5,5,0.047619047619047616,0.43889191799802074
CHEMBL1170262,CHEMBL1170262,N#Cc1c[nH]c2ncnc(N3CC[C@](N)(CNC(=O)c4ccc(Cl)cc4)C3)c12,,7.76,1,7.76,7.76,IC50,B,single protein format,single_protein,8,H,2010,,395.8540000000001,1.8205800000000005,123.72,3,6,4,4,3,0.2631578947368421,0.6186119277817917
CHEMBL6010915,CHEMBL6010915,NC1(C(=O)N[C@H](CCO)c2ccc(Cl)cc2)CCN(c2ncnc3[nH]ccc23)CC1,,7.76,2,7.03,8.49,IC50,B,single protein format,single_protein,8,H,2016,,428.9240000000002,2.1489000000000003,120.16,4,6,6,4,3,0.38095238095238093,0.4771433854195004
CHEMBL4554683,CHEMBL4554683,Cn1ncc(Cl)c1-c1cc(C(=O)N[C@@H]2CNCC[C@H]2c2ccc(Cl)cc2)oc1Cl,,7.76,1,7.76,7.76,IC50,B,assay format,other,9,D,2019,,453.7570000000002,4.515800000000003,72.09,2,4,4,4,3,0.3,0.6092835264156515
CHEMBL5712049,CHEMBL5712049,C=CC(=O)Nc1cc(NC(=O)NC2CCN(Cc3ccc(-c4nc5cc[nH]c(=O)c5cc4-c4ccccc4)cc3)CC2)ccc1Cl,,7.76,5,6.33,8.22,IC50;Kd;Ki,B,cell-based format;single protein format,mixed,8;9,D;H,2019;2020,,633.152,6.821100000000006,119.22,4,5,8,6,5,0.16666666666666666,0.13999872869281957
CHEMBL523859,CHEMBL523859,CCn1c(-c2nonc2N)nc2c(C#CC(C)(C)O)ncc(OCC[C@@H](N)Cc3ccccc3)c21,,7.76,2,7.0,8.52,IC50,B,cell-based format;single protein format,mixed,9,D,2008,,475.5530000000002,2.5447000000000006,151.13000000000002,3,9,8,4,4,0.36,0.32648453606920247
CHEMBL4443488,CHEMBL4595262,Cn1ncc(Cl)c1-c1cc(C(=O)NC2CNCCC2c2ccc(Cl)cc2)oc1Cl,,7.76,1,7.76,7.76,IC50,B,assay format,other,9,D,2019,,453.7570000000002,4.515800000000003,72.09,2,4,4,4,3,0.3,0.6092835264156515
CHEMBL1169623,CHEMBL1169623,N[C@]1(CNC(=O)c2ccc(F)cc2F)CCN(c2ncnc3[nH]cc(Cl)c23)C1,,7.755000000000001,2,6.55,8.96,IC50,B,cell-based format;single protein format,mixed,8;9,D;H,2010,,406.824,2.2271,99.93,3,5,4,4,3,0.2777777777777778,0.6166203329612657
CHEMBL2177368,CHEMBL2177368,C[C@@H]1C[C@@H](O)c2ncnc(N3CCN(C(=O)[C@H](CNCC4CCOCC4)c4ccc(Cl)cc4)CC3)c21,,7.755,2,6.99,8.52,IC50,B,assay format;cell-based format,cell_based,9,D,2012,,514.0700000000003,3.119200000000002,90.82000000000001,2,7,7,5,2,0.5925925925925926,0.5874753134406822
CHEMBL1170448,CHEMBL1170448,Cc1c[nH]c2ncnc(N3CC[C@](N)(CNC(=O)c4ccc(F)cc4F)C3)c12,,7.755,2,6.51,9.0,IC50,B,cell-based format;single protein format,mixed,8;9,D;H,2010,,386.40600000000006,1.88212,99.93,3,5,4,4,3,0.3157894736842105,0.6358224373071266
CHEMBL578418,CHEMBL578418,N[C@H](COc1cncc(-c2ccc3[nH]nc(N4CCOCC4)c3c2)c1)Cc1c[nH]c2ccccc12,,7.75,1,7.75,7.75,IC50,B,single protein format,single_protein,8,H,2009,,468.56100000000026,3.891600000000002,105.07999999999998,3,6,7,6,5,0.25925925925925924,0.3347161830237051
CHEMBL3928308,CHEMBL3928308,CC1CN(c2cc(=O)[nH]c(CC(=O)N3CCc4c(F)cccc43)n2)CCO1,,7.75,6,6.81,8.1,IC50,B,assay format;cell-based format,cell_based,8,H,2015,,372.4000000000001,1.2658999999999996,78.53000000000002,1,5,3,4,2,0.42105263157894735,0.8778468936047333
CHEMBL4214539,CHEMBL4214539,O=C(Cc1ccc(Cl)cc1)N1CCN(c2ncnc3[nH]cc(Br)c23)CC1,,7.75,1,7.75,7.75,IC50,B,single protein format,single_protein,9,D,2017,,434.72500000000014,3.2651000000000012,65.12,1,4,3,4,3,0.2777777777777778,0.6870540956343271
CHEMBL1080912,CHEMBL1080912,Cc1n[nH]c2ccc(-c3nnc(NC[C@@H](N)Cc4ccc(Cl)cc4Cl)s3)cc12,,7.75,1,7.75,7.75,IC50,B,single protein format,single_protein,8,H,2010,,433.3680000000001,4.678520000000002,92.50999999999999,3,6,6,4,4,0.21052631578947367,0.4107659103092181
CHEMBL3921412,CHEMBL3921412,CCc1c(N)ncnc1N1CCC(c2nc(-c3cccc(C(F)(F)F)c3)cn2CCN2CCC2)CC1,,7.75,2,7.75,7.75,IC50,B,single protein format,single_protein,8,H,2015,,499.5850000000003,4.593200000000004,76.10000000000001,1,6,7,5,3,0.5,0.512465056503044
CHEMBL443620,CHEMBL443620,CN1CCN(c2ccc3nc(-c4ccccc4)c(-c4ccc(CN5CCC(c6nnc(-c7ccccn7)[nH]6)CC5)cc4)nc3n2)CC1,,7.75,1,7.75,7.75,IC50,B,single protein format,single_protein,8,H,2008,,622.7809999999998,5.6703000000000054,102.85,1,9,7,8,6,0.2972972972972973,0.2412766950421856
CHEMBL3672075,CHEMBL3672075,COc1nn2cc(-c3c(F)cccc3F)c(-c3ccc(CN4CCC(c5n[nH]c(-c6cccc(C)n6)n5)CC4)cc3)nc2c1CO,,7.75,2,7.75,7.75,IC50,B,cell-based format,cell_based,9,D,2015,,622.6800000000001,5.710520000000008,117.35000000000001,2,8,8,7,6,0.2647058823529412,0.2217908275756672
CHEMBL389438,CHEMBL389438,Cc1n[nH]c2ccc(-c3cncc(OC[C@@H](N)Cc4ccc(C(F)(F)F)cc4)c3)cc12,,7.75,1,7.75,7.75,IC50,B,single protein format,single_protein,9,D,2007,,426.442,4.900920000000003,76.82,2,4,6,4,4,0.21739130434782608,0.45977585740764654
CHEMBL572905,CHEMBL572905,CN(C)c1n[nH]c2ccc(-c3cncc(OC[C@@H](N)Cc4c[nH]c5ccccc45)c3)cc12,,7.75,1,7.75,7.75,IC50,B,single protein format,single_protein,8,H,2009,,426.52400000000017,4.121000000000002,95.85,3,5,7,5,5,0.2,0.36380040940808545
CHEMBL4471578,CHEMBL4598384,Cn1ncc(Cl)c1-c1cc(C(=O)NC2CNCCC2c2ccccc2)oc1Cl,,7.75,1,7.75,7.75,IC50,B,assay format,other,9,D,2019,,419.3120000000001,3.8624000000000027,72.09,2,4,4,4,3,0.3,0.6738780755590229
CHEMBL3951221,CHEMBL3951221,CCc1c(N)ncnc1N1CCC(c2nc(-c3cncc(C(F)(F)F)c3)cn2CCN2CCC2)CC1,,7.75,2,7.75,7.75,IC50,B,single protein format,single_protein,8,H,2015,,500.5730000000003,3.9882000000000035,88.99,1,7,7,5,3,0.52,0.5248201075183462
CHEMBL572418,CHEMBL572418,Cc1n[nH]c2cnc(-c3cncc(OC[C@@H](N)Cc4ccc(C(F)(F)F)cc4)c3)cc12,,7.75,1,7.75,7.75,IC50,B,single protein format,single_protein,8,H,2009,,427.43000000000006,4.295920000000002,89.71,2,5,6,4,4,0.22727272727272727,0.47903941275721845
CHEMBL1257165,CHEMBL1257165,CNC[C@H](Cc1ccc(Cl)cc1)C(=O)N1CCN(c2ncnc3[nH]ccc23)CC1,,7.75,1,7.75,7.75,IC50,B,single protein format,single_protein,8,H,2010,,412.9250000000001,2.3382000000000005,77.15,2,5,6,4,3,0.38095238095238093,0.6494390391890326
CHEMBL1773603,CHEMBL1773603,COc1ccc(S(=O)(=O)Nc2cc(-c3ccc4nc(NC(C)=O)sc4c3)cnc2C)cc1,,7.75,1,7.75,7.75,IC50,B,cell-based format,cell_based,9,D,2011,,468.5600000000002,4.434520000000003,110.28000000000002,2,7,6,4,4,0.13636363636363635,0.43302013911522774
CHEMBL3699757,CHEMBL3699757,Cc1c(Cl)cn2c(-c3ccccc3)c(-c3ccc(C4(N)CCC4)cc3)nc2c1Br,,7.75,2,7.75,7.75,IC50,B,single protein format,single_protein,8;9,D;H,2015,,466.81000000000023,6.730520000000005,43.32,1,2,3,5,4,0.20833333333333334,0.36356694057389977
CHEMBL3672539,CHEMBL3672539,NC1(c2ccc(-c3nc4c5cc(-c6ccc(CO)cc6)ccc5nn4cc3-c3ccccc3)cc2)CCC1,,7.75,2,7.75,7.75,IC50,B,single protein format,single_protein,8;9,D;H,2015,,496.61400000000026,6.7137000000000056,76.44,2,4,5,7,6,0.15151515151515152,0.2779706957207122
CHEMBL504251,CHEMBL504251,CN1CCN(c2ncc3cc(-c4ccccc4)c(-c4ccc(CN5CCC(c6nnc(-c7ccccn7)[nH]6)CC5)cc4)nc3n2)CC1,,7.745000000000001,2,7.44,8.05,IC50,B,cell-based format;single protein format,mixed,8,H,2008,,622.7809999999998,5.670300000000005,102.85,1,9,7,8,6,0.2972972972972973,0.24127669504218566
CHEMBL1761089,CHEMBL1761089,CCOCCN(C[C@@H](O)CN1CCCC2(CCc3cc4c(cc3O2)CNC4=O)C1)S(=O)(=O)c1c(C)cccc1C,,7.73,2,7.46,8.0,IC50,B,cell-based format;single protein format,mixed,8;9,D;H,2011,,571.7400000000002,2.794740000000001,108.41,2,7,10,5,2,0.5666666666666667,0.422448495517427
CHEMBL1632375,CHEMBL1632375,C[C@@H]1SCc2ncnc(N3CCN(C(=O)[C@H](N)Cc4ccc(Cl)c(F)c4)CC3)c21,,7.725,2,6.75,8.7,IC50,B,cell-based format;single protein format,mixed,8,H,2010,,435.9560000000002,2.7955000000000005,75.35000000000001,1,6,4,4,2,0.45,0.7954498970718615
CHEMBL376570,CHEMBL376570,Cc1n[nH]c2cnc(-c3cncc(OC[C@@H](N)Cc4ccccc4)c3)cc12,,7.725,2,7.6,7.85,IC50,B,single protein format,single_protein,8;9,D;H,2007;2009,,359.43300000000005,3.277120000000002,89.71,2,5,6,4,4,0.19047619047619047,0.5513414613741661
CHEMBL2177387,CHEMBL2177387,C=C[C@@H]1CCc2ncnc(N3CCN(C(=O)[C@H](CNC(C)C)c4ccc(Cl)cc4)CC3)c21,,7.725,2,6.75,8.7,IC50,B,assay format;cell-based format,cell_based,9,D,2012,,454.0180000000002,3.776200000000002,61.36000000000001,1,5,7,4,2,0.48,0.6463100964170717
CHEMBL1760759,CHEMBL1760759,CCOCCN(C[C@@H](O)CN1CCCC2(CCN(c3ncnc4[nH]cc(C)c34)C2)C1)S(=O)(=O)c1c(C)cccc1C,,7.725,2,6.75,8.7,IC50,B,cell-based format;single protein format,mixed,8;9,D;H,2011,,584.7870000000001,3.263760000000002,114.88999999999999,2,8,11,5,3,0.6,0.33031069151225634
CHEMBL5712061,CHEMBL5712061,CN(C)C/C=C/C(=O)Nc1ccc2[nH]c(=O)n(C3CCN(Cc4ccc(-c5nc6cc[nH]c(=O)c6cc5-c5ccccc5)cc4)CC3)c2c1,,7.720000000000001,4,7.48,7.97,IC50;Ki,B,cell-based format;single protein format,mixed,8;9,D;H,2019;2020,,653.7870000000003,5.793500000000005,119.11999999999998,3,6,9,7,6,0.23076923076923078,0.17005036131879941
CHEMBL605528,CHEMBL605528,Cc1n[nH]c2ccc(-c3cc(OC[C@@H](N)Cc4c[nH]c5ccc(F)cc45)cnc3-c3ccoc3)cc12,,7.720000000000001,2,6.44,9.0,IC50,B,cell-based format;single protein format,mixed,8;9,D;H,2010,,481.5310000000002,5.762520000000004,105.75,3,5,7,6,6,0.14285714285714285,0.268722535409265
CHEMBL3672495,CHEMBL3672495,COC(=O)c1ccc(-c2cnc3cc(-c4ccccc4)c(-c4ccc(C5(N)CCC5)cc4)nn23)cn1,,7.72,2,7.72,7.72,IC50,B,cell-based format,cell_based,9,D,2015,,475.5520000000003,5.249800000000005,95.39999999999999,1,6,5,6,5,0.1724137931034483,0.34895861117249893
CHEMBL3672542,CHEMBL3672542,NC1(c2ccc(-c3nc4c5cc(-c6cn[nH]c6)ccc5nn4cc3-c3ccccc3)cc2)CCC1,,7.72,2,7.72,7.72,IC50,B,single protein format,single_protein,8;9,D;H,2015,,456.5530000000003,5.944500000000003,84.89,2,4,4,7,6,0.13793103448275862,0.3435256470626668
CHEMBL1760767,CHEMBL1760767,Cc1cccc(C)c1S(=O)(=O)N1CCC[C@@H]1[C@@H](O)CN1CCC[C@@]2(CCN(c3ncnc(N)c3C3CC3)C2)C1,,7.72,1,7.72,7.72,IC50,B,single protein format,single_protein,8,H,2011,,554.7610000000002,3.059540000000001,115.89,2,8,7,6,2,0.6551724137931034,0.5366667207706513
CHEMBL3892286,CHEMBL3892286,CCc1c(N)ncnc1N1CCC(c2nc(-c3ccc(F)c(C(F)(F)F)c3)cn2CC2CNC2)CC1,,7.72,2,7.72,7.72,IC50,B,single protein format,single_protein,8,H,2015,,503.54800000000023,4.246000000000003,84.89000000000001,2,6,6,5,3,0.48,0.4896943122423756
CHEMBL1080893,CHEMBL1080893,Cc1n[nH]c2ccc(-c3nnc(NC[C@@H](N)Cc4cccc(Cl)c4)s3)cc12,,7.72,1,7.72,7.72,IC50,B,single protein format,single_protein,8,H,2010,,398.92300000000006,4.025120000000001,92.50999999999999,3,6,6,4,4,0.21052631578947367,0.4557323492304891
CHEMBL3699728,CHEMBL3699728,COc1cc(Br)cn2c(-c3ccccc3)c(-c3ccc(C4(N)CCC4)cc3)nc12,,7.72,2,7.72,7.72,IC50,B,single protein format,single_protein,8;9,D;H,2015,,448.3640000000003,5.777300000000004,52.55,1,3,4,5,4,0.20833333333333334,0.4309054882885601
CHEMBL3112866,CHEMBL3112866,C[C@H]1Cc2ccccc2N1C(=O)Cc1nc(N2CCOCC2)cc(=O)[nH]1,SAR-260301,7.72,6,7.57,7.8,IC50,B,assay format;cell-based format,cell_based,8;9,D;H,2015,1,354.41,1.1268,78.53,1,5,3,4,2,0.42105263157894735,0.8938661883885446
CHEMBL1773729,CHEMBL1773729,CC(=O)Nc1nc2ccc(-c3cnc(Cl)c(NS(=O)(=O)c4ccc(C(F)(F)F)cc4)c3)cc2s1,,7.72,1,7.72,7.72,IC50,B,cell-based format,cell_based,9,D,2011,,526.9490000000001,5.7897000000000025,101.04999999999998,2,6,5,4,4,0.09523809523809523,0.3205062104792666
CHEMBL3901730,CHEMBL3901730,CC1Cc2cc(F)ccc2N1C(=O)Cc1nc(N2CCOCC2)cc(=O)n1C,,7.72,4,7.55,7.89,IC50,B,assay format;cell-based format,cell_based,8,H,2015,,386.42700000000025,1.2762999999999998,67.67,0,5,3,4,2,0.45,0.7950069166021759
CHEMBL5819896,CHEMBL5819896,Cc1c[nH]c2ncnc(N3CCC(N)(C(=O)N[C@@H](C)c4ccc(Cl)cc4)CC3)c12,,7.72,1,7.72,7.72,IC50,B,single protein format,single_protein,8,H,2016,,412.9250000000001,3.0948200000000012,99.93,3,5,4,4,3,0.38095238095238093,0.6109869691385259
CHEMBL3672487,CHEMBL3672487,NC1(c2ccc(-c3nn4c(-c5ccc(CO)cc5)cnc4cc3-c3ccccc3)cc2)CCC1,,7.72,2,7.72,7.72,IC50,B,cell-based format,cell_based,9,D,2015,,446.55400000000026,5.560500000000004,76.44,2,4,5,6,5,0.1724137931034483,0.37053111220973267
CHEMBL2177388,CHEMBL2177388,CC(C)NC[C@@H](C(=O)N1CCN(c2ncnc3c2[C@H](CF)CC3)CC1)c1ccc(Cl)cc1,,7.715,2,6.91,8.52,IC50,B,assay format;cell-based format,cell_based,9,D,2012,,459.9970000000003,3.559700000000002,61.36000000000001,1,5,7,4,2,0.5416666666666666,0.6855838084912996
CHEMBL411515,CHEMBL411515,Clc1c[nH]c2ncnc(N3CC4(CCNCC4)c4ccccc43)c12,,7.715,2,7.19,8.24,IC50,B,cell-based format;single protein format,mixed,8;9,D;H,2008,,339.83,3.3842000000000017,56.84,2,4,1,5,3,0.3333333333333333,0.7132773885367304
CHEMBL1632391,CHEMBL1632391,CC(C)NC[C@H](Cc1ccc(Cl)cc1)C(=O)N1CCN(c2ncnc3c2[C@H](C)OC3)CC1,,7.71,2,6.9,8.52,IC50,B,cell-based format;single protein format,mixed,8,H,2010,,458.00600000000037,3.226700000000002,70.59,1,6,7,4,2,0.5416666666666666,0.6879283630262719
CHEMBL2375958,CHEMBL2375958,COc1ccc(-c2cc3c(C)nc(N)nc3n([C@H]3CC[C@H](OCC(N)=O)CC3)c2=O)cn1,,7.71,1,7.71,7.71,IC50,B,cell-based format,cell_based,9,D,2013,,438.4880000000003,1.7383199999999994,148.24,2,8,6,4,3,0.4090909090909091,0.5910593714122427
CHEMBL404554,CHEMBL404554,CSc1ncc2cc(-c3ccccc3)c(-c3ccc(CN4CCC(c5cc(-c6ccncc6)[nH]n5)CC4)cc3)nc2n1,,7.71,2,7.07,8.35,IC50,B,cell-based format;single protein format,mixed,8;9,D;H,2008,,569.7380000000003,7.245400000000007,83.48,1,7,7,7,6,0.20588235294117646,0.16018203910114148
CHEMBL1761090,CHEMBL1761090,CCOCCN(C[C@@H](O)CN1CCCC2(CCc3c(ccc4[nH]ncc34)O2)C1)S(=O)(=O)c1c(C)cccc1C,,7.705,2,7.36,8.05,IC50,B,cell-based format;single protein format,mixed,8;9,D;H,2011,,556.7290000000002,3.427640000000001,107.99000000000001,2,7,10,5,3,0.5517241379310345,0.36855822805871263
CHEMBL3965878,CHEMBL3965878,CC1Cc2c(F)cccc2N1C(=O)Cc1nc(N2CCOCC2)cc(=O)[nH]1,,7.705,4,7.01,8.4,IC50,B,assay format;cell-based format,cell_based,8,H,2015,,372.4000000000002,1.2658999999999998,78.53,1,5,3,4,2,0.42105263157894735,0.8778468936047333
CHEMBL1823653,CHEMBL1823653,O=C(NC(c1ccc(Cl)c(Cl)c1)C1CCCNC1)c1ccc2cnccc2c1,,7.7,1,7.7,7.7,IC50,B,single protein format,single_protein,8,H,2011,,414.3360000000001,5.012300000000003,54.02,2,3,4,4,3,0.2727272727272727,0.6310506884738903
CHEMBL408151,CHEMBL408151,O=c1[nH]c2ccccc2n1C1CCN(Cc2ccc(-c3nc4cc(-c5nn[nH]n5)ccc4nc3-c3ccccc3)cc2)CC1,,7.7,1,7.7,7.7,IC50,B,single protein format,single_protein,9,D,2005,,579.668,5.624000000000005,121.27000000000001,2,7,6,8,7,0.17647058823529413,0.2621381966019833
CHEMBL445212,CHEMBL445212,CN1CCN(c2ncc3cc(-c4ccccc4)c(-c4ccc(CN5CCC(c6nnc(-c7ccc(N)nc7)[nH]6)CC5)cc4)nc3n2)CC1,,7.7,1,7.7,7.7,IC50,B,single protein format,single_protein,8,H,2008,,637.7959999999999,5.252500000000004,128.87,2,10,7,8,6,0.2972972972972973,0.2394468279630308
CHEMBL574646,CHEMBL574646,O=C1/C(=C/c2ccccn2)CNC/C1=C\c1ccccn1,,7.7,1,7.7,7.7,IC50,B,single protein format,single_protein,9,D,2013,,277.32699999999994,2.1159,54.88,1,4,2,3,2,0.11764705882352941,0.8542728795704322
CHEMBL3969159,CHEMBL3969159,Nc1ncnc(N2CCC(c3nc(-c4cccc(F)c4)cn3CCN3CCCC3)CC2)c1C1CCC1,,7.7,2,7.7,7.7,IC50,B,single protein format,single_protein,8,H,2015,,489.64300000000054,4.808700000000004,76.10000000000001,1,6,7,6,3,0.5357142857142857,0.5134132318270398
CHEMBL1974935,CHEMBL1974935,NC(COc1cncc(C=Cc2ccncc2)c1)Cc1c[nH]c2ccccc12,,7.7,1,7.7,7.7,Ki,F,assay format,other,8,H,,,370.4560000000001,4.077100000000003,76.82,2,4,7,4,4,0.13043478260869565,0.5139011502670129
CHEMBL513019,CHEMBL513019,NCCCC(NC(=O)c1cc(Br)c(-c2ccnc3[nH]ccc23)s1)c1ccccc1,,7.7,1,7.7,7.7,IC50,B,single protein format,single_protein,8,H,2009,,469.4080000000001,5.263900000000003,83.79999999999998,3,4,7,4,4,0.18181818181818182,0.3451672984449078
CHEMBL3112861,CHEMBL3112861,Cn1c(CC(=O)N2CCc3ccccc32)nc(N2CCOCC2)cc1=O,,7.7,2,7.7,7.7,IC50,B,assay format;cell-based format,cell_based,8;9,D;H,2015,,354.4100000000002,0.7486999999999993,67.67000000000002,0,5,3,4,2,0.42105263157894735,0.8136703002525244
CHEMBL470620,CHEMBL470620,CN(C)CC(NC(=O)c1cc(Br)c(-c2ccnc3[nH]ccc23)s1)c1ccccc1,,7.7,1,7.7,7.7,IC50,B,single protein format,single_protein,8,H,2009,,469.4080000000001,5.086600000000004,61.02,2,4,6,4,4,0.18181818181818182,0.413875952851784
CHEMBL574289,CHEMBL574289,O=c1[nH]c2ccccc2n1C1CCN(Cc2ccc(-c3nc4cc(-n5cnnn5)ccc4nc3-c3ccccc3)cc2)CC1,,7.7,1,7.7,7.7,IC50,B,single protein format,single_protein,8,H,2009,,579.668,5.419600000000005,110.41000000000001,1,7,6,8,7,0.17647058823529413,0.280147282735335
CHEMBL1258330,CHEMBL1258330,N[C@H](Cc1ccc(Cl)cc1)C(=O)N1CCN(c2ncnc3ccccc23)CC1,,7.7,1,7.7,7.7,IC50,B,single protein format,single_protein,8,H,2010,,395.8940000000001,2.501800000000001,75.35000000000001,1,5,4,4,3,0.2857142857142857,0.734155423164653
CHEMBL3901242,CHEMBL3901242,C=C(C)c1c(N)ncnc1N1CCC(c2nc(-c3ccc(F)c(C(F)(F)F)c3)cn2CCN2CCCC2)CC1,,7.7,2,7.7,7.7,IC50,B,single protein format,single_protein,8,H,2015,,543.613,5.593100000000006,76.10000000000001,1,6,7,5,3,0.4642857142857143,0.3916401498332834
CHEMBL5800023,CHEMBL5800023,NC1(C(=O)N[C@@H](CCO)c2ccc(Cl)cc2)CCN(c2ncnc3[nH]ncc23)CC1,,7.7,1,7.7,7.7,IC50,B,single protein format,single_protein,8,H,2016,,429.9120000000002,1.5438999999999992,133.05,4,7,6,4,3,0.4,0.4667064466754262
CHEMBL3894577,CHEMBL3894577,CCc1c(N)ncnc1N1CCC(c2nc(-c3ccc(F)cc3)cn2CCN2CCCC2)CC1,,7.7,2,7.7,7.7,IC50,B,single protein format,single_protein,8,H,2015,,463.60500000000036,4.103600000000004,76.10000000000001,1,6,7,5,3,0.5,0.5685028213666645
CHEMBL227324,CHEMBL227324,Cc1n[nH]c2ccc(-c3cncc(OC[C@@H](N)Cc4ccc(OC(F)(F)F)cc4)c3)cc12,,7.69,1,7.69,7.69,IC50,B,single protein format,single_protein,9,D,2007,,442.44100000000003,4.780720000000003,86.05,2,5,7,4,4,0.21739130434782608,0.4302390389765871
CHEMBL4217841,CHEMBL4217841,O=C(N1CCN(c2ncnc3[nH]cc(Br)c23)CC1)C1(c2ccccc2)CCNCC1,,7.69,1,7.69,7.69,IC50,B,single protein format,single_protein,9,D,2017,,469.38700000000034,2.6904000000000003,77.15,2,5,3,5,3,0.4090909090909091,0.6172013742151677
CHEMBL3913969,CHEMBL3913969,CNCCn1cc(-c2ccc(F)c(C)c2)nc1C1CCN(c2ncnc(N)c2-c2cn[nH]c2)CC1,,7.68,2,7.68,7.68,IC50,B,single protein format,single_protein,8,H,2015,,475.57600000000025,3.3633200000000008,113.57,3,7,7,5,4,0.36,0.37554366524518773
CHEMBL255348,CHEMBL255348,Nc1nn(CCc2c[nH]cn2)c2nc(-c3ccc(CN4CCC(n5c(=O)[nH]c6ccccc65)CC4)cc3)c(-c3ccccc3)cc12,,7.68,1,7.68,7.68,IC50,B,single protein format,single_protein,9,D,2008,,609.7380000000003,5.7934000000000045,126.43999999999997,3,6,8,8,7,0.2222222222222222,0.2001644624309679
CHEMBL6034065,CHEMBL6034065,COC(=O)c1cc(OC)c2nc(-c3ccc(C4(N)CCC4)cc3)c(-c3ccccc3)n2n1,,7.68,1,7.68,7.68,IC50,B,single protein format,single_protein,8,H,2017,,428.4920000000002,4.196400000000002,91.74,1,6,5,5,4,0.24,0.4792505808150215
CHEMBL3890310,CHEMBL3890310,COc1c(N)ncnc1N1CCC(c2nc(-c3ccnc(C(F)(F)F)c3)cn2CCN2CCC2)CC1,,7.68,2,7.68,7.68,IC50,B,single protein format,single_protein,8,H,2015,,502.5450000000003,3.434400000000002,98.21999999999998,1,8,7,5,3,0.5,0.5249005235890842
CHEMBL3672528,CHEMBL3672528,NC(=O)c1ccc(-c2ccc3c(c2)nn2cc(-c4ccccc4)c(-c4ccc(C5(N)CCC5)cc4)nc32)cc1,,7.68,2,7.68,7.68,IC50,B,single protein format,single_protein,8;9,D;H,2015,,509.6130000000003,6.320300000000006,99.3,2,4,5,7,6,0.12121212121212122,0.2840042114096307
CHEMBL5865881,CHEMBL5865881,CNC(=O)c1ccc2nc(-c3ccc(C4(N)CCC4)cc3)c(-c3ccccc3)n2n1,,7.68,1,7.68,7.68,IC50,B,single protein format,single_protein,8,H,2017,,397.482,3.7608000000000024,85.31,2,4,4,5,4,0.20833333333333334,0.5490332932478379
CHEMBL229315,CHEMBL229315,Cc1n[nH]c2ccc(-c3cncc(OC[C@@H](N)Cc4ccc(F)cc4F)c3)cc12,,7.68,1,7.68,7.68,IC50,B,single protein format,single_protein,9,D,2007,,394.425,4.160320000000003,76.82,2,4,6,4,4,0.18181818181818182,0.5148406430875752
CHEMBL3928074,CHEMBL3928074,C=Cc1c(N)ncnc1N1CCC(c2nc(-c3cccc(F)c3)cn2CCN2CCCC2)CC1,,7.68,2,7.68,7.68,IC50,B,single protein format,single_protein,8,H,2015,,461.58900000000034,4.184200000000003,76.10000000000001,1,6,7,5,3,0.4230769230769231,0.5688133867814297
CHEMBL3965033,CHEMBL3965033,Nc1ncnc(N2CCC(c3nc(-c4ccnc(C(F)(F)F)c4)cn3CCN3CCC3)CC2)c1OCC(F)(F)F,,7.68,2,7.68,7.68,IC50,B,single protein format,single_protein,8,H,2015,,570.5420000000006,4.366900000000004,98.22,1,8,8,5,3,0.52,0.39920109058010633
CHEMBL3968052,CHEMBL3968052,N#Cc1c(N)ncnc1N1CCC(c2nc(-c3cccc(F)c3)cn2CCN2CCCC2)CC1,,7.68,2,7.68,7.68,IC50,B,single protein format,single_protein,8,H,2015,,460.5610000000004,3.412880000000002,99.89,1,7,6,5,3,0.44,0.6016216365810081
CHEMBL376118,CHEMBL376118,Cc1n[nH]c2ccc(-c3cncc(OC[C@@H](N)Cc4cc(Cl)cc(Cl)c4)c3)cc12,,7.68,1,7.68,7.68,IC50,B,single protein format,single_protein,9,D,2007,,427.3350000000001,5.188920000000003,76.82,2,4,6,4,4,0.18181818181818182,0.4441635782268037
CHEMBL5865607,CHEMBL5865607,COc1cc(-c2ccncc2)c2nc(-c3ccc(C4(N)CCC4)cc3)c(-c3ccccc3)n2n1,,7.68,1,7.68,7.68,IC50,B,single protein format,single_protein,8,H,2017,,447.54200000000026,5.471800000000005,78.33,1,5,5,6,5,0.17857142857142858,0.38639983186152693
CHEMBL4129379,CHEMBL4129379,C[C@@H]1CC(=O)Nc2ncnc(N3CCC(c4nc(CCC(F)(F)F)cn4CCN4CCCC4)CC3)c21,,7.67,2,7.04,8.3,IC50,B,cell-based format,cell_based,9,D,2018,,505.5890000000004,4.093500000000003,79.17999999999999,1,6,7,5,2,0.68,0.6107576934255528
CHEMBL5842711,CHEMBL5842711,Cc1c(Oc2ccc(C(C)N)cc2F)ccc2c1B(O)OC2,,7.67,1,7.67,7.67,IC50,B,single protein format,single_protein,8,H,2016,,301.12600000000003,2.1638199999999994,64.71000000000001,2,4,3,3,2,0.25,0.852793493226288
CHEMBL5838111,CHEMBL5838111,C=CC(=C)Nc1ccc(C(=O)NC2CCN(Cc3ccc(-c4nc5cc[nH]c(=O)c5cc4-c4ccccc4)cc3)CC2)c(F)c1,,7.67,1,7.67,7.67,IC50,B,single protein format,single_protein,8,H,2020,,599.71,6.902200000000006,90.12,3,5,9,6,5,0.16216216216216217,0.16043812753711353
CHEMBL4460756,CHEMBL4460756,Cn1nccc1-c1ccc(C(=O)N[C@@H]2CNCC[C@H]2c2ccc(F)c(F)c2)cc1,,7.67,1,7.67,7.67,IC50,B,assay format,other,9,D,2019,,396.44100000000003,3.240800000000002,58.95,2,3,4,4,3,0.2727272727272727,0.7119168449810025
CHEMBL2376095,CHEMBL2376095,COc1ccc(-c2cc3c(C)nc(N)nc3n([C@H]3CC[C@@H](OCO)CC3)c2=O)cn1,,7.67,1,7.67,7.67,IC50,B,cell-based format,cell_based,9,D,2013,,411.4620000000002,2.20282,125.38000000000001,2,8,5,4,3,0.42857142857142855,0.6122261676215526
CHEMBL453510,CHEMBL453510,CCn1c(-c2nonc2N)nc2c(C#CC(C)(C)O)ncc(OCCN)c21,,7.67,2,6.64,8.7,IC50,B,cell-based format;single protein format,mixed,9,D,2008,,371.4010000000001,0.5433,151.13000000000002,3,9,5,3,3,0.4117647058823529,0.5457034010026308
CHEMBL5945866,CHEMBL5945866,CCC(=O)Nc1ccc2[nH]c(=O)n(C3CCN(Cc4ccc(-c5nc6cc[nH]c(=O)c6cc5-c5ccccc5)cc4)CC3)c2c1,,7.664999999999999,2,7.21,8.12,IC50;Kd,B,single protein format,single_protein,8,H,2020,,598.7070000000001,6.085700000000005,115.88,3,5,7,7,6,0.2222222222222222,0.2058673280146249
CHEMBL3907424,CHEMBL3907424,C[C@H]1Cc2ccccc2N1C(=O)Cc1nc(N2CCOCC2)cc(=S)[nH]1,,7.66,2,7.66,7.66,IC50,B,assay format;cell-based format,cell_based,8,H,2015,,370.478,2.4960900000000006,61.46,1,5,3,4,2,0.42105263157894735,0.8414433588992187
CHEMBL2375365,CHEMBL2375365,COc1ncc(-c2cc3c(C)nc(N)nc3n([C@H]3CC[C@H](OCO)CC3)c2=O)cn1,,7.66,1,7.66,7.66,IC50,B,cell-based format,cell_based,9,D,2013,,412.4500000000002,1.5978199999999998,138.26999999999998,2,9,5,4,3,0.45,0.5981888048626207
CHEMBL1235979,CHEMBL1235979,C[C@@H]1SCc2ncnc(N3CCN(C(=O)[C@H](N)Cc4c[nH]c5ccccc45)CC3)c21,,7.66,1,7.66,7.66,IC50,B,single protein format,single_protein,8,H,2010,,422.5580000000002,2.4842999999999993,91.14000000000001,2,6,4,5,3,0.4090909090909091,0.6712864465162909
CHEMBL377764,CHEMBL377764,C=Cc1cc2cc(-c3cncc(OC[C@@H](N)Cc4c[nH]c5ccccc45)c3)ccc2cn1,,7.66,1,7.66,7.66,IC50,B,single protein format,single_protein,9,D,2006,,420.516,5.369900000000004,76.82,2,4,7,5,5,0.1111111111111111,0.3710671257695596
CHEMBL5171561,CHEMBL5171561,CC(C)NC[C@@H](C(=O)N1CCN(c2ncnc3c2N(C)CC(=O)N3)[C@H]2C[C@H]21)c1ccc(Cl)cc1,,7.66,1,7.66,7.66,IC50,B,cell-based format,cell_based,9,D,2022,,484.00400000000025,2.0895999999999995,93.70000000000002,2,7,6,5,2,0.5,0.6493573399520912
CHEMBL3672054,CHEMBL3672054,Cc1nc2nc(-c3ccc(CN4CCC(c5n[nH]c(-c6cc(Cl)ccn6)n5)CC4)cc3)c(-c3ccc(F)cc3F)cn2n1,,7.66,2,7.66,7.66,IC50,B,cell-based format,cell_based,9,D,2015,,598.0610000000001,6.258020000000005,100.78,1,7,6,7,6,0.22580645161290322,0.24184109049530703
CHEMBL3672044,CHEMBL3672044,CC(C)Nc1nc2nc(-c3ccc(CN4CC(c5n[nH]c(-c6ccccn6)n5)C4)cc3)c(-c3ccccc3)cn2n1,,7.66,2,7.66,7.66,IC50,B,cell-based format,cell_based,9,D,2015,,542.6510000000001,5.058100000000003,112.81,2,8,8,7,6,0.22580645161290322,0.2745379606513334
CHEMBL3977365,CHEMBL3977365,COc1nc(Br)cn2c(-c3ccccc3)c(-c3ccc(C4(N)CCC4)cc3)nc12,,7.66,2,7.66,7.66,IC50,B,cell-based format,cell_based,8;9,D;H,2016,,449.3520000000003,5.172300000000004,65.44,1,4,4,5,4,0.21739130434782608,0.4668888464931077
CHEMBL3961677,CHEMBL3961677,O=C(Cc1nc(N2CCOCC2)c(F)c(=O)[nH]1)N1CCc2c(F)cccc21,,7.66,2,7.66,7.66,IC50,B,assay format;cell-based format,cell_based,8,H,2015,,376.3630000000001,1.0165,78.53,1,5,3,4,2,0.3888888888888889,0.8653893465099662
CHEMBL1632369,CHEMBL1632369,N[C@H](Cc1ccc(Cl)cc1)C(=O)N1CCN(c2ncnc3c2CSC3)CC1,,7.66,1,7.66,7.66,IC50,B,single protein format,single_protein,8,H,2010,,403.9390000000002,2.0954,75.35000000000001,1,6,4,4,2,0.42105263157894735,0.8420446223565577
CHEMBL3701721,CHEMBL3701721,NC1(c2ccc(-c3nc4n(c3-c3ccncc3)COc3cccc(F)c3-4)cc2)CC(O)(C2CC2)C1,,7.66,2,7.66,7.66,IC50,B,cell-based format,cell_based,8;9,D;H,2014,,468.53200000000027,4.857000000000003,86.19,2,5,4,7,4,0.2857142857142857,0.44691965462662964
CHEMBL4851020,CHEMBL4851020,NC(=O)c1cccc2c(N[C@H](CN3CCC3)c3cccc(F)c3)ncnc12,,7.66,1,7.66,7.66,IC50,B,assay format,other,9,D,2021,,365.412,2.726700000000001,84.14,2,5,6,4,3,0.25,0.7016690749069495
CHEMBL3699800,CHEMBL3699800,O=C(Cc1nc(N2CCOCC2)cc(=O)[nH]1)Nc1cccc(Br)c1O,,7.66,2,7.66,7.66,IC50,B,assay format;cell-based format,cell_based,8;9,D;H,2015,,409.24000000000007,1.2557999999999996,107.55000000000001,3,6,4,3,2,0.3125,0.6567398269945418
CHEMBL1632380,CHEMBL1632380,CC(C)NCC(Cc1ccc(Cl)cc1)C(=O)N1CCN(c2ncnc3c2[C@H](C)SC3)CC1,,7.66,2,6.8,8.52,IC50,B,cell-based format;single protein format,mixed,8,H,2010,,474.07400000000035,3.9433000000000034,61.36000000000001,1,6,7,4,2,0.5416666666666666,0.6567217785269358
CHEMBL1257282,CHEMBL1257282,Cc1c[nH]c2ncnc(N3CCN(C(=O)[C@H](N)Cc4ccc(F)cc4)CC3)c12,,7.66,2,6.8,8.52,IC50,B,cell-based format;single protein format,mixed,8,H,2010,,382.4430000000001,1.62402,91.14,2,5,4,4,3,0.35,0.7156192007465105
CHEMBL593490,CHEMBL593490,Cc1[nH]nc2ccc(-c3cc(OC[C@@H](N)Cc4c[nH]c5ccccc45)cnc3-c3ccoc3)cc12,,7.65,2,6.3,9.0,IC50,B,cell-based format;single protein format,mixed,8;9,D;H,2010,,463.54100000000017,5.623420000000004,105.75,3,5,7,6,6,0.14285714285714285,0.28476750517501825
CHEMBL3640749,CHEMBL3640749,Nc1ncccc1-c1nc2ccc(Nc3ccc(N4CCOCC4)cc3)nc2n1-c1ccc(C2(N)CCC2)cc1,,7.65,4,7.24,8.06,IC50;Kd,B,single protein format,single_protein,8;9,D;H,2013,,532.6520000000005,4.982800000000004,120.14,3,8,6,7,5,0.25806451612903225,0.2800045021417212
CHEMBL259265,CHEMBL259265,c1ccc2c(c1)N(c1ncnc3[nH]ccc13)CC21CCNCC1,,7.6499999999999995,2,7.02,8.28,IC50,B,cell-based format;single protein format,mixed,8;9,D;H,2008,,305.3850000000001,2.7308000000000003,56.84,2,4,1,5,3,0.3333333333333333,0.7256451788600748
CHEMBL3917877,CHEMBL3917877,CC1Cc2c(Br)cccc2N1C(=O)Cc1nc(N2CCOCC2)cc(=O)n1C,,7.645,4,7.44,7.85,IC50,B,assay format;cell-based format,cell_based,8,H,2015,,447.3330000000003,1.8996999999999995,67.67,0,5,3,4,2,0.45,0.7194322394938218
CHEMBL379914,CHEMBL379914,N[C@H](COc1cnc(Cl)c(/C=C/c2ccncc2)c1)Cc1c[nH]c2ccccc12,,7.64,1,7.64,7.64,IC50,B,single protein format,single_protein,9,D,2006,,404.9010000000001,4.730500000000003,76.82,2,4,7,4,4,0.13043478260869565,0.436357354380966
CHEMBL3895789,CHEMBL3895789,Nc1ncnc(N2CCC(c3nc(-c4ccc(F)c(C(F)(F)F)c4)cn3CCN3CCCC3)CC2)c1F,,7.64,2,7.64,7.64,IC50,B,single protein format,single_protein,8,H,2015,,521.5380000000004,4.699100000000004,76.10000000000001,1,6,6,5,3,0.48,0.47433556304726654
CHEMBL3703137,CHEMBL3703137,COc1cc(OC)c2nc(-c3ccc(C4(N)CCC4)cc3)c(-c3ccccc3)n2c1,,7.64,2,7.64,7.64,IC50,B,single protein format,single_protein,8;9,D;H,2015,,399.4940000000001,5.023400000000004,61.78,1,4,5,5,4,0.24,0.5116230964834562
CHEMBL3672531,CHEMBL3672531,COC(=O)c1ccc(-c2ccc3c(c2)nn2cc(-c4ccccc4)c(-c4ccc(C5(N)CCC5)cc4)nc32)cn1,,7.64,2,7.64,7.64,IC50,B,single protein format,single_protein,8;9,D;H,2015,,525.6120000000003,6.403000000000006,95.39999999999999,1,6,5,7,6,0.15151515151515152,0.26166688748887235
CHEMBL3667042,CHEMBL3667042,Cc1nc2nc(-c3ccc(CN4CC(c5nnc(-c6ccccn6)[nH]5)C4)cc3)c(-c3ccccc3)cn2n1,,7.64,2,7.64,7.64,IC50,B,cell-based format,cell_based,9,D,2015,,499.5820000000001,4.546220000000003,100.77999999999999,1,7,6,7,6,0.1724137931034483,0.3588657750349
CHEMBL3953697,CHEMBL3953697,O=C(Cc1nc(N2CCOCC2)cc(=O)[nH]1)N1CCc2c(-c3ccccc3F)cccc21,,7.64,2,7.64,7.64,IC50,B,assay format;cell-based format,cell_based,8,H,2015,,434.4710000000002,2.5444000000000004,78.53,1,5,4,5,3,0.2916666666666667,0.6829421605487542
CHEMBL3696237,CHEMBL3696237,O=C(Cc1nc(N2CCOCC2)cc(=O)[nH]1)Nc1ccsc1,,7.64,2,7.64,7.64,IC50,B,assay format;cell-based format,cell_based,8;9,D;H,2015,,320.374,0.8491999999999996,87.32000000000001,2,6,4,3,2,0.35714285714285715,0.8718886501532065
CHEMBL229854,CHEMBL229854,Cc1n[nH]c2ccc(-c3cncc(OC[C@@H](N)Cc4ccccc4Br)c3)cc12,,7.64,1,7.64,7.64,IC50,B,single protein format,single_protein,9,D,2007,,437.341,4.644620000000003,76.82,2,4,6,4,4,0.18181818181818182,0.46074312255741057
CHEMBL5842760,CHEMBL5842760,Cc1cc(CC(NC(=O)C2(N)CCN(c3ncnc4[nH]ccc34)CC2)c2ccc(Cl)cc2)on1,,7.64,1,7.64,7.64,IC50,B,single protein format,single_protein,8,H,2016,,479.97200000000015,3.305620000000002,125.96000000000001,3,7,6,5,4,0.3333333333333333,0.3869616434390131
CHEMBL5907432,CHEMBL5907432,NC1(C(=O)NC(Cn2cccn2)c2ccc(Cl)cc2)CCN(c2ncnc3[nH]ccc23)CC1,,7.64,1,7.64,7.64,IC50,B,single protein format,single_protein,8,H,2016,,464.9610000000003,2.6632000000000007,117.75,3,6,6,5,4,0.30434782608695654,0.4034976999672312
CHEMBL2151923,CHEMBL2151923,O=C(Cc1nc(N2CCOCC2)cc(=O)[nH]1)Nc1cccc(Br)c1,,7.64,2,7.64,7.64,IC50,B,assay format;cell-based format,cell_based,8;9,D;H,2015,,393.24100000000004,1.5501999999999996,87.32000000000001,2,5,4,3,2,0.3125,0.8233865366105872
CHEMBL3960833,CHEMBL3960833,CCc1c(N)ncnc1N1CCC(c2nc(-c3ccc(F)c(C)c3)cn2CCN(C)C)CC1,,7.64,2,7.64,7.64,IC50,B,single protein format,single_protein,8,H,2015,,451.5940000000003,3.8778200000000034,76.10000000000001,1,6,7,4,3,0.48,0.5875984798491279
CHEMBL2151924,CHEMBL2151924,O=C(Cc1nc(N2CCOCC2)cc(=O)[nH]1)Nc1ccc(F)c(F)c1,,7.64,2,7.64,7.64,IC50,B,assay format;cell-based format,cell_based,8;9,D;H,2015,,350.32500000000005,1.0658999999999996,87.32000000000001,2,5,4,3,2,0.3125,0.8612107384287908
CHEMBL3968742,CHEMBL3968742,N#Cc1c(N)ncnc1N1CCC(c2nc(-c3ccnc(C4CC4)c3)cn2CCN2CCC2)CC1,,7.64,2,7.64,7.64,IC50,B,single protein format,single_protein,8,H,2015,,469.59700000000043,3.156080000000002,112.77999999999999,1,8,7,6,3,0.5,0.5614528607642012
CHEMBL3696314,CHEMBL3696314,O=C(Cc1nc(N2CCOCC2)cc(=O)[nH]1)Nc1ccccc1OCCN1CCCC1,,7.64,2,7.64,7.64,IC50,B,assay format;cell-based format,cell_based,8;9,D;H,2015,,427.50500000000034,1.2622999999999998,99.79,2,7,8,4,2,0.5,0.65429552925347
CHEMBL4875416,CHEMBL4875416,NC(=O)c1cccc2c(N[C@H](CN3CCC3)c3ccc(F)cc3)ncnc12,,7.64,1,7.64,7.64,IC50,B,assay format,other,9,D,2021,,365.412,2.726700000000001,84.14,2,5,6,4,3,0.25,0.7016690749069495
CHEMBL1632381,CHEMBL1632381,C[C@@H]1SCc2ncnc(N3CCN(C(=O)C(Cc4ccc(Cl)cc4)CN4CCCC4)CC3)c21,,7.635,2,6.75,8.52,IC50,B,cell-based format;single protein format,mixed,8,H,2010,,486.0850000000004,4.041100000000004,52.57000000000001,0,6,6,5,2,0.56,0.6151114037260551
CHEMBL2375964,CHEMBL2375964,COc1ccc(-c2cc3c(C)nc(N)nc3n([C@H]3CC[C@@H](OCC(N)=O)CC3)c2=O)cn1,,7.63,1,7.63,7.63,IC50,B,cell-based format,cell_based,9,D,2013,,438.4880000000003,1.7383199999999994,148.24,2,8,6,4,3,0.4090909090909091,0.5910593714122427
CHEMBL5712066,CHEMBL5712066,C=CC(=O)Nc1ccc(C(=O)NC2CCN(Cc3ccc(-c4nc5cc[nH]c(=O)c5cc4-c4ccccc4)cc3)CC2)s1,,7.63,2,7.41,7.85,IC50;Ki,B,cell-based format,cell_based,9,D,2019,,589.7210000000001,5.837500000000005,107.19,3,6,8,6,5,0.17647058823529413,0.19733570564115094
CHEMBL3974771,CHEMBL3974771,N#Cn1c(CC(=O)N2CCc3ccccc32)nc(N2CCOCC2)cc1=O,,7.62,2,7.62,7.62,IC50,B,assay format;cell-based format,cell_based,8,H,2015,,365.39300000000026,0.5408799999999996,91.46000000000001,0,6,3,4,2,0.3684210526315789,0.7884706289274978
CHEMBL3672081,CHEMBL3672081,CC(C)Nc1c(-c2ccccc2)c(-c2ccc(CN3CC(c4n[nH]c(-c5ccccn5)n4)C3)cc2)nc2nc(-c3ccccn3)nn12,,7.62,2,7.62,7.62,IC50,B,cell-based format,cell_based,9,D,2015,,619.7370000000001,6.120100000000007,125.7,2,9,9,8,7,0.19444444444444445,0.1965494569619446
CHEMBL2177373,CHEMBL2177373,C[C@@H]1C[C@@H](O)c2ncnc(N3CCN(C(=O)[C@H](CN)c4ccc(Cl)cc4)CC3)c21,,7.62,1,7.62,7.62,IC50,B,assay format,other,9,D,2012,,415.9250000000001,2.0617,95.58,2,6,4,4,2,0.47619047619047616,0.79311039999905
CHEMBL1081451,CHEMBL1081451,N[C@H](CNc1nnc(-c2ccc3[nH]ncc3c2)s1)Cc1ccc(Cl)cc1,,7.62,1,7.62,7.62,IC50,B,single protein format,single_protein,8,H,2010,,384.8960000000002,3.7167000000000012,92.51,3,6,6,4,4,0.16666666666666666,0.4708442488817871
CHEMBL3949201,CHEMBL3949201,Cc1ccc(-c2cn(CCN3CCC3)c(C3CCN(c4ncnc(N)c4C#N)CC3)n2)cc1C(F)(F)F,,7.62,2,7.62,7.62,IC50,B,single protein format,single_protein,8,H,2015,,510.5680000000002,4.210900000000003,99.89,1,7,6,5,3,0.46153846153846156,0.5302854955268937
CHEMBL3908338,CHEMBL3908338,CC1CN(c2cc(=O)[nH]c(CC(=O)N3c4ccccc4C[C@@H]3C)n2)CCO1,,7.62,2,7.62,7.62,IC50,B,assay format;cell-based format,cell_based,8,H,2015,,368.4370000000002,1.5152999999999996,78.53000000000002,1,5,3,4,2,0.45,0.8886280027286635
CHEMBL4858782,CHEMBL5028307,Cn1nccc1-c1ccc(C(=O)N[C@@H]2CNCC[C@H]2c2ccc(F)c(F)c2)c(Cl)c1,,7.62,1,7.62,7.62,IC50,B,cell-based format,cell_based,9,D,2021,,430.8860000000001,3.8942000000000023,58.95,2,3,4,4,3,0.2727272727272727,0.6597707750662801
CHEMBL3912123,CHEMBL3912123,CCc1c(N)ncnc1N1CCC(c2nc(-c3ccc(F)c(F)c3)cn2CCN2CCC2)CC1,,7.62,2,7.62,7.62,IC50,B,single protein format,single_protein,8,H,2015,,467.5680000000003,3.8526000000000034,76.10000000000001,1,6,7,5,3,0.48,0.568905659827333
CHEMBL3696309,CHEMBL3696309,O=C(Cc1nc(N2CCOCC2)cc(=O)[nH]1)Nc1ccccc1OCCN1CCCCC1,,7.62,2,7.62,7.62,IC50,B,assay format;cell-based format,cell_based,8;9,D;H,2015,,441.5320000000004,1.6523999999999994,99.79,2,7,8,4,2,0.5217391304347826,0.6425788652880546
CHEMBL3910203,CHEMBL3910203,CC1Cc2c(O)cccc2N1C(=O)Cc1nc(N2CCOCC2)cc(=O)[nH]1,,7.62,6,6.94,7.66,IC50,B,assay format;cell-based format,cell_based,8,H,2015,,370.40900000000016,0.8324,98.75999999999999,2,6,3,4,2,0.42105263157894735,0.8305110050933169
CHEMBL3699676,CHEMBL3699676,COc1cc(C(N)=O)cn2c(-c3ccccc3)c(-c3ccc(C4(N)CCC4)cc3)nc12,,7.62,2,7.62,7.62,IC50,B,single protein format,single_protein,8;9,D;H,2015,,412.4930000000002,4.113700000000002,95.64,2,4,5,5,4,0.2,0.5154959603165282
CHEMBL5775086,CHEMBL5775086,C[C@H](NC(=O)C1(N)CCN(c2ncnc3[nH]nc(Br)c23)CC1)c1ccc(Cl)cc1,,7.62,1,7.62,7.62,IC50,B,single protein format,single_protein,8,H,2016,,478.78200000000027,2.943900000000001,112.82000000000001,3,6,4,4,3,0.3684210526315789,0.5313016129326672
CHEMBL247250,CHEMBL247250,CNC(=O)Nc1ccc(CNc2ncsc2C(=O)Nc2ccc3c(c2)OC(F)(F)O3)cn1,,7.62,1,7.62,7.62,IC50,B,single protein format,single_protein,8,H,2007,,462.43800000000016,3.4753000000000007,126.50000000000001,4,8,6,4,3,0.15789473684210525,0.44182529794352615
CHEMBL3112855,CHEMBL3112855,O=C(Cc1nc(N2CCOCC2)cc(=O)[nH]1)N1CCc2c(-c3ccccc3)cccc21,,7.62,2,7.62,7.62,IC50,B,assay format;cell-based format,cell_based,8,H,2015,,416.48100000000017,2.4053000000000004,78.53,1,5,4,5,3,0.2916666666666667,0.7067373394538689
CHEMBL2375965,CHEMBL2375965,Cc1nc(N)nc2c1cc(-c1cnc3ccccc3c1)c(=O)n2[C@H]1CC[C@H](OCO)CC1,,7.62,1,7.62,7.62,IC50,B,cell-based format,cell_based,9,D,2013,,431.4960000000003,3.3474200000000014,116.15,2,7,4,5,4,0.3333333333333333,0.4760564386650934
CHEMBL3703136,CHEMBL3703136,COc1cc(Cl)cn2c(-c3ccccc3)c(-c3ccc(C4(N)CCC4)cc3)nc12,,7.62,2,7.62,7.62,IC50,B,single protein format,single_protein,8;9,D;H,2015,,403.91300000000024,5.668200000000004,52.55,1,3,4,5,4,0.20833333333333334,0.4773620398700779
CHEMBL3112865,CHEMBL3112865,CC1(C)CN(C(=O)Cc2nc(N3CCOCC3)cc(=O)[nH]2)c2ccccc21,,7.615,4,7.55,7.68,IC50,B,assay format;cell-based format,cell_based,8;9,D;H,2015,,368.437,1.4733999999999996,78.53,1,5,3,4,2,0.45,0.8877237702887278
CHEMBL404556,CHEMBL404556,NC(=O)c1ncc2cc(-c3ccccc3)c(-c3ccc(CN4CCC(c5nnc(-c6ccccn6)[nH]5)CC4)cc3)nc2n1,,7.615,2,7.02,8.21,IC50,B,cell-based format;single protein format,mixed,8;9,D;H,2008,,567.6570000000003,5.017400000000003,139.46,2,8,7,7,6,0.18181818181818182,0.27420619266596513
CHEMBL259163,CHEMBL259163,Cc1c[nH]c2ncnc(N3CC4(CCNCC4)c4ccccc43)c12,,7.615,2,6.91,8.32,IC50,B,cell-based format;single protein format,mixed,8;9,D;H,2008,,319.412,3.039220000000002,56.84,2,4,1,5,3,0.3684210526315789,0.7237148455460697
CHEMBL4285143,CHEMBL4285143,O=C(N1CCN(c2ncnc3[nH]nc(Cl)c23)CC1)C1(c2ccc(Cl)c(Cl)c2)CCNCC1,,7.61,1,7.61,7.61,IC50,B,single protein format,single_protein,9,D,2018,,494.8140000000003,3.283100000000002,90.04,2,6,3,5,3,0.42857142857142855,0.5807165618616567
CHEMBL2177381,CHEMBL2177381,CC(C)NC[C@@H](C(=O)N1CCN(c2ncnc3c2[C@H](C)C[C@H]3F)CC1)c1ccc(Cl)cc1,,7.61,2,6.82,8.4,IC50,B,assay format;cell-based format,cell_based,9,D,2012,,459.9970000000002,4.0782000000000025,61.36000000000001,1,5,6,4,2,0.5416666666666666,0.7048966255952367
CHEMBL211011,CHEMBL211011,CC1(C)C(=O)Nc2ccc(N[C@H](COc3cncc(-c4ccc5c(c4)C(C)(C)C(=O)N5)c3)Cc3c[nH]c4ccccc34)cc21,,7.61,1,7.61,7.61,IC50,B,single protein format,single_protein,9,D,2006,,585.7080000000003,6.791500000000005,108.13999999999999,4,5,8,7,5,0.25,0.16037613942877027
CHEMBL3699752,CHEMBL3699752,Cc1cc(Cl)cn2c(-c3ccccc3)c(-c3ccc(C4(N)CCC4)cc3)nc12,,7.6,2,7.6,7.6,IC50,B,single protein format,single_protein,8;9,D;H,2015,,387.91400000000027,5.9680200000000045,43.32,1,2,3,5,4,0.20833333333333334,0.4703453535517728
CHEMBL472291,CHEMBL472291,NCC(C(=O)Nc1cc(Br)c(-c2ccnc3[nH]ccc23)s1)c1ccccc1,,7.6,1,7.6,7.6,IC50,B,single protein format,single_protein,8,H,2009,,441.3540000000001,4.734900000000002,83.80000000000001,3,4,5,4,4,0.1,0.4186212145153426
CHEMBL3672019,CHEMBL3672019,Nc1ncnc2c1cnn2C1CCN(Cc2ccc(-c3nc4ccnn4cc3-c3ccccc3)cc2)CC1,,7.6,2,7.6,7.6,IC50,B,cell-based format,cell_based,9,D,2015,,501.5980000000002,4.6223000000000045,103.05,1,7,5,7,6,0.20689655172413793,0.3675560204691279
CHEMBL3672079,CHEMBL3672079,CC(C)Nc1c(-c2ccccc2)c(-c2ccc(CN3CC(c4n[nH]c(-c5ccccn5)n4)C3)cc2)nc2nccn12,,7.6,2,7.6,7.6,IC50,B,cell-based format,cell_based,9,D,2015,,541.6630000000002,5.663100000000005,99.92,2,7,8,7,6,0.21875,0.2563540055074453
CHEMBL3672064,CHEMBL3672064,Fc1ccc(-c2cn3c(Cl)cnc3nc2-c2ccc(CN3CCC(c4n[nH]c(-c5ccccn5)n4)CC3)cc2)cc1,,7.6,2,7.6,7.6,IC50,B,cell-based format,cell_based,9,D,2015,,565.0560000000004,6.415500000000007,87.89,1,6,6,7,6,0.1935483870967742,0.2512196909849517
CHEMBL446779,CHEMBL446779,CN1CCN(Cc2nnc3c4cc(-c5ccccc5)c(-c5ccc(CN6CCC(c7n[nH]c(-c8ccccn8)n7)CC6)cc5)nc4ccn23)CC1,,7.6,2,7.2,8.0,IC50,B,cell-based format,cell_based,8;9,D;H,2009,,675.8449999999998,5.918600000000005,107.26,1,9,8,9,7,0.3,0.21019679343073316
CHEMBL3701723,CHEMBL3701723,CC1(O)CC(N)(c2ccc(-c3nc4n(c3-c3ccncc3)COc3cccc(F)c3-4)cc2)C1,,7.6,2,7.6,7.6,IC50,B,cell-based format,cell_based,8;9,D;H,2014,,442.4940000000002,4.466900000000003,86.19,2,5,3,6,4,0.23076923076923078,0.48906798096127313
CHEMBL4108380,CHEMBL4108380,CCc1c(N)ncnc1N1CCC(c2nc(-c3ccc(C(F)(F)F)c(F)c3)cn2CCN2CC[C@@H](F)C2)CC1,,7.6,2,7.6,7.6,IC50,B,single protein format,single_protein,8,H,2015,,549.592,5.070400000000005,76.10000000000001,1,6,7,5,3,0.5185185185185185,0.4150683073790892
CHEMBL453288,CHEMBL453288,CN1CCN(c2ncc3cc(-c4ccccc4)c(-c4ccc(CN5CCC(c6nnc(-c7ncccn7)[nH]6)CC5)cc4)nc3n2)CC1,,7.6,1,7.6,7.6,IC50,B,single protein format,single_protein,8,H,2008,,623.7689999999999,5.065300000000004,115.74000000000001,1,10,7,8,6,0.3055555555555556,0.2586054915818603
CHEMBL5918984,CHEMBL5918984,N#C/C(=C\C1CC1)C(=O)Nc1cccc(C(=O)NC2CCN(Cc3ccc(-c4nc5cc[nH]c(=O)c5cc4-c4ccccc4)cc3)CC2)c1,,7.6,2,7.34,7.86,IC50;Ki,B,single protein format,single_protein,8,H,2020,,648.7670000000003,6.449980000000005,130.98,3,6,9,7,5,0.225,0.12442492914227818
CHEMBL512305,CHEMBL512305,NCC(NC(=O)c1cc(-c2c[nH]c3ncccc23)cs1)c1ccccc1,,7.6,1,7.6,7.6,IC50,B,single protein format,single_protein,8,H,2009,,362.4580000000001,3.7212000000000023,83.8,3,4,5,4,4,0.1,0.5058069716814868
CHEMBL3672525,CHEMBL3672525,CS(=O)(=O)c1cccc(-c2ccc3c(c2)nn2cc(-c4ccccc4)c(-c4ccc(C5(N)CCC5)cc4)nc32)c1,,7.6,2,7.6,7.6,IC50,B,single protein format,single_protein,8;9,D;H,2015,,544.6800000000003,6.624900000000006,90.35,1,5,5,7,6,0.15151515151515152,0.26325027558377256
CHEMBL5194492,CHEMBL5194492,CC(C)NC[C@@H](C(=O)N1CCN(c2ncnc3c2C[C@H](C)C(=O)N3)CC1)c1ccc(Cl)cc1,,7.6,1,7.6,7.6,IC50,B,cell-based format,cell_based,9,D,2022,,471.0050000000002,2.6911000000000005,90.46000000000001,2,6,6,4,2,0.5,0.6742175144152964
CHEMBL1076565,CHEMBL1076565,N[C@H](CNc1nnc(-c2ccc3[nH]ncc3c2)s1)Cc1cccc(C(F)(F)F)c1,,7.6,1,7.6,7.6,IC50,B,single protein format,single_protein,8,H,2010,,418.44800000000015,4.082100000000002,92.51,3,6,6,4,4,0.21052631578947367,0.43878866311424086
CHEMBL6037428,CHEMBL6037428,CCOc1cc(C(=O)OC)nn2c(-c3ccccc3)c(-c3ccc(C4(N)CCC4)cc3)nc12,,7.6,1,7.6,7.6,IC50,B,single protein format,single_protein,8,H,2017,,442.5190000000003,4.586500000000004,91.74,1,6,6,5,4,0.2692307692307692,0.43939052293486436
CHEMBL1257178,CHEMBL1257178,Cc1ccc(-c2nc3c(C)nc(N)nc3n(C3CCOCC3)c2=O)cn1,,7.6,1,7.6,7.6,IC50,B,cell-based format,cell_based,9,D,2010,,352.39800000000014,1.7990400000000002,108.81000000000002,1,7,2,4,3,0.3888888888888889,0.7487147585977065
CHEMBL513728,CHEMBL513728,NC[C@@H](Cc1ccccc1)NC(=O)c1cc(Br)c(-c2ccnc3[nH]ccc23)s1,,7.6,2,7.5,7.7,IC50;Ki,B,single protein format,single_protein,8,H,2009,,455.3810000000001,4.353700000000003,83.79999999999998,3,4,6,4,4,0.14285714285714285,0.4042512481600572
CHEMBL442718,CHEMBL442718,c1ccc(-c2cc3cnc(N4CCCCC4)nc3nc2-c2ccc(CN3CCC(c4nnc(-c5ccccn5)[nH]4)CC3)cc2)cc1,,7.595000000000001,2,7.44,7.75,IC50,B,cell-based format;single protein format,mixed,8,H,2008,,607.7660000000001,6.908800000000007,99.61000000000001,1,8,7,8,6,0.2972972972972973,0.2090775364870238
CHEMBL259968,CHEMBL259968,c1ccc(-c2cc3ccncc3nc2-c2ccc(CN3CCC(c4n[nH]c(-c5ccccn5)n4)CC3)cc2)cc1,,7.595,2,7.51,7.68,IC50,B,cell-based format;single protein format,mixed,8,H,2008,,523.6440000000002,6.5235000000000065,83.48,1,6,6,7,6,0.18181818181818182,0.26746950056461244
CHEMBL1632382,CHEMBL1632382,Cc1ccc(CC(CNC(C)C)C(=O)N2CCN(c3ncnc4c3[C@H](C)SC4)CC2)cc1,,7.595,2,6.67,8.52,IC50,B,cell-based format;single protein format,mixed,8,H,2010,,453.65600000000023,3.598320000000002,61.36000000000001,1,6,7,4,2,0.56,0.6912709797451969
CHEMBL2177367,CHEMBL2177367,CO[C@H]1CC[C@H](NC[C@@H](C(=O)N2CCN(c3ncnc4c3[C@H](C)C[C@H]4O)CC2)c2ccc(Cl)cc2)CC1,,7.59,2,6.88,8.3,IC50,B,assay format;cell-based format,cell_based,9,D,2012,,528.0970000000001,3.6502000000000034,90.82000000000001,2,7,7,5,2,0.6071428571428571,0.5676411527682081
CHEMBL2375967,CHEMBL2375967,Cc1nc(N)nc2c1cc(-c1cn[nH]c1)c(=O)n2[C@H]1CC[C@H](OCO)CC1,,7.59,1,7.59,7.59,IC50,B,cell-based format,cell_based,9,D,2013,,370.41300000000024,1.5223199999999995,131.94,3,7,4,4,3,0.4444444444444444,0.5932010379438973
CHEMBL403356,CHEMBL403356,CSc1ncc2cc(-c3ccccc3)c(-c3ccc(CN4CCC(c5nnc(N)s5)CC4)cc3)nc2n1,,7.585,2,7.1,8.07,IC50,B,cell-based format;single protein format,mixed,8;9,D;H,2008,,525.7070000000003,5.8940000000000055,93.71000000000001,1,9,6,6,5,0.25,0.21651013619138135
CHEMBL3672034,CHEMBL3672034,Fc1ccc(-c2cn3ccnc3nc2-c2ccc(CN3CC(c4n[nH]c(-c5ccccn5)n4)C3)cc2)cc1,,7.58,2,7.58,7.58,IC50,B,cell-based format,cell_based,9,D,2015,,502.5570000000002,4.981900000000003,87.89,1,6,6,7,6,0.13793103448275862,0.3456180582235546
CHEMBL3703111,CHEMBL3703111,NC1(c2ccc(-c3nc4cc(-c5nn[nH]n5)ccn4c3-c3ccccc3)cc2)CCC1,,7.58,2,7.58,7.58,IC50,B,single protein format,single_protein,8;9,D;H,2015,,407.4810000000002,4.186300000000003,97.77999999999999,2,5,4,6,5,0.16666666666666666,0.4655614808700189
CHEMBL3696294,CHEMBL3696294,Cn1c(CC(=O)Nc2ccc(F)c(C3CC3)c2)nc(N2CCOCC2)cc1=O,,7.58,2,7.58,7.58,IC50,B,assay format;cell-based format,cell_based,8;9,D;H,2015,,386.42700000000025,1.8146,76.46000000000001,1,5,5,4,2,0.45,0.8483107173167171
CHEMBL3699796,CHEMBL3699796,CN(C)C[C@H]1CN(C(=O)Cc2nc(N3CCOCC3)cc(=O)[nH]2)c2ccccc21,,7.58,2,7.58,7.58,IC50,B,assay format;cell-based format,cell_based,8;9,D;H,2015,,397.4790000000001,0.8410000000000006,81.76999999999998,1,6,5,4,2,0.47619047619047616,0.8053614229789705
CHEMBL4212569,CHEMBL4212569,O=C(N1CCN(c2ncnc3[nH]ccc23)CC1)C1(c2ccc(Cl)cc2)CCNCC1,,7.58,1,7.58,7.58,IC50,B,single protein format,single_protein,9,D,2017,,424.93600000000015,2.5812999999999997,77.15,2,5,3,5,3,0.4090909090909091,0.6753747007415977
CHEMBL6057877,CHEMBL6057877,Cc1c(C(N)=O)nn2c(-c3ccccc3)c(-c3ccc(C4(N)CCC4)cc3)nc2c1C,,7.58,1,7.58,7.58,IC50,B,single protein format,single_protein,8,H,2017,,411.5090000000003,4.116940000000003,99.3,2,4,4,5,4,0.24,0.5275999176626887
CHEMBL381187,CHEMBL381187,N[C@@H](COc1cncc(-c2ccc3cnccc3c2)c1)Cc1c[nH]c2ccccc12,,7.58,1,7.58,7.58,IC50,B,single protein format,single_protein,9,D,2006,,394.4780000000001,4.726900000000003,76.82,2,4,6,5,5,0.12,0.4365759404347882
CHEMBL5316197,CHEMBL5316197,Cc1cccc2c1OCn1c-2nc(-c2ccc(C3(N)CC(O)(C4CC4)C3)cc2)c1-c1ccccc1,,7.58,2,7.58,7.58,IC50,B,cell-based format,cell_based,8;9,D;H,2014,,463.58100000000024,5.631320000000005,73.3,2,4,4,7,4,0.3,0.4113122207075698
CHEMBL3699779,CHEMBL3699779,Cc1cccc2c1CCN2C(=O)Cc1nc(N2CCOCC2)cc(=O)n1C,,7.58,2,7.58,7.58,IC50,B,assay format;cell-based format,cell_based,8;9,D;H,2015,,368.4370000000001,1.0571199999999998,67.67,0,5,3,4,2,0.45,0.810379593124202
CHEMBL1761088,CHEMBL1761088,CCOCCN(C[C@@H](O)CN1CCCC2(CCc3cc(C(N)=O)ccc3O2)C1)S(=O)(=O)c1c(C)cccc1C,,7.58,1,7.58,7.58,IC50,B,single protein format,single_protein,8,H,2011,,559.7290000000003,2.650240000000001,122.4,2,7,11,4,2,0.5517241379310345,0.40601710386171
CHEMBL4868168,CHEMBL5028748,Cn1nccc1-c1cc(F)c(C(=O)N[C@@H]2CNCC[C@H]2c2ccc(F)c(F)c2)c(F)c1,,7.58,1,7.58,7.58,IC50,B,cell-based format,cell_based,9,D,2021,,432.4210000000001,3.519000000000002,58.95,2,3,4,4,3,0.2727272727272727,0.6206740151405316
CHEMBL3945651,CHEMBL3945651,CN1CCC2(CC1)CN(C(=O)Cc1nc(N3CCOCC3)cc(=O)[nH]1)c1ccccc12,,7.58,2,7.58,7.58,IC50,B,assay format;cell-based format,cell_based,8,H,2015,,423.51700000000017,1.1592000000000002,81.76999999999998,1,6,3,5,2,0.5217391304347826,0.798015073767016
CHEMBL5188472,CHEMBL5188472,CC(C)NC[C@@H](C(=O)N1CCN(c2ncnc3c2[C@H](C)CC(=O)N3)[C@H](C)C1)c1ccc(Cl)cc1,,7.58,1,7.58,7.58,IC50,B,cell-based format,cell_based,9,D,2022,,485.03200000000027,3.3946000000000023,90.46000000000001,2,6,6,4,2,0.52,0.6527504975457132
CHEMBL3950222,CHEMBL3950222,O=C(Cc1nc(N2CCOCC2)cc(=O)[nH]1)N1CC2(CC2)c2ccccc21,,7.58,2,7.58,7.58,IC50,B,assay format;cell-based format,cell_based,8,H,2015,,366.42100000000016,1.2274000000000005,78.53,1,5,3,5,2,0.45,0.8839430648084364
CHEMBL3974022,CHEMBL3974022,COCCN(C)CCn1cc(-c2ccc(F)c(C(F)(F)F)c2)nc1C1CCN(c2ncnc(N)c2C#N)CC1,,7.58,2,7.58,7.58,IC50,B,single protein format,single_protein,8,H,2015,,546.5730000000001,3.914080000000003,109.12,1,8,9,4,3,0.46153846153846156,0.40264287412860783
CHEMBL5088272,CHEMBL5088272,Cc1ncsc1-c1ccc(CNC(=O)[C@@H]2C[C@@H](O)CN2C(=O)[C@@H](NC(=O)CCCCCCCCCCC(=O)N2CCN(CC[C@H](NC(=O)C3(N)CCN(c4ncnc5[nH]ccc45)CC3)c3ccc(Cl)cc3)CC2)C(C)(C)C)cc1,,7.58,1,7.58,7.58,Kd,B,single protein format,single_protein,9,D,2022,,1121.8949999999988,7.442820000000007,235.10999999999999,6,13,24,8,5,0.559322033898305,0.03310175540936897
CHEMBL3672087,CHEMBL3672087,CSc1nc2nc(-c3ccc(CN4CCC(c5n[nH]c(-c6cnccn6)n5)CC4)cc3)c(-c3ccccc3)cn2n1,,7.58,2,7.58,7.58,IC50,B,cell-based format,cell_based,9,D,2015,,560.6910000000001,5.1349000000000045,113.67,1,9,7,7,6,0.23333333333333334,0.26531669342412467
CHEMBL494060,CHEMBL494060,CCn1c(-c2nonc2N)nc2c(C#CC(C)(C)O)ncc(OCCCNCCc3ccc(OC)cc3)c21,,7.575,2,6.85,8.3,IC50,B,cell-based format;single protein format,mixed,9,D,2008,,519.6060000000003,2.8156000000000008,146.37,3,10,11,4,4,0.4074074074074074,0.19961153304746634
CHEMBL442919,CHEMBL442919,OCCNCc1nnc2c3cc(-c4ccccc4)c(-c4ccc(CN5CCC(c6n[nH]c(-c7ccccn7)n6)CC5)cc4)nc3ccn12,,7.574999999999999,2,7.38,7.77,IC50,B,cell-based format,cell_based,8;9,D;H,2009,,636.764,5.253100000000004,133.04,3,9,10,8,7,0.24324324324324326,0.17218941301364055
CHEMBL2177372,CHEMBL2177372,CC(C)NC[C@@H](C(=O)N1CCN(c2ncnc3c2[C@H](C)C[C@H]3O)CC1)c1ccc(Cl)c(F)c1,,7.574999999999999,2,6.63,8.52,IC50,B,assay format;cell-based format,cell_based,9,D,2012,,475.9960000000002,3.2401000000000018,81.59,2,6,6,4,2,0.5416666666666666,0.6671861972054565
CHEMBL3701730,CHEMBL3701730,NC1(c2ccc(-c3nc4n(c3-c3ccsc3)COc3ccccc3-4)cc2)CCC1,,7.57,2,7.57,7.57,IC50,B,cell-based format,cell_based,8;9,D;H,2014,,399.5190000000002,5.6334000000000035,53.06999999999999,1,4,3,6,4,0.20833333333333334,0.4854208603058494
CHEMBL2177379,CHEMBL2177379,C[C@@H]1C[C@@H](O)c2ncnc(N3CCN(C(=O)[C@@H](c4ccc(Cl)cc4)[C@@H]4CCCN4)CC3)c21,,7.57,2,6.62,8.52,IC50,B,assay format;cell-based format,cell_based,9,D,2012,,455.9900000000003,2.8550000000000013,81.59,2,6,4,5,2,0.5416666666666666,0.7373768272414123
CHEMBL3916280,CHEMBL3916280,CC1Cc2c(Cl)cccc2N1C(=O)Cc1nc(N2CCOCC2)c(F)c(=O)[nH]1,,7.57,4,7.42,7.72,IC50,B,assay format;cell-based format,cell_based,8,H,2015,,406.8450000000002,1.9192999999999996,78.53,1,5,3,4,2,0.42105263157894735,0.8421233584304713
CHEMBL4211584,CHEMBL4211584,O=C(N1CCN(c2ncnc3[nH]ccc23)CC1)C1(c2ccc(Br)cc2)CCNCC1,,7.57,1,7.57,7.57,IC50,B,single protein format,single_protein,9,D,2017,,469.38700000000017,2.6904000000000003,77.15,2,5,3,5,3,0.4090909090909091,0.6172013742151681
CHEMBL3672491,CHEMBL3672491,NC(=O)c1ccc(-c2cnc3cc(-c4ccccc4)c(-c4ccc(C5(N)CCC5)cc4)nn23)cc1,,7.57,2,7.57,7.57,IC50,B,cell-based format,cell_based,9,D,2015,,459.5530000000003,5.167100000000004,99.3,2,4,5,6,5,0.13793103448275862,0.3788109314452017
CHEMBL3942663,CHEMBL3942663,NC(=O)c1c(N)ncnc1N1CCC(c2nc(-c3ccc(F)c(C(F)(F)F)c3)cn2CC2CNC2)CC1,,7.57,2,7.57,7.57,IC50,B,single protein format,single_protein,8,H,2015,,518.5190000000001,2.7825000000000006,127.97999999999999,3,7,6,5,3,0.4166666666666667,0.42834063640768527
CHEMBL4281435,CHEMBL4281435,O=C(N1CCN(c2ncnc3[nH]nc(Br)c23)CC1)C1(c2ccc(Cl)cc2)CCNCC1,,7.57,1,7.57,7.57,IC50,B,single protein format,single_protein,9,D,2018,,504.8200000000004,2.7388000000000003,90.04,2,6,3,5,3,0.42857142857142855,0.5700662565452378
CHEMBL3696308,CHEMBL3696308,O=C(Cc1nc(N2CCOCC2)cc(=O)[nH]1)N1c2ccccc2CC1CO,,7.57,2,7.57,7.57,IC50,B,assay format;cell-based format,cell_based,8;9,D;H,2015,,370.4090000000001,0.09920000000000068,98.76,2,6,4,4,2,0.42105263157894735,0.792076654426689
CHEMBL1632386,CHEMBL1632386,C[C@@H]1SCc2ncnc(N3CCN(C(=O)C(Cc4ccc(Cl)c(F)c4)CC4(N)CC4)CC3)c21,,7.56,2,6.6,8.52,IC50,B,cell-based format;single protein format,mixed,8,H,2010,,490.04800000000034,3.9658000000000024,75.35000000000001,1,6,6,5,2,0.5416666666666666,0.6614530119512911
CHEMBL4574492,CHEMBL4574492,Cn1ncc(Cl)c1-c1ccc(C(=O)N[C@@H]2CNCC[C@H]2c2ccc(F)c(F)c2)cc1,,7.56,1,7.56,7.56,IC50,B,assay format,other,9,D,2019,,430.8860000000002,3.8942000000000023,58.95,2,3,4,4,3,0.2727272727272727,0.65977077506628
CHEMBL3701738,CHEMBL3701738,CCOc1cccc2c1-c1nc(-c3ccc(C4(N)CC(O)(C5CC5)C4)cc3)c(-c3ccccc3)n1CO2,,7.55,2,7.55,7.55,IC50,B,cell-based format,cell_based,8;9,D;H,2014,,493.60700000000026,5.721600000000007,82.53000000000002,2,5,6,7,4,0.3225806451612903,0.35891665681403884
CHEMBL5979553,CHEMBL5979553,NC1(C(=O)NC(Cc2nccs2)c2ccc(Cl)cc2)CCN(c2ncnc3[nH]ccc23)CC1,,7.55,1,7.55,7.55,IC50,B,single protein format,single_protein,8,H,2016,,482.01300000000026,3.465700000000002,112.82,3,7,6,5,4,0.30434782608695654,0.3884198471815548
CHEMBL3891427,CHEMBL3891427,Nc1ncnc(N2CCC(c3nc(-c4ccc(C(F)(F)F)c(F)c4)cn3CCN3CCCCC3)CC2)c1C1CCC1,,7.55,2,7.55,7.55,IC50,B,single protein format,single_protein,8,H,2015,,571.6670000000003,6.217600000000006,76.10000000000001,1,6,7,6,3,0.5666666666666667,0.33969639840103655
CHEMBL1254115,CHEMBL1254115,CC(C)(C)n1nc(Cc2cccc(I)c2)c2c(N)ncnc21,,7.55,1,7.55,7.55,IC50,B,cell-based format,cell_based,8,H,2009,,407.2590000000001,3.358900000000001,69.62,1,4,2,3,3,0.3125,0.6619264759846679
CHEMBL3672053,CHEMBL3672053,Cc1nc2nc(-c3ccc(CN4CCC(c5n[nH]c(-c6ccccn6)n5)CC4)cc3)c(-c3cccc(F)c3)cn2n1,,7.55,2,7.55,7.55,IC50,B,cell-based format,cell_based,9,D,2015,,545.6260000000001,5.465520000000005,100.78,1,7,6,7,6,0.22580645161290322,0.2963838407747309
CHEMBL1080569,CHEMBL1080569,N[C@H](CNc1nnc(-c2ccc3cnccc3c2)s1)Cc1ccc(C(F)(F)F)cc1,,7.545,4,6.16,8.52,IC50,B,cell-based format;single protein format,mixed,8;9,D;H,2010,,429.4710000000001,4.754000000000003,76.72,2,6,6,4,4,0.19047619047619047,0.46243522327987535
CHEMBL5190647,CHEMBL5190647,CC(C)NC[C@@H](C(=O)N1CCN(c2ncnc3c2[C@H](C)CC(=O)N3)C[C@H]1C)c1ccc(Cl)cc1,,7.54,1,7.54,7.54,IC50,B,cell-based format,cell_based,9,D,2022,,485.03200000000027,3.3946000000000023,90.46000000000001,2,6,6,4,2,0.52,0.6527504975457132
CHEMBL3672036,CHEMBL3672036,Cc1cccc(-c2nc(C3CN(Cc4ccc(-c5nc6nc(C)nn6cc5-c5ccc(F)cc5F)cc4)C3)n[nH]2)n1,,7.54,2,7.54,7.54,IC50,B,cell-based format,cell_based,9,D,2015,,549.5890000000002,5.132840000000004,100.78000000000002,1,7,6,7,6,0.2,0.3073313261249137
CHEMBL3954717,CHEMBL3954717,NC(=O)c1c(N)ncnc1N1CCC(c2nc(-c3ccc(F)c(OC(F)F)c3)cn2CCN2CCC2)CC1,,7.54,2,7.54,7.54,IC50,B,single protein format,single_protein,8,H,2015,,530.5550000000002,2.851400000000001,128.42000000000002,2,8,9,5,3,0.44,0.4323307703027651
CHEMBL3699808,CHEMBL3699808,O=C(Cc1nc(N2CCOCC2)cc(=O)[nH]1)Nc1cccc([N+](=O)[O-])c1O,,7.54,2,7.54,7.54,IC50,B,assay format;cell-based format,cell_based,8;9,D;H,2015,,375.3410000000001,0.4014999999999997,150.69,3,8,5,3,2,0.3125,0.38591289217277885
CHEMBL390371,CHEMBL390371,Cc1n[nH]c2ccc(-c3cncc(OC[C@@H](N)Cc4ccccc4Cl)c3)cc12,,7.54,1,7.54,7.54,IC50,B,single protein format,single_protein,9,D,2007,,392.89000000000004,4.535520000000003,76.82,2,4,6,4,4,0.18181818181818182,0.5048327630237109
CHEMBL3937375,CHEMBL3937375,CC(C(=O)N1CCc2c(F)cccc21)c1nc(N2CCOCC2)cc(=O)[nH]1,,7.54,2,7.54,7.54,IC50,B,assay format;cell-based format,cell_based,8,H,2015,,372.4000000000002,1.4384,78.53,1,5,3,4,2,0.42105263157894735,0.882120726264758
CHEMBL3672039,CHEMBL3672039,Cc1cccc(-c2nc(C3CN(Cc4ccc(-c5nc6nc(C7CC7)nn6cc5-c5ccc(F)cc5)cc4)C3)n[nH]2)n1,,7.54,2,7.54,7.54,IC50,B,cell-based format,cell_based,9,D,2015,,557.6370000000001,5.562720000000005,100.78000000000002,1,7,7,8,6,0.25,0.27417493532854187
CHEMBL3931748,CHEMBL3931748,COc1nc(C(N)=O)cn2c(-c3ccccc3)c(-c3ccc(C4(N)CCC4)cc3)nc12,,7.54,2,7.54,7.54,IC50,B,cell-based format,cell_based,8;9,D;H,2016,,413.4810000000002,3.508700000000001,108.53,2,5,5,5,4,0.20833333333333334,0.5204200335638082
CHEMBL3672080,CHEMBL3672080,CNc1c(-c2ccccc2)c(-c2ccc(CN3CC(c4n[nH]c(-c5ccccn5)n4)C3)cc2)nc2nc(-c3ccccn3)nn12,,7.54,2,7.54,7.54,IC50,B,cell-based format,cell_based,9,D,2015,,591.6830000000001,5.341500000000005,125.7,2,9,8,8,7,0.14705882352941177,0.24080222199240978
CHEMBL4518386,CHEMBL4518386,Cn1nccc1-c1coc(C(=O)N[C@@H]2CNCC[C@H]2c2ccc(Cl)cc2)c1,,7.53,1,7.53,7.53,IC50,B,assay format,other,9,D,2019,,384.8670000000001,3.2090000000000014,72.09,2,4,4,4,3,0.3,0.7241187263251677
CHEMBL2376093,CHEMBL2376093,COc1ncc(-c2cc3c(C)nc(N)nc3n([C@H]3CC[C@@H](OCO)CC3)c2=O)cn1,,7.53,1,7.53,7.53,IC50,B,cell-based format,cell_based,9,D,2013,,412.4500000000002,1.5978199999999998,138.26999999999998,2,9,5,4,3,0.45,0.5981888048626207
CHEMBL4439720,CHEMBL4439720,Cn1ncc(Br)c1-c1oc(C(=O)N[C@@H]2CNCC[C@H]2c2ccc(Cl)cc2)cc1Br,,7.53,1,7.53,7.53,IC50,B,assay format,other,9,D,2019,,542.6590000000001,4.7340000000000035,72.09,2,4,4,4,3,0.3,0.500059667968621
CHEMBL3914007,CHEMBL3914007,O=C(Cc1nc(N2CCOCC2)cc(=O)[nH]1)N1c2ccccc2CC1c1ccc(F)cc1,,7.529999999999999,4,6.36,8.7,IC50,B,assay format;cell-based format,cell_based,8,H,2015,,434.4710000000001,2.6187000000000005,78.53,1,5,4,5,3,0.2916666666666667,0.6831304447691766
CHEMBL2177374,CHEMBL2177374,C[C@@H]1C[C@@H](O)c2ncnc(N3CCN(C(=O)[C@H](CNCC4CC4)c4ccc(Cl)cc4)CC3)c21,,7.525,2,6.75,8.3,IC50,B,assay format;cell-based format,cell_based,9,D,2012,,470.0170000000002,3.1026000000000016,81.59,2,6,7,5,2,0.56,0.6481128019522313
CHEMBL2177366,CHEMBL2177366,C[C@@H]1C[C@@H](O)c2ncnc(N3CCN(C(=O)[C@H](CNC4CCOCC4)c4ccc(Cl)cc4)CC3)c21,,7.5200000000000005,2,6.74,8.3,IC50,B,assay format;cell-based format,cell_based,9,D,2012,,500.0430000000003,2.8716000000000017,90.82000000000001,2,7,6,5,2,0.5769230769230769,0.6311379543079524
CHEMBL3701739,CHEMBL3701739,CCOc1cccc2c1-c1nc(-c3ccc(C4(N)CC(C)(O)C4)cc3)c(-c3ccccc3)n1CO2,,7.52,2,7.52,7.52,IC50,B,cell-based format,cell_based,8;9,D;H,2014,,467.5690000000002,5.331500000000006,82.53000000000002,2,5,5,6,4,0.27586206896551724,0.4144861353741158
CHEMBL3672077,CHEMBL3672077,Cc1cn2c(NC(C)C)c(-c3ccccc3)c(-c3ccc(CN4CC(c5n[nH]c(-c6ccccn6)n5)C4)cc3)nc2n1,,7.52,2,7.52,7.52,IC50,B,cell-based format,cell_based,9,D,2015,,555.6900000000002,5.971520000000006,99.92,2,7,8,7,6,0.24242424242424243,0.23861924330527445
CHEMBL3414684,CHEMBL3414684,Cc1cc(O)cc2c1NC(C)(CCCC(C)C)CC2,,7.52,1,7.52,7.52,Kd,B,single protein format,single_protein,9,D,2015,,261.40899999999993,4.643720000000004,32.26,2,2,4,2,1,0.6470588235294118,0.7735877602353317
CHEMBL4284849,CHEMBL4284849,O=C(N1CCN(c2ncnc3[nH]nc(Br)c23)CC1)C1(c2ccc(Cl)c(Cl)c2)CCNCC1,,7.52,1,7.52,7.52,IC50,B,single protein format,single_protein,9,D,2018,,539.2650000000002,3.3922000000000017,90.04,2,6,3,5,3,0.42857142857142855,0.5309646989981835
CHEMBL3672559,CHEMBL3672559,NC(=O)/C=C/c1ccc2nn3cc(-c4ccccc4)c(-c4ccc(C5(N)CCC5)cc4)nc3c2c1,,7.52,2,7.52,7.52,IC50,B,single protein format,single_protein,8;9,D;H,2015,,459.55300000000034,5.052900000000005,99.3,2,4,5,6,5,0.13793103448275862,0.35920226943887723
CHEMBL2325730,CHEMBL2325730,NC(=O)C(NC(=O)C1(N)CCN(c2ncnc3[nH]ccc23)CC1)c1ccc(Cl)cc1,,7.52,1,7.52,7.52,IC50,B,single protein format,single_protein,9,D,2013,,427.8960000000002,1.2518000000000011,143.01999999999998,4,6,5,4,3,0.3,0.4821777041895068
CHEMBL5187172,CHEMBL5187172,CC(C)NC[C@@H](C(=O)N1C[C@H]2CC[C@@H](C1)N2c1ncnc2c1N(C)CC(=O)N2)c1ccc(Cl)cc1,,7.52,1,7.52,7.52,IC50,B,cell-based format,cell_based,9,D,2022,,498.0310000000002,2.4797000000000002,93.70000000000002,2,7,6,5,2,0.52,0.6328500014660491
CHEMBL1823654,CHEMBL1823654,O=C(NC(c1ccc(Cl)c(Cl)c1)C1CCNC1)c1ccc2cnccc2c1,,7.52,1,7.52,7.52,IC50,B,single protein format,single_protein,8,H,2011,,400.3090000000001,4.622200000000003,54.02,2,3,4,4,3,0.23809523809523808,0.6720245549334989
CHEMBL1258662,CHEMBL1258662,N[C@H](Cc1ccc(Br)cc1)C(=O)N1CCN(c2ncnc3ccccc23)CC1,,7.52,1,7.52,7.52,IC50,B,single protein format,single_protein,8,H,2010,,440.3450000000002,2.610900000000001,75.35000000000001,1,5,4,4,3,0.2857142857142857,0.6753770013676312
CHEMBL1257401,CHEMBL1257401,N[C@H](Cc1ccc(Cl)cc1)C(=O)N1CCN(c2ncnc3cc(F)ccc23)CC1,,7.52,1,7.52,7.52,IC50,B,single protein format,single_protein,8,H,2010,,413.8840000000001,2.640900000000001,75.35000000000001,1,5,4,4,3,0.2857142857142857,0.7112530203884262
CHEMBL1257283,CHEMBL1257283,Cc1c[nH]c2ncnc(N3CCN(C(=O)[C@H](N)C4Cc5ccccc5C4)CC3)c12,,7.52,1,7.52,7.52,IC50,B,single protein format,single_protein,8,H,2010,,390.4910000000002,1.65722,91.14,2,5,3,5,3,0.4090909090909091,0.709721541285665
CHEMBL3672069,CHEMBL3672069,CNc1c(-c2ccccc2)c(-c2ccc(CN3CC(c4n[nH]c(-c5ccccn5)n4)C3)cc2)nc2nccn12,,7.52,2,7.52,7.52,IC50,B,cell-based format,cell_based,9,D,2015,,513.6090000000002,4.884500000000004,99.92,2,7,7,7,6,0.16666666666666666,0.31368915868047514
CHEMBL1170261,CHEMBL1170261,CCc1c[nH]c2ncnc(N3CC[C@](N)(CNC(=O)c4ccc(F)cc4)C3)c12,,7.52,2,6.19,8.85,IC50,B,cell-based format;single protein format,mixed,8;9,D;H,2010,,382.4430000000001,1.9969999999999999,99.93,3,5,5,4,3,0.35,0.6267075875479695
CHEMBL4126067,CHEMBL4126067,C[C@@H]1CC(=O)Nc2ncnc(N3CCC(c4nc(C5CCOCC5)cn4CCN4CCCC4)CC3)c21,,7.52,2,6.64,8.4,IC50,B,cell-based format,cell_based,9,D,2018,,493.6560000000005,3.492600000000002,88.41000000000001,1,7,6,6,2,0.7037037037037037,0.6589605494030201
CHEMBL3893813,CHEMBL3893813,O=C(Cc1nc(N2CCOCC2)cc(=O)[nH]1)N1c2ccccc2C2CCCC21,,7.52,2,7.52,7.52,IC50,B,assay format;cell-based format,cell_based,8,H,2015,,380.44800000000015,1.8318999999999996,78.53,1,5,3,5,2,0.47619047619047616,0.8790077880293032
CHEMBL1169610,CHEMBL1169610,N[C@]1(CNC(=O)c2ccc(F)cc2)CCN(c2ncnc3[nH]cc(Cl)c23)C1,,7.515000000000001,2,6.44,8.59,IC50,B,cell-based format;single protein format,mixed,8;9,D;H,2010,,388.8340000000001,2.087999999999999,99.93,3,5,4,4,3,0.2777777777777778,0.6351089073724663
CHEMBL2325732,CHEMBL2325732,CC(=O)NCC(NC(=O)C1(N)CCN(c2ncnc3[nH]ccc23)CC1)c1ccc(Cl)cc1,,7.51,1,7.51,7.51,IC50,B,single protein format,single_protein,9,D,2013,,455.95000000000016,1.902600000000001,129.03,4,6,6,4,3,0.36363636363636365,0.44898976891047676
CHEMBL3906193,CHEMBL3906193,N#Cc1c(N)ncnc1N1CCC(c2nc(-c3ccc(F)c(C(F)(F)F)c3)cn2CC2CCN2)CC1,,7.51,2,7.51,7.51,IC50,B,single protein format,single_protein,8,H,2015,,500.50400000000025,3.6977800000000025,108.68,2,7,5,5,3,0.4166666666666667,0.5145023163238585
CHEMBL4578995,CHEMBL4578995,Cn1ncc(Br)c1-c1ccc(C(=O)N[C@@H]2CNCC[C@H]2c2ccc(Cl)cc2)o1,,7.51,1,7.51,7.51,IC50,B,assay format,other,9,D,2019,,463.76300000000026,3.9715000000000025,72.09,2,4,4,4,3,0.3,0.6140032838998086
CHEMBL3944470,CHEMBL3944470,Cn1c(CC(=O)N2CCc3c(F)cccc32)nc(N2CCOCC2)cc1=S,,7.51,2,7.51,7.51,IC50,B,assay format;cell-based format,cell_based,8,H,2015,,388.46800000000025,2.25709,50.60000000000001,0,5,3,4,2,0.42105263157894735,0.7552871761976946
CHEMBL3943041,CHEMBL3943041,COc1ccc(-c2cn(CCN3CCC3)c(C3CCN(c4ncnc(N)c4C#N)CC3)n2)cc1Cl,,7.51,2,7.51,7.51,IC50,B,single protein format,single_protein,8,H,2015,,493.0150000000002,3.5456800000000017,109.11999999999999,1,8,7,5,3,0.44,0.5329571454618336
CHEMBL3672540,CHEMBL3672540,NC1(c2ccc(-c3nc4c5cc(-c6ccc(S(N)(=O)=O)cc6)ccc5nn4cc3-c3ccccc3)cc2)CCC1,,7.51,2,7.51,7.51,IC50,B,single protein format,single_protein,8;9,D;H,2015,,545.668,5.868800000000004,116.36999999999999,2,5,5,7,6,0.125,0.28108706473993184
CHEMBL3950150,CHEMBL3950150,CN(C)CCn1cc(-c2ccc(F)c(C(F)(F)F)c2)nc1C1CCN(c2ncnc(N)c2C2=CCCC2)CC1,,7.51,2,7.51,7.51,IC50,B,single protein format,single_protein,8,H,2015,,543.6130000000002,5.593100000000004,76.10000000000001,1,6,7,5,3,0.4642857142857143,0.39164014983328344
CHEMBL3699736,CHEMBL3699736,COC(=O)c1cc(Cl)c2nc(-c3ccc(C4(N)CCC4)cc3)c(-c3ccccc3)n2c1,,7.51,2,7.51,7.51,IC50,B,single protein format,single_protein,8;9,D;H,2015,,431.92300000000023,5.446200000000005,69.61999999999999,1,4,4,5,4,0.2,0.43623454511030685
CHEMBL3907940,CHEMBL3907940,CCc1c(N)ncnc1N1CCC(c2nc(-c3cncc(Cl)c3)cn2CCN2CCC2)CC1,,7.51,2,7.51,7.51,IC50,B,single protein format,single_protein,8,H,2015,,467.0210000000003,3.6228000000000025,88.99,1,7,7,5,3,0.5,0.5682978234392534
CHEMBL2325985,CHEMBL2325985,NC1(C(=O)NC(Cc2ccccc2)c2ccc(Cl)cc2)CCN(c2ncnc3[nH]ccc23)CC1,,7.51,1,7.51,7.51,IC50,B,single protein format,single_protein,9,D,2013,,474.9960000000003,4.0092000000000025,99.93,3,5,6,5,4,0.2692307692307692,0.39180335234265146
CHEMBL388809,CHEMBL388809,Cc1n[nH]c2ccc(-c3cncc(OC[C@@H](N)Cc4c(F)cc(F)cc4F)c3)cc12,,7.51,1,7.51,7.51,IC50,B,single protein format,single_protein,9,D,2007,,412.415,4.299420000000002,76.82,2,4,6,4,4,0.18181818181818182,0.4951255337399822
CHEMBL3918242,CHEMBL3918242,CC(C)C1Cc2ccccc2N1C(=O)Cc1nc(N2CCOCC2)cc(=O)[nH]1,,7.505000000000001,4,6.61,8.4,IC50,B,assay format;cell-based format,cell_based,8,H,2015,,382.46400000000017,1.7629000000000001,78.53,1,5,4,4,2,0.47619047619047616,0.8718590282682797
CHEMBL3672047,CHEMBL3672047,Cc1nc2nc(-c3ccc(CN4CC(c5n[nH]c(-c6ccccn6)n5)C4)cc3)c(-c3ccccc3)c(NC3CCC3)n2n1,,7.5,2,7.5,7.5,IC50,B,cell-based format,cell_based,9,D,2015,,568.6889999999999,5.510620000000004,112.81,2,8,8,8,6,0.2727272727272727,0.24718583197113697
CHEMBL3931282,CHEMBL3931282,COc1ccccc1-c1cccc2c1CCN2C(=O)Cc1nc(N2CCOCC2)cc(=O)[nH]1,,7.5,2,7.5,7.5,IC50,B,assay format;cell-based format,cell_based,8,H,2015,,446.5070000000003,2.413899999999999,87.75999999999999,1,6,5,5,3,0.32,0.6477639788337783
CHEMBL404347,CHEMBL404347,COc1ncc2cc(-c3ccccc3)c(-c3ccc(CN4CCC(c5nnc(-c6ccccn6)[nH]5)CC4)cc3)nc2n1,,7.5,2,7.37,7.63,IC50,B,cell-based format;single protein format,mixed,8;9,D;H,2008,,554.6580000000002,5.9271000000000065,105.6,1,8,7,7,6,0.21212121212121213,0.2590012295560212
CHEMBL428462,CHEMBL428462,Clc1ccc(C2(c3ccc(-c4cn[nH]c4)cc3)CCNCC2)cc1,,7.5,1,7.5,7.5,IC50,B,single protein format,single_protein,9,D,2023,,337.8540000000001,4.399600000000002,40.71,2,2,3,4,3,0.25,0.743354712308962
CHEMBL523057,CHEMBL523057,CCn1c(-c2nonc2N)nc2c(-c3cc[nH]c3)ncc(OCCCN)c21,,7.5,1,7.5,7.5,IC50,B,single protein format,single_protein,9,D,2008,,368.40100000000024,1.8060999999999998,146.69000000000003,3,8,7,4,4,0.29411764705882354,0.4184198375910653
CHEMBL493251,CHEMBL493251,CCn1c(-c2nonc2N)nc2c(-c3ccc[nH]3)ncc(OCCCN)c21,,7.5,1,7.5,7.5,IC50,B,single protein format,single_protein,9,D,2008,,368.40100000000024,1.8060999999999998,146.69000000000003,3,8,7,4,4,0.29411764705882354,0.4184198375910653
CHEMBL5982628,CHEMBL5982628,C[C@@H](NC(=O)C1(N)CCN(c2ncnc3[nH]ccc23)CC1)c1ccc(Br)cc1,,7.5,1,7.5,7.5,IC50,B,single protein format,single_protein,8,H,2016,,443.3490000000002,2.895500000000002,99.93,3,5,4,4,3,0.35,0.576042533158687
CHEMBL1978448,CHEMBL1978448,CS(=O)(=O)N(Cc1ccc2[nH]c(=O)c3cccn3c2c1)C1CC1,,7.5,1,7.5,7.5,Ki,F,assay format,other,8,H,,,331.39700000000016,1.7047999999999999,74.65,1,3,4,4,3,0.3125,0.7906269395715045
CHEMBL3672058,CHEMBL3672058,Fc1ccc(-c2cn3nc(C4CC4)nc3nc2-c2ccc(CN3CCC(c4n[nH]c(-c5ccccn5)n4)CC3)cc2)cc1,,7.5,2,7.5,7.5,IC50,B,cell-based format,cell_based,9,D,2015,,571.6640000000002,6.034500000000006,100.78,1,7,7,8,6,0.2727272727272727,0.24954186704783107
CHEMBL3977710,CHEMBL3977710,Cc1cc(-c2cn(CCN(C)C)c(C3CCN(c4ncnc(N)c4C(N)=O)CC3)n2)ccc1F,,7.5,2,7.5,7.5,IC50,B,single protein format,single_protein,8,H,2015,,466.5650000000002,2.41432,119.18999999999998,2,7,7,4,3,0.4166666666666667,0.5487267505207981
CHEMBL5752200,CHEMBL5752200,CCOc1ccc2nc(-c3ccc(C4(N)CCC4)cc3)c(-c3ccccc3)n2n1,,7.5,1,7.5,7.5,IC50,B,single protein format,single_protein,8,H,2017,,384.483,4.799900000000004,65.44,1,4,5,5,4,0.25,0.5367055329033495
CHEMBL5870443,CHEMBL5870443,NC1(C(=O)N[C@@H](CCO)c2cccc(Cl)c2)CCN(c2ncnc3[nH]ccc23)CC1,,7.5,1,7.5,7.5,IC50,B,single protein format,single_protein,8,H,2016,,428.9240000000002,2.1488999999999994,120.16,4,6,6,4,3,0.38095238095238093,0.4771433854195004
CHEMBL3945090,CHEMBL3945090,O=C(Cc1nc(N2CCOCC2)cc(=O)[nH]1)N1c2ccccc2CC1c1ccccc1,,7.495000000000001,4,6.69,8.3,IC50,B,assay format;cell-based format,cell_based,8,H,2015,,416.4810000000001,2.4796000000000005,78.53,1,5,4,5,3,0.2916666666666667,0.7070456097554768
CHEMBL455071,CHEMBL455071,CN(C)CCN1CCN(c2ncc3cc(-c4ccccc4)c(-c4ccc(CN5CCC(c6nnc(-c7cc[n+]([O-])cc7)[nH]6)CC5)cc4)nc3n2)CC1,,7.48,1,7.48,7.48,IC50,B,single protein format,single_protein,8,H,2008,,695.876,4.840500000000005,120.14000000000001,1,10,10,8,6,0.35,0.15756096257063018
CHEMBL1773558,CHEMBL1773558,COc1ccc(S(=O)(=O)Nc2cc(-c3ccc4nc(NC(C)=O)sc4c3)ccn2)cc1,,7.48,1,7.48,7.48,IC50,B,cell-based format,cell_based,9,D,2011,,454.53300000000013,4.126100000000002,110.28000000000002,2,7,6,4,4,0.09523809523809523,0.453336983730596
CHEMBL5971138,CHEMBL5971138,NC1(c2ccc(-c3nc4ccc(Br)nn4c3-c3ccccc3)cc2)CCC1,,7.48,1,7.48,7.48,IC50,B,single protein format,single_protein,8,H,2017,,419.3260000000002,5.163700000000003,56.209999999999994,1,3,3,5,4,0.18181818181818182,0.49897425378656884
CHEMBL4282775,CHEMBL4282775,O=C(N1CCN(c2ncnc3[nH]nc(Cl)c23)CC1)C1(c2ccc(Br)cc2)CCNCC1,,7.48,1,7.48,7.48,IC50,B,single protein format,single_protein,9,D,2018,,504.8200000000003,2.7388000000000003,90.04,2,6,3,5,3,0.42857142857142855,0.5700662565452378
CHEMBL3916531,CHEMBL3916531,Cn1c(CC(=O)N2CCc3c(Cl)cccc32)nc(N2CCOCC2)cc1=S,,7.48,2,7.48,7.48,IC50,B,assay format;cell-based format,cell_based,8,H,2015,,404.9230000000003,2.771390000000001,50.60000000000001,0,5,3,4,2,0.42105263157894735,0.7361077258091773
CHEMBL3699716,CHEMBL3699716,NC1(c2ccc(-c3nc4c(Br)cccn4c3-c3ccccc3)cc2)CCC1,,7.48,2,7.48,7.48,IC50,B,single protein format,single_protein,8;9,D;H,2015,,418.3380000000002,5.7687000000000035,43.31999999999999,1,2,3,5,4,0.17391304347826086,0.45920324880763197
CHEMBL3967166,CHEMBL3967166,CNCCn1cc(-c2ccc(F)c(C(F)(F)F)c2)nc1C1CCN(c2ncnc(N)c2C(N)=O)CC1,,7.48,2,7.48,7.48,IC50,B,single protein format,single_protein,8,H,2015,,506.5080000000003,2.7824999999999998,127.97999999999999,3,7,7,4,3,0.391304347826087,0.42060372666905954
CHEMBL255592,CHEMBL255592,Cn1c(=O)n(-c2ccc(C(C)(C)C#N)cc2)c2c3cc(C#Cc4cccnc4)ccc3ncc21,,7.48,1,7.48,7.48,IC50,B,cell-based format,cell_based,9,D,2008,,443.51000000000016,4.473380000000003,76.5,0,4,2,5,5,0.14285714285714285,0.3772610143290607
CHEMBL3672078,CHEMBL3672078,Cc1cccc(-c2nc(C3CN(Cc4ccc(-c5nc6nc(C)cn6c(NC(C)C)c5-c5ccccc5)cc4)C3)n[nH]2)n1,,7.48,2,7.48,7.48,IC50,B,cell-based format,cell_based,9,D,2015,,569.7170000000001,6.279940000000007,99.92,2,7,8,7,6,0.2647058823529412,0.22253059395393002
CHEMBL3979190,CHEMBL3979190,CN(C)CCn1cc(-c2ccc(F)c(C(F)(F)F)c2)nc1C1CCN(c2ncnc(N)c2-c2ccc(C(=O)O)cc2)CC1,,7.48,2,7.48,7.48,IC50,B,single protein format,single_protein,8,H,2015,,597.6170000000002,5.391000000000004,113.40000000000002,2,7,8,5,4,0.3333333333333333,0.2601381698316398
CHEMBL3701745,CHEMBL3701745,CCC1(O)CC(N)(c2ccc(-c3nc4n(c3-c3ccccc3)COc3cccnc3-4)cc2)C1,,7.48,2,7.48,7.48,IC50,B,cell-based format,cell_based,8;9,D;H,2014,,438.5310000000002,4.717900000000003,86.19,2,5,4,6,4,0.25925925925925924,0.4815885620481875
CHEMBL1170445,CHEMBL1170445,N[C@]1(CNC(=O)c2ccc(Cl)cc2)CCN(c2ncnc3[nH]cc(Cl)c23)C1,,7.470000000000001,2,6.46,8.48,IC50,B,cell-based format;single protein format,mixed,8;9,D;H,2010,,405.28900000000004,2.6023000000000005,99.93,3,5,4,4,3,0.2777777777777778,0.6197974669055628
CHEMBL471034,CHEMBL471034,NCC(NC(=O)c1ccc(-c2ccnc3[nH]ccc23)s1)c1ccccc1,,7.470000000000001,2,6.72,8.22,IC50,B,cell-based format;single protein format,mixed,8,H,2009;2011,,362.458,3.7212000000000023,83.79999999999998,3,4,5,4,4,0.1,0.5058069716814868
CHEMBL2177363,CHEMBL2177363,C[C@@H]1C[C@@H](O)c2ncnc(N3CCN(C(=O)[C@H](CN4CCC(F)CC4)c4ccc(Cl)cc4)CC3)c21,,7.465,2,6.71,8.22,IC50,B,assay format;cell-based format,cell_based,9,D,2012,,502.0340000000003,3.536900000000003,72.8,1,6,5,5,2,0.5769230769230769,0.6753602006049699
CHEMBL448826,CHEMBL448826,C[C@@H]1CN(c2ncc3cc(-c4ccccc4)c(-c4ccc(CN5CCC(c6nnc(-c7ccccn7)[nH]6)CC5)cc4)nc3n2)C[C@H](C)O1,,7.465,2,7.38,7.55,IC50,B,cell-based format;single protein format,mixed,8,H,2008,,637.7920000000001,6.532100000000009,108.84000000000002,1,9,7,8,6,0.3157894736842105,0.2089462520911908
CHEMBL252456,CHEMBL252456,CSc1ncc2cc(-c3ccccc3)c(-c3ccc(CNCCC(=O)c4ccccc4N)cc3)nc2n1,,7.465,2,7.11,7.82,IC50,B,cell-based format;single protein format,mixed,8,H,2008,,505.64700000000033,6.025500000000005,93.79,2,7,9,5,5,0.13333333333333333,0.08308672985049759
CHEMBL4553900,CHEMBL4553900,CC(=O)NC1(c2ccc(-n3c(-c4cccnc4N)nc4ccc(-c5ccccc5)nc43)cc2)CCC1,,7.46,1,7.46,7.46,IC50,B,cell-based format,cell_based,9,D,2016,,474.56800000000027,5.247000000000003,98.72,2,5,5,6,5,0.1724137931034483,0.36262440305200855
CHEMBL3984868,CHEMBL3984868,O=C(Cc1nc(N2CCOC(CF)C2)cc(=O)[nH]1)N1CCc2c(F)cccc21,,7.46,4,7.24,7.68,IC50,B,assay format;cell-based format,cell_based,8,H,2015,,390.39000000000016,1.2154999999999994,78.53,1,5,4,4,2,0.42105263157894735,0.8493644843954942
CHEMBL1081296,CHEMBL1081296,N[C@H](CNc1ncc(-c2ccc3cncnc3c2)s1)Cc1ccc(C(F)(F)F)cc1,,7.46,1,7.46,7.46,IC50,B,single protein format,single_protein,8,H,2010,,429.4710000000001,4.754000000000003,76.72,2,6,6,4,4,0.19047619047619047,0.46243522327987535
CHEMBL4517319,CHEMBL4517319,NC(=O)C1(c2ccc(-n3c(-c4cccnc4N)nc4ccc(-c5ccccc5)nc43)cc2)CCC1,,7.46,1,7.46,7.46,IC50,B,cell-based format,cell_based,9,D,2016,,460.5410000000002,4.638700000000003,112.71000000000001,2,5,5,6,5,0.14285714285714285,0.39674661670897904
CHEMBL3696301,CHEMBL3696301,O=C(Cc1nc(N2CCOCC2)cc(=O)[nH]1)N1CCc2ccc(F)cc21,,7.46,2,7.46,7.46,IC50,B,assay format;cell-based format,cell_based,8;9,D;H,2015,,358.3730000000001,0.8774000000000002,78.53,1,5,3,4,2,0.3888888888888889,0.8812034923090539
CHEMBL3672523,CHEMBL3672523,NC1(c2ccc(-c3nc4c5ccc(-c6ccc(F)c(O)c6)cc5nn4cc3-c3ccccc3)cc2)CCC1,,7.46,2,7.46,7.46,IC50,B,single protein format,single_protein,8;9,D;H,2015,,500.5770000000002,7.066100000000006,76.44,2,4,4,7,6,0.125,0.27151815140121377
CHEMBL3701744,CHEMBL3701744,NC1(c2ccc(-c3nc4n(c3-c3ccccc3)COc3cccnc3-4)cc2)CCC1,,7.46,2,7.46,7.46,IC50,B,cell-based format,cell_based,8;9,D;H,2014,,394.4780000000002,4.966900000000003,65.96,1,4,3,6,4,0.2,0.5329126873193668
CHEMBL3897578,CHEMBL3897578,Cn1c(CC(=O)N2CC(C)(C)c3c(Cl)cccc32)nc(N2CCOCC2)cc1=O,,7.46,2,7.46,7.46,IC50,B,assay format;cell-based format,cell_based,8,H,2015,,416.9090000000003,2.1372,67.67000000000002,0,5,3,4,2,0.47619047619047616,0.7664086172031233
CHEMBL505848,CHEMBL505848,CN(C)CCN1CCN(c2ncc3cc(-c4ccccc4)c(-c4ccc(CN5CCC(c6nnc(-c7ncccn7)[nH]6)CC5)cc4)nc3n2)CC1,,7.46,1,7.46,7.46,IC50,B,single protein format,single_protein,8,H,2008,,680.8649999999999,4.997100000000005,118.98000000000002,1,11,10,8,6,0.358974358974359,0.21072035873464112
CHEMBL5823462,CHEMBL5823462,NC1(c2ccc(-c3nc4c(-c5ncc[nH]5)cc(Cl)nn4c3-c3ccccc3)cc2)CCC1,,7.46,1,7.46,7.46,IC50,B,single protein format,single_protein,8,H,2017,,440.9380000000002,5.444700000000003,84.89,2,4,4,6,5,0.16,0.3891027972200863
CHEMBL3699797,CHEMBL3699797,COCCOc1cc(F)ccc1NC(=O)Cc1nc(N2CCOCC2)cc(=O)[nH]1,,7.46,2,7.46,7.46,IC50,B,assay format;cell-based format,cell_based,8;9,D;H,2015,,406.4140000000002,0.9519999999999997,105.78,2,7,8,3,2,0.42105263157894735,0.6290264649995135
CHEMBL1632371,CHEMBL1632371,CC1SCc2ncnc(N3CCN(C(=O)[C@H](N)Cc4ccc(Cl)cc4)CC3)c21,,7.455,2,6.51,8.4,IC50,B,cell-based format;single protein format,mixed,8,H,2010,,417.9660000000002,2.6564000000000005,75.35000000000001,1,6,4,4,2,0.45,0.8237440317413228
CHEMBL4877044,CHEMBL5029018,Cn1nccc1-c1cc(F)c(C(=O)N[C@@H]2CNCC[C@H]2c2ccc(F)cc2)cc1F,,7.45,1,7.45,7.45,IC50,B,cell-based format,cell_based,9,D,2021,,414.4310000000001,3.379900000000002,58.95,2,3,4,4,3,0.2727272727272727,0.6883069589354835
CHEMBL3649681,CHEMBL3649681,NC1(c2ccc(-n3c(-c4cccc(F)c4)nc4ccc(-c5cccc(N6CCOCC6)c5)nc43)cc2)CCC1,,7.45,2,7.45,7.45,IC50,B,single protein format,single_protein,8;9,D;H,2014,,519.6240000000004,6.068100000000005,69.2,1,5,5,7,5,0.25,0.30535744946627613
CHEMBL4217489,CHEMBL4217489,COc1ccc(C2(C(=O)N3CCN(c4ncnc5[nH]ccc45)CC3)CCNCC2)cc1,,7.45,1,7.45,7.45,IC50,B,single protein format,single_protein,9,D,2017,,420.5170000000002,1.9364999999999988,86.38,2,6,4,5,3,0.43478260869565216,0.6709373343204589
CHEMBL4545734,CHEMBL4595309,Cn1ncc(Cl)c1-c1csc(C(=O)N[C@@H]2CNCC[C@H]2c2ccc(Cl)c(C(F)(F)F)c2)c1,,7.45,1,7.45,7.45,IC50,B,assay format,other,9,D,2019,,503.3770000000001,5.349700000000004,58.95,2,4,4,4,3,0.3333333333333333,0.5050057545597917
CHEMBL4465905,CHEMBL4465905,Cn1ncc(Br)c1-c1coc(C(=O)N[C@@H]2CNCC[C@H]2c2ccc(Cl)cc2)c1,,7.45,1,7.45,7.45,IC50,B,assay format,other,9,D,2019,,463.76300000000015,3.9715000000000025,72.09,2,4,4,4,3,0.3,0.614003283899809
CHEMBL252856,CHEMBL252856,CSc1ncc2cc(-c3ccccc3)c(-c3ccc(CN4CCC(C(=O)Nc5ccncc5)CC4)cc3)nc2n1,,7.445,2,6.88,8.01,IC50,B,cell-based format;single protein format,mixed,8;9,D;H,2008,,546.7000000000003,6.326400000000007,83.9,1,7,7,6,5,0.21875,0.18871455941998375
CHEMBL508754,CHEMBL508754,C[C@H]1CN(c2ncc3cc(-c4ccccc4)c(-c4ccc(CN5CCC(c6nnc(-c7ccccn7)[nH]6)CC5)cc4)nc3n2)CCN1,,7.445,2,7.12,7.77,IC50,B,cell-based format;single protein format,mixed,8,H,2008,,622.7810000000001,5.716600000000006,111.64000000000001,2,9,7,8,6,0.2972972972972973,0.23105651728036422
CHEMBL3703131,CHEMBL3703131,NC1(c2ccc(-c3nc4ccc(Cl)cn4c3-c3ccccc3)cc2)CCC1,,7.44,2,7.44,7.44,IC50,B,single protein format,single_protein,8;9,D;H,2015,,373.88700000000017,5.659600000000003,43.31999999999999,1,2,3,5,4,0.17391304347826086,0.5031616446459027
CHEMBL3672484,CHEMBL3672484,NC1(c2ccc(-c3nn4c(-c5ccc(F)cc5)cnc4cc3-c3ccccc3)cc2)CCC1,,7.44,2,7.44,7.44,IC50,B,cell-based format,cell_based,9,D,2015,,434.51800000000026,6.2073000000000045,56.209999999999994,1,3,4,6,5,0.14285714285714285,0.3659702065763823
CHEMBL3699696,CHEMBL3699696,COc1ccc2nc(-c3ccc(C4(N)CCC4)cc3)c(-c3ccccc3)n2c1,,7.44,2,7.44,7.44,IC50,B,single protein format,single_protein,8;9,D;H,2015,,369.468,5.014800000000005,52.55,1,3,4,5,4,0.20833333333333334,0.5497495035923748
CHEMBL5986276,CHEMBL5986276,CC(=O)c1ccc2nc(-c3ccc(C4(N)CCC4)cc3)c(-c3ccccc3)n2n1,,7.44,1,7.44,7.44,IC50,B,single protein format,single_protein,8,H,2017,,382.46700000000004,4.603800000000004,73.28,1,4,4,5,4,0.20833333333333334,0.5234628380912508
CHEMBL4550916,CHEMBL4595503,NCc1ccc(-n2c(-c3cccnc3N)nc3cc(-c4cccnc4)cnc32)cc1,,7.44,1,7.44,7.44,IC50,B,cell-based format,cell_based,9,D,2016,,393.45400000000006,3.5854000000000017,108.53,2,6,4,5,5,0.043478260869565216,0.4829934920202384
CHEMBL377603,CHEMBL377603,CC(C)(Cc1ccc[nH]1)C1C(=O)Nc2ccc(-c3cncc(OC[C@@H](N)Cc4c[nH]c5ccccc45)c3)cc21,,7.4350000000000005,2,6.05,8.82,IC50,B;F,assay format;single protein format,mixed,9,D,2006,,519.6490000000002,5.8114000000000035,108.82,4,4,9,6,5,0.25,0.1969771383311986
CHEMBL521851,CHEMBL521851,CS(=O)(=O)N1CCN(Cc2cc3nc(-c4cccc5[nH]ncc45)nc(N4CCOCC4)c3s2)CC1,PICTILISIB,7.43,3,7.34,7.55,IC50,B,cell-based format,cell_based,9,D,2008,2,513.6490000000003,2.1483999999999996,107.55000000000001,1,9,5,6,4,0.43478260869565216,0.43264464997292634
CHEMBL503270,CHEMBL503270,CN(C)CCN1CCN(c2ncc3cc(-c4ccccc4)c(-c4ccc(CN5CCC(c6nnc(-c7ccc(N)nc7)[nH]6)CC5)cc4)nc3n2)CC1,,7.43,1,7.43,7.43,IC50,B,single protein format,single_protein,8,H,2008,,694.8919999999998,5.184300000000005,132.11,2,11,10,8,6,0.35,0.1965915187453783
CHEMBL3928144,CHEMBL3928144,CC(C)c1cc(-c2cn(CCN3CCC3)c(C3CCN(c4ncnc(N)c4C(N)=O)CC3)n2)ccn1,,7.43,2,7.43,7.43,IC50,B,single protein format,single_protein,8,H,2015,,489.6280000000002,2.6293000000000006,132.07999999999998,2,8,8,5,3,0.5,0.49348192732956797
CHEMBL3914529,CHEMBL3914529,O=C(Cc1nc(N2CCOCC2)cc(=O)n1C1CC1)N1CCc2c(Cl)cccc21,,7.43,2,7.43,7.43,IC50,B,assay format;cell-based format,cell_based,8,H,2015,,414.8930000000002,2.1999999999999993,67.67,0,5,4,5,2,0.47619047619047616,0.7668358118531804
CHEMBL455226,CHEMBL455226,OCCN1CCN(c2ncc3cc(-c4ccccc4)c(-c4ccc(CN5CCC(c6nnc(-c7ncccn7)[nH]6)CC5)cc4)nc3n2)CC1,,7.43,1,7.43,7.43,IC50,B,single protein format,single_protein,8,H,2008,,653.795,4.427800000000003,135.97,2,11,9,8,6,0.32432432432432434,0.22947084546771374
CHEMBL5953513,CHEMBL5953513,CCC(=O)Nc1cccc(C(=O)NC2CCN(Cc3ccc(-c4nc5cc[nH]c(=O)c5cc4-c4ccccc4)cc3)CC2)c1,,7.42,2,7.1,7.74,IC50;Kd,B,single protein format,single_protein,8,H,2020,,585.7080000000001,6.000000000000005,107.19,3,5,8,6,5,0.2222222222222222,0.2071221297876255
CHEMBL5741832,CHEMBL5741832,COC(=O)c1ccc2nc(-c3ccc(C4(N)CCC4)cc3)c(-c3ccccc3)n2n1,,7.42,1,7.42,7.42,IC50,B,single protein format,single_protein,8,H,2017,,398.466,4.187800000000002,82.50999999999999,1,5,4,5,4,0.20833333333333334,0.5214069330020593
CHEMBL503810,CHEMBL503810,Nc1ccc(-c2nnc(C3CCN(Cc4ccc(-c5nc6nc(N7CCN(CCO)CC7)ncc6cc5-c5ccccc5)cc4)CC3)[nH]2)cn1,,7.42,1,7.42,7.42,IC50,B,single protein format,single_protein,8,H,2008,,667.8220000000002,4.615000000000003,149.10000000000002,3,11,9,8,6,0.3157894736842105,0.1984240996707471
CHEMBL450772,CHEMBL450772,O=S1(=O)CCN(c2ncc3cc(-c4ccccc4)c(-c4ccc(CN5CCC(c6nnc(-c7ccccn7)[nH]6)CC5)cc4)nc3n2)CC1,,7.42,1,7.42,7.42,IC50,B,single protein format,single_protein,8,H,2008,,657.8039999999999,5.153300000000004,133.75,1,10,7,8,6,0.2777777777777778,0.24565170059690983
CHEMBL3896152,CHEMBL3896152,Nc1ncnc(N2CCC(c3nc(-c4ccc(F)c(C(F)(F)F)c4)cn3CC3CCN3)CC2)c1Cl,,7.42,2,7.42,7.42,IC50,B,single protein format,single_protein,8,H,2015,,509.9390000000002,4.479500000000003,84.89000000000001,2,6,5,5,3,0.43478260869565216,0.4933510725636577
CHEMBL1076553,CHEMBL1076553,Cc1n[nH]c2ccc(-c3nnc(NC[C@@H](N)Cc4cccc(F)c4)s3)cc12,,7.42,1,7.42,7.42,IC50,B,single protein format,single_protein,8,H,2010,,382.468,3.5108200000000007,92.50999999999999,3,6,6,4,4,0.21052631578947367,0.4745235148588236
CHEMBL3112595,CHEMBL3112595,CC(C)(C)NC(c1ccc(Cl)cc1)c1ccc(-c2cn[nH]c2)cc1,,7.42,1,7.42,7.42,IC50,B,single protein format,single_protein,9,D,2014,,339.87,5.207600000000005,40.71,2,2,4,3,3,0.25,0.6848283905369139
CHEMBL1760762,CHEMBL1760762,CCOCCN(C[C@@H](O)CN1CCCC2(CCN(c3ncnc4ccccc34)C2)C1)S(=O)(=O)c1c(C)cccc1C,,7.42,1,7.42,7.42,IC50,B,single protein format,single_protein,8,H,2011,,581.7830000000001,3.6272400000000014,99.1,1,8,11,5,3,0.5483870967741935,0.3430534707859464
CHEMBL1171672,CHEMBL1171672,Cc1c[nH]c2ncnc(N3CCC(N)(CNC(=O)c4cccc(F)c4)C3)c12,,7.42,1,7.42,7.42,IC50,B,single protein format,single_protein,8,H,2010,,368.41600000000005,1.74302,99.93,3,5,4,4,3,0.3157894736842105,0.6513832755551021
CHEMBL3544960,CHEMBL3544960,NC[C@@](O)(c1ccc(Cl)cc1)c1ccc(-c2cn[nH]c2)cc1,AT-13148,7.42,1,7.42,7.42,IC50,B,single protein format,single_protein,9,D,2016,1,313.78799999999995,2.9247000000000005,74.93,3,3,4,3,3,0.11764705882352941,0.6929884458993376
CHEMBL3639986,CHEMBL3639986,CCN(CC)CC1CN(C(=O)Cc2nc(N3CCOCC3)cc(=O)[nH]2)c2ccccc21,,7.42,2,7.42,7.42,IC50,B,assay format;cell-based format,cell_based,8;9,D;H,2015,,425.5330000000002,1.6212000000000009,81.76999999999998,1,6,7,4,2,0.5217391304347826,0.7261243371163058
CHEMBL3672509,CHEMBL3672509,NC(=O)/C=C/c1cnc2cc(-c3ccccc3)c(-c3ccc(C4(N)CCC4)cc3)nn12,,7.42,2,7.42,7.42,IC50,B,cell-based format,cell_based,9,D,2015,,409.4930000000002,3.899700000000002,99.3,2,4,5,5,4,0.16,0.48838871520556515
CHEMBL1760776,CHEMBL1760776,Cc1noc(C)c1S(=O)(=O)NC[C@@H](O)CN1CCC[C@@]2(CCN(c3ncnc(N)c3C3CC3)C2)C1,,7.414999999999999,2,6.31,8.52,IC50,B,cell-based format;single protein format,mixed,8;9,D;H,2011,,505.6450000000005,1.1727400000000003,150.71,3,10,8,5,2,0.6956521739130435,0.4768153702768167
CHEMBL1823649,CHEMBL1823649,COc1cc2cnccc2cc1C(=O)NC(c1ccc(Cl)c(Cl)c1)C1CCNCC1,,7.41,1,7.41,7.41,IC50,B,single protein format,single_protein,8,H,2011,,444.3620000000002,5.020900000000005,63.25,2,4,5,4,3,0.30434782608695654,0.580249788860722
CHEMBL3679634,CHEMBL3679634,N=c1ccc2nc(-c3ccc(C4(NC(=O)Cc5cccnc5)CCC4)cc3)c(-c3ccccc3)cc2n1C(N)=O,,7.41,2,7.41,7.41,IC50,B,single protein format,single_protein,8;9,D;H,2013,,528.6160000000003,4.909670000000004,126.75,3,5,6,6,5,0.15625,0.28938809098298096
CHEMBL572417,CHEMBL572417,Cc1cc(C)c(C[C@H](N)COc2cncc(-c3cc4c(C)n[nH]c4cn3)c2)c(C)c1,,7.41,1,7.41,7.41,IC50,B,single protein format,single_protein,8,H,2009,,401.5140000000001,4.2023800000000024,89.71,2,5,6,4,4,0.2916666666666667,0.5052670503062967
CHEMBL203384,CHEMBL203384,N[C@H](CNc1cnc(Cl)c(/C=C/c2ccncc2)c1)Cc1c[nH]c2ccccc12,,7.41,2,7.1,7.72,IC50,B,single protein format,single_protein,8;9,D;H,2006;2009,,403.91700000000014,4.763600000000003,79.62,3,4,7,4,4,0.13043478260869565,0.3883821241113196
CHEMBL451961,CHEMBL451961,FC1(F)CCN(c2ncc3cc(-c4ccccc4)c(-c4ccc(CN5CCC(c6nnc(-c7ccccn7)[nH]6)CC5)cc4)nc3n2)C1,,7.41,2,7.12,7.7,IC50,B,cell-based format;single protein format,mixed,8,H,2008,,629.719,6.763900000000008,99.61000000000001,1,8,7,8,6,0.2777777777777778,0.20680024163399058
CHEMBL3672013,CHEMBL3672013,N#Cc1ccc2nc(C3CCN(Cc4ccc(-c5nc6ccnn6cc5-c5ccccc5)cc4)CC3)[nH]c2c1,,7.41,2,7.41,7.41,IC50,B,cell-based format,cell_based,9,D,2015,,509.6170000000002,6.190880000000005,85.9,1,5,5,7,6,0.1875,0.299438905454924
CHEMBL2151919,CHEMBL2151919,Cc1cccc(NC(=O)Cc2nc(N3CCOCC3)cc(=O)[nH]2)c1,,7.41,2,7.41,7.41,IC50,B,assay format;cell-based format,cell_based,8;9,D;H,2015,,328.372,1.0961199999999995,87.32,2,5,4,3,2,0.35294117647058826,0.8773513842198611
CHEMBL227051,CHEMBL227051,Cc1cc(C)c(C[C@H](N)COc2cncc(-c3ccc4[nH]nc(C)c4c3)c2)c(C)c1,,7.41,1,7.41,7.41,IC50,B,single protein format,single_protein,9,D,2007,,400.5260000000001,4.807380000000004,76.82,2,4,6,4,4,0.28,0.48699354262303274
CHEMBL499683,CHEMBL499683,O[C@@H]1CN(c2ncc3cc(-c4ccccc4)c(-c4ccc(CN5CCC(c6nnc(-c7ccccn7)[nH]6)CC5)cc4)nc3n2)CCN1,,7.404999999999999,2,7.21,7.6,IC50,B,cell-based format;single protein format,mixed,8,H,2008,,624.7529999999999,4.646500000000003,131.87,3,10,7,8,6,0.2777777777777778,0.23074096636445435
CHEMBL1823641,CHEMBL1823641,O=C(NC(c1ccc(Cl)c(F)c1)C1CCNCC1)c1ccc2cnccc2c1,,7.4,1,7.4,7.4,IC50,B,single protein format,single_protein,8,H,2011,,397.8810000000001,4.498000000000003,54.02,2,3,4,4,3,0.2727272727272727,0.681198735961956
CHEMBL512148,CHEMBL512148,NC(CNC(=O)c1cc(Br)c(-c2ccnc3[nH]ccc23)s1)c1ccccc1,,7.4,1,7.4,7.4,IC50,B,single protein format,single_protein,8,H,2009,,441.3540000000001,4.483700000000002,83.79999999999998,3,4,5,4,4,0.1,0.42703020196038244
CHEMBL1076581,CHEMBL1076581,N[C@H](CNc1nnc(-c2ccc3[nH]ncc3c2)s1)Cc1ccc(Cl)cc1Cl,,7.4,1,7.4,7.4,IC50,B,single protein format,single_protein,8,H,2010,,419.34100000000024,4.370100000000002,92.51,3,6,6,4,4,0.16666666666666666,0.4317018718858196
CHEMBL1081105,CHEMBL1081105,N[C@H](CCc1cc(-c2ccc3cnccc3c2)no1)Cc1ccc(C(F)(F)F)cc1,,7.4,1,7.4,7.4,IC50,B,single protein format,single_protein,8,H,2010,,411.4270000000001,5.411200000000004,64.94,1,4,6,4,4,0.21739130434782608,0.4606836948626462
CHEMBL2002726,CHEMBL2002726,Cc1n[nH]c2ccc(-c3cncc(OCC(N)Cc4ccccc4)c3)cc12,,7.4,1,7.4,7.4,Ki,F,assay format,other,8,H,,,358.445,3.8821200000000022,76.82,2,4,6,4,4,0.18181818181818182,0.5482499950490909
CHEMBL2000271,CHEMBL2000271,Cc1n[nH]c2ccc(-c3cncc(OCC(CN)Cc4ccccc4)c3)cc12,,7.4,1,7.4,7.4,Ki,F,assay format,other,8,H,,,372.47200000000004,4.1297200000000025,76.82,2,4,7,4,4,0.21739130434782608,0.5113134726690931
CHEMBL1823643,CHEMBL1823643,O=C(NC(c1ccc(Cl)c(Cl)c1)C1CCNCC1)c1ccc2cnccc2c1,,7.4,1,7.4,7.4,IC50,B,single protein format,single_protein,8,H,2011,,414.3360000000001,5.012300000000003,54.02,2,3,4,4,3,0.2727272727272727,0.6310506884738903
CHEMBL4583911,CHEMBL4583911,Cn1ncc(Cl)c1-c1oc(C(=O)N[C@@H]2CNCC[C@H]2c2ccc(Cl)cc2)cc1Br,,7.4,1,7.4,7.4,IC50,B,assay format,other,9,D,2019,,498.20800000000014,4.624900000000004,72.09,2,4,4,4,3,0.3,0.5510054827655919
CHEMBL1761085,CHEMBL1761085,CCOCCN(C[C@@H](O)CN1CCCC2(CCc3cc(O)ccc3O2)C1)S(=O)(=O)c1c(C)cccc1C,,7.4,1,7.4,7.4,IC50,B,single protein format,single_protein,8,H,2011,,532.7030000000002,3.256940000000002,99.53999999999999,2,7,10,4,2,0.5714285714285714,0.4533321383469016
CHEMBL512672,CHEMBL512672,NCC(NC(=O)c1cc(-c2ccnc3[nH]ccc23)cs1)c1ccccc1,,7.4,1,7.4,7.4,IC50,B,single protein format,single_protein,8,H,2009,,362.4580000000001,3.7212000000000023,83.79999999999998,3,4,5,4,4,0.1,0.5058069716814868
CHEMBL5565411,CHEMBL5565411,O=C1NC(=O)C(Cc2ccc3nccc(-c4ccncc4)c3c2)S1,,7.4,1,7.4,7.4,IC50,B,cell-based format,cell_based,9,D,2023,,335.38800000000003,3.190900000000002,71.95,1,5,3,4,3,0.1111111111111111,0.7956924069452145
CHEMBL2177362,CHEMBL2177362,C[C@@H]1C[C@@H](O)c2ncnc(N3CCN(C(=O)[C@H](CNC4CCOCC4)c4ccc(Cl)c(F)c4)CC3)c21,,7.390000000000001,2,6.86,7.92,IC50,B,assay format;cell-based format,cell_based,9,D,2012,,518.0330000000002,3.0107000000000017,90.82000000000001,2,7,6,5,2,0.5769230769230769,0.6083835804784432
CHEMBL1170446,CHEMBL1170446,CCc1c[nH]c2ncnc(N3CC[C@](N)(CNC(=O)c4ccc(Cl)cc4)C3)c12,,7.390000000000001,2,6.04,8.74,IC50,B,cell-based format;single protein format,mixed,8;9,D;H,2010,,398.8980000000001,2.511300000000001,99.93,3,5,5,4,3,0.35,0.6127739710002902
CHEMBL3672057,CHEMBL3672057,Cc1cccc(-c2nc(C3CCN(Cc4ccc(-c5nc6nc(C7CC7)nn6cc5-c5ccc(F)cc5)cc4)CC3)n[nH]2)n1,,7.39,2,7.39,7.39,IC50,B,cell-based format,cell_based,9,D,2015,,585.691,6.342920000000006,100.78000000000002,1,7,7,8,6,0.29411764705882354,0.23324388619075456
CHEMBL1760758,CHEMBL1760758,CCOCCN(C[C@@H](O)CN1CCCC2(CCN(c3ncnc4[nH]cc(C)c34)CC2)C1)S(=O)(=O)c1c(C)cccc1C,,7.39,1,7.39,7.39,IC50,B,single protein format,single_protein,8,H,2011,,598.8140000000002,3.6538600000000026,114.88999999999999,2,8,11,5,3,0.6129032258064516,0.3216926212348202
CHEMBL3672536,CHEMBL3672536,NC1(c2ccc(-c3nc4c5cc(Br)ccc5nn4cc3-c3ccccc3)cc2)CCC1,,7.39,2,7.39,7.39,IC50,B,single protein format,single_protein,8;9,D;H,2015,,469.38600000000025,6.316900000000004,56.209999999999994,1,3,3,6,5,0.15384615384615385,0.33667312193226073
CHEMBL577567,CHEMBL577567,CCc1c(C)[nH]c(C2C(=O)Nc3ccc(-c4cncc(OC[C@@H](N)Cc5c[nH]c6ccccc56)c4)cc32)c1C,,7.39,1,7.39,7.39,IC50,B,single protein format,single_protein,8,H,2009,,519.6490000000003,5.770040000000004,108.82,4,4,8,6,5,0.25,0.20864856942341853
CHEMBL380004,CHEMBL380004,CCc1c(C)[nH]c(CC(C)(C)C2C(=O)Nc3ccc(-c4cncc(OC[C@@H](N)Cc5c[nH]c6ccccc56)c4)cc32)c1C,,7.39,1,7.39,7.39,IC50,B,single protein format,single_protein,9,D,2006,,575.7570000000003,6.990640000000006,108.82,4,4,10,6,5,0.3333333333333333,0.14388312648065943
CHEMBL2325984,CHEMBL2325984,NC1(C(=O)NC(c2ccccc2)c2ccc(Cl)cc2)CCN(c2ncnc3[nH]ccc23)CC1,,7.39,1,7.39,7.39,IC50,B,single protein format,single_protein,9,D,2013,,460.9690000000003,3.8148000000000017,99.93,3,5,5,5,4,0.24,0.4201730100500177
CHEMBL207217,CHEMBL207217,c1ccc2c(C[C@@H](COc3cncc(-c4ccc5nonc5c4)c3)Nc3ccc4nonc4c3)c[nH]c2c1,,7.39,1,7.39,7.39,IC50,B,single protein format,single_protein,9,D,2006,,503.52200000000016,5.404500000000003,127.78,2,9,8,7,7,0.10714285714285714,0.27986149127044624
CHEMBL3964814,CHEMBL3964814,C[C@H]1Cc2ccccc2N1C(=O)Cc1nc(N2CCOCC2)cc(=S)n1C,,7.39,2,7.39,7.39,IC50,B,assay format;cell-based format,cell_based,8,H,2015,,384.50500000000005,2.5064900000000003,50.6,0,5,3,4,2,0.45,0.7613780498606912
CHEMBL3699793,CHEMBL3699793,O=C(Cc1nc(N2CCOCC2)cc(=O)[nH]1)N1CCCc2c(Cl)cccc21,,7.39,2,7.39,7.39,IC50,B,assay format;cell-based format,cell_based,8;9,D;H,2015,,388.8550000000002,1.7817999999999996,78.53,1,5,3,4,2,0.42105263157894735,0.86671391526616
CHEMBL247619,CHEMBL247619,CNC(=O)Nc1ccc(CNc2c(C(=O)Nc3ccc4c(c3)OC(F)(F)C(F)(F)O4)cnn2C)cn1,,7.39,1,7.39,7.39,IC50,B,single protein format,single_protein,8,H,2007,,509.42000000000013,3.387600000000001,131.43,4,7,6,4,3,0.23809523809523808,0.3748328640650234
CHEMBL258838,CHEMBL258838,CN1CCC2(CC1)CN(c1ncnc3[nH]ccc13)c1ccccc12,,7.385,2,6.87,7.9,IC50,B,cell-based format;single protein format,mixed,8;9,D;H,2008,,319.4120000000001,3.0730000000000004,48.050000000000004,1,4,1,5,3,0.3684210526315789,0.74870236976707
CHEMBL1823655,CHEMBL1823655,O=C(N[C@@H](c1ccc(Cl)c(Cl)c1)C1CNC1)c1ccc2cnccc2c1,,7.385,2,6.62,8.15,IC50,B,cell-based format;single protein format,mixed,8;9,D;H,2011,,386.28200000000015,4.232100000000003,54.02,2,3,4,4,3,0.2,0.705688993222725
CHEMBL2177385,CHEMBL2177385,CC(C)NC[C@@H](C(=O)N1CCN(c2ncnc3c2[C@H](C)CC3)CC1)c1ccc(Cl)cc1,,7.380000000000001,2,6.54,8.22,IC50,B,assay format;cell-based format,cell_based,9,D,2012,,442.0070000000003,3.610100000000002,61.36000000000001,1,5,6,4,2,0.5416666666666666,0.7414989963062592
CHEMBL3672016,CHEMBL3672016,c1ccc(-c2cn3nccc3nc2-c2ccc(CN3CCC(c4nc5cccnc5[nH]4)CC3)cc2)cc1,,7.38,2,7.38,7.38,IC50,B,cell-based format,cell_based,9,D,2015,,485.59500000000025,5.714200000000005,75.0,1,5,5,7,6,0.2,0.3383242888825545
CHEMBL2325731,CHEMBL2325731,CN(C)C(=O)CC(NC(=O)C1(N)CCN(c2ncnc3[nH]ccc23)CC1)c1ccc(Cl)cc1,,7.38,1,7.38,7.38,IC50,B,single protein format,single_protein,9,D,2013,,469.9770000000002,2.2448000000000006,120.24000000000001,3,6,6,4,3,0.391304347826087,0.5088855249206387
CHEMBL227325,CHEMBL227325,Cc1n[nH]c2ccc(-c3cncc(OC[C@@H](N)Cc4ccc5c(c4)OCO5)c3)cc12,,7.38,1,7.38,7.38,IC50,B,single protein format,single_protein,9,D,2007,,402.4540000000001,3.6108200000000013,95.28,2,6,6,5,4,0.21739130434782608,0.5115567117741182
CHEMBL3672070,CHEMBL3672070,CNc1c(-c2ccccc2)c(-c2ccc(CN3CC(c4n[nH]c(-c5ccccn5)n4)C3)cc2)nc2ncc(Br)n12,,7.38,2,7.38,7.38,IC50,B,cell-based format,cell_based,9,D,2015,,592.5050000000001,5.647000000000004,99.92,2,7,7,7,6,0.16666666666666666,0.24736749485479104
CHEMBL3696306,CHEMBL3696306,Cn1c(CC(=O)N2CCc3c(Cl)cccc32)nc(N2CCOCC2)cc1=O,,7.38,2,7.38,7.38,IC50,B,assay format;cell-based format,cell_based,8;9,D;H,2015,,388.8550000000003,1.4021,67.67000000000002,0,5,3,4,2,0.42105263157894735,0.7947480217961941
CHEMBL3696241,CHEMBL3696241,CC(C)(C)c1cccc(NC(=O)Cc2nc(N3CCOCC3)cc(=O)[nH]2)c1,,7.38,2,7.38,7.38,IC50,B,assay format;cell-based format,cell_based,8;9,D;H,2015,,370.4530000000001,2.0851999999999995,87.32,2,5,4,3,2,0.45,0.8604566901435046
CHEMBL1632379,CHEMBL1632379,C[C@@H]1SCc2ncnc(N3CCN(C(=O)C(Cc4ccc(Cl)cc4)C4(N)CC4)CC3)c21,,7.38,1,7.38,7.38,IC50,B,single protein format,single_protein,8,H,2010,,458.0310000000003,3.436600000000001,75.35000000000001,1,6,5,5,2,0.5217391304347826,0.7408024228446575
CHEMBL3971261,CHEMBL3971261,O=C(Cc1nc(N2CCOCC2)cc(=O)[nH]1)N1CCc2c(-c3ccccc3Cl)cccc21,,7.38,2,7.38,7.38,IC50,B,assay format;cell-based format,cell_based,8,H,2015,,450.9260000000002,3.0587000000000018,78.53,1,5,4,5,3,0.2916666666666667,0.6605732880061296
CHEMBL3672018,CHEMBL3672018,Fc1ccc2nc(C3CCN(Cc4ccc(-c5nc6ccnn6cc5-c5ccccc5)cc4)CC3)[nH]c2c1,,7.38,2,7.38,7.38,IC50,B,cell-based format,cell_based,9,D,2015,,502.5970000000002,6.458300000000006,62.11000000000001,1,4,5,7,6,0.1935483870967742,0.29397611885963976
CHEMBL2016771,CHEMBL2016771,Cc1c(NCCN2CCCC2)cc(Cl)cc1N1CCN(c2ncnc3[nH]nc(Br)c23)CC1,,7.38,1,7.38,7.38,IC50,B,single protein format,single_protein,8,H,2012,,519.8790000000001,3.911520000000002,76.21000000000001,2,7,6,5,3,0.5,0.5112515361584319
CHEMBL6001137,CHEMBL6001137,COC(=O)c1nn2c(-c3ccccc3)c(-c3ccc(C4(N)CCC4)cc3)nc2c(C)c1C,,7.38,1,7.38,7.38,IC50,B,single protein format,single_protein,8,H,2017,,426.5200000000003,4.804640000000004,82.50999999999999,1,5,4,5,4,0.2692307692307692,0.47390079022773796
CHEMBL3946371,CHEMBL3946371,Cc1cc(-c2cn(CCN(C)C(C)C)c(C3CCN(c4ncnc(N)c4C(N)=O)CC3)n2)ccc1F,,7.38,2,7.38,7.38,IC50,B,single protein format,single_protein,8,H,2015,,494.61900000000026,3.192920000000001,119.18999999999998,2,7,8,4,3,0.46153846153846156,0.49350436242965795
CHEMBL259833,CHEMBL259833,Clc1c[nH]c2ncnc(N3CCc4[nH]cnc4C3)c12,,7.38,1,7.38,7.38,IC50,B,single protein format,single_protein,8,H,2008,,274.71500000000003,1.8970999999999998,73.49000000000001,2,4,1,4,3,0.25,0.710726274812881
CHEMBL3895298,CHEMBL3895298,CN(C)CCn1cc(-c2ccc(F)c(C(F)(F)F)c2)nc1C1CCN(c2ncnc(N)c2-c2ccncc2)CC1,,7.37,2,7.37,7.37,IC50,B,single protein format,single_protein,8,H,2015,,554.5960000000001,5.087800000000003,88.99000000000001,1,7,7,5,4,0.35714285714285715,0.31860883309851407
CHEMBL3903026,CHEMBL3903026,CN(C)CCn1cc(-c2ccc(F)c(C(F)(F)F)c2)nc1C1CCN(c2ncnc(N)c2/C=C/C2CC2)CC1,,7.37,2,7.37,7.37,IC50,B,single protein format,single_protein,8,H,2015,,543.613,5.449000000000004,76.10000000000001,1,6,8,5,3,0.4642857142857143,0.38112001681561153
CHEMBL3699721,CHEMBL3699721,NC1(c2ccc(-c3nc4c(Cl)cccn4c3-c3ccccc3)cc2)CCC1,,7.37,2,7.37,7.37,IC50,B,single protein format,single_protein,8;9,D;H,2015,,373.88700000000017,5.659600000000004,43.31999999999999,1,2,3,5,4,0.17391304347826086,0.5031616446459027
CHEMBL3987000,CHEMBL3987000,COC(=O)c1ccc(-c2c(N)ncnc2N2CCC(c3nc(-c4ccc(F)c(C(F)(F)F)c4)cn3CCN3CCC3)CC2)cc1,,7.37,2,7.37,7.37,IC50,B,single protein format,single_protein,8,H,2015,,623.6549999999997,5.623500000000005,102.39999999999999,1,8,8,6,4,0.375,0.19935601853872223
CHEMBL3699806,CHEMBL3699806,O=C(Cc1nc(N2CCOCC2)cc(=O)[nH]1)N1CCOc2c(Cl)cccc21,,7.37,2,7.37,7.37,IC50,B,assay format;cell-based format,cell_based,8;9,D;H,2015,,390.82700000000017,1.2279999999999995,87.76,1,6,3,4,2,0.3888888888888889,0.8476684762711656
CHEMBL3696311,CHEMBL3696311,Cn1c(CC(=O)N2CCc3c(O)cccc32)nc(N2CCOCC2)cc1=O,,7.37,2,7.37,7.37,IC50,B,assay format;cell-based format,cell_based,8;9,D;H,2015,,370.4090000000003,0.4542999999999995,87.9,1,6,3,4,2,0.42105263157894735,0.8443473237157602
CHEMBL3696305,CHEMBL3696305,Cn1c(CC(=O)N2CCc3c(F)cccc32)nc(N2CCOCC2)cc1=O,,7.37,2,7.37,7.37,IC50,B,assay format;cell-based format,cell_based,8;9,D;H,2015,,372.40000000000026,0.8877999999999999,67.67000000000002,0,5,3,4,2,0.42105263157894735,0.8005212572864436
CHEMBL1096292,CHEMBL1096292,CCn1c(-c2nonc2N)nc2c(C#CC(C)(C)O)nc(OCCCN)cc21,,7.37,2,6.94,7.8,IC50;Ki,B,single protein format,single_protein,8,H,2009,,385.42800000000017,0.9334000000000005,151.13000000000002,3,9,6,3,3,0.4444444444444444,0.41551054666715137
CHEMBL1257629,CHEMBL1257629,Nc1ccc2ncnc(N3CCN(C(=O)[C@H](N)Cc4ccc(Cl)cc4)CC3)c2c1,,7.37,1,7.37,7.37,IC50,B,single protein format,single_protein,8,H,2010,,410.90900000000016,2.0839999999999996,101.36999999999999,2,6,4,4,3,0.2857142857142857,0.6383931977756907
CHEMBL3672522,CHEMBL3672522,NC1(c2ccc(-c3nc4c5ccc(-c6ccc(F)c(CO)c6)cc5nn4cc3-c3ccccc3)cc2)CCC1,,7.37,2,7.37,7.37,IC50,B,single protein format,single_protein,8;9,D;H,2015,,514.6040000000002,6.8528000000000056,76.44,2,4,5,7,6,0.15151515151515152,0.2637231397270487
CHEMBL5934039,CHEMBL5934039,NC1(c2ccc(-c3nc4ccc(Cl)nn4c3-c3ccccc3)cc2)CCC1,,7.37,1,7.37,7.37,IC50,B,single protein format,single_protein,8,H,2017,,374.87500000000017,5.054600000000002,56.209999999999994,1,3,3,5,4,0.18181818181818182,0.5452425303993955
CHEMBL475400,CHEMBL475400,O=C1C[C@H]2OCC3=C(C(=O)c4ccccc4C3=O)[C@H]2O1,,7.36,1,7.36,7.36,IC50,B,single protein format,single_protein,8,H,2009,,270.24,1.0765,69.67,0,5,0,4,1,0.26666666666666666,0.6596084037577057
CHEMBL1822052,CHEMBL1822052,Nc1nc2ccc(-c3cnc(Cl)c(NS(=O)(=O)c4ccc(F)cc4)c3)cc2s1,,7.36,1,7.36,7.36,IC50,B,cell-based format,cell_based,9,D,2011,,434.9050000000001,4.533800000000001,97.97,2,6,4,4,4,0.0,0.4595218288605757
CHEMBL3699784,CHEMBL3699784,CCOc1cccc2c1CCN2C(=O)Cc1nc(N2CCOCC2)cc(=O)[nH]1,,7.36,2,7.36,7.36,IC50,B,assay format;cell-based format,cell_based,8;9,D;H,2015,,384.43600000000015,1.137,87.75999999999999,1,6,5,4,2,0.45,0.8317731868309628
CHEMBL6040992,CHEMBL6040992,Cc1c(Cl)nn2c(-c3ccccc3)c(-c3ccc(C4(N)CCC4)cc3)nc2c1C,,7.36,1,7.36,7.36,IC50,B,single protein format,single_protein,8,H,2017,,402.9290000000003,5.671440000000005,56.21,1,3,3,5,4,0.25,0.4798154180433797
CHEMBL1171501,CHEMBL1171501,Cc1c[nH]c2ncnc(N3CCC(N)(CNC(=O)c4ccccc4F)C3)c12,,7.36,1,7.36,7.36,IC50,B,single protein format,single_protein,8,H,2010,,368.41600000000005,1.74302,99.93,3,5,4,4,3,0.3157894736842105,0.6513832755551021
CHEMBL2177836,CHEMBL2177836,CC(=O)Nc1cccc(-c2ccc3nc(-c4cccnc4N)n(-c4ccc(CNC(=O)c5cccc(F)c5)cc4)c3n2)c1,,7.36,7,6.6,8.3,IC50,B,cell-based format,cell_based,8;9,D;H,2012,,571.6160000000002,5.759200000000004,127.82000000000001,3,6,7,6,6,0.06060606060606061,0.2236149770278052
CHEMBL4854144,CHEMBL4854144,CNC[C@@H](Nc1nc(C)nc2c(C(N)=O)cccc12)c1cccc(F)c1,,7.36,1,7.36,7.36,IC50,B,assay format,other,9,D,2021,,353.40100000000007,2.548820000000001,92.93,3,5,6,3,3,0.21052631578947367,0.6332311627389188
CHEMBL3672510,CHEMBL3672510,C=Cc1cnc2cc(-c3ccccc3)c(-c3ccc(C4(N)CCC4)cc3)nn12,,7.36,2,7.36,7.36,IC50,B,cell-based format,cell_based,9,D,2015,,366.46800000000013,5.0442000000000045,56.209999999999994,1,3,4,5,4,0.16666666666666666,0.5501089940958485
CHEMBL3699695,CHEMBL3699695,NC1(c2ccc(-c3nc4ccc(Br)cn4c3-c3ccccc3)cc2)CCC1,,7.36,2,7.36,7.36,IC50,B,single protein format,single_protein,8;9,D;H,2015,,418.3380000000002,5.7687000000000035,43.31999999999999,1,2,3,5,4,0.17391304347826086,0.45920324880763197
CHEMBL3921269,CHEMBL3921269,O=C(Cc1nc(N2CCOCC2)cc(=O)[nH]1)N1CCc2c(OC(F)F)cccc21,,7.36,2,7.36,7.36,IC50,B,assay format;cell-based format,cell_based,8,H,2015,,406.3890000000001,1.3396999999999992,87.76,1,6,5,4,2,0.42105263157894735,0.8064951882185801
CHEMBL1632390,CHEMBL1632390,CC(C)NCC(Cc1ccc(Cl)c(F)c1)C(=O)N1CCN(c2ncnc3c2[C@H](C)OC3)CC1,,7.36,2,6.5,8.22,IC50,B,cell-based format;single protein format,mixed,8,H,2010,,475.9960000000004,3.365800000000002,70.59,1,6,7,4,2,0.5416666666666666,0.6617699584575585
CHEMBL5797833,CHEMBL5797833,Cc1c(Oc2ccc([C@H](C)N)cc2F)ccc2c1B(O)OC2,,7.36,1,7.36,7.36,IC50,B,single protein format,single_protein,8,H,2016,,301.12600000000003,2.1638199999999994,64.71000000000001,2,4,3,3,2,0.25,0.852793493226288
CHEMBL3672024,CHEMBL3672024,Cc1nc2nc(-c3ccc(CN4CCC(c5n[nH]c(-c6ccccn6)n5)C4)cc3)c(-c3ccccc3)cn2n1,,7.36,2,7.36,7.36,IC50,B,cell-based format,cell_based,9,D,2015,,513.6090000000002,4.936320000000004,100.78,1,7,6,7,6,0.2,0.3367623072335243
CHEMBL3672485,CHEMBL3672485,Cc1ccc(-c2cnc3cc(-c4ccccc4)c(-c4ccc(C5(N)CCC5)cc4)nn23)cc1,,7.36,2,7.36,7.36,IC50,B,cell-based format,cell_based,9,D,2015,,430.55500000000023,6.376620000000006,56.209999999999994,1,3,4,6,5,0.1724137931034483,0.3600217466043954
CHEMBL3981833,CHEMBL3981833,C[C@H]1Cc2ccccc2N1C(=O)Cc1nc(N2CCOC(CF)C2)cc(=O)[nH]1,,7.36,2,7.36,7.36,IC50,B,assay format;cell-based format,cell_based,8,H,2015,,386.427,1.4649,78.53,1,5,4,4,2,0.45,0.8609383929030512
CHEMBL6010596,CHEMBL6010596,CCOc1nn2c(-c3ccccc3)c(-c3ccc(C4(N)CCC4)cc3)nc2c(C)c1C,,7.35,1,7.35,7.35,IC50,B,single protein format,single_protein,8,H,2017,,412.5370000000003,5.416740000000005,65.44,1,4,5,5,4,0.3076923076923077,0.4754783740045139
CHEMBL3934544,CHEMBL3934544,Cn1c(CC(=O)N2CC(C)(C)c3c(F)cccc32)nc(N2CCOCC2)cc1=O,,7.35,2,7.35,7.35,IC50,B,assay format;cell-based format,cell_based,8,H,2015,,400.45400000000024,1.6229,67.67000000000002,0,5,3,4,2,0.47619047619047616,0.7834297147694402
CHEMBL270638,CHEMBL270638,Cc1nc2cnc3ccc(C#Cc4cccnc4)cc3c2n1-c1ccc(C(C)C#N)cc1,,7.35,1,7.35,7.35,IC50,B,cell-based format,cell_based,9,D,2008,,413.48400000000015,5.304000000000005,67.39,0,4,2,5,5,0.1111111111111111,0.3682003082696165
CHEMBL450545,CHEMBL450545,C[C@@H]1CN(c2ncc3cc(-c4ccccc4)c(-c4ccc(CN5CCC(c6nnc(-c7ccccn7)[nH]6)CC5)cc4)nc3n2)C[C@H](C)N1,,7.345,2,7.34,7.35,IC50,B,cell-based format;single protein format,mixed,8,H,2008,,636.8080000000001,6.105100000000007,111.64000000000001,2,9,7,8,6,0.3157894736842105,0.21457980913745506
CHEMBL5950619,CHEMBL5950619,CNC(=O)c1ccnn2c(-c3ccccc3)c(-c3ccc(C4(N)CCC4)cc3)nc12,,7.34,1,7.34,7.34,IC50,B,single protein format,single_protein,8,H,2017,,397.48200000000026,3.7608000000000015,85.31,2,4,4,5,4,0.20833333333333334,0.5490332932478377
CHEMBL1258101,CHEMBL1258101,N[C@H](Cc1ccc(Cl)cc1)C(=O)N1CCN(c2ccnc3ccccc23)CC1,,7.34,1,7.34,7.34,IC50,B,single protein format,single_protein,8,H,2010,,394.9060000000001,3.1068000000000016,62.46000000000001,1,4,4,4,3,0.2727272727272727,0.7381332628759341
CHEMBL252455,CHEMBL252455,CSc1ncc2cc(-c3ccccc3)c(-c3ccc(CNCCc4nnc(N)s4)cc3)nc2n1,,7.34,1,7.34,7.34,IC50,B,single protein format,single_protein,8,H,2008,,485.6420000000003,4.846700000000004,102.5,2,9,8,5,5,0.16,0.18271995316443848
CHEMBL1081263,CHEMBL1081263,N[C@H](CNc1ncc(-c2ccc3cnccc3c2)s1)Cc1ccc(C(F)(F)F)cc1,,7.34,2,6.37,8.31,IC50,B,cell-based format;single protein format,mixed,8;9,D;H,2010,,428.4830000000001,5.359000000000003,63.83,2,5,6,4,4,0.18181818181818182,0.43404816023913806
CHEMBL3969229,CHEMBL3969229,CCc1c(N)ncnc1N1CCC(c2nc(-c3cccc(F)c3)cn2CCN2CCCC2)CC1,,7.34,2,7.34,7.34,IC50,B,single protein format,single_protein,8,H,2015,,463.60500000000036,4.103600000000004,76.10000000000001,1,6,7,5,3,0.5,0.5685028213666645
CHEMBL4467970,CHEMBL4598057,C=Cc1cnn(C)c1-c1ccc(C(=O)N[C@@H]2CNCC[C@H]2c2cccc(F)c2)s1,,7.33,1,7.33,7.33,IC50,B,assay format,other,9,D,2019,,410.51800000000014,3.8062000000000022,58.95,2,4,5,4,3,0.2727272727272727,0.6725889446740082
CHEMBL3672488,CHEMBL3672488,NC1(c2ccc(-c3nn4c(-c5ccc(S(N)(=O)=O)cc5)cnc4cc3-c3ccccc3)cc2)CCC1,,7.33,2,7.33,7.33,IC50,B,cell-based format,cell_based,9,D,2015,,495.6080000000003,4.715600000000004,116.36999999999999,2,5,5,6,5,0.14285714285714285,0.36607770572022796
CHEMBL226798,CHEMBL226798,Cc1n[nH]c2ccc(-c3cncc(OC[C@@H](N)Cc4cccc(OCCN)c4)c3)cc12,,7.33,1,7.33,7.33,IC50,B,single protein format,single_protein,9,D,2007,,417.51300000000015,3.219620000000001,112.07,3,6,9,4,4,0.25,0.38546564881456596
CHEMBL574979,CHEMBL574979,Cc1n[nH]c2cnc(-c3cncc(OC[C@@H](N)Cc4cccc(OCCN)c4)c3)cc12,,7.33,1,7.33,7.33,IC50,B,single protein format,single_protein,8,H,2009,,418.5010000000002,2.6146200000000004,124.96,3,7,9,4,4,0.2608695652173913,0.3814358728979824
CHEMBL3699701,CHEMBL3699701,COC(=O)c1cccn2c(-c3ccccc3)c(-c3ccc(C4(N)CCC4)cc3)nc12,,7.33,2,7.33,7.33,IC50,B,single protein format,single_protein,8;9,D;H,2015,,397.47800000000024,4.792800000000004,69.62,1,4,4,5,4,0.2,0.5026701280302748
CHEMBL1080891,CHEMBL1080891,Cc1n[nH]c2ccc(-c3nnc(NC[C@@H](N)Cc4ccccc4Cl)s3)cc12,,7.33,1,7.33,7.33,IC50,B,single protein format,single_protein,8,H,2010,,398.92300000000006,4.025120000000001,92.50999999999999,3,6,6,4,4,0.21052631578947367,0.4557323492304891
CHEMBL4868266,CHEMBL5028524,Cn1nccc1-c1cc(F)c(C(=O)N[C@@H]2CNCC[C@H]2c2ccc(F)c(F)c2)c(Cl)c1,,7.33,1,7.33,7.33,IC50,B,cell-based format,cell_based,9,D,2021,,448.8760000000001,4.033300000000002,58.95,2,3,4,4,3,0.2727272727272727,0.6331965921778224
CHEMBL3897830,CHEMBL3897830,Cc1cc(-c2cn(CCO)c(C3CCN(c4ncnc(N)c4C(N)=O)CC3)n2)ccc1F,,7.33,2,7.33,7.33,IC50,B,single protein format,single_protein,8,H,2015,,439.49500000000023,1.8450199999999994,136.18,3,7,6,4,3,0.36363636363636365,0.5330480234485039
CHEMBL509747,CHEMBL509747,NC(=O)Nc1nnc2c3cc(-c4ccccc4)c(-c4ccc(CN5CCC(c6n[nH]c(-c7ccccn7)n6)CC5)cc4)nc3ccn12,,7.325,2,6.58,8.07,IC50,B,cell-based format,cell_based,8;9,D;H,2009,,621.7090000000001,5.661800000000005,155.9,3,8,7,8,7,0.17142857142857143,0.20583820942885417
CHEMBL2177827,CHEMBL2177827,CC(=O)Nc1cccc(-c2ccc3nc(-c4cccnc4N)n(-c4ccc(CC(=O)Nc5ccccc5)cc4)c3n2)c1,,7.32,6,6.51,7.8,IC50,B,cell-based format,cell_based,8;9,D;H,2012,,553.6260000000002,5.871300000000004,127.82000000000001,3,6,7,6,6,0.06060606060606061,0.22683072559381554
CHEMBL5282715,CHEMBL5282715,C=CC(=O)Nc1ccc2[nH]c(=O)n(C3CCN(Cc4ccc(-c5[nH]c(=O)c(C)nc5-c5ccccc5)cc4)CC3)c2c1,,7.32,2,7.23,7.41,IC50;Ki,B,cell-based format,cell_based,9,D,2019,,560.658,5.016920000000004,115.87999999999998,3,5,7,6,5,0.21212121212121213,0.241965470056736
CHEMBL2177832,CHEMBL2177832,Nc1ncccc1-c1nc2ccc(-c3cccnc3)nc2n1-c1ccc(CNC(=O)c2ccccc2)cc1,,7.32,4,6.13,7.55,IC50,B,cell-based format,cell_based,8;9,D;H,2012,,497.56200000000024,5.056700000000003,111.60999999999999,2,6,6,6,6,0.03333333333333333,0.3328358542823701
CHEMBL3965676,CHEMBL3965676,Cc1ccc(-c2cn(CCN3CCC3)c(C3CCN(c4ncnc(N)c4C#N)CC3)n2)cc1F,,7.32,2,7.32,7.32,IC50,B,single protein format,single_protein,8,H,2015,,460.5610000000002,3.3312000000000017,99.89,1,7,6,5,3,0.44,0.6021980806025672
CHEMBL5807246,CHEMBL5807246,COC(=O)c1ccnn2c(-c3ccccc3)c(-c3ccc(C4(N)CCC4)cc3)nc12,,7.32,1,7.32,7.32,IC50,B,single protein format,single_protein,8,H,2017,,398.46600000000024,4.187800000000003,82.50999999999999,1,5,4,5,4,0.20833333333333334,0.5214069330020591
CHEMBL3684500,CHEMBL3684500,O=c1[nH]c(-c2ccccc2)cn1C1CCN(Cc2ccc(-c3nnc4n3-c3cccnc3Nc3ccccc3-4)cc2)CC1,,7.32,2,7.32,7.32,IC50,B,single protein format,single_protein,8;9,D;H,2013,,566.669,6.0472000000000055,96.66000000000001,2,6,5,8,6,0.17647058823529413,0.263485863798835
CHEMBL3908761,CHEMBL3908761,CCN(CCn1cc(-c2ccc(F)c(C)c2)nc1C1CCN(c2ncnc(N)c2C(N)=O)CC1)C(C)C,,7.32,2,7.32,7.32,IC50,B,single protein format,single_protein,8,H,2015,,508.6460000000004,3.583020000000002,119.19,2,7,9,4,3,0.48148148148148145,0.4533327755571402
CHEMBL404555,CHEMBL404555,N#Cc1ncc2cc(-c3ccccc3)c(-c3ccc(CN4CCC(c5nnc(-c6ccccn6)[nH]5)CC4)cc3)nc2n1,,7.3100000000000005,2,7.0,7.62,IC50,B,cell-based format;single protein format,mixed,8;9,D;H,2008,,549.6420000000002,5.790180000000006,120.16,1,8,6,7,6,0.18181818181818182,0.2771766734464118
CHEMBL447044,CHEMBL447044,c1ccc(-c2cc3cnc(N4CCn5cnnc5C4)nc3nc2-c2ccc(CN3CCC(c4nnc(-c5ccccn5)[nH]4)CC3)cc2)cc1,,7.3100000000000005,2,6.9,7.72,IC50,B,cell-based format;single protein format,mixed,8,H,2008,,646.7630000000001,5.530200000000004,130.32,1,10,7,9,7,0.24324324324324326,0.23593373573787718
CHEMBL1632377,CHEMBL1632377,C[C@@H]1SCc2ncnc(N3CCN(C(=O)[C@H](N)Cc4ccc(F)c(F)c4)CC3)c21,,7.3100000000000005,2,6.22,8.4,IC50,B,cell-based format;single protein format,mixed,8,H,2010,,419.5010000000002,2.2812,75.35000000000001,1,6,4,4,2,0.45,0.8196572205096249
CHEMBL5571102,CHEMBL5571102,Nc1ncc(-c2ccc3nccc(-c4ccncc4)c3c2)cc1S(N)(=O)=O,,7.31,1,7.31,7.31,IC50,B,cell-based format,cell_based,9,D,2023,,377.42900000000014,2.588399999999999,124.85,2,6,3,4,4,0.0,0.5652002330844167
CHEMBL3672550,CHEMBL3672550,N#Cc1cccc2c1nn1cc(-c3ccccc3)c(-c3ccc(C4(N)CCC4)cc3)nc21,,7.31,2,7.31,7.31,IC50,B,single protein format,single_protein,8;9,D;H,2015,,415.5000000000002,5.426080000000004,80.0,1,4,3,6,5,0.14814814814814814,0.4262488600657621
CHEMBL3699810,CHEMBL3699810,O=C(Cc1nc(N2CCOCC2)cc(=O)[nH]1)Nc1cccc(C(F)(F)F)c1O,,7.31,2,7.31,7.31,IC50,B,assay format;cell-based format,cell_based,8;9,D;H,2015,,398.34100000000007,1.5120999999999996,107.55000000000001,3,6,4,3,2,0.35294117647058826,0.6743269250511309
CHEMBL4869482,CHEMBL5028586,Cn1ncc(Cl)c1-c1cc(F)c(C(=O)N[C@@H]2CNCC[C@H]2c2ccc(F)c(F)c2)cc1F,,7.31,1,7.31,7.31,IC50,B,cell-based format,cell_based,9,D,2021,,466.86600000000016,4.172400000000003,58.95,2,3,4,4,3,0.2727272727272727,0.5673246683223974
CHEMBL4554198,CHEMBL4596617,CCc1cnn(C)c1-c1ccc(C(=O)N[C@@H]2CNCC[C@H]2c2cccc(F)c2)s1,,7.31,1,7.31,7.31,IC50,B,assay format,other,9,D,2019,,412.53400000000016,3.7256000000000027,58.95,2,4,5,4,3,0.36363636363636365,0.6714530862474283
CHEMBL376792,CHEMBL376792,Cc1n[nH]c2ccc(-c3cncc(OC[C@@H](N)Cc4c(F)cc(F)cc4Br)c3)cc12,,7.31,1,7.31,7.31,IC50,B,single protein format,single_protein,9,D,2007,,473.321,4.922820000000003,76.82,2,4,6,4,4,0.18181818181818182,0.4168896150679192
CHEMBL3962465,CHEMBL3962465,CCc1c(N)ncnc1N1CCC(c2nc(-c3ccc(F)c(C(N)=O)c3)cn2CCN2CCC2)CC1,,7.31,2,7.31,7.31,IC50,B,single protein format,single_protein,8,H,2015,,492.6030000000004,2.812400000000001,119.19000000000001,2,7,8,5,3,0.46153846153846156,0.4962140077108074
CHEMBL2177365,CHEMBL2177365,CC(C)N(C)C[C@@H](C(=O)N1CCN(c2ncnc3c2[C@H](C)C[C@H]3O)CC1)c1ccc(Cl)cc1,,7.305,2,6.86,7.75,IC50,B,assay format;cell-based format,cell_based,9,D,2012,,472.03300000000024,3.443200000000002,72.80000000000001,1,6,6,4,2,0.56,0.695317676661308
CHEMBL1822056,CHEMBL1822056,O=S(=O)(Nc1cc(-c2ccc3nccn3n2)cnc1Cl)c1ccc(F)cc1,,7.3,1,7.3,7.3,IC50,B,cell-based format,cell_based,9,D,2011,,403.8260000000001,3.3846000000000016,89.25,1,5,4,4,4,0.0,0.5274483194714092
CHEMBL604060,CHEMBL604060,Cc1n[nH]c2ccc(-c3cc(OC[C@@H](N)Cc4ccccc4)cnc3-c3ccsc3)cc12,,7.3,1,7.3,7.3,IC50,B,single protein format,single_protein,8,H,2010,,440.57200000000006,5.610620000000004,76.82,2,5,7,5,5,0.15384615384615385,0.34478755505671765
CHEMBL493875,CHEMBL493875,CCn1c(-c2nonc2N)nc2c(C#CCCO)ncc(OCCCN)c21,,7.3,1,7.3,7.3,IC50,B,single protein format,single_protein,9,D,2008,,371.4010000000002,0.5448999999999994,151.13000000000002,3,9,7,3,3,0.4117647058823529,0.3990578723989572
CHEMBL605732,CHEMBL605732,Cc1n[nH]c2ccc(-c3cc(OC[C@@H](N)Cc4ccccc4)cnc3-c3ccccc3)cc12,,7.3,1,7.3,7.3,IC50,B,single protein format,single_protein,8,H,2010,,434.54300000000006,5.549120000000004,76.82,2,4,7,5,5,0.14285714285714285,0.35210099625072894
CHEMBL5908589,CHEMBL5908589,C[C@H](NC(=O)C1(N)CCN(c2ncnc3[nH]ccc23)CC1)c1ccc(C#N)cc1,,7.3,1,7.3,7.3,IC50,B,single protein format,single_protein,8,H,2016,,389.46300000000025,2.0046800000000005,123.72,3,6,4,4,3,0.3333333333333333,0.6269685826680002
CHEMBL470200,CHEMBL470200,NCC(NC(=O)c1cc(-c2ccccc2)c(-c2ccnc3[nH]ccc23)s1)c1ccccc1,,7.3,1,7.3,7.3,IC50,B,single protein format,single_protein,8,H,2009,,438.5560000000001,5.388200000000004,83.79999999999998,3,4,6,5,5,0.07692307692307693,0.3323798489024157
CHEMBL4540052,CHEMBL4540052,O=C(N[C@@H]1CNCC[C@H]1c1ccc(Cl)cc1)c1ccc(-c2cn[nH]c2)o1,,7.3,1,7.3,7.3,IC50,B,assay format,other,9,D,2019,,370.8400000000001,3.1986000000000017,82.95,3,4,4,4,3,0.2631578947368421,0.658227678931407
CHEMBL3890826,CHEMBL3890826,CC1Cc2cc(F)c(F)cc2N1C(=O)Cc1nc(N2CCOCC2)c(F)c(=O)[nH]1,,7.295,4,6.79,7.8,IC50,B,assay format;cell-based format,cell_based,8,H,2015,,408.3800000000002,1.5440999999999998,78.53,1,5,3,4,2,0.42105263157894735,0.8338945744061513
CHEMBL1632387,CHEMBL1632387,C[C@@H]1SCc2ncnc(N3CCN(C(=O)C(Cc4ccc(Cl)cc4)CC(C)(C)N)CC3)c21,,7.290000000000001,2,6.36,8.22,IC50,B,cell-based format;single protein format,mixed,8,H,2010,,474.0740000000003,4.072700000000003,75.35000000000001,1,6,6,4,2,0.5416666666666666,0.681040345246506
CHEMBL5864280,CHEMBL5864280,CCOc1cc(Cl)nn2c(-c3ccccc3)c(-c3ccc(C4(N)CCC4)cc3)nc12,,7.29,1,7.29,7.29,IC50,B,single protein format,single_protein,8,H,2017,,418.9280000000003,5.453300000000005,65.44,1,4,5,5,4,0.25,0.46741974968849054
CHEMBL3899565,CHEMBL3899565,Nc1ncnc(N2CCC(c3nc(-c4ccc(F)c(C(F)(F)F)c4)cn3CCN3CCC3)CC2)c1N,,7.29,2,7.29,7.29,IC50,B,single protein format,single_protein,8,H,2015,,504.53600000000034,3.7521000000000013,102.12,2,7,6,5,3,0.4583333333333333,0.49317795058326375
CHEMBL4533641,CHEMBL4594793,Cn1ncc(Cl)c1-c1cc(C(=O)N[C@H]2CNCC[C@@H]2c2ccc(F)c(F)c2)oc1Cl,,7.29,1,7.29,7.29,IC50,B,assay format,other,9,D,2019,,455.29200000000014,4.140600000000003,72.09,2,4,4,4,3,0.3,0.6206691390752149
CHEMBL3696236,CHEMBL3696236,O=C(Cc1nc(N2CCOCC2)cc(=O)[nH]1)Nc1ccc(F)cc1F,,7.29,2,7.29,7.29,IC50,B,assay format;cell-based format,cell_based,8;9,D;H,2015,,350.32500000000005,1.0658999999999996,87.32000000000001,2,5,4,3,2,0.3125,0.8612107384287908
CHEMBL3943531,CHEMBL3943531,O=C(Cc1nc(N2CCOCC2)cc(=O)n1-c1ccccc1)N1CCc2ccccc21,,7.29,2,7.29,7.29,IC50,B,assay format;cell-based format,cell_based,8,H,2015,,416.48100000000017,2.200899999999999,67.67,0,5,4,5,3,0.2916666666666667,0.6524036946058429
CHEMBL4292059,CHEMBL4292059,O=C(N1CCN(c2ncnc3[nH]nc(Br)c23)CC1)C1(c2ccc(Br)cc2)CCNCC1,,7.29,1,7.29,7.29,IC50,B,single protein format,single_protein,9,D,2018,,549.2710000000002,2.847900000000001,90.04,2,6,3,5,3,0.42857142857142855,0.5228906307104384
CHEMBL3701731,CHEMBL3701731,NC1(c2ccc(-c3nc4n(c3-c3ccncc3)COc3ccccc3-4)cc2)CCC1,,7.29,2,7.29,7.29,IC50,B,cell-based format,cell_based,8;9,D;H,2014,,394.4780000000002,4.966900000000003,65.96,1,4,3,6,4,0.2,0.5329126873193668
CHEMBL388729,CHEMBL388729,Nc1cc2[nH]ncc2cc1-c1cncc(OC[C@@H](N)Cc2c[nH]c3ccccc23)c1,,7.29,1,7.29,7.29,IC50,B,single protein format,single_protein,9,D,2007,,398.4700000000001,3.6372000000000018,118.63,4,5,6,5,5,0.13043478260869565,0.32570567463265016
CHEMBL3699781,CHEMBL3699781,Cn1c(CC(=O)N2CCc3c(Br)cccc32)nc(N2CCOCC2)cc1=O,,7.29,2,7.29,7.29,IC50,B,assay format;cell-based format,cell_based,8;9,D;H,2015,,433.3060000000003,1.5111999999999999,67.67000000000002,0,5,3,4,2,0.42105263157894735,0.7345588365299754
CHEMBL1258898,CHEMBL1258898,N[C@H](Cc1ccc(Cl)c(Cl)c1)C(=O)N1CCN(c2ncnc3ccccc23)CC1,,7.29,1,7.29,7.29,IC50,B,single protein format,single_protein,8,H,2010,,430.3390000000002,3.1552000000000016,75.35000000000001,1,5,4,4,3,0.2857142857142857,0.6885196773337546
CHEMBL5909260,CHEMBL5909260,CCNC(=O)c1ccc2nc(-c3ccc(C4(N)CCC4)cc3)c(-c3ccccc3)n2n1,,7.29,1,7.29,7.29,IC50,B,single protein format,single_protein,8,H,2017,,411.50900000000007,4.150900000000003,85.31,2,4,5,5,4,0.24,0.5165754818049816
CHEMBL2375956,CHEMBL2375956,COc1ncc(-c2cc3c(C)nc(N)nc3n([C@H]3CC[C@H](OCC(N)=O)CC3)c2=O)cn1,,7.29,1,7.29,7.29,IC50,B,cell-based format,cell_based,9,D,2013,,439.4760000000003,1.1333199999999997,161.13,2,9,6,4,3,0.42857142857142855,0.5732829877234655
CHEMBL5267341,CHEMBL5267341,C=CC(=O)Nc1ccc2[nH]c(=O)n(C3CCN(Cc4ccc(-c5nc(C)c(=O)[nH]c5-c5ccccc5)cc4)CC3)c2c1,,7.285,2,7.15,7.42,IC50;Ki,B,cell-based format,cell_based,9,D,2019,,560.658,5.016920000000004,115.88,3,5,7,6,5,0.21212121212121213,0.241965470056736
CHEMBL508098,CHEMBL508098,CN1CCN(c2ccc3nc(-c4ccccc4)c(-c4ccc(CN5CCC(c6nnc(-c7ncccn7)[nH]6)CC5)cc4)nc3n2)CC1,,7.28,1,7.28,7.28,IC50,B,single protein format,single_protein,8,H,2008,,623.7689999999999,5.065300000000004,115.74000000000001,1,10,7,8,6,0.3055555555555556,0.2586054915818603
CHEMBL3981254,CHEMBL3981254,CC1(C)CN(C(=O)Cc2nc(N3CCOCC3)cc(=O)[nH]2)c2cccc(F)c21,,7.28,2,7.28,7.28,IC50,B,assay format;cell-based format,cell_based,8,H,2015,,386.427,1.6124999999999998,78.53,1,5,3,4,2,0.45,0.8672536563518579
CHEMBL3699675,CHEMBL3699675,COC(=O)c1cc(OC)c2nc(-c3ccc(C4(N)CCC4)cc3)c(-c3ccccc3)n2c1,,7.28,2,7.28,7.28,IC50,B,single protein format,single_protein,8;9,D;H,2015,,427.5040000000002,4.801400000000004,78.85,1,5,5,5,4,0.23076923076923078,0.46293352935209403
CHEMBL211932,CHEMBL211932,CC(C)=C1C(=O)Nc2ccc(N[C@H](COc3cncc(-c4ccc5c(c4)C(=C(C)C)C(=O)N5)c3)Cc3c[nH]c4ccccc34)cc21,,7.28,1,7.28,7.28,IC50,B,single protein format,single_protein,9,D,2006,,609.7300000000002,7.8231000000000055,108.13999999999999,4,5,8,7,5,0.18421052631578946,0.1342086293562944
CHEMBL5185923,CHEMBL5185923,CC(C)NC[C@@H](C(=O)N1CCN(c2ncnc3c2CCC(=O)N3)CC1)c1ccc(Cl)cc1,,7.28,1,7.28,7.28,IC50,B,cell-based format,cell_based,9,D,2022,,456.9780000000003,2.4451,90.46000000000001,2,6,6,4,2,0.4782608695652174,0.693482511735279
CHEMBL3684358,CHEMBL3684358,O=C(Nc1ccc(-c2nnc3n2-c2cccnc2Nc2ccccc2-3)cc1)c1ccc2c(c1)OCO2,,7.28,2,7.28,7.28,IC50,B,single protein format,single_protein,8;9,D;H,2013,,474.48000000000025,5.034300000000003,103.19000000000001,2,7,3,7,5,0.037037037037037035,0.3706106198735265
CHEMBL577375,CHEMBL577375,CCC1C(=O)Nc2ccc(-c3cncc(OC[C@@H](N)Cc4c[nH]c5ccccc45)c3)cc21,,7.28,1,7.28,7.28,IC50,B,single protein format,single_protein,8,H,2009,,426.52000000000015,4.624400000000003,93.03,3,4,7,5,4,0.23076923076923078,0.4018338684731847
CHEMBL1632370,CHEMBL1632370,N[C@H](Cc1ccc(Cl)cc1)C(=O)N1CCN(c2ncnc3c2CS(=O)(=O)C3)CC1,,7.28,1,7.28,7.28,IC50,B,single protein format,single_protein,8,H,2010,,435.93700000000024,0.7770000000000001,109.49000000000001,1,7,4,4,2,0.42105263157894735,0.7550060385065249
CHEMBL3917798,CHEMBL3917798,CC1Cc2c(F)cccc2N1C(=O)Cc1nc(N2CCOCC2)c(F)c(=O)[nH]1,,7.28,4,6.94,7.62,IC50,B,assay format;cell-based format,cell_based,8,H,2015,,390.3900000000002,1.4049999999999998,78.53,1,5,3,4,2,0.42105263157894735,0.8574285938488869
CHEMBL2012702,CHEMBL2012702,Cc1c(NCCN(C)C)cc(Cl)cc1N1CCN(c2ncnc3[nH]nc(Br)c23)CC1,,7.28,1,7.28,7.28,IC50,B,single protein format,single_protein,8,H,2012,,493.8410000000002,3.377320000000002,76.21000000000001,2,7,6,4,3,0.45,0.5450602351393845
CHEMBL3112857,CHEMBL3112857,O=C(Cc1nc(N2CCOCC2)cc(=O)[nH]1)N1CCc2c(-c3cccnc3)cccc21,,7.28,2,7.28,7.28,IC50,B,assay format;cell-based format,cell_based,8,H,2015,,417.46900000000016,1.8003000000000002,91.42,1,6,4,5,3,0.30434782608695654,0.6961579159045372
CHEMBL3699751,CHEMBL3699751,NC1(c2ccc(-c3nc4c(F)cc(F)cn4c3-c3ccccc3)cc2)CCC1,,7.28,2,7.28,7.28,IC50,B,single protein format,single_protein,8;9,D;H,2015,,375.42200000000014,5.284400000000003,43.31999999999999,1,2,3,5,4,0.17391304347826086,0.5290610903848663
CHEMBL3672089,CHEMBL3672089,CS(=O)(=O)c1nc2nc(-c3ccc(CN4CCC(c5n[nH]c(-c6ccccn6)n5)CC4)cc3)c(-c3ccccc3)cn2n1,,7.27,2,7.27,7.27,IC50,B,cell-based format,cell_based,9,D,2015,,591.7010000000001,4.4215000000000035,134.92000000000002,1,9,7,7,6,0.22580645161290322,0.28617513530911376
CHEMBL1257511,CHEMBL1257511,Cc1ccc2ncnc(N3CCN(C(=O)[C@H](N)Cc4ccc(Cl)cc4)CC3)c2c1,,7.27,1,7.27,7.27,IC50,B,single protein format,single_protein,8,H,2010,,409.9210000000001,2.810220000000001,75.35000000000001,1,5,4,4,3,0.3181818181818182,0.7166700973501786
CHEMBL3112854,CHEMBL3112854,O=C(Cc1nc(N2CCOCC2)cc(=O)[nH]1)N1CCc2c(OC(F)(F)F)cccc21,,7.27,2,7.27,7.27,IC50,B,assay format;cell-based format,cell_based,8,H,2015,,424.37900000000013,1.6368999999999991,87.76,1,6,4,4,2,0.42105263157894735,0.8031302416414656
CHEMBL2177833,CHEMBL2177833,Nc1ncccc1-c1nc2cc(-c3cccnc3)cnc2n1-c1ccc(CNC(=O)c2cccc(F)c2)cc1,,7.27,7,6.09,8.28,IC50,B,cell-based format,cell_based,8;9,D;H,2012,,515.5520000000002,5.195800000000003,111.60999999999999,2,6,6,6,6,0.03333333333333333,0.3155813083222296
CHEMBL3981502,CHEMBL3981502,C[C@@H]1Cc2ccccc2N1C(=O)Cc1nc(N2CCOCC2)c(Cl)c(=O)[nH]1,,7.26,2,7.26,7.26,IC50,B,assay format;cell-based format,cell_based,8,H,2015,,388.8550000000001,1.7802,78.53,1,5,3,4,2,0.42105263157894735,0.8666895319374017
CHEMBL3976090,CHEMBL3976090,CCN(CC)CCn1cc(-c2ccc(F)c(C)c2)nc1C1CCN(c2ncnc(N)c2C(N)=O)CC1,,7.26,2,7.26,7.26,IC50,B,single protein format,single_protein,8,H,2015,,494.61900000000037,3.1945200000000007,119.19,2,7,9,4,3,0.46153846153846156,0.4687825961662924
CHEMBL3672094,CHEMBL3672094,OCc1cnn2cc(-c3c(F)cccc3F)c(-c3ccc(CN4CC(c5n[nH]c(-c6ccccn6)n5)C4)cc3)nc12,,7.26,2,7.26,7.26,IC50,B,cell-based format,cell_based,9,D,2015,,550.5730000000002,4.613300000000004,108.12,2,7,7,7,6,0.16666666666666666,0.29884695046138837
CHEMBL3703135,CHEMBL3703135,CC(=O)c1ccc2nc(-c3ccc(C4(N)CCC4)cc3)c(-c3ccccc3)n2c1,,7.26,2,7.26,7.26,IC50,B,single protein format,single_protein,8;9,D;H,2015,,381.47900000000004,5.2088000000000045,60.39,1,3,4,5,4,0.2,0.49378719897499307
CHEMBL2177377,CHEMBL2177377,COCCNC[C@@H](C(=O)N1CCN(c2ncnc3c2[C@H](C)C[C@H]3O)CC1)c1ccc(Cl)cc1,,7.26,2,6.42,8.1,IC50,B,assay format;cell-based format,cell_based,9,D,2012,,474.0050000000002,2.3390000000000004,90.82000000000001,2,7,8,4,2,0.5416666666666666,0.5684465125528748
CHEMBL5174965,CHEMBL5174965,CC(C)NC[C@@H](C(=O)N1CCN(c2ncnc3c2[C@H](C)CC(=O)N3)CC12CC2)c1ccc(Cl)cc1,,7.26,1,7.26,7.26,IC50,B,cell-based format,cell_based,9,D,2022,,497.04300000000035,3.5387000000000013,90.46000000000001,2,6,6,5,2,0.5384615384615384,0.6353995606402162
CHEMBL208606,CHEMBL208606,Cn1cc(C[C@H](N)COc2cncc(-c3ccc4cnccc4c3)c2)c2ccccc21,,7.26,1,7.26,7.26,Ki,B,single protein format,single_protein,9,D,2006,,408.5050000000001,4.737300000000003,65.96000000000001,1,4,6,5,5,0.15384615384615385,0.4407993899440573
CHEMBL180058,CHEMBL180058,Cn1nnc(-c2ccc3nc(-c4ccccc4)c(-c4ccc(CN5CCC(n6c(O)nc7ccccc76)CC5)cc4)nc3c2)n1,,7.26,1,7.26,7.26,IC50,B,single protein format,single_protein,9,D,2005,,593.6950000000002,6.046700000000007,110.67,1,8,6,8,7,0.2,0.24829649246913385
CHEMBL508861,CHEMBL508861,ClCc1nnc2c3cc(-c4ccccc4)c(-c4ccc(CN5CCC(c6n[nH]c(-c7ccccn7)n6)CC5)cc4)nc3ccn12,,7.26,2,6.95,7.57,IC50,B,cell-based format,cell_based,8;9,D;H,2009,,612.1410000000002,6.910000000000007,100.78,1,7,7,8,7,0.2,0.1954512219238154
CHEMBL3890103,CHEMBL3890103,CC1Cc2ccc(F)cc2N1C(=O)Cc1nc(N2CCOCC2)c(F)c(=O)[nH]1,,7.255000000000001,4,7.11,7.4,IC50,B,assay format;cell-based format,cell_based,8,H,2015,,390.3900000000002,1.4049999999999998,78.53,1,5,3,4,2,0.42105263157894735,0.8574285938488869
CHEMBL521823,CHEMBL521823,CCn1c(-c2nonc2N)nc2cncc(OCC3CCNCC3)c21,,7.25,1,7.25,7.25,IC50,B,single protein format,single_protein,9,D,2008,,343.39100000000013,1.4617999999999998,116.91000000000001,2,8,5,4,3,0.5,0.7149012017456727
CHEMBL378211,CHEMBL378211,N[C@H](COc1cncc(-c2ccc3cnc(C#Cc4ccccc4)cc3c2)c1)Cc1c[nH]c2ccccc12,,7.25,1,7.25,7.25,IC50,B,single protein format,single_protein,9,D,2006,,494.5980000000002,6.126700000000004,76.82,2,4,6,6,6,0.09090909090909091,0.27331652933643014
CHEMBL4544109,CHEMBL4596346,Nc1ncccc1-c1nc2ccc(-c3cccnc3)nc2n1-c1ccc(C2(N)CCC2)cc1,,7.25,5,6.19,8.22,IC50,B,assay format;cell-based format,cell_based,9,D,2016,,433.5190000000003,4.464600000000003,108.52999999999999,2,6,4,6,5,0.15384615384615385,0.4329872103669281
CHEMBL3974777,CHEMBL3974777,Cc1cc(-c2cn(CC3CN(CO)C3)c(C3CCN(c4ncnc(N)c4C(C)C)CC3)n2)ccc1F,,7.25,2,7.25,7.25,IC50,B,single protein format,single_protein,8,H,2015,,493.6310000000002,3.7588200000000027,96.33,2,7,7,5,3,0.5185185185185185,0.5173474397034408
CHEMBL3672059,CHEMBL3672059,Fc1ccc(-c2cn3nc(C4CC4)nc3nc2-c2ccc(CN3CCC(c4n[nH]c(-c5cc(Cl)ccn5)n4)CC3)cc2)cc1,,7.25,2,7.25,7.25,IC50,B,cell-based format,cell_based,9,D,2015,,606.1090000000002,6.687900000000006,100.78,1,7,7,8,6,0.2727272727272727,0.21634498887293224
CHEMBL3672010,CHEMBL3672010,c1ccc(-c2cn3ccnc3nc2-c2ccc(CN3CCC(c4nc5cccnc5[nH]4)CC3)cc2)cc1,,7.25,2,7.25,7.25,IC50,B,cell-based format,cell_based,9,D,2015,,485.59500000000025,5.714200000000005,75.0,1,5,5,7,6,0.2,0.3383242888825545
CHEMBL3950856,CHEMBL3950856,C[C@H]1Cc2ccccc2N1C(=O)Cc1nc(N2CCOCC2)c(Br)c(=O)[nH]1,,7.25,2,7.25,7.25,IC50,B,assay format;cell-based format,cell_based,8,H,2015,,433.30600000000004,1.8893,78.53,1,5,3,4,2,0.42105263157894735,0.8002816098701386
CHEMBL3696310,CHEMBL3696310,COCCOc1ccccc1NC(=O)Cc1nc(N2CCOCC2)cc(=O)[nH]1,,7.25,2,7.25,7.25,IC50,B,assay format;cell-based format,cell_based,8;9,D;H,2015,,388.4240000000002,0.8129,105.78,2,7,8,3,2,0.42105263157894735,0.6448859693202297
CHEMBL4172716,CHEMBL4172716,COC(=O)c1c(C)nc(NNC(=O)c2cccc3c(=O)c4ccccc4[nH]c23)nc1-c1ccccc1,,7.25,1,7.25,7.25,IC50,B,single protein format,single_protein,9,D,2017,,479.4960000000002,3.9902200000000025,126.06999999999998,3,7,5,5,5,0.07407407407407407,0.1976517737233364
CHEMBL2016885,CHEMBL2016885,CCOc1cc(NCCN2CCCC2)c(C)c(N2CCN(c3ncnc4[nH]nc(Br)c34)CC2)c1,,7.25,1,7.25,7.25,IC50,B,single protein format,single_protein,8,H,2012,,529.4870000000001,3.6568200000000024,85.44000000000001,2,8,8,5,3,0.5416666666666666,0.45769760630076306
CHEMBL2375953,CHEMBL2375953,Cc1nc(N)nc2c1cc(-c1cnc3ccccc3c1)c(=O)n2[C@H]1CC[C@H](OCC(N)=O)CC1,,7.25,1,7.25,7.25,IC50,B,cell-based format,cell_based,9,D,2013,,458.5220000000004,2.8829200000000004,139.01,2,7,5,5,4,0.32,0.46862381752955
CHEMBL5868360,CHEMBL5868360,NC1(c2ccc(-c3nc4c(OCc5ccccc5)cc(Cl)nn4c3-c3ccccc3)cc2)CCC1,,7.25,1,7.25,7.25,IC50,B,single protein format,single_protein,8,H,2017,,480.99900000000025,6.633600000000005,65.44,1,4,6,6,5,0.1724137931034483,0.29583332995351125
CHEMBL6006637,CHEMBL6006637,C=CC(=O)Cc1ccc(C(=O)NC2CCN(Cc3ccc(-c4nc5cc[nH]c(=O)c5cc4-c4ccccc4)cc3)CC2)s1,,7.245,2,6.4,8.09,IC50,B,single protein format,single_protein,8,H,2020,,588.7330000000001,6.0106000000000055,95.16,2,6,9,6,5,0.2,0.2057572050332551
CHEMBL210333,CHEMBL210333,N[C@H](COc1cncc(-c2ccc3cnc(-c4ccco4)cc3c2)c1)Cc1c[nH]c2ccccc12,,7.24,1,7.24,7.24,IC50,B,single protein format,single_protein,9,D,2006,,460.5370000000002,5.986900000000004,89.96000000000001,2,5,7,6,6,0.10344827586206896,0.30552739123197187
CHEMBL5187546,CHEMBL5221830,CC(C)NC[C@@H](C(=O)N1CCN(c2ncnc3c2CC(C)C(=O)N3)CC1)c1ccc(Cl)cc1,,7.24,1,7.24,7.24,IC50,B,cell-based format,cell_based,9,D,2022,,471.0050000000002,2.6911000000000005,90.46000000000001,2,6,6,4,2,0.5,0.6742175144152964
CHEMBL4528834,CHEMBL4528834,Cn1nccc1-c1ccc(C(=O)N[C@@H]2CNCC[C@H]2c2ccc(F)c(F)c2)cn1,,7.24,1,7.24,7.24,IC50,B,assay format,other,9,D,2019,,397.42900000000003,2.6358000000000006,71.84,2,4,4,4,3,0.2857142857142857,0.7101019777467894
CHEMBL475401,CHEMBL475401,O=C1C[C@H]2O[C@H](c3cccs3)C3=C(C(=O)c4ccccc4C3=O)[C@H]2O1,,7.24,1,7.24,7.24,IC50,B,single protein format,single_protein,8,H,2009,,352.3670000000001,2.8793000000000006,69.67,0,6,1,5,2,0.21052631578947367,0.7383243882593429
CHEMBL3699811,CHEMBL3699811,C[C@H]1CN(C(=O)Cc2nc(N3CCOCC3)cc(=O)[nH]2)c2ccccc21,,7.24,2,7.24,7.24,IC50,B,assay format;cell-based format,cell_based,8;9,D;H,2015,,354.41,1.2992999999999995,78.53,1,5,3,4,2,0.42105263157894735,0.8988529656987453
CHEMBL3703156,CHEMBL3703156,NC(=O)c1cccn2c(-c3ccccc3)c(-c3ccc(C4(N)CCC4)cc3)nc12,,7.24,2,7.24,7.24,IC50,B,single protein format,single_protein,8;9,D;H,2015,,382.4670000000002,4.105100000000003,86.41,2,3,4,5,4,0.16666666666666666,0.5569096784767962
CHEMBL3696298,CHEMBL3696298,O=C(Cc1nc(N2CCOCC2)cc(=O)[nH]1)N1CCc2c(F)cc(F)cc21,,7.24,2,7.24,7.24,IC50,B,assay format;cell-based format,cell_based,8;9,D;H,2015,,376.3630000000001,1.0164999999999997,78.53,1,5,3,4,2,0.3888888888888889,0.8653893465099662
CHEMBL3696249,CHEMBL3696249,Cc1cc(F)ccc1NC(=O)Cc1nc(N2CCOCC2)cc(=O)[nH]1,,7.24,2,7.24,7.24,IC50,B,assay format;cell-based format,cell_based,8;9,D;H,2015,,346.3620000000001,1.2352199999999995,87.32,2,5,4,3,2,0.35294117647058826,0.8696002214430151
CHEMBL2177364,CHEMBL2177364,C[C@@H]1C[C@@H](O)c2ncnc(N3CCN(C(=O)[C@H](CNC4CCCCC4)c4ccc(Cl)cc4)CC3)c21,,7.24,2,6.43,8.05,IC50,B,assay format;cell-based format,cell_based,9,D,2012,,498.0710000000003,4.025300000000003,81.59,2,6,6,5,2,0.5925925925925926,0.6268654602992068
CHEMBL3970508,CHEMBL3970508,CC1CN(C(=O)Cc2nc(N3CCOCC3)cc(=O)[nH]2)c2cccc(O)c21,,7.24,2,7.24,7.24,IC50,B,assay format;cell-based format,cell_based,8,H,2015,,370.40900000000005,1.0048999999999997,98.76,2,6,3,4,2,0.42105263157894735,0.836551495128212
CHEMBL1171299,CHEMBL1171299,Cc1c[nH]c2ncnc(N3CCC(N)(CNC(=O)Cl)C3)c12,,7.24,1,7.24,7.24,IC50,B,single protein format,single_protein,8,H,2010,,308.773,1.1223199999999998,99.93,3,5,3,3,2,0.46153846153846156,0.5826605427969137
CHEMBL3699749,CHEMBL3699749,Cc1cc(C)c2nc(-c3ccc(C4(N)CCC4)cc3)c(-c3ccccc3)n2c1,,7.24,2,7.24,7.24,IC50,B,single protein format,single_protein,8;9,D;H,2015,,367.49600000000004,5.623040000000005,43.31999999999999,1,2,3,5,4,0.24,0.5103368703678148
CHEMBL226626,CHEMBL226626,Cc1n[nH]c2ccc(-c3cncc(OC[C@@H](N)Cc4cc(C(F)(F)F)cc(C(F)(F)F)c4)c3)cc12,,7.24,1,7.24,7.24,IC50,B,single protein format,single_protein,9,D,2007,,494.439,5.919720000000003,76.82,2,4,6,4,4,0.25,0.32646964329763856
CHEMBL5980193,CHEMBL5980193,NC1(c2ccc(-c3nc4c(-c5cc[nH]n5)cc(C(=O)O)nn4c3-c3ccccc3)cc2)CCC1,,7.24,1,7.24,7.24,IC50,B,single protein format,single_protein,8,H,2017,,450.50200000000024,4.489500000000003,122.19,3,5,5,6,5,0.15384615384615385,0.3626240683792933
CHEMBL6028902,CHEMBL6028902,NC1(C(=O)N[C@@H](CCO)c2ccccc2)CCN(c2ncnc3[nH]ccc23)CC1,,7.23,1,7.23,7.23,IC50,B,single protein format,single_protein,8,H,2016,,394.47900000000016,1.4954999999999996,120.16,4,6,6,4,3,0.38095238095238093,0.5028303541951619
CHEMBL3948379,CHEMBL3948379,COc1ccc(-c2cn(CCN3CCC3)c(C3CCN(c4ncnc(N)c4C#N)CC3)n2)cc1F,,7.23,2,7.23,7.23,IC50,B,single protein format,single_protein,8,H,2015,,476.5600000000002,3.0313800000000013,109.11999999999999,1,8,7,5,3,0.44,0.5542865943669912
CHEMBL226332,CHEMBL226332,N[C@H](COc1cncc(-c2cc3c(Cl)n[nH]c3cn2)c1)Cc1ccccc1,,7.23,1,7.23,7.23,IC50,B,single protein format,single_protein,9,D,2007,,379.8510000000001,3.6221000000000023,89.71,2,5,6,4,4,0.15,0.5336524946813886
CHEMBL3672519,CHEMBL3672519,CS(=O)(=O)c1ccc(-c2ccc3c(c2)nn2cc(-c4ccccc4)c(-c4ccc(C5(N)CCC5)cc4)nc32)cc1,,7.23,2,7.23,7.23,IC50,B,single protein format,single_protein,8;9,D;H,2015,,544.6800000000004,6.6249000000000065,90.35,1,5,5,7,6,0.15151515151515152,0.26325027558377256
CHEMBL3915954,CHEMBL3915954,Nc1ncnc(N2CCC(c3nc(-c4ccc(C(F)(F)F)c(F)c4)cn3CCN3CCCC3)CC2)c1C1CCC1,,7.2299999999999995,4,6.42,8.04,IC50,B,single protein format,single_protein,8,H,2015,,557.6400000000002,5.827500000000006,76.10000000000001,1,6,7,6,3,0.5517241379310345,0.3688009036218297
CHEMBL1760768,CHEMBL1760768,Cc1cccc(C)c1S(=O)(=O)NC[C@@H](O)CN1CCC[C@@]2(CCN(c3ncnc(N)c3C3CC3)C2)C1,,7.225,2,6.05,8.4,IC50,B,cell-based format;single protein format,mixed,8;9,D;H,2011,,514.6960000000005,2.1847400000000006,124.67999999999999,3,8,8,5,2,0.6153846153846154,0.4896723095667022
CHEMBL3896311,CHEMBL3896311,CC1Cc2cc(F)ccc2N1C(=O)Cc1nc(N2CCOCC2)c(F)c(=O)n1C,,7.225,4,7.19,7.26,IC50,B,assay format;cell-based format,cell_based,8,H,2015,,404.41700000000026,1.4153999999999998,67.67,0,5,3,4,2,0.45,0.7741353703535486
CHEMBL2177829,CHEMBL2177829,Nc1ncccc1-c1nc2ccc(-c3cccnc3)nc2n1-c1ccc(CC(=O)Nc2ccccc2)cc1,,7.225,6,6.32,7.3,IC50,B,cell-based format,cell_based,8;9,D;H,2012,,497.56200000000024,5.307900000000003,111.60999999999999,2,6,6,6,6,0.03333333333333333,0.32265554428754695
CHEMBL3937641,CHEMBL3937641,CC1Cc2cc(F)c(F)cc2N1C(=O)Cc1nc(N2CCOCC2)cc(=O)n1C,,7.220000000000001,4,6.94,7.5,IC50,B,assay format;cell-based format,cell_based,8,H,2015,,404.41700000000026,1.4153999999999998,67.67,0,5,3,4,2,0.45,0.7741353703535486
CHEMBL3936766,CHEMBL3936766,Cn1c(CC(=O)N2CCc3c(OC(F)F)cccc32)nc(N2CCOCC2)cc1=O,,7.22,2,7.22,7.22,IC50,B,assay format;cell-based format,cell_based,8,H,2015,,420.4160000000003,1.3501,76.9,0,6,5,4,2,0.45,0.7270104726832125
CHEMBL3688935,CHEMBL3688935,C[C@H]1COCCN1c1nc(N2CCOC[C@@H]2C)c2ccc(-c3ccc4[nH]nc(N)c4c3)nc2n1,,7.22,2,7.22,7.22,IC50,B,single protein format,single_protein,8;9,D;H,2015,,460.54200000000014,2.6004999999999994,118.30999999999999,2,9,3,6,4,0.4166666666666667,0.4754313326562637
CHEMBL3112852,CHEMBL3112852,COc1cccc2c1CCN2C(=O)Cc1nc(N2CCOCC2)cc(=O)[nH]1,,7.22,2,7.22,7.22,IC50,B,assay format;cell-based format,cell_based,8;9,D;H,2015,,370.40900000000016,0.7468999999999999,87.75999999999999,1,6,4,4,2,0.42105263157894735,0.8544758080392042
CHEMBL3672093,CHEMBL3672093,Cc1nc2nc(-c3ccc(CN4CCC(c5n[nH]c(-c6ccccn6)n5)CC4)cc3)c(-c3cc(F)ccc3F)cn2n1,,7.22,2,7.22,7.22,IC50,B,cell-based format,cell_based,9,D,2015,,563.6160000000001,5.604620000000005,100.78,1,7,6,7,6,0.22580645161290322,0.28137551211705225
CHEMBL260670,CHEMBL260670,c1ccc(-c2cc3cccnc3nc2-c2ccc(CN3CCC(c4n[nH]c(-c5ccccn5)n4)CC3)cc2)cc1,,7.215,2,7.08,7.35,IC50,B,cell-based format;single protein format,mixed,8,H,2008,,523.6440000000002,6.5235000000000065,83.48,1,6,6,7,6,0.18181818181818182,0.26746950056461244
CHEMBL3699789,CHEMBL3699789,Cn1c(CC(=O)N2CCc3cc(F)c(F)cc32)nc(N2CCOCC2)cc1=O,,7.21,2,7.21,7.21,IC50,B,assay format;cell-based format,cell_based,8;9,D;H,2015,,390.39000000000027,1.0268999999999997,67.67000000000002,0,5,3,4,2,0.42105263157894735,0.7832100362246028
CHEMBL5188354,CHEMBL5188354,CC(C)NC[C@@H](C(=O)N1CCN(c2ncnc3c2[C@H](C)CC(=O)N3)[C@@H]2C[C@@H]21)c1ccc(Cl)cc1,,7.21,1,7.21,7.21,IC50,B,cell-based format,cell_based,9,D,2022,,483.0160000000002,3.147000000000002,90.46000000000001,2,6,6,5,2,0.52,0.6569822487505326
CHEMBL5871825,CHEMBL5871825,CCNC[C@@H](Nc1ncnc2c(C(N)=O)ccnc12)c1ccc(F)c(Cl)c1,,7.21,1,7.21,7.21,IC50,B,single protein format,single_protein,8,H,2019,,388.83400000000006,2.6789000000000005,105.82000000000001,3,6,7,3,3,0.2222222222222222,0.5742580801803495
CHEMBL3703147,CHEMBL3703147,CC(=O)Nc1ccc2nc(-c3ccc(C4(N)CCC4)cc3)c(-c3ccccc3)n2c1,,7.21,2,7.21,7.21,IC50,B,single protein format,single_protein,8;9,D;H,2015,,396.494,4.9646000000000035,72.42,2,3,4,5,4,0.2,0.5117793428353448
CHEMBL5923933,CHEMBL5923933,CCNC[C@@H](Nc1ncnc2c(C(N)=O)ccnc12)c1ccc(F)c(Br)c1,,7.21,1,7.21,7.21,IC50,B,single protein format,single_protein,8,H,2019,,433.2850000000001,2.7880000000000003,105.82000000000001,3,6,7,3,3,0.2222222222222222,0.5293846879689632
CHEMBL5743509,CHEMBL5743509,CNC[C@@H](Nc1ncnc2c(C(N)=O)ccnc12)c1ccc(Cl)cc1,,7.21,1,7.21,7.21,IC50,B,single protein format,single_protein,8,H,2019,,356.817,2.1497,105.82000000000001,3,6,6,3,3,0.17647058823529413,0.6245502720776662
CHEMBL5951619,CHEMBL5951619,CCNC[C@@H](Nc1ncnc2c(C(N)=O)ccnc12)c1ccc(F)c(C(F)(F)F)c1,,7.21,1,7.21,7.21,IC50,B,single protein format,single_protein,8,H,2019,,422.3860000000001,3.0443000000000007,105.82000000000001,3,6,7,3,3,0.2631578947368421,0.5056775384048232
CHEMBL5966641,CHEMBL5966641,CN(C)C[C@@H](Nc1ncnc2c(C(N)=O)ccnc12)c1ccc(F)c(C(F)(F)F)c1,,7.21,1,7.21,7.21,IC50,B,single protein format,single_protein,8,H,2019,,422.3860000000001,2.9963999999999995,97.02999999999999,2,6,6,3,3,0.2631578947368421,0.593130582992344
CHEMBL1171842,CHEMBL1171842,Cc1c[nH]c2ncnc(N3CCC(N)(CNC(=O)c4ccccc4)C3)c12,,7.21,1,7.21,7.21,IC50,B,single protein format,single_protein,8,H,2010,,350.42600000000004,1.6039199999999998,99.93,3,5,4,4,3,0.3157894736842105,0.6636313374533052
CHEMBL5969209,CHEMBL5969209,NC(=O)c1ccnc2c(N[C@H](CN3CCC3)c3ccc(OC(F)(F)F)c(Cl)c3)ncnc12,,7.21,1,7.21,7.21,IC50,B,single protein format,single_protein,8,H,2019,,466.85100000000006,3.534600000000002,106.26,2,7,7,4,3,0.3,0.5482244827568292
CHEMBL1171485,CHEMBL1171485,Cc1c[nH]c2ncnc(N3CCC(N)(CNC(=O)C(F)(F)F)C3)c12,,7.21,1,7.21,7.21,IC50,B,single protein format,single_protein,8,H,2010,,342.325,0.85242,99.93,3,5,3,3,2,0.5,0.7679459687308983
CHEMBL3941240,CHEMBL3941240,NC(=O)c1c(N)ncnc1N1CCC(c2nc(-c3ccnc(C4CC4)c3)cn2CCN2CCC2)CC1,,7.21,2,7.21,7.21,IC50,B,single protein format,single_protein,8,H,2015,,487.6120000000004,2.3832999999999993,132.08,2,8,8,6,3,0.5,0.4949549152014762
CHEMBL3944710,CHEMBL3944710,Cc1cn2c(-c3ccccc3)c(-c3ccc(C4(N)CCC4)cc3)nc2c(C)n1,,7.21,2,7.21,7.21,IC50,B,cell-based format,cell_based,8;9,D;H,2016,,368.48400000000015,5.0180400000000045,56.21,1,3,3,5,4,0.25,0.5524050927377521
CHEMBL3902097,CHEMBL3902097,C[C@@H]1Cc2ccccc2N1C(=O)Cc1nc(N2CCOCC2)c(F)c(=S)[nH]1,,7.21,2,7.21,7.21,IC50,B,assay format;cell-based format,cell_based,8,H,2015,,388.468,2.6351900000000006,61.46,1,5,3,4,2,0.42105263157894735,0.8194392030961104
CHEMBL4455194,CHEMBL4595316,Cn1ncc(CO)c1-c1ccc(C(=O)N[C@@H]2CNCC[C@H]2c2cccc(F)c2)s1,,7.21,1,7.21,7.21,IC50,B,assay format,other,9,D,2019,,414.50600000000014,2.655500000000001,79.17999999999999,3,5,5,4,3,0.3333333333333333,0.5998159447766536
CHEMBL5766165,CHEMBL5766165,CNC[C@@H](Nc1ncnc2c(C(N)=O)ccnc12)c1ccc(OC(F)(F)F)c(Cl)c1,,7.21,1,7.21,7.21,IC50,B,single protein format,single_protein,8,H,2019,,440.8130000000001,3.0483000000000002,115.05000000000001,3,7,7,3,3,0.2222222222222222,0.5168561024664792
CHEMBL3805228,CHEMBL3805228,Cn1ncc(Cl)c1-c1cc(C(=O)NC2(c3ccc(Cl)c(Cl)c3)CCNCC2)oc1Cl,,7.21,1,7.21,7.21,IC50,B,assay format,other,9,D,2016,,488.20200000000034,5.302400000000003,72.09,2,4,4,4,3,0.3,0.5231143037949761
CHEMBL3893392,CHEMBL3893392,CC1Cc2c(F)cccc2N1C(=O)Cc1nc(N2CCOCC2)cc(=O)n1C,,7.21,4,7.14,7.28,IC50,B,assay format;cell-based format,cell_based,8,H,2015,,386.42700000000025,1.2762999999999998,67.67,0,5,3,4,2,0.45,0.7950069166021759
CHEMBL3699713,CHEMBL3699713,COC(=O)c1ccc2nc(-c3ccc(C4(N)CCC4)cc3)c(-c3ccccc3)n2c1,,7.21,2,7.21,7.21,IC50,B,single protein format,single_protein,8;9,D;H,2015,,397.478,4.792800000000003,69.61999999999999,1,4,4,5,4,0.2,0.502670128030275
CHEMBL5802141,CHEMBL5802141,NC(=O)c1ccnc2c(N[C@H](CN3CC(O)C3)c3ccc(Cl)c(C(F)(F)F)c3)ncnc12,,7.21,1,7.21,7.21,IC50,B,single protein format,single_protein,8,H,2019,,466.851,2.6256000000000004,117.26,3,7,6,4,3,0.3,0.5108705067218978
CHEMBL3699719,CHEMBL3699719,CCOC(=O)c1cccn2c(-c3ccccc3)c(-c3ccc(C4(N)CCC4)cc3)nc12,,7.21,2,7.21,7.21,IC50,B,single protein format,single_protein,8;9,D;H,2015,,411.5050000000002,5.182900000000005,69.62,1,4,5,5,4,0.23076923076923078,0.4593526507562568
CHEMBL3672055,CHEMBL3672055,Cc1cccc(-c2nc(C3CCN(Cc4ccc(-c5nc6nc(C)nn6cc5-c5ccc(F)cc5F)cc4)CC3)n[nH]2)n1,,7.21,2,7.21,7.21,IC50,B,cell-based format,cell_based,9,D,2015,,577.6429999999999,5.913040000000005,100.78000000000002,1,7,6,7,6,0.25,0.26256640923215485
CHEMBL6021828,CHEMBL6021828,CNC[C@@H](Nc1ncnc2c(C(N)=O)ccnc12)c1ccc(Cl)c(C(F)(F)F)c1,,7.2,1,7.2,7.2,IC50,B,single protein format,single_protein,8,H,2018,,424.814,3.1685000000000008,105.82000000000001,3,6,6,3,3,0.2222222222222222,0.5609552285682022
CHEMBL1968245,CHEMBL1968245,NC(COc1cc(C=Cc2ccncc2)cnc1Cl)Cc1c[nH]c2ccccc12,,7.2,1,7.2,7.2,Ki,F,assay format,other,8,H,,,404.9010000000001,4.730500000000003,76.82,2,4,7,4,4,0.13043478260869565,0.436357354380966
CHEMBL252261,CHEMBL252261,CSc1ncc2cc(-c3ccccc3)c(-c3ccc(CNCCc4n[nH]c(-c5ccccc5)n4)cc3)nc2n1,,7.2,1,7.2,7.2,IC50,B,single protein format,single_protein,8,H,2008,,529.6730000000002,6.198100000000006,92.27000000000001,2,7,9,6,6,0.12903225806451613,0.13089217402492195
CHEMBL6026067,CHEMBL6026067,NC(=O)c1ccnc2c(N[C@H](CN3CC(F)C3)c3ccc(Cl)c(C(F)(F)F)c3)ncnc12,,7.2,1,7.2,7.2,IC50,B,single protein format,single_protein,8,H,2018,,468.842,3.602800000000002,97.03,2,6,6,4,3,0.3,0.5364748917008084
CHEMBL469357,CHEMBL469357,NCC(NC(=O)c1cc(-c2cccnc2)c(-c2ccnc3[nH]ccc23)s1)c1ccccc1,,7.2,1,7.2,7.2,IC50,B,single protein format,single_protein,8,H,2009,,439.5440000000001,4.783200000000003,96.69,3,5,6,5,5,0.08,0.35457252075071666
CHEMBL3927896,CHEMBL3927896,Cn1c(CC(=O)N2CCc3c2cccc3C(F)(F)F)nc(N2CCOCC2)cc1=O,,7.2,2,7.2,7.2,IC50,B,assay format;cell-based format,cell_based,8,H,2015,,422.40700000000027,1.7675,67.67000000000002,0,5,3,4,2,0.45,0.7544281474147878
CHEMBL6030299,CHEMBL6030299,CNC[C@@H](Nc1ncnc2c(C(N)=O)ccnc12)c1cc(F)c(F)cc1F,,7.2,1,7.2,7.2,IC50,B,single protein format,single_protein,8,H,2018,,376.34200000000004,1.9136000000000002,105.82000000000001,3,6,6,3,3,0.17647058823529413,0.5677782177844318
CHEMBL2016890,CHEMBL2016890,Cc1noc(-c2cc(NCCN3CCCC3)c(C)c(N3CCN(c4ncnc5[nH]nc(Br)c45)CC3)c2)n1,,7.2,2,6.18,8.22,IC50,B,cell-based format;single protein format,mixed,8;9,D;H,2012,,567.4959999999999,3.6165400000000023,115.13,2,10,7,6,4,0.48,0.3432869907508921
CHEMBL470202,CHEMBL470202,NCC(NC(=O)c1cc(-c2cn[nH]c2)c(-c2ccnc3[nH]ccc23)s1)c1ccccc1,,7.2,1,7.2,7.2,IC50,B,single protein format,single_protein,8,H,2009,,428.52100000000013,4.111300000000002,112.47999999999999,4,5,6,5,5,0.08695652173913043,0.3259144164847487
CHEMBL1096636,CHEMBL1096636,CCn1c(-c2nonc2N)nc2c(C#CC(C)(C)O)nc(OCCCCN)cc21,,7.2,1,7.2,7.2,IC50,B,single protein format,single_protein,8,H,2009,,399.4550000000002,1.3235000000000001,151.13000000000002,3,9,7,3,3,0.47368421052631576,0.39441006025278597
CHEMBL574476,CHEMBL574476,O=c1[nH]c2ccccc2n1C1CCN(Cc2ccc(-c3nc4ccc(-n5cnnn5)cc4nc3-c3ccccc3)cc2)CC1,,7.2,1,7.2,7.2,IC50,B,single protein format,single_protein,8,H,2009,,579.668,5.419600000000005,110.41000000000001,1,7,6,8,7,0.17647058823529413,0.280147282735335
CHEMBL5765842,CHEMBL5765842,CNC[C@@H](Nc1ncnc2c(C(N)=O)ccnc12)c1ccc(Cl)c(C)c1,,7.2,1,7.2,7.2,IC50,B,single protein format,single_protein,8,H,2018,,370.84400000000005,2.458120000000001,105.82000000000001,3,6,6,3,3,0.2222222222222222,0.6150805638407127
CHEMBL5867820,CHEMBL5867820,CNC[C@@H](Nc1ncnc2c(C(N)=O)ccnc12)c1ccc(Cl)c(OC(F)(F)F)c1,,7.2,1,7.2,7.2,IC50,B,single protein format,single_protein,8,H,2018,,440.81300000000005,3.048300000000001,115.05000000000001,3,7,7,3,3,0.2222222222222222,0.5168561024664792
CHEMBL3672043,CHEMBL3672043,CNc1nc2nc(-c3ccc(CN4CC(c5n[nH]c(-c6ccccn6)n5)C4)cc3)c(-c3ccccc3)cn2n1,,7.2,2,7.2,7.2,IC50,B,cell-based format,cell_based,9,D,2015,,514.5970000000001,4.279500000000002,112.81,2,8,7,7,6,0.1724137931034483,0.3246618653364281
CHEMBL5865926,CHEMBL5865926,CCNC[C@@H](Nc1ncnc2c(C(N)=O)ccnc12)c1ccc(C(F)(F)F)c(C(F)(F)F)c1,,7.2,1,7.2,7.2,IC50,B,single protein format,single_protein,8,H,2018,,472.3930000000001,3.9240000000000013,105.82000000000001,3,6,7,3,3,0.3,0.4503956849187046
CHEMBL596379,CHEMBL596379,Cc1n[nH]c2ccc(-c3cc(OC[C@@H](N)Cc4ccccc4)cnc3-c3cc(F)cc(F)c3O)cc12,,7.2,1,7.2,7.2,IC50,B,single protein format,single_protein,8,H,2010,,486.5220000000001,5.532920000000004,97.05,3,5,7,5,5,0.14285714285714285,0.2809691269501518
CHEMBL3696299,CHEMBL3696299,Cn1c(CC(=O)Nc2ccc(F)c(I)c2)nc(N2CCOCC2)cc1=O,,7.2,2,7.2,7.2,IC50,B,assay format;cell-based format,cell_based,8;9,D;H,2015,,472.25800000000027,1.5418,76.46000000000001,1,5,4,3,2,0.35294117647058826,0.684097019098661
CHEMBL1257403,CHEMBL1257403,NC[C@@H](Cc1ccc(Cl)cc1)C(=O)N1CCN(c2ncnc3[nH]ccc23)CC1,,7.2,1,7.2,7.2,IC50,B,single protein format,single_protein,8,H,2010,,398.89800000000014,2.0774999999999997,91.14000000000001,2,5,5,4,3,0.35,0.6861690218412395
CHEMBL5946688,CHEMBL5946688,CNC[C@@H](Nc1ncnc2c(C(N)=O)ccnc12)c1ccc(F)c(C)c1,,7.2,1,7.2,7.2,IC50,B,single protein format,single_protein,8,H,2018,,354.38900000000007,1.94382,105.82000000000001,3,6,6,3,3,0.2222222222222222,0.6246578565311318
CHEMBL5944890,CHEMBL5944890,NC(=O)c1ccnc2c(N[C@H](CN3CCC3)c3cccc(F)c3)ncnc12,,7.2,1,7.2,7.2,IC50,B,single protein format,single_protein,8,H,2018,,366.4,2.1216999999999997,97.03,2,6,6,4,3,0.2631578947368421,0.6935907341364499
CHEMBL5800295,CHEMBL5800295,CCNC[C@@H](Nc1ncnc2c(C(N)=O)ccnc12)c1ccc(C(F)(F)F)c(F)c1,,7.2,1,7.2,7.2,IC50,B,single protein format,single_protein,8,H,2018,,422.3860000000001,3.0443000000000007,105.82000000000001,3,6,7,3,3,0.2631578947368421,0.5056775384048232
CHEMBL5925008,CHEMBL5925008,NC(=O)c1cncc2c(N[C@H](CN3CCC3)c3ccc(Cl)c(C(F)(F)F)c3)ncnc12,,7.2,1,7.2,7.2,IC50,B,single protein format,single_protein,8,H,2018,,450.852,3.6548000000000016,97.03,2,6,6,4,3,0.3,0.5946427868950085
CHEMBL271091,CHEMBL271091,O=c1[nH]c2ccccc2n1C1CCN(Cc2ccc(-c3nc4ccc(-c5nn[nH]n5)cc4nc3-c3ccccc3)cc2)CC1,,7.2,1,7.2,7.2,IC50,B,single protein format,single_protein,9,D,2005,,579.668,5.624000000000005,121.27000000000001,2,7,6,8,7,0.17647058823529413,0.2621381966019833
CHEMBL5921045,CHEMBL5921045,CNC[C@@H](Nc1ncnc2c(C(N)=O)ccnc12)c1ccc(F)c(C(F)(F)F)c1,,7.2,1,7.2,7.2,IC50,B,single protein format,single_protein,8,H,2018,,408.35900000000004,2.6542000000000012,105.82000000000001,3,6,6,3,3,0.2222222222222222,0.5418087225904629
CHEMBL211865,CHEMBL211865,N[C@H](COc1cncc(-c2ccc3cnccc3c2)c1)Cc1csc2ccccc12,,7.2,1,7.2,7.2,Ki,B,single protein format,single_protein,9,D,2006,,411.53000000000014,5.460300000000004,61.03,1,5,6,5,5,0.12,0.40296684528852617
CHEMBL5809047,CHEMBL5809047,CNC[C@@H](Nc1ncnc2c(C(N)=O)ccnc12)c1ccc(F)c(Br)c1,,7.2,1,7.2,7.2,IC50,B,single protein format,single_protein,8,H,2018,,419.25800000000004,2.3979,105.82000000000001,3,6,6,3,3,0.17647058823529413,0.5668549274890822
CHEMBL3973291,CHEMBL3973291,Nc1cc(N2CCC(c3nc(-c4ccc(F)c(F)c4)cn3CCN3CCCC3)CC2)ncn1,,7.2,2,7.2,7.2,IC50,B,single protein format,single_protein,8,H,2015,,453.54100000000034,3.6803000000000026,76.1,1,6,6,5,3,0.4583333333333333,0.6137335466643149
CHEMBL1081852,CHEMBL1081852,N[C@H](CNc1ncc(-c2ccc3[nH]c(=O)oc3c2)s1)Cc1ccc(C(F)(F)F)cc1,,7.199999999999999,2,6.3,8.1,IC50,B,cell-based format;single protein format,mixed,8;9,D;H,2010,,434.4430000000001,4.245300000000002,96.93999999999998,3,6,6,4,4,0.2,0.4217099978911848
CHEMBL404553,CHEMBL404553,CSc1ncc2cc(-c3ccccc3)c(-c3ccc(CN4CCC(c5nc(-c6cccnc6)no5)CC4)cc3)nc2n1,,7.19,1,7.19,7.19,IC50,B,single protein format,single_protein,8,H,2008,,571.7100000000003,6.905300000000007,93.72,0,9,7,7,6,0.21212121212121213,0.14968632042957736
CHEMBL3956697,CHEMBL3956697,COC(=O)c1cn2c(-c3ccccc3)c(-c3ccc(C4(N)CCC4)cc3)nc2c(OC)n1,,7.19,2,7.19,7.19,IC50,B,cell-based format,cell_based,8;9,D;H,2016,,428.4920000000003,4.196400000000002,91.74000000000001,1,6,5,5,4,0.24,0.47925058081502137
CHEMBL3699743,CHEMBL3699743,NC1(c2ccc(-c3nc4cc(F)ccn4c3-c3ccccc3)cc2)CCC1,,7.19,2,7.19,7.19,IC50,B,single protein format,single_protein,8;9,D;H,2015,,357.43200000000013,5.145300000000003,43.31999999999999,1,2,3,5,4,0.17391304347826086,0.5512345262394204
CHEMBL3699683,CHEMBL3699683,N#Cc1cccn2c(-c3ccccc3)c(-c3ccc(C4(N)CCC4)cc3)nc12,,7.19,2,7.19,7.19,IC50,B,single protein format,single_protein,8;9,D;H,2015,,364.45200000000017,4.877880000000004,67.11,1,3,3,5,4,0.16666666666666666,0.5633602638104844
CHEMBL5978129,CHEMBL5978129,CCc1ccc2nc(-c3ccc(C4(N)CCC4)cc3)c(-c3ccccc3)n2n1,,7.19,1,7.19,7.19,IC50,B,single protein format,single_protein,8,H,2017,,368.48400000000004,4.963600000000004,56.209999999999994,1,3,4,5,4,0.25,0.5535655243587012
CHEMBL3699747,CHEMBL3699747,NC1(c2ccc(-c3nc4c(-c5ccn[nH]5)cccn4c3-c3ccccc3)cc2)CCC1,,7.19,2,7.19,7.19,IC50,B,single protein format,single_protein,8;9,D;H,2015,,405.5050000000002,5.396300000000004,72.0,2,3,4,6,5,0.15384615384615385,0.4206535727915779
CHEMBL1632388,CHEMBL1632388,C[C@@H]1SCc2ncnc(N3CCN(C(=O)C(Cc4ccc(Cl)c(F)c4)CC(C)(C)N)CC3)c21,,7.19,2,6.23,8.15,IC50,B,cell-based format;single protein format,mixed,8,H,2010,,492.0640000000003,4.211800000000003,75.35000000000001,1,6,6,4,2,0.5416666666666666,0.6519411191551324
CHEMBL5849922,CHEMBL5849922,NC(=O)c1ccnn2c(-c3ccccc3)c(-c3ccc(C4(N)CCC4)cc3)nc12,,7.19,1,7.19,7.19,IC50,B,single protein format,single_protein,8,H,2017,,383.45500000000027,3.5001000000000015,99.3,2,4,4,5,4,0.17391304347826086,0.5632488000301973
CHEMBL3957354,CHEMBL3957354,N#Cc1c(N)ncnc1N1CCC(c2nc(-c3ccc(F)c(C(F)(F)F)c3)cn2CC2CNC2)CC1,,7.19,2,7.19,7.19,IC50,B,single protein format,single_protein,8,H,2015,,500.50400000000025,3.5552800000000016,108.68,2,7,5,5,3,0.4166666666666667,0.5159569731628953
CHEMBL4460688,CHEMBL4597797,Cn1ncc(Cl)c1-c1ccc(C(=O)N[C@@H]2CNCC[C@H]2c2ccc(Cl)c(C(F)(F)F)c2)s1,,7.19,1,7.19,7.19,IC50,B,assay format,other,9,D,2019,,503.37700000000024,5.349700000000003,58.95,2,4,4,4,3,0.3333333333333333,0.5050057545597912
CHEMBL3889695,CHEMBL3889695,CCc1c(N)ncnc1N1CCC(c2nc(-c3ccc(C(F)(F)F)c(F)c3)cn2CCN2CC[C@H](F)C2)CC1,,7.19,2,7.19,7.19,IC50,B,single protein format,single_protein,8,H,2015,,549.592,5.070400000000005,76.10000000000001,1,6,7,5,3,0.5185185185185185,0.4150683073790892
CHEMBL253458,CHEMBL253458,Nc1ncnc2nc(-c3ccc(CN4CCC(n5ncc6c(N)ncnc65)CC4)cc3)c(-c3ccccc3)cc12,,7.1899999999999995,2,6.53,7.85,IC50,B,cell-based format;single protein format,mixed,8;9,D;H,2008,,528.6240000000003,4.500000000000003,137.54999999999998,2,9,5,7,6,0.2,0.33112727358148664
CHEMBL4873815,CHEMBL5028822,Cn1ncc(Br)c1-c1cc(F)c(C(=O)N[C@@H]2CNCC[C@H]2c2ccc(F)c(F)c2)cc1F,,7.18,1,7.18,7.18,IC50,B,cell-based format,cell_based,9,D,2021,,511.3170000000002,4.281500000000003,58.95,2,3,4,4,3,0.2727272727272727,0.5147212534133055
CHEMBL573355,CHEMBL573355,Cc1n[nH]c2cnc(-c3cncc(OC[C@@H](N)Cc4c(F)cccc4F)c3)cc12,,7.18,1,7.18,7.18,IC50,B,single protein format,single_protein,8,H,2009,,395.41300000000007,3.555320000000002,89.71,2,5,6,4,4,0.19047619047619047,0.521093393248098
CHEMBL3696269,CHEMBL3696269,O=C(Cc1nc(N2CCOCC2)cc(=O)[nH]1)Nc1ccc(F)c(F)c1F,,7.18,2,7.18,7.18,IC50,B,assay format;cell-based format,cell_based,8;9,D;H,2015,,368.31500000000005,1.2049999999999996,87.32000000000001,2,5,4,3,2,0.3125,0.7924051948222964
CHEMBL4284420,CHEMBL4284420,O=C(N1CCN(c2ncnc3[nH]nc(Cl)c23)CC1)C1(c2ccc(Cl)cc2)CCNCC1,,7.18,1,7.18,7.18,IC50,B,single protein format,single_protein,9,D,2018,,460.36900000000026,2.6297000000000006,90.04,2,6,3,5,3,0.42857142857142855,0.624928463918158
CHEMBL1632378,CHEMBL1632378,C[C@@H]1OCc2ncnc(N3CCN(C(=O)[C@H](N)Cc4ccc(Cl)cc4)CC3)c21,,7.18,2,6.21,8.15,IC50,B,cell-based format;single protein format,mixed,8,H,2010,,401.8980000000001,1.9398000000000006,84.58000000000001,1,6,4,4,2,0.45,0.8423152196356916
CHEMBL229748,CHEMBL229748,Cc1n[nH]c2ccc(-c3cncc(OC[C@@H](N)Cc4c(F)cccc4F)c3)cc12,,7.18,1,7.18,7.18,IC50,B,single protein format,single_protein,9,D,2007,,394.425,4.160320000000003,76.82,2,4,6,4,4,0.18181818181818182,0.5148406430875752
CHEMBL3112856,CHEMBL3112856,O=C(Cc1nc(N2CCOCC2)cc(=O)[nH]1)N1CCc2c(-c3ccccn3)cccc21,,7.18,2,7.18,7.18,IC50,B,assay format;cell-based format,cell_based,8,H,2015,,417.46900000000016,1.8002999999999998,91.42,1,6,4,5,3,0.30434782608695654,0.6961579159045372
CHEMBL3917944,CHEMBL3917944,Cn1cc(-c2ccc(F)c(C(F)(F)F)c2)nc1C1CCN(c2ncnc(N)c2Br)CC1,,7.18,2,7.18,7.18,IC50,B,single protein format,single_protein,8,H,2015,,499.31000000000023,4.763700000000003,72.86,1,5,3,4,3,0.35,0.526484985271066
CHEMBL1794066,CHEMBL522857,CCn1c(-c2nonc2N)nc2c(C#CC(C)(C)O)ncc(OC3CCNCC3)c21,GSK-619487A,7.175,2,6.25,8.1,IC50,B,cell-based format;single protein format,mixed,9,D,2008,,411.4660000000002,1.3366,137.14000000000001,3,9,4,4,3,0.5,0.5429750645413813
CHEMBL260184,CHEMBL260184,O=c1ccc(-c2cc(C3CCN(Cc4ccc(-c5nc6ncccc6cc5-c5ccccc5)cc4)CC3)n[nH]2)c[nH]1,,7.175,2,6.88,7.47,IC50,B,cell-based format;single protein format,mixed,8,H,2008,,538.6550000000002,6.4218000000000055,90.56,2,5,6,7,6,0.17647058823529413,0.25533632912425447
CHEMBL3699697,CHEMBL3699697,NC(=O)c1ccc2nc(-c3ccc(C4(N)CCC4)cc3)c(-c3ccccc3)n2c1,,7.17,2,7.17,7.17,IC50,B,single protein format,single_protein,8;9,D;H,2015,,382.46700000000004,4.105100000000003,86.41,2,3,4,5,4,0.16666666666666666,0.5569096784767963
CHEMBL3699812,CHEMBL3699812,CN(C)C[C@@H]1CN(C(=O)Cc2nc(N3CCOCC3)cc(=O)[nH]2)c2ccccc21,,7.17,2,7.17,7.17,IC50,B,assay format;cell-based format,cell_based,8;9,D;H,2015,,397.4790000000001,0.8410000000000006,81.76999999999998,1,6,5,4,2,0.47619047619047616,0.8053614229789705
CHEMBL5970829,CHEMBL5970829,CC(=O)Nc1ccnn2c(-c3ccccc3)c(-c3ccc(C4(N)CCC4)cc3)nc12,,7.17,1,7.17,7.17,IC50,B,single protein format,single_protein,8,H,2017,,397.48200000000026,4.359600000000003,85.31,2,4,4,5,4,0.20833333333333334,0.5357538776057397
CHEMBL2177825,CHEMBL2177825,Nc1ncccc1-c1nc2cc(Br)cnc2n1-c1ccc(CNC(=O)c2ccccc2)cc1,,7.17,2,6.77,7.57,IC50,B,cell-based format,cell_based,8;9,D;H,2012,,499.3720000000002,4.757200000000003,98.72,2,5,5,5,5,0.04,0.363586400850642
CHEMBL3699770,CHEMBL3699770,NC(=O)c1cc(-c2cn[nH]c2)cn2c(-c3ccccc3)c(-c3ccc(C4(N)CCC4)cc3)nc12,,7.17,2,7.17,7.17,IC50,B,single protein format,single_protein,8;9,D;H,2015,,448.5300000000003,4.495200000000003,115.09,3,4,5,6,5,0.14814814814814814,0.36720236001963746
CHEMBL1173272,CHEMBL1173272,N[C@@H]1CCN(c2ncnc3[nH]cc(Cl)c23)C1,,7.17,1,7.17,7.17,IC50,B,single protein format,single_protein,8,H,2010,,237.694,1.1486999999999994,70.83,2,4,1,3,2,0.4,0.780685650868824
CHEMBL3972543,CHEMBL3972543,Nc1ncnc(N2CCC(c3nc(-c4ccc(Cl)c(F)c4)cn3CCN3CCCC3)CC2)c1C1CCC1,,7.17,2,7.17,7.17,IC50,B,single protein format,single_protein,8,H,2015,,524.0880000000005,5.462100000000006,76.10000000000001,1,6,7,6,3,0.5357142857142857,0.4427924378945278
CHEMBL3672535,CHEMBL3672535,N#Cc1cccc(-c2ccc3nn4cc(-c5ccccc5)c(-c5ccc(C6(N)CCC6)cc5)nc4c3c2)c1,,7.17,2,7.17,7.17,IC50,B,single protein format,single_protein,8;9,D;H,2015,,491.5980000000003,7.093080000000006,80.0,1,4,4,7,6,0.12121212121212122,0.285351515324448
CHEMBL449200,CHEMBL449200,[O-][n+]1ccc(-c2nnc(C3CCN(Cc4ccc(-c5nc6nc(N7CCN(CCO)CC7)ncc6cc5-c5ccccc5)cc4)CC3)[nH]2)cc1,,7.17,1,7.17,7.17,IC50,B,single protein format,single_protein,8,H,2008,,668.8060000000003,4.271200000000003,137.13,2,10,9,8,6,0.3157894736842105,0.16981367793342467
CHEMBL3957688,CHEMBL3957688,COCCNCCn1cc(-c2ccc(F)c(C(F)(F)F)c2)nc1C1CCN(c2ncnc(N)c2C(N)=O)CC1,,7.17,2,7.17,7.17,IC50,B,single protein format,single_protein,8,H,2015,,550.5610000000001,2.7991,137.20999999999998,3,8,10,4,3,0.44,0.25897751522619455
CHEMBL1258911,CHEMBL1258911,Cc1nc(N)nc2c1nc(-c1cc[nH]n1)c(=O)n2C1CCOCC1,,7.17,1,7.17,7.17,IC50,B,cell-based format,cell_based,9,D,2010,,327.34800000000024,0.8187199999999994,124.60000000000001,2,7,2,4,3,0.4,0.7134777586643327
CHEMBL3672507,CHEMBL3672507,NC1(c2ccc(-c3nn4c(-c5ccc(F)cc5)c(Br)nc4cc3-c3ccccc3)cc2)CCC1,,7.17,2,7.17,7.17,IC50,B,cell-based format,cell_based,9,D,2015,,513.4140000000002,6.969800000000005,56.209999999999994,1,3,4,6,5,0.14285714285714285,0.28248407794307445
CHEMBL2177369,CHEMBL2177369,C[C@@H]1C[C@@H](O)c2ncnc(N3CCN(C(=O)[C@@H](c4ccc(Cl)cc4)[C@@H]4CCCCN4)CC3)c21,,7.165000000000001,2,6.28,8.05,IC50,B,assay format;cell-based format,cell_based,9,D,2012,,470.01700000000034,3.2451000000000016,81.59,2,6,4,5,2,0.56,0.7149914612503737
CHEMBL203275,CHEMBL203275,N[C@H](COc1cncc(/C=C/c2ccnc(NC3CC3)c2)c1)Cc1c[nH]c2ccccc12,,7.16,1,7.16,7.16,IC50,B,single protein format,single_protein,9,D,2006,,425.5360000000002,4.651400000000003,88.85,3,5,9,5,4,0.23076923076923078,0.3631811273507296
CHEMBL3699771,CHEMBL3699771,NC(=O)c1cc(-c2ccn[nH]2)cn2c(-c3ccccc3)c(-c3ccc(C4(N)CCC4)cc3)nc12,,7.16,2,7.16,7.16,IC50,B,single protein format,single_protein,8;9,D;H,2015,,448.5300000000003,4.495200000000003,115.09,3,4,5,6,5,0.14814814814814814,0.36720236001963746
CHEMBL3684369,CHEMBL3684369,O=C(Nc1ccc(-c2nnc3n2-c2cccnc2Nc2ccccc2-3)cc1)c1ccccc1,,7.16,2,7.16,7.16,IC50,B,single protein format,single_protein,8;9,D;H,2013,,430.4710000000001,5.305600000000003,84.73,2,5,3,6,5,0.0,0.3976918120124563
CHEMBL499961,CHEMBL499961,CN1CCN(c2ccc3nc(-c4ccccc4)c(-c4ccc(CN5CCC(c6nnc(-c7ccc(N)nc7)[nH]6)CC5)cc4)nc3n2)CC1,,7.16,1,7.16,7.16,IC50,B,single protein format,single_protein,8,H,2008,,637.7959999999999,5.252500000000004,128.87,2,10,7,8,6,0.2972972972972973,0.2394468279630308
CHEMBL3672032,CHEMBL3672032,Cc1cccc(-c2nc(C3CN(Cc4ccc(-c5nc6nc(C(C)C)nn6cc5-c5ccccc5)cc4)C3)n[nH]2)n1,,7.16,2,7.16,7.16,IC50,B,cell-based format,cell_based,9,D,2015,,541.6630000000001,5.669620000000005,100.78000000000002,1,7,7,7,6,0.25,0.27790041719514924
CHEMBL503652,CHEMBL503652,CN(C)CCN1CCN(c2ncc3cc(-c4ccccc4)c(-c4ccc(CN5CCC(c6nnc(-c7ccc(=O)[nH]c7)[nH]6)CC5)cc4)nc3n2)CC1,,7.16,1,7.16,7.16,IC50,B,single protein format,single_protein,8,H,2008,,695.876,4.895400000000004,126.06,2,10,10,8,6,0.35,0.2046148622125725
CHEMBL3696288,CHEMBL3696288,O=C(Cc1nc(N2CCOCC2)cc(=O)[nH]1)Nc1cccc(OC(F)(F)C(F)F)c1,,7.16,2,7.16,7.16,IC50,B,assay format;cell-based format,cell_based,8;9,D;H,2015,,430.35800000000006,2.0243999999999995,96.55000000000001,2,6,7,3,2,0.3888888888888889,0.6529563832939989
CHEMBL1761084,CHEMBL1761084,CCOCCN(C[C@@H](O)CN1CCCC2(CCc3cc(O)ccc3O2)C1)S(=O)(=O)c1c(C)noc1C,,7.16,1,7.16,7.16,IC50,B,single protein format,single_protein,8,H,2011,,523.6520000000003,2.2449399999999997,125.57,2,9,10,4,2,0.64,0.4510592374217277
CHEMBL1823639,CHEMBL1823639,O=C(NC(c1cccc(Cl)c1)C1CCNCC1)c1ccc2cnccc2c1,,7.16,1,7.16,7.16,IC50,B,single protein format,single_protein,8,H,2011,,379.891,4.358900000000003,54.02,2,3,4,4,3,0.2727272727272727,0.7077578383701629
CHEMBL3699792,CHEMBL3699792,Cn1c(CC(=O)Nc2cccc3sccc23)nc(N2CCOCC2)cc1=O,,7.16,2,7.16,7.16,IC50,B,assay format;cell-based format,cell_based,8;9,D;H,2015,,384.4610000000003,2.0127999999999995,76.46000000000001,1,6,4,4,3,0.3157894736842105,0.7447194600385189
CHEMBL3699790,CHEMBL3699790,Cn1c(CC(=O)N2CCc3c2ccc(F)c3F)nc(N2CCOCC2)cc1=O,,7.16,2,7.16,7.16,IC50,B,assay format;cell-based format,cell_based,8;9,D;H,2015,,390.39000000000027,1.0269,67.67000000000002,0,5,3,4,2,0.42105263157894735,0.7832100362246028
CHEMBL2016892,CHEMBL2016892,CCC(=O)c1cc(NCCN2CCCC2)c(C)c(N2CCN(c3ncnc4[nH]nc(Br)c34)CC2)c1,,7.155,2,6.01,8.3,IC50,B,cell-based format;single protein format,mixed,8;9,D;H,2012,,541.498,3.8508200000000024,93.28000000000002,2,8,8,5,3,0.52,0.4158627131813349
CHEMBL253457,CHEMBL253457,Nc1ncnc2nc(-c3ccc(CN4CCC(c5nc6ccc(F)cc6[nH]5)CC4)cc3)c(-c3ccccc3)cc12,,7.154999999999999,2,6.56,7.75,IC50,B,cell-based format;single protein format,mixed,8;9,D;H,2008,,529.6230000000002,6.336000000000005,96.60999999999999,2,6,5,7,6,0.1875,0.27068845524957197
CHEMBL3950518,CHEMBL3950518,Nc1ncnc(N2CCC(c3nc(-c4ccc(C(F)(F)F)c(F)c4)cn3CCN3CCCC3)CC2)c1Br,,7.15,2,7.15,7.15,IC50,B,single protein format,single_protein,8,H,2015,,582.4440000000004,5.322500000000005,76.10000000000001,1,6,6,5,3,0.48,0.39687421428992864
CHEMBL3696297,CHEMBL3696297,O=C(Cc1nc(N2CCOCC2)cc(=O)[nH]1)N1CCc2c(O)cccc21,,7.15,2,7.15,7.15,IC50,B,assay format;cell-based format,cell_based,8;9,D;H,2015,,356.3820000000001,0.4439000000000003,98.76,2,6,3,4,2,0.3888888888888889,0.8282418923549406
CHEMBL3805163,CHEMBL3805163,Cn1nccc1-c1csc(C(=O)NC2(c3ccc(Cl)c(Cl)c3)CCNCC2)c1,,7.15,1,7.15,7.15,IC50,B,assay format,other,9,D,2016,,435.3800000000002,4.464100000000003,58.95,2,4,4,4,3,0.3,0.6362320353479436
CHEMBL3890270,CHEMBL3890270,CCc1c(N)ncnc1N1CCC(c2nc(-c3ccc(F)c(C(F)(F)F)c3)cn2CCN2CC(F)C2)CC1,,7.15,2,7.15,7.15,IC50,B,single protein format,single_protein,8,H,2015,,535.565,4.6803000000000035,76.10000000000001,1,6,7,5,3,0.5,0.44313514038972357
CHEMBL3703108,CHEMBL3703108,NC1(c2ccc(-c3nc4cc(-c5ncc[nH]5)ccn4c3-c3ccccc3)cc2)CCC1,,7.15,2,7.15,7.15,IC50,B,single protein format,single_protein,8;9,D;H,2015,,405.5050000000002,5.396300000000004,72.0,2,3,4,6,5,0.15384615384615385,0.4206535727915779
CHEMBL450266,CHEMBL450266,CN1CCN(c2ncc3cc(-c4ccccc4)c(-c4ccc(CN5CCC(c6nnc(-c7ccc(=O)[nH]c7)[nH]6)CC5)cc4)nc3n2)CC1,,7.15,1,7.15,7.15,IC50,B,single protein format,single_protein,8,H,2008,,638.7799999999999,4.963600000000004,122.82,2,9,7,8,6,0.2972972972972973,0.24976654620446176
CHEMBL4526242,CHEMBL4595780,Cn1ncc(-c2ccccc2)c1-c1ccc(C(=O)N[C@@H]2CNCC[C@H]2c2cccc(F)c2)s1,,7.15,1,7.15,7.15,IC50,B,assay format,other,9,D,2019,,460.5780000000002,4.830200000000004,58.95,2,4,5,5,4,0.23076923076923078,0.44854115536341393
CHEMBL211186,CHEMBL211186,Cc1n[nH]c2ccc(-c3cncc(OC[C@@H](N)CCCc4ccccc4)c3)cc12,,7.15,1,7.15,7.15,Ki,B,single protein format,single_protein,9,D,2006,,386.4990000000001,4.662320000000004,76.82,2,4,8,4,4,0.25,0.46157120558047454
CHEMBL3696247,CHEMBL3696247,O=C(Cc1nc(N2CCOCC2)cc(=O)[nH]1)Nc1ccc(F)cn1,,7.15,2,7.15,7.15,IC50,B,assay format;cell-based format,cell_based,8;9,D;H,2015,,333.32300000000004,0.32179999999999953,100.21000000000001,2,6,4,3,2,0.3333333333333333,0.8358494121084425
CHEMBL3917257,CHEMBL3917257,Nc1cc(N2CCC(c3nc(-c4ccc(F)c(C(F)(F)F)c4)cn3CCN3CCC3)CC2)ncn1,,7.15,2,7.15,7.15,IC50,B,single protein format,single_protein,8,H,2015,,489.5210000000003,4.169900000000004,76.1,1,6,6,5,3,0.4583333333333333,0.5241616233825114
CHEMBL3696239,CHEMBL3696239,O=C(Cc1nc(N2CCOCC2)cc(=O)[nH]1)Nc1cc(F)cc(F)c1,,7.15,2,7.15,7.15,IC50,B,assay format;cell-based format,cell_based,8;9,D;H,2015,,350.32500000000005,1.0658999999999996,87.32000000000001,2,5,4,3,2,0.3125,0.8612107384287908
CHEMBL3929547,CHEMBL3929547,C[C@@H]1Cc2ccccc2N1C(=O)Cc1nc(N2CCOCC2)cc(=S)n1C,,7.15,2,7.15,7.15,IC50,B,assay format;cell-based format,cell_based,8,H,2015,,384.50500000000005,2.5064900000000003,50.6,0,5,3,4,2,0.45,0.7613780498606912
CHEMBL5712044,CHEMBL5712044,C=CC(=O)Nc1ccc(C(=O)NC2CCN(Cc3ccc(-c4nc5cc[nH]c(=O)c5cc4-c4ccccc4)cc3)CC2)c(F)c1,,7.145,2,7.01,7.28,IC50;Ki,B,cell-based format,cell_based,9,D,2019,,601.6820000000001,5.915100000000004,107.19,3,5,8,6,5,0.16666666666666666,0.19169868799781703
CHEMBL383541,CHEMBL383541,N[C@H](COc1cncc(/C=C/c2ccncc2)c1)Cc1c[nH]c2ccccc12,,7.145,2,6.44,7.85,IC50,B,single protein format,single_protein,8;9,D;H,2006;2009,,370.4560000000001,4.077100000000003,76.82,2,4,7,4,4,0.13043478260869565,0.5139011502670129
CHEMBL493359,CHEMBL493359,O=C1C[C@H]2O[C@H](COCc3ccccc3)C3=C(C(=O)c4ccccc4C3=O)[C@H]2O1,,7.14,1,7.14,7.14,IC50,B,single protein format,single_protein,8,H,2009,,390.39100000000013,2.661900000000001,78.9,0,6,4,5,2,0.2608695652173913,0.7471820036544552
CHEMBL4593509,CHEMBL4593509,Cn1ncc(Cl)c1-c1ccc(C(=O)N[C@@H]2CNCC[C@H]2c2cccc(F)c2)cc1,,7.14,1,7.14,7.14,IC50,B,assay format,other,9,D,2019,,412.8960000000002,3.7551000000000023,58.95,2,3,4,4,3,0.2727272727272727,0.6856562159607072
CHEMBL6050107,CHEMBL6050107,CCc1cc(-c2cc[nH]n2)c2nc(-c3ccc(C4(N)CCC4)cc3)c(-c3ccccc3)n2n1,,7.14,1,7.14,7.14,IC50,B,single protein format,single_protein,8,H,2017,,434.5470000000002,5.353700000000004,84.89,2,4,5,6,5,0.2222222222222222,0.3902553178489547
CHEMBL3672092,CHEMBL3672092,OCc1cn2cc(-c3ccccc3)c(-c3ccc(CN4CC(c5n[nH]c(-c6ccccn6)n5)C4)cc3)nc2n1,,7.14,2,7.14,7.14,IC50,B,cell-based format,cell_based,9,D,2015,,514.5930000000002,4.335100000000003,108.12,2,7,7,7,6,0.16666666666666666,0.32636379637485996
CHEMBL3684502,CHEMBL3684502,O=C(NC1(c2ccc(-c3nnc4n3-c3cccnc3Nc3ccccc3-4)cc2)CCC1)c1ccccc1,,7.14,2,7.14,7.14,IC50,B,single protein format,single_protein,8;9,D;H,2013,,484.5630000000002,5.862500000000005,84.73,2,5,4,7,5,0.13333333333333333,0.3272810088658193
CHEMBL4586184,CHEMBL4595502,CC(=O)Nc1ccc(-c2ccc3nc(-c4cccnc4N)n(-c4ccc(CN)cc4)c3n2)cc1,,7.14,1,7.14,7.14,IC50,B,cell-based format,cell_based,9,D,2016,,449.5180000000002,4.148800000000001,124.74000000000001,3,6,5,5,5,0.07692307692307693,0.37018202244709514
CHEMBL501612,CHEMBL501612,OCCN1CCN(c2ccc3nc(-c4ccccc4)c(-c4ccc(CN5CCC(c6nnc(-c7ncccn7)[nH]6)CC5)cc4)nc3n2)CC1,,7.14,1,7.14,7.14,IC50,B,single protein format,single_protein,8,H,2008,,653.7949999999998,4.427800000000003,135.97,2,11,9,8,6,0.32432432432432434,0.22947084546771454
CHEMBL3959404,CHEMBL3959404,CCC1Cc2ccccc2N1C(=O)Cc1nc(N2CCOCC2)cc(=O)[nH]1,,7.135,4,6.42,7.85,IC50,B,assay format;cell-based format,cell_based,8,H,2015,,368.4370000000001,1.5169000000000001,78.53,1,5,4,4,2,0.45,0.8852149080437764
CHEMBL1081831,CHEMBL1081831,N[C@H](CNc1ncc(-c2ccc3c(c2)CC(=O)N3)s1)Cc1ccc(C(F)(F)F)cc1,,7.13,2,6.52,7.74,IC50,B,cell-based format;single protein format,mixed,8;9,D;H,2010,,432.4710000000001,4.305400000000002,80.03999999999999,3,5,6,4,3,0.23809523809523808,0.5425073796154463
CHEMBL3703127,CHEMBL3703127,NC1(c2ccc(-c3nc4ccc(-c5nn[nH]n5)cn4c3-c3ccccc3)cc2)CCC1,,7.13,2,7.13,7.13,IC50,B,single protein format,single_protein,8;9,D;H,2015,,407.4810000000002,4.186300000000003,97.77999999999999,2,5,4,6,5,0.16666666666666666,0.4655614808700189
CHEMBL3672489,CHEMBL3672489,NC1(c2ccc(-c3nn4c(Br)cnc4cc3-c3ccccc3)cc2)CCC1,,7.13,2,7.13,7.13,IC50,B,cell-based format,cell_based,9,D,2015,,419.3260000000002,5.163700000000003,56.209999999999994,1,3,3,5,4,0.18181818181818182,0.49897425378656884
CHEMBL4445690,CHEMBL4445690,Cn1ncc(Br)c1-c1ccc(C(=O)N[C@@H]2CNCC[C@H]2c2ccc(F)c(F)c2)cc1,,7.13,1,7.13,7.13,IC50,B,assay format,other,9,D,2019,,475.3370000000002,4.003300000000003,58.95,2,3,4,4,3,0.2727272727272727,0.6000845004681875
CHEMBL3952282,CHEMBL3952282,C=Cc1c(N)ncnc1N1CCC(c2nc(-c3ccc(F)c(C(F)(F)F)c3)cn2CC2CNC2)CC1,,7.13,2,7.13,7.13,IC50,B,single protein format,single_protein,8,H,2015,,501.5320000000002,4.3266000000000036,84.89000000000001,2,6,6,5,3,0.4,0.4895588730797774
CHEMBL2012703,CHEMBL2012703,Cc1c(NCCN(C)C)cc(Cl)cc1N1CCN(c2ncnc3[nH]nc(C(F)(F)F)c23)CC1,,7.13,1,7.13,7.13,IC50,B,single protein format,single_protein,8,H,2012,,482.9420000000002,3.6336200000000023,76.21000000000001,2,7,6,4,3,0.47619047619047616,0.5552727894003745
CHEMBL1258551,CHEMBL1258551,Cc1ccc(C[C@@H](N)C(=O)N2CCN(c3ncnc4ccccc34)CC2)cc1,,7.13,1,7.13,7.13,IC50,B,single protein format,single_protein,8,H,2010,,375.47600000000017,2.1568199999999997,75.35000000000001,1,5,4,4,3,0.3181818181818182,0.7562861907808593
CHEMBL1760764,CHEMBL1760764,CCOCCN(C[C@@H](O)CN1CCCC2(CCN(c3ncnc(N)c3C3CC3)C2)C1)S(=O)(=O)c1c(C)cccc1C,,7.125,2,6.33,7.92,IC50,B,cell-based format;single protein format,mixed,8;9,D;H,2011,,586.8030000000002,2.9336400000000014,125.12,2,9,12,5,2,0.6666666666666666,0.3612639957380124
CHEMBL1087281,CHEMBL1087281,Cc1n[nH]c2ccc(-c3nnc(NC[C@@H](N)Cc4ccccc4)s3)cc12,,7.12,1,7.12,7.12,IC50,B,single protein format,single_protein,8,H,2010,,364.478,3.3717200000000007,92.50999999999999,3,6,6,4,4,0.21052631578947367,0.4877132109664181
CHEMBL379218,CHEMBL379218,Cc1n[nH]c2ccc(-c3cncc(OC[C@@H](N)Cc4ccccc4)c3)cc12,,7.12,5,6.75,7.96,IC50;Kd;Ki,B,single protein format,single_protein,8;9,D;H,2006;2007;2010;2011;2019,,358.445,3.8821200000000022,76.82,2,4,6,4,4,0.18181818181818182,0.5482499950490909
CHEMBL3912087,CHEMBL3912087,CN(C)CCN(C)CCn1cc(-c2ccc(F)c(C(F)(F)F)c2)nc1C1CCN(c2ncnc(N)c2C#N)CC1,,7.12,2,7.12,7.12,IC50,B,single protein format,single_protein,8,H,2015,,559.616,3.8292800000000025,103.13,1,8,9,4,3,0.48148148148148145,0.39493285590504923
CHEMBL1234114,CHEMBL1234114,c1cc(-c2ccnc3ccc(-c4cnc5[nH]ncc5c4)cc23)ccn1,,7.12,1,7.12,7.12,IC50,B,cell-based format,cell_based,9,D,2023,,323.35900000000004,4.235100000000003,67.35,1,4,2,5,5,0.0,0.527576501507267
CHEMBL3942559,CHEMBL3942559,NC(=O)c1c(N)ncnc1N1CCC(c2nc(-c3cccc(Cl)c3)cn2CCN2CCCC2)CC1,,7.12,2,7.12,7.12,IC50,B,single protein format,single_protein,8,H,2015,,495.0310000000004,3.1544000000000008,119.18999999999998,2,7,7,5,3,0.44,0.5173202658923514
CHEMBL3977596,CHEMBL3977596,CCc1c(N)ncnc1N1CCC(c2nc(-c3ccc(Cl)c(F)c3)cn2CCN2CCCC2)CC1,,7.12,2,7.12,7.12,IC50,B,single protein format,single_protein,8,H,2015,,498.0500000000004,4.757000000000004,76.10000000000001,1,6,7,5,3,0.5,0.5070181619118695
CHEMBL4522719,CHEMBL4522719,Cn1nccc1-c1ccc(C(=O)N[C@@H]2CNCC[C@H]2c2cccc(F)c2)nc1,,7.12,1,7.12,7.12,IC50,B,assay format,other,9,D,2019,,379.439,2.4967000000000006,71.84,2,4,4,4,3,0.2857142857142857,0.7306806460927493
CHEMBL3944868,CHEMBL3944868,Nc1ncnc(N2CCC(c3nc(-c4ccc(F)c(C(F)(F)F)c4)cn3CCN3CCCC3)CC2)c1-c1ccccc1F,,7.12,2,7.12,7.12,IC50,B,single protein format,single_protein,8,H,2015,,597.6360000000004,6.366100000000006,76.10000000000001,1,6,7,6,4,0.3870967741935484,0.24987680166701356
CHEMBL3925234,CHEMBL3925234,N#Cc1c(N)ncnc1N1CCC(c2nc(C3CCCCC3)cn2CCN2CCC2)CC1,,7.12,2,7.12,7.12,IC50,B,single protein format,single_protein,8,H,2015,,434.5920000000004,3.264380000000002,99.89,1,7,6,5,2,0.6666666666666666,0.7446222280832924
CHEMBL3696295,CHEMBL3696295,O=C(Cc1nc(N2CCOCC2)cc(=O)[nH]1)Nc1cccc(F)c1O,,7.12,2,7.12,7.12,IC50,B,assay format;cell-based format,cell_based,8;9,D;H,2015,,348.33400000000006,0.6323999999999999,107.55000000000001,3,6,4,3,2,0.3125,0.699856120457747
CHEMBL261542,CHEMBL261542,c1ccc(-c2nc3ccccc3nc2-c2ccc(CN3CCC(c4cc(-c5ccncc5)[nH]n4)CC3)cc2)cc1,,7.12,1,7.12,7.12,IC50,B,single protein format,single_protein,8,H,2008,,522.6560000000003,7.128500000000007,70.59,1,5,6,7,6,0.17647058823529413,0.2519867991025115
CHEMBL3684370,CHEMBL3684370,[C-]#[N+]c1cccc(C(=O)Nc2ccc(-c3nnc4n3-c3cccnc3Nc3ccccc3-4)cc2)c1,,7.12,2,7.12,7.12,IC50,B,single protein format,single_protein,8;9,D;H,2013,,455.4810000000001,5.856390000000004,89.09,2,5,3,6,5,0.0,0.3265649705666234
CHEMBL2016888,CHEMBL2016888,Cc1c(NCCN2CCCC2)cc(COCC(F)(F)F)cc1N1CCN(c2ncnc3[nH]nc(Br)c23)CC1,,7.119999999999999,2,6.14,8.1,IC50,B,cell-based format;single protein format,mixed,8;9,D;H,2012,,597.4839999999999,4.337020000000003,85.44000000000001,2,8,9,5,3,0.56,0.3773135305495946
CHEMBL2177818,CHEMBL2177818,Nc1ncccc1-c1nc2cccnc2n1-c1ccc(CC(=O)Nc2ccccc2)cc1,,7.115,2,6.68,7.55,IC50,B,cell-based format,cell_based,8;9,D;H,2012,,420.47600000000017,4.2459000000000024,98.72,2,5,5,5,5,0.04,0.4429543825186101
CHEMBL1096271,CHEMBL1096271,COc1cc2ncc3c(N)nc(-c4cncc(OC[C@@H](N)Cc5cccc(Cl)c5)c4)cc3c2cc1OC,,7.11,1,7.11,7.11,IC50,B,single protein format,single_protein,8,H,2010,,516.0010000000002,5.046600000000003,118.4,2,8,8,5,5,0.17857142857142858,0.27559872235806576
CHEMBL226797,CHEMBL226797,Cc1n[nH]c2ccc(-c3cncc(OC[C@@H](N)Cc4cccc(OCC5CCN(C)CC5)c4)c3)cc12,,7.11,1,7.11,7.11,IC50,B,single protein format,single_protein,9,D,2007,,485.6320000000003,4.602720000000004,89.28999999999999,2,6,9,5,4,0.3793103448275862,0.36011580301823154
CHEMBL3672037,CHEMBL3672037,Cc1cn2cc(-c3ccccc3)c(-c3ccc(CN4CCC(c5cnc6ccccc6n5)CC4)cc3)nc2n1,,7.11,2,7.11,7.11,IC50,B,cell-based format,cell_based,9,D,2015,,510.6450000000003,6.694520000000007,59.21,0,5,5,7,6,0.21212121212121213,0.25845471045133567
CHEMBL1081830,CHEMBL1081830,N[C@H](CNc1ncc(-c2ccc3nnn(N)c3c2)s1)Cc1ccc(C(F)(F)F)cc1,,7.11,1,7.11,7.11,IC50,B,single protein format,single_protein,8,H,2010,,433.46300000000014,3.269300000000001,107.67,3,7,6,4,4,0.21052631578947367,0.4030172360170314
CHEMBL6002664,CHEMBL6002664,CCc1cc(OC)c2nc(-c3ccc(C4(N)CCC4)cc3)c(-c3ccccc3)n2n1,,7.11,1,7.11,7.11,IC50,B,single protein format,single_protein,8,H,2017,,398.51000000000005,4.9722000000000035,65.44,1,4,5,5,4,0.28,0.5152828191750061
CHEMBL3696289,CHEMBL3696289,O=C(Cc1nc(N2CCOCC2)cc(=O)[nH]1)Nc1ccc(F)c(C(F)F)c1,,7.11,2,7.11,7.11,IC50,B,assay format;cell-based format,cell_based,8;9,D;H,2015,,382.34200000000004,1.8643999999999998,87.32000000000001,2,5,5,3,2,0.35294117647058826,0.8244584570257744
CHEMBL3926246,CHEMBL3926246,COC(=O)c1ccc(-c2c(N)ncnc2N2CCC(c3nc(-c4ccc(F)c(C(F)(F)F)c4)cn3CCN3CCCC3)CC2)cc1,,7.11,2,7.11,7.11,IC50,B,single protein format,single_protein,8,H,2015,,637.6819999999997,6.013600000000006,102.39999999999999,1,8,8,6,4,0.3939393939393939,0.18515552252312295
CHEMBL3699786,CHEMBL3699786,CC1Cc2ccccc2N1C(=O)Cc1nc(N2CCOCC2)cc(=O)n1C,,7.11,2,7.11,7.11,IC50,B,assay format;cell-based format,cell_based,8;9,D;H,2015,,368.43700000000007,1.1372,67.67,0,5,3,4,2,0.45,0.8127130654050271
CHEMBL270639,CHEMBL270639,Cc1nc2cnc3ccc(C#Cc4cccnc4)cc3c2n1-c1ccc(CC#N)cc1,,7.11,1,7.11,7.11,IC50,B,cell-based format,cell_based,9,D,2008,,399.45700000000016,4.743000000000004,67.39,0,4,2,5,5,0.07692307692307693,0.4021122609255486
CHEMBL3696276,CHEMBL3696276,O=C(Cc1nc(N2CCOCC2)cc(=O)[nH]1)Nc1cc(Cl)c(F)c(Cl)c1,,7.11,2,7.11,7.11,IC50,B,assay format;cell-based format,cell_based,8;9,D;H,2015,,401.22500000000014,2.2336,87.32000000000001,2,5,4,3,2,0.3125,0.7678675341909037
CHEMBL3672086,CHEMBL3672086,CSc1nc2nc(-c3ccc(CN4CCC(c5n[nH]c(-c6ncccn6)n5)CC4)cc3)c(-c3ccccc3)cn2n1,,7.11,2,7.11,7.11,IC50,B,cell-based format,cell_based,9,D,2015,,560.6910000000001,5.1349000000000045,113.67,1,9,7,7,6,0.23333333333333334,0.26531669342412467
CHEMBL1823630,CHEMBL1823630,N[C@H](CNc1nnc(-c2ccc3c(c2)CC(=O)N3)s1)Cc1ccc(C(F)(F)F)cc1,,7.109999999999999,2,6.52,7.7,IC50,B,cell-based format;single protein format,mixed,8;9,D;H,2011,,433.4590000000001,3.700400000000002,92.93,3,6,6,4,3,0.25,0.5513186348840267
CHEMBL1760765,CHEMBL1760765,Cc1cccc(C)c1S(=O)(=O)N1CCC[C@H]1[C@@H](O)CN1CCC[C@@]2(CCN(c3ncnc(N)c3C3CC3)C2)C1,,7.105,2,6.16,8.05,IC50,B,cell-based format;single protein format,mixed,8;9,D;H,2011,,554.7610000000002,3.059540000000001,115.89,2,8,7,6,2,0.6551724137931034,0.5366667207706513
CHEMBL1081829,CHEMBL1081829,N[C@H](CNc1ncc(-c2ccc3[nH]ncc3c2)s1)Cc1ccc(C(F)(F)F)cc1,,7.105,2,6.14,8.07,IC50,B,cell-based format;single protein format,mixed,8;9,D;H,2010,,417.46000000000015,4.687100000000002,79.61999999999999,3,5,6,4,4,0.2,0.425357210843703
CHEMBL2016886,CHEMBL2016886,Cc1c(NCCN2CCCC2)cc(OCC(C)C)cc1N1CCN(c2ncnc3[nH]nc(Br)c23)CC1,,7.105,2,6.16,8.05,IC50,B,cell-based format;single protein format,mixed,8;9,D;H,2012,,557.5409999999999,4.292920000000003,85.44000000000001,2,8,9,5,3,0.5769230769230769,0.40330369681880696
CHEMBL4568087,CHEMBL4568087,Cn1cc(-c2cnc3c(-c4csc(C(=O)N[C@@H]5CCCC[C@@H]5N)c4)cnn3c2)cn1,,7.1,1,7.1,7.1,IC50,B,assay format,other,9,D,2016,,421.5300000000002,2.8580000000000005,103.13,2,6,4,5,4,0.3333333333333333,0.5273865559203794
CHEMBL1257628,CHEMBL1257628,N[C@H](Cc1ccc(Cl)cc1)C(=O)N1CCN(c2ncnc3ccc(-c4cn[nH]c4)cc23)CC1,,7.1,1,7.1,7.1,IC50,B,single protein format,single_protein,8,H,2010,,461.95700000000016,2.8919000000000015,104.03,2,6,5,5,4,0.25,0.47328177806988125
CHEMBL494882,CHEMBL494882,CCn1c(-c2nonc2N)nc2c(C#CC3CC3)ncc(OCCCN)c21,,7.1,1,7.1,7.1,IC50,B,single protein format,single_protein,9,D,2008,,367.4130000000002,1.5725,130.9,2,8,6,4,3,0.4444444444444444,0.49569501473030875
CHEMBL5278787,CHEMBL5278787,NC[C@@H](NC(=O)c1ccc(-c2ccncc2)cc1)c1ccccc1,,7.1,1,7.1,7.1,IC50,B,single protein format,single_protein,9,D,2018,,317.392,3.1784000000000017,68.00999999999999,2,3,5,3,3,0.1,0.7592217806309234
CHEMBL381703,CHEMBL381703,N[C@H](CNc1cnc(Cl)c(/C=C/c2ccncc2)c1)CC1CNc2ccccc21,,7.1,1,7.1,7.1,IC50,B,single protein format,single_protein,9,D,2006,,405.93300000000016,4.639000000000003,75.86,3,5,7,4,3,0.21739130434782608,0.49907918739620355
CHEMBL379576,CHEMBL379576,CCC1C(=O)Nc2ccc(N[C@H](COc3cncc(-c4ccc5c(c4)C(CC)C(=O)N5)c3)Cc3c[nH]c4ccccc34)cc21,,7.1,1,7.1,7.1,IC50,B,single protein format,single_protein,9,D,2006,,585.7080000000003,7.223500000000006,108.13999999999999,4,5,10,7,5,0.25,0.13838415539417048
CHEMBL595684,CHEMBL595684,Cc1n[nH]c2ccc(-c3cc(OC[C@@H](N)Cc4ccccc4)cnc3-c3cccc(O)c3)cc12,,7.1,1,7.1,7.1,IC50,B,single protein format,single_protein,8,H,2010,,450.5420000000001,5.254720000000004,97.05,3,5,7,5,5,0.14285714285714285,0.3144516024829322
CHEMBL575384,CHEMBL575384,CC(C)=C1C(=O)Nc2ccc(-c3cncc(OC[C@@H](N)Cc4c[nH]c5ccccc45)c3)cc21,,7.1,1,7.1,7.1,IC50,B,single protein format,single_protein,8,H,2009,,438.5310000000002,4.924200000000003,93.03,3,4,6,5,4,0.18518518518518517,0.37246009879532194
CHEMBL594748,CHEMBL594748,Cc1n[nH]c2ccc(-c3cc(OC[C@@H](N)Cc4ccccc4)cnc3-c3cccs3)cc12,,7.1,1,7.1,7.1,IC50,B,single protein format,single_protein,8,H,2010,,440.57200000000006,5.610620000000004,76.82,2,5,7,5,5,0.15384615384615385,0.34478755505671765
CHEMBL493360,CHEMBL493360,O=C1C[C@H]2O[C@@H](c3ccc(O)cc3)C3=C(C(=O)c4ccccc4C3=O)[C@H]2O1,,7.1,1,7.1,7.1,IC50,B,single protein format,single_protein,8,H,2009,,362.3370000000001,2.5234000000000005,89.9,1,6,1,5,2,0.19047619047619047,0.7843121128615556
CHEMBL493911,CHEMBL493911,CCn1c(-c2nonc2N)nc2cncc(OC3CCNCC3)c21,,7.1,1,7.1,7.1,IC50,B,single protein format,single_protein,9,D,2008,,329.36400000000015,1.2141999999999995,116.91000000000001,2,8,4,4,3,0.4666666666666667,0.7333866955149899
CHEMBL3894291,CHEMBL3894291,CS(=O)(=O)c1cccc(-c2cn(CCN3CCC3)c(C3CCN(c4ncnc(N)c4C#N)CC3)n2)c1,,7.1,2,7.1,7.1,IC50,B,single protein format,single_protein,8,H,2015,,506.63600000000037,2.28718,134.03000000000003,1,9,7,5,3,0.44,0.5119967516561633
CHEMBL3892087,CHEMBL3892087,Nc1ncnc(N2CCC(c3nc(-c4ccc(Cl)cc4)cn3CCN3CCCC3)CC2)c1C1CCC1,,7.1,2,7.1,7.1,IC50,B,single protein format,single_protein,8,H,2015,,506.0980000000006,5.323000000000006,76.10000000000001,1,6,7,6,3,0.5357142857142857,0.4678181089740574
CHEMBL1823638,CHEMBL1823638,N#Cc1cc(C(NC(=O)c2ccc3cnccc3c2)C2CCNCC2)ccc1Cl,,7.1,1,7.1,7.1,IC50,B,single protein format,single_protein,8,H,2011,,404.9010000000002,4.230580000000003,77.81,2,4,4,4,3,0.2608695652173913,0.6816421220277226
CHEMBL445180,CHEMBL445180,CCn1c(-c2nonc2N)nc2c(-c3ccoc3)ncc(OCCCN)c21,,7.1,1,7.1,7.1,IC50,B,single protein format,single_protein,9,D,2008,,369.3850000000002,2.0709999999999997,144.04000000000002,2,9,7,4,4,0.29411764705882354,0.4675293505883015
CHEMBL595349,CHEMBL595349,O=P(O)(O)Oc1ccc(OP(=O)(O)O)c(OP(=O)(O)O)c1OP(=O)(O)O,,7.1,1,7.1,7.1,Ki,B,single protein format,single_protein,8,H,2009,,462.0260000000001,-0.4274000000000002,267.03999999999996,8,8,8,1,1,0.0,0.22775515311300168
CHEMBL3894252,CHEMBL3894252,CCc1c(N)ncnc1N1CCC(c2nc(-c3cccc(F)c3)cn2CCN2CCC2)CC1,,7.1,2,7.1,7.1,IC50,B,single protein format,single_protein,8,H,2015,,449.5780000000003,3.7135000000000025,76.10000000000001,1,6,7,5,3,0.48,0.5926253342275531
CHEMBL259982,CHEMBL259982,c1ccc(-c2cc3cccnc3nc2-c2ccc(CN3CCC(c4cc(-c5ccccn5)[nH]n4)CC3)cc2)cc1,,7.095000000000001,2,6.83,7.36,IC50,B,cell-based format;single protein format,mixed,8,H,2008,,522.6560000000003,7.128500000000007,70.59,1,5,6,7,6,0.17647058823529413,0.2519867991025115
CHEMBL3893924,CHEMBL3893924,O=C(Cc1nc(N2CCOC(CO)C2)cc(=O)[nH]1)N1CCc2c(Cl)cccc21,,7.095000000000001,4,6.62,7.57,IC50,B,assay format;cell-based format,cell_based,8,H,2015,,404.8540000000002,0.7525999999999997,98.76,2,6,4,4,2,0.42105263157894735,0.779966268838328
CHEMBL1760761,CHEMBL1760761,CCOCCN(C[C@@H](O)CN1CCCC2(CCN(c3ncnc4[nH]nc(C)c34)C2)C1)S(=O)(=O)c1c(C)cccc1C,,7.095,2,6.51,7.68,IC50,B,cell-based format;single protein format,mixed,8;9,D;H,2011,,585.7750000000002,2.658760000000001,127.78,2,9,11,5,3,0.6206896551724138,0.32655832130971146
CHEMBL1258899,CHEMBL1258899,N[C@H](Cc1ccc(F)c(F)c1)C(=O)N1CCN(c2ncnc3ccccc23)CC1,,7.09,1,7.09,7.09,IC50,B,single protein format,single_protein,8,H,2010,,397.4290000000001,2.1266,75.35000000000001,1,5,4,4,3,0.2857142857142857,0.7300557647118254
CHEMBL3977344,CHEMBL3977344,CN1CC(Cn2cc(-c3ccc(F)c(C(F)(F)F)c3)nc2C2CCN(c3ncnc(N)c3C(N)=O)CC2)C1,,7.09,2,7.09,7.09,IC50,B,single protein format,single_protein,8,H,2015,,532.5460000000003,3.1247000000000007,119.19,2,7,6,5,3,0.44,0.46842709372426145
CHEMBL3703169,CHEMBL3703169,COc1cc(-c2cn[nH]c2)cn2c(-c3ccccc3)c(-c3ccc(C4(N)CCC4)cc3)nc12,,7.09,2,7.09,7.09,IC50,B,single protein format,single_protein,8;9,D;H,2015,,435.53100000000035,5.404900000000005,81.22999999999999,2,4,5,6,5,0.18518518518518517,0.3870096887838638
CHEMBL5183601,CHEMBL5183601,CC(C)NC[C@@H](C(=O)N1CCN(c2ncnc3c2[C@H]2C[C@H]2C(=O)N3)CC1)c1ccc(Cl)cc1,,7.09,1,7.09,7.09,IC50,B,cell-based format,cell_based,9,D,2022,,468.98900000000026,2.6160000000000005,90.46000000000001,2,6,6,5,2,0.5,0.6769230759781051
CHEMBL402199,CHEMBL402199,Nc1ncnc2nc(-c3ccc(CN4CCC(n5c(=O)[nH]c6ccccc65)CC4)cc3)c(-c3ccccc3)cc12,,7.09,1,7.09,7.09,IC50,B,single protein format,single_protein,9,D,2008,,527.6320000000002,5.421100000000005,105.71999999999997,2,6,5,7,6,0.1875,0.31011512997372465
CHEMBL5198109,CHEMBL5198109,CC(C)NC[C@@H](C(=O)N1CCN(c2ncnc3c2C[C@@H](C)C(=O)N3)CC1)c1ccc(Cl)cc1,,7.09,1,7.09,7.09,IC50,B,cell-based format,cell_based,9,D,2022,,471.0050000000002,2.6911000000000005,90.46000000000001,2,6,6,4,2,0.5,0.6742175144152964
CHEMBL1760770,CHEMBL1760770,Nc1ncnc(N2CC[C@@]3(CCCN(C[C@H](O)CNS(=O)(=O)c4ccccc4F)C3)C2)c1C1CC1,,7.09,1,7.09,7.09,IC50,B,single protein format,single_protein,8,H,2011,,504.63200000000023,1.7069999999999996,124.68,3,8,8,5,2,0.5833333333333334,0.4963210423281436
CHEMBL247798,CHEMBL247798,CCNC(=O)Nc1ccc(CNc2ncsc2C(=O)Nc2ccc3c(c2)OC(F)(F)O3)cn1,,7.09,1,7.09,7.09,IC50,B,single protein format,single_protein,8,H,2007,,476.46500000000015,3.865400000000002,126.50000000000001,4,8,7,4,3,0.2,0.4078303925297101
CHEMBL3699766,CHEMBL3699766,Cc1cc(-c2cn[nH]c2)c2nc(-c3ccc(C4(N)CCC4)cc3)c(-c3ccccc3)n2c1,,7.09,2,7.09,7.09,IC50,B,single protein format,single_protein,8;9,D;H,2015,,419.53200000000015,5.7047200000000045,72.0,2,3,4,6,5,0.18518518518518517,0.39215272422638114
CHEMBL1235645,CHEMBL1235645,N#CCc1ccc(Nc2nccc(Nc3cc(C4CC4)[nH]n3)n2)cc1,,7.085000000000001,2,6.73,7.44,IC50;Kd,B,single protein format,single_protein,9,D,2024,,331.38300000000004,3.6303800000000006,102.31,3,6,6,4,3,0.2222222222222222,0.6372181099145794
CHEMBL4854839,CHEMBL5028437,O=C(N[C@@H]1CNCC[C@H]1c1ccc(F)c(F)c1)c1ccc(-c2ccn[nH]2)cc1F,,7.08,1,7.08,7.08,IC50,B,cell-based format,cell_based,9,D,2021,,400.40400000000005,3.3695000000000013,69.81,3,3,4,4,3,0.23809523809523808,0.6290437734714492
CHEMBL3684335,CHEMBL3684335,O=c1[nH]c2ccccc2n1C1CCN(Cc2ccc(-c3nnc4n3-c3cccnc3Nc3ccccc3-4)cc2)CC1,,7.08,2,7.08,7.08,IC50,B,single protein format,single_protein,8;9,D;H,2013,,540.631,5.533400000000005,96.66000000000001,2,6,4,8,6,0.1875,0.3046544952135545
CHEMBL3684373,CHEMBL3684373,c1ccc(-c2nnc(C3CCN(Cc4ccc(-c5nnc6n5-c5cccnc5Nc5ccccc5-6)cc4)CC3)[nH]2)nc1,,7.08,2,7.08,7.08,IC50,B,single protein format,single_protein,8;9,D;H,2013,,552.6460000000002,5.613000000000004,113.33,2,8,5,8,6,0.1875,0.2832203007974871
CHEMBL3936329,CHEMBL3936329,CN(C)CCn1cc(-c2ccc(F)c(C(F)(F)F)c2)nc1C1CCN(c2ncnc(N)c2C(N)=O)CC1,,7.08,2,7.08,7.08,IC50,B,single protein format,single_protein,8,H,2015,,520.5350000000003,3.1247,119.19,2,7,7,4,3,0.4166666666666667,0.45963739065887343
CHEMBL378116,CHEMBL378116,Cc1c(OC[C@@H](N)Cc2c[nH]c3ccccc23)cncc1-c1ccc2cnccc2c1,,7.08,1,7.08,7.08,IC50,B,single protein format,single_protein,9,D,2006,,408.50500000000017,5.035320000000003,76.82,2,4,6,5,5,0.15384615384615385,0.4128381316510692
CHEMBL3672030,CHEMBL3672030,CC(C)c1nc2nc(-c3ccc(CN4CC(c5n[nH]c(-c6ccccn6)n5)C4)cc3)c(-c3ccccc3)cn2n1,,7.08,2,7.08,7.08,IC50,B,cell-based format,cell_based,9,D,2015,,527.6360000000001,5.361200000000005,100.78,1,7,7,7,6,0.22580645161290322,0.2981975189866615
CHEMBL3672011,CHEMBL3672011,N#Cc1ccc2nc(C3CCN(Cc4ccc(-c5nc6nccn6cc5-c5ccccc5)cc4)CC3)[nH]c2c1,,7.08,2,7.08,7.08,IC50,B,cell-based format,cell_based,9,D,2015,,509.6170000000002,6.190880000000005,85.9,1,5,5,7,6,0.1875,0.299438905454924
CHEMBL3640751,CHEMBL3640751,Nc1ncccc1-c1nc2ccc(Oc3ccccc3)nc2n1-c1ccc(C2(N)CCC2)cc1,,7.08,2,7.08,7.08,Kd,B,single protein format,single_protein,8;9,D;H,2013,,448.53000000000026,5.194900000000003,104.86999999999999,2,6,5,6,5,0.14814814814814814,0.38309953589143275
CHEMBL2375961,CHEMBL2375961,COc1ncc(-c2cc3c(C)nc(N)nc3n([C@H]3CC[C@@H](OCC(N)=O)CC3)c2=O)cn1,,7.08,1,7.08,7.08,IC50,B,cell-based format,cell_based,9,D,2013,,439.4760000000003,1.1333199999999997,161.13,2,9,6,4,3,0.42857142857142855,0.5732829877234655
CHEMBL1081119,CHEMBL1081119,N[C@H](CNc1nnc(-c2ccc3cnccc3c2)o1)Cc1ccc(C(F)(F)F)cc1,,7.07,1,7.07,7.07,IC50,B,single protein format,single_protein,8,H,2010,,413.40300000000013,4.2855000000000025,89.86,2,6,6,4,4,0.19047619047619047,0.49030667919810833
CHEMBL3947929,CHEMBL3947929,Nc1ncnc(N2CCC(c3nc(-c4ccc(F)c(C(F)(F)F)c4)cn3CCN3CCCCC3)CC2)c1-c1cccc(F)c1,,7.07,2,7.07,7.07,IC50,B,single protein format,single_protein,8,H,2015,,611.6630000000004,6.756200000000006,76.10000000000001,1,6,7,6,4,0.40625,0.23304474814553647
CHEMBL3703112,CHEMBL3703112,CCOC(=O)c1ccn2c(-c3ccccc3)c(-c3ccc(C4(N)CCC4)cc3)nc2c1,,7.07,2,7.07,7.07,IC50,B,single protein format,single_protein,8;9,D;H,2015,,411.5050000000002,5.1829000000000045,69.62,1,4,5,5,4,0.23076923076923078,0.45935265075625686
CHEMBL3917106,CHEMBL3917106,COCC(C)NCCn1cc(-c2ccc(F)c(C(F)(F)F)c2)nc1C1CCN(c2ncnc(N)c2C(N)=O)CC1,,7.07,2,7.07,7.07,IC50,B,single protein format,single_protein,8,H,2015,,564.5880000000001,3.1876000000000007,137.20999999999998,3,8,10,4,3,0.46153846153846156,0.31955064846610665
CHEMBL270157,CHEMBL270157,Nc1n[nH]c2nc(-c3ccc(CN4CCC(n5c(=O)[nH]c6ccccc65)CC4)cc3)c(-c3ccccc3)cc12,,7.07,1,7.07,7.07,IC50,B,single protein format,single_protein,9,D,2008,,515.6210000000002,5.354200000000005,108.61999999999998,3,5,5,7,6,0.1935483870967742,0.28666023247018374
CHEMBL2177371,CHEMBL2177371,C[C@@H]1C[C@@H](O)c2ncnc(N3CCN(C(=O)[C@H](CN)c4ccc(C(F)(F)F)cc4)CC3)c21,,7.07,2,6.22,7.92,IC50,B,assay format;cell-based format,cell_based,9,D,2012,,449.47700000000015,2.427100000000001,95.58,2,6,4,4,2,0.5,0.7445963321550316
CHEMBL5942378,CHEMBL5942378,C=Cc1cc(OC)c2nc(-c3ccc(C4(N)CCC4)cc3)c(-c3ccccc3)n2n1,,7.07,1,7.07,7.07,IC50,B,single protein format,single_protein,8,H,2017,,396.494,5.052800000000005,65.44,1,4,5,5,4,0.2,0.5124451401839983
CHEMBL437122,CHEMBL437122,N[C@H](COc1cncc(-c2ccc3cnccc3c2)c1)Cc1cnc2ccccc2c1,,7.07,1,7.07,7.07,Ki,B,single protein format,single_protein,9,D,2006,,406.48900000000015,4.793800000000004,73.92,1,5,6,5,5,0.11538461538461539,0.4386740136785067
CHEMBL6054995,CHEMBL6054995,CCOC(=O)c1ccc2nc(-c3ccc(C4(N)CCC4)cc3)c(-c3ccccc3)n2n1,,7.07,1,7.07,7.07,IC50,B,single protein format,single_protein,8,H,2017,,412.49300000000005,4.577900000000003,82.50999999999999,1,5,5,5,4,0.24,0.48536488428882263
CHEMBL3908831,CHEMBL3908831,CCc1c(N)ncnc1N1CCC(c2nc(-c3ccc(C(F)(F)F)c(F)c3)cn2CCN2CCC(F)CC2)CC1,,7.07,2,7.07,7.07,IC50,B,single protein format,single_protein,8,H,2015,,563.6189999999999,5.460500000000005,76.10000000000001,1,6,7,5,3,0.5357142857142857,0.3850534597889558
CHEMBL180231,CHEMBL180231,O=c1[nH]c2ccccc2n1C1CCN(Cc2ccc(-c3nc4cc5cn[nH]c5cc4nc3-c3ccccc3)cc2)CC1,,7.07,1,7.07,7.07,IC50,B,single protein format,single_protein,9,D,2005,,551.654,6.320200000000005,95.49,2,5,5,8,7,0.17647058823529413,0.26104973983268925
CHEMBL2177831,CHEMBL2177831,Nc1ncccc1-c1nc2cc(-c3cccnc3)cnc2n1-c1ccc(CNC(=O)c2ccccc2)cc1,,7.07,6,6.02,8.1,IC50,B,cell-based format,cell_based,8;9,D;H,2012,,497.56200000000024,5.056700000000003,111.60999999999999,2,6,6,6,6,0.03333333333333333,0.3328358542823701
CHEMBL594310,CHEMBL594310,Cc1n[nH]c2ccc(-c3cc(OC[C@@H](N)Cc4c[nH]c5ncccc45)cnc3-c3ccoc3)cc12,,7.0649999999999995,2,6.03,8.1,IC50,B,cell-based format;single protein format,mixed,8;9,D;H,2010,,464.52900000000017,5.018420000000003,118.64,3,6,7,6,6,0.14814814814814814,0.3052868400128892
CHEMBL1632383,CHEMBL1632383,CC(C)NCC(Cc1ccc(F)c(F)c1)C(=O)N1CCN(c2ncnc3c2[C@H](C)SC3)CC1,,7.0600000000000005,2,6.12,8.0,IC50,B,cell-based format;single protein format,mixed,8,H,2010,,475.6090000000003,3.568100000000003,61.36000000000001,1,6,7,4,2,0.5416666666666666,0.660829483349036
CHEMBL3672521,CHEMBL3672521,NC1(c2ccc(-c3nc4c5ccc(Br)cc5nn4cc3-c3ccccc3)cc2)CCC1,,7.06,2,7.06,7.06,IC50,B,single protein format,single_protein,8;9,D;H,2015,,469.38600000000025,6.316900000000004,56.209999999999994,1,3,3,6,5,0.15384615384615385,0.33667312193226073
CHEMBL507204,CHEMBL507204,CN1CCN(c2ncc3cc(-c4ccccc4)c(-c4ccc(CN5CCC(c6nnc(-c7cc[n+]([O-])cc7)[nH]6)CC5)cc4)nc3n2)CC1,,7.06,1,7.06,7.06,IC50,B,single protein format,single_protein,8,H,2008,,638.7799999999999,4.908700000000004,116.9,1,9,7,8,6,0.2972972972972973,0.19237223837024842
CHEMBL1257166,CHEMBL1257166,CN(C)C[C@H](Cc1ccc(Cl)cc1)C(=O)N1CCN(c2ncnc3[nH]ccc23)CC1,,7.06,1,7.06,7.06,IC50,B,single protein format,single_protein,8,H,2010,,426.95200000000017,2.6804000000000006,68.36000000000001,1,5,6,4,3,0.4090909090909091,0.6559273487428272
CHEMBL1823651,CHEMBL1823651,O=C(NC(c1ccc(Cl)c(Cl)c1)C1CCNCC1)c1ccc2cnc(F)cc2c1,,7.055,2,6.41,7.7,IC50,B,cell-based format;single protein format,mixed,8;9,D;H,2011,,432.32600000000014,5.151400000000004,54.02,2,3,4,4,3,0.2727272727272727,0.5609717118721506
CHEMBL5844502,CHEMBL5844502,C=CC(=O)Nc1cc2c(cc1Cl)[nH]c(=O)n2N1CCN(Cc2ccc(-c3nc4cc[nH]c(=O)c4cc3-c3ccccc3)cc2)CC1,,7.05,5,6.86,9.15,IC50;Kd;Ki,B,single protein format,single_protein,8,H,2020,,632.1240000000003,5.131800000000004,119.11999999999998,3,6,7,7,6,0.14285714285714285,0.21026724234785768
CHEMBL494088,CHEMBL494088,CCn1c(-c2nonc2N)nc2c(C#CC(C)(C)O)ncc(OCC3CCNC3)c21,,7.05,2,6.0,8.1,IC50,B,cell-based format;single protein format,mixed,9,D,2008,,411.4660000000002,1.1941,137.14000000000001,3,9,5,4,3,0.5,0.5286748765874723
CHEMBL403354,CHEMBL403354,CSc1ncc2cc(-c3ccccc3)c(-c3ccc(CNCCc4cccnc4)cc3)nc2n1,,7.05,1,7.05,7.05,IC50,B,single protein format,single_protein,8,H,2008,,463.61000000000024,5.808000000000006,63.59,1,6,8,5,5,0.14285714285714285,0.17802787121758745
CHEMBL210020,CHEMBL210020,N[C@H](COc1cncc(-c2ccc3cnccc3c2)c1)Cc1ccccc1,,7.05,1,7.05,7.05,Ki,B,single protein format,single_protein,9,D,2006,,355.4410000000001,4.245600000000003,61.03,1,4,6,4,4,0.13043478260869565,0.5617115743385422
CHEMBL3926249,CHEMBL3926249,CCc1c(N)ncnc1N1CCC(c2nc(-c3ccc(F)c(F)c3)cn2CCN2CCC3(COC3)C2)CC1,,7.05,2,7.05,7.05,IC50,B,single protein format,single_protein,8,H,2015,,523.6320000000004,3.869200000000003,85.33000000000001,1,7,7,6,3,0.5357142857142857,0.5033061919635033
CHEMBL3696285,CHEMBL3696285,CC(C)C(C(=O)Nc1ccc(F)cc1)c1nc(N2CCOCC2)cc(=O)[nH]1,,7.05,2,7.05,7.05,IC50,B,assay format;cell-based format,cell_based,8;9,D;H,2015,,374.4160000000002,2.1238999999999995,87.32,2,5,5,3,2,0.42105263157894735,0.8371602053601241
CHEMBL1990254,CHEMBL1990254,NCC(NC(=O)c1ccc(-c2ccncc2)cc1)c1ccccc1,,7.05,2,7.0,7.1,Ki,F,assay format,other,8,H,,,317.392,3.1784000000000017,68.00999999999999,2,3,5,3,3,0.1,0.7592217806309234
CHEMBL3956421,CHEMBL3956421,NC(=O)c1c(N)ncnc1N1CCC(c2nc(-c3ccnc(C(F)(F)F)c3)cn2CCN2CCC2)CC1,,7.05,2,7.05,7.05,IC50,B,single protein format,single_protein,8,H,2015,,515.5440000000002,2.5247,132.08,2,8,7,5,3,0.4583333333333333,0.49072606093195786
CHEMBL3699727,CHEMBL3699727,NC1(c2ccc(-c3nc4ccc(C(=O)O)cn4c3-c3ccccc3)cc2)CCC1,,7.04,2,7.04,7.04,IC50,B,single protein format,single_protein,8;9,D;H,2015,,383.45100000000014,4.704400000000003,80.61999999999999,2,3,4,5,4,0.16666666666666666,0.5349937741188123
CHEMBL454210,CHEMBL454210,C[C@@H]1CN[C@@H](C)CN1c1ncc2cc(-c3ccccc3)c(-c3ccc(CN4CCC(c5nnc(-c6ccccn6)[nH]5)CC4)cc3)nc2n1,,7.04,2,6.71,7.37,IC50,B,cell-based format;single protein format,mixed,8,H,2008,,636.808,6.1051000000000055,111.63999999999999,2,9,7,8,6,0.3157894736842105,0.2145798091374551
CHEMBL3972161,CHEMBL3972161,NC(=O)c1c(N)ncnc1N1CCC(c2nc(-c3cccc(C(F)(F)F)c3)cn2CCN2CCCC2)CC1,,7.04,2,7.04,7.04,IC50,B,single protein format,single_protein,8,H,2015,,528.5830000000002,3.519800000000002,119.18999999999998,2,7,7,5,3,0.46153846153846156,0.481631476635468
CHEMBL3970947,CHEMBL3970947,N#Cc1c(N)ncnc1N1CCC(c2nc(-c3ccsc3)cn2CCN2CCC2)CC1,,7.04,2,7.04,7.04,IC50,B,single protein format,single_protein,8,H,2015,,434.5730000000003,2.9451800000000015,99.89,1,8,6,5,3,0.45454545454545453,0.6365277423287549
CHEMBL252653,CHEMBL252653,CSc1ncc2cc(-c3ccccc3)c(-c3ccc(CN4CCC(C(=O)NCCC(N)=O)CC4)cc3)nc2n1,,7.04,1,7.04,7.04,IC50,B,single protein format,single_protein,8,H,2008,,540.6930000000003,4.284300000000003,114.1,2,7,9,5,4,0.3,0.24052320957831916
CHEMBL5712058,CHEMBL5712058,C=CC(=O)Nc1ccc(C2CCN(Cc3ccc(-c4nc5cc[nH]c(=O)c5cc4-c4ccccc4)cc3)CC2)cc1,,7.035,2,6.9,7.17,IC50;Ki,B,cell-based format,cell_based,9,D,2019,,540.6670000000001,6.761200000000006,78.09,2,4,7,6,5,0.17142857142857143,0.2236492946217337
CHEMBL272265,CHEMBL272265,N#CCc1ccc(-n2cnc3cnc4ccc(C#Cc5cccnc5)cc4c32)cc1,,7.03,1,7.03,7.03,IC50,B,cell-based format,cell_based,9,D,2008,,385.43000000000006,4.434580000000003,67.39,0,4,2,5,5,0.04,0.42158432336744084
CHEMBL3703134,CHEMBL3703134,CCOC(=O)c1ccc2nc(-c3ccc(C4(N)CCC4)cc3)c(-c3ccccc3)n2c1,,7.03,2,7.03,7.03,IC50,B,single protein format,single_protein,8;9,D;H,2015,,411.50500000000005,5.1829000000000045,69.61999999999999,1,4,5,5,4,0.23076923076923078,0.459352650756257
CHEMBL3672515,CHEMBL3672515,NC1(c2ccc(-c3nc4c5cc(F)ccc5nn4cc3-c3ccccc3)cc2)CCC1,,7.03,2,7.03,7.03,IC50,B,single protein format,single_protein,8;9,D;H,2015,,408.4800000000002,5.693500000000003,56.209999999999994,1,3,3,6,5,0.15384615384615385,0.41698236693476487
CHEMBL3112858,CHEMBL3112858,O=C(Cc1nc(N2CCOCC2)cc(=O)[nH]1)N1CCc2c(-c3ccncc3)cccc21,,7.03,2,7.03,7.03,IC50,B,assay format;cell-based format,cell_based,8,H,2015,,417.46900000000016,1.8003000000000002,91.42,1,6,4,5,3,0.30434782608695654,0.6961579159045372
CHEMBL2151048,CHEMBL2151048,O=C(Cc1nc(N2CCOCC2)cc(=O)[nH]1)Nc1ccc(F)c(Br)c1,,7.03,2,7.03,7.03,IC50,B,assay format;cell-based format,cell_based,8;9,D;H,2015,,411.23100000000005,1.6892999999999996,87.32000000000001,2,5,4,3,2,0.3125,0.7999830858470667
CHEMBL2151933,CHEMBL2151933,Cn1c(CC(=O)Nc2ccc(F)c(Br)c2)nc(N2CCOCC2)cc1=O,,7.03,2,7.03,7.03,IC50,B,assay format;cell-based format,cell_based,8;9,D;H,2015,,425.25800000000027,1.6996999999999995,76.46000000000001,1,5,4,3,2,0.35294117647058826,0.8074662572669203
CHEMBL1173384,CHEMBL1173384,Cc1c[nH]c2ncnc(N3CCC(N)(CNC=O)C3)c12,"N-((3-AMINO-1-(5-METHYL-7H-PYRROLO[2,3-D]PYRIMIDIN-4-YL)PYRROLIDIN-3-YL)METHYL)FORMAMIDE (RACEMIC)",7.025,2,6.8,7.25,IC50,B,single protein format,single_protein,8,H,2010,,274.32800000000003,-0.08007999999999921,99.93,3,5,4,3,2,0.46153846153846156,0.67712772822737
CHEMBL1760763,CHEMBL1760763,CCOCCN(C[C@@H](O)CN1CCCC2(CCN(c3ncncc3C3CC3)C2)C1)S(=O)(=O)c1c(C)cccc1C,,7.025,2,6.13,7.92,IC50,B,cell-based format;single protein format,mixed,8;9,D;H,2011,,571.7880000000002,3.351440000000002,99.1,1,8,12,5,2,0.6666666666666666,0.3875424027320274
CHEMBL5893877,CHEMBL5893877,COC(=O)COc1ccc2nc(-c3ccc(C4(N)CCC4)cc3)c(-c3ccccc3)n2n1,,7.02,1,7.02,7.02,IC50,B,single protein format,single_protein,8,H,2017,,428.4920000000002,3.953000000000002,91.74,1,6,6,5,4,0.24,0.4676671170197209
CHEMBL3703166,CHEMBL3703166,[C-]#[N+]COc1ccc2nc(-c3ccc(C4(N)CCC4)cc3)c(-c3ccccc3)n2c1,,7.02,2,7.02,7.02,IC50,B,single protein format,single_protein,8;9,D;H,2015,,394.478,5.261790000000004,56.91,1,3,5,5,4,0.2,0.4697434713529334
CHEMBL1081029,CHEMBL1081029,N[C@H](CNc1ncc(-c2ccc3c(c2)CNC3=O)s1)Cc1ccc(C(F)(F)F)cc1,,7.02,1,7.02,7.02,IC50,B,single protein format,single_protein,8,H,2010,,432.4710000000001,4.0542000000000025,80.03999999999999,3,5,6,4,3,0.23809523809523808,0.5490273387058001
CHEMBL1257163,CHEMBL1257163,N[C@H](Cc1ccc(C(F)(F)F)cc1)C(=O)N1CCN(c2ncnc3ccccc23)CC1,,7.02,1,7.02,7.02,IC50,B,single protein format,single_protein,8,H,2010,,429.4460000000002,2.8672000000000013,75.35000000000001,1,5,4,4,3,0.3181818181818182,0.690442982175486
CHEMBL3684537,CHEMBL3684537,Brc1ccc2c(c1)-c1nnc(-c3ccc(CN4CCC(c5nnc(-c6ccccn6)[nH]5)CC4)cc3)n1-c1cccnc1N2,,7.02,2,7.02,7.02,IC50,B,single protein format,single_protein,8;9,D;H,2013,,631.5420000000001,6.375500000000006,113.33,2,8,5,8,6,0.1875,0.2253130708321295
CHEMBL6014407,CHEMBL6014407,COc1cc(-c2ccnn2C)c2nc(-c3ccc(C4(N)CCC4)cc3)c(-c3ccccc3)n2n1,,7.02,1,7.02,7.02,IC50,B,single protein format,single_protein,8,H,2017,,450.5460000000002,4.810300000000003,83.25999999999999,1,5,5,6,5,0.2222222222222222,0.41544742706594906
CHEMBL3937511,CHEMBL3937511,COC(=O)c1ccc(-c2c(N)ncnc2N2CCC(c3nc(-c4ccc(F)c(C(F)(F)F)c4)cn3CCN(C)C)CC2)cc1,,7.02,2,7.02,7.02,IC50,B,single protein format,single_protein,8,H,2015,,611.6439999999999,5.479400000000005,102.39999999999999,1,8,8,5,4,0.3548387096774194,0.20657748947348634
CHEMBL5842146,CHEMBL5842146,C[C@@H]1C[C@H]2[C@@H]3CCC4=CC(=O)C=C[C@]4(C)[C@@]3(F)[C@@H](O)C[C@]2(C)[C@@]1(O)C(=O)COC(=O)C[C@H](N)C(=O)OCc1ccc([C@@H](CN)C(=O)Nc2ccc3cnccc3c2)cc1,,7.02,1,7.02,7.02,IC50,B,assay format,other,8,H,2021,,810.9200000000001,4.136600000000002,221.23000000000002,5,12,12,7,3,0.4666666666666667,0.16309925700197922
CHEMBL3699688,CHEMBL3699688,COc1ccn2c(-c3ccccc3)c(-c3ccc(C4(N)CCC4)cc3)nc2c1,,7.02,2,7.02,7.02,IC50,B,single protein format,single_protein,8;9,D;H,2015,,369.4680000000002,5.014800000000005,52.55,1,3,4,5,4,0.20833333333333334,0.5497495035923747
CHEMBL4859898,CHEMBL5028416,Cn1ncc(Br)c1-c1cc(F)c(C(=O)N[C@@H]2CNCC[C@H]2c2ccc(F)c(F)c2)c(F)c1,,7.02,1,7.02,7.02,IC50,B,cell-based format,cell_based,9,D,2021,,511.3170000000002,4.281500000000003,58.95,2,3,4,4,3,0.2727272727272727,0.5147212534133055
CHEMBL1257751,CHEMBL1257751,CNc1ccc2ncnc(N3CCN(C(=O)[C@H](N)Cc4ccc(Cl)cc4)CC3)c2c1,,7.01,1,7.01,7.01,IC50,B,single protein format,single_protein,8,H,2010,,424.9360000000002,2.5435000000000008,87.38000000000001,2,6,5,4,3,0.3181818181818182,0.6540805032474221
CHEMBL3974610,CHEMBL3974610,CC1Cc2c(Cl)cccc2N1C(=O)Cc1nc(N2CCOCC2)c(F)c(=O)n1C,,7.01,4,6.32,7.7,IC50,B,assay format;cell-based format,cell_based,8,H,2015,,420.87200000000024,1.9296999999999997,67.67,0,5,3,4,2,0.45,0.7586491136596297
CHEMBL3672537,CHEMBL3672537,N#Cc1ccc(-c2ccc3nn4cc(-c5ccccc5)c(-c5ccc(C6(N)CCC6)cc5)nc4c3c2)cc1,,7.01,2,7.01,7.01,IC50,B,single protein format,single_protein,8;9,D;H,2015,,491.5980000000003,7.093080000000006,80.0,1,4,4,7,6,0.12121212121212122,0.285351515324448
CHEMBL4873154,CHEMBL5028843,Cn1ncc(Cl)c1-c1cc(F)c(C(=O)N[C@@H]2CNCC[C@H]2c2ccc(F)c(F)c2)c(F)c1,,7.01,1,7.01,7.01,IC50,B,cell-based format,cell_based,9,D,2021,,466.86600000000016,4.172400000000003,58.95,2,3,4,4,3,0.2727272727272727,0.5673246683223974
CHEMBL1082016,CHEMBL1082016,Cn1c(=O)[nH]c2ccc(-c3cnc(NC[C@@H](N)Cc4ccc(C(F)(F)F)cc4)s3)cc21,,7.005,2,6.2,7.81,IC50,B,cell-based format;single protein format,mixed,8;9,D;H,2010,,447.48600000000005,3.990800000000002,88.73,3,5,6,4,4,0.23809523809523808,0.4170607275744659
CHEMBL255835,CHEMBL255835,Nc1ncnc2nc(-c3ccc(CN4CCC(c5cc(-c6ccncc6)[nH]n5)CC4)cc3)c(-c3ccccc3)cc12,,7.005,2,6.33,7.68,IC50,B,cell-based format;single protein format,mixed,9,D,2008,,538.6590000000002,6.105700000000005,109.49999999999999,2,7,6,7,6,0.18181818181818182,0.2634267458829808
CHEMBL469560,CHEMBL469560,NCC(NCc1ccc(-c2ccnc3[nH]ccc23)s1)c1ccccc1,,7.0,1,7.0,7.0,IC50,B,single protein format,single_protein,8,H,2009,,348.4750000000001,4.081000000000002,66.72999999999999,3,4,6,4,4,0.15,0.4917288866971411
CHEMBL252054,CHEMBL252054,CSc1ncc2cc(-c3ccccc3)c(-c3ccc(CNCCc4c[nH]cn4)cc3)nc2n1,,7.0,1,7.0,7.0,IC50,B,single protein format,single_protein,8,H,2008,,452.5870000000002,5.136100000000005,79.38000000000001,2,6,8,5,5,0.15384615384615385,0.19287738269488028
CHEMBL3699685,CHEMBL3699685,Cc1cccn2c(-c3ccccc3)c(-c3ccc(C4(N)CCC4)cc3)nc12,,7.0,2,7.0,7.0,IC50,B,single protein format,single_protein,8;9,D;H,2015,,353.4690000000002,5.314620000000005,43.32,1,2,3,5,4,0.20833333333333334,0.5419206168251125
CHEMBL2151921,CHEMBL2151921,O=C(Cc1nc(N2CCOCC2)cc(=O)[nH]1)Nc1cccc(Cl)c1,,7.0,2,7.0,7.0,IC50,B,assay format;cell-based format,cell_based,8;9,D;H,2015,,348.7900000000001,1.4410999999999996,87.32000000000001,2,5,4,3,2,0.3125,0.8726713973812537
CHEMBL3908032,CHEMBL3908032,NC(=O)c1c(N)ncnc1N1CCC(c2nc(-c3ccc(F)c(C(F)(F)F)c3)cn2C2CCNC2)CC1,,7.0,2,7.0,7.0,IC50,B,single protein format,single_protein,8,H,2015,,518.5190000000001,3.097500000000001,127.97999999999999,3,7,5,5,3,0.4166666666666667,0.44304696066978644
CHEMBL3939903,CHEMBL3939903,CC1Cc2c(OC(F)F)cccc2N1C(=O)Cc1nc(N2CCOCC2)cc(=O)n1C,,7.0,4,6.78,7.22,IC50,B,assay format;cell-based format,cell_based,8,H,2015,,434.44300000000027,1.7385999999999997,76.9,0,6,5,4,2,0.47619047619047616,0.7137079226842243
CHEMBL228654,CHEMBL228654,C/C(=C1/C(=O)Nc2ccc(NC(N)=O)cc21)c1ccc[nH]1,,7.0,1,7.0,7.0,IC50,B,cell-based format,cell_based,9,D,2007,,282.30299999999994,2.3880999999999997,100.00999999999999,4,2,2,3,2,0.06666666666666667,0.6356669578146685
CHEMBL211434,CHEMBL211434,O=C1Cc2ccc(N[C@H](COc3cncc(-c4ccc5c(n4)NC(=O)C5)c3)Cc3c[nH]c4ccccc34)nc2N1,,7.0,1,7.0,7.0,IC50,B,single protein format,single_protein,9,D,2006,,531.5760000000002,4.111300000000002,133.92,4,7,8,7,5,0.16666666666666666,0.2367526204452001
CHEMBL3922497,CHEMBL3922497,N#Cc1cccc2c1CCN2C(=O)Cc1nc(N2CCOCC2)cc(=O)[nH]1,,7.0,2,7.0,7.0,IC50,B,assay format;cell-based format,cell_based,8,H,2015,,365.39300000000014,0.60998,102.32,1,6,3,4,2,0.3684210526315789,0.8549932069012446
CHEMBL3672508,CHEMBL3672508,NC1(c2ccc(-c3nn4c(-c5ccc(F)cc5)c(Cl)nc4cc3-c3ccccc3)cc2)CCC1,,7.0,2,7.0,7.0,IC50,B,cell-based format,cell_based,9,D,2015,,468.96300000000025,6.860700000000005,56.209999999999994,1,3,4,6,5,0.14285714285714285,0.3131654975680318
CHEMBL1822211,CHEMBL1822211,Nc1nc2ccc(-c3cnc(Cl)c(NS(=O)(=O)c4ccc(F)cc4)c3)cc2o1,,7.0,1,7.0,7.0,IC50,B,cell-based format,cell_based,9,D,2011,,418.8370000000001,4.0653000000000015,111.11,2,6,4,4,4,0.0,0.4831608286889951
CHEMBL3968885,CHEMBL3968885,CCOC(=O)c1cn2c(-c3ccccc3)c(-c3ccc(C4(N)CCC4)cc3)nc2cn1,,7.0,2,7.0,7.0,IC50,B,cell-based format,cell_based,8;9,D;H,2016,,412.4930000000003,4.577900000000003,82.51,1,5,5,5,4,0.24,0.48536488428882224
CHEMBL3699722,CHEMBL3699722,NC1(c2ccc(-c3nc4ccc(F)cn4c3-c3ccccc3)cc2)CCC1,,7.0,2,7.0,7.0,IC50,B,single protein format,single_protein,8;9,D;H,2015,,357.43200000000013,5.145300000000003,43.31999999999999,1,2,3,5,4,0.17391304347826086,0.5512345262394204
CHEMBL1940250,CHEMBL1940250,CC(C)n1cc(C(=O)c2cncc(N[C@@H]3CCN[C@@H]3c3ccc(F)cc3)n2)c2c(N)ncnc21,,7.0,1,7.0,7.0,Ki,B,single protein format,single_protein,8,H,2011,,460.51700000000017,3.2696000000000014,123.64,3,8,6,5,4,0.2916666666666667,0.37472009158342223
CHEMBL4577134,CHEMBL4595204,Cn1ncc(-c2ccncc2)c1-c1ccc(C(=O)N[C@@H]2CNCC[C@H]2c2cccc(F)c2)s1,,7.0,1,7.0,7.0,IC50,B,assay format,other,9,D,2019,,461.5660000000002,4.225200000000003,71.84,2,5,5,5,4,0.24,0.46676789281447445
CHEMBL577134,CHEMBL577134,N[C@H](COc1cncc(-c2ccc3[nH]c(=O)sc3c2)c1)Cc1c[nH]c2ccccc12,,7.0,1,7.0,7.0,IC50,B,single protein format,single_protein,8,H,2009,,416.50600000000014,4.081700000000002,96.78999999999999,3,5,6,5,5,0.13043478260869565,0.3884937887714376
CHEMBL604684,CHEMBL604684,COc1ccccc1-c1ncc(OC[C@@H](N)Cc2ccccc2)cc1-c1ccc2[nH]nc(C)c2c1,,7.0,1,7.0,7.0,IC50,B,single protein format,single_protein,8,H,2010,,464.56900000000013,5.557720000000004,86.05,2,5,8,5,5,0.1724137931034483,0.3140792809457303
CHEMBL4461200,CHEMBL4597802,Cn1ncc(C(=O)O)c1-c1ccc(C(=O)N[C@@H]2CNCC[C@H]2c2cccc(F)c2)s1,,7.0,1,7.0,7.0,IC50,B,assay format,other,9,D,2019,,428.48900000000015,2.8614000000000006,96.25,3,5,5,4,3,0.2857142857142857,0.5808134570949546
CHEMBL1257510,CHEMBL1257510,Cc1cccc2ncnc(N3CCN(C(=O)[C@H](N)Cc4ccc(Cl)cc4)CC3)c12,,7.0,1,7.0,7.0,IC50,B,single protein format,single_protein,8,H,2010,,409.9210000000002,2.810220000000001,75.35000000000001,1,5,4,4,3,0.3181818181818182,0.7166700973501785
CHEMBL3699726,CHEMBL3699726,NC1(c2ccc(-c3nc4c(-c5cn[nH]c5)cccn4c3-c3ccccc3)cc2)CCC1,,7.0,2,7.0,7.0,IC50,B,single protein format,single_protein,8;9,D;H,2015,,405.5050000000002,5.396300000000004,72.0,2,3,4,6,5,0.15384615384615385,0.4206535727915779
CHEMBL3684341,CHEMBL3684341,Cc1ccc(C(=O)Nc2ccc(-c3nnc4n3-c3cccnc3Nc3ccccc3-4)cc2)cc1,,7.0,2,7.0,7.0,IC50,B,single protein format,single_protein,8;9,D;H,2013,,444.4980000000001,5.614020000000004,84.73,2,5,3,6,5,0.037037037037037035,0.37039394183925783
CHEMBL1983945,CHEMBL1983945,NC(Cc1c[nH]c2ccccc12)C(=O)Nc1cncc(C=Cc2ccncc2)c1,,7.0,1,7.0,7.0,Ki,F,assay format,other,8,H,,,383.4550000000001,3.6368000000000027,96.69,3,4,6,4,4,0.08695652173913043,0.4735277322115161
CHEMBL3699776,CHEMBL3699776,Cc1cc(-c2ccn[nH]2)cn2c(-c3ccccc3)c(-c3ccc(C4(N)CCC4)cc3)nc12,,7.0,2,7.0,7.0,IC50,B,single protein format,single_protein,8;9,D;H,2015,,419.53200000000027,5.7047200000000045,72.0,2,3,4,6,5,0.18518518518518517,0.39215272422638103
CHEMBL3684436,CHEMBL3684436,NC1(c2ccc(-c3nnc4n3-c3cccnc3Nc3ccccc3-4)cc2)CCC1,,7.0,2,7.0,7.0,IC50,B,single protein format,single_protein,8;9,D;H,2013,,380.4550000000002,4.391200000000003,81.65,2,5,2,6,4,0.17391304347826086,0.47457462577984544
CHEMBL3672552,CHEMBL3672552,NC1(c2ccc(-c3nc4c5cccc(O)c5nn4cc3-c3ccccc3)cc2)CCC1,,7.0,2,7.0,7.0,IC50,B,single protein format,single_protein,8;9,D;H,2015,,406.4890000000002,5.260000000000003,76.44,2,4,3,6,5,0.15384615384615385,0.42845068251956
CHEMBL1081295,CHEMBL1081295,Nc1cc2cc(-c3cnc(NC[C@@H](N)Cc4ccc(C(F)(F)F)cc4)s3)ccc2cn1,,6.995,2,6.05,7.94,IC50,B,cell-based format;single protein format,mixed,8;9,D;H,2010,,443.49800000000005,4.941200000000003,89.85,3,6,6,4,4,0.18181818181818182,0.39270941452357205
CHEMBL2177370,CHEMBL2177370,C[C@@H]1C[C@@H](O)c2ncnc(N3CCN(C(=O)[C@@H](c4ccc(Cl)cc4)[C@@H]4COCCN4)CC3)c21,,6.995,2,6.07,7.92,IC50,B,assay format;cell-based format,cell_based,9,D,2012,,471.9890000000003,2.0914,90.82000000000001,2,7,4,5,2,0.5416666666666666,0.7051215853273646
CHEMBL3699674,CHEMBL3699674,NC1(c2ccc(-c3nc4cc(-n5cccn5)ccn4c3-c3ccccc3)cc2)CCC1,,6.99,2,6.99,6.99,IC50,B,single protein format,single_protein,8;9,D;H,2015,,405.5050000000002,5.191900000000004,61.14,1,3,4,6,5,0.15384615384615385,0.44744235586980974
CHEMBL3696234,CHEMBL3696234,CCOC(=O)Cc1nc(N2CCOCC2)cc(=O)[nH]1,,6.99,2,6.99,6.99,IC50,B,assay format;cell-based format,cell_based,8;9,D;H,2015,,267.2849999999999,-0.28789999999999977,84.51999999999998,1,6,4,2,1,0.5833333333333334,0.7547481428302036
CHEMBL1632392,CHEMBL1632392,C[C@@H]1OCc2ncnc(N3CCN(C(=O)C(Cc4ccc(Cl)c(F)c4)CC(C)(C)N)CC3)c21,,6.99,2,6.23,7.75,IC50,B,cell-based format;single protein format,mixed,8,H,2010,,475.9960000000002,3.4952000000000014,84.58000000000001,1,6,6,4,2,0.5416666666666666,0.6879906643612576
CHEMBL1773599,CHEMBL1773599,COc1ccc(S(=O)(=O)Nc2cncc(-c3ccc4nc(NC(C)=O)sc4c3)c2)cc1,,6.99,1,6.99,6.99,IC50,B,cell-based format,cell_based,9,D,2011,,454.5330000000002,4.126100000000002,110.28,2,7,6,4,4,0.09523809523809523,0.453336983730596
CHEMBL4515689,CHEMBL4515689,Cn1ncc(Cl)c1-c1cc(C(=O)N[C@@H]2CNCC[C@H]2c2cccc(F)c2)sc1Cl,,6.99,1,6.99,6.99,IC50,B,assay format,other,9,D,2019,,453.3700000000001,4.470000000000003,58.95,2,4,4,4,3,0.3,0.6131403559797913
CHEMBL3908806,CHEMBL3908806,CCCN1CCCCC1c1cccc2c1CCN2C(=O)Cc1nc(N2CCOCC2)cc(=O)[nH]1,,6.99,2,6.99,6.99,IC50,B,assay format;cell-based format,cell_based,8,H,2015,,465.5980000000003,2.675300000000001,81.76999999999998,1,6,6,5,2,0.5769230769230769,0.7065305680055465
CHEMBL2177828,CHEMBL2177828,CC(=O)Nc1cccc(-c2ccc3nc(-c4cccnc4N)n(-c4ccc(CC(=O)Nc5cccc(F)c5)cc4)c3n2)c1,,6.984999999999999,6,6.58,7.82,IC50,B,cell-based format,cell_based,8;9,D;H,2012,,571.6160000000002,6.010400000000004,127.82000000000001,3,6,7,6,6,0.06060606060606061,0.21534450941954764
CHEMBL226381,CHEMBL226381,Cc1n[nH]c2c[n+]([O-])c(-c3cncc(OC[C@@H](N)Cc4ccccc4)c3)cc12,,6.98,1,6.98,6.98,IC50,B,single protein format,single_protein,9,D,2007,,375.4320000000001,2.5155200000000004,103.76,2,5,6,4,4,0.19047619047619047,0.3980294619824362
CHEMBL3955055,CHEMBL3955055,N#Cc1c(N)ncnc1N1CCC(c2nc(-c3ccc4[nH]ncc4c3)cn2CCN2CCC2)CC1,,6.98,2,6.98,6.98,IC50,B,single protein format,single_protein,8,H,2015,,468.56900000000036,2.7599800000000014,128.57,2,8,6,6,4,0.4,0.44198140486567206
CHEMBL2177382,CHEMBL2177382,CC(C)NC[C@@H](C(=O)N1CCN(c2ncnc3c2[C@H](C)C[C@@H]3F)CC1)c1ccc(Cl)cc1,,6.98,2,6.04,7.92,IC50,B,assay format;cell-based format,cell_based,9,D,2012,,459.9970000000002,4.0782000000000025,61.36000000000001,1,5,6,4,2,0.5416666666666666,0.7048966255952367
CHEMBL2375969,CHEMBL2375969,Cc1nc(N)nc2c1cc(-c1cnc3ccccc3c1)c(=O)n2[C@H]1CC[C@@H](OCO)CC1,,6.98,1,6.98,6.98,IC50,B,cell-based format,cell_based,9,D,2013,,431.4960000000003,3.3474200000000014,116.15,2,7,4,5,4,0.3333333333333333,0.4760564386650934
CHEMBL1258553,CHEMBL1258553,N[C@H](Cc1ccc(Cl)cc1)C(=O)N1CCN(c2ncnc3[nH]ncc23)CC1,,6.98,1,6.98,6.98,IC50,B,single protein format,single_protein,8,H,2010,,385.8590000000001,1.2248999999999997,104.03000000000002,2,6,4,4,3,0.3333333333333333,0.6994946137953959
CHEMBL506827,CHEMBL506827,CN(C)CCN1CCN(c2ccc3nc(-c4ccccc4)c(-c4ccc(CN5CCC(c6nnc(-c7ncccn7)[nH]6)CC5)cc4)nc3n2)CC1,,6.98,1,6.98,6.98,IC50,B,single protein format,single_protein,8,H,2008,,680.8649999999999,4.997100000000005,118.98000000000002,1,11,10,8,6,0.358974358974359,0.21072035873464112
CHEMBL4470602,CHEMBL4470602,Cn1ncc(Cl)c1-c1ccc(C(=O)N[C@@H]2CNCC[C@H]2c2cccc(F)c2)nc1,,6.98,1,6.98,6.98,IC50,B,assay format,other,9,D,2019,,413.8840000000002,3.150100000000002,71.84,2,4,4,4,3,0.2857142857142857,0.6888644122877566
CHEMBL3936162,CHEMBL3936162,Cn1c(CC(=O)N2CC3(CCOCC3)c3ccccc32)nc(N2CCOCC2)cc1=O,,6.97,2,6.97,6.97,IC50,B,assay format;cell-based format,cell_based,8,H,2015,,424.50100000000026,1.2543999999999997,76.9,0,6,3,5,2,0.5217391304347826,0.7383654471083511
CHEMBL3699775,CHEMBL3699775,Cc1cc(-c2cn[nH]c2)cn2c(-c3ccccc3)c(-c3ccc(C4(N)CCC4)cc3)nc12,,6.97,2,6.97,6.97,IC50,B,single protein format,single_protein,8;9,D;H,2015,,419.53200000000027,5.7047200000000045,72.0,2,3,4,6,5,0.18518518518518517,0.39215272422638103
CHEMBL4852887,CHEMBL5028031,Cn1nccc1-c1cc(F)c(C(=O)N[C@@H]2CNCC[C@H]2c2ccc(F)cc2)c(F)c1,,6.97,1,6.97,6.97,IC50,B,cell-based format,cell_based,9,D,2021,,414.4310000000001,3.379900000000002,58.95,2,3,4,4,3,0.2727272727272727,0.6883069589354835
CHEMBL401999,CHEMBL401999,Nc1nc(N)c2cc(-c3ccccc3)c(-c3ccc(CN4CCC(n5c(=O)[nH]c6ccccc65)CC4)cc3)nc2n1,,6.97,1,6.97,6.97,IC50,B,single protein format,single_protein,9,D,2008,,542.6470000000003,5.003300000000004,131.73999999999998,3,7,5,7,6,0.1875,0.2791884858531059
CHEMBL3905243,CHEMBL3905243,C[C@H]1Cc2ccccc2N1C(=O)Cc1nc(N2CCOCC2)c(F)c(=O)n1C,,6.97,2,6.97,6.97,IC50,B,assay format;cell-based format,cell_based,8,H,2015,,386.4270000000001,1.2763,67.67,0,5,3,4,2,0.45,0.7950069166021762
CHEMBL3965063,CHEMBL3965063,CCc1c(N)ncnc1N1CCC(c2nc(-c3ccnc(C)c3)cn2CCN2CCC2)CC1,,6.97,2,6.97,6.97,IC50,B,single protein format,single_protein,8,H,2015,,446.60300000000035,3.277820000000002,88.99,1,7,7,5,3,0.52,0.5956688710030654
CHEMBL3699746,CHEMBL3699746,COc1cncc(-c2cccn3c(-c4ccccc4)c(-c4ccc(C5(N)CCC5)cc4)nc23)c1,,6.97,2,6.97,6.97,IC50,B,single protein format,single_protein,8;9,D;H,2015,,446.5540000000003,6.076800000000006,65.44,1,4,5,6,5,0.1724137931034483,0.35545881907215676
CHEMBL3684408,CHEMBL3684408,CN(C)c1ccc(C(=O)NCc2ccc(-c3nnc4n3-c3cccnc3Nc3ccccc3-4)cc2)cc1,,6.96,2,6.96,6.96,IC50,B,single protein format,single_protein,8;9,D;H,2013,,487.5670000000001,5.049300000000004,87.97,2,6,5,6,5,0.10344827586206896,0.3538983701637608
CHEMBL3699670,CHEMBL3699670,COc1cnc2nc(-c3ccc(C4(N)CCC4)cc3)c(-c3ccccc3)n2c1,,6.96,2,6.96,6.96,IC50,B,single protein format,single_protein,8;9,D;H,2015,,370.456,4.409800000000002,65.44,1,4,4,5,4,0.21739130434782608,0.5778161524845824
CHEMBL3672481,CHEMBL3672481,CS(=O)(=O)c1ccc(-c2cnc3cc(-c4ccccc4)c(-c4ccc(C5(N)CCC5)cc4)nn23)cc1,,6.96,2,6.96,6.96,IC50,B,cell-based format,cell_based,9,D,2015,,494.6200000000003,5.471700000000005,90.35,1,5,5,6,5,0.1724137931034483,0.3497998553677849
CHEMBL3907965,CHEMBL3907965,Nc1ncnc(N2CCC(c3nc(-c4ccc(F)c(C(F)(F)F)c4)cn3CCN3CCCC3)CC2)c1-c1ccc(F)c(F)c1,,6.96,2,6.96,6.96,IC50,B,single protein format,single_protein,8,H,2015,,615.6260000000004,6.505200000000006,76.10000000000001,1,6,7,6,4,0.3870967741935484,0.23929109443101026
CHEMBL6043770,CHEMBL6043770,NC1(c2ccc(-c3nc4c(C5CC5)cc(Cl)nn4c3-c3ccccc3)cc2)CCC1,,6.96,1,6.96,6.96,IC50,B,single protein format,single_protein,8,H,2017,,414.94000000000017,5.932000000000004,56.209999999999994,1,3,4,6,4,0.28,0.44972791200103945
CHEMBL3684366,CHEMBL3684366,O=C(Nc1ccc(-c2nnc3n2-c2cccnc2Nc2ccccc2-3)cc1)c1ccc(F)cc1,,6.96,2,6.96,6.96,IC50,B,single protein format,single_protein,8;9,D;H,2013,,448.4610000000001,5.444700000000003,84.73,2,5,3,6,5,0.0,0.37638080916141514
CHEMBL3932688,CHEMBL3932688,NC(=O)c1cn2c(-c3ccccc3)c(-c3ccc(C4(N)CCC4)cc3)nc2cn1,,6.96,2,6.96,6.96,IC50,B,cell-based format,cell_based,8;9,D;H,2016,,383.4550000000002,3.5001000000000015,99.3,2,4,4,5,4,0.17391304347826086,0.5632488000301973
CHEMBL3672532,CHEMBL3672532,NC1(c2ccc(-c3nc4c5cc(-c6ccc(F)cc6)ccc5nn4cc3-c3ccccc3)cc2)CCC1,,6.96,2,6.96,6.96,IC50,B,single protein format,single_protein,8;9,D;H,2015,,484.57800000000026,7.360500000000006,56.209999999999994,1,3,4,7,6,0.125,0.2843636459415906
CHEMBL3640750,CHEMBL3640750,Nc1ncccc1-c1nc2ccc(Sc3ccccc3)nc2n1-c1ccc(C2(N)CCC2)cc1,,6.96,2,6.96,6.96,Kd,B,single protein format,single_protein,8;9,D;H,2013,,464.5980000000003,5.553800000000005,95.64,2,6,5,6,5,0.14814814814814814,0.35381831318678214
CHEMBL3897494,CHEMBL3897494,Nc1ncnc(N2CCC(c3nc(-c4ccc(C(F)(F)F)cc4)cn3CCN3CCCC3)CC2)c1Br,,6.96,2,6.96,6.96,IC50,B,single protein format,single_protein,8,H,2015,,564.4540000000004,5.183400000000005,76.10000000000001,1,6,6,5,3,0.48,0.4448429906071454
CHEMBL3672526,CHEMBL3672526,COC(=O)c1ccc2c(c1)nn1cc(-c3ccccc3)c(-c3ccc(C4(N)CCC4)cc3)nc21,,6.96,2,6.96,6.96,IC50,B,single protein format,single_protein,8;9,D;H,2015,,448.5260000000003,5.341000000000005,82.50999999999999,1,5,4,6,5,0.17857142857142858,0.3753251845989865
CHEMBL3930892,CHEMBL3930892,O=C(Cc1nc(N2CCOCC2)cc(=O)[nH]1)N1CCc2c(N3CCOCC3)cccc21,,6.96,2,6.96,6.96,IC50,B,assay format;cell-based format,cell_based,8,H,2015,,425.4890000000003,0.5749000000000013,91.0,1,7,4,5,2,0.5,0.7660958389308798
CHEMBL3684428,CHEMBL3684428,Cc1ccc(S(=O)(=O)NCc2ccc(-c3nnc4n3-c3cccnc3Nc3ccccc3-4)cc2)cc1,,6.96,2,6.96,6.96,IC50,B,single protein format,single_protein,8;9,D;H,2013,,494.58000000000015,4.840220000000004,101.8,2,6,5,6,5,0.07407407407407407,0.3556238529300541
CHEMBL3684361,CHEMBL3684361,O=C(Nc1ccc(-c2nnc3n2-c2cccnc2Nc2ccccc2-3)cc1)c1ccccc1F,,6.96,2,6.96,6.96,IC50,B,single protein format,single_protein,8;9,D;H,2013,,448.4610000000001,5.444700000000003,84.73,2,5,3,6,5,0.0,0.37638080916141514
CHEMBL3941307,CHEMBL3941307,Cn1cc(-c2ccc(F)c(C(F)(F)F)c2)nc1C1CCN(c2ncnc(N)c2C#N)CC1,,6.96,2,6.96,6.96,IC50,B,single protein format,single_protein,8,H,2015,,445.42400000000026,3.872880000000002,96.65,1,6,3,4,3,0.3333333333333333,0.6150658092878931
CHEMBL3895917,CHEMBL3895917,CCc1cn2c(-c3ccccc3)c(-c3ccc(C4(N)CCC4)cc3)nc2c(OC)n1,,6.96,2,6.96,6.96,IC50,B,cell-based format,cell_based,8;9,D;H,2016,,398.5100000000002,4.972200000000004,65.44,1,4,5,5,4,0.28,0.5152828191750057
CHEMBL1823656,CHEMBL1823656,O=C(N[C@H](c1ccc(Cl)c(Cl)c1)C1CNC1)c1ccc2cnccc2c1,,6.96,1,6.96,6.96,IC50,B,single protein format,single_protein,8,H,2011,,386.28200000000015,4.232100000000003,54.02,2,3,4,4,3,0.2,0.705688993222725
CHEMBL3684425,CHEMBL3684425,Cc1cccc(S(=O)(=O)NCc2ccc(-c3nnc4n3-c3cccnc3Nc3ccccc3-4)cc2)c1,,6.96,2,6.96,6.96,IC50,B,single protein format,single_protein,8;9,D;H,2013,,494.58000000000015,4.840220000000003,101.8,2,6,5,6,5,0.07407407407407407,0.3556238529300541
CHEMBL1800386,CHEMBL1800386,CCC[C@H](NC(=O)[C@H](CCCNC(=N)N)NC(=O)CN(CCCCCCN)C(=O)[C@@H](N)CCCNC(=N)N)C(=O)N[C@@H](Cc1ccc(O)cc1)C(=O)N[C@@H](CN)C(=O)N[C@@H](CCC(C)C)C(=O)N(CCCN)CC(N)=O,,6.96,1,6.96,6.96,IC50,B,single protein format,single_protein,8,H,2011,,1075.3759999999997,-3.5820600000000207,477.3199999999999,17,15,40,1,1,0.673469387755102,0.01716398423123718
CHEMBL2177835,CHEMBL2177835,Nc1ncccc1-c1nc2ccc(-c3ccccc3)nc2n1-c1ccc(CNC(=O)c2ccccc2)cc1,,6.96,4,6.39,7.62,IC50,B,cell-based format,cell_based,8;9,D;H,2012,,496.57400000000024,5.661700000000003,98.72,2,5,6,6,6,0.03225806451612903,0.30994298175720686
CHEMBL5879349,CHEMBL5879349,COC(=O)c1cc(-c2ncc[nH]2)c2nc(-c3ccc(C4(N)CCC4)cc3)c(-c3ccccc3)n2n1,,6.96,1,6.96,6.96,IC50,B,single protein format,single_protein,8,H,2017,,464.5290000000003,4.577900000000002,111.19,2,6,5,6,5,0.18518518518518517,0.3684810493009044
CHEMBL521638,CHEMBL521638,O=C1C[C@H]2O[C@H](c3ccsc3)C3=C(C(=O)c4ccccc4C3=O)[C@H]2O1,,6.955,2,6.91,7.0,IC50,B,single protein format,single_protein,8,H,2009,,352.3670000000001,2.8793000000000006,69.67,0,6,1,5,2,0.21052631578947367,0.7383243882593429
CHEMBL3672014,CHEMBL3672014,Cc1nc2nc(-c3ccc(CN4CCC(c5nc6ccc(F)cc6[nH]5)CC4)cc3)c(-c3ccccc3)cn2n1,,6.95,2,6.95,6.95,IC50,B,cell-based format,cell_based,9,D,2015,,517.6120000000001,6.161720000000006,75.0,1,5,5,7,6,0.22580645161290322,0.2963923425035625
CHEMBL3699742,CHEMBL3699742,NC1(c2ccc(-c3nc4cc(Cl)ccn4c3-c3ccccc3)cc2)CCC1,,6.95,2,6.95,6.95,IC50,B,single protein format,single_protein,8;9,D;H,2015,,373.88700000000017,5.659600000000003,43.31999999999999,1,2,3,5,4,0.17391304347826086,0.5031616446459027
CHEMBL6013292,CHEMBL6013292,C=CC(=O)Nc1ccc(N2CCN(Cc3ccc(-c4nc5cc[nH]c(=O)c5cc4-c4ccccc4)cc3)CC2)cc1,,6.945,4,6.31,7.18,IC50;Kd;Ki,B,single protein format,single_protein,8,H,2020,,541.6550000000001,5.703800000000005,81.33000000000001,2,5,7,6,5,0.14705882352941177,0.25834970891100795
CHEMBL2151934,CHEMBL2151934,COc1cc(NC(=O)Cc2nc(N3CCOCC3)cc(=O)n2C)ccc1F,,6.94,2,6.94,6.94,IC50,B,assay format;cell-based format,cell_based,8;9,D;H,2015,,376.38800000000003,0.9458000000000002,85.69,1,6,5,3,2,0.3888888888888889,0.8362332448344572
CHEMBL447558,CHEMBL447558,Nc1ccc(-c2nnc(C3CCN(Cc4ccc(-c5nc6nc(N7CCN(CCO)CC7)ccc6nc5-c5ccccc5)cc4)CC3)[nH]2)cn1,,6.94,1,6.94,6.94,IC50,B,single protein format,single_protein,8,H,2008,,667.8220000000002,4.615000000000004,149.10000000000002,3,11,9,8,6,0.3157894736842105,0.1984240996707471
CHEMBL1258216,CHEMBL1258216,N[C@H](Cc1ccc(Cl)cc1)C(=O)N1CCN(c2ncnc3cc[nH]c23)CC1,,6.94,1,6.94,6.94,IC50,B,single protein format,single_protein,8,H,2010,,384.8710000000001,1.8299,91.14000000000001,2,5,4,4,3,0.3157894736842105,0.715672416786714
CHEMBL2375959,CHEMBL2375959,Cc1nc(N)nc2c1cc(-c1cnc3ccccc3c1)c(=O)n2[C@H]1CC[C@@H](OCC(N)=O)CC1,,6.94,1,6.94,6.94,IC50,B,cell-based format,cell_based,9,D,2013,,458.5220000000004,2.8829200000000004,139.01,2,7,5,5,4,0.32,0.46862381752955
CHEMBL2151926,CHEMBL2151926,O=C(Cc1nc(N2CCOCC2)cc(=O)[nH]1)Nc1ccc(F)c(Cl)c1,,6.94,2,6.94,6.94,IC50,B,assay format;cell-based format,cell_based,8;9,D;H,2015,,366.7800000000001,1.5801999999999998,87.32000000000001,2,5,4,3,2,0.3125,0.857482510235176
CHEMBL4171390,CHEMBL4171390,CCOC(=O)c1c(C)nc(NNC(=O)c2cccc3c(=O)c4ccccc4[nH]c23)nc1-c1ccc(OC)c(OC)c1,,6.94,1,6.94,6.94,IC50,B,single protein format,single_protein,9,D,2017,,553.5750000000003,4.397520000000003,144.52999999999997,3,9,8,5,5,0.16666666666666666,0.14464303870645404
CHEMBL3908482,CHEMBL3908482,CC1Cc2c(Cl)cccc2N1C(=O)Cc1nc(N2CCOCC2)cc(=O)n1C,,6.9399999999999995,4,6.62,7.26,IC50,B,assay format;cell-based format,cell_based,8,H,2015,,402.88200000000023,1.7905999999999993,67.67,0,5,3,4,2,0.45,0.7826001365650828
CHEMBL1822057,CHEMBL1822057,CC(=O)Nc1cn2cc(-c3cnc(Cl)c(NS(=O)(=O)c4ccc(F)cc4)c3)ccc2n1,,6.93,1,6.93,6.93,IC50,B,cell-based format,cell_based,9,D,2011,,459.89000000000016,3.948000000000002,105.46,2,5,5,4,4,0.05,0.43950442358853287
CHEMBL1258442,CHEMBL1258442,N[C@H](Cc1ccc(F)cc1)C(=O)N1CCN(c2ncnc3ccccc23)CC1,,6.93,1,6.93,6.93,IC50,B,single protein format,single_protein,8,H,2010,,379.43900000000014,1.9874999999999996,75.35000000000001,1,5,4,4,3,0.2857142857142857,0.7503485876371437
CHEMBL2035029,CHEMBL2035029,NC1(c2ccc(-c3ncc4cnccc4c3-c3ccccc3)cc2)CCC1,,6.93,1,6.93,6.93,IC50,B,single protein format,single_protein,8,H,2012,,351.45300000000015,5.301700000000003,51.8,1,3,3,5,4,0.16666666666666666,0.5446312438247838
CHEMBL5811366,CHEMBL5811366,C=Cc1cc(-c2cc[nH]n2)c2nc(-c3ccc(C4(N)CCC4)cc3)c(-c3ccccc3)n2n1,,6.92,1,6.92,6.92,IC50,B,single protein format,single_protein,8,H,2017,,432.5310000000002,5.434300000000005,84.89,2,4,5,6,5,0.14814814814814814,0.38753933559170417
CHEMBL3672533,CHEMBL3672533,Cc1ccc(-c2ccc3nn4cc(-c5ccccc5)c(-c5ccc(C6(N)CCC6)cc5)nc4c3c2)cc1,,6.92,2,6.92,6.92,IC50,B,single protein format,single_protein,8;9,D;H,2015,,480.61500000000035,7.529820000000007,56.21,1,3,4,7,6,0.15151515151515152,0.2836668522154519
CHEMBL3978853,CHEMBL3978853,CNCCn1cc(-c2ccnc(C(F)(F)F)c2)nc1C1CCN(c2ncnc(N)c2C2C=NOC2)CC1,,6.92,2,6.92,6.92,IC50,B,single protein format,single_protein,8,H,2015,,515.5440000000002,3.0391000000000012,119.37,2,9,7,5,3,0.4583333333333333,0.49295403638146607
CHEMBL4867186,CHEMBL5028853,NC1(C(=O)N[C@@H](C(=O)NO)c2ccccc2)CCN(c2ncnc3[nH]ccc23)CC1,,6.92,1,6.92,6.92,IC50,B,single protein format,single_protein,9,D,2021,,409.45000000000016,0.6185000000000007,149.26,5,7,5,4,3,0.3,0.30618690833798234
CHEMBL3684420,CHEMBL3684420,O=C(NCCc1ccc(-c2nnc3n2-c2cccnc2Nc2ccccc2-3)cc1)Nc1ccccc1,,6.92,2,6.92,6.92,IC50,B,single protein format,single_protein,8;9,D;H,2013,,473.54000000000013,5.417500000000003,96.76,3,5,5,6,5,0.07142857142857142,0.31078058728926694
CHEMBL1823642,CHEMBL1823642,O=C(NC(c1cccc(Cl)c1Cl)C1CCNCC1)c1ccc2cnccc2c1,,6.92,1,6.92,6.92,IC50,B,single protein format,single_protein,8,H,2011,,414.3360000000001,5.012300000000003,54.02,2,3,4,4,3,0.2727272727272727,0.6310506884738903
CHEMBL3639832,CHEMBL3639832,Cc1cc(C(=O)Nc2ccc(-c3nnc4n3-c3cccnc3Nc3ccccc3-4)cc2)no1,,6.92,2,6.92,6.92,IC50,B,single protein format,single_protein,8;9,D;H,2013,,435.4470000000001,4.602020000000002,110.76,2,7,3,6,5,0.041666666666666664,0.41778903701683384
CHEMBL3684427,CHEMBL3684427,O=S(=O)(NCc1ccc(-c2nnc3n2-c2cccnc2Nc2ccccc2-3)cc1)c1ccc(F)cc1,,6.92,2,6.92,6.92,IC50,B,single protein format,single_protein,8;9,D;H,2013,,498.5430000000002,4.670900000000003,101.8,2,6,5,6,5,0.038461538461538464,0.3582142198782708
CHEMBL3942235,CHEMBL3942235,C[C@@H]1Cc2ccccc2N1C(=O)Cc1nc(N2CCOCC2)c(F)c(=O)n1C,,6.92,2,6.92,6.92,IC50,B,assay format;cell-based format,cell_based,8,H,2015,,386.4270000000001,1.2763,67.67,0,5,3,4,2,0.45,0.7950069166021762
CHEMBL3696284,CHEMBL3696284,CC(C)(C)OC(=O)n1ccc2c(NC(=O)Cc3nc(N4CCOCC4)cc(=O)[nH]3)cccc21,,6.92,2,6.92,6.92,IC50,B,assay format;cell-based format,cell_based,8;9,D;H,2015,,453.49900000000025,2.5256,118.54999999999998,2,7,4,4,3,0.391304347826087,0.6230730806494332
CHEMBL401622,CHEMBL401622,Cn1nc(N)c2cc(-c3ccccc3)c(-c3ccc(CN4CCC(n5c(=O)[nH]c6ccccc65)CC4)cc3)nc21,,6.92,1,6.92,6.92,IC50,B,single protein format,single_protein,9,D,2008,,529.6480000000003,5.364600000000005,97.76,2,5,5,7,6,0.21875,0.3131754989943787
CHEMBL3684414,CHEMBL3684414,Cn1ccc(S(=O)(=O)NCc2ccc(-c3nnc4n3-c3cccnc3Nc3ccccc3-4)cc2)n1,,6.92,2,6.92,6.92,IC50,B,single protein format,single_protein,8;9,D;H,2013,,484.5450000000002,3.2653000000000016,119.62,2,7,5,6,5,0.08333333333333333,0.3853693761083141
CHEMBL3940823,CHEMBL3940823,NC(=O)c1c(N)ncnc1N1CCC(c2nc(-c3ccc(F)c(F)c3)cn2CCN2CCCC2)CC1,,6.92,2,6.92,6.92,IC50,B,single protein format,single_protein,8,H,2015,,496.5660000000004,2.7792000000000003,119.18999999999998,2,7,7,5,3,0.44,0.5162218928102887
CHEMBL381075,CHEMBL381075,Nc1cc(/C=C/c2cncc(OC[C@@H](N)Cc3c[nH]c4ccccc34)c2)ccn1,,6.92,1,6.92,6.92,IC50,B,single protein format,single_protein,9,D,2006,,385.47100000000006,3.6593000000000018,102.83999999999999,3,5,7,4,4,0.13043478260869565,0.45044406845558305
CHEMBL5917794,CHEMBL5917794,NC1(c2ccc(-c3nc4ccc(C(F)(F)F)nn4c3-c3ccccc3)cc2)CCC1,,6.92,1,6.92,6.92,IC50,B,single protein format,single_protein,8,H,2017,,408.4270000000002,5.4200000000000035,56.209999999999994,1,3,3,5,4,0.21739130434782608,0.4924771040854894
CHEMBL3112592,CHEMBL3112592,O=C(Cc1nc(N2CCOCC2)cc(=O)[nH]1)N1CCc2cc(Cl)ccc21,,6.91,2,6.91,6.91,IC50,B,assay format;cell-based format,cell_based,8;9,D;H,2015,,374.82800000000015,1.3917,78.53,1,5,3,4,2,0.3888888888888889,0.8779960155077944
CHEMBL3699787,CHEMBL3699787,Cn1c(CC(=O)N2CCc3ccc(F)cc32)nc(N2CCOCC2)cc1=O,,6.91,2,6.91,6.91,IC50,B,assay format;cell-based format,cell_based,8;9,D;H,2015,,372.40000000000026,0.8877999999999997,67.67000000000002,0,5,3,4,2,0.42105263157894735,0.8005212572864436
CHEMBL402579,CHEMBL402579,Cc1nc2ccccc2n1C1CCN(Cc2ccc(-c3nc4ncnc(N)c4cc3-c3ccccc3)cc2)CC1,,6.91,2,6.66,7.16,IC50,B,cell-based format;single protein format,mixed,9,D,2008,,525.6600000000002,6.436220000000006,85.75,1,6,5,7,6,0.21212121212121213,0.2789166278545867
CHEMBL209564,CHEMBL209564,N[C@H](COc1cncc(-c2ccc3cnc(-c4ccncc4)cc3c2)c1)Cc1c[nH]c2ccccc12,,6.91,1,6.91,6.91,IC50,B,single protein format,single_protein,9,D,2006,,471.5640000000002,5.7889000000000035,89.71000000000001,2,5,7,6,6,0.1,0.30762492250492773
CHEMBL1632385,CHEMBL1632385,CC(C)NC[C@@H](Cc1ccc(Cl)cc1)C(=O)N1CCN(c2ncnc3c2[C@H](C)SC3)CC1,,6.9,1,6.9,6.9,IC50,B,single protein format,single_protein,8,H,2010,,474.07400000000035,3.9433000000000034,61.36000000000001,1,6,7,4,2,0.5416666666666666,0.6567217785269358
CHEMBL506153,CHEMBL506153,CCn1c(-c2nonc2N)nc2cncc(C(=O)NCCNC)c21,GW876790X,6.9,1,6.9,6.9,IC50,B,single protein format,single_protein,9,D,2008,,330.3520000000001,0.03260000000000002,136.78,3,8,6,3,3,0.35714285714285715,0.5384745031195592
CHEMBL2151935,CHEMBL2151935,Cn1c(CC(=O)Nc2ccc(F)c(Cl)c2)nc(N2CCOCC2)cc1=O,,6.9,4,6.7,7.1,IC50,B,assay format;cell-based format,cell_based,8;9,D;H,2015,,380.80700000000024,1.5906,76.46000000000001,1,5,4,3,2,0.35294117647058826,0.871321289874276
CHEMBL389468,CHEMBL389468,Cc1n[nH]c2ccc(-c3cncc(OC[C@@H](N)Cc4cccc(-c5ccccc5)c4)c3)cc12,,6.9,1,6.9,6.9,IC50,B,single protein format,single_protein,9,D,2007,,434.54300000000006,5.549120000000004,76.82,2,4,7,5,5,0.14285714285714285,0.35210099625072894
CHEMBL1632389,CHEMBL1632389,Cc1ccc(CC(CNC(C)C)C(=O)N2CCN(c3ncnc4c3[C@H](C)OC4)CC2)cc1,,6.9,2,6.0,7.8,IC50,B,cell-based format;single protein format,mixed,8,H,2010,,437.58800000000025,2.8817200000000005,70.59,1,6,7,4,2,0.56,0.7183332254412187
CHEMBL1987756,CHEMBL1987756,O=S(=O)(NCCNCC=Cc1ccc(Br)cc1)c1cccc2cnccc12,,6.9,1,6.9,6.9,Ki,F,assay format,other,8,H,,,446.3700000000001,3.5786000000000024,71.09,2,4,8,3,3,0.15,0.5193465752944636
CHEMBL502113,CHEMBL502113,O=c1ccc(-c2nnc(C3CCN(Cc4ccc(-c5nc6nc(N7CCN(CCO)CC7)ncc6cc5-c5ccccc5)cc4)CC3)[nH]2)c[nH]1,,6.9,1,6.9,6.9,IC50,B,single protein format,single_protein,8,H,2008,,668.8060000000003,4.326100000000002,143.04999999999998,3,10,9,8,6,0.3157894736842105,0.20385716236289034
CHEMBL539474,CHEMBL539474,O=C1CCCN1Cc1ccc2c(c1)[nH]c(=O)c1cccn12,,6.9,1,6.9,6.9,Ki,F,assay format,other,8,H,,,281.315,1.9031999999999998,57.58,1,2,2,4,3,0.25,0.7797033053485777
CHEMBL3983824,CHEMBL3983824,Cn1c(CC(=O)Nc2ccc(F)c(Cl)c2)nc(N2CCOC(CF)C2)cc1=O,,6.9,2,6.9,6.9,IC50,B,assay format;cell-based format,cell_based,8,H,2015,,412.82400000000024,1.9286999999999999,76.46000000000001,1,5,5,3,2,0.3888888888888889,0.8117114624139369
CHEMBL1972840,CHEMBL1972840,NC(COc1cncc(-c2cc3cnccc3s2)c1)Cc1c[nH]c2ccccc12,,6.9,1,6.9,6.9,Ki,F,assay format,other,8,H,,,400.5070000000001,4.788400000000003,76.82,2,5,6,5,5,0.13043478260869565,0.42964992091249243
CHEMBL252457,CHEMBL252457,CSc1ncc2cc(-c3ccccc3)c(-c3ccc(CN4CCC(C(N)=O)CC4)cc3)nc2n1,,6.895,2,6.25,7.54,IC50,B,cell-based format;single protein format,mixed,8;9,D;H,2008,,469.6140000000004,4.778000000000004,85.00000000000001,1,6,6,5,4,0.25925925925925924,0.32318173994247607
CHEMBL3909262,CHEMBL3909262,CCc1c(N)ncnc1N1CCC(c2nc(-c3ccc(F)cc3)cn2CCN2CC3(COC3)C2)CC1,,6.89,2,6.89,6.89,IC50,B,single protein format,single_protein,8,H,2015,,491.6150000000004,3.3400000000000025,85.33000000000001,1,7,7,6,3,0.5185185185185185,0.5425932804200005
CHEMBL2151932,CHEMBL2151932,Cn1c(CC(=O)Nc2ccc(F)c(F)c2)nc(N2CCOCC2)cc1=O,,6.89,2,6.89,6.89,IC50,B,assay format;cell-based format,cell_based,8;9,D;H,2015,,364.3520000000002,1.0763,76.46000000000001,1,5,4,3,2,0.35294117647058826,0.878565094353358
CHEMBL3699698,CHEMBL3699698,CCOc1cccn2c(-c3ccccc3)c(-c3ccc(C4(N)CCC4)cc3)nc12,,6.89,2,6.89,6.89,IC50,B,single protein format,single_protein,8;9,D;H,2015,,383.49500000000023,5.404900000000005,52.55,1,3,5,5,4,0.24,0.5015836855281987
CHEMBL5796851,CHEMBL5796851,COc1ccnn2c(-c3ccccc3)c(-c3ccc(C4(N)CCC4)cc3)nc12,,6.89,1,6.89,6.89,IC50,B,single protein format,single_protein,8,H,2017,,370.45600000000024,4.409800000000003,65.44,1,4,4,5,4,0.21739130434782608,0.5778161524845822
CHEMBL3684528,CHEMBL3684528,NC1(c2ccc(-c3nnc4n3-c3cccnc3Nc3ccc(Br)cc3-4)cc2)CCC1,,6.89,2,6.89,6.89,IC50,B,single protein format,single_protein,8;9,D;H,2013,,459.3510000000002,5.153700000000002,81.65,2,5,2,6,4,0.17391304347826086,0.3815481002113001
CHEMBL3672482,CHEMBL3672482,N#Cc1ccc(-c2cnc3cc(-c4ccccc4)c(-c4ccc(C5(N)CCC5)cc4)nn23)cc1,,6.89,2,6.89,6.89,IC50,B,cell-based format,cell_based,9,D,2015,,441.53800000000024,5.939880000000006,80.0,1,4,4,6,5,0.13793103448275862,0.3742340900094348
CHEMBL3977191,CHEMBL3977191,Nc1ncnc(N2CCC(c3nc(-c4ccc(F)c(C(F)(F)F)c4)cn3CCN3CCCCC3)CC2)c1-c1ccccc1F,,6.89,2,6.89,6.89,IC50,B,single protein format,single_protein,8,H,2015,,611.6630000000004,6.756200000000006,76.10000000000001,1,6,7,6,4,0.40625,0.23304474814553647
CHEMBL505758,CHEMBL505758,CN(C)CCNc1ncc2cc(-c3ccccc3)c(-c3ccc(CN4CCC(c5nnc(-c6ccccn6)[nH]5)CC4)cc3)nc2n1,,6.89,2,6.68,7.1,IC50,B,cell-based format;single protein format,mixed,8,H,2008,,610.7700000000001,5.892000000000005,111.63999999999999,2,9,10,7,6,0.2777777777777778,0.1960588367380708
CHEMBL3896518,CHEMBL3896518,NC(=O)c1ccc(NC2CNCCC2c2ccc(Cl)c(F)c2)c2cncnc12,,6.89,2,6.89,6.89,IC50,B,single protein format,single_protein,8,H,2015,,399.8570000000001,3.078800000000002,92.93,3,5,4,4,3,0.25,0.626561066295818
CHEMBL1800389,CHEMBL1800389,CCC[C@H](NC(=O)[C@H](CCCNC(=N)N)NC(=O)CN(CCCCN)C(=O)[C@@H](N)CCCNC(=N)N)C(=O)N[C@@H](Cc1ccc(O)cc1)C(=O)N[C@@H](CN)C(=O)N[C@@H](CCC(C)C)C(=O)N(CCCCN)CC(N)=O,,6.89,1,6.89,6.89,IC50,B,single protein format,single_protein,8,H,2011,,1061.3489999999997,-3.9721600000000183,477.3199999999999,17,15,39,1,1,0.6666666666666666,0.016986362482828428
CHEMBL3684360,CHEMBL3684360,O=C(Nc1ccc(-c2nnc3n2-c2cccnc2Nc2ccccc2-3)cc1)c1ccco1,,6.89,2,6.89,6.89,IC50,B,single protein format,single_protein,8;9,D;H,2013,,420.43200000000013,4.898600000000003,97.87,2,6,3,6,5,0.0,0.42265417196922067
CHEMBL3913464,CHEMBL3913464,N#Cc1c(N)ncnc1N1CCC(c2nc(-c3ccc(F)c(C(F)(F)F)c3)cn2CCO)CC1,,6.89,2,6.89,6.89,IC50,B,single protein format,single_protein,8,H,2015,,475.4500000000002,3.3281800000000015,116.88000000000001,2,7,5,4,3,0.36363636363636365,0.5438733149613381
CHEMBL5814250,CHEMBL5814250,NC1(c2ccc(-c3nc4ccc(C(=O)NCCO)nn4c3-c3ccccc3)cc2)CCC1,,6.89,1,6.89,6.89,IC50,B,single protein format,single_protein,8,H,2017,,427.5080000000002,3.1233000000000013,105.53999999999999,3,5,6,5,4,0.24,0.43844353189088614
CHEMBL255360,CHEMBL255360,Nc1ncnc2nc(-c3ccc(CN4CCC(n5cnc6c(N)ncnc65)CC4)cc3)c(-c3ccccc3)cc12,,6.89,1,6.89,6.89,IC50,B,single protein format,single_protein,9,D,2008,,528.6240000000003,4.500000000000003,137.54999999999998,2,9,5,7,6,0.2,0.33112727358148664
CHEMBL4435138,CHEMBL4594637,Cn1ncc(Cl)c1-c1cc(C(=O)N[C@H]2CNCC[C@@H]2c2ccc(C(F)(F)F)cc2)oc1Cl,,6.89,1,6.89,6.89,IC50,B,assay format,other,9,D,2019,,487.3090000000002,4.881200000000003,72.09,2,4,4,4,3,0.3333333333333333,0.5505853479471149
CHEMBL1800388,CHEMBL1800388,CCC[C@H](NC(=O)[C@H](CCCNC(=N)N)NC(=O)CN(CCCN)C(=O)[C@@H](N)CCCNC(=N)N)C(=O)N[C@@H](Cc1ccc(O)cc1)C(=O)N[C@@H](CN)C(=O)N[C@@H](CCC(C)C)C(=O)N(CCCCN)CC(N)=O,,6.89,1,6.89,6.89,IC50,B,single protein format,single_protein,8,H,2011,,1047.3219999999994,-4.362260000000017,477.3199999999999,17,15,38,1,1,0.6595744680851063,0.016903131719818235
CHEMBL3684433,CHEMBL3684433,COc1cccc(NC(=O)NCc2ccc(-c3nnc4n3-c3cccnc3Nc3ccccc3-4)cc2)c1,,6.89,2,6.89,6.89,IC50,B,single protein format,single_protein,8;9,D;H,2013,,489.53900000000016,5.383600000000003,105.99,3,6,5,6,5,0.07142857142857142,0.3001030238606879
CHEMBL1800268,CHEMBL1800268,CCC[C@H](NC(=O)[C@H](CCCNC(=N)N)NC(=O)CN(CCCN)C(=O)[C@@H](N)CCCNC(=N)N)C(=O)N[C@@H](Cc1ccc(O)cc1)C(=O)N[C@@H](CN)C(=O)N[C@@H](CCC(C)C)C(=O)N(CCCN)CC(N)=O,,6.89,1,6.89,6.89,IC50,B,single protein format,single_protein,8,H,2011,,1033.2949999999994,-4.752360000000014,477.3199999999999,17,15,37,1,1,0.6521739130434783,0.016902348630025252
CHEMBL3703105,CHEMBL3703105,NC1(c2ccc(-c3nc4cc(-c5cccnc5)ccn4c3-c3ccccc3)cc2)CCC1,,6.89,2,6.89,6.89,IC50,B,single protein format,single_protein,8;9,D;H,2015,,416.52800000000025,6.0682000000000045,56.209999999999994,1,3,4,6,5,0.14285714285714285,0.3868824191309228
CHEMBL3672534,CHEMBL3672534,COC(=O)c1cccc(-c2ccc3nn4cc(-c5ccccc5)c(-c5ccc(C6(N)CCC6)cc5)nc4c3c2)c1,,6.89,2,6.89,6.89,IC50,B,single protein format,single_protein,8;9,D;H,2015,,524.6240000000004,7.008000000000006,82.50999999999999,1,5,5,7,6,0.14705882352941177,0.2454139736247215
CHEMBL3696280,CHEMBL3696280,O=C(Cc1nc(N2CCOCC2)cc(=O)[nH]1)Nc1ccc(F)cc1Br,,6.88,2,6.88,6.88,IC50,B,assay format;cell-based format,cell_based,8;9,D;H,2015,,411.23100000000005,1.6892999999999996,87.32000000000001,2,5,4,3,2,0.3125,0.7999830858470667
CHEMBL3112690,CHEMBL3112690,O=C(Cc1nc(N2CCOCC2)cc(=O)[nH]1)N1CCc2ccccc21,,6.88,2,6.88,6.88,IC50,B,assay format;cell-based format,cell_based,8;9,D;H,2015,,340.3830000000001,0.7383000000000004,78.53,1,5,3,4,2,0.3888888888888889,0.8915203639754551
CHEMBL3696292,CHEMBL3696292,Cn1c(CC(=O)Nc2cccc(C3CC3)c2)nc(N2CCOCC2)cc1=O,,6.88,2,6.88,6.88,IC50,B,assay format;cell-based format,cell_based,8;9,D;H,2015,,368.43700000000024,1.6755,76.46000000000001,1,5,5,4,2,0.45,0.8689029215437976
CHEMBL255559,CHEMBL255559,Nc1nn(CCO)c2nc(-c3ccc(CN4CCC(n5c(=O)[nH]c6ccccc65)CC4)cc3)c(-c3ccccc3)cc12,,6.88,1,6.88,6.88,IC50,B,single protein format,single_protein,9,D,2008,,559.6740000000002,4.819900000000003,117.98999999999998,3,6,7,7,6,0.24242424242424243,0.2581848036848119
CHEMBL3703119,CHEMBL3703119,NC1(c2ccc(-c3nc4cc(C(=O)NO)ccn4c3-c3ccccc3)cc2)CCC1,,6.88,2,6.88,6.88,IC50,B,single protein format,single_protein,8;9,D;H,2015,,398.4660000000002,4.125200000000003,92.64999999999999,3,4,4,5,4,0.16666666666666666,0.3560204434750677
CHEMBL3932244,CHEMBL3932244,Nn1c(CC(=O)N2CCc3ccccc32)nc(N2CCOCC2)cc1=O,,6.88,2,6.88,6.88,IC50,B,assay format;cell-based format,cell_based,8,H,2015,,355.39800000000025,-0.07450000000000045,93.69,1,6,3,4,2,0.3888888888888889,0.7746633011915421
CHEMBL3696258,CHEMBL3696258,Cc1cccc(NC(=O)Cc2nc(N3CCOCC3)cc(=O)[nH]2)c1F,,6.88,4,6.54,7.22,IC50,B,assay format;cell-based format,cell_based,8;9,D;H,2015,,346.362,1.2352199999999998,87.32,2,5,4,3,2,0.35294117647058826,0.8696002214430152
CHEMBL5221128,CHEMBL5221128,Cc1ncsc1-c1ccc([C@H](C)NC(=O)[C@@H]2C[C@@H](O)CN2C(=O)[C@@H](NC(=O)CCCCCCCCCCNC(=O)CCc2cccc(-c3ccc4nc(-c5cccnc5N)n(-c5ccc(C6(N)CCC6)cc5)c4n3)c2)C(C)(C)C)cc1,,6.869999999999999,2,6.1,7.64,EC50;IC50,B,cell-based format;single protein format,mixed,9,D,2022,,1114.474999999999,10.431319999999992,236.37,6,12,24,9,7,0.4375,0.03113844930033633
CHEMBL5872740,CHEMBL5872740,CNC[C@@H](Nc1ncnc2c(C(N)=O)ccnc12)c1cc(F)cc(C(F)(F)F)c1,,6.865,2,6.52,7.21,IC50,B,single protein format,single_protein,8,H,2018;2019,,408.35900000000004,2.6542000000000012,105.82000000000001,3,6,6,3,3,0.2222222222222222,0.5418087225904629
CHEMBL5800405,CHEMBL5800405,CN(C)C[C@@H](Nc1ncnc2c(C(N)=O)ccnc12)c1ccc(Cl)c(F)c1,,6.865,2,6.52,7.21,IC50,B,single protein format,single_protein,8,H,2018;2019,,388.83400000000006,2.6310000000000002,97.02999999999999,2,6,6,3,3,0.2222222222222222,0.6733697622680194
CHEMBL5975542,CHEMBL5975542,CCNC[C@@H](Nc1ncnc2c(C(N)=O)ccnc12)c1ccc(Cl)c(C(F)(F)F)c1,,6.865,2,6.52,7.21,IC50,B,single protein format,single_protein,8,H,2018;2019,,438.84100000000007,3.558600000000001,105.82000000000001,3,6,7,3,3,0.2631578947368421,0.5205589099725497
CHEMBL5862934,CHEMBL5862934,CNC[C@@H](Nc1ncnc2c(C(N)=O)ccnc12)c1ccc(C(F)(F)F)cc1,,6.865,2,6.52,7.21,IC50,B,single protein format,single_protein,8,H,2018;2019,,390.369,2.5151000000000012,105.82000000000001,3,6,6,3,3,0.2222222222222222,0.5972886002206136
CHEMBL270640,CHEMBL270640,CCc1nc2cnc3ccc(C#Cc4cccnc4)cc3c2n1-c1ccc(CC#N)cc1,,6.86,1,6.86,6.86,IC50,B,cell-based format,cell_based,9,D,2008,,413.4840000000002,4.996980000000004,67.39,0,4,3,5,5,0.1111111111111111,0.390609900224604
CHEMBL4878473,CHEMBL5029049,Cn1ncc(Br)c1-c1cc(F)c(C(=O)N[C@@H]2CNCC[C@H]2c2ccc(F)c(F)c2)c(Cl)c1,,6.86,1,6.86,6.86,IC50,B,cell-based format,cell_based,9,D,2021,,527.7720000000002,4.795800000000004,58.95,2,3,4,4,3,0.2727272727272727,0.512736512740406
CHEMBL3703139,CHEMBL3703139,COc1cc(-c2cnc[nH]2)cn2c(-c3ccccc3)c(-c3ccc(C4(N)CCC4)cc3)nc12,,6.86,2,6.86,6.86,IC50,B,single protein format,single_protein,8;9,D;H,2015,,435.5310000000003,5.404900000000005,81.22999999999999,2,4,5,6,5,0.18518518518518517,0.38700968878386377
CHEMBL252055,CHEMBL252055,CSc1ncc2cc(-c3ccccc3)c(-c3ccc(CNCCc4nc[nH]n4)cc3)nc2n1,,6.86,1,6.86,6.86,IC50,B,single protein format,single_protein,8,H,2008,,453.5750000000002,4.531100000000003,92.27000000000001,2,7,8,5,5,0.16,0.20252815750941752
CHEMBL252259,CHEMBL252259,CSc1ncc2cc(-c3ccccc3)c(-c3ccc(CNCCCn4ccnc4)cc3)nc2n1,,6.86,1,6.86,6.86,IC50,B,single protein format,single_protein,8,H,2008,,466.61400000000026,5.457100000000006,68.52000000000001,1,6,9,5,5,0.18518518518518517,0.17680170663225192
CHEMBL404024,CHEMBL404024,CC(C#N)c1ccc(-n2cnc3cnc4ccc(C#Cc5cccnc5)cc4c32)cc1,,6.86,1,6.86,6.86,IC50,B,cell-based format,cell_based,9,D,2008,,399.4570000000001,4.995580000000004,67.39,0,4,2,5,5,0.07692307692307693,0.39205547855916867
CHEMBL3696272,CHEMBL3696272,O=C(Cc1nc(N2CCOCC2)cc(=O)[nH]1)Nc1cccc(I)c1,,6.86,2,6.86,6.86,IC50,B,assay format;cell-based format,cell_based,8;9,D;H,2015,,440.24100000000004,1.3922999999999999,87.32000000000001,2,5,4,3,2,0.3125,0.7024695855096044
CHEMBL5764446,CHEMBL5764446,CNC[C@@H](Nc1ncnc2c(C(N)=O)ccnc12)c1cc(F)c(OC)cc1F,,6.859999999999999,2,6.52,7.2,IC50,B,single protein format,single_protein,8,H,2018;2019,,388.3780000000001,1.7831000000000001,115.05000000000001,3,7,7,3,3,0.2222222222222222,0.565089328520483
CHEMBL5822704,CHEMBL5822704,CCNC[C@@H](Nc1ncnc2c(C(N)=O)ccnc12)c1cc(F)cc(C(F)(F)F)c1,,6.859999999999999,2,6.52,7.2,IC50,B,single protein format,single_protein,8,H,2018;2019,,422.3860000000001,3.0443000000000007,105.82000000000001,3,6,7,3,3,0.2631578947368421,0.5056775384048232
CHEMBL5975569,CHEMBL5975569,CC(C)NC[C@@H](Nc1ncnc2c(C(N)=O)ccnc12)c1ccc(F)c(C(F)(F)F)c1,,6.859999999999999,2,6.52,7.2,IC50,B,single protein format,single_protein,8,H,2018;2019,,436.41300000000007,3.4328000000000003,105.82000000000001,3,6,7,3,3,0.3,0.4902895699540519
CHEMBL5954343,CHEMBL5954343,CC(C)NC[C@@H](Nc1ncnc2c(C(N)=O)ccnc12)c1ccc(Cl)c(C(F)(F)F)c1,,6.859999999999999,2,6.52,7.2,IC50,B,single protein format,single_protein,8,H,2018;2019,,452.8680000000001,3.9471000000000016,105.82000000000001,3,6,7,3,3,0.3,0.5009883628824583
CHEMBL1823652,CHEMBL1823652,O=C(NC(c1ccc(Cl)c(Cl)c1)C1CCNCC1)c1ccc2cnc(Cl)cc2c1,,6.85,1,6.85,6.85,IC50,B,single protein format,single_protein,8,H,2011,,448.7810000000001,5.665700000000004,54.02,2,3,4,4,3,0.2727272727272727,0.5059178188131487
CHEMBL1823644,CHEMBL1823644,O=C(NC(c1cnc(Cl)c(Cl)c1)C1CCNCC1)c1ccc2cnccc2c1,,6.85,1,6.85,6.85,IC50,B,single protein format,single_protein,8,H,2011,,415.3240000000002,4.407300000000003,66.91,2,4,4,4,3,0.2857142857142857,0.620004923652272
CHEMBL2177834,CHEMBL2177834,CC(=O)Nc1cccc(-c2ccc3nc(-c4cccnc4N)n(-c4ccc(CNC(=O)c5ccccc5)cc4)c3n2)c1,,6.85,7,6.04,7.82,IC50,B,cell-based format,cell_based,8;9,D;H,2012,,553.6260000000002,5.620100000000003,127.82000000000001,3,6,7,6,6,0.06060606060606061,0.2354534195184633
CHEMBL3699720,CHEMBL3699720,NC1(c2ccc(-c3nc4c(F)cccn4c3-c3ccccc3)cc2)CCC1,,6.85,2,6.85,6.85,IC50,B,single protein format,single_protein,8;9,D;H,2015,,357.43200000000013,5.145300000000003,43.31999999999999,1,2,3,5,4,0.17391304347826086,0.5512345262394204
CHEMBL1258779,CHEMBL1258779,N[C@H](Cc1ccc(Cl)cc1Cl)C(=O)N1CCN(c2ncnc3ccccc23)CC1,,6.85,1,6.85,6.85,IC50,B,single protein format,single_protein,8,H,2010,,430.3390000000002,3.1552000000000016,75.35000000000001,1,5,4,4,3,0.2857142857142857,0.6885196773337546
CHEMBL3905622,CHEMBL3905622,N#Cc1c(N)ncnc1N1CCC(c2nc(-c3ccccc3F)cn2CCN2CCC2)CC1,,6.85,2,6.85,6.85,IC50,B,single protein format,single_protein,8,H,2015,,446.53400000000033,3.022780000000002,99.89,1,7,6,5,3,0.4166666666666667,0.6211892728891536
CHEMBL4877032,CHEMBL5029017,Cn1ncc(Cl)c1-c1cc(F)c(C(=O)N[C@@H]2CNCC[C@H]2c2ccc(F)c(F)c2)c(Cl)c1,,6.85,1,6.85,6.85,IC50,B,cell-based format,cell_based,9,D,2021,,483.32100000000014,4.686700000000004,58.95,2,3,4,4,3,0.2727272727272727,0.566650730246473
CHEMBL206183,CHEMBL206183,N[C@H](COc1cncc(/C=C/c2ccncc2)c1)Cc1csc2ccccc12,,6.85,1,6.85,6.85,IC50,B,single protein format,single_protein,9,D,2006,,387.5080000000001,4.810500000000004,61.03,1,5,7,4,4,0.13043478260869565,0.49424987632820855
CHEMBL3699723,CHEMBL3699723,NC1(c2ccc(-c3nc4c(C5CC5)cccn4c3-c3ccccc3)cc2)CCC1,,6.85,2,6.85,6.85,IC50,B,single protein format,single_protein,8;9,D;H,2015,,379.5070000000001,5.883600000000004,43.31999999999999,1,2,4,6,4,0.2692307692307692,0.48077623664638536
CHEMBL3985709,CHEMBL3985709,NC(=O)c1c(N)ncnc1N1CCC(c2nc(-c3ccc(F)c(F)c3)cn2CCN2CCC2)CC1,,6.85,2,6.85,6.85,IC50,B,single protein format,single_protein,8,H,2015,,482.5390000000003,2.3891,119.18999999999998,2,7,7,5,3,0.4166666666666667,0.530684137534972
CHEMBL3684531,CHEMBL3684531,NC1(c2ccc(-c3nnc4n3-c3cccnc3Nc3ccccc3-4)cc2)CC1,,6.85,2,6.85,6.85,IC50,B,single protein format,single_protein,8;9,D;H,2013,,366.42800000000017,4.001100000000003,81.65,2,5,2,6,4,0.13636363636363635,0.4934173012651903
CHEMBL3684349,CHEMBL3684349,[C-]#[N+]c1ccc(C(=O)Nc2ccc(-c3nnc4n3-c3cccnc3Nc3ccccc3-4)cc2)cc1,,6.85,2,6.85,6.85,IC50,B,single protein format,single_protein,8;9,D;H,2013,,455.4810000000001,5.856390000000003,89.09,2,5,3,6,5,0.0,0.3265649705666235
CHEMBL3952768,CHEMBL3952768,C[C@H]1Cc2ccccc2N1C(=O)Cc1nc(N2CCOCC2)c(Cl)c(=O)[nH]1,,6.85,2,6.85,6.85,IC50,B,assay format;cell-based format,cell_based,8,H,2015,,388.8550000000001,1.7802,78.53,1,5,3,4,2,0.42105263157894735,0.8666895319374017
CHEMBL3703171,CHEMBL3703171,N#Cc1cc(Cl)c2nc(-c3ccc(C4(N)CCC4)cc3)c(-c3ccccc3)n2c1,,6.85,2,6.85,6.85,IC50,B,single protein format,single_protein,8;9,D;H,2015,,398.89700000000005,5.531280000000004,67.11,1,3,3,5,4,0.16666666666666666,0.49286165825594597
CHEMBL3684424,CHEMBL3684424,COc1cccc(S(=O)(=O)NCc2ccc(-c3nnc4n3-c3cccnc3Nc3ccccc3-4)cc2)c1,,6.85,2,6.85,6.85,IC50,B,single protein format,single_protein,8;9,D;H,2013,,510.5790000000001,4.5404000000000035,111.03000000000002,2,7,6,6,5,0.07407407407407407,0.33839491662321697
CHEMBL1081974,CHEMBL1081974,N[C@H](CNc1ncc(-c2ccc3nnccc3c2)s1)Cc1ccc(C(F)(F)F)cc1,,6.85,1,6.85,6.85,IC50,B,single protein format,single_protein,8,H,2010,,429.4710000000001,4.754000000000003,76.72,2,6,6,4,4,0.19047619047619047,0.46243522327987535
CHEMBL3922944,CHEMBL3922944,CC1Cc2c(F)cccc2N1C(=O)Cc1nc(N2CCOCC2)c(F)c(=O)n1C,,6.85,4,6.69,7.01,IC50,B,assay format;cell-based format,cell_based,8,H,2015,,404.41700000000026,1.4153999999999998,67.67,0,5,3,4,2,0.45,0.7741353703535486
CHEMBL3699680,CHEMBL3699680,COc1ccn2c(-c3ccccc3)c(-c3ccc(C4(N)CCC4)cc3)nc2n1,,6.85,2,6.85,6.85,IC50,B,single protein format,single_protein,8;9,D;H,2015,,370.4560000000002,4.409800000000003,65.44,1,4,4,5,4,0.21739130434782608,0.5778161524845823
CHEMBL3672518,CHEMBL3672518,N#Cc1cccc(-c2ccc3c(c2)nn2cc(-c4ccccc4)c(-c4ccc(C5(N)CCC5)cc4)nc32)c1,,6.85,2,6.85,6.85,IC50,B,single protein format,single_protein,8;9,D;H,2015,,491.5980000000003,7.093080000000006,80.0,1,4,4,7,6,0.12121212121212122,0.285351515324448
CHEMBL3684411,CHEMBL3684411,O=S(=O)(NCc1ccc(-c2nnc3n2-c2cccnc2Nc2ccccc2-3)cc1)c1ccccc1,,6.85,2,6.85,6.85,IC50,B,single protein format,single_protein,8;9,D;H,2013,,480.55300000000017,4.531800000000003,101.8,2,6,5,6,5,0.038461538461538464,0.37589444644154024
CHEMBL3916957,CHEMBL3916957,Nc1ncnc(N2CCC(c3nc(-c4ccc(F)c(C(F)(F)F)c4)cn3CCN3CCCC3)CC2)c1-c1ccc(F)cc1,,6.85,2,6.85,6.85,IC50,B,single protein format,single_protein,8,H,2015,,597.6360000000004,6.366100000000006,76.10000000000001,1,6,7,6,4,0.3870967741935484,0.24987680166701356
CHEMBL3684430,CHEMBL3684430,CC(=O)Nc1ccc(S(=O)(=O)NCc2ccc(-c3nnc4n3-c3cccnc3Nc3ccccc3-4)cc2)cc1,,6.85,2,6.85,6.85,IC50,B,single protein format,single_protein,8;9,D;H,2013,,537.6050000000002,4.490200000000002,130.89999999999998,3,7,6,6,5,0.07142857142857142,0.2853015944649791
CHEMBL3699689,CHEMBL3699689,CNC(=O)c1ccc2nc(-c3ccc(C4(N)CCC4)cc3)c(-c3ccccc3)n2c1,,6.84,2,6.84,6.84,IC50,B,single protein format,single_protein,8;9,D;H,2015,,396.494,4.365800000000003,72.42,2,3,4,5,4,0.2,0.5381187405653143
CHEMBL5205187,CHEMBL5205187,CC(C)NC[C@@H](C(=O)N1CCN(c2ncnc3c2N(C)C(=O)CN3)CC1)c1ccc(Cl)cc1,,6.84,1,6.84,6.84,IC50,B,cell-based format,cell_based,9,D,2022,,471.9930000000003,1.9486999999999994,93.70000000000002,2,7,6,4,2,0.4782608695652174,0.6645953534120692
CHEMBL3696266,CHEMBL3696266,O=C(Cc1nc(N2CCOCC2)cc(=O)[nH]1)Nc1cccc(OC2CCCC2)c1,,6.84,2,6.84,6.84,IC50,B,assay format;cell-based format,cell_based,8;9,D;H,2015,,398.46300000000025,2.109099999999999,96.55000000000001,2,6,6,4,2,0.47619047619047616,0.7736907851587133
CHEMBL3672494,CHEMBL3672494,NC1(c2ccc(-c3nn4c(-c5ccc(O)nc5)cnc4cc3-c3ccccc3)cc2)CCC1,,6.84,2,6.84,6.84,IC50,B,cell-based format,cell_based,9,D,2015,,433.51500000000027,5.168800000000003,89.33,2,5,4,6,5,0.14814814814814814,0.4081738635270385
CHEMBL3699686,CHEMBL3699686,N#Cc1ccn2c(-c3ccccc3)c(-c3ccc(C4(N)CCC4)cc3)nc2c1,,6.84,2,6.84,6.84,IC50,B,single protein format,single_protein,8;9,D;H,2015,,364.45200000000017,4.877880000000004,67.11,1,3,3,5,4,0.16666666666666666,0.5633602638104844
CHEMBL3696274,CHEMBL3696274,COc1c(F)ccc(NC(=O)Cc2nc(N3CCOCC3)cc(=O)[nH]2)c1F,,6.84,4,6.38,7.3,IC50,B,assay format;cell-based format,cell_based,8;9,D;H,2015,,380.3510000000001,1.0745,96.54999999999998,2,6,5,3,2,0.35294117647058826,0.8057726757889567
CHEMBL381328,CHEMBL381328,N[C@H](COc1cncc(/C=C/c2ccncc2)c1)Cc1ccc2ccccc2c1,,6.84,1,6.84,6.84,IC50,B,single protein format,single_protein,9,D,2006,,381.4790000000001,4.749000000000004,61.03,1,4,7,4,4,0.12,0.5018200673315342
CHEMBL3696235,CHEMBL3696235,CN(C)c1cccc(NC(=O)Cc2nc(N3CCOCC3)cc(=O)[nH]2)c1,,6.84,2,6.84,6.84,IC50,B,assay format;cell-based format,cell_based,8;9,D;H,2015,,357.41400000000004,0.8536999999999999,90.56,2,6,5,3,2,0.3888888888888889,0.8246398170715271
CHEMBL206924,CHEMBL206924,CCc1cc2cc(-c3cncc(OC[C@@H](N)Cc4c[nH]c5ccccc45)c3)ccc2cn1,,6.84,1,6.84,6.84,IC50,B,single protein format,single_protein,9,D,2006,,422.53200000000004,5.289300000000003,76.82,2,4,7,5,5,0.18518518518518517,0.3736138907005557
CHEMBL3913066,CHEMBL3913066,CC1Cc2c(Br)cccc2N1C(=O)Cc1nc(N2CCOCC2)c(F)c(=O)[nH]1,,6.835,4,6.32,7.35,IC50,B,assay format;cell-based format,cell_based,8,H,2015,,451.2960000000003,2.0283999999999995,78.53,1,5,3,4,2,0.42105263157894735,0.7731535950545378
CHEMBL209231,CHEMBL209231,Oc1nc2cc(N[C@H](COc3cncc(-c4ccc5[nH]c(O)nc5c4)c3)Cc3c[nH]c4ccccc34)ccc2[nH]1,,6.83,1,6.83,6.83,IC50,B,single protein format,single_protein,9,D,2006,,531.5760000000001,5.495900000000003,147.76,6,7,8,7,7,0.1,0.15176932807026267
CHEMBL381610,CHEMBL381610,N[C@H](COc1cncc(/C=C/c2ccnc(NCc3ccccc3)c2)c1)Cc1c[nH]c2ccccc12,,6.83,1,6.83,6.83,IC50,B,single protein format,single_protein,9,D,2006,,475.5960000000002,5.689200000000005,88.85,3,5,10,5,5,0.13333333333333333,0.2414912993417562
CHEMBL4446884,CHEMBL4446884,Cn1ncc(Cl)c1-c1cc(C(=O)N[C@@H]2CNCC[C@H]2c2ccc(Cl)cc2)n(C)c1Cl,,6.83,1,6.83,6.83,IC50,B,assay format,other,9,D,2019,,466.8000000000002,4.261300000000003,63.88,2,3,4,4,3,0.3333333333333333,0.6037078632688139
CHEMBL2375962,CHEMBL2375962,Cc1nc(N)nc2c1cc(-c1cn[nH]c1)c(=O)n2[C@H]1CC[C@@H](OCC(N)=O)CC1,,6.83,1,6.83,6.83,IC50,B,cell-based format,cell_based,9,D,2013,,397.4390000000003,1.0578199999999995,154.79999999999998,3,7,5,4,3,0.42105263157894735,0.5810730742313782
CHEMBL2325986,CHEMBL2325986,CC(NC(=O)C1(N)CCN(c2ncnc3[nH]ccc23)CC1)c1ccccc1,,6.83,1,6.83,6.83,IC50,B,single protein format,single_protein,9,D,2013,,364.4530000000002,2.133,99.93,3,5,4,4,3,0.35,0.6584876554589922
CHEMBL2216825,CHEMBL2216825,C[C@H]1O[C@@H]2CC(=O)O[C@@H]2C2=C1C(=O)c1c(ccc([C@H]3C[C@@H](N(C)C)[C@H](O)[C@@H](C)O3)c1O)C2=O,LACTOQUINOMYCIN,6.83,1,6.83,6.83,IC50,B,single protein format,single_protein,8,H,2009,,457.4790000000002,1.3116,122.60000000000002,2,9,2,5,1,0.5416666666666666,0.6330110925431388
CHEMBL3703138,CHEMBL3703138,CCc1cc(OC)c2nc(-c3ccc(C4(N)CCC4)cc3)c(-c3ccccc3)n2c1,,6.83,2,6.83,6.83,IC50,B,single protein format,single_protein,8;9,D;H,2015,,397.52200000000005,5.577200000000005,52.55,1,3,5,5,4,0.2692307692307692,0.47839326625085454
CHEMBL1258550,CHEMBL1258550,COc1ccc(C[C@@H](N)C(=O)N2CCN(c3ncnc4ccccc34)CC2)cc1,,6.82,1,6.82,6.82,IC50,B,single protein format,single_protein,8,H,2010,,391.47500000000014,1.8570000000000002,84.58,1,6,5,4,3,0.3181818181818182,0.7146556145282992
CHEMBL3909655,CHEMBL3909655,Cn1cc(-c2ccc(F)c(C(F)(F)F)c2)nc1C1CCN(c2ncnc(N)c2-c2cccc(C#N)c2)CC1,,6.82,2,6.82,6.82,IC50,B,single protein format,single_protein,8,H,2015,,521.5220000000003,5.539880000000005,96.65,1,6,4,5,4,0.25925925925925924,0.3544342923866592
CHEMBL210237,CHEMBL210237,CC(C)(Cc1c[nH]c2ccccc12)C1C(=O)Nc2ccc(-c3cncc(OC[C@@H](N)Cc4c[nH]c5ccccc45)c3)cc21,,6.82,1,6.82,6.82,IC50,B,single protein format,single_protein,9,D,2006,,569.7090000000003,6.964600000000006,108.82,4,4,9,7,6,0.2222222222222222,0.15084092219154666
CHEMBL3703107,CHEMBL3703107,NC1(c2ccc(-c3nc4cc(-c5cc[nH]n5)ccn4c3-c3ccccc3)cc2)CCC1,,6.82,2,6.82,6.82,IC50,B,single protein format,single_protein,8;9,D;H,2015,,405.5050000000002,5.396300000000004,72.0,2,3,4,6,5,0.15384615384615385,0.4206535727915779
CHEMBL3684348,CHEMBL3684348,O=C(Nc1ccc(-c2nnc3n2-c2cccnc2Nc2ccccc2-3)cc1)c1ccc(F)c(F)c1,,6.82,2,6.82,6.82,IC50,B,single protein format,single_protein,8;9,D;H,2013,,466.45100000000014,5.583800000000002,84.73,2,5,3,6,5,0.0,0.3555543579085681
CHEMBL573096,CHEMBL573096,N[C@H](COc1cncc(-c2ccc3c(c2)C(c2c[nH]c4ccccc24)C(=O)N3)c1)Cc1c[nH]c2ccccc12,,6.82,1,6.82,6.82,IC50,B,single protein format,single_protein,8,H,2009,,513.6010000000002,5.744000000000003,108.82,4,4,7,7,6,0.125,0.21811624051174014
CHEMBL5078791,CHEMBL5078791,Cc1ncsc1-c1ccc(CNC(=O)[C@@H]2C[C@@H](OCc3ccccc3)CN2C(=O)[C@@H](NC(=O)CCCCCCCCCCC(=O)N2CCN(CC[C@H](NC(=O)C3(N)CCN(c4ncnc5[nH]ccc45)CC3)c3ccc(Cl)cc3)CC2)C(C)(C)C)cc1,,6.82,1,6.82,6.82,Kd,B,single protein format,single_protein,9,D,2022,,1212.0199999999984,9.66732,224.10999999999999,5,13,27,9,6,0.5151515151515151,0.03041964448169749
CHEMBL1800269,CHEMBL1800269,CCC[C@H](NC(=O)[C@H](CCCNC(=N)N)NC(=O)CN(CCCCN)C(=O)[C@@H](N)CCCNC(=N)N)C(=O)N[C@@H](Cc1ccc(O)cc1)C(=O)N[C@@H](CN)C(=O)N[C@@H](CCC(C)C)C(=O)N(CCCN)CC(N)=O,,6.82,1,6.82,6.82,IC50,B,single protein format,single_protein,8,H,2011,,1047.3219999999997,-4.362260000000019,477.3199999999999,17,15,38,1,1,0.6595744680851063,0.016903131719818235
CHEMBL3983786,CHEMBL3983786,Cc1cc(-c2cn(CCNC3CC3)c(C3CCN(c4ncnc(N)c4-c4cn[nH]c4)CC3)n2)ccc1F,,6.82,2,6.82,6.82,IC50,B,single protein format,single_protein,8,H,2015,,501.6140000000002,3.895920000000002,113.57000000000001,3,7,8,6,4,0.4074074074074074,0.33558479322237605
CHEMBL2035021,CHEMBL2035021,NC1(c2ccc(-c3nc4ccccn4c3-c3ccccc3)cc2)CCC1,,6.82,3,6.41,6.82,IC50,B,single protein format,single_protein,8;9,D;H,2012;2015,,339.4420000000002,5.006200000000003,43.31999999999999,1,2,3,5,4,0.17391304347826086,0.5702328263213384
CHEMBL3684512,CHEMBL3684512,Clc1ccc2nc(CCNCc3ccc(-c4nnc5n4-c4cccnc4Nc4ccccc4-5)cc3)[nH]c2c1,,6.82,2,6.82,6.82,IC50,B,single protein format,single_protein,8;9,D;H,2013,,519.0120000000002,5.915300000000004,96.34,3,6,6,7,6,0.10344827586206896,0.2365787435433372
CHEMBL3699756,CHEMBL3699756,NC1(c2ccc(-c3nc4cc(Cl)c(Cl)cn4c3-c3ccccc3)cc2)CCC1,,6.82,2,6.82,6.82,IC50,B,single protein format,single_protein,8;9,D;H,2015,,408.3320000000002,6.313000000000004,43.31999999999999,1,2,3,5,4,0.17391304347826086,0.4315523325547266
CHEMBL3699763,CHEMBL3699763,Cc1cc(-c2cccnc2)c2nc(-c3ccc(C4(N)CCC4)cc3)c(-c3ccccc3)n2c1,,6.82,2,6.82,6.82,IC50,B,single protein format,single_protein,8;9,D;H,2015,,430.5550000000002,6.376620000000005,56.209999999999994,1,3,4,6,5,0.1724137931034483,0.36002174660439545
CHEMBL3684426,CHEMBL3684426,O=S(=O)(NCc1ccc(-c2nnc3n2-c2cccnc2Nc2ccccc2-3)cc1)c1cccc(Cl)c1,,6.82,2,6.82,6.82,IC50,B,single protein format,single_protein,8;9,D;H,2013,,514.9980000000002,5.185200000000004,101.8,2,6,5,6,5,0.038461538461538464,0.32827524554083604
CHEMBL428963,CHEMBL428963,Cc1nnc(-c2ccccc2Nc2ncnc3[nH]ccc23)[nH]1,,6.82,1,6.82,6.82,IC50,B,single protein format,single_protein,8,H,2008,,291.31800000000004,2.79502,95.16999999999999,3,5,3,4,4,0.06666666666666667,0.5392128598786805
CHEMBL1081628,CHEMBL1081628,N[C@H](CNc1nnc(-c2ccc3[nH]ncc3c2)s1)Cc1ccc(C(F)(F)F)cc1,,6.81,3,6.35,8.22,IC50,B,cell-based format;single protein format,mixed,8;9,D;H,2010,,418.44800000000015,4.082100000000001,92.51,3,6,6,4,4,0.21052631578947367,0.4387886631142409
CHEMBL3904288,CHEMBL3904288,O=C(Cc1nc(N2CCOCC2)cc(=O)[nH]1)N1CC2(CCOCC2)c2ccccc21,,6.81,2,6.81,6.81,IC50,B,assay format;cell-based format,cell_based,8,H,2015,,410.4740000000003,1.2440000000000004,87.76,1,6,3,5,2,0.5,0.819415136604088
CHEMBL3899292,CHEMBL3899292,C[C@H]1Cc2ccccc2N1C(=O)Cc1nc(N2CCOC(CO)C2)cc(=O)[nH]1,,6.81,2,6.81,6.81,IC50,B,assay format;cell-based format,cell_based,8,H,2015,,384.43600000000004,0.4876999999999997,98.75999999999999,2,6,4,4,2,0.45,0.7960350591108725
CHEMBL1081853,CHEMBL1081853,N[C@H](CNc1ncc(-c2ccc3[nH]c(=O)sc3c2)s1)Cc1ccc(C(F)(F)F)cc1,,6.805,2,6.04,7.57,IC50,B,cell-based format;single protein format,mixed,8;9,D;H,2010,,450.51100000000014,4.713800000000003,83.79999999999998,3,6,6,4,4,0.2,0.39716621878696823
CHEMBL1988173,CHEMBL1988173,Cc1cc(Cl)ccc1NC(=S)NNC(=O)C(O)(c1ccccc1)c1ccccc1,,6.8,1,6.8,6.8,Ki,F,assay format,other,8,H,,,425.9410000000001,3.902120000000001,73.39,4,3,4,3,3,0.09090909090909091,0.3766319559878974
CHEMBL1204095,CHEMBL283457,COc1ccc(O)c(C(=O)c2ccc(/C=C/[C@@H]3CCCNC[C@H]3NC(=O)c3ccncc3)cc2)c1F,,6.8,1,6.8,6.8,IC50,B,single protein format,single_protein,8,H,2004,,489.54700000000014,3.9773000000000023,100.55,3,6,7,4,3,0.25,0.4343735249260835
CHEMBL470409,CHEMBL470409,NCCNC(=O)c1cc(Br)c(-c2ccnc3[nH]ccc23)s1,,6.8,1,6.8,6.8,IC50,B,single protein format,single_protein,8,H,2009,,365.25600000000003,2.742400000000001,83.79999999999998,3,4,4,3,3,0.14285714285714285,0.6648345026351007
CHEMBL1800390,CHEMBL1800390,CCC[C@H](NC(=O)[C@H](CCCNC(=N)N)NC(=O)CN(CCCCCCN)C(=O)[C@@H](N)CCCNC(=N)N)C(=O)N[C@@H](Cc1ccc(O)cc1)C(=O)N[C@@H](CN)C(=O)N[C@@H](CCC(C)C)C(=O)N(CCCCN)CC(N)=O,,6.8,1,6.8,6.8,IC50,B,single protein format,single_protein,8,H,2011,,1089.4029999999998,-3.191960000000023,477.3199999999999,17,15,41,1,1,0.68,0.017450854552914678
CHEMBL3956312,CHEMBL3956312,Cn1c(CC(=O)N2CCc3c(F)cccc32)nc(N2CCOCC2)c(F)c1=O,,6.8,2,6.8,6.8,IC50,B,assay format;cell-based format,cell_based,8,H,2015,,390.39000000000027,1.0269000000000001,67.67000000000002,0,5,3,4,2,0.42105263157894735,0.7832100362246028
CHEMBL1969502,CHEMBL1969502,O=C1NN=Cc2c[nH]c3cc(NC(=O)C4CC4c4ccccc4)cc1c23,,6.8,1,6.8,6.8,Ki,F,assay format,other,8,H,,,344.374,2.987400000000002,86.35,3,3,3,5,3,0.15,0.682085554565901
CHEMBL3684365,CHEMBL3684365,O=C(Nc1ccc(-c2nnc3n2-c2cccnc2Nc2ccccc2-3)cc1)c1cnc2ccccc2n1,,6.8,2,6.8,6.8,IC50,B,single protein format,single_protein,8;9,D;H,2013,,482.5070000000002,5.248800000000003,110.51,2,7,3,7,6,0.0,0.35390382634925627
CHEMBL1760774,CHEMBL1760774,Cc1ccc(S(=O)(=O)NC[C@@H](O)CN2CCC[C@@]3(CCN(c4ncnc(N)c4C4CC4)C3)C2)c(C)c1,,6.8,1,6.8,6.8,IC50,B,single protein format,single_protein,8,H,2011,,514.6960000000005,2.1847399999999997,124.67999999999999,3,8,8,5,2,0.6153846153846154,0.4896723095667022
CHEMBL3113129,CHEMBL3113129,CC(C)NC(c1ccc(Cl)cc1)c1ccc(-c2ncnc3[nH]cnc23)cc1,,6.8,1,6.8,6.8,IC50,B,single protein format,single_protein,9,D,2014,,377.879,4.760700000000003,66.49000000000001,2,4,5,4,4,0.19047619047619047,0.5258262881699446
CHEMBL3904322,CHEMBL3904322,Cn1cc(-c2ccc(F)c(C(F)(F)F)c2)nc1C1CCN(c2ncnc(N)c2C=O)CC1,,6.8,2,6.8,6.8,IC50,B,single protein format,single_protein,8,H,2015,,448.42400000000026,3.8137000000000016,89.93,1,6,4,4,3,0.3333333333333333,0.482295539450247
CHEMBL2000685,CHEMBL2000685,CC(=NNC(=N)N)c1cc(NC(=O)c2cccc(C(=O)Nc3cc(C(C)=NNC(=N)N)cc(C(C)=NNC(=N)N)c3)c2)cc(C(C)=NNC(=N)N)c1,,6.8,1,6.8,6.8,Ki,F,assay format,other,8,H,,,708.7959999999998,1.0194800000000037,355.23999999999995,14,10,12,3,3,0.125,0.07190035832805194
CHEMBL3684342,CHEMBL3684342,COc1ccc(C(=O)Nc2ccc(-c3nnc4n3-c3cccnc3Nc3ccccc3-4)cc2)cc1,,6.8,2,6.8,6.8,IC50,B,single protein format,single_protein,8;9,D;H,2013,,460.4970000000001,5.314200000000003,93.96,2,6,4,6,5,0.037037037037037035,0.37010378535192767
CHEMBL3684338,CHEMBL3684338,COc1cccc(C(=O)Nc2ccc(-c3nnc4n3-c3cccnc3Nc3ccccc3-4)cc2)c1,,6.8,2,6.8,6.8,IC50,B,single protein format,single_protein,8;9,D;H,2013,,460.4970000000001,5.314200000000003,93.96,2,6,4,6,5,0.037037037037037035,0.37010378535192767
CHEMBL3950201,CHEMBL3950201,CCc1c(N)ncnc1N1CCC(c2nc(-c3ccc(OC)c(C(N)=O)c3)cn2CCN2CCC2)CC1,,6.8,2,6.8,6.8,IC50,B,single protein format,single_protein,8,H,2015,,504.63900000000046,2.6819000000000006,128.42000000000002,2,8,9,5,3,0.48148148148148145,0.45516412971910025
CHEMBL1991725,CHEMBL1991725,CN(C)CC(=O)NC(COc1cncc(-c2ccc3cnccc3c2)c1)Cc1c[nH]c2ccccc12,,6.8,1,6.8,6.8,Ki,F,assay format,other,8,H,,,479.5840000000002,4.446000000000003,83.14000000000001,2,5,9,5,5,0.20689655172413793,0.32649524928227974
CHEMBL1991180,CHEMBL1991180,COCc1nnn(-c2nonc2N)c1C(=O)NN=C(C)c1ccc(O)cc1O,,6.8,1,6.8,6.8,Ki,F,assay format,other,8,H,,,388.34400000000016,-0.05589999999999984,186.79999999999995,4,11,6,3,3,0.2,0.32898498304181434
CHEMBL3703161,CHEMBL3703161,COC(=O)COc1ccn2c(-c3ccccc3)c(-c3ccc(C4(N)CCC4)cc3)nc2c1,,6.8,2,6.8,6.8,IC50,B,single protein format,single_protein,8;9,D;H,2015,,427.50400000000025,4.558000000000003,78.85,1,5,6,5,4,0.23076923076923078,0.4565853867108717
CHEMBL5862997,CHEMBL5862997,CCc1cc(CC)c2nc(-c3ccc(C4(N)CCC4)cc3)c(-c3ccccc3)n2n1,,6.8,1,6.8,6.8,IC50,B,single protein format,single_protein,8,H,2017,,396.538,5.526000000000005,56.209999999999994,1,3,5,5,4,0.3076923076923077,0.4827172250152815
CHEMBL3672549,CHEMBL3672549,NC1(c2ccc(-c3nc4c5cccc(-c6cn[nH]c6)c5nn4cc3-c3ccccc3)cc2)CCC1,,6.8,2,6.8,6.8,IC50,B,single protein format,single_protein,8;9,D;H,2015,,456.5530000000003,5.944500000000003,84.89,2,4,4,7,6,0.13793103448275862,0.3435256470626668
CHEMBL3667045,CHEMBL3667045,c1ccc(-c2cn3ccnc3nc2-c2ccc(CN3CCC(c4nc5ccncc5[nH]4)CC3)cc2)cc1,,6.8,2,6.8,6.8,IC50,B,cell-based format,cell_based,9,D,2015,,485.59500000000025,5.714200000000004,75.0,1,5,5,7,6,0.2,0.3383242888825545
CHEMBL3906695,CHEMBL3906695,N#Cc1c(N)ncnc1N1CCC(c2nc(-c3ccc(F)c(C(F)(F)F)c3)cn2C2CCNCC2)CC1,,6.8,2,6.8,6.8,IC50,B,single protein format,single_protein,8,H,2015,,514.5310000000002,4.260380000000003,108.68,2,7,4,5,3,0.44,0.5010239757408168
CHEMBL1800402,CHEMBL1800402,CCC[C@@H]1NC(=O)[C@H](CCCNC(=N)N)NC(=O)CN(C(=O)[C@@H](N)CCCNC(=N)N)CCCCCCNC(=O)NCCCN(CC(N)=O)C(=O)[C@H](CCC(C)C)NC(=O)[C@H](CN)NC(=O)[C@H](Cc2ccc(O)cc2)NC1=O,,6.8,1,6.8,6.8,IC50,B,single protein format,single_protein,8,H,2011,,1101.3699999999994,-3.1866600000000203,466.40999999999985,17,14,19,2,1,0.66,0.03688389946542384
CHEMBL403355,CHEMBL403355,CSc1ncc2cc(-c3ccccc3)c(-c3ccc(CNCCc4n[nH]c(C)n4)cc3)nc2n1,,6.79,1,6.79,6.79,IC50,B,single protein format,single_protein,8,H,2008,,467.60200000000026,4.839520000000004,92.27000000000001,2,7,8,5,5,0.19230769230769232,0.19161418540011987
CHEMBL4544411,CHEMBL4544411,Cn1nccc1-c1oc(C(=O)N[C@@H]2CNCC[C@H]2c2ccc(Cl)cc2)cc1Br,,6.79,1,6.79,6.79,IC50,B,assay format,other,9,D,2019,,463.7630000000001,3.9715000000000025,72.09,2,4,4,4,3,0.3,0.614003283899809
CHEMBL382914,CHEMBL382914,CCNc1cc(/C=C/c2cncc(OC[C@@H](N)Cc3c[nH]c4ccccc34)c2)ccn1,,6.79,1,6.79,6.79,IC50,B,single protein format,single_protein,9,D,2006,,413.52500000000003,4.508900000000002,88.85000000000001,3,5,9,4,4,0.2,0.3756921485785835
CHEMBL475826,CHEMBL475826,CCC[C@H]1O[C@@H]2CC(=O)O[C@@H]2C2=C1C(=O)c1ccccc1C2=O,,6.79,1,6.79,6.79,IC50,B,single protein format,single_protein,8,H,2009,,312.321,2.2452000000000005,69.67,0,5,2,4,1,0.3888888888888889,0.7833882250744689
CHEMBL3931262,CHEMBL3931262,N#Cc1c(N)ncnc1N1CCC(c2nc(-c3ccccc3)cn2CCN2CCC2)CC1,,6.78,2,6.78,6.78,IC50,B,single protein format,single_protein,8,H,2015,,428.5440000000003,2.883680000000002,99.89,1,7,6,5,3,0.4166666666666667,0.6442418404493113
CHEMBL3699694,CHEMBL3699694,NC1(c2ccc(-c3nc4c(CO)cccn4c3-c3ccccc3)cc2)CCC1,,6.78,2,6.78,6.78,IC50,B,single protein format,single_protein,8;9,D;H,2015,,369.46800000000013,4.4985000000000035,63.55,2,3,4,5,4,0.20833333333333334,0.5566868113611068
CHEMBL3112859,CHEMBL3112859,CN1CCN(c2cccc3c2CCN3C(=O)Cc2nc(N3CCOCC3)cc(=O)[nH]2)CC1,,6.78,2,6.78,6.78,IC50,B,assay format;cell-based format,cell_based,8,H,2015,,438.53200000000027,0.49010000000000203,85.00999999999999,1,7,4,5,2,0.5217391304347826,0.7437506988439903
CHEMBL5192394,CHEMBL5192394,C=CC(=O)Nc1cccc(-n2c(=O)cc(C)c3cnc(Nc4ccc(N5CCN(CCCCCCCCNC(=O)CC67CC8CC(CC(C8)C6)C7)CC5)cc4OC)nc32)c1,,6.78,1,6.78,6.78,EC50,B,cell-based format,cell_based,9,D,2022,,815.0759999999997,8.15112000000001,133.72,3,9,18,9,4,0.5208333333333334,0.06726049118738871
CHEMBL273160,CHEMBL273160,O=C(O)c1ccc2nc(-c3ccccc3)c(-c3ccc(CN4CCC(n5c(=O)[nH]c6ccccc65)CC4)cc3)nc2c1,,6.78,1,6.78,6.78,IC50,B,single protein format,single_protein,9,D,2005,,555.6380000000004,6.1421000000000054,104.11,2,5,6,7,6,0.17647058823529413,0.2558113987997804
CHEMBL3699692,CHEMBL3699692,CC(O)c1ccc2nc(-c3ccc(C4(N)CCC4)cc3)c(-c3ccccc3)n2c1,,6.77,2,6.77,6.77,IC50,B,single protein format,single_protein,8;9,D;H,2015,,383.495,5.059500000000004,63.55,2,3,4,5,4,0.24,0.5176852752126838
CHEMBL3672545,CHEMBL3672545,NC1(c2ccc(-c3nc4c5cccc(Br)c5nn4cc3-c3ccccc3)cc2)CCC1,,6.77,2,6.77,6.77,IC50,B,single protein format,single_protein,8;9,D;H,2015,,469.38600000000025,6.316900000000004,56.209999999999994,1,3,3,6,5,0.15384615384615385,0.33667312193226073
CHEMBL259834,CHEMBL259834,Cc1nnc(-c2cc(Cl)ccc2Nc2ncnc3[nH]ccc23)[nH]1,,6.77,1,6.77,6.77,IC50,B,single protein format,single_protein,8,H,2008,,325.76300000000003,3.4484200000000005,95.16999999999999,3,5,3,4,4,0.06666666666666667,0.5359602420873748
CHEMBL3918747,CHEMBL3918747,CC(C)(C)c1cc(-c2cn(CCN3CCC3)c(C3CCN(c4ncnc(N)c4C(N)=O)CC3)n2)ccn1,,6.77,2,6.77,6.77,IC50,B,single protein format,single_protein,8,H,2015,,503.65500000000026,2.803400000000001,132.07999999999998,2,8,7,5,3,0.5185185185185185,0.5030068448480921
CHEMBL3684441,CHEMBL3684441,c1ccc2c(c1)Nc1ncccc1-n1c(-c3ccc(CN4CCC(c5nnc(-c6ccncc6)[nH]5)CC4)cc3)nnc1-2,,6.77,2,6.77,6.77,IC50,B,single protein format,single_protein,8;9,D;H,2013,,552.6460000000002,5.613000000000006,113.33000000000001,2,8,5,8,6,0.1875,0.28322030079748706
CHEMBL3703123,CHEMBL3703123,NC1(c2ccc(-c3nc4ccc(-c5cc[nH]n5)cn4c3-c3ccccc3)cc2)CCC1,,6.77,2,6.77,6.77,IC50,B,single protein format,single_protein,8;9,D;H,2015,,405.5050000000002,5.396300000000004,72.0,2,3,4,6,5,0.15384615384615385,0.4206535727915779
CHEMBL5832328,CHEMBL5832328,Cc1ccc2nc(-c3ccc(C4(N)CCC4)cc3)c(-c3ccccc3)n2n1,,6.77,1,6.77,6.77,IC50,B,single protein format,single_protein,8,H,2017,,354.457,4.709620000000004,56.209999999999994,1,3,3,5,4,0.21739130434782608,0.5795615617603251
CHEMBL2151925,CHEMBL2151925,Cc1cc(NC(=O)Cc2nc(N3CCOCC3)cc(=O)[nH]2)ccc1F,,6.77,2,6.77,6.77,IC50,B,assay format;cell-based format,cell_based,8;9,D;H,2015,,346.36199999999997,1.2352199999999993,87.32,2,5,4,3,2,0.35294117647058826,0.8696002214430151
CHEMBL3699750,CHEMBL3699750,Cc1ccn2c(-c3ccccc3)c(-c3ccc(C4(N)CCC4)cc3)nc2c1Cl,,6.77,2,6.77,6.77,IC50,B,single protein format,single_protein,8;9,D;H,2015,,387.9140000000002,5.968020000000005,43.32,1,2,3,5,4,0.20833333333333334,0.4703453535517727
CHEMBL1940251,CHEMBL1940251,CC(C)n1cc(C(=O)c2cncc(N[C@@H]3CCN(C=O)[C@@H]3c3ccc(F)cc3)n2)c2c(N)ncnc21,,6.77,1,6.77,6.77,Ki,B,single protein format,single_protein,8,H,2011,,488.5270000000002,3.1384000000000007,131.92000000000002,2,8,7,5,4,0.28,0.29955723475488555
CHEMBL3113136,CHEMBL3113136,CC(C)(C)NC(c1ccc(Cl)cc1)c1ccc(-c2ccncc2)cc1,,6.77,1,6.77,6.77,IC50,B,single protein format,single_protein,9,D,2014,,350.89300000000003,5.8795000000000055,24.92,1,2,4,3,3,0.22727272727272727,0.6351443052108087
CHEMBL3684422,CHEMBL3684422,O=S(=O)(NCc1ccc(-c2nnc3n2-c2cccnc2Nc2ccccc2-3)cc1)c1ccccc1F,,6.77,2,6.77,6.77,IC50,B,single protein format,single_protein,8;9,D;H,2013,,498.5430000000002,4.670900000000003,101.8,2,6,5,6,5,0.038461538461538464,0.3582142198782708
CHEMBL1761087,CHEMBL1761087,CCOCCN(C[C@@H](O)CN1CCCC2(CCc3cc(C#N)ccc3O2)C1)S(=O)(=O)c1c(C)cccc1C,,6.77,1,6.77,6.77,IC50,B,single protein format,single_protein,8,H,2011,,541.7140000000002,3.423020000000001,103.1,1,7,10,4,2,0.5517241379310345,0.4599108158817222
CHEMBL1800566,CHEMBL1800566,CCC[C@@H]1NC(=O)[C@H](CCCNC(=N)N)NC(=O)CN(C(=O)[C@@H](N)CCCNC(=N)N)CCCCNC(=O)NCCCCN(CC(N)=O)C(=O)[C@H](CCC(C)C)NC(=O)[C@H](CN)NC(=O)[C@H](Cc2ccc(O)cc2)NC1=O,,6.77,1,6.77,6.77,IC50,B,single protein format,single_protein,8,H,2011,,1087.3429999999996,-3.5767600000000215,466.40999999999985,17,14,19,2,1,0.6530612244897959,0.036193704300297745
CHEMBL208962,CHEMBL208962,Nc1nccc2cc(-c3cncc(OC[C@@H](N)Cc4c[nH]c5ccccc45)c3)ccc12,,6.765000000000001,2,6.73,6.8,IC50,B,single protein format,single_protein,8;9,D;H,2006;2009,,409.49300000000005,4.309100000000003,102.84,3,5,6,5,5,0.12,0.3877539534917046
CHEMBL3972428,CHEMBL3972428,CCC1CN(c2cc(=O)[nH]c(CC(=O)Nc3ccc(F)cc3)n2)CCO1,,6.765000000000001,4,6.55,6.98,IC50,B,assay format;cell-based format,cell_based,8,H,2015,,360.3890000000001,1.7053999999999998,87.32000000000001,2,5,5,3,2,0.3888888888888889,0.8475465795283458
CHEMBL3699691,CHEMBL3699691,COc1cccn2c(-c3ccccc3)c(-c3ccc(C4(N)CCC4)cc3)nc12,,6.76,2,6.76,6.76,IC50,B,single protein format,single_protein,8;9,D;H,2015,,369.46800000000025,5.014800000000005,52.55,1,3,4,5,4,0.20833333333333334,0.5497495035923747
CHEMBL3917496,CHEMBL3917496,CC1Cc2c(ccc(F)c2F)N1C(=O)Cc1nc(N2CCOCC2)c(F)c(=O)n1C,,6.76,4,6.51,7.01,IC50,B,assay format;cell-based format,cell_based,8,H,2015,,422.4070000000002,1.5545,67.67,0,5,3,4,2,0.45,0.7511785864377768
CHEMBL3699777,CHEMBL3699777,Cc1cc(-c2cccnc2)cn2c(-c3ccccc3)c(-c3ccc(C4(N)CCC4)cc3)nc12,,6.76,2,6.76,6.76,IC50,B,single protein format,single_protein,8;9,D;H,2015,,430.5550000000003,6.376620000000005,56.21,1,3,4,6,5,0.1724137931034483,0.3600217466043954
CHEMBL3703116,CHEMBL3703116,NC(=O)/C=C/c1ccn2c(-c3ccccc3)c(-c3ccc(C4(N)CCC4)cc3)nc2c1,,6.76,2,6.76,6.76,IC50,B,single protein format,single_protein,8;9,D;H,2015,,408.5050000000002,4.504700000000003,86.41,2,3,5,5,4,0.15384615384615385,0.4766402773773421
CHEMBL3699795,CHEMBL3699795,O=C(Cc1nc(N2CCOCC2)cc(=O)[nH]1)Nc1ccc(F)cc1OCC1CCNCC1,,6.76,2,6.76,6.76,IC50,B,assay format;cell-based format,cell_based,8;9,D;H,2015,,445.4950000000003,1.3051999999999997,108.58000000000001,3,7,7,4,2,0.5,0.5896334146223002
CHEMBL3703120,CHEMBL3703120,CC(=O)c1ccn2c(-c3ccccc3)c(-c3ccc(C4(N)CCC4)cc3)nc2c1,,6.76,2,6.76,6.76,IC50,B,single protein format,single_protein,8;9,D;H,2015,,381.4790000000002,5.2088000000000045,60.39,1,3,4,5,4,0.2,0.49378719897499296
CHEMBL2021429,CHEMBL2021429,CNS(=O)(=O)c1ccc2ncnc(N3CCN(C(=O)[C@H](N)Cc4ccc(Cl)cc4)CC3)c2c1,,6.76,1,6.76,6.76,IC50,B,single protein format,single_protein,8,H,2010,,489.00100000000026,1.409900000000001,121.52,2,7,6,4,3,0.3181818181818182,0.5375777678008982
CHEMBL1173273,CHEMBL1173273,Cc1c[nH]c2ncnc(N3CC[C@@H](N)C3)c12,,6.75,1,6.75,6.75,IC50,B,single protein format,single_protein,8,H,2010,,217.27599999999995,0.8037199999999999,70.83,2,4,1,3,2,0.45454545454545453,0.7410131110894728
CHEMBL3950595,CHEMBL3950595,CCc1c(N)ncnc1N1CCC(c2nc(-c3ccc(C(F)(F)F)cc3)cn2CCN2CCCC2)CC1,,6.75,2,6.75,6.75,IC50,B,single protein format,single_protein,8,H,2015,,513.6120000000003,4.983300000000004,76.10000000000001,1,6,7,5,3,0.5185185185185185,0.48018809295263976
CHEMBL3699725,CHEMBL3699725,C=Cc1cccn2c(-c3ccccc3)c(-c3ccc(C4(N)CCC4)cc3)nc12,,6.75,2,6.75,6.75,IC50,B,single protein format,single_protein,8;9,D;H,2015,,365.4800000000002,5.649200000000005,43.32,1,2,4,5,4,0.16,0.5077580104353416
CHEMBL1800387,CHEMBL1800387,CCC[C@H](NC(=O)[C@H](CCCNC(=N)N)NC(=O)CN(CCN)C(=O)[C@@H](N)CCCNC(=N)N)C(=O)N[C@@H](Cc1ccc(O)cc1)C(=O)N[C@@H](CN)C(=O)N[C@@H](CCC(C)C)C(=O)N(CCCCN)CC(N)=O,,6.75,1,6.75,6.75,IC50,B,single protein format,single_protein,8,H,2011,,1033.2949999999992,-4.752360000000014,477.3199999999999,17,15,37,1,1,0.6521739130434783,0.016902348630025252
CHEMBL425155,CHEMBL425155,c1ccc(-c2cc(-c3nn[nH]n3)cnc2-c2ccc(CNCc3ccc(-c4csnn4)cc3)cc2)cc1,,6.75,1,6.75,6.75,IC50,B,single protein format,single_protein,9,D,2005,,502.6070000000002,5.4040000000000035,105.16,2,8,8,6,6,0.07142857142857142,0.2868903763332293
CHEMBL4847466,CHEMBL5028278,CCn1nccc1-c1ccc(C(=O)N[C@@H]2CNCC[C@H]2c2ccc(F)c(F)c2)c(F)c1,,6.75,1,6.75,6.75,IC50,B,cell-based format,cell_based,9,D,2021,,428.4580000000001,3.8628000000000027,58.95,2,3,5,4,3,0.30434782608695654,0.6489222706641752
CHEMBL378714,CHEMBL378714,CC#Cc1cc2cc(-c3cncc(OC[C@@H](N)Cc4c[nH]c5ccccc45)c3)ccc2cn1,,6.75,1,6.75,6.75,IC50,B,single protein format,single_protein,9,D,2006,,432.52700000000004,5.098300000000004,76.82,2,4,6,5,5,0.14285714285714285,0.36617464967140484
CHEMBL5973860,CHEMBL5973860,Nc1ccnn2c(-c3ccccc3)c(-c3ccc(C4(N)CCC4)cc3)nc12,,6.75,1,6.75,6.75,IC50,B,single protein format,single_protein,8,H,2017,,355.4450000000002,3.9834000000000023,82.22999999999999,2,4,3,5,4,0.18181818181818182,0.5821591471310068
CHEMBL4159491,CHEMBL4159491,CCOC(=O)c1c(C)nc(NNC(=O)c2cccc3c(=O)c4ccccc4[nH]c23)nc1-c1ccc(F)cc1,,6.75,1,6.75,6.75,IC50,B,single protein format,single_protein,9,D,2017,,511.51300000000026,4.519420000000003,126.06999999999998,3,7,6,5,5,0.10714285714285714,0.17384046633010827
CHEMBL516429,CHEMBL516429,N[C@H](COc1cncc(-c2cc3ccncc3s2)c1)Cc1c[nH]c2ccccc12,,6.75,1,6.75,6.75,IC50,B,single protein format,single_protein,8,H,2009,,400.5070000000001,4.788400000000003,76.82,2,5,6,5,5,0.13043478260869565,0.42964992091249243
CHEMBL3932730,CHEMBL3932730,Nc1cc(N2CCC(c3nc(-c4ccc(F)c(C(F)(F)F)c4)cn3CCN3CCCC3)CC2)ncn1,,6.75,2,6.75,6.75,IC50,B,single protein format,single_protein,8,H,2015,,503.54800000000034,4.560000000000004,76.1,1,6,6,5,3,0.48,0.49737347471649507
CHEMBL3949232,CHEMBL3949232,NC(=O)c1c(N)ncnc1N1CCC(c2nc(-c3ccc(F)c(C(F)(F)F)c3)cn2CCO)CC1,,6.75,2,6.75,6.75,IC50,B,single protein format,single_protein,8,H,2015,,493.4650000000002,2.5554000000000006,136.17999999999998,3,7,6,4,3,0.36363636363636365,0.4491453691152552
CHEMBL3703165,CHEMBL3703165,COC(=O)COc1ccc2nc(-c3ccc(C4(N)CCC4)cc3)c(-c3ccccc3)n2c1,,6.75,2,6.75,6.75,IC50,B,single protein format,single_protein,8;9,D;H,2015,,427.5040000000002,4.558000000000003,78.85,1,5,6,5,4,0.23076923076923078,0.45658538671087173
CHEMBL377687,CHEMBL377687,O=C1Nc2ccc(N[C@H](COc3cncc(-c4ccc5c(c4)C(=O)C(=O)N5)c3)Cc3c[nH]c4ccccc34)cc2C1=O,,6.75,1,6.75,6.75,IC50,B,single protein format,single_protein,9,D,2006,,557.5660000000003,4.601700000000003,142.27999999999997,4,7,8,7,5,0.09375,0.20430395281756553
CHEMBL3978959,CHEMBL3978959,O=C(Cc1nc(N2CCOC(CF)C2)cc(=O)[nH]1)Nc1ccc(F)cc1,,6.75,4,6.57,6.93,IC50,B,assay format;cell-based format,cell_based,8,H,2015,,364.35200000000003,1.2648999999999995,87.32000000000001,2,5,5,3,2,0.35294117647058826,0.8342638031580926
CHEMBL3699667,CHEMBL3699667,NC1(c2ccc(-c3nc4nc(-c5ccccc5)ccn4c3-c3ccccc3)cc2)CCC1,,6.75,2,6.75,6.75,IC50,B,single protein format,single_protein,8;9,D;H,2015,,416.52800000000025,6.0682000000000045,56.209999999999994,1,3,4,6,5,0.14285714285714285,0.3868824191309228
CHEMBL202787,CHEMBL202787,CNc1cc(/C=C/c2cncc(OC[C@@H](N)Cc3c[nH]c4ccccc34)c2)ccn1,,6.75,1,6.75,6.75,IC50,B,single protein format,single_protein,9,D,2006,,399.498,4.118800000000002,88.85000000000001,3,5,8,4,4,0.16666666666666666,0.4147394421872748
CHEMBL3699803,CHEMBL3699803,O=C(Cc1nc(N2CCOCC2)cc(=O)[nH]1)N1CCc2ncccc21,,6.75,2,6.75,6.75,IC50,B,assay format;cell-based format,cell_based,8;9,D;H,2015,,341.3710000000001,0.1333000000000002,91.42,1,6,3,4,2,0.4117647058823529,0.8534457479774118
CHEMBL3699705,CHEMBL3699705,COc1cc(COc2ccn3c(-c4ccccc4)c(-c4ccc(C5(N)CCC5)cc4)nc3n2)ccn1,,6.75,2,6.75,6.75,IC50,B,single protein format,single_protein,8;9,D;H,2015,,477.5680000000003,5.383800000000006,87.56,1,6,7,6,5,0.20689655172413793,0.3384524922270762
CHEMBL1761086,CHEMBL1761086,CCOCCN(C[C@@H](O)CN1CCCC2(CCc3cc(F)ccc3O2)C1)S(=O)(=O)c1c(C)cccc1C,,6.75,1,6.75,6.75,IC50,B,single protein format,single_protein,8,H,2011,,534.6940000000002,3.6904400000000024,79.31,1,6,10,4,2,0.5714285714285714,0.4687055909299196
CHEMBL3699772,CHEMBL3699772,NC(=O)c1cc(-c2cccnc2)cn2c(-c3ccccc3)c(-c3ccc(C4(N)CCC4)cc3)nc12,,6.75,2,6.75,6.75,IC50,B,single protein format,single_protein,8;9,D;H,2015,,459.5530000000003,5.167100000000004,99.3,2,4,5,6,5,0.13793103448275862,0.3788109314452017
CHEMBL3973946,CHEMBL3973946,CN(C)CCn1cc(-c2ccc(F)c(C(F)(F)F)c2)nc1C1CCN(c2ncnc(N)c2-c2ccc(N)nc2)CC1,,6.75,2,6.75,6.75,IC50,B,single protein format,single_protein,8,H,2015,,569.611,4.670000000000002,115.01,2,8,7,5,4,0.35714285714285715,0.3088259810057375
CHEMBL4544069,CHEMBL4544069,Cn1ncc(Br)c1-c1ccc(C(=O)N[C@@H]2CNCC[C@H]2c2cccc(F)c2)nc1,,6.74,1,6.74,6.74,IC50,B,assay format,other,9,D,2019,,458.3350000000002,3.2592000000000017,71.84,2,4,4,4,3,0.2857142857142857,0.6299925867451661
CHEMBL3696265,CHEMBL3696265,C#Cc1cccc(NC(=O)Cc2nc(N3CCOCC3)cc(=O)[nH]2)c1,,6.74,2,6.74,6.74,IC50,B,assay format;cell-based format,cell_based,8;9,D;H,2015,,338.367,0.7689999999999997,87.32,2,5,4,3,2,0.2777777777777778,0.8042639895387517
CHEMBL2325990,CHEMBL2325990,CC(NC(=O)C1(N)CCN(c2ncnc3[nH]ccc23)CC1)c1ccc(S(C)(=O)=O)cc1,,6.74,1,6.74,6.74,IC50,B,single protein format,single_protein,9,D,2013,,442.5450000000003,1.5365000000000006,134.07,3,7,5,4,3,0.38095238095238093,0.5454653975745808
CHEMBL1081437,CHEMBL1081437,N[C@H](CNc1nnc(-c2ccc3[nH]nc(C4CC4)c3c2)s1)Cc1ccc(C(F)(F)F)cc1,,6.74,1,6.74,6.74,IC50,B,single protein format,single_protein,8,H,2010,,458.5130000000001,4.959500000000003,92.51,3,6,7,5,4,0.3181818181818182,0.36408487404986983
CHEMBL3703104,CHEMBL3703104,NC1(c2ccc(-c3nc4cc(-c5ccncc5)ccn4c3-c3ccccc3)cc2)CCC1,,6.74,2,6.74,6.74,IC50,B,single protein format,single_protein,8;9,D;H,2015,,416.52800000000025,6.0682000000000045,56.209999999999994,1,3,4,6,5,0.14285714285714285,0.3868824191309228
CHEMBL1095621,CHEMBL1095621,COc1cc2ncc3c(N)nc(-c4cncc(OC[C@@H](N)Cc5ccc(F)cc5)c4)cc3c2cc1OC,,6.74,1,6.74,6.74,IC50,B,single protein format,single_protein,8,H,2010,,499.5460000000002,4.532300000000003,118.4,2,8,8,5,5,0.17857142857142858,0.29902759937860296
CHEMBL3699761,CHEMBL3699761,Cc1c(Cl)cn2c(-c3ccccc3)c(-c3ccc(C4(N)CCC4)cc3)nc2c1-c1ccn[nH]1,,6.73,2,6.73,6.73,IC50,B,single protein format,single_protein,8;9,D;H,2015,,453.97700000000026,6.358120000000005,72.0,2,3,4,6,5,0.18518518518518517,0.33234057410299056
CHEMBL2035028,CHEMBL2035028,NC1(c2ccc(-c3ncc4ncccc4c3-c3ccccc3)cc2)CCC1,,6.73,1,6.73,6.73,IC50,B,single protein format,single_protein,8,H,2012,,351.45300000000015,5.301700000000003,51.8,1,3,3,5,4,0.16666666666666666,0.5446312438247838
CHEMBL3699700,CHEMBL3699700,NC1(c2ccc(-c3nc4cc(-c5cn[nH]c5)ccn4c3-c3ccccc3)cc2)CCC1,,6.73,2,6.73,6.73,IC50,B,single protein format,single_protein,8;9,D;H,2015,,405.5050000000002,5.396300000000004,72.0,2,3,4,6,5,0.15384615384615385,0.4206535727915779
CHEMBL3672062,CHEMBL3672062,Fc1ccc(-c2cn3ccnc3nc2-c2ccc(CN3CCC(c4n[nH]c(-c5cnccn5)n4)CC3)cc2)cc1,,6.73,2,6.73,6.73,IC50,B,cell-based format,cell_based,9,D,2015,,531.5990000000003,5.157100000000003,100.78,1,7,6,7,6,0.2,0.31694760324870197
CHEMBL4530506,CHEMBL4530506,Cn1nccc1-c1csc(C(=O)N[C@@H]2CNCC[C@H]2c2ccc(Cl)cc2)c1,,6.73,1,6.73,6.73,IC50,B,assay format,other,9,D,2019,,400.93500000000006,3.677500000000002,58.95,2,4,4,4,3,0.3,0.7019347918483841
CHEMBL379868,CHEMBL379868,Cc1n[nH]c2ccc(-c3cncc(OC[C@@H](N)Cc4cnc5ccccc5c4)c3)cc12,,6.73,1,6.73,6.73,Ki,B,single protein format,single_protein,9,D,2006,,409.49300000000005,4.430320000000003,89.71,2,5,6,5,5,0.16,0.4329768825522873
CHEMBL5768674,CHEMBL5768674,C=CC(=O)Nc1ccc(CN(C)C2CCN(Cc3ccc(-c4nc5cc[nH]c(=O)c5cc4-c4ccccc4)cc3)CC2)cc1,,6.720000000000001,2,6.61,6.83,IC50,B,single protein format,single_protein,8,H,2020,,583.7360000000001,6.478000000000006,81.33000000000001,2,5,9,6,5,0.21621621621621623,0.19430264089867327
CHEMBL3699706,CHEMBL3699706,CCOc1ccn2c(-c3ccccc3)c(-c3ccc(C4(N)CCC4)cc3)nc2n1,,6.72,2,6.72,6.72,IC50,B,single protein format,single_protein,8;9,D;H,2015,,384.48300000000023,4.7999000000000045,65.44,1,4,5,5,4,0.25,0.5367055329033491
CHEMBL6040871,CHEMBL6040871,NC1(c2ccc(-c3nc4cccnn4c3-c3ccccc3)cc2)CCC1,,6.72,1,6.72,6.72,IC50,B,single protein format,single_protein,8,H,2017,,340.4300000000002,4.401200000000003,56.209999999999994,1,3,3,5,4,0.18181818181818182,0.6011927777100252
CHEMBL3945304,CHEMBL3945304,CCc1c(N)ncnc1N1CCC(c2nc(-c3ccc(Cl)cc3)cn2CCN2CCCC2)CC1,,6.72,2,6.72,6.72,IC50,B,single protein format,single_protein,8,H,2015,,480.0600000000004,4.617900000000004,76.10000000000001,1,6,7,5,3,0.5,0.5325675608803131
CHEMBL1823640,CHEMBL1823640,O=C(NC(c1ccc(Cl)cc1)C1CCNCC1)c1ccc2cnccc2c1,,6.72,1,6.72,6.72,IC50,B,single protein format,single_protein,8,H,2011,,379.8910000000001,4.358900000000003,54.02,2,3,4,4,3,0.2727272727272727,0.7077578383701628
CHEMBL4570911,CHEMBL4597750,Cn1nccc1-c1coc(C(=O)NC2CNCCC2c2ccc(F)c(F)c2)c1,,6.72,1,6.72,6.72,IC50,B,assay format,other,9,D,2019,,386.40200000000004,2.833800000000001,72.09,2,4,4,4,3,0.3,0.7233895981184979
CHEMBL3897534,CHEMBL3897534,CN(C)CCn1cc(-c2ccc(F)c(C(F)(F)F)c2)nc1C1CCN(c2ncnc(N)c2CCC2CC2)CC1,,6.72,2,6.72,6.72,IC50,B,single protein format,single_protein,8,H,2015,,545.6290000000001,5.368400000000005,76.10000000000001,1,6,9,5,3,0.5357142857142857,0.3646926305398675
CHEMBL207496,CHEMBL207496,N[C@H](COc1cncc2nc(-c3ccncc3)ccc12)Cc1c[nH]c2ccccc12,,6.72,1,6.72,6.72,IC50,B,single protein format,single_protein,9,D,2006,,395.4660000000001,4.121900000000003,89.71000000000001,2,5,6,5,5,0.125,0.4513221841981227
CHEMBL3915684,CHEMBL3915684,CCc1c(N)ncnc1N1CCC(c2nc(-c3ccc(F)c(C(F)(F)F)c3)cn2C2CCNCC2)CC1,,6.72,2,6.72,6.72,IC50,B,single protein format,single_protein,8,H,2015,,517.5750000000002,4.951100000000004,84.89000000000001,2,6,5,5,3,0.5,0.4661389672237686
CHEMBL3913301,CHEMBL3913301,CC(=O)Nc1c(N)ncnc1N1CCC(c2nc(-c3ccc(F)c(C(F)(F)F)c3)cn2CCN2CCC2)CC1,,6.72,2,6.72,6.72,IC50,B,single protein format,single_protein,8,H,2015,,546.5730000000001,4.128300000000003,105.2,2,7,7,5,3,0.46153846153846156,0.42963388013152093
CHEMBL3904383,CHEMBL3904383,CN(C)CCn1cc(-c2ccc(F)c(C(F)(F)F)c2)nc1C1CCN(c2ncnc(N)c2-c2ccc(C(C)(C)O)cc2)CC1,,6.72,2,6.72,6.72,IC50,B,single protein format,single_protein,8,H,2015,,611.6880000000002,5.920200000000006,96.33000000000001,2,7,8,5,4,0.40625,0.23895181334510673
CHEMBL3699807,CHEMBL3699807,Cc1cccc(NC(=O)Cc2nc(N3CCOCC3)cc(=O)[nH]2)c1O,,6.72,2,6.72,6.72,IC50,B,assay format;cell-based format,cell_based,8;9,D;H,2015,,344.37100000000004,0.8017199999999998,107.55,3,6,4,3,2,0.35294117647058826,0.7083873645573019
CHEMBL2177837,CHEMBL2177837,Nc1ncccc1-c1nc2ccc(-c3cccnc3)nc2n1-c1ccc(CNC(=O)c2cccc(F)c2)cc1,,6.72,5,6.16,7.33,IC50,B,cell-based format,cell_based,8;9,D;H,2012,,515.5520000000002,5.195800000000003,111.60999999999999,2,6,6,6,6,0.03333333333333333,0.3155813083222296
CHEMBL3703151,CHEMBL3703151,C=Cc1cc(OC)c2nc(-c3ccc(C4(N)CCC4)cc3)c(-c3ccccc3)n2c1,,6.72,2,6.72,6.72,IC50,B,single protein format,single_protein,8;9,D;H,2015,,395.50600000000003,5.657800000000005,52.55,1,3,5,5,4,0.19230769230769232,0.4744449156668209
CHEMBL5855570,CHEMBL5855570,Nc1ncc(-c2cc(C(=O)c3ccccc3Cl)cc(N3CCOCC3)n2)cn1,,6.72,1,6.72,6.72,IC50,B,cell-based format,cell_based,8,H,2022,,395.85000000000025,2.841800000000001,94.23,1,7,4,4,3,0.2,0.6784713482543512
CHEMBL6043422,CHEMBL6043422,NC1(c2ccc(-c3nc4c(-c5ccc(F)cc5)ccnn4c3-c3ccccc3)cc2)CCC1,,6.72,1,6.72,6.72,IC50,B,single protein format,single_protein,8,H,2017,,434.5180000000002,6.2073000000000045,56.209999999999994,1,3,4,6,5,0.14285714285714285,0.3659702065763823
CHEMBL3919026,CHEMBL3919026,C=Cc1c(N)ncnc1N1CCC(c2nc(-c3ccc(C(F)(F)F)cc3)cn2CCN2CCCC2)CC1,,6.72,2,6.72,6.72,IC50,B,single protein format,single_protein,8,H,2015,,511.59600000000034,5.063900000000005,76.10000000000001,1,6,7,5,3,0.4444444444444444,0.47779099334026676
CHEMBL3947247,CHEMBL3947247,CC(F)(C(=O)N1CCc2c(F)cccc21)c1nc(N2CCOCC2)cc(=O)[nH]1,,6.715,4,6.58,6.85,IC50,B,assay format;cell-based format,cell_based,8,H,2015,,390.3900000000002,1.5196,78.53,1,5,3,4,2,0.42105263157894735,0.8599024521012709
CHEMBL2035030,CHEMBL2035030,NC1(c2ccc(-c3ncc4ccncc4c3-c3ccccc3)cc2)CCC1,,6.71,1,6.71,6.71,IC50,B,single protein format,single_protein,8,H,2012,,351.45300000000015,5.301700000000003,51.8,1,3,3,5,4,0.16666666666666666,0.5446312438247838
CHEMBL212098,CHEMBL212098,Cc1n[nH]c2ccc(-c3cncc(OCCC[C@@H](N)Cc4ccccc4)c3)cc12,,6.71,1,6.71,6.71,Ki,B,single protein format,single_protein,9,D,2006,,386.4990000000001,4.662320000000004,76.82,2,4,8,4,4,0.25,0.4317815662916006
CHEMBL3893381,CHEMBL3893381,Cn1c(CC(=O)N2CC3(CCNCC3)c3ccccc32)nc(N2CCOCC2)cc1=O,,6.71,2,6.71,6.71,IC50,B,assay format;cell-based format,cell_based,8,H,2015,,423.5170000000003,0.8274000000000004,79.70000000000002,1,6,3,5,2,0.5217391304347826,0.7878692100209739
CHEMBL5653589,CHEMBL5653589,Cc1ccc(C(=O)Nc2cccc(C(F)(F)F)c2)cc1Nc1nc(-c2cccnc2)nc2nn(C)cc12,,6.71,1,6.71,6.71,Kd,B,single protein format,single_protein,9,D,2018,,503.48800000000017,5.748420000000004,97.62,2,6,5,5,5,0.11538461538461539,0.3171059369433006
CHEMBL3696283,CHEMBL3696283,CCn1c(CC(=O)Nc2ccc(F)cc2)nc(N2CCOCC2)cc1=O,,6.71,2,6.71,6.71,IC50,B,assay format;cell-based format,cell_based,8;9,D;H,2015,,360.38900000000024,1.4201,76.46000000000001,1,5,5,3,2,0.3888888888888889,0.8727432606215356
CHEMBL3699782,CHEMBL3699782,CC1CN(C(=O)Cc2nc(N3CCOCC3)cc(=O)n2C)c2ccccc21,,6.71,2,6.71,6.71,IC50,B,assay format;cell-based format,cell_based,8;9,D;H,2015,,368.43700000000007,1.3096999999999999,67.67,0,5,3,4,2,0.45,0.8172022630644654
CHEMBL3703121,CHEMBL3703121,NC1(c2ccc(-c3nc4ccc(-c5cnc[nH]5)cn4c3-c3ccccc3)cc2)CCC1,,6.71,2,6.71,6.71,IC50,B,single protein format,single_protein,8;9,D;H,2015,,405.5050000000002,5.396300000000004,72.0,2,3,4,6,5,0.15384615384615385,0.4206535727915779
CHEMBL3703132,CHEMBL3703132,COC(=O)/C=C/c1ccc2nc(-c3ccc(C4(N)CCC4)cc3)c(-c3ccccc3)n2c1,,6.71,2,6.71,6.71,IC50,B,single protein format,single_protein,8;9,D;H,2015,,423.51600000000013,5.192400000000005,69.61999999999999,1,4,5,5,4,0.18518518518518517,0.3541382915558492
CHEMBL4560290,CHEMBL4560290,Cn1ncc(Br)c1-c1cc(C(=O)N[C@@H]2CNCC[C@H]2c2ccc(Cl)cc2)n(C)c1Br,,6.7,1,6.7,6.7,IC50,B,assay format,other,9,D,2019,,555.7020000000002,4.479500000000003,63.88,2,3,4,4,3,0.3333333333333333,0.4992484418367452
CHEMBL5193935,CHEMBL5222149,CC(C)NC[C@@H](C(=O)N1CCN(c2ncnc3c2[C@@H](C)OC(=O)N3)CC1)c1ccc(Cl)cc1,,6.7,1,6.7,6.7,IC50,B,cell-based format,cell_based,9,D,2022,,472.9770000000002,3.1835000000000013,99.69,2,7,6,4,2,0.4782608695652174,0.6655347228248152
CHEMBL1088613,CHEMBL1088613,Cc1n[nH]c2ccc(-c3nnc(NC[C@@H](N)Cc4ccccc4F)s3)cc12,,6.7,1,6.7,6.7,IC50,B,single protein format,single_protein,8,H,2010,,382.468,3.5108200000000007,92.50999999999999,3,6,6,4,4,0.21052631578947367,0.4745235148588236
CHEMBL1976240,CHEMBL1976240,COc1cccc(C(CN)NC(=O)c2ccc(-c3ccncc3)cc2)c1,,6.7,1,6.7,6.7,Ki,F,assay format,other,8,H,,,347.418,3.187000000000002,77.24,2,4,6,3,3,0.14285714285714285,0.7178252265444567
CHEMBL3414686,CHEMBL3414686,Cc1c(S(N)(=O)=O)cc2c(c1C)OC(C)(CCCC(C)C)CC2,,6.7,1,6.7,6.7,Kd,B,single protein format,single_protein,9,D,2015,,339.50100000000015,3.860840000000003,69.39,1,3,5,2,1,0.6666666666666666,0.8853003999962874
CHEMBL3699773,CHEMBL3699773,Cc1c(C(N)=O)cn2c(-c3ccccc3)c(-c3ccc(C4(N)CCC4)cc3)nc2c1C,,6.7,2,6.7,6.7,IC50,B,single protein format,single_protein,8;9,D;H,2015,,410.5210000000003,4.721940000000004,86.41,2,3,4,5,4,0.23076923076923078,0.5102158247400165
CHEMBL1173349,CHEMBL1173349,NC1CCCN(c2ncnc3[nH]cc(Cl)c23)C1,,6.7,1,6.7,6.7,IC50,B,single protein format,single_protein,8,H,2010,,251.721,1.5387999999999993,70.83,2,4,1,3,2,0.45454545454545453,0.8066339548853314
CHEMBL1823637,CHEMBL1823637,O=C(NC(c1ccc(Cl)c(-c2ccccc2)c1)C1CCNCC1)c1ccc2cnccc2c1,,6.7,1,6.7,6.7,IC50,B,single protein format,single_protein,8,H,2011,,455.98900000000026,6.0259000000000045,54.02,2,3,5,5,4,0.21428571428571427,0.38622845209813983
CHEMBL210390,CHEMBL210390,Nc1cc2cc(-c3cncc(OC[C@@H](N)Cc4c[nH]c5ccccc45)c3)ccc2cn1,,6.7,3,6.03,8.47,IC50,B;F,assay format;cell-based format;single protein format,mixed,8;9,D;H,2006,,409.4930000000001,4.309100000000003,102.83999999999999,3,5,6,5,5,0.12,0.3877539534917046
CHEMBL3299032,CHEMBL3299032,COC[C@H](NC(=O)[C@H](Cc1ccc(O)cc1)NC(=O)[C@H](C(C)C)N(C)C(=O)[C@H](CCCNC(=N)N)NC(=O)[C@@H]1CCCN1C(=O)[C@@H](N)CCCNC(=N)N)C(=O)NCCCC(=O)O,,6.7,1,6.7,6.7,IC50,B,single protein format,single_protein,9,D,2014,,890.0569999999994,-2.655660000000016,373.59999999999997,13,12,27,2,1,0.625,0.024370477135353865
CHEMBL203329,CHEMBL203329,N[C@H](CCc1cnc(Cl)c(/C=C/c2ccncc2)c1)Cc1c[nH]c2ccccc12,,6.7,1,6.7,6.7,IC50,B,single protein format,single_protein,9,D,2006,,402.92900000000014,5.2843000000000035,67.59,2,3,7,4,4,0.16666666666666666,0.41281315641082234
CHEMBL252056,CHEMBL252056,CSc1ncc2cc(-c3ccccc3)c(-c3ccc(CNCCc4nccs4)cc3)nc2n1,,6.7,1,6.7,6.7,IC50,B,single protein format,single_protein,8,H,2008,,469.63900000000024,5.869500000000005,63.59,1,7,8,5,5,0.15384615384615385,0.17419440948520892
CHEMBL3696253,CHEMBL3696253,O=C(Cc1nc(N2CCOCC2)cc(=O)[nH]1)Nc1cccc(C2CC2)c1,,6.7,2,6.7,6.7,IC50,B,assay format;cell-based format,cell_based,8;9,D;H,2015,,354.41000000000014,1.6650999999999991,87.32000000000001,2,5,5,4,2,0.42105263157894735,0.8527491135127928
CHEMBL3684406,CHEMBL3684406,O=C(NCc1ccc(-c2nnc3n2-c2cccnc2Nc2ccccc2-3)cc1)c1cccnc1,,6.7,2,6.7,6.7,IC50,B,single protein format,single_protein,8;9,D;H,2013,,445.4860000000001,4.378300000000003,97.62,2,6,4,6,5,0.038461538461538464,0.41800556285180007
CHEMBL3703140,CHEMBL3703140,COc1cc(-c2ncc[nH]2)cn2c(-c3ccccc3)c(-c3ccc(C4(N)CCC4)cc3)nc12,,6.7,2,6.7,6.7,IC50,B,single protein format,single_protein,8;9,D;H,2015,,435.5310000000003,5.404900000000005,81.22999999999999,2,4,5,6,5,0.18518518518518517,0.38700968878386377
CHEMBL3684409,CHEMBL3684409,O=C(NCc1ccc(-c2nnc3n2-c2cccnc2Nc2ccccc2-3)cc1)c1ccccc1,,6.7,2,6.7,6.7,IC50,B,single protein format,single_protein,8;9,D;H,2013,,444.4980000000001,4.983300000000003,84.73,2,5,4,6,5,0.037037037037037035,0.40046753042306094
CHEMBL2035020,CHEMBL2035020,NC1(c2ccc(-c3nn4ccccc4c3-c3ccccc3)cc2)CCC1,,6.7,1,6.7,6.7,IC50,B,single protein format,single_protein,8,H,2012,,339.4420000000002,5.006200000000003,43.31999999999999,1,2,3,5,4,0.17391304347826086,0.5702328263213384
CHEMBL3314097,CHEMBL3314097,CC[C@H](C)[C@H](NC(=O)[C@H](CCCNC(=N)N)NC(=O)[C@H](CCC(=O)O)NC(=O)[C@H](Cc1cnc[nH]1)NC(=O)[C@H](CCCNC(=N)N)NC(=O)C(CCCCCCCCn1cc(CCCC(=O)NC(CCCCCCCCn2cc(C[C@H](NC(C)=O)C(=O)N[C@@H](Cc3ccccc3)C(=O)N[C@@H](Cc3c[nH]c4ccccc34)C(=O)N[C@@H](Cc3ccccc3)C(=O)N[C@@H](CC(C)C)C(=O)N[C@@H](CCCNC(=N)N)C(=O)NCC(N)=O)nn2)C(=O)N[C@H](C(=O)N[C@@H](Cc2ccccc2)C(=O)N[C@@H](Cc2ccc(O)cc2)C(=O)N[C@@H](CCCNC(=N)N)C(=O)N[C@@H](CC(C)C)C(=O)NCC(=O)N[C@@H](Cc2ccc(O)cc2)C(=O)NCCNC(=O)CCCC[C@H]2SC[C@H]3NC(=O)N[C@H]32)C(C)C)nn1)NC(C)=O)C(N)=O,,6.7,1,6.7,6.7,Kd,B,single protein format,single_protein,9,D,2014,,3412.1399999999894,-0.6647199999999347,1227.8599999999997,44,39,114,12,10,0.5393939393939394,0.009731201801600874
CHEMBL188434,CHEMBL188434,CCn1c(-c2nonc2N)nc2cncc(CNC3CCNCC3)c21,,6.7,1,6.7,6.7,IC50,B,single protein format,single_protein,9,D,2008,,342.40700000000015,0.9249999999999997,119.71000000000001,3,8,5,4,3,0.5,0.6261112398862771
CHEMBL258844,CHEMBL258844,O=c1[nH]c2ccccc2n1C1CCN(Cc2ccc(-c3nc4cc5[nH]cnc5cc4nc3-c3ccccc3)cc2)CC1,,6.7,3,6.52,7.24,IC50,B,cell-based format;single protein format,mixed,8;9,D;H,2005;2008,,551.654,6.320200000000006,95.49000000000001,2,5,5,8,7,0.17647058823529413,0.26104973983268925
CHEMBL2035022,CHEMBL2035022,NC(=O)c1ccn2c(-c3ccccc3)c(-c3ccc(C4(N)CCC4)cc3)nc2c1,,6.69,3,6.46,6.69,IC50,B,single protein format,single_protein,8;9,D;H,2012;2015,,382.4670000000002,4.105100000000003,86.41,2,3,4,5,4,0.16666666666666666,0.5569096784767962
CHEMBL3699687,CHEMBL3699687,Cc1ccc2nc(-c3ccc(C4(N)CCC4)cc3)c(-c3ccccc3)n2c1,,6.69,2,6.69,6.69,IC50,B,single protein format,single_protein,8;9,D;H,2015,,353.469,5.314620000000004,43.31999999999999,1,2,3,5,4,0.20833333333333334,0.5419206168251127
CHEMBL3703106,CHEMBL3703106,NC1(c2ccc(-c3nc4cc(-c5ccccn5)ccn4c3-c3ccccc3)cc2)CCC1,,6.69,2,6.69,6.69,IC50,B,single protein format,single_protein,8;9,D;H,2015,,416.52800000000025,6.068200000000004,56.209999999999994,1,3,4,6,5,0.14285714285714285,0.3868824191309229
CHEMBL3703102,CHEMBL3703102,CCOc1ccc2nc(-c3ccc(C4(N)CCC4)cc3)c(-c3ccccc3)n2c1,,6.69,2,6.69,6.69,IC50,B,single protein format,single_protein,8;9,D;H,2015,,383.495,5.404900000000005,52.55,1,3,5,5,4,0.24,0.5015836855281988
CHEMBL522996,CHEMBL522996,C[C@H]1O[C@@H]2CC(=O)O[C@@H]2C2=C1C(=O)c1ccccc1C2=O,,6.6850000000000005,2,6.55,6.82,IC50,B,single protein format,single_protein,8;9,D;H,2009;2014,,284.26700000000005,1.465,69.67,0,5,0,4,1,0.3125,0.6746140818914615
CHEMBL2151820,CHEMBL2151820,O=C(Cc1nc(N2CCOCC2)cc(=O)[nH]1)Nc1cccc(F)c1,,6.6850000000000005,4,6.24,7.13,IC50,B,assay format;cell-based format,cell_based,8;9,D;H,2015,,332.33500000000004,0.9267999999999997,87.32000000000001,2,5,4,3,2,0.3125,0.8695429921056893
CHEMBL3414685,CHEMBL3414685,CC(C)CCCC1(C)CCc2cc(N)ccc2O1,,6.68,1,6.68,6.68,Kd,B,single protein format,single_protein,9,D,2015,,247.38199999999998,4.1788000000000025,35.25,1,2,4,2,1,0.625,0.8100613810017404
CHEMBL3907714,CHEMBL3907714,Nc1cc(N2CCC(c3nc(-c4cccc(F)c4)cn3CCN3CCCC3)CC2)ncn1,,6.68,2,6.68,6.68,IC50,B,single protein format,single_protein,8,H,2015,,435.5510000000004,3.5412000000000026,76.1,1,6,6,5,3,0.4583333333333333,0.6383051590152259
CHEMBL3684511,CHEMBL3684511,Fc1ccc2c(CCNCc3ccc(-c4nnc5n4-c4cccnc4Nc4ccccc4-5)cc3)c[nH]c2c1,,6.68,2,6.68,6.68,IC50,B,single protein format,single_protein,8;9,D;H,2013,,501.56900000000013,6.006000000000004,83.44999999999999,3,5,6,7,6,0.1,0.24332400523507206
CHEMBL206208,CHEMBL206208,N[C@H](COc1cncc(C#Cc2ccncc2)c1)Cc1c[nH]c2ccccc12,,6.68,1,6.68,6.68,IC50,B,single protein format,single_protein,9,D,2006,,368.44000000000005,3.3065000000000015,76.82,2,4,5,4,4,0.13043478260869565,0.5300221057868557
CHEMBL3964344,CHEMBL3964344,C=Cc1c(N)ncnc1N1CCC(c2nc(-c3ccc(C(F)(F)F)c(F)c3)cn2CCN2CCCC2)CC1,,6.68,2,6.68,6.68,IC50,B,single protein format,single_protein,8,H,2015,,529.5860000000001,5.203000000000006,76.10000000000001,1,6,7,5,3,0.4444444444444444,0.4241523632177199
CHEMBL206732,CHEMBL206732,N[C@H](CNc1cncc(Oc2cccc3cnccc23)c1)Cc1c[nH]c2ccccc12,,6.68,1,6.68,6.68,IC50,B,single protein format,single_protein,9,D,2006,,409.49300000000017,4.8853000000000035,88.85,3,5,7,5,5,0.12,0.3562859326453965
CHEMBL1098302,CHEMBL1098302,COc1cc2ncc3c(N)nc(-c4cncc(OC[C@@H](N)Cc5cccc(C(F)(F)F)c5)c4)cc3c2cc1OC,,6.68,1,6.68,6.68,IC50,B,single protein format,single_protein,8,H,2010,,549.5530000000001,5.4120000000000035,118.4,2,8,8,5,5,0.20689655172413793,0.24674765720754988
CHEMBL2177826,CHEMBL2177826,Nc1ncccc1-c1nc2cc(C3CCCC3)cnc2n1-c1ccc(CNC(=O)c2ccccc2)cc1,,6.68,3,6.57,6.96,IC50,B,cell-based format,cell_based,8;9,D;H,2012,,488.59500000000014,5.652300000000005,98.72,2,5,6,6,5,0.2,0.32168070381356173
CHEMBL1940246,CHEMBL1940246,CC(C)n1cc(C(=O)c2cncc(N[C@@H]3CCC[C@@H]3c3ccc(F)cc3)n2)c2c(N)ncnc21,,6.68,1,6.68,6.68,Ki,B,single protein format,single_protein,8,H,2011,,459.52900000000017,4.502700000000003,111.61,2,7,6,5,4,0.32,0.4082992871027946
CHEMBL575646,CHEMBL575646,N[C@H](COc1cncc(CCc2ccncc2)c1)Cc1c[nH]c2ccccc12,,6.68,1,6.68,6.68,IC50,B,single protein format,single_protein,8,H,2009,,372.4720000000001,3.691900000000002,76.82,2,4,8,4,4,0.21739130434782608,0.49446162557967804
CHEMBL3699745,CHEMBL3699745,NC1(c2ccc(-c3nc4c(-c5cccc(F)c5)cccn4c3-c3ccccc3)cc2)CCC1,,6.68,2,6.68,6.68,IC50,B,single protein format,single_protein,8;9,D;H,2015,,433.5300000000002,6.812300000000005,43.31999999999999,1,2,4,6,5,0.13793103448275862,0.3381840341002992
CHEMBL3976022,CHEMBL3976022,CCc1c(N)ncnc1N1CCC(c2nc(-c3ccc(C(F)(F)F)c(F)c3)cn2CCN2CCCC(F)C2)CC1,,6.68,2,6.68,6.68,IC50,B,single protein format,single_protein,8,H,2015,,563.619,5.460500000000005,76.10000000000001,1,6,7,5,3,0.5357142857142857,0.3850534597889558
CHEMBL261540,CHEMBL261540,c1ccc(-c2cc3cccnc3nc2-c2ccc(CN3CCC(c4cc(-c5ccncc5)[nH]n4)CC3)cc2)cc1,,6.675,2,6.43,6.92,IC50,B,cell-based format;single protein format,mixed,8,H,2008,,522.6560000000003,7.128500000000007,70.59,1,5,6,7,6,0.17647058823529413,0.2519867991025115
CHEMBL4451405,CHEMBL4451405,Cn1ncc(Cl)c1-c1ccc(C(=O)N[C@@H]2CNCC[C@H]2c2ccc(F)c(F)c2)cn1,,6.67,1,6.67,6.67,IC50,B,assay format,other,9,D,2019,,431.8740000000002,3.289200000000002,71.84,2,4,4,4,3,0.2857142857142857,0.6646325795851424
CHEMBL3703109,CHEMBL3703109,NC1(c2ccc(-c3nc4cc(-c5cnc[nH]5)ccn4c3-c3ccccc3)cc2)CCC1,,6.67,2,6.67,6.67,IC50,B,single protein format,single_protein,8;9,D;H,2015,,405.5050000000002,5.396300000000004,72.0,2,3,4,6,5,0.15384615384615385,0.4206535727915779
CHEMBL573394,CHEMBL573394,N[C@H](COc1cncc(-c2ccc3nnccc3c2)c1)Cc1c[nH]c2ccccc12,,6.67,1,6.67,6.67,IC50,B,single protein format,single_protein,8,H,2009,,395.4660000000001,4.121900000000003,89.71000000000001,2,5,6,5,5,0.125,0.4513221841981227
CHEMBL4869229,CHEMBL4869229,CCc1nc(N[C@H](CNC)c2cccc(F)c2)c2cccc(C(N)=O)c2n1,,6.67,1,6.67,6.67,IC50,B,assay format,other,9,D,2021,,367.4280000000001,2.8028000000000004,92.92999999999999,3,5,7,3,3,0.25,0.5970802867069839
CHEMBL4457188,CHEMBL4457188,Cn1cc(-c2c(Cl)cnn2C)cc1C(=O)N[C@@H]1CNCC[C@H]1c1ccc(Cl)cc1,,6.67,1,6.67,6.67,IC50,B,assay format,other,9,D,2019,,432.35500000000013,3.6079000000000017,63.88,2,3,4,4,3,0.3333333333333333,0.662373187478607
CHEMBL3684415,CHEMBL3684415,O=S(=O)(NCc1ccc(-c2nnc3n2-c2cccnc2Nc2ccccc2-3)cc1)c1cccnc1,,6.66,2,6.66,6.66,IC50,B,single protein format,single_protein,8;9,D;H,2013,,481.54100000000017,3.926800000000002,114.69,2,7,5,6,5,0.04,0.38341001375163847
CHEMBL3699778,CHEMBL3699778,Cc1cc(-c2cc(C)c3nc(-c4ccc(C5(N)CCC5)cc4)c(-c4ccccc4)n3c2)[nH]n1,,6.66,2,6.66,6.66,IC50,B,single protein format,single_protein,8;9,D;H,2015,,433.5590000000001,6.013140000000005,72.0,2,3,4,6,5,0.21428571428571427,0.3643365894563024
CHEMBL3930072,CHEMBL3930072,C[C@H]1Cc2ccccc2N1C(=O)Cc1nc(N2CCOCC2)c(F)c(=S)[nH]1,,6.66,2,6.66,6.66,IC50,B,assay format;cell-based format,cell_based,8,H,2015,,388.468,2.6351900000000006,61.46,1,5,3,4,2,0.42105263157894735,0.8194392030961104
CHEMBL3113134,CHEMBL3113134,CC(C)NC(c1ccc(Cl)cc1)c1ccc(-c2ccncc2)cc1,,6.66,1,6.66,6.66,IC50,B,single protein format,single_protein,9,D,2014,,336.866,5.489400000000004,24.92,1,2,5,3,3,0.19047619047619047,0.6660438579127148
CHEMBL5934263,CHEMBL5934263,CC(C)c1ccc([C@@H](CN2CCC2)Nc2ncnc3c(C(N)=O)ccnc23)cc1,,6.66,2,6.12,7.2,IC50,B,single protein format,single_protein,8,H,2018;2019,,390.4910000000001,3.1060000000000008,97.02999999999999,2,6,7,4,3,0.36363636363636365,0.6433535859469385
CHEMBL3684429,CHEMBL3684429,O=S(=O)(NCc1ccc(-c2nnc3n2-c2cccnc2Nc2ccccc2-3)cc1)c1ccc(Cl)cc1,,6.66,2,6.66,6.66,IC50,B,single protein format,single_protein,8;9,D;H,2013,,514.9980000000002,5.185200000000004,101.8,2,6,5,6,5,0.038461538461538464,0.32827524554083604
CHEMBL3901251,CHEMBL3901251,NC(=O)c1c(N)ncnc1N1CCC(c2nc(-c3ccc(F)c(C(F)(F)F)c3)cn2CC2CCCN2)CC1,,6.66,2,6.66,6.66,IC50,B,single protein format,single_protein,8,H,2015,,532.546,3.315100000000001,127.97999999999999,3,7,6,5,3,0.44,0.4157531345643773
CHEMBL3927542,CHEMBL3927542,Cc1ccc(-c2cn(CCN3CCC3)c(C3CCN(c4ncnc(N)c4C(N)=O)CC3)n2)cc1Cl,,6.66,2,6.66,6.66,IC50,B,single protein format,single_protein,8,H,2015,,495.0310000000003,3.0727200000000012,119.18999999999998,2,7,7,5,3,0.44,0.5175553998168335
CHEMBL3414688,CHEMBL3414688,CC(C)CCCC1(C)CCc2cc(S(N)(=O)=O)cc(Br)c2O1,,6.66,1,6.66,6.66,Kd,B,single protein format,single_protein,9,D,2015,,390.3430000000001,4.006500000000003,69.39,1,3,5,2,1,0.625,0.8261363604991557
CHEMBL3696303,CHEMBL3696303,Cn1c(CC(=O)Nc2cc(F)c(F)c(F)c2)nc(N2CCOCC2)cc1=O,,6.66,2,6.66,6.66,IC50,B,assay format;cell-based format,cell_based,8;9,D;H,2015,,382.3420000000002,1.2154,76.46000000000001,1,5,4,3,2,0.35294117647058826,0.8050262965083691
CHEMBL3906804,CHEMBL3906804,N#Cc1c(N)ncnc1N1CCC(c2nc(-c3cnoc3)cn2CCN2CCC2)CC1,,6.66,2,6.66,6.66,IC50,B,single protein format,single_protein,8,H,2015,,419.49300000000034,1.8716799999999998,125.92,1,9,6,5,3,0.47619047619047616,0.6368852872530162
CHEMBL3703124,CHEMBL3703124,NC1(c2ccc(-c3nc4ccc(-c5cn[nH]c5)cn4c3-c3ccccc3)cc2)CCC1,,6.66,2,6.66,6.66,IC50,B,single protein format,single_protein,8;9,D;H,2015,,405.5050000000002,5.396300000000004,72.0,2,3,4,6,5,0.15384615384615385,0.4206535727915779
CHEMBL5175305,CHEMBL5221629,CC(C)NC[C@@H](C(=O)N1CCN(c2ncnc3c2[C@H](C)CC(=O)N3)C[C@@H]1C)c1ccc(Cl)cc1,,6.66,1,6.66,6.66,IC50,B,cell-based format,cell_based,9,D,2022,,485.03200000000027,3.3946000000000023,90.46000000000001,2,6,6,4,2,0.52,0.6527504975457132
CHEMBL3639985,CHEMBL3639985,COc1ccc(COc2ccn3c(-c4ccccc4)c(-c4ccc(C5(N)CCC5)cc4)nc3n2)cn1,,6.66,2,6.66,6.66,IC50,B,single protein format,single_protein,8;9,D;H,2015,,477.5680000000003,5.383800000000005,87.56,1,6,7,6,5,0.20689655172413793,0.33845249222707624
CHEMBL1800266,CHEMBL1800266,CCC[C@H](NC(=O)[C@H](CCCNC(=N)N)NC(=O)CN(CCCCN)C(=O)[C@@H](N)CCCNC(=N)N)C(=O)N[C@@H](Cc1ccc(O)cc1)C(=O)N[C@@H](CN)C(=O)N[C@@H](CCC(C)C)C(=O)N(CCN)CC(N)=O,,6.66,1,6.66,6.66,IC50,B,single protein format,single_protein,8,H,2011,,1033.2949999999994,-4.7523600000000155,477.3199999999999,17,15,37,1,1,0.6521739130434783,0.016902348630025252
CHEMBL5957892,CHEMBL5957892,CCCc1ccnn2c(-c3ccccc3)c(-c3ccc(C4(N)CCC4)cc3)nc12,,6.66,1,6.66,6.66,IC50,B,single protein format,single_protein,8,H,2017,,382.51100000000025,5.353700000000005,56.21,1,3,5,5,4,0.28,0.5058349930408248
CHEMBL3955405,CHEMBL3955405,NC(=O)c1c(N)ncnc1N1CCC(c2nc(-c3ccc(F)c(C(F)(F)F)c3)cn2CC2CCN2)CC1,,6.66,2,6.66,6.66,IC50,B,single protein format,single_protein,8,H,2015,,518.5190000000001,2.9250000000000007,127.97999999999999,3,7,6,5,3,0.4166666666666667,0.42829846066249727
CHEMBL4582476,CHEMBL4582476,Cn1ncc(Cl)c1-c1cc(C(=O)N[C@@H]2CNCC[C@H]2c2ccc(F)c(F)c2)sc1Cl,,6.65,1,6.65,6.65,IC50,B,assay format,other,9,D,2019,,471.3600000000001,4.609100000000003,58.95,2,4,4,4,3,0.3,0.5846649522863272
CHEMBL3699712,CHEMBL3699712,COC(=O)c1ccn2c(-c3ccccc3)c(-c3ccc(C4(N)CCC4)cc3)nc2c1,,6.65,2,6.65,6.65,IC50,B,single protein format,single_protein,8;9,D;H,2015,,397.47800000000024,4.792800000000003,69.62,1,4,4,5,4,0.2,0.5026701280302748
CHEMBL276130,CHEMBL276130,CSc1ncc2cc(-c3ccccc3)c(-c3ccc(CNCCC(N)=O)cc3)nc2n1,,6.65,1,6.65,6.65,IC50,B,single protein format,single_protein,8,H,2008,,429.54900000000026,4.045700000000002,93.78999999999999,2,6,8,4,4,0.16666666666666666,0.24934945909991516
CHEMBL2177380,CHEMBL2177380,CC(C)NC[C@@H](C(=O)N1CCN(c2ncnc3c2[C@H](C)C[C@@H]3O)CC1)c1ccc(Cl)cc1,,6.65,2,6.13,7.17,IC50,B,assay format;cell-based format,cell_based,9,D,2012,,458.0060000000002,3.1010000000000018,81.59,2,6,6,4,2,0.5416666666666666,0.6932733327579151
CHEMBL226331,CHEMBL226331,N[C@H](COc1cncc(-c2cc3cn[nH]c3cn2)c1)Cc1ccccc1,,6.65,1,6.65,6.65,IC50,B,single protein format,single_protein,9,D,2007,,345.4060000000001,2.968700000000001,89.71,2,5,6,4,4,0.15,0.5606284513176901
CHEMBL375486,CHEMBL375486,Cn1cccc1-c1n[nH]c2cnc(-c3cncc(OC[C@@H](N)Cc4ccccc4)c3)cc12,,6.64,1,6.64,6.64,IC50,B,single protein format,single_protein,9,D,2007,,424.5080000000002,3.9742000000000024,94.64,2,5,7,5,5,0.16,0.4121720233440017
CHEMBL381785,CHEMBL381785,CC(=O)Nc1ccc(-c2cncc(OC[C@@H](N)Cc3c[nH]c4ccccc34)c2)cc1,,6.64,1,6.64,6.64,IC50,B,single protein format,single_protein,9,D,2006,,400.482,4.137100000000002,93.03,3,4,7,4,4,0.16666666666666666,0.4346753248396109
CHEMBL3699679,CHEMBL3699679,NC1(c2ccc(-c3nc4ccc(-n5cccn5)cn4c3-c3ccccc3)cc2)CCC1,,6.64,2,6.64,6.64,IC50,B,single protein format,single_protein,8;9,D;H,2015,,405.5050000000002,5.191900000000004,61.14,1,3,4,6,5,0.15384615384615385,0.44744235586980974
CHEMBL3672520,CHEMBL3672520,NC1(c2ccc(-c3nc4c5ccc(-c6ccc(F)cc6)cc5nn4cc3-c3ccccc3)cc2)CCC1,,6.64,2,6.64,6.64,IC50,B,single protein format,single_protein,8;9,D;H,2015,,484.57800000000026,7.360500000000005,56.209999999999994,1,3,4,7,6,0.125,0.2843636459415906
CHEMBL3933645,CHEMBL3933645,CN(C)CCn1cc(-c2ccc(F)c(C(F)(F)F)c2)nc1C1CCN(c2ncnc(N)c2-c2ccc(F)cc2)CC1,,6.64,2,6.64,6.64,IC50,B,single protein format,single_protein,8,H,2015,,571.5980000000002,5.8319000000000045,76.10000000000001,1,6,7,5,4,0.3448275862068966,0.2814762689979002
CHEMBL5883220,CHEMBL5883220,N#CC(NC(=O)C1(N)CCN(c2ncnc3[nH]ccc23)CC1)c1ccc(Cl)cc1,,6.64,1,6.64,6.64,IC50,B,single protein format,single_protein,8,H,2016,,409.8810000000002,2.2900800000000006,123.72,3,6,4,4,3,0.3,0.6069151031496838
CHEMBL3699765,CHEMBL3699765,Cc1cc(-c2ccn[nH]2)c2nc(-c3ccc(C4(N)CCC4)cc3)c(-c3ccccc3)n2c1,,6.64,2,6.64,6.64,IC50,B,single protein format,single_protein,8;9,D;H,2015,,419.53200000000015,5.7047200000000045,72.0,2,3,4,6,5,0.18518518518518517,0.39215272422638114
CHEMBL3696268,CHEMBL3696268,O=C(Cc1nc(N2CCOCC2)cc(=O)[nH]1)Nc1ccc(F)c(C2CC2)c1,,6.64,2,6.64,6.64,IC50,B,assay format;cell-based format,cell_based,8;9,D;H,2015,,372.40000000000015,1.8041999999999996,87.32000000000001,2,5,5,4,2,0.42105263157894735,0.8358183319335145
CHEMBL3699682,CHEMBL3699682,CCCOc1ccn2c(-c3ccccc3)c(-c3ccc(C4(N)CCC4)cc3)nc2n1,,6.64,2,6.64,6.64,IC50,B,single protein format,single_protein,8;9,D;H,2015,,398.5100000000002,5.190000000000005,65.44,1,4,6,5,4,0.28,0.48534004208550297
CHEMBL4522820,CHEMBL4522820,Cn1nccc1-c1ccc(C(=O)N[C@@H]2CNCC[C@H]2c2ccc(Cl)cc2)o1,,6.64,1,6.64,6.64,IC50,B,assay format,other,9,D,2019,,384.8670000000001,3.2090000000000014,72.09,2,4,4,4,3,0.3,0.7241187263251677
CHEMBL1940248,CHEMBL1940248,CC(C)n1cc(C(=O)c2cncc(N[C@@H]3CCO[C@@H]3c3ccc(F)cc3)n2)c2c(N)ncnc21,,6.64,1,6.64,6.64,Ki,B,single protein format,single_protein,8,H,2011,,461.50100000000015,3.696600000000002,120.84,2,8,6,5,4,0.2916666666666667,0.4171408782657591
CHEMBL3684355,CHEMBL3684355,CC(C)(C)c1ccc(C(=O)Nc2ccc(-c3nnc4n3-c3cccnc3Nc3ccccc3-4)cc2)cc1,,6.64,2,6.64,6.64,IC50,B,single protein format,single_protein,8;9,D;H,2013,,486.5790000000001,6.603100000000006,84.73,2,5,3,6,5,0.13333333333333333,0.2942590070428856
CHEMBL210093,CHEMBL210093,N[C@H](COc1cncc(-c2ccc3c(F)nccc3c2)c1)Cc1c[nH]c2ccccc12,,6.64,1,6.64,6.64,IC50,B,single protein format,single_protein,9,D,2006,,412.46800000000013,4.866000000000003,76.82,2,4,6,5,5,0.12,0.39037905173203685
CHEMBL3696273,CHEMBL3696273,CCOc1cccc(NC(=O)Cc2nc(N3CCOCC3)cc(=O)[nH]2)c1,,6.635,4,6.12,7.15,IC50,B,assay format;cell-based format,cell_based,8;9,D;H,2015,,358.3980000000001,1.1863999999999995,96.54999999999998,2,6,6,3,2,0.3888888888888889,0.8050962699442585
CHEMBL3703110,CHEMBL3703110,Cn1cncc1-c1ccn2c(-c3ccccc3)c(-c3ccc(C4(N)CCC4)cc3)nc2c1,,6.63,2,6.63,6.63,IC50,B,single protein format,single_protein,8;9,D;H,2015,,419.5320000000002,5.406700000000005,61.14,1,3,4,6,5,0.18518518518518517,0.42383456847207973
CHEMBL378870,CHEMBL378870,Cc1n[nH]c2ccc(-c3cncc(OC[C@@H](N)c4ccccc4)c3)cc12,,6.63,1,6.63,6.63,Ki,B,single protein format,single_protein,9,D,2006,,344.418,4.012120000000002,76.82,2,4,5,4,4,0.14285714285714285,0.573310940788458
CHEMBL3699671,CHEMBL3699671,CCOc1cnc2nc(-c3ccc(C4(N)CCC4)cc3)c(-c3ccccc3)n2c1,,6.63,2,6.63,6.63,IC50,B,single protein format,single_protein,8;9,D;H,2015,,384.48300000000006,4.799900000000004,65.44,1,4,5,5,4,0.25,0.5367055329033494
CHEMBL3699805,CHEMBL3699805,O=C(Cc1nc(N2CCOCC2)cc(=O)[nH]1)Nc1cccc2c1NCCC2,,6.63,2,6.63,6.63,IC50,B,assay format;cell-based format,cell_based,8;9,D;H,2015,,369.4250000000002,1.1457999999999993,99.35000000000001,3,6,4,4,2,0.42105263157894735,0.7476269668184425
CHEMBL3696270,CHEMBL3696270,O=C(Cc1nc(N2CCOCC2)cc(=O)[nH]1)Nc1ccc(F)c(OC(F)(F)F)c1,,6.63,4,6.09,7.17,IC50,B,assay format;cell-based format,cell_based,8;9,D;H,2015,,416.3310000000001,1.8253999999999995,96.55000000000001,2,6,5,3,2,0.35294117647058826,0.7223917853361702
CHEMBL3951881,CHEMBL3951881,CC1Cc2cc(F)c(F)cc2N1C(=O)Cc1nc(N2CCOCC2)c(F)c(=O)n1C,,6.625,4,6.57,6.68,IC50,B,assay format;cell-based format,cell_based,8,H,2015,,422.40700000000027,1.5544999999999998,67.67,0,5,3,4,2,0.45,0.7511785864377765
CHEMBL3891763,CHEMBL3891763,N#Cc1c(N)ncnc1N1CCC(c2nc(-c3ccc(F)c(C(F)(F)F)c3)cn2C2CNC2)CC1,,6.62,2,6.62,6.62,IC50,B,single protein format,single_protein,8,H,2015,,486.4770000000002,3.4801800000000016,108.68,2,7,4,5,3,0.391304347826087,0.5437625039945052
CHEMBL3684359,CHEMBL3684359,O=C(Cc1ccccc1)Nc1ccc(-c2nnc3n2-c2cccnc2Nc2ccccc2-3)cc1,,6.62,2,6.62,6.62,IC50,B,single protein format,single_protein,8;9,D;H,2013,,444.4980000000001,5.234500000000003,84.73,2,5,4,6,5,0.037037037037037035,0.3887136529434619
CHEMBL272292,CHEMBL272292,O=C(O)c1ccc2nc(-c3ccc(CN4CCC(n5c(=O)[nH]c6ccccc65)CC4)cc3)c(-c3ccccc3)nc2c1,,6.62,1,6.62,6.62,IC50,B,single protein format,single_protein,9,D,2005,,555.6380000000001,6.1421000000000054,104.11,2,5,6,7,6,0.17647058823529413,0.2558113987997804
CHEMBL2021603,CHEMBL2021603,Cc1c[nH]c2ncnc(N3CC[C@H](N)C3)c12,,6.62,1,6.62,6.62,IC50,B,single protein format,single_protein,8,H,2010,,217.27599999999995,0.8037199999999999,70.83,2,4,1,3,2,0.45454545454545453,0.7410131110894728
CHEMBL3684413,CHEMBL3684413,Cn1cnc(S(=O)(=O)NCc2ccc(-c3nnc4n3-c3cccnc3Nc3ccccc3-4)cc2)c1,,6.62,2,6.62,6.62,IC50,B,single protein format,single_protein,8;9,D;H,2013,,484.54500000000013,3.2653000000000008,119.61999999999999,2,7,5,6,5,0.08333333333333333,0.38536937610831434
CHEMBL1823661,CHEMBL1823661,O=C(N[C@@H](c1ccc(Cl)c(Cl)c1)C1CCN(Cc2ccccc2)CC1)c1ccc2cnccc2c1,,6.62,1,6.62,6.62,IC50,B,single protein format,single_protein,8,H,2011,,504.46100000000024,6.924900000000006,45.230000000000004,1,3,6,5,4,0.2413793103448276,0.30996192161604585
CHEMBL5776584,CHEMBL5776584,NC1(C(=O)N[C@H](CCCO)c2ccc(Cl)cc2)CCN(c2ncnc3[nH]ccc23)CC1,,6.62,1,6.62,6.62,IC50,B,single protein format,single_protein,8,H,2016,,442.95100000000025,2.5390000000000006,120.16,4,6,7,4,3,0.4090909090909091,0.44597504506952457
CHEMBL181730,CHEMBL181730,Fc1ccc2[nH]c(C3CCN(Cc4ccc(-c5ncc(-c6nn[nH]n6)cc5-c5ccccc5)cc4)CC3)nc2c1,,6.62,1,6.62,6.62,IC50,B,single protein format,single_protein,9,D,2005,,530.6110000000002,5.990700000000005,99.27000000000001,2,6,6,7,6,0.1935483870967742,0.27443551755369167
CHEMBL1800699,CHEMBL1800699,CCC[C@@H]1NC(=O)[C@H](CCCNC(=N)N)NC(=O)CNCCCNC(=O)NCCN(CC(N)=O)C(=O)[C@H](CCC(C)C)NC(=O)[C@H](CN)NC(=O)[C@H](Cc2ccc(O)cc2)NC1=O,,6.62,1,6.62,6.62,IC50,B,single protein format,single_protein,8,H,2011,,889.0729999999999,-3.576630000000014,370.2099999999999,14,12,14,2,1,0.625,0.04890771293448681
CHEMBL3696259,CHEMBL3696259,O=C(Cc1nc(N2CCOCC2)cc(=O)[nH]1)Nc1cccc2ocnc12,,6.615,4,6.4,6.83,IC50,B,assay format;cell-based format,cell_based,8;9,D;H,2015,,355.3540000000001,0.9288999999999995,113.35000000000001,2,7,4,4,3,0.29411764705882354,0.715493700524079
CHEMBL2035017,CHEMBL2035017,NC1(c2ccc(-c3nc4ccccc4cc3-c3ccccc3)cc2)CCC1,,6.61,1,6.61,6.61,IC50,B,single protein format,single_protein,8,H,2012,,350.46500000000015,5.906700000000004,38.91,1,2,3,5,4,0.16,0.4989269955464054
CHEMBL378759,CHEMBL378759,Cc1n[nH]c2ccc(-c3cncc(SC[C@@H](N)Cc4c[nH]c5ccccc45)c3)cc12,,6.61,1,6.61,6.61,Ki,B,single protein format,single_protein,9,D,2006,,413.5500000000001,5.0767200000000035,83.38,3,4,6,5,5,0.16666666666666666,0.3391616926711187
CHEMBL270815,CHEMBL270815,Nc1nc(O)nc2nc(-c3ccc(CN4CCC(n5c(=O)[nH]c6ccccc65)CC4)cc3)c(-c3ccccc3)cc12,,6.61,1,6.61,6.61,IC50,B,single protein format,single_protein,9,D,2008,,543.6310000000002,5.126700000000004,125.94999999999999,3,7,5,7,6,0.1875,0.27529126796877507
CHEMBL3961321,CHEMBL3961321,Cc1cc(-c2cc(=O)[nH]c(CC(=O)N3CCc4c(F)cccc43)n2)ccn1,,6.61,2,6.61,6.61,IC50,B,assay format;cell-based format,cell_based,8,H,2015,,364.38,2.41122,78.95,1,4,3,4,3,0.2,0.7740840695387203
CHEMBL3672040,CHEMBL3672040,c1ccc(-c2cn3nc(C4CC4)nc3nc2-c2ccc(CN3CCC(c4cnc5ccccc5n4)CC3)cc2)cc1,,6.61,2,6.61,6.61,IC50,B,cell-based format,cell_based,9,D,2015,,537.6710000000004,6.658500000000006,72.1,0,6,6,8,6,0.2647058823529412,0.23663922340618576
CHEMBL2035019,CHEMBL2035019,NC1(c2ccc(-c3nn4ccnc4cc3-c3ccccc3)cc2)CCC1,,6.61,3,6.28,6.61,IC50,B,cell-based format;single protein format,mixed,8;9,D;H,2012;2015,,340.4300000000002,4.401200000000003,56.209999999999994,1,3,3,5,4,0.18181818181818182,0.6011927777100252
CHEMBL3699755,CHEMBL3699755,COc1ccn2c(-c3ccccc3)c(-c3ccc(C4(N)CCC4)cc3)nc2c1C#N,,6.61,2,6.61,6.61,IC50,B,single protein format,single_protein,8;9,D;H,2015,,394.47800000000024,4.886480000000004,76.34,1,4,4,5,4,0.2,0.5347833059052577
CHEMBL3696245,CHEMBL3696245,N#Cc1cc(NC(=O)Cc2nc(N3CCOCC3)cc(=O)[nH]2)ccc1F,,6.61,2,6.61,6.61,IC50,B,assay format;cell-based format,cell_based,8;9,D;H,2015,,357.34499999999997,0.7984799999999996,111.10999999999999,2,6,4,3,2,0.29411764705882354,0.8372001746093699
CHEMBL261204,CHEMBL261204,c1ccc(-c2nnc[nH]2)c(Nc2ncnc3[nH]ccc23)c1,,6.609999999999999,2,6.54,6.68,IC50,B,single protein format,single_protein,8,H,2008;2010,,277.29100000000005,2.4866,95.17000000000002,3,5,3,4,4,0.0,0.5344472870099404
CHEMBL5712059,CHEMBL5712059,C=CC(=O)Nc1cccc(CNC2CCN(Cc3ccc(-c4nc5cc[nH]c(=O)c5cc4-c4ccccc4)cc3)CC2)c1,,6.605,2,6.49,6.72,IC50;Ki,B,cell-based format,cell_based,9,D,2019,,569.7090000000001,6.135800000000006,90.12,3,5,9,6,5,0.19444444444444445,0.1857600987681564
CHEMBL270388,CHEMBL270388,N#Cc1cc(-c2ccccc2)c(-c2ccc(CN3CCC(n4c(=O)[nH]c5ccccc54)CC3)cc2)nc1Cl,,6.6,1,6.6,6.6,IC50,B,single protein format,single_protein,9,D,2008,,520.0360000000002,6.420780000000005,77.71,1,4,5,6,5,0.1935483870967742,0.27166695756856796
CHEMBL407733,CHEMBL407733,c1ccc(-c2cc3cccnc3nc2-c2ccc(CN3CCC(c4cc(-c5cccnc5)[nH]n4)CC3)cc2)cc1,,6.6,1,6.6,6.6,IC50,B,single protein format,single_protein,8,H,2008,,522.6560000000003,7.128500000000007,70.59,1,5,6,7,6,0.17647058823529413,0.2519867991025115
CHEMBL1760766,CHEMBL1760766,Cc1cccc(C)c1S(=O)(=O)N1CCC[C@H]1[C@H](O)CN1CCC[C@@]2(CCN(c3ncnc(N)c3C3CC3)C2)C1,,6.6,1,6.6,6.6,IC50,B,single protein format,single_protein,8,H,2011,,554.7610000000002,3.059540000000001,115.89,2,8,7,6,2,0.6551724137931034,0.5366667207706513
CHEMBL474390,CHEMBL474390,CCC[C@H]1O[C@@H]2CC(=O)O[C@@H]2C2=C1C(=O)c1c(O)cccc1C2=O,FRENOLICIN B,6.6,2,6.5,6.7,IC50,B,single protein format,single_protein,8;9,D;H,2009;2012,,328.32000000000005,1.9507999999999999,89.9,1,6,2,4,1,0.3888888888888889,0.8346967264080133
CHEMBL258696,CHEMBL258696,CCN(CC)CCNC(=O)c1ccc2nc(-c3ccccc3)c(-c3ccc(CN4CCC(n5c(=O)[nH]c6ccccc65)CC4)cc3)nc2c1,,6.6,3,6.28,6.86,IC50,B,cell-based format;single protein format,mixed,8,H,2008,,653.8310000000001,6.5155000000000065,99.14999999999999,2,6,11,7,6,0.3,0.1653939348970713
CHEMBL3908333,CHEMBL3908333,N#Cc1c(N)ncnc1N1CCC(c2nc(-c3ccoc3)cn2CCN2CCC2)CC1,,6.6,2,6.6,6.6,IC50,B,single protein format,single_protein,8,H,2015,,418.50500000000034,2.47668,113.02999999999999,1,8,6,5,3,0.45454545454545453,0.6494966090909133
CHEMBL1823647,CHEMBL1823647,O=C(NC(c1ccc(Cl)c(Cl)c1)C1CCNCC1)c1ccc2[nH]ncc2c1,,6.6,1,6.6,6.6,IC50,B,single protein format,single_protein,8,H,2011,,403.3130000000001,4.3404000000000025,69.81,3,3,4,4,3,0.3,0.6071196397662459
CHEMBL3696282,CHEMBL3696282,Cn1c(CC(=O)Nc2cccc(Br)c2)nc(N2CCOCC2)cc1=O,,6.6,2,6.6,6.6,IC50,B,assay format;cell-based format,cell_based,8;9,D;H,2015,,407.26800000000026,1.5606,76.46000000000001,1,5,4,3,2,0.35294117647058826,0.8328787442414792
CHEMBL592030,CHEMBL592030,NCCCn1cc(-c2cc(-c3cc4ccccc4s3)c3[nH]ncc3c2)c2nc(N)ncc21,,6.6,1,6.6,6.6,Ki,F,assay format,other,8,H,,,439.5480000000001,4.787300000000003,111.42999999999999,3,6,5,6,6,0.125,0.357630628910453
CHEMBL2177820,CHEMBL2177820,Nc1ncccc1-c1nc2cccnc2n1-c1ccc(CNC(=O)C2CCCCC2)cc1,,6.6,1,6.6,6.6,IC50,B,cell-based format,cell_based,8,H,2012,,426.52400000000034,4.261200000000003,98.72,2,5,5,5,4,0.28,0.49674212453913463
CHEMBL1800259,CHEMBL1800259,CCC[C@H](NC(=O)[C@H](CCCNC(=N)N)NC(=O)CN(CCN)C(=O)[C@@H](N)CCCNC(=N)N)C(=O)N[C@@H](Cc1ccc(O)cc1)C(=O)N[C@@H](CN)C(=O)N[C@@H](CCC(C)C)C(=O)N(CCCN)CC(N)=O,,6.6,1,6.6,6.6,IC50,B,single protein format,single_protein,8,H,2011,,1019.2679999999993,-5.142460000000015,477.3199999999999,17,15,36,1,1,0.6444444444444445,0.016977927283214615
CHEMBL4163164,CHEMBL4163164,CCOC(=O)c1c(C)nc(NNC(=O)c2cccc3c(=O)c4ccccc4[nH]c23)nc1-c1cccc(OC)c1,,6.6,1,6.6,6.6,IC50,B,single protein format,single_protein,9,D,2017,,523.5490000000003,4.388920000000002,135.29999999999998,3,8,7,5,5,0.13793103448275862,0.16241393563149828
CHEMBL3910716,CHEMBL3910716,Cn1cc(-c2ccc(F)c(C(F)(F)F)c2)nc1C1CCN(c2ncnc(N)c2-c2ccc(CO)cc2)CC1,,6.6,2,6.6,6.6,IC50,B,single protein format,single_protein,8,H,2015,,526.5380000000002,5.160500000000005,93.09,2,6,5,5,4,0.2962962962962963,0.3491958242411582
CHEMBL1095622,CHEMBL1095622,COc1cc2ncc3c(N)nc(-c4cncc(OC[C@H](N)Cc5ccc(F)cc5)c4)cc3c2cc1OC,,6.6,1,6.6,6.6,IC50,B,single protein format,single_protein,8,H,2010,,499.5460000000002,4.532300000000003,118.4,2,8,8,5,5,0.17857142857142858,0.29902759937860296
CHEMBL469561,CHEMBL469561,NCC(CNc1ccc(-c2ccnc3[nH]ccc23)s1)c1ccccc1,,6.6,1,6.6,6.6,IC50,B,single protein format,single_protein,8,H,2009,,348.475,4.445800000000003,66.72999999999999,3,4,6,4,4,0.15,0.4822694296687381
CHEMBL3684439,CHEMBL3684439,c1ccc(-c2nnc(C3CCN(Cc4ccc(-c5nnc6n5-c5ccccc5Nc5ccccc5-6)cc4)CC3)[nH]2)nc1,,6.6,2,6.6,6.6,IC50,B,single protein format,single_protein,8;9,D;H,2013,,551.6580000000001,6.218000000000005,100.44000000000001,2,7,5,8,6,0.18181818181818182,0.2620080639191727
CHEMBL208199,CHEMBL208199,N[C@H](COc1cncc(-c2ccncc2)c1)Cc1c[nH]c2ccccc12,,6.595000000000001,2,6.58,6.61,IC50,B,single protein format,single_protein,8;9,D;H,2006;2009,,344.41800000000006,3.5737000000000023,76.82,2,4,6,4,4,0.14285714285714285,0.5604501675683519
CHEMBL252652,CHEMBL252652,CCNC(=O)NC1CCN(Cc2ccc(-c3nc4nc(SC)ncc4cc3-c3ccccc3)cc2)CC1,,6.595,2,6.1,7.09,IC50,B,cell-based format;single protein format,mixed,8;9,D;H,2008,,512.6830000000002,5.364200000000005,83.04,2,6,7,5,4,0.3103448275862069,0.25610196147005404
CHEMBL3703148,CHEMBL3703148,NC(=O)Nc1ccc2nc(-c3ccc(C4(N)CCC4)cc3)c(-c3ccccc3)n2c1,,6.59,2,6.59,6.59,IC50,B,single protein format,single_protein,8;9,D;H,2015,,397.482,4.496800000000003,98.44,3,3,4,5,4,0.16666666666666666,0.4728195742440379
CHEMBL3976391,CHEMBL3976391,CCc1c(N)ncnc1N1CCC(c2nc(-c3ccc(F)c(F)c3)cn2CCN2CC3(COC3)C2)CC1,,6.59,2,6.59,6.59,IC50,B,single protein format,single_protein,8,H,2015,,509.6050000000004,3.4791000000000025,85.33000000000001,1,7,7,6,3,0.5185185185185185,0.522031100244713
CHEMBL3985936,CHEMBL3985936,CS(=O)(=O)N1CCN(Cc2cccc3c2CCN3C(=O)Cc2nc(N3CCOCC3)cc(=O)[nH]2)CC1,,6.59,2,6.59,6.59,IC50,B,assay format;cell-based format,cell_based,8,H,2015,,516.6240000000004,-0.18449999999999678,119.15,1,8,6,5,2,0.5416666666666666,0.5616142069407717
CHEMBL3703163,CHEMBL3703163,CN(C)C(=O)COc1ccn2c(-c3ccccc3)c(-c3ccc(C4(N)CCC4)cc3)nc2c1,,6.59,2,6.59,6.59,IC50,B,single protein format,single_protein,8;9,D;H,2015,,440.54700000000025,4.473200000000003,72.86,1,4,6,5,4,0.25925925925925924,0.48003897076430124
CHEMBL1095294,CHEMBL1095294,COc1cc2ncc3c(N)nc(-c4cncc(OC[C@H](N)Cc5ccccc5)c4)cc3c2cc1OC,,6.59,1,6.59,6.59,IC50,B,single protein format,single_protein,8,H,2010,,481.5560000000002,4.393200000000003,118.4,2,8,8,5,5,0.17857142857142858,0.31330074089817356
CHEMBL3699735,CHEMBL3699735,NC1(c2ccc(-c3nc4ccc(C(=O)NO)cn4c3-c3ccccc3)cc2)CCC1,,6.59,2,6.59,6.59,IC50,B,single protein format,single_protein,8;9,D;H,2015,,398.4660000000002,4.125200000000003,92.64999999999999,3,4,4,5,4,0.16666666666666666,0.3560204434750677
CHEMBL2375955,CHEMBL2375955,Cc1nc(N)nc2c1cc(-c1cn[nH]c1)c(=O)n2[C@H]1CC[C@H](OCC(N)=O)CC1,,6.59,1,6.59,6.59,IC50,B,cell-based format,cell_based,9,D,2013,,397.4390000000003,1.0578199999999995,154.79999999999998,3,7,5,4,3,0.42105263157894735,0.5810730742313782
CHEMBL4588742,CHEMBL4588742,Cn1cc(-c2c(Br)cnn2C)cc1C(=O)N[C@@H]1CNCC[C@H]1c1ccc(Cl)cc1,,6.59,1,6.59,6.59,IC50,B,assay format,other,9,D,2019,,476.80600000000015,3.7170000000000023,63.88,2,3,4,4,3,0.3333333333333333,0.6032056888458784
CHEMBL3699715,CHEMBL3699715,CCc1ccc2nc(-c3ccc(C4(N)CCC4)cc3)c(-c3ccccc3)n2c1,,6.58,2,6.58,6.58,IC50,B,single protein format,single_protein,8;9,D;H,2015,,367.49600000000004,5.568600000000005,43.31999999999999,1,2,4,5,4,0.24,0.5123852225058281
CHEMBL1938415,CHEMBL1938415,CC(C)n1cc(C(=O)c2cncc(N[C@@H]3COC[C@@H]3c3ccc(F)cc3)n2)c2c(N)ncnc21,,6.58,1,6.58,6.58,Ki,B,single protein format,single_protein,8,H,2011,,461.50100000000015,3.349000000000001,120.84,2,8,6,5,4,0.2916666666666667,0.4195245615323795
CHEMBL2177389,CHEMBL2177389,CC(C)NC[C@@H](C(=O)N1CCN(c2ncnc3c2[C@H](CO)CC3)CC1)c1ccc(Cl)cc1,,6.58,2,6.07,7.09,IC50,B,assay format;cell-based format,cell_based,9,D,2012,,458.0060000000003,2.5825000000000005,81.59,2,6,7,4,2,0.5416666666666666,0.6646953393020781
CHEMBL3696262,CHEMBL3696262,COc1cc(F)ccc1NC(=O)Cc1nc(N2CCOCC2)cc(=O)[nH]1,,6.58,2,6.58,6.58,IC50,B,assay format;cell-based format,cell_based,8;9,D;H,2015,,362.36100000000016,0.9353999999999998,96.54999999999998,2,6,5,3,2,0.35294117647058826,0.8216490369139582
CHEMBL3696302,CHEMBL3696302,Cn1c(CC(=O)Nc2ccc(F)c(C(F)F)c2)nc(N2CCOCC2)cc1=O,,6.58,2,6.58,6.58,IC50,B,assay format;cell-based format,cell_based,8;9,D;H,2015,,396.36900000000026,1.8747999999999996,76.46000000000001,1,5,5,3,2,0.3888888888888889,0.835284607970947
CHEMBL3684351,CHEMBL3684351,O=C(Nc1ccc(-c2nnc3n2-c2cccnc2Nc2ccccc2-3)cc1)c1cccnc1,,6.58,2,6.58,6.58,IC50,B,single protein format,single_protein,8;9,D;H,2013,,431.4590000000001,4.700600000000002,97.62,2,6,3,6,5,0.0,0.421515454521064
CHEMBL3900299,CHEMBL3900299,CCCCCCCCCCCCCCCC(=O)OCC(COP(=O)(O)OC1[C@H](O)[C@H](OP(=O)(O)O)C(OP(=O)(O)O)[C@H](OP(=O)(O)O)[C@H]1O)OC(=O)CCCCCCCCCCCCCCC,,6.58,1,6.58,6.58,Ki,B,single protein format,single_protein,8,H,2016,,1050.9809999999998,8.075300000000016,349.1,9,15,42,1,0,0.9512195121951219,0.015835733158684147
CHEMBL1097602,CHEMBL1097602,COc1cc2ncc3c(N)nc(-c4cncc(OC[C@@H](N)Cc5ccccc5)c4)cc3c2cc1OC,,6.58,1,6.58,6.58,IC50,B,single protein format,single_protein,8,H,2010,,481.5560000000002,4.393200000000003,118.4,2,8,8,5,5,0.17857142857142858,0.31330074089817356
CHEMBL1632374,CHEMBL1632374,C[C@H]1SCc2ncnc(N3CCN(C(=O)[C@H](N)Cc4ccc(Cl)cc4)CC3)c21,,6.58,1,6.58,6.58,IC50,B,single protein format,single_protein,8,H,2010,,417.9660000000002,2.6564000000000005,75.35000000000001,1,6,4,4,2,0.45,0.8237440317413228
CHEMBL2177824,CHEMBL2177824,Nc1ncccc1-c1nc2cccnc2n1-c1ccc(CNCc2ccccc2)cc1,,6.58,1,6.58,6.58,IC50,B,cell-based format,cell_based,8,H,2012,,406.49300000000017,4.354500000000003,81.65,2,5,6,5,5,0.08,0.4379883457797648
CHEMBL5999638,CHEMBL5999638,CC[C@@H](NC(=O)C1(N)CCN(c2ncnc3[nH]ccc23)CC1)c1ccc(Cl)cc1,,6.57,1,6.57,6.57,IC50,B,single protein format,single_protein,8,H,2016,,412.9250000000002,3.1765000000000017,99.93,3,5,5,4,3,0.38095238095238093,0.597206574253254
CHEMBL205994,CHEMBL205994,N[C@H](CNc1cncc(Nc2cccc3cnccc23)c1)Cc1c[nH]c2ccccc12,,6.57,1,6.57,6.57,IC50,B,single protein format,single_protein,9,D,2006,,408.5090000000002,4.8366000000000025,91.65,4,5,7,5,5,0.12,0.3093780720990445
CHEMBL3112860,CHEMBL3112860,CN1CCN(Cc2cccc3c2CCN3C(=O)Cc2nc(N3CCOCC3)cc(=O)[nH]2)CC1,,6.57,2,6.57,6.57,IC50,B,assay format;cell-based format,cell_based,8,H,2015,,452.5590000000003,0.4857000000000025,85.00999999999999,1,7,5,5,2,0.5416666666666666,0.7066615991714857
CHEMBL4587088,CHEMBL4587088,Cn1ncc(Br)c1-c1ccc(C(=O)N[C@@H]2CNCC[C@H]2c2ccc(F)c(F)c2)cn1,,6.57,1,6.57,6.57,IC50,B,assay format,other,9,D,2019,,476.3250000000002,3.3983000000000017,71.84,2,4,4,4,3,0.2857142857142857,0.6059643272886827
CHEMBL4545250,CHEMBL4595610,NCc1ccc(-n2c(-c3cccnc3N)nc3ccc(Cl)nc32)cc1,,6.57,1,6.57,6.57,IC50,B,cell-based format,cell_based,9,D,2016,,350.8130000000001,3.176800000000001,95.64,2,5,3,4,4,0.05555555555555555,0.5531140783661649
CHEMBL4565210,CHEMBL4595609,Cc1cnc2c(c1)nc(-c1cccnc1N)n2-c1ccc(CN)cc1,,6.57,1,6.57,6.57,IC50,B,cell-based format,cell_based,9,D,2016,,330.3950000000001,2.8318199999999996,95.64,2,5,3,4,4,0.10526315789473684,0.6020125556360337
CHEMBL4860306,CHEMBL5028482,CC(C)C[C@@H](NC(=O)C1(N)CCN(c2ncnc3[nH]ccc23)CC1)C(=O)NO,,6.57,1,6.57,6.57,IC50,B,single protein format,single_protein,9,D,2021,,389.4600000000001,0.29190000000000216,149.26,5,7,6,3,2,0.5555555555555556,0.3519990012731326
CHEMBL270847,CHEMBL270847,O=c1[nH]c2ccccc2n1C1CCN(Cc2ccc(-c3ncc(-c4nnn[nH]4)cc3-c3ccccc3)cc2)CC1,,6.56,1,6.56,6.56,IC50,B,single protein format,single_protein,9,D,2005,,528.62,5.0758000000000045,108.38,2,6,6,7,6,0.1935483870967742,0.31230593047743344
CHEMBL3696312,CHEMBL3696312,COc1cccc2c1CCN2C(=O)Cc1nc(N2CCOCC2)cc(=O)n1C,,6.56,2,6.56,6.56,IC50,B,assay format;cell-based format,cell_based,8;9,D;H,2015,,384.4360000000002,0.7573000000000001,76.9,0,6,4,4,2,0.45,0.7746230688391276
CHEMBL206198,CHEMBL206198,N[C@H](COc1cc(/C=C/c2ccncc2)cnc1Cl)Cc1c[nH]c2ccccc12,,6.56,1,6.56,6.56,IC50,B,single protein format,single_protein,9,D,2006,,404.9010000000001,4.730500000000003,76.82,2,4,7,4,4,0.13043478260869565,0.436357354380966
CHEMBL182101,CHEMBL182101,Cn1nnnc1-c1cnc(-c2ccc(CN3CCC(n4c(=O)[nH]c5ccccc54)CC3)cc2)c(-c2ccccc2)c1,,6.56,1,6.56,6.56,IC50,B,single protein format,single_protein,8,H,2010,,542.6470000000003,5.086200000000004,97.51999999999998,1,6,6,7,6,0.21875,0.3150773319083356
CHEMBL2325742,CHEMBL2325742,C[C@@H](NC(=O)C1(N)CCN(c2ncnc3[nH]ccc23)CC1)c1ccc(Cl)cc1,,6.56,1,6.56,6.56,IC50,B,single protein format,single_protein,9,D,2013,,398.89800000000025,2.7864000000000013,99.93,3,5,4,4,3,0.35,0.627061366676676
CHEMBL203434,CHEMBL203434,N[C@H](COc1cncc(/C=C/c2ccncc2)c1)C(c1ccccc1)c1ccccc1,,6.56,1,6.56,6.56,IC50,B,single protein format,single_protein,8,H,2009,,407.5170000000001,5.1852000000000045,61.03,1,4,8,4,4,0.1111111111111111,0.43685989890024957
CHEMBL205415,CHEMBL205415,N[C@@H](Cc1c[nH]c2ccccc12)C(=O)Nc1cncc(/C=C/c2ccncc2)c1,,6.56,1,6.56,6.56,IC50,B,single protein format,single_protein,9,D,2006,,383.4550000000001,3.6368000000000027,96.69,3,4,6,4,4,0.08695652173913043,0.4735277322115161
CHEMBL3961268,CHEMBL3961268,CCc1c(N)ncnc1N1CCC(c2nc(-c3ccc(F)c(C(F)(F)F)c3)cn2CC2CCN2)CC1,,6.55,2,6.55,6.55,IC50,B,single protein format,single_protein,8,H,2015,,503.54800000000023,4.388500000000003,84.89000000000001,2,6,6,5,3,0.48,0.4857481381670046
CHEMBL1800403,CHEMBL1800403,CCC[C@@H]1NC(=O)[C@H](CCCNC(=N)N)NC(=O)CN(C(=O)[C@@H](N)CCCNC(=N)N)CCNC(=O)NCCCCN(CC(N)=O)C(=O)[C@H](CCC(C)C)NC(=O)[C@H](CN)NC(=O)[C@H](Cc2ccc(O)cc2)NC1=O,,6.55,1,6.55,6.55,IC50,B,single protein format,single_protein,8,H,2011,,1059.2889999999995,-4.356960000000022,466.40999999999985,17,14,19,2,1,0.6382978723404256,0.03536960535565317
CHEMBL1258441,CHEMBL1258441,N#Cc1ccc(C[C@@H](N)C(=O)N2CCN(c3ncnc4ccccc34)CC2)cc1,,6.55,1,6.55,6.55,IC50,B,single protein format,single_protein,8,H,2010,,386.4590000000001,1.7200799999999996,99.13999999999999,1,6,4,4,3,0.2727272727272727,0.7329653103189095
CHEMBL1800567,CHEMBL1800567,CCC[C@@H]1NC(=O)[C@H](CCCNC(=N)N)NC(=O)CN(C(=O)[C@@H](N)CCCNC(=N)N)CCCCCCNC(=O)NCCCCN(CC(N)=O)C(=O)[C@H](CCC(C)C)NC(=O)[C@H](CN)NC(=O)[C@H](Cc2ccc(O)cc2)NC1=O,,6.55,1,6.55,6.55,IC50,B,single protein format,single_protein,8,H,2011,,1115.3969999999995,-2.79656000000002,466.40999999999985,17,14,19,2,1,0.6666666666666666,0.03781034579330035
CHEMBL1081629,CHEMBL1081629,Cc1cc2cc(-c3nnc(NC[C@@H](N)Cc4ccc(C(F)(F)F)cc4)s3)ccc2cn1,,6.55,1,6.55,6.55,IC50,B,single protein format,single_protein,8,H,2010,,443.49800000000005,5.062420000000004,76.72,2,6,6,4,4,0.22727272727272727,0.4355197012097541
CHEMBL383254,CHEMBL383254,NCC(c1ccccc1)c1cncc(/C=C/c2ccncc2)c1,,6.55,1,6.55,6.55,IC50,B,single protein format,single_protein,9,D,2006,,301.393,3.737600000000003,51.8,1,3,5,3,3,0.1,0.7807971939723143
CHEMBL3684504,CHEMBL3684504,O=S(=O)(NC1(c2ccc(-c3nnc4n3-c3cccnc3Nc3ccccc3-4)cc2)CCC1)c1ccccc1,,6.55,2,6.55,6.55,IC50,B,single protein format,single_protein,8;9,D;H,2013,,520.6180000000003,5.411000000000004,101.8,2,6,5,7,5,0.13793103448275862,0.31515899170320216
CHEMBL3414676,CHEMBL3414676,CC(C)CCCC1(C)CC(=O)c2cc(O)ccc2O1,,6.55,1,6.55,6.55,Kd,B,single protein format,single_protein,9,D,2015,,262.349,3.942400000000003,46.53,1,3,4,2,1,0.5625,0.8935056981965153
CHEMBL3699673,CHEMBL3699673,N#Cc1ccc2nc(-c3ccc(C4(N)CCC4)cc3)c(-c3ccccc3)n2c1,,6.54,2,6.54,6.54,IC50,B,single protein format,single_protein,8;9,D;H,2015,,364.452,4.877880000000004,67.11,1,3,3,5,4,0.16666666666666666,0.5633602638104845
CHEMBL3696275,CHEMBL3696275,O=C(Cc1nc(N2CCOCC2)cc(=O)[nH]1)Nc1cc(F)c(F)cc1F,,6.54,2,6.54,6.54,IC50,B,assay format;cell-based format,cell_based,8;9,D;H,2015,,368.31500000000005,1.2049999999999994,87.32000000000001,2,5,4,3,2,0.3125,0.7924051948222964
CHEMBL211084,CHEMBL211084,Cc1n[nH]c2ccc(-c3cncc(OCC[C@@H](N)Cc4ccccc4)c3)cc12,,6.54,1,6.54,6.54,Ki,B,single protein format,single_protein,9,D,2006,,372.47200000000004,4.272220000000003,76.82,2,4,7,4,4,0.21739130434782608,0.5077672809747177
CHEMBL5712055,CHEMBL5712055,C=CC(=O)Nc1ccc(C(=O)NC2CCN(Cc3ccc(-c4nc5cc[nH]c(=O)c5cc4-c4ccccc4)cc3)CC2)cc1,,6.54,3,6.44,7.06,IC50;Ki,B,cell-based format;single protein format,mixed,8;9,D;H,2019;2020,,583.6920000000001,5.776000000000005,107.19,3,5,8,6,5,0.16666666666666666,0.20100535426169494
CHEMBL388310,CHEMBL388310,Cc1n[nH]c2ccc(-c3cncc(OC[C@@H](N)Cc4cccc(OCCC5CCNCC5)c4)c3)cc12,,6.54,1,6.54,6.54,IC50,B,single protein format,single_protein,9,D,2007,,485.6320000000003,4.6506200000000035,98.08,3,6,10,5,4,0.3793103448275862,0.30247177928667224
CHEMBL5172419,CHEMBL5172419,CC(C)NC[C@@H](C(=O)N1C[C@@H]2CN(c3ncnc4c3[C@H](C)CC(=O)N4)C[C@@H]2C1)c1ccc(Cl)cc1,,6.54,1,6.54,6.54,IC50,B,cell-based format,cell_based,9,D,2022,,497.04300000000023,3.2521000000000013,90.46000000000001,2,6,6,5,2,0.5384615384615384,0.6376745941214838
CHEMBL1800568,CHEMBL1800568,CCC[C@@H]1NC(=O)[C@H](CCCNC(=N)N)NC(=O)CN(C(=O)[C@@H](N)CCCNC(=N)N)CCNC(=O)NCCCCCCN(CC(N)=O)C(=O)[C@H](CCC(C)C)NC(=O)[C@H](CN)NC(=O)[C@H](Cc2ccc(O)cc2)NC1=O,,6.54,1,6.54,6.54,IC50,B,single protein format,single_protein,8,H,2011,,1087.3429999999994,-3.5767600000000215,466.40999999999985,17,14,19,2,1,0.6530612244897959,0.036193704300297745
CHEMBL3672022,CHEMBL3672022,Cc1nc2nc(-c3ccc(CN4CCC(n5ncc6c(N)ncnc65)CC4)cc3)c(-c3ccccc3)cn2n1,,6.54,2,6.54,6.54,IC50,B,cell-based format,cell_based,9,D,2015,,516.6130000000002,4.325720000000003,115.94,1,8,5,7,6,0.2413793103448276,0.3600582442762195
CHEMBL252654,CHEMBL252654,CSc1ncc2cc(-c3ccccc3)c(-c3ccc(CN4CCC(NC(=O)CNC(C)=O)CC4)cc3)nc2n1,,6.54,1,6.54,6.54,IC50,B,single protein format,single_protein,8,H,2008,,540.6930000000003,4.297400000000003,100.11000000000001,2,7,8,5,4,0.3,0.25394772879054756
CHEMBL506434,CHEMBL506434,CN1CCN(c2nccc3nc(-c4ccc(CN5CCC(c6nnc(-c7ccccn7)[nH]6)CC5)cc4)c(-c4ccccc4)cc23)CC1,,6.54,1,6.54,6.54,IC50,B,single protein format,single_protein,8,H,2008,,621.7930000000001,6.275300000000007,89.96000000000001,1,8,7,8,6,0.2894736842105263,0.2230443833198284
CHEMBL2375966,CHEMBL2375966,Cc1nc(N)nc2c1cc(-c1cnn(C)c1)c(=O)n2[C@H]1CC[C@H](OCO)CC1,,6.54,1,6.54,6.54,IC50,B,cell-based format,cell_based,9,D,2013,,384.4400000000002,1.5327199999999992,121.08000000000001,2,7,4,4,3,0.47368421052631576,0.6543570420594536
CHEMBL260397,CHEMBL260397,Oc1nc2ccccc2n1C1CCN(Cc2ccc(-c3nc4ccccc4nc3-c3ccccc3)cc2)CC1,,6.54,1,6.54,6.54,IC50,B,single protein format,single_protein,9,D,2005,,511.6290000000002,6.8562000000000065,67.07000000000001,1,5,5,7,6,0.18181818181818182,0.2739863242759152
CHEMBL3693559,CHEMBL3693559,C[C@H]1COCCN1c1nc(N2CCOCC2)nc2nc(-c3ccc(N)nc3)ccc12,,6.53,2,6.53,6.53,IC50,B,single protein format,single_protein,8;9,D;H,2015,,407.4780000000001,1.7307,102.52,1,9,3,5,3,0.42857142857142855,0.6951122522372244
CHEMBL407891,CHEMBL407891,c1nc(N2CCc3[nH]cnc3C2)c2cc[nH]c2n1,,6.53,1,6.53,6.53,IC50,B,single protein format,single_protein,8,H,2008,,240.26999999999998,1.2437,73.49000000000001,2,4,1,4,3,0.25,0.6709216883384737
CHEMBL504537,CHEMBL504537,O=C1C[C@H]2OC3(CCCC3)C3=C(C(=O)c4ccccc4C3=O)[C@H]2O1,,6.53,1,6.53,6.53,IC50,B,single protein format,single_protein,8,H,2009,,324.3320000000001,2.3893000000000004,69.67,0,5,0,5,1,0.42105263157894735,0.6854243841933232
CHEMBL4247161,CHEMBL4247161,CN(C)C[C@@H](Nc1nnnc2c(C(N)=O)cccc12)c1ccc(Cl)c(C#N)c1,,6.52,1,6.52,6.52,IC50,B,single protein format,single_protein,8,H,2018,,395.8540000000001,2.3635800000000007,120.82,2,7,6,3,3,0.21052631578947367,0.6565762105416374
CHEMBL5203483,CHEMBL5203483,C=CC(=O)Nc1cccc(-n2c(=O)cc(C)c3cnc(Nc4ccc(N5CCN(CCOCCOCCNC(=O)CC67CC8CC(CC(C8)C6)C7)CC5)cc4OC)nc32)c1,,6.52,1,6.52,6.52,EC50,B,cell-based format,cell_based,9,D,2022,,819.0199999999996,5.843720000000006,152.18,3,11,18,9,4,0.5,0.0820481078379819
CHEMBL6042207,CHEMBL6042207,CC(C)NC[C@@H](Nc1ncnc2c(C(N)=O)ccnc12)c1ccc(Cl)c(F)c1,,6.52,1,6.52,6.52,IC50,B,single protein format,single_protein,8,H,2018,,402.8610000000001,3.0674,105.82000000000001,3,6,7,3,3,0.2631578947368421,0.5604644771774984
CHEMBL5935444,CHEMBL5935444,CNC[C@@H](Nc1ncnc2c(C(N)=O)ccnc12)c1ccc(C(C)C)cc1,,6.52,1,6.52,6.52,IC50,B,single protein format,single_protein,8,H,2019,,364.4530000000001,2.619700000000001,105.82000000000001,3,6,7,3,3,0.3,0.5950015586606169
CHEMBL1761083,CHEMBL1761083,CCOCCN(C[C@@H](O)CN1CCCC2(CC(=O)c3cc(O)ccc3O2)C1)S(=O)(=O)c1c(C)cccc1C,,6.52,1,6.52,6.52,IC50,B,single protein format,single_protein,8,H,2011,,546.6860000000001,2.897140000000001,116.61000000000001,2,8,10,4,2,0.5357142857142857,0.4372509285952061
CHEMBL4246697,CHEMBL4246697,COc1cc([C@@H](CN(C)C)Nc2nnnc3c(C(N)=O)cccc23)ccc1Cl,,6.52,1,6.52,6.52,IC50,B,single protein format,single_protein,8,H,2018,,400.8700000000001,2.5005000000000006,106.25999999999999,2,7,7,3,3,0.2631578947368421,0.6270307778777532
CHEMBL4243808,CHEMBL4243808,COc1cc([C@@H](CN2CCC2)Nc2nnnc3c(C(N)=O)cccc23)ccc1Cl,,6.52,1,6.52,6.52,IC50,B,single protein format,single_protein,8,H,2018,,412.8810000000001,2.6446000000000005,106.25999999999999,2,7,7,4,3,0.3,0.6138826278887363
CHEMBL3699799,CHEMBL3699799,COC(=O)c1cccc(NC(=O)Cc2nc(N3CCOCC3)cc(=O)[nH]2)c1O,,6.52,2,6.52,6.52,IC50,B,assay format;cell-based format,cell_based,8;9,D;H,2015,,388.38000000000017,0.27989999999999987,133.84999999999997,3,8,5,3,2,0.3333333333333333,0.49121456439079253
CHEMBL5871514,CHEMBL5871514,CNC[C@@H](Nc1ncnc2c(C(N)=O)ccnc12)c1ccc(C(F)(F)F)c(F)c1,,6.52,1,6.52,6.52,IC50,B,single protein format,single_protein,8,H,2018,,408.35900000000004,2.6542000000000012,105.82000000000001,3,6,6,3,3,0.2222222222222222,0.5418087225904629
CHEMBL206819,CHEMBL206819,N[C@H](COc1cnc2ccc(-c3ccncc3)cc2c1)Cc1c[nH]c2ccccc12,,6.52,1,6.52,6.52,IC50,B,single protein format,single_protein,9,D,2006,,394.4780000000001,4.726900000000003,76.82,2,4,6,5,5,0.12,0.4365759404347882
CHEMBL3699724,CHEMBL3699724,C=Cc1ccc2nc(-c3ccc(C4(N)CCC4)cc3)c(-c3ccccc3)n2c1,,6.52,2,6.52,6.52,IC50,B,single protein format,single_protein,8;9,D;H,2015,,365.48,5.649200000000005,43.31999999999999,1,2,4,5,4,0.16,0.5077580104353417
CHEMBL3684405,CHEMBL3684405,O=C(NCc1ccc(-c2nnc3n2-c2cccnc2Nc2ccccc2-3)cc1)c1ccc(F)cc1,,6.52,2,6.52,6.52,IC50,B,single protein format,single_protein,8;9,D;H,2013,,462.4880000000001,5.122400000000003,84.73,2,5,4,6,5,0.037037037037037035,0.37980411147997256
CHEMBL6019379,CHEMBL6019379,NC(=O)c1ccnc2c(NC3CNCCC3c3ccc(F)c(Cl)c3)ncnc12,,6.52,1,6.52,6.52,IC50,B,single protein format,single_protein,8,H,2018,,400.8450000000001,2.4737999999999998,105.82000000000001,3,6,4,4,3,0.2631578947368421,0.6208896868157854
CHEMBL3696313,CHEMBL3696313,O=C(Cc1nc(N2CCOCC2)cc(=O)[nH]1)N1CCc2ccccc2C1,,6.52,2,6.52,6.52,IC50,B,assay format;cell-based format,cell_based,8;9,D;H,2015,,354.41000000000014,0.7339,78.53,1,5,3,4,2,0.42105263157894735,0.879349629953675
CHEMBL5879158,CHEMBL5879158,NC(=O)c1ccnc2c(N[C@H](CN3CCC3)c3ccc(C(F)(F)F)cc3)ncnc12,,6.52,1,6.52,6.52,IC50,B,single protein format,single_protein,8,H,2019,,416.407,3.001400000000001,97.03,2,6,6,4,3,0.3,0.6413177797036693
CHEMBL5758047,CHEMBL5758047,CCNC[C@@H](Nc1ncnc2c(C(N)=O)ccnc12)c1cc(F)c(F)cc1F,,6.52,1,6.52,6.52,IC50,B,single protein format,single_protein,8,H,2019,,390.3690000000001,2.3037,105.82000000000001,3,6,7,3,3,0.2222222222222222,0.5348221609793203
CHEMBL1773576,CHEMBL1773576,CCN(c1nccc(-c2ccc3nc(NC(C)=O)sc3c2)n1)S(=O)(=O)c1ccc(OC)cc1,,6.52,1,6.52,6.52,IC50,B,cell-based format,cell_based,9,D,2011,,483.5750000000002,3.935500000000002,114.38000000000001,1,8,7,4,4,0.18181818181818182,0.4234186788669261
CHEMBL4251455,CHEMBL4251455,N#Cc1cc([C@@H](CN2CCC2)Nc2nnnc3c(C(N)=O)cccc23)ccc1Cl,,6.52,1,6.52,6.52,IC50,B,single protein format,single_protein,8,H,2018,,407.8650000000001,2.5076799999999997,120.82,2,7,6,4,3,0.25,0.6433612103810861
CHEMBL2035027,CHEMBL2035027,NC1(c2ccc(-c3ncc4ccccc4c3-c3ccccc3)cc2)CCC1,,6.52,1,6.52,6.52,IC50,B,single protein format,single_protein,8,H,2012,,350.46500000000015,5.906700000000003,38.91,1,2,3,5,4,0.16,0.49892699554640546
CHEMBL210544,CHEMBL210544,N[C@H](COc1cncc(-c2ccc3cnc(-c4ccccc4)cc3c2)c1)Cc1c[nH]c2ccccc12,,6.52,1,6.52,6.52,IC50,B,single protein format,single_protein,9,D,2006,,470.5760000000002,6.393900000000005,76.82,2,4,7,6,6,0.0967741935483871,0.28325143665570485
CHEMBL5833609,CHEMBL5833609,CCNC[C@@H](Nc1ncnc2c(C(N)=O)ccnc12)c1cc(F)c(OC)cc1F,,6.52,1,6.52,6.52,IC50,B,single protein format,single_protein,8,H,2018,,402.40500000000014,2.1731999999999996,115.05000000000001,3,7,8,3,3,0.2631578947368421,0.5288992815302573
CHEMBL3703154,CHEMBL3703154,NC1(c2ccc(-c3nc4ccc(O)cn4c3-c3ccccc3)cc2)CCC1,,6.52,2,6.52,6.52,IC50,B,single protein format,single_protein,8;9,D;H,2015,,355.44100000000014,4.711800000000002,63.55,2,3,3,5,4,0.17391304347826086,0.5592058207777875
CHEMBL1095612,CHEMBL1095612,COc1cc2ncc3c(N)nc(-c4cncc(OC[C@@H](N)Cc5c[nH]c6ccccc56)c4)cc3c2cc1OC,,6.52,1,6.52,6.52,IC50,B,single protein format,single_protein,8,H,2010,,520.5930000000002,4.874500000000003,134.19,3,8,8,6,6,0.16666666666666666,0.24195890118643776
CHEMBL5806058,CHEMBL5806058,NC(=O)c1cccc2c(NC3CNCCC3c3ccc(C(F)(F)F)cc3)nnnc12,,6.52,1,6.52,6.52,IC50,B,single protein format,single_protein,8,H,2018,,416.40700000000004,2.700100000000001,105.82000000000001,3,6,4,4,3,0.3,0.6039992509668797
CHEMBL5789724,CHEMBL5789724,CNC[C@@H](Nc1ncnc2c(C(N)=O)ccnc12)c1ccc(F)c(Cl)c1,,6.52,1,6.52,6.52,IC50,B,single protein format,single_protein,8,H,2018,,374.807,2.2888,105.82000000000001,3,6,6,3,3,0.17647058823529413,0.6109315277777813
CHEMBL5861815,CHEMBL5861815,CNC[C@@H](Nc1ncnc2c(C(N)=O)ccnc12)c1ccc(F)c(C(F)F)c1,,6.52,1,6.52,6.52,IC50,B,single protein format,single_protein,8,H,2018,,390.369,2.5730000000000004,105.82000000000001,3,6,7,3,3,0.2222222222222222,0.572635852273654
CHEMBL1761072,CHEMBL1761072,Cc1noc(C)c1S(=O)(=O)N(CCOC(C)C)C[C@@H](O)CN1CCCC2(CC(=O)c3cc(O)ccc3O2)C1,,6.52,1,6.52,6.52,IC50,B,single protein format,single_protein,8,H,2011,,551.6620000000004,2.2736400000000003,142.64,2,10,10,4,2,0.6153846153846154,0.45140733604119176
CHEMBL573393,CHEMBL573393,N[C@H](COc1cncc(-c2ccc3ncccc3c2)c1)Cc1c[nH]c2ccccc12,,6.51,1,6.51,6.51,IC50,B,single protein format,single_protein,8,H,2009,,394.4780000000001,4.726900000000003,76.82,2,4,6,5,5,0.12,0.4365759404347882
CHEMBL4160580,CHEMBL4160580,COC(=O)c1c(C)nc(NNC(=O)c2cccc3c(=O)c4ccccc4[nH]c23)nc1-c1ccc(OC)c(OC)c1,,6.51,1,6.51,6.51,IC50,B,single protein format,single_protein,9,D,2017,,539.5480000000003,4.007420000000003,144.52999999999997,3,9,7,5,5,0.13793103448275862,0.1586955466733838
CHEMBL3684431,CHEMBL3684431,O=C(NCc1ccc(-c2nnc3n2-c2cccnc2Nc2ccccc2-3)cc1)Nc1ccccc1F,,6.51,2,6.51,6.51,IC50,B,single protein format,single_protein,8;9,D;H,2013,,477.5030000000001,5.514100000000003,96.76,3,5,4,6,5,0.037037037037037035,0.3109517210716193
CHEMBL3699744,CHEMBL3699744,NC1(c2ccc(-c3nc4c(-c5ccc(F)cc5)cccn4c3-c3ccccc3)cc2)CCC1,,6.51,2,6.51,6.51,IC50,B,single protein format,single_protein,8;9,D;H,2015,,433.5300000000002,6.812300000000005,43.31999999999999,1,2,4,6,5,0.13793103448275862,0.3381840341002992
CHEMBL5920953,CHEMBL5920953,COC(=O)/C=C/c1cc(Br)nn2c(-c3ccccc3)c(-c3ccc(C4(NC(=O)OC(C)(C)C)CCC4)cc3)nc12,,6.51,1,6.51,6.51,IC50,B,single protein format,single_protein,8,H,2017,,603.517,6.915900000000007,94.82,1,6,6,5,4,0.2903225806451613,0.19009383293741533
CHEMBL3696261,CHEMBL3696261,CC(C)Oc1cccc(NC(=O)Cc2nc(N3CCOCC3)cc(=O)[nH]2)c1,,6.51,2,6.51,6.51,IC50,B,assay format;cell-based format,cell_based,8;9,D;H,2015,,372.4250000000001,1.5748999999999995,96.54999999999998,2,6,6,3,2,0.42105263157894735,0.7991018599053543
CHEMBL2375970,CHEMBL2375970,Cc1nc(N)nc2c1cc(-c1cnn(C)c1)c(=O)n2[C@H]1CC[C@@H](OCO)CC1,,6.51,1,6.51,6.51,IC50,B,cell-based format,cell_based,9,D,2013,,384.4400000000002,1.5327199999999992,121.08000000000001,2,7,4,4,3,0.47368421052631576,0.6543570420594536
CHEMBL5782562,CHEMBL5782562,Nc1ncc(-c2cc(N3CCCc4ccccc43)cc(N3CCOCC3)n2)cn1,,6.51,1,6.51,6.51,IC50,B,cell-based format,cell_based,8,H,2022,,388.4750000000002,3.0417000000000014,80.4,1,7,3,5,3,0.3181818181818182,0.7385172445856609
CHEMBL5932276,CHEMBL5932276,CN(C)C(=O)c1ccc2nc(-c3ccc(C4(N)CCC4)cc3)c(-c3ccccc3)n2n1,,6.51,1,6.51,6.51,IC50,B,single protein format,single_protein,8,H,2017,,411.50900000000007,4.103000000000002,76.52,1,4,4,5,4,0.24,0.5484313462481235
CHEMBL1800569,CHEMBL1800569,CCC[C@@H]1NC(=O)[C@H](CCCNC(=N)N)NC(=O)CN(C(=O)[C@@H](N)CCCNC(=N)N)CCCNC(=O)NCCCCCCN(CC(N)=O)C(=O)[C@H](CCC(C)C)NC(=O)[C@H](CN)NC(=O)[C@H](Cc2ccc(O)cc2)NC1=O,,6.5,1,6.5,6.5,IC50,B,single protein format,single_protein,8,H,2011,,1101.3699999999992,-3.1866600000000203,466.40999999999985,17,14,19,2,1,0.66,0.03688389946542384
CHEMBL205410,CHEMBL205410,N#Cc1cccc(C[C@H](N)COc2cncc(/C=C/c3ccncc3)c2)c1,,6.5,1,6.5,6.5,IC50,B,single protein format,single_protein,9,D,2006,,356.42900000000003,3.467480000000003,84.82000000000001,1,5,7,3,3,0.13636363636363635,0.7005425789022293
CHEMBL1908343,CHEMBL1908343,CC1OC2OC(=O)OC2C2=C1C(=O)c1c(O)cccc1C2=O,KALAFUNGIN,6.5,1,6.5,6.5,IC50,B,single protein format,single_protein,8,H,2009,2,302.23800000000006,1.3479999999999999,99.13,1,7,0,4,1,0.26666666666666666,0.7219324176211209
CHEMBL3806131,CHEMBL3806131,Cn1ncc(Cl)c1-c1csc(C(=O)NC2(c3ccc(F)cc3)CCNCC2)c1,,6.5,1,6.5,6.5,IC50,B,assay format,other,9,D,2016,,418.9250000000002,3.9498000000000024,58.95,2,4,4,4,3,0.3,0.6740603095724036
CHEMBL3414675,CHEMBL3414675,Cc1cc(O)cc2c1OC(C)(CCCC(C)C)CC2=O,,6.5,1,6.5,6.5,Kd,B,single protein format,single_protein,9,D,2015,,276.376,4.250820000000004,46.53,1,3,4,2,1,0.5882352941176471,0.8938140447584603
CHEMBL1094320,CHEMBL1094320,CC[C@@H](N)COc1cncc(-c2cc3c(cnc4cc(OC)c(OC)cc43)c(N)n2)c1,,6.5,1,6.5,6.5,IC50,B,single protein format,single_protein,8,H,2010,,419.48500000000024,3.560500000000002,118.4,2,8,7,4,4,0.2608695652173913,0.4365886228062806
CHEMBL2151927,CHEMBL2151927,COc1cc(NC(=O)Cc2nc(N3CCOCC3)cc(=O)[nH]2)ccc1F,,6.5,2,6.5,6.5,IC50,B,assay format;cell-based format,cell_based,8;9,D;H,2015,,362.361,0.9354000000000002,96.54999999999998,2,6,5,3,2,0.35294117647058826,0.8216490369139584
CHEMBL1800265,CHEMBL1800265,CCC[C@H](NC(=O)[C@H](CCCNC(=N)N)NC(=O)CN(CCCN)C(=O)[C@@H](N)CCCNC(=N)N)C(=O)N[C@@H](Cc1ccc(O)cc1)C(=O)N[C@@H](CN)C(=O)N[C@@H](CCC(C)C)C(=O)N(CCN)CC(N)=O,,6.5,1,6.5,6.5,IC50,B,single protein format,single_protein,8,H,2011,,1019.2679999999995,-5.142460000000015,477.3199999999999,17,15,36,1,1,0.6444444444444445,0.016977927283214615
CHEMBL4558319,CHEMBL4596345,NCc1ccc(-n2c(-c3cccnc3N)nc3cc(Br)cnc32)cc1,,6.5,1,6.5,6.5,IC50,B,cell-based format,cell_based,9,D,2016,,395.264,3.2859000000000007,95.64,2,5,3,4,4,0.05555555555555555,0.5551535350831978
CHEMBL3672543,CHEMBL3672543,N#Cc1ccc(-c2cccc3nn4cc(-c5ccccc5)c(-c5ccc(C6(N)CCC6)cc5)nc4c23)cc1,,6.5,2,6.5,6.5,IC50,B,single protein format,single_protein,8;9,D;H,2015,,491.5980000000003,7.093080000000006,80.0,1,4,4,7,6,0.12121212121212122,0.285351515324448
CHEMBL1987034,CHEMBL1987034,N#CCOc1ccc(Nc2nc(Nc3cccc(S(N)(=O)=O)c3)ncc2Br)cc1,,6.5,1,6.5,6.5,Ki,F,assay format,other,8,H,,,475.3280000000001,3.276080000000001,143.01999999999998,3,8,7,3,3,0.05555555555555555,0.47258528619166695
CHEMBL1800267,CHEMBL1800267,CCC[C@H](NC(=O)[C@H](CCCNC(=N)N)NC(=O)CN(CCCCCCN)C(=O)[C@@H](N)CCCNC(=N)N)C(=O)N[C@@H](Cc1ccc(O)cc1)C(=O)N[C@@H](CN)C(=O)N[C@@H](CCC(C)C)C(=O)N(CCN)CC(N)=O,,6.5,1,6.5,6.5,IC50,B,single protein format,single_protein,8,H,2011,,1061.3489999999997,-3.9721600000000192,477.3199999999999,17,15,39,1,1,0.6666666666666666,0.016986362482828428
CHEMBL5649159,CHEMBL5649159,Cc1nc(-c2ccc(CN3CCC(n4c(=O)[nH]c5ccc(N)cc54)CC3)cc2)c(-c2ccccc2)[nH]c1=O,,6.5,1,6.5,6.5,IC50,B,cell-based format,cell_based,9,D,2019,,506.61000000000024,4.4746200000000025,112.79999999999998,3,5,5,6,5,0.23333333333333334,0.3044715805284189
CHEMBL4169321,CHEMBL4169321,COC(=O)c1c(C)nc(NNC(=O)c2cccc3c(=O)c4ccccc4[nH]c23)nc1-c1ccc(F)cc1,,6.5,1,6.5,6.5,IC50,B,single protein format,single_protein,9,D,2017,,497.4860000000002,4.1293200000000025,126.06999999999998,3,7,5,5,5,0.07407407407407407,0.18935823950376857
CHEMBL260990,CHEMBL260990,Clc1c[nH]c2ncnc(Nc3ccccc3-c3nnc[nH]3)c12,,6.5,1,6.5,6.5,IC50,B,single protein format,single_protein,8,H,2008,,311.736,3.1399999999999997,95.17000000000002,3,5,3,4,4,0.0,0.5400059672973606
CHEMBL3672023,CHEMBL3672023,Cc1nc2nc(-c3ccc(CN4CCC(c5nc6cccnc6[nH]5)CC4)cc3)c(-c3ccccc3)cn2n1,,6.5,2,6.5,6.5,IC50,B,cell-based format,cell_based,9,D,2015,,500.6100000000001,5.417620000000006,87.89,1,6,5,7,6,0.23333333333333334,0.3402055290146222
CHEMBL2151821,CHEMBL2151821,O=C(Cc1nc(N2CCOCC2)cc(=O)[nH]1)Nc1ccc(F)cc1,,6.49,2,6.49,6.49,IC50,B,assay format;cell-based format,cell_based,8;9,D;H,2015,,332.33500000000004,0.9267999999999995,87.32000000000001,2,5,4,3,2,0.3125,0.8695429921056893
CHEMBL1956071,CHEMBL1956071,CCn1c(-c2nonc2N)nc2cncc(C(=O)N3CC[C@H](N)C3)c21,,6.49,1,6.49,6.49,IC50,B,single protein format,single_protein,8,H,2007,,342.36300000000017,0.25659999999999983,141.98,2,8,3,4,3,0.4,0.6897537332240963
CHEMBL205871,CHEMBL205871,N[C@H](COc1cncc(/C=C/c2ccncc2)c1)Cc1cccc2ccccc12,,6.49,1,6.49,6.49,IC50,B,single protein format,single_protein,9,D,2006,,381.4790000000001,4.749000000000004,61.03,1,4,7,4,4,0.12,0.5018200673315342
CHEMBL4453662,CHEMBL4453662,Cn1ncc(Cl)c1-c1cc(C(=O)N[C@@H]2CNCC[C@H]2c2ccc(Cl)c(C(F)(F)F)c2)sc1Cl,,6.49,1,6.49,6.49,IC50,B,assay format,other,9,D,2019,,537.8220000000001,6.003100000000003,58.95,2,4,4,4,3,0.3333333333333333,0.42897175316809455
CHEMBL3703149,CHEMBL3703149,CNC(=O)Nc1ccc2nc(-c3ccc(C4(N)CCC4)cc3)c(-c3ccccc3)n2c1,,6.49,2,6.49,6.49,IC50,B,single protein format,single_protein,8;9,D;H,2015,,411.50900000000007,4.757500000000003,84.45,3,3,4,5,4,0.2,0.45271669623557664
CHEMBL3703122,CHEMBL3703122,NC1(c2ccc(-c3nc4ccc(-c5ncc[nH]5)cn4c3-c3ccccc3)cc2)CCC1,,6.49,2,6.49,6.49,IC50,B,single protein format,single_protein,8;9,D;H,2015,,405.5050000000002,5.396300000000004,72.0,2,3,4,6,5,0.15384615384615385,0.4206535727915779
CHEMBL581848,CHEMBL581848,N[C@H](COc1cncc(-c2cccc3cnccc23)c1)Cc1c[nH]c2ccccc12,,6.48,1,6.48,6.48,IC50,B,single protein format,single_protein,8,H,2009,,394.4780000000001,4.726900000000003,76.82,2,4,6,5,5,0.12,0.4365759404347882
CHEMBL1080911,CHEMBL1080911,Cc1n[nH]c2ccc(-c3nnc(NC[C@@H](N)Cc4ccc(C(F)(F)F)cc4)s3)cc12,,6.48,3,6.45,8.26,IC50,B,cell-based format;single protein format,mixed,8;9,D;H,2010,,432.475,4.390520000000002,92.50999999999999,3,6,6,4,4,0.25,0.4202664494882425
CHEMBL1773582,CHEMBL1773582,CC(=O)Nc1nc2ccc(-c3ccnc(N(C)S(=O)(=O)c4ccc(C)cc4)n3)cc2s1,,6.48,1,6.48,6.48,IC50,B,cell-based format,cell_based,9,D,2011,,453.54900000000015,3.845220000000003,105.14999999999999,1,7,5,4,4,0.14285714285714285,0.4921416262938964
CHEMBL3684474,CHEMBL3684474,O=C(Nc1ccc(F)cc1)NC1CCN(Cc2ccc(-c3nnc4n3-c3cccnc3Nc3ccccc3-4)cc2)CC1,,6.48,2,6.48,6.48,IC50,B,single protein format,single_protein,8;9,D;H,2013,,560.6370000000001,5.978500000000005,100.00000000000001,3,6,5,7,5,0.1875,0.23999759452407185
CHEMBL493250,CHEMBL493250,CCn1c(-c2nonc2N)nc2c(-c3ccccc3)ncc(OCCCN)c21,,6.48,1,6.48,6.48,IC50,B,single protein format,single_protein,9,D,2008,,379.4240000000002,2.4779999999999998,130.9,2,8,7,4,4,0.2631578947368421,0.4682291105438329
CHEMBL1823648,CHEMBL1823648,O=C(NC(c1ccc(Cl)c(Cl)c1)C1CCNCC1)c1ccc2cnncc2c1,,6.48,1,6.48,6.48,IC50,B,single protein format,single_protein,8,H,2011,,415.3240000000001,4.407300000000003,66.91,2,4,4,4,3,0.2857142857142857,0.6627805409431075
CHEMBL3699762,CHEMBL3699762,Cc1c(-c2ccn[nH]2)cn2c(-c3ccccc3)c(-c3ccc(C4(N)CCC4)cc3)nc2c1C,,6.48,2,6.48,6.48,IC50,B,single protein format,single_protein,8;9,D;H,2015,,433.55900000000025,6.013140000000005,72.0,2,3,4,6,5,0.21428571428571427,0.36433658945630226
CHEMBL523695,CHEMBL523695,CCn1c(-c2nonc2N)nc2cncc(C(=O)N3CC[C@@H](N)C3)c21,,6.48,1,6.48,6.48,IC50,B,single protein format,single_protein,9,D,2008,,342.36300000000017,0.25659999999999983,141.98,2,8,3,4,3,0.4,0.6897537332240963
CHEMBL2177830,CHEMBL2177830,Nc1ncccc1-c1nc2cc(-c3ccccc3)cnc2n1-c1ccc(CNC(=O)c2ccccc2)cc1,,6.48,5,6.01,7.48,IC50,B,cell-based format,cell_based,8;9,D;H,2012,,496.57400000000024,5.661700000000003,98.72,2,5,6,6,6,0.03225806451612903,0.30994298175720686
CHEMBL3684347,CHEMBL3684347,CC(C)(C)CC(=O)Nc1ccc(-c2nnc3n2-c2cccnc2Nc2ccccc2-3)cc1,,6.47,2,6.47,6.47,IC50,B,single protein format,single_protein,8;9,D;H,2013,,424.5080000000001,5.428000000000004,84.73,2,5,3,5,4,0.2,0.40348274290663
CHEMBL3699734,CHEMBL3699734,NC1(c2ccc(-c3nc4ccc(C(=O)NCC5CC5)cn4c3-c3ccccc3)cc2)CCC1,,6.47,2,6.47,6.47,IC50,B,single protein format,single_protein,8;9,D;H,2015,,436.5590000000002,5.146000000000004,72.41999999999999,2,3,6,6,4,0.2857142857142857,0.43923577562370447
CHEMBL3684501,CHEMBL3684501,CC(C)(N)c1ccc(-c2nnc3n2-c2cccnc2Nc2ccccc2-3)cc1,,6.47,2,6.47,6.47,IC50,B,single protein format,single_protein,8;9,D;H,2013,,368.444,4.247100000000002,81.65,2,5,2,5,4,0.13636363636363635,0.48679466791870923
CHEMBL2151930,CHEMBL2151930,Cn1c(CC(=O)Nc2ccccc2)nc(N2CCOCC2)cc1=O,,6.47,2,6.47,6.47,IC50,B,assay format;cell-based format,cell_based,8;9,D;H,2015,,328.3720000000001,0.7980999999999998,76.46000000000001,1,5,4,3,2,0.35294117647058826,0.8982315082025772
CHEMBL1822060,CHEMBL1822060,CC(=O)Nc1nc2ccc(-c3cnc(Cl)c(NS(=O)(=O)c4ccc(F)cc4)c3)cc2[nH]1,,6.47,1,6.47,6.47,IC50,B,cell-based format,cell_based,9,D,2011,,459.8900000000001,4.176600000000001,116.83999999999997,3,5,5,4,4,0.05,0.38698287942420384
CHEMBL3672017,CHEMBL3672017,FC(F)(F)c1ccc2nc(C3CCN(Cc4ccc(-c5nc6ccnn6cc5-c5ccccc5)cc4)CC3)[nH]c2c1,,6.47,2,6.47,6.47,IC50,B,cell-based format,cell_based,9,D,2015,,552.6040000000002,7.338000000000006,62.11000000000001,1,4,5,7,6,0.21875,0.2431677442492494
CHEMBL3901997,CHEMBL3901997,CCOCCc1c(N)ncnc1N1CCC(c2nc(-c3ccc(F)c(C(F)(F)F)c3)cn2CCN(C)C)CC1,,6.47,2,6.47,6.47,IC50,B,single protein format,single_protein,8,H,2015,,549.6170000000001,4.6048000000000044,85.33,1,7,10,4,3,0.5185185185185185,0.2922083473219982
CHEMBL3924930,CHEMBL3924930,CCOc1c(N)ncnc1N1CCC(c2nc(-c3ccc(F)c(C)c3)cn2CCO)CC1,,6.47,2,6.47,6.47,IC50,B,single protein format,single_protein,8,H,2015,,440.52300000000025,3.144820000000002,102.32000000000001,2,7,7,4,3,0.43478260869565216,0.5818019663441447
CHEMBL1773575,CHEMBL1773575,COc1ccc(S(=O)(=O)N(C)c2nccc(-c3ccc4nc(NC(C)=O)sc4c3)n2)cc1,,6.47,1,6.47,6.47,IC50,B,cell-based format,cell_based,9,D,2011,,469.5480000000002,3.5454000000000017,114.38000000000001,1,8,6,4,4,0.14285714285714285,0.45922557591613555
CHEMBL3414680,CHEMBL3414680,CC(C)CCCC1(C)CCc2cc(O)cc(F)c2O1,,6.47,1,6.47,6.47,Kd,B,single protein format,single_protein,9,D,2015,,266.356,4.441300000000005,29.46,1,2,4,2,1,0.625,0.872541744844445
CHEMBL3414682,CHEMBL3414682,CC(C)CCCC1(C)CCc2c(O)cccc2O1,,6.47,1,6.47,6.47,Kd,B,single protein format,single_protein,9,D,2015,,248.36599999999999,4.302200000000004,29.46,1,2,4,2,1,0.625,0.8603507075842173
CHEMBL3699664,CHEMBL3699664,NC1(c2ccc(-c3nc4ncccn4c3-c3ccccc3)cc2)CCC1,,6.46,2,6.46,6.46,IC50,B,single protein format,single_protein,8;9,D;H,2015,,340.4300000000002,4.401200000000003,56.209999999999994,1,3,3,5,4,0.18181818181818182,0.6011927777100252
CHEMBL3703115,CHEMBL3703115,COC(=O)/C=C/c1ccn2c(-c3ccccc3)c(-c3ccc(C4(N)CCC4)cc3)nc2c1,,6.46,2,6.46,6.46,IC50,B,single protein format,single_protein,8;9,D;H,2015,,423.51600000000025,5.192400000000005,69.62,1,4,5,5,4,0.18518518518518517,0.35413829155584914
CHEMBL3414673,CHEMBL3414673,CC(C)CCCC1(C)CCc2cc(O)ccc2O1,,6.46,1,6.46,6.46,Kd,B,single protein format,single_protein,9,D,2015,,248.36599999999999,4.3022000000000045,29.46,1,2,4,2,1,0.625,0.8603507075842172
CHEMBL3696264,CHEMBL3696264,O=C(Cc1nc(N2CCOCC2)cc(=O)[nH]1)Nc1ccc(F)c(C(F)(F)F)c1,,6.46,2,6.46,6.46,IC50,B,assay format;cell-based format,cell_based,8;9,D;H,2015,,400.33200000000005,1.9455999999999998,87.32000000000001,2,5,4,3,2,0.35294117647058826,0.7664917889358003
CHEMBL3932445,CHEMBL3932445,Nc1ncnc(N2CCC(c3nc(-c4ccc(F)c(C(F)(F)F)c4)cn3CCN3CCCCC3)CC2)c1-c1ccc(F)cc1,,6.46,2,6.46,6.46,IC50,B,single protein format,single_protein,8,H,2015,,611.6630000000004,6.756200000000006,76.10000000000001,1,6,7,6,4,0.40625,0.23304474814553647
CHEMBL3684368,CHEMBL3684368,O=C(Nc1ccc(-c2nnc3n2-c2cccnc2Nc2ccccc2-3)cc1)c1ccncc1,,6.46,2,6.46,6.46,IC50,B,single protein format,single_protein,8;9,D;H,2013,,431.4590000000001,4.700600000000002,97.62,2,6,3,6,5,0.0,0.421515454521064
CHEMBL3414687,CHEMBL3414687,CC(C)CCCC1(C)CCc2cc(S(N)(=O)=O)cc(F)c2O1,,6.46,1,6.46,6.46,Kd,B,single protein format,single_protein,9,D,2015,,329.43700000000007,3.3831000000000016,69.39,1,3,5,2,1,0.625,0.9000466427456814
CHEMBL474000,CHEMBL474000,O=C1C[C@H]2O[C@@H](c3cccc(O)c3)C3=C(C(=O)c4ccccc4C3=O)[C@H]2O1,,6.46,1,6.46,6.46,IC50,B,single protein format,single_protein,8,H,2009,,362.3370000000001,2.5234000000000005,89.9,1,6,1,5,2,0.19047619047619047,0.7843121128615556
CHEMBL1823645,CHEMBL1823645,O=C1Cc2cc(C(=O)NC(c3ccc(Cl)c(Cl)c3)C3CCNCC3)ccc2N1,,6.46,1,6.46,6.46,IC50,B,single protein format,single_protein,8,H,2011,,418.3240000000002,3.958700000000002,70.23,3,3,4,4,2,0.3333333333333333,0.7042493864756696
CHEMBL5807504,CHEMBL5807504,Nc1ccc2nc(-c3ccc(C4(N)CCC4)cc3)c(-c3ccccc3)n2n1,,6.46,1,6.46,6.46,IC50,B,single protein format,single_protein,8,H,2017,,355.445,3.9834000000000023,82.22999999999999,2,4,3,5,4,0.18181818181818182,0.5821591471310069
CHEMBL3696244,CHEMBL3696244,CC(C)c1cccc(NC(=O)Cc2nc(N3CCOCC3)cc(=O)[nH]2)c1,,6.46,2,6.46,6.46,IC50,B,assay format;cell-based format,cell_based,8;9,D;H,2015,,356.42600000000004,1.9110999999999998,87.32,2,5,5,3,2,0.42105263157894735,0.8544893804978748
CHEMBL3703133,CHEMBL3703133,NC(=O)/C=C/c1ccc2nc(-c3ccc(C4(N)CCC4)cc3)c(-c3ccccc3)n2c1,,6.46,2,6.46,6.46,IC50,B,single protein format,single_protein,8;9,D;H,2015,,408.50500000000005,4.504700000000002,86.41,2,3,5,5,4,0.15384615384615385,0.4766402773773423
CHEMBL3672056,CHEMBL3672056,Cc1nc2nc(-c3ccc(CN4CCC(c5n[nH]c(-c6cnccn6)n5)CC4)cc3)c(-c3ccc(F)cc3F)cn2n1,,6.45,2,6.45,6.45,IC50,B,cell-based format,cell_based,9,D,2015,,564.6040000000002,4.999620000000005,113.67,1,8,6,7,6,0.23333333333333334,0.3007780012627455
CHEMBL1202525,CHEMBL28982,COc1ccc(O)c(C(=O)c2ccc(CO[C@@H]3CCCNCC3NC(=O)c3ccncc3)cc2)c1F,,6.45,1,6.45,6.45,IC50,B,single protein format,single_protein,8,H,2004,,493.5350000000002,3.233100000000002,109.78000000000002,3,7,8,4,3,0.2962962962962963,0.41348973555337265
CHEMBL438431,CHEMBL438431,CC(C)(Cc1ccc(Cl)cc1Cl)C1C(=O)Nc2ccc(-c3cncc(OC[C@@H](N)Cc4c[nH]c5ccccc45)c3)cc21,,6.45,1,6.45,6.45,IC50,B,single protein format,single_protein,9,D,2006,,599.5620000000002,7.790100000000007,93.03,3,4,9,6,5,0.23529411764705882,0.16130219326068762
CHEMBL3672035,CHEMBL3672035,Fc1ccc(-c2cn3ccnc3nc2-c2ccc(CN3CCC(c4cnc5ccccc5n4)CC3)cc2)cc1,,6.44,2,6.44,6.44,IC50,B,cell-based format,cell_based,9,D,2015,,514.6080000000003,6.525200000000006,59.21,0,5,5,7,6,0.1875,0.26197648497981557
CHEMBL359864,CHEMBL359864,Oc1nc2ccccc2n1C1CCN(Cc2ccc(-c3nc4ccccc4cc3-c3ccccc3)cc2)CC1,,6.44,1,6.44,6.44,IC50,B,single protein format,single_protein,9,D,2005,,510.6410000000002,7.461200000000007,54.18000000000001,1,4,5,7,6,0.17647058823529413,0.2615079923508569
CHEMBL3684353,CHEMBL3684353,O=C(Nc1ccc(-c2nnc3n2-c2cccnc2Nc2ccccc2-3)cc1)c1cc2ccccc2s1,,6.44,2,6.44,6.44,IC50,B,single protein format,single_protein,8;9,D;H,2013,,486.5600000000002,6.520300000000003,84.73,2,6,3,7,6,0.0,0.29699126835462253
CHEMBL381808,CHEMBL381808,N[C@@H](COc1cncc(/C=C/c2ccncc2)c1)Cc1c[nH]c2ccccc12,,6.44,1,6.44,6.44,IC50,B,single protein format,single_protein,9,D,2006,,370.4560000000001,4.077100000000003,76.82,2,4,7,4,4,0.13043478260869565,0.5139011502670129
CHEMBL3805232,CHEMBL3805232,Cn1ncc(Br)c1-c1csc(C(=O)NC2(c3ccc(F)cc3)CCNCC2)c1,,6.44,1,6.44,6.44,IC50,B,assay format,other,9,D,2016,,463.37600000000026,4.058900000000002,58.95,2,4,4,4,3,0.3,0.6139011943072339
CHEMBL1940252,CHEMBL1940252,CC(=O)N1CC[C@@H](Nc2cncc(C(=O)c3cn(C(C)C)c4ncnc(N)c34)n2)[C@H]1c1ccc(F)cc1,,6.44,1,6.44,6.44,Ki,B,single protein format,single_protein,8,H,2011,,502.55400000000026,3.528500000000002,131.92000000000002,2,8,6,5,4,0.3076923076923077,0.3828915132511919
CHEMBL3977387,CHEMBL3977387,O=C(Cc1nc(-c2ccncc2)cc(=O)[nH]1)N1CCc2c(F)cccc21,,6.43,2,6.43,6.43,IC50,B,assay format;cell-based format,cell_based,8,H,2015,,350.35300000000007,2.1027999999999993,78.95,1,4,3,4,3,0.15789473684210525,0.7845786145311545
CHEMBL3971381,CHEMBL3971381,CCc1c(N)ncnc1N1CCC(c2nc(-c3ccc(F)c(F)c3)cn2CCN2CCOCC2)CC1,,6.43,2,6.43,6.43,IC50,B,single protein format,single_protein,8,H,2015,,497.5940000000004,3.4791000000000025,85.33000000000001,1,7,7,5,3,0.5,0.5349880907536526
CHEMBL3113143,CHEMBL3113143,CC(C)NC(c1ccc(Cl)cc1)c1ccc(-c2cn[nH]c2)cc1,,6.43,1,6.43,6.43,IC50,B,single protein format,single_protein,9,D,2014,,325.84299999999996,4.8175000000000034,40.71,2,2,5,3,3,0.21052631578947367,0.7058948085420564
CHEMBL212259,CHEMBL212259,Cc1n[nH]c2ccc(-c3cncc(OC[C@@H](N)CC4CCCCC4)c3)cc12,,6.43,1,6.43,6.43,Ki,B,single protein format,single_protein,9,D,2006,,364.4930000000002,4.609820000000004,76.82,2,4,6,4,3,0.45454545454545453,0.6694807341567361
CHEMBL6005964,CHEMBL6005964,CS(=O)(=O)c1ccc2nc(-c3ccc(C4(N)CCC4)cc3)c(-c3ccccc3)n2n1,,6.43,1,6.43,6.43,IC50,B,single protein format,single_protein,8,H,2017,,418.52200000000016,3.804700000000002,90.35,1,5,4,5,4,0.21739130434782608,0.5442891786468069
CHEMBL2177819,CHEMBL2177819,Nc1ncccc1-c1nc2cccnc2n1-c1ccc(CNC(=O)c2ccccc2)cc1,,6.43,3,6.39,7.64,IC50,B,cell-based format,cell_based,8;9,D;H,2012,,420.47600000000017,3.9947000000000026,98.72,2,5,5,5,5,0.04,0.447857706530025
CHEMBL1081426,CHEMBL1081426,CCc1n[nH]c2ccc(-c3nnc(NC[C@@H](N)Cc4ccccc4)s3)cc12,,6.43,1,6.43,6.43,IC50,B,single protein format,single_protein,8,H,2010,,378.50500000000005,3.625700000000002,92.50999999999999,3,6,7,4,4,0.25,0.4566408825898268
CHEMBL3699764,CHEMBL3699764,COc1cncc(-c2cc(C)cn3c(-c4ccccc4)c(-c4ccc(C5(N)CCC5)cc4)nc23)c1,,6.43,2,6.43,6.43,IC50,B,single protein format,single_protein,8;9,D;H,2015,,460.5810000000003,6.385220000000007,65.44,1,4,5,6,5,0.2,0.3302265626232289
CHEMBL2012701,CHEMBL2012701,CCc1n[nH]c2ncnc(N3CCN(c4cc(Cl)cc(NCCN(C)C)c4C)CC3)c12,,6.43,1,6.43,6.43,IC50,B,single protein format,single_protein,8,H,2012,,442.9990000000003,3.177220000000002,76.21,2,7,7,4,3,0.5,0.581507260977486
CHEMBL1081439,CHEMBL1081439,N[C@H](CNc1nnc(-c2ccc3[nH]ncc3c2)s1)Cc1ccc(F)cc1,,6.43,1,6.43,6.43,IC50,B,single protein format,single_protein,8,H,2010,,368.44100000000014,3.202400000000001,92.51,3,6,6,4,4,0.16666666666666666,0.4859687854003147
CHEMBL603852,CHEMBL603852,CC1=NN(C(=O)c2ccc(Cl)cc2)C(=O)C1/N=N/c1ccc(S(=O)(=O)Nc2ncccn2)cc1,,6.42,2,6.41,6.43,Kd,B,single protein format,single_protein,8,H,2009;2016,,497.92400000000015,3.441600000000001,146.40999999999997,1,9,6,4,3,0.09523809523809523,0.4072762304792595
CHEMBL3922457,CHEMBL3922457,CCc1c(N)ncnc1N1CCC(c2nc(-c3ccc(F)c(F)c3)cn2CCN2CC(F)C2)CC1,,6.42,2,6.42,6.42,IC50,B,single protein format,single_protein,8,H,2015,,485.5580000000003,3.800600000000003,76.10000000000001,1,6,7,5,3,0.48,0.54878749062581
CHEMBL525077,CHEMBL525077,CCC[C@@H]1O[C@@H]2CC(=O)O[C@@H]2C2=C1C(=O)c1ccccc1C2=O,,6.42,1,6.42,6.42,IC50,B,single protein format,single_protein,8,H,2009,,312.321,2.2452000000000005,69.67,0,5,2,4,1,0.3888888888888889,0.7833882250744689
CHEMBL5857695,CHEMBL5857695,Nc1ncc(-c2cc(C3(c4ccccc4)CC3)cc(N3CCOCC3)n2)cn1,,6.42,1,6.42,6.42,IC50,B,cell-based format,cell_based,8,H,2022,,373.4600000000002,3.037300000000002,77.16,1,6,4,5,3,0.3181818181818182,0.7574286177772797
CHEMBL1097955,CHEMBL1097955,COc1cc2ncc3c(N)nc(-c4cncc(OC[C@@H](C)N)c4)cc3c2cc1OC,,6.42,1,6.42,6.42,IC50,B,single protein format,single_protein,8,H,2010,,405.45800000000014,3.1704000000000008,118.4,2,8,6,4,4,0.22727272727272727,0.46966035790792743
CHEMBL2375954,CHEMBL2375954,Cc1nc(N)nc2c1cc(-c1cnn(C)c1)c(=O)n2[C@H]1CC[C@H](OCC(N)=O)CC1,,6.42,1,6.42,6.42,IC50,B,cell-based format,cell_based,9,D,2013,,411.4660000000003,1.0682199999999997,143.94,2,7,5,4,3,0.45,0.6387038025252565
CHEMBL3693591,CHEMBL3693591,C[C@H]1COCCN1c1nc(N2CCOC[C@@H]2C)c2ccc(-c3ccc4c(c3)C(=O)NCCN4)nc2n1,,6.42,2,6.42,6.42,IC50,B,single protein format,single_protein,8;9,D;H,2015,,489.5800000000002,2.2973,104.74,2,9,3,6,3,0.46153846153846156,0.5733683556243053
CHEMBL5649154,CHEMBL5649154,C=CC(=O)Nc1ccc2[nH]c(=O)n(C3CCN(Cc4ccc(-c5nc(Cc6ccc(O)cc6)c(=O)[nH]c5-c5ccccc5)cc4)CC3)c2c1,,6.42,1,6.42,6.42,IC50,B,cell-based format,cell_based,9,D,2019,,652.7550000000001,6.004900000000006,136.10999999999999,4,6,9,7,6,0.1794871794871795,0.14147500236739158
CHEMBL5848864,CHEMBL5848864,Nc1ncc(-c2cc(Oc3ccccc3Cl)cc(N3CCOCC3)n2)cn1,,6.42,1,6.42,6.42,IC50,B,cell-based format,cell_based,8,H,2022,,383.8390000000002,3.403100000000002,86.39,1,7,4,4,3,0.21052631578947367,0.738260510775584
CHEMBL3966878,CHEMBL3966878,NC(=O)c1c(N)ncnc1N1CCC(c2nc(-c3ccc(F)cc3)cn2CCN2CCCC2)CC1,,6.42,2,6.42,6.42,IC50,B,single protein format,single_protein,8,H,2015,,478.57600000000036,2.6401000000000003,119.18999999999998,2,7,7,5,3,0.44,0.5357188350297906
CHEMBL3699738,CHEMBL3699738,CCNC(=O)c1ccc2nc(-c3ccc(C4(N)CCC4)cc3)c(-c3ccccc3)n2c1,,6.42,2,6.42,6.42,IC50,B,single protein format,single_protein,8;9,D;H,2015,,410.5210000000001,4.755900000000003,72.42,2,3,5,5,4,0.23076923076923078,0.49839281182643014
CHEMBL3699710,CHEMBL3699710,CCc1cnc2nc(-c3ccc(C4(N)CCC4)cc3)c(-c3ccccc3)n2c1,,6.42,2,6.42,6.42,IC50,B,single protein format,single_protein,8;9,D;H,2015,,368.48400000000004,4.963600000000004,56.209999999999994,1,3,4,5,4,0.25,0.5535655243587012
CHEMBL3703152,CHEMBL3703152,N[C@]1(c2ccc(-c3nc4nc(O)ccn4c3-c3ccccc3)cc2)C[C@H](O)C1,,6.42,2,6.42,6.42,IC50,B,single protein format,single_protein,8;9,D;H,2015,,372.4280000000001,3.0776000000000012,96.67,3,5,3,5,4,0.18181818181818182,0.5135008012088477
CHEMBL3699669,CHEMBL3699669,Cc1cnc2nc(-c3ccc(C4(N)CCC4)cc3)c(-c3ccccc3)n2c1,,6.41,2,6.41,6.41,IC50,B,single protein format,single_protein,8;9,D;H,2015,,354.457,4.709620000000003,56.209999999999994,1,3,3,5,4,0.21739130434782608,0.5795615617603251
CHEMBL5916590,CHEMBL5916590,C=CC(=O)N(C)c1ccc(CCN(C)Cc2ccc(-c3nc4ccn(C)c(=O)c4cc3-c3ccccc3)cc2)cc1,,6.41,3,6.3,6.6,IC50;Kd,B,single protein format,single_protein,8,H,2020,,542.6830000000002,6.090800000000007,58.440000000000005,0,4,9,5,5,0.17142857142857143,0.2115940107462286
CHEMBL3699748,CHEMBL3699748,NC1(c2ccc(-c3nc4c(-c5ccc6cn[nH]c6c5)cccn4c3-c3ccccc3)cc2)CCC1,,6.41,2,6.41,6.41,IC50,B,single protein format,single_protein,8;9,D;H,2015,,455.5650000000002,6.549500000000004,72.0,2,3,4,7,6,0.13333333333333333,0.31657316221868664
CHEMBL3805691,CHEMBL3805691,Cn1ncc(Cl)c1-c1cc(C(=O)NC2(c3ccc(F)cc3)CCNCC2)oc1Cl,,6.41,1,6.41,6.41,IC50,B,assay format,other,9,D,2016,,437.30200000000025,4.134700000000002,72.09,2,4,4,4,3,0.3,0.6440296331535645
CHEMBL3414681,CHEMBL3414681,CC(C)CCCC1(C)CCc2cc(O)cc(Br)c2O1,,6.41,1,6.41,6.41,Kd,B,single protein format,single_protein,9,D,2015,,327.262,5.064700000000005,29.46,1,2,4,2,1,0.625,0.8369636791681874
CHEMBL1800698,CHEMBL1800698,CCC[C@@H]1NC(=O)[C@H](CCCNC(=N)N)NC(=O)CNCCNC(=O)NCCN(CC(N)=O)C(=O)[C@H](CCC(C)C)NC(=O)[C@H](CN)NC(=O)[C@H](Cc2ccc(O)cc2)NC1=O,,6.41,1,6.41,6.41,IC50,B,single protein format,single_protein,8,H,2011,,875.0459999999999,-3.966730000000015,370.2099999999999,14,12,14,2,1,0.6153846153846154,0.04827289758825457
CHEMBL1982122,CHEMBL1982122,OCCC(Nc1nc2ccc(-c3ccncc3)cc2s1)c1ccccc1,,6.4,1,6.4,6.4,Ki,F,assay format,other,8,H,,,361.4700000000001,4.893900000000004,58.04,2,5,6,4,4,0.14285714285714285,0.5130681909102405
CHEMBL1823633,CHEMBL1823633,O=C(NC(c1ccc2ccccc2c1)C1CCNCC1)c1ccc2cnccc2c1,,6.4,1,6.4,6.4,IC50,B,single protein format,single_protein,8,H,2011,,395.50600000000014,4.858700000000004,54.02,2,3,4,5,4,0.23076923076923078,0.5188872994208718
CHEMBL3684423,CHEMBL3684423,O=S(=O)(NCc1ccc(-c2nnc3n2-c2cccnc2Nc2ccccc2-3)cc1)c1cccc(F)c1,,6.4,2,6.4,6.4,IC50,B,single protein format,single_protein,8;9,D;H,2013,,498.5430000000002,4.670900000000003,101.8,2,6,5,6,5,0.038461538461538464,0.3582142198782708
CHEMBL1993166,CHEMBL1993166,CC(=NNC(=N)N)c1cc(NC(=O)NCCCN(C)CCCNC(=O)Nc2cc(C(C)=NNC(=N)N)cc(C(C)=NNC(=N)N)c2)cc(C(C)=NNC(=N)N)c1,,6.4,1,6.4,6.4,Ki,F,assay format,other,8,H,,,775.9319999999997,0.1700800000000064,382.53999999999996,16,11,18,2,2,0.3333333333333333,0.041866706240092956
CHEMBL1090008,CHEMBL1090008,CCC[C@H](NC(=O)[C@H](CCCNC(=N)N)NC(=O)[C@@H]1CCCN1C(=O)[C@@H](N)CCCNC(=N)N)C(=O)N[C@@H](Cc1ccc(O)cc1)C(=O)N[C@H](CS)C(=O)N[C@@H](CCC(C)C)C(N)=O,,6.4,1,6.4,6.4,IC50,B,single protein format,single_protein,8,H,2010,,919.168,-2.145060000000007,378.94999999999993,15,12,28,2,1,0.6341463414634146,0.018490969648754414
CHEMBL1095278,CHEMBL1095278,COc1cc2ncc3c(N)nc(-c4cncc(OCCN)c4)cc3c2cc1OC,,6.4,1,6.4,6.4,IC50,B,single protein format,single_protein,8,H,2010,,391.43100000000015,2.781900000000001,118.4,2,8,6,4,4,0.19047619047619047,0.4817508096912072
CHEMBL4853030,CHEMBL4853030,CNC[C@@H](Nc1nc(C(F)(F)F)nc2c(C(N)=O)cccc12)c1cccc(F)c1,,6.4,1,6.4,6.4,IC50,B,assay format,other,9,D,2021,,407.37100000000004,3.2592000000000008,92.93,3,5,6,3,3,0.21052631578947367,0.5457352064816713
CHEMBL3703162,CHEMBL3703162,NC(=O)COc1ccn2c(-c3ccccc3)c(-c3ccc(C4(N)CCC4)cc3)nc2c1,,6.4,2,6.4,6.4,IC50,B,single protein format,single_protein,8;9,D;H,2015,,412.4930000000002,3.870300000000002,95.64,2,4,6,5,4,0.2,0.5024636939494246
CHEMBL1991728,CHEMBL1991728,CC(=NNC(=N)N)c1cc(NC(=O)NCCCCCCNC(=O)Nc2cc(C(C)=NNC(=N)N)cc(C(C)=NNC(=N)N)c2)cc(C(C)=NNC(=N)N)c1,,6.4,1,6.4,6.4,Ki,F,assay format,other,8,H,,,746.8899999999998,1.0184800000000054,379.29999999999995,16,10,17,2,2,0.3125,0.04712857093840959
CHEMBL6010446,CHEMBL6010446,Nc1ncc(-c2cc(C(F)(F)C3CCOCC3)cc(N3CCOCC3)n2)cn1,,6.4,1,6.4,6.4,IC50,B,cell-based format,cell_based,8,H,2022,,391.42200000000014,2.4758000000000004,86.39,1,7,4,4,2,0.5263157894736842,0.8567731003562603
CHEMBL210783,CHEMBL210783,N[C@H](COc1cncc(-c2ccc3cnc(Cl)cc3c2)c1)Cc1c[nH]c2ccccc12,,6.39,1,6.39,6.39,IC50,B,single protein format,single_protein,9,D,2006,,428.9230000000002,5.380300000000003,76.82,2,4,6,5,5,0.12,0.3557854783657385
CHEMBL379342,CHEMBL379342,N#CCn1c(O)nc2ccc(N[C@H](COc3cncc(-c4ccc5nc(O)n(CC#N)c5c4)c3)Cc3c[nH]c4ccccc34)cc21,,6.39,1,6.39,6.39,IC50,B,single protein format,single_protein,9,D,2006,,609.6500000000002,5.489860000000003,173.62,4,9,10,7,7,0.14705882352941177,0.15631520001205082
CHEMBL3703114,CHEMBL3703114,CNC(=O)c1ccn2c(-c3ccccc3)c(-c3ccc(C4(N)CCC4)cc3)nc2c1,,6.39,2,6.39,6.39,IC50,B,single protein format,single_protein,8;9,D;H,2015,,396.49400000000026,4.365800000000003,72.42,2,3,4,5,4,0.2,0.538118740565314
CHEMBL3414674,CHEMBL3414674,Cc1c(O)cc2c(c1C)OC(C)(CCCC(C)C)CC2=O,,6.39,1,6.39,6.39,Kd,B,single protein format,single_protein,9,D,2015,,290.403,4.5592400000000035,46.53,1,3,4,2,1,0.6111111111111112,0.8838900848143207
CHEMBL3414672,CHEMBL3414672,Cc1cc(O)cc2c1OC(C)(CCCC(C)C)CC2,,6.39,1,6.39,6.39,Kd,B,single protein format,single_protein,9,D,2015,,262.393,4.6106200000000035,29.46,1,2,4,2,1,0.6470588235294118,0.8582031154204817
CHEMBL3684499,CHEMBL3684499,Cc1noc(C2CCCN(Cc3ccc(-c4nnc5n4-c4cccnc4Nc4ccccc4-5)cc3)C2)n1,,6.39,2,6.39,6.39,IC50,B,single protein format,single_protein,8;9,D;H,2013,,490.57100000000014,5.124320000000004,97.79,1,8,4,7,5,0.25,0.36345699261026493
CHEMBL1081425,CHEMBL1081425,N[C@H](CNc1cnc(-c2ccc3cnccc3c2)s1)Cc1ccc(C(F)(F)F)cc1,,6.39,1,6.39,6.39,IC50,B,single protein format,single_protein,8,H,2010,,428.4830000000001,5.359000000000003,63.83,2,5,6,4,4,0.18181818181818182,0.43404816023913806
CHEMBL3939144,CHEMBL3939144,Nc1cc(N2CCC(c3nc(-c4ccc(F)c(C(F)(F)F)c4)cn3CCN3CCCCC3)CC2)ncn1,,6.39,2,6.39,6.39,IC50,B,single protein format,single_protein,8,H,2015,,517.5750000000004,4.950100000000004,76.1,1,6,6,5,3,0.5,0.4666208155159709
CHEMBL270444,CHEMBL270444,CCN(CC)CCNC(=O)c1ccc2nc(-c3ccc(CN4CCC(n5c(=O)[nH]c6ccccc65)CC4)cc3)c(-c3ccccc3)nc2c1,,6.385,2,6.34,6.43,IC50,B,cell-based format;single protein format,mixed,8,H,2008,,653.8310000000002,6.5155000000000065,99.14999999999999,2,6,11,7,6,0.3,0.1653939348970713
CHEMBL5181308,CHEMBL5181308,CC(C)NC[C@@H](C(=O)N1CC2CC1CN2c1ncnc2c1[C@H](C)CC(=O)N2)c1ccc(Cl)cc1,,6.38,1,6.38,6.38,IC50,B,cell-based format,cell_based,9,D,2022,,483.0160000000002,3.147000000000001,90.46000000000001,2,6,6,5,2,0.52,0.6569822487505326
CHEMBL1097956,CHEMBL1097956,CC[C@H](N)COc1cncc(-c2cc3c(cnc4cc(OC)c(OC)cc43)c(N)n2)c1,,6.38,1,6.38,6.38,IC50,B,single protein format,single_protein,8,H,2010,,419.48500000000024,3.560500000000002,118.4,2,8,7,4,4,0.2608695652173913,0.4365886228062806
CHEMBL3684354,CHEMBL3684354,CC(C)(C)C(=O)Nc1ccc(-c2nnc3n2-c2cccnc2Nc2ccccc2-3)cc1,,6.38,2,6.38,6.38,IC50,B,single protein format,single_protein,8;9,D;H,2013,,410.4810000000001,5.037900000000003,84.73,2,5,2,5,4,0.16666666666666666,0.42595391516626135
CHEMBL1081438,CHEMBL1081438,N[C@H](CNc1nnc(-c2ccc3[nH]nc(-c4ccccc4)c3c2)s1)Cc1cccc(C(F)(F)F)c1,,6.38,1,6.38,6.38,IC50,B,single protein format,single_protein,8,H,2010,,494.54600000000016,5.749100000000003,92.51,3,6,7,5,5,0.16,0.26799360024286084
CHEMBL3920410,CHEMBL3920410,Cc1ccc(-c2cn(CCN3CCC3)c(C3CCN(c4ncnc(N)c4C(N)=O)CC3)n2)cc1C(F)(F)F,,6.38,2,6.38,6.38,IC50,B,single protein format,single_protein,8,H,2015,,528.5830000000003,3.4381200000000014,119.18999999999998,2,7,7,5,3,0.46153846153846156,0.4822151459314985
CHEMBL1822055,CHEMBL1822055,Nc1cn2nc(-c3cnc(Cl)c(NS(=O)(=O)c4ccc(F)cc4)c3)ccc2n1,,6.38,1,6.38,6.38,IC50,B,cell-based format,cell_based,9,D,2011,,418.8410000000001,2.966800000000001,115.27,2,6,4,4,4,0.0,0.49213299147702333
CHEMBL3968002,CHEMBL3968002,CCc1c(N)ncnc1N1CCC(c2nc(-c3cccc(C(F)(F)F)n3)cn2CCN2CCC2)CC1,,6.38,2,6.38,6.38,IC50,B,single protein format,single_protein,8,H,2015,,500.5730000000003,3.9882000000000035,88.99,1,7,7,5,3,0.52,0.5248201075183462
CHEMBL4164809,CHEMBL4164809,COC(=O)c1c(C)nc(NNC(=O)c2cccc3c(=O)c4ccccc4[nH]c23)nc1-c1ccccc1F,,6.37,1,6.37,6.37,IC50,B,single protein format,single_protein,9,D,2017,,497.4860000000002,4.1293200000000025,126.06999999999998,3,7,5,5,5,0.07407407407407407,0.18935823950376857
CHEMBL3699802,CHEMBL3699802,COC(=O)c1cc(F)ccc1NC(=O)Cc1nc(N2CCOCC2)cc(=O)[nH]1,,6.37,2,6.37,6.37,IC50,B,assay format;cell-based format,cell_based,8;9,D;H,2015,,390.3710000000002,0.7133999999999996,113.61999999999998,2,7,5,3,2,0.3333333333333333,0.7231341689966596
CHEMBL409880,CHEMBL409880,Cc1c[nH]c2ncnc(Nc3ccccc3-c3nnc[nH]3)c12,,6.37,1,6.37,6.37,IC50,B,single protein format,single_protein,8,H,2008,,291.31800000000004,2.79502,95.17000000000002,3,5,3,4,4,0.06666666666666667,0.5392128598786805
CHEMBL3942949,CHEMBL3942949,Nc1ncnc(N2CCC(c3nc(-c4ccc(C(F)(F)F)cc4)cn3CCN3CCCC3)CC2)c1C1CCC1,,6.37,2,6.37,6.37,IC50,B,single protein format,single_protein,8,H,2015,,539.6500000000003,5.688400000000006,76.10000000000001,1,6,7,6,3,0.5517241379310345,0.415935582052498
CHEMBL3684444,CHEMBL3684444,COc1ccccc1C(=O)N1CCN(Cc2ccc(-c3nnc4n3-c3cccnc3Nc3ccccc3-4)cc2)CC1,,6.37,2,6.37,6.37,IC50,B,single protein format,single_protein,8;9,D;H,2013,,543.631,5.019900000000004,88.41,1,7,5,7,5,0.1875,0.3266932853020027
CHEMBL444165,CHEMBL444165,CCC[C@H]1O[C@H](CC(=O)O)CC2=C1C(=O)c1c(O)cccc1C2=O,DEOXYFRENOLICIN,6.37,1,6.37,6.37,IC50,B,single protein format,single_protein,8,H,2009,,330.336,2.5001000000000007,100.9,2,5,4,3,1,0.3888888888888889,0.8794339097302896
CHEMBL3973744,CHEMBL3973744,CCc1c(N)ncnc1N1CCC(c2nc(-c3ccc(F)c(C(F)(F)F)c3)cn2CCN2CCC(F)(F)C2)CC1,,6.37,2,6.37,6.37,IC50,B,single protein format,single_protein,8,H,2015,,567.582,5.367600000000005,76.10000000000001,1,6,7,5,3,0.5185185185185185,0.3873751107362082
CHEMBL3699730,CHEMBL3699730,NC1(c2ccc(-c3nc4ccc(C(=O)NCCF)cn4c3-c3ccccc3)cc2)CCC1,,6.37,2,6.37,6.37,IC50,B,single protein format,single_protein,8;9,D;H,2015,,428.5110000000002,4.705500000000004,72.41999999999999,2,3,6,5,4,0.23076923076923078,0.467357746783144
CHEMBL3127380,CHEMBL3127380,Nc1ncnc(N2CCN(C(=O)C(N)Cc3ccccc3)CC2)c1Br,,6.365,2,6.36,6.37,IC50,B,single protein format,single_protein,9,D,2014,,405.30000000000007,1.039900000000001,101.36999999999999,2,6,4,3,2,0.35294117647058826,0.7885218761838159
CHEMBL3684477,CHEMBL3684477,Cc1ccc(NC(=O)NC2CCN(Cc3ccc(-c4nnc5n4-c4cccnc4Nc4ccccc4-5)cc3)CC2)cc1,,6.36,2,6.36,6.36,IC50,B,single protein format,single_protein,8;9,D;H,2013,,556.6740000000001,6.147820000000006,100.00000000000001,3,6,5,7,5,0.21212121212121213,0.23564569042540404
CHEMBL3684476,CHEMBL3684476,O=C(Nc1ccccc1F)NC1CCN(Cc2ccc(-c3nnc4n3-c3cccnc3Nc3ccccc3-4)cc2)CC1,,6.36,2,6.36,6.36,IC50,B,single protein format,single_protein,8;9,D;H,2013,,560.6370000000001,5.978500000000005,100.00000000000001,3,6,5,7,5,0.1875,0.23999759452407185
CHEMBL1097972,CHEMBL1097972,COc1cc2ncc3c(N)nc(-c4cncc(OC[C@@H](N)Cc5ccc(Cl)c(Cl)c5)c4)cc3c2cc1OC,,6.36,1,6.36,6.36,IC50,B,single protein format,single_protein,8,H,2010,,550.4460000000001,5.700000000000004,118.4,2,8,8,5,5,0.17857142857142858,0.23638983744824363
CHEMBL3805855,CHEMBL3805855,Cn1ncc(Br)c1-c1coc(C(=O)NC2(c3ccc(Cl)c(Cl)c3)CCNCC2)c1,,6.36,1,6.36,6.36,IC50,B,assay format,other,9,D,2016,,498.2080000000003,4.758100000000004,72.09,2,4,4,4,3,0.3,0.5447424636712862
CHEMBL2012699,CHEMBL2012699,CCc1n[nH]c2ncnc(N3CCN(c4cc(Cl)cc(NCCN5CCCC5)c4C)CC3)c12,,6.36,1,6.36,6.36,IC50,B,single protein format,single_protein,8,H,2012,,469.03700000000043,3.711420000000002,76.21,2,7,7,5,3,0.5416666666666666,0.5469455022997531
CHEMBL3672479,CHEMBL3672479,Cc1cnc2cc(-c3ccccc3)c(-c3ccc(C4(N)CCC4)cc3)nn12,,6.36,2,6.36,6.36,IC50,B,cell-based format,cell_based,9,D,2015,,354.45700000000016,4.709620000000004,56.209999999999994,1,3,3,5,4,0.21739130434782608,0.579561561760325
CHEMBL3964789,CHEMBL3964789,COc1c(N)ncnc1N1CCC(c2nc(-c3ccc(F)c(C(F)(F)F)c3)cn2C)CC1,,6.36,2,6.36,6.36,IC50,B,single protein format,single_protein,8,H,2015,,450.4400000000001,4.009800000000003,82.09,1,6,4,4,3,0.38095238095238093,0.6052335816385287
CHEMBL3900331,CHEMBL3900331,Cc1cc(-c2cn(CCO)c(C3CCN(c4ncnc(N)c4C#N)CC3)n2)ccc1F,,6.36,2,6.36,6.36,IC50,B,single protein format,single_protein,8,H,2015,,421.4800000000002,2.617800000000001,116.88000000000001,2,7,5,4,3,0.36363636363636365,0.6502338296458522
CHEMBL3929608,CHEMBL3929608,Cn1cc(-c2ccc(F)c(C(F)(F)F)c2)nc1C1CCN(c2ncnc(N)c2-c2cncnc2)CC1,,6.36,2,6.36,6.36,IC50,B,single protein format,single_protein,8,H,2015,,498.4880000000003,4.458200000000002,98.64,1,7,4,5,4,0.2916666666666667,0.41503877781968923
CHEMBL3897576,CHEMBL3897576,COCCN(C)CCn1cc(-c2ccc(F)c(C(F)(F)F)c2)nc1C1CCN(c2ncnc(N)c2C(N)=O)CC1,,6.36,2,6.36,6.36,IC50,B,single protein format,single_protein,8,H,2015,,564.5880000000001,3.141300000000001,128.42,2,8,10,4,3,0.46153846153846156,0.3597072259566944
CHEMBL3922652,CHEMBL3922652,CN(C)CCn1cc(-c2ccc(F)c(C(F)(F)F)c2)nc1C1CCN(c2ncnc(N)c2-c2cnc(N)nc2)CC1,,6.35,2,6.35,6.35,IC50,B,single protein format,single_protein,8,H,2015,,570.599,4.065000000000001,127.9,2,9,7,5,4,0.37037037037037035,0.316218963307927
CHEMBL4543839,CHEMBL4543839,Cn1ncc(Cl)c1-c1cc(C(=O)N[C@@H]2CNCC[C@H]2c2ccc(Cl)cc2)sc1Cl,,6.35,1,6.35,6.35,IC50,B,assay format,other,9,D,2019,,469.82500000000016,4.984300000000004,58.95,2,4,4,4,3,0.3,0.5661307345189782
CHEMBL5827571,CHEMBL5827571,NC1(c2ccc(-c3nc4ccc(C(=O)O)nn4c3-c3ccccc3)cc2)CCC1,,6.35,1,6.35,6.35,IC50,B,single protein format,single_protein,8,H,2017,,384.43900000000014,4.099400000000003,93.50999999999999,2,4,4,5,4,0.17391304347826086,0.5524605641760826
CHEMBL5914799,CHEMBL5914799,Cc1ccccc1Oc1cc(-c2cnc(N)nc2)nc(N2CCOCC2)c1,,6.35,1,6.35,6.35,IC50,B,cell-based format,cell_based,8,H,2022,,363.4210000000002,3.0581200000000015,86.39,1,7,4,4,3,0.25,0.7621411495822151
CHEMBL3414677,CHEMBL3414677,CC(C)CCCC1(C)CCc2cc(O)cc(C(F)(F)F)c2O1,,6.35,1,6.35,6.35,Kd,B,single protein format,single_protein,9,D,2015,,316.363,5.321000000000005,29.46,1,2,4,2,1,0.6470588235294118,0.814216074021686
CHEMBL286737,CHEMBL286737,Nc1ccc(S(=O)(=O)Nc2nncs2)cc1,,6.35,1,6.35,6.35,Kd,B,single protein format,single_protein,8,H,2009,,256.312,0.9210999999999998,97.97,2,6,3,2,2,0.0,0.7956666859082926
CHEMBL3684451,CHEMBL3684451,O=C(c1ccccc1F)N1CCN(Cc2ccc(-c3nnc4n3-c3cccnc3Nc3ccccc3-4)cc2)CC1,,6.35,2,6.35,6.35,IC50,B,single protein format,single_protein,8;9,D;H,2013,,531.595,5.150400000000005,79.18,1,6,4,7,5,0.16129032258064516,0.3390488100094779
CHEMBL3913252,CHEMBL3913252,CCc1cc(-c2cn(CCN3CCC3)c(C3CCN(c4ncnc(N)c4C(N)=O)CC3)n2)ccn1,,6.35,2,6.35,6.35,IC50,B,single protein format,single_protein,8,H,2015,,475.6010000000002,2.0683,132.07999999999998,2,8,8,5,3,0.48,0.5059875539488831
CHEMBL3672524,CHEMBL3672524,COc1cc(-c2ccc3c(c2)nn2cc(-c4ccccc4)c(-c4ccc(C5(N)CCC5)cc4)nc32)ccc1F,,6.34,2,6.34,6.34,IC50,B,single protein format,single_protein,8;9,D;H,2015,,514.6040000000004,7.369100000000007,65.44,1,4,5,7,6,0.15151515151515152,0.2608695066182367
CHEMBL1081660,CHEMBL1081660,Nc1noc2ccc(-c3cnc(NC[C@@H](N)Cc4ccc(C(F)(F)F)cc4)s3)cc12,,6.34,1,6.34,6.34,IC50,B,single protein format,single_protein,8,H,2010,,433.45900000000006,4.534200000000002,102.99,3,7,6,4,4,0.2,0.4127291314746623
CHEMBL1823646,CHEMBL1823646,O=C(NC(c1ccc(Cl)c(Cl)c1)C1CCNCC1)c1ccc2[nH]c(=O)oc2c1,,6.34,1,6.34,6.34,IC50,B,single protein format,single_protein,8,H,2011,,420.29600000000016,3.898600000000002,87.13000000000001,3,4,4,4,3,0.3,0.5977146815768418
CHEMBL3703144,CHEMBL3703144,NC(=O)Nc1ccn2c(-c3ccccc3)c(-c3ccc(C4(N)CCC4)cc3)nc2c1,,6.34,2,6.34,6.34,IC50,B,single protein format,single_protein,8;9,D;H,2015,,397.48200000000026,4.496800000000003,98.44,3,3,4,5,4,0.16666666666666666,0.47281957424403775
CHEMBL3699732,CHEMBL3699732,COCCNC(=O)c1ccc2nc(-c3ccc(C4(N)CCC4)cc3)c(-c3ccccc3)n2c1,,6.34,2,6.34,6.34,IC50,B,single protein format,single_protein,8;9,D;H,2015,,440.5470000000002,4.382400000000003,81.64999999999999,2,4,7,5,4,0.25925925925925924,0.417955292758032
CHEMBL5821158,CHEMBL5821158,Nc1ncc(-c2cc(C(F)(F)c3ccccc3)cc(N3CCOCC3)n2)cn1,,6.34,1,6.34,6.34,IC50,B,cell-based format,cell_based,8,H,2022,,383.4020000000002,3.097500000000001,77.16,1,6,4,4,3,0.25,0.7460761970376948
CHEMBL3699801,CHEMBL3699801,O=C(Cc1nc(N2CCOCC2)cc(=O)[nH]1)Nc1cccc2c1OCCN2,,6.33,2,6.33,6.33,IC50,B,assay format;cell-based format,cell_based,8;9,D;H,2015,,371.39700000000016,0.5919999999999997,108.58000000000001,3,7,4,4,2,0.3888888888888889,0.7218012319186464
CHEMBL3113130,CHEMBL3113130,Clc1ccc(C(NC2CC2)c2ccc(-c3ncnc4[nH]cnc34)cc2)cc1,,6.33,1,6.33,6.33,IC50,B,single protein format,single_protein,9,D,2014,,375.863,4.514700000000002,66.49000000000001,2,4,5,5,4,0.19047619047619047,0.5380622788985475
CHEMBL3983416,CHEMBL3983416,CCc1c(N)ncnc1N1CCC(c2nc(-c3ccc(C(F)(F)F)c(F)c3)cn2CCN2CCCC2)CC1,,6.33,2,6.33,6.33,IC50,B,single protein format,single_protein,8,H,2015,,531.6020000000002,5.122400000000004,76.10000000000001,1,6,7,5,3,0.5185185185185185,0.42669434666134415
CHEMBL429703,CHEMBL429703,c1ccc(-c2cc(C3CCN(Cc4ccc(-c5nc6ncccc6cc5-c5ccccc5)cc4)CC3)n[nH]2)cc1,,6.33,1,6.33,6.33,IC50,B,single protein format,single_protein,8,H,2008,,521.6680000000002,7.733500000000007,57.7,1,4,6,7,6,0.17142857142857143,0.24360477700566557
CHEMBL3941855,CHEMBL3941855,CCc1c(N)ncnc1N1CCC(c2nc(-c3cncc(C)c3)cn2CCN2CCC2)CC1,,6.33,2,6.33,6.33,IC50,B,single protein format,single_protein,8,H,2015,,446.60300000000035,3.277820000000002,88.99,1,7,7,5,3,0.52,0.5956688710030654
CHEMBL2035031,CHEMBL2035031,NC1(c2ccc(-c3ncc4cccnc4c3-c3ccccc3)cc2)CCC1,,6.33,1,6.33,6.33,IC50,B,single protein format,single_protein,8,H,2012,,351.45300000000015,5.301700000000003,51.8,1,3,3,5,4,0.16666666666666666,0.5446312438247838
CHEMBL207373,CHEMBL207373,N[C@H](COc1cncc(-c2ccc3cnccc3c2)c1)c1ccccc1,,6.33,1,6.33,6.33,Ki,B,single protein format,single_protein,9,D,2006,,341.41400000000004,4.375600000000003,61.03,1,4,5,4,4,0.09090909090909091,0.5852002528571664
CHEMBL5793746,CHEMBL5793746,Nc1ncc(-c2cc(C(=O)c3ccccc3)cc(N3CCOCC3)n2)cn1,,6.32,1,6.32,6.32,IC50,B,cell-based format,cell_based,8,H,2022,,361.4050000000002,2.1883999999999997,94.23,1,7,4,4,3,0.2,0.7118702960436999
CHEMBL3696255,CHEMBL3696255,O=C(Cc1nc(N2CCOCC2)cc(=O)[nH]1)Nc1cccc(OC(F)F)c1,,6.32,2,6.32,6.32,IC50,B,assay format;cell-based format,cell_based,8;9,D;H,2015,,380.35100000000006,1.3890999999999993,96.55000000000001,2,6,6,3,2,0.35294117647058826,0.7862840210194246
CHEMBL3968856,CHEMBL3968856,NC(=O)c1c(N)ncnc1N1CCC(c2nc(-c3ccc(F)c(C(F)(F)F)c3)cn2C2CCNCC2)CC1,,6.32,2,6.32,6.32,IC50,B,single protein format,single_protein,8,H,2015,,532.546,3.4876000000000014,127.97999999999999,3,7,5,5,3,0.44,0.42940019265861396
CHEMBL3684435,CHEMBL3684435,Cc1cccc(NC(=O)NCc2ccc(-c3nnc4n3-c3cccnc3Nc3ccccc3-4)cc2)c1,,6.32,2,6.32,6.32,IC50,B,single protein format,single_protein,8;9,D;H,2013,,473.54000000000013,5.6834200000000035,96.76,3,5,4,6,5,0.07142857142857142,0.30592840185186376
CHEMBL3113145,CHEMBL3113145,Clc1ccc(C(NC2CC2)c2ccc(-c3cn[nH]c3)cc2)cc1,,6.32,1,6.32,6.32,IC50,B,single protein format,single_protein,9,D,2014,,323.82699999999994,4.571500000000003,40.71,2,2,5,4,3,0.21052631578947367,0.7216846254417785
CHEMBL5817585,CHEMBL5817585,NC(=O)c1ccnc2c(N[C@H](CN3CCC3)c3ccc(Cl)cc3)ncnc12,,6.32,2,6.12,6.52,IC50,B,single protein format,single_protein,8,H,2018;2019,,382.85499999999996,2.636,97.03,2,6,6,4,3,0.2631578947368421,0.6798078918857586
CHEMBL3970397,CHEMBL3970397,N#Cc1c(N)ncnc1N1CCC(c2nc(-c3ccc(OC(F)F)cc3)cn2CCN2CCC2)CC1,,6.32,2,6.32,6.32,IC50,B,single protein format,single_protein,8,H,2015,,494.55000000000035,3.4850800000000026,109.11999999999999,1,8,8,5,3,0.44,0.507005719916785
CHEMBL4170874,CHEMBL4170874,COC(=O)c1c(C)nc(NNC(=O)c2cccc3c(=O)c4ccccc4[nH]c23)nc1-c1cccc(OC)c1,,6.32,1,6.32,6.32,IC50,B,single protein format,single_protein,9,D,2017,,509.5220000000003,3.998820000000003,135.29999999999998,3,8,6,5,5,0.10714285714285714,0.17760083390719475
CHEMBL211224,CHEMBL211224,c1ccc2c(C[C@@H](COc3cncc(-c4cc5cnccc5s4)c3)Nc3cc4cnccc4s3)c[nH]c2c1,,6.31,1,6.31,6.31,IC50,B,single protein format,single_protein,9,D,2006,,533.6820000000001,7.551500000000004,75.72,2,7,8,7,7,0.1,0.21090075264155794
CHEMBL3699733,CHEMBL3699733,NC1(c2ccc(-c3nc4ccc(C(=O)NC5CC5)cn4c3-c3ccccc3)cc2)CCC1,,6.31,2,6.31,6.31,IC50,B,single protein format,single_protein,8;9,D;H,2015,,422.5320000000002,4.898400000000004,72.41999999999999,2,3,5,6,4,0.25925925925925924,0.4805385633317581
CHEMBL3684495,CHEMBL3684495,c1ccc(-n2cc(COCc3ccc(-c4nnc5n4-c4cccnc4Nc4ccccc4-5)cc3)nn2)cc1,,6.31,2,6.31,6.31,IC50,B,single protein format,single_protein,8;9,D;H,2013,,498.5500000000001,5.350800000000005,95.57,1,7,6,7,6,0.06896551724137931,0.33014463002757455
CHEMBL5649160,CHEMBL5649160,C=CC(=O)Nc1ccc2[nH]c(=O)n(C3CCN(Cc4ccc(-c5nc(CC(C)C)c(=O)[nH]c5-c5ccccc5)cc4)CC3)c2c1,,6.31,1,6.31,6.31,IC50,B,cell-based format,cell_based,9,D,2019,,602.7390000000001,5.907000000000006,115.88,3,5,9,6,5,0.2777777777777778,0.18160883204455797
CHEMBL3684374,CHEMBL3684374,CS(=O)(=O)OCc1ccc(-c2nnc3n2-c2cccnc2Nc2ccccc2-3)cc1,,6.31,2,6.31,6.31,IC50,B,single protein format,single_protein,8;9,D;H,2013,,419.4660000000001,3.5295000000000014,99.00000000000001,1,7,4,5,4,0.09523809523809523,0.444972311731517
CHEMBL3684532,CHEMBL3684532,Cc1ccc2c(c1)Nc1ncccc1-n1c(-c3ccc(C4(N)CCC4)cc3)nnc1-2,,6.31,2,6.31,6.31,IC50,B,single protein format,single_protein,8;9,D;H,2013,,394.48200000000026,4.699620000000003,81.65,2,5,2,6,4,0.20833333333333334,0.453507005696737
CHEMBL6064795,CHEMBL6064795,C=C(c1ccccc1)c1cc(-c2cnc(N)nc2)nc(N2CCOCC2)c1,,6.31,1,6.31,6.31,IC50,B,cell-based format,cell_based,8,H,2022,,359.43300000000016,3.0189000000000012,77.16,1,6,4,4,3,0.19047619047619047,0.7715283084298625
CHEMBL1080892,CHEMBL1080892,Cc1n[nH]c2ccc(-c3nnc(NC[C@@H](N)Cc4ccccc4C(F)(F)F)s3)cc12,,6.31,1,6.31,6.31,IC50,B,single protein format,single_protein,8,H,2010,,432.475,4.390520000000002,92.50999999999999,3,6,6,4,4,0.25,0.4202664494882425
CHEMBL595685,CHEMBL595685,Cc1n[nH]c2ccc(-c3cc(OC[C@@H](N)Cc4ccccc4)cnc3-c3ccc(O)cc3)cc12,,6.3,1,6.3,6.3,IC50,B,single protein format,single_protein,8,H,2010,,450.5420000000001,5.254720000000004,97.05,3,5,7,5,5,0.14285714285714285,0.3144516024829322
CHEMBL593573,CHEMBL593573,CCNc1nc(-c2ccoc2)c(-c2cnc3[nH]nc(C)c3n2)cc1OC[C@@H](N)Cc1ccccc1,,6.3,1,6.3,6.3,IC50,B,single protein format,single_protein,9,D,2010,,469.54900000000026,4.363920000000002,127.77000000000001,3,8,9,5,5,0.23076923076923078,0.2904264851697772
CHEMBL1761082,CHEMBL1761082,CCOCCN(C[C@@H](O)CN1CCCC2(CC(=O)c3cc(O)ccc3O2)C1)S(=O)(=O)c1ccccc1C,,6.3,1,6.3,6.3,IC50,B,single protein format,single_protein,8,H,2011,,532.6590000000001,2.5887200000000004,116.61000000000001,2,8,10,4,2,0.5185185185185185,0.4487910182353865
CHEMBL474391,CHEMBL474391,CCC[C@H]1O[C@@H]2CC(=O)O[C@@H]2C2=C1C(=O)c1c(OC)cccc1C2=O,,6.3,1,6.3,6.3,IC50,B,single protein format,single_protein,8,H,2009,,342.34700000000004,2.2538,78.9,0,6,3,4,1,0.42105263157894735,0.7841436147060242
CHEMBL204012,CHEMBL204012,Cn1cc(C[C@H](N)COc2cncc(/C=C/c3ccncc3)c2)c2ccccc21,,6.3,1,6.3,6.3,IC50,B,single protein format,single_protein,9,D,2006,,384.4830000000001,4.087500000000003,65.96000000000001,1,4,7,4,4,0.16666666666666666,0.5212012636867471
CHEMBL493066,CHEMBL493066,CCn1c(-c2nonc2N)nc2cncc(C(=O)N3CCNCC3)c21,,6.3,1,6.3,6.3,IC50,B,single protein format,single_protein,9,D,2008,,342.36300000000017,0.12879999999999986,127.99,2,8,3,4,3,0.4,0.6871451224002333
CHEMBL3684496,CHEMBL3684496,c1ccc2c(c1)Nc1ncccc1-n1c(-c3ccc(CN4CCC(c5c[nH]c6ccccc56)CC4)cc3)nnc1-2,,6.3,2,6.3,6.3,IC50,B,single protein format,single_protein,8;9,D;H,2013,,523.6440000000003,6.914200000000006,74.66,2,5,4,8,6,0.18181818181818182,0.26210861809865715
CHEMBL3699703,CHEMBL3699703,NC1(c2ccc(-c3nc4ccc(CO)cn4c3-c3ccccc3)cc2)CCC1,,6.3,2,6.3,6.3,IC50,B,single protein format,single_protein,8;9,D;H,2015,,369.46800000000013,4.4985000000000035,63.55,2,3,4,5,4,0.20833333333333334,0.5566868113611068
CHEMBL3684526,CHEMBL3684526,NC1(c2ccc(-c3nnc4n3-c3cccnc3Nc3ccccc3-4)cc2)CCCCC1,,6.3,2,6.3,6.3,IC50,B,single protein format,single_protein,8;9,D;H,2013,,408.5090000000003,5.171400000000004,81.65,2,5,2,6,4,0.24,0.4209929923058581
CHEMBL565612,CHEMBL565612,CN1CCN(c2nc(C3=C(c4c[nH]c5ccccc45)C(=O)NC3=O)c3ccccc3n2)CC1,SOTRASTAURIN,6.3,1,6.3,6.3,Ki,F,assay format,other,8,H,,2,438.49100000000027,2.4301000000000004,94.21999999999998,2,6,3,6,4,0.2,0.4774001293705332
CHEMBL3693446,CHEMBL3693446,CC(C)S(=O)(=O)Nc1cccc(-c2ccc3c(N4CCOC[C@@H]4C)nc(N4CCOC[C@@H]4C)nc3n2)c1,,6.3,2,6.3,6.3,IC50,B,single protein format,single_protein,8;9,D;H,2015,,526.6630000000005,3.2921000000000022,109.78,1,9,6,5,3,0.5,0.517307047364616
CHEMBL4568743,CHEMBL4597164,Cc1ccnc2c1nc(-c1cccnc1N)n2-c1ccc(CN)cc1,,6.3,1,6.3,6.3,IC50,B,cell-based format,cell_based,9,D,2016,,330.3950000000001,2.8318199999999996,95.64,2,5,3,4,4,0.10526315789473684,0.6020125556360337
CHEMBL429576,CHEMBL429576,N#Cc1cc(-c2ccccc2)c(-c2ccc(CN3CCC(n4c(=O)[nH]c5ccccc54)CC3)cc2)nc1N,,6.3,1,6.3,6.3,IC50,B,single protein format,single_protein,9,D,2008,,500.6060000000002,5.349580000000004,103.72999999999999,2,5,5,6,5,0.1935483870967742,0.33858734200789453
CHEMBL1975138,CHEMBL1975138,O=C(NNC(=S)Nc1ccc(F)cc1)C(O)(c1ccccc1)c1ccccc1,,6.3,1,6.3,6.3,Ki,F,assay format,other,8,H,,,395.45900000000006,3.0794000000000015,73.39,4,3,4,3,3,0.047619047619047616,0.4036753675283982
CHEMBL3974788,CHEMBL3974788,C[C@@H]1Cc2ccccc2N1C(=O)Cc1nc(N2CCOCC2)c(F)c(=O)[nH]1,,6.3,2,6.3,6.3,IC50,B,assay format;cell-based format,cell_based,8,H,2015,,372.40000000000003,1.2659,78.53,1,5,3,4,2,0.42105263157894735,0.8778468936047334
CHEMBL3975126,CHEMBL3975126,N#Cc1c(N)ncnc1N1CCC(c2nc(-c3cc[nH]c(=O)c3)cn2CCN2CCC2)CC1,,6.3,2,6.3,6.3,IC50,B,single protein format,single_protein,8,H,2015,,445.53100000000035,1.5719799999999995,132.75,2,8,6,5,3,0.43478260869565216,0.5841881109113208
CHEMBL3699785,CHEMBL3699785,NC(=O)C1Cc2ccccc2N1C(=O)Cc1nc(N2CCOCC2)cc(=O)[nH]1,,6.3,2,6.3,6.3,IC50,B,assay format;cell-based format,cell_based,8;9,D;H,2015,,383.4080000000002,-0.4077999999999999,121.62,2,6,4,4,2,0.3684210526315789,0.7404152548845658
CHEMBL3703142,CHEMBL3703142,Nc1ccn2c(-c3ccccc3)c(-c3ccc(C4(N)CCC4)cc3)nc2c1,,6.29,2,6.29,6.29,IC50,B,single protein format,single_protein,8;9,D;H,2015,,354.45700000000016,4.588400000000004,69.34,2,3,3,5,4,0.17391304347826086,0.565283536736214
CHEMBL594412,CHEMBL594412,CC1=NN(C(=O)c2ccc(N)cc2)C(=O)C1/N=N/c1ccc(S(=O)(=O)Nc2ncccn2)cc1,,6.29,1,6.29,6.29,Kd,B,single protein format,single_protein,8,H,2009,,478.49400000000014,2.3704,172.42999999999995,2,10,6,4,3,0.09523809523809523,0.31067675854803556
CHEMBL3672516,CHEMBL3672516,NC1(c2ccc(-c3nc4c5cc(F)ccc5nn4c(NC4CC4)c3-c3ccccc3)cc2)CCC1,,6.28,2,6.28,6.28,IC50,B,single protein format,single_protein,8;9,D;H,2015,,463.5600000000003,6.267800000000004,68.24,2,4,5,7,5,0.2413793103448276,0.3224327627756238
CHEMBL3684352,CHEMBL3684352,COc1ccccc1C(=O)Nc1ccc(-c2nnc3n2-c2cccnc2Nc2ccccc2-3)cc1,,6.28,2,6.28,6.28,IC50,B,single protein format,single_protein,8;9,D;H,2013,,460.4970000000001,5.314200000000003,93.96,2,6,4,6,5,0.037037037037037035,0.37010378535192767
CHEMBL3913067,CHEMBL3913067,CCc1c(N)ncnc1N1CCC(c2nc(-c3ccc(C(F)(F)F)c(F)c3)cn2CCN2CCC(F)(F)CC2)CC1,,6.28,2,6.28,6.28,IC50,B,single protein format,single_protein,8,H,2015,,581.6089999999999,5.757700000000005,76.10000000000001,1,6,7,5,3,0.5357142857142857,0.35803122994450254
CHEMBL3985874,CHEMBL3985874,COc1ccc(-c2c(N)ncnc2N2CCC(c3nc(-c4ccc(F)c(C(F)(F)F)c4)cn3C)CC2)cc1,,6.28,2,6.28,6.28,IC50,B,single protein format,single_protein,8,H,2015,,526.5380000000002,5.676800000000005,82.09,1,6,5,5,4,0.2962962962962963,0.3373381415941125
CHEMBL3684484,CHEMBL3684484,O=C(Nc1ccc2c(c1)CCO2)NC1CCN(Cc2ccc(-c3nnc4n3-c3cccnc3Nc3ccccc3-4)cc2)CC1,,6.28,2,6.28,6.28,IC50,B,single protein format,single_protein,8;9,D;H,2013,,584.684,5.774300000000005,109.23,3,7,5,8,5,0.23529411764705882,0.2359287986143388
CHEMBL3696277,CHEMBL3696277,O=C(Cc1nc(N2CCOCC2)cc(=O)[nH]1)N1CCOc2ccccc21,,6.28,2,6.28,6.28,IC50,B,assay format;cell-based format,cell_based,8;9,D;H,2015,,356.3820000000001,0.5746,87.76,1,6,3,4,2,0.3888888888888889,0.8653638190001034
CHEMBL3414670,CHEMBL3414670,Cc1c(O)cc2c(c1C)OC(C)(CCCC(C)C)CC2,,6.28,1,6.28,6.28,Kd,B,single protein format,single_protein,9,D,2015,,276.42,4.919040000000003,29.46,1,2,4,2,1,0.6666666666666666,0.8455186176656542
CHEMBL3931709,CHEMBL3931709,CCN(C)Cc1c(N)ncnc1N1CCC(c2nc(-c3ccc(F)c(C(F)(F)F)c3)cn2CCN(C)C)CC1,,6.28,2,6.28,6.28,IC50,B,single protein format,single_protein,8,H,2015,,548.633,4.477500000000004,79.33999999999999,1,7,9,4,3,0.5185185185185185,0.3953149048594743
CHEMBL4435265,CHEMBL4435265,CNc1cc(-c2ccc(C(=O)N[C@@H]3CNCC[C@H]3c3ccc(Cl)cc3)o2)ncn1,,6.28,1,6.28,6.28,IC50,B,assay format,other,9,D,2019,,411.89300000000003,3.3072000000000017,92.08000000000001,3,6,5,4,3,0.2857142857142857,0.596205322974928
CHEMBL5814965,CHEMBL5814965,CC1(C)O[C@@H]2C[C@H]3[C@@H]4C[C@H](F)C5=CC(=O)C=C[C@]5(C)[C@@]4(F)[C@@H](O)C[C@]3(C)[C@]2(C(=O)COC(=O)CCC(=O)OCc2ccc([C@@H](CN)C(=O)Nc3ccc4cnccc4c3)cc2)O1,,6.28,1,6.28,6.28,IC50,B,assay format,other,8,H,2021,,855.932,5.670500000000004,193.43999999999997,3,12,12,8,3,0.48936170212765956,0.18947871320331316
CHEMBL3672020,CHEMBL3672020,Cc1nc2nc(-c3ccc(CN4CCC(c5nc6ccc(C#N)cc6[nH]5)CC4)cc3)c(-c3ccccc3)cn2n1,,6.28,2,6.28,6.28,IC50,B,cell-based format,cell_based,9,D,2015,,524.6320000000002,5.894300000000006,98.79,1,6,5,7,6,0.21875,0.30174116642581894
CHEMBL3930747,CHEMBL3930747,CN1CCN(Cc2cccc3c2CCN3C(=O)Cc2nc(N3CCOCC3)cc(=O)n2C)CC1,,6.28,2,6.28,6.28,IC50,B,assay format;cell-based format,cell_based,8,H,2015,,466.58600000000035,0.49610000000000265,74.15,0,7,5,5,2,0.56,0.6352820580359642
CHEMBL3703130,CHEMBL3703130,NC1(c2ccc(-c3nc4ccc(-c5ccccn5)cn4c3-c3ccccc3)cc2)CCC1,,6.28,2,6.28,6.28,IC50,B,single protein format,single_protein,8;9,D;H,2015,,416.52800000000025,6.068200000000004,56.209999999999994,1,3,4,6,5,0.14285714285714285,0.3868824191309229
CHEMBL3699794,CHEMBL3699794,O=C(Cc1nc(N2CCOCC2)cc(=O)[nH]1)N1CCc2c(CO)cccc21,,6.27,2,6.27,6.27,IC50,B,assay format;cell-based format,cell_based,8;9,D;H,2015,,370.40900000000016,0.23060000000000064,98.76,2,6,4,4,2,0.42105263157894735,0.7995254869450866
CHEMBL1257752,CHEMBL1257752,CN(C)c1ccc2ncnc(N3CCN(C(=O)[C@H](N)Cc4ccc(Cl)cc4)CC3)c2c1,,6.27,1,6.27,6.27,IC50,B,single protein format,single_protein,8,H,2010,,438.96300000000014,2.567800000000001,78.59,1,6,5,4,3,0.34782608695652173,0.6591991079471257
CHEMBL3414669,CHEMBL3414669,Cc1c(O)cc2c(c1C)O[C@](C)(CCCC(C)C)CC2,,6.27,1,6.27,6.27,Kd,B,single protein format,single_protein,9,D,2015,,276.42,4.919040000000003,29.46,1,2,4,2,1,0.6666666666666666,0.8455186176656542
CHEMBL3703128,CHEMBL3703128,NC1(c2ccc(-c3nc4ccc(-c5ccncc5)cn4c3-c3ccccc3)cc2)CCC1,,6.27,2,6.27,6.27,IC50,B,single protein format,single_protein,8;9,D;H,2015,,416.52800000000025,6.0682000000000045,56.209999999999994,1,3,4,6,5,0.14285714285714285,0.3868824191309228
CHEMBL4526693,CHEMBL4526693,COC(=O)C1(c2ccc(-n3c(-c4cccnc4N)nc4ccc(-c5ccccc5)nc43)cc2)CCC1,,6.27,1,6.27,6.27,IC50,B,cell-based format,cell_based,9,D,2016,,475.55200000000025,5.326400000000004,95.92,1,6,5,6,5,0.1724137931034483,0.34544902328060295
CHEMBL4461188,CHEMBL4461188,Cn1ncc(Cl)c1-c1cc(C(=O)NC2CNCC2c2ccc(C(F)(F)F)cc2)oc1Cl,,6.27,1,6.27,6.27,IC50,B,assay format,other,9,D,2019,,473.28200000000015,4.491100000000003,72.09,2,4,4,4,3,0.3,0.5861055851719472
CHEMBL3703129,CHEMBL3703129,NC1(c2ccc(-c3nc4ccc(-c5cccnc5)cn4c3-c3ccccc3)cc2)CCC1,,6.27,2,6.27,6.27,IC50,B,single protein format,single_protein,8;9,D;H,2015,,416.52800000000025,6.068200000000004,56.209999999999994,1,3,4,6,5,0.14285714285714285,0.3868824191309229
CHEMBL5920413,CHEMBL5920413,C=CC(=O)Nc1cccc(-c2cn(Cc3ccc(-c4nc5ccccn5c4-c4ccccc4)cc3)nn2)c1,,6.265,2,6.1,6.43,IC50;Kd,B,single protein format,single_protein,8,H,2020,,496.5740000000001,6.099600000000006,77.11,1,4,7,6,6,0.03225806451612903,0.27104598555214293
CHEMBL3703143,CHEMBL3703143,CC(=O)Nc1ccn2c(-c3ccccc3)c(-c3ccc(C4(N)CCC4)cc3)nc2c1,,6.26,2,6.26,6.26,IC50,B,single protein format,single_protein,8;9,D;H,2015,,396.49400000000026,4.964600000000003,72.42,2,3,4,5,4,0.2,0.5117793428353445
CHEMBL3703113,CHEMBL3703113,NC1(c2ccc(-c3nc4cc(C(=O)O)ccn4c3-c3ccccc3)cc2)CCC1,,6.26,2,6.26,6.26,IC50,B,single protein format,single_protein,8;9,D;H,2015,,383.45100000000014,4.704400000000003,80.61999999999999,2,3,4,5,4,0.16666666666666666,0.5349937741188123
CHEMBL3696260,CHEMBL3696260,O=C(Cc1nc(N2CCOCC2)cc(=O)[nH]1)Nc1cccc(OC(F)(F)F)c1,,6.26,2,6.26,6.26,IC50,B,assay format;cell-based format,cell_based,8;9,D;H,2015,,398.34100000000007,1.6862999999999995,96.55000000000001,2,6,5,3,2,0.35294117647058826,0.7958286003896585
CHEMBL3699681,CHEMBL3699681,NC1(c2ccc(-c3nc4nc(O)ccn4c3-c3ccccc3)cc2)CCC1,,6.26,2,6.26,6.26,IC50,B,single protein format,single_protein,8;9,D;H,2015,,356.42900000000014,4.1068000000000024,76.44,2,4,3,5,4,0.18181818181818182,0.5791605873682716
CHEMBL3703153,CHEMBL3703153,NC1(c2ccc(-c3nc4nc(OCCN5C(=O)c6ccccc6C5=O)ccn4c3-c3ccccc3)cc2)CCC1,,6.26,2,6.26,6.26,IC50,B,single protein format,single_protein,8;9,D;H,2015,,529.6,5.076200000000005,102.82,1,6,7,7,5,0.1875,0.295235900722894
CHEMBL494662,CHEMBL494662,CCn1c(-c2nonc2N)nc2cncc(C(=O)NC3CCNCC3)c21,,6.25,1,6.25,6.25,IC50,B,single protein format,single_protein,9,D,2008,,356.39000000000016,0.5651999999999995,136.78,3,8,4,4,3,0.4375,0.6167428301842856
CHEMBL4857965,CHEMBL4857965,NC(=O)c1cccc2c(N[C@H](CN3CCCC3)c3cccc(F)c3)ncnc12,,6.25,1,6.25,6.25,IC50,B,assay format,other,9,D,2021,,379.43899999999996,3.1168000000000022,84.14,2,5,6,4,3,0.2857142857142857,0.6874694171786385
CHEMBL6005316,CHEMBL6005316,Nc1ncc(-c2cc(C(=O)C3CCOCC3)cc(N3CCOCC3)n2)cn1,,6.25,1,6.25,6.25,IC50,B,cell-based format,cell_based,8,H,2022,,369.4250000000001,1.5666999999999995,103.46,1,8,4,4,2,0.47368421052631576,0.8101469278526785
CHEMBL3923121,CHEMBL3923121,O=C(Cc1nc(N2CCOCC2)c(F)c(=O)[nH]1)N1c2ccccc2CC1CO,,6.25,2,6.25,6.25,IC50,B,assay format;cell-based format,cell_based,8,H,2015,,388.3990000000001,0.23829999999999957,98.76,2,6,4,4,2,0.42105263157894735,0.7786128470940739
CHEMBL3890873,CHEMBL3890873,CS(=O)(=O)c1cccc(-c2cn(CCN3CCC3)c(C3CCN(c4ncnc(N)c4C(N)=O)CC3)n2)c1,,6.25,2,6.25,6.25,IC50,B,single protein format,single_protein,8,H,2015,,524.6510000000004,1.5144000000000017,153.32999999999998,2,9,8,5,3,0.44,0.44626860928859824
CHEMBL3703141,CHEMBL3703141,Cn1cc(-c2ccn3c(-c4ccccc4)c(-c4ccc(C5(N)CCC5)cc4)nc3c2)cn1,,6.25,2,6.25,6.25,IC50,B,single protein format,single_protein,8;9,D;H,2015,,419.53200000000027,5.406700000000005,61.14,1,3,4,6,5,0.18518518518518517,0.4238345684720796
CHEMBL5853550,CHEMBL5853550,Nc1ncc(-c2cc(S(=O)(=O)c3ccccc3)cc(N3CCOCC3)n2)cn1,,6.24,1,6.24,6.24,IC50,B,cell-based format,cell_based,8,H,2022,,397.4600000000002,1.7902,111.3,1,8,4,4,3,0.21052631578947367,0.7092148092691418
CHEMBL3672553,CHEMBL3672553,NC(=O)/C=C/c1cccc2c1nn1cc(-c3ccccc3)c(-c3ccc(C4(N)CCC4)cc3)nc21,,6.24,2,6.24,6.24,IC50,B,single protein format,single_protein,8;9,D;H,2015,,459.5530000000003,5.052900000000004,99.3,2,4,5,6,5,0.13793103448275862,0.35920226943887745
CHEMBL3924538,CHEMBL3924538,NC(=O)c1ccc(NC2CNCCC2c2ccc(F)c(Cl)c2)c2cncnc12,,6.24,2,6.24,6.24,IC50,B,single protein format,single_protein,8,H,2015,,399.8570000000001,3.078800000000001,92.93,3,5,4,4,3,0.25,0.626561066295818
CHEMBL1822059,CHEMBL1822059,O=S(=O)(Nc1cc(-c2ccc3nccn3c2)cnc1Cl)c1ccc(F)cc1,,6.24,1,6.24,6.24,IC50,B,cell-based format,cell_based,9,D,2011,,402.83800000000014,3.989600000000002,76.36,1,4,4,4,4,0.0,0.5235075099415463
CHEMBL3298512,CHEMBL3298512,C=CC(=O)[C@H](Cc1ccccc1)NC(=O)OC(C)(C)C,,6.24,1,6.24,6.24,IC50,B,single protein format,single_protein,9,D,2014,,275.348,2.8775000000000013,55.400000000000006,1,3,5,1,1,0.375,0.8406141658989045
CHEMBL6033047,CHEMBL6033047,CC(=O)Nc1ccc2nc(-c3ccc(C4(N)CCC4)cc3)c(-c3ccccc3)n2n1,,6.24,1,6.24,6.24,IC50,B,single protein format,single_protein,8,H,2017,,397.482,4.359600000000002,85.31,2,4,4,5,4,0.20833333333333334,0.5357538776057399
CHEMBL3699677,CHEMBL3699677,CNC(=O)Nc1ccn2c(-c3ccccc3)c(-c3ccc(C4(N)CCC4)cc3)nc2c1,,6.23,2,6.23,6.23,IC50,B,single protein format,single_protein,8;9,D;H,2015,,411.50900000000024,4.757500000000003,84.45,3,3,4,5,4,0.2,0.4527166962355765
CHEMBL1800400,CHEMBL1800400,CCC[C@@H]1NC(=O)[C@H](CCCNC(=N)N)NC(=O)CN(C(=O)[C@@H](N)CCCNC(=N)N)CCCNC(=O)NCCCN(CC(N)=O)C(=O)[C@H](CCC(C)C)NC(=O)[C@H](CN)NC(=O)[C@H](Cc2ccc(O)cc2)NC1=O,,6.23,1,6.23,6.23,IC50,B,single protein format,single_protein,8,H,2011,,1059.2889999999995,-4.356960000000022,466.40999999999985,17,14,19,2,1,0.6382978723404256,0.03536960535565317
CHEMBL3703155,CHEMBL3703155,NC1(c2ccc(-c3nc4c(O)cccn4c3-c3ccccc3)cc2)CCC1,,6.23,2,6.23,6.23,IC50,B,single protein format,single_protein,8;9,D;H,2015,,355.44100000000014,4.711800000000002,63.55,2,3,3,5,4,0.17391304347826086,0.5592058207777875
CHEMBL4062453,CHEMBL4062453,CN(C)CCn1cc(-c2ccn3c(-c4ccc(C(N)=O)c(OCc5cccc(F)c5)c4)cnc3c2)cn1,,6.22,1,6.22,6.22,IC50,B,single protein format,single_protein,9,D,2017,,498.56200000000024,4.243400000000003,90.68,1,5,9,5,5,0.17857142857142858,0.32828176322152275
CHEMBL1173697,CHEMBL1173697,Cc1c[nH]c2ncnc(N3CC[C@@H](NS(=O)(=O)c4ccccc4)C3)c12,,6.22,1,6.22,6.22,IC50,B,single protein format,single_protein,8,H,2010,,357.4390000000001,1.8235199999999998,90.97999999999999,2,5,4,4,3,0.29411764705882354,0.7432181592058661
CHEMBL1257513,CHEMBL1257513,CC(C)c1ccc(C[C@@H](CN)C(=O)N2CCN(c3ncnc4[nH]ccc34)CC2)cc1,,6.22,1,6.22,6.22,IC50,B,single protein format,single_protein,8,H,2010,,406.53400000000005,2.5475000000000003,91.14000000000001,2,5,6,4,3,0.43478260869565216,0.656457382540967
CHEMBL3906130,CHEMBL3906130,Nc1ncnc(N2CCC(c3nc(-c4ccc(F)c(C(F)(F)F)c4)c[nH]3)CC2)c1Br,,6.22,2,6.22,6.22,IC50,B,single protein format,single_protein,8,H,2015,,485.2830000000001,4.753300000000002,83.72,2,5,3,4,3,0.3157894736842105,0.5235250515202483
CHEMBL3703118,CHEMBL3703118,CCNC(=O)c1ccn2c(-c3ccccc3)c(-c3ccc(C4(N)CCC4)cc3)nc2c1,,6.22,2,6.22,6.22,IC50,B,single protein format,single_protein,8;9,D;H,2015,,410.52100000000024,4.755900000000003,72.42,2,3,5,5,4,0.23076923076923078,0.49839281182642997
CHEMBL1258778,CHEMBL1258778,N[C@H](Cc1cccc(Cl)c1)C(=O)N1CCN(c2ncnc3ccccc23)CC1,,6.22,1,6.22,6.22,IC50,B,single protein format,single_protein,8,H,2010,,395.8940000000001,2.501800000000001,75.35000000000001,1,5,4,4,3,0.2857142857142857,0.734155423164653
CHEMBL1079625,CHEMBL1079625,N[C@H](CNc1ncc(-c2ccc3cn[nH]c3c2)s1)Cc1ccc(C(F)(F)F)cc1,,6.21,1,6.21,6.21,IC50,B,single protein format,single_protein,8,H,2010,,417.46000000000015,4.687100000000002,79.62,3,5,6,4,4,0.2,0.425357210843703
CHEMBL3933596,CHEMBL3933596,NC(=O)c1c(N)ncnc1N1CCC(c2nc(-c3cccc(F)c3)cn2CCN2CCCC2)CC1,,6.21,2,6.21,6.21,IC50,B,single protein format,single_protein,8,H,2015,,478.57600000000036,2.6401000000000003,119.18999999999998,2,7,7,5,3,0.44,0.5357188350297906
CHEMBL3696251,CHEMBL3696251,O=C(Cc1nc(N2CCOCC2)cc(=O)[nH]1)Nc1cc(F)c(F)c(F)c1,,6.21,2,6.21,6.21,IC50,B,assay format;cell-based format,cell_based,8;9,D;H,2015,,368.31500000000005,1.2049999999999994,87.32000000000001,2,5,4,3,2,0.3125,0.7924051948222964
CHEMBL1975128,CHEMBL1975128,Nc1n[nH]c2ccc(-c3nnn(Cc4ccccc4)c3I)cc12,,6.2,2,6.2,6.2,Ki,F,assay format,other,8,H,,,416.226,3.0565000000000015,85.41,2,4,3,4,4,0.0625,0.5031287456477928
CHEMBL1995813,CHEMBL1995813,NC1CCCCC1Nc1nccc(-c2c[nH]c3ncccc23)n1,,6.2,1,6.2,6.2,Ki,F,assay format,other,8,H,,,308.38900000000007,2.7017000000000007,92.50999999999999,3,5,3,4,3,0.35294117647058826,0.6915740910440962
CHEMBL3684421,CHEMBL3684421,O=C(NCCc1ccc(-c2nnc3n2-c2cccnc2Nc2ccccc2-3)cc1)c1ccccc1,,6.2,2,6.2,6.2,IC50,B,single protein format,single_protein,8;9,D;H,2013,,458.52500000000015,5.025800000000004,84.73,2,5,5,6,5,0.07142857142857142,0.3787122640953451
CHEMBL1970217,CHEMBL1970217,COc1cccc(C(C)NC(=O)c2ccc(-c3ccncc3C)cc2)c1,,6.2,1,6.2,6.2,Ki,F,assay format,other,8,H,,,346.43000000000006,4.556620000000003,51.22,1,3,5,3,3,0.18181818181818182,0.736847355002652
CHEMBL212157,CHEMBL212157,Cc1n[nH]c2ccc(-c3cncc(OC[C@H](N)Cc4ccccc4)c3)cc12,,6.2,1,6.2,6.2,Ki,B,single protein format,single_protein,9,D,2006,,358.445,3.8821200000000022,76.82,2,4,6,4,4,0.18181818181818182,0.5482499950490909
CHEMBL1996543,CHEMBL1996543,NC(COc1cncc(-c2ccc(F)cc2)c1)Cc1c[nH]c2ccccc12,,6.2,1,6.2,6.2,Ki,F,assay format,other,8,H,,,361.4200000000001,4.317800000000003,63.93,2,3,6,4,4,0.13636363636363635,0.5375779979060495
CHEMBL3696238,CHEMBL3696238,COc1ccccc1NC(=O)Cc1nc(N2CCOCC2)cc(=O)[nH]1,,6.2,2,6.2,6.2,IC50,B,assay format;cell-based format,cell_based,8;9,D;H,2015,,344.3710000000001,0.7962999999999998,96.54999999999998,2,6,5,3,2,0.35294117647058826,0.8326612410811431
CHEMBL1979357,CHEMBL1979357,Cn1cc(C(CN)c2cncc(C=Cc3ccncc3)c2)c2ccccc21,,6.2,1,6.2,6.2,Ki,F,assay format,other,8,H,,,354.4570000000001,4.229300000000003,56.730000000000004,1,3,5,4,4,0.13043478260869565,0.5834106277370997
CHEMBL493067,CHEMBL493067,CCn1c(-c2nonc2N)nc2cncc(C(=O)NC3CCCNC3)c21,,6.2,1,6.2,6.2,IC50,B,single protein format,single_protein,9,D,2008,,356.39000000000016,0.5651999999999995,136.78,3,8,4,4,3,0.4375,0.6167428301842856
CHEMBL413779,CHEMBL413779,N#Cc1ncc2nc1OCCCCCOc1cc(OCCO)c(Cl)cc1NC(=O)N2,,6.2,1,6.2,6.2,Ki,F,assay format,other,8,H,,,433.8520000000001,2.9582800000000002,138.62,3,8,3,3,2,0.3684210526315789,0.67091677380022
CHEMBL3684483,CHEMBL3684483,O=C(Nc1cccc(C(F)(F)F)c1)NC1CCN(Cc2ccc(-c3nnc4n3-c3cccnc3Nc3ccccc3-4)cc2)CC1,,6.2,2,6.2,6.2,IC50,B,single protein format,single_protein,8;9,D;H,2013,,610.6440000000001,6.858200000000005,100.00000000000001,3,6,5,7,5,0.21212121212121213,0.19734781111621555
CHEMBL381273,CHEMBL381273,N#Cc1cc2cc(-c3cncc(OC[C@@H](N)Cc4c[nH]c5ccccc45)c3)ccc2cn1,,6.19,1,6.19,6.19,IC50,B,single protein format,single_protein,9,D,2006,,419.48800000000006,4.598580000000003,100.61,2,5,6,5,5,0.11538461538461539,0.41891331140440274
CHEMBL4161394,CHEMBL4161394,COC(=O)c1c(C)nc(NNC(=O)c2cccc3c(=O)c4ccccc4[nH]c23)nc1-c1ccc(OC)cc1,,6.19,1,6.19,6.19,IC50,B,single protein format,single_protein,9,D,2017,,509.5220000000003,3.998820000000003,135.29999999999998,3,8,6,5,5,0.10714285714285714,0.17760083390719475
CHEMBL3696286,CHEMBL3696286,COCc1cc(NC(=O)Cc2nc(N3CCOCC3)cc(=O)[nH]2)ccc1F,,6.19,2,6.19,6.19,IC50,B,assay format;cell-based format,cell_based,8;9,D;H,2015,,376.38800000000003,1.0731999999999997,96.54999999999998,2,6,6,3,2,0.3888888888888889,0.7830497866951006
CHEMBL3684345,CHEMBL3684345,O=C(Nc1ccc(-c2nnc3n2-c2cccnc2Nc2ccccc2-3)cc1)c1cccc2ccccc12,,6.19,2,6.19,6.19,IC50,B,single protein format,single_protein,8;9,D;H,2013,,480.5310000000002,6.4588000000000045,84.73,2,5,3,7,6,0.0,0.30323114651612076
CHEMBL3894443,CHEMBL3894443,CCc1c(N)ncnc1N1CCC(c2nc(-c3ccc(F)cc3)cn2CCN2CC(F)C2)CC1,,6.19,2,6.19,6.19,IC50,B,single protein format,single_protein,8,H,2015,,467.56800000000027,3.661500000000003,76.10000000000001,1,6,7,5,3,0.48,0.5716296697881091
CHEMBL3684362,CHEMBL3684362,O=C(Nc1ccc(-c2nnc3n2-c2cccnc2Nc2ccccc2-3)cc1)c1ccc(C(F)(F)F)cc1,,6.19,2,6.19,6.19,IC50,B,single protein format,single_protein,8;9,D;H,2013,,498.46800000000013,6.3244000000000025,84.73,2,5,3,6,5,0.037037037037037035,0.29815484194168895
CHEMBL5905770,CHEMBL5905770,Nc1ncc(-c2cc(Oc3ccccc3)cc(N3CCOCC3)n2)cn1,,6.19,1,6.19,6.19,IC50,B,cell-based format,cell_based,8,H,2022,,349.3940000000002,2.7497000000000007,86.39,1,7,4,4,3,0.21052631578947367,0.7747743480162963
CHEMBL3113149,CHEMBL3113149,OCCNC(c1ccc(Cl)cc1)c1ccc(-c2cn[nH]c2)cc1,,6.19,1,6.19,6.19,IC50,B,single protein format,single_protein,9,D,2014,,327.815,3.4014000000000015,60.94,3,3,6,3,3,0.16666666666666666,0.6499979141161469
CHEMBL3113141,CHEMBL3113141,Clc1ccc(C(NC2CCCCC2)c2ccc(-c3ncnc4[nH]cnc34)cc2)cc1,,6.19,1,6.19,6.19,IC50,B,single protein format,single_protein,9,D,2014,,417.944,5.685000000000004,66.49000000000001,2,4,5,5,4,0.2916666666666667,0.43770435999526225
CHEMBL3684479,CHEMBL3684479,Cc1cccc(NC(=O)NC2CCN(Cc3ccc(-c4nnc5n4-c4cccnc4Nc4ccccc4-5)cc3)CC2)c1,,6.18,2,6.18,6.18,IC50,B,single protein format,single_protein,8;9,D;H,2013,,556.6740000000001,6.147820000000005,100.00000000000001,3,6,5,7,5,0.21212121212121213,0.2356456904254041
CHEMBL3696304,CHEMBL3696304,Cn1ccc2c(NC(=O)Cc3nc(N4CCOCC4)cc(=O)[nH]3)cccc21,,6.18,2,6.18,6.18,IC50,B,assay format;cell-based format,cell_based,8;9,D;H,2015,,367.40900000000005,1.2793999999999996,92.25,2,5,4,4,3,0.3157894736842105,0.7247311643145868
CHEMBL3684516,CHEMBL3684516,c1ccc(-c2nnc(C3CCN(Cc4ccc(-c5nnc6n5-c5cccnc5Nc5ccccc5-6)cc4)CC3)o2)cc1,,6.18,2,6.18,6.18,IC50,B,single protein format,single_protein,8;9,D;H,2013,,552.6420000000002,6.482900000000005,97.79,1,8,5,8,6,0.18181818181818182,0.2590473445360296
CHEMBL3703164,CHEMBL3703164,[C-]#[N+]COc1ccn2c(-c3ccccc3)c(-c3ccc(C4(N)CCC4)cc3)nc2c1,,6.18,2,6.18,6.18,IC50,B,single protein format,single_protein,8;9,D;H,2015,,394.47800000000024,5.261790000000005,56.91,1,3,5,5,4,0.2,0.4697434713529332
CHEMBL3696315,CHEMBL3696315,O=C(Cc1nc(N2CCOCC2)cc(=O)[nH]1)Nc1ccccc1OCc1cccnc1,,6.18,2,6.18,6.18,IC50,B,assay format;cell-based format,cell_based,8;9,D;H,2015,,421.45700000000016,1.761699999999999,109.44000000000001,2,7,7,4,3,0.2727272727272727,0.5982279875999293
CHEMBL2177821,CHEMBL2177821,Nc1ncccc1-c1nc2cccnc2n1-c1ccc(CNC(=O)Cc2ccccc2)cc1,,6.18,1,6.18,6.18,IC50,B,cell-based format,cell_based,8,H,2012,,434.5030000000002,3.923600000000002,98.72,2,5,6,5,5,0.07692307692307693,0.4219996644858947
CHEMBL207139,CHEMBL207139,CC(C)(CC1CCCN1)C1C(=O)Nc2ccc(-c3cncc(OC[C@@H](N)Cc4c[nH]c5ccccc45)c3)cc21,,6.18,1,6.18,6.18,IC50,B,single protein format,single_protein,9,D,2006,,523.6810000000003,5.382700000000003,105.06,4,5,9,6,4,0.375,0.2356892263425383
CHEMBL3900157,CHEMBL3900157,Cc1cc(-c2cn(CCO)c(C3CCN(c4ncnc(N)c4-c4cn[nH]c4)CC3)n2)ccc1F,,6.17,2,6.17,6.17,IC50,B,single protein format,single_protein,8,H,2015,,462.5330000000002,3.1362200000000007,121.77,3,7,6,5,4,0.3333333333333333,0.40236922143593234
CHEMBL1773578,CHEMBL1773578,CC(=O)Nc1nc2ccc(-c3ccnc(N(C)S(=O)(=O)c4ccccc4F)n3)cc2s1,,6.17,1,6.17,6.17,IC50,B,cell-based format,cell_based,9,D,2011,,457.5120000000001,3.675900000000002,105.14999999999999,1,7,5,4,4,0.1,0.490212707556136
CHEMBL3952076,CHEMBL3952076,NC(=O)c1c(N)ncnc1N1CCC(c2nc(-c3ccc(F)c(C(F)(F)F)c3)cn2C2CNC2)CC1,,6.17,2,6.17,6.17,IC50,B,single protein format,single_protein,8,H,2015,,504.4920000000002,2.7074000000000007,127.97999999999999,3,7,5,5,3,0.391304347826087,0.45603818207875113
CHEMBL383527,CHEMBL383527,N[C@@H](Cc1cccc2ccccc12)C(=O)Nc1cncc(/C=C/c2ccncc2)c1,,6.17,1,6.17,6.17,IC50,B,single protein format,single_protein,9,D,2006,,394.47800000000007,4.308700000000003,80.9,2,4,6,4,4,0.08,0.5106274714685205
CHEMBL3693558,CHEMBL3693558,CNC(=O)C1CCN(c2nc(N3CCOC[C@@H]3C)c3ccc(-c4ccc(N)nc4)nc3n2)CC1,,6.17,2,6.17,6.17,IC50,B,single protein format,single_protein,8;9,D;H,2015,,462.5580000000002,1.8564999999999998,122.39,2,9,4,5,3,0.4583333333333333,0.5979439491049816
CHEMBL209638,CHEMBL209638,N[C@H](COc1cncc(-c2ccc3cnccc3c2)c1)CC1CCCCC1,,6.17,1,6.17,6.17,Ki,B,single protein format,single_protein,9,D,2006,,361.48900000000026,4.9733000000000045,61.03,1,4,6,4,3,0.391304347826087,0.6729577425958513
CHEMBL3684339,CHEMBL3684339,O=C(Nc1ccc(-c2nnc3n2-c2cccnc2Nc2ccccc2-3)cc1)c1ccc2ccccc2c1,,6.17,2,6.17,6.17,IC50,B,single protein format,single_protein,8;9,D;H,2013,,480.5310000000002,6.4588000000000045,84.73,2,5,3,7,6,0.0,0.30323114651612076
CHEMBL5220876,CHEMBL5220876,Cc1ncsc1-c1ccc([C@H](C)NC(=O)[C@H]2C[C@H](O)CN2C(=O)[C@@H](NC(=O)CCCCCCCCCCNC(=O)CCc2cccc(-c3ccc4nc(-c5cccnc5N)n(-c5ccc(C6(N)CCC6)cc5)c4n3)c2)C(C)(C)C)cc1,,6.17,1,6.17,6.17,IC50,B,single protein format,single_protein,9,D,2022,,1114.474999999999,10.431319999999992,236.37,6,12,24,9,7,0.4375,0.03113844930033633
CHEMBL3699672,CHEMBL3699672,NC1(c2ccc(-c3nc4ncc(-c5ccccc5)cn4c3-c3ccccc3)cc2)CCC1,,6.16,2,6.16,6.16,IC50,B,single protein format,single_protein,8;9,D;H,2015,,416.52800000000025,6.0682000000000045,56.209999999999994,1,3,4,6,5,0.14285714285714285,0.3868824191309228
CHEMBL210628,CHEMBL210628,N#C/C=C/c1c(OC[C@@H](N)Cc2c[nH]c3ccccc23)cncc1-c1ccc2cnccc2c1,,6.16,1,6.16,6.16,IC50,B,single protein format,single_protein,9,D,2006,,445.5260000000002,5.2636800000000035,100.60999999999999,2,5,7,5,5,0.10714285714285714,0.33271873725879475
CHEMBL3703126,CHEMBL3703126,Cn1cc(-c2ccc3nc(-c4ccc(C5(N)CCC5)cc4)c(-c4ccccc4)n3c2)cn1,,6.16,2,6.16,6.16,IC50,B,single protein format,single_protein,8;9,D;H,2015,,419.53200000000004,5.406700000000005,61.14,1,3,4,6,5,0.18518518518518517,0.4238345684720798
CHEMBL220241,CHEMBL220241,CCn1c(-c2nonc2N)nc2cnc(Oc3cccc(NC(=O)c4ccc(OCCN5CCOCC5)cc4)c3)cc21,GSK-269962A,6.16,2,6.02,6.3,IC50;Ki,B;F,assay format;single protein format,mixed,8,H,2007,,570.6100000000005,3.839000000000003,155.68,2,11,10,6,5,0.27586206896551724,0.2514867782064568
CHEMBL3640020,CHEMBL3640020,Cc1cc(-c2ccc3nc(-c4ccc(C5(N)CCC5)cc4)c(-c4ccccc4)n3c2)[nH]n1,,6.16,2,6.16,6.16,IC50,B,single protein format,single_protein,8;9,D;H,2015,,419.53200000000004,5.704720000000005,72.0,2,3,4,6,5,0.18518518518518517,0.39215272422638114
CHEMBL3684344,CHEMBL3684344,CC(C)CC(=O)Nc1ccc(-c2nnc3n2-c2cccnc2Nc2ccccc2-3)cc1,,6.16,2,6.16,6.16,IC50,B,single protein format,single_protein,8;9,D;H,2013,,410.4810000000001,5.037900000000003,84.73,2,5,4,5,4,0.16666666666666666,0.4336540208556338
CHEMBL3684488,CHEMBL3684488,Cc1ccccc1NC(=O)NC1CCN(Cc2ccc(-c3nnc4n3-c3cccnc3Nc3ccccc3-4)cc2)CC1,,6.16,2,6.16,6.16,IC50,B,single protein format,single_protein,8;9,D;H,2013,,556.6740000000001,6.147820000000006,100.00000000000001,3,6,5,7,5,0.21212121212121213,0.23564569042540404
CHEMBL203673,CHEMBL203673,N[C@H](COc1cncc(/C=C/c2ccncc2)c1)Cc1ccccc1,,6.16,1,6.16,6.16,IC50,B,single protein format,single_protein,9,D,2006,,331.41900000000004,3.5958000000000023,61.03,1,4,7,3,3,0.14285714285714285,0.7184756354622281
CHEMBL3684492,CHEMBL3684492,COc1ccccc1NC(=O)NC1CCN(Cc2ccc(-c3nnc4n3-c3cccnc3Nc3ccccc3-4)cc2)CC1,,6.16,2,6.16,6.16,IC50,B,single protein format,single_protein,8;9,D;H,2013,,572.673,5.848000000000005,109.23,3,7,6,7,5,0.21212121212121213,0.2298044002412445
CHEMBL1257280,CHEMBL1257280,N[C@H](Cc1cc(F)cc(F)c1)C(=O)N1CCN(c2ncnc3ccccc23)CC1,,6.16,1,6.16,6.16,IC50,B,single protein format,single_protein,8,H,2010,,397.4290000000001,2.1266,75.35000000000001,1,5,4,4,3,0.2857142857142857,0.7300557647118254
CHEMBL1170238,CHEMBL1170238,Cc1c[nH]c2ncnc(N3CC[C@@H](NC(=O)c4ccccc4)C3)c12,,6.16,1,6.16,6.16,IC50,B,single protein format,single_protein,8,H,2010,,321.38400000000007,2.2750199999999996,73.91,2,4,3,4,3,0.2777777777777778,0.7759785766637135
CHEMBL3684367,CHEMBL3684367,O=C(Nc1ccc(-c2nnc3n2-c2cccnc2Nc2ccccc2-3)cc1)C1CCC1,,6.16,2,6.16,6.16,IC50,B,single protein format,single_protein,8;9,D;H,2013,,408.4650000000002,4.791900000000003,84.73,2,5,3,6,4,0.16666666666666666,0.4482690423176189
CHEMBL5892469,CHEMBL5892469,NC1(c2ccc(-c3nc4ccc(-c5ccc(F)cc5)nn4c3-c3ccccc3)cc2)CCC1,,6.16,1,6.16,6.16,IC50,B,single protein format,single_protein,8,H,2017,,434.5180000000002,6.2073000000000045,56.209999999999994,1,3,4,6,5,0.14285714285714285,0.3659702065763823
CHEMBL3684372,CHEMBL3684372,NCc1ccc(-c2nnc3n2-c2cccnc2Nc2ccccc2-3)cc1,,6.16,2,6.16,6.16,IC50,B,single protein format,single_protein,8;9,D;H,2013,,340.39000000000004,3.5120000000000013,81.65,2,5,2,5,4,0.05,0.5137921648470397
CHEMBL1173304,CHEMBL1173304,Cc1c[nH]c2ncnc(N3CC[C@@H](NC(=O)Nc4ccccc4)C3)c12,,6.16,1,6.16,6.16,IC50,B,single protein format,single_protein,8,H,2010,,336.39900000000006,2.6667200000000006,85.94,3,4,3,4,3,0.2777777777777778,0.6862482603998976
CHEMBL3696290,CHEMBL3696290,O=C(Nc1ccc(F)cc1)C(F)(F)c1nc(N2CCOCC2)cc(=O)[nH]1,,6.16,2,6.16,6.16,IC50,B,assay format;cell-based format,cell_based,8;9,D;H,2015,,368.3150000000001,1.4761,87.32,2,5,4,3,2,0.3125,0.8536488807692064
CHEMBL1095279,CHEMBL1095279,COc1cc2ncc3c(N)nc(-c4cncc(OC[C@H](C)N)c4)cc3c2cc1OC,,6.15,1,6.15,6.15,IC50,B,single protein format,single_protein,8,H,2010,,405.45800000000014,3.1704000000000008,118.4,2,8,6,4,4,0.22727272727272727,0.46966035790792743
CHEMBL4446375,CHEMBL4596926,Cn1nccc1-c1coc(C(=O)NC2CNCCC2c2ccccc2)c1,,6.15,1,6.15,6.15,IC50,B,assay format,other,9,D,2019,,350.422,2.555600000000001,72.09,2,4,4,4,3,0.3,0.7585068501668186
CHEMBL3684475,CHEMBL3684475,COc1ccc(C)cc1NC(=O)NC1CCN(Cc2ccc(-c3nnc4n3-c3cccnc3Nc3ccccc3-4)cc2)CC1,,6.14,2,6.14,6.14,IC50,B,single protein format,single_protein,8;9,D;H,2013,,586.7,6.156420000000005,109.23,3,7,6,7,5,0.23529411764705882,0.21460178427393603
CHEMBL2151819,CHEMBL2151819,O=C(Cc1nc(N2CCOCC2)cc(=O)[nH]1)Nc1ccccc1F,,6.14,2,6.14,6.14,IC50,B,assay format;cell-based format,cell_based,8;9,D;H,2015,,332.33500000000004,0.9267999999999995,87.32000000000001,2,5,4,3,2,0.3125,0.8695429921056893
CHEMBL3679720,CHEMBL3679720,Nc1ccc(-c2nnc3n2-c2cccnc2Nc2ccccc2-3)cc1,,6.14,2,6.14,6.14,IC50,B,single protein format,single_protein,8;9,D;H,2013,,326.36300000000006,3.6355000000000013,81.65,2,5,1,5,4,0.0,0.4596651173797958
CHEMBL3672547,CHEMBL3672547,NC1(c2ccc(-c3nc4c5cccc(-c6ccc(CO)cc6)c5nn4cc3-c3ccccc3)cc2)CCC1,,6.14,2,6.14,6.14,IC50,B,single protein format,single_protein,8;9,D;H,2015,,496.61400000000026,6.7137000000000056,76.44,2,4,5,7,6,0.15151515151515152,0.2779706957207122
CHEMBL3684343,CHEMBL3684343,CCCC(=O)Nc1ccc(-c2nnc3n2-c2cccnc2Nc2ccccc2-3)cc1,,6.14,2,6.14,6.14,IC50,B,single protein format,single_protein,8;9,D;H,2013,,396.45400000000006,4.791900000000003,84.73,2,5,4,5,4,0.13043478260869565,0.4561263520187685
CHEMBL3699690,CHEMBL3699690,COCc1ccc2nc(-c3ccc(C4(N)CCC4)cc3)c(-c3ccccc3)n2c1,,6.14,2,6.14,6.14,IC50,B,single protein format,single_protein,8;9,D;H,2015,,383.495,5.152600000000004,52.55,1,3,5,5,4,0.24,0.518281782054552
CHEMBL3963052,CHEMBL3963052,CN(C)CCN(C)CCn1cc(-c2ccc(F)c(C(F)(F)F)c2)nc1C1CCN(c2ncnc(N)c2C(N)=O)CC1,,6.14,2,6.14,6.14,IC50,B,single protein format,single_protein,8,H,2015,,577.631,3.0565000000000007,122.43,2,8,10,4,3,0.48148148148148145,0.3528692441282747
CHEMBL443633,CHEMBL443633,CN1CCN(c2nccc3cc(-c4ccccc4)c(-c4ccc(CN5CCC(c6nnc(-c7ccccn7)[nH]6)CC5)cc4)nc23)CC1,,6.14,1,6.14,6.14,IC50,B,single protein format,single_protein,8,H,2008,,621.793,6.275300000000007,89.96,1,8,7,8,6,0.2894736842105263,0.2230443833198284
CHEMBL592898,CHEMBL592898,Cc1n[nH]c2ccc(-c3cc(OC[C@@H](N)Cc4ccccc4)cnc3C#CCCO)cc12,,6.14,1,6.14,6.14,IC50,B,single protein format,single_protein,8,H,2010,,426.52000000000015,3.6160200000000025,97.05,3,5,7,4,4,0.23076923076923078,0.3923473435221534
CHEMBL4535365,CHEMBL4535365,Cc1ccc(-n2c(-c3cccnc3N)nc3cccnc32)cc1,,6.14,1,6.14,6.14,IC50,B,cell-based format,cell_based,9,D,2016,,301.35300000000007,3.373120000000001,69.62,1,4,2,4,4,0.05555555555555555,0.6160052435625899
CHEMBL3918796,CHEMBL3918796,Nc1ncnc(N2CCC(c3nc(-c4ccc(F)c(C(F)(F)F)c4)cn3CCN3CCCC3)CC2)c1C(=O)O,,6.14,2,6.14,6.14,IC50,B,single protein format,single_protein,8,H,2015,,547.5570000000005,4.258200000000003,113.40000000000002,2,7,7,5,3,0.46153846153846156,0.42224496039080245
CHEMBL4176130,CHEMBL4176130,COC(=O)c1c(C)nc(NNC(=O)c2cccc3c(=O)c4ccccc4[nH]c23)nc1-c1ccc(C)cc1,,6.13,1,6.13,6.13,IC50,B,single protein format,single_protein,9,D,2017,,493.52300000000025,4.2986400000000025,126.06999999999998,3,7,5,5,5,0.10714285714285714,0.18931143751656404
CHEMBL3699739,CHEMBL3699739,NC1(c2ccc(-c3nc4ccc(C5CC5)cn4c3-c3ccccc3)cc2)CCC1,,6.13,2,6.13,6.13,IC50,B,single protein format,single_protein,8;9,D;H,2015,,379.5070000000001,5.883600000000004,43.31999999999999,1,2,4,6,4,0.2692307692307692,0.48077623664638536
CHEMBL3113140,CHEMBL3113140,CC(C)CNC(c1ccc(Cl)cc1)c1ccc(-c2ncnc3[nH]cnc23)cc1,,6.13,1,6.13,6.13,IC50,B,single protein format,single_protein,9,D,2014,,391.90600000000006,5.008300000000004,66.49000000000001,2,4,6,4,4,0.22727272727272727,0.48457368987984
CHEMBL3889930,CHEMBL3889930,COC/C=C/c1c(N)ncnc1N1CCC(c2nc(-c3ccc(F)c(C(F)(F)F)c3)cn2C)CC1,,6.13,2,6.13,6.13,IC50,B,single protein format,single_protein,8,H,2015,,490.5050000000002,4.660800000000004,82.09,1,6,6,4,3,0.375,0.5064269447922481
CHEMBL3672551,CHEMBL3672551,COC(=O)c1cccc2c1nn1cc(-c3ccccc3)c(-c3ccc(C4(N)CCC4)cc3)nc21,,6.13,2,6.13,6.13,IC50,B,single protein format,single_protein,8;9,D;H,2015,,448.5260000000003,5.341000000000005,82.50999999999999,1,5,4,6,5,0.17857142857142858,0.3753251845989865
CHEMBL3113142,CHEMBL3113142,Clc1ccc(C(NCc2ccccc2)c2ccc(-c3ncnc4[nH]cnc34)cc2)cc1,,6.13,1,6.13,6.13,IC50,B,single protein format,single_protein,9,D,2014,,425.9230000000001,5.552500000000004,66.49000000000001,2,4,6,5,5,0.08,0.37386961672126706
CHEMBL3639951,CHEMBL3639951,O=C(Cc1nc(N2CCOCC2)cc(=O)[nH]1)Nc1cccc(F)c1F,,6.13,2,6.13,6.13,IC50,B,assay format;cell-based format,cell_based,8;9,D;H,2015,,350.32500000000005,1.0658999999999996,87.32000000000001,2,5,4,3,2,0.3125,0.8612107384287908
CHEMBL2177816,CHEMBL2177816,Nc1ccc(-n2c(-c3cccnc3N)nc3cccnc32)cc1,,6.13,1,6.13,6.13,IC50,B,cell-based format,cell_based,8,H,2012,,302.34100000000007,2.6469000000000005,95.64,2,5,2,4,4,0.0,0.5549091323899743
CHEMBL1773600,CHEMBL1773600,COc1ccc(S(=O)(=O)Nc2cncc(-c3ccc4nc(NC(C)=O)sc4c3)n2)cc1,,6.13,1,6.13,6.13,IC50,B,cell-based format,cell_based,9,D,2011,,455.5210000000002,3.5211000000000015,123.17,2,8,6,4,4,0.1,0.45585421907144763
CHEMBL574290,CHEMBL574290,Cn1cc(C(CN)Oc2cncc(/C=C/c3ccncc3)c2)c2ccccc21,,6.12,1,6.12,6.12,IC50,B,single protein format,single_protein,8,H,2009,,370.45600000000013,4.217500000000003,65.96000000000001,1,4,6,4,4,0.13043478260869565,0.551866522303173
CHEMBL255212,CHEMBL255212,N#Cc1cnc(-c2ccc(CN3CCC(n4c(=O)[nH]c5ccccc54)CC3)cc2)c(-c2ccccc2)c1,,6.12,1,6.12,6.12,IC50,B,single protein format,single_protein,9,D,2005,,485.5910000000002,5.7673800000000055,77.71000000000001,1,4,5,6,5,0.1935483870967742,0.34295970974778145
CHEMBL1171841,CHEMBL1171841,CC(=O)NCC1(N)CCN(c2ncnc3[nH]cc(C)c23)C1,,6.12,1,6.12,6.12,IC50,B,single protein format,single_protein,8,H,2010,,288.35500000000013,0.31002000000000046,99.93,3,5,3,3,2,0.5,0.7545367197281597
CHEMBL5906186,CHEMBL5906186,NC(=O)c1ccnc2c(NC3CNCCC3c3cccc(C(F)(F)F)c3)ncnc12,,6.12,1,6.12,6.12,IC50,B,single protein format,single_protein,8,H,2018,,416.40700000000004,2.7001,105.82000000000001,3,6,4,4,3,0.3,0.6039992509668797
CHEMBL575428,CHEMBL575428,Cc1n[nH]c2cnc(-c3cncc(OC[C@@H](N)Cc4cccc(OCCN5CCOCC5)c4)c3)cc12,,6.12,1,6.12,6.12,IC50,B,single protein format,single_protein,8,H,2009,,488.5920000000004,2.988120000000001,111.41,2,8,10,5,4,0.37037037037037035,0.3504903272020555
CHEMBL3684491,CHEMBL3684491,O=C(NCCc1cccs1)NC1CCN(Cc2ccc(-c3nnc4n3-c3cccnc3Nc3ccccc3-4)cc2)CC1,,6.12,2,6.12,6.12,IC50,B,single protein format,single_protein,8;9,D;H,2013,,576.73,5.621100000000005,100.00000000000001,3,7,7,7,5,0.25,0.22815017794722683
CHEMBL5976472,CHEMBL5976472,Nc1ncc(-c2cc(OC3CCOC3)cc(N3CCOCC3)n2)cn1,,6.12,1,6.12,6.12,IC50,B,cell-based format,cell_based,8,H,2022,,343.3870000000001,1.1250999999999995,95.62,1,8,4,4,2,0.47058823529411764,0.8823977900341556
CHEMBL5981176,CHEMBL5981176,NC(=O)c1ccnc2c(NC3CNCCC3c3ccc(C(F)(F)F)cc3)ncnc12,,6.12,1,6.12,6.12,IC50,B,single protein format,single_protein,8,H,2019,,416.40700000000004,2.700100000000001,105.82000000000001,3,6,4,4,3,0.3,0.6039992509668797
CHEMBL202937,CHEMBL202937,Cn1cc(C(CN)c2cncc(/C=C/c3ccncc3)c2)c2ccccc21,,6.12,1,6.12,6.12,IC50,B,single protein format,single_protein,9,D,2006,,354.4570000000001,4.229300000000003,56.730000000000004,1,3,5,4,4,0.13043478260869565,0.5834106277370997
CHEMBL251860,CHEMBL251860,CSc1ncc2cc(-c3ccccc3)c(-c3ccc(CNCCCN4CCN(C)CC4)cc3)nc2n1,,6.12,1,6.12,6.12,IC50,B,single protein format,single_protein,8,H,2008,,498.70000000000044,4.807800000000005,57.18000000000001,1,7,9,5,4,0.3448275862068966,0.20192738386217743
CHEMBL1773602,CHEMBL1773602,COc1ccc(S(=O)(=O)Nc2cc(-c3ccc4nc(NC(C)=O)sc4c3)cnc2C#N)cc1,,6.12,1,6.12,6.12,IC50,B,cell-based format,cell_based,9,D,2011,,479.5430000000002,3.9977800000000014,134.07000000000002,2,8,6,4,4,0.09090909090909091,0.4267880131803321
CHEMBL3929885,CHEMBL3929885,NC(=O)c1c(N)ncnc1N1CCC(c2nc(-c3cnoc3)cn2CCN2CCC2)CC1,,6.12,2,6.12,6.12,IC50,B,single protein format,single_protein,8,H,2015,,437.5080000000003,1.0988999999999989,145.22000000000003,2,9,7,5,3,0.47619047619047616,0.5546013431273261
CHEMBL178397,CHEMBL178397,Cc1nc(-c2ccc(CN3CCC(n4c(=O)[nH]c5ccccc54)CC3)cc2)c(-c2ccccc2)[nH]c1=O,,6.12,2,6.12,6.12,IC50;Ki,B,single protein format,single_protein,8;9,D;H,2005,,491.5950000000002,4.892420000000004,86.78,2,4,5,6,5,0.23333333333333334,0.36644819165158865
CHEMBL415220,CHEMBL415220,Cc1n[nH]c2ccc(-c3cncc(OC[C@@H](N)Cc4cccc(OCCN5CCOCC5)c4)c3)cc12,,6.12,1,6.12,6.12,IC50,B,single protein format,single_protein,9,D,2007,,487.6040000000003,3.5931200000000016,98.52,2,7,10,5,4,0.35714285714285715,0.35269756740770614
CHEMBL3986416,CHEMBL3986416,CN(CCn1cc(-c2ccc(F)c(C(F)(F)F)c2)nc1C1CCN(c2ncnc(N)c2C(N)=O)CC1)Cc1ccccc1,,6.12,2,6.12,6.12,IC50,B,single protein format,single_protein,8,H,2015,,596.6330000000003,4.695100000000003,119.19,2,7,9,5,4,0.3333333333333333,0.2691252236251744
CHEMBL367601,CHEMBL367601,Cc1ccc2[nH]c(C3CCN(Cc4ccc(-c5ncc(-c6nn[nH]n6)cc5-c5ccccc5)cc4)CC3)nc2c1,,6.12,1,6.12,6.12,IC50,B,single protein format,single_protein,9,D,2005,,526.6480000000003,6.160020000000005,99.27000000000001,2,6,6,7,6,0.21875,0.26966639676985277
CHEMBL5200967,CHEMBL5200967,CC(C)NC[C@@H](C(=O)N1CCN(c2ncnc3c2[C@@H](C(F)(F)F)CC(=O)N3)CC1)c1ccc(Cl)cc1,,6.11,1,6.11,6.11,IC50,B,cell-based format,cell_based,9,D,2022,,524.9750000000003,3.5485000000000015,90.46000000000001,2,6,6,4,2,0.5,0.6005185751985824
CHEMBL208014,CHEMBL208014,N[C@H](COc1cncc(-c2ccc3c(Cl)nccc3c2)c1)Cc1c[nH]c2ccccc12,,6.11,1,6.11,6.11,IC50,B,single protein format,single_protein,9,D,2006,,428.9230000000002,5.380300000000003,76.82,2,4,6,5,5,0.12,0.3557854783657385
CHEMBL1822053,CHEMBL1822053,O=S(=O)(Nc1cc(-c2ccc3ncsc3c2)cnc1Cl)c1ccc(F)cc1,,6.11,1,6.11,6.11,IC50,B,cell-based format,cell_based,9,D,2011,,419.89000000000004,4.951600000000002,71.95,1,5,4,4,4,0.0,0.4747855939033801
CHEMBL3684486,CHEMBL3684486,CCCc1ccccc1NC(=O)NC1CCN(Cc2ccc(-c3nnc4n3-c3cccnc3Nc3ccccc3-4)cc2)CC1,,6.11,2,6.11,6.11,IC50,B,single protein format,single_protein,8;9,D;H,2013,,584.7280000000001,6.791900000000006,100.00000000000001,3,6,7,7,5,0.2571428571428571,0.1910580237894216
CHEMBL3905865,CHEMBL3905865,CCc1c(N)ncnc1N1CCC(c2nc(-c3cccc(Cl)n3)cn2CCN2CCC2)CC1,,6.11,2,6.11,6.11,IC50,B,single protein format,single_protein,8,H,2015,,467.02100000000036,3.6228000000000025,88.99,1,7,7,5,3,0.5,0.5316200866908853
CHEMBL3684371,CHEMBL3684371,O=C(Nc1ccc(-c2nnc3n2-c2cccnc2Nc2ccccc2-3)cc1)c1ccc(-c2ccccc2)cc1,,6.11,2,6.11,6.11,IC50,B,single protein format,single_protein,8;9,D;H,2013,,506.5690000000002,6.972600000000004,84.73,2,5,4,7,6,0.0,0.26922462776781547
CHEMBL3684389,CHEMBL3684389,CN(CCc1ccccc1)Cc1ccc(-c2nnc3n2-c2cccnc2Nc2ccccc2-3)cc1,,6.11,2,6.11,6.11,IC50,B,single protein format,single_protein,8;9,D;H,2013,,458.5690000000001,5.727800000000005,58.870000000000005,1,5,6,6,5,0.13793103448275862,0.34551819383881477
CHEMBL379849,CHEMBL379849,O=C1/C(=C/c2ccccc2F)CNC/C1=C\c1ccccc1F,,6.11,1,6.11,6.11,IC50,B,single protein format,single_protein,9,D,2013,,311.33099999999996,3.6041000000000025,29.1,1,2,2,3,2,0.10526315789473684,0.858639694499956
CHEMBL3684480,CHEMBL3684480,COc1cccc(CNC(=O)NC2CCN(Cc3ccc(-c4nnc5n4-c4cccnc4Nc4ccccc4-5)cc3)CC2)c1,,6.11,2,6.11,6.11,IC50,B,single protein format,single_protein,8;9,D;H,2013,,586.7,5.525700000000004,109.23,3,7,7,7,5,0.23529411764705882,0.2258675801985521
CHEMBL5649156,CHEMBL5649156,C=CC(=O)Nc1ccc2[nH]c(=O)n(C3CCN(Cc4ccc(-c5[nH]c(=O)c(Cc6ccc(O)cc6)nc5-c5ccccc5)cc4)CC3)c2c1,,6.105,2,6.09,6.12,IC50;Ki,B,cell-based format,cell_based,9,D,2019,,652.7550000000001,6.004900000000006,136.10999999999999,4,6,9,7,6,0.1794871794871795,0.14147500236739158
CHEMBL3684455,CHEMBL3684455,COC(=O)c1sccc1S(=O)(=O)NC1CCN(Cc2ccc(-c3nnc4n3-c3cccnc3Nc3ccccc3-4)cc2)CC1,,6.1,2,6.1,6.1,IC50,B,single protein format,single_protein,8;9,D;H,2013,,627.7520000000002,4.844300000000004,131.33999999999997,2,10,7,7,5,0.22580645161290322,0.23871116046255536
CHEMBL2035024,CHEMBL2035024,NC1(c2ccc(-c3ncc4cccn4c3-c3ccccc3)cc2)CCC1,,6.1,1,6.1,6.1,IC50,B,single protein format,single_protein,8,H,2012,,339.4420000000002,5.006200000000003,43.31999999999999,1,2,3,5,4,0.17391304347826086,0.5702328263213384
CHEMBL2006933,CHEMBL2006933,CSc1cnc2c(ccc3cnccc32)c1O,,6.1,1,6.1,6.1,Ki,F,assay format,other,8,H,,,242.303,3.210500000000001,46.010000000000005,1,4,1,3,3,0.07692307692307693,0.5254836710405861
CHEMBL1975900,CHEMBL1975900,O=c1c(NCc2ccc(Cl)c(Cl)c2)c(Nc2ccncc2)c1=O,,6.1,1,6.1,6.1,Ki,F,assay format,other,8,H,,,348.189,3.3401000000000023,71.09,2,5,5,3,3,0.0625,0.6922950751930791
CHEMBL5556059,CHEMBL5556059,Cc1ncsc1-c1ccc(C(C)NC(=O)C2CC(O)CN2C(=O)C(NC(=O)CCCCCCCCCCNC(=O)CCc2cccc(-c3ccc4nc(-c5cccnc5N)n(-c5ccc(C6(N)CCC6)cc5)c4n3)c2)C(C)(C)C)cc1,,6.1,1,6.1,6.1,IC50,B,single protein format,single_protein,9,D,2024,,1114.474999999999,10.431319999999992,236.37,6,12,24,9,7,0.4375,0.03113844930033633
CHEMBL1095931,CHEMBL1095931,COc1cc2ncc3c(N)nc(-c4cncc(OC[C@@H](N)Cc5ccccc5Cl)c4)cc3c2cc1OC,,6.1,1,6.1,6.1,IC50,B,single protein format,single_protein,8,H,2010,,516.0010000000002,5.046600000000003,118.4,2,8,8,5,5,0.17857142857142858,0.27559872235806576
CHEMBL1794064,CHEMBL494280,CCn1c(-c2nonc2N)nc2c(C#CCN)ncc(OCCCN)c21,GSK-561866B,6.1,1,6.1,6.1,IC50,B,single protein format,single_protein,9,D,2008,,356.39000000000016,0.12120000000000075,156.92000000000002,3,9,6,3,3,0.375,0.41190639319250255
CHEMBL3684487,CHEMBL3684487,O=C(Nc1cccc(F)c1)NC1CCN(Cc2ccc(-c3nnc4n3-c3cccnc3Nc3ccccc3-4)cc2)CC1,,6.1,2,6.1,6.1,IC50,B,single protein format,single_protein,8;9,D;H,2013,,560.6370000000001,5.978500000000005,100.00000000000001,3,6,5,7,5,0.1875,0.23999759452407185
CHEMBL3684412,CHEMBL3684412,COc1ccc(S(=O)(=O)NCc2ccc(-c3nnc4n3-c3cccnc3Nc3ccccc3-4)cc2)cc1,,6.1,2,6.1,6.1,IC50,B,single protein format,single_protein,8;9,D;H,2013,,510.5790000000002,4.540400000000003,111.03000000000002,2,7,6,6,5,0.07407407407407407,0.33839491662321697
CHEMBL1682345,CHEMBL1682345,c1ccc(Cn2cc(-c3ccc4[nH]ncc4c3)nn2)cc1,,6.1,1,6.1,6.1,Ki,F,assay format,other,8,H,,,275.31500000000005,2.8697,59.39,1,3,3,4,4,0.0625,0.6251373324550802
CHEMBL595708,CHEMBL595708,Cc1n[nH]c2ccc(-c3cc(OC[C@@H](N)Cc4ccccc4)cnc3-c3ccco3)cc12,,6.1,1,6.1,6.1,IC50,B,single protein format,single_protein,8,H,2010,,424.5040000000001,5.142120000000004,89.96,2,5,7,5,5,0.15384615384615385,0.37742447721611116
CHEMBL1940997,CHEMBL1940997,CC(=O)OC[C@H]1O[C@@H](NC(=O)CCCn2[se]c3ccccc3c2=O)[C@H](OC(C)=O)[C@@H](OC(C)=O)[C@@H]1OC(C)=O,,6.1,1,6.1,6.1,IC50,B,single protein format,single_protein,8,H,2012,,613.4780000000002,0.0380000000000027,165.53,1,11,10,3,2,0.52,0.21848387566684332
CHEMBL3684337,CHEMBL3684337,O=C(c1ccc(-c2nnc3n2-c2cccnc2Nc2ccccc2-3)cc1)N1CCC(n2c(=O)[nH]c3ccccc32)CC1,,6.1,2,6.1,6.1,IC50,B,single protein format,single_protein,8;9,D;H,2013,,554.6140000000001,5.173600000000004,113.72999999999999,2,6,3,8,6,0.15625,0.3114682474181702
CHEMBL1257985,CHEMBL1257985,N[C@H](Cc1ccc(Cl)cc1)C(=O)N1CCN(c2ncnc3ccc(-c4ccccc4)cc23)CC1,,6.09,1,6.09,6.09,IC50,B,single protein format,single_protein,8,H,2010,,471.9920000000002,4.168800000000004,75.35000000000001,1,5,5,5,4,0.2222222222222222,0.47252325715266913
CHEMBL6022979,CHEMBL6022979,CC(c1ccccc1)c1cc(-c2cnc(N)nc2)nc(N2CCOCC2)c1,,6.09,1,6.09,6.09,IC50,B,cell-based format,cell_based,8,H,2022,,361.4490000000002,3.1092000000000013,77.16,1,6,4,4,3,0.2857142857142857,0.7693315025524262
CHEMBL2177822,CHEMBL2177822,CC(=O)NCc1ccc(-n2c(-c3cccnc3N)nc3cccnc32)cc1,,6.09,1,6.09,6.09,IC50,B,cell-based format,cell_based,8,H,2012,,358.40500000000003,2.7008,98.72,2,5,4,4,4,0.1,0.5843114081681389
CHEMBL2063990,CHEMBL2063990,COc1cc(C=C(C(=O)/C=C/c2cccc(OC)c2OC)C(=O)/C=C/c2cccc(OC)c2OC)ccc1O,,6.09,1,6.09,6.09,IC50,B,single protein format,single_protein,9,D,2012,,530.5730000000003,5.383600000000007,100.52000000000001,1,8,12,3,3,0.16129032258064516,0.1891971639794629
CHEMBL3113150,CHEMBL3113150,NCCNC(c1ccc(Cl)cc1)c1ccc(-c2cn[nH]c2)cc1,,6.09,1,6.09,6.09,IC50,B,single protein format,single_protein,9,D,2014,,326.83099999999996,3.3678000000000017,66.72999999999999,3,3,6,3,3,0.16666666666666666,0.650350808225091
CHEMBL3684493,CHEMBL3684493,COc1ccc(NC(=O)NC2CCN(Cc3ccc(-c4nnc5n4-c4cccnc4Nc4ccccc4-5)cc3)CC2)c(C)c1,,6.08,2,6.08,6.08,IC50,B,single protein format,single_protein,8;9,D;H,2013,,586.7,6.156420000000005,109.23,3,7,6,7,5,0.23529411764705882,0.21460178427393603
CHEMBL3684497,CHEMBL3684497,c1ccc(OC2CCN(Cc3ccc(-c4nnc5n4-c4cccnc4Nc4ccccc4-5)cc3)CC2)cc1,,6.08,2,6.08,6.08,IC50,B,single protein format,single_protein,8;9,D;H,2013,,500.6060000000002,6.096700000000006,68.1,1,6,5,7,5,0.1935483870967742,0.30867589905941545
CHEMBL1089990,CHEMBL1089990,CCC[C@H](NC(=O)[C@H](CCCNC(=N)N)NC(=O)[C@@H]1CCCN1C(=O)[C@H](CCCNC(=N)N)NC(=O)[C@@H](N)CCCNC(=N)N)C(=O)N[C@@H](Cc1ccc(O)cc1)C(=O)N[C@@H](CN)C(=O)N[C@@H](CCC(C)C)C(N)=O,,6.08,1,6.08,6.08,IC50,B,single protein format,single_protein,8,H,2010,,1058.3049999999996,-4.368090000000018,495.96999999999986,19,14,34,2,1,0.6382978723404256,0.01761400713407853
CHEMBL1940993,CHEMBL1940993,CC(=O)OC[C@H]1O[C@@H](O[C@H]2[C@H](OC(C)=O)[C@@H](OC(C)=O)[C@H](n3[se]c4ccccc4c3=O)O[C@@H]2COC(C)=O)[C@H](OC(C)=O)[C@@H](OC(C)=O)[C@H]1OC(C)=O,,6.08,1,6.08,6.08,IC50,B,single protein format,single_protein,8,H,2012,,816.624,-0.1492999999999931,233.78999999999994,0,18,12,4,2,0.5757575757575758,0.1539276703217945
CHEMBL448196,CHEMBL448196,CN1CCN(c2cc3cc(-c4ccccc4)c(-c4ccc(CN5CCC(c6nnc(-c7ccccn7)[nH]6)CC5)cc4)nc3cn2)CC1,,6.08,2,6.03,6.13,IC50,B,cell-based format;single protein format,mixed,8,H,2008,,621.793,6.275300000000007,89.96000000000001,1,8,7,8,6,0.2894736842105263,0.2230443833198284
CHEMBL1257281,CHEMBL1257281,COc1cc(C[C@@H](N)C(=O)N2CCN(c3ncnc4ccccc34)CC2)cc(OC)c1,,6.08,1,6.08,6.08,IC50,B,single protein format,single_protein,8,H,2010,,421.5010000000002,1.8656000000000004,93.81,1,7,6,4,3,0.34782608695652173,0.6492888657022444
CHEMBL3699684,CHEMBL3699684,Cc1ccn2c(-c3ccccc3)c(-c3ccc(C4(N)CCC4)cc3)nc2c1,,6.08,2,6.08,6.08,IC50,B,single protein format,single_protein,8;9,D;H,2015,,353.46900000000016,5.314620000000005,43.32,1,2,3,5,4,0.20833333333333334,0.5419206168251125
CHEMBL4109551,CHEMBL4109551,NC(=O)c1ccc(N[C@H]2CNCC[C@@H]2c2ccc(F)c(Cl)c2)c2cncnc12,,6.07,2,6.07,6.07,IC50,B,single protein format,single_protein,8,H,2015,,399.8570000000001,3.078800000000001,92.93,3,5,4,4,3,0.25,0.626561066295818
CHEMBL2151922,CHEMBL2151922,COc1cccc(NC(=O)Cc2nc(N3CCOCC3)cc(=O)[nH]2)c1,,6.07,2,6.07,6.07,IC50,B,assay format;cell-based format,cell_based,8;9,D;H,2015,,344.37100000000004,0.7962999999999998,96.54999999999998,2,6,5,3,2,0.35294117647058826,0.8326612410811433
CHEMBL1800260,CHEMBL1800260,CCC[C@H](NC(=O)[C@H](CCCNC(=N)N)NC(=O)[C@H](CN)NC(=O)[C@@H](N)CCCNC(=N)N)C(=O)N[C@@H](Cc1ccc(O)cc1)C(=O)N[C@@H](CN)C(=O)N[C@@H](CCC(C)C)C(N)=O,,6.07,1,6.07,6.07,IC50,B,single protein format,single_protein,8,H,2011,,891.0929999999997,-4.663660000000019,439.77999999999986,17,13,30,1,1,0.6153846153846154,0.019617772493701856
CHEMBL514989,CHEMBL514989,Nc1ccc([C@@H]2O[C@@H]3CC(=O)O[C@@H]3C3=C2C(=O)c2ccccc2C3=O)cc1,,6.07,1,6.07,6.07,IC50,B,single protein format,single_protein,8,H,2009,,361.35300000000007,2.4000000000000004,95.69,1,6,1,5,2,0.19047619047619047,0.6189375288409082
CHEMBL3703146,CHEMBL3703146,Nc1ccc2nc(-c3ccc(C4(N)CCC4)cc3)c(-c3ccccc3)n2c1,,6.07,2,6.07,6.07,IC50,B,single protein format,single_protein,8;9,D;H,2015,,354.457,4.588400000000003,69.33999999999999,2,3,3,5,4,0.17391304347826086,0.5652835367362141
CHEMBL1823632,CHEMBL1823632,O=C(NC(c1ccccc1)C1CCNCC1)c1ccc2cnccc2c1,,6.07,1,6.07,6.07,IC50,B,single protein format,single_protein,8,H,2011,,345.446,3.7055000000000025,54.02,2,3,4,4,3,0.2727272727272727,0.7578930612011906
CHEMBL3978717,CHEMBL3978717,Cn1cc(-c2ccc(F)c(C(F)(F)F)c2)nc1C1CCN(c2ncnc(N)c2-c2ccncc2)CC1,,6.07,2,6.07,6.07,IC50,B,single protein format,single_protein,8,H,2015,,497.5000000000003,5.063200000000004,85.75,1,6,4,5,4,0.28,0.3967915822439962
CHEMBL5848821,CHEMBL5848821,O=S(=O)(Cc1ccc(F)cc1)c1cc(-c2cccc(O)c2)cc(N2CCOCC2)c1,,6.07,1,6.07,6.07,IC50,B,cell-based format,cell_based,8,H,2022,,427.49700000000024,4.0088000000000035,66.84,1,5,5,4,3,0.21739130434782608,0.6665439127562661
CHEMBL3805319,CHEMBL3805319,Cn1ncc(Cl)c1-c1c(Cl)c(C(=O)NC2(c3ccc(Cl)c(Cl)c3)CCNCC2)n(C)c1Cl,,6.07,1,6.07,6.07,IC50,B,assay format,other,9,D,2016,,535.6900000000003,5.701300000000003,63.88,2,3,4,4,3,0.3333333333333333,0.45050416591211107
CHEMBL3922417,CHEMBL3922417,Cc1ncc(-c2c(N)ncnc2N2CCC(c3nc(-c4ccc(F)c(C(F)(F)F)c4)cn3C)CC2)s1,,6.07,2,6.07,6.07,IC50,B,single protein format,single_protein,8,H,2015,,517.5560000000002,5.433120000000004,85.75,1,7,4,5,4,0.3333333333333333,0.36339380064515964
CHEMBL3923074,CHEMBL3923074,CC1=NN(C(=O)c2ccc(Cl)cc2)C(O)C1/N=N/c1ccc(S(=O)(=O)Nc2ncccn2)cc1,,6.07,1,6.07,6.07,Kd,B,single protein format,single_protein,8,H,2016,,499.94000000000017,3.2334000000000005,149.57,2,9,6,4,3,0.14285714285714285,0.4968989885450392
CHEMBL368010,CHEMBL368010,N#Cc1cnc(-c2ccc(CN3CCC(c4nc5cc(F)ccc5[nH]4)CC3)cc2)c(-c2ccccc2)c1,,6.06,1,6.06,6.06,IC50,B,single protein format,single_protein,9,D,2005,,487.58200000000016,6.682280000000006,68.6,1,4,5,6,5,0.1935483870967742,0.3001504397629998
CHEMBL203685,CHEMBL203685,N[C@H](COc1cncc(/C=C/c2ccncc2)c1)Cc1cccc(O)c1,,6.06,1,6.06,6.06,IC50,B,single protein format,single_protein,9,D,2006,,347.41800000000006,3.301400000000002,81.26,2,5,7,3,3,0.14285714285714285,0.6852359050887211
CHEMBL4552628,CHEMBL4552628,Cc1sc(C(=O)N[C@@H]2[C@H](N)CCCC2(F)F)cc1-c1cnn2cc(Cl)cnc12,,6.06,1,6.06,6.06,IC50,B,assay format,other,9,D,2016,,425.89200000000005,3.664520000000002,85.31,2,5,3,4,3,0.3888888888888889,0.6701270287962229
CHEMBL1257873,CHEMBL1257873,CC(=O)Nc1ccc2ncnc(N3CCN(C(=O)[C@H](N)Cc4ccc(Cl)cc4)CC3)c2c1,,6.06,1,6.06,6.06,IC50,B,single protein format,single_protein,8,H,2010,,452.9460000000002,2.4602000000000013,104.45,2,6,5,4,3,0.30434782608695654,0.6158044009805048
CHEMBL3958964,CHEMBL3958964,Cn1cc(-c2ccc(F)c(C(F)(F)F)c2)nc1C1CCN(c2ncnc(N)c2-c2cccnc2)CC1,,6.06,2,6.06,6.06,IC50,B,single protein format,single_protein,8,H,2015,,497.5000000000003,5.063200000000004,85.75,1,6,4,5,4,0.28,0.3967915822439962
CHEMBL3649687,CHEMBL3649687,NC1(c2ccc(-n3c(-c4ccccc4)nc4ccc(NCc5ccccc5)nc43)cc2)CCC1,,6.06,2,6.06,6.06,IC50,B,single protein format,single_protein,8;9,D;H,2014,,445.5700000000003,6.037500000000004,68.76,2,4,6,6,5,0.1724137931034483,0.3344225211107695
CHEMBL1940999,CHEMBL1940999,O=C(CCCn1[se]c2ccccc2c1=O)N[C@@H]1O[C@H](CO)[C@@H](O)[C@H](O)[C@H]1O,,6.06,1,6.06,6.06,IC50,B,single protein format,single_protein,8,H,2012,,445.3300000000001,-2.2451999999999974,141.25,5,7,6,3,2,0.5294117647058824,0.316678862866457
CHEMBL395080,CHEMBL395080,COc1cc(-c2ccc3c(c2)Nc2ccc(CC(=O)Nc4ccc(N5CCOCC5)cc4)cc2NC3=O)ccc1N,,6.06,1,6.06,6.06,IC50,B,single protein format,single_protein,9,D,2007,,549.6310000000002,5.271500000000002,117.95,4,7,6,6,4,0.1875,0.2420685081304822
CHEMBL3910187,CHEMBL3910187,NC(=O)c1ccc(N[C@@H]2CNCC[C@H]2c2ccc(F)cc2)c2cncnc12,,6.05,2,6.05,6.05,IC50,B,single protein format,single_protein,8,H,2015,,365.41200000000003,2.4254000000000007,92.93,3,5,4,4,3,0.25,0.6602883233318475
CHEMBL3113144,CHEMBL3113144,CC(C)CNC(c1ccc(Cl)cc1)c1ccc(-c2cn[nH]c2)cc1,,6.05,1,6.05,6.05,IC50,B,single protein format,single_protein,9,D,2014,,339.87,5.065100000000004,40.71,2,2,6,3,3,0.25,0.6582414531302204
CHEMBL5764100,CHEMBL5764100,CCC(=O)Nc1cccc(-c2cn(Cc3ccc(-c4nc5ccccn5c4-c4ccccc4)cc3)nn2)c1,,6.05,2,6.0,6.1,IC50;Kd,B,single protein format,single_protein,8,H,2020,,498.5900000000001,6.323600000000006,77.11,1,4,7,6,6,0.0967741935483871,0.27927306436039273
CHEMBL3699769,CHEMBL3699769,Cc1cc(C(N)=O)c2nc(-c3ccc(C4(N)CCC4)cc3)c(-c3ccccc3)n2c1,,6.05,2,6.05,6.05,IC50,B,single protein format,single_protein,8;9,D;H,2015,,396.494,4.413520000000003,86.41,2,3,4,5,4,0.2,0.5354990186281834
CHEMBL590109,CHEMBL590109,NCCn1cc(-c2cc(-c3cc4ccccc4s3)c3[nH]ncc3c2)c2nc(N)ncc21,,6.05,2,6.0,6.1,IC50;Ki,B;F,assay format;single protein format,mixed,8,H,2010,,425.52100000000013,4.397200000000002,111.42999999999999,3,6,4,6,6,0.08695652173913043,0.387622769913101
CHEMBL5800284,CHEMBL5800284,Nc1ncc(-c2cc(Cc3ccccc3)cc(N3CCOCC3)n2)cn1,,6.05,1,6.05,6.05,IC50,B,cell-based format,cell_based,8,H,2022,,347.42200000000014,2.5482000000000005,77.16,1,6,4,4,3,0.25,0.7814654187392519
CHEMBL1079626,CHEMBL1079626,Cn1ncc2ccc(-c3cnc(NC[C@@H](N)Cc4ccc(C(F)(F)F)cc4)s3)cc21,,6.05,1,6.05,6.05,IC50,B,single protein format,single_protein,8,H,2010,,431.487,4.697500000000003,68.76,2,5,6,4,4,0.23809523809523808,0.4644889173214384
CHEMBL1258329,CHEMBL1258329,N[C@H](Cc1ccccc1)C(=O)N1CCN(c2ncnc3ccccc23)CC1,,6.05,1,6.05,6.05,IC50,B,single protein format,single_protein,8,H,2010,,361.44900000000007,1.8483999999999996,75.35000000000001,1,5,4,4,3,0.2857142857142857,0.7675178143926408
CHEMBL1095285,CHEMBL1095285,COc1cc2ncc3c(N)nc(-c4cncc(OC[C@H](N)Cc5cccc(C(F)(F)F)c5)c4)cc3c2cc1OC,,6.05,1,6.05,6.05,IC50,B,single protein format,single_protein,8,H,2010,,549.5530000000001,5.4120000000000035,118.4,2,8,8,5,5,0.20689655172413793,0.24674765720754988
CHEMBL1800399,CHEMBL1800399,CCC[C@@H]1NC(=O)[C@H](CCCNC(=N)N)NC(=O)CN(C(=O)[C@@H](N)CCCNC(=N)N)CCNC(=O)NCCCN(CC(N)=O)C(=O)[C@H](CCC(C)C)NC(=O)[C@H](CN)NC(=O)[C@H](Cc2ccc(O)cc2)NC1=O,,6.04,1,6.04,6.04,IC50,B,single protein format,single_protein,8,H,2011,,1045.2619999999995,-4.7470600000000225,466.40999999999985,17,14,19,2,1,0.6304347826086957,0.03514882836647642
CHEMBL3684482,CHEMBL3684482,O=C(NCc1ccccc1Cl)NC1CCN(Cc2ccc(-c3nnc4n3-c3cccnc3Nc3ccccc3-4)cc2)CC1,,6.04,2,6.04,6.04,IC50,B,single protein format,single_protein,8;9,D;H,2013,,591.119,6.170500000000005,100.00000000000001,3,6,6,7,5,0.21212121212121213,0.21446976548728108
CHEMBL5399565,CHEMBL5399565,CC(=O)N1CC[C@@H](c2ccc(F)c(F)c2)[C@H](NC(=O)c2cc3c(s2)OCCn2ncc(Br)c2-3)C1,,6.04,1,6.04,6.04,IC50,B,single protein format,single_protein,9,D,2023,,551.4130000000001,4.179100000000004,76.46000000000001,1,5,3,5,3,0.34782608695652173,0.5303976071630945
CHEMBL3684498,CHEMBL3684498,c1ccc(OC2CCCN(Cc3ccc(-c4nnc5n4-c4cccnc4Nc4ccccc4-5)cc3)C2)cc1,,6.04,2,6.04,6.04,IC50,B,single protein format,single_protein,8;9,D;H,2013,,500.60600000000017,6.096700000000006,68.1,1,6,5,7,5,0.1935483870967742,0.30867589905941545
CHEMBL3805292,CHEMBL3805292,Cn1nccc1-c1csc(C(=O)NC2(c3ccc(F)cc3)CCNCC2)c1,,6.04,1,6.04,6.04,IC50,B,assay format,other,9,D,2016,,384.4800000000002,3.296400000000002,58.95,2,4,4,4,3,0.3,0.7256873473798524
CHEMBL2177376,CHEMBL2177376,C[C@@H]1C[C@@H](O)c2ncnc(N3CCN(C(=O)[C@H](CNCC(F)(F)F)c4ccc(Cl)cc4)CC3)c21,,6.04,1,6.04,6.04,IC50,B,assay format,other,9,D,2012,,497.9490000000001,3.254900000000002,81.59,2,6,6,4,2,0.5217391304347826,0.6374104285176222
CHEMBL1094321,CHEMBL1094321,COc1cc2ncc3c(N)nc(-c4cncc(OC[C@@H](N)CC(C)C)c4)cc3c2cc1OC,,6.04,1,6.04,6.04,IC50,B,single protein format,single_protein,8,H,2010,,447.5390000000002,4.196600000000003,118.4,2,8,8,4,4,0.32,0.3859325338978695
CHEMBL3806229,CHEMBL3806229,Cn1ncc(Cl)c1-c1coc(C(=O)NC2(c3ccc(F)cc3)CCNCC2)c1,,6.04,1,6.04,6.04,IC50,B,assay format,other,9,D,2016,,402.8570000000002,3.481300000000002,72.09,2,4,4,4,3,0.3,0.7004323530816523
CHEMBL1090000,CHEMBL1090000,CCC[C@H](NC(=O)[C@H](CCCNC(=N)N)NC(=O)[C@@H]1CCCN1C(=O)[C@H](CCCNC(=N)N)NC)C(=O)N[C@@H](Cc1ccc(O)cc1)C(=O)N[C@@H](CN)C(=O)N[C@@H](CCC(C)C)C(N)=O,,6.04,1,6.04,6.04,IC50,B,single protein format,single_protein,8,H,2010,,916.1429999999998,-2.8554600000000177,390.9799999999999,15,12,29,2,1,0.6428571428571429,0.021862218866587384
CHEMBL1089661,CHEMBL1089661,CCC[C@H](NC(=O)[C@H](CCCNC(=N)N)NC(=O)[C@@H]1CCCN1C(=O)[C@@H](N)CCCNC(=N)N)C(=O)N[C@@H](Cc1ccc(O)cc1)C(=O)N[C@@H](CN)C(=O)N[C@@H](CCC(C)C)C(N)=O,,6.03,1,6.03,6.03,IC50,B,single protein format,single_protein,8,H,2010,,902.1159999999999,-3.116160000000016,404.9699999999999,15,12,28,2,1,0.6341463414634146,0.022498491373631278
CHEMBL3904876,CHEMBL3904876,CCc1c(N)ncnc1N1CCC(c2nc(-c3ccnc(OC)c3)cn2CCN2CCC2)CC1,,6.03,2,6.03,6.03,IC50,B,single protein format,single_protein,8,H,2015,,462.6020000000004,2.9780000000000015,98.22000000000001,1,8,8,5,3,0.52,0.545596003273545
CHEMBL3699809,CHEMBL3699809,N#Cc1cccc(NC(=O)Cc2nc(N3CCOCC3)cc(=O)[nH]2)c1O,,6.03,2,6.03,6.03,IC50,B,assay format;cell-based format,cell_based,8;9,D;H,2015,,355.35400000000004,0.3649799999999997,131.33999999999997,3,7,4,3,2,0.29411764705882354,0.6749944524599054
CHEMBL2177847,CHEMBL2177847,NCc1ccc(-n2c(-c3cccnc3N)nc3cccnc32)cc1,,6.03,1,6.03,6.03,IC50,B,cell-based format,cell_based,8,H,2012,,316.36800000000005,2.5234000000000005,95.64,2,5,3,4,4,0.05555555555555555,0.6052771533813734
CHEMBL2035018,CHEMBL2035018,NC1(c2ccc(-c3nn4cccc4cc3-c3ccccc3)cc2)CCC1,,6.03,1,6.03,6.03,IC50,B,single protein format,single_protein,8,H,2012,,339.4420000000002,5.006200000000003,43.31999999999999,1,2,3,5,4,0.17391304347826086,0.5702328263213384
CHEMBL3684438,CHEMBL3684438,O=c1[nH]c2ccccc2n1C1CCN(Cc2ccc(-c3nnc4n3-c3ccccc3Nc3ccccc3-4)cc2)CC1,,6.03,2,6.03,6.03,IC50,B,single protein format,single_protein,8;9,D;H,2013,,539.643,6.138400000000005,83.77000000000001,2,5,4,8,6,0.18181818181818182,0.28083324953262884
CHEMBL3684489,CHEMBL3684489,O=C(NCCc1ccc(Cl)cc1)NC1CCN(Cc2ccc(-c3nnc4n3-c3cccnc3Nc3ccccc3-4)cc2)CC1,,6.03,2,6.03,6.03,IC50,B,single protein format,single_protein,8;9,D;H,2013,,605.1460000000001,6.213000000000005,100.00000000000001,3,6,7,7,5,0.23529411764705882,0.20024411980335374
CHEMBL3896167,CHEMBL3896167,CC(C(=O)N1CCc2c(F)cccc21)c1nc(N2CCOCC2)c(F)c(=O)n1C,,6.03,2,6.03,6.03,IC50,B,assay format;cell-based format,cell_based,8,H,2015,,404.41700000000026,1.5878999999999999,67.67,0,5,3,4,2,0.45,0.777364380886278
CHEMBL225788,CHEMBL225788,N[C@H](COc1cncc(-c2cc3cn[nH]c3cc2[N+](=O)[O-])c1)Cc1c[nH]c2ccccc12,,6.02,1,6.02,6.02,IC50,B,single protein format,single_protein,9,D,2007,,428.45200000000017,3.9632000000000023,135.75,3,6,7,5,5,0.13043478260869565,0.2651001076877061
CHEMBL608533,CHEMBL608533,CO[C@@H]1[C@H](N(C)C(=O)c2ccccc2)C[C@H]2O[C@]1(C)n1c3ccccc3c3c4c(c5c6ccccc6n2c5c31)C(=O)NC4,MIDOSTAURIN,6.02,1,6.02,6.02,Kd,B,single protein format,single_protein,9,D,2008,4,570.6490000000002,5.906800000000007,77.72999999999999,1,4,3,9,6,0.2571428571428571,0.28721839165619395
CHEMBL3684471,CHEMBL3684471,O=C1NCN(c2ccccc2)C12CCN(Cc1ccc(-c3nnc4n3-c3cccnc3Nc3ccccc3-4)cc1)CC2,,6.02,2,6.02,6.02,IC50,B,single protein format,single_protein,8;9,D;H,2013,,554.658,4.981800000000004,91.21000000000001,2,7,4,8,5,0.21212121212121213,0.31760321828025145
CHEMBL5181964,CHEMBL5181964,CC(C)NC[C@@H](C(=O)N1CC=C(c2ncnc3c2[C@H](C)CC(=O)N3)CC1)c1ccc(Cl)cc1,,6.02,1,6.02,6.02,IC50,B,cell-based format,cell_based,9,D,2022,,468.0010000000002,3.973200000000002,87.22,2,5,6,4,2,0.44,0.6707054039853628
CHEMBL5854473,CHEMBL5854473,C[C@@H]1C[C@H]2[C@@H]3CCC4=CC(=O)C=C[C@]4(C)[C@@]3(F)[C@@H](O)C[C@]2(C)[C@@]1(O)C(=O)COC(=O)CCC(=O)OCc1ccc([C@@H](CN)C(=O)Nc2ccc3cnccc3c2)cc1,,6.02,1,6.02,6.02,IC50,B,assay format,other,8,H,2021,,795.9050000000002,5.199400000000003,195.20999999999998,4,11,12,7,3,0.4666666666666667,0.17611929821189967
CHEMBL1800146,CHEMBL1800146,CCC[C@H](NC(=O)[C@H](CCCNC(=N)N)NC(=O)[C@H](CC1CCCCC1)NC(=O)[C@@H](N)CCCNC(=N)N)C(=O)N[C@@H](Cc1ccc(O)cc1)C(=O)N[C@@H](CN)C(=O)N[C@@H](CCC(C)C)C(N)=O,,6.02,1,6.02,6.02,IC50,B,single protein format,single_protein,8,H,2011,,958.2239999999998,-1.6519600000000167,413.7599999999999,16,12,31,2,1,0.6666666666666666,0.022537956839681277
CHEMBL3684525,CHEMBL3684525,Cc1ccc2c(c1)-c1nnc(-c3ccc(C4(N)CCC4)cc3)n1-c1cccnc1N2,,6.02,2,6.02,6.02,IC50,B,single protein format,single_protein,8;9,D;H,2013,,394.4820000000001,4.699620000000002,81.65,2,5,2,6,4,0.20833333333333334,0.45350700569673713
CHEMBL3684346,CHEMBL3684346,O=C(Cc1cccc2ccccc12)Nc1ccc(-c2nnc3n2-c2cccnc2Nc2ccccc2-3)cc1,,6.02,2,6.02,6.02,IC50,B,single protein format,single_protein,8;9,D;H,2013,,494.55800000000016,6.387700000000004,84.73,2,5,4,7,6,0.03225806451612903,0.2962786664944317
CHEMBL3414683,CHEMBL3414683,CC(C)CCCC1(C)CCc2ccc(O)c(O)c2O1,,6.01,1,6.01,6.01,Kd,B,single protein format,single_protein,9,D,2015,,264.365,4.007800000000005,49.69,2,3,4,2,1,0.625,0.8078277238191243
CHEMBL4161273,CHEMBL4161273,CCOC(=O)c1c(C)nc(NNC(=O)c2cccc3c(=O)c4ccccc4[nH]c23)nc1-c1ccc(C)cc1,,6.01,1,6.01,6.01,IC50,B,single protein format,single_protein,9,D,2017,,507.5500000000003,4.688740000000003,126.06999999999998,3,7,6,5,5,0.13793103448275862,0.17291954850271332
CHEMBL3699711,CHEMBL3699711,NC1(c2ccc(-c3nc4cc(-c5ccc(F)cc5)ccn4c3-c3ccccc3)cc2)CCC1,,6.0,2,6.0,6.0,IC50,B,single protein format,single_protein,8;9,D;H,2015,,433.5300000000002,6.812300000000005,43.31999999999999,1,2,4,6,5,0.13793103448275862,0.3381840341002992
CHEMBL3950042,CHEMBL3950042,CCc1c(N)ncnc1N1CCC(c2nc(-c3ccc(C(F)(F)F)c(F)c3)cn2CCN2CCCC(F)(F)C2)CC1,,6.0,2,6.0,6.0,IC50,B,single protein format,single_protein,8,H,2015,,581.6090000000002,5.757700000000005,76.10000000000001,1,6,7,5,3,0.5357142857142857,0.35803122994450254
CHEMBL3684334,CHEMBL3684334,OCc1ccc(-c2nnc3n2-c2cccnc2Nc2ccccc2-3)cc1,,6.0,2,6.0,6.0,IC50,B,single protein format,single_protein,8;9,D;H,2013,,341.3740000000001,3.545600000000001,75.86,2,5,2,5,4,0.05,0.5134885017013655
CHEMBL3912759,CHEMBL3912759,COc1cc(NS(=O)(=O)c2ccc(NS(=O)(=O)c3c(C)noc3C)cc2)nc(OC)n1,,6.0,1,6.0,6.0,IC50,B,cell-based format,cell_based,8,H,2016,,469.5010000000003,1.7002399999999998,162.61,2,10,8,3,3,0.23529411764705882,0.4961966096177699
CHEMBL3929830,CHEMBL3929830,Nc1ncnc(N2CCC(c3nc(-c4ccc(C(F)(F)F)c(F)c4)cn3CCN3CCCC3)CC2)c1Cl,,6.0,2,6.0,6.0,IC50,B,single protein format,single_protein,8,H,2015,,537.9930000000004,5.213400000000005,76.10000000000001,1,6,6,5,3,0.48,0.4348839836230012
CHEMBL3912088,CHEMBL3912088,COc1ccc(-c2cn(CCN3CCC3)c(C3CCN(c4ncnc(N)c4C(N)=O)CC3)n2)cc1Cl,,6.0,2,6.0,6.0,IC50,B,single protein format,single_protein,8,H,2015,,511.0300000000002,2.772900000000001,128.42000000000002,2,8,8,5,3,0.44,0.4730498356390079
CHEMBL4097778,CHEMBL4097778,CN1C(=O)[C@@H](N2CCc3cn(CC4CCS(=O)(=O)CC4)nc3C2=O)COc2ccccc21,TP-030n,6.0,1,6.0,6.0,IC50,B,single protein format,single_protein,9,D,2021,,458.5400000000003,1.1301999999999994,101.81000000000002,0,6,3,5,2,0.5,0.683445922436075
CHEMBL3699666,CHEMBL3699666,NC1(c2ccc(-c3nc4nc(C5CC5)ccn4c3-c3ccccc3)cc2)CCC1,,6.0,2,6.0,6.0,IC50,B,single protein format,single_protein,8;9,D;H,2015,,380.4950000000001,5.2786000000000035,56.209999999999994,1,3,4,6,4,0.28,0.5240302886484665
CHEMBL3684449,CHEMBL3684449,[C-]#[N+]c1ccc(C(=O)N2CCN(Cc3ccc(-c4nnc5n4-c4cccnc4Nc4ccccc4-5)cc3)CC2)cc1,,6.0,2,6.0,6.0,IC50,B,single protein format,single_protein,8;9,D;H,2013,,538.6150000000002,5.562090000000005,83.54,1,6,4,7,5,0.15625,0.29597527081251573
CHEMBL373598,CHEMBL373598,N#Cc1ncc2nc1OCCCCCOc1cc(OCCCO)c(Cl)cc1NC(=O)N2,,6.0,1,6.0,6.0,Ki,F,assay format,other,8,H,,,447.87900000000013,3.3483800000000006,138.62,3,8,4,3,2,0.4,0.6061623735512308
CHEMBL5933789,CHEMBL5933789,Nc1ncc(-c2cc(N3CCOCC3)cc(S(=O)(=O)C(F)(F)c3ccccc3)c2)cn1,,6.0,1,6.0,6.0,IC50,B,cell-based format,cell_based,8,H,2022,,446.47900000000004,3.085600000000002,98.40999999999998,1,7,5,4,3,0.23809523809523808,0.6430826179525392
CHEMBL3699791,CHEMBL3699791,O=C(Cc1nc(N2CCOCC2)cc(=O)[nH]1)N1Cc2ccccc2C1,,6.0,2,6.0,6.0,IC50,B,assay format;cell-based format,cell_based,8;9,D;H,2015,,340.3830000000001,0.6913999999999996,78.53,1,5,3,4,2,0.3888888888888889,0.8894526454023265
CHEMBL208961,CHEMBL208961,Cc1cc(-c2cncc(OC[C@@H](N)Cc3c[nH]c4ccccc34)c2)cc2ccncc12,,6.0,1,6.0,6.0,IC50,B,single protein format,single_protein,9,D,2006,,408.5050000000001,5.035320000000003,76.82,2,4,6,5,5,0.15384615384615385,0.4128381316510692
CHEMBL3890965,CHEMBL3890965,Nc1cc(N2CCC(c3nc(-c4ccc(C(F)(F)F)cc4)cn3CCN3CCCC3)CC2)ncn1,,6.0,2,6.0,6.0,IC50,B,single protein format,single_protein,8,H,2015,,485.5580000000004,4.420900000000004,76.1,1,6,6,5,3,0.48,0.5571611915486144
CHEMBL572629,CHEMBL572629,Cc1nc(-c2ccccc2)c(-c2ccc(CN3CCC(n4c(=O)[nH]c5ccccc54)CC3)cc2)[nH]c1=O,,6.0,1,6.0,6.0,IC50,B,single protein format,single_protein,9,D,2005,,491.59500000000014,4.892420000000003,86.78,2,4,5,6,5,0.23333333333333334,0.36644819165158876
CHEMBL2002346,CHEMBL2002346,c1ccc(CNc2cc(-c3c[nH]c4ncccc34)ncn2)cc1,,6.0,1,6.0,6.0,Ki,F,assay format,other,8,H,,,301.353,3.6320000000000006,66.49000000000001,2,4,4,4,4,0.05555555555555555,0.6038017772069565
CHEMBL1996831,CHEMBL1996831,O=C(O)c1c2c(nc3ccccc13)C(=C1CCCC1)CC2,,6.0,1,6.0,6.0,Ki,F,assay format,other,8,H,,,279.339,4.206800000000003,50.19,1,2,1,4,2,0.3333333333333333,0.850438629276275
CHEMBL1991846,CHEMBL1991846,NC(COc1cncc(C=Cc2ccncc2)c1)Cc1ccccc1,,6.0,1,6.0,6.0,Ki,F,assay format,other,8,H,,,331.41900000000004,3.5958000000000023,61.03,1,4,7,3,3,0.14285714285714285,0.7184756354622281
CHEMBL1971943,CHEMBL1971943,Cc1c[nH]c2nccc(Oc3c(F)cc(Nc4cc(Cl)nc(N)n4)cc3F)c12,BAY-549,6.0,1,6.0,6.0,IC50,B,single protein format,single_protein,9,D,2008,,402.7920000000001,4.711020000000001,101.74,3,6,4,4,4,0.05555555555555555,0.4271167608646694
CHEMBL1761077,CHEMBL1761077,CCOCCN(C[C@@H](O)CN1CCCC2(CC(=O)c3cc(O)ccc3O2)C1)S(=O)(=O)c1ccccc1Cl,,6.0,1,6.0,6.0,IC50,B,single protein format,single_protein,8,H,2011,,553.0770000000001,2.933700000000001,116.61000000000001,2,8,10,4,2,0.5,0.4321715510118396
CHEMBL1761071,CHEMBL1761071,CCOCCN(C[C@@H](O)CN1CCCC2(CC(=O)c3cc(O)ccc3O2)C1)S(=O)(=O)c1c(C)noc1C,,6.0,1,6.0,6.0,IC50,B,single protein format,single_protein,8,H,2011,,537.6350000000002,1.8851399999999996,142.64,2,10,10,4,2,0.6,0.43139051454968
CHEMBL2375960,CHEMBL2375960,Cc1nc(N)nc2c1cc(-c1cnn(C)c1)c(=O)n2[C@H]1CC[C@@H](OCC(N)=O)CC1,,6.0,1,6.0,6.0,IC50,B,cell-based format,cell_based,9,D,2013,,411.4660000000003,1.0682199999999997,143.94,2,7,5,4,3,0.45,0.6387038025252565
